# Blender v2.79 (sub 0) OBJ File: ''
# www.blender.org
mtllib MDL_twin00.mtl
o Head_Head.009
v 0.375000 30.437500 -0.374995
v 1.625000 30.500000 -0.187495
v 1.750000 30.187500 -0.562495
v 2.500000 28.937500 -0.624995
v 2.812500 28.250000 0.562505
v 2.062500 28.500000 2.312505
v 1.250000 30.375000 2.375005
v -1.250000 30.812500 2.062505
v -1.687500 29.000000 2.562505
v -2.062500 28.500000 2.312505
v -2.812500 28.250000 0.625005
v -2.125000 29.187500 -0.937495
v -1.750000 30.187500 -0.562495
v -0.875000 30.500000 -0.062495
v -0.375000 30.437500 -0.374995
v 13.375000 29.812500 0.500005
v 13.562500 30.437500 1.437505
v 13.375000 30.000000 0.250005
v 13.437500 30.437500 0.312505
v 13.500000 30.687500 1.125005
v 13.500000 30.750000 0.812505
v 0.312500 33.312500 -1.562495
v 0.250000 33.250000 -1.812495
v 0.187500 33.312500 -1.937495
v 0.125000 33.312500 -1.999995
v 0.000000 33.437500 -2.124995
v 0.000000 33.312500 -2.124995
v -0.187500 33.312500 -1.874995
v -0.250000 33.375000 -1.624995
v -0.312500 33.312500 -1.562495
v -0.500000 33.250000 -1.562495
v -0.500000 32.687500 -1.437495
v -0.562500 32.500000 -1.312495
v -0.250000 32.437500 -1.562495
v 0.000000 32.437500 -1.624995
v 0.125000 32.187500 -1.687495
v 0.312500 32.250000 -1.499995
v 0.562500 32.500000 -1.312495
v 0.437500 32.562500 -1.437495
v 0.625000 32.625000 -1.374995
v 0.562500 32.812500 -1.437495
v -1.187500 33.750000 -0.749995
v -1.125000 34.437500 -1.124994
v -0.937500 34.937500 -1.187494
v -0.750000 35.000000 -1.437494
v -0.437500 34.562500 -1.749994
v -0.500000 35.062500 -1.562494
v -0.250000 35.062500 -1.624994
v 0.000000 34.500000 -1.812494
v 0.000000 35.000000 -1.687494
v 0.187500 34.500000 -1.812494
v 0.687500 34.562500 -1.562494
v 0.937500 34.937500 -1.249994
v 1.187500 34.000000 -0.874994
v 1.250000 34.187500 -0.499994
v 1.187500 33.750000 -0.749995
v 1.187500 33.625000 -0.312495
v 1.187500 33.375000 -0.562495
v 1.000000 33.062500 -0.937495
v 1.437500 31.000000 1.125005
v 3.125000 31.062500 1.187505
v 4.937500 30.562500 0.625005
v 4.937500 30.562500 1.125005
v 5.437500 30.500000 1.250005
v 6.000000 30.437500 1.375005
v 7.000000 30.250000 1.437505
v 7.500000 30.375000 1.437505
v 8.000000 30.750000 1.125005
v 8.500000 30.750000 1.125005
v 13.062500 30.750000 0.812505
v 0.375000 35.437500 -1.437494
v -0.125000 35.687500 -1.687494
v 0.687500 32.875000 -1.374995
v 0.625000 33.125000 -1.437495
v 0.750000 33.437500 -1.499995
v 0.500000 33.250000 -1.562495
v 0.312500 33.437500 -1.624995
v 0.250000 33.375000 -1.624995
v 0.250000 33.312500 -1.749995
v 0.125000 33.437500 -1.874995
v 0.187500 33.375000 -1.874995
v 0.062500 33.500000 -1.937495
v 0.125000 33.375000 -1.999995
v 0.062500 33.500000 -1.999995
v 0.062500 33.375000 -2.062495
v 0.000000 33.500000 -1.999995
v -0.062500 33.500000 -1.999995
v -0.062500 33.375000 -2.062495
v -0.125000 33.375000 -1.999995
v -0.187500 33.375000 -1.874995
v -0.250000 33.312500 -1.749995
v -0.250000 33.625000 -1.624995
v -0.375000 33.437500 -1.624995
v -0.625000 33.125000 -1.437495
v -0.750000 33.375000 -1.437495
v -0.687500 32.875000 -1.374995
v -0.750000 34.000000 -1.374995
v -0.437500 33.875000 -1.062495
v -0.375000 34.062500 -1.062494
v -0.812500 34.000000 -1.312495
v -0.750000 34.062500 -1.374994
v -0.687500 34.062500 -1.124994
v -0.750000 34.062500 -1.499994
v -0.375000 34.000000 -1.499995
v 0.375000 35.875000 -1.812494
v 0.125000 35.875000 -1.812494
v 0.312500 36.062500 -1.499994
v 0.562500 35.562500 -1.937494
v 0.625000 35.250000 -1.999994
v 0.750000 34.750000 -1.937494
v 0.750000 34.250000 -1.874994
v 0.875000 34.437500 -1.749994
v 1.062500 34.125000 -1.374994
v 1.000000 34.000000 -1.499995
v 0.875000 33.937500 -1.499995
v 0.625000 34.250000 -1.874994
v 0.562500 34.687500 -2.062494
v 0.375000 34.625000 -2.062494
v 0.375000 35.187500 -2.124994
v 0.187500 35.125000 -2.062494
v 0.250000 35.562500 -2.062494
v 0.000000 35.500000 -1.937494
v 1.562500 33.625000 0.937505
v 1.250000 33.875000 1.312505
v 1.687500 33.562500 0.562505
v 1.875000 33.000000 0.562505
v 1.750000 33.125000 0.937505
v 2.062500 32.437500 0.625005
v 1.937500 32.562500 1.062505
v 2.062500 31.750000 1.125005
v 2.000000 31.687500 0.625005
v 1.625000 31.562500 0.187505
v 1.812500 32.312500 0.187505
v 1.625000 32.937500 0.125005
v 1.500000 33.437500 0.312505
v 1.000000 31.250000 0.687505
v 1.250000 30.562500 0.187505
v 0.875000 30.500000 -0.062495
v 0.562500 31.062500 -0.187495
v 0.250000 30.937500 -0.374995
v 0.000000 30.312500 -0.437495
v 0.000000 30.875000 -0.499995
v -0.250000 30.937500 -0.374995
v -0.562500 31.062500 -0.187495
v -0.875000 31.125000 0.187505
v -1.250000 30.562500 0.187505
v -1.250000 31.000000 1.875005
v -0.500000 30.875000 2.125005
v -0.062500 32.062500 2.375005
v -0.500000 33.062500 1.937505
v -0.500000 33.875000 1.812505
v -1.187500 33.062500 1.687505
v -0.500000 32.250000 2.250005
v -1.250000 32.375000 1.937505
v -1.000000 32.937500 0.000005
v -1.062500 32.937500 -0.374995
v -1.187500 33.375000 -0.562495
v -1.000000 33.062500 -0.937495
v -0.750000 32.750000 -1.249995
v -0.687500 32.500000 -1.187495
v -0.625000 32.625000 -1.374995
v -0.500000 32.250000 -1.187495
v -0.437500 32.312500 -1.374995
v -0.375000 32.125000 -1.312495
v -0.312500 32.250000 -1.499995
v -0.125000 32.187500 -1.687495
v 0.000000 32.187500 -1.687495
v 0.375000 32.125000 -1.312495
v 0.500000 32.250000 -1.187495
v 0.437500 32.312500 -1.437495
v 0.687500 32.500000 -1.187495
v 0.750000 32.750000 -1.249995
v 0.937500 32.687500 -0.812495
v 1.062500 32.937500 -0.437495
v 1.437500 34.125000 0.062506
v 1.312500 33.687500 0.187505
v 1.062500 33.000000 0.000005
v 1.562500 33.750000 0.687505
v 1.562500 33.125000 0.562505
v 0.500000 33.875000 1.812505
v 0.312500 33.125000 2.062505
v -0.062500 33.875000 1.875005
v -0.062500 33.125000 2.062505
v 0.500000 32.000000 2.250005
v 0.000000 30.937500 2.187505
v 0.500000 30.875000 2.125005
v 1.250000 30.812500 2.062505
v 0.812500 33.125000 1.937505
v 1.062500 31.625000 0.812505
v 0.875000 31.125000 0.187505
v 0.312500 31.375000 -0.562495
v 0.000000 31.312500 -0.624995
v -0.875000 31.750000 0.250005
v -1.000000 31.250000 0.687505
v -1.000000 31.812500 0.750005
v -1.625000 32.375000 1.562505
v -0.875000 32.562500 0.250005
v -0.812500 32.500000 -0.749995
v -0.937500 32.687500 -0.812495
v -0.687500 32.375000 -0.999995
v -0.437500 32.125000 -1.124995
v -0.187500 32.000000 -1.437495
v 0.000000 31.937500 -1.499995
v 0.000000 31.937500 -1.062495
v 0.125000 32.000000 -1.437495
v 0.437500 32.125000 -1.124995
v 0.687500 32.312500 -0.999995
v 0.812500 32.500000 -0.749995
v 1.375000 33.125000 1.437505
v 0.937500 31.750000 0.250005
v 1.125000 32.312500 0.812505
v 1.000000 32.687500 0.312505
v 0.750000 32.375000 -0.124995
v 1.062500 32.687500 -0.249995
v 0.750000 32.375000 -0.749995
v 0.687500 31.562500 -0.187495
v 0.375000 32.000000 -0.624995
v 0.562500 32.250000 -0.687495
v 0.250000 32.000000 -1.062495
v 0.000000 31.875000 -0.687495
v -0.375000 32.000000 -0.624995
v -0.312500 31.375000 -0.562495
v -0.812500 32.437500 -0.124995
v -0.687500 31.562500 -0.187495
v -1.062500 32.375000 0.937505
v -1.000000 32.687500 -0.249995
v -0.750000 32.375000 -0.687495
v -0.562500 32.250000 -0.624995
v -0.250000 32.000000 -1.062495
v 1.687500 34.437500 -0.249994
v 1.125000 34.687500 -0.874994
v 1.562500 34.250000 -0.874994
v 1.437500 34.812500 -1.124994
v 1.500000 34.687500 0.500006
v 1.625000 34.937500 -0.249994
v 1.375000 35.437500 -0.437494
v 0.687500 35.187500 -1.374994
v 0.687500 35.000000 -1.437494
v 0.625000 35.687500 -1.812494
v 0.437500 35.062500 -1.562494
v 0.187500 35.062500 -1.624994
v 0.000000 35.437500 -1.562494
v -0.375000 35.437500 -1.437494
v -1.187500 35.062500 -0.812494
v -0.937500 35.187500 -1.062494
v -0.750000 35.500000 -1.124994
v -0.375000 35.562500 -1.437494
v -0.687500 35.312500 -1.249994
v -1.375000 34.687500 -0.749994
v -1.375000 35.437500 0.000006
v -1.312500 35.500000 0.437506
v -0.750000 34.937500 1.500006
v -1.062500 33.812500 1.625005
v -1.375000 34.812500 1.062506
v -1.500000 34.750000 0.687506
v -1.500000 33.812500 0.687505
v -1.562500 33.125000 1.312505
v -1.250000 33.750000 0.250006
v -1.500000 33.062500 0.562505
v -1.562500 34.312500 -0.124994
v -1.500000 34.812500 -0.312494
v -1.437500 34.250000 -0.687494
v -1.062500 34.687500 -0.874994
v -1.187500 34.187500 -0.499994
v -1.437500 34.187500 0.062506
v -1.250000 33.625000 -0.312495
v -1.562500 34.437500 0.312506
v 13.250000 30.562500 1.437505
v 13.062500 30.625000 1.250005
v 13.500000 30.125000 1.437505
v 11.875000 30.500000 1.250005
v 10.437500 30.437500 1.437505
v 10.437500 29.812500 1.562505
v 9.187500 30.375000 1.562505
v 9.062500 29.625000 1.625005
v 8.375000 29.375000 1.625005
v 8.125000 29.812500 1.687505
v 8.437500 29.812500 1.687505
v 8.500000 30.437500 1.625005
v 8.000000 30.000000 1.687505
v 8.062500 30.437500 1.562505
v 7.687500 30.000000 1.562505
v 7.250000 29.937500 1.562505
v 8.250000 28.875000 1.000005
v 7.875000 28.937500 1.125005
v 7.750000 29.125000 0.375005
v 7.312500 29.125000 1.250005
v 2.937500 28.812500 0.687505
v 2.812500 28.750000 1.312505
v 2.625000 28.250000 1.375005
v 2.500000 28.937500 2.125005
v 2.375000 29.125000 2.312505
v 1.687500 29.000000 2.562505
v 1.437500 29.562500 2.625005
v 1.937500 30.312500 2.312505
v 1.937500 30.750000 2.000005
v 2.062500 31.000000 1.187505
v 2.875000 30.750000 1.937505
v 3.937500 30.500000 1.750005
v 4.187500 30.875000 1.187505
v 4.687500 30.187500 1.562505
v 7.187500 29.562500 1.625005
v 7.812500 29.187500 1.437505
v 7.750000 29.812500 1.750005
v 7.812500 29.375000 1.687505
v 8.125000 29.375000 1.625005
v 5.937500 29.562500 1.687505
v 6.000000 30.187500 1.562505
v 5.250000 30.187500 1.625005
v 4.312500 29.750000 1.687505
v 2.687500 30.250000 2.250005
v 2.187500 29.625000 2.375005
v 2.875000 29.187500 2.062505
v 3.187500 29.062500 1.312505
v 3.875000 29.312500 1.562505
v 2.750000 29.625000 2.187505
v 3.500000 29.687500 1.937505
v 3.687500 30.062500 2.000005
v 3.312500 29.375000 1.812505
v 5.125000 29.625000 1.750005
v 5.000000 29.187500 1.437505
v 5.875000 29.125000 1.437505
v 0.375000 32.500000 -1.499995
v 0.250000 32.437500 -1.562495
v 0.062500 32.562500 -1.687495
v 0.125000 32.437500 -1.624995
v 0.000000 32.500000 -1.687495
v -0.125000 32.562500 -1.687495
v -0.125000 32.437500 -1.624995
v -0.250000 32.562500 -1.624995
v -0.375000 32.500000 -1.499995
v -0.375000 32.625000 -1.499995
v -0.437500 32.562500 -1.437495
v -0.437500 32.687500 -1.437495
v -0.562500 32.812500 -1.437495
v -0.500000 32.937500 -1.499995
v -0.375000 32.812500 -1.624995
v -0.437500 33.000000 -1.562495
v -0.250000 32.875000 -1.812495
v -0.250000 33.062500 -1.687495
v -0.062500 33.125000 -1.812495
v -0.250000 33.187500 -1.624995
v -0.125000 33.187500 -1.812495
v -0.250000 33.250000 -1.812495
v -0.125000 33.250000 -1.874995
v -0.125000 33.312500 -1.999995
v -0.062500 33.250000 -1.999995
v -0.062500 33.312500 -2.062495
v 0.000000 33.187500 -2.062495
v 0.062500 33.312500 -2.062495
v 0.125000 33.187500 -1.812495
v 0.187500 33.187500 -1.624995
v 0.062500 33.000000 -1.812495
v 0.250000 33.062500 -1.687495
v 0.375000 33.000000 -1.562495
v 0.375000 32.812500 -1.624995
v 0.500000 32.937500 -1.499995
v 0.437500 32.750000 -1.499995
v 0.500000 32.687500 -1.437495
v 0.375000 32.625000 -1.499995
v 0.375000 32.750000 -1.499995
v 0.312500 32.687500 -1.499995
v 0.250000 32.562500 -1.624995
v 0.062500 32.625000 -1.687495
v 0.000000 32.562500 -1.687495
v -0.125000 32.625000 -1.687495
v -0.250000 32.687500 -1.624995
v -0.375000 32.687500 -1.499995
v -0.187500 32.750000 -1.624995
v 0.062500 32.750000 -1.687495
v 0.250000 32.687500 -1.624995
v -0.500000 32.812500 -1.437495
v -0.437500 32.812500 -1.499995
v -0.250000 32.812500 -1.812495
v 0.000000 32.687500 -1.874995
v 0.062500 32.750000 -1.812495
v 0.437500 32.687500 -1.437495
v 0.500000 32.750000 -1.437495
v 0.375000 32.750000 -1.437495
v 0.250000 32.875000 -1.812495
v 0.062500 32.875000 -1.874995
v 0.000000 33.000000 -1.874995
v -0.062500 33.000000 -1.812495
v 0.000000 33.125000 -1.874995
v -0.062500 33.312500 -1.937495
v -0.062500 33.187500 -1.937495
v 0.062500 33.187500 -1.937495
v 0.062500 33.125000 -1.812495
v 0.125000 33.250000 -1.874995
v 0.062500 33.312500 -1.937495
v 0.062500 33.250000 -1.999995
v 0.000000 33.187500 -1.999995
v 0.062500 32.812500 -1.874995
v 0.187500 32.750000 -1.812495
v 0.000000 32.875000 -1.937495
v -0.125000 32.937500 -1.874995
v -0.125000 32.812500 -1.874995
v 0.000000 32.750000 -1.937495
v 0.187500 34.125000 -1.624994
v 0.062500 34.000000 -1.749995
v 0.125000 34.000000 -1.624995
v 0.125000 33.750000 -1.749995
v 0.187500 33.437500 -1.687495
v 0.125000 33.687500 -1.687495
v 0.187500 33.875000 -1.624995
v 0.187500 33.937500 -1.499995
v 0.187500 34.062500 -1.499994
v 0.250000 34.062500 -1.499994
v 0.250000 34.062500 -1.562494
v 0.437500 34.250000 -1.687494
v 0.437500 34.500000 -1.749994
v 0.687500 34.312500 -1.624994
v 0.937500 34.500000 -1.437494
v 1.000000 34.250000 -1.374994
v 1.062500 34.375000 -1.124994
v 1.062500 33.937500 -1.124995
v 1.187500 33.562500 -0.687495
v 1.062500 33.625000 -1.124995
v 1.062500 33.437500 -1.062495
v 0.875000 33.187500 -1.312495
v 0.750000 33.625000 -1.499995
v 0.562500 33.437500 -1.562495
v 0.250000 33.562500 -1.624995
v 0.312500 33.812500 -1.499995
v 0.500000 34.125000 -1.499994
v 0.687500 34.125000 -1.499994
v 0.812500 34.062500 -1.374994
v 0.750000 34.062500 -1.374994
v 0.812500 34.062500 -1.312494
v 0.750000 34.000000 -1.312495
v 0.937500 34.000000 -1.187495
v 0.750000 34.000000 -1.374995
v 0.812500 33.812500 -1.374995
v 0.562500 33.750000 -1.499995
v 0.687500 33.812500 -1.437495
v 0.875000 33.687500 -1.374995
v 0.937500 33.500000 -1.374995
v 1.000000 33.750000 -1.187495
v 0.875000 33.937500 -1.312495
v 1.062500 34.062500 -1.124994
v 1.000000 34.125000 -1.249994
v 0.875000 34.062500 -1.249994
v 0.812500 34.125000 -1.374994
v 0.750000 34.062500 -1.499994
v 0.625000 34.125000 -1.562494
v 0.500000 34.125000 -1.562494
v 0.437500 34.250000 -1.749994
v 0.625000 34.250000 -1.624994
v 0.812500 34.250000 -1.499994
v 0.875000 34.312500 -1.499994
v 0.937500 34.187500 -1.374994
v 0.750000 34.125000 -1.499994
v 0.562500 34.187500 -1.562494
v 0.437500 34.187500 -1.562494
v 0.312500 34.000000 -1.499995
v 0.562500 33.937500 -1.499995
v 0.437500 33.812500 -1.499995
v 0.562500 33.625000 -1.562495
v 0.375000 33.562500 -1.562495
v 0.375000 33.687500 -1.562495
v 0.250000 33.750000 -1.562495
v 1.812500 30.375000 -0.312495
v 2.437500 30.875000 0.250005
v 1.937500 31.375000 0.187505
v 1.437500 30.812500 -0.312495
v 1.687500 31.937500 0.000005
v 1.187500 31.437500 -0.374995
v 1.500000 32.562500 -0.062495
v 1.062500 32.312500 -0.437495
v 1.312500 33.500000 -0.249995
v 1.125000 33.375000 -0.562495
v 0.000000 34.125000 -1.812494
v -0.187500 34.500000 -1.812494
v -0.687500 34.437500 -1.687494
v -0.750000 34.562500 -1.624994
v -0.875000 34.375000 -1.499994
v -0.937500 34.500000 -1.437494
v -1.187500 34.000000 -0.874994
v -1.062500 33.625000 -1.187495
v -1.187500 33.562500 -0.687495
v -1.062500 33.437500 -1.062495
v -0.875000 33.187500 -1.312495
v -0.750000 33.625000 -1.499995
v -0.562500 33.750000 -1.437495
v -0.687500 34.000000 -1.437495
v -0.625000 34.000000 -1.499995
v -0.500000 34.000000 -1.499995
v -0.312500 33.812500 -1.499995
v -0.250000 33.937500 -1.499995
v -0.312500 34.000000 -1.499995
v -0.750000 34.062500 -1.437494
v -0.812500 34.062500 -1.374994
v -0.875000 34.062500 -1.312494
v -0.937500 33.937500 -1.312495
v -0.812500 33.812500 -1.374995
v -0.687500 33.812500 -1.437495
v -0.937500 33.500000 -1.374995
v -1.000000 33.750000 -1.249995
v -1.062500 33.937500 -1.124995
v -0.875000 33.687500 -1.374995
v -0.937500 34.000000 -1.187495
v -1.125000 34.062500 -1.124994
v -1.000000 34.312500 -1.374994
v -0.437500 34.312500 -1.749994
v -0.187500 34.125000 -1.812494
v 0.187500 34.125000 -1.749994
v 0.062500 33.812500 -1.812495
v 0.000000 33.812500 -1.874995
v -0.062500 33.812500 -1.812495
v 0.000000 34.000000 -1.812495
v -0.062500 34.000000 -1.749995
v -0.187500 34.125000 -1.687494
v -0.187500 34.062500 -1.499994
v -0.125000 34.000000 -1.624995
v -0.187500 33.875000 -1.562495
v -0.062500 33.500000 -1.937495
v -0.187500 33.437500 -1.812495
v -0.250000 33.437500 -1.687495
v -0.187500 33.687500 -1.687495
v -0.125000 33.750000 -1.749995
v -0.312500 33.750000 -1.499995
v -0.437500 33.812500 -1.437495
v -0.437500 33.687500 -1.499995
v -0.562500 33.625000 -1.499995
v -0.437500 33.562500 -1.499995
v -0.562500 33.437500 -1.499995
v -0.312500 34.062500 -1.499994
v -0.250000 34.062500 -1.562494
v -0.437500 34.187500 -1.562494
v -0.500000 34.125000 -1.562494
v -0.687500 34.125000 -1.562494
v -0.750000 34.125000 -1.499994
v -0.812500 34.125000 -1.374994
v -0.875000 34.062500 -1.249994
v -1.000000 34.125000 -1.249994
v -0.937500 34.187500 -1.374994
v -0.812500 34.250000 -1.499994
v -0.625000 34.187500 -1.562494
v -0.625000 34.250000 -1.624994
v -0.437500 34.250000 -1.687494
v 8.750000 29.125000 0.187505
v 8.750000 28.937500 0.937505
v 10.312500 29.500000 0.375005
v 11.812500 29.687500 1.125005
v 13.000000 29.875000 1.125005
v 13.000000 29.875000 0.562505
v 13.500000 29.875000 1.125005
v 13.000000 30.187500 1.375005
v 11.875000 30.062500 1.437505
v 10.375000 29.250000 1.062505
v -1.375000 35.312500 -0.499994
v -1.187500 35.437500 0.875006
v -1.125000 35.750000 0.750006
v -0.687500 35.625000 1.187506
v -0.625000 36.062500 0.812506
v -0.062500 36.187500 0.812506
v -0.625000 36.250000 0.187506
v -1.125000 36.000000 0.312506
v -1.125000 35.937500 -0.374994
v -0.375000 35.750000 -1.499994
v -0.375000 36.062500 -0.999994
v -0.125000 36.000000 -1.374994
v -0.687500 36.125000 -0.687494
v 0.375000 36.125000 0.812506
v 0.375000 35.687500 1.312506
v 1.000000 35.875000 0.812506
v 1.062500 35.500000 1.000006
v 1.062500 36.062500 0.250006
v -0.062500 36.375000 0.187506
v 0.312500 36.312500 -0.562494
v -0.125000 36.312500 -0.562494
v 0.312500 36.125000 -1.124994
v -0.125000 36.062500 -1.187494
v 1.062500 35.625000 -1.624994
v 1.312500 35.250000 -1.312494
v 1.125000 35.687500 -1.124994
v 0.812500 35.875000 -1.562494
v 0.875000 35.937500 -1.124994
v 1.000000 36.000000 -0.312494
v 0.375000 36.375000 0.187506
v 1.312500 35.500000 0.375006
v 0.437500 34.937500 1.625006
v -0.062500 35.000000 1.687506
v 1.187500 34.875000 1.187506
v 0.000000 35.687500 1.375006
v 8.187500 29.125000 0.250005
v 7.687500 29.625000 0.000005
v 7.250000 29.125000 0.437505
v 7.250000 29.500000 0.000005
v 5.875000 29.125000 0.625005
v 4.937500 29.125000 0.687505
v 5.062500 29.437500 0.062505
v 3.750000 29.125000 0.812505
v 3.250000 29.000000 0.750005
v 3.312500 29.312500 0.125005
v 3.000000 29.125000 0.062505
v 2.625000 28.625000 -0.062495
v 3.000000 29.437500 -0.312495
v 2.125000 29.187500 -0.937495
v 1.937500 29.687500 -0.687495
v 2.125000 29.937500 -0.687495
v 2.562500 29.875000 -0.624995
v 2.437500 29.562500 -0.624995
v 3.187500 29.812500 -0.374995
v 3.375000 29.562500 -0.249995
v 3.312500 30.312500 -0.249995
v 4.250000 30.750000 0.437505
v 3.312500 30.687500 -0.062495
v 3.250000 31.000000 0.312505
v 2.437500 30.937500 0.250005
v 2.500000 30.687500 -0.062495
v 2.562500 30.312500 -0.499995
v 4.062500 30.375000 0.000005
v 5.437500 30.500000 0.687505
v 5.312500 30.312500 0.187505
v 6.000000 30.500000 0.750005
v 6.000000 30.312500 0.187505
v 7.000000 30.500000 0.937505
v 7.375000 30.687500 1.000005
v 7.500000 30.562500 0.375005
v 7.937500 30.750000 0.562505
v 9.250000 30.750000 1.125005
v 10.437500 30.687500 1.000005
v 11.875000 30.687500 0.875005
v 13.062500 30.625000 0.500005
v 13.500000 30.625000 0.500005
v 11.812500 30.187500 0.187505
v 11.812500 29.750000 0.562505
v 10.312500 30.062500 0.000005
v 7.625000 30.125000 0.000005
v 5.875000 29.437500 0.000005
v 4.000000 29.437500 0.125005
v 4.312500 29.875000 0.000005
v 3.687500 29.812500 -0.187495
v 4.625000 30.312500 0.125005
v 5.187500 29.937500 0.000005
v 5.937500 30.000000 -0.062495
v 7.062500 30.000000 -0.062495
v 7.000000 30.312500 0.187505
v 7.312500 30.437500 0.312505
v 7.875000 30.500000 0.125005
v 8.375000 30.562500 0.125005
v 8.250000 30.000000 -0.124995
v 9.000000 30.562500 0.187505
v 8.812500 30.062500 -0.124995
v 13.000000 30.187500 0.250005
v 13.062500 30.437500 0.312505
v 11.875000 30.437500 0.375005
v 11.875000 30.625000 0.562505
v 10.375000 30.500000 0.250005
v 10.375000 30.687500 0.625005
v 9.125000 30.812500 0.625005
v 8.437500 30.812500 0.562505
v 0.687500 34.062500 -1.124994
v 0.750000 34.062500 -1.437494
v 0.687500 34.000000 -1.437495
v 0.500000 33.937500 -1.499995
v 0.375000 34.000000 -1.499995
v 0.312500 34.062500 -1.062494
v 0.437500 33.875000 -1.062495
v 1.187500 33.562500 -0.812495
v 1.687500 33.875000 -0.249994
v 1.687500 34.125000 0.312506
v 1.562500 33.687500 0.312505
v 1.562500 33.312500 0.437505
v 1.750000 32.937500 0.750005
v 1.687500 32.937500 0.000005
v 1.875000 32.625000 0.250005
v 1.750000 32.500000 -0.062495
v 1.437500 32.437500 -0.187495
v 1.187500 32.750000 -0.374995
v 1.187500 33.062500 -0.562495
v 1.437500 33.187500 -0.499995
v 1.437500 33.687500 -0.687495
v 1.625000 33.312500 -0.124995
v 1.500000 32.812500 -0.312495
v 0.187500 32.750000 -1.624995
v 0.312500 32.750000 -1.499995
v 0.000000 32.687500 -1.687495
v -0.125000 32.750000 -1.687495
v -0.312500 32.500000 -1.062495
v -0.312500 32.750000 -1.499995
v -0.375000 32.750000 -1.437495
v -0.312500 32.750000 -1.624995
v -0.187500 32.750000 -1.749995
v -0.062500 32.750000 -1.812495
v 0.187500 32.750000 -1.749995
v 0.437500 32.937500 -1.062495
v 0.312500 32.750000 -1.624995
v 0.250000 32.562500 -1.062495
v 0.000000 33.000000 -1.124995
v -0.437500 32.937500 -1.062495
v 1.125000 35.250000 -1.874994
v 0.625000 35.187500 -2.062494
v 1.250000 34.625000 -1.812494
v 1.437500 34.625000 -1.312494
v 1.437500 34.125000 -1.187494
v 1.500000 33.687500 -0.749995
v 1.437500 33.562500 -1.062495
v 1.312500 34.062500 -1.562494
v 1.062500 33.375000 -1.437495
v 0.875000 34.000000 -1.749995
v 0.750000 34.500000 -1.999994
v -1.437500 34.750000 0.750006
v -1.562500 33.937500 0.750006
v -0.750000 34.875000 0.500006
v -1.062500 33.625000 0.562505
v -1.250000 32.375000 0.750005
v -1.750000 32.500000 1.000005
v -1.875000 30.625000 1.187505
v -2.125000 32.625000 1.187505
v -1.875000 34.062500 0.937506
v -2.687500 31.625000 1.562505
v -2.312500 31.312500 1.375005
v 0.812500 34.312500 0.812506
v 1.437500 34.000000 1.000005
v 0.125000 34.250000 0.562506
v 1.125000 33.750000 0.875005
v 0.687500 33.375000 0.687505
v 1.875000 32.375000 1.125005
v 1.437500 32.000000 0.937505
v 2.062500 30.875000 1.312505
v 2.437500 31.437500 1.500005
v 2.625000 31.937500 1.625005
v 2.125000 32.625000 1.312505
v -0.875000 36.250000 -0.187494
v -1.437500 35.875000 0.125006
v -1.250000 35.687500 -0.124994
v -0.312500 36.187500 -0.624994
v -1.125000 35.437500 -0.562494
v -1.625000 34.562500 0.187506
v -1.500000 34.250000 -0.124994
v -1.750000 33.250000 0.125005
v -1.875000 33.687500 0.562505
v -2.125000 34.062500 0.750006
v -1.812500 34.812500 0.500006
v -1.500000 30.937500 1.000005
v -2.437500 30.937500 0.250005
v -1.625000 30.500000 -0.187495
v -1.937500 29.687500 -0.687495
v -2.500000 29.562500 -0.624995
v -2.500000 28.937500 -0.624995
v -2.625000 28.625000 -0.062495
v -3.000000 28.812500 0.687505
v -3.250000 29.000000 0.750005
v -4.937500 29.125000 0.750005
v -5.062500 29.437500 0.062505
v -5.937500 29.437500 0.062505
v -5.187500 29.937500 0.000005
v -5.312500 30.312500 0.250005
v -6.000000 30.312500 0.250005
v -6.062500 30.500000 0.812505
v -5.375000 30.500000 1.250005
v -6.062500 30.437500 1.375005
v -5.250000 30.187500 1.625005
v -5.000000 29.187500 1.500005
v -3.937500 29.312500 1.562505
v -3.812500 29.125000 0.812505
v -2.875000 28.750000 1.312505
v -2.625000 28.250000 1.375005
v -2.437500 29.125000 2.312505
v -2.187500 29.625000 2.437505
v -1.437500 29.562500 2.625005
v -1.250000 30.375000 2.375005
v -2.062500 31.000000 1.187505
v -2.562500 30.687500 -0.062495
v -2.625000 30.312500 -0.499995
v -3.312500 30.687500 -0.062495
v -3.312500 30.312500 -0.249995
v -3.312500 31.000000 0.375005
v -5.062500 30.562500 0.625005
v -5.000000 30.562500 1.187505
v -4.687500 30.187500 1.625005
v -5.125000 29.625000 1.750005
v -4.312500 29.750000 1.750005
v -3.187500 29.062500 1.375005
v -2.875000 29.187500 2.062505
v -2.500000 28.937500 2.125005
v -2.812500 29.625000 2.250005
v -1.937500 30.312500 2.312505
v -1.937500 30.750000 2.000005
v -2.875000 30.750000 1.937505
v -3.125000 31.062500 1.187505
v -4.187500 30.875000 1.187505
v -3.937500 30.500000 1.750005
v -3.750000 30.062500 2.000005
v -2.750000 30.250000 2.312505
v -3.500000 29.687500 2.000005
v -3.312500 29.375000 1.812505
v -5.375000 30.500000 0.687505
v -4.312500 30.750000 0.437505
v -4.687500 30.312500 0.125005
v -4.375000 29.875000 0.000005
v -4.062500 29.437500 0.125005
v -4.125000 30.375000 0.000005
v -2.187500 29.937500 -0.687495
v -2.625000 29.875000 -0.624995
v -3.187500 29.812500 -0.374995
v -3.000000 29.437500 -0.312495
v -3.000000 29.125000 0.062505
v -3.375000 29.312500 0.125005
v -3.750000 29.812500 -0.187495
v -3.375000 29.562500 -0.187495
v -2.000000 31.000000 1.000005
v -2.062500 31.625000 0.625005
v -1.437500 32.437500 0.437505
v -2.125000 31.437500 1.875005
v -1.750000 31.250000 2.437505
v -0.875000 31.125000 2.937505
v -1.937500 30.125000 2.625005
v -2.187500 30.687500 2.125005
v -1.000000 30.062500 3.125005
v 2.250000 31.187500 1.625005
v 2.125000 31.125000 0.750005
v 1.937500 32.187500 0.750005
v 1.812500 32.500000 0.625005
v 0.375000 32.562500 2.375005
v 1.250000 31.312500 2.562505
v 0.562500 31.250000 2.687505
v 0.562500 30.312500 2.687505
v 1.375000 30.375000 2.562505
v 2.000000 30.687500 2.312505
v 1.875000 31.375000 2.250005
v 2.062500 31.687500 1.562505
v 1.500000 32.500000 1.562505
v 0.937500 32.500000 2.187505
v -1.812500 32.312500 1.750005
v -1.375000 32.125000 2.187505
v -1.687500 32.812500 1.437505
v -1.500000 33.812500 1.250005
v -0.562500 32.812500 2.375005
v -0.125000 32.750000 2.312505
v -0.625000 32.125000 2.375005
v -1.250000 32.812500 2.187505
v -0.125000 32.187500 2.375005
v -1.562500 34.125000 -0.562494
v -1.625000 33.750000 -0.437494
v -1.812500 33.437500 -0.062495
v -1.812500 33.250000 0.437505
v -1.750000 34.062500 0.312506
v -1.562500 33.312500 1.000005
v -1.562500 34.125000 0.812506
v -1.500000 34.875000 0.187506
v -1.687500 34.000000 -0.124994
v -1.500000 35.125000 -0.499994
v -1.187500 35.625000 -0.937494
v -0.875000 35.750000 -1.312494
v -0.750000 35.500000 -1.562494
v -1.250000 35.000000 -1.499994
v -1.000000 35.062500 -1.687494
v -1.062500 34.375000 -1.749994
v -1.000000 33.875000 -1.624995
v -1.250000 33.562500 -1.437495
v -1.062500 33.312500 -1.437495
v -1.250000 32.937500 -1.187495
v -1.625000 32.750000 -0.624995
v -1.750000 32.750000 -0.124995
v -1.562500 33.437500 -0.999995
v -1.625000 34.312500 -1.187494
v -1.312500 34.312500 -1.624994
v -1.000000 35.437500 -1.437494
v -1.562500 34.937500 -1.124994
v -1.312500 35.312500 -0.999994
v -1.625000 34.812500 -0.562494
v -1.750000 34.250000 -0.687494
v -1.687500 33.437500 -0.437495
v -1.312500 33.562500 -0.187495
v -1.500000 33.250000 -0.249995
v -0.937500 33.437500 -0.187495
v -1.625000 32.750000 -0.187495
v -1.750000 33.250000 0.000005
v -1.750000 32.875000 0.000005
v -1.750000 32.187500 -0.124995
v -1.875000 32.312500 0.062505
v -2.312500 31.687500 0.312505
v -2.250000 31.500000 0.125005
v -2.437500 31.375000 0.812505
v -2.437500 31.187500 0.687505
v -2.250000 31.125000 0.625005
v -2.125000 31.437500 0.000005
v -1.562500 32.187500 -0.124995
v -1.375000 32.750000 -0.249995
v -1.125000 33.250000 -0.312495
v -1.500000 34.250000 -0.687494
v -1.250000 33.250000 -0.687495
v -1.562500 33.250000 -0.187495
v -1.062500 32.312500 -0.812495
v -1.250000 31.437500 -0.874995
v -1.687500 31.562500 -0.312495
v -1.500000 30.875000 -0.749995
v -1.875000 31.062500 -0.249995
v -1.875000 30.625000 -0.562495
v -2.375000 30.750000 -0.187495
v -2.250000 31.250000 0.312505
v -2.500000 31.062500 0.375005
v -2.125000 31.062500 0.750005
v -2.000000 31.625000 0.125005
v -1.750000 32.250000 0.187505
v -1.562500 32.250000 -0.249995
v -1.625000 34.312500 -0.124994
v -1.625000 34.437500 0.312506
v -1.500000 34.500000 0.687506
v -1.687500 33.312500 0.187505
v -1.625000 33.375000 0.625005
v -1.625000 32.312500 0.625005
v -2.000000 31.625000 0.687505
v -1.812500 31.125000 0.750005
v 0.375000 36.250000 -0.749994
v 0.812500 36.187500 -0.187494
v 1.250000 35.562500 -0.187494
v 1.250000 36.062500 0.062506
v 1.562500 35.625000 0.312506
v 1.875000 34.625000 0.750006
v 1.625000 34.312500 0.187506
v 2.000000 33.812500 0.875005
v 1.875000 33.437500 0.562505
v 1.062500 35.312500 -0.624994
v 1.750000 32.875000 0.125005
v 1.375000 34.000000 -0.187494
v 0.937500 35.187500 0.937506
v 0.562500 36.187500 0.187506
v 0.250000 36.125000 0.812506
v 0.062500 35.937500 1.375006
v 0.562500 35.437500 1.312506
v 0.125000 35.437500 1.750006
v 0.250000 34.000000 2.250005
v 0.187500 32.937500 2.750005
v 0.625000 33.812500 1.875005
v 1.062500 31.937500 2.125005
v 0.625000 32.500000 2.437505
v 1.000000 33.500000 1.500005
v -0.625000 36.187500 0.187506
v -0.312500 36.125000 0.812506
v -0.625000 35.437500 1.312506
v -0.125000 35.937500 1.375006
v -0.250000 35.437500 1.750006
v -0.312500 34.000000 2.312505
v -0.250000 32.937500 2.750005
v -0.687500 33.812500 1.875005
v -0.687500 32.500000 2.437505
v -1.062500 33.500000 1.500005
v -1.000000 35.187500 0.937506
v -1.125000 31.937500 2.125005
v -0.875000 33.250000 1.625005
v -0.562500 34.250000 0.875006
v -0.125000 34.187500 1.375006
v -0.375000 33.500000 1.937505
v 0.125000 33.937500 1.875005
v 0.062500 33.437500 2.312505
v 0.125000 32.000000 2.812505
v 0.125000 30.875000 3.125005
v -0.375000 31.875000 2.562505
v -0.375000 30.500000 3.000005
v -1.062500 30.062500 2.812505
v -0.937500 31.687500 2.312505
v -0.312500 34.250000 -1.374994
v -0.250000 34.062500 -1.312494
v -0.312500 33.875000 -1.312495
v -0.500000 33.812500 -1.312495
v -0.687500 33.875000 -1.249995
v -0.687500 33.875000 -1.374995
v -0.750000 34.250000 -1.312494
v -0.500000 34.312500 -1.374994
v -0.562500 34.250000 -1.437494
v -0.375000 34.187500 -1.437494
v -0.312500 34.062500 -1.437494
v -0.375000 33.875000 -1.437495
v -0.500000 33.812500 -1.374995
v -0.687500 34.187500 -1.437494
v -0.562500 34.125000 -1.499994
v -0.625000 34.125000 -1.499994
v -0.625000 34.000000 -1.437495
v -0.562500 34.062500 -1.499994
v -0.625000 33.937500 -1.437495
v -0.437500 33.937500 -1.475756
v -0.437500 34.125000 -1.499994
v -0.437500 34.062500 -1.499994
v -0.500000 33.937500 -1.475756
v 0.312500 34.250000 -1.374994
v 0.375000 34.187500 -1.499994
v 0.500000 34.312500 -1.374994
v 0.562500 34.250000 -1.437494
v 0.687500 34.250000 -1.312494
v 0.687500 34.187500 -1.437494
v 0.812500 34.062500 -1.249994
v 0.687500 33.875000 -1.249995
v 0.437500 33.812500 -1.249995
v 0.312500 33.875000 -1.312495
v 0.187500 34.062500 -1.374994
v 0.312500 33.875000 -1.437495
v 0.312500 34.062500 -1.437494
v 0.437500 34.062500 -1.499994
v 0.437500 34.125000 -1.499994
v 0.687500 33.875000 -1.374995
v 0.500000 33.812500 -1.374995
v 0.500000 33.937500 -1.437495
v 0.437500 33.937500 -1.499995
v 0.562500 34.125000 -1.499994
v 0.625000 34.125000 -1.499994
v 0.562500 34.000000 -1.499995
v 0.625000 33.937500 -1.437495
v 0.625000 34.000000 -1.437495
v -2.187500 2.437500 1.562500
v -1.000000 2.625000 1.312500
v -2.062500 2.437500 0.937500
v -1.687500 2.500000 0.562500
v 2.187500 2.437500 1.562500
v 2.312500 2.500000 1.375000
v 2.062500 2.437500 0.937500
v 1.625000 2.500000 0.562500
v 1.000000 2.625000 1.312500
v 1.500000 2.500000 2.000000
v -13.562500 30.125000 1.437505
v -13.500000 30.437500 0.375005
v -13.500000 30.625000 0.500005
v -13.562500 30.687500 1.187505
v -1.937500 0.250000 -2.125000
v -1.750000 0.250000 -1.625000
v -2.562500 0.250000 -1.625000
v -1.687500 0.187500 0.125000
v -1.500000 0.187500 2.187500
v -1.625000 0.062500 1.437500
v -2.312500 0.250000 1.375000
v -2.312500 0.375000 0.125000
v -1.750000 0.062500 -1.000000
v -2.500000 0.187500 -0.750000
v -2.625000 0.250000 -1.312500
v 0.875000 0.187500 -1.625000
v 1.750000 0.250000 -1.625000
v 2.500000 0.250000 -1.625000
v 0.875000 0.062500 -1.062500
v 1.687500 0.187500 0.125000
v 1.625000 0.062500 1.437500
v 0.937500 0.187500 1.500000
v 1.437500 0.187500 2.187500
v 2.312500 0.250000 1.375000
v 1.687500 0.062500 -1.000000
v -2.562500 0.500000 -1.625000
v -2.625000 0.500000 -1.187500
v -2.750000 0.625000 -0.812500
v -2.500000 0.812500 0.000000
v -2.187500 0.250000 2.062500
v -1.000000 0.187500 1.500000
v -1.500000 1.625000 2.187500
v -1.437500 0.812500 2.250000
v -2.125000 1.625000 2.062500
v -2.250000 0.812500 2.125000
v -2.250000 1.625000 1.687500
v -2.375000 0.875000 1.437500
v -2.062500 2.500000 1.875000
v -1.562500 2.500000 2.000000
v -2.375000 2.500000 1.375000
v -1.937500 2.500000 0.625000
v -1.312500 2.062500 0.312500
v -1.312500 2.562500 0.687500
v -0.875000 2.000000 1.375000
v -1.187500 2.562500 1.687500
v -1.125000 1.937500 1.812500
v -1.062500 1.562500 1.500000
v -0.937500 0.812500 1.562500
v -0.875000 0.937500 0.750000
v -1.125000 0.250000 0.500000
v -1.000000 0.250000 -0.312500
v -0.750000 0.875000 -0.312500
v -0.875000 0.062500 -1.062500
v -0.625000 0.687500 -1.062500
v -0.937500 0.187500 -1.625000
v -0.750000 0.562500 -1.625000
v -0.875000 0.812500 -1.625000
v -0.875000 0.625000 -2.250000
v -0.812500 0.375000 -2.125000
v -1.187500 0.625000 -2.437500
v -1.187500 0.250000 -2.437500
v -1.875000 0.625000 -2.125000
v -1.937500 0.875000 -1.250000
v -2.250000 1.250000 -0.187500
v -2.312500 1.312500 0.687500
v -2.437500 1.750000 1.375000
v -2.125000 1.812500 0.750000
v -2.062500 2.000000 0.375000
v -1.875000 1.375000 -0.312500
v -1.312500 0.937500 -1.375000
v -0.812500 1.062500 -1.187500
v -0.937500 1.250000 -0.312500
v -0.875000 1.125000 0.312500
v -1.000000 1.812500 0.812500
v -1.062500 1.500000 0.375000
v -1.312500 1.500000 -0.312500
v -1.750000 2.062500 0.250000
v 2.562500 0.500000 -1.687500
v 2.625000 0.500000 -1.187500
v 2.562500 0.250000 -1.312500
v 2.687500 0.625000 -0.812500
v 2.500000 0.187500 -0.750000
v 2.500000 0.812500 0.000000
v 2.250000 0.375000 0.125000
v 2.375000 0.875000 1.437500
v 2.187500 0.250000 2.062500
v 1.437500 0.812500 2.250000
v 1.187500 2.562500 1.687500
v 1.500000 1.625000 2.125000
v 2.125000 1.625000 2.062500
v 2.187500 0.812500 2.125000
v 2.250000 1.625000 1.687500
v 2.000000 2.500000 1.875000
v 1.937500 2.500000 0.625000
v 1.250000 2.562500 0.687500
v 0.937500 1.812500 0.812500
v 0.875000 2.000000 1.375000
v 1.125000 1.937500 1.812500
v 1.000000 1.562500 1.500000
v 0.875000 0.937500 0.750000
v 0.937500 0.812500 1.562500
v 1.062500 0.250000 0.500000
v 0.875000 1.125000 0.312500
v 0.937500 0.250000 -0.312500
v 0.750000 0.875000 -0.312500
v 0.687500 0.562500 -1.625000
v 0.750000 0.375000 -2.125000
v 0.875000 0.625000 -2.250000
v 0.562500 0.687500 -1.062500
v 0.812500 1.062500 -1.187500
v 1.000000 1.500000 0.312500
v 1.250000 2.062500 0.250000
v 0.937500 1.250000 -0.312500
v 1.687500 2.062500 0.250000
v 1.812500 1.375000 -0.312500
v 2.000000 2.000000 0.375000
v 2.125000 1.812500 0.750000
v 2.437500 1.750000 1.312500
v 2.312500 1.312500 0.687500
v 1.875000 0.625000 -2.125000
v 1.937500 0.250000 -2.125000
v 1.187500 0.250000 -2.500000
v 0.875000 0.812500 -1.625000
v 1.250000 0.937500 -1.375000
v 1.250000 1.500000 -0.375000
v 2.187500 1.250000 -0.187500
v 1.875000 0.875000 -1.250000
v 1.187500 0.625000 -2.437500
v -7.062500 30.312500 0.250005
v -5.937500 30.000000 0.000005
v -7.312500 29.125000 0.500005
v -7.687500 29.625000 0.000005
v -7.687500 30.125000 0.000005
v -7.250000 29.500000 0.000005
v -7.125000 30.000000 0.000005
v -7.312500 30.437500 0.312505
v -7.000000 30.500000 0.937505
v -7.000000 30.250000 1.500005
v -7.437500 30.687500 1.062505
v -8.062500 30.437500 1.562505
v -8.562500 30.750000 1.125005
v -9.250000 30.750000 1.187505
v -10.437500 30.437500 1.500005
v -11.937500 30.500000 1.312505
v -13.062500 30.625000 1.250005
v -13.625000 30.437500 1.500005
v -13.312500 30.562500 1.500005
v -13.062500 30.187500 1.437505
v -13.062500 29.875000 1.125005
v -13.500000 29.875000 1.187505
v -13.375000 29.812500 0.562505
v -11.875000 29.687500 1.125005
v -10.375000 29.250000 1.125005
v -8.750000 29.125000 0.250005
v -8.187500 29.125000 0.312505
v -7.812500 29.125000 0.437505
v -7.312500 29.125000 1.312505
v -5.875000 29.125000 0.687505
v -5.937500 29.125000 1.437505
v -6.000000 29.562500 1.750005
v -6.000000 30.187500 1.562505
v -7.250000 29.562500 1.625005
v -7.312500 29.937500 1.625005
v -7.500000 30.375000 1.500005
v -8.562500 30.437500 1.625005
v -8.062500 30.000000 1.687505
v -8.500000 29.812500 1.750005
v -7.687500 30.000000 1.562505
v -7.750000 29.812500 1.750005
v -7.875000 29.187500 1.437505
v -7.875000 28.937500 1.125005
v -8.250000 28.875000 1.000005
v -8.437500 29.375000 1.687505
v -9.062500 29.625000 1.687505
v -9.250000 30.375000 1.625005
v -11.875000 30.062500 1.437505
v -10.437500 29.812500 1.562505
v -8.812500 28.937500 1.000005
v -13.125000 30.750000 0.812505
v -13.500000 30.750000 0.812505
v -13.125000 30.625000 0.500005
v -13.437500 30.000000 0.250005
v -13.062500 29.875000 0.562505
v -11.875000 30.187500 0.250005
v -11.812500 29.750000 0.562505
v -10.375000 30.062500 0.062505
v -10.375000 29.500000 0.437505
v -7.875000 30.500000 0.187505
v -7.562500 30.562500 0.375005
v -8.000000 30.750000 0.562505
v -8.312500 30.000000 -0.124995
v -9.062500 30.562500 0.187505
v -8.875000 30.062500 -0.062495
v -10.375000 30.500000 0.312505
v -13.062500 30.187500 0.250005
v -13.062500 30.437500 0.375005
v -11.875000 30.625000 0.625005
v -11.875000 30.437500 0.437505
v -10.437500 30.687500 0.625005
v -8.375000 30.562500 0.187505
v -8.500000 30.812500 0.625005
v -8.000000 30.750000 1.125005
v -9.125000 30.812500 0.687505
v -10.500000 30.687500 1.000005
v -11.937500 30.687500 0.937505
v -8.125000 29.812500 1.687505
v -8.125000 29.375000 1.625005
v -7.812500 29.375000 1.750005
v -1.562500 33.500000 -0.062495
vt 3.447998 3.530518
vt 3.458252 3.569336
vt 3.434326 3.547119
vt 3.465576 3.542969
vt 3.476807 3.584717
vt 3.484863 3.558838
vt 3.481689 3.589600
vt 3.486816 3.577148
vt 3.494629 3.593994
vt 3.494385 3.583008
vt 3.507568 3.597168
vt 3.506836 3.587402
vt 3.514160 3.597900
vt 3.514404 3.587646
vt 3.522949 3.600586
vt 3.525391 3.586914
vt 3.532959 3.602295
vt 3.534912 3.586914
vt 3.522949 3.600586
vt 3.525391 3.586914
vt 3.514160 3.597900
vt 3.514404 3.587646
vt 3.507568 3.597168
vt 3.506836 3.587402
vt 3.494629 3.593994
vt 3.494385 3.583008
vt 3.481689 3.589600
vt 3.486816 3.577148
vt 3.476807 3.584717
vt 3.484863 3.558838
vt 3.458252 3.569336
vt 3.465576 3.542969
vt 3.434326 3.547119
vt 3.447998 3.530518
vt 3.428955 3.524170
vt 3.441162 3.517578
vt 3.430176 3.505371
vt 3.446777 3.503418
vt 3.437744 3.484131
vt 3.455811 3.490234
vt 3.458252 3.467773
vt 3.469971 3.483398
vt 3.478760 3.451660
vt 3.484131 3.476562
vt 3.503174 3.449707
vt 3.505127 3.476562
vt 3.517578 3.448975
vt 3.517822 3.475586
vt 3.503174 3.449707
vt 3.505127 3.476562
vt 3.478760 3.451660
vt 3.484131 3.476562
vt 3.458252 3.467773
vt 3.469971 3.483398
vt 3.437744 3.484131
vt 3.455811 3.490234
vt 3.430176 3.505371
vt 3.446777 3.503418
vt 3.428955 3.524170
vt 3.441162 3.517578
vt 3.404541 3.553711
vt 3.416260 3.512451
vt 3.369141 3.594482
vt 3.379395 3.550049
vt 3.346924 3.611572
vt 3.340088 3.584717
vt 3.353516 3.638428
vt 3.311035 3.604736
vt 3.355713 3.662354
vt 3.321777 3.670166
vt 3.371338 3.707275
vt 3.355713 3.731689
vt 3.405518 3.719971
vt 3.373291 3.807373
vt 3.434082 3.724121
vt 3.424316 3.791260
vt 3.464600 3.725098
vt 3.458252 3.774170
vt 3.489258 3.721436
vt 3.486816 3.776611
vt 3.517090 3.713867
vt 3.513184 3.784668
vt 3.489258 3.721436
vt 3.486816 3.776611
vt 3.464600 3.725098
vt 3.458252 3.774170
vt 3.434082 3.724121
vt 3.423584 3.791260
vt 3.405518 3.719971
vt 3.373291 3.807373
vt 3.371338 3.707275
vt 3.355713 3.731689
vt 3.355957 3.663330
vt 3.323975 3.667725
vt 3.353516 3.638428
vt 3.311279 3.602539
vt 3.346924 3.611572
vt 3.340088 3.584717
vt 3.369141 3.594482
vt 3.379395 3.550049
vt 3.404541 3.553711
vt 3.416260 3.512451
vt 3.781494 3.296143
vt 3.761719 3.349609
vt 3.739746 3.304932
vt 3.784424 3.322510
vt 3.755859 3.382812
vt 3.785400 3.362549
vt 3.753662 3.444824
vt 3.789551 3.435059
vt 3.756348 3.498291
vt 3.791992 3.488281
vt 3.758789 3.521484
vt 3.798828 3.512207
vt 3.759033 3.549072
vt 3.811768 3.542236
vt 3.767334 3.602539
vt 3.823486 3.594971
vt 3.779297 3.629395
vt 3.820801 3.625000
vt 3.783203 3.663086
vt 3.817871 3.657227
vt 3.784180 3.693848
vt 3.818359 3.685059
vt 3.784668 3.735596
vt 3.818848 3.725830
vt 3.783447 3.807373
vt 3.820557 3.797119
vt 3.784912 3.889160
vt 3.809570 3.877686
vt 3.787598 3.956787
vt 3.801514 3.942871
vt 3.792969 3.976562
vt 3.797119 3.968018
vt 3.387695 3.920654
vt 3.392334 3.871826
vt 3.435547 3.921387
vt 3.427979 3.995117
vt 3.465332 3.987061
vt 3.426270 3.582031
vt 3.451416 3.592041
vt 3.472412 3.605469
vt 3.488770 3.618408
vt 3.493408 3.603516
vt 3.506348 3.609131
vt 3.512207 3.609375
vt 3.520752 3.611572
vt 3.531006 3.613037
vt 3.520752 3.611572
vt 3.512207 3.609375
vt 3.506348 3.609131
vt 3.493408 3.603516
vt 3.488770 3.618408
vt 3.472412 3.605469
vt 3.451416 3.592041
vt 3.426270 3.582031
vt 3.128662 3.217529
vt 3.160889 3.224854
vt 3.165039 3.219727
vt 3.136963 3.198486
vt 3.167480 3.212646
vt 3.170166 3.198975
vt 3.170898 3.183350
vt 3.170410 3.173828
vt 3.156982 3.181641
vt 3.165527 3.161621
vt 3.170898 3.172607
vt 3.175781 3.183350
vt 3.174805 3.198730
vt 3.124756 3.194580
vt 3.172852 3.214355
vt 3.162598 3.222656
vt 3.540039 3.807861
vt 3.557373 3.830078
vt 3.544189 3.821533
vt 3.588379 3.836182
vt 3.582031 3.860107
vt 3.620605 3.856445
vt 3.644775 3.836426
vt 3.629150 3.828125
vt 3.579346 3.805176
vt 3.581543 3.769775
vt 3.539795 3.770752
vt 3.580322 3.734619
vt 3.539795 3.733154
vt 3.578857 3.700684
vt 3.539795 3.702881
vt 3.539795 3.619385
vt 3.579834 3.619385
vt 3.633545 3.619385
vt 3.633545 3.698486
vt 3.633545 3.728760
vt 3.629150 3.768799
vt 3.627441 3.804688
vt 3.924561 3.889648
vt 3.997070 3.975342
vt 3.924072 3.971680
vt 3.963867 3.892578
vt 3.997070 3.892334
vt 3.963623 3.794189
vt 3.924316 3.789551
vt 3.963623 3.744629
vt 3.924316 3.740479
vt 3.926270 3.603760
vt 3.971436 3.607910
vt 3.997070 3.609131
vt 3.997070 3.745850
vt 3.997070 3.793701
vt 3.238281 3.343018
vt 3.241699 3.293945
vt 3.288574 3.266602
vt 3.307617 3.341553
vt 3.335938 3.285645
vt 3.356689 3.335938
vt 3.377197 3.284424
vt 3.405518 3.329346
vt 3.431396 3.281006
vt 3.455566 3.321045
vt 3.405518 3.329346
vt 3.388428 3.273926
vt 3.356689 3.335938
vt 3.341797 3.271973
vt 3.307617 3.341553
vt 3.288574 3.266602
vt 3.238281 3.343018
vt 3.214600 3.297852
vt 3.193359 3.394531
vt 3.153320 3.291504
vt 3.097412 3.416748
vt 3.091309 3.256348
vt 3.123047 3.245361
vt 3.022949 3.258301
vt 3.023438 3.439697
vt 3.077393 3.543213
vt 3.021484 3.542969
vt 3.020752 3.614990
vt 3.066650 3.615479
vt 3.117432 3.544189
vt 3.140381 3.492432
vt 3.163574 3.544434
vt 3.187988 3.494141
vt 3.214355 3.534912
vt 3.246094 3.487549
vt 3.244141 3.600098
vt 3.295166 3.500488
vt 3.340088 3.527100
vt 3.379395 3.513916
vt 3.417969 3.491455
vt 3.447021 3.453857
vt 3.448242 3.447266
vt 3.487305 3.430420
vt 3.515625 3.426025
vt 3.487305 3.430420
vt 3.448242 3.447266
vt 3.447021 3.453613
vt 3.417969 3.491455
vt 3.379395 3.513916
vt 3.340088 3.527100
vt 3.295410 3.500732
vt 3.240234 3.593994
vt 3.248779 3.648193
vt 3.250244 3.685059
vt 3.187988 3.709717
vt 3.195557 3.602783
vt 3.214355 3.534912
vt 3.130615 3.615234
vt 3.140625 3.544189
vt 3.051270 3.615234
vt 3.077393 3.543213
vt 3.037354 3.542969
vt 3.005615 3.614990
vt 3.005615 3.542725
vt 3.069580 3.408203
vt 3.005615 3.410400
vt 3.005615 3.259766
vt 3.065674 3.256592
vt 3.197266 3.391113
vt 3.123047 3.245361
vt 3.207031 3.302734
vt 3.173584 3.472412
vt 3.278564 3.396240
vt 3.360840 3.387451
vt 3.431641 3.374268
vt 3.462891 3.366943
vt 3.431641 3.374268
vt 3.360840 3.387451
vt 3.278564 3.396240
vt 3.183105 3.451660
vt 3.267334 3.455078
vt 3.332764 3.471680
vt 3.381592 3.462402
vt 3.414307 3.458252
vt 3.450195 3.435547
vt 3.468994 3.421875
vt 3.497559 3.413086
vt 3.468994 3.421875
vt 3.455078 3.432129
vt 3.414307 3.458008
vt 3.381592 3.462402
vt 3.332764 3.471680
vt 3.259521 3.467285
vt 3.335938 3.444336
vt 3.414551 3.441406
vt 3.422607 3.431885
vt 3.430664 3.422607
vt 3.475586 3.402832
vt 3.430664 3.422607
vt 3.335938 3.444336
vt 3.411865 3.444580
vt 3.421387 3.433594
vt 3.301514 3.685059
vt 3.314453 3.722900
vt 3.255371 3.727783
vt 3.270508 3.790771
vt 3.342041 3.781738
vt 3.366455 3.836426
vt 3.412598 3.835449
vt 3.462646 3.838379
vt 3.506348 3.846191
vt 3.462646 3.838379
vt 3.408691 3.832520
vt 3.366211 3.827881
vt 3.342041 3.781738
vt 3.314453 3.722900
vt 3.289795 3.790771
vt 3.311035 3.837646
vt 3.378174 3.862305
vt 3.342529 3.872803
vt 3.399902 3.926514
vt 3.367920 3.928467
vt 3.424072 3.995117
vt 3.435547 3.921387
vt 3.272461 3.726562
vt 3.234619 3.729004
vt 3.256836 3.790527
vt 3.187988 3.709717
vt 3.191406 3.791260
vt 3.143311 3.718262
vt 3.144775 3.792236
vt 3.086182 3.735596
vt 3.087646 3.847168
vt 3.023682 3.836426
vt 3.021729 3.745117
vt 3.110352 3.615967
vt 3.151123 3.614258
vt 3.195557 3.602783
vt 3.231934 3.685547
vt 3.268555 3.684570
vt 3.301514 3.685059
vt 3.257080 3.659668
vt 3.810059 3.954590
vt 3.802490 3.966797
vt 3.832275 3.965576
vt 3.828613 3.942383
vt 3.833740 3.875977
vt 3.853760 3.796143
vt 3.864502 3.715332
vt 3.848389 3.682129
vt 3.878174 3.677002
vt 3.851318 3.660645
vt 3.839600 3.658936
vt 3.840576 3.635010
vt 3.845215 3.606445
vt 3.867188 3.607666
vt 3.854004 3.639404
vt 3.874756 3.663818
vt 3.887451 3.644775
vt 3.906250 3.668457
vt 3.899414 3.647217
vt 3.915039 3.667480
vt 3.913818 3.644775
vt 3.893066 3.608643
vt 3.912842 3.610107
vt 3.891602 3.535156
vt 3.911621 3.534180
vt 3.882080 3.486084
vt 3.908447 3.482666
vt 3.885254 3.424561
vt 3.910889 3.419434
vt 3.916748 3.381836
vt 3.930908 3.396729
vt 3.936523 3.358643
vt 3.948975 3.380371
vt 3.969971 3.359619
vt 3.956299 3.332520
vt 3.918701 3.341309
vt 3.936523 3.308350
vt 3.903564 3.332275
vt 3.916748 3.297119
vt 3.879395 3.326660
vt 3.884277 3.294922
vt 3.838135 3.318359
vt 3.835205 3.292969
vt 3.810303 3.317627
vt 3.808350 3.292969
vt 3.811279 3.356201
vt 3.821533 3.419434
vt 3.828857 3.468018
vt 3.827637 3.500488
vt 3.833252 3.540283
vt 3.866455 3.538330
vt 3.877930 3.643311
vt 3.857666 3.492920
vt 3.855469 3.447754
vt 3.840332 3.410889
vt 3.840088 3.349121
vt 3.872070 3.362061
vt 3.900879 3.358154
vt 3.891113 3.385254
vt 3.864990 3.396729
vt 3.483398 3.498047
vt 3.467529 3.506348
vt 3.507568 3.490967
vt 3.518555 3.490234
vt 3.507568 3.490967
vt 3.483398 3.498047
vt 3.467529 3.506348
vt 3.458008 3.509521
vt 3.446777 3.516846
vt 3.454834 3.519531
vt 3.466553 3.527344
vt 3.489746 3.538818
vt 3.507568 3.552979
vt 3.508789 3.567627
vt 3.504883 3.573730
vt 3.508301 3.582520
vt 3.519775 3.580566
vt 3.535156 3.578613
vt 3.519775 3.580566
vt 3.508301 3.582520
vt 3.504883 3.573730
vt 3.508789 3.567627
vt 3.507568 3.552979
vt 3.489746 3.538818
vt 3.466553 3.527344
vt 3.454834 3.519531
vt 3.446777 3.516846
vt 3.458008 3.509521
vt 3.466309 3.516602
vt 3.469727 3.512939
vt 3.471924 3.517090
vt 3.488281 3.508057
vt 3.508789 3.504395
vt 3.520508 3.503906
vt 3.508789 3.504395
vt 3.488281 3.508057
vt 3.469727 3.512939
vt 3.466309 3.516602
vt 3.471924 3.517090
vt 3.487061 3.516602
vt 3.507812 3.516846
vt 3.520020 3.514404
vt 3.507812 3.516846
vt 3.487061 3.516602
vt 3.461670 3.514404
vt 3.474854 3.521973
vt 3.475098 3.516602
vt 3.491455 3.523926
vt 3.491943 3.518066
vt 3.507080 3.525879
vt 3.505615 3.518555
vt 3.522461 3.527100
vt 3.520020 3.516357
vt 3.507080 3.525879
vt 3.505615 3.518555
vt 3.491455 3.523926
vt 3.491943 3.518066
vt 3.474854 3.521973
vt 3.461670 3.514404
vt 3.475098 3.516602
vt 3.507324 3.538818
vt 3.520996 3.551758
vt 3.524902 3.565430
vt 3.516113 3.573975
vt 3.510742 3.577637
vt 3.530762 3.570557
vt 3.516113 3.573975
vt 3.510742 3.577637
vt 3.522949 3.537354
vt 3.507324 3.538818
vt 3.486816 3.676025
vt 3.506836 3.669922
vt 3.488770 3.685059
vt 3.498047 3.660156
vt 3.512939 3.643799
vt 3.504395 3.640137
vt 3.495605 3.630371
vt 3.489746 3.642334
vt 3.481201 3.646729
vt 3.479980 3.662354
vt 3.474365 3.662354
vt 3.476807 3.667725
vt 3.458496 3.688232
vt 3.459961 3.697266
vt 3.429688 3.703857
vt 3.402100 3.700439
vt 3.378906 3.690918
vt 3.365723 3.665039
vt 3.362305 3.649658
vt 3.372559 3.615723
vt 3.395996 3.597168
vt 3.416992 3.618652
vt 3.440918 3.617920
vt 3.467773 3.613281
vt 3.479736 3.630371
vt 3.471924 3.637695
vt 3.472900 3.656494
vt 3.468994 3.660889
vt 3.455566 3.671387
vt 3.455811 3.666992
vt 3.433838 3.671631
vt 3.435303 3.667969
vt 3.414795 3.668701
vt 3.418457 3.664795
vt 3.405273 3.665039
vt 3.411377 3.662598
vt 3.396484 3.660889
vt 3.398926 3.657715
vt 3.377930 3.655762
vt 3.383789 3.647217
vt 3.412109 3.657959
vt 3.399902 3.638428
vt 3.420654 3.656738
vt 3.418213 3.633545
vt 3.438477 3.654297
vt 3.437988 3.630615
vt 3.393311 3.624023
vt 3.374756 3.632568
vt 3.376953 3.666016
vt 3.388184 3.665527
vt 3.398193 3.671387
vt 3.409912 3.677490
vt 3.431152 3.682617
vt 3.457275 3.678955
vt 3.429688 3.693359
vt 3.405273 3.689209
vt 3.388428 3.680420
vt 3.467285 3.657715
vt 3.455078 3.634033
vt 3.451660 3.655273
vt 3.461914 3.623047
vt 3.007324 3.019287
vt 3.024414 3.106934
vt 3.083984 3.096680
vt 3.054199 3.012695
vt 3.147705 3.083496
vt 3.118164 3.010742
vt 3.206787 3.069336
vt 3.196289 3.009521
vt 3.294678 3.053467
vt 3.298828 3.011719
vt 3.518066 3.687744
vt 3.488770 3.685059
vt 3.459961 3.697266
vt 3.429688 3.703857
vt 3.402100 3.700439
vt 3.378662 3.690918
vt 3.365967 3.665283
vt 3.362305 3.649658
vt 3.372559 3.615723
vt 3.395996 3.597168
vt 3.416992 3.618652
vt 3.440918 3.617920
vt 3.418213 3.633545
vt 3.437988 3.630615
vt 3.420654 3.656738
vt 3.438477 3.654297
vt 3.455078 3.634033
vt 3.451660 3.655273
vt 3.471924 3.637695
vt 3.467285 3.657715
vt 3.481201 3.646729
vt 3.472900 3.656494
vt 3.474365 3.662354
vt 3.468994 3.660889
vt 3.455566 3.671387
vt 3.455811 3.666992
vt 3.433838 3.671631
vt 3.435303 3.667969
vt 3.418457 3.664795
vt 3.405273 3.665039
vt 3.414795 3.668701
vt 3.411377 3.662598
vt 3.396484 3.660889
vt 3.398926 3.657715
vt 3.377930 3.655762
vt 3.383789 3.647217
vt 3.412109 3.657959
vt 3.399902 3.638428
vt 3.393311 3.624023
vt 3.374756 3.632568
vt 3.376953 3.666016
vt 3.388428 3.680420
vt 3.405273 3.689209
vt 3.429688 3.693359
vt 3.458496 3.688232
vt 3.486816 3.676025
vt 3.506836 3.669922
vt 3.518555 3.670166
vt 3.522461 3.644043
vt 3.512939 3.643799
vt 3.498047 3.660156
vt 3.479980 3.662354
vt 3.476807 3.668213
vt 3.489746 3.642334
vt 3.504395 3.640137
vt 3.495605 3.630371
vt 3.479736 3.630371
vt 3.461914 3.623047
vt 3.467773 3.613281
vt 3.457275 3.678955
vt 3.431152 3.682617
vt 3.409912 3.677490
vt 3.398193 3.671387
vt 3.388184 3.665527
vt 3.914551 3.700928
vt 3.904541 3.700439
vt 3.880859 3.792969
vt 3.906982 3.791748
vt 3.857666 3.875244
vt 3.898926 3.873779
vt 3.843262 3.941406
vt 3.892334 3.942383
vt 3.891602 3.962891
vt 3.844727 3.962891
vt 3.272217 3.838867
vt 3.196533 3.839844
vt 3.156006 3.833008
vt 3.146484 3.893799
vt 3.098633 3.971924
vt 3.150391 3.995117
vt 3.229004 3.906250
vt 3.309082 3.890137
vt 3.340332 3.928955
vt 3.404541 3.995117
vt 3.383545 3.995117
vt 3.351807 3.995117
vt 3.257324 3.995117
vt 3.146240 3.927979
vt 3.098389 3.995117
vt 3.100586 3.923096
vt 3.151367 3.846436
vt 3.124268 3.810059
vt 3.208496 3.861328
vt 3.237793 3.929443
vt 3.322754 3.931396
vt 3.352295 3.995117
vt 3.351807 3.933594
vt 3.384033 3.995117
vt 3.370605 3.933838
vt 3.359375 3.872803
vt 3.311035 3.837646
vt 3.280273 3.858887
vt 3.331299 3.874268
vt 3.191406 3.791260
vt 3.124023 3.723877
vt 3.052734 3.742920
vt 3.005615 3.745850
vt 3.056641 3.833252
vt 3.005615 3.837646
vt 3.651855 3.659912
vt 3.685059 3.663574
vt 3.655273 3.684082
vt 3.650635 3.625732
vt 3.675049 3.623047
vt 3.647949 3.549561
vt 3.670898 3.549805
vt 3.645508 3.497070
vt 3.667480 3.502686
vt 3.643555 3.429688
vt 3.663086 3.445801
vt 3.633789 3.397949
vt 3.654541 3.406982
vt 3.623291 3.386719
vt 3.641113 3.386719
vt 3.603271 3.378662
vt 3.622559 3.371826
vt 3.660156 3.388184
vt 3.639893 3.364014
vt 3.669189 3.364258
vt 3.651611 3.345459
vt 3.677002 3.331299
vt 3.689453 3.339355
vt 3.706787 3.325684
vt 3.687256 3.364014
vt 3.683838 3.397217
vt 3.670898 3.408691
vt 3.687500 3.430420
vt 3.720947 3.438721
vt 3.709717 3.391602
vt 3.733398 3.389648
vt 3.738281 3.359863
vt 3.724365 3.316406
vt 3.713867 3.363770
vt 3.724365 3.488281
vt 3.724121 3.516602
vt 3.724609 3.553711
vt 3.731445 3.614258
vt 3.736328 3.633301
vt 3.747070 3.644287
vt 3.755127 3.666260
vt 3.756836 3.697266
vt 3.758789 3.736572
vt 3.758545 3.814941
vt 3.757812 3.899170
vt 3.759521 3.967529
vt 3.760010 3.991943
vt 3.738037 3.967041
vt 3.730957 3.989990
vt 3.721436 3.965576
vt 3.712402 3.987549
vt 3.703857 3.985840
vt 3.707275 3.966309
vt 3.719238 3.896973
vt 3.699463 3.896484
vt 3.712646 3.812012
vt 3.684326 3.810303
vt 3.707031 3.722656
vt 3.659180 3.717773
vt 3.703857 3.688232
vt 3.708984 3.657715
vt 3.702637 3.619385
vt 3.698730 3.551025
vt 3.696289 3.509521
vt 3.694580 3.469482
vt 3.732666 3.663330
vt 3.737305 3.692627
vt 3.738770 3.731689
vt 3.736816 3.813232
vt 3.737061 3.898438
vt 3.174805 3.198730
vt 3.156982 3.181641
vt 3.172852 3.214355
vt 3.175781 3.183350
vt 3.170898 3.172607
vt 3.165527 3.161621
vt 3.170410 3.173828
vt 3.136963 3.198486
vt 3.170898 3.183350
vt 3.170166 3.198975
vt 3.167480 3.212646
vt 3.165039 3.219727
vt 3.124023 3.208252
vt 3.160889 3.224854
vt 3.162598 3.222656
vt 3.199463 3.121582
vt 3.126465 3.121826
vt 3.131836 3.100342
vt 3.193115 3.183838
vt 3.123291 3.171875
vt 3.182373 3.232178
vt 3.125732 3.223145
vt 3.091797 3.174072
vt 3.099609 3.222656
vt 3.055908 3.176758
vt 3.062500 3.221924
vt 3.010010 3.248779
vt 3.003906 3.195557
vt 3.055908 3.136475
vt 3.005615 3.154297
vt 3.007812 3.132568
vt 3.056641 3.115234
vt 3.094482 3.128418
vt 3.090576 3.108643
vt 3.670410 3.954346
vt 3.677002 3.927002
vt 3.679688 3.952148
vt 3.657227 3.955566
vt 3.648193 3.956299
vt 3.619629 3.920898
vt 3.639404 3.955566
vt 3.626465 3.954102
vt 3.617432 3.951904
vt 3.608154 3.971436
vt 3.613037 3.950684
vt 3.616943 3.953125
vt 3.644287 3.982666
vt 3.628174 3.958496
vt 3.638184 3.960938
vt 3.648193 3.961426
vt 3.658203 3.960938
vt 3.668213 3.958740
vt 3.690430 3.971680
vt 3.678467 3.954346
vt 3.684082 3.950928
vt 3.947754 3.303467
vt 3.911865 3.256836
vt 3.957275 3.267090
vt 3.981934 3.333740
vt 3.994629 3.271729
vt 3.954102 3.218262
vt 3.904785 3.218506
vt 3.951660 3.177490
vt 3.898193 3.185791
vt 3.890137 3.093506
vt 3.931641 3.076172
vt 3.971924 3.060059
vt 3.989746 3.168457
vt 3.991943 3.215332
vt 3.947754 3.303467
vt 3.957275 3.267090
vt 3.911865 3.256836
vt 3.981934 3.333740
vt 3.994629 3.271729
vt 3.951660 3.177490
vt 3.989746 3.168457
vt 3.971924 3.060059
vt 3.931641 3.076172
vt 3.898193 3.185791
vt 3.890137 3.093506
vt 3.947754 3.303467
vt 3.911865 3.256836
vt 3.957275 3.267090
vt 3.981934 3.333740
vt 3.994629 3.271729
vt 3.951660 3.177490
vt 3.989746 3.168457
vt 3.971924 3.060059
vt 3.931641 3.076172
vt 3.898193 3.185791
vt 3.890137 3.093506
vt 3.947754 3.303467
vt 3.957275 3.267090
vt 3.911865 3.256836
vt 3.981934 3.333740
vt 3.994629 3.271729
vt 3.951660 3.177490
vt 3.989746 3.168457
vt 3.971924 3.060059
vt 3.931641 3.076172
vt 3.898193 3.185791
vt 3.890137 3.093506
vt 3.784424 3.322510
vt 3.790039 3.291992
vt 3.777100 3.299072
vt 3.761719 3.349609
vt 3.739746 3.304932
vt 3.738281 3.359863
vt 3.724365 3.316406
vt 3.713867 3.363770
vt 3.706787 3.325684
vt 3.689453 3.339355
vt 3.677002 3.331299
vt 3.669189 3.364258
vt 3.651611 3.345459
vt 3.660156 3.388184
vt 3.639893 3.364014
vt 3.641113 3.386719
vt 3.622559 3.371826
vt 3.603271 3.378662
vt 3.623291 3.386719
vt 3.654541 3.406982
vt 3.633789 3.397949
vt 3.663086 3.445801
vt 3.643555 3.429688
vt 3.667480 3.502686
vt 3.645508 3.497070
vt 3.647949 3.549561
vt 3.670898 3.549805
vt 3.696289 3.509521
vt 3.698730 3.551025
vt 3.724121 3.516602
vt 3.724609 3.553711
vt 3.758789 3.521484
vt 3.759033 3.549072
vt 3.798828 3.512207
vt 3.811768 3.542236
vt 3.827637 3.500488
vt 3.833252 3.540283
vt 3.857666 3.492920
vt 3.866455 3.538330
vt 3.882080 3.486084
vt 3.891602 3.535156
vt 3.911621 3.534180
vt 3.908447 3.482666
vt 3.885254 3.424561
vt 3.910889 3.419434
vt 3.916748 3.381836
vt 3.930908 3.396729
vt 3.936523 3.358643
vt 3.948975 3.380371
vt 3.969971 3.359619
vt 3.956299 3.332520
vt 3.918701 3.341309
vt 3.936523 3.308350
vt 3.903564 3.332275
vt 3.916748 3.297119
vt 3.879395 3.326660
vt 3.884277 3.294922
vt 3.838135 3.318359
vt 3.835205 3.292969
vt 3.810303 3.317627
vt 3.808350 3.292969
vt 3.785400 3.362549
vt 3.755859 3.382812
vt 3.733398 3.389648
vt 3.709717 3.391602
vt 3.720947 3.438721
vt 3.753662 3.444824
vt 3.789551 3.435059
vt 3.756348 3.498291
vt 3.791992 3.488281
vt 3.828857 3.468018
vt 3.855469 3.447754
vt 3.891113 3.385254
vt 3.900879 3.358154
vt 3.872070 3.362061
vt 3.840088 3.349121
vt 3.811279 3.356201
vt 3.821533 3.419434
vt 3.840332 3.410889
vt 3.864990 3.396729
vt 3.724365 3.488281
vt 3.694580 3.469482
vt 3.687500 3.430420
vt 3.683838 3.397217
vt 3.687256 3.364014
vt 3.670898 3.408691
vt 3.537842 3.000244
vt 3.487793 3.004883
vt 3.499756 3.058350
vt 3.539307 3.055420
vt 3.543213 3.117188
vt 3.503174 3.123291
vt 3.452637 3.065674
vt 3.472168 3.130371
vt 3.430664 3.137939
vt 3.393799 3.072266
vt 3.439209 3.009033
vt 3.376709 3.017334
vt 3.366211 3.098633
vt 3.405762 3.104736
vt 3.392334 3.178711
vt 3.358398 3.142334
vt 3.390137 3.205322
vt 3.343506 3.201172
vt 3.385986 3.252441
vt 3.330811 3.247070
vt 3.260742 3.202881
vt 3.265381 3.249512
vt 3.225342 3.248047
vt 3.217285 3.204102
vt 3.254639 3.124268
vt 3.207520 3.125977
vt 3.213623 3.076660
vt 3.260742 3.069336
vt 3.310791 3.123535
vt 3.312988 3.077637
vt 3.376709 3.017334
vt 3.439209 3.009033
vt 3.452637 3.065674
vt 3.393799 3.072266
vt 3.430664 3.137939
vt 3.472168 3.130371
vt 3.499756 3.058350
vt 3.503174 3.123291
vt 3.543213 3.117188
vt 3.539307 3.055420
vt 3.487793 3.004883
vt 3.537842 3.000244
vt 3.038330 3.989258
vt 3.006348 3.988525
vt 3.008545 3.900879
vt 3.040039 3.914795
vt 3.010010 3.845947
vt 3.041992 3.846680
vt 3.065674 3.921875
vt 3.067383 3.847168
vt 3.090088 3.850342
vt 3.088379 3.919434
vt 3.063721 3.989990
vt 3.086426 3.993164
vt 3.609619 3.328125
vt 3.612061 3.336670
vt 3.576904 3.365234
vt 3.570068 3.348877
vt 3.530273 3.379395
vt 3.523926 3.362793
vt 3.483154 3.396240
vt 3.479980 3.375732
vt 3.517578 3.345215
vt 3.477051 3.356201
vt 3.512939 3.290283
vt 3.470459 3.302979
vt 3.507812 3.193848
vt 3.474854 3.228271
vt 3.492432 3.172852
vt 3.517334 3.141113
vt 3.562012 3.177246
vt 3.583008 3.114014
vt 3.623047 3.111572
vt 3.606445 3.175781
vt 3.558594 3.281738
vt 3.563721 3.333740
vt 3.606445 3.317383
vt 3.604248 3.276611
vt 3.540039 3.807861
vt 3.566406 3.824707
vt 3.588379 3.836182
vt 3.579346 3.805176
vt 3.629150 3.828125
vt 3.627441 3.804688
vt 3.581543 3.769775
vt 3.539795 3.770752
vt 3.580322 3.734619
vt 3.539795 3.733154
vt 3.578857 3.700684
vt 3.539795 3.702881
vt 3.539795 3.619385
vt 3.579834 3.619385
vt 3.633545 3.619385
vt 3.633545 3.698486
vt 3.633545 3.728760
vt 3.629150 3.768799
vt 3.574951 3.609619
vt 3.544922 3.609619
vt 3.543457 3.570557
vt 3.571289 3.572510
vt 3.543945 3.533203
vt 3.570557 3.538086
vt 3.543701 3.489746
vt 3.569092 3.492676
vt 3.544189 3.441406
vt 3.568604 3.449219
vt 3.542969 3.409180
vt 3.568359 3.403809
vt 3.600830 3.454590
vt 3.601074 3.407715
vt 3.630859 3.417969
vt 3.630127 3.454102
vt 3.600586 3.500488
vt 3.600830 3.541016
vt 3.600098 3.575684
vt 3.601562 3.609619
vt 3.625977 3.609619
vt 3.626465 3.579834
vt 3.628174 3.543213
vt 3.629395 3.503418
vt 3.994629 3.271729
vt 3.981934 3.333740
vt 3.947754 3.303467
vt 3.957275 3.267090
vt 3.911865 3.256836
vt 3.904541 3.232910
vt 3.951660 3.177490
vt 3.898193 3.185791
vt 3.890137 3.093506
vt 3.931641 3.076172
vt 3.989746 3.168457
vt 3.971924 3.060059
vt 3.994629 3.271729
vt 3.981934 3.333740
vt 3.947754 3.303467
vt 3.957275 3.267090
vt 3.911865 3.256836
vt 3.904541 3.232910
vt 3.951660 3.177490
vt 3.898193 3.185791
vt 3.890137 3.093506
vt 3.931641 3.076172
vt 3.989746 3.168457
vt 3.971924 3.060059
vt 3.994629 3.271729
vt 3.947754 3.303467
vt 3.981934 3.333740
vt 3.957275 3.267090
vt 3.911865 3.256836
vt 3.904541 3.232910
vt 3.951660 3.177490
vt 3.898193 3.185791
vt 3.890137 3.093506
vt 3.931641 3.076172
vt 3.989746 3.168457
vt 3.971924 3.060059
vt 3.994629 3.271729
vt 3.947754 3.303467
vt 3.981934 3.333740
vt 3.957275 3.267090
vt 3.911865 3.256836
vt 3.904541 3.232910
vt 3.951660 3.177490
vt 3.898193 3.185791
vt 3.890137 3.093506
vt 3.931641 3.076172
vt 3.989746 3.168457
vt 3.971924 3.060059
vt 3.555176 3.950684
vt 3.564941 3.961182
vt 3.582031 3.920898
vt 3.567627 3.919922
vt 3.565674 3.881104
vt 3.555664 3.889404
vt 3.526367 3.864746
vt 3.525391 3.876709
vt 3.486084 3.881104
vt 3.494385 3.889160
vt 3.468994 3.920898
vt 3.481445 3.919678
vt 3.485352 3.960938
vt 3.493896 3.950439
vt 3.525391 3.977783
vt 3.524414 3.963135
vt 3.545166 3.938477
vt 3.553467 3.919189
vt 3.545654 3.899902
vt 3.526367 3.891846
vt 3.508301 3.900146
vt 3.498535 3.918945
vt 3.506592 3.938232
vt 3.525879 3.946289
vt 3.522705 3.919922
vt 3.567627 3.919922
vt 3.582031 3.920898
vt 3.564941 3.961182
vt 3.555176 3.950684
vt 3.525391 3.977783
vt 3.524414 3.963135
vt 3.485352 3.960938
vt 3.493896 3.950439
vt 3.468994 3.920898
vt 3.481445 3.919678
vt 3.486084 3.881104
vt 3.494385 3.889160
vt 3.526367 3.864746
vt 3.525391 3.876709
vt 3.565674 3.881104
vt 3.555664 3.889404
vt 3.553467 3.919189
vt 3.545166 3.938477
vt 3.525879 3.946289
vt 3.506592 3.938232
vt 3.498535 3.918945
vt 3.508301 3.900146
vt 3.526367 3.891846
vt 3.545654 3.899902
vt 3.522705 3.919922
vt 3.653809 3.306152
vt 3.639160 3.300049
vt 3.642090 3.281006
vt 3.673828 3.290771
vt 3.672363 3.271973
vt 3.702637 3.271240
vt 3.705078 3.258057
vt 3.672852 3.247314
vt 3.641113 3.256104
vt 3.671631 3.200195
vt 3.645020 3.220703
vt 3.649170 3.189941
vt 3.668701 3.156494
vt 3.644775 3.156250
vt 3.665527 3.125488
vt 3.690674 3.134766
vt 3.694580 3.158691
vt 3.695312 3.197510
vt 3.701416 3.238770
vt 3.653809 3.306152
vt 3.642090 3.281006
vt 3.639160 3.300049
vt 3.673828 3.290771
vt 3.672363 3.271973
vt 3.702637 3.271240
vt 3.705078 3.258057
vt 3.672852 3.247314
vt 3.641113 3.256104
vt 3.671631 3.200195
vt 3.645020 3.220703
vt 3.649170 3.189941
vt 3.668701 3.156494
vt 3.644775 3.156250
vt 3.665527 3.125488
vt 3.690674 3.134766
vt 3.694580 3.158691
vt 3.695312 3.197510
vt 3.701416 3.238770
vt 3.741455 3.274902
vt 3.732178 3.273438
vt 3.716553 3.250244
vt 3.772705 3.272461
vt 3.714600 3.233398
vt 3.706055 3.246582
vt 3.703857 3.234375
vt 3.712891 3.212158
vt 3.701660 3.214844
vt 3.716309 3.181152
vt 3.701904 3.170654
vt 3.711182 3.124268
vt 3.698242 3.131348
vt 3.709961 3.099365
vt 3.695801 3.101318
vt 3.711426 3.066162
vt 3.693115 3.066406
vt 3.694824 3.041748
vt 3.720947 3.040527
vt 3.743164 3.067139
vt 3.744873 3.047363
vt 3.753906 3.055908
vt 3.776611 3.055908
vt 3.770752 3.069824
vt 3.737793 3.094238
vt 3.735107 3.108154
vt 3.738037 3.117432
vt 3.759277 3.106934
vt 3.763916 3.089844
vt 3.759033 3.117920
vt 3.742432 3.133789
vt 3.759766 3.128418
vt 3.751953 3.150635
vt 3.763916 3.140869
vt 3.772217 3.159180
vt 3.770264 3.144531
vt 3.795410 3.153564
vt 3.778076 3.138428
vt 3.808350 3.133789
vt 3.784912 3.117188
vt 3.804688 3.109863
vt 3.777588 3.101807
vt 3.799805 3.094482
vt 3.812256 3.105225
vt 3.843994 3.135498
vt 3.847168 3.107178
vt 3.880371 3.110596
vt 3.873779 3.147461
vt 3.833252 3.153320
vt 3.869873 3.181885
vt 3.840576 3.180908
vt 3.873291 3.221436
vt 3.843994 3.214111
vt 3.863281 3.247803
vt 3.844971 3.233887
vt 3.846680 3.260742
vt 3.839355 3.277100
vt 3.833496 3.243408
vt 3.827637 3.217041
vt 3.806152 3.232178
vt 3.821533 3.286865
vt 3.842041 3.288086
vt 3.822510 3.293701
vt 3.776855 3.288574
vt 3.764160 3.228027
vt 3.736084 3.177979
vt 3.726074 3.146240
vt 3.771973 3.190918
vt 3.801514 3.189941
vt 3.820068 3.183838
vt 3.813477 3.153809
vt 3.732178 3.273438
vt 3.741455 3.274902
vt 3.772705 3.272461
vt 3.716553 3.250244
vt 3.714600 3.233398
vt 3.706055 3.246582
vt 3.703857 3.234375
vt 3.712891 3.212158
vt 3.701660 3.214844
vt 3.716309 3.181152
vt 3.701904 3.170654
vt 3.711182 3.124268
vt 3.698242 3.131348
vt 3.709961 3.099365
vt 3.695801 3.101318
vt 3.711426 3.066162
vt 3.693115 3.066406
vt 3.694824 3.041748
vt 3.720947 3.040527
vt 3.743164 3.067139
vt 3.744873 3.047363
vt 3.753906 3.055908
vt 3.776611 3.055908
vt 3.770752 3.069824
vt 3.737793 3.094238
vt 3.735107 3.108154
vt 3.738037 3.117432
vt 3.759277 3.106934
vt 3.763916 3.089844
vt 3.759033 3.117920
vt 3.742432 3.133789
vt 3.759766 3.128418
vt 3.751953 3.150635
vt 3.763916 3.140869
vt 3.772217 3.159180
vt 3.770264 3.144531
vt 3.795410 3.153564
vt 3.778076 3.138428
vt 3.808350 3.133789
vt 3.784912 3.117188
vt 3.804688 3.109863
vt 3.777588 3.101807
vt 3.799805 3.094482
vt 3.812256 3.105225
vt 3.843994 3.135498
vt 3.847168 3.107178
vt 3.880371 3.110596
vt 3.873779 3.147461
vt 3.833252 3.153320
vt 3.869873 3.181885
vt 3.840576 3.180908
vt 3.873291 3.221436
vt 3.843994 3.214111
vt 3.863281 3.247803
vt 3.844971 3.233887
vt 3.846680 3.260742
vt 3.839355 3.277100
vt 3.833496 3.243408
vt 3.827637 3.217041
vt 3.820068 3.183838
vt 3.813477 3.153809
vt 3.801514 3.189941
vt 3.771973 3.190918
vt 3.736084 3.177979
vt 3.726074 3.146240
vt 3.764160 3.228027
vt 3.821533 3.286865
vt 3.776855 3.288574
vt 3.822510 3.293701
vt 3.842041 3.288086
vt 3.806152 3.232178
vt 3.823486 3.594971
vt 3.767334 3.602539
vt 3.731445 3.614258
vt 3.702637 3.619385
vt 3.675049 3.623047
vt 3.650635 3.625732
vt 3.685059 3.663574
vt 3.651855 3.659912
vt 3.655273 3.684082
vt 3.708984 3.657715
vt 3.736328 3.633301
vt 3.779297 3.629395
vt 3.820801 3.625000
vt 3.783203 3.663086
vt 3.817871 3.657227
vt 3.784180 3.693848
vt 3.818359 3.685059
vt 3.784668 3.735596
vt 3.818848 3.725830
vt 3.783447 3.807373
vt 3.820557 3.797119
vt 3.784912 3.889160
vt 3.809570 3.877686
vt 3.787598 3.956787
vt 3.801514 3.942871
vt 3.797119 3.968018
vt 3.802490 3.966797
vt 3.810059 3.954590
vt 3.828613 3.942383
vt 3.832275 3.965576
vt 3.843262 3.941406
vt 3.844727 3.962891
vt 3.891602 3.962891
vt 3.892334 3.942383
vt 3.857666 3.875244
vt 3.898926 3.873779
vt 3.880859 3.792969
vt 3.906982 3.791748
vt 3.904541 3.700439
vt 3.914551 3.700928
vt 3.906250 3.668457
vt 3.915039 3.667480
vt 3.899414 3.647217
vt 3.913818 3.644775
vt 3.893066 3.608643
vt 3.912842 3.610107
vt 3.867188 3.607666
vt 3.845215 3.606445
vt 3.840576 3.635010
vt 3.839600 3.658936
vt 3.848389 3.682129
vt 3.851318 3.660645
vt 3.854004 3.639404
vt 3.887451 3.644775
vt 3.874756 3.663818
vt 3.878174 3.677002
vt 3.864502 3.715332
vt 3.853760 3.796143
vt 3.833740 3.875977
vt 3.792969 3.976562
vt 3.759521 3.967529
vt 3.760010 3.991943
vt 3.738037 3.967041
vt 3.730957 3.989990
vt 3.721436 3.965576
vt 3.712402 3.987549
vt 3.703857 3.985840
vt 3.707275 3.966309
vt 3.719238 3.896973
vt 3.699463 3.896484
vt 3.712646 3.812012
vt 3.684326 3.810303
vt 3.707031 3.722656
vt 3.659180 3.717773
vt 3.703857 3.688232
vt 3.732666 3.663330
vt 3.747070 3.644287
vt 3.755127 3.666260
vt 3.737305 3.692627
vt 3.738770 3.731689
vt 3.736816 3.813232
vt 3.737061 3.898438
vt 3.757812 3.899170
vt 3.758545 3.814941
vt 3.758789 3.736572
vt 3.756836 3.697266
vt 3.877930 3.643311
vn 0.5715 -0.0943 -0.8151
vn 0.2806 -0.1757 -0.9436
vn 0.5220 -0.2077 -0.8272
vn 0.5794 0.1145 -0.8069
vn 0.3429 -0.1551 -0.9265
vn 0.5925 0.3560 -0.7226
vn 0.7195 -0.0162 -0.6942
vn 0.4300 -0.0410 -0.9019
vn 0.9872 0.1496 -0.0547
vn 0.8692 -0.4041 -0.2850
vn 0.8154 0.5387 -0.2118
vn 0.7911 -0.2199 -0.5707
vn 0.7703 0.2784 -0.5736
vn 0.6913 -0.3715 -0.6197
vn 0.7100 0.1926 -0.6773
vn 0.6739 -0.3029 -0.6739
vn 0.0652 0.4831 -0.8731
vn 0.0187 -0.2376 -0.9712
vn -0.7509 0.1547 -0.6420
vn -0.7177 -0.2264 -0.6585
vn -0.7693 0.2842 -0.5722
vn -0.7749 -0.3300 -0.5391
vn -0.8791 0.2084 -0.4285
vn -0.8035 -0.1982 -0.5613
vn -0.9774 0.1057 -0.1831
vn -0.8230 -0.3041 -0.4797
vn -0.8191 -0.1376 -0.5568
vn -0.5692 0.1693 -0.8046
vn -0.2815 -0.0847 -0.9558
vn -0.5001 0.3336 -0.7991
vn -0.4963 -0.0053 -0.8681
vn -0.6510 -0.0386 -0.7581
vn -0.5274 -0.1263 -0.8401
vn -0.6140 -0.1520 -0.7745
vn -0.4971 -0.1184 -0.8596
vn -0.3863 -0.2131 -0.8974
vn -0.5269 -0.3895 -0.7553
vn -0.2056 -0.1517 -0.9668
vn -0.6080 -0.4311 -0.6667
vn -0.6491 -0.1348 -0.7486
vn -0.7727 -0.3246 -0.5455
vn -0.6861 -0.1302 -0.7158
vn -0.7095 -0.2891 -0.6426
vn -0.5325 -0.1704 -0.8291
vn -0.3527 -0.2387 -0.9047
vn -0.2404 -0.1120 -0.9642
vn 0.0490 -0.2477 -0.9676
vn -0.0469 -0.2236 -0.9735
vn 0.3399 -0.3053 -0.8895
vn 0.3435 -0.1006 -0.9337
vn 0.6615 -0.3047 -0.6852
vn 0.4637 -0.2375 -0.8535
vn 0.6656 -0.4165 -0.6193
vn 0.6436 -0.0800 -0.7611
vn 0.6494 -0.2717 -0.7102
vn 0.6050 -0.0971 -0.7902
vn 0.5905 -0.3341 -0.7346
vn 0.2063 -0.0836 -0.9749
vn 0.6003 -0.1847 -0.7782
vn 0.5125 -0.2176 -0.8306
vn -0.7339 -0.2648 -0.6255
vn -0.8408 -0.3089 -0.4446
vn -0.9187 -0.2355 -0.3170
vn -0.9037 -0.2621 -0.3384
vn -0.9852 -0.0908 -0.1452
vn -0.9674 -0.2117 -0.1388
vn -0.9714 -0.0782 -0.2239
vn -0.9813 -0.1814 -0.0639
vn -0.9762 -0.0540 -0.2101
vn -0.8142 -0.4671 -0.3446
vn -0.9232 0.2573 -0.2852
vn -0.7828 0.0831 -0.6167
vn -0.7947 0.1876 -0.5773
vn -0.8870 0.2080 -0.4122
vn -0.5824 0.2294 -0.7799
vn -0.6339 0.3623 -0.6832
vn -0.2590 0.1995 -0.9450
vn -0.3904 0.3637 -0.8458
vn -0.1057 0.1471 -0.9834
vn -0.1755 0.3417 -0.9232
vn -0.0117 0.1363 -0.9906
vn -0.0030 0.2879 -0.9576
vn 0.1355 0.1094 -0.9847
vn 0.2345 0.3037 -0.9235
vn 0.3767 0.1630 -0.9119
vn 0.3718 0.3171 -0.8724
vn 0.5148 0.2231 -0.8278
vn 0.5335 0.2744 -0.8000
vn 0.7445 0.1640 -0.6471
vn 0.6853 -0.1227 -0.7178
vn 0.9387 0.0839 -0.3343
vn 0.3951 -0.3579 -0.8460
vn 0.9513 -0.0495 -0.3041
vn 0.8017 -0.5398 -0.2565
vn 0.9796 -0.0828 -0.1831
vn 0.9846 -0.1546 -0.0807
vn 0.9860 -0.0751 -0.1489
vn 0.9821 -0.1738 -0.0730
vn 0.9233 -0.1899 -0.3337
vn 0.9114 -0.2741 -0.3069
vn 0.7395 -0.2829 -0.6108
vn 0.8208 -0.2839 -0.4957
vn 0.1835 0.9828 0.0190
vn -0.1123 0.9064 -0.4072
vn 0.2786 0.7624 -0.5840
vn -0.0215 0.9915 0.1281
vn 0.1149 0.9294 -0.3508
vn 0.0940 0.9773 0.1899
vn 0.3111 0.8477 -0.4296
vn 0.2870 0.9145 0.2850
vn 0.2391 0.9225 -0.3030
vn 0.1980 0.9184 0.3425
vn 0.0656 0.9776 -0.1999
vn 0.0312 0.9278 0.3718
vn 0.0287 0.9907 -0.1332
vn 0.0104 0.8494 0.5277
vn -0.2047 0.9770 0.0602
vn -0.0512 0.5871 0.8078
vn -0.2795 0.9478 0.1535
vn -0.1763 0.5652 0.8058
vn -0.1083 0.9459 0.3058
vn -0.1706 0.5784 0.7976
vn -0.0222 0.9455 0.3249
vn 0.0135 0.5228 0.8524
vn 0.0653 0.9165 0.3946
vn 0.0952 0.4468 0.8896
vn 0.0427 0.9612 0.2725
vn 0.0522 0.5936 0.8031
vn -0.0084 0.9900 0.1407
vn 0.0199 0.6917 0.7219
vn -0.0287 0.9988 -0.0391
vn -0.1480 0.7481 0.6468
vn -0.0215 0.9973 -0.0708
vn 0.0251 0.9456 0.3242
vn 0.0721 0.3800 -0.9221
vn 0.2683 0.1270 -0.9549
vn 0.1350 -0.2512 -0.9585
vn -0.4415 -0.1125 -0.8901
vn 0.0083 -0.0528 -0.9986
vn 0.4681 -0.1517 -0.8705
vn 0.2464 -0.0132 -0.9691
vn 0.1850 -0.0246 -0.9824
vn 0.5470 0.1692 -0.8198
vn 0.8223 0.2939 -0.4872
vn 0.8095 0.5541 -0.1941
vn 0.9655 0.1924 -0.1753
vn 0.5979 0.4222 -0.6814
vn 0.0737 0.6117 -0.7877
vn -0.7633 0.4039 -0.5041
vn -0.9399 0.1573 -0.3030
vn -0.8068 0.3626 -0.4664
vn -0.9698 0.1128 -0.2159
vn -0.6981 0.2801 -0.6589
vn -0.3144 0.0349 -0.9486
vn -0.3485 0.0255 -0.9369
vn -0.3765 -0.2183 -0.9003
vn -0.6148 -0.4917 -0.6167
vn -0.0553 0.0106 -0.9984
vn -0.0425 0.6345 -0.7717
vn -0.2438 0.7606 -0.6017
vn -0.0726 0.7135 -0.6969
vn -0.3187 0.5875 -0.7438
vn -0.3259 0.7808 -0.5330
vn -0.2529 0.8215 -0.5110
vn 0.6789 -0.3685 -0.6351
vn -0.5743 0.1818 -0.7982
vn -0.4210 -0.6942 -0.5838
vn 0.0000 -1.0000 0.0000
vn -0.5219 -0.6798 -0.5152
vn -0.1469 -0.6273 -0.7648
vn 0.3257 0.4409 -0.8364
vn -0.2871 0.6589 -0.6953
vn 0.0548 0.9483 -0.3125
vn -0.3389 0.8562 -0.3900
vn -0.5065 0.3440 -0.7907
vn -0.0895 0.4022 -0.9111
vn 0.0638 0.0680 -0.9956
vn 0.4252 0.1534 -0.8920
vn 0.3122 -0.1465 -0.9386
vn 0.5949 -0.0380 -0.8029
vn 0.4087 -0.4502 -0.7938
vn 0.7897 -0.1262 -0.6004
vn 0.8483 0.0027 -0.5295
vn 0.7171 -0.2555 -0.6484
vn 0.2926 -0.6843 -0.6678
vn 0.0164 -0.5334 -0.8456
vn 0.0366 -0.2331 -0.9717
vn -0.3358 -0.0199 -0.9417
vn -0.4879 0.3986 -0.7765
vn 0.9029 0.2524 0.3478
vn 0.9675 0.1387 0.2112
vn 0.7741 0.1725 0.6091
vn 0.9508 0.2296 -0.2076
vn 0.7597 0.2315 -0.6077
vn 0.9275 0.3208 -0.1915
vn 0.9209 0.3412 0.1882
vn 0.9724 0.1333 -0.1914
vn 0.9441 0.2671 0.1934
vn 1.0000 0.0036 0.0050
vn 0.9017 -0.0751 -0.4257
vn 0.8152 -0.1248 -0.5655
vn 0.8738 -0.0282 -0.4854
vn 0.8138 0.2860 -0.5059
vn 0.9474 0.2977 -0.1173
vn 0.8419 0.1745 -0.5107
vn 0.5621 0.2289 -0.7948
vn 0.6753 -0.0557 -0.7354
vn 0.3351 0.0738 -0.9393
vn 0.4587 -0.1506 -0.8757
vn 0.0000 -0.0075 -1.0000
vn 0.0213 -0.2146 -0.9764
vn -0.5051 -0.1493 -0.8500
vn -0.3351 0.0738 -0.9393
vn -0.6493 0.0227 -0.7602
vn -0.5621 0.2289 -0.7948
vn -0.8097 0.2466 -0.5325
vn -0.2847 0.7583 -0.5864
vn -0.8061 0.2539 -0.5346
vn -0.3276 0.9167 -0.2290
vn -0.9883 0.1085 -0.1070
vn -0.4418 0.6894 0.5741
vn -0.4106 0.1990 0.8898
vn -0.2181 -0.0050 0.9759
vn -0.1238 0.6624 0.7388
vn -0.0068 -0.1156 0.9933
vn -0.0367 0.0460 0.9983
vn -0.2922 0.2493 0.9232
vn -0.1338 0.2387 0.9618
vn -0.0492 0.2622 0.9637
vn -0.2304 0.2828 0.9311
vn -0.5159 0.2534 0.8183
vn -0.5474 -0.0113 0.8367
vn -0.9350 0.1532 0.3197
vn -0.9497 0.0110 0.3130
vn -0.9410 0.0211 -0.3376
vn -0.7787 -0.4742 -0.4107
vn -0.9477 -0.1858 -0.2594
vn -0.9359 -0.2531 -0.2451
vn -0.9555 -0.2947 0.0078
vn -0.8883 -0.4204 -0.1847
vn -0.7644 -0.4501 -0.4615
vn -0.7706 -0.5026 -0.3918
vn -0.7267 -0.5783 -0.3707
vn -0.5277 -0.7722 -0.3539
vn 0.1107 -0.8851 -0.4520
vn 0.4936 -0.8019 -0.3365
vn 0.6918 -0.6232 -0.3647
vn 0.7302 -0.5479 -0.4081
vn 0.7840 -0.4022 -0.4728
vn 0.9002 -0.4015 -0.1685
vn 0.9626 -0.2448 -0.1156
vn 0.9585 -0.2271 -0.1724
vn 0.9295 -0.2094 -0.3034
vn 0.9159 -0.4011 -0.0131
vn 0.9749 -0.2221 0.0111
vn 0.9996 -0.0128 0.0228
vn 0.9881 -0.0635 -0.1399
vn 0.8553 0.0167 0.5179
vn 0.3354 0.2414 0.9106
vn 0.5353 0.2115 0.8177
vn 0.1477 0.2669 0.9523
vn 0.5850 -0.0110 0.8109
vn 0.5547 0.2969 0.7772
vn 0.9896 -0.1190 0.0806
vn 0.1340 0.8782 0.4590
vn 0.9645 -0.2611 0.0395
vn 0.9298 -0.0539 -0.3641
vn 0.8080 -0.0979 -0.5809
vn 0.4792 -0.2418 -0.8437
vn 0.0278 -0.2323 -0.9722
vn -0.5267 -0.2343 -0.8171
vn -0.8454 -0.1509 -0.5124
vn -0.9408 -0.0098 -0.3387
vn -0.7277 -0.6761 -0.1148
vn -0.7769 -0.5074 -0.3727
vn -0.9240 -0.3823 0.0098
vn -0.8464 -0.5201 -0.1143
vn -0.7808 -0.5731 -0.2488
vn -0.6699 -0.7308 -0.1310
vn -0.4272 -0.9026 -0.0530
vn -0.0003 -0.9962 -0.0869
vn 0.4336 -0.8947 -0.1075
vn 0.6390 -0.7554 -0.1451
vn 0.7431 -0.6331 -0.2169
vn 0.8689 -0.4791 -0.1245
vn 0.9240 -0.3782 -0.0555
vn 0.8563 -0.3857 -0.3433
vn 0.8686 -0.4103 -0.2779
vn 0.7455 -0.6640 -0.0573
vn 0.6634 -0.7469 -0.0442
vn 0.7056 -0.4924 -0.5096
vn -0.0115 -0.6545 -0.7559
vn -0.7053 -0.4937 -0.5087
vn -0.8942 -0.4301 -0.1240
vn -0.7352 -0.6751 -0.0605
vn -0.6831 -0.7276 -0.0629
vn 0.6921 -0.5482 -0.4696
vn 0.4718 -0.2107 -0.8562
vn 0.9456 0.3223 0.0438
vn 0.8931 0.4469 -0.0507
vn 0.8231 0.0019 -0.5679
vn 0.6516 0.2801 -0.7049
vn 0.2134 -0.1020 -0.9716
vn -0.4537 0.1990 -0.8686
vn -0.6110 0.3807 -0.6940
vn -0.7377 0.1213 -0.6641
vn -0.6889 0.1311 -0.7129
vn -0.7753 0.0916 -0.6249
vn -0.9268 0.3218 -0.1935
vn -0.8247 0.3041 -0.4768
vn -0.5491 -0.2148 -0.8076
vn -0.5825 0.3180 -0.7480
vn -0.4834 -0.2464 -0.8400
vn -0.9747 0.1604 -0.1552
vn -0.9799 0.1990 0.0156
vn -0.9396 0.3421 0.0038
vn -0.9832 0.1379 0.1197
vn -0.9167 0.3595 0.1743
vn -0.7947 0.2902 0.5330
vn -0.7598 0.3858 0.5233
vn -0.4215 0.3112 0.8517
vn -0.4099 0.5089 0.7570
vn -0.0464 0.5764 0.8158
vn -0.0680 0.2960 0.9528
vn -0.4821 0.2903 0.8266
vn -0.8632 0.1829 0.4705
vn -1.0000 0.0000 0.0000
vn -0.9627 -0.1941 0.1884
vn -0.9352 -0.3495 -0.0565
vn -0.5025 -0.5957 -0.6265
vn -0.8704 -0.4911 -0.0354
vn -0.4172 0.4420 0.7941
vn 0.3087 0.7719 0.5557
vn -0.1844 -0.4608 0.8681
vn -0.0500 -0.1576 0.9862
vn 0.1109 -0.1563 0.9814
vn 0.1208 -0.2769 0.9532
vn 0.1223 -0.3522 0.9279
vn 0.0557 -0.0225 0.9982
vn 0.1010 -0.5152 0.8511
vn 0.0673 -0.0537 0.9963
vn -0.1007 0.2456 0.9641
vn -0.2455 0.3907 0.8872
vn -0.1136 0.2263 0.9674
vn -0.0475 -0.2447 0.9684
vn -0.1791 0.1756 0.9680
vn 0.0632 -0.4686 0.8811
vn -0.1486 -0.7445 0.6509
vn 0.0037 -0.9903 0.1386
vn -0.1549 -0.9562 0.2481
vn -0.0929 -0.7528 -0.6516
vn -0.1399 -0.8610 -0.4889
vn -0.0623 -0.9020 0.4271
vn -0.0191 -0.9266 -0.3754
vn 0.0114 -0.8654 0.5010
vn -0.0152 -0.9730 -0.2303
vn -0.0396 -0.8794 0.4744
vn -0.0339 -0.9832 -0.1795
vn 0.1875 -0.7928 0.5799
vn 0.1598 -0.9847 -0.0686
vn 0.4313 -0.8709 0.2355
vn 0.4132 -0.9013 -0.1296
vn 0.7944 -0.5360 0.2857
vn 0.8314 -0.5547 -0.0327
vn 0.9483 -0.3162 -0.0264
vn 0.8737 -0.3390 0.3487
vn 0.6196 -0.4826 0.6190
vn 0.5648 -0.3327 0.7552
vn 0.4532 -0.1426 0.8799
vn 0.3404 -0.0501 0.9389
vn 0.3292 0.0972 0.9392
vn 0.2567 0.1598 0.9532
vn 0.1630 0.3890 0.9067
vn 0.1220 0.4647 0.8770
vn 0.0802 0.8104 0.5804
vn 0.1422 0.7416 0.6555
vn 0.3165 0.5753 0.7542
vn 0.1393 0.4973 0.8563
vn 0.0008 0.5192 0.8546
vn 0.0574 0.4217 0.9049
vn 0.0806 -0.1795 0.9804
vn -0.4803 -0.4508 0.7523
vn 0.0018 -0.1721 0.9850
vn 0.1429 -0.1406 0.9797
vn 0.3030 0.0161 0.9528
vn 0.1665 0.2065 0.9641
vn 0.3196 -0.1133 0.9407
vn 0.5198 -0.4502 0.7260
vn 0.4016 -0.1634 0.9011
vn 0.2806 -0.3719 0.8849
vn 0.4874 -0.1843 -0.8535
vn 0.6610 0.0845 -0.7455
vn 0.2057 -0.1203 -0.9712
vn -0.0446 -0.4218 -0.9055
vn -0.2432 -0.2051 -0.9480
vn -0.5496 -0.1783 -0.8162
vn -0.7209 0.0447 -0.6915
vn -0.2171 0.1057 -0.9704
vn -0.0833 -0.7092 -0.7000
vn -0.5844 -0.6623 -0.4688
vn -0.7717 -0.4325 -0.4663
vn -0.6201 0.2094 -0.7560
vn -0.5793 0.4257 -0.6950
vn -0.6815 -0.3347 -0.6508
vn -0.5835 -0.6569 -0.4774
vn -0.2458 -0.7507 -0.6132
vn -0.7577 -0.5724 -0.3133
vn -0.0193 -0.8014 -0.5978
vn 0.7852 -0.5026 -0.3615
vn 0.0243 -0.7873 -0.6160
vn 0.5907 -0.7113 -0.3808
vn 0.7119 -0.3208 -0.6247
vn 0.5586 0.2356 -0.7952
vn 0.6004 0.0908 -0.7945
vn 0.7542 -0.2505 -0.6069
vn 0.4066 -0.8234 -0.3957
vn 0.2143 -0.3536 -0.9105
vn 0.3394 0.0746 -0.9377
vn -0.1370 0.8532 -0.5033
vn 0.5645 0.2671 -0.7810
vn -0.0409 0.8719 -0.4880
vn 0.5821 0.2556 -0.7718
vn 0.1602 0.0000 -0.9871
vn 0.0000 0.0000 -1.0000
vn -0.2471 0.0290 -0.9685
vn -0.5588 0.2767 -0.7818
vn -0.8727 0.2257 -0.4330
vn -0.2671 0.1418 -0.9532
vn -0.0475 0.9746 -0.2188
vn -0.0748 0.9544 -0.2890
vn -0.0822 0.8244 -0.5600
vn -0.1216 0.6669 -0.7351
vn -0.2537 0.7924 -0.5547
vn 0.2075 0.9191 -0.3349
vn -0.2469 -0.9665 -0.0702
vn -0.5894 -0.4160 -0.6925
vn -0.0982 -0.9857 -0.1364
vn -0.4675 -0.4104 -0.7829
vn -0.4214 -0.9065 -0.0243
vn 0.0953 -0.4812 -0.8714
vn 0.0000 -0.9506 -0.3103
vn 0.6103 -0.2161 -0.7621
vn 0.3831 -0.9183 -0.0993
vn 0.3249 -0.7426 -0.5855
vn -0.0929 -0.9839 0.1524
vn 0.1380 -0.9872 -0.0803
vn 0.7734 -0.3204 -0.5469
vn 0.5483 0.1824 -0.8161
vn 0.1234 0.3549 -0.9267
vn 0.0000 -0.6716 -0.7409
vn -0.7395 -0.5130 -0.4358
vn -0.2909 -0.9534 0.0801
vn -0.2893 -0.9307 -0.2240
vn 0.7567 -0.5243 -0.3904
vn 0.2909 -0.9534 0.0801
vn 0.1764 0.1790 -0.9679
vn -0.4965 0.5000 -0.7095
vn 0.5435 -0.6849 -0.4852
vn 0.8061 -0.2266 -0.5466
vn 0.5207 -0.5924 -0.6147
vn 0.8764 -0.1017 -0.4707
vn 0.7558 0.2804 -0.5917
vn 0.9214 0.0571 -0.3843
vn 0.8485 0.0171 -0.5289
vn 0.8328 0.3029 -0.4632
vn 0.6026 0.2011 -0.7723
vn 0.4806 -0.6597 -0.5777
vn 0.1138 -0.6198 -0.7764
vn 0.4079 -0.8611 -0.3035
vn 0.2520 -0.9464 -0.2019
vn 0.3686 -0.5800 -0.7264
vn 0.5363 -0.1506 -0.8305
vn 0.5729 -0.1693 -0.8020
vn 0.8028 -0.2136 -0.5567
vn 0.8184 -0.1254 -0.5607
vn 0.7946 0.0276 -0.6064
vn 0.9103 -0.0162 -0.4136
vn 0.7667 -0.0494 -0.6401
vn 0.4543 0.2102 -0.8657
vn 0.1781 0.1921 -0.9651
vn 0.1760 0.1892 -0.9660
vn 0.6794 0.2958 -0.6715
vn 0.1569 0.2492 -0.9556
vn 0.0000 -0.2485 -0.9686
vn 0.4101 -0.3804 -0.8289
vn 0.1220 -0.5840 -0.8025
vn 0.3313 -0.9434 -0.0133
vn 0.4652 -0.4413 -0.7674
vn -0.4209 -0.8923 0.1629
vn 0.1800 -0.7572 -0.6279
vn -0.3334 -0.9418 -0.0438
vn 0.7321 -0.6589 -0.1728
vn 0.4955 -0.7505 -0.4373
vn 0.6089 -0.5695 -0.5521
vn 0.5417 0.6140 -0.5740
vn 0.5866 0.0613 -0.8075
vn 0.5852 0.4245 -0.6909
vn 0.3612 0.8357 -0.4137
vn 0.4656 0.1810 -0.8663
vn 0.1726 0.7972 -0.5785
vn 0.4294 0.1665 -0.8876
vn 0.0580 0.6314 -0.7732
vn 0.2109 0.2831 -0.9356
vn 0.6577 0.2505 -0.7103
vn 0.7638 0.0866 -0.6396
vn 0.4908 -0.7570 0.4314
vn 0.5479 -0.4088 -0.7298
vn 0.7284 -0.4438 -0.5219
vn 0.6357 -0.2120 -0.7422
vn 0.0470 -0.4018 -0.9145
vn 0.1737 -0.6261 -0.7601
vn 0.3225 -0.6247 -0.7111
vn 0.5335 -0.4666 -0.7054
vn 0.4549 -0.6205 -0.6387
vn 0.0464 0.1763 -0.9832
vn 0.1518 0.6919 -0.7058
vn -0.2865 0.1773 -0.9415
vn -0.4363 -0.3582 0.8254
vn -0.4545 -0.3522 0.8181
vn -0.5761 -0.2013 0.7922
vn -0.5000 -0.2505 0.8290
vn -0.5744 -0.0810 0.8145
vn -0.5438 -0.0988 0.8333
vn -0.6304 -0.0155 0.7761
vn -0.6723 -0.0052 0.7403
vn -0.8087 0.0782 0.5829
vn -0.8709 0.1076 0.4795
vn 0.0680 -0.1133 -0.9912
vn -0.3907 -0.5365 -0.7480
vn -0.3529 -0.2922 -0.8889
vn -0.4858 -0.0797 -0.8704
vn -0.6675 -0.1486 -0.7296
vn -0.7732 -0.1234 -0.6220
vn -0.8151 -0.2560 -0.5196
vn -0.8169 -0.0352 -0.5757
vn -0.9009 -0.0511 -0.4310
vn -0.7086 -0.1085 -0.6972
vn -0.3304 0.1305 -0.9348
vn -0.0205 0.1745 -0.9844
vn -0.2096 0.1663 -0.9635
vn -0.0117 0.2296 -0.9732
vn -0.2565 -0.0086 -0.9665
vn -0.1166 0.0000 -0.9932
vn -0.3554 0.0996 -0.9293
vn -0.0948 -0.4622 -0.8816
vn 0.0170 -0.3149 -0.9489
vn -0.3810 -0.0780 -0.9212
vn -0.6324 -0.7071 -0.3162
vn -0.6438 0.4538 -0.6160
vn -0.6192 0.1404 -0.7725
vn -0.5924 0.4251 -0.6844
vn -0.4039 0.1511 -0.9022
vn -0.5826 0.2131 -0.7843
vn -0.7703 0.0940 -0.6307
vn -0.4568 -0.5618 -0.6897
vn -0.5871 -0.5194 -0.6209
vn -0.5542 -0.3254 -0.7661
vn -0.3783 -0.5611 -0.7362
vn -0.3473 -0.7631 -0.5450
vn -0.5797 -0.7840 -0.2219
vn -0.7487 -0.1579 -0.6437
vn -0.0763 0.0827 -0.9936
vn -0.0300 0.3889 -0.9208
vn -0.7483 0.2664 -0.6074
vn -0.8824 -0.1281 -0.4527
vn -0.4875 -0.4725 -0.7342
vn -0.1204 -0.9254 -0.3594
vn -0.7496 0.1922 -0.6333
vn -0.8166 0.2736 -0.5083
vn -0.8119 0.2834 -0.5104
vn -0.3663 0.1942 -0.9100
vn -0.1303 0.2013 -0.9708
vn -0.3147 0.2473 -0.9164
vn -0.1115 -0.6528 -0.7493
vn -0.2495 -0.3538 -0.9014
vn -0.6874 -0.1257 -0.7153
vn -0.7203 -0.5214 -0.4574
vn -0.7970 0.0017 -0.6039
vn 0.0844 -0.7355 -0.6722
vn 0.1582 -0.9711 0.1784
vn 0.2397 -0.9426 0.2325
vn 0.2169 -0.7489 -0.6262
vn 0.1845 -0.9156 0.3573
vn 0.1493 -0.8778 -0.4552
vn 0.0180 -0.9036 0.4280
vn -0.0681 -0.9221 -0.3809
vn -0.2097 -0.9248 -0.3174
vn 0.0000 -0.9183 0.3958
vn -0.7216 0.6780 -0.1395
vn -0.6790 0.7103 0.1851
vn -0.7457 0.5162 0.4212
vn -0.3565 0.8012 0.4806
vn -0.0365 0.8776 0.4780
vn -0.3429 0.9342 0.0979
vn -0.3947 0.8776 -0.2719
vn -0.3576 0.7831 -0.5088
vn -0.1614 0.9274 -0.3373
vn -0.1354 0.9679 -0.2117
vn -0.0916 0.9884 0.1206
vn 0.2141 0.8437 0.4922
vn 0.2743 0.5557 0.7848
vn 0.6678 0.5887 0.4554
vn 0.7088 0.3725 0.5990
vn 0.6976 0.7117 0.0826
vn 0.2110 0.9697 0.1228
vn 0.2305 0.9501 -0.2100
vn 0.1366 0.9608 -0.2412
vn 0.4689 0.7756 -0.4224
vn 0.7969 0.5824 -0.1604
vn 0.6589 0.7425 -0.1204
vn 0.5151 0.8405 -0.1678
vn 0.9155 0.3600 0.1795
vn 0.7366 0.2378 0.6331
vn 0.3326 0.2722 0.9029
vn 0.2253 -0.2342 -0.9457
vn 0.0610 -0.5038 -0.8616
vn -0.0189 -0.5692 -0.8219
vn -0.0423 -0.5831 -0.8113
vn 0.0468 -0.6493 -0.7591
vn 0.4090 -0.7852 -0.4649
vn 0.6839 -0.6117 -0.3976
vn 0.7585 -0.4617 -0.4599
vn 0.4919 -0.4357 -0.7537
vn 0.6977 -0.1785 -0.6938
vn 0.3665 0.0448 -0.9293
vn 0.4985 0.2709 -0.8235
vn 0.0499 0.1989 -0.9787
vn 0.0733 0.3137 -0.9467
vn -0.0558 0.5765 -0.8152
vn 0.2405 0.0890 -0.9665
vn 0.3489 -0.0715 -0.9344
vn 0.4642 -0.5311 -0.7089
vn 0.3786 -0.2792 -0.8824
vn 0.3040 0.4159 -0.8571
vn 0.2458 0.3471 -0.9050
vn 0.1428 0.6231 -0.7689
vn -0.0355 0.7594 -0.6496
vn -0.1210 0.8774 -0.4641
vn 0.1274 0.5401 -0.8319
vn 0.1374 0.5946 -0.7922
vn 0.0071 0.7631 -0.6463
vn 0.0090 0.8248 -0.5654
vn -0.0611 0.8189 -0.5706
vn -0.2695 0.8151 -0.5128
vn -0.3131 0.8653 -0.3915
vn -0.2179 0.9583 -0.1849
vn -0.0479 0.9781 -0.2027
vn 0.0479 0.9785 -0.2004
vn 0.0512 0.9687 -0.2427
vn 0.0049 0.8840 -0.4675
vn -0.0146 0.8332 -0.5528
vn 0.0000 0.8437 -0.5368
vn -0.0208 0.4930 -0.8698
vn 0.0193 0.4935 -0.8695
vn -0.0555 -0.2065 -0.9768
vn -0.2284 -0.4568 -0.8597
vn 0.0970 -0.0237 -0.9950
vn 0.1207 -0.0539 -0.9912
vn 0.0480 0.1135 -0.9924
vn -0.0970 0.0089 -0.9952
vn -0.0664 0.2656 -0.9618
vn 0.0048 0.2586 -0.9659
vn -0.0280 0.2698 -0.9625
vn -0.0302 0.1580 -0.9870
vn 0.1070 -0.0689 -0.9919
vn -0.1511 0.6398 -0.7535
vn -0.0099 0.6681 -0.7439
vn 0.0567 0.7056 -0.7063
vn 0.0661 0.7147 -0.6963
vn 0.0346 0.6375 -0.7696
vn -0.6813 -0.3084 -0.6638
vn 0.1592 0.7616 -0.6281
vn 0.7047 -0.4286 -0.5653
vn 0.7586 -0.2678 -0.5939
vn 0.5203 -0.3428 -0.7821
vn 0.9731 -0.0474 -0.2253
vn 0.9813 0.1870 -0.0452
vn 0.9768 -0.0360 -0.2112
vn 0.9510 -0.1321 0.2796
vn 0.9361 0.1646 -0.3107
vn 0.9719 0.2165 0.0921
vn 0.9018 0.4256 -0.0751
vn 0.8924 0.3688 -0.2599
vn 0.5947 -0.2078 -0.7766
vn 0.7621 0.0976 -0.6401
vn 0.3511 -0.3482 -0.8692
vn 0.2920 -0.3921 -0.8723
vn 0.6855 -0.2821 -0.6711
vn 0.4193 -0.4422 -0.7928
vn -0.4503 0.7190 -0.5293
vn 0.4768 0.7445 -0.4672
vn 0.7345 -0.5152 -0.4415
vn 0.0057 -0.9860 -0.1668
vn -0.7674 -0.4564 -0.4502
vn 0.6540 0.2669 -0.7078
vn 0.3234 0.1953 -0.9259
vn 0.7129 -0.0590 -0.6988
vn 0.9387 0.0508 -0.3410
vn 0.7514 -0.2330 -0.6173
vn 0.9475 -0.1226 -0.2954
vn 0.9715 -0.0245 -0.2355
vn 0.9264 -0.1239 -0.3555
vn 0.6356 -0.3557 -0.6851
vn 0.4090 -0.3198 -0.8546
vn 0.3829 -0.1696 -0.9080
vn -0.3787 0.0582 -0.9237
vn -0.4365 -0.0078 -0.8997
vn -0.5126 0.0061 -0.8585
vn -0.3420 0.0461 -0.9385
vn -0.3843 -0.0430 -0.9222
vn -0.4590 -0.0707 -0.8856
vn -0.4586 -0.0613 -0.8865
vn -0.4648 -0.0573 -0.8835
vn -0.4722 -0.0569 -0.8796
vn -0.4727 -0.0716 -0.8783
vn -0.4833 -0.0558 -0.8737
vn 0.3307 0.0792 -0.9404
vn 0.3566 0.0211 -0.9340
vn 0.3580 0.0473 -0.9325
vn 0.3339 0.0808 -0.9391
vn 0.3532 0.0548 -0.9339
vn 0.4805 0.0305 -0.8764
vn 0.4055 -0.0161 -0.9139
vn 0.4788 -0.0497 -0.8765
vn 0.5196 -0.0242 -0.8540
vn 0.5323 0.0642 -0.8441
vn 0.5385 0.0087 -0.8426
vn -0.5774 0.3006 -0.7591
vn -0.7444 0.2907 -0.6011
vn -0.7188 0.1774 -0.6722
vn -0.5943 0.4438 -0.6706
vn -0.7898 0.3954 -0.4689
vn -0.8661 0.0904 -0.4916
vn -0.8817 0.1068 -0.4595
vn -0.9123 0.1057 -0.3956
vn -0.8572 0.0665 -0.5105
vn -0.8008 0.0595 -0.5959
vn -0.6097 -0.0101 -0.7926
vn 0.0271 0.9977 0.0613
vn 0.1067 0.9044 -0.4130
vn 0.0530 0.7780 -0.6260
vn 0.1144 0.8815 -0.4581
vn -0.1262 0.5265 -0.8407
vn 0.0751 0.5801 -0.8111
vn -0.0245 0.1833 -0.9827
vn -0.0364 0.2126 -0.9764
vn -0.3646 0.0593 -0.9293
vn -0.4269 0.2415 -0.8715
vn -0.5475 -0.4357 -0.7144
vn -0.6945 -0.2701 -0.6668
vn -0.6534 -0.6124 -0.4449
vn -0.7661 -0.4632 -0.4454
vn -0.9214 -0.3864 -0.0403
vn -0.8186 -0.5699 -0.0717
vn -0.3442 -0.7794 -0.5234
vn -0.4561 -0.8837 -0.1049
vn -0.1021 -0.7143 -0.6923
vn -0.1453 -0.9864 -0.0764
vn 0.0154 -0.5916 -0.8060
vn 0.0280 -0.9875 -0.1548
vn 0.0145 -0.9748 -0.2225
vn -0.0049 -0.5766 -0.8170
vn 0.0208 0.2358 -0.9716
vn 0.0028 0.2805 -0.9598
vn -0.0464 0.7471 -0.6630
vn -0.0159 0.8174 -0.5759
vn -0.1152 0.9741 -0.1945
vn -0.0593 0.9940 -0.0920
vn -0.0378 0.9343 0.3545
vn -0.0815 0.8751 0.4769
vn -0.0269 0.5047 0.8628
vn -0.0546 0.4292 0.9015
vn 0.0068 -0.1484 0.9889
vn -0.0553 -0.1653 0.9846
vn 0.0570 -0.8432 0.5346
vn -0.0073 -0.8899 0.4561
vn -0.1447 -0.8050 0.5753
vn -0.4657 -0.8286 0.3106
vn -0.7760 -0.5561 0.2976
vn -0.8332 -0.4068 0.3744
vn -0.6329 -0.5132 0.5796
vn -0.5565 -0.3540 0.7516
vn -0.4443 -0.2696 0.8543
vn -0.3000 -0.0915 0.9495
vn -0.2306 0.0469 0.9719
vn -0.2019 0.1629 0.9657
vn -0.0991 0.4240 0.9002
vn -0.1220 0.4647 0.8770
vn -0.1149 0.7757 0.6204
vn -0.0980 0.9781 0.1836
vn -0.1356 0.9349 -0.3280
vn -0.1953 0.6819 -0.7048
vn -0.3007 0.3016 -0.9048
vn -0.2657 0.4364 -0.8596
vn -0.2587 0.8708 -0.4181
vn -0.2432 0.9324 0.2673
vn -0.2520 0.9312 -0.2631
vn -0.2243 0.9028 0.3669
vn -0.1830 0.4351 0.8816
vn -0.1802 -0.2333 0.9556
vn -0.4115 -0.7206 0.5580
vn -0.5265 -0.5575 0.6419
vn -0.3512 -0.1588 0.9227
vn -0.2094 0.2920 0.9332
vn -0.1682 0.7493 0.6405
vn -0.2697 0.5992 0.7538
vn -0.3087 0.0996 0.9459
vn -0.3344 -0.3768 0.8638
vn -0.2381 0.4642 -0.8531
vn -0.1401 -0.0490 -0.9889
vn -0.2992 -0.2389 -0.9238
vn -0.3825 -0.1186 -0.9163
vn -0.2823 0.0607 -0.9574
vn -0.4078 -0.5766 -0.7079
vn -0.9913 -0.0887 -0.0973
vn -0.8479 0.2299 0.4777
vn -0.9098 0.3244 0.2589
vn -0.9149 0.4033 0.0147
vn -0.5707 0.3778 0.7291
vn -0.4117 0.3870 0.8250
vn -0.5566 0.2276 0.7990
vn -0.4497 0.2062 0.8690
vn 0.9298 0.2863 0.2311
vn 0.9734 0.1718 -0.1513
vn 0.9317 0.3590 0.0557
vn 0.8563 0.4399 0.2707
vn 0.8618 0.4382 0.2552
vn 0.7784 0.4113 0.4742
vn 0.4990 0.3905 0.7736
vn 0.3015 0.4135 0.8591
vn 0.3287 0.2223 0.9179
vn 0.1667 0.1225 0.9783
vn 0.1621 0.0119 0.9867
vn 0.2553 0.0565 0.9652
vn 0.6178 0.3567 0.7007
vn 0.5299 0.1718 0.8304
vn -0.7443 0.3286 0.5813
vn -0.4745 0.0863 0.8760
vn -0.5013 0.2999 0.8116
vn -0.8108 0.3450 0.4729
vn -0.0659 0.2333 0.9702
vn 0.1297 0.1870 0.9737
vn -0.1168 0.0450 0.9921
vn -0.0138 0.1104 0.9938
vn -0.9553 0.1485 -0.2556
vn -0.9610 0.1849 -0.2055
vn -0.9488 0.1252 -0.2899
vn -0.9846 0.1340 -0.1116
vn -0.9715 0.2134 0.1032
vn -0.9617 0.1124 0.2500
vn -0.9213 0.1112 0.3726
vn -0.9451 0.1653 0.2818
vn -0.8797 0.4727 -0.0523
vn -0.8158 0.5091 -0.2745
vn -0.6028 0.4932 -0.6272
vn -0.4698 0.6817 -0.5608
vn -0.6873 0.3334 -0.6453
vn -0.5994 0.3847 -0.7019
vn -0.6377 -0.0573 -0.7682
vn -0.4348 -0.0405 -0.8996
vn -0.5818 -0.2537 -0.7727
vn -0.3423 -0.2667 -0.9009
vn -0.4168 -0.3126 -0.8535
vn -0.7141 -0.2672 -0.6470
vn -0.8813 -0.1652 -0.4428
vn -0.9297 -0.1076 -0.3522
vn -0.9724 -0.0296 -0.2316
vn -0.9734 -0.0563 -0.2222
vn -0.9110 0.0006 -0.4123
vn -0.8854 0.3406 -0.3162
vn -0.9585 0.2733 -0.0814
vn -0.9705 0.0320 -0.2386
vn -0.6912 0.1913 -0.6968
vn -0.4698 0.1342 -0.8725
vn -0.1811 0.2536 -0.9502
vn -0.4254 0.2240 -0.8768
vn -0.0302 0.3964 -0.9176
vn -0.1569 0.4283 -0.8899
vn -0.5302 -0.0028 -0.8479
vn -0.8183 0.0417 -0.5733
vn -0.3852 0.0181 -0.9226
vn -0.7596 0.1920 -0.6214
vn -0.8242 -0.1177 -0.5539
vn -0.8937 0.1310 -0.4290
vn -0.9640 0.1068 -0.2435
vn -0.8666 -0.2535 -0.4297
vn -0.4641 -0.7086 -0.5314
vn -0.6909 -0.0993 -0.7161
vn -0.0373 -0.1323 -0.9905
vn -0.2422 -0.0498 -0.9689
vn -0.9832 -0.0487 -0.1759
vn -0.9533 -0.2383 -0.1854
vn -0.8700 -0.0951 -0.4837
vn -0.8969 -0.0167 -0.4419
vn -0.7687 0.0990 -0.6319
vn -0.8415 0.1265 -0.5252
vn -0.7501 0.1973 -0.6312
vn -0.7730 0.2250 -0.5931
vn -0.7111 0.2921 -0.6395
vn -0.6493 0.3993 -0.6472
vn -0.5392 0.4895 -0.6853
vn -0.4901 0.6195 -0.6132
vn -0.6488 0.7604 0.0286
vn -0.6124 0.7848 -0.0951
vn -0.2537 0.8607 0.4414
vn -0.6914 0.5480 0.4707
vn -0.9037 0.3415 -0.2582
vn -0.9748 0.1967 -0.1056
vn -0.9962 0.0364 -0.0793
vn -0.9817 0.0337 0.1874
vn -0.9630 0.0398 0.2666
vn -0.9863 0.0760 0.1465
vn -0.9596 0.1891 0.2081
vn -0.9991 0.0420 0.0000
vn 0.8278 0.2664 -0.4937
vn 0.7240 0.4627 -0.5116
vn 0.6675 0.4443 -0.5975
vn 0.7811 0.2626 -0.5664
vn 0.6560 0.3375 -0.6750
vn 0.8406 0.1493 -0.5206
vn 0.8537 0.0563 -0.5177
vn 0.8941 0.0783 -0.4409
vn 0.8960 0.0687 -0.4387
vn 0.8773 0.1005 -0.4693
vn 0.8425 0.0614 -0.5352
vn 0.8730 0.1634 -0.4595
vn 0.7617 0.3944 0.5141
vn 0.7080 0.5740 0.4114
vn 0.7002 0.5884 0.4044
vn 0.7177 0.4417 0.5382
vn 0.6438 0.5817 0.4970
vn 0.6630 0.3758 0.6474
vn 0.7575 0.2507 0.6027
vn 0.7448 0.2626 0.6135
vn 0.7289 0.2662 0.6307
vn 0.7519 0.2656 0.6034
vn 0.7750 0.2435 0.5831
vn 0.7630 0.2662 0.5891
vn -0.7617 0.3944 0.5141
vn -0.7002 0.5884 0.4044
vn -0.7080 0.5740 0.4114
vn -0.7324 0.4447 0.5156
vn -0.6532 0.5946 0.4687
vn -0.7085 0.3808 0.5941
vn -0.7747 0.2373 0.5860
vn -0.7853 0.2258 0.5763
vn -0.7398 0.2534 0.6233
vn -0.7519 0.2656 0.6034
vn -0.7750 0.2435 0.5831
vn -0.7630 0.2662 0.5891
vn -0.6146 0.4650 0.6371
vn -0.5544 0.6207 0.5543
vn -0.5625 0.6013 0.5674
vn -0.5742 0.5043 0.6449
vn -0.4843 0.6388 0.5977
vn -0.5439 0.4135 0.7301
vn -0.4779 0.2770 0.8336
vn -0.4825 0.2524 0.8387
vn -0.4355 0.2660 0.8600
vn -0.4283 0.2849 0.8575
vn -0.4766 0.2971 0.8274
vn -0.4221 0.2961 0.8568
vn 0.4612 0.4162 -0.7836
vn 0.5118 0.2950 -0.8068
vn 0.8621 -0.0516 -0.5041
vn 0.7510 0.0453 -0.6587
vn 0.7116 -0.6057 -0.3558
vn 0.4454 -0.6239 -0.6421
vn 0.0043 -0.9993 -0.0358
vn 0.0125 -0.9351 -0.3542
vn -0.5230 -0.8523 0.0000
vn -0.5429 -0.6955 -0.4706
vn -0.6495 0.4851 -0.5855
vn -0.5955 0.3658 -0.7152
vn 0.0078 0.6910 -0.7228
vn -0.1503 0.6939 -0.7042
vn 0.2325 0.2376 -0.9431
vn -0.5072 -0.0720 -0.8588
vn 0.1044 -0.3430 -0.9335
vn -0.1176 0.4064 -0.9061
vn -0.4019 -0.3142 -0.8601
vn -0.5884 -0.0939 -0.8031
vn -0.4348 0.0493 -0.8992
vn 0.0000 0.9732 0.2297
vn -0.5114 0.0544 -0.8576
vn -0.6049 0.0001 -0.7963
vn -0.5282 0.5351 -0.6593
vn -0.3646 0.3372 -0.8679
vn 0.0753 0.8045 -0.5891
vn 0.2337 0.6753 -0.6995
vn 0.6541 0.6765 -0.3383
vn 0.6240 0.4684 -0.6255
vn 0.9046 -0.1341 -0.4046
vn 0.6404 -0.7635 -0.0839
vn 0.6380 -0.6475 -0.4167
vn -0.1003 -0.9923 -0.0718
vn 0.0853 -0.9101 -0.4054
vn -0.5588 -0.8282 -0.0431
vn -0.5010 -0.6447 -0.5773
vn -0.1966 -0.0411 -0.9796
vn 0.0595 0.1201 -0.9910
vn 0.0357 0.2592 -0.9651
vn 0.3355 0.2156 -0.9170
vn 0.8577 -0.1404 -0.4946
vn 0.4772 -0.3676 -0.7982
vn 0.0846 -0.8403 -0.5355
vn -0.0390 -0.5314 -0.8462
vn 0.2524 -0.2524 -0.9341
vn 0.1469 -0.5958 -0.7896
vn 0.8407 -0.3998 -0.3652
vn 0.5032 -0.8525 -0.1411
vn -0.4068 -0.6424 -0.6495
vn -0.0627 -0.9908 -0.1200
vn -0.6691 -0.6323 -0.3904
vn -0.7642 -0.6242 -0.1621
vn -0.0860 -0.9945 -0.0590
vn 0.5692 -0.8221 -0.0053
vn -0.0798 -0.9965 0.0245
vn 0.6605 -0.7091 0.2466
vn 0.6397 -0.7673 -0.0454
vn -0.0242 -0.9995 0.0179
vn 0.7384 -0.6455 0.1951
vn 0.2561 -0.6179 0.7433
vn -0.5805 -0.5813 0.5701
vn -0.7645 -0.6438 0.0326
vn -0.6825 -0.7222 0.1120
vn -0.5452 -0.8174 0.1859
vn -0.1112 -0.5297 -0.8408
vn -0.5093 -0.8516 -0.1242
vn -0.8575 -0.3302 -0.3945
vn 0.4446 -0.6311 -0.6355
vn 0.0606 -0.9914 -0.1159
vn 0.5765 -0.7362 -0.3544
vn 0.6973 -0.7029 -0.1403
vn 0.0829 -0.9949 -0.0578
vn -0.5298 -0.8479 0.0174
vn 0.1009 -0.9948 0.0166
vn -0.6944 -0.6875 0.2122
vn -0.6616 -0.7487 -0.0414
vn 0.0348 -0.9992 0.0182
vn -0.7618 -0.6159 0.2008
vn -0.2908 -0.6041 0.7419
vn 0.6088 -0.5523 0.5694
vn 0.7760 -0.6299 0.0318
vn 0.6438 -0.7567 0.1137
vn 0.5890 -0.7922 0.1594
vn -0.7343 0.5552 -0.3905
vn -0.4256 0.6073 -0.6708
vn -0.7751 0.5300 -0.3439
vn -0.9696 0.2346 -0.0695
vn -0.9879 0.0826 0.1308
vn -0.9934 -0.0351 0.1090
vn -0.6975 -0.0126 0.7164
vn 0.3899 -0.0139 0.9207
vn 0.9387 0.0108 0.3445
vn 0.3261 0.1135 0.9385
vn 0.9553 0.0760 0.2858
vn 0.8100 -0.0248 0.5859
vn 0.7577 0.2109 0.6176
vn 0.2242 0.2301 0.9470
vn -0.6316 0.1646 0.7576
vn -0.9148 0.0967 0.3922
vn -0.9894 0.0902 0.1138
vn -0.8428 0.1089 0.5271
vn -0.6528 0.2030 0.7298
vn -0.9849 0.1409 0.1000
vn -0.9346 0.2499 -0.2531
vn -0.8643 0.2668 -0.4263
vn -0.7838 0.4385 -0.4397
vn -0.6401 0.5027 -0.5810
vn -0.1617 0.6270 -0.7620
vn -0.0060 0.5936 -0.8047
vn 0.5681 0.5461 -0.6157
vn 0.6632 0.4324 -0.6109
vn 0.9662 0.1622 -0.2004
vn 0.9683 0.2495 0.0120
vn 0.9415 -0.2929 0.1665
vn 0.9986 -0.0441 -0.0293
vn 0.9821 0.1663 0.0880
vn 0.9840 0.0332 0.1749
vn 0.9995 0.0154 -0.0288
vn 0.9900 -0.0071 -0.1407
vn 0.6596 0.4406 -0.6089
vn 0.5409 0.7694 -0.3396
vn 0.4978 0.8188 -0.2859
vn -0.0642 0.9288 -0.3649
vn 0.0948 0.5145 -0.8522
vn -0.3283 0.8697 -0.3685
vn -0.7079 0.6420 -0.2944
vn -0.9570 0.2731 -0.0972
vn -0.3062 0.7584 -0.5753
vn 0.2823 0.8138 -0.5079
vn 0.7181 0.6795 -0.1501
vn 0.9012 0.3847 -0.1993
vn 0.4377 0.6055 -0.6646
vn 0.7744 0.4057 -0.4855
vn 0.8946 0.3804 -0.2342
vn 0.9555 0.2810 -0.0893
vn 0.9797 0.1313 0.1513
vn 0.9906 -0.0458 0.1289
vn 0.6678 -0.0064 0.7443
vn -0.3793 0.0280 0.9248
vn -0.9309 0.0377 0.3633
vn -0.3492 0.1138 0.9301
vn -0.9404 0.0814 0.3302
vn -0.7646 0.0141 0.6443
vn -0.7723 0.1806 0.6091
vn -0.3160 0.1663 0.9340
vn 0.6196 0.1548 0.7695
vn 0.9239 0.0852 0.3728
vn 0.9918 0.1219 0.0379
vn 0.8564 0.1471 0.4948
vn 0.5770 0.2491 0.7778
vn 0.9831 0.1753 0.0523
vn 0.9073 0.2822 -0.3115
vn 0.8822 0.2330 -0.4092
vn 0.7430 0.4411 -0.5033
vn 0.6637 0.4433 -0.6025
vn 0.2063 0.6170 -0.7594
vn 0.0196 0.6159 -0.7875
vn -0.5234 0.6066 -0.5983
vn -0.6866 0.4711 -0.5537
vn -0.9756 0.1578 -0.1529
vn -0.9645 0.2569 0.0608
vn -0.9399 -0.2658 0.2144
vn -0.9987 -0.0432 -0.0249
vn -0.9890 0.1296 0.0708
vn -0.9836 0.0719 0.1650
vn -0.9988 0.0484 0.0069
vn -0.9822 0.0830 -0.1683
vn -0.6055 0.5039 -0.6160
vn -0.4753 0.8115 -0.3400
vn -0.4478 0.8486 -0.2817
vn -0.7952 0.5774 -0.1852
vn -0.9472 0.2986 -0.1165
vn -0.2339 0.7741 -0.5882
vn 0.3362 0.7504 -0.5691
vn 0.6959 0.6518 -0.3015
vn 0.9760 0.1047 -0.1906
vn 0.3207 0.8762 -0.3596
vn -0.0747 0.5753 -0.8145
vn 0.0609 0.9257 -0.3734
vn 0.0976 0.5902 0.8013
vn 0.2239 0.9731 0.0533
vn 0.1150 0.7966 -0.5935
vn 0.0440 0.2974 -0.9537
vn -0.0394 -0.4783 -0.8773
vn 0.0138 -0.9385 -0.3449
vn -0.2191 -0.2712 -0.9373
vn 0.1485 -0.8758 -0.4592
vn 0.1072 -0.7558 -0.6460
vn 0.0863 0.2562 -0.9627
vn 0.2836 0.7946 -0.5368
vn 0.2813 0.9387 0.1992
vn 0.1172 0.5476 0.8285
vn 0.0882 0.9399 0.3298
vn 0.1346 0.5682 0.8118
vn 0.0233 0.9411 0.3373
vn 0.0183 0.5476 0.8365
vn -0.0649 0.9169 0.3937
vn -0.0733 0.4451 0.8924
vn -0.0269 0.9711 0.2371
vn -0.0544 0.5734 0.8174
vn 0.0066 0.9887 0.1497
vn -0.0330 0.6428 0.7653
vn 0.0420 0.9972 -0.0611
vn 0.1547 0.8067 0.5704
vn 0.0347 0.9001 0.4343
vn -0.1090 0.8973 0.4278
vn -0.0236 0.8245 0.5653
vn 0.1111 -0.2494 0.9620
vn 0.0688 -0.5106 0.8570
vn -0.0209 -0.9163 0.3999
vn 0.0714 -0.8632 0.4997
vn 0.2033 -0.9313 -0.3023
vn 0.0508 -0.9091 -0.4136
vn -0.1892 -0.9074 0.3751
vn -0.1604 -0.8404 -0.5175
vn -0.2168 -0.9371 0.2735
vn -0.1813 -0.7609 -0.6229
vn -0.1766 -0.9653 0.1922
vn -0.1085 -0.7344 -0.6699
vn 0.0370 -0.9923 0.1181
vn 0.1526 -0.9658 0.2094
vn 0.0678 -0.8896 0.4516
vn 0.0517 -0.2757 0.9598
vn 0.1713 0.1928 0.9661
vn 0.0482 0.4030 0.9139
vn 0.2212 0.0999 0.9701
vn -0.0023 0.0282 0.9996
vn 0.0640 -0.0066 0.9979
vn 0.0414 0.2587 0.9651
vn 0.0455 -0.7398 0.6713
vn -0.0663 -0.5435 0.8368
vn -0.0110 -0.5199 0.8542
vn -0.1349 -0.3317 0.9337
vn -0.1354 -0.2877 0.9481
vn -0.1093 -0.2105 0.9714
vn 0.0000 0.9956 -0.0937
vn 0.0277 0.7748 -0.6316
vn 0.0000 0.7765 -0.6301
vn 0.0341 0.5119 -0.8583
vn -0.0376 0.4527 -0.8909
vn 0.0534 -0.1141 -0.9920
vn 0.1990 -0.3980 -0.8955
vn -0.0741 0.0144 -0.9971
vn -0.1150 -0.0453 -0.9923
vn -0.1176 0.0520 -0.9917
vn 0.0649 0.0063 -0.9979
vn 0.1381 0.6767 -0.7231
vn 0.2760 0.8628 -0.4234
vn 0.1460 0.9495 -0.2778
vn 0.0376 0.7058 -0.7074
vn -0.0662 0.6914 -0.7194
vn -0.0808 0.6936 -0.7158
vn -0.0131 0.6532 -0.7570
vn 0.0060 0.8786 -0.4775
vn -0.0532 0.9569 -0.2855
vn -0.0507 0.9849 -0.1653
vn 0.0250 0.9795 -0.2000
vn 0.5056 -0.4720 0.7222
usemtl Head.009
s 1
f 357/1/1 76/2/2 74/3/3
f 76/2/2 357/1/1 355/4/4
f 355/4/4 22/5/5 76/2/2
f 22/5/5 355/4/4 354/6/6
f 354/6/6 78/7/7 22/5/5
f 78/7/7 354/6/6 352/8/8
f 352/8/8 79/9/9 78/7/7
f 79/9/9 352/8/8 23/10/10
f 23/10/10 81/11/11 79/9/9
f 81/11/11 23/10/10 24/12/12
f 24/12/12 83/13/13 81/11/11
f 83/13/13 24/12/12 25/14/14
f 25/14/14 85/15/15 83/13/13
f 85/15/15 25/14/14 350/16/16
f 350/16/16 26/17/17 85/15/15
f 26/17/17 350/16/16 27/18/18
f 27/18/18 88/19/19 26/17/17
f 88/19/19 27/18/18 348/20/20
f 348/20/20 89/21/21 88/19/19
f 89/21/21 348/20/20 346/22/22
f 346/22/22 90/23/23 89/21/21
f 90/23/23 346/22/22 28/24/24
f 28/24/24 91/25/25 90/23/23
f 91/25/25 28/24/24 344/26/26
f 344/26/26 29/27/27 91/25/25
f 29/27/27 344/26/26 342/28/28
f 342/28/28 30/29/29 29/27/27
f 30/29/29 342/28/28 340/30/30
f 340/30/30 31/31/31 30/29/29
f 31/31/31 340/30/30 338/32/32
f 338/32/32 94/33/33 31/31/31
f 94/33/33 338/32/32 336/34/34
f 336/34/34 96/35/35 94/33/33
f 96/35/35 336/34/34 335/36/36
f 335/36/36 161/37/37 96/35/35
f 161/37/37 335/36/36 32/38/38
f 32/38/38 33/39/39 161/37/37
f 33/39/39 32/38/38 333/40/40
f 333/40/40 163/41/41 33/39/39
f 163/41/41 333/40/40 331/42/42
f 331/42/42 165/43/43 163/41/41
f 165/43/43 331/42/42 34/44/44
f 34/44/44 166/45/45 165/43/43
f 166/45/45 34/44/44 329/46/46
f 329/46/46 167/47/47 166/45/45
f 167/47/47 329/46/46 35/48/48
f 35/48/48 36/49/49 167/47/47
f 36/49/49 35/48/48 326/50/50
f 326/50/50 37/51/51 36/49/49
f 37/51/51 326/50/50 324/52/52
f 324/52/52 170/53/53 37/51/51
f 170/53/53 324/52/52 323/54/54
f 323/54/54 38/55/55 170/53/53
f 38/55/55 323/54/54 39/56/56
f 39/56/56 40/57/57 38/55/55
f 40/57/57 39/56/56 359/58/58
f 359/58/58 73/59/59 40/57/57
f 73/59/59 359/58/58 41/60/60
f 41/60/60 74/3/3 73/59/59
f 74/3/3 41/60/60 357/1/1
f 161/37/37 482/61/61 96/35/35
f 482/61/61 161/37/37 159/62/62
f 159/62/62 481/63/63 482/61/61
f 481/63/63 159/62/62 158/64/64
f 158/64/64 480/65/65 481/63/63
f 480/65/65 158/64/64 157/66/66
f 157/66/66 42/67/67 480/65/65
f 42/67/67 157/66/66 266/68/68
f 266/68/68 478/69/69 42/67/67
f 478/69/69 266/68/68 264/70/70
f 264/70/70 43/71/71 478/69/69
f 43/71/71 264/70/70 263/72/72
f 263/72/72 477/73/73 43/71/71
f 477/73/73 263/72/72 44/74/74
f 44/74/74 475/75/75 477/73/73
f 475/75/75 44/74/74 45/76/76
f 45/76/76 46/77/77 475/75/75
f 46/77/77 45/76/76 47/78/78
f 47/78/78 473/79/79 46/77/77
f 473/79/79 47/78/78 48/80/80
f 48/80/80 49/81/81 473/79/79
f 49/81/81 48/80/80 50/82/82
f 50/82/82 51/83/83 49/81/81
f 51/83/83 50/82/82 241/84/84
f 241/84/84 411/85/85 51/83/83
f 411/85/85 241/84/84 240/86/86
f 240/86/86 52/87/87 411/85/85
f 52/87/87 240/86/86 238/88/88
f 238/88/88 413/89/89 52/87/87
f 413/89/89 238/88/88 53/90/90
f 53/90/90 415/91/91 413/89/89
f 415/91/91 53/90/90 231/92/92
f 231/92/92 54/93/93 415/91/91
f 54/93/93 231/92/92 55/94/94
f 55/94/94 56/95/95 54/93/93
f 56/95/95 55/94/94 57/96/96
f 57/96/96 417/97/97 56/95/95
f 417/97/97 57/96/96 58/98/98
f 58/98/98 419/99/99 417/97/97
f 419/99/99 58/98/98 59/100/100
f 59/100/100 420/101/101 419/99/99
f 420/101/101 59/100/100 172/102/102
f 172/102/102 73/59/59 420/101/101
f 73/59/59 172/102/102 40/57/57
f 60/103/103 610/104/104 137/105/105
f 610/104/104 60/103/103 297/106/106
f 297/106/106 609/107/107 610/104/104
f 609/107/107 297/106/106 61/108/108
f 61/108/108 607/109/109 609/107/107
f 607/109/109 61/108/108 300/110/110
f 300/110/110 62/111/111 607/109/109
f 62/111/111 300/110/110 63/112/112
f 63/112/112 614/113/113 62/111/111
f 614/113/113 63/112/112 64/114/114
f 64/114/114 616/115/115 614/113/113
f 616/115/115 64/114/114 65/116/116
f 65/116/116 618/117/117 616/115/115
f 618/117/117 65/116/116 66/118/118
f 66/118/118 619/119/119 618/117/117
f 619/119/119 66/118/118 67/120/120
f 67/120/120 68/121/121 619/119/119
f 68/121/121 67/120/120 281/122/122
f 281/122/122 69/123/123 68/121/121
f 69/123/123 281/122/122 279/124/124
f 279/124/124 622/125/125 69/123/123
f 622/125/125 279/124/124 274/126/126
f 274/126/126 623/127/127 622/125/125
f 623/127/127 274/126/126 272/128/128
f 272/128/128 624/129/129 623/127/127
f 624/129/129 272/128/128 271/130/130
f 271/130/130 70/131/131 624/129/129
f 70/131/131 271/130/130 269/132/132
f 269/132/132 21/133/133 70/131/131
f 21/133/133 269/132/132 20/134/134
f 105/135/135 239/136/136 71/137/137
f 71/137/137 72/138/138 105/135/135
f 72/138/138 71/137/137 242/139/139
f 420/101/101 73/59/59 74/3/3
f 74/3/3 75/140/140 420/101/101
f 75/140/140 74/3/3 76/2/2
f 76/2/2 422/141/141 75/140/140
f 76/2/2 77/142/142 422/141/141
f 77/142/142 76/2/2 22/5/5
f 77/142/142 22/5/5 78/7/7
f 78/7/7 423/143/143 77/142/142
f 78/7/7 403/144/144 423/143/143
f 403/144/144 78/7/7 79/9/9
f 79/9/9 80/145/145 403/144/144
f 80/145/145 79/9/9 81/11/11
f 81/11/11 82/146/146 80/145/145
f 82/146/146 81/11/11 83/13/13
f 83/13/13 84/147/147 82/146/146
f 84/147/147 83/13/13 85/15/15
f 85/15/15 86/148/148 84/147/147
f 86/148/148 85/15/15 26/17/17
f 26/17/17 87/149/149 86/148/148
f 87/149/149 26/17/17 88/19/19
f 88/19/19 516/150/150 87/149/149
f 516/150/150 88/19/19 89/21/21
f 89/21/21 517/151/151 516/150/150
f 517/151/151 89/21/21 90/23/23
f 90/23/23 518/152/152 517/151/151
f 518/152/152 90/23/23 91/25/25
f 518/152/152 91/25/25 29/27/27
f 29/27/27 92/153/153 518/152/152
f 29/27/27 93/154/154 92/153/153
f 93/154/154 29/27/27 30/29/29
f 93/154/154 30/29/29 31/31/31
f 31/31/31 526/155/155 93/154/154
f 526/155/155 31/31/31 94/33/33
f 94/33/33 95/156/156 526/155/155
f 94/33/33 482/61/61 95/156/156
f 482/61/61 94/33/33 96/35/35
f 99/157/157 490/158/158 104/159/159
f 104/159/159 98/160/160 99/157/157
f 98/160/160 104/159/159 487/161/161
f 98/160/160 487/161/161 486/162/162
f 98/160/160 486/162/162 485/163/163
f 98/160/160 485/163/163 97/164/164
f 98/160/160 97/164/164 102/165/165
f 102/165/165 99/157/157 98/160/160
f 100/166/166 102/165/165 97/164/164
f 102/165/165 100/166/166 101/167/167
f 102/165/165 101/167/167 491/168/168
f 102/165/165 491/168/168 103/169/169
f 103/169/169 99/170/157 102/165/165
f 99/170/157 103/169/169 973/171/170
f 973/171/170 490/158/158 99/170/157
f 490/158/158 973/171/170 104/172/159
f 108/173/171 105/174/135 239/175/136
f 105/174/135 108/173/171 106/176/172
f 106/176/172 107/177/173 105/174/135
f 106/176/172 562/178/174 107/177/173
f 106/176/172 560/179/175 562/178/174
f 106/176/172 72/180/138 560/179/175
f 106/176/172 121/181/176 72/180/138
f 121/181/176 106/176/172 108/173/171
f 108/173/171 119/182/177 121/181/176
f 119/182/177 108/173/171 109/183/178
f 109/183/178 117/184/179 119/182/177
f 117/184/179 109/183/178 110/185/180
f 110/185/180 111/186/181 117/184/179
f 111/186/181 110/185/180 112/187/182
f 111/186/181 112/187/182 113/188/183
f 111/186/181 113/188/183 114/189/184
f 111/186/181 114/189/184 115/190/185
f 111/186/181 115/190/185 116/191/186
f 116/191/186 117/184/179 111/186/181
f 117/184/179 116/191/186 118/192/187
f 118/192/187 119/182/177 117/184/179
f 119/182/177 118/192/187 120/193/188
f 120/193/188 121/181/176 119/182/177
f 121/181/176 120/193/188 122/194/189
f 122/194/189 72/180/138 121/181/176
f 123/195/190 234/196/191 124/197/192
f 234/196/191 123/195/190 125/198/193
f 125/198/193 135/199/194 234/196/191
f 125/198/193 126/200/195 135/199/194
f 126/200/195 125/198/193 123/195/190
f 126/200/195 123/195/190 127/201/196
f 127/201/196 128/202/197 126/200/195
f 128/202/197 127/201/196 129/203/198
f 128/202/197 129/203/198 130/204/199
f 128/202/197 130/204/199 131/205/200
f 128/202/197 131/205/200 132/206/201
f 128/202/197 132/206/201 133/207/202
f 133/207/202 126/200/195 128/202/197
f 126/200/195 133/207/202 134/208/203
f 134/208/203 135/199/194 126/200/195
f 136/209/204 60/210/103 137/211/105
f 137/211/105 190/212/205 136/209/204
f 190/212/205 137/211/105 138/213/206
f 138/213/206 139/214/207 190/212/205
f 139/214/207 138/213/206 1/215/208
f 1/215/208 140/216/209 139/214/207
f 140/216/209 1/215/208 141/217/210
f 141/217/210 142/218/211 140/216/209
f 141/217/210 143/219/212 142/218/211
f 143/219/212 141/217/210 15/220/213
f 15/220/213 144/221/214 143/219/212
f 144/221/214 15/220/213 14/222/215
f 14/222/215 145/223/216 144/221/214
f 145/223/216 14/222/215 146/224/217
f 146/224/217 194/225/218 145/223/216
f 194/225/218 146/224/217 737/226/219
f 737/226/219 195/227/220 194/225/218
f 195/227/220 737/226/219 147/228/221
f 147/228/221 153/229/222 195/227/220
f 147/228/221 148/230/223 153/229/222
f 148/230/223 147/228/221 8/231/224
f 185/232/225 153/229/222 148/230/223
f 153/229/222 185/232/225 149/233/226
f 149/233/226 150/234/227 153/229/222
f 150/234/227 149/233/226 183/235/228
f 150/234/227 183/235/228 182/236/229
f 150/234/227 182/236/229 151/237/230
f 150/234/227 151/237/230 152/238/231
f 152/238/231 153/229/222 150/234/227
f 152/238/231 154/239/232 153/229/222
f 154/239/232 152/238/231 257/240/233
f 257/240/233 196/241/234 154/239/232
f 196/241/234 257/240/233 259/242/235
f 259/242/235 806/243/236 196/241/234
f 806/243/236 259/242/235 258/244/237
f 258/244/237 155/245/238 806/243/236
f 155/245/238 258/244/237 266/68/68
f 266/68/68 156/246/239 155/245/238
f 156/246/239 266/68/68 157/66/66
f 157/66/66 199/247/240 156/246/239
f 199/247/240 157/66/66 158/64/64
f 158/64/64 160/248/241 199/247/240
f 160/248/241 158/64/64 159/62/62
f 160/248/241 159/62/62 161/37/37
f 160/248/241 161/37/37 33/39/39
f 33/39/39 162/249/242 160/248/241
f 162/249/242 33/39/39 163/41/41
f 163/41/41 164/250/243 162/249/242
f 164/250/243 163/41/41 165/43/43
f 165/43/43 202/251/244 164/250/243
f 202/251/244 165/43/43 166/45/45
f 166/45/45 203/252/245 202/251/244
f 203/252/245 166/45/45 167/47/47
f 167/47/47 205/253/246 203/252/245
f 205/253/246 167/47/47 36/49/49
f 36/49/49 168/254/247 205/253/246
f 168/254/247 36/49/49 37/51/51
f 37/51/51 169/255/248 168/254/247
f 169/255/248 37/51/51 170/53/53
f 170/53/53 171/256/249 169/255/248
f 171/256/249 170/53/53 38/55/55
f 171/256/249 38/55/55 40/57/57
f 171/256/249 40/57/57 172/102/102
f 172/102/102 173/257/250 171/256/249
f 173/257/250 172/102/102 59/100/100
f 59/100/100 174/258/251 173/257/250
f 174/258/251 59/100/100 58/98/98
f 58/98/98 177/259/252 174/258/251
f 177/259/252 58/98/98 57/96/96
f 57/96/96 176/260/253 177/259/252
f 176/260/253 57/96/96 55/94/94
f 55/94/94 175/261/254 176/260/253
f 175/261/254 55/94/94 230/262/255
f 175/261/254 230/262/255 234/263/191
f 234/263/191 176/260/253 175/261/254
f 176/260/253 234/263/191 178/264/256
f 178/264/256 177/259/252 176/260/253
f 178/264/256 179/265/257 177/259/252
f 179/265/257 178/264/256 124/266/192
f 124/266/192 209/267/258 179/265/257
f 209/267/258 124/266/192 180/268/259
f 180/268/259 188/269/260 209/267/258
f 180/268/259 181/270/261 188/269/260
f 181/270/261 180/268/259 182/271/229
f 181/270/261 182/271/229 183/272/228
f 183/272/228 184/273/262 181/270/261
f 184/273/262 183/272/228 149/274/226
f 184/273/262 149/274/226 185/275/225
f 184/273/262 185/275/225 186/276/263
f 186/276/263 189/277/264 184/273/262
f 186/276/263 136/209/204 189/277/264
f 136/209/204 186/276/263 187/278/265
f 187/278/265 60/279/103 136/209/204
f 188/269/260 181/270/261 184/273/262
f 184/273/262 211/280/266 188/269/260
f 211/280/266 184/273/262 189/277/264
f 189/277/264 210/281/267 211/280/266
f 210/281/267 189/277/264 136/209/204
f 210/281/267 136/209/204 190/212/205
f 190/212/205 216/282/268 210/281/267
f 216/282/268 190/212/205 139/214/207
f 139/214/207 191/283/269 216/282/268
f 191/283/269 139/214/207 140/216/209
f 140/216/209 192/284/270 191/283/269
f 192/284/270 140/216/209 142/218/211
f 142/218/211 222/285/271 192/284/270
f 222/285/271 142/218/211 143/219/212
f 143/219/212 224/286/272 222/285/271
f 224/286/272 143/219/212 144/221/214
f 144/221/214 193/287/273 224/286/272
f 193/287/273 144/221/214 145/223/216
f 193/287/273 145/223/216 194/225/218
f 193/287/273 194/225/218 195/227/220
f 195/227/220 225/288/274 193/287/273
f 225/288/274 195/227/220 153/229/222
f 225/288/274 153/229/222 154/239/232
f 225/288/274 154/239/232 196/241/234
f 196/241/234 197/289/275 225/288/274
f 197/289/275 196/241/234 806/243/236
f 197/289/275 806/243/236 155/245/238
f 155/245/238 226/290/276 197/289/275
f 226/290/276 155/245/238 156/246/239
f 156/246/239 198/291/277 226/290/276
f 198/291/277 156/246/239 199/247/240
f 199/247/240 200/292/278 198/291/277
f 200/292/278 199/247/240 160/248/241
f 200/292/278 160/248/241 162/249/242
f 162/249/242 201/293/279 200/292/278
f 201/293/279 162/249/242 164/250/243
f 201/293/279 164/250/243 202/251/244
f 202/251/244 229/294/280 201/293/279
f 229/294/280 202/251/244 203/252/245
f 203/252/245 204/295/281 229/294/280
f 204/295/281 203/252/245 205/253/246
f 205/253/246 219/296/282 204/295/281
f 205/253/246 206/297/283 219/296/282
f 206/297/283 205/253/246 168/254/247
f 206/297/283 168/254/247 169/255/248
f 169/255/248 207/298/284 206/297/283
f 207/298/284 169/255/248 171/256/249
f 207/298/284 171/256/249 173/257/250
f 173/257/250 208/299/285 207/298/284
f 208/299/285 173/257/250 174/258/251
f 174/258/251 214/300/286 208/299/285
f 214/300/286 174/258/251 177/259/252
f 177/259/252 212/301/287 214/300/286
f 212/301/287 177/259/252 179/265/257
f 179/265/257 211/280/266 212/301/287
f 211/280/266 179/265/257 209/267/258
f 209/267/258 188/269/260 211/280/266
f 210/281/267 212/301/287 211/280/266
f 212/301/287 210/281/267 213/302/288
f 213/302/288 214/300/286 212/301/287
f 214/300/286 213/302/288 215/303/289
f 215/303/289 208/299/285 214/300/286
f 215/303/289 207/298/284 208/299/285
f 215/303/289 206/297/283 207/298/284
f 215/303/289 218/304/290 206/297/283
f 218/304/290 215/303/289 213/302/288
f 213/302/288 217/305/291 218/304/290
f 213/302/288 216/282/268 217/305/291
f 216/282/268 213/302/288 210/281/267
f 191/283/269 217/305/291 216/282/268
f 217/305/291 191/283/269 192/284/270
f 217/305/291 192/284/270 220/306/292
f 217/305/291 220/306/292 219/296/282
f 219/296/282 218/304/290 217/305/291
f 218/304/290 219/296/282 206/297/283
f 204/295/281 219/296/282 220/306/292
f 220/306/292 221/307/293 204/295/281
f 221/307/293 220/306/292 192/284/270
f 221/307/293 192/284/270 222/285/271
f 222/285/271 223/308/294 221/307/293
f 223/308/294 222/285/271 224/286/272
f 224/286/272 197/289/275 223/308/294
f 197/289/275 224/286/272 193/287/273
f 193/287/273 225/288/274 197/289/275
f 223/308/294 197/289/275 226/290/276
f 226/290/276 227/309/295 223/308/294
f 227/309/295 226/290/276 198/291/277
f 227/309/295 198/291/277 200/292/278
f 227/309/295 200/292/278 201/293/279
f 227/309/295 201/293/279 228/310/296
f 228/310/296 223/308/294 227/309/295
f 228/310/296 221/307/293 223/308/294
f 221/307/293 228/310/296 229/294/280
f 229/294/280 204/295/281 221/307/293
f 201/293/279 229/294/280 228/310/296
f 55/94/94 232/311/297 230/262/255
f 232/311/297 55/94/94 231/92/92
f 232/311/297 231/92/92 233/312/298
f 233/312/298 230/262/255 232/311/297
f 230/262/255 233/312/298 235/313/299
f 235/313/299 234/263/191 230/262/255
f 235/313/299 236/314/300 234/263/191
f 236/314/300 235/313/299 233/312/298
f 233/312/298 575/315/301 236/314/300
f 575/315/301 233/312/298 231/92/92
f 231/92/92 574/316/302 575/315/301
f 574/316/302 231/92/92 53/90/90
f 53/90/90 237/317/303 574/316/302
f 237/317/303 53/90/90 238/88/88
f 237/317/303 238/88/88 71/318/137
f 71/318/137 574/316/302 237/317/303
f 574/316/302 71/318/137 239/136/136
f 240/86/86 71/318/137 238/88/88
f 71/318/137 240/86/86 241/84/84
f 241/84/84 242/319/139 71/318/137
f 242/319/139 241/84/84 50/82/82
f 50/82/82 243/320/304 242/319/139
f 243/320/304 50/82/82 48/80/80
f 243/320/304 48/80/80 47/78/78
f 47/78/78 248/321/305 243/320/304
f 248/321/305 47/78/78 45/76/76
f 45/76/76 245/322/306 248/321/305
f 245/322/306 45/76/76 44/74/74
f 245/322/306 44/74/74 263/72/72
f 263/72/72 244/323/307 245/322/306
f 244/323/307 263/72/72 249/324/308
f 244/323/307 249/324/308 551/325/309
f 551/325/309 245/322/306 244/323/307
f 245/322/306 551/325/309 846/326/310
f 846/326/310 246/327/311 245/322/306
f 246/327/311 846/326/310 847/328/312
f 847/328/312 247/329/313 246/327/311
f 247/329/313 847/328/312 560/330/175
f 247/329/313 560/330/175 72/331/138
f 247/329/313 72/331/138 242/139/139
f 247/329/313 242/139/139 243/332/304
f 243/332/304 246/327/311 247/329/313
f 246/327/311 243/332/304 248/321/305
f 248/321/305 245/322/306 246/327/311
f 261/333/314 551/325/309 249/324/308
f 551/325/309 261/333/314 843/334/315
f 843/334/315 250/335/316 551/325/309
f 250/335/316 843/334/315 255/336/317
f 255/336/317 251/337/318 250/335/316
f 251/337/318 255/336/317 254/338/319
f 254/338/319 552/339/320 251/337/318
f 552/339/320 254/338/319 252/340/321
f 252/340/321 554/341/322 552/339/320
f 252/340/321 585/342/323 554/341/322
f 252/340/321 583/343/324 585/342/323
f 252/340/321 182/236/229 583/343/324
f 252/340/321 151/237/230 182/236/229
f 252/340/321 253/344/325 151/237/230
f 253/344/325 252/340/321 254/338/319
f 254/338/319 830/345/326 253/344/325
f 830/345/326 254/338/319 255/336/317
f 255/336/317 256/346/327 830/345/326
f 256/346/327 255/336/317 259/242/235
f 259/242/235 830/345/326 256/346/327
f 830/345/326 259/242/235 257/240/233
f 257/240/233 253/344/325 830/345/326
f 253/344/325 257/240/233 152/238/231
f 152/238/231 151/237/230 253/344/325
f 258/244/237 259/242/235 255/336/317
f 255/336/317 267/347/328 258/244/237
f 267/347/328 255/336/317 843/334/315
f 843/334/315 260/348/329 267/347/328
f 260/348/329 843/334/315 261/333/314
f 261/333/314 262/349/330 260/348/329
f 262/349/330 261/333/314 249/324/308
f 262/349/330 249/324/308 263/72/72
f 262/349/330 263/72/72 264/70/70
f 264/70/70 265/350/331 262/349/330
f 265/350/331 264/70/70 266/68/68
f 265/350/331 266/68/68 258/244/237
f 265/350/331 258/244/237 267/347/328
f 265/350/331 267/347/328 260/348/329
f 260/348/329 262/349/330 265/350/331
f 20/134/134 268/351/332 17/352/333
f 268/351/332 20/134/134 269/132/132
f 269/132/132 270/353/334 268/351/332
f 269/132/132 548/354/335 270/353/334
f 548/354/335 269/132/132 271/130/130
f 271/130/130 549/355/336 548/354/335
f 549/355/336 271/130/130 272/128/128
f 272/128/128 273/356/337 549/355/336
f 273/356/337 272/128/128 274/126/126
f 274/126/126 275/357/338 273/356/337
f 275/357/338 274/126/126 279/124/124
f 275/357/338 279/124/124 278/358/339
f 278/358/339 276/359/340 275/357/338
f 278/358/339 277/360/341 276/359/340
f 278/358/339 280/361/342 277/360/341
f 280/361/342 278/358/339 279/124/124
f 280/361/342 279/124/124 281/122/122
f 281/122/122 282/362/343 280/361/342
f 282/362/343 281/122/122 67/120/120
f 67/120/120 283/363/344 282/362/343
f 283/363/344 67/120/120 66/118/118
f 283/363/344 66/118/118 302/364/345
f 302/364/345 282/362/343 283/363/344
f 282/362/343 302/364/345 304/365/346
f 304/365/346 280/361/342 282/362/343
f 304/365/346 277/360/341 280/361/342
f 277/360/341 304/365/346 306/366/347
f 306/366/347 276/359/340 277/360/341
f 276/359/340 306/366/347 303/367/348
f 303/367/348 284/368/349 276/359/340
f 284/368/349 303/367/348 285/369/350
f 285/369/350 586/370/351 284/368/349
f 285/369/350 286/371/352 586/370/351
f 286/371/352 285/369/350 287/372/353
f 287/372/353 588/373/354 286/371/352
f 588/373/354 287/372/353 322/374/355
f 322/374/355 590/375/356 588/373/354
f 590/375/356 322/374/355 321/376/357
f 321/376/357 591/377/358 590/375/356
f 591/377/358 321/376/357 315/378/359
f 315/378/359 593/379/360 591/377/358
f 593/379/360 315/378/359 314/380/361
f 314/380/361 594/381/362 593/379/360
f 594/381/362 314/380/361 289/382/363
f 289/382/363 288/383/364 594/381/362
f 289/382/363 5/384/365 288/383/364
f 289/382/363 290/385/366 5/384/365
f 290/385/366 289/382/363 291/386/367
f 291/386/367 6/387/368 290/385/366
f 6/387/368 291/386/367 292/388/369
f 292/388/369 293/389/370 6/387/368
f 293/389/370 292/388/369 312/390/371
f 312/390/371 294/391/372 293/389/370
f 294/391/372 312/390/371 295/392/373
f 295/392/373 7/393/374 294/391/372
f 7/393/374 295/392/373 296/394/375
f 296/394/375 187/395/265 7/393/374
f 296/394/375 60/103/103 187/395/265
f 296/394/375 297/106/106 60/103/103
f 297/106/106 296/394/375 298/396/376
f 298/396/376 61/108/108 297/106/106
f 61/108/108 298/396/376 299/397/377
f 299/397/377 300/110/110 61/108/108
f 300/110/110 299/397/377 301/398/378
f 301/398/378 63/112/112 300/110/110
f 63/112/112 301/398/378 309/399/379
f 309/399/379 64/114/114 63/112/112
f 64/114/114 309/399/379 308/400/380
f 308/400/380 65/116/116 64/114/114
f 308/400/380 66/118/118 65/116/116
f 66/118/118 308/400/380 307/401/381
f 307/401/381 302/364/345 66/118/118
f 302/364/345 307/401/381 287/372/353
f 302/364/345 287/372/353 285/369/350
f 302/364/345 285/369/350 303/367/348
f 303/367/348 304/365/346 302/364/345
f 304/365/346 303/367/348 305/402/382
f 305/402/382 306/366/347 304/365/346
f 306/366/347 305/402/382 303/367/348
f 322/374/355 287/372/353 307/401/381
f 307/401/381 320/403/383 322/374/355
f 320/403/383 307/401/381 308/400/380
f 320/403/383 308/400/380 309/399/379
f 309/399/379 310/404/384 320/403/383
f 310/404/384 309/399/379 301/398/378
f 301/398/378 318/405/385 310/404/384
f 318/405/385 301/398/378 299/397/377
f 299/397/377 311/406/386 318/405/385
f 311/406/386 299/397/377 298/396/376
f 311/406/386 298/396/376 296/394/375
f 311/406/386 296/394/375 295/392/373
f 295/392/373 316/407/387 311/406/386
f 316/407/387 295/392/373 312/390/371
f 312/390/371 313/408/388 316/407/387
f 313/408/388 312/390/371 292/388/369
f 313/408/388 292/388/369 291/386/367
f 313/408/388 291/386/367 289/382/363
f 313/408/388 289/382/363 314/380/361
f 313/408/388 314/380/361 315/378/359
f 313/408/388 315/378/359 319/409/389
f 319/409/389 316/407/387 313/408/388
f 316/407/387 319/409/389 317/410/390
f 317/410/390 311/406/386 316/407/387
f 317/410/390 318/405/385 311/406/386
f 317/410/390 310/404/384 318/405/385
f 310/404/384 317/410/390 319/409/389
f 310/404/384 319/409/389 315/378/359
f 315/378/359 320/403/383 310/404/384
f 320/403/383 315/378/359 321/376/357
f 321/376/357 322/374/355 320/403/383
f 39/56/56 363/411/391 360/412/392
f 363/411/391 39/56/56 323/54/54
f 363/411/391 323/54/54 324/52/52
f 324/52/52 325/413/393 363/411/391
f 325/413/393 324/52/52 326/50/50
f 326/50/50 327/414/394 325/413/393
f 327/414/394 326/50/50 35/48/48
f 35/48/48 328/415/395 327/414/394
f 328/415/395 35/48/48 329/46/46
f 329/46/46 330/416/396 328/415/395
f 330/416/396 329/46/46 34/44/44
f 330/416/396 34/44/44 331/42/42
f 331/42/42 332/417/397 330/416/396
f 332/417/397 331/42/42 333/40/40
f 333/40/40 334/418/398 332/417/397
f 334/418/398 333/40/40 32/38/38
f 32/38/38 372/419/399 334/418/398
f 372/419/399 32/38/38 335/36/36
f 335/36/36 373/420/400 372/419/399
f 373/420/400 335/36/36 336/34/34
f 336/34/34 337/421/401 373/420/400
f 337/421/401 336/34/34 338/32/32
f 338/32/32 339/422/402 337/421/401
f 339/422/402 338/32/32 340/30/30
f 340/30/30 383/423/403 339/422/402
f 340/30/30 341/424/404 383/423/403
f 341/424/404 340/30/30 342/28/28
f 342/28/28 343/425/405 341/424/404
f 343/425/405 342/28/28 344/26/26
f 344/26/26 345/426/406 343/425/405
f 345/426/406 344/26/26 28/24/24
f 28/24/24 347/427/407 345/426/406
f 347/427/407 28/24/24 346/22/22
f 347/427/407 346/22/22 348/20/20
f 348/20/20 349/428/408 347/427/407
f 349/428/408 348/20/20 27/18/18
f 27/18/18 391/429/409 349/428/408
f 391/429/409 27/18/18 350/16/16
f 391/429/409 350/16/16 25/14/14
f 25/14/14 389/430/410 391/429/409
f 389/430/410 25/14/14 24/12/12
f 24/12/12 351/431/411 389/430/410
f 351/431/411 24/12/12 23/10/10
f 351/431/411 23/10/10 352/8/8
f 352/8/8 388/432/412 351/431/411
f 388/432/412 352/8/8 354/6/6
f 354/6/6 353/433/413 388/432/412
f 354/6/6 380/434/414 353/433/413
f 380/434/414 354/6/6 355/4/4
f 355/4/4 356/435/415 380/434/414
f 356/435/415 355/4/4 357/1/1
f 357/1/1 358/436/416 356/435/415
f 358/436/416 357/1/1 41/60/60
f 41/60/60 378/437/417 358/436/416
f 378/437/417 41/60/60 359/58/58
f 359/58/58 377/438/418 378/437/417
f 377/438/418 359/58/58 39/56/56
f 377/438/418 39/56/56 360/412/392
f 360/412/392 361/439/419 377/438/418
f 361/439/419 360/412/392 362/440/420
f 362/440/420 678/441/421 361/439/419
f 362/440/420 371/442/422 678/441/421
f 371/442/422 362/440/420 360/412/392
f 371/442/422 360/412/392 363/411/391
f 363/411/391 364/443/423 371/442/422
f 364/443/423 363/411/391 325/413/393
f 325/413/393 365/444/424 364/443/423
f 365/444/424 325/413/393 327/414/394
f 327/414/394 366/445/425 365/444/424
f 366/445/425 327/414/394 328/415/395
f 328/415/395 367/446/426 366/445/425
f 367/446/426 328/415/395 330/416/396
f 330/416/396 368/447/427 367/446/426
f 368/447/427 330/416/396 332/417/397
f 368/447/427 332/417/397 683/448/428
f 368/447/427 683/448/428 682/449/429
f 682/449/429 367/446/426 368/447/427
f 367/446/426 682/449/429 369/450/430
f 369/450/430 366/445/425 367/446/426
f 366/445/425 369/450/430 680/451/431
f 680/451/431 365/444/424 366/445/425
f 365/444/424 680/451/431 679/452/432
f 679/452/432 364/443/423 365/444/424
f 364/443/423 679/452/432 370/453/433
f 370/453/433 371/442/422 364/443/423
f 371/442/422 370/453/433 677/454/434
f 677/454/434 678/441/421 371/442/422
f 683/448/428 332/417/397 334/418/398
f 683/455/428 334/418/398 372/419/399
f 683/455/428 372/419/399 373/420/400
f 683/455/428 373/420/400 337/456/401
f 337/456/401 684/457/435 683/448/428
f 684/457/435 337/456/401 374/458/436
f 374/458/436 685/459/437 684/457/435
f 685/459/437 374/458/436 397/460/438
f 397/460/438 686/461/439 685/459/437
f 686/461/439 397/460/438 398/462/440
f 398/462/440 375/463/441 686/461/439
f 375/463/441 398/462/440 393/464/442
f 393/464/442 376/465/443 375/463/441
f 376/465/443 393/464/442 394/466/444
f 394/466/444 687/467/445 376/465/443
f 687/467/445 394/466/444 689/468/446
f 379/469/447 361/439/419 689/470/446
f 379/469/447 377/438/418 361/439/419
f 379/469/447 378/437/417 377/438/418
f 379/469/447 358/436/416 378/437/417
f 358/436/416 379/469/447 689/468/446
f 689/468/446 356/435/415 358/436/416
f 356/435/415 689/468/446 394/466/444
f 394/466/444 380/434/414 356/435/415
f 380/434/414 394/466/444 381/471/448
f 381/471/448 353/433/413 380/434/414
f 353/433/413 381/471/448 382/472/449
f 382/472/449 388/432/412 353/433/413
f 382/472/449 384/473/450 388/432/412
f 384/473/450 382/472/449 383/423/403
f 384/473/450 383/423/403 341/424/404
f 341/424/404 386/474/451 384/473/450
f 386/474/451 341/424/404 343/425/405
f 343/425/405 385/475/452 386/474/451
f 385/475/452 343/425/405 345/426/406
f 385/475/452 345/426/406 347/427/407
f 347/427/407 386/474/451 385/475/452
f 386/474/451 347/427/407 392/476/453
f 392/476/453 384/473/450 386/474/451
f 384/473/450 392/476/453 387/477/454
f 387/477/454 388/432/412 384/473/450
f 387/477/454 351/431/411 388/432/412
f 351/431/411 387/477/454 390/478/455
f 390/478/455 389/430/410 351/431/411
f 390/478/455 391/429/409 389/430/410
f 391/429/409 390/478/455 387/477/454
f 387/477/454 349/428/408 391/429/409
f 349/428/408 387/477/454 392/476/453
f 392/476/453 347/427/407 349/428/408
f 393/464/442 381/471/448 394/466/444
f 381/471/448 393/464/442 395/479/456
f 395/479/456 382/472/449 381/471/448
f 382/472/449 395/479/456 396/480/457
f 396/480/457 383/423/403 382/472/449
f 396/480/457 339/422/402 383/423/403
f 339/422/402 396/480/457 374/458/436
f 374/458/436 337/421/401 339/422/402
f 397/460/438 374/458/436 396/480/457
f 396/480/457 398/462/440 397/460/438
f 398/462/440 396/480/457 395/479/456
f 395/479/456 393/464/442 398/462/440
f 399/481/458 400/482/459 506/483/460
f 400/482/459 399/481/458 401/484/461
f 401/484/461 507/485/462 400/482/459
f 507/485/462 401/484/461 402/486/463
f 402/486/463 84/147/147 507/485/462
f 402/486/463 82/146/146 84/147/147
f 82/146/146 402/486/463 404/487/464
f 404/487/464 80/145/145 82/146/146
f 404/487/464 403/144/144 80/145/145
f 404/487/464 423/143/143 403/144/144
f 404/487/464 405/488/465 423/143/143
f 405/488/465 404/487/464 402/486/463
f 405/488/465 402/486/463 401/484/461
f 401/484/461 406/489/466 405/488/465
f 406/489/466 401/484/461 407/490/467
f 407/490/467 408/491/468 406/489/466
f 407/490/467 409/492/469 408/491/468
f 409/492/469 407/490/467 401/484/461
f 409/492/469 401/484/461 399/481/458
f 399/481/458 410/493/470 409/492/469
f 410/493/470 399/481/458 506/483/460
f 506/483/460 447/494/471 410/493/470
f 447/494/471 506/483/460 51/83/83
f 447/494/471 51/83/83 411/85/85
f 411/85/85 412/495/472 447/494/471
f 412/495/472 411/85/85 52/87/87
f 52/87/87 450/496/473 412/495/472
f 450/496/473 52/87/87 413/89/89
f 413/89/89 414/497/474 450/496/473
f 414/497/474 413/89/89 415/91/91
f 415/91/91 440/498/475 414/497/474
f 440/498/475 415/91/91 54/93/93
f 54/93/93 416/499/476 440/498/475
f 416/499/476 54/93/93 56/95/95
f 56/95/95 418/500/477 416/499/476
f 418/500/477 56/95/95 417/97/97
f 418/500/477 417/97/97 419/99/99
f 419/99/99 437/501/478 418/500/477
f 437/501/478 419/99/99 420/101/101
f 437/501/478 420/101/101 75/140/140
f 75/140/140 421/502/479 437/501/478
f 421/502/479 75/140/140 422/141/141
f 422/141/141 458/503/480 421/502/479
f 422/141/141 459/504/481 458/503/480
f 459/504/481 422/141/141 77/142/142
f 77/142/142 461/505/482 459/504/481
f 461/505/482 77/142/142 423/143/143
f 461/505/482 423/143/143 405/488/465
f 461/505/482 405/488/465 406/489/466
f 406/489/466 424/506/483 461/505/482
f 406/489/466 455/507/484 424/506/483
f 455/507/484 406/489/466 408/491/468
f 408/491/468 658/508/485 455/507/484
f 658/508/485 408/491/468 446/509/486
f 446/509/486 425/510/487 658/508/485
f 425/510/487 446/509/486 445/511/488
f 445/511/488 426/512/489 425/510/487
f 426/512/489 445/511/488 444/513/490
f 444/513/490 655/514/491 426/512/489
f 655/514/491 444/513/490 427/515/492
f 427/515/492 428/516/493 655/514/491
f 428/516/493 427/515/492 429/517/494
f 429/517/494 430/518/495 428/516/493
f 430/518/495 429/517/494 431/519/496
f 430/518/495 431/519/496 439/520/497
f 439/520/497 432/521/498 430/518/495
f 432/521/498 439/520/497 433/522/499
f 433/522/499 656/523/500 432/521/498
f 656/523/500 433/522/499 435/524/501
f 435/524/501 456/525/502 656/523/500
f 435/524/501 434/526/503 456/525/502
f 435/524/501 458/503/480 434/526/503
f 435/524/501 421/502/479 458/503/480
f 421/502/479 435/524/501 436/527/504
f 436/527/504 437/501/478 421/502/479
f 437/501/478 436/527/504 438/528/505
f 438/528/505 418/500/477 437/501/478
f 438/528/505 416/499/476 418/500/477
f 438/528/505 439/520/497 416/499/476
f 439/520/497 438/528/505 436/527/504
f 436/527/504 433/522/499 439/520/497
f 433/522/499 436/527/504 435/524/501
f 416/499/476 439/520/497 431/519/496
f 431/519/496 440/498/475 416/499/476
f 431/519/496 441/529/506 440/498/475
f 431/519/496 442/530/507 441/529/506
f 442/530/507 431/519/496 429/517/494
f 429/517/494 443/531/508 442/530/507
f 443/531/508 429/517/494 427/515/492
f 427/515/492 452/532/509 443/531/508
f 452/532/509 427/515/492 444/513/490
f 444/513/490 453/533/510 452/532/509
f 453/533/510 444/513/490 445/511/488
f 445/511/488 454/534/511 453/533/510
f 454/534/511 445/511/488 446/509/486
f 454/534/511 446/509/486 408/491/468
f 454/534/511 408/491/468 409/492/469
f 454/534/511 409/492/469 410/493/470
f 410/493/470 448/535/512 454/534/511
f 448/535/512 410/493/470 447/494/471
f 448/535/512 447/494/471 412/495/472
f 412/495/472 449/536/513 448/535/512
f 449/536/513 412/495/472 450/496/473
f 450/496/473 451/537/514 449/536/513
f 451/537/514 450/496/473 414/497/474
f 451/537/514 414/497/474 440/498/475
f 451/537/514 440/498/475 441/529/506
f 451/537/514 441/529/506 442/530/507
f 451/537/514 442/530/507 443/531/508
f 443/531/508 449/536/513 451/537/514
f 449/536/513 443/531/508 452/532/509
f 452/532/509 448/535/512 449/536/513
f 448/535/512 452/532/509 453/533/510
f 453/533/510 454/534/511 448/535/512
f 424/506/483 455/507/484 658/538/485
f 658/538/485 457/539/515 424/506/483
f 457/539/515 658/538/485 657/540/516
f 457/539/515 657/540/516 456/525/502
f 457/539/515 456/525/502 434/526/503
f 434/526/503 460/541/517 457/539/515
f 460/541/517 434/526/503 458/503/480
f 460/541/517 458/503/480 459/504/481
f 460/541/517 459/504/481 424/506/483
f 424/506/483 457/539/515 460/541/517
f 461/505/482 424/506/483 459/504/481
f 462/542/518 463/543/519 464/544/520
f 464/544/520 465/545/521 462/542/518
f 465/545/521 464/544/520 466/546/522
f 466/546/522 467/547/523 465/545/521
f 467/547/523 466/546/522 468/548/524
f 468/548/524 469/549/525 467/547/523
f 469/549/525 468/548/524 470/550/526
f 470/550/526 471/551/527 469/549/525
f 51/83/83 506/483/460 472/552/528
f 472/552/528 49/81/81 51/83/83
f 49/81/81 472/552/528 505/553/529
f 505/553/529 473/79/79 49/81/81
f 473/79/79 505/553/529 504/554/530
f 504/554/530 46/77/77 473/79/79
f 46/77/77 504/554/530 474/555/531
f 474/555/531 475/75/75 46/77/77
f 475/75/75 474/555/531 476/556/532
f 476/556/532 477/73/73 475/75/75
f 477/73/73 476/556/532 503/557/533
f 503/557/533 43/71/71 477/73/73
f 43/71/71 503/557/533 502/558/534
f 502/558/534 478/69/69 43/71/71
f 478/69/69 502/558/534 499/559/535
f 499/559/535 42/67/67 478/69/69
f 42/67/67 499/559/535 479/560/536
f 479/560/536 480/65/65 42/67/67
f 479/560/536 481/63/63 480/65/65
f 481/63/63 479/560/536 497/561/537
f 497/561/537 482/61/61 481/63/63
f 497/561/537 95/156/156 482/61/61
f 95/156/156 497/561/537 483/562/538
f 483/562/538 526/155/155 95/156/156
f 483/562/538 524/563/539 526/155/155
f 524/563/539 483/562/538 496/564/540
f 496/564/540 484/565/541 524/563/539
f 484/565/541 496/564/540 485/566/163
f 484/565/541 485/566/163 486/567/162
f 486/567/162 522/568/542 484/565/541
f 522/568/542 486/567/162 487/569/161
f 487/569/161 488/570/543 522/568/542
f 488/570/543 487/569/161 104/571/159
f 104/571/159 489/572/544 488/570/543
f 489/572/544 104/571/159 490/573/158
f 490/573/158 527/574/545 489/572/544
f 527/574/545 490/573/158 104/575/159
f 104/575/159 530/576/546 527/574/545
f 530/576/546 104/575/159 973/577/170
f 973/577/170 531/578/547 530/576/546
f 531/578/547 973/577/170 103/579/169
f 491/580/168 492/581/548 103/582/169
f 492/581/548 491/580/168 101/583/167
f 101/583/167 493/584/549 492/581/548
f 493/584/549 101/583/167 100/585/166
f 100/585/166 501/586/550 493/584/549
f 100/585/166 494/587/551 501/586/550
f 494/587/551 100/585/166 97/588/164
f 97/588/164 495/589/552 494/587/551
f 495/589/552 97/588/164 485/566/163
f 495/589/552 485/566/163 496/564/540
f 496/564/540 500/590/553 495/589/552
f 500/590/553 496/564/540 483/562/538
f 500/590/553 483/562/538 497/561/537
f 497/561/537 498/591/554 500/590/553
f 498/591/554 497/561/537 479/560/536
f 498/591/554 479/560/536 499/559/535
f 498/591/554 499/559/535 494/587/551
f 494/587/551 500/590/553 498/591/554
f 500/590/553 494/587/551 495/589/552
f 499/559/535 501/586/550 494/587/551
f 501/586/550 499/559/535 502/558/534
f 502/558/534 535/592/555 501/586/550
f 535/592/555 502/558/534 503/557/533
f 503/557/533 536/593/556 535/592/555
f 536/593/556 503/557/533 476/556/532
f 476/556/532 537/594/557 536/593/556
f 537/594/557 476/556/532 474/555/531
f 474/555/531 539/595/558 537/594/557
f 539/595/558 474/555/531 504/554/530
f 504/554/530 540/596/559 539/595/558
f 540/596/559 504/554/530 505/553/529
f 505/553/529 512/597/560 540/596/559
f 505/553/529 511/598/561 512/597/560
f 511/598/561 505/553/529 472/552/528
f 472/552/528 510/599/562 511/598/561
f 510/599/562 472/552/528 506/483/460
f 510/599/562 506/483/460 400/482/459
f 400/482/459 508/600/563 510/599/562
f 508/600/563 400/482/459 507/485/462
f 508/600/563 507/485/462 84/147/147
f 508/600/563 84/147/147 86/148/148
f 508/600/563 86/148/148 509/601/564
f 509/601/564 510/599/562 508/600/563
f 509/601/564 511/598/561 510/599/562
f 511/598/561 509/601/564 514/602/565
f 514/602/565 512/597/560 511/598/561
f 512/597/560 514/602/565 513/603/566
f 513/603/566 528/604/567 512/597/560
f 513/603/566 527/574/545 528/604/567
f 513/603/566 489/572/544 527/574/545
f 489/572/544 513/603/566 514/602/565
f 514/602/565 515/605/568 489/572/544
f 514/602/565 520/606/569 515/605/568
f 520/606/569 514/602/565 509/601/564
f 509/601/564 87/149/149 520/606/569
f 87/149/149 509/601/564 86/148/148
f 516/150/150 520/606/569 87/149/149
f 520/606/569 516/150/150 517/151/151
f 517/151/151 519/607/570 520/606/569
f 519/607/570 517/151/151 518/152/152
f 519/607/570 518/152/152 92/153/153
f 519/607/570 92/153/153 515/605/568
f 515/605/568 520/606/569 519/607/570
f 515/605/568 92/153/153 521/608/571
f 521/608/571 489/572/544 515/605/568
f 521/608/571 488/570/543 489/572/544
f 488/570/543 521/608/571 523/609/572
f 523/609/572 522/568/542 488/570/543
f 523/609/572 484/565/541 522/568/542
f 523/609/572 524/563/539 484/565/541
f 524/563/539 523/609/572 525/610/573
f 525/610/573 526/155/155 524/563/539
f 525/610/573 93/154/154 526/155/155
f 525/610/573 521/608/571 93/154/154
f 521/608/571 525/610/573 523/609/572
f 92/153/153 93/154/154 521/608/571
f 527/574/545 530/576/546 529/611/574
f 529/611/574 528/604/567 527/574/545
f 529/611/574 512/597/560 528/604/567
f 529/611/574 540/596/559 512/597/560
f 529/611/574 538/612/575 540/596/559
f 538/612/575 529/611/574 530/576/546
f 538/612/575 530/576/546 531/578/547
f 531/578/547 532/613/576 538/612/575
f 532/613/576 531/578/547 103/582/169
f 103/582/169 533/614/577 532/613/576
f 533/614/577 103/582/169 492/581/548
f 492/581/548 534/615/578 533/614/577
f 534/615/578 492/581/548 493/584/549
f 534/615/578 493/584/549 501/586/550
f 534/615/578 501/586/550 535/592/555
f 535/592/555 533/614/577 534/615/578
f 533/614/577 535/592/555 536/593/556
f 536/593/556 532/613/576 533/614/577
f 532/613/576 536/593/556 537/594/557
f 537/594/557 538/612/575 532/613/576
f 538/612/575 537/594/557 539/595/558
f 539/595/558 540/596/559 538/612/575
f 586/370/351 541/616/579 542/617/580
f 542/617/580 284/368/349 586/370/351
f 542/617/580 276/359/340 284/368/349
f 542/617/580 275/357/338 276/359/340
f 542/617/580 550/618/581 275/357/338
f 550/618/581 542/617/580 541/616/579
f 550/618/581 541/616/579 543/619/582
f 543/619/582 544/620/583 550/618/581
f 544/620/583 543/619/582 628/621/584
f 628/621/584 545/622/585 544/620/583
f 545/622/585 628/621/584 546/623/586
f 545/622/585 546/623/586 16/624/587
f 545/622/585 16/624/587 547/625/588
f 545/622/585 547/625/588 270/353/334
f 545/622/585 270/353/334 548/354/335
f 548/354/335 544/620/583 545/622/585
f 544/620/583 548/354/335 549/355/336
f 549/355/336 550/618/581 544/620/583
f 550/618/581 549/355/336 273/356/337
f 273/356/337 275/357/338 550/618/581
f 846/326/310 551/325/309 250/335/316
f 250/335/316 559/626/589 846/326/310
f 559/626/589 250/335/316 251/337/318
f 251/337/318 558/627/590 559/626/589
f 558/627/590 251/337/318 552/339/320
f 552/339/320 553/628/591 558/627/590
f 553/628/591 552/339/320 554/341/322
f 554/341/322 555/629/592 553/628/591
f 555/629/592 554/341/322 585/630/323
f 555/629/592 585/630/323 556/631/593
f 555/629/592 556/631/593 557/632/594
f 557/632/594 553/628/591 555/629/592
f 557/632/594 558/627/590 553/628/591
f 558/627/590 557/632/594 563/633/595
f 563/633/595 559/626/589 558/627/590
f 563/633/595 846/326/310 559/626/589
f 563/633/595 847/328/312 846/326/310
f 847/328/312 563/633/595 561/634/596
f 561/634/596 560/330/175 847/328/312
f 561/634/596 562/635/174 560/330/175
f 561/634/596 573/636/597 562/635/174
f 573/636/597 561/634/596 563/633/595
f 563/633/595 571/637/598 573/636/597
f 571/637/598 563/633/595 557/632/594
f 557/632/594 569/638/599 571/637/598
f 569/638/599 557/632/594 556/631/593
f 556/631/593 564/639/600 569/638/599
f 564/639/600 556/631/593 585/640/323
f 564/639/600 585/640/323 565/641/601
f 565/641/601 566/642/602 564/639/600
f 566/642/602 565/641/601 567/643/603
f 566/642/602 567/643/603 568/644/604
f 568/644/604 564/639/600 566/642/602
f 564/639/600 568/644/604 580/645/605
f 580/645/605 569/638/599 564/639/600
f 569/638/599 580/645/605 570/646/606
f 570/646/606 571/647/598 569/638/599
f 571/647/598 570/646/606 572/648/607
f 572/648/607 573/649/597 571/647/598
f 572/648/607 562/635/174 573/649/597
f 572/648/607 107/650/173 562/635/174
f 107/650/173 572/648/607 577/651/608
f 577/651/608 105/135/135 107/650/173
f 577/651/608 239/136/136 105/135/135
f 577/651/608 574/316/302 239/136/136
f 574/316/302 577/651/608 576/652/609
f 576/652/609 575/315/301 574/316/302
f 576/652/609 236/314/300 575/315/301
f 576/652/609 579/653/610 236/314/300
f 576/652/609 578/654/611 579/653/610
f 578/654/611 576/652/609 577/651/608
f 578/654/611 577/651/608 572/648/607
f 572/648/607 579/653/610 578/654/611
f 579/653/610 572/648/607 570/646/606
f 579/653/610 570/646/606 580/645/605
f 579/653/610 580/645/605 568/644/604
f 568/644/604 581/655/612 579/653/610
f 581/655/612 568/644/604 567/643/603
f 567/643/603 234/263/191 581/655/612
f 234/263/191 567/643/603 584/656/613
f 584/656/613 178/264/256 234/263/191
f 584/656/613 124/266/192 178/264/256
f 124/266/192 584/656/613 582/657/614
f 582/657/614 180/268/259 124/266/192
f 582/657/614 182/271/229 180/268/259
f 582/657/614 583/658/324 182/271/229
f 582/657/614 565/659/601 583/658/324
f 565/659/601 582/657/614 584/656/613
f 584/656/613 567/643/603 565/659/601
f 585/660/323 583/658/324 565/659/601
f 236/314/300 581/655/612 234/263/191
f 581/655/612 236/314/300 579/653/610
f 286/661/352 587/662/615 586/663/351
f 587/662/615 286/661/352 588/664/354
f 588/664/354 589/665/616 587/662/615
f 589/665/616 588/664/354 590/666/356
f 590/666/356 631/667/617 589/665/616
f 631/667/617 590/666/356 591/668/358
f 591/668/358 592/669/618 631/667/617
f 592/669/618 591/668/358 593/670/360
f 593/670/360 632/671/619 592/669/618
f 632/671/619 593/670/360 594/672/362
f 594/672/362 595/673/620 632/671/619
f 595/673/620 594/672/362 288/674/364
f 288/674/364 596/675/621 595/673/620
f 596/675/621 288/674/364 5/676/365
f 596/675/621 5/676/365 597/677/622
f 597/677/622 598/678/623 596/675/621
f 598/678/623 597/677/622 4/679/624
f 4/679/624 603/680/625 598/678/623
f 603/680/625 4/679/624 599/681/626
f 603/680/625 599/681/626 600/682/627
f 600/682/627 601/683/628 603/680/625
f 601/683/628 600/682/627 3/684/629
f 601/683/628 3/684/629 602/685/630
f 602/685/630 603/680/625 601/683/628
f 603/680/625 602/685/630 604/686/631
f 604/686/631 598/678/623 603/680/625
f 598/678/623 604/686/631 605/687/632
f 605/687/632 596/675/621 598/678/623
f 605/687/632 595/673/620 596/675/621
f 605/687/632 634/688/633 595/673/620
f 634/688/633 605/687/632 604/686/631
f 604/686/631 613/689/634 634/688/633
f 613/689/634 604/686/631 606/690/635
f 613/689/634 606/690/635 608/691/636
f 608/691/636 607/109/109 613/689/634
f 608/691/636 609/107/107 607/109/109
f 609/107/107 608/691/636 611/692/637
f 611/692/637 610/104/104 609/107/107
f 611/692/637 137/105/105 610/104/104
f 611/692/637 2/693/638 137/105/105
f 2/693/638 611/692/637 612/694/639
f 612/694/639 3/684/629 2/693/638
f 612/694/639 602/685/630 3/684/629
f 612/694/639 606/690/635 602/685/630
f 606/690/635 612/694/639 611/692/637
f 611/692/637 608/691/636 606/690/635
f 604/686/631 602/685/630 606/690/635
f 613/689/634 607/109/109 62/111/111
f 62/111/111 635/695/640 613/689/634
f 635/695/640 62/111/111 614/113/113
f 614/113/113 615/696/641 635/695/640
f 615/696/641 614/113/113 616/115/115
f 616/115/115 617/697/642 615/696/641
f 617/697/642 616/115/115 618/117/117
f 618/117/117 639/698/643 617/697/642
f 618/117/117 640/699/644 639/698/643
f 640/699/644 618/117/117 619/119/119
f 619/119/119 620/700/645 640/699/644
f 620/700/645 619/119/119 68/121/121
f 68/121/121 621/701/646 620/700/645
f 621/701/646 68/121/121 69/123/123
f 69/123/123 653/702/647 621/701/646
f 653/702/647 69/123/123 622/125/125
f 622/125/125 652/703/648 653/702/647
f 652/703/648 622/125/125 623/127/127
f 623/127/127 651/704/649 652/703/648
f 651/704/649 623/127/127 624/129/129
f 624/129/129 649/705/650 651/704/649
f 649/705/650 624/129/129 70/131/131
f 70/131/131 625/706/651 649/705/650
f 625/706/651 70/131/131 21/133/133
f 625/706/651 21/133/133 626/707/652
f 626/707/652 647/708/653 625/706/651
f 647/708/653 626/707/652 19/709/654
f 19/709/654 646/710/655 647/708/653
f 646/710/655 19/709/654 18/711/656
f 646/710/655 18/711/656 16/712/587
f 646/710/655 16/712/587 546/713/586
f 546/713/586 627/714/657 646/710/655
f 627/714/657 546/713/586 628/715/584
f 628/715/584 629/716/658 627/714/657
f 629/716/658 628/715/584 543/717/582
f 543/717/582 645/718/659 629/716/658
f 645/718/659 543/717/582 541/719/579
f 541/719/579 643/720/660 645/718/659
f 643/720/660 541/719/579 586/663/351
f 586/663/351 630/721/661 643/720/660
f 630/721/661 586/663/351 587/662/615
f 587/662/615 638/722/662 630/721/661
f 638/722/662 587/662/615 589/665/616
f 589/665/616 637/723/663 638/722/662
f 637/723/663 589/665/616 631/667/617
f 631/667/617 636/724/664 637/723/663
f 636/724/664 631/667/617 592/669/618
f 592/669/618 633/725/665 636/724/664
f 633/725/665 592/669/618 632/671/619
f 633/725/665 632/671/619 595/673/620
f 633/725/665 595/673/620 634/688/633
f 633/725/665 634/688/633 613/689/634
f 633/725/665 613/689/634 635/695/640
f 635/695/640 636/724/664 633/725/665
f 636/724/664 635/695/640 615/696/641
f 615/696/641 637/723/663 636/724/664
f 637/723/663 615/696/641 617/697/642
f 617/697/642 638/722/662 637/723/663
f 638/722/662 617/697/642 639/698/643
f 639/698/643 630/721/661 638/722/662
f 630/721/661 639/698/643 640/699/644
f 640/699/644 641/726/666 630/721/661
f 641/726/666 640/699/644 620/700/645
f 641/726/666 620/700/645 621/701/646
f 641/726/666 621/701/646 642/727/667
f 642/727/667 630/721/661 641/726/666
f 642/727/667 643/720/660 630/721/661
f 643/720/660 642/727/667 644/728/668
f 644/728/668 645/718/659 643/720/660
f 645/718/659 644/728/668 650/729/669
f 650/729/669 629/716/658 645/718/659
f 629/716/658 650/729/669 648/730/670
f 648/730/670 627/714/657 629/716/658
f 648/730/670 646/710/655 627/714/657
f 648/730/670 647/708/653 646/710/655
f 648/730/670 625/706/651 647/708/653
f 648/730/670 649/705/650 625/706/651
f 649/705/650 648/730/670 650/729/669
f 650/729/669 651/704/649 649/705/650
f 651/704/649 650/729/669 644/728/668
f 644/728/668 652/703/648 651/704/649
f 652/703/648 644/728/668 642/727/667
f 642/727/667 653/702/647 652/703/648
f 653/702/647 642/727/667 621/701/646
f 426/731/489 654/732/671 425/733/487
f 654/732/671 426/731/489 655/734/491
f 654/732/671 655/734/491 428/735/493
f 654/732/671 428/735/493 430/736/495
f 654/732/671 430/736/495 432/737/498
f 432/737/498 660/738/672 654/732/671
f 660/738/672 432/737/498 656/739/500
f 660/738/672 656/739/500 456/740/502
f 660/738/672 456/740/502 657/741/516
f 660/738/672 657/741/516 658/742/485
f 658/742/485 659/743/673 660/738/672
f 659/743/673 455/744/484 658/742/485
f 659/743/673 658/745/485 425/733/487
f 659/743/673 425/733/487 654/732/671
f 654/732/671 660/738/672 659/743/673
f 232/746/297 674/747/674 661/748/675
f 674/747/674 232/746/297 230/749/255
f 230/749/255 662/750/676 674/747/674
f 662/750/676 230/749/255 234/751/191
f 662/750/676 234/751/191 663/752/677
f 663/752/677 675/753/678 662/750/676
f 675/753/678 663/752/677 664/754/679
f 664/754/679 667/755/680 675/753/678
f 667/755/680 664/754/679 665/756/681
f 667/755/680 665/756/681 666/757/682
f 667/755/680 666/757/682 668/758/683
f 668/758/683 676/759/684 667/755/680
f 676/759/684 668/758/683 669/760/685
f 676/759/684 669/760/685 670/761/686
f 676/759/684 670/761/686 671/762/687
f 671/762/687 673/763/688 676/759/684
f 673/763/688 671/762/687 672/764/689
f 673/763/688 672/764/689 661/748/675
f 673/763/688 661/748/675 674/747/674
f 673/763/688 674/747/674 675/753/678
f 675/753/678 676/759/684 673/763/688
f 676/759/684 675/753/678 667/755/680
f 662/750/676 675/753/678 674/747/674
f 677/765/434 690/766/690 678/767/421
f 690/766/690 677/765/434 370/768/433
f 690/766/690 370/768/433 679/769/432
f 679/769/432 681/770/691 690/766/690
f 681/770/691 679/769/432 680/771/431
f 681/770/691 680/771/431 369/772/430
f 681/770/691 369/772/430 682/773/429
f 682/773/429 692/774/692 681/770/691
f 692/774/692 682/773/429 683/775/428
f 692/774/692 683/775/428 684/776/435
f 684/776/435 691/777/693 692/774/692
f 691/777/693 684/776/435 685/778/437
f 691/777/693 685/778/437 686/779/439
f 691/777/693 686/779/439 375/780/441
f 691/777/693 375/780/441 376/781/443
f 691/777/693 376/781/443 687/782/445
f 687/782/445 688/783/694 691/777/693
f 688/783/694 687/782/445 689/784/446
f 688/783/694 689/784/446 361/785/419
f 688/783/694 361/785/419 678/767/421
f 688/783/694 678/767/421 690/766/690
f 688/783/694 690/766/690 692/774/692
f 692/774/692 691/777/693 688/783/694
f 681/770/691 692/774/692 690/766/690
f 574/786/302 575/787/301 693/788/695
f 693/788/695 239/789/136 574/786/302
f 693/788/695 694/790/696 239/789/136
f 693/788/695 695/791/697 694/790/696
f 695/791/697 693/788/695 575/787/301
f 695/791/697 575/787/301 696/792/698
f 696/792/698 700/793/699 695/791/697
f 700/793/699 696/792/698 697/794/700
f 700/793/699 697/794/700 698/795/701
f 700/793/699 698/795/701 699/796/702
f 700/793/699 699/796/702 701/797/703
f 700/793/699 701/797/703 702/798/704
f 702/798/704 695/791/697 700/793/699
f 695/791/697 702/798/704 703/799/705
f 703/799/705 694/790/696 695/791/697
f 704/800/706 705/801/707 712/802/708
f 705/801/707 704/800/706 706/803/709
f 705/801/707 706/803/709 707/804/710
f 707/804/710 709/805/711 705/801/707
f 709/805/711 707/804/710 708/806/712
f 709/805/711 708/806/712 710/807/713
f 709/805/711 710/807/713 714/808/714
f 709/805/711 714/808/714 711/809/715
f 711/809/715 705/801/707 709/805/711
f 705/801/707 711/809/715 712/802/708
f 713/810/716 711/809/715 714/808/714
f 715/811/717 716/812/718 718/813/719
f 718/813/719 717/814/720 715/811/717
f 718/813/719 719/815/721 717/814/720
f 719/815/721 718/813/719 720/816/722
f 720/816/722 721/817/723 719/815/721
f 720/816/722 722/818/724 721/817/723
f 720/816/722 723/819/725 722/818/724
f 720/816/722 725/820/726 723/819/725
f 725/820/726 720/816/722 718/813/719
f 718/813/719 716/812/718 725/820/726
f 724/821/727 723/819/725 725/820/726
f 726/822/728 728/823/729 727/824/730
f 728/823/729 726/822/728 729/825/731
f 728/823/729 729/825/731 730/826/732
f 730/826/732 731/827/733 728/823/729
f 731/827/733 730/826/732 732/828/734
f 731/827/733 732/828/734 733/829/735
f 731/827/733 733/829/735 734/830/736
f 731/827/733 734/830/736 736/831/737
f 736/831/737 728/823/729 731/827/733
f 728/823/729 736/831/737 727/824/730
f 735/832/738 736/831/737 734/830/736
f 765/833/739 147/834/221 737/835/219
f 737/835/219 738/836/740 765/833/739
f 738/836/740 737/835/219 146/837/217
f 146/837/217 766/838/741 738/836/740
f 766/838/741 146/837/217 739/839/742
f 739/839/742 767/840/743 766/838/741
f 767/840/743 739/839/742 13/841/744
f 13/841/744 796/842/745 767/840/743
f 796/842/745 13/841/744 740/843/746
f 740/843/746 741/844/747 796/842/745
f 741/844/747 740/843/746 12/845/748
f 12/845/748 799/846/749 741/844/747
f 799/846/749 12/845/748 742/847/750
f 742/847/750 800/848/751 799/846/749
f 800/848/751 742/847/750 743/849/752
f 800/848/751 743/849/752 11/850/753
f 800/848/751 11/850/753 744/851/754
f 744/851/754 801/852/755 800/848/751
f 801/852/755 744/851/754 745/853/756
f 745/853/756 794/854/757 801/852/755
f 794/854/757 745/853/756 758/855/758
f 758/855/758 747/856/759 794/854/757
f 747/856/759 758/855/758 746/857/760
f 747/856/759 746/857/760 1170/858/761
f 747/856/759 1170/858/761 748/859/762
f 748/859/762 749/860/763 747/856/759
f 749/860/763 748/859/762 1142/861/764
f 1142/861/764 750/862/765 749/860/763
f 750/862/765 1142/861/764 751/863/766
f 751/863/766 790/864/767 750/862/765
f 790/864/767 751/863/766 752/865/768
f 752/865/768 753/866/769 790/864/767
f 753/866/769 752/865/768 754/867/770
f 754/867/770 755/868/771 753/866/769
f 755/868/771 754/867/770 1173/869/772
f 1173/869/772 774/870/773 755/868/771
f 774/870/773 1173/869/772 1172/871/774
f 1172/871/774 756/872/775 774/870/773
f 756/872/775 1172/871/774 1171/873/776
f 756/872/775 1171/873/776 1170/874/761
f 756/872/775 1170/874/761 746/875/760
f 746/875/760 757/876/777 756/872/775
f 757/876/777 746/875/760 758/877/758
f 758/877/758 776/878/778 757/876/777
f 776/878/778 758/877/758 745/879/756
f 745/879/756 759/880/779 776/878/778
f 759/880/779 745/879/756 744/881/754
f 759/880/779 744/881/754 11/882/753
f 759/880/779 11/882/753 760/883/780
f 760/883/780 778/884/781 759/880/779
f 778/884/781 760/883/780 10/885/782
f 10/885/782 761/886/783 778/884/781
f 761/886/783 10/885/782 9/887/784
f 9/887/784 762/888/785 761/886/783
f 762/888/785 9/887/784 763/889/786
f 763/889/786 780/890/787 762/888/785
f 780/890/787 763/889/786 764/891/788
f 764/891/788 781/892/789 780/890/787
f 781/892/789 764/891/788 8/893/224
f 781/892/789 8/893/224 147/834/221
f 781/892/789 147/834/221 765/833/739
f 765/833/739 783/894/790 781/892/789
f 783/894/790 765/833/739 738/836/740
f 738/836/740 770/895/791 783/894/790
f 770/895/791 738/836/740 766/838/741
f 766/838/741 768/896/792 770/895/791
f 768/896/792 766/838/741 767/840/743
f 768/896/792 767/840/743 769/897/793
f 768/896/792 769/897/793 795/898/794
f 795/898/794 770/895/791 768/896/792
f 770/895/791 795/898/794 791/899/795
f 791/899/795 783/894/790 770/895/791
f 791/899/795 784/900/796 783/894/790
f 784/900/796 791/899/795 771/901/797
f 771/901/797 772/902/798 784/900/796
f 772/902/798 771/901/797 790/864/767
f 772/902/798 790/864/767 753/866/769
f 753/866/769 773/903/799 772/902/798
f 773/903/799 753/866/769 755/868/771
f 755/868/771 775/904/800 773/903/799
f 775/904/800 755/868/771 774/870/773
f 775/904/800 774/870/773 756/872/775
f 775/904/800 756/872/775 757/876/777
f 757/876/777 789/905/801 775/904/800
f 789/905/801 757/876/777 776/878/778
f 776/878/778 777/906/802 789/905/801
f 777/906/802 776/878/778 759/880/779
f 777/906/802 759/880/779 778/884/781
f 777/906/802 778/884/781 761/886/783
f 761/886/783 779/907/803 777/906/802
f 779/907/803 761/886/783 762/888/785
f 762/888/785 787/908/804 779/907/803
f 787/908/804 762/888/785 780/890/787
f 780/890/787 782/909/805 787/908/804
f 782/909/805 780/890/787 781/892/789
f 782/909/805 781/892/789 783/894/790
f 783/894/790 785/910/806 782/909/805
f 785/910/806 783/894/790 784/900/796
f 785/910/806 784/900/796 772/902/798
f 785/910/806 772/902/798 773/903/799
f 785/910/806 773/903/799 786/911/807
f 786/911/807 782/909/805 785/910/806
f 786/911/807 787/908/804 782/909/805
f 787/908/804 786/911/807 788/912/808
f 788/912/808 779/907/803 787/908/804
f 788/912/808 777/906/802 779/907/803
f 788/912/808 789/905/801 777/906/802
f 788/912/808 775/904/800 789/905/801
f 775/904/800 788/912/808 786/911/807
f 786/911/807 773/903/799 775/904/800
f 750/862/765 790/864/767 771/901/797
f 771/901/797 792/913/809 750/862/765
f 792/913/809 771/901/797 791/899/795
f 792/913/809 791/899/795 795/898/794
f 792/913/809 795/898/794 793/914/810
f 793/914/810 750/862/765 792/913/809
f 793/914/810 749/860/763 750/862/765
f 793/914/810 747/856/759 749/860/763
f 793/914/810 794/854/757 747/856/759
f 793/914/810 802/915/811 794/854/757
f 802/915/811 793/914/810 795/898/794
f 795/898/794 798/916/812 802/915/811
f 798/916/812 795/898/794 769/897/793
f 769/897/793 797/917/813 798/916/812
f 797/917/813 769/897/793 767/840/743
f 797/917/813 767/840/743 796/842/745
f 797/917/813 796/842/745 741/844/747
f 741/844/747 798/916/812 797/917/813
f 798/916/812 741/844/747 799/846/749
f 799/846/749 803/918/814 798/916/812
f 803/918/814 799/846/749 800/848/751
f 803/918/814 800/848/751 801/852/755
f 801/852/755 802/915/811 803/918/814
f 802/915/811 801/852/755 794/854/757
f 802/915/811 798/916/812 803/918/814
f 804/919/815 811/920/816 807/921/817
f 807/921/817 805/922/818 804/919/815
f 807/921/817 806/923/236 805/922/818
f 807/921/817 196/924/234 806/923/236
f 196/924/234 807/921/817 808/925/819
f 808/925/819 154/926/232 196/924/234
f 808/925/819 153/927/222 154/926/232
f 808/925/819 809/928/820 153/927/222
f 808/925/819 810/929/821 809/928/820
f 810/929/821 808/925/819 807/921/817
f 807/921/817 811/920/816 810/929/821
f 812/930/822 809/928/820 810/929/821
f 813/931/823 814/932/824 815/933/825
f 815/933/825 824/934/826 813/931/823
f 824/934/826 815/933/825 816/935/827
f 816/935/827 825/936/828 824/934/826
f 825/936/828 816/935/827 179/937/257
f 825/936/828 179/937/257 209/938/258
f 209/938/258 826/939/829 825/936/828
f 826/939/829 209/938/258 188/940/260
f 826/939/829 188/940/260 181/941/261
f 826/939/829 181/941/261 817/942/830
f 817/942/830 818/943/831 826/939/829
f 818/943/831 817/942/830 819/944/832
f 818/943/831 819/944/832 820/945/833
f 818/943/831 820/945/833 821/946/834
f 821/946/834 823/947/835 818/943/831
f 823/947/835 821/946/834 822/948/836
f 823/947/835 822/948/836 813/931/823
f 823/947/835 813/931/823 824/934/826
f 823/947/835 824/934/826 825/936/828
f 825/936/828 818/943/831 823/947/835
f 818/943/831 825/936/828 826/939/829
f 827/949/837 828/950/838 834/951/839
f 834/951/839 829/952/840 827/949/837
f 834/951/839 830/953/326 829/952/840
f 834/951/839 253/954/325 830/953/326
f 253/954/325 834/951/839 831/955/841
f 831/955/841 151/956/230 253/954/325
f 831/955/841 182/957/229 151/956/230
f 831/955/841 832/958/842 182/957/229
f 831/955/841 833/959/843 832/958/842
f 833/959/843 831/955/841 834/951/839
f 834/951/839 828/950/838 833/959/843
f 835/960/844 832/958/842 833/959/843
f 261/961/314 249/962/308 836/963/845
f 836/963/845 844/964/846 261/961/314
f 844/964/846 836/963/845 837/965/847
f 844/964/846 837/965/847 838/966/848
f 838/966/848 840/967/849 844/964/846
f 840/967/849 838/966/848 839/968/850
f 840/967/849 839/968/850 841/969/851
f 840/967/849 841/969/851 842/970/852
f 840/967/849 842/970/852 843/971/315
f 843/971/315 844/964/846 840/967/849
f 844/964/846 843/971/315 261/961/314
f 255/972/317 843/971/315 842/970/852
f 845/973/853 551/974/309 846/975/310
f 846/975/310 863/976/854 845/973/853
f 863/976/854 846/975/310 847/977/312
f 847/977/312 861/978/855 863/976/854
f 861/978/855 847/977/312 560/979/175
f 861/978/855 560/979/175 848/980/856
f 848/980/856 849/981/857 861/978/855
f 849/981/857 848/980/856 850/982/858
f 850/982/858 860/983/859 849/981/857
f 860/983/859 850/982/858 851/984/860
f 851/984/860 853/985/861 860/983/859
f 853/985/861 851/984/860 852/986/862
f 853/985/861 852/986/862 854/987/863
f 853/985/861 854/987/863 855/988/864
f 855/988/864 858/989/865 853/985/861
f 858/989/865 855/988/864 856/990/866
f 858/989/865 856/990/866 857/991/867
f 858/989/865 857/991/867 866/992/868
f 858/989/865 866/992/868 859/993/869
f 859/993/869 853/985/861 858/989/865
f 859/993/869 860/983/859 853/985/861
f 860/983/859 859/993/869 862/994/870
f 862/994/870 849/981/857 860/983/859
f 862/994/870 861/978/855 849/981/857
f 862/994/870 863/976/854 861/978/855
f 862/994/870 845/973/853 863/976/854
f 862/994/870 864/995/871 845/973/853
f 864/995/871 862/994/870 859/993/869
f 859/993/869 865/996/872 864/995/871
f 865/996/872 859/993/869 866/992/868
f 871/997/873 1221/998/874 867/999/875
f 867/999/875 868/1000/876 871/997/873
f 868/1000/876 867/999/875 869/1001/877
f 868/1000/876 869/1001/877 883/1002/878
f 868/1000/876 883/1002/878 870/1003/879
f 870/1003/879 871/997/873 868/1000/876
f 870/1003/879 872/1004/880 871/997/873
f 872/1004/880 870/1003/879 873/1005/881
f 873/1005/881 874/1006/882 872/1004/880
f 874/1006/882 873/1005/881 876/1007/883
f 876/1007/883 875/1008/884 874/1006/882
f 876/1007/883 877/1009/885 875/1008/884
f 876/1007/883 878/1010/886 877/1009/885
f 876/1007/883 879/1011/887 878/1010/886
f 876/1007/883 880/1012/888 879/1011/887
f 880/1012/888 876/1007/883 873/1005/881
f 873/1005/881 881/1013/889 880/1012/888
f 881/1013/889 873/1005/881 870/1003/879
f 870/1003/879 882/1014/890 881/1013/889
f 882/1014/890 870/1003/879 883/1002/878
f 900/1015/891 884/1016/892 885/1017/893
f 885/1017/893 886/1018/894 900/1015/891
f 886/1018/894 885/1017/893 887/1019/895
f 887/1019/895 899/1020/896 886/1018/894
f 899/1020/896 887/1019/895 888/1021/897
f 888/1021/897 889/1022/898 899/1020/896
f 889/1022/898 888/1021/897 890/1023/899
f 890/1023/899 891/1024/900 889/1022/898
f 891/1024/900 890/1023/899 892/1025/901
f 891/1024/900 892/1025/901 893/1026/902
f 893/1026/902 894/1027/903 891/1024/900
f 894/1027/903 893/1026/902 895/1028/904
f 894/1027/903 895/1028/904 896/1029/905
f 894/1027/903 896/1029/905 907/1030/906
f 894/1027/903 907/1030/906 897/1031/907
f 897/1031/907 891/1024/900 894/1027/903
f 897/1031/907 889/1022/898 891/1024/900
f 889/1022/898 897/1031/907 898/1032/908
f 898/1032/908 899/1020/896 889/1022/898
f 899/1020/896 898/1032/908 903/1033/909
f 903/1033/909 886/1018/894 899/1020/896
f 903/1033/909 900/1015/891 886/1018/894
f 903/1033/909 901/1034/910 900/1015/891
f 903/1033/909 902/1035/911 901/1034/910
f 903/1033/909 904/1036/912 902/1035/911
f 904/1036/912 903/1033/909 898/1032/908
f 898/1032/908 905/1037/913 904/1036/912
f 905/1037/913 898/1032/908 897/1031/907
f 897/1031/907 906/1038/914 905/1037/913
f 906/1038/914 897/1031/907 907/1030/906
f 917/1039/915 908/1040/916 909/1041/917
f 909/1041/917 910/1042/918 917/1039/915
f 910/1042/918 909/1041/917 911/1043/919
f 910/1042/918 911/1043/919 912/1044/920
f 912/1044/920 914/1045/921 910/1042/918
f 914/1045/921 912/1044/920 913/1046/922
f 914/1045/921 913/1046/922 915/1047/923
f 914/1045/921 915/1047/923 916/1048/924
f 914/1045/921 916/1048/924 919/1049/925
f 919/1049/925 910/1042/918 914/1045/921
f 910/1042/918 919/1049/925 917/1039/915
f 918/1050/926 919/1049/925 916/1048/924
f 920/1051/927 921/1052/928 922/1053/929
f 922/1053/929 924/1054/930 920/1051/927
f 924/1054/930 922/1053/929 923/1055/931
f 924/1054/930 923/1055/931 925/1056/932
f 925/1056/932 928/1057/933 924/1054/930
f 928/1057/933 925/1056/932 926/1058/934
f 928/1057/933 926/1058/934 927/1059/935
f 928/1057/933 927/1059/935 930/1060/936
f 928/1057/933 930/1060/936 931/1061/937
f 931/1061/937 924/1054/930 928/1057/933
f 924/1054/930 931/1061/937 920/1051/927
f 929/1062/938 931/1061/937 930/1060/936
f 942/1063/939 933/1064/940 932/1065/941
f 933/1064/940 942/1063/939 934/1066/942
f 934/1066/942 935/1067/943 933/1064/940
f 934/1066/942 936/1068/944 935/1067/943
f 936/1068/944 934/1066/942 939/1069/945
f 939/1069/945 937/1070/946 936/1068/944
f 939/1069/945 938/1071/947 937/1070/946
f 939/1069/945 940/1072/948 938/1071/947
f 939/1069/945 941/1073/949 940/1072/948
f 941/1073/949 939/1069/945 934/1066/942
f 934/1066/942 942/1063/939 941/1073/949
f 943/1074/950 940/1072/948 941/1073/949
f 944/1075/951 946/1076/952 945/1077/953
f 946/1076/952 944/1075/951 947/1078/954
f 947/1078/954 948/1079/955 946/1076/952
f 947/1078/954 949/1080/956 948/1079/955
f 949/1080/956 947/1078/954 952/1081/957
f 952/1081/957 950/1082/958 949/1080/956
f 952/1081/957 951/1083/959 950/1082/958
f 952/1081/957 953/1084/960 951/1083/959
f 952/1081/957 955/1085/961 953/1084/960
f 955/1085/961 952/1081/957 947/1078/954
f 947/1078/954 944/1075/951 955/1085/961
f 954/1086/962 953/1084/960 955/1085/961
f 965/1087/963 956/1088/964 957/1089/965
f 957/1089/965 966/1090/966 965/1087/963
f 966/1090/966 957/1089/965 958/1091/967
f 958/1091/967 967/1092/968 966/1090/966
f 967/1092/968 958/1091/967 959/1093/969
f 959/1093/969 968/1094/970 967/1092/968
f 968/1094/970 959/1093/969 960/1095/971
f 960/1095/971 961/1096/972 968/1094/970
f 961/1096/972 960/1095/971 100/1097/166
f 100/1097/166 101/1098/167 961/1096/972
f 101/1098/167 100/1097/166 962/1099/973
f 962/1099/973 969/1100/974 101/1098/167
f 969/1100/974 962/1099/973 963/1101/975
f 963/1101/975 964/1102/976 969/1100/974
f 964/1102/976 963/1101/975 956/1088/964
f 964/1102/976 956/1088/964 965/1087/963
f 965/1087/963 976/1103/977 964/1102/976
f 976/1103/977 965/1087/963 966/1090/966
f 966/1090/966 977/1104/978 976/1103/977
f 977/1104/978 966/1090/966 967/1092/968
f 967/1092/968 975/1105/979 977/1104/978
f 975/1105/979 967/1092/968 968/1094/970
f 968/1094/970 978/1106/980 975/1105/979
f 978/1106/980 968/1094/970 961/1096/972
f 961/1096/972 974/1107/981 978/1106/980
f 974/1107/981 961/1096/972 101/1098/167
f 101/1098/167 972/1108/982 974/1107/981
f 972/1108/982 101/1098/167 969/1100/974
f 969/1100/974 971/1109/983 972/1108/982
f 971/1109/983 969/1100/974 964/1102/976
f 964/1102/976 970/1110/984 971/1109/983
f 970/1110/984 964/1102/976 976/1103/977
f 976/1103/977 971/1109/983 970/1110/984
f 971/1109/983 976/1103/977 973/1111/170
f 973/1111/170 972/1108/982 971/1109/983
f 973/1111/170 974/1107/981 972/1108/982
f 973/1111/170 975/1105/979 974/1107/981
f 975/1105/979 973/1111/170 976/1103/977
f 976/1103/977 977/1104/978 975/1105/979
f 978/1106/980 974/1107/981 975/1105/979
f 991/1112/985 989/1113/986 979/1114/987
f 979/1114/987 980/1115/988 991/1112/985
f 980/1115/988 979/1114/987 981/1116/989
f 981/1116/989 982/1117/990 980/1115/988
f 982/1117/990 981/1116/989 983/1118/991
f 983/1118/991 984/1119/992 982/1117/990
f 984/1119/992 983/1118/991 985/1120/993
f 985/1120/993 428/1121/493 984/1119/992
f 428/1121/493 985/1120/993 986/1122/994
f 986/1122/994 994/1123/995 428/1121/493
f 994/1123/995 986/1122/994 987/1124/996
f 987/1124/996 995/1125/997 994/1123/995
f 995/1125/997 987/1124/996 988/1126/998
f 988/1126/998 990/1127/999 995/1125/997
f 990/1127/999 988/1126/998 989/1113/986
f 990/1127/999 989/1113/986 991/1112/985
f 991/1112/985 992/1128/1000 990/1127/999
f 992/1128/1000 991/1112/985 980/1115/988
f 980/1115/988 993/1129/1001 992/1128/1000
f 993/1129/1001 980/1115/988 982/1117/990
f 982/1117/990 998/1130/1002 993/1129/1001
f 998/1130/1002 982/1117/990 984/1119/992
f 984/1119/992 999/1131/1003 998/1130/1002
f 999/1131/1003 984/1119/992 428/1121/493
f 428/1121/493 1002/1132/1004 999/1131/1003
f 1002/1132/1004 428/1121/493 994/1123/995
f 994/1123/995 1001/1133/1005 1002/1132/1004
f 1001/1133/1005 994/1123/995 995/1125/997
f 995/1125/997 996/1134/1006 1001/1133/1005
f 996/1134/1006 995/1125/997 990/1127/999
f 990/1127/999 997/1135/1007 996/1134/1006
f 997/1135/1007 990/1127/999 992/1128/1000
f 992/1128/1000 1000/1136/1008 997/1135/1007
f 1000/1136/1008 992/1128/1000 993/1129/1001
f 1000/1136/1008 993/1129/1001 998/1130/1002
f 1000/1136/1008 998/1130/1002 999/1131/1003
f 1000/1136/1008 999/1131/1003 1001/1133/1005
f 1001/1133/1005 997/1135/1007 1000/1136/1008
f 997/1135/1007 1001/1133/1005 996/1134/1006
f 1002/1132/1004 1001/1133/1005 999/1131/1003
f 1073/1137/1009 1071/1138/1010 1067/1139/1011
f 1067/1139/1011 1017/1140/1012 1073/1137/1009
f 1017/1140/1012 1067/1139/1011 1018/1141/1013
f 1018/1141/1013 1019/1142/1014 1017/1140/1012
f 1018/1141/1013 1027/1143/1015 1019/1142/1014
f 1018/1141/1013 1025/1144/1016 1027/1143/1015
f 1025/1144/1016 1018/1141/1013 1067/1139/1011
f 1025/1144/1016 1067/1139/1011 1065/1145/1017
f 1065/1145/1017 1020/1146/1018 1025/1144/1016
f 1020/1146/1018 1065/1145/1017 1063/1147/1019
f 1020/1146/1018 1063/1147/1019 1062/1148/1020
f 1062/1148/1020 1022/1149/1021 1020/1146/1018
f 1022/1149/1021 1062/1148/1020 1043/1150/1022
f 1022/1149/1021 1043/1150/1022 1021/1151/1023
f 1022/1149/1021 1021/1151/1023 1042/1152/1024
f 1022/1149/1021 1042/1152/1024 1023/1153/1025
f 1023/1153/1025 1020/1146/1018 1022/1149/1021
f 1020/1146/1018 1023/1153/1025 1024/1154/1026
f 1024/1154/1026 1025/1144/1016 1020/1146/1018
f 1025/1144/1016 1024/1154/1026 1026/1155/1027
f 1026/1155/1027 1027/1143/1015 1025/1144/1016
f 1134/1156/1028 1028/1157/1029 1119/1158/1030
f 1028/1157/1029 1134/1156/1028 1133/1159/1031
f 1133/1159/1031 1029/1160/1032 1028/1157/1029
f 1029/1160/1032 1133/1159/1031 1030/1161/1033
f 1029/1160/1032 1030/1161/1033 1092/1162/1034
f 1029/1160/1032 1092/1162/1034 1037/1163/1035
f 1037/1163/1035 1028/1157/1029 1029/1160/1032
f 1037/1163/1035 1031/1164/1036 1028/1157/1029
f 1031/1164/1036 1037/1163/1035 1032/1165/1037
f 1032/1165/1037 1116/1166/1038 1031/1164/1036
f 1032/1165/1037 1114/1167/1039 1116/1166/1038
f 1114/1167/1039 1032/1165/1037 1033/1168/1040
f 1033/1168/1040 1034/1169/1041 1114/1167/1039
f 1033/1168/1040 1035/1170/1042 1034/1169/1041
f 1033/1168/1040 1098/1171/1043 1035/1170/1042
f 1033/1168/1040 1036/1172/1044 1098/1171/1043
f 1036/1172/1044 1033/1168/1040 1032/1165/1037
f 1032/1165/1037 1096/1173/1045 1036/1172/1044
f 1096/1173/1045 1032/1165/1037 1037/1163/1035
f 1037/1163/1035 1094/1174/1046 1096/1173/1045
f 1094/1174/1046 1037/1163/1035 1092/1162/1034
f 1017/1175/1012 1019/1176/1014 1038/1177/1047
f 1038/1177/1047 1074/1178/1048 1017/1175/1012
f 1038/1177/1047 1039/1179/1049 1074/1178/1048
f 1039/1179/1049 1038/1177/1047 1019/1180/1014
f 1039/1179/1049 1019/1180/1014 1027/1181/1015
f 1027/1181/1015 1040/1182/1050 1039/1179/1049
f 1040/1182/1050 1027/1181/1015 1026/1183/1027
f 1026/1183/1027 1041/1184/1051 1040/1182/1050
f 1041/1184/1051 1026/1183/1027 1024/1185/1026
f 1024/1185/1026 1049/1186/1052 1041/1184/1051
f 1049/1186/1052 1024/1185/1026 1023/1187/1025
f 1023/1187/1025 1047/1188/1053 1049/1186/1052
f 1047/1188/1053 1023/1187/1025 1042/1189/1024
f 1042/1189/1024 1045/1190/1054 1047/1188/1053
f 1045/1190/1054 1042/1189/1024 1021/1191/1023
f 1045/1190/1054 1021/1191/1023 1043/1192/1022
f 1045/1190/1054 1043/1192/1022 1060/1193/1055
f 1060/1193/1055 1044/1194/1056 1045/1190/1054
f 1044/1194/1056 1060/1193/1055 1059/1195/1057
f 1044/1194/1056 1059/1195/1057 1058/1196/1058
f 1044/1194/1056 1058/1196/1058 1057/1197/1059
f 1044/1194/1056 1057/1197/1059 1051/1198/1060
f 1044/1194/1056 1051/1198/1060 1046/1199/1061
f 1046/1199/1061 1045/1190/1054 1044/1194/1056
f 1046/1199/1061 1047/1188/1053 1045/1190/1054
f 1047/1188/1053 1046/1199/1061 1048/1200/1062
f 1048/1200/1062 1049/1186/1052 1047/1188/1053
f 1048/1200/1062 1078/1201/1063 1049/1186/1052
f 1048/1200/1062 1003/1202/1064 1078/1201/1063
f 1003/1202/1064 1048/1200/1062 1046/1199/1061
f 1046/1199/1061 1050/1203/1065 1003/1202/1064
f 1050/1203/1065 1046/1199/1061 1051/1198/1060
f 1078/1201/1063 1003/1202/1064 1052/1204/1066
f 1052/1204/1066 1079/1205/1067 1078/1201/1063
f 1079/1205/1067 1052/1204/1066 1005/1206/1068
f 1005/1206/1068 1080/1207/1069 1079/1205/1067
f 1080/1207/1069 1005/1206/1068 1053/1208/1070
f 1053/1208/1070 1089/1209/1071 1080/1207/1069
f 1089/1209/1071 1053/1208/1070 1006/1210/1072
f 1006/1210/1072 1054/1211/1073 1089/1209/1071
f 1054/1211/1073 1006/1210/1072 1055/1212/1074
f 1055/1212/1074 1086/1213/1075 1054/1211/1073
f 1086/1213/1075 1055/1212/1074 1004/1214/1076
f 1004/1214/1076 1056/1215/1077 1086/1213/1075
f 1056/1215/1077 1004/1214/1076 1057/1216/1059
f 1056/1215/1077 1057/1216/1059 1058/1217/1058
f 1058/1217/1058 1086/1213/1075 1056/1215/1077
f 1086/1213/1075 1058/1217/1058 1059/1218/1057
f 1059/1218/1057 1061/1219/1078 1086/1213/1075
f 1061/1219/1078 1059/1218/1057 1060/1220/1055
f 1061/1219/1078 1060/1220/1055 1043/1221/1022
f 1061/1219/1078 1043/1221/1022 1062/1222/1020
f 1062/1222/1020 1085/1223/1079 1061/1219/1078
f 1085/1223/1079 1062/1222/1020 1063/1224/1019
f 1063/1224/1019 1064/1225/1080 1085/1223/1079
f 1064/1225/1080 1063/1224/1019 1065/1226/1017
f 1065/1226/1017 1066/1227/1081 1064/1225/1080
f 1066/1227/1081 1065/1226/1017 1067/1228/1011
f 1067/1228/1011 1068/1229/1082 1066/1227/1081
f 1068/1229/1082 1067/1228/1011 1071/1230/1010
f 1068/1229/1082 1071/1230/1010 1070/1231/1083
f 1068/1229/1082 1070/1231/1083 1069/1232/1084
f 1069/1232/1084 1066/1227/1081 1068/1229/1082
f 1069/1232/1084 1083/1233/1085 1066/1227/1081
f 1069/1232/1084 1082/1234/1086 1083/1233/1085
f 1082/1234/1086 1069/1232/1084 1070/1231/1083
f 1070/1231/1083 1072/1235/1087 1082/1234/1086
f 1072/1235/1087 1070/1231/1083 1071/1236/1010
f 1072/1235/1087 1071/1236/1010 1073/1237/1009
f 1072/1235/1087 1073/1237/1009 1017/1238/1012
f 1072/1235/1087 1017/1238/1012 1074/1178/1048
f 1074/1178/1048 1075/1239/1088 1072/1235/1087
f 1075/1239/1088 1074/1178/1048 1039/1179/1049
f 1075/1239/1088 1039/1179/1049 1040/1182/1050
f 1040/1182/1050 1076/1240/1089 1075/1239/1088
f 1076/1240/1089 1040/1182/1050 1041/1184/1051
f 1041/1184/1051 1077/1241/1090 1076/1240/1089
f 1077/1241/1090 1041/1184/1051 1049/1186/1052
f 1077/1241/1090 1049/1186/1052 1078/1201/1063
f 1077/1241/1090 1078/1201/1063 1079/1205/1067
f 1079/1205/1067 1076/1240/1089 1077/1241/1090
f 1076/1240/1089 1079/1205/1067 1080/1207/1069
f 1076/1240/1089 1080/1207/1069 1081/1242/1091
f 1081/1242/1091 1075/1239/1088 1076/1240/1089
f 1075/1239/1088 1081/1242/1091 1082/1234/1086
f 1082/1234/1086 1072/1235/1087 1075/1239/1088
f 1089/1209/1071 1081/1242/1091 1080/1207/1069
f 1081/1242/1091 1089/1209/1071 1088/1243/1092
f 1088/1243/1092 1082/1234/1086 1081/1242/1091
f 1082/1234/1086 1088/1243/1092 1084/1244/1093
f 1084/1244/1093 1083/1233/1085 1082/1234/1086
f 1084/1244/1093 1066/1227/1081 1083/1233/1085
f 1084/1244/1093 1064/1225/1080 1066/1227/1081
f 1064/1225/1080 1084/1244/1093 1087/1245/1094
f 1087/1245/1094 1085/1223/1079 1064/1225/1080
f 1087/1245/1094 1061/1219/1078 1085/1223/1079
f 1087/1245/1094 1086/1213/1075 1061/1219/1078
f 1087/1245/1094 1054/1211/1073 1086/1213/1075
f 1054/1211/1073 1087/1245/1094 1088/1243/1092
f 1088/1243/1092 1089/1209/1071 1054/1211/1073
f 1084/1244/1093 1088/1243/1092 1087/1245/1094
f 1030/1246/1033 1133/1247/1031 1132/1248/1095
f 1132/1248/1095 1090/1249/1096 1030/1246/1033
f 1090/1249/1096 1132/1248/1095 1091/1250/1097
f 1091/1250/1097 1030/1251/1033 1090/1249/1096
f 1091/1250/1097 1092/1252/1034 1030/1251/1033
f 1092/1252/1034 1091/1250/1097 1093/1253/1098
f 1093/1253/1098 1094/1254/1046 1092/1252/1034
f 1094/1254/1046 1093/1253/1098 1095/1255/1099
f 1095/1255/1099 1096/1256/1045 1094/1254/1046
f 1096/1256/1045 1095/1255/1099 1097/1257/1100
f 1097/1257/1100 1036/1258/1044 1096/1256/1045
f 1036/1258/1044 1097/1257/1100 1103/1259/1101
f 1103/1259/1101 1098/1260/1043 1036/1258/1044
f 1098/1260/1043 1103/1259/1101 1099/1261/1102
f 1099/1261/1102 1035/1262/1042 1098/1260/1043
f 1099/1261/1102 1034/1263/1041 1035/1262/1042
f 1099/1261/1102 1113/1264/1103 1034/1263/1041
f 1113/1264/1103 1099/1261/1102 1101/1265/1104
f 1101/1265/1104 1111/1266/1105 1113/1264/1103
f 1101/1265/1104 1110/1267/1106 1111/1266/1105
f 1101/1265/1104 1100/1268/1107 1110/1267/1106
f 1101/1265/1104 1012/1269/1108 1100/1268/1107
f 1101/1265/1104 1102/1270/1109 1012/1269/1108
f 1102/1270/1109 1101/1265/1104 1099/1261/1102
f 1102/1270/1109 1099/1261/1102 1103/1259/1101
f 1103/1259/1101 1104/1271/1110 1102/1270/1109
f 1104/1271/1110 1103/1259/1101 1097/1257/1100
f 1104/1271/1110 1097/1257/1100 1130/1272/1111
f 1104/1271/1110 1130/1272/1111 1007/1273/1112
f 1007/1273/1112 1102/1270/1109 1104/1271/1110
f 1102/1270/1109 1007/1273/1112 1105/1274/1113
f 1105/1274/1113 1012/1269/1108 1102/1270/1109
f 1130/1272/1111 1008/1275/1114 1007/1273/1112
f 1008/1275/1114 1130/1272/1111 1129/1276/1115
f 1129/1276/1115 1009/1277/1116 1008/1275/1114
f 1009/1277/1116 1129/1276/1115 1128/1278/1117
f 1128/1278/1117 1106/1279/1118 1009/1277/1116
f 1106/1279/1118 1128/1278/1117 1126/1280/1119
f 1126/1280/1119 1010/1281/1120 1106/1279/1118
f 1010/1281/1120 1126/1280/1119 1124/1282/1121
f 1124/1282/1121 1107/1283/1122 1010/1281/1120
f 1107/1283/1122 1124/1282/1121 1108/1284/1123
f 1108/1284/1123 1011/1285/1124 1107/1283/1122
f 1011/1285/1124 1108/1284/1123 1109/1286/1125
f 1109/1286/1125 1100/1287/1107 1011/1285/1124
f 1109/1286/1125 1110/1288/1106 1100/1287/1107
f 1110/1288/1106 1109/1286/1125 1108/1284/1123
f 1108/1284/1123 1111/1289/1105 1110/1288/1106
f 1111/1289/1105 1108/1284/1123 1112/1290/1126
f 1112/1290/1126 1113/1291/1103 1111/1289/1105
f 1112/1290/1126 1034/1292/1041 1113/1291/1103
f 1112/1290/1126 1114/1293/1039 1034/1292/1041
f 1114/1293/1039 1112/1290/1126 1115/1294/1127
f 1115/1294/1127 1116/1295/1038 1114/1293/1039
f 1116/1295/1038 1115/1294/1127 1117/1296/1128
f 1117/1296/1128 1031/1297/1036 1116/1295/1038
f 1031/1297/1036 1117/1296/1128 1121/1298/1129
f 1121/1298/1129 1028/1299/1029 1031/1297/1036
f 1028/1299/1029 1121/1298/1129 1118/1300/1130
f 1118/1300/1130 1119/1301/1030 1028/1299/1029
f 1118/1300/1130 1120/1302/1131 1119/1301/1030
f 1118/1300/1130 1135/1303/1132 1120/1302/1131
f 1135/1303/1132 1118/1300/1130 1121/1298/1129
f 1121/1298/1129 1122/1304/1133 1135/1303/1132
f 1122/1304/1133 1121/1298/1129 1117/1296/1128
f 1117/1296/1128 1125/1305/1134 1122/1304/1133
f 1125/1305/1134 1117/1296/1128 1115/1294/1127
f 1115/1294/1127 1123/1306/1135 1125/1305/1134
f 1123/1306/1135 1115/1294/1127 1112/1290/1126
f 1123/1306/1135 1112/1290/1126 1108/1284/1123
f 1123/1306/1135 1108/1284/1123 1124/1282/1121
f 1124/1282/1121 1125/1305/1134 1123/1306/1135
f 1124/1282/1121 1137/1307/1136 1125/1305/1134
f 1137/1307/1136 1124/1282/1121 1126/1280/1119
f 1126/1280/1119 1127/1308/1137 1137/1307/1136
f 1127/1308/1137 1126/1280/1119 1128/1278/1117
f 1128/1278/1117 1138/1309/1138 1127/1308/1137
f 1138/1309/1138 1128/1278/1117 1129/1276/1115
f 1129/1276/1115 1131/1310/1139 1138/1309/1138
f 1131/1310/1139 1129/1276/1115 1130/1272/1111
f 1131/1310/1139 1130/1272/1111 1097/1257/1100
f 1097/1257/1100 1138/1309/1138 1131/1310/1139
f 1138/1309/1138 1097/1257/1100 1095/1255/1099
f 1138/1309/1138 1095/1255/1099 1093/1253/1098
f 1093/1253/1098 1139/1311/1140 1138/1309/1138
f 1139/1311/1140 1093/1253/1098 1091/1250/1097
f 1139/1311/1140 1091/1250/1097 1132/1248/1095
f 1132/1248/1095 1140/1312/1141 1139/1311/1140
f 1140/1312/1141 1132/1248/1095 1133/1313/1031
f 1140/1312/1141 1133/1313/1031 1134/1314/1028
f 1140/1312/1141 1134/1314/1028 1119/1315/1030
f 1140/1312/1141 1119/1315/1030 1120/1302/1131
f 1120/1302/1131 1136/1316/1142 1140/1312/1141
f 1136/1316/1142 1120/1302/1131 1135/1303/1132
f 1136/1316/1142 1135/1303/1132 1122/1304/1133
f 1136/1316/1142 1122/1304/1133 1125/1305/1134
f 1136/1316/1142 1125/1305/1134 1137/1307/1136
f 1137/1307/1136 1139/1311/1140 1136/1316/1142
f 1139/1311/1140 1137/1307/1136 1127/1308/1137
f 1127/1308/1137 1138/1309/1138 1139/1311/1140
f 1136/1316/1142 1139/1311/1140 1140/1312/1141
f 754/867/770 1150/1317/1143 1173/869/772
f 1150/1317/1143 754/867/770 752/865/768
f 752/865/768 1149/1318/1144 1150/1317/1143
f 1149/1318/1144 752/865/768 751/863/766
f 751/863/766 1141/1319/1145 1149/1318/1144
f 1141/1319/1145 751/863/766 1142/861/764
f 1142/861/764 1147/1320/1146 1141/1319/1145
f 1147/1320/1146 1142/861/764 748/859/762
f 748/859/762 1146/1321/1147 1147/1320/1146
f 1146/1321/1147 748/859/762 1170/858/761
f 1146/1321/1147 1170/858/761 1143/1322/1148
f 1143/1322/1148 1144/1323/1149 1146/1321/1147
f 1144/1323/1149 1143/1322/1148 1168/1324/1150
f 1144/1323/1149 1168/1324/1150 1167/1325/1151
f 1144/1323/1149 1167/1325/1151 1145/1326/1152
f 1145/1326/1152 1146/1321/1147 1144/1323/1149
f 1145/1326/1152 1147/1320/1146 1146/1321/1147
f 1147/1320/1146 1145/1326/1152 1148/1327/1153
f 1148/1327/1153 1141/1319/1145 1147/1320/1146
f 1148/1327/1153 1149/1318/1144 1141/1319/1145
f 1149/1318/1144 1148/1327/1153 1151/1328/1154
f 1151/1328/1154 1150/1317/1143 1149/1318/1144
f 1151/1328/1154 1176/1329/1155 1150/1317/1143
f 1176/1329/1155 1151/1328/1154 1214/1330/1156
f 1214/1330/1156 1152/1331/1157 1176/1329/1155
f 1152/1331/1157 1214/1330/1156 1153/1332/1158
f 1153/1332/1158 1177/1333/1159 1152/1331/1157
f 1177/1333/1159 1153/1332/1158 1154/1334/1160
f 1154/1334/1160 1187/1335/1161 1177/1333/1159
f 1187/1335/1161 1154/1334/1160 1216/1336/1162
f 1216/1336/1162 1155/1337/1163 1187/1335/1161
f 1155/1337/1163 1216/1336/1162 1217/1338/1164
f 1217/1338/1164 1156/1339/1165 1155/1337/1163
f 1156/1339/1165 1217/1338/1164 1191/1340/1166
f 1191/1340/1166 1157/1341/1167 1156/1339/1165
f 1157/1341/1167 1191/1340/1166 1016/1342/1168
f 1157/1341/1167 1016/1342/1168 1158/1343/1169
f 1157/1341/1167 1158/1343/1169 1159/1344/1170
f 1159/1344/1170 1160/1345/1171 1157/1341/1167
f 1160/1345/1171 1159/1344/1170 1013/1346/1172
f 1013/1346/1172 1161/1347/1173 1160/1345/1171
f 1161/1347/1173 1013/1346/1172 1162/1348/1174
f 1161/1347/1173 1162/1348/1174 1163/1349/1175
f 1161/1347/1173 1163/1349/1175 1195/1350/1176
f 1195/1350/1176 1164/1351/1177 1161/1347/1173
f 1164/1351/1177 1195/1350/1176 1197/1352/1178
f 1197/1352/1178 1165/1353/1179 1164/1351/1177
f 1165/1353/1179 1197/1352/1178 1199/1354/1180
f 1199/1354/1180 1190/1355/1181 1165/1353/1179
f 1190/1355/1181 1199/1354/1180 1166/1356/1182
f 1166/1356/1182 1184/1357/1183 1190/1355/1181
f 1184/1357/1183 1166/1356/1182 1167/1358/1151
f 1167/1358/1151 1183/1359/1184 1184/1357/1183
f 1183/1359/1184 1167/1358/1151 1168/1360/1150
f 1168/1360/1150 1169/1361/1185 1183/1359/1184
f 1169/1361/1185 1168/1360/1150 1143/1362/1148
f 1169/1361/1185 1143/1362/1148 1170/874/761
f 1169/1361/1185 1170/874/761 1171/873/776
f 1171/873/776 1174/1363/1186 1169/1361/1185
f 1174/1363/1186 1171/873/776 1172/871/774
f 1174/1363/1186 1172/871/774 1173/869/772
f 1174/1363/1186 1173/869/772 1150/1317/1143
f 1150/1317/1143 1175/1364/1187 1174/1363/1186
f 1175/1364/1187 1150/1317/1143 1176/1329/1155
f 1176/1329/1155 1180/1365/1188 1175/1364/1187
f 1180/1365/1188 1176/1329/1155 1152/1331/1157
f 1152/1331/1157 1178/1366/1189 1180/1365/1188
f 1178/1366/1189 1152/1331/1157 1177/1333/1159
f 1178/1366/1189 1177/1333/1159 1179/1367/1190
f 1178/1366/1189 1179/1367/1190 1218/1368/1191
f 1218/1368/1191 1180/1365/1188 1178/1366/1189
f 1180/1365/1188 1218/1368/1191 1181/1369/1192
f 1181/1369/1192 1175/1364/1187 1180/1365/1188
f 1181/1369/1192 1174/1363/1186 1175/1364/1187
f 1174/1363/1186 1181/1369/1192 1182/1370/1193
f 1182/1370/1193 1169/1361/1185 1174/1363/1186
f 1182/1370/1193 1183/1359/1184 1169/1361/1185
f 1182/1370/1193 1184/1357/1183 1183/1359/1184
f 1184/1357/1183 1182/1370/1193 1219/1371/1194
f 1219/1371/1194 1185/1372/1195 1184/1357/1183
f 1185/1372/1195 1219/1371/1194 1218/1368/1191
f 1185/1372/1195 1218/1368/1191 1179/1367/1190
f 1179/1367/1190 1186/1373/1196 1185/1372/1195
f 1186/1373/1196 1179/1367/1190 1177/1333/1159
f 1186/1373/1196 1177/1333/1159 1187/1335/1161
f 1187/1335/1161 1189/1374/1197 1186/1373/1196
f 1189/1374/1197 1187/1335/1161 1155/1337/1163
f 1155/1337/1163 1188/1375/1198 1189/1374/1197
f 1188/1375/1198 1155/1337/1163 1156/1339/1165
f 1188/1375/1198 1156/1339/1165 1157/1341/1167
f 1188/1375/1198 1157/1341/1167 1160/1345/1171
f 1188/1375/1198 1160/1345/1171 1161/1347/1173
f 1188/1375/1198 1161/1347/1173 1164/1351/1177
f 1164/1351/1177 1189/1374/1197 1188/1375/1198
f 1189/1374/1197 1164/1351/1177 1165/1353/1179
f 1165/1353/1179 1186/1373/1196 1189/1374/1197
f 1186/1373/1196 1165/1353/1179 1190/1355/1181
f 1190/1355/1181 1185/1372/1195 1186/1373/1196
f 1185/1372/1195 1190/1355/1181 1184/1357/1183
f 1191/1340/1166 1192/1376/1199 1016/1342/1168
f 1192/1376/1199 1191/1340/1166 1193/1377/1200
f 1193/1377/1200 1015/1378/1201 1192/1376/1199
f 1015/1378/1201 1193/1377/1200 1208/1379/1202
f 1208/1379/1202 1014/1380/1203 1015/1378/1201
f 1014/1380/1203 1208/1379/1202 1207/1381/1204
f 1207/1381/1204 1194/1382/1205 1014/1380/1203
f 1207/1381/1204 1163/1383/1175 1194/1382/1205
f 1207/1381/1204 1195/1384/1176 1163/1383/1175
f 1195/1384/1176 1207/1381/1204 1196/1385/1206
f 1196/1385/1206 1197/1386/1178 1195/1384/1176
f 1197/1386/1178 1196/1385/1206 1198/1387/1207
f 1198/1387/1207 1199/1388/1180 1197/1386/1178
f 1199/1388/1180 1198/1387/1207 1205/1389/1208
f 1205/1389/1208 1166/1390/1182 1199/1388/1180
f 1166/1390/1182 1205/1389/1208 1203/1391/1209
f 1203/1391/1209 1167/1325/1151 1166/1390/1182
f 1203/1391/1209 1145/1326/1152 1167/1325/1151
f 1145/1326/1152 1203/1391/1209 1200/1392/1210
f 1200/1392/1210 1148/1327/1153 1145/1326/1152
f 1148/1327/1153 1200/1392/1210 1201/1393/1211
f 1201/1393/1211 1151/1328/1154 1148/1327/1153
f 1201/1393/1211 1202/1394/1212 1151/1328/1154
f 1202/1394/1212 1201/1393/1211 1200/1392/1210
f 1200/1392/1210 1212/1395/1213 1202/1394/1212
f 1212/1395/1213 1200/1392/1210 1203/1391/1209
f 1203/1391/1209 1204/1396/1214 1212/1395/1213
f 1204/1396/1214 1203/1391/1209 1205/1389/1208
f 1205/1389/1208 1206/1397/1215 1204/1396/1214
f 1206/1397/1215 1205/1389/1208 1198/1387/1207
f 1198/1387/1207 1210/1398/1216 1206/1397/1215
f 1210/1398/1216 1198/1387/1207 1196/1385/1206
f 1210/1398/1216 1196/1385/1206 1207/1381/1204
f 1210/1398/1216 1207/1381/1204 1208/1379/1202
f 1208/1379/1202 1209/1399/1217 1210/1398/1216
f 1209/1399/1217 1208/1379/1202 1193/1377/1200
f 1209/1399/1217 1193/1377/1200 1191/1340/1166
f 1209/1399/1217 1191/1340/1166 1217/1338/1164
f 1209/1399/1217 1217/1338/1164 1211/1400/1218
f 1211/1400/1218 1210/1398/1216 1209/1399/1217
f 1211/1400/1218 1206/1397/1215 1210/1398/1216
f 1206/1397/1215 1211/1400/1218 1215/1401/1219
f 1215/1401/1219 1204/1396/1214 1206/1397/1215
f 1204/1396/1214 1215/1401/1219 1213/1402/1220
f 1213/1402/1220 1212/1395/1213 1204/1396/1214
f 1213/1402/1220 1202/1394/1212 1212/1395/1213
f 1202/1394/1212 1213/1402/1220 1214/1330/1156
f 1214/1330/1156 1151/1328/1154 1202/1394/1212
f 1213/1402/1220 1153/1332/1158 1214/1330/1156
f 1153/1332/1158 1213/1402/1220 1215/1401/1219
f 1215/1401/1219 1154/1334/1160 1153/1332/1158
f 1154/1334/1160 1215/1401/1219 1211/1400/1218
f 1211/1400/1218 1216/1336/1162 1154/1334/1160
f 1216/1336/1162 1211/1400/1218 1217/1338/1164
f 1218/1368/1191 1219/1371/1194 1220/1403/1221
f 1220/1403/1221 1181/1369/1192 1218/1368/1191
f 1220/1403/1221 1182/1370/1193 1181/1369/1192
f 1182/1370/1193 1220/1403/1221 1219/1371/1194
o body_body.030
v 0.375000 30.437500 -0.374995
v 0.312500 30.187500 -0.562495
v 0.250000 29.375000 -0.999995
v 1.125000 29.562500 -1.062495
v 0.625000 28.375000 -2.124995
v 1.312500 28.687500 -1.937495
v 1.125000 28.000000 -2.687495
v 1.562500 28.187500 -2.562495
v 1.500000 27.562500 -2.874995
v 1.500000 27.437500 -2.937495
v 1.000000 27.312500 -2.874995
v 1.187500 27.000000 -2.874996
v 0.562500 27.187500 -2.624995
v 0.562500 26.437500 -2.124996
v 0.000000 27.062500 -2.187496
v 0.000000 26.562500 -2.187496
v -1.625000 27.375000 -2.937495
v -1.875000 27.562500 -2.937495
v -1.625000 27.687500 -2.874995
v -1.562500 28.187500 -2.562495
v -0.625000 28.375000 -2.124995
v -1.312500 28.687500 -1.937495
v -0.250000 28.750000 -1.562495
v -1.187500 29.000000 -1.437495
v -1.125000 29.562500 -1.062495
v -0.312500 30.000000 -0.812495
v -1.062500 30.062500 -0.687495
v 2.062500 27.312500 -2.749995
v 2.500000 27.250000 -2.312495
v 2.500000 26.625000 -1.812496
v 2.437500 26.187500 -0.562496
v 2.312500 25.375000 0.000004
v 2.000000 25.437500 0.812504
v 0.937500 25.875000 1.687504
v 1.125000 26.937500 2.187504
v 0.000000 26.312500 1.812504
v 0.000000 27.250000 2.187505
v -2.375000 26.750000 1.250004
v -2.312500 25.375000 0.000004
v -2.625000 26.875000 0.375004
v -2.500000 27.000000 0.000004
v -2.375000 26.937500 -2.374996
v -2.500000 27.250000 -2.312495
v -2.062500 27.312500 -2.749995
v -2.125000 27.437500 -2.687495
v 1.000000 30.312500 -0.499995
v 1.625000 30.500000 -0.187495
v 1.062500 30.062500 -0.687495
v 1.750000 30.187500 -0.562495
v 1.187500 29.000000 -1.437495
v 2.125000 28.812500 -1.249995
v 2.500000 28.937500 -0.624995
v 2.812500 28.250000 0.562505
v 2.500000 28.000000 -0.374995
v 2.625000 27.750000 0.125005
v 2.500000 27.000000 0.000004
v 2.687500 27.625000 0.500005
v 2.500000 27.562500 1.375005
v 2.062500 28.500000 2.312505
v 0.750000 28.937500 2.687505
v 1.250000 30.375000 2.375005
v 0.500000 30.437500 2.437505
v -0.500000 30.437500 2.437505
v -1.250000 30.812500 2.062505
v -0.562500 29.562500 2.687505
v -0.750000 28.937500 2.687505
v -1.687500 29.000000 2.562505
v -2.062500 28.500000 2.312505
v -2.687500 27.625000 0.500005
v -2.812500 28.250000 0.625005
v -2.437500 28.437500 -0.937495
v -2.125000 28.812500 -1.249995
v -2.125000 29.187500 -0.937495
v -1.750000 30.187500 -0.562495
v -1.000000 30.312500 -0.437495
v -0.875000 30.500000 -0.062495
v -1.875000 27.750000 -2.749995
v -2.437500 27.687500 -2.249995
v -2.125000 27.562500 -2.687495
v -2.625000 27.937500 -1.499995
v -2.687500 27.125000 -1.437496
v -2.562500 27.187500 -0.562496
v -2.625000 27.750000 0.125005
v -2.500000 27.562500 1.375005
v -1.125000 26.937500 2.187504
v 2.375000 26.750000 1.250004
v 2.625000 26.875000 0.312504
v -2.562500 28.000000 -0.374995
v -2.250000 28.375000 -1.749995
v -2.187500 28.000000 -2.374995
v 1.875000 27.562500 -2.937495
v 1.812500 27.750000 -2.812495
v 2.187500 28.000000 -2.437495
v 2.250000 28.375000 -1.749995
v 2.437500 28.437500 -0.937495
v 2.625000 27.937500 -1.499995
v 2.562500 27.187500 -0.624996
v 2.687500 27.125000 -1.499996
v 2.437500 27.687500 -2.249995
v 2.125000 27.437500 -2.687495
v 2.125000 27.562500 -2.687495
v 3.500000 18.437500 -0.187497
v 3.562500 18.500000 0.187503
v 3.187500 18.375000 -0.499997
v -0.937500 5.875000 1.875001
v -1.125000 4.687500 1.750001
v -1.562500 5.875000 2.250001
v -1.562500 4.750000 2.062501
v -2.125000 4.687500 1.937501
v -2.437500 5.812500 0.625001
v -1.750000 5.750000 0.312501
v -1.687500 4.562500 0.437501
v -1.375000 5.812500 0.562501
v -1.375000 4.562500 0.687501
v -0.937500 5.937500 1.187501
v -1.062500 4.625000 1.250001
v 1.125000 27.812500 2.562505
v 0.000000 28.125000 2.500005
v -1.125000 27.812500 2.562505
v 0.000000 29.562500 2.562505
v 0.562500 29.562500 2.687505
v 0.000000 28.937500 2.562505
v 0.000000 30.437500 2.375005
v -2.187500 11.937500 -0.312498
v -2.750000 12.062500 0.937502
v -2.750000 10.937500 1.187502
v -2.375000 11.937500 1.625002
v -2.812500 14.625000 1.312502
v -2.812500 13.125000 1.000002
v -3.062500 14.750000 0.187502
v -2.875000 13.375000 0.250002
v -2.500000 13.437500 -0.624998
v -2.687500 12.562500 0.187502
v -1.812500 11.375000 -0.687498
v -1.750000 10.125000 -0.249998
v -1.812500 10.875000 -0.562498
v -1.312500 10.125000 0.000002
v -1.312500 11.437500 -0.499998
v -1.000000 11.687500 -0.062498
v -0.937500 11.062500 0.187502
v -0.687500 11.937500 0.437502
v -0.437500 11.937500 0.937502
v -0.437500 13.312500 0.750002
v -0.500000 14.812500 0.062502
v -0.312500 16.187500 0.062503
v -0.250000 16.125000 0.937503
v -0.187500 17.937500 0.000003
v 0.000000 19.125000 -0.187497
v 0.000000 18.937500 1.125003
v 0.250000 19.000000 -0.124997
v 0.187500 17.937500 0.000003
v 0.312500 16.125000 0.937503
v 0.375000 14.750000 0.812502
v 0.625000 13.312500 0.062502
v 0.375000 13.312500 0.750002
v 0.687500 11.937500 0.437502
v 0.562500 11.125000 0.687502
v 0.875000 11.062500 0.187502
v 1.000000 11.687500 -0.062498
v 1.250000 11.437500 -0.499998
v 0.937500 13.312500 -0.624998
v 0.500000 14.812500 0.062502
v 0.312500 16.187500 0.062503
v 0.875000 16.375000 -0.812497
v 0.875000 19.812500 -0.999997
v 1.750000 19.625000 -1.249997
v 1.812500 20.687500 -1.187497
v 2.750000 20.125000 -0.749997
v 2.937500 21.687500 0.437504
v 1.312500 19.562500 2.500003
v 0.000000 19.062500 1.875003
v -1.250000 19.062500 2.250003
v -2.687500 19.812500 1.625003
v -2.750000 20.125000 -0.687497
v -1.812500 20.687500 -1.187497
v -1.000000 18.125000 -0.937497
v -1.000000 13.312500 -0.624998
v -0.625000 13.312500 0.062502
v -1.125000 12.375000 -0.499998
v -1.312500 11.812500 -0.499998
v -1.812500 11.875000 -0.624998
v -2.437500 12.687500 -0.437498
v -1.750000 12.500000 -0.749998
v -1.750000 13.312500 -1.062498
v -1.625000 14.875000 -1.374998
v -0.875000 14.875000 -0.749998
v -1.687500 16.687500 -1.437497
v -0.937500 16.375000 -0.812497
v -1.750000 18.500000 -1.437497
v -1.750000 19.625000 -1.249997
v -2.812500 18.812500 -0.812497
v -3.437500 19.062500 0.437503
v -3.250000 20.437500 0.500003
v -0.125000 18.750000 1.187503
v 0.125000 18.750000 1.437503
v 1.250000 19.062500 2.250003
v 0.125000 17.937500 1.250003
v 1.250000 18.062500 2.187503
v 1.437500 14.625000 1.687502
v 0.500000 13.250000 1.187502
v 2.812500 14.625000 1.250002
v 2.812500 13.125000 0.937502
v 3.062500 14.750000 0.187502
v 2.875000 13.375000 0.187502
v 2.562500 14.812500 -0.874998
v 1.687500 13.312500 -1.062498
v 1.750000 12.500000 -0.812498
v 1.062500 12.375000 -0.499998
v 1.250000 11.812500 -0.499998
v 1.750000 10.875000 -0.562498
v 1.687500 10.125000 -0.249998
v 2.125000 10.312500 -0.124998
v 2.312500 10.875000 -0.124998
v 1.750000 11.375000 -0.687498
v 2.250000 11.562500 -0.249998
v 2.750000 12.062500 0.937502
v 2.750000 10.937500 1.125002
v 2.250000 10.875000 1.750002
v 1.500000 10.875000 1.750002
v 2.312500 11.937500 1.625002
v 1.437500 11.937500 1.750002
v 1.437500 13.187500 1.687502
v 0.687500 11.937500 1.312502
v 2.437500 13.125000 1.500002
v 1.750000 11.875000 -0.624998
v 2.375000 12.687500 -0.437498
v 2.500000 13.437500 -0.624998
v 2.187500 11.937500 -0.312498
v 2.687500 12.562500 0.187502
v -0.125000 17.937500 1.250003
v -1.375000 16.250000 1.937503
v -0.375000 14.750000 0.812502
v -1.437500 14.625000 1.750002
v -2.875000 16.625000 1.500003
v -1.250000 18.062500 2.187503
v -2.875000 18.625000 1.750003
v -2.687500 16.812500 -0.937497
v -3.312500 16.875000 0.250003
v -2.562500 14.812500 -0.874998
v -2.500000 13.125000 1.500002
v -1.500000 11.937500 1.750002
v -0.562500 13.250000 1.187502
v -0.687500 11.937500 1.312502
v -1.437500 13.187500 1.687502
v 1.625000 14.875000 -1.374998
v 0.812500 14.875000 -0.749998
v 1.000000 18.125000 -0.937497
v 1.750000 18.500000 -1.499997
v 3.250000 20.437500 0.500003
v 3.437500 19.062500 0.437503
v 2.687500 19.812500 1.625003
v 2.937500 18.625000 1.750003
v 1.375000 16.250000 1.937503
v 2.875000 16.625000 1.500003
v 3.312500 16.875000 0.187503
v 2.812500 18.812500 -0.812497
v 2.687500 16.812500 -0.937497
v 1.687500 16.687500 -1.437497
v -1.750000 27.250000 -2.874995
v -1.187500 27.000000 -2.874996
v -0.812500 26.750000 -2.624996
v -1.437500 26.437500 -2.437496
v -0.562500 26.437500 -2.124996
v 0.750000 26.750000 -2.624996
v 1.625000 26.812500 -2.749996
v 1.562500 27.375000 -2.937495
v 1.937500 27.250000 -2.812495
v 1.750000 27.250000 -2.874995
v 2.125000 26.437500 -2.124996
v 1.437500 26.437500 -2.437496
v 2.125000 26.062500 -1.312496
v 2.000000 25.375000 -1.187496
v 1.312500 26.125000 -1.999996
v 0.562500 26.000000 -2.124996
v 0.000000 26.125000 -2.187496
v -0.562500 26.000000 -2.124996
v 0.000000 25.625000 -2.124996
v -0.562500 25.312500 -2.062496
v 0.562500 25.375000 -2.062496
v 1.250000 25.000000 -1.687496
v 1.312500 25.625000 -1.874996
v 1.812500 24.750000 -0.999996
v 2.125000 24.750000 -0.124996
v 1.812500 24.687500 0.625004
v 0.875000 24.937500 1.312504
v -0.937500 25.875000 1.687504
v -1.812500 24.750000 0.625004
v -2.000000 25.437500 0.812504
v -2.125000 24.750000 -0.062496
v -2.000000 25.375000 -1.187496
v -2.437500 26.187500 -0.562496
v -2.312500 26.375000 -1.062496
v -2.125000 26.437500 -2.062496
v -2.500000 26.625000 -1.812496
v -2.125000 26.750000 -2.562496
v -2.000000 27.250000 -2.812495
v -1.625000 26.812500 -2.749996
v -1.312500 26.125000 -1.999996
v -1.375000 25.625000 -1.874996
v 0.000000 24.562500 -1.874996
v -0.625000 22.312500 -1.687496
v 0.000000 22.187500 -1.812496
v -0.687500 21.062500 -1.499997
v -2.187500 22.937500 -0.687496
v -2.500000 22.000000 -0.562496
v -2.500000 23.062500 0.187504
v -2.000000 23.375000 0.875004
v -2.375000 22.375000 1.375004
v 0.000000 21.875000 2.687504
v -1.062500 23.375000 1.562504
v 0.000000 23.250000 1.625004
v -0.875000 24.250000 1.250004
v -0.875000 25.000000 1.312504
v 0.000000 24.375000 1.125004
v 0.000000 25.312500 1.375004
v 1.812500 24.187500 0.625004
v 1.187500 24.250000 -1.437496
v 0.500000 24.437500 -1.812496
v 0.562500 23.187500 -1.687496
v 0.000000 23.125000 -1.812496
v 0.000000 20.875000 -1.562497
v 2.500000 23.062500 0.187504
v 2.687500 22.500000 0.250004
v 1.062500 23.375000 1.562504
v 0.875000 24.250000 1.250004
v 2.000000 23.375000 0.875004
v 2.187500 23.625000 0.000004
v 1.937500 23.562500 -0.749996
v 2.187500 22.937500 -0.687496
v 1.375000 23.375000 -1.249996
v 1.500000 22.562500 -1.249996
v 0.625000 22.312500 -1.687496
v 1.812500 24.250000 -0.874996
v 2.062500 24.250000 -0.062496
v 0.000000 20.500000 2.875003
v 1.375000 20.625000 2.875003
v 0.000000 19.500000 2.437503
v -1.312500 20.625000 2.875003
v -2.625000 21.437500 1.625003
v -2.625000 21.250000 -0.624997
v -1.750000 21.562500 -1.187497
v -0.875000 19.812500 -1.062497
v -0.250000 19.000000 -0.124997
v 0.000000 19.687500 -1.187497
v 2.562500 21.250000 -0.624997
v 2.375000 22.375000 1.375004
v 2.625000 21.437500 1.625003
v 2.687500 20.562500 1.687503
v -2.937500 21.687500 0.437504
v -2.687500 20.562500 1.687503
v -1.312500 19.562500 2.562503
v -2.125000 26.062500 -1.312496
v -1.875000 24.750000 -0.999996
v -1.812500 24.187500 0.625004
v -2.187500 23.625000 0.000004
v -1.500000 22.562500 -1.249996
v -0.625000 23.187500 -1.687496
v -0.500000 24.437500 -1.812496
v -1.250000 24.937500 -1.687496
v -2.062500 24.250000 -0.062496
v -1.812500 24.250000 -0.874996
v -1.937500 23.562500 -0.749996
v -1.375000 23.375000 -1.249996
v -1.250000 24.250000 -1.437496
v 2.312500 26.375000 -1.062496
v 2.375000 26.937500 -2.437496
v 2.062500 26.750000 -2.562496
v -0.062500 27.750000 -1.999995
v -1.125000 28.000000 -2.687495
v -1.500000 27.562500 -2.874995
v -1.000000 27.625000 -2.812495
v -1.562500 27.437500 -2.937495
v -1.062500 27.312500 -2.874995
v -0.500000 27.687500 -2.499995
v -0.562500 27.187500 -2.624995
v -0.125000 27.062500 -2.249996
v 0.125000 27.062500 -2.249996
v 1.000000 27.625000 -2.812495
v 1.562500 27.687500 -2.874995
v 0.500000 27.687500 -2.499995
v 0.062500 27.750000 -1.999995
v 0.250000 28.750000 -1.562495
v 0.000000 27.750000 -1.874995
v 0.000000 28.625000 -1.562495
v 0.312500 30.000000 -0.812495
v 0.000000 30.125000 -0.624995
v -0.375000 30.437500 -0.374995
v -0.312500 30.187500 -0.562495
v 0.000000 29.937500 -0.874995
v 0.000000 29.312500 -1.062495
v -0.250000 29.375000 -0.999995
v 1.937500 19.812500 3.062503
v 2.625000 20.375000 2.312503
v 1.875000 20.812500 2.937503
v 3.062500 21.000000 1.437503
v 3.250000 21.125000 0.562503
v 2.875000 21.125000 -0.624997
v 2.500000 20.625000 -0.937497
v 1.750000 21.625000 -1.187496
v 1.875000 20.250000 -1.374997
v 0.687500 21.062500 -1.499997
v 1.062500 19.312500 -1.562497
v 0.312500 17.875000 -1.562497
v -0.125000 19.000000 -1.749997
v -0.812500 17.062500 -1.624997
v -1.375000 19.000000 -1.749997
v -2.062500 16.750000 -1.437497
v -2.062500 19.312500 -1.562497
v -2.875000 16.937500 -1.249997
v -3.312500 17.125000 -0.749997
v -3.125000 20.125000 -0.374997
v -3.750000 17.375000 0.187503
v -4.000000 17.875000 1.500003
v -2.750000 22.437500 0.312504
v -2.687500 19.750000 -1.187497
v 1.062500 20.500000 3.250003
v 1.187500 22.000000 2.562504
v -1.187500 22.000000 2.562504
v -2.312500 17.687500 3.062503
v -3.187500 17.812500 2.500003
v -2.875000 20.250000 2.187503
v -3.562500 20.437500 1.000003
v -2.062500 19.937500 3.000003
v -1.187500 17.500000 3.437503
v 0.000000 17.562500 3.375003
v 1.062500 19.062500 3.375003
v -0.125000 19.125000 3.562503
v -1.187500 19.625000 3.500003
v -0.062500 20.062500 3.437503
v 3.812500 14.062500 -0.812498
v 3.125000 17.687500 -1.124997
v 3.437500 17.625000 -0.749997
v 2.937500 21.125000 -0.374997
v 2.562500 17.687500 -1.312497
v 3.375000 14.562500 -1.312498
v 2.687500 15.000000 -1.562497
v 2.625000 21.062500 -0.687497
v 2.937500 20.687500 -0.499997
v 2.437500 22.000000 -0.624996
v 3.125000 21.937500 0.000004
v 2.250000 21.750000 -0.999996
v 3.312500 20.937500 -0.312497
v 3.125000 21.000000 -0.937497
v 2.562500 20.812500 -0.874997
v 2.812500 22.000000 -0.812496
v 16.437500 30.062500 1.500005
v 16.500000 30.187500 1.437505
v 15.812500 30.187500 1.312505
v 15.187500 30.062500 1.625005
v 15.250000 30.312500 1.375005
v 14.687500 29.875000 1.250005
v 15.250000 30.250000 1.000005
v 15.250000 30.250000 0.562505
v 15.125000 30.250000 0.125005
v 14.875000 30.125000 0.062505
v 14.562500 29.687500 0.375005
v 14.187500 29.437500 0.250005
v 14.375000 29.500000 -0.062495
v 14.750000 29.625000 -0.749995
v 14.687500 29.625000 -0.999995
v 14.500000 29.562500 -0.999995
v 14.625000 29.500000 -0.624995
v 14.500000 29.500000 -0.312495
v 14.000000 29.562500 -0.187495
v 14.312500 29.562500 -0.499995
v 14.312500 29.812500 -0.499995
v 14.375000 29.562500 -0.749995
v 14.437500 29.812500 -0.749995
v 14.062500 29.812500 -0.187495
v 13.687500 29.875000 0.062505
v 13.375000 29.812500 0.500005
v 13.562500 29.750000 0.812505
v 14.062500 29.937500 1.562505
v 14.687500 30.000000 1.625005
v 14.875000 30.375000 1.562505
v 15.312500 30.312500 1.500005
v 15.687500 30.062500 1.562505
v 15.750000 30.312500 1.500005
v 16.375000 30.125000 1.312505
v 15.250000 30.562500 1.312505
v 16.687500 30.250000 1.062505
v 16.437500 30.375000 1.187505
v 15.875000 30.437500 1.250005
v 15.375000 30.500000 1.250005
v 15.437500 30.625000 0.875005
v 16.000000 30.250000 1.000005
v 16.062500 30.500000 0.875005
v 16.625000 30.437500 0.812505
v 16.875000 30.187500 0.937505
v 16.937500 30.375000 0.875005
v 16.500000 30.250000 1.000005
v 15.375000 30.312500 1.000005
v 15.375000 30.500000 0.562505
v 16.125000 30.375000 0.625005
v 16.562500 30.312500 0.625005
v 16.875000 30.312500 0.687505
v 16.937500 30.250000 0.812505
v 13.562500 30.437500 1.437505
v 14.812500 30.562500 1.250005
v 15.250000 30.625000 1.000005
v 15.375000 30.562500 0.312505
v 16.750000 30.250000 1.187505
v 14.875000 30.625000 0.312505
v 14.000000 30.562500 0.437505
v 14.000000 30.375000 0.187505
v 13.375000 30.000000 0.250005
v 14.875000 30.375000 0.062505
v 15.125000 30.625000 0.312505
v 15.187500 30.687500 0.562505
v 15.125000 30.437500 0.062505
v 14.687500 29.750000 0.000005
v 14.625000 29.937500 -0.124995
v 14.437500 30.000000 -0.124995
v 14.500000 29.875000 -0.374995
v 14.625000 29.875000 -0.749995
v 14.562500 29.750000 -1.062495
v 14.625000 29.687500 -0.249995
v 13.437500 30.437500 0.312505
v 14.937500 30.687500 0.750005
v 14.000000 30.562500 1.187505
v 14.125000 30.375000 1.500005
v 13.500000 30.687500 1.125005
v 14.000000 30.687500 0.812505
v 13.500000 30.750000 0.812505
v 13.937500 29.750000 0.937505
v 14.000000 29.750000 1.187505
v 14.625000 29.937500 0.937505
v 14.812500 30.000000 0.500005
v 14.000000 29.437500 0.562505
v 13.562500 29.625000 0.250005
v 14.375000 29.625000 0.687505
v 1.250000 30.562500 0.187505
v 0.875000 30.500000 -0.062495
v 0.000000 30.312500 -0.437495
v -1.250000 30.562500 0.187505
v -0.500000 30.875000 2.125005
v 0.000000 30.937500 2.187505
v 0.500000 30.875000 2.125005
v 1.250000 30.812500 2.062505
v 13.250000 30.562500 1.437505
v 13.500000 30.125000 1.437505
v 2.625000 28.250000 1.375005
v 1.687500 29.000000 2.562505
v 1.437500 29.562500 2.625005
v 13.500000 29.875000 1.125005
v 2.625000 28.625000 -0.062495
v 2.125000 29.187500 -0.937495
v 1.937500 29.687500 -0.687495
v 13.500000 30.625000 0.500005
v -1.625000 30.500000 -0.187495
v -1.937500 29.687500 -0.687495
v -2.500000 28.937500 -0.624995
v -2.625000 28.625000 -0.062495
v -2.625000 28.250000 1.375005
v -1.437500 29.562500 2.625005
v -1.250000 30.375000 2.375005
v -15.437500 30.625000 0.937505
v -16.125000 30.375000 0.687505
v -2.187500 2.437500 1.562500
v -2.000000 3.375000 1.875001
v -1.000000 2.625000 1.312500
v -1.062500 3.375000 1.312501
v -1.187500 3.375000 1.687501
v -1.500000 3.437500 1.937501
v -2.437500 4.625000 1.437501
v -2.250000 3.375000 1.437501
v -2.062500 2.437500 0.937500
v -1.625000 3.312500 0.562501
v -1.687500 2.500000 0.562500
v -1.312500 3.312500 0.812501
v -2.062500 3.312500 0.812501
v -2.250000 4.562500 0.750001
v -1.125000 6.875000 0.625001
v -1.375000 6.937500 0.312501
v -1.812500 7.000000 0.125001
v -2.625000 7.125000 0.437501
v -2.687500 5.937500 1.500001
v -2.437500 7.187500 2.312501
v -2.312500 5.937500 2.062501
v -0.750000 6.875000 1.937501
v -0.687500 6.812500 1.187501
v -0.687500 9.125000 1.062501
v -0.812500 10.187500 1.187502
v -0.750000 10.125000 0.875002
v -0.937500 10.812500 1.437502
v -1.500000 10.875000 1.750002
v -1.500000 10.125000 1.937502
v -2.250000 10.875000 1.750002
v -2.312500 10.125000 1.937502
v -2.750000 10.125000 1.312502
v -2.562500 10.937500 0.437502
v -2.500000 12.062500 0.187502
v -2.312500 11.562500 -0.249998
v -2.312500 10.875000 -0.124998
v -2.312500 10.000000 0.250002
v -2.500000 9.062500 0.312501
v -3.000000 9.062500 1.437501
v -3.000000 7.250000 1.500001
v -2.562500 8.437500 0.375001
v -0.625000 8.187500 1.062501
v -1.000000 9.062500 0.562501
v -0.500000 11.000000 1.000002
v -0.562500 11.125000 0.687502
v -1.312500 10.937500 -0.374998
v -1.375000 9.750000 0.125002
v -2.187500 10.312500 -0.124998
v -1.812500 9.000000 0.000001
v -1.812500 8.312500 0.062501
v -1.375000 8.250000 0.250001
v -1.125000 8.250000 0.500001
v -0.687500 10.250000 0.625002
v -1.375000 9.000000 0.312501
v -1.000000 10.312500 0.250002
v -1.750000 9.625000 0.000002
v -1.500000 7.000000 2.437501
v -1.500000 8.375000 2.437501
v -0.687500 8.250000 1.875001
v -0.812500 9.250000 1.812502
v -1.500000 9.312500 2.312501
v -0.875000 9.937500 1.562502
v -2.437500 9.312500 2.250001
v -2.437500 8.437500 2.375001
v 2.187500 2.437500 1.562500
v 2.312500 2.500000 1.375000
v 2.062500 2.437500 0.937500
v 2.000000 3.312500 0.812501
v 1.625000 2.500000 0.562500
v 1.000000 2.625000 1.312500
v 1.312500 3.312500 0.812501
v 1.062500 3.375000 1.250001
v 1.375000 4.562500 0.687501
v 0.625000 6.812500 1.187501
v 1.125000 8.250000 0.500001
v 0.562500 8.187500 1.062501
v 0.937500 9.062500 0.562501
v 0.812500 10.187500 1.187502
v 0.750000 10.125000 0.875002
v 0.500000 11.000000 1.000002
v 0.687500 10.250000 0.625002
v 1.250000 10.937500 -0.374998
v 1.250000 10.125000 0.000002
v 2.500000 10.937500 0.437502
v 2.437500 12.062500 0.187502
v 2.250000 10.000000 0.250002
v 2.250000 10.125000 1.937502
v 0.437500 11.937500 0.937502
v 0.875000 10.812500 1.437502
v 0.875000 9.937500 1.562502
v 1.500000 10.125000 1.937502
v 0.750000 9.250000 1.812502
v 0.687500 9.125000 1.062501
v 0.875000 5.937500 1.187501
v 1.062500 4.625000 1.250001
v 1.500000 2.500000 2.000000
v 2.000000 3.375000 1.875001
v 2.250000 3.375000 1.437501
v 2.437500 4.625000 1.437501
v 1.625000 3.312500 0.562501
v 1.687500 4.562500 0.437501
v 1.312500 5.812500 0.562501
v 1.750000 5.750000 0.312501
v 2.187500 4.562500 0.750001
v 2.375000 5.812500 0.625001
v 2.687500 5.937500 1.500001
v 1.500000 3.437500 1.937501
v 1.187500 3.375000 1.687501
v 1.062500 4.687500 1.750001
v 0.937500 5.875000 1.875001
v 1.500000 7.000000 2.437501
v 0.687500 6.875000 1.937501
v 1.437500 8.375000 2.437501
v 0.625000 8.250000 1.875001
v 1.437500 9.312500 2.312501
v 2.687500 10.125000 1.250002
v 1.687500 9.625000 0.000002
v 1.312500 9.750000 0.125002
v 0.937500 10.312500 0.250002
v 1.312500 9.000000 0.312501
v 1.062500 6.875000 0.625001
v 1.812500 7.000000 0.125001
v 2.562500 7.125000 0.437501
v 3.000000 7.250000 1.437501
v 2.312500 5.937500 2.062501
v 2.125000 4.687500 1.937501
v 1.500000 4.750000 2.062501
v 3.000000 9.062500 1.437501
v 2.375000 9.312500 2.250001
v 2.437500 8.437500 2.375001
v 2.437500 7.187500 2.250001
v 1.500000 5.875000 2.187501
v 2.562500 8.437500 0.375001
v 2.500000 9.062500 0.312501
v 1.750000 9.000000 0.000001
v 1.812500 8.312500 0.062501
v 1.312500 6.937500 0.312501
v 1.375000 8.250000 0.250001
v -14.500000 29.875000 -0.374995
v -14.375000 29.812500 -0.437495
v -14.437500 29.812500 -0.749995
v -14.625000 29.875000 -0.687495
v -14.812500 29.625000 -0.687495
v -14.687500 29.687500 -0.187495
v -15.875000 30.187500 1.375005
v -16.437500 30.062500 1.562505
v -16.500000 30.187500 1.500005
v -15.312500 30.312500 1.562505
v -15.312500 30.312500 1.437505
v -15.812500 30.312500 1.562505
v -15.750000 30.062500 1.625005
v -14.687500 30.000000 1.687505
v -15.187500 30.062500 1.687505
v -16.750000 30.250000 1.250005
v -16.750000 30.250000 1.125005
v -16.562500 30.250000 1.062505
v -15.875000 30.250000 0.375005
v -16.187500 30.250000 0.375005
v -16.437500 30.250000 0.375005
v -16.750000 30.312500 0.250005
v -16.812500 30.375000 0.375005
v -16.812500 30.250000 0.437505
v -16.187500 30.375000 0.562505
v -15.875000 30.437500 0.625005
v -15.437500 30.562500 0.562505
v -15.375000 30.500000 0.625005
v -15.937500 30.562500 0.562505
v -16.250000 30.500000 0.375005
v -15.312500 30.312500 0.375005
v -15.312500 30.437500 0.187505
v -15.875000 30.375000 0.187505
v -16.250000 30.312500 0.250005
v -16.500000 30.312500 0.250005
v -16.812500 30.375000 0.500005
v -16.750000 30.250000 0.500005
v -16.500000 30.437500 0.562505
v -16.500000 30.312500 0.562505
v -16.250000 30.500000 0.562505
v -16.500000 30.437500 0.375005
v -16.062500 30.250000 1.000005
v -16.625000 30.312500 0.687505
v -16.875000 30.187500 1.000005
v -16.937500 30.312500 0.750005
v -17.000000 30.250000 0.875005
v -17.000000 30.375000 0.875005
v -14.562500 29.750000 -0.999995
v -14.312500 29.562500 -0.437495
v -14.062500 29.562500 -0.124995
v -14.375000 29.500000 0.000005
v -14.500000 29.500000 -0.312495
v -14.687500 29.500000 -0.624995
v -14.437500 29.562500 -0.687495
v -14.562500 29.562500 -0.937495
v -14.750000 29.625000 -0.999995
v -16.437500 30.125000 1.312505
v -15.937500 30.437500 1.250005
v -16.437500 30.375000 1.250005
v -15.437500 30.500000 1.312505
v -16.625000 30.437500 0.875005
v -16.125000 30.500000 0.875005
v -15.375000 30.312500 1.062505
v -15.250000 30.687500 0.625005
v -15.375000 30.562500 0.375005
v -15.937500 30.562500 0.375005
v -13.562500 30.125000 1.437505
v -14.125000 30.375000 1.562505
v -14.875000 30.375000 1.562505
v -15.250000 30.562500 1.375005
v -15.312500 30.625000 1.000005
v -15.125000 30.437500 0.125005
v -15.187500 30.250000 0.187505
v -14.875000 30.375000 0.125005
v -14.687500 29.750000 0.062505
v -14.625000 29.937500 -0.062495
v -14.437500 30.000000 -0.062495
v -14.125000 29.812500 -0.124995
v -13.500000 30.437500 0.375005
v -14.000000 30.562500 0.437505
v -13.500000 30.625000 0.500005
v -14.000000 30.687500 0.812505
v -13.562500 30.687500 1.187505
v -14.000000 30.562500 1.250005
v -14.875000 30.562500 1.312505
v -14.937500 30.687500 0.750005
v -15.187500 30.625000 0.375005
v -14.875000 30.625000 0.375005
v -14.000000 30.375000 0.250005
v -14.062500 29.937500 1.625005
v -14.000000 29.750000 1.250005
v -13.625000 29.750000 0.875005
v -13.562500 29.625000 0.312505
v -13.687500 29.875000 0.125005
v -14.000000 29.437500 0.562505
v -14.187500 29.437500 0.250005
v -14.562500 29.687500 0.437505
v -14.812500 30.000000 0.562505
v -14.875000 30.125000 0.125005
v -15.250000 30.250000 0.625005
v -15.312500 30.250000 1.062505
v -14.437500 29.625000 0.750005
v -14.000000 29.750000 0.937505
v -14.687500 29.937500 0.937505
v -14.687500 29.875000 1.312505
v 15.312500 30.312500 0.312505
v 15.812500 30.250000 0.312505
v 15.812500 30.375000 0.125005
v 16.437500 30.312500 0.187505
v 16.812500 30.250000 0.375005
v 16.750000 30.312500 0.187505
v 16.750000 30.375000 0.312505
v 16.437500 30.250000 0.312505
v 16.187500 30.250000 0.312505
v 15.812500 30.437500 0.562505
v 15.375000 30.562500 0.500005
v 16.187500 30.375000 0.562505
v 16.250000 30.500000 0.500005
v 16.437500 30.312500 0.562505
v 16.500000 30.437500 0.500005
v 16.750000 30.250000 0.500005
v 16.750000 30.375000 0.437505
v 16.500000 30.437500 0.312505
v 16.250000 30.500000 0.312505
v 15.875000 30.562500 0.500005
v 16.187500 30.312500 0.187505
v 15.312500 30.437500 0.125005
v 15.875000 30.562500 0.312505
v -2.062500 2.500000 1.875000
v -1.562500 2.500000 2.000000
v -2.375000 2.500000 1.375000
v -1.937500 2.500000 0.625000
v -1.312500 2.562500 0.687500
v -1.187500 2.562500 1.687500
v 1.187500 2.562500 1.687500
v 2.000000 2.500000 1.875000
v 1.937500 2.500000 0.625000
v 1.250000 2.562500 0.687500
v -13.625000 30.437500 1.500005
v -13.312500 30.562500 1.500005
v -13.500000 29.875000 1.187505
v -13.375000 29.812500 0.562505
v -13.500000 30.750000 0.812505
v -13.437500 30.000000 0.250005
vt 3.461914 3.984619
vt 3.536133 3.962646
vt 3.530029 3.981934
vt 3.464600 3.969971
vt 3.543701 3.941650
vt 3.465332 3.947998
vt 3.552002 3.888428
vt 3.466309 3.901367
vt 3.559570 3.835205
vt 3.471924 3.855225
vt 3.534668 3.808105
vt 3.473633 3.827148
vt 3.507812 3.784424
vt 3.468750 3.793457
vt 3.471680 3.761475
vt 3.450928 3.764404
vt 3.480713 3.753174
vt 3.448975 3.749023
vt 3.479980 3.743164
vt 3.477051 3.736084
vt 3.519287 3.738281
vt 3.505859 3.723389
vt 3.543213 3.729980
vt 3.525146 3.711426
vt 3.579102 3.724854
vt 3.544189 3.691406
vt 3.592529 3.723389
vt 3.592529 3.696777
vt 3.579102 3.724854
vt 3.544189 3.691406
vt 3.543213 3.729980
vt 3.525146 3.711426
vt 3.519287 3.738281
vt 3.505859 3.723389
vt 3.479980 3.743164
vt 3.477051 3.736084
vt 3.480713 3.753174
vt 3.448975 3.749023
vt 3.471680 3.761475
vt 3.450928 3.764404
vt 3.507812 3.784424
vt 3.468750 3.793457
vt 3.534668 3.808105
vt 3.473633 3.827148
vt 3.559570 3.835205
vt 3.471924 3.855225
vt 3.552002 3.888428
vt 3.466309 3.901367
vt 3.543701 3.941650
vt 3.465332 3.947998
vt 3.536133 3.962646
vt 3.464600 3.969971
vt 3.530029 3.981934
vt 3.461914 3.984619
vt 3.429932 3.751953
vt 3.434082 3.730957
vt 3.428223 3.739990
vt 3.410645 3.724121
vt 3.396729 3.744629
vt 3.389648 3.708252
vt 3.368408 3.736084
vt 3.365479 3.686035
vt 3.327881 3.739990
vt 3.336670 3.674316
vt 3.308105 3.736084
vt 3.295654 3.632324
vt 3.287109 3.732422
vt 3.212891 3.645996
vt 3.227539 3.728516
vt 3.092529 3.679932
vt 3.097168 3.748535
vt 3.005615 3.701172
vt 3.005615 3.763916
vt 3.092529 3.679932
vt 3.097168 3.748535
vt 3.212891 3.645996
vt 3.227539 3.728516
vt 3.295654 3.632324
vt 3.287109 3.732422
vt 3.344238 3.674316
vt 3.308105 3.736084
vt 3.365479 3.686035
vt 3.327881 3.739990
vt 3.389648 3.708252
vt 3.367920 3.736572
vt 3.410645 3.724121
vt 3.396729 3.744629
vt 3.434082 3.730957
vt 3.428223 3.739990
vt 3.429932 3.751953
vt 3.424805 3.989746
vt 3.417969 3.976318
vt 3.442871 3.950684
vt 3.447510 3.971924
vt 3.406494 3.954834
vt 3.385254 3.920166
vt 3.382324 3.876953
vt 3.387695 3.845459
vt 3.341309 3.861572
vt 3.353760 3.824463
vt 3.313965 3.844238
vt 3.321289 3.798096
vt 3.278076 3.823975
vt 3.299561 3.783447
vt 3.281494 3.780762
vt 3.234131 3.774658
vt 3.238525 3.818604
vt 3.091797 3.806396
vt 3.164062 3.833496
vt 3.058838 3.861816
vt 3.129395 3.863770
vt 3.050781 3.904297
vt 3.109619 3.901367
vt 3.052734 3.959473
vt 3.107178 3.956055
vt 3.117676 3.985596
vt 3.063721 3.989258
vt 3.005615 3.959473
vt 3.005615 3.992920
vt 3.052734 3.959473
vt 3.063721 3.989258
vt 3.117676 3.985596
vt 3.107178 3.956055
vt 3.043945 3.904541
vt 3.109619 3.901367
vt 3.058838 3.861816
vt 3.129395 3.863770
vt 3.091797 3.806396
vt 3.164062 3.833496
vt 3.234131 3.774658
vt 3.238525 3.818604
vt 3.281494 3.780762
vt 3.278076 3.823975
vt 3.299561 3.783447
vt 3.313965 3.844238
vt 3.321289 3.798096
vt 3.341309 3.861572
vt 3.353760 3.824463
vt 3.382324 3.876953
vt 3.387695 3.845459
vt 3.385254 3.920166
vt 3.406494 3.954834
vt 3.417969 3.976318
vt 3.424805 3.989746
vt 3.394531 3.814453
vt 3.417236 3.785889
vt 3.392822 3.764893
vt 3.361328 3.786621
vt 3.005615 3.819824
vt 3.417236 3.785889
vt 3.394531 3.814453
vt 3.361328 3.786621
vt 3.392822 3.764893
vt 3.208008 3.977295
vt 3.221680 3.993652
vt 3.383545 3.982910
vt 3.185791 3.950439
vt 3.382324 3.960449
vt 3.962402 3.083740
vt 3.962402 3.134766
vt 3.927490 3.135254
vt 3.925293 3.085938
vt 3.892578 3.136230
vt 3.891602 3.088135
vt 3.846924 3.137451
vt 3.852051 3.087646
vt 3.795410 3.140625
vt 3.790771 3.089355
vt 3.750488 3.137939
vt 3.741211 3.087158
vt 3.710938 3.135498
vt 3.708496 3.085938
vt 3.689697 3.136475
vt 3.690186 3.086670
vt 3.656250 3.139648
vt 3.658447 3.088135
vt 3.005615 3.863281
vt 3.005615 3.905518
vt 3.733643 3.381836
vt 3.738770 3.368408
vt 3.758057 3.388672
vt 3.760498 3.408691
vt 3.799561 3.384277
vt 3.779053 3.443848
vt 3.807617 3.430664
vt 3.854004 3.385010
vt 3.798828 3.340576
vt 3.857910 3.342285
vt 3.899658 3.342773
vt 3.901855 3.385254
vt 3.850830 3.436279
vt 3.832520 3.496338
vt 3.788086 3.499756
vt 3.827881 3.575439
vt 3.796631 3.580811
vt 3.747559 3.501953
vt 3.744385 3.445557
vt 3.745361 3.412598
vt 3.712891 3.380615
vt 3.712891 3.361084
vt 3.740234 3.341797
vt 3.711670 3.340088
vt 3.732422 3.318848
vt 3.708496 3.309326
vt 3.686279 3.309814
vt 3.685547 3.341309
vt 3.687744 3.362305
vt 3.688721 3.377930
vt 3.670654 3.371826
vt 3.666260 3.346436
vt 3.649414 3.381836
vt 3.647461 3.348877
vt 3.622803 3.350586
vt 3.612549 3.381592
vt 3.638672 3.438477
vt 3.604736 3.436523
vt 3.635986 3.497559
vt 3.604492 3.495117
vt 3.634033 3.553711
vt 3.604492 3.551758
vt 3.634033 3.622314
vt 3.604492 3.622559
vt 3.642090 3.670410
vt 3.604492 3.652832
vt 3.614746 3.682129
vt 3.604492 3.661865
vt 3.642090 3.670410
vt 3.604492 3.652832
vt 3.634033 3.622314
vt 3.604492 3.622559
vt 3.634033 3.553711
vt 3.604492 3.551758
vt 3.635986 3.497559
vt 3.604492 3.495117
vt 3.638672 3.438477
vt 3.604736 3.436523
vt 3.649414 3.381836
vt 3.612549 3.381592
vt 3.622803 3.350586
vt 3.647461 3.348877
vt 3.670654 3.371826
vt 3.666260 3.346436
vt 3.685547 3.341309
vt 3.687744 3.362305
vt 3.688721 3.377930
vt 3.675293 3.399414
vt 3.672852 3.440430
vt 3.669189 3.501221
vt 3.671875 3.561035
vt 3.679688 3.629395
vt 3.687256 3.702881
vt 3.712158 3.687744
vt 3.715088 3.732178
vt 3.765869 3.711182
vt 3.757080 3.751953
vt 3.791260 3.723389
vt 3.779053 3.754395
vt 3.835449 3.706055
vt 3.835205 3.738281
vt 3.918945 3.677979
vt 3.913086 3.700684
vt 3.981445 3.704590
vt 3.966553 3.724609
vt 3.918945 3.677979
vt 3.913086 3.700684
vt 3.835449 3.706055
vt 3.835205 3.738281
vt 3.791260 3.723389
vt 3.779053 3.754395
vt 3.765869 3.711182
vt 3.757080 3.751953
vt 3.712158 3.687744
vt 3.715088 3.732178
vt 3.687256 3.702881
vt 3.679688 3.629395
vt 3.671875 3.561035
vt 3.669189 3.501221
vt 3.672852 3.440430
vt 3.675293 3.399414
vt 3.711426 3.405762
vt 3.709717 3.442871
vt 3.706299 3.502686
vt 3.709961 3.571777
vt 3.718262 3.644287
vt 3.769531 3.658447
vt 3.802490 3.667236
vt 3.830322 3.657471
vt 3.918701 3.636719
vt 3.989746 3.669189
vt 3.994629 3.696533
vt 3.984619 3.667236
vt 3.984375 3.630371
vt 3.918701 3.636719
vt 3.978027 3.557129
vt 3.910156 3.561768
vt 3.971680 3.498779
vt 3.906494 3.495850
vt 3.954102 3.437500
vt 3.979248 3.439453
vt 3.975586 3.382812
vt 3.945312 3.383301
vt 3.905273 3.436035
vt 3.850830 3.436279
vt 3.832520 3.496338
vt 3.807617 3.430664
vt 3.788086 3.499756
vt 3.779053 3.443848
vt 3.747559 3.501953
vt 3.744385 3.445557
vt 3.706299 3.502686
vt 3.709717 3.442871
vt 3.711426 3.405762
vt 3.712891 3.380615
vt 3.712891 3.361084
vt 3.711670 3.340088
vt 3.686279 3.309814
vt 3.708496 3.309326
vt 3.732422 3.318848
vt 3.740234 3.341797
vt 3.738770 3.368408
vt 3.733643 3.381836
vt 3.758057 3.388672
vt 3.760498 3.408691
vt 3.799561 3.384277
vt 3.854004 3.385010
vt 3.798828 3.340576
vt 3.857910 3.342285
vt 3.899658 3.342773
vt 3.901855 3.385254
vt 3.745361 3.412598
vt 3.984375 3.630371
vt 3.910156 3.561768
vt 3.978027 3.557129
vt 3.971680 3.498779
vt 3.906494 3.495850
vt 3.762939 3.579102
vt 3.905273 3.436035
vt 3.954102 3.437500
vt 3.945312 3.383301
vt 3.975586 3.382812
vt 3.979248 3.439453
vt 3.709961 3.571777
vt 3.718262 3.644287
vt 3.769531 3.658447
vt 3.802490 3.667236
vt 3.830322 3.657471
vt 3.827881 3.575439
vt 3.796631 3.580811
vt 3.762939 3.579102
vt 3.460938 3.727051
vt 3.470459 3.710693
vt 3.476318 3.696289
vt 3.476074 3.669922
vt 3.543945 3.657959
vt 3.592529 3.669189
vt 3.543945 3.657959
vt 3.476074 3.669922
vt 3.476318 3.696289
vt 3.470459 3.710693
vt 3.460938 3.727051
vt 3.444580 3.726318
vt 3.428467 3.708252
vt 3.419922 3.691895
vt 3.404297 3.665527
vt 3.382080 3.621826
vt 3.470459 3.633789
vt 3.541016 3.611328
vt 3.592529 3.628174
vt 3.541016 3.611328
vt 3.592529 3.559570
vt 3.542969 3.552734
vt 3.473389 3.588867
vt 3.396484 3.577881
vt 3.304688 3.591309
vt 3.211914 3.602051
vt 3.092529 3.624756
vt 3.005615 3.643555
vt 3.092529 3.624756
vt 3.211914 3.602051
vt 3.304688 3.591309
vt 3.382080 3.621826
vt 3.404297 3.665527
vt 3.419922 3.691895
vt 3.428467 3.708252
vt 3.444580 3.726318
vt 3.470459 3.633789
vt 3.473389 3.588867
vt 3.542969 3.552734
vt 3.531738 3.469971
vt 3.592529 3.465820
vt 3.533447 3.425049
vt 3.586670 3.414062
vt 3.589600 3.308594
vt 3.520264 3.331055
vt 3.439209 3.460938
vt 3.420654 3.382568
vt 3.365479 3.481445
vt 3.343750 3.401855
vt 3.290527 3.474365
vt 3.287598 3.436279
vt 3.213135 3.504883
vt 3.219238 3.441162
vt 3.100586 3.508789
vt 3.096680 3.420410
vt 3.005615 3.414795
vt 3.005615 3.509766
vt 3.094238 3.574219
vt 3.005615 3.581787
vt 3.094238 3.574219
vt 3.212158 3.565430
vt 3.303467 3.553711
vt 3.395752 3.543701
vt 3.470215 3.543701
vt 3.531738 3.469971
vt 3.533203 3.411133
vt 3.585938 3.415039
vt 3.589111 3.309082
vt 3.520264 3.318848
vt 3.439209 3.424561
vt 3.420654 3.354004
vt 3.365479 3.424561
vt 3.343750 3.374512
vt 3.290527 3.441406
vt 3.287598 3.396729
vt 3.213135 3.500977
vt 3.219238 3.421387
vt 3.100586 3.508789
vt 3.096680 3.416992
vt 3.297607 3.510010
vt 3.382568 3.499268
vt 3.454590 3.485840
vt 3.005615 3.411865
vt 3.094971 3.331543
vt 3.005615 3.327881
vt 3.104736 3.266846
vt 3.005615 3.265137
vt 3.094971 3.331543
vt 3.224854 3.384521
vt 3.282471 3.393799
vt 3.333740 3.342041
vt 3.415039 3.300781
vt 3.477051 3.245850
vt 3.592529 3.238037
vt 3.513428 3.212891
vt 3.592529 3.209961
vt 3.513428 3.212891
vt 3.477051 3.245850
vt 3.415039 3.300781
vt 3.333740 3.342041
vt 3.282471 3.393799
vt 3.224854 3.384521
vt 3.228271 3.331299
vt 3.228271 3.331299
vt 3.104736 3.266846
vt 3.396484 3.577881
vt 3.303467 3.553711
vt 3.212158 3.565430
vt 3.297607 3.510010
vt 3.382568 3.499268
vt 3.454590 3.485840
vt 3.470215 3.543701
vt 3.395752 3.543701
vt 3.576172 3.775635
vt 3.544678 3.765381
vt 3.520996 3.762207
vt 3.592529 3.777344
vt 3.576172 3.775635
vt 3.544678 3.765381
vt 3.520996 3.762207
vt 3.592529 3.828613
vt 3.592529 3.885010
vt 3.592529 3.939209
vt 3.592529 3.962891
vt 3.592529 3.981689
vt 3.692871 3.878418
vt 3.656006 3.885986
vt 3.692871 3.925293
vt 3.727051 3.858398
vt 3.727295 3.924072
vt 3.710205 3.993652
vt 3.642090 3.993652
vt 3.628418 3.887939
vt 3.607178 3.993652
vt 3.609375 3.881104
vt 3.642090 3.993652
vt 3.628418 3.887939
vt 3.656006 3.885986
vt 3.699951 3.993652
vt 3.692871 3.878418
vt 3.727539 3.993652
vt 3.727051 3.858398
vt 3.792969 3.858398
vt 3.771729 3.794678
vt 3.836182 3.773926
vt 3.854248 3.859863
vt 3.904297 3.786377
vt 3.899902 3.875488
vt 3.943604 3.794922
vt 3.942871 3.891357
vt 3.962646 3.794922
vt 3.960205 3.892334
vt 3.993164 3.793945
vt 3.962646 3.786865
vt 3.993164 3.895020
vt 3.993164 3.993652
vt 3.949463 3.993652
vt 3.900879 3.993652
vt 3.833252 3.993652
vt 3.763916 3.993652
vt 3.789307 3.993652
vt 3.791748 3.901123
vt 3.884277 3.993652
vt 3.854248 3.859863
vt 3.915771 3.875000
vt 3.843506 3.771240
vt 3.919434 3.786621
vt 3.942871 3.889893
vt 3.943604 3.786865
vt 3.976562 3.893799
vt 3.949463 3.993652
vt 3.796387 3.849365
vt 3.793945 3.774170
vt 3.078369 3.007568
vt 3.043945 3.013916
vt 3.027100 3.127686
vt 3.051270 3.119385
vt 3.041504 3.232910
vt 3.023926 3.231445
vt 3.003906 3.132324
vt 3.005371 3.016357
vt 3.006592 3.231201
vt 3.665039 3.842285
vt 3.699219 3.822998
vt 3.678467 3.748535
vt 3.641846 3.742188
vt 3.610352 3.756592
vt 3.613037 3.836426
vt 3.659912 3.819824
vt 3.647949 3.758301
vt 3.291016 3.263672
vt 3.270264 3.259033
vt 3.281738 3.268799
vt 3.292725 3.209229
vt 3.269775 3.209717
vt 3.294434 3.161865
vt 3.271973 3.164795
vt 3.294678 3.126465
vt 3.270264 3.113281
vt 3.240479 3.150879
vt 3.239746 3.157715
vt 3.210449 3.151611
vt 3.211426 3.161865
vt 3.191406 3.158691
vt 3.175781 3.141113
vt 3.197998 3.114258
vt 3.173096 3.119385
vt 3.195068 3.101562
vt 3.161621 3.104736
vt 3.187988 3.085693
vt 3.151123 3.088379
vt 3.156738 3.056641
vt 3.133545 3.090820
vt 3.132568 3.112061
vt 3.107910 3.095215
vt 3.093262 3.107666
vt 3.084229 3.083252
vt 3.071289 3.091553
vt 3.065186 3.078369
vt 3.106201 3.075195
vt 3.120361 3.070557
vt 3.107666 3.063965
vt 3.094727 3.068848
vt 3.144531 3.043457
vt 3.193604 3.028564
vt 3.177246 3.023438
vt 3.188477 3.008545
vt 3.212646 3.008545
vt 3.222656 3.024414
vt 3.271240 3.018311
vt 3.267334 3.061768
vt 3.304199 3.018311
vt 3.296631 3.066162
vt 3.314453 3.133057
vt 3.312500 3.166016
vt 3.311768 3.208740
vt 3.312012 3.272949
vt 3.322266 3.265869
vt 3.323486 3.208984
vt 3.325439 3.165283
vt 3.334717 3.150391
vt 3.338867 3.164062
vt 3.324463 3.209717
vt 3.335693 3.212158
vt 3.323730 3.263672
vt 3.335693 3.254150
vt 3.336182 3.287109
vt 3.349365 3.272705
vt 3.350098 3.264893
vt 3.351318 3.229492
vt 3.351318 3.163818
vt 3.357178 3.152344
vt 3.362305 3.163086
vt 3.352051 3.206299
vt 3.363525 3.208740
vt 3.380859 3.164062
vt 3.379883 3.206543
vt 3.363525 3.264648
vt 3.378662 3.255859
vt 3.375488 3.279785
vt 3.363037 3.290283
vt 3.352051 3.253906
vt 3.352295 3.277832
vt 3.210693 3.218018
vt 3.234619 3.218750
vt 3.208984 3.254883
vt 3.232422 3.254150
vt 3.211914 3.279053
vt 3.229248 3.278076
vt 3.218994 3.278809
vt 3.222412 3.284180
vt 3.326904 3.019531
vt 3.328857 3.008545
vt 3.320557 3.072021
vt 3.338867 3.123779
vt 3.371582 3.128418
vt 3.383057 3.152588
vt 3.386230 3.164062
vt 3.399902 3.163818
vt 3.387939 3.204590
vt 3.400635 3.204102
vt 3.240967 3.273193
vt 3.249268 3.276855
vt 3.256348 3.266357
vt 3.238525 3.259277
vt 3.261963 3.217773
vt 3.237549 3.217773
vt 3.266113 3.164307
vt 3.403320 3.122803
vt 3.393066 3.053955
vt 3.419678 3.054932
vt 3.408203 3.015625
vt 3.427490 3.020264
vt 3.436768 3.035156
vt 3.457520 3.063965
vt 3.446533 3.091553
vt 3.444092 3.106689
vt 3.421631 3.121094
vt 3.420166 3.143066
vt 3.402344 3.149902
vt 3.415283 3.160400
vt 3.426270 3.164307
vt 3.432373 3.148193
vt 3.438721 3.130371
vt 3.447510 3.119873
vt 3.460693 3.117188
vt 3.475830 3.093994
vt 3.494873 3.078125
vt 3.496094 3.096924
vt 3.506836 3.080078
vt 3.529297 3.083984
vt 3.510742 3.113281
vt 3.542969 3.092529
vt 3.388916 3.016602
vt 3.368652 3.055176
vt 3.344482 3.051514
vt 3.345703 3.016846
vt 3.369629 3.018066
vt 3.236816 3.058594
vt 3.236816 3.102539
vt 3.219727 3.085449
vt 3.207275 3.056152
vt 3.351318 3.163818
vt 3.363525 3.208984
vt 3.352051 3.206543
vt 3.362305 3.163086
vt 3.379883 3.206787
vt 3.380859 3.164062
vt 3.786377 3.037598
vt 3.764160 3.006348
vt 3.808350 3.006592
vt 3.854980 3.033203
vt 3.849854 3.006592
vt 3.892822 3.033203
vt 3.892090 3.007324
vt 3.924805 3.032471
vt 3.925781 3.007812
vt 3.962402 3.004150
vt 3.962402 3.032715
vt 3.729736 3.036865
vt 3.739258 3.006348
vt 3.720215 3.006348
vt 3.704102 3.036377
vt 3.711182 3.006348
vt 3.686523 3.036865
vt 3.685059 3.006348
vt 3.646729 3.006348
vt 3.656494 3.037109
vt 3.676758 3.180420
vt 3.639160 3.177734
vt 3.690918 3.181396
vt 3.714600 3.183838
vt 3.758301 3.190186
vt 3.800049 3.194336
vt 3.844971 3.189209
vt 3.894775 3.181885
vt 3.936035 3.174805
vt 3.967529 3.170898
vt 3.946045 3.236572
vt 3.968994 3.233887
vt 3.942871 3.273193
vt 3.968994 3.269775
vt 3.937500 3.306396
vt 3.962158 3.316162
vt 3.935059 3.341064
vt 3.969238 3.325928
vt 3.970215 3.351074
vt 3.898193 3.310059
vt 3.855225 3.311035
vt 3.800537 3.308105
vt 3.761963 3.341553
vt 3.747070 3.304932
vt 3.754150 3.269775
vt 3.801270 3.259033
vt 3.759521 3.239990
vt 3.713623 3.236084
vt 3.691162 3.235352
vt 3.677490 3.235596
vt 3.635742 3.235840
vt 3.665527 3.267334
vt 3.635498 3.268799
vt 3.618652 3.307129
vt 3.640625 3.309082
vt 3.655029 3.312012
vt 3.669678 3.317871
vt 3.687012 3.293945
vt 3.708984 3.290283
vt 3.711914 3.264648
vt 3.686523 3.265625
vt 3.844482 3.244873
vt 3.898682 3.241455
vt 3.899170 3.276123
vt 3.847412 3.275879
vt 3.786377 3.037598
vt 3.808350 3.006592
vt 3.764160 3.006348
vt 3.729736 3.036865
vt 3.739258 3.006348
vt 3.720215 3.006348
vt 3.704102 3.036377
vt 3.711182 3.006348
vt 3.686523 3.036865
vt 3.685059 3.006348
vt 3.646729 3.006348
vt 3.656494 3.037109
vt 3.690186 3.086670
vt 3.658447 3.088135
vt 3.689697 3.136475
vt 3.656250 3.139648
vt 3.676758 3.180420
vt 3.639160 3.177734
vt 3.677490 3.235596
vt 3.635742 3.235840
vt 3.665527 3.267334
vt 3.635498 3.268799
vt 3.618652 3.307129
vt 3.640625 3.309082
vt 3.655029 3.312012
vt 3.669678 3.317871
vt 3.687012 3.293945
vt 3.708984 3.290283
vt 3.747070 3.304932
vt 3.761963 3.341553
vt 3.800537 3.308105
vt 3.855225 3.311035
vt 3.898193 3.310059
vt 3.935059 3.341064
vt 3.970215 3.351074
vt 3.969238 3.325928
vt 3.962158 3.316162
vt 3.937500 3.306396
vt 3.942871 3.273193
vt 3.968994 3.269775
vt 3.946045 3.236572
vt 3.968994 3.233887
vt 3.936035 3.174805
vt 3.967529 3.170898
vt 3.927490 3.135254
vt 3.962402 3.134766
vt 3.925293 3.085938
vt 3.962402 3.083740
vt 3.924805 3.032471
vt 3.962402 3.032715
vt 3.962402 3.004150
vt 3.925781 3.007812
vt 3.892822 3.033203
vt 3.892090 3.007324
vt 3.854980 3.033203
vt 3.849854 3.006592
vt 3.790771 3.089355
vt 3.741211 3.087158
vt 3.708496 3.085938
vt 3.710938 3.135498
vt 3.750488 3.137939
vt 3.795410 3.140625
vt 3.852051 3.087646
vt 3.891602 3.088135
vt 3.892578 3.136230
vt 3.894775 3.181885
vt 3.898682 3.241455
vt 3.899170 3.276123
vt 3.847412 3.275879
vt 3.801270 3.259033
vt 3.754150 3.269775
vt 3.711914 3.264648
vt 3.686523 3.265625
vt 3.691162 3.235352
vt 3.690918 3.181396
vt 3.714600 3.183838
vt 3.758301 3.190186
vt 3.800049 3.194336
vt 3.846924 3.137451
vt 3.844971 3.189209
vt 3.844482 3.244873
vt 3.759521 3.239990
vt 3.713623 3.236084
vt 3.444092 3.106689
vt 3.460693 3.117188
vt 3.447510 3.119873
vt 3.446533 3.091553
vt 3.475830 3.093994
vt 3.457520 3.063965
vt 3.494873 3.078125
vt 3.496094 3.096924
vt 3.506836 3.080078
vt 3.529297 3.083984
vt 3.510742 3.113281
vt 3.542969 3.092529
vt 3.270264 3.259033
vt 3.291016 3.263672
vt 3.281738 3.268799
vt 3.269775 3.209717
vt 3.292725 3.209229
vt 3.312012 3.272949
vt 3.311768 3.208740
vt 3.322266 3.265869
vt 3.323486 3.208984
vt 3.312500 3.166016
vt 3.325439 3.165283
vt 3.334717 3.150391
vt 3.314453 3.133057
vt 3.294434 3.161865
vt 3.294678 3.126465
vt 3.249268 3.276855
vt 3.240967 3.273193
vt 3.238525 3.259277
vt 3.256348 3.266357
vt 3.237549 3.217773
vt 3.261963 3.217773
vt 3.239746 3.157715
vt 3.266113 3.164307
vt 3.191406 3.158691
vt 3.211426 3.161865
vt 3.207764 3.201172
vt 3.189941 3.198486
vt 3.189453 3.230957
vt 3.177490 3.203125
vt 3.178467 3.233398
vt 3.188477 3.255859
vt 3.176514 3.254395
vt 3.188721 3.281738
vt 3.180420 3.280518
vt 3.183350 3.285645
vt 3.194580 3.286133
vt 3.197998 3.278809
vt 3.202393 3.256348
vt 3.203613 3.231445
vt 3.386230 3.164062
vt 3.381592 3.202148
vt 3.387939 3.204590
vt 3.381104 3.233154
vt 3.389160 3.237305
vt 3.400635 3.204102
vt 3.400146 3.237793
vt 3.415527 3.202393
vt 3.415283 3.160400
vt 3.424561 3.202637
vt 3.426270 3.164307
vt 3.399902 3.163818
vt 3.413574 3.236084
vt 3.401611 3.262207
vt 3.414551 3.256836
vt 3.412842 3.282959
vt 3.401855 3.287598
vt 3.387451 3.261719
vt 3.390625 3.287598
vt 3.381348 3.285156
vt 3.380371 3.258789
vt 3.234619 3.218750
vt 3.210693 3.218018
vt 3.232422 3.254150
vt 3.208984 3.254883
vt 3.229248 3.278076
vt 3.211914 3.279053
vt 3.218994 3.278809
vt 3.222412 3.284180
vt 3.084229 3.083252
vt 3.071289 3.091553
vt 3.065186 3.078369
vt 3.106201 3.075195
vt 3.094727 3.068848
vt 3.120361 3.070557
vt 3.107666 3.063965
vt 3.144531 3.043457
vt 3.156738 3.056641
vt 3.151123 3.088379
vt 3.187988 3.085693
vt 3.195068 3.101562
vt 3.161621 3.104736
vt 3.133545 3.090820
vt 3.107910 3.095215
vt 3.093262 3.107666
vt 3.132568 3.112061
vt 3.336182 3.287109
vt 3.323730 3.263672
vt 3.335693 3.254150
vt 3.349365 3.272705
vt 3.350098 3.264893
vt 3.335693 3.212158
vt 3.351318 3.229004
vt 3.338867 3.164062
vt 3.324463 3.209717
vt 3.325684 3.165039
vt 3.363037 3.290283
vt 3.352295 3.277832
vt 3.352051 3.253906
vt 3.363525 3.264648
vt 3.378662 3.255859
vt 3.375488 3.279785
vt 3.357178 3.152344
vt 3.383057 3.152588
vt 3.304199 3.018311
vt 3.328857 3.008545
vt 3.326904 3.019531
vt 3.296631 3.066162
vt 3.320557 3.072021
vt 3.338867 3.123779
vt 3.371582 3.128418
vt 3.402344 3.149902
vt 3.420166 3.143066
vt 3.432373 3.148193
vt 3.421631 3.121094
vt 3.438721 3.130371
vt 3.419678 3.054932
vt 3.436768 3.035156
vt 3.427490 3.020264
vt 3.408203 3.015625
vt 3.393066 3.053955
vt 3.388916 3.016602
vt 3.368652 3.055176
vt 3.369629 3.018066
vt 3.344482 3.051514
vt 3.345703 3.016846
vt 3.403320 3.122803
vt 3.271973 3.164795
vt 3.270264 3.113281
vt 3.267334 3.061768
vt 3.271240 3.018311
vt 3.222656 3.024414
vt 3.212646 3.008545
vt 3.193604 3.028564
vt 3.188477 3.008545
vt 3.177246 3.023438
vt 3.207275 3.056152
vt 3.219727 3.085449
vt 3.197998 3.114258
vt 3.173096 3.119385
vt 3.210449 3.151611
vt 3.175781 3.141113
vt 3.240479 3.150879
vt 3.236816 3.102539
vt 3.236816 3.058594
vt 3.207764 3.201172
vt 3.189941 3.198486
vt 3.189453 3.230957
vt 3.177490 3.203125
vt 3.178467 3.233398
vt 3.188477 3.255859
vt 3.176514 3.254395
vt 3.188721 3.281738
vt 3.180420 3.280518
vt 3.183350 3.285645
vt 3.194580 3.286133
vt 3.197998 3.278809
vt 3.202393 3.256348
vt 3.203613 3.231445
vt 3.381592 3.202148
vt 3.381104 3.233154
vt 3.389160 3.237305
vt 3.380371 3.258789
vt 3.387451 3.261719
vt 3.381348 3.285156
vt 3.390625 3.287598
vt 3.401611 3.262207
vt 3.401855 3.287598
vt 3.412842 3.282959
vt 3.414551 3.256836
vt 3.400146 3.237793
vt 3.413574 3.236084
vt 3.415527 3.202393
vt 3.424561 3.202637
vn 0.0591 0.8964 -0.4392
vn 0.0113 0.7300 -0.6833
vn 0.2849 0.5434 -0.7897
vn 0.0327 0.7927 -0.6087
vn 0.0470 0.5627 -0.8253
vn 0.0919 0.5696 -0.8167
vn 0.0000 0.5041 -0.8636
vn 0.0707 0.5910 -0.8035
vn -0.2522 0.5881 -0.7684
vn 0.1050 0.6979 -0.7084
vn -0.3915 0.6254 -0.6749
vn 0.0820 0.8311 -0.5500
vn -0.2239 0.5504 -0.8043
vn 0.1365 0.7128 -0.6879
vn 0.0873 0.1973 -0.9764
vn 0.2641 0.5198 -0.8124
vn -0.0763 0.2920 -0.9533
vn 0.3330 0.2354 -0.9131
vn -0.0933 0.1636 -0.9821
vn 0.0381 -0.1520 -0.9876
vn -0.3412 0.0010 -0.9400
vn -0.1275 -0.3516 -0.9274
vn -0.5604 -0.0530 -0.8265
vn -0.3851 -0.5180 -0.7638
vn -0.5676 -0.1480 -0.8098
vn -0.1241 -0.3478 -0.9293
vn 0.0457 0.1205 -0.9916
vn 0.0316 -0.0356 -0.9988
vn 0.4884 -0.0022 -0.8726
vn 0.1070 -0.3202 -0.9413
vn 0.5709 -0.1060 -0.8141
vn 0.4006 -0.5266 -0.7498
vn 0.3139 0.0018 -0.9494
vn 0.1572 -0.3489 -0.9239
vn -0.2241 0.3367 -0.9145
vn -0.0590 -0.0835 -0.9948
vn 0.0885 0.2581 -0.9620
vn -0.3381 0.2487 -0.9077
vn -0.0096 0.4602 -0.8877
vn -0.3897 0.5880 -0.7088
vn 0.2066 0.5526 -0.8074
vn -0.1508 0.6827 -0.7149
vn 0.3927 0.6154 -0.6833
vn -0.0785 0.8138 -0.5758
vn 0.2419 0.6113 -0.7535
vn -0.0616 0.7236 -0.6875
vn 0.0015 0.4625 -0.8866
vn -0.0940 0.5503 -0.8296
vn -0.0098 0.6149 -0.7885
vn -0.0813 0.6387 -0.7651
vn -0.0196 0.6955 -0.7182
vn -0.0128 0.7920 -0.6103
vn -0.0399 0.6932 -0.7196
vn -0.0223 0.9242 -0.3813
vn 0.7121 0.1787 -0.6789
vn 0.6217 -0.1301 -0.7724
vn 0.7336 0.0249 -0.6791
vn 0.7352 -0.3236 -0.5956
vn 0.8923 0.0157 -0.4512
vn 0.8141 -0.5504 -0.1849
vn 0.9910 -0.1313 -0.0256
vn 0.9223 -0.3460 -0.1719
vn 0.9948 -0.0938 0.0392
vn 0.9648 -0.2104 -0.1579
vn 0.9840 -0.1054 -0.1436
vn 0.9601 -0.2698 0.0726
vn 0.9853 -0.1494 -0.0827
vn 0.7321 -0.3454 0.5870
vn 0.7852 -0.3170 0.5318
vn 0.2123 -0.4140 0.8852
vn 0.2321 -0.4003 0.8865
vn -0.0116 -0.3881 0.9215
vn 0.0070 -0.3628 0.9318
vn -0.1995 -0.4197 0.8855
vn -0.2443 -0.3944 0.8858
vn -0.7102 -0.3777 0.5940
vn -0.7838 -0.2837 0.5524
vn -0.9539 -0.2939 0.0612
vn -0.9923 -0.1234 0.0086
vn -0.9685 -0.1332 -0.2104
vn -0.9801 -0.0432 -0.1938
vn -0.9348 -0.3250 -0.1435
vn -0.9861 -0.1472 0.0773
vn -0.8221 -0.5342 -0.1968
vn -0.9860 -0.1666 0.0006
vn -0.7985 -0.3037 -0.5197
vn -0.8833 -0.0490 -0.4663
vn -0.7150 -0.0302 -0.6984
vn -0.7336 0.0249 -0.6791
vn -0.7134 0.2788 -0.6428
vn -0.0533 0.9445 -0.3240
vn -0.0508 0.8628 -0.5029
vn 0.0551 0.5380 -0.8411
vn 0.2419 0.4766 -0.8451
vn 0.4635 0.5358 -0.7057
vn 0.5661 0.5983 -0.5670
vn 0.9084 0.1711 -0.3815
vn 0.9451 0.2581 -0.2003
vn 0.9665 -0.0445 -0.2526
vn 0.9917 0.0291 -0.1252
vn 0.9874 -0.1469 -0.0585
vn 0.9758 -0.0896 -0.1992
vn 0.9882 -0.1525 -0.0106
vn 0.8310 -0.1795 0.5265
vn 0.8341 -0.2437 0.4949
vn 0.2051 -0.2750 0.9393
vn 0.4689 -0.4504 0.7597
vn 0.0043 -0.0740 0.9972
vn 0.1304 -0.2386 0.9623
vn -0.0594 0.1185 0.9911
vn 0.0777 0.0747 0.9941
vn -0.0071 0.4364 0.8997
vn 0.1109 0.4395 0.8914
vn 0.1155 0.5773 0.8083
vn 0.0744 0.5223 0.8495
vn 0.0284 0.3250 0.9453
vn 0.0625 0.4135 0.9084
vn -0.0183 0.3935 0.9191
vn -0.1441 0.5752 0.8052
vn -0.1155 0.5773 0.8083
vn -0.1007 0.4287 0.8978
vn 0.0789 0.1243 0.9891
vn -0.0951 0.1131 0.9890
vn 0.0319 -0.0705 0.9970
vn -0.2157 -0.0970 0.9716
vn -0.1939 -0.2955 0.9355
vn -0.5243 -0.3086 0.7937
vn -0.8401 -0.2371 0.4879
vn -0.9059 -0.1773 0.3847
vn -0.9901 -0.1401 0.0120
vn -0.9856 -0.1671 -0.0245
vn -0.9724 -0.0945 -0.2131
vn -0.9753 -0.0198 -0.2199
vn -0.9968 0.0114 -0.0791
vn -0.8878 0.1584 -0.4320
vn -0.9233 0.3085 -0.2284
vn -0.5033 0.5038 -0.7020
vn -0.6115 0.5963 -0.5201
vn -0.2419 0.4766 -0.8451
vn -0.0737 0.5301 -0.8447
vn 0.0144 0.8660 -0.4998
vn 0.0327 0.9800 -0.1960
vn -0.6346 0.6522 -0.4147
vn -0.6034 0.5383 -0.5883
vn -0.8281 0.3035 -0.4714
vn -0.9443 0.2932 -0.1496
vn 0.0047 -0.1928 0.9812
vn 0.5962 0.5575 -0.5776
vn 0.6176 0.6695 -0.4127
vn 0.9495 0.2814 -0.1386
vn 0.8664 0.2564 -0.4284
vn -0.8676 -0.1485 0.4744
vn -0.9632 -0.1882 0.1919
vn -0.9489 -0.0786 0.3057
vn -0.7165 -0.0965 0.6909
vn 0.5907 0.3016 -0.7483
vn 0.9799 -0.0791 -0.1829
vn 0.9417 -0.1526 -0.2997
vn 0.8518 -0.1750 0.4938
vn 0.8439 -0.1182 0.5232
vn 0.1389 -0.1689 0.9758
vn 0.1946 -0.1129 0.9743
vn -0.5687 -0.1864 0.8012
vn -0.5601 -0.1350 0.8173
vn -0.9623 -0.2109 0.1717
vn -0.9734 -0.1713 0.1516
vn -0.7540 -0.1962 -0.6269
vn -0.7802 -0.1552 -0.6059
vn 0.0803 -0.1346 -0.9876
vn 0.0802 -0.1060 -0.9911
vn 0.7026 -0.0921 -0.7056
vn 0.7574 -0.0554 -0.6505
vn -0.0063 -0.0675 0.9977
vn -0.0154 0.1087 0.9939
vn -0.7485 -0.1039 -0.6549
vn -0.8018 0.0067 -0.5975
vn -0.9051 -0.1681 -0.3904
vn -0.9089 -0.2549 -0.3299
vn -0.9922 -0.0690 0.1041
vn -0.9778 -0.1204 -0.1716
vn -0.9551 -0.0609 0.2899
vn -0.5360 0.0462 0.8430
vn -0.9766 0.0257 0.2136
vn -0.3851 0.1676 0.9075
vn 0.2509 0.1253 0.9598
vn 0.1687 0.0266 0.9853
vn -0.5615 -0.0156 0.8273
vn -0.7616 -0.0602 0.6453
vn -0.9868 -0.1140 -0.1144
vn -0.7096 -0.1000 0.6974
vn -0.9945 -0.0687 -0.0787
vn -0.7057 -0.1177 -0.6986
vn -0.7388 -0.1758 -0.6505
vn -0.7360 -0.2630 -0.6238
vn -0.2120 -0.0803 -0.9739
vn -0.1656 -0.0687 -0.9838
vn -0.8118 -0.1388 -0.5672
vn -0.1364 -0.2931 -0.9463
vn -0.6674 -0.3149 -0.6748
vn 0.0391 -0.4062 -0.9129
vn 0.5902 -0.3332 -0.7352
vn 0.6120 -0.2444 -0.7521
vn 0.6015 -0.0840 -0.7944
vn 0.5320 -0.1142 -0.8390
vn 0.8440 -0.1300 -0.5203
vn 0.8266 -0.1076 -0.5524
vn 0.8762 -0.1209 -0.4664
vn 0.9263 -0.0214 -0.3761
vn 0.9547 -0.1133 0.2750
vn 0.9925 -0.0866 0.0857
vn 0.9145 -0.1031 -0.3910
vn 0.9994 -0.0345 -0.0025
vn 0.9448 -0.1018 -0.3114
vn 0.9430 -0.0723 0.3248
vn 0.9408 -0.0733 -0.3309
vn 0.9219 -0.1242 0.3668
vn 0.9339 -0.0206 -0.3569
vn 0.9070 -0.0436 0.4189
vn 0.6885 -0.5389 -0.4853
vn 0.8791 -0.4028 0.2547
vn 0.0072 -0.9260 -0.3775
vn 0.1006 -0.9901 -0.0974
vn -0.7043 -0.5301 -0.4721
vn -0.8179 -0.4381 0.3729
vn -0.9348 -0.0217 -0.3544
vn -0.9084 -0.1087 0.4038
vn -0.9586 -0.0866 -0.2710
vn -0.9154 -0.1273 0.3819
vn -0.9616 -0.0931 -0.2580
vn -0.9536 -0.0284 0.2996
vn -0.9239 -0.0996 -0.3694
vn -0.9975 -0.0367 -0.0598
vn -0.8883 -0.0994 -0.4483
vn -0.9941 -0.0860 0.0653
vn -0.9650 -0.1145 0.2357
vn -0.9402 -0.0168 -0.3403
vn -0.8589 -0.0499 -0.5096
vn -0.8445 -0.0786 -0.5297
vn -0.6209 -0.2314 -0.7489
vn -0.6503 -0.0957 -0.7536
vn -0.5881 -0.0715 -0.8056
vn -0.6708 -0.2088 -0.7116
vn -0.7264 -0.1580 -0.6688
vn -0.7791 -0.0878 -0.6207
vn -0.7247 -0.0158 -0.6888
vn -0.6647 -0.0031 -0.7471
vn -0.1024 -0.2999 -0.9484
vn 0.0509 0.0723 -0.9961
vn 0.3193 -0.0095 -0.9476
vn 0.7156 0.1217 -0.6878
vn 0.7640 0.1520 -0.6271
vn 0.9748 0.2116 0.0699
vn 0.9705 0.2407 -0.0070
vn 0.6635 0.1063 0.7406
vn 0.8440 -0.0263 0.5357
vn 0.0023 -0.2653 0.9642
vn 0.3146 -0.4396 0.8412
vn -0.0148 -0.8425 0.5385
vn 0.0407 -0.5925 0.8045
vn -0.0730 -0.4094 0.9094
vn -0.2821 -0.3892 0.8769
vn -0.6996 0.0239 0.7141
vn -0.7958 0.0290 0.6049
vn -0.9833 0.1810 0.0171
vn -0.9742 0.2257 -0.0019
vn -0.7187 0.1255 -0.6838
vn -0.7590 0.1409 -0.6357
vn -0.0980 0.0652 -0.9930
vn -0.2430 0.0283 -0.9696
vn 0.0865 -0.2775 -0.9568
vn 0.6402 -0.0302 -0.7675
vn 0.7197 -0.0156 -0.6941
vn 0.7783 -0.0742 -0.6235
vn 0.7223 -0.1591 -0.6730
vn 0.6563 -0.1968 -0.7283
vn -0.0785 -0.2640 -0.9613
vn -0.0374 -0.2454 -0.9687
vn 0.1040 -0.1015 -0.9893
vn 0.1132 -0.0146 -0.9934
vn 0.0580 0.0829 -0.9948
vn -0.7208 0.0536 -0.6910
vn -0.9989 0.0435 -0.0186
vn -0.6441 0.0268 0.7644
vn 0.1994 -0.0771 0.9769
vn -0.2082 -0.1144 0.9714
vn -0.2010 -0.1477 0.9684
vn -0.1789 -0.0364 0.9832
vn -0.7775 0.0171 0.6287
vn -0.6832 -0.0255 0.7298
vn -0.1596 0.0251 0.9868
vn 0.5513 -0.0003 0.8343
vn 0.7504 -0.0654 0.6577
vn 0.9467 -0.0769 0.3126
vn 0.9862 -0.1103 -0.1233
vn 0.9645 -0.1506 -0.2167
vn 0.7036 -0.1193 -0.7005
vn 0.7168 -0.2014 -0.6675
vn -0.0941 -0.1167 -0.9887
vn -0.0111 -0.2379 -0.9712
vn 0.0965 -0.2669 -0.9589
vn 0.1712 -0.0672 -0.9829
vn 0.1589 -0.0819 -0.9839
vn 0.1126 -0.2997 -0.9474
vn -0.5902 -0.3332 -0.7352
vn -0.0391 -0.4062 -0.9129
vn 0.6319 -0.3478 -0.6926
vn 0.8279 -0.1303 -0.5454
vn 0.8162 -0.0145 -0.5776
vn 0.7550 -0.1304 -0.6425
vn 0.8990 -0.2367 -0.3684
vn 0.8913 -0.2887 -0.3495
vn 0.9896 -0.0793 0.1197
vn 0.5185 0.0443 0.8539
vn 0.9885 -0.0359 0.1470
vn 0.4461 0.1337 0.8849
vn -0.2168 0.1292 0.9676
vn -0.1908 0.0261 0.9813
vn 0.7110 -0.2684 -0.6499
vn 0.1926 -0.1403 0.9712
vn 0.2179 -0.0643 0.9738
vn -0.7026 -0.0369 -0.7106
vn 0.2005 0.0249 0.9793
vn 0.7627 0.0539 0.6445
vn 0.6781 -0.0331 0.7342
vn -0.0909 -0.0329 -0.9953
vn -0.0646 0.1057 -0.9923
vn 0.7298 0.0475 -0.6820
vn 0.9986 0.0408 -0.0337
vn 0.6778 0.0111 0.7352
vn 0.7031 -0.1075 0.7029
vn 0.9919 -0.0611 -0.1107
vn 0.7006 -0.0389 -0.7124
vn -0.2036 -0.3151 -0.9269
vn -0.1543 -0.5423 -0.8259
vn -0.0758 -0.7612 -0.6441
vn -0.2611 -0.5286 -0.8077
vn -0.1569 -0.0836 -0.9841
vn -0.0021 -0.0506 -0.9987
vn 0.1537 -0.0691 -0.9857
vn 0.2427 -0.5705 -0.7846
vn 0.0601 -0.7530 -0.6553
vn 0.1671 -0.5279 -0.8327
vn 0.2152 -0.3084 -0.9266
vn 0.4143 -0.2975 -0.8601
vn 0.3855 -0.5806 -0.7171
vn 0.4716 -0.7598 -0.4475
vn 0.8084 -0.4135 -0.4188
vn 0.7965 -0.3034 -0.5230
vn 0.4790 -0.2385 -0.8448
vn 0.1792 -0.2003 -0.9632
vn -0.0016 -0.1552 -0.9879
vn -0.2209 -0.1740 -0.9597
vn 0.0043 -0.1822 -0.9832
vn 0.2449 -0.1861 -0.9515
vn 0.5318 -0.2897 -0.7957
vn 0.8005 -0.2648 -0.5376
vn 0.9752 -0.2210 0.0067
vn 0.7739 -0.1674 0.6107
vn 0.2720 -0.2227 0.9362
vn -0.0130 -0.3295 0.9441
vn -0.2329 -0.2683 0.9347
vn -0.7615 -0.1888 0.6200
vn -0.9737 -0.2179 0.0667
vn -0.8100 -0.2932 -0.5078
vn -0.8132 -0.3825 -0.4386
vn -0.4476 -0.7906 -0.4177
vn -0.4514 -0.5775 -0.6803
vn -0.4991 -0.2095 -0.8408
vn -0.4463 -0.2478 -0.8598
vn -0.4963 -0.2824 -0.8209
vn -0.2306 -0.1858 -0.9551
vn -0.3521 -0.0320 -0.9354
vn 0.0082 -0.0178 -0.9998
vn -0.3331 -0.0631 -0.9408
vn 0.0000 -0.1042 -0.9945
vn 0.0115 -0.1167 -0.9931
vn -0.2167 -0.0713 -0.9736
vn -0.5029 0.0519 -0.8628
vn -0.4290 0.0853 -0.8993
vn -0.7768 0.2085 -0.5942
vn -0.7894 0.2021 -0.5796
vn -0.9107 0.4126 0.0204
vn -0.9406 0.3386 -0.0223
vn -0.7143 0.4489 0.5368
vn -0.7317 0.4295 0.5293
vn -0.2904 0.4880 0.8231
vn -0.3293 0.4059 0.8525
vn -0.0018 0.3891 0.9212
vn 0.0128 0.5091 0.8606
vn -0.2395 0.1797 0.9541
vn -0.0176 0.0596 0.9980
vn 0.2428 0.1336 0.9608
vn 0.7925 0.1702 0.5855
vn 0.9981 0.0465 0.0405
vn 0.8333 -0.0478 -0.5507
vn 0.5611 -0.1604 -0.8120
vn 0.3432 -0.0182 -0.9391
vn 0.3336 -0.0576 -0.9409
vn 0.1885 -0.0881 -0.9781
vn 0.5014 0.0533 -0.8636
vn 0.4406 0.0938 -0.8928
vn 0.7821 0.2039 -0.5888
vn 0.7578 0.2718 -0.5931
vn 0.9235 0.3809 0.0457
vn 0.9404 0.3360 -0.0513
vn 0.7169 0.4459 0.5358
vn 0.7428 0.4313 0.5120
vn 0.2779 0.4961 0.8225
vn 0.3202 0.4307 0.8437
vn 0.9412 0.3374 -0.0170
vn 0.8078 0.1539 -0.5689
vn 0.5618 0.0222 -0.8270
vn 0.3569 -0.0508 0.9327
vn -0.0103 -0.1453 0.9893
vn -0.3305 -0.0405 0.9429
vn -0.8126 0.2149 0.5418
vn 0.0250 -0.5957 -0.8028
vn 0.8155 0.2200 0.5353
vn -0.8313 -0.2598 -0.4913
vn -0.9984 0.0413 0.0393
vn -0.7942 0.1732 0.5824
vn -0.9412 0.3374 -0.0170
vn -0.8127 0.1491 -0.5633
vn -0.5746 0.0003 -0.8184
vn -0.5667 -0.1648 -0.8072
vn -0.8477 -0.0868 -0.5233
vn 0.7780 0.2309 -0.5843
vn 0.6086 0.2800 -0.7424
vn 0.3457 0.2468 -0.9053
vn 0.0416 0.4210 -0.9061
vn -0.7707 0.3022 -0.5609
vn -0.5940 0.3041 -0.7448
vn -0.3351 0.2821 -0.8989
vn 0.0316 0.4624 -0.8861
vn 0.0014 0.5189 -0.8548
vn 0.0030 0.5256 -0.8507
vn 0.0000 0.7465 -0.6654
vn 0.0000 0.7071 -0.7071
vn 0.3813 0.1381 0.9141
vn 0.6724 0.3479 0.6533
vn 0.5210 0.3630 0.7725
vn 0.1820 0.0413 0.9824
vn 0.1711 0.2420 0.9550
vn 0.7845 0.4047 0.4698
vn 0.9144 0.4048 0.0068
vn 0.4972 0.1880 -0.8470
vn 0.2809 0.1212 -0.9521
vn 0.1523 0.0263 -0.9880
vn 0.0810 -0.0065 -0.9967
vn 0.1494 -0.1057 -0.9831
vn -0.0388 -0.0948 -0.9947
vn -0.1336 0.0284 -0.9906
vn -0.1985 -0.0672 -0.9778
vn -0.3323 0.0945 -0.9384
vn -0.4975 0.0109 -0.8674
vn -0.6516 0.1613 -0.7412
vn -0.8173 0.0891 -0.5693
vn -0.8859 0.1797 -0.4277
vn -0.9265 0.1390 -0.3497
vn -0.9659 0.1914 0.1742
vn -0.9557 0.2781 0.0959
vn 0.0231 0.2458 0.9690
vn -0.2605 0.1437 0.9547
vn -0.5359 0.2174 0.8158
vn -0.1744 -0.0251 0.9843
vn -0.4373 0.1063 0.8930
vn -0.7022 0.2939 0.6485
vn -0.6393 0.1779 0.7481
vn 0.0647 0.0119 0.9978
vn 0.0870 -0.1118 0.9899
vn 0.7926 0.0984 -0.6018
vn 0.6897 0.1025 -0.7168
vn 0.5665 0.1331 -0.8132
vn 0.7722 0.1300 -0.6218
vn 0.3175 0.1218 -0.9404
vn 0.3973 0.1033 -0.9118
vn 0.1974 0.1750 -0.9646
vn -0.7818 0.2560 -0.5685
vn -0.6171 -0.6971 -0.3649
vn 0.0555 -0.9687 0.2419
vn 0.6850 -0.4306 0.5876
vn 0.3363 0.4793 0.8106
vn 0.2257 0.8425 -0.4891
vn 0.5866 -0.3164 -0.7455
vn 0.5374 -0.6323 0.5579
vn 0.4536 -0.8265 -0.3333
vn 0.8920 0.4474 0.0645
vn -0.0114 -0.7825 0.6225
vn -0.2012 -0.8591 -0.4706
vn 0.1655 -0.7998 0.5770
vn 0.8706 -0.2961 0.3929
vn 0.1511 -0.5275 0.8360
vn 0.3457 -0.9362 0.0630
vn 0.4801 -0.8761 0.0438
vn 0.6207 -0.7820 0.0556
vn 0.6713 -0.7394 -0.0501
vn 0.9539 0.1097 0.2792
vn 0.3384 -0.9282 -0.1546
vn 0.5188 -0.5660 -0.6407
vn 0.6266 -0.7787 0.0295
vn 0.6905 -0.4065 -0.5983
vn 0.6526 -0.7437 0.1450
vn 0.8670 -0.4938 -0.0673
vn 0.1627 -0.9866 0.0133
vn 0.2674 -0.9621 0.0532
vn -0.5992 -0.5670 -0.5651
vn 0.3174 -0.9450 0.0783
vn 0.9958 -0.0648 -0.0652
vn 0.3907 -0.9201 0.0271
vn 0.9759 -0.1978 -0.0920
vn -0.4018 -0.6359 -0.6590
vn 0.7869 -0.2663 -0.5566
vn -0.0558 0.4799 -0.8755
vn -0.7783 -0.5403 -0.3199
vn -0.6392 -0.6784 -0.3622
vn -0.6466 0.6561 -0.3892
vn -0.6549 0.6695 -0.3505
vn -0.5412 0.4206 -0.7281
vn -0.6311 -0.7146 -0.3018
vn -0.5193 0.0583 -0.8526
vn -0.5685 -0.0350 -0.8219
vn -0.7142 -0.6999 -0.0043
vn -0.3505 -0.9113 0.2161
vn -0.3156 -0.8403 0.4407
vn -0.0198 -0.9681 0.2497
vn -0.2354 -0.3226 0.9168
vn -0.1314 -0.5090 0.8506
vn 0.0266 0.5598 0.8282
vn 0.1744 0.8559 0.4869
vn 0.0733 0.9269 0.3679
vn 0.4289 0.7433 0.5133
vn 0.3085 0.9384 0.1554
vn 0.1011 0.9254 0.3652
vn 0.1932 0.9469 0.2569
vn 0.9590 -0.0164 0.2828
vn 0.6924 -0.0558 -0.7193
vn 0.3757 -0.8527 -0.3627
vn -0.0975 -0.9540 -0.2833
vn 0.3944 0.8611 0.3207
vn 0.3315 0.8787 0.3435
vn 0.1332 0.9297 0.3434
vn -0.0064 -0.0553 -0.9984
vn 0.1290 0.9891 0.0702
vn 0.1270 -0.2381 -0.9629
vn 0.4330 -0.0535 -0.8998
vn 0.7157 0.6179 0.3254
vn 0.3437 -0.7725 0.5339
vn 0.7800 -0.5596 -0.2798
vn -0.0197 0.3536 0.9351
vn 0.0000 0.0000 1.0000
vn -0.0560 0.5448 0.8366
vn -0.0408 0.9234 0.3816
vn -0.0162 0.9983 0.0556
vn 0.2365 0.9668 -0.0969
vn 0.3606 0.8584 0.3649
vn 0.1463 0.9262 -0.3475
vn 0.0746 0.8504 0.5208
vn 0.1151 0.9128 -0.3918
vn -0.0855 0.8965 -0.4346
vn -0.0360 0.8851 -0.4640
vn -0.1701 0.6201 -0.7658
vn -0.1122 0.4812 -0.8694
vn 0.1234 0.7509 -0.6488
vn 0.4501 0.2837 -0.8467
vn 0.0286 0.3969 -0.9174
vn 0.2236 0.2491 -0.9423
vn 0.0997 0.8957 -0.4332
vn 0.1593 -0.0034 -0.9872
vn 0.3673 0.9242 -0.1041
vn 0.4451 0.8872 -0.1213
vn 0.0529 0.8437 -0.5342
vn 0.0702 0.9975 -0.0108
vn 0.0615 0.9014 0.4285
vn 0.1422 0.9069 0.3964
vn 0.1235 0.9883 -0.0887
vn 0.0157 -0.9683 0.2492
vn 0.4390 -0.8979 0.0301
vn 0.4142 -0.8168 0.4015
vn -0.1286 -0.9398 0.3166
vn -0.6784 -0.7183 -0.1539
vn -0.1459 0.9565 0.2525
vn 0.0106 -0.9029 -0.4297
vn -0.3434 0.8535 0.3919
vn -0.0500 -0.1257 -0.9908
vn -0.9336 -0.1358 0.3315
vn -0.9891 -0.0295 0.1438
vn -0.9882 0.0387 0.1482
vn -0.8330 0.0486 0.5510
vn -0.5506 -0.0450 0.8336
vn -0.6806 0.0712 0.7292
vn 0.2784 -0.0369 0.9597
vn 0.1760 0.0508 0.9831
vn 0.8207 0.0000 0.5713
vn 0.7723 0.0000 0.6352
vn 0.9984 0.0533 -0.0144
vn 0.9970 0.0385 -0.0669
vn -0.7786 -0.0252 -0.6270
vn -0.8692 -0.0699 -0.4895
vn -0.6581 0.0049 -0.7529
vn 0.1151 -0.0331 -0.9928
vn 0.0518 0.0550 -0.9971
vn 0.7687 0.0095 -0.6395
vn 0.5919 0.1325 -0.7950
vn 0.7641 -0.1451 -0.6286
vn 0.9488 -0.1642 -0.2697
vn 0.5855 -0.1242 -0.8011
vn 0.0100 -0.1120 -0.9937
vn -0.7312 -0.0947 -0.6755
vn -0.9867 -0.0907 0.1349
vn -0.5376 -0.1159 0.8352
vn 0.2083 -0.1029 0.9726
vn 0.8524 -0.1199 0.5089
vn 0.8737 0.0578 0.4830
vn 0.9516 -0.0155 -0.3068
vn 0.8349 0.1888 0.5170
vn 0.9710 0.1083 -0.2131
vn 0.8315 0.1983 0.5188
vn 0.9856 0.0579 0.1588
vn 0.6737 -0.0093 0.7389
vn 0.9457 -0.2423 0.2166
vn 0.2865 0.3089 0.9069
vn -0.4300 0.3086 0.8484
vn -0.9854 0.1231 0.1173
vn -0.9391 -0.0902 -0.3314
vn -0.8032 -0.1407 -0.5788
vn -0.7133 0.0515 -0.6989
vn -0.9897 0.1163 0.0837
vn -0.7212 -0.0130 -0.6926
vn 0.0273 -0.0360 -0.9990
vn 0.5576 0.0121 -0.8300
vn 0.7182 -0.0345 -0.6949
vn 0.7337 -0.0316 -0.6788
vn 0.9208 -0.2137 -0.3262
vn 0.7430 -0.1998 -0.6387
vn 0.5214 -0.2520 -0.8152
vn -0.0336 -0.1940 -0.9804
vn 0.0630 -0.0743 -0.9952
vn 0.5752 -0.0889 -0.8131
vn -0.5124 0.0400 0.8578
vn 0.2664 0.0655 0.9616
vn 0.2666 0.2656 0.9265
vn -0.4898 0.2513 0.8348
vn 0.9949 -0.0518 0.0858
vn 0.8478 0.0098 0.5302
vn 0.9973 0.0301 0.0673
vn 0.7822 -0.0198 -0.6226
vn 0.8972 0.0010 -0.4415
vn 0.6651 0.0341 -0.7460
vn -0.0795 -0.0167 -0.9967
vn -0.0908 0.0627 -0.9939
vn -0.7596 0.0239 -0.6499
vn -0.6214 0.1789 -0.7628
vn -0.9975 0.0696 0.0095
vn -0.9907 0.0335 -0.1316
vn -0.7608 -0.0629 -0.6459
vn -0.9685 -0.0860 -0.2336
vn -0.6839 -0.1270 -0.7184
vn -0.9424 -0.1952 -0.2716
vn -0.7813 -0.0965 -0.6166
vn -0.9483 -0.1533 -0.2778
vn -0.7126 -0.0723 -0.6978
vn -0.9443 -0.0102 -0.3288
vn -0.7577 -0.0125 -0.6525
vn -0.9676 0.1348 -0.2135
vn -0.9884 0.0238 0.1501
vn -0.9519 -0.2209 0.2123
vn -0.9373 -0.2074 -0.2800
vn -0.7746 -0.2048 -0.5983
vn -0.5054 -0.2760 -0.8175
vn -0.0102 -0.2411 -0.9704
vn 0.7956 -0.1321 -0.5911
vn 0.9363 -0.1026 -0.3357
vn 0.9861 0.1397 0.0893
vn 0.4518 0.3085 0.8371
vn -0.2687 0.3040 0.9140
vn -0.6976 -0.0229 0.7161
vn -0.7816 0.2541 0.5696
vn -0.8428 0.2124 0.4945
vn -0.8742 0.0578 0.4821
vn -0.8418 -0.1300 0.5238
vn -0.8155 -0.1979 0.5439
vn -0.8732 -0.1217 0.4718
vn -0.8290 -0.0071 0.5592
vn -0.7914 0.0197 0.6109
vn -0.2825 -0.0299 0.9588
vn -0.2510 0.0385 0.9672
vn 0.5557 -0.0412 0.8303
vn 0.6123 0.0000 0.7906
vn 0.9794 -0.1700 0.1086
vn 0.7712 -0.1518 -0.6182
vn -0.0501 -0.1141 -0.9922
vn -0.0266 -0.1393 -0.9899
vn 0.7442 -0.1947 -0.6389
vn 0.9669 -0.2083 0.1472
vn 0.5501 -0.1306 0.8248
vn -0.2175 -0.1014 0.9708
vn -0.1696 -0.1626 0.9720
vn -0.1482 -0.1112 0.9827
vn -0.2548 0.0487 0.9658
vn -0.2746 0.2756 0.9212
vn 0.4689 0.2771 0.8386
vn 0.9832 0.1530 0.0990
vn 0.7021 0.0689 -0.7087
vn -0.1078 -0.0551 -0.9926
vn -0.5506 -0.0698 -0.8318
vn -0.5364 -0.0163 -0.8438
vn -0.5663 -0.1024 -0.8178
vn 0.0231 -0.1089 -0.9938
vn 0.7115 -0.1089 -0.6941
vn 0.9901 -0.1076 0.0895
vn 0.5414 -0.1706 0.8233
vn 0.5439 -0.1153 0.8312
vn 0.4961 0.0308 0.8677
vn 0.7149 -0.0172 -0.6990
vn -0.0123 -0.0438 -0.9990
vn -0.4818 0.3421 -0.8067
vn -0.9885 -0.1391 0.0596
vn -0.8684 -0.4927 -0.0561
vn -0.1048 0.7713 -0.6278
vn -0.2004 0.9704 -0.1347
vn 0.5395 0.4034 -0.7390
vn 0.6612 0.6788 -0.3194
vn -0.3810 0.9197 -0.0943
vn 0.7315 0.5772 -0.3630
vn 0.2300 0.4804 -0.8464
vn -0.9988 -0.0475 0.0061
vn -0.6755 -0.0872 -0.7322
vn -0.4335 -0.8811 0.1887
vn -0.4200 -0.6344 0.6489
vn -0.8334 0.4944 0.2467
vn 0.0938 -0.8941 -0.4379
vn -0.0775 -0.7956 0.6007
vn -0.1071 0.9236 0.3681
vn -0.2447 0.7080 0.6624
vn -0.8673 -0.4964 0.0370
vn -0.2387 0.8087 0.5376
vn 0.0067 0.5823 0.8129
vn -0.0387 -0.7879 0.6145
vn -0.1800 -0.4835 0.8566
vn -0.9079 -0.0647 0.4141
vn -0.8351 -0.1368 -0.5327
vn -0.4012 -0.6929 -0.5991
vn -0.4147 -0.8997 -0.1361
vn -0.0318 -0.2265 0.9735
vn 0.0542 -0.9981 0.0272
vn 0.0562 -0.9981 0.0256
vn -0.0478 -0.1166 -0.9920
vn -0.0914 -0.2840 -0.9544
vn 0.0066 -0.9960 -0.0890
vn -0.0279 -0.1791 -0.9834
vn -0.7055 -0.7077 0.0377
vn -0.4097 -0.1322 -0.9026
vn -0.7618 0.5741 -0.3000
vn -0.6913 0.4571 0.5596
vn -0.2489 -0.7201 0.6476
vn -0.0216 -0.5277 0.8491
vn 0.0397 -0.4599 0.8871
vn -0.2700 0.8660 0.4209
vn -0.1321 0.8221 0.5537
vn -0.1563 0.6950 0.7018
vn -0.1078 0.9216 -0.3728
vn -0.2167 0.8690 -0.4448
vn -0.1617 -0.0054 -0.9868
vn -0.1778 0.9046 -0.3873
vn -0.1520 0.9082 -0.3899
vn -0.2200 0.6517 0.7259
vn -0.0153 -0.1860 -0.9824
vn -0.3356 -0.6989 0.6316
vn -0.4194 -0.0242 -0.9075
vn -0.8005 -0.5991 -0.0181
vn -0.7426 0.6545 0.1419
vn 0.4114 -0.7014 -0.5820
vn 0.6732 -0.6606 -0.3323
vn 0.7130 -0.5787 -0.3959
vn 0.5849 -0.5638 -0.5830
vn -0.2658 -0.9640 0.0005
vn -0.0898 -0.9946 -0.0512
vn -0.6542 -0.7472 0.1166
vn -0.1903 -0.9794 0.0675
vn -0.3877 -0.9167 0.0961
vn -0.1982 0.9061 0.3738
vn -0.1125 0.9693 0.2185
vn -0.4753 0.7974 0.3719
vn -0.1080 0.9858 0.1284
vn -0.3509 0.8845 0.3073
vn -0.2932 0.9524 -0.0830
vn 0.3336 -0.3991 0.8541
vn 0.0726 -0.1816 0.9807
vn 0.0852 0.2730 0.9582
vn 0.1773 -0.5109 0.8411
vn 0.0518 0.5479 0.8349
vn 0.0341 0.9116 0.4097
vn -0.0025 0.9996 0.0269
vn -0.1250 0.8936 -0.4311
vn -0.2021 0.2815 -0.9380
vn -0.5970 -0.5209 -0.6101
vn -0.0178 0.3937 -0.9190
vn -0.5722 -0.3846 -0.7243
vn 0.1604 0.5736 -0.8033
vn 0.4639 0.0090 -0.8858
vn 0.5286 0.0103 -0.8488
vn 0.1191 0.4683 -0.8755
vn 0.0525 0.8364 -0.5455
vn -0.0421 0.8039 -0.5932
vn -0.0369 0.9991 -0.0168
vn -0.1562 0.9824 -0.1027
vn -0.0555 0.9122 0.4059
vn -0.2204 0.9254 0.3081
vn 0.0549 0.8914 -0.4498
vn -0.3522 -0.9322 0.0837
vn 0.0521 -0.9578 0.2826
vn 0.3039 -0.8303 0.4670
vn 0.2594 -0.9448 0.2000
vn 0.6743 -0.7382 0.0211
vn 0.6276 -0.7216 -0.2923
vn 0.1870 -0.9348 0.3019
vn -0.4158 -0.7938 0.4437
vn -0.6559 -0.7545 0.0205
vn -0.6872 -0.7245 -0.0530
vn -0.6043 -0.7967 -0.0065
vn -0.4844 -0.8711 0.0808
vn -0.0195 -0.9544 0.2977
vn -0.0319 -0.2354 0.9713
vn -0.0607 -0.9978 0.0271
vn -0.0680 -0.9975 -0.0201
vn 0.0681 -0.1142 -0.9911
vn 0.0292 -0.2948 -0.9551
vn -0.0039 -0.9899 -0.1417
vn 0.0664 -0.2083 -0.9758
vn 0.8479 -0.5289 -0.0355
vn 0.5149 -0.0935 -0.8521
vn 0.6070 0.7710 -0.1928
vn 0.6128 0.6835 0.3965
vn 0.4858 -0.5005 0.7166
vn 0.0259 -0.4171 0.9084
vn -0.0652 -0.3114 0.9480
vn 0.1737 0.8283 0.5327
vn 0.2597 0.7823 0.5662
vn 0.1881 0.9095 -0.3708
vn 0.1595 0.8751 -0.4570
usemtl body.035
s 1
f 1754/1404/1222 1223/1405/1223 1222/1406/1224
f 1223/1405/1223 1754/1404/1222 1267/1407/1225
f 1267/1407/1225 1606/1408/1226 1223/1405/1223
f 1606/1408/1226 1267/1407/1225 1269/1409/1227
f 1269/1409/1227 1224/1410/1228 1606/1408/1226
f 1224/1410/1228 1269/1409/1227 1225/1411/1229
f 1225/1411/1229 1603/1412/1230 1224/1410/1228
f 1603/1412/1230 1225/1411/1229 1271/1413/1231
f 1271/1413/1231 1226/1414/1232 1603/1412/1230
f 1226/1414/1232 1271/1413/1231 1227/1415/1233
f 1227/1415/1233 1228/1416/1234 1226/1414/1232
f 1228/1416/1234 1227/1415/1233 1229/1417/1235
f 1229/1417/1235 1600/1418/1236 1228/1416/1234
f 1600/1418/1236 1229/1417/1235 1313/1419/1237
f 1313/1419/1237 1230/1420/1238 1600/1418/1236
f 1230/1420/1238 1313/1419/1237 1312/1421/1239
f 1312/1421/1239 1231/1422/1240 1230/1420/1238
f 1231/1422/1240 1312/1421/1239 1487/1423/1241
f 1487/1423/1241 1232/1424/1242 1231/1422/1240
f 1232/1424/1242 1487/1423/1241 1233/1425/1243
f 1233/1425/1243 1234/1426/1244 1232/1424/1242
f 1234/1426/1244 1233/1425/1243 1485/1427/1245
f 1485/1427/1245 1598/1428/1246 1234/1426/1244
f 1598/1428/1246 1485/1427/1245 1235/1429/1247
f 1235/1429/1247 1236/1430/1248 1598/1428/1246
f 1236/1430/1248 1235/1429/1247 1237/1431/1249
f 1237/1431/1249 1597/1432/1250 1236/1430/1248
f 1597/1432/1250 1237/1431/1249 1484/1433/1251
f 1484/1433/1251 1596/1434/1252 1597/1432/1250
f 1596/1434/1252 1484/1433/1251 1482/1435/1253
f 1482/1435/1253 1594/1436/1254 1596/1434/1252
f 1594/1436/1254 1482/1435/1253 1481/1437/1255
f 1481/1437/1255 1593/1438/1256 1594/1436/1254
f 1593/1438/1256 1481/1437/1255 1238/1439/1257
f 1238/1439/1257 1591/1440/1258 1593/1438/1256
f 1591/1440/1258 1238/1439/1257 1239/1441/1259
f 1239/1441/1259 1240/1442/1260 1591/1440/1258
f 1240/1442/1260 1239/1441/1259 1298/1443/1261
f 1298/1443/1261 1590/1444/1262 1240/1442/1260
f 1590/1444/1262 1298/1443/1261 1241/1445/1263
f 1241/1445/1263 1242/1446/1264 1590/1444/1262
f 1242/1446/1264 1241/1445/1263 1243/1447/1265
f 1243/1447/1265 1244/1448/1266 1242/1446/1264
f 1244/1448/1266 1243/1447/1265 1245/1449/1267
f 1245/1449/1267 1612/1450/1268 1244/1448/1266
f 1612/1450/1268 1245/1449/1267 1246/1451/1269
f 1246/1451/1269 1247/1452/1270 1612/1450/1268
f 1247/1452/1270 1246/1451/1269 1248/1453/1271
f 1248/1453/1271 1609/1454/1272 1247/1452/1270
f 1609/1454/1272 1248/1453/1271 1296/1455/1273
f 1296/1455/1273 1608/1456/1274 1609/1454/1272
f 1608/1456/1274 1296/1455/1273 1297/1457/1275
f 1322/1458/1276 1249/1459/1277 1312/1421/1239
f 1249/1459/1277 1322/1458/1276 1321/1460/1278
f 1321/1460/1278 1587/1461/1279 1249/1459/1277
f 1587/1461/1279 1321/1460/1278 1250/1462/1280
f 1250/1462/1280 1251/1463/1281 1587/1461/1279
f 1251/1463/1281 1250/1462/1280 1319/1464/1282
f 1319/1464/1282 1586/1465/1283 1251/1463/1281
f 1586/1465/1283 1319/1464/1282 1318/1466/1284
f 1318/1466/1284 1252/1467/1285 1586/1465/1283
f 1252/1467/1285 1318/1466/1284 1277/1468/1286
f 1277/1468/1286 1253/1469/1287 1252/1467/1285
f 1253/1469/1287 1277/1468/1286 1308/1470/1288
f 1308/1470/1288 1254/1471/1289 1253/1469/1287
f 1254/1471/1289 1308/1470/1288 1307/1472/1290
f 1307/1472/1290 1255/1473/1291 1254/1471/1289
f 1255/1473/1291 1307/1472/1290 1256/1474/1292
f 1256/1474/1292 1257/1475/1293 1255/1473/1291
f 1257/1475/1293 1256/1474/1292 1258/1476/1294
f 1258/1476/1294 1507/1477/1295 1257/1475/1293
f 1507/1477/1295 1258/1476/1294 1306/1478/1296
f 1306/1478/1296 1509/1479/1297 1507/1477/1295
f 1509/1479/1297 1306/1478/1296 1259/1480/1298
f 1259/1480/1298 1260/1481/1299 1509/1479/1297
f 1260/1481/1299 1259/1480/1298 1261/1482/1300
f 1261/1482/1300 1512/1483/1301 1260/1481/1299
f 1512/1483/1301 1261/1482/1300 1262/1484/1302
f 1262/1484/1302 1513/1485/1303 1512/1483/1301
f 1513/1485/1303 1262/1484/1302 1303/1486/1304
f 1303/1486/1304 1515/1487/1305 1513/1485/1303
f 1515/1487/1305 1303/1486/1304 1302/1488/1306
f 1302/1488/1306 1263/1489/1307 1515/1487/1305
f 1263/1489/1307 1302/1488/1306 1264/1490/1308
f 1264/1490/1308 1265/1491/1309 1263/1489/1307
f 1265/1491/1309 1264/1490/1308 1266/1492/1310
f 1266/1492/1310 1239/1441/1259 1265/1491/1309
f 1239/1441/1259 1266/1492/1310 1300/1493/1311
f 1300/1493/1311 1298/1443/1261 1239/1441/1259
f 1753/1494/1312 1267/1407/1225 1754/1404/1222
f 1267/1407/1225 1753/1494/1312 1268/1495/1313
f 1268/1495/1313 1269/1496/1227 1267/1497/1225
f 1269/1496/1227 1268/1495/1313 1270/1498/1314
f 1269/1409/1227 1270/1498/1314 1769/1499/1315
f 1769/1499/1315 1225/1411/1229 1269/1409/1227
f 1225/1411/1229 1769/1499/1315 1768/1500/1316
f 1768/1500/1316 1271/1413/1231 1225/1411/1229
f 1768/1500/1316 1272/1501/1317 1271/1413/1231
f 1272/1501/1317 1768/1500/1316 1273/1502/1318
f 1273/1502/1318 1316/1503/1319 1272/1501/1317
f 1316/1503/1319 1273/1502/1318 1767/1504/1320
f 1767/1504/1320 1275/1505/1321 1316/1503/1319
f 1275/1505/1321 1767/1504/1320 1274/1506/1322
f 1275/1505/1321 1274/1506/1322 1276/1507/1323
f 1276/1507/1323 1318/1466/1284 1275/1505/1321
f 1276/1507/1323 1277/1468/1286 1318/1466/1284
f 1276/1507/1323 1278/1508/1324 1277/1468/1286
f 1278/1508/1324 1276/1507/1323 1274/1506/1322
f 1274/1506/1322 1279/1509/1325 1278/1508/1324
f 1279/1509/1325 1274/1506/1322 1763/1510/1326
f 1763/1510/1326 1338/1511/1327 1279/1509/1325
f 1338/1511/1327 1763/1510/1326 1280/1512/1328
f 1280/1512/1328 1281/1513/1329 1338/1511/1327
f 1281/1513/1329 1280/1512/1328 1764/1514/1330
f 1764/1514/1330 1342/1515/1331 1281/1513/1329
f 1342/1515/1331 1764/1514/1330 1765/1516/1332
f 1765/1516/1332 1283/1517/1333 1342/1515/1331
f 1283/1517/1333 1765/1516/1332 1282/1518/1334
f 1283/1517/1333 1282/1518/1334 1760/1519/1335
f 1283/1517/1333 1760/1519/1335 1759/1520/1336
f 1759/1520/1336 1344/1521/1337 1283/1517/1333
f 1344/1521/1337 1759/1520/1336 1758/1522/1338
f 1758/1522/1338 1284/1523/1339 1344/1521/1337
f 1284/1523/1339 1758/1522/1338 1757/1524/1340
f 1284/1523/1339 1757/1524/1340 1285/1525/1341
f 1284/1523/1339 1285/1525/1341 1777/1526/1342
f 1777/1526/1342 1286/1527/1343 1284/1523/1339
f 1286/1527/1343 1777/1526/1342 1776/1528/1344
f 1776/1528/1344 1287/1529/1345 1286/1527/1343
f 1287/1529/1345 1776/1528/1344 1288/1530/1346
f 1288/1530/1346 1340/1531/1347 1287/1529/1345
f 1340/1531/1347 1288/1530/1346 1289/1532/1348
f 1289/1532/1348 1305/1533/1349 1340/1531/1347
f 1305/1533/1349 1289/1532/1348 1775/1534/1350
f 1775/1534/1350 1290/1535/1351 1305/1533/1349
f 1290/1535/1351 1775/1534/1350 1291/1536/1352
f 1291/1536/1352 1304/1537/1353 1290/1535/1351
f 1304/1537/1353 1291/1536/1352 1774/1538/1354
f 1774/1538/1354 1309/1539/1355 1304/1537/1353
f 1309/1539/1355 1774/1538/1354 1773/1540/1356
f 1773/1540/1356 1292/1541/1357 1309/1539/1355
f 1292/1541/1357 1773/1540/1356 1294/1542/1358
f 1294/1542/1358 1293/1543/1359 1292/1541/1357
f 1294/1542/1358 1246/1451/1269 1293/1543/1359
f 1246/1451/1269 1294/1542/1358 1772/1544/1360
f 1772/1544/1360 1248/1453/1271 1246/1451/1269
f 1248/1453/1271 1772/1544/1360 1295/1545/1361
f 1295/1545/1361 1296/1455/1273 1248/1453/1271
f 1296/1455/1273 1295/1545/1361 1771/1546/1362
f 1771/1546/1362 1297/1457/1275 1296/1455/1273
f 1297/1457/1275 1771/1546/1362 1756/1547/1363
f 1245/1449/1267 1293/1543/1359 1246/1451/1269
f 1293/1543/1359 1245/1449/1267 1243/1447/1265
f 1243/1447/1265 1310/1548/1364 1293/1543/1359
f 1310/1548/1364 1243/1447/1265 1241/1445/1263
f 1241/1445/1263 1311/1549/1365 1310/1548/1364
f 1311/1549/1365 1241/1445/1263 1298/1443/1261
f 1298/1443/1261 1299/1550/1366 1311/1549/1365
f 1299/1550/1366 1298/1443/1261 1300/1493/1311
f 1299/1550/1366 1300/1493/1311 1266/1492/1310
f 1299/1550/1366 1266/1492/1310 1264/1490/1308
f 1264/1490/1308 1301/1551/1367 1299/1550/1366
f 1301/1551/1367 1264/1490/1308 1302/1488/1306
f 1301/1551/1367 1302/1488/1306 1303/1486/1304
f 1303/1486/1304 1309/1539/1355 1301/1551/1367
f 1309/1539/1355 1303/1486/1304 1262/1484/1302
f 1262/1484/1302 1304/1537/1353 1309/1539/1355
f 1304/1537/1353 1262/1484/1302 1261/1482/1300
f 1261/1482/1300 1290/1535/1351 1304/1537/1353
f 1290/1535/1351 1261/1482/1300 1259/1480/1298
f 1259/1480/1298 1305/1533/1349 1290/1535/1351
f 1305/1533/1349 1259/1480/1298 1306/1478/1296
f 1306/1478/1296 1340/1531/1347 1305/1533/1349
f 1340/1531/1347 1306/1478/1296 1258/1476/1294
f 1258/1476/1294 1339/1552/1368 1340/1531/1347
f 1339/1552/1368 1258/1476/1294 1256/1474/1292
f 1256/1474/1292 1338/1511/1327 1339/1552/1368
f 1338/1511/1327 1256/1474/1292 1307/1472/1290
f 1307/1472/1290 1279/1509/1325 1338/1511/1327
f 1279/1509/1325 1307/1472/1290 1308/1470/1288
f 1308/1470/1288 1278/1508/1324 1279/1509/1325
f 1278/1508/1324 1308/1470/1288 1277/1468/1286
f 1292/1541/1357 1301/1551/1367 1309/1539/1355
f 1301/1551/1367 1292/1541/1357 1310/1548/1364
f 1310/1548/1364 1299/1550/1366 1301/1551/1367
f 1299/1550/1366 1310/1548/1364 1311/1549/1365
f 1293/1543/1359 1310/1548/1364 1292/1541/1357
f 1322/1458/1276 1312/1421/1239 1313/1419/1237
f 1313/1419/1237 1314/1553/1369 1322/1458/1276
f 1314/1553/1369 1313/1419/1237 1229/1417/1235
f 1229/1417/1235 1315/1554/1370 1314/1553/1369
f 1315/1554/1370 1229/1417/1235 1227/1415/1233
f 1315/1554/1370 1227/1415/1233 1271/1413/1231
f 1315/1554/1370 1271/1413/1231 1272/1501/1317
f 1272/1501/1317 1317/1555/1371 1315/1554/1370
f 1317/1555/1371 1272/1501/1317 1316/1503/1319
f 1317/1555/1371 1316/1503/1319 1275/1505/1321
f 1317/1555/1371 1275/1505/1321 1318/1466/1284
f 1317/1555/1371 1318/1466/1284 1319/1464/1282
f 1319/1464/1282 1320/1556/1372 1317/1555/1371
f 1320/1556/1372 1319/1464/1282 1250/1462/1280
f 1320/1556/1372 1250/1462/1280 1321/1460/1278
f 1320/1556/1372 1321/1460/1278 1322/1458/1276
f 1320/1556/1372 1322/1458/1276 1314/1553/1369
f 1314/1553/1369 1317/1555/1371 1320/1556/1372
f 1317/1555/1371 1314/1553/1369 1315/1554/1370
f 1323/1557/1373 1324/1558/1374 1654/1559/1375
f 1654/1559/1375 1325/1560/1376 1323/1557/1373
f 1325/1560/1376 1654/1559/1375 1618/1561/1377
f 1337/1562/1378 1336/1563/1379 1326/1564/1380
f 1326/1564/1380 1327/1565/1381 1337/1562/1378
f 1327/1565/1381 1326/1564/1380 1328/1566/1382
f 1328/1566/1382 1329/1567/1383 1327/1565/1381
f 1329/1567/1383 1328/1566/1382 1800/1568/1384
f 1800/1568/1384 1330/1569/1385 1329/1567/1383
f 1330/1569/1385 1800/1568/1384 1798/1570/1386
f 1798/1570/1386 1786/1571/1387 1330/1569/1385
f 1786/1571/1387 1798/1570/1386 1331/1572/1388
f 1331/1572/1388 1793/1573/1389 1786/1571/1387
f 1793/1573/1389 1331/1572/1388 1332/1574/1390
f 1332/1574/1390 1333/1575/1391 1793/1573/1389
f 1333/1575/1391 1332/1574/1390 1334/1576/1392
f 1334/1576/1392 1335/1577/1393 1333/1575/1391
f 1335/1577/1393 1334/1576/1392 1336/1578/1379
f 1336/1578/1379 1337/1579/1378 1335/1577/1393
f 1338/1511/1327 1281/1513/1329 1343/1580/1394
f 1343/1580/1394 1339/1552/1368 1338/1511/1327
f 1343/1580/1394 1340/1531/1347 1339/1552/1368
f 1343/1580/1394 1287/1529/1345 1340/1531/1347
f 1287/1529/1345 1343/1580/1394 1341/1581/1395
f 1341/1581/1395 1286/1527/1343 1287/1529/1345
f 1341/1581/1395 1284/1523/1339 1286/1527/1343
f 1341/1581/1395 1344/1521/1337 1284/1523/1339
f 1341/1581/1395 1342/1515/1331 1344/1521/1337
f 1342/1515/1331 1341/1581/1395 1343/1580/1394
f 1343/1580/1394 1281/1513/1329 1342/1515/1331
f 1283/1517/1333 1344/1521/1337 1342/1515/1331
f 1345/1582/1396 1814/1583/1397 1813/1584/1398
f 1813/1584/1398 1354/1585/1399 1345/1582/1396
f 1354/1585/1399 1813/1584/1398 1346/1586/1400
f 1346/1586/1400 1352/1587/1401 1354/1585/1399
f 1346/1586/1400 1350/1588/1402 1352/1587/1401
f 1346/1586/1400 1348/1589/1403 1350/1588/1402
f 1348/1589/1403 1346/1586/1400 1347/1590/1404
f 1348/1589/1403 1347/1590/1404 1809/1591/1405
f 1348/1589/1403 1809/1591/1405 1807/1592/1406
f 1348/1589/1403 1807/1592/1406 1462/1593/1407
f 1348/1589/1403 1462/1593/1407 1461/1594/1408
f 1461/1594/1408 1350/1588/1402 1348/1589/1403
f 1350/1588/1402 1461/1594/1408 1349/1595/1409
f 1349/1595/1409 1352/1587/1401 1350/1588/1402
f 1349/1595/1409 1351/1596/1410 1352/1587/1401
f 1351/1596/1410 1349/1595/1409 1455/1597/1411
f 1351/1596/1410 1455/1597/1411 1459/1598/1412
f 1351/1596/1410 1459/1598/1412 1460/1599/1413
f 1460/1599/1413 1352/1587/1401 1351/1596/1410
f 1352/1587/1401 1460/1599/1413 1353/1600/1414
f 1353/1600/1414 1354/1585/1399 1352/1587/1401
f 1354/1585/1399 1353/1600/1414 1403/1601/1415
f 1403/1601/1415 1345/1582/1396 1354/1585/1399
f 1345/1582/1396 1403/1601/1415 1402/1602/1416
f 1402/1602/1416 1814/1583/1397 1345/1582/1396
f 1814/1583/1397 1402/1602/1416 1355/1603/1417
f 1355/1603/1417 1815/1604/1418 1814/1583/1397
f 1815/1604/1418 1355/1603/1417 1357/1605/1419
f 1357/1605/1419 1827/1606/1420 1815/1604/1418
f 1357/1605/1419 1356/1607/1421 1827/1606/1420
f 1357/1605/1419 1358/1608/1422 1356/1607/1421
f 1357/1605/1419 1825/1609/1423 1358/1608/1422
f 1825/1609/1423 1357/1605/1419 1355/1603/1417
f 1355/1603/1417 1359/1610/1424 1825/1609/1423
f 1359/1610/1424 1355/1603/1417 1402/1602/1416
f 1359/1610/1424 1402/1602/1416 1401/1611/1425
f 1359/1610/1424 1401/1611/1425 1360/1612/1426
f 1360/1612/1426 1825/1609/1423 1359/1610/1424
f 1360/1612/1426 1361/1613/1427 1825/1609/1423
f 1361/1613/1427 1360/1612/1426 1362/1614/1428
f 1362/1614/1428 1824/1615/1429 1361/1613/1427
f 1362/1614/1428 1823/1616/1430 1824/1615/1429
f 1362/1614/1428 1363/1617/1431 1823/1616/1430
f 1363/1617/1431 1362/1614/1428 1399/1618/1432
f 1399/1618/1432 1364/1619/1433 1363/1617/1431
f 1364/1619/1433 1399/1618/1432 1365/1620/1434
f 1365/1620/1434 1453/1621/1435 1364/1619/1433
f 1453/1621/1435 1365/1620/1434 1366/1622/1436
f 1366/1622/1436 1367/1623/1437 1453/1621/1435
f 1367/1623/1437 1366/1622/1436 1368/1624/1438
f 1368/1624/1438 1451/1625/1439 1367/1623/1437
f 1451/1625/1439 1368/1624/1438 1564/1626/1440
f 1564/1626/1440 1415/1627/1441 1451/1625/1439
f 1415/1627/1441 1564/1626/1440 1369/1628/1442
f 1369/1628/1442 1370/1629/1443 1415/1627/1441
f 1370/1629/1443 1369/1628/1442 1371/1630/1444
f 1371/1630/1444 1416/1631/1445 1370/1629/1443
f 1416/1631/1445 1371/1630/1444 1372/1632/1446
f 1372/1632/1446 1418/1633/1447 1416/1631/1445
f 1418/1633/1447 1372/1632/1446 1384/1634/1448
f 1384/1634/1448 1373/1635/1449 1418/1633/1447
f 1373/1635/1449 1384/1634/1448 1383/1636/1450
f 1383/1636/1450 1374/1637/1451 1373/1635/1449
f 1374/1637/1451 1383/1636/1450 1375/1638/1452
f 1375/1638/1452 1376/1639/1453 1374/1637/1451
f 1376/1639/1453 1375/1638/1452 1377/1640/1454
f 1377/1640/1454 1867/1641/1455 1376/1639/1453
f 1377/1640/1454 1859/1642/1456 1867/1641/1455
f 1377/1640/1454 1378/1643/1457 1859/1642/1456
f 1378/1643/1457 1377/1640/1454 1380/1644/1458
f 1380/1644/1458 1379/1645/1459 1378/1643/1457
f 1380/1644/1458 1861/1646/1460 1379/1645/1459
f 1380/1644/1458 1381/1647/1461 1861/1646/1460
f 1380/1644/1458 1430/1648/1462 1381/1647/1461
f 1430/1648/1462 1380/1644/1458 1377/1640/1454
f 1377/1640/1454 1429/1649/1463 1430/1648/1462
f 1429/1649/1463 1377/1640/1454 1375/1638/1452
f 1375/1638/1452 1382/1650/1464 1429/1649/1463
f 1382/1650/1464 1375/1638/1452 1383/1636/1450
f 1383/1636/1450 1467/1651/1465 1382/1650/1464
f 1467/1651/1465 1383/1636/1450 1384/1634/1448
f 1384/1634/1448 1385/1652/1466 1467/1651/1465
f 1385/1652/1466 1384/1634/1448 1372/1632/1446
f 1372/1632/1446 1468/1653/1467 1385/1652/1466
f 1468/1653/1467 1372/1632/1446 1371/1630/1444
f 1468/1653/1467 1371/1630/1444 1386/1654/1468
f 1386/1654/1468 1387/1655/1469 1468/1653/1467
f 1387/1655/1469 1386/1654/1468 1388/1656/1470
f 1388/1656/1470 1389/1657/1471 1387/1655/1469
f 1389/1657/1471 1388/1656/1470 1566/1658/1472
f 1566/1658/1472 1470/1659/1473 1389/1657/1471
f 1470/1659/1473 1566/1658/1472 1390/1660/1474
f 1390/1660/1474 1472/1661/1475 1470/1659/1473
f 1472/1661/1475 1390/1660/1474 1569/1662/1476
f 1569/1662/1476 1417/1663/1477 1472/1661/1475
f 1417/1663/1477 1569/1662/1476 1391/1664/1478
f 1391/1664/1478 1392/1665/1479 1417/1663/1477
f 1392/1665/1479 1391/1664/1478 1558/1666/1480
f 1558/1666/1480 1393/1667/1481 1392/1665/1479
f 1393/1667/1481 1558/1666/1480 1572/1668/1482
f 1572/1668/1482 1394/1669/1483 1393/1667/1481
f 1394/1669/1483 1572/1668/1482 1571/1670/1484
f 1571/1670/1484 1414/1671/1485 1394/1669/1483
f 1414/1671/1485 1571/1670/1484 1570/1672/1486
f 1570/1672/1486 1395/1673/1487 1414/1671/1485
f 1395/1673/1487 1570/1672/1486 1561/1674/1488
f 1561/1674/1488 1411/1675/1489 1395/1673/1487
f 1411/1675/1489 1561/1674/1488 1396/1676/1490
f 1411/1675/1489 1396/1676/1490 1563/1677/1491
f 1563/1677/1491 1397/1678/1492 1411/1675/1489
f 1397/1678/1492 1563/1677/1491 1564/1626/1440
f 1397/1678/1492 1564/1626/1440 1368/1624/1438
f 1368/1624/1438 1409/1679/1493 1397/1678/1492
f 1409/1679/1493 1368/1624/1438 1366/1622/1436
f 1366/1622/1436 1407/1680/1494 1409/1679/1493
f 1407/1680/1494 1366/1622/1436 1365/1620/1434
f 1365/1620/1434 1398/1681/1495 1407/1680/1494
f 1398/1681/1495 1365/1620/1434 1399/1618/1432
f 1399/1618/1432 1400/1682/1496 1398/1681/1495
f 1400/1682/1496 1399/1618/1432 1362/1614/1428
f 1400/1682/1496 1362/1614/1428 1360/1612/1426
f 1400/1682/1496 1360/1612/1426 1401/1611/1425
f 1401/1611/1425 1404/1683/1497 1400/1682/1496
f 1404/1683/1497 1401/1611/1425 1402/1602/1416
f 1404/1683/1497 1402/1602/1416 1403/1601/1415
f 1404/1683/1497 1403/1601/1415 1405/1684/1498
f 1405/1684/1498 1400/1682/1496 1404/1683/1497
f 1405/1684/1498 1398/1681/1495 1400/1682/1496
f 1398/1681/1495 1405/1684/1498 1406/1685/1499
f 1406/1685/1499 1407/1680/1494 1398/1681/1495
f 1407/1680/1494 1406/1685/1499 1408/1686/1500
f 1408/1686/1500 1409/1679/1493 1407/1680/1494
f 1409/1679/1493 1408/1686/1500 1410/1687/1501
f 1410/1687/1501 1397/1678/1492 1409/1679/1493
f 1410/1687/1501 1411/1675/1489 1397/1678/1492
f 1411/1675/1489 1410/1687/1501 1412/1688/1502
f 1412/1688/1502 1395/1673/1487 1411/1675/1489
f 1395/1673/1487 1412/1688/1502 1413/1689/1503
f 1413/1689/1503 1414/1671/1485 1395/1673/1487
f 1414/1671/1485 1413/1689/1503 1457/1690/1504
f 1457/1690/1504 1394/1669/1483 1414/1671/1485
f 1394/1669/1483 1457/1690/1504 1456/1691/1505
f 1456/1691/1505 1393/1667/1481 1394/1669/1483
f 1393/1667/1481 1456/1691/1505 1415/1692/1441
f 1415/1692/1441 1392/1665/1479 1393/1667/1481
f 1392/1665/1479 1415/1692/1441 1370/1693/1443
f 1392/1665/1479 1370/1693/1443 1416/1694/1445
f 1416/1694/1445 1417/1663/1477 1392/1665/1479
f 1417/1663/1477 1416/1694/1445 1418/1695/1447
f 1418/1695/1447 1419/1696/1506 1417/1663/1477
f 1419/1696/1506 1418/1695/1447 1373/1697/1449
f 1373/1697/1449 1474/1698/1507 1419/1696/1506
f 1474/1698/1507 1373/1697/1449 1374/1699/1451
f 1374/1699/1451 1420/1700/1508 1474/1698/1507
f 1374/1699/1451 1421/1701/1509 1420/1700/1508
f 1421/1701/1509 1374/1699/1451 1376/1702/1453
f 1421/1701/1509 1376/1702/1453 1867/1703/1455
f 1421/1701/1509 1867/1703/1455 1444/1704/1510
f 1421/1701/1509 1444/1704/1510 1443/1705/1511
f 1443/1705/1511 1420/1700/1508 1421/1701/1509
f 1420/1700/1508 1443/1705/1511 1445/1706/1512
f 1445/1706/1512 1422/1707/1513 1420/1700/1508
f 1422/1707/1513 1445/1706/1512 1423/1708/1514
f 1423/1708/1514 1424/1709/1515 1422/1707/1513
f 1424/1709/1515 1423/1708/1514 1425/1710/1516
f 1425/1710/1516 1426/1711/1517 1424/1709/1515
f 1426/1711/1517 1425/1710/1516 1448/1712/1518
f 1448/1712/1518 1466/1713/1519 1426/1711/1517
f 1466/1713/1519 1448/1712/1518 1427/1714/1520
f 1427/1714/1520 1467/1651/1465 1466/1713/1519
f 1427/1714/1520 1382/1650/1464 1467/1651/1465
f 1382/1650/1464 1427/1714/1520 1428/1715/1521
f 1428/1715/1521 1429/1649/1463 1382/1650/1464
f 1429/1649/1463 1428/1715/1521 1446/1716/1522
f 1446/1716/1522 1430/1648/1462 1429/1649/1463
f 1430/1648/1462 1446/1716/1522 1435/1717/1523
f 1435/1717/1523 1381/1647/1461 1430/1648/1462
f 1381/1647/1461 1435/1717/1523 1431/1718/1524
f 1431/1718/1524 1861/1646/1460 1381/1647/1461
f 1431/1718/1524 1862/1719/1525 1861/1646/1460
f 1431/1718/1524 1432/1720/1526 1862/1719/1525
f 1431/1718/1524 1433/1721/1527 1432/1720/1526
f 1431/1718/1524 1434/1722/1528 1433/1721/1527
f 1434/1722/1528 1431/1718/1524 1435/1717/1523
f 1435/1717/1523 1436/1723/1529 1434/1722/1528
f 1436/1723/1529 1435/1717/1523 1449/1724/1530
f 1449/1724/1530 1864/1725/1531 1436/1723/1529
f 1864/1725/1531 1449/1724/1530 1450/1726/1532
f 1450/1726/1532 1437/1727/1533 1864/1725/1531
f 1437/1727/1533 1450/1726/1532 1425/1710/1516
f 1437/1727/1533 1425/1710/1516 1423/1708/1514
f 1437/1727/1533 1423/1708/1514 1441/1728/1534
f 1441/1728/1534 1438/1729/1535 1437/1727/1533
f 1441/1728/1534 1439/1730/1536 1438/1729/1535
f 1441/1728/1534 1440/1731/1537 1439/1730/1536
f 1441/1728/1534 1442/1732/1538 1440/1731/1537
f 1442/1732/1538 1441/1728/1534 1443/1705/1511
f 1443/1705/1511 1444/1704/1510 1442/1732/1538
f 1445/1706/1512 1443/1705/1511 1441/1728/1534
f 1441/1728/1534 1423/1708/1514 1445/1706/1512
f 1449/1724/1530 1435/1717/1523 1446/1716/1522
f 1446/1716/1522 1447/1733/1539 1449/1724/1530
f 1447/1733/1539 1446/1716/1522 1428/1715/1521
f 1447/1733/1539 1428/1715/1521 1427/1714/1520
f 1447/1733/1539 1427/1714/1520 1448/1712/1518
f 1447/1733/1539 1448/1712/1518 1450/1726/1532
f 1450/1726/1532 1449/1724/1530 1447/1733/1539
f 1425/1710/1516 1450/1726/1532 1448/1712/1518
f 1456/1691/1505 1451/1734/1439 1415/1692/1441
f 1451/1734/1439 1456/1691/1505 1452/1735/1540
f 1452/1735/1540 1367/1736/1437 1451/1734/1439
f 1452/1735/1540 1453/1737/1435 1367/1736/1437
f 1452/1735/1540 1454/1738/1541 1453/1737/1435
f 1452/1735/1540 1455/1597/1411 1454/1738/1541
f 1455/1597/1411 1452/1735/1540 1456/1691/1505
f 1455/1597/1411 1456/1691/1505 1457/1690/1504
f 1457/1690/1504 1459/1598/1412 1455/1597/1411
f 1459/1598/1412 1457/1690/1504 1413/1689/1503
f 1413/1689/1503 1458/1739/1542 1459/1598/1412
f 1458/1739/1542 1413/1689/1503 1412/1688/1502
f 1458/1739/1542 1412/1688/1502 1410/1687/1501
f 1458/1739/1542 1410/1687/1501 1408/1686/1500
f 1458/1739/1542 1408/1686/1500 1460/1599/1413
f 1460/1599/1413 1459/1598/1412 1458/1739/1542
f 1460/1599/1413 1408/1686/1500 1406/1685/1499
f 1406/1685/1499 1353/1600/1414 1460/1599/1413
f 1353/1600/1414 1406/1685/1499 1405/1684/1498
f 1405/1684/1498 1403/1601/1415 1353/1600/1414
f 1349/1595/1409 1454/1738/1541 1455/1597/1411
f 1454/1738/1541 1349/1595/1409 1461/1594/1408
f 1461/1594/1408 1465/1740/1543 1454/1738/1541
f 1465/1740/1543 1461/1594/1408 1462/1593/1407
f 1462/1593/1407 1463/1741/1544 1465/1740/1543
f 1463/1741/1544 1462/1593/1407 1464/1742/1545
f 1463/1741/1544 1464/1742/1545 1363/1743/1431
f 1463/1741/1544 1363/1743/1431 1364/1744/1433
f 1463/1741/1544 1364/1744/1433 1453/1737/1435
f 1453/1737/1435 1465/1740/1543 1463/1741/1544
f 1465/1740/1543 1453/1737/1435 1454/1738/1541
f 1466/1713/1519 1467/1651/1465 1385/1652/1466
f 1385/1652/1466 1479/1745/1546 1466/1713/1519
f 1479/1745/1546 1385/1652/1466 1468/1653/1467
f 1468/1653/1467 1469/1746/1547 1479/1745/1546
f 1469/1746/1547 1468/1653/1467 1387/1655/1469
f 1387/1655/1469 1477/1747/1548 1469/1746/1547
f 1477/1747/1548 1387/1655/1469 1389/1657/1471
f 1389/1657/1471 1471/1748/1549 1477/1747/1548
f 1471/1748/1549 1389/1657/1471 1470/1659/1473
f 1470/1659/1473 1473/1749/1550 1471/1748/1549
f 1473/1749/1550 1470/1659/1473 1472/1661/1475
f 1473/1749/1550 1472/1661/1475 1417/1663/1477
f 1473/1749/1550 1417/1663/1477 1419/1696/1506
f 1419/1696/1506 1475/1750/1551 1473/1749/1550
f 1475/1750/1551 1419/1696/1506 1474/1698/1507
f 1475/1750/1551 1474/1698/1507 1420/1700/1508
f 1475/1750/1551 1420/1700/1508 1422/1707/1513
f 1475/1750/1551 1422/1707/1513 1476/1751/1552
f 1476/1751/1552 1473/1749/1550 1475/1750/1551
f 1476/1751/1552 1471/1748/1549 1473/1749/1550
f 1471/1748/1549 1476/1751/1552 1478/1752/1553
f 1478/1752/1553 1477/1747/1548 1471/1748/1549
f 1478/1752/1553 1469/1746/1547 1477/1747/1548
f 1478/1752/1553 1479/1745/1546 1469/1746/1547
f 1478/1752/1553 1466/1713/1519 1479/1745/1546
f 1478/1752/1553 1426/1711/1517 1466/1713/1519
f 1426/1711/1517 1478/1752/1553 1476/1751/1552
f 1476/1751/1552 1424/1709/1515 1426/1711/1517
f 1424/1709/1515 1476/1751/1552 1422/1707/1513
f 1238/1439/1257 1480/1753/1554 1239/1441/1259
f 1480/1753/1554 1238/1439/1257 1481/1437/1255
f 1481/1437/1255 1518/1754/1555 1480/1753/1554
f 1518/1754/1555 1481/1437/1255 1482/1435/1253
f 1482/1435/1253 1483/1755/1556 1518/1754/1555
f 1483/1755/1556 1482/1435/1253 1484/1433/1251
f 1484/1433/1251 1519/1756/1557 1483/1755/1556
f 1484/1433/1251 1497/1757/1558 1519/1756/1557
f 1497/1757/1558 1484/1433/1251 1237/1431/1249
f 1237/1431/1249 1496/1758/1559 1497/1757/1558
f 1496/1758/1559 1237/1431/1249 1235/1429/1247
f 1235/1429/1247 1495/1759/1560 1496/1758/1559
f 1235/1429/1247 1494/1760/1561 1495/1759/1560
f 1494/1760/1561 1235/1429/1247 1485/1427/1245
f 1485/1427/1245 1491/1761/1562 1494/1760/1561
f 1491/1761/1562 1485/1427/1245 1233/1425/1243
f 1233/1425/1243 1486/1762/1563 1491/1761/1562
f 1486/1762/1563 1233/1425/1243 1487/1423/1241
f 1487/1423/1241 1489/1763/1564 1486/1762/1563
f 1489/1763/1564 1487/1423/1241 1312/1421/1239
f 1312/1421/1239 1488/1764/1565 1489/1763/1564
f 1488/1764/1565 1312/1421/1239 1249/1459/1277
f 1488/1764/1565 1249/1459/1277 1588/1765/1566
f 1588/1765/1566 1489/1763/1564 1488/1764/1565
f 1588/1765/1566 1486/1762/1563 1489/1763/1564
f 1486/1762/1563 1588/1765/1566 1490/1766/1567
f 1490/1766/1567 1491/1761/1562 1486/1762/1563
f 1490/1766/1567 1494/1760/1561 1491/1761/1562
f 1490/1766/1567 1492/1767/1568 1494/1760/1561
f 1492/1767/1568 1490/1766/1567 1586/1465/1283
f 1492/1767/1568 1586/1465/1283 1252/1467/1285
f 1492/1767/1568 1252/1467/1285 1253/1469/1287
f 1492/1767/1568 1253/1469/1287 1493/1768/1569
f 1493/1768/1569 1494/1760/1561 1492/1767/1568
f 1494/1760/1561 1493/1768/1569 1502/1769/1570
f 1502/1769/1570 1495/1759/1560 1494/1760/1561
f 1495/1759/1560 1502/1769/1570 1500/1770/1571
f 1500/1770/1571 1496/1758/1559 1495/1759/1560
f 1496/1758/1559 1500/1770/1571 1498/1771/1572
f 1498/1771/1572 1497/1757/1558 1496/1758/1559
f 1498/1771/1572 1499/1772/1573 1497/1757/1558
f 1498/1771/1572 1521/1773/1574 1499/1772/1573
f 1521/1773/1574 1498/1771/1572 1500/1770/1571
f 1500/1770/1571 1539/1774/1575 1521/1773/1574
f 1500/1770/1571 1501/1775/1576 1539/1774/1575
f 1501/1775/1576 1500/1770/1571 1502/1769/1570
f 1502/1769/1570 1503/1776/1577 1501/1775/1576
f 1503/1776/1577 1502/1769/1570 1493/1768/1569
f 1493/1768/1569 1504/1777/1578 1503/1776/1577
f 1504/1777/1578 1493/1768/1569 1253/1469/1287
f 1253/1469/1287 1505/1778/1579 1504/1777/1578
f 1505/1778/1579 1253/1469/1287 1254/1471/1289
f 1254/1471/1289 1506/1779/1580 1505/1778/1579
f 1506/1779/1580 1254/1471/1289 1255/1473/1291
f 1255/1473/1291 1536/1780/1581 1506/1779/1580
f 1536/1780/1581 1255/1473/1291 1257/1475/1293
f 1257/1475/1293 1534/1781/1582 1536/1780/1581
f 1534/1781/1582 1257/1475/1293 1507/1477/1295
f 1507/1477/1295 1508/1782/1583 1534/1781/1582
f 1508/1782/1583 1507/1477/1295 1509/1479/1297
f 1509/1479/1297 1510/1783/1584 1508/1782/1583
f 1510/1783/1584 1509/1479/1297 1260/1481/1299
f 1260/1481/1299 1511/1784/1585 1510/1783/1584
f 1511/1784/1585 1260/1481/1299 1512/1483/1301
f 1512/1483/1301 1573/1785/1586 1511/1784/1585
f 1573/1785/1586 1512/1483/1301 1513/1485/1303
f 1513/1485/1303 1514/1786/1587 1573/1785/1586
f 1514/1786/1587 1513/1485/1303 1515/1487/1305
f 1515/1487/1305 1516/1787/1588 1514/1786/1587
f 1516/1787/1588 1515/1487/1305 1263/1489/1307
f 1263/1489/1307 1517/1788/1589 1516/1787/1588
f 1517/1788/1589 1263/1489/1307 1265/1491/1309
f 1517/1788/1589 1265/1491/1309 1239/1441/1259
f 1517/1788/1589 1239/1441/1259 1480/1753/1554
f 1480/1753/1554 1516/1787/1588 1517/1788/1589
f 1516/1787/1588 1480/1753/1554 1518/1754/1555
f 1518/1754/1555 1514/1786/1587 1516/1787/1588
f 1514/1786/1587 1518/1754/1555 1483/1755/1556
f 1483/1755/1556 1573/1785/1586 1514/1786/1587
f 1573/1785/1586 1483/1755/1556 1519/1756/1557
f 1519/1756/1557 1520/1789/1590 1573/1785/1586
f 1520/1789/1590 1519/1756/1557 1497/1757/1558
f 1497/1757/1558 1580/1790/1591 1520/1789/1590
f 1580/1790/1591 1497/1757/1558 1499/1772/1573
f 1499/1772/1573 1579/1791/1592 1580/1790/1591
f 1579/1791/1592 1499/1772/1573 1521/1773/1574
f 1521/1773/1574 1578/1792/1593 1579/1791/1592
f 1578/1792/1593 1521/1773/1574 1541/1793/1594
f 1541/1793/1594 1522/1794/1595 1578/1792/1593
f 1522/1794/1595 1541/1793/1594 1523/1795/1596
f 1522/1794/1595 1523/1795/1596 1542/1796/1597
f 1522/1794/1595 1542/1796/1597 1524/1797/1598
f 1524/1797/1598 1577/1798/1599 1522/1794/1595
f 1577/1798/1599 1524/1797/1598 1562/1799/1600
f 1562/1799/1600 1525/1800/1601 1577/1798/1599
f 1525/1800/1601 1562/1799/1600 1526/1801/1602
f 1526/1801/1602 1527/1802/1603 1525/1800/1601
f 1527/1802/1603 1526/1801/1602 1635/1803/1604
f 1635/1803/1604 1528/1804/1605 1527/1802/1603
f 1528/1804/1605 1635/1803/1604 1529/1805/1606
f 1529/1805/1606 1531/1806/1607 1528/1804/1605
f 1531/1806/1607 1529/1805/1606 1639/1807/1608
f 1531/1806/1607 1639/1807/1608 1530/1808/1609
f 1531/1806/1607 1530/1808/1609 1532/1809/1610
f 1532/1809/1610 1533/1810/1611 1531/1806/1607
f 1533/1810/1611 1532/1809/1610 1535/1811/1612
f 1535/1811/1612 1534/1781/1582 1533/1810/1611
f 1535/1811/1612 1536/1780/1581 1534/1781/1582
f 1536/1780/1581 1535/1811/1612 1546/1812/1613
f 1546/1812/1613 1506/1779/1580 1536/1780/1581
f 1506/1779/1580 1546/1812/1613 1537/1813/1614
f 1537/1813/1614 1505/1778/1579 1506/1779/1580
f 1505/1778/1579 1537/1813/1614 1555/1814/1615
f 1555/1814/1615 1504/1777/1578 1505/1778/1579
f 1504/1777/1578 1555/1814/1615 1554/1815/1616
f 1554/1815/1616 1503/1776/1577 1504/1777/1578
f 1503/1776/1577 1554/1815/1616 1538/1816/1617
f 1538/1816/1617 1501/1775/1576 1503/1776/1577
f 1538/1816/1617 1539/1774/1575 1501/1775/1576
f 1539/1774/1575 1538/1816/1617 1540/1817/1618
f 1540/1817/1618 1521/1773/1574 1539/1774/1575
f 1540/1817/1618 1541/1793/1594 1521/1773/1574
f 1541/1793/1594 1540/1817/1618 1553/1818/1619
f 1553/1818/1619 1523/1819/1596 1541/1793/1594
f 1553/1818/1619 1542/1820/1597 1523/1819/1596
f 1553/1818/1619 1622/1821/1620 1542/1820/1597
f 1622/1821/1620 1553/1818/1619 1552/1822/1621
f 1552/1822/1621 1620/1823/1622 1622/1821/1620
f 1620/1823/1622 1552/1822/1621 1550/1824/1623
f 1550/1824/1623 1660/1825/1624 1620/1823/1622
f 1660/1825/1624 1550/1824/1623 1543/1826/1625
f 1543/1826/1625 1544/1827/1626 1660/1825/1624
f 1544/1827/1626 1543/1826/1625 1547/1828/1627
f 1547/1828/1627 1567/1829/1628 1544/1827/1626
f 1567/1829/1628 1547/1828/1627 1545/1830/1629
f 1545/1830/1629 1638/1831/1630 1567/1829/1628
f 1545/1830/1629 1532/1809/1610 1638/1831/1630
f 1545/1830/1629 1535/1811/1612 1532/1809/1610
f 1545/1830/1629 1546/1812/1613 1535/1811/1612
f 1546/1812/1613 1545/1830/1629 1547/1828/1627
f 1547/1828/1627 1537/1813/1614 1546/1812/1613
f 1547/1828/1627 1548/1832/1631 1537/1813/1614
f 1548/1832/1631 1547/1828/1627 1543/1826/1625
f 1543/1826/1625 1549/1833/1632 1548/1832/1631
f 1549/1833/1632 1543/1826/1625 1550/1824/1623
f 1550/1824/1623 1551/1834/1633 1549/1833/1632
f 1551/1834/1633 1550/1824/1623 1552/1822/1621
f 1551/1834/1633 1552/1822/1621 1553/1818/1619
f 1551/1834/1633 1553/1818/1619 1540/1817/1618
f 1551/1834/1633 1540/1817/1618 1538/1816/1617
f 1538/1816/1617 1549/1833/1632 1551/1834/1633
f 1549/1833/1632 1538/1816/1617 1554/1815/1616
f 1554/1815/1616 1548/1832/1631 1549/1833/1632
f 1548/1832/1631 1554/1815/1616 1555/1814/1615
f 1555/1814/1615 1537/1813/1614 1548/1832/1631
f 1638/1831/1630 1532/1809/1610 1530/1835/1609
f 1530/1835/1609 1557/1836/1634 1638/1831/1630
f 1557/1836/1634 1530/1835/1609 1556/1837/1635
f 1556/1837/1635 1391/1838/1478 1557/1836/1634
f 1556/1837/1635 1558/1839/1480 1391/1838/1478
f 1556/1837/1635 1559/1840/1636 1558/1839/1480
f 1559/1840/1636 1556/1837/1635 1530/1808/1609
f 1559/1840/1636 1530/1808/1609 1639/1807/1608
f 1639/1807/1608 1560/1841/1637 1559/1840/1636
f 1560/1841/1637 1639/1807/1608 1529/1805/1606
f 1529/1805/1606 1570/1842/1486 1560/1841/1637
f 1570/1842/1486 1529/1805/1606 1635/1803/1604
f 1635/1803/1604 1561/1843/1488 1570/1842/1486
f 1561/1843/1488 1635/1803/1604 1526/1801/1602
f 1526/1801/1602 1396/1844/1490 1561/1843/1488
f 1396/1844/1490 1526/1801/1602 1562/1799/1600
f 1562/1799/1600 1563/1845/1491 1396/1844/1490
f 1563/1845/1491 1562/1799/1600 1524/1797/1598
f 1563/1845/1491 1524/1797/1598 1542/1796/1597
f 1563/1845/1491 1542/1796/1597 1565/1846/1638
f 1565/1846/1638 1564/1847/1440 1563/1845/1491
f 1565/1846/1638 1369/1848/1442 1564/1847/1440
f 1565/1846/1638 1371/1849/1444 1369/1848/1442
f 1565/1846/1638 1386/1850/1468 1371/1849/1444
f 1386/1850/1468 1565/1846/1638 1542/1820/1597
f 1386/1850/1468 1542/1820/1597 1622/1821/1620
f 1622/1821/1620 1388/1851/1470 1386/1850/1468
f 1388/1851/1470 1622/1821/1620 1620/1823/1622
f 1620/1823/1622 1566/1852/1472 1388/1851/1470
f 1566/1852/1472 1620/1823/1622 1660/1825/1624
f 1660/1825/1624 1390/1853/1474 1566/1852/1472
f 1390/1853/1474 1660/1825/1624 1544/1827/1626
f 1544/1827/1626 1568/1854/1639 1390/1853/1474
f 1568/1854/1639 1544/1827/1626 1567/1829/1628
f 1568/1854/1639 1567/1829/1628 1638/1831/1630
f 1568/1854/1639 1638/1831/1630 1557/1836/1634
f 1568/1854/1639 1557/1836/1634 1569/1855/1476
f 1569/1855/1476 1390/1853/1474 1568/1854/1639
f 1391/1838/1478 1569/1855/1476 1557/1836/1634
f 1560/1841/1637 1570/1842/1486 1571/1856/1484
f 1571/1856/1484 1559/1840/1636 1560/1841/1637
f 1559/1840/1636 1571/1856/1484 1572/1857/1482
f 1572/1857/1482 1558/1839/1480 1559/1840/1636
f 1520/1789/1590 1511/1784/1585 1573/1785/1586
f 1511/1784/1585 1520/1789/1590 1574/1858/1640
f 1574/1858/1640 1510/1783/1584 1511/1784/1585
f 1510/1783/1584 1574/1858/1640 1581/1859/1641
f 1581/1859/1641 1508/1782/1583 1510/1783/1584
f 1508/1782/1583 1581/1859/1641 1575/1860/1642
f 1575/1860/1642 1534/1781/1582 1508/1782/1583
f 1575/1860/1642 1533/1810/1611 1534/1781/1582
f 1575/1860/1642 1531/1806/1607 1533/1810/1611
f 1575/1860/1642 1528/1804/1605 1531/1806/1607
f 1528/1804/1605 1575/1860/1642 1576/1861/1643
f 1576/1861/1643 1527/1802/1603 1528/1804/1605
f 1527/1802/1603 1576/1861/1643 1583/1862/1644
f 1583/1862/1644 1525/1800/1601 1527/1802/1603
f 1525/1800/1601 1583/1862/1644 1584/1863/1645
f 1584/1863/1645 1577/1798/1599 1525/1800/1601
f 1584/1863/1645 1522/1794/1595 1577/1798/1599
f 1584/1863/1645 1578/1792/1593 1522/1794/1595
f 1578/1792/1593 1584/1863/1645 1585/1864/1646
f 1585/1864/1646 1579/1791/1592 1578/1792/1593
f 1585/1864/1646 1580/1790/1591 1579/1791/1592
f 1580/1790/1591 1585/1864/1646 1574/1858/1640
f 1574/1858/1640 1520/1789/1590 1580/1790/1591
f 1576/1861/1643 1575/1860/1642 1581/1859/1641
f 1581/1859/1641 1582/1865/1647 1576/1861/1643
f 1582/1865/1647 1581/1859/1641 1574/1858/1640
f 1582/1865/1647 1574/1858/1640 1585/1864/1646
f 1582/1865/1647 1585/1864/1646 1583/1862/1644
f 1583/1862/1644 1576/1861/1643 1582/1865/1647
f 1584/1863/1645 1583/1862/1644 1585/1864/1646
f 1251/1463/1281 1586/1465/1283 1490/1766/1567
f 1490/1766/1567 1587/1461/1279 1251/1463/1281
f 1587/1461/1279 1490/1766/1567 1588/1765/1566
f 1588/1765/1566 1249/1459/1277 1587/1461/1279
f 1589/1866/1648 1242/1446/1264 1244/1448/1266
f 1242/1446/1264 1589/1866/1648 1595/1867/1649
f 1595/1867/1649 1590/1444/1262 1242/1446/1264
f 1590/1444/1262 1595/1867/1649 1592/1868/1650
f 1592/1868/1650 1240/1442/1260 1590/1444/1262
f 1592/1868/1650 1591/1440/1258 1240/1442/1260
f 1592/1868/1650 1593/1438/1256 1591/1440/1258
f 1592/1868/1650 1594/1436/1254 1593/1438/1256
f 1594/1436/1254 1592/1868/1650 1595/1867/1649
f 1595/1867/1649 1596/1434/1252 1594/1436/1254
f 1596/1434/1252 1595/1867/1649 1589/1866/1648
f 1589/1866/1648 1597/1432/1250 1596/1434/1252
f 1597/1432/1250 1589/1866/1648 1604/1869/1651
f 1604/1869/1651 1236/1430/1248 1597/1432/1250
f 1236/1430/1248 1604/1869/1651 1602/1870/1652
f 1602/1870/1652 1598/1428/1246 1236/1430/1248
f 1598/1428/1246 1602/1870/1652 1601/1871/1653
f 1601/1871/1653 1234/1426/1244 1598/1428/1246
f 1234/1426/1244 1601/1871/1653 1599/1872/1654
f 1599/1872/1654 1232/1424/1242 1234/1426/1244
f 1599/1872/1654 1231/1422/1240 1232/1424/1242
f 1599/1872/1654 1230/1420/1238 1231/1422/1240
f 1599/1872/1654 1600/1418/1236 1230/1420/1238
f 1599/1872/1654 1228/1416/1234 1600/1418/1236
f 1228/1416/1234 1599/1872/1654 1601/1871/1653
f 1601/1871/1653 1226/1414/1232 1228/1416/1234
f 1226/1414/1232 1601/1871/1653 1602/1870/1652
f 1602/1870/1652 1603/1412/1230 1226/1414/1232
f 1603/1412/1230 1602/1870/1652 1604/1869/1651
f 1604/1869/1651 1605/1873/1655 1603/1412/1230
f 1605/1873/1655 1604/1869/1651 1589/1866/1648
f 1605/1873/1655 1589/1866/1648 1244/1448/1266
f 1605/1873/1655 1244/1448/1266 1611/1874/1656
f 1611/1874/1656 1603/1412/1230 1605/1873/1655
f 1611/1874/1656 1224/1410/1228 1603/1412/1230
f 1224/1410/1228 1611/1874/1656 1610/1875/1657
f 1610/1875/1657 1606/1408/1226 1224/1410/1228
f 1606/1408/1226 1610/1875/1657 1607/1876/1658
f 1607/1876/1658 1223/1405/1223 1606/1408/1226
f 1607/1876/1658 1222/1406/1224 1223/1405/1223
f 1607/1876/1658 1755/1877/1659 1222/1406/1224
f 1607/1876/1658 1608/1456/1274 1755/1877/1659
f 1607/1876/1658 1609/1454/1272 1608/1456/1274
f 1609/1454/1272 1607/1876/1658 1610/1875/1657
f 1610/1875/1657 1247/1452/1270 1609/1454/1272
f 1247/1452/1270 1610/1875/1657 1611/1874/1656
f 1611/1874/1656 1612/1450/1268 1247/1452/1270
f 1612/1450/1268 1611/1874/1656 1244/1448/1266
f 1613/1878/1660 1614/1879/1661 1615/1880/1662
f 1615/1880/1662 1647/1881/1663 1613/1878/1660
f 1615/1880/1662 1637/1882/1664 1647/1881/1663
f 1615/1880/1662 1638/1883/1630 1637/1882/1664
f 1638/1883/1630 1615/1880/1662 1614/1879/1661
f 1614/1879/1661 1567/1884/1628 1638/1883/1630
f 1567/1884/1628 1614/1879/1661 1616/1885/1665
f 1616/1885/1665 1544/1886/1626 1567/1884/1628
f 1544/1886/1626 1616/1885/1665 1617/1887/1666
f 1617/1887/1666 1660/1888/1624 1544/1886/1626
f 1660/1888/1624 1617/1887/1666 1618/1889/1377
f 1660/1888/1624 1618/1889/1377 1619/1890/1667
f 1619/1890/1667 1620/1891/1622 1660/1888/1624
f 1620/1891/1622 1619/1890/1667 1621/1892/1668
f 1621/1892/1668 1622/1893/1620 1620/1891/1622
f 1622/1893/1620 1621/1892/1668 1623/1894/1669
f 1623/1894/1669 1625/1895/1670 1622/1893/1620
f 1625/1895/1670 1623/1894/1669 1624/1896/1671
f 1625/1895/1670 1624/1896/1671 1626/1897/1672
f 1626/1897/1672 1627/1898/1673 1625/1895/1670
f 1627/1898/1673 1626/1897/1672 1628/1899/1674
f 1628/1899/1674 1629/1900/1675 1627/1898/1673
f 1629/1900/1675 1628/1899/1674 1630/1901/1676
f 1630/1901/1676 1636/1902/1677 1629/1900/1675
f 1636/1902/1677 1630/1901/1676 1631/1903/1678
f 1631/1903/1678 1632/1904/1679 1636/1902/1677
f 1632/1904/1679 1631/1903/1678 1633/1905/1680
f 1632/1904/1679 1633/1905/1680 1634/1906/1681
f 1632/1904/1679 1634/1906/1681 1643/1907/1682
f 1632/1904/1679 1643/1907/1682 1635/1908/1604
f 1632/1904/1679 1635/1908/1604 1526/1909/1602
f 1526/1909/1602 1636/1902/1677 1632/1904/1679
f 1636/1902/1677 1526/1909/1602 1562/1910/1600
f 1562/1910/1600 1629/1900/1675 1636/1902/1677
f 1629/1900/1675 1562/1910/1600 1524/1911/1598
f 1524/1911/1598 1627/1898/1673 1629/1900/1675
f 1627/1898/1673 1524/1911/1598 1542/1912/1597
f 1542/1912/1597 1625/1895/1670 1627/1898/1673
f 1625/1895/1670 1542/1912/1597 1622/1893/1620
f 1637/1882/1664 1638/1883/1630 1530/1913/1609
f 1530/1913/1609 1650/1914/1683 1637/1882/1664
f 1650/1914/1683 1530/1913/1609 1639/1915/1608
f 1639/1915/1608 1649/1916/1684 1650/1914/1683
f 1649/1916/1684 1639/1915/1608 1644/1917/1685
f 1644/1917/1685 1645/1918/1686 1649/1916/1684
f 1644/1917/1685 1640/1919/1687 1645/1918/1686
f 1640/1919/1687 1644/1917/1685 1642/1920/1688
f 1642/1920/1688 1641/1921/1689 1640/1919/1687
f 1642/1920/1688 1634/1906/1681 1641/1921/1689
f 1642/1920/1688 1643/1922/1682 1634/1906/1681
f 1642/1920/1688 1529/1923/1606 1643/1922/1682
f 1529/1923/1606 1642/1920/1688 1644/1917/1685
f 1644/1917/1685 1639/1915/1608 1529/1923/1606
f 1635/1908/1604 1643/1922/1682 1529/1923/1606
f 1645/1918/1686 1648/1924/1690 1649/1916/1684
f 1648/1924/1690 1645/1918/1686 1646/1925/1691
f 1648/1924/1690 1646/1925/1691 1647/1881/1663
f 1648/1924/1690 1647/1881/1663 1650/1914/1683
f 1650/1914/1683 1649/1916/1684 1648/1924/1690
f 1637/1882/1664 1650/1914/1683 1647/1881/1663
f 1651/1926/1692 1656/1927/1693 1652/1928/1694
f 1652/1928/1694 1653/1929/1695 1651/1926/1692
f 1652/1928/1694 1654/1930/1375 1653/1929/1695
f 1652/1928/1694 1618/1931/1377 1654/1930/1375
f 1652/1928/1694 1655/1932/1696 1618/1931/1377
f 1655/1932/1696 1652/1928/1694 1656/1927/1693
f 1656/1927/1693 1657/1933/1697 1655/1932/1696
f 1658/1934/1698 1618/1931/1377 1655/1932/1696
f 1660/1935/1624 1662/1936/1699 1665/1937/1700
f 1665/1937/1700 1659/1938/1701 1660/1935/1624
f 1659/1938/1701 1665/1937/1700 1663/1939/1702
f 1663/1939/1702 1660/1935/1624 1659/1938/1701
f 1660/1935/1624 1663/1939/1702 1661/1940/1703
f 1661/1940/1703 1662/1936/1699 1660/1935/1624
f 1661/1940/1703 1666/1941/1704 1662/1936/1699
f 1666/1941/1704 1661/1940/1703 1663/1939/1702
f 1663/1939/1702 1664/1942/1705 1666/1941/1704
f 1664/1942/1705 1663/1939/1702 1665/1937/1700
f 1665/1937/1700 1666/1941/1704 1664/1942/1705
f 1666/1941/1704 1665/1937/1700 1662/1936/1699
f 1667/1943/1706 1700/1944/1707 1668/1945/1708
f 1700/1944/1707 1667/1943/1706 1698/1946/1709
f 1698/1946/1709 1669/1947/1710 1700/1944/1707
f 1669/1947/1710 1698/1946/1709 1670/1948/1711
f 1670/1948/1711 1671/1949/1712 1669/1947/1710
f 1671/1949/1712 1670/1948/1711 1695/1950/1713
f 1671/1949/1712 1695/1950/1713 1672/1951/1714
f 1671/1949/1712 1672/1951/1714 1673/1952/1715
f 1673/1952/1715 1713/1953/1716 1671/1949/1712
f 1713/1953/1716 1673/1952/1715 1674/1954/1717
f 1674/1954/1717 1714/1955/1718 1713/1953/1716
f 1674/1954/1717 2023/1956/1719 1714/1955/1718
f 1674/1954/1717 1675/1957/1720 2023/1956/1719
f 1675/1957/1720 1674/1954/1717 1749/1958/1721
f 1749/1958/1721 1676/1959/1722 1675/1957/1720
f 1676/1959/1722 1749/1958/1721 1677/1960/1723
f 1677/1960/1723 1732/1961/1724 1676/1959/1722
f 1732/1961/1724 1677/1960/1723 1678/1962/1725
f 1678/1962/1725 1679/1963/1726 1732/1961/1724
f 1679/1963/1726 1678/1962/1725 1685/1964/1727
f 1679/1963/1726 1685/1964/1727 1684/1965/1728
f 1684/1965/1728 1732/1961/1724 1679/1963/1726
f 1684/1965/1728 1738/1966/1729 1732/1961/1724
f 1738/1966/1729 1684/1965/1728 1683/1967/1730
f 1683/1967/1730 1680/1968/1731 1738/1966/1729
f 1680/1968/1731 1683/1967/1730 1682/1969/1732
f 1682/1969/1732 1681/1970/1733 1680/1968/1731
f 1682/1969/1732 1737/1971/1734 1681/1970/1733
f 1682/1969/1732 1688/1972/1735 1737/1971/1734
f 1688/1972/1735 1682/1969/1732 1683/1967/1730
f 1683/1967/1730 1686/1973/1736 1688/1972/1735
f 1686/1973/1736 1683/1967/1730 1684/1965/1728
f 1686/1973/1736 1684/1965/1728 1685/1964/1727
f 1686/1973/1736 1685/1964/1727 1687/1974/1737
f 1687/1974/1737 1688/1972/1735 1686/1973/1736
f 1688/1972/1735 1687/1974/1737 1689/1975/1738
f 1689/1975/1738 1737/1971/1734 1688/1972/1735
f 1685/1964/1727 1690/1976/1739 1687/1974/1737
f 1690/1976/1739 1685/1964/1727 1751/1977/1740
f 1751/1977/1740 1691/1978/1741 1690/1976/1739
f 1751/1977/1740 1727/1979/1742 1691/1978/1741
f 1751/1977/1740 1692/1980/1743 1727/1979/1742
f 1692/1980/1743 1751/1977/1740 1693/1981/1744
f 1693/1981/1744 1766/1982/1745 1692/1980/1743
f 1766/1982/1745 1693/1981/1744 1747/1983/1746
f 1747/1983/1746 1762/1984/1747 1766/1982/1745
f 1747/1983/1746 1694/1985/1748 1762/1984/1747
f 1694/1985/1748 1747/1983/1746 1672/1951/1714
f 1694/1985/1748 1672/1951/1714 1695/1950/1713
f 1695/1950/1713 1696/1986/1749 1694/1985/1748
f 1696/1986/1749 1695/1950/1713 1670/1948/1711
f 1670/1948/1711 1697/1987/1750 1696/1986/1749
f 1697/1987/1750 1670/1948/1711 1698/1946/1709
f 1698/1946/1709 1699/1988/1751 1697/1987/1750
f 1699/1988/1751 1698/1946/1709 1667/1943/1706
f 1699/1988/1751 1667/1943/1706 1668/1989/1708
f 1699/1988/1751 1668/1989/1708 1700/1990/1707
f 1699/1988/1751 1700/1990/1707 1669/1991/1710
f 1669/1991/1710 1697/1987/1750 1699/1988/1751
f 1697/1987/1750 1669/1991/1710 1671/1992/1712
f 1671/1992/1712 1696/1986/1749 1697/1987/1750
f 1671/1992/1712 1701/1993/1752 1696/1986/1749
f 1671/1992/1712 1705/1994/1753 1701/1993/1752
f 1705/1994/1753 1671/1992/1712 1669/1995/1710
f 1669/1995/1710 1704/1996/1754 1705/1994/1753
f 1704/1996/1754 1669/1995/1710 1700/1997/1707
f 1700/1997/1707 1703/1998/1755 1704/1996/1754
f 1703/1998/1755 1700/1997/1707 1723/1999/1756
f 1703/1998/1755 1723/1999/1756 1702/2000/1757
f 1703/1998/1755 1702/2000/1757 1712/2001/1758
f 1712/2001/1758 1704/1996/1754 1703/1998/1755
f 1704/1996/1754 1712/2001/1758 1707/2002/1759
f 1707/2002/1759 1705/1994/1753 1704/1996/1754
f 1705/1994/1753 1707/2002/1759 1713/2003/1716
f 1713/2003/1716 1701/1993/1752 1705/1994/1753
f 1713/2003/1716 1721/2004/1760 1701/1993/1752
f 1713/2003/1716 1706/2005/1761 1721/2004/1760
f 1706/2005/1761 1713/2003/1716 1707/2006/1759
f 1706/2005/1761 1707/2006/1759 1708/2007/1762
f 1708/2007/1762 1714/2008/1718 1706/2005/1761
f 1708/2007/1762 1715/2009/1763 1714/2008/1718
f 1715/2009/1763 1708/2007/1762 1709/2010/1764
f 1709/2010/1764 1716/2011/1765 1715/2009/1763
f 1709/2010/1764 1717/2012/1766 1716/2011/1765
f 1709/2010/1764 1711/2013/1767 1717/2012/1766
f 1709/2010/1764 1712/2014/1758 1711/2013/1767
f 1712/2014/1758 1709/2010/1764 1708/2007/1762
f 1708/2007/1762 1707/2006/1759 1712/2014/1758
f 1710/2015/1768 1711/2013/1767 1712/2014/1758
f 1713/1953/1716 1714/1955/1718 1715/2016/1763
f 1715/2016/1763 1707/2017/1759 1713/1953/1716
f 1707/2017/1759 1715/2016/1763 1716/2018/1765
f 1716/2018/1765 1712/2019/1758 1707/2017/1759
f 1712/2019/1758 1716/2018/1765 1717/2020/1766
f 1717/2020/1766 1710/2021/1768 1712/2019/1758
f 1710/2021/1768 1717/2020/1766 1718/2022/1769
f 1718/2022/1769 1711/2023/1767 1710/2021/1768
f 1711/2023/1767 1718/2022/1769 1717/2020/1766
f 1762/1984/1747 1719/2024/1770 1761/2025/1771
f 1719/2024/1770 1762/1984/1747 1694/1985/1748
f 1694/1985/1748 1742/2026/1772 1719/2024/1770
f 1742/2026/1772 1694/1985/1748 1696/1986/1749
f 1696/1986/1749 1720/2027/1773 1742/2026/1772
f 1720/2027/1773 1696/1986/1749 1701/1993/1752
f 1701/1993/1752 1740/2028/1774 1720/2027/1773
f 1740/2028/1774 1701/1993/1752 1721/2004/1760
f 1721/2004/1760 1730/2029/1775 1740/2028/1774
f 1730/2029/1775 1721/2004/1760 1706/2005/1761
f 1730/2029/1775 1706/2005/1761 1714/2008/1718
f 1730/2029/1775 1714/2008/1718 2033/2030/1776
f 2033/2030/1776 1722/2031/1777 1730/2029/1775
f 1722/2031/1777 2033/2030/1776 2042/2032/1778
f 2042/2032/1778 2045/2033/1779 1722/2031/1777
f 1702/2034/1757 1723/2035/1756 1700/2036/1707
f 1700/2036/1707 1712/2037/1758 1702/2034/1757
f 1712/2037/1758 1700/2036/1707 1669/2038/1710
f 1669/2038/1710 1707/2039/1759 1712/2037/1758
f 1707/2039/1759 1669/2038/1710 1671/2040/1712
f 1671/2040/1712 1713/1953/1716 1707/2039/1759
f 1740/2028/1774 1730/2029/1775 1724/2041/1780
f 1724/2041/1780 1725/2042/1781 1740/2028/1774
f 1725/2042/1781 1724/2041/1780 1726/2043/1782
f 1726/2043/1782 1739/2044/1783 1725/2042/1781
f 1726/2043/1782 1727/2045/1742 1739/2044/1783
f 1726/2043/1782 1691/2046/1741 1727/2045/1742
f 1726/2043/1782 1690/2047/1739 1691/2046/1741
f 1726/2043/1782 1734/2048/1784 1690/2047/1739
f 1726/2043/1782 1733/2049/1785 1734/2048/1784
f 1726/2043/1782 1728/2050/1786 1733/2049/1785
f 1728/2050/1786 1726/2043/1782 1724/2041/1780
f 1724/2041/1780 1731/2051/1787 1728/2050/1786
f 1724/2041/1780 1729/2052/1788 1731/2051/1787
f 1729/2052/1788 1724/2041/1780 1730/2029/1775
f 1729/2052/1788 1730/2029/1775 1722/2031/1777
f 1722/2031/1777 1731/2051/1787 1729/2052/1788
f 1731/2051/1787 1722/2031/1777 2044/2053/1789
f 1731/2051/1787 2044/2053/1789 2023/2054/1719
f 1731/2051/1787 2023/2054/1719 1675/2055/1720
f 1675/2055/1720 1728/2050/1786 1731/2051/1787
f 1728/2050/1786 1675/2055/1720 1676/2056/1722
f 1676/2056/1722 1733/2049/1785 1728/2050/1786
f 1733/2049/1785 1676/2056/1722 1732/2057/1724
f 1733/2049/1785 1732/2057/1724 1738/2058/1729
f 1738/2058/1729 1734/2048/1784 1733/2049/1785
f 1734/2048/1784 1738/2058/1729 1735/2059/1790
f 1735/2059/1790 1690/2047/1739 1734/2048/1784
f 1735/2059/1790 1687/2060/1737 1690/2047/1739
f 1687/2060/1737 1735/2059/1790 1736/2061/1791
f 1736/2061/1791 1689/2062/1738 1687/2060/1737
f 1736/2061/1791 1737/2063/1734 1689/2062/1738
f 1736/2061/1791 1680/2064/1731 1737/2063/1734
f 1680/2064/1731 1736/2061/1791 1735/2059/1790
f 1735/2059/1790 1738/2058/1729 1680/2064/1731
f 1681/2065/1733 1737/2063/1734 1680/2064/1731
f 1770/2066/1792 1725/2042/1781 1739/2044/1783
f 1725/2042/1781 1770/2066/1792 1744/2067/1793
f 1744/2067/1793 1740/2028/1774 1725/2042/1781
f 1740/2028/1774 1744/2067/1793 1741/2068/1794
f 1741/2068/1794 1720/2027/1773 1740/2028/1774
f 1741/2068/1794 1742/2026/1772 1720/2027/1773
f 1741/2068/1794 1719/2024/1770 1742/2026/1772
f 1741/2068/1794 1743/2069/1795 1719/2024/1770
f 1743/2069/1795 1741/2068/1794 1744/2067/1793
f 1744/2067/1793 1745/2070/1796 1743/2069/1795
f 1745/2070/1796 1744/2067/1793 1770/2066/1792
f 1693/1981/1744 1751/1977/1740 1746/2071/1797
f 1746/2071/1797 1747/1983/1746 1693/1981/1744
f 1747/1983/1746 1746/2071/1797 1748/2072/1798
f 1748/2072/1798 1672/1951/1714 1747/1983/1746
f 1748/2072/1798 1673/1952/1715 1672/1951/1714
f 1748/2072/1798 1674/1954/1717 1673/1952/1715
f 1748/2072/1798 1749/1958/1721 1674/1954/1717
f 1749/1958/1721 1748/2072/1798 1752/2073/1799
f 1752/2073/1799 1677/1960/1723 1749/1958/1721
f 1677/1960/1723 1752/2073/1799 1750/2074/1800
f 1750/2074/1800 1678/1962/1725 1677/1960/1723
f 1750/2074/1800 1685/1964/1727 1678/1962/1725
f 1750/2074/1800 1751/1977/1740 1685/1964/1727
f 1750/2074/1800 1746/2071/1797 1751/1977/1740
f 1746/2071/1797 1750/2074/1800 1752/2073/1799
f 1752/2073/1799 1748/2072/1798 1746/2071/1797
f 1980/2075/1801 1979/2076/1802 1959/2077/1803
f 1979/2076/1802 1980/2075/1801 1778/2078/1804
f 1778/2078/1804 1779/2079/1805 1979/2076/1802
f 1779/2079/1805 1778/2078/1804 1945/2080/1806
f 1787/2081/1807 2048/2082/1808 1780/2083/1809
f 1780/2083/1809 1781/2084/1810 1787/2081/1807
f 1781/2084/1810 1780/2083/1809 2046/2085/1811
f 2046/2085/1811 1785/2086/1812 1781/2084/1810
f 1785/2086/1812 2046/2085/1811 2047/2087/1813
f 2047/2087/1813 1784/2088/1814 1785/2086/1812
f 1784/2088/1814 2047/2087/1813 2051/2089/1815
f 1784/2088/1814 2051/2089/1815 1782/2090/1816
f 1784/2088/1814 1782/2090/1816 1783/2091/1817
f 1784/2088/1814 1783/2091/1817 1337/1562/1378
f 1784/2088/1814 1337/1562/1378 1327/1565/1381
f 1327/1565/1381 1785/2086/1812 1784/2088/1814
f 1785/2086/1812 1327/1565/1381 1329/1567/1383
f 1329/1567/1383 1781/2084/1810 1785/2086/1812
f 1781/2084/1810 1329/1567/1383 1330/1569/1385
f 1330/1569/1385 1787/2081/1807 1781/2084/1810
f 1787/2081/1807 1330/1569/1385 1786/1571/1387
f 1787/2081/1807 1786/1571/1387 1792/2092/1818
f 1792/2092/1818 2048/2082/1808 1787/2081/1807
f 1792/2092/1818 1788/2093/1819 2048/2082/1808
f 1792/2092/1818 2049/2094/1820 1788/2093/1819
f 2049/2094/1820 1792/2092/1818 1789/2095/1821
f 1789/2095/1821 1790/2096/1822 2049/2094/1820
f 1790/2096/1822 1789/2095/1821 1791/2097/1823
f 1791/2097/1823 2050/2098/1824 1790/2096/1822
f 1791/2097/1823 1782/2099/1816 2050/2098/1824
f 1791/2097/1823 1783/2100/1817 1782/2099/1816
f 1791/2097/1823 1337/1579/1378 1783/2100/1817
f 1791/2097/1823 1335/1577/1393 1337/1579/1378
f 1335/1577/1393 1791/2097/1823 1789/2095/1821
f 1789/2095/1821 1333/1575/1391 1335/1577/1393
f 1333/1575/1391 1789/2095/1821 1792/2092/1818
f 1792/2092/1818 1793/1573/1389 1333/1575/1391
f 1793/1573/1389 1792/2092/1818 1786/1571/1387
f 1794/2101/1825 1802/2102/1826 1336/1578/1379
f 1336/1578/1379 1795/2103/1827 1794/2101/1825
f 1795/2103/1827 1336/1578/1379 1334/1576/1392
f 1334/1576/1392 1796/2104/1828 1795/2103/1827
f 1796/2104/1828 1334/1576/1392 1332/1574/1390
f 1332/1574/1390 1797/2105/1829 1796/2104/1828
f 1797/2105/1829 1332/1574/1390 1331/1572/1388
f 1331/1572/1388 1819/2106/1830 1797/2105/1829
f 1819/2106/1830 1331/1572/1388 1798/1570/1386
f 1798/1570/1386 1799/2107/1831 1819/2106/1830
f 1799/2107/1831 1798/1570/1386 1800/1568/1384
f 1800/1568/1384 1836/2108/1832 1799/2107/1831
f 1836/2108/1832 1800/1568/1384 1328/1566/1382
f 1328/1566/1382 1801/2109/1833 1836/2108/1832
f 1801/2109/1833 1328/1566/1382 1326/1564/1380
f 1801/2109/1833 1326/1564/1380 1336/1563/1379
f 1801/2109/1833 1336/1563/1379 1802/2110/1826
f 1802/2110/1826 1838/2111/1834 1801/2109/1833
f 1838/2111/1834 1802/2110/1826 1821/2112/1835
f 1821/2112/1835 1839/2113/1836 1838/2111/1834
f 1839/2113/1836 1821/2112/1835 1803/2114/1837
f 1803/2114/1837 1841/2115/1838 1839/2113/1836
f 1841/2115/1838 1803/2114/1837 1804/2116/1839
f 1804/2116/1839 1806/2117/1840 1841/2115/1838
f 1806/2117/1840 1804/2116/1839 1805/2118/1841
f 1806/2117/1840 1805/2118/1841 1823/2119/1430
f 1806/2117/1840 1823/2119/1430 1363/1743/1431
f 1806/2117/1840 1363/1743/1431 1464/1742/1545
f 1806/2117/1840 1464/1742/1545 1462/1593/1407
f 1806/2117/1840 1462/1593/1407 1807/1592/1406
f 1807/1592/1406 1841/2115/1838 1806/2117/1840
f 1807/1592/1406 1808/2120/1842 1841/2115/1838
f 1808/2120/1842 1807/1592/1406 1809/1591/1405
f 1809/1591/1405 1810/2121/1843 1808/2120/1842
f 1810/2121/1843 1809/1591/1405 1347/1590/1404
f 1347/1590/1404 1811/2122/1844 1810/2121/1843
f 1347/1590/1404 1812/2123/1845 1811/2122/1844
f 1812/2123/1845 1347/1590/1404 1346/1586/1400
f 1812/2123/1845 1346/1586/1400 1813/1584/1398
f 1812/2123/1845 1813/1584/1398 1814/1583/1397
f 1812/2123/1845 1814/1583/1397 1815/1604/1418
f 1812/2123/1845 1815/1604/1418 1816/2124/1846
f 1816/2124/1846 1811/2122/1844 1812/2123/1845
f 1811/2122/1844 1816/2124/1846 1817/2125/1847
f 1817/2125/1847 1818/2126/1848 1811/2122/1844
f 1818/2126/1848 1817/2125/1847 1820/2127/1849
f 1820/2127/1849 1819/2106/1830 1818/2126/1848
f 1820/2127/1849 1797/2105/1829 1819/2106/1830
f 1797/2105/1829 1820/2127/1849 1829/2128/1850
f 1829/2128/1850 1796/2104/1828 1797/2105/1829
f 1796/2104/1828 1829/2128/1850 1830/2129/1851
f 1830/2129/1851 1795/2103/1827 1796/2104/1828
f 1795/2103/1827 1830/2129/1851 1831/2130/1852
f 1831/2130/1852 1794/2101/1825 1795/2103/1827
f 1831/2130/1852 1802/2102/1826 1794/2101/1825
f 1831/2130/1852 1821/2131/1835 1802/2102/1826
f 1821/2131/1835 1831/2130/1852 1822/2132/1853
f 1822/2132/1853 1803/2133/1837 1821/2131/1835
f 1822/2132/1853 1804/2134/1839 1803/2133/1837
f 1822/2132/1853 1805/2135/1841 1804/2134/1839
f 1805/2135/1841 1822/2132/1853 1832/2136/1854
f 1832/2136/1854 1823/1616/1430 1805/2135/1841
f 1832/2136/1854 1824/1615/1429 1823/1616/1430
f 1824/1615/1429 1832/2136/1854 1834/2137/1855
f 1834/2137/1855 1361/1613/1427 1824/1615/1429
f 1834/2137/1855 1825/1609/1423 1361/1613/1427
f 1834/2137/1855 1358/1608/1422 1825/1609/1423
f 1358/1608/1422 1834/2137/1855 1826/2138/1856
f 1826/2138/1856 1356/1607/1421 1358/1608/1422
f 1356/1607/1421 1826/2138/1856 1835/2139/1857
f 1835/2139/1857 1827/1606/1420 1356/1607/1421
f 1827/1606/1420 1835/2139/1857 1816/2124/1846
f 1816/2124/1846 1815/1604/1418 1827/1606/1420
f 1816/2124/1846 1835/2139/1857 1828/2140/1858
f 1828/2140/1858 1817/2125/1847 1816/2124/1846
f 1828/2140/1858 1820/2127/1849 1817/2125/1847
f 1828/2140/1858 1829/2128/1850 1820/2127/1849
f 1829/2128/1850 1828/2140/1858 1833/2141/1859
f 1833/2141/1859 1830/2129/1851 1829/2128/1850
f 1833/2141/1859 1831/2130/1852 1830/2129/1851
f 1833/2141/1859 1822/2132/1853 1831/2130/1852
f 1833/2141/1859 1832/2136/1854 1822/2132/1853
f 1833/2141/1859 1834/2137/1855 1832/2136/1854
f 1833/2141/1859 1826/2138/1856 1834/2137/1855
f 1826/2138/1856 1833/2141/1859 1828/2140/1858
f 1828/2140/1858 1835/2139/1857 1826/2138/1856
f 1818/2126/1848 1819/2106/1830 1799/2107/1831
f 1799/2107/1831 1843/2142/1860 1818/2126/1848
f 1843/2142/1860 1799/2107/1831 1836/2108/1832
f 1836/2108/1832 1837/2143/1861 1843/2142/1860
f 1837/2143/1861 1836/2108/1832 1801/2109/1833
f 1837/2143/1861 1801/2109/1833 1838/2111/1834
f 1838/2111/1834 1840/2144/1862 1837/2143/1861
f 1840/2144/1862 1838/2111/1834 1839/2113/1836
f 1840/2144/1862 1839/2113/1836 1841/2115/1838
f 1840/2144/1862 1841/2115/1838 1808/2120/1842
f 1808/2120/1842 1842/2145/1863 1840/2144/1862
f 1842/2145/1863 1808/2120/1842 1810/2121/1843
f 1842/2145/1863 1810/2121/1843 1811/2122/1844
f 1842/2145/1863 1811/2122/1844 1818/2126/1848
f 1842/2145/1863 1818/2126/1848 1843/2142/1860
f 1843/2142/1860 1840/2144/1862 1842/2145/1863
f 1840/2144/1862 1843/2142/1860 1837/2143/1861
f 1877/2146/1864 1844/2147/1865 1845/2148/1866
f 1845/2148/1866 1847/2149/1867 1877/2146/1864
f 1847/2149/1867 1845/2148/1866 1846/2150/1868
f 1847/2149/1867 1846/2150/1868 2054/2151/1869
f 2054/2151/1869 1879/2152/1870 1847/2149/1867
f 1879/2152/1870 2054/2151/1869 1848/2153/1871
f 1848/2153/1871 1850/2154/1872 1879/2152/1870
f 1850/2154/1872 1848/2153/1871 2055/2155/1873
f 1850/2154/1872 2055/2155/1873 1849/2156/1874
f 1850/2154/1872 1849/2156/1874 1851/2157/1875
f 1851/2157/1875 1852/2158/1876 1850/2154/1872
f 1852/2158/1876 1851/2157/1875 1874/2159/1877
f 1874/2159/1877 1881/2160/1878 1852/2158/1876
f 1881/2160/1878 1874/2159/1877 1873/2161/1879
f 1873/2161/1879 1900/2162/1880 1881/2160/1878
f 1900/2162/1880 1873/2161/1879 1853/2163/1881
f 1853/2163/1881 1854/2164/1882 1900/2162/1880
f 1854/2164/1882 1853/2163/1881 1855/2165/1883
f 1855/2165/1883 1856/2166/1884 1854/2164/1882
f 1856/2166/1884 1855/2165/1883 1872/2167/1885
f 1856/2166/1884 1872/2167/1885 1857/2168/1886
f 1856/2166/1884 1857/2168/1886 1858/2169/1887
f 1858/2169/1887 1860/2170/1888 1856/2166/1884
f 1860/2170/1888 1858/2169/1887 1859/1642/1456
f 1860/2170/1888 1859/1642/1456 1378/1643/1457
f 1378/1643/1457 1898/2171/1889 1860/2170/1888
f 1898/2171/1889 1378/1643/1457 1379/1645/1459
f 1898/2171/1889 1379/1645/1459 1861/1646/1460
f 1898/2171/1889 1861/1646/1460 1862/1719/1525
f 1862/1719/1525 1897/2172/1890 1898/2171/1889
f 1897/2172/1890 1862/1719/1525 1432/1720/1526
f 1432/1720/1526 1896/2173/1891 1897/2172/1890
f 1896/2173/1891 1432/1720/1526 1433/1721/1527
f 1433/1721/1527 1865/2174/1892 1896/2173/1891
f 1865/2174/1892 1433/1721/1527 1434/1722/1528
f 1434/1722/1528 1863/2175/1893 1865/2174/1892
f 1863/2175/1893 1434/1722/1528 1436/1723/1529
f 1863/2175/1893 1436/1723/1529 1864/1725/1531
f 1863/2175/1893 1864/1725/1531 1437/1727/1533
f 1863/2175/1893 1437/1727/1533 1438/1729/1535
f 1438/1729/1535 1865/2174/1892 1863/2175/1893
f 1438/1729/1535 1895/2176/1894 1865/2174/1892
f 1895/2176/1894 1438/1729/1535 1439/1730/1536
f 1439/1730/1536 1866/2177/1895 1895/2176/1894
f 1866/2177/1895 1439/1730/1536 1440/1731/1537
f 1440/1731/1537 1870/2178/1896 1866/2177/1895
f 1440/1731/1537 1868/2179/1897 1870/2178/1896
f 1868/2179/1897 1440/1731/1537 1442/1732/1538
f 1868/2179/1897 1442/1732/1538 1444/1704/1510
f 1868/2179/1897 1444/1704/1510 1867/1703/1455
f 1868/2179/1897 1867/1703/1455 1859/2180/1456
f 1868/2179/1897 1859/2180/1456 1858/2181/1887
f 1868/2179/1897 1858/2181/1887 1857/2182/1886
f 1868/2179/1897 1857/2182/1886 1869/2183/1898
f 1869/2183/1898 1870/2178/1896 1868/2179/1897
f 1869/2183/1898 1871/2184/1899 1870/2178/1896
f 1871/2184/1899 1869/2183/1898 1857/2182/1886
f 1871/2184/1899 1857/2182/1886 1872/2185/1885
f 1872/2185/1885 1893/2186/1900 1871/2184/1899
f 1893/2186/1900 1872/2185/1885 1855/2187/1883
f 1855/2187/1883 1891/2188/1901 1893/2186/1900
f 1891/2188/1901 1855/2187/1883 1853/2189/1881
f 1853/2189/1881 1889/2190/1902 1891/2188/1901
f 1889/2190/1902 1853/2189/1881 1873/2191/1879
f 1873/2191/1879 1888/2192/1903 1889/2190/1902
f 1888/2192/1903 1873/2191/1879 1874/2193/1877
f 1874/2193/1877 1887/2194/1904 1888/2192/1903
f 1887/2194/1904 1874/2193/1877 1851/2195/1875
f 1887/2194/1904 1851/2195/1875 1849/2196/1874
f 1887/2194/1904 1849/2196/1874 2052/2197/1905
f 2052/2197/1905 1886/2198/1906 1887/2194/1904
f 1886/2198/1906 2052/2197/1905 1875/2199/1907
f 1875/2199/1907 1876/2200/1908 1886/2198/1906
f 1876/2200/1908 1875/2199/1907 2053/2201/1909
f 1876/2200/1908 2053/2201/1909 1844/2147/1865
f 1876/2200/1908 1844/2147/1865 1877/2146/1864
f 1877/2146/1864 1878/2202/1910 1876/2200/1908
f 1878/2202/1910 1877/2146/1864 1847/2149/1867
f 1847/2149/1867 1883/2203/1911 1878/2202/1910
f 1883/2203/1911 1847/2149/1867 1879/2152/1870
f 1879/2152/1870 1880/2204/1912 1883/2203/1911
f 1880/2204/1912 1879/2152/1870 1850/2154/1872
f 1880/2204/1912 1850/2154/1872 1852/2158/1876
f 1880/2204/1912 1852/2158/1876 1881/2160/1878
f 1880/2204/1912 1881/2160/1878 1882/2205/1913
f 1882/2205/1913 1883/2203/1911 1880/2204/1912
f 1883/2203/1911 1882/2205/1913 1884/2206/1914
f 1884/2206/1914 1878/2202/1910 1883/2203/1911
f 1878/2202/1910 1884/2206/1914 1885/2207/1915
f 1878/2202/1910 1885/2207/1915 1905/2208/1916
f 1905/2208/1916 1876/2200/1908 1878/2202/1910
f 1876/2200/1908 1905/2208/1916 1906/2209/1917
f 1906/2209/1917 1886/2198/1906 1876/2200/1908
f 1906/2209/1917 1887/2194/1904 1886/2198/1906
f 1906/2209/1917 1888/2192/1903 1887/2194/1904
f 1888/2192/1903 1906/2209/1917 1911/2210/1918
f 1911/2210/1918 1889/2190/1902 1888/2192/1903
f 1889/2190/1902 1911/2210/1918 1890/2211/1919
f 1890/2211/1919 1891/2188/1901 1889/2190/1902
f 1891/2188/1901 1890/2211/1919 1892/2212/1920
f 1892/2212/1920 1893/2186/1900 1891/2188/1901
f 1893/2186/1900 1892/2212/1920 1894/2213/1921
f 1894/2213/1921 1871/2184/1899 1893/2186/1900
f 1894/2213/1921 1870/2178/1896 1871/2184/1899
f 1870/2178/1896 1894/2213/1921 1908/2214/1922
f 1908/2214/1922 1866/2177/1895 1870/2178/1896
f 1866/2177/1895 1908/2214/1922 1907/2215/1923
f 1907/2215/1923 1895/2176/1894 1866/2177/1895
f 1895/2176/1894 1907/2215/1923 1913/2216/1924
f 1913/2216/1924 1865/2174/1892 1895/2176/1894
f 1865/2174/1892 1913/2216/1924 1914/2217/1925
f 1914/2217/1925 1896/2173/1891 1865/2174/1892
f 1896/2173/1891 1914/2217/1925 1899/2218/1926
f 1899/2218/1926 1897/2172/1890 1896/2173/1891
f 1899/2218/1926 1898/2171/1889 1897/2172/1890
f 1899/2218/1926 1860/2170/1888 1898/2171/1889
f 1899/2218/1926 1856/2166/1884 1860/2170/1888
f 1856/2166/1884 1899/2218/1926 1917/2219/1927
f 1917/2219/1927 1854/2164/1882 1856/2166/1884
f 1854/2164/1882 1917/2219/1927 1916/2220/1928
f 1916/2220/1928 1900/2162/1880 1854/2164/1882
f 1916/2220/1928 1881/2160/1878 1900/2162/1880
f 1881/2160/1878 1916/2220/1928 1901/2221/1929
f 1901/2221/1929 1882/2205/1913 1881/2160/1878
f 1882/2205/1913 1901/2221/1929 1902/2222/1930
f 1902/2222/1930 1884/2206/1914 1882/2205/1913
f 1884/2206/1914 1902/2222/1930 1903/2223/1931
f 1903/2223/1931 1885/2207/1915 1884/2206/1914
f 1885/2207/1915 1903/2223/1931 1904/2224/1932
f 1904/2224/1932 1905/2208/1916 1885/2207/1915
f 1904/2224/1932 1906/2209/1917 1905/2208/1916
f 1904/2224/1932 1911/2210/1918 1906/2209/1917
f 1904/2224/1932 1910/2225/1933 1911/2210/1918
f 1910/2225/1933 1904/2224/1932 1903/2223/1931
f 1903/2223/1931 1909/2226/1934 1910/2225/1933
f 1909/2226/1934 1903/2223/1931 1907/2215/1923
f 1909/2226/1934 1907/2215/1923 1908/2214/1922
f 1909/2226/1934 1908/2214/1922 1894/2213/1921
f 1909/2226/1934 1894/2213/1921 1892/2212/1920
f 1892/2212/1920 1910/2225/1933 1909/2226/1934
f 1910/2225/1933 1892/2212/1920 1890/2211/1919
f 1890/2211/1919 1911/2210/1918 1910/2225/1933
f 1903/2223/1931 1902/2222/1930 1912/2227/1935
f 1912/2227/1935 1907/2215/1923 1903/2223/1931
f 1912/2227/1935 1913/2216/1924 1907/2215/1923
f 1913/2216/1924 1912/2227/1935 1915/2228/1936
f 1915/2228/1936 1914/2217/1925 1913/2216/1924
f 1915/2228/1936 1899/2218/1926 1914/2217/1925
f 1915/2228/1936 1917/2219/1927 1899/2218/1926
f 1915/2228/1936 1901/2221/1929 1917/2219/1927
f 1901/2221/1929 1915/2228/1936 1912/2227/1935
f 1912/2227/1935 1902/2222/1930 1901/2221/1929
f 1916/2220/1928 1917/2219/1927 1901/2221/1929
f 1993/2229/1937 1923/2230/1938 1992/2231/1939
f 1923/2230/1938 1993/2229/1937 1994/2232/1940
f 1994/2232/1940 1918/2233/1941 1923/2230/1938
f 1918/2233/1941 1994/2232/1940 1995/2234/1942
f 1918/2233/1941 1995/2234/1942 1919/2235/1943
f 1919/2235/1943 1921/2236/1944 1918/2233/1941
f 1921/2236/1944 1919/2235/1943 1920/2237/1945
f 1921/2236/1944 1920/2237/1945 1965/2238/1946
f 1921/2236/1944 1965/2238/1946 1922/2239/1947
f 1922/2239/1947 1918/2233/1941 1921/2236/1944
f 1918/2233/1941 1922/2239/1947 1923/2230/1938
f 1973/2240/1948 1922/2239/1947 1965/2238/1946
f 1974/2241/1949 1925/2242/1950 1926/2243/1951
f 1925/2242/1950 1974/2241/1949 1924/2244/1952
f 1925/2242/1950 1924/2244/1952 1930/2245/1953
f 1930/2245/1953 1926/2246/1951 1925/2242/1950
f 1926/2246/1951 1930/2245/1953 1929/2247/1954
f 1929/2247/1954 1974/2248/1949 1926/2246/1951
f 1929/2247/1954 1924/2249/1952 1974/2248/1949
f 1924/2249/1952 1929/2247/1954 1927/2250/1955
f 1927/2250/1955 1928/2251/1956 1924/2249/1952
f 1927/2250/1955 1987/2252/1957 1928/2251/1956
f 1927/2250/1955 1986/2253/1958 1987/2252/1957
f 1927/2250/1955 1932/2254/1959 1986/2253/1958
f 1932/2254/1959 1927/2250/1955 1929/2247/1954
f 1929/2247/1954 1930/2245/1953 1932/2254/1959
f 1931/2255/1960 1986/2253/1958 1932/2254/1959
f 1933/2256/1961 1934/2257/1962 1935/2258/1963
f 1935/2258/1963 1974/2259/1949 1933/2256/1961
f 1974/2259/1949 1935/2258/1963 1959/2260/1803
f 1959/2260/1803 1924/2261/1952 1974/2259/1949
f 1924/2261/1952 1959/2260/1803 1980/2262/1801
f 1980/2262/1801 1928/2263/1956 1924/2261/1952
f 1948/2264/1964 1945/2265/1806 1943/2266/1965
f 1943/2266/1965 1936/2267/1966 1948/2264/1964
f 1936/2267/1966 1943/2266/1965 1937/2268/1967
f 1937/2268/1967 1950/2269/1968 1936/2267/1966
f 1937/2268/1967 1951/2270/1969 1950/2269/1968
f 1951/2270/1969 1937/2268/1967 1938/2271/1970
f 1938/2271/1970 1952/2272/1971 1951/2270/1969
f 1952/2272/1971 1938/2271/1970 1941/2273/1972
f 1941/2273/1972 1939/2274/1973 1952/2272/1971
f 1941/2273/1972 1940/2275/1974 1939/2274/1973
f 1941/2273/1972 1953/2276/1975 1940/2275/1974
f 1941/2273/1972 1954/2277/1976 1953/2276/1975
f 1954/2277/1976 1941/2273/1972 1938/2271/1970
f 1938/2271/1970 1956/2278/1977 1954/2277/1976
f 1956/2278/1977 1938/2271/1970 1937/2268/1967
f 1937/2268/1967 1942/2279/1978 1956/2278/1977
f 1942/2279/1978 1937/2268/1967 1943/2266/1965
f 1944/2280/1979 1943/2281/1965 1945/2080/1806
f 1943/2281/1965 1944/2280/1979 1946/2282/1980
f 1946/2282/1980 1942/2283/1978 1943/2281/1965
f 1946/2282/1980 1957/2284/1981 1942/2283/1978
f 1957/2284/1981 1946/2282/1980 1983/2285/1982
f 1983/2285/1982 1947/2286/1983 1957/2284/1981
f 1983/2285/1982 1950/2287/1968 1947/2286/1983
f 1950/2287/1968 1983/2285/1982 1949/2288/1984
f 1949/2288/1984 1936/2289/1966 1950/2287/1968
f 1936/2289/1966 1949/2288/1984 1948/2290/1964
f 1982/2291/1985 1949/2288/1984 1983/2285/1982
f 1947/2286/1983 1950/2287/1968 1951/2292/1969
f 1951/2292/1969 1958/2293/1986 1947/2286/1983
f 1958/2293/1986 1951/2292/1969 1952/2294/1971
f 1958/2293/1986 1952/2294/1971 1939/2295/1973
f 1958/2293/1986 1939/2295/1973 1940/2296/1974
f 1940/2296/1974 1955/2297/1987 1958/2293/1986
f 1955/2297/1987 1940/2296/1974 1953/2298/1975
f 1955/2297/1987 1953/2298/1975 1954/2299/1976
f 1955/2297/1987 1954/2299/1976 1956/2300/1977
f 1955/2297/1987 1956/2300/1977 1957/2284/1981
f 1957/2284/1981 1958/2293/1986 1955/2297/1987
f 1958/2293/1986 1957/2284/1981 1947/2286/1983
f 1942/2283/1978 1957/2284/1981 1956/2300/1977
f 1945/2265/1806 1980/2262/1801 1959/2301/1803
f 1959/2301/1803 1779/2302/1805 1945/2265/1806
f 1779/2302/1805 1959/2301/1803 1935/2303/1963
f 1935/2303/1963 1960/2304/1988 1779/2302/1805
f 1960/2304/1988 1935/2303/1963 1961/2305/1989
f 1961/2305/1989 1962/2306/1990 1960/2304/1988
f 1962/2306/1990 1961/2305/1989 1963/2307/1991
f 1963/2307/1991 1964/2308/1992 1962/2306/1990
f 1964/2308/1992 1963/2307/1991 1961/2305/1989
f 1972/2309/1993 1973/2310/1948 1965/2311/1946
f 1965/2311/1946 1971/2312/1994 1972/2309/1993
f 1971/2312/1994 1965/2311/1946 1920/2313/1945
f 1920/2313/1945 1966/2314/1995 1971/2312/1994
f 1966/2314/1995 1920/2313/1945 1919/2315/1943
f 1966/2314/1995 1919/2315/1943 1995/2316/1942
f 1966/2314/1995 1995/2316/1942 1967/2317/1996
f 1967/2317/1996 1968/2318/1997 1966/2314/1995
f 1968/2318/1997 1967/2317/1996 2013/2319/1998
f 1968/2318/1997 2013/2319/1998 2014/2320/1999
f 1968/2318/1997 2014/2320/1999 1992/2321/1939
f 1968/2318/1997 1992/2321/1939 1969/2322/2000
f 1969/2322/2000 1966/2314/1995 1968/2318/1997
f 1966/2314/1995 1969/2322/2000 1970/2323/2001
f 1970/2323/2001 1971/2312/1994 1966/2314/1995
f 1970/2323/2001 1972/2309/1993 1971/2312/1994
f 1970/2323/2001 1973/2310/1948 1972/2309/1993
f 1970/2323/2001 1922/2324/1947 1973/2310/1948
f 1922/2324/1947 1970/2323/2001 1969/2322/2000
f 1969/2322/2000 1923/2325/1938 1922/2324/1947
f 1923/2325/1938 1969/2322/2000 1992/2321/1939
f 1933/2326/1961 1974/2327/1949 1976/2328/2002
f 1976/2328/2002 1934/2329/1962 1933/2326/1961
f 1976/2328/2002 1935/2330/1963 1934/2329/1962
f 1935/2330/1963 1976/2328/2002 1975/2331/2003
f 1975/2331/2003 1959/2332/1803 1935/2330/1963
f 1975/2331/2003 1980/2075/1801 1959/2332/1803
f 1975/2331/2003 1977/2333/2004 1980/2075/1801
f 1975/2331/2003 1924/2334/1952 1977/2333/2004
f 1924/2334/1952 1975/2331/2003 1976/2328/2002
f 1976/2328/2002 1974/2327/1949 1924/2334/1952
f 1928/2335/1956 1977/2333/2004 1924/2334/1952
f 1964/2336/1992 1961/2337/1989 1935/2338/1963
f 1935/2338/1963 1978/2339/2005 1964/2336/1992
f 1978/2339/2005 1935/2338/1963 1959/2077/1803
f 1978/2339/2005 1959/2077/1803 1979/2076/1802
f 1978/2339/2005 1979/2076/1802 1960/2340/1988
f 1960/2340/1988 1964/2336/1992 1978/2339/2005
f 1964/2336/1992 1960/2340/1988 1962/2341/1990
f 1779/2079/1805 1960/2340/1988 1979/2076/1802
f 1987/2252/1957 1977/2333/2004 1928/2335/1956
f 1977/2333/2004 1987/2252/1957 1988/2342/2006
f 1988/2342/2006 1980/2075/1801 1977/2333/2004
f 1988/2342/2006 1778/2078/1804 1980/2075/1801
f 1778/2078/1804 1988/2342/2006 1981/2343/2007
f 1981/2343/2007 1945/2080/1806 1778/2078/1804
f 1981/2343/2007 1944/2280/1979 1945/2080/1806
f 1944/2280/1979 1981/2343/2007 1982/2291/1985
f 1982/2291/1985 1946/2282/1980 1944/2280/1979
f 1946/2282/1980 1982/2291/1985 1983/2285/1982
f 1984/2344/2008 2057/2345/2009 2056/2346/2010
f 2056/2346/2010 2007/2347/2011 1984/2344/2008
f 2007/2347/2011 2056/2346/2010 1985/2348/2012
f 1985/2348/2012 1931/2255/1960 2007/2347/2011
f 1985/2348/2012 1986/2253/1958 1931/2255/1960
f 1986/2253/1958 1985/2348/2012 2002/2349/2013
f 2002/2349/2013 1987/2252/1957 1986/2253/1958
f 1987/2252/1957 2002/2349/2013 2003/2350/2014
f 2003/2350/2014 1988/2342/2006 1987/2252/1957
f 2003/2350/2014 1981/2343/2007 1988/2342/2006
f 1981/2343/2007 2003/2350/2014 2004/2351/2015
f 2004/2351/2015 1982/2291/1985 1981/2343/2007
f 1982/2291/1985 2004/2351/2015 1989/2352/2016
f 1989/2352/2016 1949/2288/1984 1982/2291/1985
f 1989/2352/2016 1948/2290/1964 1949/2288/1984
f 1989/2352/2016 1990/2353/2017 1948/2290/1964
f 1990/2353/2017 1989/2352/2016 1991/2354/2018
f 1991/2354/2018 2016/2355/2019 1990/2353/2017
f 1991/2354/2018 1992/2231/1939 2016/2355/2019
f 1991/2354/2018 1993/2229/1937 1992/2231/1939
f 1993/2229/1937 1991/2354/2018 2006/2356/2020
f 2006/2356/2020 1994/2232/1940 1993/2229/1937
f 2006/2356/2020 1995/2234/1942 1994/2232/1940
f 2006/2356/2020 2011/2357/2021 1995/2234/1942
f 2006/2356/2020 2061/2358/2022 2011/2357/2021
f 2006/2356/2020 1996/2359/2023 2061/2358/2022
f 1996/2359/2023 2006/2356/2020 1997/2360/2024
f 1997/2360/2024 1998/2361/2025 1996/2359/2023
f 1998/2361/2025 1997/2360/2024 1999/2362/2026
f 1999/2362/2026 2060/2363/2027 1998/2361/2025
f 2060/2363/2027 1999/2362/2026 2001/2364/2028
f 2001/2364/2028 2000/2365/2029 2060/2363/2027
f 2001/2364/2028 2056/2346/2010 2000/2365/2029
f 2001/2364/2028 1985/2348/2012 2056/2346/2010
f 2001/2364/2028 2002/2349/2013 1985/2348/2012
f 2002/2349/2013 2001/2364/2028 1999/2362/2026
f 1999/2362/2026 2003/2350/2014 2002/2349/2013
f 2003/2350/2014 1999/2362/2026 2005/2366/2030
f 2005/2366/2030 2004/2351/2015 2003/2350/2014
f 2005/2366/2030 1989/2352/2016 2004/2351/2015
f 2005/2366/2030 1991/2354/2018 1989/2352/2016
f 2005/2366/2030 1997/2360/2024 1991/2354/2018
f 1997/2360/2024 2005/2366/2030 1999/2362/2026
f 2006/2356/2020 1991/2354/2018 1997/2360/2024
f 1924/2244/1952 1932/2254/1959 1930/2245/1953
f 1932/2254/1959 1924/2244/1952 1928/2367/1956
f 1928/2367/1956 1931/2255/1960 1932/2254/1959
f 1931/2255/1960 1928/2367/1956 2022/2368/2031
f 2022/2368/2031 2007/2347/2011 1931/2255/1960
f 2007/2347/2011 2022/2368/2031 2008/2369/2032
f 2008/2369/2032 1984/2344/2008 2007/2347/2011
f 2008/2369/2032 2058/2370/2033 1984/2344/2008
f 2058/2370/2033 2008/2369/2032 2009/2371/2034
f 2009/2371/2034 2059/2372/2035 2058/2370/2033
f 2059/2372/2035 2009/2371/2034 2010/2373/2036
f 2010/2373/2036 2061/2374/2022 2059/2372/2035
f 2010/2373/2036 2011/2375/2021 2061/2374/2022
f 2010/2373/2036 1995/2316/1942 2011/2375/2021
f 2010/2373/2036 1967/2317/1996 1995/2316/1942
f 1967/2317/1996 2010/2373/2036 2012/2376/2037
f 2012/2376/2037 2013/2319/1998 1967/2317/1996
f 2013/2319/1998 2012/2376/2037 2019/2377/2038
f 2019/2377/2038 2014/2320/1999 2013/2319/1998
f 2014/2320/1999 2019/2377/2038 2015/2378/2039
f 2015/2378/2039 1992/2321/1939 2014/2320/1999
f 2015/2378/2039 2016/2379/2019 1992/2321/1939
f 2016/2379/2019 2015/2378/2039 2017/2380/2040
f 2017/2380/2040 1990/2381/2017 2016/2379/2019
f 2017/2380/2040 1948/2264/1964 1990/2381/2017
f 2017/2380/2040 1945/2265/1806 1948/2264/1964
f 1945/2265/1806 2017/2380/2040 2018/2382/2041
f 2018/2382/2041 1980/2262/1801 1945/2265/1806
f 2018/2382/2041 1928/2367/1956 1980/2262/1801
f 2018/2382/2041 2021/2383/2042 1928/2367/1956
f 2021/2383/2042 2018/2382/2041 2017/2380/2040
f 2021/2383/2042 2017/2380/2040 2015/2378/2039
f 2021/2383/2042 2015/2378/2039 2019/2377/2038
f 2019/2377/2038 2020/2384/2043 2021/2383/2042
f 2020/2384/2043 2019/2377/2038 2012/2376/2037
f 2020/2384/2043 2012/2376/2037 2010/2373/2036
f 2020/2384/2043 2010/2373/2036 2009/2371/2034
f 2020/2384/2043 2009/2371/2034 2008/2369/2032
f 2008/2369/2032 2021/2383/2042 2020/2384/2043
f 2021/2383/2042 2008/2369/2032 2022/2368/2031
f 2022/2368/2031 1928/2367/1956 2021/2383/2042
f 2023/1956/1719 2032/2385/2044 1714/1955/1718
f 2032/2385/2044 2023/1956/1719 2024/2386/2045
f 2024/2386/2045 2031/2387/2046 2032/2385/2044
f 2031/2387/2046 2024/2386/2045 2025/2388/2047
f 2031/2387/2046 2025/2388/2047 2043/2389/2048
f 2043/2389/2048 2030/2390/2049 2031/2387/2046
f 2030/2390/2049 2043/2389/2048 2026/2391/2050
f 2026/2391/2050 2027/2392/2051 2030/2390/2049
f 2027/2392/2051 2026/2391/2050 2028/2393/2052
f 2027/2392/2051 2028/2393/2052 2029/2394/2053
f 2027/2392/2051 2029/2394/2053 2039/2395/2054
f 2027/2392/2051 2039/2395/2054 2038/2396/2055
f 2038/2396/2055 2030/2390/2049 2027/2392/2051
f 2030/2390/2049 2038/2396/2055 2036/2397/2056
f 2036/2397/2056 2031/2387/2046 2030/2390/2049
f 2031/2387/2046 2036/2397/2056 2034/2398/2057
f 2034/2398/2057 2032/2385/2044 2031/2387/2046
f 2033/2030/1776 1714/2008/1718 2032/2399/2044
f 2032/2399/2044 2042/2032/1778 2033/2030/1776
f 2042/2032/1778 2032/2399/2044 2034/2400/2057
f 2034/2400/2057 2035/2401/2058 2042/2032/1778
f 2035/2401/2058 2034/2400/2057 2036/2402/2056
f 2036/2402/2056 2037/2403/2059 2035/2401/2058
f 2037/2403/2059 2036/2402/2056 2038/2404/2055
f 2037/2403/2059 2038/2404/2055 2039/2405/2054
f 2039/2405/2054 2040/2406/2060 2037/2403/2059
f 2040/2406/2060 2039/2405/2054 2029/2407/2053
f 2040/2406/2060 2029/2407/2053 2028/2408/2052
f 2040/2406/2060 2028/2408/2052 2026/2409/2050
f 2040/2406/2060 2026/2409/2050 2041/2410/2061
f 2041/2410/2061 2037/2403/2059 2040/2406/2060
f 2041/2410/2061 2035/2401/2058 2037/2403/2059
f 2041/2410/2061 2042/2032/1778 2035/2401/2058
f 2041/2410/2061 2045/2033/1779 2042/2032/1778
f 2041/2410/2061 2043/2411/2048 2045/2033/1779
f 2043/2411/2048 2041/2410/2061 2026/2409/2050
f 2045/2033/1779 2043/2411/2048 2025/2412/2047
f 2025/2412/2047 2044/2053/1789 2045/2033/1779
f 2044/2053/1789 2025/2412/2047 2024/2413/2045
f 2024/2413/2045 2023/2054/1719 2044/2053/1789
f 1722/2031/1777 2045/2033/1779 2044/2053/1789
