# Object Export From Tinkercad Server 2015

mtllib obj.mtl

o obj_0
v 28.5652 		-74.1871 		0
v 28.265 		-74.295 		0
v 23.636 		-75.461 		0
v 18.916 		-76.165 		0
v 18.598 		-76.1807 		0
v -22.3194 		-46.0371 		9.585
v -22.2384 		-46.2084 		9.269
v 9.702 		-76.1807 		0
v 9.384 		-76.165 		0
v 4.664 		-75.461 		0
v 0.035 		-74.295 		0
v -22.2184 		-46.2506 		9.1708
v -22.171 		-46.3509 		8.937
v -0.2652 		-74.1871 		0
v 18.916 		-76.165 		60
v 23.636 		-75.461 		60
v 28.265 		-74.295 		60
v 13.8015 		-76.3828 		60
v 14.15 		-76.4 		60
v -22.1553 		-46.384 		8.8343
v -22.1179 		-46.4632 		8.59
v 14.15 		-76.4 		12.275
v 14.586 		-76.3785 		12.256
v -22.1065 		-46.4872 		8.4844
v -22.0798 		-46.5438 		8.233
v 15.018 		-76.3572 		12.197
v 15.441 		-76.3363 		12.099
v 15.852 		-76.3161 		11.964
v -22.0729 		-46.5582 		8.1253
v -22.0566 		-46.5928 		7.869
v 16.247 		-76.2966 		11.792
v -22.0544 		-46.5974 		7.7601
v -22.0489 		-46.6091 		7.501
v 16.621 		-76.2782 		11.586
v -23.654 		-43.215 		11.253
v -23.6077 		-43.313 		11.2474
v 16.971 		-76.2609 		11.346
v -23.4967 		-43.5476 		11.234
v 17.295 		-76.2449 		11.077
v -23.4507 		-43.645 		11.2181
v -23.3408 		-43.8772 		11.18
v 17.588 		-76.2305 		10.779
v 17.848 		-76.2177 		10.456
v 18.072 		-76.2066 		10.112
v -23.2958 		-43.9724 		11.1537
v -23.1881 		-44.2001 		11.091
v 18.259 		-76.1974 		9.749
v -23.1443 		-44.2929 		11.0544
v -23.0397 		-44.5139 		10.967
v 18.406 		-76.1901 		9.371
v 18.512 		-76.1849 		8.981
v 18.576 		-76.1818 		8.584
v 18.598 		-76.1807 		8.183
v -22.9977 		-44.6028 		10.9206
v -22.8972 		-44.8153 		10.81
v 18.916 		-76.165 		12.275
v -22.8572 		-44.8998 		10.7539
v 14.15 		-76.4 		28.639
v 14.586 		-76.3785 		28.619
v 15.018 		-76.3572 		28.56
v 15.441 		-76.3363 		28.463
v 15.852 		-76.3161 		28.327
v 16.247 		-76.2966 		28.156
v 16.621 		-76.2782 		27.949
v 16.971 		-76.2609 		27.71
v 17.295 		-76.2449 		27.44
v 17.588 		-76.2305 		27.143
v 17.848 		-76.2177 		26.82
v 18.072 		-76.2066 		26.476
v -22.0489 		-46.6091 		14.998
v -23.654 		-43.215 		14.998
v 18.259 		-76.1974 		26.112
v -22.7622 		-45.1008 		25.62
v 18.406 		-76.1901 		25.734
v 18.512 		-76.1849 		25.345
v 18.576 		-76.1818 		24.947
v -22.6357 		-45.3682 		25.401
v 18.598 		-76.1807 		24.546
v -22.519 		-45.6149 		25.154
v -22.4133 		-45.8385 		24.881
v 14.15 		-76.4 		45.003
v 14.586 		-76.3785 		44.983
v 15.018 		-76.3572 		44.924
v -22.3856 		-45.897 		24.7935
v -22.3194 		-46.0371 		24.585
v 15.441 		-76.3363 		44.826
v 15.852 		-76.3161 		44.691
v -22.2384 		-46.2084 		24.269
v 16.247 		-76.2966 		44.519
v -22.2184 		-46.2506 		24.1708
v -22.171 		-46.3509 		23.937
v 16.621 		-76.2782 		44.313
v -22.1553 		-46.384 		23.8343
v -22.1179 		-46.4632 		23.59
v 16.971 		-76.2609 		44.074
v -22.1065 		-46.4872 		23.4844
v -22.0798 		-46.5438 		23.233
v 17.295 		-76.2449 		43.804
v 17.588 		-76.2305 		43.506
v 17.848 		-76.2177 		43.184
v -22.0729 		-46.5582 		23.1253
v -22.0566 		-46.5928 		22.869
v 18.072 		-76.2066 		42.839
v -22.0544 		-46.5974 		22.7601
v 18.259 		-76.1974 		42.476
v -22.0489 		-46.6091 		22.501
v 18.406 		-76.1901 		42.098
v -23.654 		-43.215 		26.253
v 18.512 		-76.1849 		41.708
v -23.6077 		-43.313 		26.2474
v -23.4967 		-43.5476 		26.234
v 18.576 		-76.1818 		41.311
v -23.4507 		-43.645 		26.2181
v -23.3408 		-43.8772 		26.18
v 18.598 		-76.1807 		40.91
v -23.2958 		-43.9724 		26.1537
v -23.1881 		-44.2001 		26.091
v -23.1443 		-44.2929 		26.0544
v -23.0397 		-44.5139 		25.967
v 18.598 		-76.1807 		32.725
v 14.15 		-76.4 		32.725
v -22.9977 		-44.6028 		25.9206
v -22.8972 		-44.8153 		25.81
v -22.8572 		-44.8998 		25.7539
v 18.598 		-76.1807 		16.361
v 14.15 		-76.4 		16.361
v -22.0489 		-46.6091 		29.998
v -23.654 		-43.215 		29.998
v 28.265 		-74.295 		12.275
v -22.7622 		-45.1008 		40.62
v 28.265 		-74.295 		28.639
v -22.6357 		-45.3682 		40.401
v -22.519 		-45.6149 		40.154
v -22.4133 		-45.8385 		39.881
v -22.3856 		-45.897 		39.7935
v -22.3194 		-46.0371 		39.585
v -22.2384 		-46.2084 		39.269
v 28.5652 		-74.1871 		8.183
v 28.5855 		-74.1798 		8.584
v -22.2184 		-46.2506 		39.1708
v 28.6459 		-74.1581 		8.981
v -22.171 		-46.3509 		38.937
v -22.1553 		-46.384 		38.8343
v -22.1179 		-46.4632 		38.59
v -22.1065 		-46.4872 		38.4844
v -22.0798 		-46.5438 		38.233
v 28.7456 		-74.1223 		9.371
v 28.8845 		-74.0723 		9.749
v 28.9365 		-74.0536 		9.8564
v 29.0608 		-74.009 		10.112
v -22.0729 		-46.5582 		38.1253
v -22.0566 		-46.5928 		37.869
v 29.2719 		-73.9331 		10.456
v -22.0544 		-46.5974 		37.7601
v -22.0489 		-46.6091 		37.501
v 29.5168 		-73.845 		10.779
v 29.7934 		-73.7456 		11.077
v -23.654 		-43.215 		41.253
v -23.6077 		-43.313 		41.2474
v -23.4967 		-43.5476 		41.234
v -23.4507 		-43.645 		41.2181
v -23.3408 		-43.8772 		41.18
v -23.2958 		-43.9724 		41.1537
v 30.0984 		-73.636 		11.346
v -23.1881 		-44.2001 		41.091
v -23.1443 		-44.2929 		41.0544
v -23.0397 		-44.5139 		40.967
v 30.1961 		-73.6009 		11.4169
v 30.4284 		-73.5174 		11.586
v 30.7815 		-73.3905 		11.792
v 30.8912 		-73.351 		11.8428
v 31.1537 		-73.2567 		11.964
v -22.9977 		-44.6028 		40.9206
v -22.8972 		-44.8153 		40.81
v -22.8572 		-44.8998 		40.7539
v 31.5413 		-73.1173 		12.099
v 28.5652 		-74.1871 		24.546
v 28.5855 		-74.1798 		24.947
v 28.6459 		-74.1581 		25.345
v -23.654 		-43.215 		55
v 28.7456 		-74.1223 		25.734
v -22.0489 		-46.6091 		2
v 28.8845 		-74.0723 		26.112
v -21.934 		-46.852 		2
v -21.934 		-46.852 		55
v 28.9365 		-74.0536 		26.2197
v 29.0608 		-74.009 		26.476
v 29.2719 		-73.9331 		26.82
v -21.778 		-47.1122 		2
v -19.865 		-50.303 		2
v -19.865 		-50.303 		55
v 29.5168 		-73.845 		27.143
v 29.7934 		-73.7456 		27.44
v -11.7417 		-61.5913 		2
v -11.1856 		-62.0059 		2
v -11.7417 		-61.9022 		2
v 30.0984 		-73.636 		27.71
v -17.468 		-53.535 		2
v -17.468 		-53.535 		55
v 30.1961 		-73.6009 		27.7806
v 30.4284 		-73.5174 		27.949
v 30.7815 		-73.3905 		28.156
v 30.8912 		-73.351 		28.2065
v 31.1537 		-73.2567 		28.327
v 31.5413 		-73.1173 		28.463
v -9.572 		-63.209 		6.9266
v -7.6489 		-64.368 		2
v -9.572 		-63.209 		2
v 50.8946 		-45.7724 		39.9617
v 50.8633 		-45.8385 		39.881
v 50.9689 		-45.6152 		40.154
v 28.5652 		-74.1871 		40.91
v 28.5855 		-74.1798 		41.311
v 28.6459 		-74.1581 		41.708
v 51.0034 		-45.5422 		40.227
v 51.0857 		-45.3682 		40.401
v 28.7456 		-74.1223 		42.098
v 28.8845 		-74.0723 		42.476
v 51.2122 		-45.1008 		40.62
v 28.9365 		-74.0536 		42.5834
v 29.0608 		-74.009 		42.839
v -15.7307 		-55.4517 		10.967
v 29.2719 		-73.9331 		43.184
v 29.5168 		-73.845 		43.506
v -15.4977 		-55.7087 		11.091
v 29.7934 		-73.7456 		43.804
v -15.2581 		-55.9731 		11.18
v 51.2522 		-45.0162 		40.6761
v -15.0128 		-56.2438 		11.234
v -14.766 		-56.516 		11.253
v 51.3472 		-44.8153 		40.81
v 30.0984 		-73.636 		44.074
v 51.3893 		-44.7263 		40.8564
v 30.1961 		-73.6009 		44.1446
v 51.4897 		-44.5139 		40.967
v 30.4284 		-73.5174 		44.313
v 30.7815 		-73.3905 		44.519
v 30.8912 		-73.351 		44.5698
v 31.1537 		-73.2567 		44.691
v 31.5413 		-73.1173 		44.826
v 51.5336 		-44.4211 		41.0036
v -14.766 		-56.516 		14.998
v 51.6381 		-44.2001 		41.091
v -15.7307 		-55.4517 		25.967
v 51.6832 		-44.1049 		41.1173
v 51.7908 		-43.8772 		41.18
v -15.4977 		-55.7087 		26.091
v -15.2581 		-55.9731 		26.18
v 28.5652 		-74.1871 		32.725
v -15.0128 		-56.2438 		26.234
v -14.766 		-56.516 		26.253
v 51.8369 		-43.7798 		41.1959
v 28.5652 		-74.1871 		16.361
v 51.9467 		-43.5476 		41.234
v 51.9931 		-43.4495 		41.2396
v 52.104 		-43.2149 		41.253
v 52.104 		-43.215 		41.253
v 0.035 		-74.295 		28.7409
v -14.766 		-56.516 		29.998
v 52.1406 		-43.1127 		41.2474
v 4.664 		-75.461 		39.2518
v -15.7307 		-55.4517 		40.967
v -15.4977 		-55.7087 		41.091
v 9.384 		-76.165 		12.275
v 9.384 		-76.165 		28.639
v -15.2581 		-55.9731 		41.18
v 9.384 		-76.165 		49.9694
v -15.0128 		-56.2438 		41.234
v -14.766 		-56.516 		41.253
v 9.702 		-76.1807 		8.183
v 9.724 		-76.1818 		8.584
v 9.788 		-76.1849 		8.981
v 9.894 		-76.1901 		9.371
v 52.228 		-42.8687 		41.234
v 10.041 		-76.1974 		9.749
v 10.228 		-76.2066 		10.112
v 10.452 		-76.2177 		10.456
v 10.712 		-76.2305 		10.779
v 52.2642 		-42.7674 		41.2181
v 11.005 		-76.2449 		11.077
v -14.766 		-56.516 		55
v 11.329 		-76.2609 		11.346
v 11.679 		-76.2782 		11.586
v 52.3509 		-42.5252 		41.18
v -17.2873 		-53.7343 		7.501
v -17.2837 		-53.7384 		7.6099
v -17.2753 		-53.7476 		7.869
v 12.053 		-76.2966 		11.792
v 52.3865 		-42.4259 		41.1537
v -17.2646 		-53.7594 		7.9767
v -17.2388 		-53.7878 		8.233
v 52.4712 		-42.1891 		41.091
v 12.448 		-76.3161 		11.964
v 12.859 		-76.3363 		12.099
v -17.1789 		-53.8539 		8.59
v 13.282 		-76.3572 		12.197
v 13.714 		-76.3785 		12.256
v -17.0952 		-53.9462 		8.937
v 52.5058 		-42.0927 		41.0544
v -16.9897 		-54.0627 		9.269
v -16.8623 		-54.2033 		9.585
v 9.702 		-76.1807 		24.546
v 9.724 		-76.1818 		24.947
v 52.5883 		-41.8621 		40.967
v -16.7149 		-54.3659 		9.881
v 9.788 		-76.1849 		25.345
v 9.894 		-76.1901 		25.734
v 52.6215 		-41.7694 		40.9206
v 10.041 		-76.1974 		26.112
v 50.0572 		-24.06 		23.937
v 50.054 		-23.996 		23.7579
v 50.0649 		-24.218 		24.269
v 50.0743 		-24.407 		24.585
v 50.0851 		-24.626 		39.881
v 50.0972 		-24.873 		40.154
v 50.1107 		-25.146 		40.401
v 50.1253 		-25.442 		40.62
v 50.1408 		-25.757 		40.81
v 50.1572 		-26.09 		40.967
v 50.1743 		-26.436 		41.091
v 50.1919 		-26.793 		41.18
v 50.2099 		-27.157 		41.234
v 50.228 		-27.525 		41.253
v 50.0572 		-24.06 		38.937
v 50.054 		-23.996 		38.7579
v 50.0649 		-24.218 		39.269
v 50.0743 		-24.407 		39.585
v 50.1572 		-28.96 		10.967
v 50.1408 		-29.293 		10.81
v 50.1253 		-29.608 		10.62
v 50.1107 		-29.904 		10.401
v 50.0972 		-30.177 		10.154
v 50.0851 		-30.424 		9.881
v 50.0743 		-30.643 		9.585
v 50.0649 		-30.832 		9.269
v 50.0572 		-30.99 		8.937
v 50.054 		-31.054 		8.7579
v 50.228 		-27.525 		11.253
v 50.2099 		-27.893 		11.234
v 50.1919 		-28.257 		11.18
v 50.1743 		-28.614 		11.091
v 50.054 		-31.054 		14.998
v 50.228 		-27.525 		14.998
v 50.1572 		-28.96 		25.967
v 50.1408 		-29.293 		25.81
v 50.1253 		-29.608 		25.62
v 50.1107 		-29.904 		25.401
v 50.0972 		-30.177 		25.154
v 50.0851 		-30.424 		24.881
v 50.0743 		-30.643 		24.585
v 50.0649 		-30.832 		24.269
v 50.0572 		-30.99 		23.937
v 50.054 		-31.054 		23.7579
v 50.228 		-27.525 		26.253
v 50.2099 		-27.893 		26.234
v 50.1919 		-28.257 		26.18
v 50.1743 		-28.614 		26.091
v 50.054 		-31.054 		29.998
v 50.228 		-27.525 		29.998
v 50.1572 		-28.96 		40.967
v 50.1408 		-29.293 		40.81
v 50.1253 		-29.608 		40.62
v 50.1107 		-29.904 		40.401
v 50.0972 		-30.177 		40.154
v 50.0851 		-30.424 		39.881
v 50.0743 		-30.643 		39.585
v 50.0649 		-30.832 		39.269
v 50.0572 		-30.99 		38.937
v 50.054 		-31.054 		38.7579
v 50.2099 		-27.893 		41.234
v 50.1919 		-28.257 		41.18
v 50.1743 		-28.614 		41.091
v 50.228 		-27.525 		55
v 50.054 		-31.054 		55
v 0.1148 		-60.6298 		11.234
v 0.2212 		-60.6801 		11.2401
v 0.447 		-60.787 		11.253
v 10.228 		-76.2066 		26.476
v 10.452 		-76.2177 		26.82
v 10.712 		-76.2305 		27.143
v 11.005 		-76.2449 		27.44
v 11.329 		-76.2609 		27.71
v 11.679 		-76.2782 		27.949
v 12.053 		-76.2966 		28.156
v 12.448 		-76.3161 		28.327
v 12.859 		-76.3363 		28.463
v 13.282 		-76.3572 		28.56
v 13.714 		-76.3785 		28.619
v 9.702 		-76.1807 		40.91
v 9.724 		-76.1818 		41.311
v 9.788 		-76.1849 		41.708
v 9.894 		-76.1901 		42.098
v 10.041 		-76.1974 		42.476
v 10.228 		-76.2066 		42.839
v 10.452 		-76.2177 		43.184
v 10.712 		-76.2305 		43.506
v 11.005 		-76.2449 		43.804
v 11.329 		-76.2609 		44.074
v 11.679 		-76.2782 		44.313
v 12.053 		-76.2966 		44.519
v 12.448 		-76.3161 		44.691
v 12.859 		-76.3363 		44.826
v 13.282 		-76.3572 		44.924
v 13.714 		-76.3785 		44.983
v 9.702 		-76.1807 		32.725
v 9.702 		-76.1807 		16.361
v -16.5489 		-54.549 		10.154
v -16.3659 		-54.7509 		10.401
v -16.1672 		-54.9702 		10.62
v -15.9546 		-55.2046 		10.81
v -17.2873 		-53.7343 		14.998
v -17.2873 		-53.7343 		22.501
v -17.2837 		-53.7384 		22.6099
v -17.2753 		-53.7476 		22.869
v -17.2646 		-53.7594 		22.9767
v -17.2388 		-53.7878 		23.233
v -17.1789 		-53.8539 		23.59
v -17.0952 		-53.9462 		23.937
v -16.9897 		-54.0627 		24.269
v -16.8623 		-54.2033 		24.585
v -16.7149 		-54.3659 		24.881
v -16.5489 		-54.549 		25.154
v -16.3659 		-54.7509 		25.401
v -16.1672 		-54.9702 		25.62
v -15.9546 		-55.2046 		25.81
v -17.2873 		-53.7343 		29.998
v -17.2873 		-53.7343 		37.501
v -17.2837 		-53.7384 		37.6099
v -17.2753 		-53.7476 		37.869
v -17.2646 		-53.7594 		37.9767
v -17.2388 		-53.7878 		38.233
v -17.1789 		-53.8539 		38.59
v -17.0952 		-53.9462 		38.937
v -16.9897 		-54.0627 		39.269
v -16.8623 		-54.2033 		39.585
v -16.7149 		-54.3659 		39.881
v -16.5489 		-54.549 		40.154
v -16.3659 		-54.7509 		40.401
v -16.1672 		-54.9702 		40.62
v -15.9546 		-55.2046 		40.81
v -17.2873 		-53.7343 		2
v -5.9086 		-65.408 		9.749
v -5.978 		-65.375 		9.5523
v -5.7397 		-65.4882 		10.112
v -5.8542 		-65.4338 		9.8655
v -5.978 		-65.375 		15.0874
v -6.1865 		-65.2493 		8.584
v -6.2052 		-65.2381 		8.183
v -6.131 		-65.2828 		8.981
v -6.0393 		-65.3381 		9.371
v 62.5567 		-23.055 		40.91
v 62.5567 		-23.055 		32.725
v 57.1696 		-4.7753 		32.725
v 60.5736 		-13.0353 		32.725
v 59.074 		-8.821 		32.725
v 57.1696 		-4.7753 		40.91
v 60.5736 		-13.0353 		40.91
v 62.5567 		-31.995 		32.725
v 62.5567 		-31.995 		40.91
v 62.5567 		-23.055 		16.361
v 56.848 		-27.525 		16.361
v 62.5567 		-31.995 		16.361
v 62.775 		-27.525 		16.361
v 62.5567 		-23.055 		24.546
v 57.1696 		-4.7753 		16.361
v 60.5736 		-13.0353 		16.361
v 59.074 		-8.821 		16.361
v 57.1696 		-4.7753 		24.546
v 60.5736 		-13.0353 		24.546
v 62.5567 		-31.995 		24.546
v 62.5567 		-23.055 		8.183
v 62.5567 		-23.055 		2
v 57.1696 		-4.7753 		8.183
v 56.848 		-4.9092 		2
v 57.1696 		-4.7753 		2
v 60.5736 		-13.0353 		2
v 60.5736 		-13.0353 		8.183
v 62.5567 		-31.995 		2
v 62.5567 		-31.995 		8.183
v 50.0451 		-31.114 		8.59
v 50.0319 		-31.203 		8.233
v 50.0239 		-31.257 		7.869
v 50.0212 		-31.275 		7.501
v 50.0212 		-31.275 		14.998
v 50.0451 		-31.114 		23.59
v 50.0319 		-31.203 		23.233
v 50.0239 		-31.257 		22.869
v 50.0212 		-31.275 		22.501
v 50.0212 		-31.275 		29.998
v 50.0451 		-31.114 		38.59
v 50.0319 		-31.203 		38.233
v 50.0239 		-31.257 		37.869
v 50.0212 		-31.275 		37.501
v 55.225 		-53.5965 		2
v 50.0212 		-31.275 		2
v 49.8 		-32.768 		2
v 57.033 		-50.565 		12.275
v 57.033 		-50.565 		28.639
v 57.033 		-50.565 		60
v 57.033 		-50.565 		2
v 57.1722 		-50.2692 		8.3017
v 57.1787 		-50.2555 		8.584
v 57.1696 		-50.2747 		8.183
v 57.2064 		-50.1966 		8.981
v 57.2515 		-50.1007 		9.371
v 57.2702 		-50.0611 		9.4828
v 57.3147 		-49.9664 		9.749
v 57.3384 		-49.9162 		9.8564
v 57.3945 		-49.797 		10.112
v 57.423 		-49.7364 		10.2138
v 57.4906 		-49.5929 		10.456
v 57.5234 		-49.5231 		10.5515
v 57.6021 		-49.3561 		10.779
v 57.7275 		-49.0896 		11.077
v 57.7685 		-49.0025 		11.1565
v 57.8659 		-48.7956 		11.346
v 57.9102 		-48.7015 		11.4169
v 58.0161 		-48.4764 		11.586
v 58.0636 		-48.3756 		11.6469
v 58.1763 		-48.1361 		11.792
v 58.2262 		-48.0302 		11.8428
v 58.3454 		-47.777 		11.964
v 58.3974 		-47.6665 		12.0039
v 58.5212 		-47.4035 		12.099
v 58.5747 		-47.2898 		12.1279
v 58.7027 		-47.0179 		12.197
v 50.4989 		-8.4409 		29.998
v 53.3693 		-15.3697 		29.998
v 52.104 		-11.835 		29.998
v 58.8875 		-46.6252 		12.256
v 50.4989 		-8.4409 		14.998
v 53.3693 		-15.3697 		14.998
v 52.104 		-11.835 		14.998
v 58.9426 		-46.5081 		12.2616
v 59.074 		-46.229 		12.275
v 57.1722 		-50.2692 		24.6647
v 57.1787 		-50.2555 		24.947
v 57.1696 		-50.2747 		24.546
v 57.2064 		-50.1966 		25.345
v 57.2515 		-50.1007 		25.734
v 57.2702 		-50.0611 		25.8458
v 57.3147 		-49.9664 		26.112
v 57.3384 		-49.9162 		26.2197
v 57.3945 		-49.797 		26.476
v 57.423 		-49.7364 		26.5778
v 57.4906 		-49.5929 		26.82
v 57.5234 		-49.5231 		26.9155
v 57.6021 		-49.3561 		27.143
v -6.2052 		-65.2381 		2
v -6.3279 		-65.536 		2
v -13.0009 		-58.1159 		10.401
v -12.7989 		-58.299 		10.154
v -12.6159 		-58.4649 		9.881
v -12.4533 		-58.6123 		9.585
v -12.3127 		-58.7397 		9.269
v -12.1962 		-58.8452 		8.937
v -12.1039 		-58.9289 		8.59
v -12.0378 		-58.9888 		8.233
v -11.998 		-59.025 		7.869
v -11.9843 		-59.0373 		7.501
v -11.9843 		-59.0373 		14.998
v -13.0009 		-58.1159 		25.401
v -12.7989 		-58.299 		25.154
v -12.6159 		-58.4649 		24.881
v -12.4533 		-58.6123 		24.585
v -12.3127 		-58.7397 		24.269
v -12.1962 		-58.8452 		23.937
v -12.1039 		-58.9289 		23.59
v -12.0378 		-58.9888 		23.233
v -11.998 		-59.025 		22.869
v -11.9843 		-59.0373 		22.501
v -11.9843 		-59.0373 		29.998
v -13.0009 		-58.1159 		40.401
v -12.7989 		-58.299 		40.154
v -12.6159 		-58.4649 		39.881
v -12.4533 		-58.6123 		39.585
v -12.3127 		-58.7397 		39.269
v -12.1962 		-58.8452 		38.937
v 40.4478 		3.9751 		7.869
v 40.4439 		3.9786 		7.7601
v 40.4343 		3.9873 		7.501
v 40.4878 		3.9388 		8.233
v 40.4759 		3.9497 		8.1253
v -2.746 		4.226 		8.7581
v -2.7241 		4.2364 		8.8257
v -2.6882 		4.2534 		8.937
v -2.5915 		4.2991 		9.1625
v -2.5457 		4.3208 		9.269
v -2.3744 		4.4018 		9.585
v -2.1764 		4.4955 		9.881
v -2.024 		4.5677 		10.0665
v -1.9523 		4.6016 		10.154
v -1.7056 		4.7183 		10.401
v 0.1148 		-60.6298 		26.234
v -1.4382 		4.8449 		10.62
v -1.2444 		4.9366 		10.7491
v -1.1527 		4.98 		10.81
v 0.2212 		-60.6801 		26.2401
v 0.447 		-60.787 		26.253
v -0.9478 		5.0769 		10.9167
v -0.8514 		5.1226 		10.967
v -0.6382 		5.2234 		11.0513
v -0.5376 		5.2711 		11.091
v -0.318 		5.375 		11.1515
v -0.2148 		5.4238 		11.18
v -2.746 		4.226 		14.998
v -2.746 		4.226 		23.7581
v -2.7241 		4.2364 		23.8257
v -2.6882 		4.2534 		23.937
v -2.5915 		4.2991 		24.1625
v -2.5457 		4.3208 		24.269
v -2.3744 		4.4018 		24.585
v -2.1764 		4.4955 		24.881
v -2.024 		4.5677 		25.0665
v -1.9523 		4.6016 		25.154
v -1.7056 		4.7183 		25.401
v -1.4382 		4.8449 		25.62
v -1.2444 		4.9366 		25.7491
v -1.1527 		4.98 		25.81
v -0.9478 		5.0769 		25.9167
v -0.8514 		5.1226 		25.967
v -0.6382 		5.2234 		26.0513
v -0.5376 		5.2711 		26.091
v 31.2482 		-59.2447 		8.59
v 31.196 		-59.276 		8.7581
v -0.318 		5.375 		26.1515
v -0.2148 		5.4238 		26.18
v 31.3254 		-59.1984 		8.233
v 31.2732 		-59.2298 		8.4754
v 31.3724 		-59.1703 		7.869
v 31.3404 		-59.1895 		8.1162
v -2.746 		4.226 		29.998
v 31.388 		-59.1609 		7.501
v -2.746 		4.226 		38.7581
v 31.3772 		-59.1674 		7.7509
v -2.7241 		4.2364 		38.8257
v -2.6882 		4.2534 		38.937
v -2.5915 		4.2991 		39.1625
v -2.5457 		4.3208 		39.269
v 31.196 		-59.276 		14.998
v 31.388 		-59.1609 		14.998
v 31.2482 		-59.2447 		23.59
v -2.3744 		4.4018 		39.585
v 31.196 		-59.276 		23.7581
v 31.3254 		-59.1984 		23.233
v -2.1764 		4.4955 		39.881
v 31.2732 		-59.2298 		23.4754
v 31.3724 		-59.1703 		22.869
v 31.3404 		-59.1895 		23.1162
v 31.388 		-59.1609 		22.501
v 31.3772 		-59.1674 		22.7509
v -2.024 		4.5677 		40.0665
v -1.9523 		4.6016 		40.154
v 31.196 		-59.276 		29.998
v 31.388 		-59.1609 		29.998
v -1.7056 		4.7183 		40.401
v -1.4382 		4.8449 		40.62
v -1.2444 		4.9366 		40.7491
v 32.768 		-58.3341 		2
v -1.1527 		4.98 		40.81
v 31.388 		-59.1609 		2
v -0.9478 		5.0769 		40.9167
v -0.8514 		5.1226 		40.967
v -0.6382 		5.2234 		41.0513
v -0.5376 		5.2711 		41.091
v -0.318 		5.375 		41.1515
v -0.2148 		5.4238 		41.18
v -2.746 		4.226 		55
v 31.3964 		-59.1812 		2
v 28.3352 		-60.6298 		11.234
v 28.1089 		-60.7369 		11.2469
v 28.003 		-60.787 		11.253
v 52.7006 		-41.5484 		40.81
v 40.5539 		3.8789 		8.59
v 40.6462 		3.7952 		8.937
v 40.7627 		3.6897 		9.269
v 40.9033 		3.5623 		9.585
v 52.732 		-41.4607 		40.7539
v 52.8071 		-41.2508 		40.62
v 52.9068 		-40.9722 		40.401
v 42.6731 		1.9581 		11.18
v 42.9438 		1.7128 		11.234
v 43.216 		1.466 		11.253
v 41.0659 		3.4149 		9.881
v 41.249 		3.2489 		10.154
v 41.4509 		3.0659 		10.401
v 41.6702 		2.8672 		10.62
v 41.9046 		2.6546 		10.81
v 42.1517 		2.4307 		10.967
v 42.4087 		2.1977 		11.091
v 52.9988 		-40.7153 		40.154
v 40.4343 		3.9873 		14.998
v 43.216 		1.466 		14.998
v 53.0236 		-40.6462 		40.0733
v 53.0823 		-40.4822 		39.881
v 40.4478 		3.9751 		22.869
v 40.4439 		3.9786 		22.7601
v 40.4343 		3.9873 		22.501
v 40.4878 		3.9388 		23.233
v 40.4759 		3.9497 		23.1253
v 53.1561 		-40.276 		39.585
v 40.5539 		3.8789 		23.59
v 53.2199 		-40.0976 		39.269
v 40.6462 		3.7952 		23.937
v 40.7627 		3.6897 		24.269
v 53.2356 		-40.0537 		39.1708
v 40.9033 		3.5623 		24.585
v 53.2732 		-39.949 		38.937
v 53.2856 		-39.9143 		38.8343
v 53.3149 		-39.8322 		38.59
v 53.3238 		-39.8074 		38.4844
v 42.6731 		1.9581 		26.18
v 42.9438 		1.7128 		26.234
v 53.3451 		-39.7479 		38.233
v 43.216 		1.466 		26.253
v 53.3505 		-39.7328 		38.1253
v 53.3633 		-39.6971 		37.869
v 41.0659 		3.4149 		24.881
v 41.249 		3.2489 		25.154
v 41.4509 		3.0659 		25.401
v 41.6702 		2.8672 		25.62
v 53.3652 		-39.6919 		37.7601
v 53.3693 		-39.6803 		37.501
v 41.9046 		2.6546 		25.81
v 42.1517 		2.4307 		25.967
v 42.4087 		2.1977 		26.091
v 50.4989 		-46.6091 		29.998
v 50.4989 		-46.6091 		37.501
v 50.4989 		-46.6091 		14.998
v 50.4989 		-46.6091 		22.501
v 50.4989 		-46.6091 		2
v 50.228 		-46.497 		2
v 40.4343 		3.9873 		29.998
v 50.4989 		-46.6091 		7.501
v 43.216 		1.466 		29.998
v 53.3693 		-39.6803 		29.998
v 40.4478 		3.9751 		37.869
v 40.4439 		3.9786 		37.7601
v 40.4343 		3.9873 		37.501
v 40.4878 		3.9388 		38.233
v 40.4759 		3.9497 		38.1253
v 53.3693 		-39.6803 		14.998
v 53.3693 		-39.6803 		22.501
v 53.3693 		-39.6803 		2
v 53.3693 		-39.6803 		7.501
v 40.5539 		3.8789 		38.59
v 40.6462 		3.7952 		38.937
v 33.3091 		-63.7989 		29.998
v 29.915 		-65.404 		29.998
v 40.7627 		3.6897 		39.269
v 40.9033 		3.5623 		39.585
v 33.3091 		-63.7989 		14.998
v 29.915 		-65.404 		14.998
v 42.6731 		1.9581 		41.18
v 42.9438 		1.7128 		41.234
v 43.216 		1.466 		41.253
v 41.0659 		3.4149 		39.881
v 41.249 		3.2489 		40.154
v 41.4509 		3.0659 		40.401
v 41.6702 		2.8672 		40.62
v 41.9046 		2.6546 		40.81
v 42.1517 		2.4307 		40.967
v 42.4087 		2.1977 		41.091
v 43.216 		1.466 		55
v 40.4343 		3.9873 		2
v 40.235 		4.168 		2
v 40.235 		4.168 		55
v 30.079 		12.2728 		12.256
v 30.3578 		12.1725 		12.2689
v 30.4895 		12.1252 		12.275
v 30.49 		12.125 		12.275
v 28.7662 		12.7449 		11.9089
v 28.8852 		12.7021 		11.964
v 29.2729 		12.5627 		12.099
v 29.6719 		12.4192 		12.197
v 29.5687 		-65.528 		11.234
v 30.079 		12.2728 		28.619
v 30.3578 		12.1725 		28.6326
v 30.4895 		12.1252 		28.639
v 30.49 		12.125 		28.639
v 29.671 		-65.4914 		11.2396
v 28.7662 		12.7449 		28.2722
v 28.8852 		12.7021 		28.327
v 29.9149 		-65.404 		11.253
v 29.2729 		12.5627 		28.463
v 29.6719 		12.4192 		28.56
v 30.013 		-65.3577 		11.2474
v 30.079 		12.2728 		44.983
v 29.915 		-65.404 		11.253
v 30.3578 		12.1725 		44.9966
v 30.4895 		12.1252 		45.003
v 30.2476 		-65.2467 		11.234
v 30.49 		12.125 		45.003
v 30.345 		-65.2007 		11.2181
v 30.5772 		-65.0908 		11.18
v 28.7662 		12.7449 		44.6359
v 28.8852 		12.7021 		44.691
v 29.2729 		12.5627 		44.826
v 29.6719 		12.4192 		44.924
v 30.6724 		-65.0458 		11.1537
v 30.49 		12.125 		32.725
v 30.49 		12.125 		16.361
v 30.9001 		-64.9381 		11.091
v 30.9929 		-64.8943 		11.0544
v 31.2139 		-64.7897 		10.967
v 31.3028 		-64.7477 		10.9206
v 31.5153 		-64.6472 		10.81
v 31.5998 		-64.6072 		10.7539
v 31.8008 		-64.5122 		10.62
v 32.0682 		-64.3857 		10.401
v 32.1411 		-64.3512 		10.328
v 32.3152 		-64.2689 		10.154
v 32.3813 		-64.2377 		10.0733
v 32.5391 		-64.163 		9.881
v 32.7371 		-64.0694 		9.585
v 32.9084 		-63.9884 		9.269
v 32.9506 		-63.9684 		9.1708
v 33.0509 		-63.921 		8.937
v 33.084 		-63.9053 		8.8343
v 33.1632 		-63.8679 		8.59
v 33.1872 		-63.8565 		8.4844
v 33.2438 		-63.8298 		8.233
v 33.2582 		-63.8229 		8.1253
v 30.758 		11.9977 		12.2621
v 30.884 		11.9378 		12.256
v 33.2928 		-63.8066 		7.869
v 33.2974 		-63.8044 		7.7601
v 31.2749 		11.752 		12.197
v 31.658 		11.57 		12.099
v 32.0302 		11.3931 		11.964
v -12.1039 		-58.9289 		38.59
v -12.0378 		-58.9888 		38.233
v -11.998 		-59.025 		37.869
v -11.9843 		-59.0373 		37.501
v -11.785 		-59.218 		2
v -11.785 		-59.218 		55
v -11.9843 		-59.0373 		2
v 53.0822 		-14.5676 		9.881
v -13.7017 		-57.4807 		10.967
v -13.4546 		-57.7046 		10.81
v 53.1342 		-14.7128 		9.6725
v -13.2202 		-57.9172 		10.62
v 53.1561 		-14.774 		9.585
v 53.2199 		-14.9524 		9.269
v -14.4938 		-56.7628 		11.234
v -14.2231 		-57.0081 		11.18
v -13.9587 		-57.2477 		11.091
v -13.7017 		-57.4807 		25.967
v -13.4546 		-57.7046 		25.81
v -13.2202 		-57.9172 		25.62
v 28.6648 		-60.4738 		11.18
v 52.3147 		-12.4235 		11.1959
v 52.3509 		-12.5248 		11.18
v 52.4357 		-12.7615 		11.1173
v 52.4712 		-12.8609 		11.091
v 52.5538 		-13.0914 		11.0036
v 52.5883 		-13.1879 		10.967
v 52.6674 		-13.4088 		10.8564
v 52.7006 		-13.5016 		10.81
v 52.7757 		-13.7115 		10.6761
v 52.8071 		-13.7992 		10.62
v 52.9068 		-14.0778 		10.401
v 52.9988 		-14.3347 		10.154
v 53.2575 		-15.0572 		9.0352
v 53.2732 		-15.101 		8.937
v 53.3025 		-15.1831 		8.6927
v 53.3149 		-15.2178 		8.59
v 53.3363 		-15.2773 		8.3386
v 53.3451 		-15.3021 		8.233
v 53.3579 		-15.3378 		7.9767
v 53.3633 		-15.3529 		7.869
v 53.3675 		-15.3645 		7.6099
v 53.3693 		-15.3697 		7.501
v 51.4477 		-10.4472 		10.9206
v 51.4897 		-10.5361 		10.967
v 51.5943 		-10.7571 		11.0544
v 51.6381 		-10.8499 		11.091
v 51.7458 		-11.0776 		11.1537
v 51.7908 		-11.1728 		11.18
v 51.9007 		-11.405 		11.2181
v 51.9467 		-11.5024 		11.234
v 52.0577 		-11.737 		11.2474
v 52.104 		-11.835 		11.253
v 52.104 		-11.8351 		11.253
v 52.1914 		-12.079 		11.2396
v 52.228 		-12.1813 		11.234
v 50.5044 		-8.4526 		7.7601
v 50.4989 		-8.4409 		7.501
v 50.5066 		-8.4572 		7.869
v 50.5229 		-8.4918 		8.1253
v 50.5298 		-8.5062 		8.233
v 57.7275 		-49.0896 		27.44
v 57.7685 		-49.0025 		27.5198
v 57.8659 		-48.7956 		27.71
v 57.9102 		-48.7015 		27.7806
v 58.0161 		-48.4764 		27.949
v 58.0636 		-48.3756 		28.0102
v 58.1763 		-48.1361 		28.156
v 58.2262 		-48.0302 		28.2065
v 58.3454 		-47.777 		28.327
v 58.3974 		-47.6665 		28.3672
v 58.5212 		-47.4035 		28.463
v 58.5747 		-47.2898 		28.4916
v 50.5565 		-8.5628 		8.4844
v 58.7027 		-47.0179 		28.56
v 50.5679 		-8.5868 		8.59
v 58.8875 		-46.6252 		28.619
v 58.9426 		-46.5081 		28.6249
v 59.074 		-46.229 		28.639
v 57.1722 		-50.2692 		41.0287
v 57.1787 		-50.2555 		41.311
v 50.6053 		-8.666 		8.8343
v 57.1696 		-50.2747 		40.91
v 57.2064 		-50.1966 		41.708
v 50.621 		-8.6991 		8.937
v 57.2515 		-50.1007 		42.098
v 50.6684 		-8.7994 		9.1708
v 50.6884 		-8.8416 		9.269
v 57.2702 		-50.0611 		42.2098
v 57.3147 		-49.9664 		42.476
v 57.3384 		-49.9162 		42.5834
v 50.7694 		-9.0129 		9.585
v 50.863 		-9.2109 		9.881
v 57.3945 		-49.797 		42.839
v 50.9377 		-9.3687 		10.0733
v 57.423 		-49.7364 		42.9411
v 57.4906 		-49.5929 		43.184
v 57.5234 		-49.5231 		43.2792
v 57.6021 		-49.3561 		43.506
v 50.9689 		-9.4348 		10.154
v 51.0512 		-9.6089 		10.328
v 51.0857 		-9.6818 		10.401
v 51.2122 		-9.9492 		10.62
v 57.7275 		-49.0896 		43.804
v 57.7685 		-49.0025 		43.8838
v 57.8659 		-48.7956 		44.074
v 51.3072 		-10.1502 		10.7539
v 51.3472 		-10.2347 		10.81
v 57.9102 		-48.7015 		44.1446
v 58.0161 		-48.4764 		44.313
v 58.0636 		-48.3756 		44.3739
v 58.1763 		-48.1361 		44.519
v 58.2262 		-48.0302 		44.5698
v 58.3454 		-47.777 		44.691
v 58.3974 		-47.6665 		44.7309
v 58.5212 		-47.4035 		44.826
v 58.5747 		-47.2898 		44.8549
v 58.7027 		-47.0179 		44.924
v 58.8875 		-46.6252 		44.983
v 58.9426 		-46.5081 		44.9889
v 59.074 		-46.229 		45.003
v 59.074 		-46.229 		60
v 59.074 		-46.229 		32.725
v 57.1696 		-50.2747 		32.725
v 59.074 		-46.229 		16.361
v 57.1696 		-50.2747 		16.361
v 57.1696 		-50.2747 		2
v 59.074 		-46.229 		12.275
v 59.1173 		-46.1073 		12.2694
v 59.221 		-45.8159 		12.256
v 59.3666 		-45.4069 		12.197
v 59.4088 		-45.2882 		12.1681
v 59.5094 		-45.0056 		12.099
v 53.0822 		-14.5676 		24.881
v 59.5502 		-44.8908 		12.0591
v 59.6479 		-44.6162 		11.964
v 53.1342 		-14.7128 		24.6725
v 59.6873 		-44.5056 		11.9132
v 59.7809 		-44.2424 		11.792
v 53.1561 		-14.774 		24.585
v 59.8181 		-44.1378 		11.7311
v 53.2199 		-14.9524 		24.269
v 59.9072 		-43.8875 		11.586
v 59.9422 		-43.7891 		11.5151
v 60.0254 		-43.5554 		11.346
v 60.0576 		-43.465 		11.2665
v 60.1345 		-43.2487 		11.077
v 60.2333 		-42.9712 		10.779
v 60.2593 		-42.8981 		10.6835
v 60.3209 		-42.725 		10.456
v 60.3432 		-42.6622 		10.3543
v 60.3967 		-42.512 		10.112
v 60.4152 		-42.4598 		10.0046
v 60.4595 		-42.3354 		9.749
v 60.4743 		-42.2939 		9.6372
v 60.5093 		-42.1956 		9.371
v 60.5448 		-42.0958 		8.981
v 60.5666 		-42.0344 		8.584
v 60.5688 		-42.0284 		8.4653
v 60.5736 		-42.0147 		8.183
v 60.681 		-41.713 		12.275
v 59.074 		-46.229 		28.639
v 59.1173 		-46.1073 		28.6331
v 59.221 		-45.8159 		28.619
v 59.3666 		-45.4069 		28.56
v 59.4088 		-45.2882 		28.5314
v 59.5094 		-45.0056 		28.463
v 52.3147 		-12.4235 		26.1959
v 52.3509 		-12.5248 		26.18
v 59.5502 		-44.8908 		28.4228
v 59.6479 		-44.6162 		28.327
v 59.6873 		-44.5056 		28.2765
v 59.7809 		-44.2424 		28.156
v -14.4938 		-56.7628 		26.234
v -14.2231 		-57.0081 		26.18
v 59.8181 		-44.1378 		28.0948
v 59.9072 		-43.8875 		27.949
v -13.9587 		-57.2477 		26.091
v 59.9422 		-43.7891 		27.8784
v 60.0254 		-43.5554 		27.71
v 52.4357 		-12.7615 		26.1173
v 52.4712 		-12.8609 		26.091
v 60.0576 		-43.465 		27.6302
v 60.1345 		-43.2487 		27.44
v 52.5538 		-13.0914 		26.0036
v 52.5883 		-13.1879 		25.967
v 60.2333 		-42.9712 		27.143
v -13.7017 		-57.4807 		40.967
v 52.6674 		-13.4088 		25.8564
v 60.2593 		-42.8981 		27.0475
v 60.3209 		-42.725 		26.82
v -13.4546 		-57.7046 		40.81
v 52.7006 		-13.5016 		25.81
v -13.2202 		-57.9172 		40.62
v 60.3432 		-42.6622 		26.7183
v 60.3967 		-42.512 		26.476
v 52.7757 		-13.7115 		25.6761
v 52.8071 		-13.7992 		25.62
v 60.4152 		-42.4598 		26.3683
v 60.4595 		-42.3354 		26.112
v 60.4743 		-42.2939 		26.0002
v 60.5093 		-42.1956 		25.734
v 52.9068 		-14.0778 		25.401
v 60.5448 		-42.0958 		25.345
v 60.5666 		-42.0344 		24.947
v 52.9988 		-14.3347 		25.154
v -14.4938 		-56.7628 		41.234
v 60.5688 		-42.0284 		24.8283
v 60.5736 		-42.0147 		24.546
v -14.2231 		-57.0081 		41.18
v -13.9587 		-57.2477 		41.091
v 53.2575 		-15.0572 		24.0352
v 59.074 		-46.229 		45.003
v 53.2732 		-15.101 		23.937
v 59.1173 		-46.1073 		44.9971
v 59.221 		-45.8159 		44.983
v 53.3025 		-15.1831 		23.6927
v 59.3666 		-45.4069 		44.924
v 59.4088 		-45.2882 		44.8951
v 53.3149 		-15.2178 		23.59
v 53.3363 		-15.2773 		23.3386
v 53.3451 		-15.3021 		23.233
v -8.553 		-61.615 		2
v -8.553 		-61.615 		55
v 59.5094 		-45.0056 		44.826
v 53.3579 		-15.3378 		22.9767
v -5.3639 		-63.527 		2
v 53.3633 		-15.3529 		22.869
v 59.5502 		-44.8908 		44.7861
v 59.6479 		-44.6162 		44.691
v 53.3675 		-15.3645 		22.6099
v -5.102 		-63.684 		2
v -5.102 		-63.684 		55
v 59.6873 		-44.5056 		44.6402
v 59.7809 		-44.2424 		44.519
v -4.8545 		-63.8011 		7.6099
v -4.8428 		-63.8066 		7.869
v -4.8591 		-63.7989 		7.501
v 53.3693 		-15.3697 		22.501
v -4.8283 		-63.8134 		7.9767
v -4.7938 		-63.8298 		8.233
v 59.8181 		-44.1378 		44.4581
v 59.9072 		-43.8875 		44.313
v 59.9422 		-43.7891 		44.2424
v 60.0254 		-43.5554 		44.074
v -4.7697 		-63.8411 		8.3386
v -4.7132 		-63.8679 		8.59
v -4.6801 		-63.8835 		8.6927
v -4.6009 		-63.921 		8.937
v 60.0576 		-43.465 		43.9942
v 60.1345 		-43.2487 		43.804
v -4.5586 		-63.941 		9.0352
v -4.4584 		-63.9884 		9.269
v 51.4477 		-10.4472 		25.9206
v -4.2871 		-64.0694 		9.585
v 51.4897 		-10.5361 		25.967
v 60.2333 		-42.9712 		43.506
v 51.5943 		-10.7571 		26.0544
v 51.6381 		-10.8499 		26.091
v 60.2593 		-42.8981 		43.4108
v 60.3209 		-42.725 		43.184
v -4.0891 		-64.163 		9.881
v 60.3432 		-42.6622 		43.082
v 60.3967 		-42.512 		42.839
v -4.023 		-64.1943 		9.9617
v -3.8652 		-64.2689 		10.154
v 60.4152 		-42.4598 		42.7316
v 60.4595 		-42.3354 		42.476
v 51.7458 		-11.0776 		26.1537
v 60.4743 		-42.2939 		42.3642
v 60.5093 		-42.1956 		42.098
v -3.7922 		-64.3034 		10.227
v -3.6182 		-64.3857 		10.401
v 51.7908 		-11.1728 		26.18
v 51.9007 		-11.405 		26.2181
v 51.9467 		-11.5024 		26.234
v 60.5448 		-42.0958 		41.708
v -3.3508 		-64.5122 		10.62
v 60.5666 		-42.0344 		41.311
v -3.2662 		-64.5522 		10.6761
v -3.0653 		-64.6472 		10.81
v 60.5688 		-42.0284 		41.1923
v 60.5736 		-42.0147 		40.91
v -2.9763 		-64.6893 		10.8564
v -2.7639 		-64.7897 		10.967
v 52.0577 		-11.737 		26.2474
v -2.6711 		-64.8336 		11.0036
v -2.4501 		-64.9381 		11.091
v 60.681 		-41.713 		60
v -2.3549 		-64.9832 		11.1173
v -2.1272 		-65.0908 		11.18
v 52.104 		-11.835 		26.253
v 52.104 		-11.8351 		26.253
v 52.1914 		-12.079 		26.2396
v 60.5736 		-42.0147 		32.725
v -2.0298 		-65.1369 		11.1959
v -1.7976 		-65.2467 		11.234
v 52.228 		-12.1813 		26.234
v -1.6995 		-65.2931 		11.2396
v -1.465 		-65.404 		11.253
v 60.5736 		-42.0147 		16.361
v -1.465 		-65.404 		14.998
v -4.8591 		-63.7989 		14.998
v 50.5044 		-8.4526 		22.7601
v -4.8545 		-63.8011 		22.6099
v 60.5736 		-42.0147 		2
v -4.8428 		-63.8066 		22.869
v 60.681 		-41.713 		2
v 50.4989 		-8.4409 		22.501
v -4.8591 		-63.7989 		22.501
v -4.8283 		-63.8134 		22.9767
v -4.7938 		-63.8298 		23.233
v 50.5066 		-8.4572 		22.869
v 50.5229 		-8.4918 		23.1253
v -4.7697 		-63.8411 		23.3386
v -4.7132 		-63.8679 		23.59
v -4.6801 		-63.8835 		23.6927
v -4.6009 		-63.921 		23.937
v 61.841 		-37.06 		60
v 50.5298 		-8.5062 		23.233
v -4.5586 		-63.941 		24.0352
v -4.4584 		-63.9884 		24.269
v -4.2871 		-64.0694 		24.585
v 50.5565 		-8.5628 		23.4844
v 50.5679 		-8.5868 		23.59
v 61.841 		-37.06 		2
v 50.6053 		-8.666 		23.8343
v -4.0891 		-64.163 		24.881
v -4.023 		-64.1943 		24.9617
v -3.8652 		-64.2689 		25.154
v 50.621 		-8.6991 		23.937
v -3.7922 		-64.3034 		25.227
v -3.6182 		-64.3857 		25.401
v 50.6684 		-8.7994 		24.1708
v 50.6884 		-8.8416 		24.269
v 62.4743 		-32.768 		2
v -3.3508 		-64.5122 		25.62
v 56.027 		-35.898 		2
v 56.027 		-35.898 		60
v -3.2662 		-64.5522 		25.6761
v -3.0653 		-64.6472 		25.81
v -2.9763 		-64.6893 		25.8564
v -2.7639 		-64.7897 		25.967
v 55.225 		-39.1162 		2
v -2.6711 		-64.8336 		26.0036
v -2.4501 		-64.9381 		26.091
v -2.3549 		-64.9832 		26.1173
v -2.1272 		-65.0908 		26.18
v -2.0298 		-65.1369 		26.1959
v -1.7976 		-65.2467 		26.234
v -1.6995 		-65.2931 		26.2396
v -1.465 		-65.404 		26.253
v -1.465 		-65.404 		29.998
v -4.8591 		-63.7989 		29.998
v -4.8545 		-63.8011 		37.6099
v -4.8428 		-63.8066 		37.869
v -4.8591 		-63.7989 		37.501
v -4.8283 		-63.8134 		37.9767
v -4.7938 		-63.8298 		38.233
v -4.7697 		-63.8411 		38.3386
v -4.7132 		-63.8679 		38.59
v -4.6801 		-63.8835 		38.6927
v -4.6009 		-63.921 		38.937
v -4.5586 		-63.941 		39.0352
v -4.4584 		-63.9884 		39.269
v -4.2871 		-64.0694 		39.585
v -4.0891 		-64.163 		39.881
v -4.023 		-64.1943 		39.9617
v -3.8652 		-64.2689 		40.154
v -3.7922 		-64.3034 		40.227
v -3.6182 		-64.3857 		40.401
v -3.3508 		-64.5122 		40.62
v -3.2662 		-64.5522 		40.6761
v -3.0653 		-64.6472 		40.81
v -2.9763 		-64.6893 		40.8564
v -2.7639 		-64.7897 		40.967
v -2.6711 		-64.8336 		41.0036
v -2.4501 		-64.9381 		41.091
v -2.3549 		-64.9832 		41.1173
v -2.1272 		-65.0908 		41.18
v -2.0298 		-65.1369 		41.1959
v -1.7976 		-65.2467 		41.234
v -1.6995 		-65.2931 		41.2396
v -1.465 		-65.404 		41.253
v -1.465 		-65.404 		55
v -4.8591 		-63.7989 		2
v -1.4649 		-65.404 		11.253
v -1.3627 		-65.4406 		11.2474
v -1.1187 		-65.528 		11.234
v -1.4649 		-65.404 		26.253
v -1.3627 		-65.4406 		26.2474
v -1.1187 		-65.528 		26.234
v -1.4649 		-65.404 		41.253
v -1.3627 		-65.4406 		41.2474
v -1.1187 		-65.528 		41.234
v -2.3744 		-59.4518 		9.585
v -2.1764 		-59.5455 		9.881
v -2.1048 		-59.5794 		9.9685
v -1.9526 		-59.6515 		10.154
v -1.7056 		-59.7683 		10.401
v -1.8735 		-59.6889 		10.2332
v -1.4382 		-59.8949 		10.62
v -1.1527 		-60.03 		10.81
v -1.3466 		-59.9382 		10.6809
v -0.8514 		-60.1726 		10.967
v -1.0563 		-60.0756 		10.8603
v -0.5376 		-60.3211 		11.091
v -0.7508 		-60.2202 		11.0067
v -0.2148 		-60.4738 		11.18
v -0.4343 		-60.3699 		11.1195
v -0.1091 		-60.5238 		11.1973
v -2.6882 		-59.3034 		8.937
v -2.746 		-59.276 		8.7586
v -2.5457 		-59.3708 		9.269
v -2.6424 		-59.325 		9.0435
v -2.746 		-59.276 		14.998
v -2.3744 		-59.4518 		24.585
v -2.1764 		-59.5455 		24.881
v -2.1048 		-59.5794 		24.9685
v -1.4934 		-73.7456 		11.077
v -1.2168 		-73.845 		10.779
v -0.9719 		-73.9331 		10.456
v -0.7608 		-74.009 		10.112
v -0.7088 		-74.0276 		10.0046
v -0.5845 		-74.0723 		9.749
v -0.4456 		-74.1223 		9.371
v -0.3459 		-74.1581 		8.981
v -0.2855 		-74.1798 		8.584
v -0.2652 		-74.1871 		8.183
v -3.2413 		-73.1173 		12.099
v -1.9526 		-59.6515 		25.154
v -2.8537 		-73.2567 		11.964
v -2.7439 		-73.2961 		11.9132
v -2.4815 		-73.3905 		11.792
v -2.1284 		-73.5174 		11.586
v -1.7056 		-59.7683 		25.401
v -1.8735 		-59.6889 		25.2332
v -2.0307 		-73.5525 		11.5151
v -1.7984 		-73.636 		11.346
v -1.4382 		-59.8949 		25.62
v -1.1527 		-60.03 		25.81
v -1.3466 		-59.9382 		25.6809
v -0.8514 		-60.1726 		25.967
v -1.0563 		-60.0756 		25.8603
v -0.8782 		-73.9668 		26.6673
v -0.7608 		-74.009 		26.476
v -0.7088 		-74.0276 		26.3683
v -0.5845 		-74.0723 		26.112
v -0.4456 		-74.1223 		25.734
v -0.5376 		-60.3211 		26.091
v -0.3459 		-74.1581 		25.345
v -0.7508 		-60.2202 		26.0067
v -0.2855 		-74.1798 		24.947
v -0.2148 		-60.4738 		26.18
v -0.4343 		-60.3699 		26.1195
v -0.2652 		-74.1871 		24.546
v -0.2652 		-74.1871 		16.361
v -0.1091 		-60.5238 		26.1973
v -2.6882 		-59.3034 		23.937
v -2.746 		-59.276 		23.7586
v -2.5457 		-59.3708 		24.269
v -2.6424 		-59.325 		24.0435
v -2.746 		-59.276 		29.998
v -2.3744 		-59.4518 		39.585
v -2.1764 		-59.5455 		39.881
v -2.1048 		-59.5794 		39.9685
v -1.9526 		-59.6515 		40.154
v -1.7056 		-59.7683 		40.401
v -1.8735 		-59.6889 		40.2332
v -1.4382 		-59.8949 		40.62
v -1.1527 		-60.03 		40.81
v -1.3466 		-59.9382 		40.6809
v -0.8514 		-60.1726 		40.967
v -1.0563 		-60.0756 		40.8603
v -0.811 		-73.5425 		26.82
v -0.5376 		-60.3211 		41.091
v -0.7508 		-60.2202 		41.0067
v -0.2148 		-60.4738 		41.18
v -0.4343 		-60.3699 		41.1195
v -0.1091 		-60.5238 		41.1973
v -2.6882 		-59.3034 		38.937
v -2.746 		-59.276 		38.7586
v -2.5457 		-59.3708 		39.269
v -2.6424 		-59.325 		39.0435
v 28.4408 		-60.5798 		11.2167
v 28.9876 		-60.3211 		11.091
v 28.768 		-60.425 		11.1515
v 29.3014 		-60.1726 		10.967
v 29.0882 		-60.2734 		11.0513
v -2.746 		-59.276 		55
v 29.6027 		-60.03 		10.81
v 29.3978 		-60.1269 		10.9167
v 29.8882 		-59.8949 		10.62
v 29.6944 		-59.9866 		10.7491
v 30.1556 		-59.7683 		10.401
v 30.4026 		-59.6515 		10.154
v 30.2347 		-59.7309 		10.3218
v 30.6264 		-59.5455 		9.881
v 30.4743 		-59.6175 		10.0665
v 30.8244 		-59.4518 		9.585
v 30.9957 		-59.3708 		9.269
v 31.1382 		-59.3034 		8.937
v 31.0415 		-59.3491 		9.1625
v 32.2727 		11.2779 		11.8471
v 32.3873 		11.2234 		11.792
v 31.1741 		-59.2864 		8.8257
v 30.758 		11.9977 		28.6254
v 30.884 		11.9378 		28.619
v 28.003 		-60.787 		14.998
v 31.2749 		11.752 		28.56
v 31.658 		11.57 		28.463
v 32.0302 		11.3931 		28.327
v 28.3352 		-60.6298 		26.234
v 32.2727 		11.2779 		28.2108
v 32.3873 		11.2234 		28.156
v 28.1089 		-60.7369 		26.2469
v 28.003 		-60.787 		26.253
v 28.6648 		-60.4738 		26.18
v 28.4408 		-60.5798 		26.2167
v 30.758 		11.9977 		44.9894
v 30.884 		11.9378 		44.983
v 28.9876 		-60.3211 		26.091
v 28.768 		-60.425 		26.1515
v 31.2749 		11.752 		44.924
v 29.3014 		-60.1726 		25.967
v 29.0882 		-60.2734 		26.0513
v 31.658 		11.57 		44.826
v 32.0302 		11.3931 		44.691
v 32.2727 		11.2779 		44.5741
v 32.3873 		11.2234 		44.519
v 29.6027 		-60.03 		25.81
v 29.3978 		-60.1269 		25.9167
v 29.8882 		-59.8949 		25.62
v 29.6944 		-59.9866 		25.7491
v 30.1556 		-59.7683 		25.401
v 30.4026 		-59.6515 		25.154
v 30.2347 		-59.7309 		25.3218
v 30.6264 		-59.5455 		24.881
v 30.4743 		-59.6175 		25.0665
v 30.8244 		-59.4518 		24.585
v 30.9957 		-59.3708 		24.269
v 31.1382 		-59.3034 		23.937
v 31.0415 		-59.3491 		24.1625
v 31.1741 		-59.2864 		23.8257
v 28.003 		-60.787 		29.998
v 55.225 		-39.7878 		2
v 55.5006 		-39.9026 		2
v 37.003 		6.565 		2
v 37.003 		6.565 		55
v 26.7361 		13.4749 		9.9955
v 26.7924 		13.4547 		10.112
v 27.0036 		13.3787 		10.456
v 27.2485 		13.2907 		10.779
v 27.5251 		13.1912 		11.077
v 27.83 		13.0815 		11.346
v 28.0541 		13.001 		11.5091
v 28.16 		12.9629 		11.586
v 28.5131 		12.8359 		11.792
v 26.7361 		13.4749 		26.3592
v 26.7924 		13.4547 		26.476
v 27.0036 		13.3787 		26.82
v 27.2485 		13.2907 		27.143
v 27.5251 		13.1912 		27.44
v 27.83 		13.0815 		27.71
v 28.0541 		13.001 		27.8724
v 28.16 		12.9629 		27.949
v 28.5131 		12.8359 		28.156
v 26.7361 		13.4749 		42.7225
v 26.7924 		13.4547 		42.839
v 27.0036 		13.3787 		43.184
v 27.2485 		13.2907 		43.506
v 27.5251 		13.1912 		43.804
v 27.83 		13.0815 		44.074
v 28.0541 		13.001 		44.2364
v 28.16 		12.9629 		44.313
v 50.7694 		-9.0129 		24.585
v 50.863 		-9.2109 		24.881
v 50.9377 		-9.3687 		25.0733
v 50.9689 		-9.4348 		25.154
v 51.0512 		-9.6089 		25.328
v 51.0857 		-9.6818 		25.401
v 51.2122 		-9.9492 		25.62
v 51.3072 		-10.1502 		25.7539
v 51.3472 		-10.2347 		25.81
v 53.0822 		-14.5676 		39.881
v 53.1342 		-14.7128 		39.6725
v 53.1561 		-14.774 		39.585
v 53.2199 		-14.9524 		39.269
v 52.3147 		-12.4235 		41.1959
v 52.3509 		-12.5248 		41.18
v 56.2927 		-40.2324 		2
v 52.4357 		-12.7615 		41.1173
v 52.4712 		-12.8609 		41.091
v 52.5538 		-13.0914 		41.0036
v 52.5883 		-13.1879 		40.967
v 52.6674 		-13.4088 		40.8564
v 52.7006 		-13.5016 		40.81
v 52.7757 		-13.7115 		40.6761
v 52.8071 		-13.7992 		40.62
v 52.9068 		-14.0778 		40.401
v 52.9988 		-14.3347 		40.154
v 53.2575 		-15.0572 		39.0352
v 53.2732 		-15.101 		38.937
v 53.3025 		-15.1831 		38.6927
v 53.3149 		-15.2178 		38.59
v 53.3363 		-15.2773 		38.3386
v 53.3451 		-15.3021 		38.233
v 33.3091 		-63.7989 		7.501
v 53.3579 		-15.3378 		37.9767
v 53.3633 		-15.3529 		37.869
v 53.3675 		-15.3645 		37.6099
v 53.3693 		-15.3697 		37.501
v 51.4477 		-10.4472 		40.9206
v 51.4897 		-10.5361 		40.967
v 51.5943 		-10.7571 		41.0544
v 51.6381 		-10.8499 		41.091
v 51.7458 		-11.0776 		41.1537
v 51.7908 		-11.1728 		41.18
v 51.9007 		-11.405 		41.2181
v 51.9467 		-11.5024 		41.234
v 52.0577 		-11.737 		41.2474
v 52.104 		-11.835 		41.253
v 52.104 		-11.8351 		41.253
v 52.1914 		-12.079 		41.2396
v 52.228 		-12.1813 		41.234
v 18.598 		21.1307 		0
v 18.916 		21.115 		0
v 23.636 		20.411 		0
v 28.265 		19.245 		0
v 28.5652 		19.1371 		0
v 0.035 		19.245 		0
v 4.664 		20.411 		0
v 9.384 		21.115 		0
v 9.702 		21.1307 		0
v -0.2652 		19.1371 		0
v 53.172 		1.34 		0
v 50.5044 		-8.4526 		37.7601
v 51.5237 		3.7186 		0
v 51.738 		3.481 		0
v 50.4989 		-8.4409 		37.501
v 51.2578 		3.4514 		0
v 45.2336 		10.0405 		0
v 41.165 		13.113 		0
v 44.997 		10.256 		0
v 50.5066 		-8.4572 		37.869
v 44.5559 		9.3593 		0
v 43.278 		10.307 		0
v 36.7833 		15.7163 		0
v 37.072 		15.579 		0
v 50.5229 		-8.4918 		38.1253
v 39.449 		12.602 		0
v 36.1442 		14.1656 		0
v 27.6467 		16.9082 		0
v 26.877 		17.101 		0
v 22.46 		17.756 		0
v 18.598 		17.9456 		0
v 50.5298 		-8.5062 		38.233
v 9.702 		17.1869 		0
v 9.123 		17.101 		0
v 50.5565 		-8.5628 		38.4844
v 50.5679 		-8.5868 		38.59
v 4.792 		16.016 		0
v 1.5055 		14.8402 		0
v 50.6053 		-8.666 		38.8343
v 0.588 		14.512 		0
v 13.54 		17.756 		0
v 18 		17.975 		0
v 31.208 		16.016 		0
v 35.412 		14.512 		0
v 50.621 		-8.6991 		38.937
v 46.865 		7.647 		0
v 50.173 		4.648 		0
v -12.6225 		13.2591 		0
v -8.4833 		15.7163 		0
v -8.772 		15.579 		0
v -6.457 		10.7991 		0
v -7.278 		10.307 		0
v -10.865 		7.647 		0
v -7.3085 		10.2843 		0
v -12.6225 		6.0537 		0
v -17.172 		1.34 		0
v -14.173 		4.648 		0
v -3.449 		12.602 		0
v 54.58 		-0.372 		0
v 55.1488 		-1.3257 		0
v 55.832 		-2.247 		0
v 58.127 		-6.076 		0
v 60.037 		-10.113 		0
v 61.541 		-14.317 		0
v 62.626 		-18.648 		0
v 63.281 		-23.065 		0
v 63.5 		-27.525 		0
v 63.281 		-31.985 		0
v 45.2336 		-65.0905 		0
v 44.997 		-65.306 		0
v 42.9794 		-65.536 		0
v 43.278 		-65.357 		0
v 44.5559 		-64.4093 		0
v 51.738 		-58.531 		0
v 51.5237 		-58.7686 		0
v 53.1611 		-56.4021 		0
v 53.172 		-56.39 		0
v 51.2578 		-58.5014 		0
v 55.1488 		-53.7243 		0
v 54.58 		-54.678 		0
v 62.626 		-36.402 		0
v 61.541 		-40.733 		0
v 60.037 		-44.937 		0
v 58.127 		-48.974 		0
v 55.832 		-52.803 		0
v 50.173 		-59.698 		0
v 46.865 		-62.697 		0
v 18.598 		-72.9956 		0
v 22.46 		-72.806 		0
v 26.877 		-72.151 		0
v 36.7833 		-70.7663 		0
v 27.6467 		-71.9582 		0
v 37.072 		-70.629 		0
v 41.165 		-68.163 		0
v 36.1442 		-69.2156 		0
v 39.449 		-67.652 		0
v 3.0478 		-70.442 		0
v 1.5055 		-69.8902 		0
v 4.792 		-71.066 		0
v 9.123 		-72.151 		0
v 9.702 		-72.2369 		0
v 18 		-73.025 		0
v 13.54 		-72.806 		0
v 0.588 		-69.562 		0
v 35.412 		-69.562 		0
v 31.208 		-71.066 		0
v -27.281 		-31.985 		0
v -27.5 		-27.525 		0
v -27.281 		-23.065 		0
v -26.626 		-18.648 		0
v -25.541 		-14.317 		0
v -24.037 		-10.113 		0
v -22.127 		-6.076 		0
v -19.832 		-2.247 		0
v -12.6225 		-61.1037 		0
v -10.865 		-62.697 		0
v -7.278 		-65.357 		0
v -6.9794 		-65.536 		0
v -14.173 		-59.698 		0
v -17.172 		-56.39 		0
v -19.832 		-52.803 		0
v -22.127 		-48.974 		0
v -24.037 		-44.937 		0
v -25.541 		-40.733 		0
v -26.626 		-36.402 		0
v -6.457 		-65.8491 		0
v -12.6225 		-68.3091 		0
v -8.4833 		-70.7663 		0
v -8.772 		-70.629 		0
v -3.449 		-67.652 		0
v 14.15 		21.35 		60
v 13.8015 		21.3328 		60
v 28.265 		19.245 		60
v 23.636 		20.411 		60
v 18.916 		21.115 		60
v 28.5855 		19.1298 		8.584
v 28.5652 		19.1371 		8.183
v 28.6459 		19.1081 		8.981
v 28.265 		19.245 		9.4303
v 30.7815 		18.3405 		11.792
v 31.1537 		18.2067 		11.964
v 31.0439 		18.2461 		11.9132
v 31.5413 		18.0673 		12.099
v 28.7456 		19.0723 		9.371
v 28.8845 		19.0223 		9.749
v 29.0608 		18.959 		10.112
v 29.0088 		18.9776 		10.0046
v 29.2719 		18.8831 		10.456
v 29.5168 		18.795 		10.779
v 29.7934 		18.6956 		11.077
v 30.0984 		18.586 		11.346
v 30.4284 		18.4674 		11.586
v 30.3307 		18.5025 		11.5151
v 28.5131 		12.8359 		44.519
v 28.5855 		19.1298 		24.947
v 28.5652 		19.1371 		24.546
v 28.6459 		19.1081 		25.345
v 28.265 		19.245 		28.639
v 30.7815 		18.3405 		28.156
v 31.1537 		18.2067 		28.327
v 31.0439 		18.2461 		28.2765
v 31.5413 		18.0673 		28.463
v 28.7456 		19.0723 		25.734
v 28.8845 		19.0223 		26.112
v 29.0608 		18.959 		26.476
v 29.0088 		18.9776 		26.3683
v 29.2719 		18.8831 		26.82
v 29.5168 		18.795 		27.143
v 29.7934 		18.6956 		27.44
v 30.0984 		18.586 		27.71
v 30.4284 		18.4674 		27.949
v 30.3307 		18.5025 		27.8784
v 28.5855 		19.1298 		41.311
v 28.5652 		19.1371 		40.91
v 28.6459 		19.1081 		41.708
v 30.7815 		18.3405 		44.519
v 31.1537 		18.2067 		44.691
v 31.0439 		18.2461 		44.6402
v 31.5413 		18.0673 		44.826
v 28.7456 		19.0723 		42.098
v 28.8845 		19.0223 		42.476
v 29.0608 		18.959 		42.839
v 29.0088 		18.9776 		42.7316
v 29.2719 		18.8831 		43.184
v 29.5168 		18.795 		43.506
v 29.7934 		18.6956 		43.804
v 30.0984 		18.586 		44.074
v 30.4284 		18.4674 		44.313
v 30.3307 		18.5025 		44.2424
v 28.5652 		19.1371 		32.725
v 28.5652 		19.1371 		16.361
v 14.586 		21.3285 		12.256
v 14.15 		21.35 		12.275
v 15.018 		21.3072 		12.197
v 15.441 		21.2863 		12.099
v 15.852 		21.2661 		11.964
v 16.247 		21.2466 		11.792
v 16.621 		21.2282 		11.586
v 16.971 		21.2109 		11.346
v 17.295 		21.1949 		11.077
v 17.588 		21.1805 		10.779
v 17.848 		21.1677 		10.456
v 29.5687 		-65.528 		26.234
v 29.671 		-65.4914 		26.2396
v 29.9149 		-65.404 		26.253
v 30.013 		-65.3577 		26.2474
v 29.915 		-65.404 		26.253
v 30.2476 		-65.2467 		26.234
v 30.345 		-65.2007 		26.2181
v 30.5772 		-65.0908 		26.18
v 30.6724 		-65.0458 		26.1537
v 30.9001 		-64.9381 		26.091
v 30.9929 		-64.8943 		26.0544
v 31.2139 		-64.7897 		25.967
v 31.3028 		-64.7477 		25.9206
v 31.5153 		-64.6472 		25.81
v 31.5998 		-64.6072 		25.7539
v 31.8008 		-64.5122 		25.62
v 33.8122 		8.478 		2
v 32.0682 		-64.3857 		25.401
v 33.552 		8.634 		2
v 33.552 		8.634 		55
v 32.1411 		-64.3512 		25.328
v 30.2476 		10.1967 		11.234
v 32.3152 		-64.2689 		25.154
v 32.3813 		-64.2377 		25.0733
v 30.5772 		10.0408 		11.18
v 30.4798 		10.0869 		11.1959
v 32.5391 		-64.163 		24.881
v 32.7371 		-64.0694 		24.585
v 30.9001 		9.8881 		11.091
v 30.8049 		9.9332 		11.1173
v 31.2139 		9.7397 		10.967
v 31.1211 		9.7836 		11.0036
v 31.5153 		9.5972 		10.81
v 31.4263 		9.6393 		10.8564
v 32.9084 		-63.9884 		24.269
v 32.9506 		-63.9684 		24.1708
v 33.0509 		-63.921 		23.937
v 31.8008 		9.4622 		10.62
v 31.7162 		9.5022 		10.6761
v 32.0682 		9.3357 		10.401
v 33.084 		-63.9053 		23.8343
v 32.3149 		9.219 		10.154
v 33.1632 		-63.8679 		23.59
v 32.5391 		9.113 		9.881
v 32.473 		9.1443 		9.9617
v 33.1872 		-63.8565 		23.4844
v 33.2438 		-63.8298 		23.233
v 32.7371 		9.0194 		9.585
v 33.2582 		-63.8229 		23.1253
v 30.1495 		10.2431 		11.2396
v 33.2928 		-63.8066 		22.869
v 33.2974 		-63.8044 		22.7601
v 29.915 		10.354 		11.253
v 33.3091 		-63.7989 		22.501
v 32.9084 		8.9384 		9.269
v 33.0509 		8.871 		8.937
v 33.0086 		8.891 		9.0352
v 33.1632 		8.8179 		8.59
v 33.1301 		8.8335 		8.6927
v 33.2438 		8.7798 		8.233
v 33.2197 		8.7911 		8.3386
v 33.2928 		8.7566 		7.869
v 33.2783 		8.7634 		7.9767
v 33.3091 		8.7489 		7.501
v 33.3045 		8.7511 		7.6099
v 29.915 		10.354 		14.998
v 33.3091 		8.7489 		14.998
v 30.2476 		10.1967 		26.234
v 30.5772 		10.0408 		26.18
v 30.4798 		10.0869 		26.1959
v 30.9001 		9.8881 		26.091
v 30.8049 		9.9332 		26.1173
v 31.2139 		9.7397 		25.967
v 31.1211 		9.7836 		26.0036
v 31.5153 		9.5972 		25.81
v 31.4263 		9.6393 		25.8564
v 31.8008 		9.4622 		25.62
v 31.7162 		9.5022 		25.6761
v 32.0682 		9.3357 		25.401
v 32.3149 		9.219 		25.154
v 32.5391 		9.113 		24.881
v 32.473 		9.1443 		24.9617
v 32.7371 		9.0194 		24.585
v 30.1495 		10.2431 		26.2396
v 29.915 		10.354 		26.253
v 32.9084 		8.9384 		24.269
v 33.0509 		8.871 		23.937
v 33.0086 		8.891 		24.0352
v 33.1632 		8.8179 		23.59
v 33.1301 		8.8335 		23.6927
v 33.2438 		8.7798 		23.233
v 33.2197 		8.7911 		23.3386
v 31.5379 		-59.5226 		2
v 24.7362 		-61.9555 		8.937
v 24.676 		-61.977 		8.7577
v 24.8849 		-61.9023 		9.269
v 24.7838 		-61.9384 		9.0435
v 25.0633 		-61.8385 		9.585
v 25.2695 		-61.7647 		9.881
v 25.5026 		-61.6813 		10.154
v 25.3445 		-61.7379 		9.9685
v 25.7597 		-61.5894 		10.401
v 26.0382 		-61.4898 		10.62
v 26.1334 		-61.4557 		10.6809
v 56.848 		-40.4636 		2
v 50.6684 		-8.7994 		39.1708
v 50.6884 		-8.8416 		39.269
v 50.7694 		-9.0129 		39.585
v 50.863 		-9.2109 		39.881
v 50.9377 		-9.3687 		40.0733
v 50.9689 		-9.4348 		40.154
v 51.0512 		-9.6089 		40.328
v 51.0857 		-9.6818 		40.401
v 51.2122 		-9.9492 		40.62
v 51.3072 		-10.1502 		40.7539
v 51.3472 		-10.2347 		40.81
v -2.9464 		4.1312 		2
v -11.9843 		3.9873 		29.998
v -14.766 		1.466 		29.998
v -11.9843 		3.9873 		14.998
v -14.766 		1.466 		14.998
v 50.4989 		-8.4409 		2
v -15.9546 		0.1546 		10.81
v -15.7307 		0.4017 		10.967
v -15.4977 		0.6587 		11.091
v 53.3693 		-15.3697 		2
v 50.228 		-16.6709 		2
v -15.2581 		0.9231 		11.18
v 55.0412 		-23.775 		29.998
v -15.0128 		1.1938 		11.234
v 55.0412 		-31.275 		29.998
v 55.225 		-27.525 		29.998
v -14.766 		1.466 		11.253
v 55.0412 		-23.775 		14.998
v 55.0412 		-31.275 		14.998
v 55.225 		-27.525 		14.998
v -14.4938 		1.7128 		11.234
v -14.2231 		1.9581 		11.18
v -2.9224 		-59.1703 		7.869
v -2.9332 		-59.1639 		7.6191
v -2.938 		-59.1609 		7.501
v -2.8754 		-59.1984 		8.233
v -2.9074 		-59.1793 		7.9858
v -2.7982 		-59.2447 		8.59
v -2.8505 		-59.2134 		8.3476
v -13.9587 		2.1977 		11.091
v -2.7638 		-59.2653 		8.7013
v -13.7017 		2.4307 		10.967
v -13.4546 		2.6546 		10.81
v -13.2202 		2.8672 		10.62
v -13.0009 		3.0659 		10.401
v -12.7989 		3.2489 		10.154
v -12.6159 		3.4149 		9.881
v -12.4533 		3.5623 		9.585
v -12.3127 		3.6897 		9.269
v 33.2928 		8.7566 		22.869
v 33.2783 		8.7634 		22.9767
v 33.3091 		8.7489 		22.501
v 33.3045 		8.7511 		22.6099
v 29.915 		10.354 		29.998
v 33.3091 		8.7489 		29.998
v 30.2476 		10.1967 		41.234
v 30.5772 		10.0408 		41.18
v 30.4798 		10.0869 		41.1959
v 30.9001 		9.8881 		41.091
v 30.8049 		9.9332 		41.1173
v 31.2139 		9.7397 		40.967
v 31.1211 		9.7836 		41.0036
v 31.5153 		9.5972 		40.81
v 31.4263 		9.6393 		40.8564
v 31.8008 		9.4622 		40.62
v 31.7162 		9.5022 		40.6761
v 32.0682 		9.3357 		40.401
v 32.3149 		9.219 		40.154
v 32.5391 		9.113 		39.881
v 32.473 		9.1443 		39.9617
v 32.7371 		9.0194 		39.585
v 30.1495 		10.2431 		41.2396
v 29.915 		10.354 		41.253
v -12.1962 		3.7952 		8.937
v 32.9084 		8.9384 		39.269
v 33.0509 		8.871 		38.937
v 33.0086 		8.891 		39.0352
v -12.1039 		3.8789 		8.59
v 33.1632 		8.8179 		38.59
v 33.1301 		8.8335 		38.6927
v -12.0378 		3.9388 		8.233
v -12.0098 		3.9643 		7.9767
v 33.2438 		8.7798 		38.233
v 33.2197 		8.7911 		38.3386
v -11.9978 		3.9751 		7.869
v -11.9882 		3.9838 		7.6099
v 33.2928 		8.7566 		37.869
v -11.9843 		3.9873 		7.501
v 33.2783 		8.7634 		37.9767
v 33.3091 		8.7489 		37.501
v 33.3045 		8.7511 		37.6099
v -15.9546 		0.1546 		25.81
v -15.7307 		0.4017 		25.967
v -15.4977 		0.6587 		26.091
v 29.915 		10.354 		55
v 33.3091 		8.7489 		2
v -15.2581 		0.9231 		26.18
v -15.0128 		1.1938 		26.234
v 26.3971 		11.6133 		7.869
v 26.3919 		11.6152 		7.7601
v -14.766 		1.466 		26.253
v 26.3803 		11.6193 		7.501
v -14.4938 		1.7128 		26.234
v 26.4479 		11.5951 		8.233
v 26.4328 		11.6005 		8.1253
v -14.2231 		1.9581 		26.18
v 26.5322 		11.5649 		8.59
v 26.5074 		11.5738 		8.4844
v 26.649 		11.5232 		8.937
v 26.6143 		11.5356 		8.8343
v 26.7976 		11.4699 		9.269
v 26.7537 		11.4857 		9.1708
v 26.976 		11.4061 		9.585
v -13.9587 		2.1977 		26.091
v 27.1822 		11.3323 		9.881
v -13.7017 		2.4307 		25.967
v 27.4152 		11.2489 		10.154
v -13.4546 		2.6546 		25.81
v 27.3462 		11.2736 		10.0733
v -13.2202 		2.8672 		25.62
v 27.6722 		11.1568 		10.401
v -13.0009 		3.0659 		25.401
v 27.5962 		11.1841 		10.328
v -12.7989 		3.2489 		25.154
v -12.6159 		3.4149 		24.881
v 27.9508 		11.0571 		10.62
v -12.4533 		3.5623 		24.585
v 28.2484 		10.9506 		10.81
v 28.1607 		10.982 		10.7539
v -12.3127 		3.6897 		24.269
v 28.5621 		10.8383 		10.967
v 28.4694 		10.8715 		10.9206
v 28.8891 		10.7212 		11.091
v 28.7927 		10.7558 		11.0544
v 29.2252 		10.6009 		11.18
v 29.1259 		10.6365 		11.1537
v 29.5687 		10.478 		11.234
v 29.4674 		10.5142 		11.2181
v 29.9149 		10.354 		11.253
v 29.8127 		10.3906 		11.2474
v 26.3803 		11.6193 		14.998
v 26.3971 		11.6133 		22.869
v 26.3919 		11.6152 		22.7601
v 26.3803 		11.6193 		22.501
v 26.4479 		11.5951 		23.233
v 26.4328 		11.6005 		23.1253
v 26.5322 		11.5649 		23.59
v 26.5074 		11.5738 		23.4844
v 26.649 		11.5232 		23.937
v 26.6143 		11.5356 		23.8343
v 26.7976 		11.4699 		24.269
v 26.7537 		11.4857 		24.1708
v 26.976 		11.4061 		24.585
v 27.1822 		11.3323 		24.881
v 27.4152 		11.2489 		25.154
v 27.3462 		11.2736 		25.0733
v 27.6722 		11.1568 		25.401
v 27.5962 		11.1841 		25.328
v 29.5687 		-65.528 		41.234
v 26.3359 		-61.3833 		10.81
v 29.671 		-65.4914 		41.2396
v 29.9149 		-65.404 		41.253
v 30.013 		-65.3577 		41.2474
v 26.4365 		-61.3473 		10.8603
v 29.915 		-65.404 		41.253
v 30.2476 		-65.2467 		41.234
v 30.345 		-65.2007 		41.2181
v 30.5772 		-65.0908 		41.18
v 26.6496 		-61.2711 		10.967
v 26.9766 		-61.1541 		11.091
v 26.7543 		-61.2337 		11.0067
v 30.6724 		-65.0458 		41.1537
v 27.3128 		-61.0339 		11.18
v 27.0844 		-61.1156 		11.1195
v 27.6563 		-60.911 		11.234
v 27.4226 		-60.9946 		11.1973
v 28.0026 		-60.7872 		11.253
v 27.7672 		-60.8713 		11.2401
v 30.9001 		-64.9381 		41.091
v 24.676 		-61.977 		14.998
v 30.9929 		-64.8943 		41.0544
v 31.2139 		-64.7897 		40.967
v 24.7362 		-61.9555 		23.937
v 24.676 		-61.977 		23.7577
v 24.8849 		-61.9023 		24.269
v 24.7838 		-61.9384 		24.0435
v 31.3028 		-64.7477 		40.9206
v 31.5153 		-64.6472 		40.81
v 31.5998 		-64.6072 		40.7539
v 31.8008 		-64.5122 		40.62
v 32.0682 		-64.3857 		40.401
v -2.938 		-59.1609 		14.998
v 32.1411 		-64.3512 		40.328
v -2.9224 		-59.1703 		22.869
v -2.9332 		-59.1639 		22.6191
v 32.3152 		-64.2689 		40.154
v -2.938 		-59.1609 		22.501
v 32.3813 		-64.2377 		40.0733
v -2.8754 		-59.1984 		23.233
v -2.9074 		-59.1793 		22.9858
v 32.5391 		-64.163 		39.881
v 32.7371 		-64.0694 		39.585
v -2.7982 		-59.2447 		23.59
v -2.8505 		-59.2134 		23.3476
v -2.7638 		-59.2653 		23.7013
v 32.9084 		-63.9884 		39.269
v 32.9506 		-63.9684 		39.1708
v 33.0509 		-63.921 		38.937
v 33.084 		-63.9053 		38.8343
v 33.1632 		-63.8679 		38.59
v 33.1872 		-63.8565 		38.4844
v 33.2438 		-63.8298 		38.233
v 33.2582 		-63.8229 		38.1253
v 33.2928 		-63.8066 		37.869
v 33.2974 		-63.8044 		37.7601
v -2.938 		-59.1609 		29.998
v 33.3091 		-63.7989 		37.501
v -2.9224 		-59.1703 		37.869
v -2.9332 		-59.1639 		37.6191
v -2.938 		-59.1609 		37.501
v -2.8754 		-59.1984 		38.233
v -2.9074 		-59.1793 		37.9858
v 25.0787 		-63.527 		2
v 14.225 		-63.527 		29.998
v -2.7982 		-59.2447 		38.59
v -2.8505 		-59.2134 		38.3476
v 14.225 		-63.527 		14.998
v -2.7638 		-59.2653 		38.7013
v -2.938 		-59.1609 		2
v -5.777 		-57.46 		2
v -5.777 		-57.46 		55
v 14.225 		-63.527 		11.253
v 14.225 		-63.527 		26.253
v 25.0633 		-61.8385 		24.585
v 25.2695 		-61.7647 		24.881
v 25.5026 		-61.6813 		25.154
v 25.3445 		-61.7379 		24.9685
v 25.7597 		-61.5894 		25.401
v 26.0382 		-61.4898 		25.62
v 26.1334 		-61.4557 		25.6809
v 18.072 		21.1566 		10.112
v 18.259 		21.1474 		9.749
v 18.406 		21.1401 		9.371
v 18.512 		21.1349 		8.981
v 18.576 		21.1318 		8.584
v 18.598 		21.1307 		8.183
v 14.586 		21.3285 		28.619
v 14.15 		21.35 		28.639
v 15.018 		21.3072 		28.56
v 15.441 		21.2863 		28.463
v 15.852 		21.2661 		28.327
v 16.247 		21.2466 		28.156
v 16.621 		21.2282 		27.949
v 16.971 		21.2109 		27.71
v 17.295 		21.1949 		27.44
v 17.588 		21.1805 		27.143
v 17.848 		21.1677 		26.82
v 18.072 		21.1566 		26.476
v 18.259 		21.1474 		26.112
v 18.406 		21.1401 		25.734
v 18.512 		21.1349 		25.345
v 18.576 		21.1318 		24.947
v 18.598 		21.1307 		24.546
v 14.586 		21.3285 		44.983
v 14.15 		21.35 		45.003
v 55.1547 		-28.96 		10.967
v 15.018 		21.3072 		44.924
v 15.441 		21.2863 		44.826
v 55.1383 		-29.293 		10.81
v 15.852 		21.2661 		44.691
v 16.247 		21.2466 		44.519
v 55.1229 		-29.608 		10.62
v 55.1084 		-29.904 		10.401
v 16.621 		21.2282 		44.313
v 55.095 		-30.177 		10.154
v 16.971 		21.2109 		44.074
v 17.295 		21.1949 		43.804
v 55.0829 		-30.424 		9.881
v 17.588 		21.1805 		43.506
v 55.0722 		-30.643 		9.585
v 17.848 		21.1677 		43.184
v 18.072 		21.1566 		42.839
v 55.0629 		-30.832 		9.269
v 18.259 		21.1474 		42.476
v 18.406 		21.1401 		42.098
v 55.0552 		-30.99 		8.937
v 18.512 		21.1349 		41.708
v 18.576 		21.1318 		41.311
v 55.0491 		-31.114 		8.59
v 18.598 		21.1307 		40.91
v 55.0447 		-31.203 		8.233
v 55.0421 		-31.257 		7.869
v 55.0412 		-31.275 		7.501
v 14.15 		21.35 		32.725
v 18.598 		21.1307 		32.725
v 55.0829 		-24.626 		9.881
v 55.095 		-24.873 		10.154
v 14.15 		21.35 		16.361
v 18.598 		21.1307 		16.361
v 55.1084 		-25.146 		10.401
v 55.1229 		-25.442 		10.62
v 9.724 		21.1318 		8.584
v 9.702 		21.1307 		8.183
v 55.1383 		-25.757 		10.81
v 9.788 		21.1349 		8.981
v 9.894 		21.1401 		9.371
v 55.1547 		-26.09 		10.967
v 55.1716 		-26.436 		11.091
v 55.1891 		-26.793 		11.18
v 55.207 		-27.157 		11.234
v 55.225 		-27.525 		11.253
v 55.207 		-27.893 		11.234
v 55.1891 		-28.257 		11.18
v 55.1716 		-28.614 		11.091
v 55.0421 		-23.793 		7.869
v 55.0412 		-23.775 		7.501
v 55.0447 		-23.847 		8.233
v 55.0491 		-23.936 		8.59
v 55.0552 		-24.06 		8.937
v 55.0629 		-24.218 		9.269
v 55.0722 		-24.407 		9.585
v 10.041 		21.1474 		9.749
v 10.228 		21.1566 		10.112
v 10.452 		21.1677 		10.456
v 10.712 		21.1805 		10.779
v 11.005 		21.1949 		11.077
v 11.329 		21.2109 		11.346
v 11.679 		21.2282 		11.586
v 12.053 		21.2466 		11.792
v 26.3359 		-61.3833 		25.81
v 12.448 		21.2661 		11.964
v 26.4365 		-61.3473 		25.8603
v 12.859 		21.2863 		12.099
v 13.282 		21.3072 		12.197
v 13.714 		21.3285 		12.256
v 26.6496 		-61.2711 		25.967
v 9.724 		21.1318 		24.947
v 9.702 		21.1307 		24.546
v 26.9766 		-61.1541 		26.091
v 26.7543 		-61.2337 		26.0067
v 9.788 		21.1349 		25.345
v 9.894 		21.1401 		25.734
v 10.041 		21.1474 		26.112
v 27.3128 		-61.0339 		26.18
v 27.0844 		-61.1156 		26.1195
v 10.228 		21.1566 		26.476
v 10.452 		21.1677 		26.82
v 27.6563 		-60.911 		26.234
v 27.4226 		-60.9946 		26.1973
v 10.712 		21.1805 		27.143
v 11.005 		21.1949 		27.44
v 11.329 		21.2109 		27.71
v 28.0026 		-60.7872 		26.253
v 27.7672 		-60.8713 		26.2401
v 11.679 		21.2282 		27.949
v 12.053 		21.2466 		28.156
v 24.676 		-61.977 		29.998
v 12.448 		21.2661 		28.327
v 12.859 		21.2863 		28.463
v 13.282 		21.3072 		28.56
v 13.714 		21.3285 		28.619
v 9.724 		21.1318 		41.311
v 9.702 		21.1307 		40.91
v 9.788 		21.1349 		41.708
v 9.894 		21.1401 		42.098
v 10.041 		21.1474 		42.476
v 10.228 		21.1566 		42.839
v 10.452 		21.1677 		43.184
v 10.712 		21.1805 		43.506
v 11.005 		21.1949 		43.804
v 11.329 		21.2109 		44.074
v 11.679 		21.2282 		44.313
v 12.053 		21.2466 		44.519
v 12.448 		21.2661 		44.691
v 12.859 		21.2863 		44.826
v 13.282 		21.3072 		44.924
v 13.714 		21.3285 		44.983
v 9.384 		21.115 		49.9694
v 9.702 		21.1307 		32.725
v 9.702 		21.1307 		16.361
v 4.664 		20.411 		39.2518
v 0.035 		19.245 		12.275
v 0.035 		19.245 		28.7409
v -12.1962 		3.7952 		23.937
v -12.1039 		3.8789 		23.59
v -12.0378 		3.9388 		23.233
v -12.0098 		3.9643 		22.9767
v -11.9978 		3.9751 		22.869
v -11.9882 		3.9838 		22.6099
v -11.9843 		3.9873 		22.501
v -15.9546 		0.1546 		40.81
v -15.7307 		0.4017 		40.967
v -15.4977 		0.6587 		41.091
v -15.2581 		0.9231 		41.18
v -15.0128 		1.1938 		41.234
v -14.766 		1.466 		41.253
v -14.4938 		1.7128 		41.234
v -14.2231 		1.9581 		41.18
v -13.9587 		2.1977 		41.091
v -13.7017 		2.4307 		40.967
v -13.4546 		2.6546 		40.81
v -13.2202 		2.8672 		40.62
v -13.0009 		3.0659 		40.401
v -12.7989 		3.2489 		40.154
v -12.6159 		3.4149 		39.881
v -12.4533 		3.5623 		39.585
v -12.3127 		3.6897 		39.269
v 55.1547 		-28.96 		25.967
v 55.1383 		-29.293 		25.81
v 55.1229 		-29.608 		25.62
v 55.1084 		-29.904 		25.401
v 55.095 		-30.177 		25.154
v 55.0829 		-30.424 		24.881
v 55.0722 		-30.643 		24.585
v 55.0629 		-30.832 		24.269
v 55.0552 		-30.99 		23.937
v 55.0491 		-31.114 		23.59
v 55.0447 		-31.203 		23.233
v 14.225 		-63.527 		41.253
v 55.0421 		-31.257 		22.869
v 55.0412 		-31.275 		22.501
v 55.0829 		-24.626 		24.881
v 55.095 		-24.873 		25.154
v 55.1084 		-25.146 		25.401
v 55.1229 		-25.442 		25.62
v 55.1383 		-25.757 		25.81
v 55.1547 		-26.09 		25.967
v 55.1716 		-26.436 		26.091
v 55.1891 		-26.793 		26.18
v 55.207 		-27.157 		26.234
v 55.225 		-27.525 		26.253
v 55.207 		-27.893 		26.234
v 55.1891 		-28.257 		26.18
v 55.1716 		-28.614 		26.091
v 55.0421 		-23.793 		22.869
v 55.0412 		-23.775 		22.501
v 55.0447 		-23.847 		23.233
v 55.0491 		-23.936 		23.59
v 55.0552 		-24.06 		23.937
v 55.0629 		-24.218 		24.269
v 55.0722 		-24.407 		24.585
v 27.9508 		11.0571 		25.62
v 28.2484 		10.9506 		25.81
v 28.1607 		10.982 		25.7539
v 28.5621 		10.8383 		25.967
v 28.4694 		10.8715 		25.9206
v 28.8891 		10.7212 		26.091
v 28.7927 		10.7558 		26.0544
v 29.2252 		10.6009 		26.18
v 29.1259 		10.6365 		26.1537
v 29.5687 		10.478 		26.234
v 29.4674 		10.5142 		26.2181
v 29.9149 		10.354 		26.253
v 29.8127 		10.3906 		26.2474
v 26.3803 		11.6193 		29.998
v 26.3971 		11.6133 		37.869
v 26.3919 		11.6152 		37.7601
v 26.3803 		11.6193 		37.501
v 26.4479 		11.5951 		38.233
v 26.4328 		11.6005 		38.1253
v 26.5322 		11.5649 		38.59
v 26.5074 		11.5738 		38.4844
v 26.649 		11.5232 		38.937
v 26.6143 		11.5356 		38.8343
v 26.7976 		11.4699 		39.269
v 26.7537 		11.4857 		39.1708
v 26.976 		11.4061 		39.585
v 27.1822 		11.3323 		39.881
v 27.4152 		11.2489 		40.154
v 27.3462 		11.2736 		40.0733
v 27.6722 		11.1568 		40.401
v 27.5962 		11.1841 		40.328
v 27.9508 		11.0571 		40.62
v 28.2484 		10.9506 		40.81
v 28.1607 		10.982 		40.7539
v 28.5621 		10.8383 		40.967
v 28.4694 		10.8715 		40.9206
v 28.8891 		10.7212 		41.091
v 28.7927 		10.7558 		41.0544
v 29.2252 		10.6009 		41.18
v 29.1259 		10.6365 		41.1537
v 29.5687 		10.478 		41.234
v 29.4674 		10.5142 		41.2181
v 29.9149 		10.354 		41.253
v 29.8127 		10.3906 		41.2474
v 26.3803 		11.6193 		2
v 26.127 		11.71 		2
v 26.127 		11.71 		55
v 22.224 		12.687 		2
v 22.224 		12.687 		55
v 18.244 		13.278 		2
v 18.244 		13.278 		55
v 14.593 		13.457 		11.234
v 14.225 		13.475 		11.253
v 14.957 		13.4391 		11.18
v 15.314 		13.4216 		11.091
v 15.66 		13.4047 		10.967
v 15.993 		13.3883 		10.81
v 16.308 		13.3729 		10.62
v 16.604 		13.3584 		10.401
v 16.877 		13.345 		10.154
v 17.124 		13.3329 		9.881
v 17.343 		13.3222 		9.585
v 17.532 		13.3129 		9.269
v 17.69 		13.3052 		8.937
v 17.814 		13.2991 		8.59
v 17.903 		13.2947 		8.233
v 17.957 		13.2921 		7.869
v 17.975 		13.2912 		7.501
v 14.225 		13.475 		14.998
v 17.975 		13.2912 		14.998
v 14.593 		13.457 		26.234
v 14.225 		13.475 		26.253
v 14.957 		13.4391 		26.18
v 15.314 		13.4216 		26.091
v 15.66 		13.4047 		25.967
v 15.993 		13.3883 		25.81
v 16.308 		13.3729 		25.62
v 16.604 		13.3584 		25.401
v 16.877 		13.345 		25.154
v 17.124 		13.3329 		24.881
v 17.343 		13.3222 		24.585
v 17.532 		13.3129 		24.269
v 17.69 		13.3052 		23.937
v 17.814 		13.2991 		23.59
v 17.903 		13.2947 		23.233
v 17.957 		13.2921 		22.869
v 17.975 		13.2912 		22.501
v 14.225 		13.475 		29.998
v 17.975 		13.2912 		29.998
v 14.593 		13.457 		41.234
v 14.225 		13.475 		41.253
v 14.957 		13.4391 		41.18
v 15.314 		13.4216 		41.091
v 15.66 		13.4047 		40.967
v 15.993 		13.3883 		40.81
v 16.308 		13.3729 		40.62
v 16.604 		13.3584 		40.401
v 16.877 		13.345 		40.154
v 17.124 		13.3329 		39.881
v 17.343 		13.3222 		39.585
v 17.532 		13.3129 		39.269
v 17.69 		13.3052 		38.937
v 17.814 		13.2991 		38.59
v 17.903 		13.2947 		38.233
v 17.957 		13.2921 		37.869
v 17.975 		13.2912 		37.501
v 14.225 		13.475 		55
v 17.975 		13.2912 		2
v 0.14 		12.9629 		11.586
v 0.364 		13.0434 		11.4229
v 0.47 		13.0815 		11.346
v 0.7749 		13.1912 		11.077
v 1.0515 		13.2907 		10.779
v 1.2964 		13.3787 		10.456
v 1.5076 		13.4547 		10.112
v 0.14 		12.9629 		27.949
v 0.364 		13.0434 		27.7866
v 0.47 		13.0815 		27.71
v 0.7749 		13.1912 		27.44
v 1.0515 		13.2907 		27.143
v 1.2964 		13.3787 		26.82
v 1.5076 		13.4547 		26.476
v 55.1547 		-28.96 		40.967
v 55.1383 		-29.293 		40.81
v 55.1229 		-29.608 		40.62
v 55.1084 		-29.904 		40.401
v 55.095 		-30.177 		40.154
v 55.0829 		-30.424 		39.881
v 55.0722 		-30.643 		39.585
v 55.0629 		-30.832 		39.269
v 55.0552 		-30.99 		38.937
v 55.0491 		-31.114 		38.59
v 55.0447 		-31.203 		38.233
v 55.0421 		-31.257 		37.869
v 55.0412 		-31.275 		37.501
v 55.0829 		-24.626 		39.881
v 55.095 		-24.873 		40.154
v 55.1084 		-25.146 		40.401
v 55.1229 		-25.442 		40.62
v 55.1383 		-25.757 		40.81
v 55.1547 		-26.09 		40.967
v 55.1716 		-26.436 		41.091
v 55.1891 		-26.793 		41.18
v 55.207 		-27.157 		41.234
v 55.225 		-27.525 		41.253
v 55.207 		-27.893 		41.234
v 55.1891 		-28.257 		41.18
v 55.1716 		-28.614 		41.091
v 55.0421 		-23.793 		37.869
v 55.0412 		-23.775 		37.501
v 55.0447 		-23.847 		38.233
v 55.0491 		-23.936 		38.59
v 55.0552 		-24.06 		38.937
v 55.0629 		-24.218 		39.269
v 55.0722 		-24.407 		39.585
v 55.0412 		-23.775 		2
v 55.0412 		-31.275 		2
v 44.997 		-65.306 		12.275
v -3.0663 		-59.4706 		2
v -8.5662 		-55.3912 		8.59
v -8.615 		-55.355 		8.7576
v -8.4939 		-55.4449 		8.233
v -8.4502 		-55.4772 		7.869
v -8.4353 		-55.4883 		7.501
v 44.997 		-65.306 		28.639
v -8.615 		-55.355 		14.998
v -8.4353 		-55.4883 		14.998
v -8.5662 		-55.3912 		23.59
v -8.615 		-55.355 		23.7576
v -8.4939 		-55.4449 		23.233
v -8.4502 		-55.4772 		22.869
v -8.4353 		-55.4883 		22.501
v -8.615 		-55.355 		29.998
v -8.4353 		-55.4883 		29.998
v -8.5662 		-55.3912 		38.59
v -8.615 		-55.355 		38.7576
v -8.4939 		-55.4449 		38.233
v -8.4502 		-55.4772 		37.869
v -8.4353 		-55.4883 		37.501
v -8.615 		-55.355 		55
v -8.4353 		-55.4883 		2
v 45.2336 		-65.0905 		8.183
v 45.2493 		-65.0762 		8.584
v 45.2635 		-65.0632 		8.7015
v 45.297 		-65.0327 		8.981
v 45.3755 		-64.9612 		9.371
v 45.4849 		-64.8616 		9.749
v 45.623 		-64.7357 		10.112
v 45.6722 		-64.6909 		10.2138
v 45.7898 		-64.5838 		10.456
v 45.8469 		-64.5318 		10.5515
v 45.9825 		-64.4083 		10.779
v 46.0467 		-64.3498 		10.8671
v 46.2 		-64.2102 		11.077
v 46.4402 		-63.9914 		11.346
v 46.7002 		-63.7545 		11.586
v 46.7823 		-63.6797 		11.6469
v 46.9777 		-63.5017 		11.792
v 47.2702 		-63.2353 		11.964
v -12.1962 		3.7952 		38.937
v 47.3601 		-63.1534 		12.0039
v 47.5751 		-62.9576 		12.099
v -12.1039 		3.8789 		38.59
v -12.0378 		3.9388 		38.233
v 47.6679 		-62.873 		12.1279
v 47.8892 		-62.6715 		12.197
v 47.9837 		-62.5854 		12.2144
v 48.2098 		-62.3794 		12.256
v -12.0098 		3.9643 		37.9767
v -11.9978 		3.9751 		37.869
v 48.533 		-62.085 		12.275
v -11.9882 		3.9838 		37.6099
v -11.9843 		3.9873 		37.501
v -11.9843 		3.9873 		2
v -4.8591 		8.7489 		29.998
v -1.465 		10.354 		29.998
v -4.8591 		8.7489 		14.998
v -1.465 		10.354 		14.998
v -4.8474 		8.7544 		7.7601
v 45.2336 		-65.0905 		24.546
v 45.2493 		-65.0762 		24.947
v -4.8591 		8.7489 		7.501
v 45.2635 		-65.0632 		25.0648
v 45.297 		-65.0327 		25.345
v 45.3755 		-64.9612 		25.734
v -4.8428 		8.7566 		7.869
v 45.4849 		-64.8616 		26.112
v -4.8082 		8.7729 		8.1253
v 45.623 		-64.7357 		26.476
v 45.6722 		-64.6909 		26.5778
v 45.7898 		-64.5838 		26.82
v -4.7938 		8.7798 		8.233
v 45.8469 		-64.5318 		26.9155
v 45.9825 		-64.4083 		27.143
v 46.0467 		-64.3498 		27.2308
v 46.2 		-64.2102 		27.44
v -4.7372 		8.8065 		8.4844
v -4.7132 		8.8179 		8.59
v 46.4402 		-63.9914 		27.71
v 46.7002 		-63.7545 		27.949
v 46.7823 		-63.6797 		28.0102
v 46.9777 		-63.5017 		28.156
v -4.634 		8.8553 		8.8343
v -4.6009 		8.871 		8.937
v 47.2702 		-63.2353 		28.327
v -4.5006 		8.9184 		9.1708
v -4.4584 		8.9384 		9.269
v 47.3601 		-63.1534 		28.3672
v 47.5751 		-62.9576 		28.463
v 47.6679 		-62.873 		28.4916
v 47.8892 		-62.6715 		28.56
v 47.9837 		-62.5854 		28.5774
v 48.2098 		-62.3794 		28.619
v -4.2871 		9.0194 		9.585
v 48.533 		-62.085 		28.639
v -4.0891 		9.113 		9.881
v -3.931 		9.1878 		10.0733
v -3.8649 		9.219 		10.154
v -3.6182 		9.3357 		10.401
v -3.3508 		9.4622 		10.62
v -3.1498 		9.5572 		10.7539
v -3.0653 		9.5972 		10.81
v 45.2336 		-65.0905 		40.91
v 45.2493 		-65.0762 		41.311
v 45.2635 		-65.0632 		41.4285
v 45.297 		-65.0327 		41.708
v -2.8528 		9.6977 		10.9206
v 45.3755 		-64.9612 		42.098
v -2.7639 		9.7397 		10.967
v 45.4849 		-64.8616 		42.476
v -2.5429 		9.8443 		11.0544
v -2.4501 		9.8881 		11.091
v 45.623 		-64.7357 		42.839
v 45.6722 		-64.6909 		42.9411
v 45.7898 		-64.5838 		43.184
v 45.8469 		-64.5318 		43.2792
v 45.9825 		-64.4083 		43.506
v -2.2224 		9.9958 		11.1537
v 46.0467 		-64.3498 		43.5941
v 46.2 		-64.2102 		43.804
v -2.1272 		10.0408 		11.18
v 46.4402 		-63.9914 		44.074
v 46.7002 		-63.7545 		44.313
v 46.7823 		-63.6797 		44.3739
v 46.9777 		-63.5017 		44.519
v 47.2702 		-63.2353 		44.691
v 47.3601 		-63.1534 		44.7309
v 47.5751 		-62.9576 		44.826
v -1.895 		10.1507 		11.2181
v -1.7976 		10.1967 		11.234
v 47.6679 		-62.873 		44.8549
v 47.8892 		-62.6715 		44.924
v 47.9837 		-62.5854 		44.9414
v 48.2098 		-62.3794 		44.983
v 48.533 		-62.085 		45.003
v 48.533 		-62.085 		32.725
v 45.2336 		-65.0905 		32.725
v 48.533 		-62.085 		16.361
v 45.2336 		-65.0905 		16.361
v -1.563 		10.3077 		11.2474
v -1.465 		10.354 		11.253
v -1.4649 		10.354 		11.253
v -1.221 		10.4414 		11.2396
v -1.1187 		10.478 		11.234
v -0.8765 		10.5647 		11.1959
v -0.7752 		10.6009 		11.18
v -0.5385 		10.6857 		11.1173
v -0.4391 		10.7212 		11.091
v -0.2086 		10.8038 		11.0036
v -0.1121 		10.8383 		10.967
v -4.8474 		8.7544 		22.7601
v -4.8591 		8.7489 		22.501
v -4.8428 		8.7566 		22.869
v -4.8082 		8.7729 		23.1253
v -4.7938 		8.7798 		23.233
v -4.7372 		8.8065 		23.4844
v -4.7132 		8.8179 		23.59
v -4.634 		8.8553 		23.8343
v -4.6009 		8.871 		23.937
v -4.5006 		8.9184 		24.1708
v -4.4584 		8.9384 		24.269
v -4.2871 		9.0194 		24.585
v -4.0891 		9.113 		24.881
v -3.931 		9.1878 		25.0733
v -3.8649 		9.219 		25.154
v -3.6182 		9.3357 		25.401
v -3.3508 		9.4622 		25.62
v -3.1498 		9.5572 		25.7539
v -3.0653 		9.5972 		25.81
v -2.8528 		9.6977 		25.9206
v -2.7639 		9.7397 		25.967
v -2.5429 		9.8443 		26.0544
v -2.4501 		9.8881 		26.091
v 31.8134 		-60.188 		2
v -2.2224 		9.9958 		26.1537
v 24.4766 		-62.027 		7.869
v 24.465 		-62.0299 		7.6191
v 24.4592 		-62.0313 		7.501
v -2.1272 		10.0408 		26.18
v 24.5295 		-62.0137 		8.233
v 24.4937 		-62.0227 		7.9858
v 24.5575 		-62.0067 		8.3476
v -1.895 		10.1507 		26.2181
v -1.7976 		10.1967 		26.234
v 24.6172 		-61.9917 		8.59
v 24.6563 		-61.9819 		8.7013
v 10.493 		13.2921 		7.869
v 10.475 		13.2912 		7.501
v 10.547 		13.2947 		8.233
v 10.636 		13.2991 		8.59
v 10.76 		13.3052 		8.937
v -1.563 		10.3077 		26.2474
v 10.918 		13.3129 		9.269
v -1.465 		10.354 		26.253
v -1.4649 		10.354 		26.253
v 11.107 		13.3222 		9.585
v -1.221 		10.4414 		26.2396
v 11.326 		13.3329 		9.881
v 11.573 		13.345 		10.154
v 11.846 		13.3584 		10.401
v -1.1187 		10.478 		26.234
v 12.142 		13.3729 		10.62
v -0.8765 		10.5647 		26.1959
v -0.7752 		10.6009 		26.18
v 24.4592 		-62.0313 		14.998
v 12.457 		13.3883 		10.81
v -0.5385 		10.6857 		26.1173
v 12.79 		13.4047 		10.967
v 24.4766 		-62.027 		22.869
v 24.465 		-62.0299 		22.6191
v 24.4592 		-62.0313 		22.501
v -0.4391 		10.7212 		26.091
v 13.136 		13.4216 		11.091
v 24.5295 		-62.0137 		23.233
v 24.4937 		-62.0227 		22.9858
v -0.2086 		10.8038 		26.0036
v 13.493 		13.4391 		11.18
v -0.1121 		10.8383 		25.967
v 24.5575 		-62.0067 		23.3476
v 13.857 		13.457 		11.234
v 10.475 		13.2912 		14.998
v 10.493 		13.2921 		22.869
v 10.475 		13.2912 		22.501
v -4.8474 		8.7544 		37.7601
v -4.8591 		8.7489 		37.501
v 10.547 		13.2947 		23.233
v -4.8428 		8.7566 		37.869
v 10.636 		13.2991 		23.59
v -4.8082 		8.7729 		38.1253
v 10.76 		13.3052 		23.937
v 10.918 		13.3129 		24.269
v 11.107 		13.3222 		24.585
v -4.7938 		8.7798 		38.233
v 11.326 		13.3329 		24.881
v -4.7372 		8.8065 		38.4844
v -4.7132 		8.8179 		38.59
v 11.573 		13.345 		25.154
v 11.846 		13.3584 		25.401
v 12.142 		13.3729 		25.62
v -4.634 		8.8553 		38.8343
v 24.6172 		-61.9917 		23.59
v -4.6009 		8.871 		38.937
v 12.457 		13.3883 		25.81
v 12.79 		13.4047 		25.967
v -4.5006 		8.9184 		39.1708
v -4.4584 		8.9384 		39.269
v 24.6563 		-61.9819 		23.7013
v -4.2871 		9.0194 		39.585
v -4.0891 		9.113 		39.881
v -3.931 		9.1878 		40.0733
v -3.8649 		9.219 		40.154
v -3.6182 		9.3357 		40.401
v -3.3508 		9.4622 		40.62
v -3.1498 		9.5572 		40.7539
v -3.0653 		9.5972 		40.81
v 24.4592 		-62.0313 		29.998
v -2.8528 		9.6977 		40.9206
v -2.7639 		9.7397 		40.967
v -2.5429 		9.8443 		41.0544
v -2.4501 		9.8881 		41.091
v 24.4592 		-62.0313 		2
v 21.249 		-62.836 		2
v -2.2224 		9.9958 		41.1537
v 2.5391 		-65.536 		2
v -2.1272 		10.0408 		41.18
v 33.1965 		-63.527 		2
v 33.3091 		-63.7989 		2
v -1.895 		10.1507 		41.2181
v -1.7976 		10.1967 		41.234
v 13.136 		13.4216 		26.091
v 13.493 		13.4391 		26.18
v 13.857 		13.457 		26.234
v 10.475 		13.2912 		29.998
v 10.493 		13.2921 		37.869
v 10.475 		13.2912 		37.501
v 26.7924 		-68.5047 		10.112
v 10.547 		13.2947 		38.233
v 10.636 		13.2991 		38.59
v 27.0036 		-68.4287 		10.456
v 10.76 		13.3052 		38.937
v 27.2485 		-68.3407 		10.779
v 10.918 		13.3129 		39.269
v 27.5251 		-68.2412 		11.077
v 11.107 		13.3222 		39.585
v 27.83 		-68.1315 		11.346
v 11.326 		13.3329 		39.881
v 11.573 		13.345 		40.154
v 28.16 		-68.0129 		11.586
v 27.936 		-68.0934 		11.4229
v 11.846 		13.3584 		40.401
v 28.5131 		-67.8859 		11.792
v 12.142 		13.3729 		40.62
v 28.6321 		-67.8431 		11.8471
v 12.457 		13.3883 		40.81
v 12.79 		13.4047 		40.967
v 13.136 		13.4216 		41.091
v 13.493 		13.4391 		41.18
v 13.857 		13.457 		41.234
v 26.7924 		-68.5047 		26.476
v 27.0036 		-68.4287 		26.82
v 27.2485 		-68.3407 		27.143
v 27.5251 		-68.2412 		27.44
v 27.83 		-68.1315 		27.71
v 28.16 		-68.0129 		27.949
v 27.936 		-68.0934 		27.7866
v -1.563 		10.3077 		41.2474
v 28.5131 		-67.8859 		28.156
v 28.6321 		-67.8431 		28.2108
v -1.465 		10.354 		41.253
v -1.4649 		10.354 		41.253
v -1.221 		10.4414 		41.2396
v -1.1187 		10.478 		41.234
v -0.8765 		10.5647 		41.1959
v -0.7752 		10.6009 		41.18
v -0.5385 		10.6857 		41.1173
v -0.4391 		10.7212 		41.091
v 26.7924 		-68.5047 		42.839
v -0.2086 		10.8038 		41.0036
v -0.1121 		10.8383 		40.967
v 27.0036 		-68.4287 		43.184
v 27.2485 		-68.3407 		43.506
v 27.5251 		-68.2412 		43.804
v 27.83 		-68.1315 		44.074
v 28.16 		-68.0129 		44.313
v 27.936 		-68.0934 		44.1506
v 28.5131 		-67.8859 		44.519
v -4.8591 		8.7489 		2
v 28.6321 		-67.8431 		44.5741
v 55.028 		-31.544 		2
v 55.028 		-31.544 		55
v 48.5331 		-62.0848 		12.275
v 48.8262 		-61.7598 		12.256
v 48.912 		-61.6647 		12.2386
v 49.1166 		-61.4379 		12.197
v 49.2006 		-61.3447 		12.1681
v 49.4015 		-61.122 		12.099
v 49.4831 		-61.0314 		12.0591
v 49.6776 		-60.8157 		11.964
v 49.9427 		-60.5218 		11.792
v 50.017 		-60.4394 		11.7311
v 50.1944 		-60.2427 		11.586
v 50.4301 		-59.9813 		11.346
v 50.6478 		-59.7399 		11.077
v 50.7061 		-59.6752 		10.9889
v 50.8447 		-59.5215 		10.779
v 50.8963 		-59.4643 		10.6835
v 51.0196 		-59.3276 		10.456
v 51.0643 		-59.278 		10.3542
v 51.1705 		-59.1603 		10.112
v 51.2957 		-59.0214 		9.749
v 51.3949 		-58.9115 		9.371
v 51.466 		-58.8326 		8.981
v 51.4788 		-58.8185 		8.8635
v 51.5095 		-58.7844 		8.584
v 51.5237 		-58.7686 		8.183
v 51.738 		-58.531 		12.275
v 48.5331 		-62.0848 		28.639
v 48.8262 		-61.7598 		28.619
v 48.912 		-61.6647 		28.6016
v 49.1166 		-61.4379 		28.56
v 49.2006 		-61.3447 		28.5314
v 49.4015 		-61.122 		28.463
v 55.225 		-27.525 		55
v 49.4831 		-61.0314 		28.4228
v 49.6776 		-60.8157 		28.327
v 49.9427 		-60.5218 		28.156
v 50.017 		-60.4394 		28.0948
v 50.1944 		-60.2427 		27.949
v 50.4301 		-59.9813 		27.71
v 50.6478 		-59.7399 		27.44
v 50.7061 		-59.6752 		27.3522
v 50.8447 		-59.5215 		27.143
v 50.8963 		-59.4643 		27.0475
v 51.0196 		-59.3276 		26.82
v 51.0643 		-59.278 		26.7183
v 51.1705 		-59.1603 		26.476
v 51.2957 		-59.0214 		26.112
v 51.3949 		-58.9115 		25.734
v 51.466 		-58.8326 		25.345
v 51.4788 		-58.8185 		25.2272
v 51.5095 		-58.7844 		24.947
v 51.5237 		-58.7686 		24.546
v 48.5331 		-62.0848 		45.003
v 48.8262 		-61.7598 		44.983
v 48.912 		-61.6647 		44.9656
v 49.1166 		-61.4379 		44.924
v 55.225 		-1.4535 		2
v 55.1488 		-1.3257 		2
v 49.2006 		-61.3447 		44.8951
v 49.4015 		-61.122 		44.826
v 49.4831 		-61.0314 		44.7861
v 49.6776 		-60.8157 		44.691
v 49.9427 		-60.5218 		44.519
v 50.017 		-60.4394 		44.4581
v 50.1944 		-60.2427 		44.313
v 50.4301 		-59.9813 		44.074
v 50.6478 		-59.7399 		43.804
v 50.7061 		-59.6752 		43.7159
v 50.8447 		-59.5215 		43.506
v 50.8963 		-59.4643 		43.4108
v 51.0196 		-59.3276 		43.184
v 10.475 		13.2912 		2
v 10.206 		13.278 		2
v 51.0643 		-59.278 		43.082
v 10.206 		13.278 		55
v 51.1705 		-59.1603 		42.839
v 6.226 		12.687 		2
v 6.226 		12.687 		55
v 51.2957 		-59.0214 		42.476
v 2.323 		11.71 		2
v 2.323 		11.71 		55
v 51.3949 		-58.9115 		42.098
v 51.466 		-58.8326 		41.708
v 0.2016 		10.9506 		10.81
v 0.1088 		10.9174 		10.8564
v 51.4788 		-58.8185 		41.5905
v 51.5095 		-58.7844 		41.311
v 0.4992 		11.0571 		10.62
v 0.4115 		11.0257 		10.6761
v 51.5237 		-58.7686 		40.91
v 0.7778 		11.1568 		10.401
v 1.0348 		11.2489 		10.154
v 0.9588 		11.2216 		10.227
v 51.5237 		-58.7686 		32.725
v 1.2678 		11.3323 		9.881
v 1.1988 		11.3076 		9.9617
v 1.474 		11.4061 		9.585
v 1.6524 		11.4699 		9.269
v 1.801 		11.5232 		8.937
v 1.7572 		11.5075 		9.0352
v 51.5237 		-58.7686 		16.361
v 1.9178 		11.5649 		8.59
v 1.8831 		11.5525 		8.6927
v 2.0021 		11.5951 		8.233
v 1.9773 		11.5863 		8.3386
v 2.0529 		11.6133 		7.869
v 2.0378 		11.6079 		7.9767
v 2.0697 		11.6193 		7.501
v 2.0645 		11.6175 		7.6099
v 2.0697 		11.6193 		14.998
v 0.2016 		10.9506 		25.81
v 0.1088 		10.9174 		25.8564
v 0.4992 		11.0571 		25.62
v 0.4115 		11.0257 		25.6761
v 39.5575 		-61.9522 		2
v 37.872 		-63.209 		2
v 0.7778 		11.1568 		25.401
v 34.3393 		-65.3381 		9.371
v 34.278 		-65.375 		9.5523
v 34.431 		-65.2828 		8.981
v 34.4865 		-65.2493 		8.584
v 1.0348 		11.2489 		25.154
v 0.9588 		11.2216 		25.227
v 34.5052 		-65.2381 		8.183
v 1.2678 		11.3323 		24.881
v 1.1988 		11.3076 		24.9617
v 34.3393 		-65.3381 		25.734
v 34.278 		-65.375 		25.9153
v 1.474 		11.4061 		24.585
v 34.431 		-65.2828 		25.345
v 34.4865 		-65.2493 		24.947
v 1.6524 		11.4699 		24.269
v 34.5052 		-65.2381 		24.546
v 1.801 		11.5232 		23.937
v 1.7572 		11.5075 		24.0352
v 34.3393 		-65.3381 		42.098
v 34.278 		-65.375 		42.2793
v 1.9178 		11.5649 		23.59
v 1.8831 		11.5525 		23.6927
v 34.431 		-65.2828 		41.708
v 2.0021 		11.5951 		23.233
v 34.4865 		-65.2493 		41.311
v 1.9773 		11.5863 		23.3386
v 34.5052 		-65.2381 		40.91
v 2.0529 		11.6133 		22.869
v 2.0378 		11.6079 		22.9767
v 2.0697 		11.6193 		22.501
v 2.0645 		11.6175 		22.6099
v 2.0697 		11.6193 		29.998
v 0.2016 		10.9506 		40.81
v 0.1088 		10.9174 		40.8564
v 0.4992 		11.0571 		40.62
v 0.4115 		11.0257 		40.6761
v 0.7778 		11.1568 		40.401
v 1.0348 		11.2489 		40.154
v 0.9588 		11.2216 		40.227
v 54.6232 		-13.9833 		11.1632
v 54.6581 		-14.0814 		11.077
v 1.2678 		11.3323 		39.881
v 1.1988 		11.3076 		39.9617
v 1.474 		11.4061 		39.585
v 54.7569 		-14.3589 		10.779
v 1.6524 		11.4699 		39.269
v 1.801 		11.5232 		38.937
v 1.7572 		11.5075 		39.0352
v 54.8163 		-14.5258 		10.5596
v 54.8445 		-14.6051 		10.456
v 54.8961 		-14.7499 		10.2224
v 54.9203 		-14.818 		10.112
v 1.9178 		11.5649 		38.59
v 1.8831 		11.5525 		38.6927
v 54.9631 		-14.9381 		9.8655
v 2.0021 		11.5951 		38.233
v 54.9832 		-14.9947 		9.749
v 1.9773 		11.5863 		38.3386
v 2.0529 		11.6133 		37.869
v 2.0378 		11.6079 		37.9767
v 55.009 		-15.067 		9.5531
v 2.0697 		11.6193 		37.501
v 2.0645 		11.6175 		37.6099
v 54.6232 		-13.9833 		27.5266
v 54.6581 		-14.0814 		27.44
v 2.0697 		11.6193 		2
v 54.7569 		-14.3589 		27.143
v 0.0092 		5.5298 		11.2167
v 0.1148 		5.5798 		11.234
v 54.8163 		-14.5258 		26.9236
v 54.8445 		-14.6051 		26.82
v 54.8961 		-14.7499 		26.5864
v 54.9203 		-14.818 		26.476
v 0.3411 		5.6869 		11.2469
v 54.9631 		-14.9381 		26.2288
v 0.447 		5.737 		11.253
v 54.9832 		-14.9947 		26.112
v 0.447 		5.737 		14.998
v 0.0092 		5.5298 		26.2167
v 0.1148 		5.5798 		26.234
v 55.009 		-15.067 		25.9161
v 54.6232 		-13.9833 		43.8906
v 54.6581 		-14.0814 		43.804
v 0.3411 		5.6869 		26.2469
v 0.447 		5.737 		26.253
v 0.447 		5.737 		29.998
v 54.7569 		-14.3589 		43.506
v 0.0092 		5.5298 		41.2167
v 0.1148 		5.5798 		41.234
v 54.8163 		-14.5258 		43.2873
v 54.8445 		-14.6051 		43.184
v 54.8961 		-14.7499 		42.9497
v 54.9203 		-14.818 		42.839
v 0.3411 		5.6869 		41.2469
v 0.447 		5.737 		41.253
v 54.9631 		-14.9381 		42.5925
v 54.9832 		-14.9947 		42.476
v 0.447 		5.737 		55
v 55.009 		-15.067 		42.2801
v 55.009 		-15.067 		32.725
v 55.009 		-15.067 		16.361
v 0.4474 		5.7372 		11.253
v 0.6828 		5.8213 		11.2401
v 0.7937 		5.861 		11.234
v 1.0274 		5.9446 		11.1973
v 1.1372 		5.9839 		11.18
v 1.3656 		6.0656 		11.1195
v 1.4734 		6.1041 		11.091
v 1.6957 		6.1837 		11.0067
v 1.8004 		6.2211 		10.967
v 2.0135 		6.2973 		10.8603
v 2.1141 		6.3333 		10.81
v 2.3166 		6.4057 		10.6809
v 2.4118 		6.4398 		10.62
v 2.6903 		6.5394 		10.401
v 2.8649 		6.6019 		10.2332
v 2.9475 		6.6314 		10.154
v 3.1056 		6.6879 		9.9685
v 3.1805 		6.7147 		9.881
v 3.3867 		6.7885 		9.585
v 3.5651 		6.8523 		9.269
v 3.6662 		6.8884 		9.0435
v 3.7138 		6.9055 		8.937
v 3.774 		6.927 		8.7577
v 3.774 		6.927 		14.998
v 0.4474 		5.7372 		26.253
v 0.6828 		5.8213 		26.2401
v 0.7937 		5.861 		26.234
v 1.0274 		5.9446 		26.1973
v 1.1372 		5.9839 		26.18
v 1.3656 		6.0656 		26.1195
v 1.4734 		6.1041 		26.091
v 1.6957 		6.1837 		26.0067
v 1.8004 		6.2211 		25.967
v 2.0135 		6.2973 		25.8603
v 2.1141 		6.3333 		25.81
v 2.3166 		6.4057 		25.6809
v 2.4118 		6.4398 		25.62
v 2.6903 		6.5394 		25.401
v 2.8649 		6.6019 		25.2332
v 2.9475 		6.6314 		25.154
v 3.1056 		6.6879 		24.9685
v 3.1805 		6.7147 		24.881
v 3.3867 		6.7885 		24.585
v 3.5651 		6.8523 		24.269
v 3.6662 		6.8884 		24.0435
v 3.7138 		6.9055 		23.937
v 3.774 		6.927 		23.7577
v 3.774 		6.927 		29.998
v 0.4474 		5.7372 		41.253
v 0.6828 		5.8213 		41.2401
v 0.7937 		5.861 		41.234
v 1.0274 		5.9446 		41.1973
v 1.1372 		5.9839 		41.18
v 1.3656 		6.0656 		41.1195
v 1.4734 		6.1041 		41.091
v 1.6957 		6.1837 		41.0067
v 1.8004 		6.2211 		40.967
v 2.0135 		6.2973 		40.8603
v 2.1141 		6.3333 		40.81
v 2.3166 		6.4057 		40.6809
v 2.4118 		6.4398 		40.62
v 2.6903 		6.5394 		40.401
v 2.8649 		6.6019 		40.2332
v 2.9475 		6.6314 		40.154
v 3.1056 		6.6879 		39.9685
v 3.1805 		6.7147 		39.881
v 3.3867 		6.7885 		39.585
v 3.5651 		6.8523 		39.269
v 3.6662 		6.8884 		39.0435
v 3.7138 		6.9055 		38.937
v 3.774 		6.927 		38.7577
v 3.774 		6.927 		55
v 55.918 		-49.7536 		2
v 55.0148 		-15.0904 		9.4923
v 55.0265 		-15.1371 		9.371
v 55.0524 		-15.241 		8.981
v 55.0683 		-15.3048 		8.584
v 55.0717 		-15.3185 		8.3117
v 55.0734 		-15.3253 		8.183
v 55.0148 		-15.0904 		25.8553
v 55.0265 		-15.1371 		25.734
v 55.0524 		-15.241 		25.345
v 56.848 		-50.1408 		2
v 55.0683 		-15.3048 		24.947
v 55.0717 		-15.3185 		24.6747
v 55.0734 		-15.3253 		24.546
v 55.0148 		-15.0904 		42.2193
v 55.0265 		-15.1371 		42.098
v 55.0524 		-15.241 		41.708
v 55.0683 		-15.3048 		41.311
v 55.0717 		-15.3185 		41.0387
v 55.0734 		-15.3253 		40.91
v 55.0734 		-15.3253 		32.725
v 55.0734 		-15.3253 		16.361
v 55.0734 		-15.3253 		2
v 55.225 		-15.9338 		2
v -8.4508 		-55.5038 		2
v -8.6627 		-55.3117 		8.937
v -10.69 		-53.475 		11.18
v -10.4256 		-53.7146 		11.091
v -10.1685 		-53.9475 		10.967
v -9.9214 		-54.1714 		10.81
v -9.6869 		-54.3839 		10.62
v -9.4676 		-54.5826 		10.401
v -9.2656 		-54.7656 		10.154
v -9.0825 		-54.9315 		9.881
v -8.9198 		-55.0788 		9.585
v -8.7792 		-55.2062 		9.269
v -10.9607 		-53.2297 		11.234
v -11.233 		-52.983 		11.253
v -11.233 		-52.983 		14.998
v -8.6627 		-55.3117 		23.937
v -10.69 		-53.475 		26.18
v -10.4256 		-53.7146 		26.091
v -10.1685 		-53.9475 		25.967
v -9.9214 		-54.1714 		25.81
v -9.6869 		-54.3839 		25.62
v -9.4676 		-54.5826 		25.401
v -9.2656 		-54.7656 		25.154
v -9.0825 		-54.9315 		24.881
v -8.9198 		-55.0788 		24.585
v -8.7792 		-55.2062 		24.269
v -10.9607 		-53.2297 		26.234
v -11.233 		-52.983 		26.253
v -11.233 		-52.983 		29.998
v -8.6627 		-55.3117 		38.937
v -10.69 		-53.475 		41.18
v -10.4256 		-53.7146 		41.091
v -10.1685 		-53.9475 		40.967
v 34.278 		-65.375 		32.725
v 34.5052 		-65.2381 		32.725
v -9.9214 		-54.1714 		40.81
v -9.6869 		-54.3839 		40.62
v 34.278 		-65.375 		16.361
v 34.5052 		-65.2381 		16.361
v -9.4676 		-54.5826 		40.401
v 34.5052 		-65.2381 		2
v -9.2656 		-54.7656 		40.154
v -9.0825 		-54.9315 		39.881
v -8.9198 		-55.0788 		39.585
v -8.7792 		-55.2062 		39.269
v -10.9607 		-53.2297 		41.234
v -11.233 		-52.983 		41.253
v -11.233 		-52.983 		55
v 24.5876 		-62.3412 		2
v 32.2358 		-61.2076 		2
v 17.814 		-63.3451 		8.59
v 17.754 		-63.354 		8.7579
v 17.903 		-63.3319 		8.233
v 17.957 		-63.3239 		7.869
v 17.975 		-63.3212 		7.501
v 17.754 		-63.354 		14.998
v 17.975 		-63.3212 		14.998
v 17.814 		-63.3451 		23.59
v 17.754 		-63.354 		23.7579
v 17.903 		-63.3319 		23.233
v 17.957 		-63.3239 		22.869
v 17.975 		-63.3212 		22.501
v 3.7937 		6.9319 		8.7013
v 3.8328 		6.9417 		8.59
v 3.8925 		6.9567 		8.3476
v 3.9205 		6.9637 		8.233
v 3.9563 		6.9727 		7.9858
v 3.9734 		6.977 		7.869
v 3.985 		6.9799 		7.6191
v 3.9908 		6.9813 		7.501
v 3.9908 		6.9813 		14.998
v 3.7937 		6.9319 		23.7013
v 3.8328 		6.9417 		23.59
v 3.8925 		6.9567 		23.3476
v 3.9205 		6.9637 		23.233
v 3.9563 		6.9727 		22.9858
v 3.9734 		6.977 		22.869
v 3.985 		6.9799 		22.6191
v 3.9908 		6.9813 		22.501
v 3.9908 		6.9813 		29.998
v 3.7937 		6.9319 		38.7013
v 3.8328 		6.9417 		38.59
v 3.8925 		6.9567 		38.3476
v 3.9205 		6.9637 		38.233
v 3.9563 		6.9727 		37.9858
v 3.9734 		6.977 		37.869
v 3.985 		6.9799 		37.6191
v 3.9908 		6.9813 		37.501
v 3.9908 		6.9813 		2
v 7.201 		7.786 		2
v 7.201 		7.786 		55
v -3.2413 		18.0673 		12.099
v -2.8537 		18.2067 		11.964
v -2.4815 		18.3405 		11.792
v -2.5912 		18.301 		11.8428
v -2.1284 		18.4674 		11.586
v -1.7984 		18.586 		11.346
v -1.8961 		18.5509 		11.4169
v -1.4934 		18.6956 		11.077
v -1.2168 		18.795 		10.779
v -0.9719 		18.8831 		10.456
v -0.7608 		18.959 		10.112
v -0.5845 		19.0223 		9.749
v -0.6365 		19.0036 		9.8564
v -0.4456 		19.0723 		9.371
v -0.3459 		19.1081 		8.981
v -0.2855 		19.1298 		8.584
v -0.2652 		19.1371 		8.183
v -0.8782 		18.9168 		26.6673
v -0.7608 		18.959 		26.476
v -0.5845 		19.0223 		26.112
v -0.6365 		19.0036 		26.2197
v -0.4456 		19.0723 		25.734
v -0.3459 		19.1081 		25.345
v -0.2855 		19.1298 		24.947
v -0.2652 		19.1371 		24.546
v -0.2652 		19.1371 		16.361
v 55.225 		-15.2622 		2
v -0.811 		18.4925 		26.82
v 14.15 		-70.442 		60
v 13.8015 		-70.4248 		60
v 26.544 		-68.594 		60
v 22.48 		-69.617 		60
v 18.335 		-70.235 		60
v 32.758 		-72.68 		60
v 37.072 		-70.629 		60
v 31.9404 		-72.9739 		12.197
v 32.3475 		-72.8275 		12.256
v 32.4689 		-72.7839 		12.2616
v 32.758 		-72.68 		12.275
v 32.758 		-72.68 		12.275
v 31.9404 		-72.9739 		28.56
v 32.3475 		-72.8275 		28.619
v 32.4689 		-72.7839 		28.6249
v 32.758 		-72.68 		28.639
v 32.758 		-72.68 		28.639
v 31.9404 		-72.9739 		44.924
v 32.3475 		-72.8275 		44.983
v 32.4689 		-72.7839 		44.9889
v 32.758 		-72.68 		45.003
v 32.758 		-72.68 		45.003
v 32.758 		-72.68 		32.725
v 32.758 		-72.68 		16.361
v 32.8741 		-72.6248 		12.2694
v 33.1525 		-72.4925 		12.256
v 33.5433 		-72.3066 		12.197
v 33.9264 		-72.1245 		12.099
v 34.2986 		-71.9475 		11.964
v 34.4042 		-71.8973 		11.9132
v 34.6556 		-71.7778 		11.792
v 34.9945 		-71.6167 		11.586
v 35.0881 		-71.5722 		11.5151
v 35.3117 		-71.4659 		11.346
v 35.6045 		-71.3267 		11.077
v 35.87 		-71.2005 		10.779
v 36.1052 		-71.0887 		10.456
v 36.3079 		-70.9923 		10.112
v 36.358 		-70.9685 		10.0046
v 36.4768 		-70.912 		9.749
v 36.6101 		-70.8486 		9.371
v 36.7059 		-70.8031 		8.981
v 36.7638 		-70.7755 		8.584
v 36.7833 		-70.7663 		8.183
v 37.072 		-70.629 		12.275
v 41.4407 		-61.2781 		2
v 41.909 		-61.7489 		2
v 34.5151 		-65.2623 		2
v 34.0397 		-65.4882 		10.112
v 34.2086 		-65.408 		9.749
v 34.0941 		-65.4624 		9.9955
v 34.0397 		-65.4882 		26.476
v 34.2086 		-65.408 		26.112
v 34.0941 		-65.4624 		26.3592
v 34.0397 		-65.4882 		42.839
v 34.2086 		-65.408 		42.476
v 34.0941 		-65.4624 		42.7225
v 32.8741 		-72.6248 		28.6331
v 33.1525 		-72.4925 		28.619
v 33.5433 		-72.3066 		28.56
v 33.9264 		-72.1245 		28.463
v 34.2986 		-71.9475 		28.327
v 34.4042 		-71.8973 		28.2765
v 34.6556 		-71.7778 		28.156
v 34.9945 		-71.6167 		27.949
v 35.0881 		-71.5722 		27.8784
v 35.3117 		-71.4659 		27.71
v 35.6045 		-71.3267 		27.44
v 35.87 		-71.2005 		27.143
v 36.1052 		-71.0887 		26.82
v 36.3079 		-70.9923 		26.476
v 36.358 		-70.9685 		26.3683
v 36.4768 		-70.912 		26.112
v 36.6101 		-70.8486 		25.734
v 36.7059 		-70.8031 		25.345
v 36.7638 		-70.7755 		24.947
v 36.7833 		-70.7663 		24.546
v 37.072 		-70.629 		28.639
v 32.8741 		-72.6248 		44.9971
v 33.1525 		-72.4925 		44.983
v 33.5433 		-72.3066 		44.924
v 33.9264 		-72.1245 		44.826
v 34.2986 		-71.9475 		44.691
v 34.4042 		-71.8973 		44.6402
v 34.6556 		-71.7778 		44.519
v 34.9945 		-71.6167 		44.313
v 35.0881 		-71.5722 		44.2424
v 35.3117 		-71.4659 		44.074
v 35.6045 		-71.3267 		43.804
v 35.87 		-71.2005 		43.506
v 36.1052 		-71.0887 		43.184
v 36.3079 		-70.9923 		42.839
v 36.358 		-70.9685 		42.7316
v 36.4768 		-70.912 		42.476
v 36.6101 		-70.8486 		42.098
v 36.7059 		-70.8031 		41.708
v 36.7638 		-70.7755 		41.311
v 36.7833 		-70.7663 		40.91
v 36.7833 		-70.7663 		32.725
v 36.7833 		-70.7663 		16.361
v 10.041 		-70.2388 		9.749
v 9.965 		-70.235 		9.5536
v 10.228 		-70.248 		10.112
v 10.452 		-70.2591 		10.456
v 10.712 		-70.2719 		10.779
v 11.005 		-70.2864 		11.077
v 11.329 		-70.3025 		11.346
v 11.679 		-70.3198 		11.586
v 12.053 		-70.3383 		11.792
v 12.448 		-70.3578 		11.964
v 12.859 		-70.3781 		12.099
v 13.282 		-70.3991 		12.197
v 13.714 		-70.4204 		12.256
v 14.15 		-70.442 		12.275
v 10.041 		-70.2388 		26.112
v 9.965 		-70.235 		25.9166
v 10.228 		-70.248 		26.476
v 10.452 		-70.2591 		26.82
v 10.712 		-70.2719 		27.143
v 11.005 		-70.2864 		27.44
v 11.329 		-70.3025 		27.71
v 11.679 		-70.3198 		27.949
v 12.053 		-70.3383 		28.156
v 12.448 		-70.3578 		28.327
v 12.859 		-70.3781 		28.463
v 13.282 		-70.3991 		28.56
v 13.714 		-70.4204 		28.619
v 14.15 		-70.442 		28.639
v 10.041 		-70.2388 		42.476
v 9.965 		-70.235 		42.2806
v 10.228 		-70.248 		42.839
v 10.452 		-70.2591 		43.184
v 10.712 		-70.2719 		43.506
v 11.005 		-70.2864 		43.804
v 11.329 		-70.3025 		44.074
v 11.679 		-70.3198 		44.313
v 12.053 		-70.3383 		44.519
v 12.448 		-70.3578 		44.691
v 12.859 		-70.3781 		44.826
v 13.282 		-70.3991 		44.924
v 13.714 		-70.4204 		44.983
v 14.15 		-70.442 		45.003
v 9.965 		-70.235 		51.2886
v 9.965 		-70.235 		32.725
v 14.15 		-70.442 		32.725
v 9.965 		-70.235 		16.361
v 14.15 		-70.442 		16.361
v 9.724 		-70.1991 		8.584
v 9.702 		-70.1958 		8.183
v 9.788 		-70.2086 		8.981
v 9.894 		-70.2244 		9.371
v 17.754 		-63.354 		29.998
v 17.975 		-63.3212 		29.998
v 17.975 		-63.3212 		2
v 9.724 		-70.1991 		24.947
v 9.702 		-70.1958 		24.546
v 9.788 		-70.2086 		25.345
v 9.894 		-70.2244 		25.734
v 9.724 		-70.1991 		41.311
v 9.702 		-70.1958 		40.91
v 9.788 		-70.2086 		41.708
v 9.894 		-70.2244 		42.098
v 5.82 		-69.617 		41.8767
v 9.702 		-70.1958 		32.725
v 9.702 		-70.1958 		16.361
v 9.702 		-70.1958 		2
v 5.82 		-69.617 		2
v 35.4313 		-67.4855 		2
v 35.5092 		-67.6744 		2
v 35.8597 		-68.525 		2
v 14.225 		-68.525 		11.253
v 14.593 		-68.507 		11.234
v 14.957 		-68.4891 		11.18
v 15.314 		-68.4716 		11.091
v 15.66 		-68.4547 		10.967
v 15.993 		-68.4383 		10.81
v 16.308 		-68.4229 		10.62
v 16.604 		-68.4084 		10.401
v 16.877 		-68.395 		10.154
v 17.124 		-68.3829 		9.881
v 17.343 		-68.3722 		9.585
v 17.532 		-68.3629 		9.269
v 17.69 		-68.3552 		8.937
v 17.814 		-68.3491 		8.59
v 17.903 		-68.3447 		8.233
v 17.957 		-68.3421 		7.869
v 17.975 		-68.3412 		7.501
v 17.975 		-68.3412 		14.998
v 14.225 		-68.525 		14.998
v 14.225 		-68.525 		26.253
v 14.593 		-68.507 		26.234
v 14.957 		-68.4891 		26.18
v 15.314 		-68.4716 		26.091
v 15.66 		-68.4547 		25.967
v 15.993 		-68.4383 		25.81
v 16.308 		-68.4229 		25.62
v 16.604 		-68.4084 		25.401
v 16.877 		-68.395 		25.154
v 17.124 		-68.3829 		24.881
v 17.343 		-68.3722 		24.585
v 17.532 		-68.3629 		24.269
v 17.69 		-68.3552 		23.937
v 17.814 		-68.3491 		23.59
v 17.903 		-68.3447 		23.233
v 17.957 		-68.3421 		22.869
v 17.975 		-68.3412 		22.501
v 17.975 		-68.3412 		29.998
v 14.225 		-68.525 		29.998
v 14.225 		-68.525 		41.253
v 14.593 		-68.507 		41.234
v 14.957 		-68.4891 		41.18
v 15.314 		-68.4716 		41.091
v 15.66 		-68.4547 		40.967
v 15.993 		-68.4383 		40.81
v 16.308 		-68.4229 		40.62
v 16.604 		-68.4084 		40.401
v 16.877 		-68.395 		40.154
v 17.124 		-68.3829 		39.881
v 17.343 		-68.3722 		39.585
v 17.532 		-68.3629 		39.269
v 17.69 		-68.3552 		38.937
v 17.814 		-68.3491 		38.59
v 17.903 		-68.3447 		38.233
v 17.957 		-68.3421 		37.869
v 17.975 		-68.3412 		37.501
v 14.225 		-68.525 		55
v 17.975 		-68.3412 		2
v 18.244 		-68.328 		2
v 18.244 		-68.328 		55
v 1.8254 		-68.6115 		9.371
v 1.756 		-68.594 		9.5525
v 1.9291 		-68.6376 		8.981
v 1.9919 		-68.6534 		8.584
v 2.013 		-68.6587 		8.183
v 1.8254 		-68.6115 		25.734
v 1.756 		-68.594 		25.9155
v 1.9291 		-68.6376 		25.345
v 1.9919 		-68.6534 		24.947
v 2.013 		-68.6587 		24.546
v 54.1711 		-6.0237 		2
v 1.756 		-68.594 		32.6487
v 1.7896 		-68.6025 		32.725
v 2.013 		-68.6587 		32.725
v 2.013 		-68.6587 		33.2323
v 1.756 		-68.594 		16.361
v 2.013 		-68.6587 		16.361
v 2.013 		-68.6587 		2
v 2.0031 		-68.6828 		2
v 1.6838 		-68.568 		9.749
v 1.6838 		-68.568 		26.112
v 1.7896 		-69.2008 		32.725
v 55.028 		-23.506 		2
v 55.028 		-23.506 		55
v 53.226 		-10.3123 		12.197
v 1.5055 		-69.8902 		2
v 26.6162 		-68.568 		9.749
v 26.544 		-68.594 		9.5525
v 53.0445 		-9.9267 		12.099
v 26.6726 		-68.5478 		9.8655
v 53.1679 		-10.189 		12.1656
v 53.4107 		-10.7051 		12.256
v 53.5374 		-10.9743 		12.2689
v 53.597 		-11.101 		12.275
v 53.226 		-10.3123 		28.56
v 53.0445 		-9.9267 		28.463
v 53.1679 		-10.189 		28.5289
v 53.4107 		-10.7051 		28.619
v 53.5374 		-10.9743 		28.6326
v 53.597 		-11.101 		28.639
v 26.6162 		-68.568 		26.112
v 26.544 		-68.594 		25.9155
v 26.6726 		-68.5478 		26.2288
v 53.226 		-10.3123 		44.924
v 53.0445 		-9.9267 		44.826
v 53.1679 		-10.189 		44.8926
v 53.4107 		-10.7051 		44.983
v 53.5374 		-10.9743 		44.9966
v 53.597 		-11.101 		45.003
v 53.597 		-11.101 		32.725
v 53.597 		-11.101 		16.361
v 26.6162 		-68.568 		42.476
v 26.544 		-68.594 		42.2795
v 26.6726 		-68.5478 		42.5925
v 30.884 		-66.9878 		12.256
v 30.6155 		-67.1154 		12.2689
v 30.49 		-67.175 		12.275
v 31.2749 		-66.802 		12.197
v 31.658 		-66.62 		12.099
v 32.0302 		-66.4431 		11.964
v 26.544 		-68.594 		32.725
v 32.3873 		-66.2734 		11.792
v 32.1448 		-66.3887 		11.9089
v 26.544 		-68.594 		16.361
v 30.884 		-66.9878 		28.619
v 30.6155 		-67.1154 		28.6326
v 30.49 		-67.175 		28.639
v 31.2749 		-66.802 		28.56
v 31.658 		-66.62 		28.463
v 32.0302 		-66.4431 		28.327
v 32.3873 		-66.2734 		28.156
v 32.1448 		-66.3887 		28.2722
v 30.884 		-66.9878 		44.983
v 30.6155 		-67.1154 		44.9966
v 30.49 		-67.175 		45.003
v 31.2749 		-66.802 		44.924
v 31.658 		-66.62 		44.826
v 32.0302 		-66.4431 		44.691
v 32.3873 		-66.2734 		44.519
v 32.1448 		-66.3887 		44.6359
v 26.3081 		-68.6534 		8.584
v 26.287 		-68.6587 		8.183
v 26.3709 		-68.6376 		8.981
v 30.49 		-67.175 		32.725
v 30.49 		-67.175 		16.361
v 54.0326 		-12.3246 		12.099
v 54.1269 		-12.5895 		12.0072
v 54.1713 		-12.714 		11.964
v 54.2616 		-12.9678 		11.8471
v 54.3043 		-13.0878 		11.792
v 54.3903 		-13.3292 		11.652
v 54.4307 		-13.4427 		11.586
v 54.5109 		-13.668 		11.4229
v 54.5489 		-13.7747 		11.346
v 53.5971 		-11.1013 		12.275
v 53.6972 		-11.3823 		12.2621
v 53.7441 		-11.5143 		12.256
v 53.8898 		-11.9234 		12.197
v 53.9868 		-12.1959 		12.1304
v 54.0326 		-12.3246 		28.463
v 54.1269 		-12.5895 		28.3706
v 54.1713 		-12.714 		28.327
v 54.2616 		-12.9678 		28.2108
v 54.3043 		-13.0878 		28.156
v 54.3903 		-13.3292 		28.0153
v 54.4307 		-13.4427 		27.949
v 54.5109 		-13.668 		27.7866
v 54.5489 		-13.7747 		27.71
v 53.5971 		-11.1013 		28.639
v 53.6972 		-11.3823 		28.6254
v 53.7441 		-11.5143 		28.619
v 53.8898 		-11.9234 		28.56
v 53.9868 		-12.1959 		28.4941
v 54.0326 		-12.3246 		44.826
v 54.1269 		-12.5895 		44.7342
v 54.1713 		-12.714 		44.691
v 54.2616 		-12.9678 		44.5741
v 54.3043 		-13.0878 		44.519
v 54.3903 		-13.3292 		44.379
v 54.4307 		-13.4427 		44.313
v 54.5109 		-13.668 		44.1506
v 54.5489 		-13.7747 		44.074
v 53.5971 		-11.1013 		45.003
v 53.6972 		-11.3823 		44.9894
v 53.7441 		-11.5143 		44.983
v 53.8898 		-11.9234 		44.924
v 53.9868 		-12.1959 		44.8574
v -8.7122 		-55.7652 		2
v -12.8326 		-51.2176 		10.401
v -12.6339 		-51.4369 		10.62
v -12.4214 		-51.6714 		10.81
v -13.5617 		-50.4127 		8.937
v -13.605 		-50.365 		8.7576
v -13.4562 		-50.5292 		9.269
v -13.3288 		-50.6698 		9.585
v -13.1815 		-50.8325 		9.881
v -13.0156 		-51.0156 		10.154
v -12.1975 		-51.9185 		10.967
v -11.9646 		-52.1756 		11.091
v -11.725 		-52.44 		11.18
v -11.4797 		-52.7107 		11.234
v -13.605 		-50.365 		14.998
v -12.8326 		-51.2176 		25.401
v -12.6339 		-51.4369 		25.62
v -12.4214 		-51.6714 		25.81
v -13.5617 		-50.4127 		23.937
v -13.605 		-50.365 		23.7576
v -13.4562 		-50.5292 		24.269
v -13.3288 		-50.6698 		24.585
v 28.8852 		-67.7521 		11.964
v 29.2729 		-67.6127 		12.099
v 29.6719 		-67.4692 		12.197
v 30.079 		-67.3228 		12.256
v 30.4895 		-67.1752 		12.275
v 30.2107 		-67.2755 		12.2621
v 10.475 		8.2712 		7.501
v 10.493 		8.2739 		7.869
v 10.547 		8.2819 		8.233
v 28.8852 		-67.7521 		28.327
v 10.636 		8.2951 		8.59
v 29.2729 		-67.6127 		28.463
v 10.696 		8.304 		8.7579
v 29.6719 		-67.4692 		28.56
v 30.079 		-67.3228 		28.619
v 30.4895 		-67.1752 		28.639
v 30.2107 		-67.2755 		28.6254
v 28.8852 		-67.7521 		44.691
v 29.2729 		-67.6127 		44.826
v 29.6719 		-67.4692 		44.924
v 30.079 		-67.3228 		44.983
v 10.696 		8.304 		14.998
v 30.4895 		-67.1752 		45.003
v 10.475 		8.2712 		14.998
v 30.2107 		-67.2755 		44.9894
v 10.475 		8.2712 		22.501
v 10.493 		8.2739 		22.869
v 10.547 		8.2819 		23.233
v 10.636 		8.2951 		23.59
v 10.696 		8.304 		23.7579
v 10.696 		8.304 		29.998
v 10.475 		8.2712 		29.998
v 10.475 		8.2712 		37.501
v 10.493 		8.2739 		37.869
v 10.547 		8.2819 		38.233
v 10.636 		8.2951 		38.59
v 10.696 		8.304 		38.7579
v 10.696 		8.304 		55
v 26.4746 		-68.6115 		9.371
v 26.3081 		-68.6534 		24.947
v 26.287 		-68.6587 		24.546
v 26.3709 		-68.6376 		25.345
v 26.4746 		-68.6115 		25.734
v 24.8627 		-63.0055 		2
v 10.475 		8.2712 		2
v -13.1815 		-50.8325 		24.881
v -13.0156 		-51.0156 		25.154
v -12.1975 		-51.9185 		25.967
v 34.7674 		-65.8744 		2
v 35.0099 		-66.4629 		2
v 32.768 		-62.4924 		2
v 14.593 		-63.509 		11.234
v 14.957 		-63.4911 		11.18
v 15.314 		-63.4736 		11.091
v 15.66 		-63.4567 		10.967
v 15.993 		-63.4403 		10.81
v 16.308 		-63.4249 		10.62
v 16.604 		-63.4104 		10.401
v 16.877 		-63.397 		10.154
v 17.124 		-63.3849 		9.881
v 17.343 		-63.3741 		9.585
v 17.532 		-63.3649 		9.269
v 17.69 		-63.3571 		8.937
v 14.593 		-63.509 		26.234
v 14.957 		-63.4911 		26.18
v 15.314 		-63.4736 		26.091
v 15.66 		-63.4567 		25.967
v 15.993 		-63.4403 		25.81
v 16.308 		-63.4249 		25.62
v 16.604 		-63.4104 		25.401
v 16.877 		-63.397 		25.154
v 17.124 		-63.3849 		24.881
v 17.343 		-63.3741 		24.585
v 17.532 		-63.3649 		24.269
v 17.69 		-63.3571 		23.937
v 22.224 		-67.737 		2
v 22.224 		-67.737 		55
v 32.7263 		-66.1124 		11.586
v 13.8015 		15.3748 		60
v 14.15 		15.392 		60
v 18.335 		15.185 		60
v 22.48 		14.567 		60
v 26.544 		13.544 		60
v 37.072 		15.579 		60
v 32.758 		17.63 		60
v 37.072 		15.579 		12.275
v 32.758 		17.63 		12.275
v 35.6045 		16.2767 		11.077
v 35.87 		16.1505 		10.779
v 36.1052 		16.0387 		10.456
v 36.3079 		15.9423 		10.112
v 26.3081 		-68.6534 		41.311
v 36.4768 		15.862 		9.749
v 26.287 		-68.6587 		40.91
v 36.4266 		15.8858 		9.8564
v 26.3709 		-68.6376 		41.708
v 36.6101 		15.7986 		9.371
v 26.4746 		-68.6115 		42.098
v 36.7059 		15.7531 		8.981
v 36.7638 		15.7255 		8.584
v 36.7833 		15.7163 		8.183
v 33.1525 		17.4425 		12.256
v 33.0363 		17.4977 		12.2616
v 33.5433 		17.2566 		12.197
v 33.9264 		17.0745 		12.099
v 34.2986 		16.8975 		11.964
v 34.6556 		16.7278 		11.792
v 34.55 		16.778 		11.8428
v 34.9945 		16.5667 		11.586
v 35.3117 		16.4159 		11.346
v 35.2182 		16.4604 		11.4169
v 26.287 		-68.6587 		32.725
v 32.758 		17.63 		28.639
v 26.287 		-68.6587 		16.361
v 35.6045 		16.2767 		27.44
v 35.87 		16.1505 		27.143
v 36.1052 		16.0387 		26.82
v 36.3079 		15.9423 		26.476
v 26.287 		-68.6587 		2
v 22.48 		-69.617 		2
v 36.4768 		15.862 		26.112
v 36.4266 		15.8858 		26.2197
v 36.6101 		15.7986 		25.734
v 36.7059 		15.7531 		25.345
v 36.7638 		15.7255 		24.947
v 36.7833 		15.7163 		24.546
v 33.1525 		17.4425 		28.619
v 33.0363 		17.4977 		28.6249
v 33.5433 		17.2566 		28.56
v 33.9264 		17.0745 		28.463
v 34.2986 		16.8975 		28.327
v 34.6556 		16.7278 		28.156
v 34.55 		16.778 		28.2065
v 34.9945 		16.5667 		27.949
v 35.3117 		16.4159 		27.71
v 35.2182 		16.4604 		27.7806
v 32.758 		17.63 		45.003
v 35.6045 		16.2767 		43.804
v 35.87 		16.1505 		43.506
v 36.1052 		16.0387 		43.184
v 36.3079 		15.9423 		42.839
v 36.4768 		15.862 		42.476
v 36.4266 		15.8858 		42.5834
v 36.6101 		15.7986 		42.098
v 36.7059 		15.7531 		41.708
v 36.7638 		15.7255 		41.311
v 36.7833 		15.7163 		40.91
v 33.1525 		17.4425 		44.983
v 33.0363 		17.4977 		44.9889
v 33.5433 		17.2566 		44.924
v 33.9264 		17.0745 		44.826
v 34.2986 		16.8975 		44.691
v 34.6556 		16.7278 		44.519
v 34.55 		16.778 		44.5698
v 10.76 		8.3072 		8.937
v 10.918 		8.3149 		9.269
v 11.107 		8.3243 		9.585
v 11.326 		8.3351 		9.881
v 11.573 		8.3472 		10.154
v 11.846 		8.3607 		10.401
v 12.142 		8.3753 		10.62
v 12.457 		8.3908 		10.81
v 12.79 		8.4072 		10.967
v 13.136 		8.4243 		11.091
v 13.493 		8.4419 		11.18
v 13.857 		8.4599 		11.234
v 14.225 		8.478 		11.253
v 14.225 		8.478 		14.998
v 10.76 		8.3072 		23.937
v 10.918 		8.3149 		24.269
v 11.107 		8.3243 		24.585
v 11.326 		8.3351 		24.881
v 11.573 		8.3472 		25.154
v 11.846 		8.3607 		25.401
v 12.142 		8.3753 		25.62
v 12.457 		8.3908 		25.81
v 12.79 		8.4072 		25.967
v 13.136 		8.4243 		26.091
v 18.406 		-70.2244 		9.371
v 18.335 		-70.235 		9.5536
v 13.493 		8.4419 		26.18
v 18.512 		-70.2086 		8.981
v 13.857 		8.4599 		26.234
v 18.576 		-70.1991 		8.584
v 18.598 		-70.1958 		8.183
v 14.225 		8.478 		26.253
v 14.225 		8.478 		29.998
v 18.406 		-70.2244 		25.734
v 18.335 		-70.235 		25.9166
v 18.512 		-70.2086 		25.345
v 10.76 		8.3072 		38.937
v 18.576 		-70.1991 		24.947
v 10.918 		8.3149 		39.269
v 18.598 		-70.1958 		24.546
v 11.107 		8.3243 		39.585
v 18.406 		-70.2244 		42.098
v 18.335 		-70.235 		42.2806
v 18.512 		-70.2086 		41.708
v 18.576 		-70.1991 		41.311
v 18.598 		-70.1958 		40.91
v 18.335 		-70.235 		32.725
v 18.598 		-70.1958 		32.725
v 18.335 		-70.235 		16.361
v 18.598 		-70.1958 		16.361
v 18.598 		-70.1958 		2
v -11.9646 		-52.1756 		26.091
v -11.725 		-52.44 		26.18
v -11.4797 		-52.7107 		26.234
v -13.605 		-50.365 		29.998
v -12.8326 		-51.2176 		40.401
v -12.6339 		-51.4369 		40.62
v -12.4214 		-51.6714 		40.81
v -13.5617 		-50.4127 		38.937
v -13.605 		-50.365 		38.7576
v -13.4562 		-50.5292 		39.269
v -13.3288 		-50.6698 		39.585
v -13.1815 		-50.8325 		39.881
v -13.0156 		-51.0156 		40.154
v -12.1975 		-51.9185 		40.967
v -11.9646 		-52.1756 		41.091
v -11.725 		-52.44 		41.18
v -11.4797 		-52.7107 		41.234
v -13.605 		-50.365 		55
v 44.5559 		-64.4093 		2
v 34.6279 		-65.536 		2
v 50.7168 		-57.9575 		2
v 51.2578 		-58.5014 		2
v 29.915 		-65.404 		55
v 55.1488 		-53.7243 		2
v 41.2935 		-60.6486 		9.749
v 41.237 		-60.7 		9.5538
v 41.4316 		-60.5228 		10.112
v 41.5984 		-60.3709 		10.456
v 41.485 		-60.4741 		10.2224
v 41.7911 		-60.1953 		10.779
v 41.6603 		-60.3145 		10.5596
v 42.0086 		-59.9972 		11.077
v 41.8607 		-60.1319 		10.8746
v 42.2488 		-59.7785 		11.346
v 42.5089 		-59.5416 		11.586
v 42.5979 		-59.4605 		11.652
v 11.326 		8.3351 		39.881
v 11.573 		8.3472 		40.154
v 11.846 		8.3607 		40.401
v 12.142 		8.3753 		40.62
v 12.457 		8.3908 		40.81
v 12.79 		8.4072 		40.967
v 13.136 		8.4243 		41.091
v 13.493 		8.4419 		41.18
v 13.857 		8.4599 		41.234
v 14.225 		8.478 		41.253
v 14.225 		8.478 		55
v 33.0435 		-65.9616 		11.346
v 32.8277 		-66.0641 		11.5091
v 33.3362 		-65.8225 		11.077
v 33.6018 		-65.6963 		10.779
v 33.8369 		-65.5846 		10.456
v 32.7263 		-66.1124 		27.949
v 33.0435 		-65.9616 		27.71
v 32.8277 		-66.0641 		27.8724
v 33.3362 		-65.8225 		27.44
v 33.6018 		-65.6963 		27.143
v 33.8369 		-65.5846 		26.82
v 32.7263 		-66.1124 		44.313
v 33.0435 		-65.9616 		44.074
v 32.8277 		-66.0641 		44.2364
v 33.3362 		-65.8225 		43.804
v 33.6018 		-65.6963 		43.506
v 33.8369 		-65.5846 		43.184
v 34.6821 		-65.6675 		2
v 26.127 		-66.76 		2
v 26.127 		-66.76 		55
v 26.3803 		-66.6693 		7.501
v 26.3855 		-66.6675 		7.6099
v 26.3971 		-66.6633 		7.869
v 26.4122 		-66.6579 		7.9767
v 26.4479 		-66.6451 		8.233
v 26.4727 		-66.6363 		8.3386
v 26.5322 		-66.6149 		8.59
v 26.5669 		-66.6025 		8.6927
v 26.649 		-66.5732 		8.937
v 26.6928 		-66.5574 		9.0352
v 26.7976 		-66.52 		9.269
v 26.976 		-66.4561 		9.585
v 27.1822 		-66.3823 		9.881
v 27.2513 		-66.3575 		9.9617
v 27.4153 		-66.2988 		10.154
v 27.6722 		-66.2068 		10.401
v 27.9508 		-66.1071 		10.62
v 28.0385 		-66.0757 		10.6761
v 28.2484 		-66.0006 		10.81
v 28.3412 		-65.9674 		10.8564
v 28.5621 		-65.8883 		10.967
v 28.6586 		-65.8538 		11.0036
v 28.8891 		-65.7712 		11.091
v 28.9885 		-65.7357 		11.1173
v 29.2252 		-65.6509 		11.18
v 29.3265 		-65.6147 		11.1959
v 26.3803 		-66.6693 		14.998
v 26.3803 		-66.6693 		22.501
v 26.3855 		-66.6675 		22.6099
v 26.3971 		-66.6633 		22.869
v 26.4122 		-66.6579 		22.9767
v 26.4479 		-66.6451 		23.233
v 26.4727 		-66.6363 		23.3386
v 26.5322 		-66.6149 		23.59
v 26.5669 		-66.6025 		23.6927
v 26.649 		-66.5732 		23.937
v 26.6928 		-66.5574 		24.0352
v 26.7976 		-66.52 		24.269
v 26.976 		-66.4561 		24.585
v 27.1822 		-66.3823 		24.881
v 27.2513 		-66.3575 		24.9617
v 27.4153 		-66.2988 		25.154
v 27.6722 		-66.2068 		25.401
v 27.9508 		-66.1071 		25.62
v 28.0385 		-66.0757 		25.6761
v 28.2484 		-66.0006 		25.81
v 28.3412 		-65.9674 		25.8564
v 28.5621 		-65.8883 		25.967
v 28.6586 		-65.8538 		26.0036
v 28.8891 		-65.7712 		26.091
v 28.9885 		-65.7357 		26.1173
v 29.2252 		-65.6509 		26.18
v 29.3265 		-65.6147 		26.1959
v 26.3803 		-66.6693 		29.998
v 26.3803 		-66.6693 		37.501
v 26.3855 		-66.6675 		37.6099
v 26.3971 		-66.6633 		37.869
v 26.4122 		-66.6579 		37.9767
v 26.4479 		-66.6451 		38.233
v 26.4727 		-66.6363 		38.3386
v 26.5322 		-66.6149 		38.59
v 26.5669 		-66.6025 		38.6927
v 26.649 		-66.5732 		38.937
v 26.6928 		-66.5574 		39.0352
v 26.7976 		-66.52 		39.269
v 26.976 		-66.4561 		39.585
v 27.1822 		-66.3823 		39.881
v 27.2513 		-66.3575 		39.9617
v 27.4153 		-66.2988 		40.154
v 27.6722 		-66.2068 		40.401
v 27.9508 		-66.1071 		40.62
v 28.0385 		-66.0757 		40.6761
v 28.2484 		-66.0006 		40.81
v 28.3412 		-65.9674 		40.8564
v 28.5621 		-65.8883 		40.967
v 28.6586 		-65.8538 		41.0036
v 28.8891 		-65.7712 		41.091
v 28.9885 		-65.7357 		41.1173
v 29.2252 		-65.6509 		41.18
v 29.3265 		-65.6147 		41.1959
v 26.3803 		-66.6693 		2
v 0.14 		-68.0129 		11.586
v 0.47 		-68.1315 		11.346
v 0.2459 		-68.051 		11.5091
v 0.7749 		-68.2412 		11.077
v 1.0515 		-68.3407 		10.779
v 1.2964 		-68.4287 		10.456
v 1.5076 		-68.5047 		10.112
v 1.5639 		-68.5249 		9.9955
v 0.14 		-68.0129 		27.949
v 0.47 		-68.1315 		27.71
v 0.2459 		-68.051 		27.8724
v 0.7749 		-68.2412 		27.44
v 1.0515 		-68.3407 		27.143
v 1.2964 		-68.4287 		26.82
v 1.5076 		-68.5047 		26.476
v 1.5639 		-68.5249 		26.3592
v 54.0937 		-6.0559 		2
v 54.437 		-19.526 		2
v 54.437 		-19.526 		55
v 51.6696 		-7.0652 		8.183
v 51.6771 		-7.0779 		8.4553
v 51.6806 		-7.0836 		8.584
v 51.7142 		-7.14 		8.981
v 51.769 		-7.2319 		9.371
v 51.806 		-7.294 		9.5533
v 51.6696 		-7.0652 		24.546
v 51.6771 		-7.0779 		24.8183
v 51.6806 		-7.0836 		24.947
v 51.7142 		-7.14 		25.345
v 51.769 		-7.2319 		25.734
v 51.806 		-7.294 		25.9163
v 51.6696 		-7.0652 		40.91
v 51.6771 		-7.0779 		41.1823
v 51.6806 		-7.0836 		41.311
v 51.7142 		-7.14 		41.708
v 51.769 		-7.2319 		42.098
v 51.806 		-7.294 		42.2803
v 51.806 		-7.294 		32.725
v 51.6696 		-7.0652 		32.725
v 51.806 		-7.294 		16.361
v 51.6696 		-7.0652 		16.361
v 51.6696 		-7.0652 		2
v 51.6936 		-7.0552 		2
v 52.2512 		-8.2403 		11.077
v 52.3451 		-8.4399 		11.2598
v 52.3896 		-8.5344 		11.346
v 52.4917 		-8.7516 		11.5091
v 52.5397 		-8.8536 		11.586
v 52.6484 		-9.0847 		11.726
v 52.6998 		-9.194 		11.792
v 52.8148 		-9.4383 		11.9089
v 52.8688 		-9.5532 		11.964
v 52.9882 		-9.8069 		12.0558
v 51.8184 		-7.3205 		9.6277
v 51.8387 		-7.3635 		9.749
v 51.8928 		-7.4785 		9.9955
v 51.9184 		-7.533 		10.112
v 51.9836 		-7.6714 		10.3457
v 52.0145 		-7.7371 		10.456
v 52.0903 		-7.8982 		10.6754
v 52.1259 		-7.9739 		10.779
v 52.2512 		-8.2403 		27.44
v 52.3451 		-8.4399 		27.6234
v 52.3896 		-8.5344 		27.71
v 52.4917 		-8.7516 		27.8724
v 52.5397 		-8.8536 		27.949
v 52.6484 		-9.0847 		28.0897
v 52.6998 		-9.194 		28.156
v 52.8148 		-9.4383 		28.2722
v 52.8688 		-9.5532 		28.327
v 52.9882 		-9.8069 		28.4194
v 51.8184 		-7.3205 		25.9907
v 51.8387 		-7.3635 		26.112
v 51.8928 		-7.4785 		26.3592
v 51.9184 		-7.533 		26.476
v 51.9836 		-7.6714 		26.7097
v 52.0145 		-7.7371 		26.82
v 52.0903 		-7.8982 		27.0394
v 52.1259 		-7.9739 		27.143
v 34.9945 		16.5667 		44.313
v 35.3117 		16.4159 		44.074
v 35.2182 		16.4604 		44.1446
v 41.2935 		-60.6486 		26.112
v 41.237 		-60.7 		25.9168
v 41.4316 		-60.5228 		26.476
v 41.5984 		-60.3709 		26.82
v 41.485 		-60.4741 		26.5864
v 41.7911 		-60.1953 		27.143
v 41.6603 		-60.3145 		26.9236
v 42.0086 		-59.9972 		27.44
v 41.8607 		-60.1319 		27.2382
v 42.2488 		-59.7785 		27.71
v 42.5089 		-59.5416 		27.949
v 32.758 		17.63 		32.725
v 36.7833 		15.7163 		32.725
v 42.5979 		-59.4605 		28.0153
v 32.758 		17.63 		16.361
v 36.7833 		15.7163 		16.361
v 31.9404 		17.9239 		12.197
v 32.3475 		17.7775 		12.256
v 32.758 		17.63 		12.275
v 32.6366 		17.6736 		12.2694
v 41.2935 		-60.6486 		42.476
v 41.237 		-60.7 		42.2808
v 41.4316 		-60.5228 		42.839
v 31.9404 		17.9239 		28.56
v 41.5984 		-60.3709 		43.184
v 41.485 		-60.4741 		42.9497
v 32.3475 		17.7775 		28.619
v 32.758 		17.63 		28.639
v 32.6366 		17.6736 		28.6331
v 41.7911 		-60.1953 		43.506
v 41.6603 		-60.3145 		43.2873
v 42.0086 		-59.9972 		43.804
v 41.8607 		-60.1319 		43.6016
v 31.9404 		17.9239 		44.924
v 32.3475 		17.7775 		44.983
v 42.2488 		-59.7785 		44.074
v 32.758 		17.63 		45.003
v 32.6366 		17.6736 		44.9971
v 42.5089 		-59.5416 		44.313
v 42.5979 		-59.4605 		44.379
v 1.6274 		13.4978 		9.8655
v 1.6838 		13.518 		9.749
v 1.756 		13.544 		9.5525
v 1.6274 		13.4978 		26.2288
v 1.6838 		13.518 		26.112
v 41.237 		-60.7 		32.725
v 41.237 		-60.7 		16.361
v 52.2512 		-8.2403 		43.804
v 52.3451 		-8.4399 		43.9874
v 52.3896 		-8.5344 		44.074
v 1.756 		13.544 		25.9155
v 52.4917 		-8.7516 		44.2364
v 52.5397 		-8.8536 		44.313
v 1.756 		13.544 		28.639
v 52.6484 		-9.0847 		44.453
v 52.6998 		-9.194 		44.519
v 1.756 		13.544 		32.6487
v 52.8148 		-9.4383 		44.6359
v 52.8688 		-9.5532 		44.691
v 1.756 		13.544 		16.361
v 52.9882 		-9.8069 		44.7828
v 51.8184 		-7.3205 		42.3547
v 51.8387 		-7.3635 		42.476
v 51.8928 		-7.4785 		42.7225
v 51.9184 		-7.533 		42.839
v 1.8254 		13.5615 		9.371
v 1.9291 		13.5876 		8.981
v 1.9919 		13.6034 		8.584
v 2.013 		13.6087 		8.183
v 1.8254 		13.5615 		25.734
v 1.9291 		13.5876 		25.345
v 1.9919 		13.6034 		24.947
v 2.013 		13.6087 		24.546
v 5.82 		14.567 		41.8767
v 2.013 		13.6087 		32.725
v 1.7896 		13.5525 		32.725
v 2.013 		13.6087 		33.2323
v 2.013 		13.6087 		16.361
v 2.013 		13.6087 		2
v 5.82 		14.567 		2
v 41.0409 		-60.8462 		8.584
v 41.0237 		-60.859 		8.183
v 41.0932 		-60.8072 		8.981
v 41.0578 		-60.8336 		8.7114
v 41.1791 		-60.7432 		9.371
v 41.0409 		-60.8462 		24.947
v 41.0237 		-60.859 		24.546
v 41.0932 		-60.8072 		25.345
v 41.0578 		-60.8336 		25.0748
v 41.1791 		-60.7432 		25.734
v 41.0409 		-60.8462 		41.311
v 41.0237 		-60.859 		40.91
v 41.0932 		-60.8072 		41.708
v 41.0578 		-60.8336 		41.4384
v 9.702 		15.1458 		8.183
v 9.724 		15.1491 		8.584
v 41.1791 		-60.7432 		42.098
v 9.788 		15.1586 		8.981
v 9.894 		15.1744 		9.371
v 9.965 		15.185 		9.5536
v 41.0237 		-60.859 		32.725
v 9.702 		15.1458 		24.546
v 41.0237 		-60.859 		16.361
v 9.724 		15.1491 		24.947
v 9.788 		15.1586 		25.345
v 9.894 		15.1744 		25.734
v 41.0237 		-60.859 		2
v 9.965 		15.185 		25.9166
v 9.702 		15.1458 		40.91
v 9.724 		15.1491 		41.311
v 9.788 		15.1586 		41.708
v 9.894 		15.1744 		42.098
v 9.965 		15.185 		42.2806
v 9.965 		15.185 		51.2886
v 9.965 		15.185 		32.725
v 9.702 		15.1458 		32.725
v 9.965 		15.185 		16.361
v 9.702 		15.1458 		16.361
v 0.2016 		-66.0006 		10.81
v 0.2893 		-66.032 		10.7539
v 0.4992 		-66.1071 		10.62
v 0.7778 		-66.2068 		10.401
v 1.0347 		-66.2988 		10.154
v 1.1038 		-66.3236 		10.0733
v 1.2678 		-66.3823 		9.881
v 1.474 		-66.4561 		9.585
v 1.6524 		-66.52 		9.269
v 1.6963 		-66.5357 		9.1708
v 1.801 		-66.5732 		8.937
v 1.8357 		-66.5856 		8.8343
v 1.9178 		-66.6149 		8.59
v 1.9426 		-66.6238 		8.4844
v 2.0021 		-66.6451 		8.233
v 2.0172 		-66.6505 		8.1253
v 2.0529 		-66.6633 		7.869
v 2.0581 		-66.6652 		7.7601
v 2.0697 		-66.6693 		7.501
v 2.0697 		-66.6693 		14.998
v 0.2016 		-66.0006 		25.81
v 0.2893 		-66.032 		25.7539
v 0.4992 		-66.1071 		25.62
v 0.7778 		-66.2068 		25.401
v 1.0347 		-66.2988 		25.154
v 1.1038 		-66.3236 		25.0733
v 1.2678 		-66.3823 		24.881
v 1.474 		-66.4561 		24.585
v 1.6524 		-66.52 		24.269
v 1.6963 		-66.5357 		24.1708
v 1.801 		-66.5732 		23.937
v 1.8357 		-66.5856 		23.8343
v 1.9178 		-66.6149 		23.59
v 1.9426 		-66.6238 		23.4844
v 2.0021 		-66.6451 		23.233
v 2.0172 		-66.6505 		23.1253
v 2.0529 		-66.6633 		22.869
v 2.0581 		-66.6652 		22.7601
v 2.0697 		-66.6693 		22.501
v 2.0697 		-66.6693 		29.998
v 0.2016 		-66.0006 		40.81
v 0.2893 		-66.032 		40.7539
v 0.4992 		-66.1071 		40.62
v 0.7778 		-66.2068 		40.401
v 1.0347 		-66.2988 		40.154
v 1.1038 		-66.3236 		40.0733
v 1.2678 		-66.3823 		39.881
v 1.474 		-66.4561 		39.585
v 1.6524 		-66.52 		39.269
v 1.6963 		-66.5357 		39.1708
v 1.801 		-66.5732 		38.937
v 1.8357 		-66.5856 		38.8343
v 1.9178 		-66.6149 		38.59
v 1.9426 		-66.6238 		38.4844
v 2.0021 		-66.6451 		38.233
v 2.0172 		-66.6505 		38.1253
v 2.0529 		-66.6633 		37.869
v 2.0581 		-66.6652 		37.7601
v 2.0697 		-66.6693 		37.501
v 2.0697 		-66.6693 		2
v 2.323 		-66.76 		2
v 2.323 		-66.76 		55
v 6.226 		-67.737 		2
v 6.226 		-67.737 		55
v 10.206 		-68.328 		2
v 10.206 		-68.328 		55
v 10.475 		-68.3412 		7.501
v 10.493 		-68.3421 		7.869
v 10.547 		-68.3447 		8.233
v 10.636 		-68.3491 		8.59
v 10.76 		-68.3552 		8.937
v 10.918 		-68.3629 		9.269
v 11.107 		-68.3722 		9.585
v 11.326 		-68.3829 		9.881
v 11.573 		-68.395 		10.154
v 11.846 		-68.4084 		10.401
v 12.142 		-68.4229 		10.62
v 12.457 		-68.4383 		10.81
v 12.79 		-68.4547 		10.967
v 13.136 		-68.4716 		11.091
v 51.9836 		-7.6714 		43.0733
v 52.0145 		-7.7371 		43.184
v 13.493 		-68.4891 		11.18
v 13.857 		-68.507 		11.234
v 52.0903 		-7.8982 		43.4027
v 52.1259 		-7.9739 		43.506
v 10.475 		-68.3412 		14.998
v 10.475 		-68.3412 		22.501
v 10.493 		-68.3421 		22.869
v 10.547 		-68.3447 		23.233
v 10.636 		-68.3491 		23.59
v 10.76 		-68.3552 		23.937
v 10.918 		-68.3629 		24.269
v 11.107 		-68.3722 		24.585
v 11.326 		-68.3829 		24.881
v 11.573 		-68.395 		25.154
v 11.846 		-68.4084 		25.401
v 12.142 		-68.4229 		25.62
v 12.457 		-68.4383 		25.81
v 12.79 		-68.4547 		25.967
v 13.136 		-68.4716 		26.091
v 13.493 		-68.4891 		26.18
v 13.857 		-68.507 		26.234
v 10.475 		-68.3412 		29.998
v 10.475 		-68.3412 		37.501
v 10.493 		-68.3421 		37.869
v 10.547 		-68.3447 		38.233
v 10.636 		-68.3491 		38.59
v 10.76 		-68.3552 		38.937
v 10.918 		-68.3629 		39.269
v 11.107 		-68.3722 		39.585
v 11.326 		-68.3829 		39.881
v 11.573 		-68.395 		40.154
v 11.846 		-68.4084 		40.401
v 12.142 		-68.4229 		40.62
v 12.457 		-68.4383 		40.81
v 12.79 		-68.4547 		40.967
v 13.136 		-68.4716 		41.091
v 13.493 		-68.4891 		41.18
v 13.857 		-68.507 		41.234
v 10.475 		-68.3412 		2
v 9.702 		15.1458 		2
v 1.7896 		14.1508 		32.725
v 10.041 		15.1888 		9.749
v 10.228 		15.198 		10.112
v 10.452 		15.2091 		10.456
v 10.712 		15.2219 		10.779
v 11.005 		15.2364 		11.077
v 11.329 		15.2525 		11.346
v 11.679 		15.2698 		11.586
v 12.053 		15.2883 		11.792
v 12.448 		15.3078 		11.964
v 12.859 		15.3281 		12.099
v 13.282 		15.3491 		12.197
v 13.714 		15.3704 		12.256
v 14.15 		15.392 		12.275
v 10.041 		15.1888 		26.112
v 10.228 		15.198 		26.476
v 10.452 		15.2091 		26.82
v 10.712 		15.2219 		27.143
v 11.005 		15.2364 		27.44
v 11.329 		15.2525 		27.71
v 11.679 		15.2698 		27.949
v 12.053 		15.2883 		28.156
v 12.448 		15.3078 		28.327
v 12.859 		15.3281 		28.463
v 13.282 		15.3491 		28.56
v 13.714 		15.3704 		28.619
v 14.15 		15.392 		28.639
v 10.041 		15.1888 		42.476
v 10.228 		15.198 		42.839
v 10.452 		15.2091 		43.184
v 10.712 		15.2219 		43.506
v 11.005 		15.2364 		43.804
v 11.329 		15.2525 		44.074
v 11.679 		15.2698 		44.313
v 14.593 		8.4599 		11.234
v 14.957 		8.4419 		11.18
v 15.314 		8.4243 		11.091
v 15.66 		8.4072 		10.967
v 15.993 		8.3908 		10.81
v 16.308 		8.3753 		10.62
v 16.604 		8.3607 		10.401
v 16.877 		8.3472 		10.154
v 17.124 		8.3351 		9.881
v 17.343 		8.3243 		9.585
v 17.532 		8.3149 		9.269
v 17.69 		8.3072 		8.937
v 17.754 		8.304 		8.7579
v 17.754 		8.304 		14.998
v 14.593 		8.4599 		26.234
v 14.957 		8.4419 		26.18
v 15.314 		8.4243 		26.091
v 15.66 		8.4072 		25.967
v 15.993 		8.3908 		25.81
v 16.308 		8.3753 		25.62
v 16.604 		8.3607 		25.401
v 16.877 		8.3472 		25.154
v 17.124 		8.3351 		24.881
v 17.343 		8.3243 		24.585
v 17.532 		8.3149 		24.269
v 17.69 		8.3072 		23.937
v 17.754 		8.304 		23.7579
v 17.754 		8.304 		29.998
v 14.593 		8.4599 		41.234
v 14.957 		8.4419 		41.18
v 15.314 		8.4243 		41.091
v 15.66 		8.4072 		40.967
v 15.993 		8.3908 		40.81
v 16.308 		8.3753 		40.62
v 16.604 		8.3607 		40.401
v 16.877 		8.3472 		40.154
v 17.124 		8.3351 		39.881
v 17.343 		8.3243 		39.585
v 17.532 		8.3149 		39.269
v 17.69 		8.3072 		38.937
v 17.754 		8.304 		38.7579
v 17.754 		8.304 		55
v 17.814 		8.2951 		8.59
v 17.903 		8.2819 		8.233
v 17.957 		8.2739 		7.869
v 17.975 		8.2712 		7.501
v 17.975 		8.2712 		14.998
v 17.814 		8.2951 		23.59
v 17.903 		8.2819 		23.233
v 17.957 		8.2739 		22.869
v 17.975 		8.2712 		22.501
v 17.975 		8.2712 		29.998
v 17.814 		8.2951 		38.59
v 17.903 		8.2819 		38.233
v 17.957 		8.2739 		37.869
v 17.975 		8.2712 		37.501
v 17.975 		8.2712 		2
v 21.249 		7.786 		2
v 21.249 		7.786 		55
v 12.053 		15.2883 		44.519
v 12.448 		15.3078 		44.691
v 12.859 		15.3281 		44.826
v 13.282 		15.3491 		44.924
v 13.714 		15.3704 		44.983
v 14.15 		15.392 		45.003
v 14.15 		15.392 		32.725
v 14.15 		15.392 		16.361
v 49.536 		-34.549 		2
v 48.6917 		-37.9172 		8.59
v 48.677 		-37.976 		8.7582
v 48.7137 		-37.8295 		8.233
v 48.6987 		-37.8893 		8.4754
v 48.727 		-37.7766 		7.869
v 48.718 		-37.8125 		8.1162
v 48.7313 		-37.7592 		7.501
v 48.7284 		-37.7708 		7.7509
v 48.677 		-37.976 		14.998
v 48.7313 		-37.7592 		14.998
v 48.6917 		-37.9172 		23.59
v 48.677 		-37.976 		23.7582
v 26.7648 		-69.818 		2
v 36.1442 		-69.2156 		2
v 48.7137 		-37.8295 		23.233
v 48.6987 		-37.8893 		23.4754
v 14.586 		-70.4204 		12.256
v 48.727 		-37.7766 		22.869
v 15.018 		-70.3991 		12.197
v 48.718 		-37.8125 		23.1162
v 15.441 		-70.3781 		12.099
v 15.852 		-70.3578 		11.964
v 48.7313 		-37.7592 		22.501
v 16.247 		-70.3383 		11.792
v 48.7284 		-37.7708 		22.7509
v 48.677 		-37.976 		29.998
v 16.621 		-70.3198 		11.586
v 48.7313 		-37.7592 		29.998
v 16.971 		-70.3025 		11.346
v 48.7313 		-37.7592 		2
v 17.295 		-70.2864 		11.077
v 17.588 		-70.2719 		10.779
v 17.848 		-70.2591 		10.456
v 18.072 		-70.248 		10.112
v 18.259 		-70.2388 		9.749
v 14.586 		-70.4204 		28.619
v 15.018 		-70.3991 		28.56
v 15.441 		-70.3781 		28.463
v 15.852 		-70.3578 		28.327
v 16.247 		-70.3383 		28.156
v 16.621 		-70.3198 		27.949
v 16.971 		-70.3025 		27.71
v 17.295 		-70.2864 		27.44
v 17.588 		-70.2719 		27.143
v 17.848 		-70.2591 		26.82
v 18.072 		-70.248 		26.476
v 18.259 		-70.2388 		26.112
v 14.586 		-70.4204 		44.983
v 15.018 		-70.3991 		44.924
v 15.441 		-70.3781 		44.826
v 15.852 		-70.3578 		44.691
v 16.247 		-70.3383 		44.519
v 16.621 		-70.3198 		44.313
v 16.971 		-70.3025 		44.074
v 17.295 		-70.2864 		43.804
v 17.588 		-70.2719 		43.506
v 17.848 		-70.2591 		43.184
v 48.7515 		-37.7676 		2
v 18.072 		-70.248 		42.839
v 47.4872 		-41.3026 		11.253
v 47.487 		-41.303 		11.253
v 18.259 		-70.2388 		42.476
v 47.5268 		-41.1916 		11.2469
v 47.611 		-40.9563 		11.234
v 47.7339 		-40.6128 		11.18
v 47.6503 		-40.8464 		11.2167
v 47.8541 		-40.2766 		11.091
v 47.7724 		-40.505 		11.1515
v 47.9711 		-39.9496 		10.967
v 47.8915 		-40.172 		11.0513
v 48.0833 		-39.6359 		10.81
v 48.0071 		-39.849 		10.9167
v 48.1898 		-39.3382 		10.62
v 48.1173 		-39.5407 		10.7491
v 48.2894 		-39.0597 		10.401
v 48.3813 		-38.8027 		10.154
v 48.4647 		-38.5695 		9.881
v 48.4081 		-38.7277 		10.0665
v 48.5385 		-38.3633 		9.585
v 48.6023 		-38.1849 		9.269
v 48.6555 		-38.0362 		8.937
v 48.6193 		-38.1373 		9.1625
v 48.6689 		-37.9987 		8.8257
v 47.487 		-41.303 		14.998
v 47.4872 		-41.3026 		26.253
v 47.487 		-41.303 		26.253
v 47.5268 		-41.1916 		26.2469
v 47.611 		-40.9563 		26.234
v 47.7339 		-40.6128 		26.18
v 47.6503 		-40.8464 		26.2167
v 47.8541 		-40.2766 		26.091
v 47.7724 		-40.505 		26.1515
v 47.9711 		-39.9496 		25.967
v 47.8915 		-40.172 		26.0513
v 48.0833 		-39.6359 		25.81
v 48.0071 		-39.849 		25.9167
v 48.1898 		-39.3382 		25.62
v 48.1173 		-39.5407 		25.7491
v 48.2894 		-39.0597 		25.401
v 48.3813 		-38.8027 		25.154
v 48.4647 		-38.5695 		24.881
v 48.4081 		-38.7277 		25.0665
v 48.5385 		-38.3633 		24.585
v 48.6023 		-38.1849 		24.269
v 48.6555 		-38.0362 		23.937
v 48.6193 		-38.1373 		24.1625
v 48.6689 		-37.9987 		23.8257
v 47.487 		-41.303 		29.998
v 24.4708 		6.9784 		7.7509
v 24.4766 		6.977 		7.869
v 24.4592 		6.9813 		7.501
v 24.5125 		6.968 		8.1162
v 24.5295 		6.9637 		8.233
v 24.5893 		6.9487 		8.4754
v 24.6172 		6.9417 		8.59
v 24.676 		6.927 		8.7582
v 24.676 		6.927 		14.998
v 24.4592 		6.9813 		14.998
v 24.4708 		6.9784 		22.7509
v 24.4766 		6.977 		22.869
v 24.4592 		6.9813 		22.501
v 24.5125 		6.968 		23.1162
v 24.5295 		6.9637 		23.233
v 53.46 		-15.623 		2
v 53.46 		-15.623 		55
v 48.7458 		-2.4537 		2
v 49.652 		-3.682 		2
v 24.5893 		6.9487 		23.4754
v 24.6172 		6.9417 		23.59
v 24.676 		6.927 		23.7582
v 24.676 		6.927 		29.998
v 24.4592 		6.9813 		29.998
v 24.4708 		6.9784 		37.7509
v 24.4766 		6.977 		37.869
v 24.4592 		6.9813 		37.501
v 24.5125 		6.968 		38.1162
v 24.5295 		6.9637 		38.233
v 24.5893 		6.9487 		38.4754
v 24.6172 		6.9417 		38.59
v 24.676 		6.927 		38.7582
v 24.676 		6.927 		55
v 24.4592 		6.9813 		2
v 41.3039 		-61.1407 		2
v 49.0991 		-56.3315 		2
v 49.1683 		-56.4011 		2
v 24.4676 		7.0015 		2
v 26.872 		6.1415 		11.0513
v 26.9766 		6.1041 		11.091
v 27.205 		6.0224 		11.1515
v 27.3128 		5.9839 		11.18
v 27.5464 		5.9003 		11.2167
v 27.6563 		5.861 		11.234
v 27.8916 		5.7768 		11.2469
v 28.0026 		5.7372 		11.253
v 28.003 		5.737 		11.253
v 24.6987 		6.9189 		8.8257
v 24.7362 		6.9055 		8.937
v 1.5055 		14.8402 		2
v 14.586 		15.3704 		12.256
v 15.018 		15.3491 		12.197
v 15.441 		15.3281 		12.099
v 15.852 		15.3078 		11.964
v 16.247 		15.2883 		11.792
v 16.621 		15.2698 		11.586
v 16.971 		15.2525 		11.346
v 17.295 		15.2364 		11.077
v 17.588 		15.2219 		10.779
v 17.848 		15.2091 		10.456
v 18.072 		15.198 		10.112
v 18.259 		15.1888 		9.749
v 18.335 		15.185 		9.5536
v 14.586 		15.3704 		28.619
v 15.018 		15.3491 		28.56
v 15.441 		15.3281 		28.463
v 15.852 		15.3078 		28.327
v 16.247 		15.2883 		28.156
v 16.621 		15.2698 		27.949
v 16.971 		15.2525 		27.71
v 17.295 		15.2364 		27.44
v 17.588 		15.2219 		27.143
v 17.848 		15.2091 		26.82
v 18.072 		15.198 		26.476
v 18.259 		15.1888 		26.112
v 18.335 		15.185 		25.9166
v 14.586 		15.3704 		44.983
v 15.018 		15.3491 		44.924
v 15.441 		15.3281 		44.826
v 15.852 		15.3078 		44.691
v 16.247 		15.2883 		44.519
v 16.621 		15.2698 		44.313
v 16.971 		15.2525 		44.074
v 17.295 		15.2364 		43.804
v 17.588 		15.2219 		43.506
v 17.848 		15.2091 		43.184
v 18.072 		15.198 		42.839
v 18.259 		15.1888 		42.476
v -13.7275 		-50.1998 		7.869
v -13.7347 		-50.1901 		7.6191
v -13.7383 		-50.1853 		7.501
v -13.6949 		-50.2439 		8.233
v -13.7171 		-50.2138 		7.9858
v -13.6412 		-50.3162 		8.59
v -13.7383 		-50.1853 		14.998
v -13.7275 		-50.1998 		22.869
v -13.7347 		-50.1901 		22.6191
v -13.7383 		-50.1853 		22.501
v -13.6949 		-50.2439 		23.233
v -13.7171 		-50.2138 		22.9858
v -13.6412 		-50.3162 		23.59
v -13.7383 		-50.1853 		29.998
v -13.7275 		-50.1998 		37.869
v -13.7347 		-50.1901 		37.6191
v -13.7383 		-50.1853 		37.501
v -13.6949 		-50.2439 		38.233
v -13.7171 		-50.2138 		37.9858
v 49.0931 		-37.9091 		2
v -13.6412 		-50.3162 		38.59
v 46.0033 		-44.4382 		8.937
v 45.976 		-44.496 		8.7586
v 46.0708 		-44.2957 		9.269
v 46.025 		-44.3924 		9.0435
v 46.1518 		-44.1244 		9.585
v 46.2458 		-43.9259 		9.881
v 46.1819 		-44.0609 		9.6799
v 46.3515 		-43.7026 		10.154
v 46.2797 		-43.8542 		9.9685
v 46.4683 		-43.4556 		10.401
v 46.3889 		-43.6235 		10.2332
v 46.5949 		-43.1882 		10.62
v -13.7383 		-50.1853 		2
v -15.71 		-47.527 		2
v -15.71 		-47.527 		55
v 46.6382 		-43.0966 		10.6809
v 46.73 		-42.9027 		10.81
v 46.8726 		-42.6014 		10.967
v 46.7756 		-42.8063 		10.8603
v 47.0211 		-42.2876 		11.091
v 46.9202 		-42.5008 		11.0067
v 47.1738 		-41.9648 		11.18
v 47.0699 		-42.1843 		11.1195
v 47.3298 		-41.6352 		11.234
v 47.2238 		-41.8591 		11.1973
v 47.3801 		-41.5288 		11.2401
v 45.976 		-44.496 		14.998
v 46.0033 		-44.4382 		23.937
v 45.976 		-44.496 		23.7586
v 46.0708 		-44.2957 		24.269
v 46.025 		-44.3924 		24.0435
v 46.1518 		-44.1244 		24.585
v 46.2458 		-43.9259 		24.881
v 46.1819 		-44.0609 		24.6799
v 46.3515 		-43.7026 		25.154
v 46.2797 		-43.8542 		24.9685
v 46.4683 		-43.4556 		25.401
v 46.3889 		-43.6235 		25.2332
v 46.5949 		-43.1882 		25.62
v 46.6382 		-43.0966 		25.6809
v 46.73 		-42.9027 		25.81
v 46.8726 		-42.6014 		25.967
v 46.7756 		-42.8063 		25.8603
v 47.0211 		-42.2876 		26.091
v 46.9202 		-42.5008 		26.0067
v 47.1738 		-41.9648 		26.18
v 47.0699 		-42.1843 		26.1195
v 47.3298 		-41.6352 		26.234
v 47.2238 		-41.8591 		26.1973
v 47.3801 		-41.5288 		26.2401
v 45.976 		-44.496 		29.998
v 18.335 		15.185 		42.2806
v 18.335 		15.185 		32.725
v 18.335 		15.185 		16.361
v 52.104 		-11.835 		55
v 46.9306 		-0.049 		10.2224
v 46.9791 		-0.1028 		10.112
v 47.1043 		-0.2416 		9.749
v 47.156 		-0.299 		9.5517
v 46.9306 		-0.049 		26.5864
v 46.9791 		-0.1028 		26.476
v 47.1043 		-0.2416 		26.112
v 47.156 		-0.299 		25.9147
v 46.9306 		-0.049 		42.9497
v 46.9791 		-0.1028 		42.839
v 47.1043 		-0.2416 		42.476
v 47.156 		-0.299 		42.2787
v 47.156 		-0.299 		32.725
v 47.156 		-0.299 		16.361
v 24.8373 		6.8693 		9.1625
v 24.8849 		6.8523 		9.269
v 25.0633 		6.7885 		9.585
v 25.2695 		6.7147 		9.881
v 25.4277 		6.6581 		10.0665
v 25.5025 		6.6314 		10.154
v 25.6771 		6.5689 		10.3218
v 25.7597 		6.5394 		10.401
v 26.0382 		6.4398 		10.62
v 26.2407 		6.3673 		10.7491
v 26.3359 		6.3333 		10.81
v 26.549 		6.2571 		10.9167
v 18.406 		15.1744 		9.371
v 18.512 		15.1586 		8.981
v 18.576 		15.1491 		8.584
v 26.6496 		6.2211 		10.967
v 18.598 		15.1458 		8.183
v 18.406 		15.1744 		25.734
v 18.512 		15.1586 		25.345
v 18.576 		15.1491 		24.947
v 18.598 		15.1458 		24.546
v 18.406 		15.1744 		42.098
v 28.003 		5.737 		14.998
v 18.512 		15.1586 		41.708
v 18.576 		15.1491 		41.311
v 26.872 		6.1415 		26.0513
v 26.9766 		6.1041 		26.091
v 18.598 		15.1458 		40.91
v 27.205 		6.0224 		26.1515
v 27.3128 		5.9839 		26.18
v 27.5464 		5.9003 		26.2167
v 27.6563 		5.861 		26.234
v 18.598 		15.1458 		32.725
v 27.8916 		5.7768 		26.2469
v 28.0026 		5.7372 		26.253
v 18.598 		15.1458 		16.361
v 28.003 		5.737 		26.253
v 24.6987 		6.9189 		23.8257
v 24.7362 		6.9055 		23.937
v 18.598 		15.1458 		2
v 22.48 		14.567 		2
v 24.8373 		6.8693 		24.1625
v 24.8849 		6.8523 		24.269
v 25.0633 		6.7885 		24.585
v 25.2695 		6.7147 		24.881
v 25.4277 		6.6581 		25.0665
v 25.5025 		6.6314 		25.154
v 25.6771 		6.5689 		25.3218
v 25.7597 		6.5394 		25.401
v -4.7465 		-63.527 		2
v 26.0382 		6.4398 		25.62
v 26.2407 		6.3673 		25.7491
v 26.3359 		6.3333 		25.81
v 26.549 		6.2571 		25.9167
v 26.6496 		6.2211 		25.967
v 28.003 		5.737 		29.998
v 26.872 		6.1415 		41.0513
v 26.9766 		6.1041 		41.091
v 27.205 		6.0224 		41.1515
v 27.3128 		5.9839 		41.18
v 27.5464 		5.9003 		41.2167
v 27.6563 		5.861 		41.234
v 27.8916 		5.7768 		41.2469
v 28.0026 		5.7372 		41.253
v 28.003 		5.737 		41.253
v 24.6987 		6.9189 		38.8257
v 24.7362 		6.9055 		38.937
v 24.8373 		6.8693 		39.1625
v 24.8849 		6.8523 		39.269
v 25.0633 		6.7885 		39.585
v 25.2695 		6.7147 		39.881
v 25.4277 		6.6581 		40.0665
v 25.5025 		6.6314 		40.154
v 25.6771 		6.5689 		40.3218
v 25.7597 		6.5394 		40.401
v 26.287 		13.6087 		8.183
v 26.3081 		13.6034 		8.584
v 26.3709 		13.5876 		8.981
v 26.4746 		13.5615 		9.371
v 26.0382 		6.4398 		40.62
v 26.544 		13.544 		9.5525
v 26.2407 		6.3673 		40.7491
v 26.3359 		6.3333 		40.81
v 26.549 		6.2571 		40.9167
v 26.6496 		6.2211 		40.967
v 26.287 		13.6087 		24.546
v 26.3081 		13.6034 		24.947
v 26.3709 		13.5876 		25.345
v 26.4746 		13.5615 		25.734
v 28.003 		5.737 		55
v 26.544 		13.544 		25.9155
v 26.287 		13.6087 		40.91
v 26.3081 		13.6034 		41.311
v 26.3709 		13.5876 		41.708
v 26.4746 		13.5615 		42.098
v 26.544 		13.544 		42.2795
v 26.544 		13.544 		32.725
v 26.287 		13.6087 		32.725
v 26.544 		13.544 		16.361
v 26.287 		13.6087 		16.361
v 26.287 		13.6087 		2
v 26.2969 		13.6328 		2
v 26.6162 		13.518 		9.749
v 26.6162 		13.518 		26.112
v 26.6162 		13.518 		42.476
v 47.1984 		-0.3565 		9.371
v 47.2621 		-0.4429 		8.981
v 47.2887 		-0.4788 		8.7114
v 47.3011 		-0.4956 		8.584
v 47.3138 		-0.5129 		8.183
v 47.1984 		-0.3565 		25.734
v 47.2621 		-0.4429 		25.345
v 47.2887 		-0.4788 		25.0748
v 47.3011 		-0.4956 		24.947
v 47.3138 		-0.5129 		24.546
v 47.1984 		-0.3565 		42.098
v 47.2621 		-0.4429 		41.708
v 47.2887 		-0.4788 		41.4384
v 47.3011 		-0.4956 		41.311
v 47.3138 		-0.5129 		40.91
v 47.3138 		-0.5129 		32.725
v 47.3138 		-0.5129 		16.361
v 47.3138 		-0.5129 		2
v 47.5941 		-0.2312 		2
v 50.384 		-8.198 		2
v 50.384 		-8.198 		55
v 48.315 		-4.747 		2
v 48.315 		-4.747 		55
v 50.228 		-7.9378 		2
v 45.918 		-1.515 		2
v 45.918 		-1.515 		55
v 46.9229 		-2.8699 		2
v 44.6172 		-0.0798 		10.62
v 44.8159 		-0.2991 		10.401
v 28.2288 		5.6301 		11.2401
v 28.3352 		5.5798 		11.234
v 28.5591 		5.4738 		11.1973
v 28.6648 		5.4238 		11.18
v 28.8843 		5.3199 		11.1195
v 28.9876 		5.2711 		11.091
v 29.2008 		5.1702 		11.0067
v 29.3014 		5.1226 		10.967
v 29.5063 		5.0256 		10.8603
v 29.6027 		4.98 		10.81
v 29.7966 		4.8882 		10.6809
v 29.8882 		4.8449 		10.62
v 30.1556 		4.7183 		10.401
v 30.4023 		4.6016 		10.154
v 30.5548 		4.5294 		9.9685
v 30.6264 		4.4955 		9.881
v 30.8244 		4.4018 		9.585
v 30.9957 		4.3208 		9.269
v -17.275 		-1.302 		7.869
v -17.2873 		-1.3157 		7.501
v -17.2388 		-1.2622 		8.233
v -17.1789 		-1.1961 		8.59
v -17.0952 		-1.1038 		8.937
v -16.9897 		-0.9873 		9.269
v -16.8623 		-0.8467 		9.585
v -16.7149 		-0.6841 		9.881
v -16.5489 		-0.5011 		10.154
v -16.3659 		-0.2991 		10.401
v -16.1672 		-0.0798 		10.62
v 49.7576 		-38.1843 		2
v 45.8703 		-44.6724 		7.869
v 45.8639 		-44.6832 		7.6191
v -17.2873 		-1.3157 		14.998
v -17.275 		-1.302 		22.869
v -17.2873 		-1.3157 		22.501
v 45.8609 		-44.688 		7.501
v -17.2388 		-1.2622 		23.233
v 45.8984 		-44.6254 		8.233
v 45.8793 		-44.6574 		7.9858
v -17.1789 		-1.1961 		23.59
v -17.0952 		-1.1038 		23.937
v -16.9897 		-0.9873 		24.269
v -16.8623 		-0.8467 		24.585
v 45.9447 		-44.5482 		8.59
v 45.9134 		-44.6005 		8.3476
v -16.7149 		-0.6841 		24.881
v -16.5489 		-0.5011 		25.154
v 45.9653 		-44.5138 		8.7013
v -16.3659 		-0.2991 		25.401
v -16.1672 		-0.0798 		25.62
v -17.2873 		-1.3157 		29.998
v -17.275 		-1.302 		37.869
v -17.2873 		-1.3157 		37.501
v -17.2388 		-1.2622 		38.233
v -17.1789 		-1.1961 		38.59
v -17.0952 		-1.1038 		38.937
v -16.9897 		-0.9873 		39.269
v -16.8623 		-0.8467 		39.585
v -16.7149 		-0.6841 		39.881
v -16.5489 		-0.5011 		40.154
v 45.8609 		-44.688 		14.998
v -16.3659 		-0.2991 		40.401
v 45.8703 		-44.6724 		22.869
v 45.8639 		-44.6832 		22.6191
v -16.1672 		-0.0798 		40.62
v 45.8609 		-44.688 		22.501
v 45.8984 		-44.6254 		23.233
v 45.8793 		-44.6574 		22.9858
v 45.9447 		-44.5482 		23.59
v 45.9134 		-44.6005 		23.3476
v 45.9653 		-44.5138 		23.7013
v 44.999 		-0.5011 		10.154
v 45.8609 		-44.688 		29.998
v 45.1649 		-0.6841 		9.881
v 45.3123 		-0.8467 		9.585
v 45.4397 		-0.9873 		9.269
v 45.5452 		-1.1038 		8.937
v 45.6289 		-1.1961 		8.59
v 45.6888 		-1.2622 		8.233
v 45.725 		-1.302 		7.869
v 45.7373 		-1.3157 		7.501
v 45.7373 		-1.3157 		14.998
v 45.8609 		-44.688 		2
v 44.16 		-47.527 		2
v 44.6172 		-0.0798 		25.62
v 44.8159 		-0.2991 		25.401
v 44.999 		-0.5011 		25.154
v 45.1649 		-0.6841 		24.881
v 45.3123 		-0.8467 		24.585
v 45.4397 		-0.9873 		24.269
v -17.2873 		-1.3157 		2
v -17.468 		-1.515 		2
v -17.468 		-1.515 		55
v 45.5452 		-1.1038 		23.937
v -19.865 		-4.747 		2
v -19.865 		-4.747 		55
v 45.6289 		-1.1961 		23.59
v 45.6888 		-1.2622 		23.233
v -21.934 		-8.198 		2
v -21.934 		-8.198 		55
v 45.725 		-1.302 		22.869
v -23.4967 		-11.5024 		11.234
v -23.5431 		-11.6005 		11.2396
v 45.7373 		-1.3157 		22.501
v -23.654 		-11.835 		11.253
v 45.7373 		-1.3157 		29.998
v -23.3408 		-11.1728 		11.18
v -23.3869 		-11.2702 		11.1959
v -23.1881 		-10.8499 		11.091
v 44.6172 		-0.0798 		40.62
v -23.2332 		-10.9451 		11.1173
v -13.9753 		-50.4223 		2
v 44.8159 		-0.2991 		40.401
v -23.0397 		-10.5361 		10.967
v 44.999 		-0.5011 		40.154
v -23.0836 		-10.6289 		11.0036
v -22.9393 		-10.3237 		10.8564
v -10.0016 		-57.0546 		2
v -17.4947 		-44.5482 		8.59
v -17.526 		-44.496 		8.7581
v -17.4485 		-44.6254 		8.233
v -17.4798 		-44.5732 		8.4754
v 45.1649 		-0.6841 		39.881
v 45.3123 		-0.8467 		39.585
v -17.4203 		-44.6724 		7.869
v -22.8972 		-10.2347 		10.81
v -17.4395 		-44.6404 		8.1162
v 45.4397 		-0.9873 		39.269
v -17.4109 		-44.688 		7.501
v -17.4174 		-44.6772 		7.7509
v 45.5452 		-1.1038 		38.937
v -22.7622 		-9.9492 		10.62
v -22.8022 		-10.0338 		10.6761
v 45.6289 		-1.1961 		38.59
v -17.526 		-44.496 		14.998
v -17.4109 		-44.688 		14.998
v 45.6888 		-1.2622 		38.233
v -22.6357 		-9.6818 		10.401
v -17.4947 		-44.5482 		23.59
v 45.725 		-1.302 		37.869
v -17.526 		-44.496 		23.7581
v -22.519 		-9.4351 		10.154
v 45.7373 		-1.3157 		37.501
v -17.4485 		-44.6254 		23.233
v -17.4798 		-44.5732 		23.4754
v -22.413 		-9.2109 		9.881
v -22.4443 		-9.277 		9.9617
v -17.4203 		-44.6724 		22.869
v 45.7373 		-1.3157 		2
v -17.4395 		-44.6404 		23.1162
v -22.3194 		-9.0129 		9.585
v -17.4109 		-44.688 		22.501
v -17.4174 		-44.6772 		22.7509
v -22.2384 		-8.8416 		9.269
v -17.526 		-44.496 		29.998
v -22.171 		-8.6991 		8.937
v -17.4109 		-44.688 		29.998
v -22.191 		-8.7414 		9.0352
v -22.1179 		-8.5868 		8.59
v -17.4947 		-44.5482 		38.59
v -22.1335 		-8.6199 		8.6927
v -17.526 		-44.496 		38.7581
v -17.4485 		-44.6254 		38.233
v -17.4798 		-44.5732 		38.4754
v -22.0798 		-8.5062 		8.233
v -22.0911 		-8.5303 		8.3386
v -22.0566 		-8.4572 		7.869
v -22.0634 		-8.4717 		7.9767
v -17.4203 		-44.6724 		37.869
v -17.4395 		-44.6404 		38.1162
v -17.4109 		-44.688 		37.501
v -17.4174 		-44.6772 		37.7509
v -22.0489 		-8.4409 		7.501
v -22.0511 		-8.4455 		7.6099
v -17.526 		-44.496 		55
v -23.654 		-11.835 		14.998
v -22.0489 		-8.4409 		14.998
v -17.4109 		-44.688 		2
v -23.4967 		-11.5024 		26.234
v -23.5431 		-11.6005 		26.2396
v -23.654 		-11.835 		26.253
v -23.3408 		-11.1728 		26.18
v -23.3869 		-11.2702 		26.1959
v -23.1881 		-10.8499 		26.091
v -23.2332 		-10.9451 		26.1173
v -23.0397 		-10.5361 		25.967
v -23.0836 		-10.6289 		26.0036
v -22.9393 		-10.3237 		25.8564
v -22.8972 		-10.2347 		25.81
v -22.7622 		-9.9492 		25.62
v -22.8022 		-10.0338 		25.6761
v -22.6357 		-9.6818 		25.401
v -22.519 		-9.4351 		25.154
v -22.413 		-9.2109 		24.881
v -22.4443 		-9.277 		24.9617
v -22.3194 		-9.0129 		24.585
v -22.2384 		-8.8416 		24.269
v -22.171 		-8.6991 		23.937
v -22.191 		-8.7414 		24.0352
v -22.1179 		-8.5868 		23.59
v -22.1335 		-8.6199 		23.6927
v -22.0798 		-8.5062 		23.233
v -22.0911 		-8.5303 		23.3386
v -22.0566 		-8.4572 		22.869
v -22.0634 		-8.4717 		22.9767
v -22.0489 		-8.4409 		22.501
v -22.0511 		-8.4455 		22.6099
v -23.654 		-11.835 		29.998
v -22.0489 		-8.4409 		29.998
v -23.4967 		-11.5024 		41.234
v -23.5431 		-11.6005 		41.2396
v -23.654 		-11.835 		41.253
v -23.3408 		-11.1728 		41.18
v -23.3869 		-11.2702 		41.1959
v -23.1881 		-10.8499 		41.091
v -23.2332 		-10.9451 		41.1173
v -23.0397 		-10.5361 		40.967
v -23.0836 		-10.6289 		41.0036
v -22.9393 		-10.3237 		40.8564
v 31.0924 		4.275 		9.0435
v 31.1382 		4.2534 		8.937
v 31.196 		4.226 		8.7586
v 31.196 		4.226 		14.998
v 28.2288 		5.6301 		26.2401
v 28.3352 		5.5798 		26.234
v 28.5591 		5.4738 		26.1973
v 28.6648 		5.4238 		26.18
v 28.8843 		5.3199 		26.1195
v 28.9876 		5.2711 		26.091
v 29.2008 		5.1702 		26.0067
v 29.3014 		5.1226 		25.967
v 29.5063 		5.0256 		25.8603
v 29.6027 		4.98 		25.81
v 29.7966 		4.8882 		25.6809
v 29.8882 		4.8449 		25.62
v 30.1556 		4.7183 		25.401
v 30.4023 		4.6016 		25.154
v 30.5548 		4.5294 		24.9685
v 30.6264 		4.4955 		24.881
v 30.8244 		4.4018 		24.585
v 30.9957 		4.3208 		24.269
v 31.0924 		4.275 		24.0435
v 31.1382 		4.2534 		23.937
v 31.196 		4.226 		23.7586
v 31.196 		4.226 		29.998
v 28.2288 		5.6301 		41.2401
v 28.3352 		5.5798 		41.234
v 28.5591 		5.4738 		41.1973
v 28.6648 		5.4238 		41.18
v 28.8843 		5.3199 		41.1195
v 28.9876 		5.2711 		41.091
v 29.2008 		5.1702 		41.0067
v 29.3014 		5.1226 		40.967
v 29.5063 		5.0256 		40.8603
v 29.6027 		4.98 		40.81
v 29.7966 		4.8882 		40.6809
v 29.8882 		4.8449 		40.62
v 30.1556 		4.7183 		40.401
v 30.4023 		4.6016 		40.154
v 30.5548 		4.5294 		39.9685
v 30.6264 		4.4955 		39.881
v 30.8244 		4.4018 		39.585
v 30.9957 		4.3208 		39.269
v 31.0924 		4.275 		39.0435
v 31.1382 		4.2534 		38.937
v 31.196 		4.226 		38.7586
v 31.196 		4.226 		55
v 39.683 		-2.067 		11.253
v 37.5325 		-0.1185 		9.881
v 37.7156 		-0.2844 		10.154
v 37.9176 		-0.4674 		10.401
v 38.1369 		-0.6661 		10.62
v 38.3714 		-0.8786 		10.81
v 38.6185 		-1.1025 		10.967
v 38.8756 		-1.3354 		11.091
v 39.14 		-1.575 		11.18
v 39.4107 		-1.8203 		11.234
v 39.683 		-2.067 		14.998
v 39.683 		-2.067 		26.253
v 37.5325 		-0.1185 		24.881
v 37.7156 		-0.2844 		25.154
v 37.9176 		-0.4674 		25.401
v 38.1369 		-0.6661 		25.62
v 38.3714 		-0.8786 		25.81
v 38.6185 		-1.1025 		25.967
v 38.8756 		-1.3354 		26.091
v 39.14 		-1.575 		26.18
v 39.4107 		-1.8203 		26.234
v 39.683 		-2.067 		29.998
v 39.683 		-2.067 		41.253
v 37.5325 		-0.1185 		39.881
v 37.7156 		-0.2844 		40.154
v 37.9176 		-0.4674 		40.401
v 38.1369 		-0.6661 		40.62
v 38.3714 		-0.8786 		40.81
v 38.6185 		-1.1025 		40.967
v 38.8756 		-1.3354 		41.091
v 39.14 		-1.575 		41.18
v 39.4107 		-1.8203 		41.234
v 39.683 		-2.067 		55
v 50.4506 		-57.69 		2
v -22.8972 		-10.2347 		40.81
v -22.7622 		-9.9492 		40.62
v -22.8022 		-10.0338 		40.6761
v -22.6357 		-9.6818 		40.401
v -22.519 		-9.4351 		40.154
v -22.413 		-9.2109 		39.881
v -22.4443 		-9.277 		39.9617
v -22.3194 		-9.0129 		39.585
v -22.2384 		-8.8416 		39.269
v 39.9297 		-2.3393 		11.234
v 40.175 		-2.61 		11.18
v 40.4146 		-2.8744 		11.091
v 40.6475 		-3.1315 		10.967
v 40.8714 		-3.3786 		10.81
v 41.6315 		-4.2175 		9.881
v 41.7788 		-4.3802 		9.585
v 41.9062 		-4.5208 		9.269
v 42.0117 		-4.6373 		8.937
v 42.055 		-4.685 		8.7576
v 41.0839 		-3.6131 		10.62
v 41.2826 		-3.8324 		10.401
v 41.4656 		-4.0344 		10.154
v 42.055 		-4.685 		14.998
v 39.9297 		-2.3393 		26.234
v 40.175 		-2.61 		26.18
v 40.4146 		-2.8744 		26.091
v 40.6475 		-3.1315 		25.967
v 40.8714 		-3.3786 		25.81
v 41.6315 		-4.2175 		24.881
v 41.7788 		-4.3802 		24.585
v 41.9062 		-4.5208 		24.269
v 42.0117 		-4.6373 		23.937
v 42.055 		-4.685 		23.7576
v 41.0839 		-3.6131 		25.62
v 41.2826 		-3.8324 		25.401
v 41.4656 		-4.0344 		25.154
v 42.055 		-4.685 		29.998
v -22.171 		-8.6991 		38.937
v -22.191 		-8.7414 		39.0352
v -22.1179 		-8.5868 		38.59
v -22.1335 		-8.6199 		38.6927
v 39.9297 		-2.3393 		41.234
v 40.175 		-2.61 		41.18
v -22.0798 		-8.5062 		38.233
v -22.0911 		-8.5303 		38.3386
v 40.4146 		-2.8744 		41.091
v -22.0566 		-8.4572 		37.869
v -22.0634 		-8.4717 		37.9767
v 40.6475 		-3.1315 		40.967
v 40.8714 		-3.3786 		40.81
v -22.0489 		-8.4409 		37.501
v -22.0511 		-8.4455 		37.6099
v 41.6315 		-4.2175 		39.881
v 41.7788 		-4.3802 		39.585
v -23.654 		-11.835 		55
v -22.0489 		-8.4409 		2
v 41.9062 		-4.5208 		39.269
v 42.0117 		-4.6373 		38.937
v -24.9133 		-15.3529 		7.869
v -24.9152 		-15.3581 		7.7601
v 42.055 		-4.685 		38.7576
v -24.9193 		-15.3697 		7.501
v -24.8951 		-15.3021 		8.233
v -24.9005 		-15.3172 		8.1253
v 41.0839 		-3.6131 		40.62
v -24.8649 		-15.2178 		8.59
v 41.2826 		-3.8324 		40.401
v -24.8738 		-15.2426 		8.4844
v 41.4656 		-4.0344 		40.154
v -24.8232 		-15.101 		8.937
v -24.8356 		-15.1357 		8.8343
v -24.7699 		-14.9524 		9.269
v -24.7857 		-14.9963 		9.1708
v -24.7061 		-14.774 		9.585
v -24.6322 		-14.5676 		9.881
v -24.6541 		-14.6288 		9.7935
v 42.055 		-4.685 		55
v -24.5735 		-14.4036 		10.0733
v -24.5489 		-14.3348 		10.154
v -24.4568 		-14.0778 		10.401
v -24.4841 		-14.1538 		10.328
v -24.3571 		-13.7992 		10.62
v -24.2506 		-13.5016 		10.81
v -24.282 		-13.5893 		10.7539
v -24.1383 		-13.1879 		10.967
v -24.1715 		-13.2806 		10.9206
v -24.0212 		-12.8609 		11.091
v -24.0558 		-12.9573 		11.0544
v -23.9009 		-12.5248 		11.18
v -23.9365 		-12.6241 		11.1537
v -23.778 		-12.1813 		11.234
v -23.8142 		-12.2826 		11.2181
v -23.654 		-11.8351 		11.253
v -23.6906 		-11.9373 		11.2474
v -24.9193 		-15.3697 		14.998
v -24.9133 		-15.3529 		22.869
v -24.9152 		-15.3581 		22.7601
v -24.9193 		-15.3697 		22.501
v -24.8951 		-15.3021 		23.233
v -24.9005 		-15.3172 		23.1253
v -24.8649 		-15.2178 		23.59
v -24.8738 		-15.2426 		23.4844
v -24.8232 		-15.101 		23.937
v -24.8356 		-15.1357 		23.8343
v -24.7699 		-14.9524 		24.269
v -24.7857 		-14.9963 		24.1708
v -24.7061 		-14.774 		24.585
v -24.6322 		-14.5676 		24.881
v -24.6541 		-14.6288 		24.7935
v -24.5735 		-14.4036 		25.0733
v -24.5489 		-14.3348 		25.154
v -24.4568 		-14.0778 		25.401
v -24.4841 		-14.1538 		25.328
v -24.3571 		-13.7992 		25.62
v -24.2506 		-13.5016 		25.81
v -24.282 		-13.5893 		25.7539
v -24.1383 		-13.1879 		25.967
v -24.1715 		-13.2806 		25.9206
v -24.0212 		-12.8609 		26.091
v -24.0558 		-12.9573 		26.0544
v -23.9009 		-12.5248 		26.18
v -23.9365 		-12.6241 		26.1537
v -23.778 		-12.1813 		26.234
v -23.8142 		-12.2826 		26.2181
v -23.654 		-11.8351 		26.253
v -23.6906 		-11.9373 		26.2474
v -24.9193 		-15.3697 		29.998
v -24.9133 		-15.3529 		37.869
v -24.9152 		-15.3581 		37.7601
v -24.9193 		-15.3697 		37.501
v -24.8951 		-15.3021 		38.233
v -24.9005 		-15.3172 		38.1253
v -24.8649 		-15.2178 		38.59
v -24.8738 		-15.2426 		38.4844
v -24.8232 		-15.101 		38.937
v -24.8356 		-15.1357 		38.8343
v -24.7699 		-14.9524 		39.269
v -24.7857 		-14.9963 		39.1708
v -24.7061 		-14.774 		39.585
v -24.6322 		-14.5676 		39.881
v -24.6541 		-14.6288 		39.7935
v -24.5735 		-14.4036 		40.0733
v -24.5489 		-14.3348 		40.154
v -24.4568 		-14.0778 		40.401
v -24.4841 		-14.1538 		40.328
v -24.3571 		-13.7992 		40.62
v -24.2506 		-13.5016 		40.81
v -24.282 		-13.5893 		40.7539
v -24.1383 		-13.1879 		40.967
v -24.1715 		-13.2806 		40.9206
v -24.0212 		-12.8609 		41.091
v -24.0558 		-12.9573 		41.0544
v -23.9009 		-12.5248 		41.18
v -23.9365 		-12.6241 		41.1537
v -23.778 		-12.1813 		41.234
v -23.8142 		-12.2826 		41.2181
v -23.654 		-11.8351 		41.253
v -23.6906 		-11.9373 		41.2474
v -25.01 		-15.623 		55
v -24.9193 		-15.3697 		2
v -25.01 		-15.623 		2
v -25.987 		-19.526 		51.4137
v -25.0892 		-15.9394 		55
v -25.987 		-19.526 		2
v -26.578 		-23.506 		47.434
v -26.578 		-23.506 		2
v -26.6329 		-24.626 		9.881
v 42.0912 		-4.7338 		8.59
v -26.645 		-24.873 		10.154
v 42.1449 		-4.8061 		8.233
v -26.6584 		-25.146 		10.401
v -26.6729 		-25.442 		10.62
v 42.1772 		-4.8498 		7.869
v -26.6883 		-25.757 		10.81
v 42.1883 		-4.8647 		7.501
v -26.7047 		-26.09 		10.967
v 42.1883 		-4.8647 		14.998
v -26.7216 		-26.436 		11.091
v -26.7391 		-26.793 		11.18
v 42.0912 		-4.7338 		23.59
v -26.757 		-27.157 		11.234
v 42.1449 		-4.8061 		23.233
v -26.775 		-27.525 		11.253
v -26.5912 		-23.775 		7.501
v 42.1772 		-4.8498 		22.869
v -26.5921 		-23.793 		7.869
v -26.5947 		-23.847 		8.233
v 42.1883 		-4.8647 		22.501
v -26.5991 		-23.936 		8.59
v 42.1883 		-4.8647 		29.998
v -26.6052 		-24.06 		8.937
v 42.0912 		-4.7338 		38.59
v -26.6129 		-24.218 		9.269
v 42.1449 		-4.8061 		38.233
v -26.6222 		-24.407 		9.585
v 42.1772 		-4.8498 		37.869
v 42.1883 		-4.8647 		37.501
v -26.775 		-27.525 		14.998
v -26.5912 		-23.775 		14.998
v -26.6329 		-24.626 		24.881
v -26.645 		-24.873 		25.154
v 42.1883 		-4.8647 		2
v 44.16 		-7.523 		2
v 44.16 		-7.523 		55
v -26.6584 		-25.146 		25.401
v -26.6729 		-25.442 		25.62
v -26.6883 		-25.757 		25.81
v -26.7047 		-26.09 		25.967
v -26.7216 		-26.436 		26.091
v -26.7391 		-26.793 		26.18
v -26.757 		-27.157 		26.234
v -26.775 		-27.525 		26.253
v -26.5912 		-23.775 		22.501
v -26.5921 		-23.793 		22.869
v -26.5947 		-23.847 		23.233
v -26.5991 		-23.936 		23.59
v -26.6052 		-24.06 		23.937
v -26.6129 		-24.218 		24.269
v -26.6222 		-24.407 		24.585
v -26.775 		-27.525 		29.998
v -26.5912 		-23.775 		29.998
v -26.6329 		-24.626 		39.881
v -26.645 		-24.873 		40.154
v -26.6584 		-25.146 		40.401
v -26.6729 		-25.442 		40.62
v -26.6883 		-25.757 		40.81
v -26.7047 		-26.09 		40.967
v -26.7216 		-26.436 		41.091
v -17.4312 		-44.6964 		2
v -11.075 		-58.128 		2
v -18.1449 		-43.1882 		10.62
v -18.0183 		-43.4556 		10.401
v -17.9016 		-43.7023 		10.154
v -17.7958 		-43.9259 		9.881
v -17.7018 		-44.1244 		9.585
v -17.7657 		-43.9894 		9.7861
v -17.6208 		-44.2957 		9.269
v -17.5534 		-44.4382 		8.937
v -17.5991 		-44.3415 		9.1625
v -17.5364 		-44.4741 		8.8257
v -18.8798 		-41.6352 		11.234
v -18.9869 		-41.4089 		11.2469
v -19.037 		-41.303 		11.253
v -18.7238 		-41.9648 		11.18
v -18.8298 		-41.7408 		11.2167
v -18.5711 		-42.2876 		11.091
v -18.675 		-42.068 		11.1515
v -18.4226 		-42.6014 		10.967
v -18.5234 		-42.3882 		11.0513
v -18.28 		-42.9027 		10.81
v -18.3769 		-42.6978 		10.9167
v -18.2366 		-42.9944 		10.7491
v -19.037 		-41.303 		14.998
v -18.1449 		-43.1882 		25.62
v -18.0183 		-43.4556 		25.401
v -17.9016 		-43.7023 		25.154
v -17.7958 		-43.9259 		24.881
v -17.7018 		-44.1244 		24.585
v -17.7657 		-43.9894 		24.7861
v -17.6208 		-44.2957 		24.269
v -17.5534 		-44.4382 		23.937
v -17.5991 		-44.3415 		24.1625
v -17.5364 		-44.4741 		23.8257
v 42.0912 		-50.3162 		8.59
v 42.055 		-50.365 		8.7576
v 42.1449 		-50.2439 		8.233
v 42.1775 		-50.1998 		7.869
v 42.1552 		-50.2299 		8.1162
v -18.8798 		-41.6352 		26.234
v -18.9869 		-41.4089 		26.2469
v -19.037 		-41.303 		26.253
v 42.1883 		-50.1853 		7.501
v 42.1811 		-50.195 		7.7509
v -18.7238 		-41.9648 		26.18
v -18.8298 		-41.7408 		26.2167
v 42.055 		-50.365 		14.998
v 42.1883 		-50.1853 		14.998
v -18.5711 		-42.2876 		26.091
v -18.675 		-42.068 		26.1515
v 42.0912 		-50.3162 		23.59
v 42.055 		-50.365 		23.7576
v -18.4226 		-42.6014 		25.967
v -18.5234 		-42.3882 		26.0513
v 42.1449 		-50.2439 		23.233
v 42.1775 		-50.1998 		22.869
v 42.1552 		-50.2299 		23.1162
v -18.28 		-42.9027 		25.81
v -18.3769 		-42.6978 		25.9167
v 42.1883 		-50.1853 		22.501
v 42.1811 		-50.195 		22.7509
v -18.2366 		-42.9944 		25.7491
v 42.055 		-50.365 		29.998
v 42.1883 		-50.1853 		29.998
v 42.1883 		-50.1853 		2
v -19.037 		-41.303 		29.998
v -18.1449 		-43.1882 		40.62
v -18.0183 		-43.4556 		40.401
v -17.9016 		-43.7023 		40.154
v -17.7958 		-43.9259 		39.881
v -17.7018 		-44.1244 		39.585
v -17.7657 		-43.9894 		39.7861
v -17.6208 		-44.2957 		39.269
v -17.5534 		-44.4382 		38.937
v -17.5991 		-44.3415 		39.1625
v -17.5364 		-44.4741 		38.8257
v -18.8798 		-41.6352 		41.234
v -18.9869 		-41.4089 		41.2469
v -19.037 		-41.303 		41.253
v -18.7238 		-41.9648 		41.18
v -18.8298 		-41.7408 		41.2167
v -18.5711 		-42.2876 		41.091
v -18.675 		-42.068 		41.1515
v -18.4226 		-42.6014 		40.967
v -18.5234 		-42.3882 		41.0513
v -18.28 		-42.9027 		40.81
v -18.3769 		-42.6978 		40.9167
v -18.2366 		-42.9944 		40.7491
v -19.037 		-41.303 		55
v -26.7391 		-26.793 		41.18
v -26.757 		-27.157 		41.234
v -26.775 		-27.525 		41.253
v -26.5912 		-23.775 		37.501
v -26.5921 		-23.793 		37.869
v -26.5947 		-23.847 		38.233
v -26.5991 		-23.936 		38.59
v -26.6052 		-24.06 		38.937
v -26.6129 		-24.218 		39.269
v -26.6222 		-24.407 		39.585
v -26.5994 		-23.942 		46.998
v -26.775 		-27.525 		50.5807
v -26.5912 		-23.775 		2
v -26.7047 		-28.96 		10.967
v -26.6883 		-29.293 		10.81
v -26.6729 		-29.608 		10.62
v -26.6584 		-29.904 		10.401
v -26.645 		-30.177 		10.154
v -26.6329 		-30.424 		9.881
v -26.6222 		-30.643 		9.585
v -26.6129 		-30.832 		9.269
v -26.6052 		-30.99 		8.937
v -26.5991 		-31.114 		8.59
v -26.5947 		-31.203 		8.233
v -26.5921 		-31.257 		7.869
v -26.5912 		-31.275 		7.501
v -26.757 		-27.893 		11.234
v -26.7391 		-28.257 		11.18
v -26.7216 		-28.614 		11.091
v -26.5912 		-31.275 		14.998
v -26.7047 		-28.96 		25.967
v -26.6883 		-29.293 		25.81
v -26.6729 		-29.608 		25.62
v -26.6584 		-29.904 		25.401
v -26.645 		-30.177 		25.154
v -26.6329 		-30.424 		24.881
v -26.6222 		-30.643 		24.585
v -26.6129 		-30.832 		24.269
v -26.6052 		-30.99 		23.937
v -26.5991 		-31.114 		23.59
v -26.5947 		-31.203 		23.233
v 18.598 		-72.9956 		2
v 27.6467 		-71.9582 		2
v 9.702 		-72.2369 		2
v -8.772 		-70.629 		8.7431
v -8.4833 		-70.7663 		8.183
v -8.4638 		-70.7755 		8.584
v -8.4059 		-70.8031 		8.981
v -8.3101 		-70.8486 		9.371
v 33.552 		-63.684 		2
v 33.552 		-63.684 		55
v 44.635 		-57.5471 		12.256
v 44.342 		-57.872 		12.275
v 44.728 		-57.4439 		12.2371
v -6.3556 		-71.7778 		11.792
v -6.25 		-71.828 		11.8428
v -5.9986 		-71.9475 		11.964
v -5.6264 		-72.1245 		12.099
v 44.9253 		-57.225 		12.197
v -5.2433 		-72.3066 		12.197
v -4.8525 		-72.4925 		12.256
v -4.7363 		-72.5477 		12.2616
v 45.0164 		-57.124 		12.1656
v -4.458 		-72.68 		12.275
v -8.1768 		-70.912 		9.749
v -8.1266 		-70.9358 		9.8564
v -8.0079 		-70.9923 		10.112
v 45.2102 		-56.9091 		12.099
v -7.8052 		-71.0887 		10.456
v 45.4863 		-56.6029 		11.964
v 45.2987 		-56.8109 		12.0558
v -7.57 		-71.2005 		10.779
v -7.3045 		-71.3267 		11.077
v -7.0117 		-71.4659 		11.346
v -6.9182 		-71.5104 		11.4169
v -6.6945 		-71.6167 		11.586
v -4.458 		-72.68 		16.361
v -5.4171 		-72.224 		16.361
v 44.635 		-57.5471 		28.619
v 44.342 		-57.872 		28.639
v 44.728 		-57.4439 		28.6001
v -4.458 		-72.68 		12.275
v -4.3366 		-72.7236 		12.2694
v 44.9253 		-57.225 		28.56
v -4.0475 		-72.8275 		12.256
v 45.0164 		-57.124 		28.5289
v -3.6404 		-72.9739 		12.197
v 45.2102 		-56.9091 		28.463
v 45.4863 		-56.6029 		28.327
v 45.2987 		-56.8109 		28.4194
v 44.635 		-57.5471 		44.983
v 44.342 		-57.872 		45.003
v 44.728 		-57.4439 		44.9641
v 44.9253 		-57.225 		44.924
v 45.0164 		-57.124 		44.8926
v 45.2102 		-56.9091 		44.826
v 45.4863 		-56.6029 		44.691
v 45.2987 		-56.8109 		44.7828
v 44.342 		-57.872 		32.725
v 44.342 		-57.872 		16.361
v 42.7864 		-59.2888 		11.792
v 43.0789 		-59.0224 		11.964
v 43.3838 		-58.7447 		12.099
v 43.1764 		-58.9336 		12.0072
v 43.6979 		-58.4586 		12.197
v 43.4845 		-58.653 		12.1304
v 44.0185 		-58.1666 		12.256
v 43.8004 		-58.3652 		12.2159
v -26.5921 		-31.257 		22.869
v 44.3419 		-57.8721 		12.275
v -26.5912 		-31.275 		22.501
v -26.757 		-27.893 		26.234
v -26.7391 		-28.257 		26.18
v 42.7864 		-59.2888 		28.156
v -26.7216 		-28.614 		26.091
v 43.0789 		-59.0224 		28.327
v 43.3838 		-58.7447 		28.463
v 43.1764 		-58.9336 		28.3706
v -26.5912 		-31.275 		29.998
v 43.6979 		-58.4586 		28.56
v 43.4845 		-58.653 		28.4941
v -26.7047 		-28.96 		40.967
v 44.0185 		-58.1666 		28.619
v 43.8004 		-58.3652 		28.5789
v -26.6883 		-29.293 		40.81
v -26.6729 		-29.608 		40.62
v 44.3419 		-57.8721 		28.639
v -26.6584 		-29.904 		40.401
v -26.645 		-30.177 		40.154
v 42.7864 		-59.2888 		44.519
v -26.6329 		-30.424 		39.881
v -26.6222 		-30.643 		39.585
v 43.0789 		-59.0224 		44.691
v -26.6129 		-30.832 		39.269
v 43.3838 		-58.7447 		44.826
v 43.1764 		-58.9336 		44.7342
v -26.6052 		-30.99 		38.937
v -26.5991 		-31.114 		38.59
v -26.5947 		-31.203 		38.233
v 43.6979 		-58.4586 		44.924
v 43.4845 		-58.653 		44.8574
v -26.5921 		-31.257 		37.869
v 44.0185 		-58.1666 		44.983
v 43.8004 		-58.3652 		44.9429
v -26.5912 		-31.275 		37.501
v -26.757 		-27.893 		41.234
v -26.7391 		-28.257 		41.18
v 44.3419 		-57.8721 		45.003
v -26.7216 		-28.614 		41.091
v -26.578 		-31.544 		54.5995
v -26.5912 		-31.275 		2
v -26.578 		-31.544 		2
v -26.3962 		-32.768 		2
v -26.5185 		-31.9446 		55
v -21.5951 		-31.114 		8.59
v -21.604 		-31.054 		8.7579
v -21.5819 		-31.203 		8.233
v -21.5739 		-31.257 		7.869
v -21.5712 		-31.275 		7.501
v -21.604 		-31.054 		14.998
v -21.5712 		-31.275 		14.998
v -21.5951 		-31.114 		23.59
v -21.604 		-31.054 		23.7579
v -21.5819 		-31.203 		23.233
v -21.5739 		-31.257 		22.869
v -21.5712 		-31.275 		22.501
v -21.604 		-31.054 		29.998
v -21.5712 		-31.275 		29.998
v -21.5951 		-31.114 		38.59
v -21.604 		-31.054 		38.7579
v -21.5819 		-31.203 		38.233
v -21.5739 		-31.257 		37.869
v -21.5712 		-31.275 		37.501
v -21.604 		-31.054 		54.1095
v -21.35 		-32.768 		2
v -21.5712 		-31.275 		2
v -21.472 		-31.9446 		55
v -21.7072 		-28.96 		10.967
v -21.6908 		-29.293 		10.81
v -21.6753 		-29.608 		10.62
v -21.6607 		-29.904 		10.401
v -21.6472 		-30.177 		10.154
v -21.6351 		-30.424 		9.881
v -21.6243 		-30.643 		9.585
v -21.6149 		-30.832 		9.269
v -21.6072 		-30.99 		8.937
v -21.7599 		-27.893 		11.234
v -21.778 		-27.525 		11.253
v -21.7419 		-28.257 		11.18
v -21.7243 		-28.614 		11.091
v -21.778 		-27.525 		14.998
v -21.7072 		-28.96 		25.967
v -21.6908 		-29.293 		25.81
v -21.6753 		-29.608 		25.62
v -21.6607 		-29.904 		25.401
v -21.6472 		-30.177 		25.154
v -21.6351 		-30.424 		24.881
v -21.6243 		-30.643 		24.585
v -21.6149 		-30.832 		24.269
v -21.6072 		-30.99 		23.937
v -21.7599 		-27.893 		26.234
v -21.778 		-27.525 		26.253
v -21.7419 		-28.257 		26.18
v -21.7243 		-28.614 		26.091
v -21.778 		-27.525 		29.998
v -21.7072 		-28.96 		40.967
v 24.8843 		8.0076 		2
v 31.2138 		4.2153 		8.7013
v 31.2482 		4.1947 		8.59
v 31.3005 		4.1634 		8.3476
v 31.3254 		4.1484 		8.233
v 31.3574 		4.1293 		7.9858
v 31.3724 		4.1203 		7.869
v 31.3832 		4.1139 		7.6191
v 31.388 		4.1109 		7.501
v 31.388 		4.1109 		14.998
v 31.2138 		4.2153 		23.7013
v 31.2482 		4.1947 		23.59
v 31.3005 		4.1634 		23.3476
v 31.3254 		4.1484 		23.233
v 31.3574 		4.1293 		22.9858
v 31.3724 		4.1203 		22.869
v 31.3832 		4.1139 		22.6191
v 31.388 		4.1109 		22.501
v 31.388 		4.1109 		29.998
v 31.2138 		4.2153 		38.7013
v 31.2482 		4.1947 		38.59
v 31.3005 		4.1634 		38.3476
v 31.3254 		4.1484 		38.233
v 31.3574 		4.1293 		37.9858
v 31.3724 		4.1203 		37.869
v 31.3832 		4.1139 		37.6191
v 31.388 		4.1109 		37.501
v 31.388 		4.1109 		2
v 34.227 		2.41 		2
v 34.227 		2.41 		55
v 46.8335 		-45.0909 		2
v 42.2038 		-50.2008 		2
v 39.9297 		-52.7107 		11.234
v -21.6908 		-29.293 		40.81
v -21.6753 		-29.608 		40.62
v -21.6607 		-29.904 		40.401
v -21.6472 		-30.177 		40.154
v -21.6351 		-30.424 		39.881
v -21.6243 		-30.643 		39.585
v -21.6149 		-30.832 		39.269
v -21.6072 		-30.99 		38.937
v -21.7599 		-27.893 		41.234
v -21.778 		-27.525 		41.253
v -21.7419 		-28.257 		41.18
v -21.7243 		-28.614 		41.091
v -0.419 		-70.2888 		27.71
v -0.3138 		-69.1139 		27.949
v -0.3468 		-69.4834 		27.8739
v 36.1442 		14.1656 		2
v 35.8597 		13.475 		2
v -21.778 		-27.525 		50.5807
v 39.683 		-52.983 		11.253
v 40.175 		-52.44 		11.18
v 40.4146 		-52.1756 		11.091
v 40.6475 		-51.9185 		10.967
v 40.8714 		-51.6714 		10.81
v 41.0839 		-51.4369 		10.62
v 41.2826 		-51.2176 		10.401
v 41.4656 		-51.0156 		10.154
v 41.6315 		-50.8325 		9.881
v 42.4253 		-4.6277 		2
v 41.7788 		-50.6698 		9.585
v 45.8609 		-10.362 		7.501
v 45.8674 		-10.3728 		7.7509
v 45.8703 		-10.3776 		7.869
v 41.9062 		-50.5292 		9.269
v 42.0117 		-50.4127 		8.937
v 45.8895 		-10.4096 		8.1162
v 45.8984 		-10.4246 		8.233
v 45.9298 		-10.4768 		8.4754
v 45.9447 		-10.5018 		8.59
v 45.976 		-10.554 		8.7581
v 39.683 		-52.983 		14.998
v 39.9297 		-52.7107 		26.234
v 39.683 		-52.983 		26.253
v 40.175 		-52.44 		26.18
v 40.4146 		-52.1756 		26.091
v 40.6475 		-51.9185 		25.967
v 40.8714 		-51.6714 		25.81
v 45.976 		-10.554 		14.998
v 45.8609 		-10.362 		14.998
v 45.8609 		-10.362 		22.501
v 45.8674 		-10.3728 		22.7509
v 45.8703 		-10.3776 		22.869
v 45.8895 		-10.4096 		23.1162
v 45.8984 		-10.4246 		23.233
v 45.9298 		-10.4768 		23.4754
v 45.9447 		-10.5018 		23.59
v 45.976 		-10.554 		23.7581
v 45.976 		-10.554 		29.998
v 45.8609 		-10.362 		29.998
v 45.8609 		-10.362 		37.501
v 45.8674 		-10.3728 		37.7509
v 45.8703 		-10.3776 		37.869
v 45.8895 		-10.4096 		38.1162
v 45.8984 		-10.4246 		38.233
v 45.9298 		-10.4768 		38.4754
v 45.9447 		-10.5018 		38.59
v 45.976 		-10.554 		38.7581
v -21.6351 		-24.626 		9.881
v -21.6472 		-24.873 		10.154
v -21.6607 		-25.146 		10.401
v -21.6753 		-25.442 		10.62
v -21.6908 		-25.757 		10.81
v 45.976 		-10.554 		55
v -21.7072 		-26.09 		10.967
v 45.8609 		-10.362 		2
v -21.7243 		-26.436 		11.091
v -21.7419 		-26.793 		11.18
v -21.7599 		-27.157 		11.234
v -21.6072 		-24.06 		8.937
v -21.604 		-23.996 		8.7579
v -21.6149 		-24.218 		9.269
v -21.6243 		-24.407 		9.585
v -21.604 		-23.996 		14.998
v -21.6351 		-24.626 		24.881
v -21.6472 		-24.873 		25.154
v -21.6607 		-25.146 		25.401
v -21.6753 		-25.442 		25.62
v -21.6908 		-25.757 		25.81
v -21.7072 		-26.09 		25.967
v -21.7243 		-26.436 		26.091
v -21.7419 		-26.793 		26.18
v -21.7599 		-27.157 		26.234
v -21.6072 		-24.06 		23.937
v -21.604 		-23.996 		23.7579
v -21.6149 		-24.218 		24.269
v -21.6243 		-24.407 		24.585
v -21.604 		-23.996 		29.998
v -21.6351 		-24.626 		39.881
v -21.6472 		-24.873 		40.154
v -21.6607 		-25.146 		40.401
v -21.6753 		-25.442 		40.62
v -21.6908 		-25.757 		40.81
v -21.7072 		-26.09 		40.967
v -21.7243 		-26.436 		41.091
v -21.7419 		-26.793 		41.18
v -21.7599 		-27.157 		41.234
v -21.6072 		-24.06 		38.937
v -21.604 		-23.996 		38.7579
v -21.6149 		-24.218 		39.269
v -21.6243 		-24.407 		39.585
v -21.604 		-23.996 		47.052
v 48.2459 		-55.474 		2
v -21.5739 		-23.793 		7.869
v -21.5712 		-23.775 		7.501
v -21.5819 		-23.847 		8.233
v -21.5951 		-23.936 		8.59
v -21.5712 		-23.775 		14.998
v -21.5739 		-23.793 		22.869
v -21.5712 		-23.775 		22.501
v -21.5819 		-23.847 		23.233
v -21.5951 		-23.936 		23.59
v 41.0839 		-51.4369 		25.62
v 41.2826 		-51.2176 		25.401
v 41.4656 		-51.0156 		25.154
v 41.6315 		-50.8325 		24.881
v 41.7788 		-50.6698 		24.585
v 41.9062 		-50.5292 		24.269
v 42.0117 		-50.4127 		23.937
v 39.683 		-52.983 		29.998
v -0.6687 		-72.5149 		27.143
v -0.5379 		-71.4269 		27.44
v 56.027 		-19.152 		60
v 56.642 		-23.318 		60
v 56.848 		-27.525 		60
v 56.642 		-31.732 		60
v 62.775 		-27.525 		60
v 62.541 		-22.734 		60
v 61.841 		-17.99 		60
v 60.681 		-13.337 		60
v 59.074 		-8.821 		60
v 57.033 		-4.485 		60
v 62.541 		-32.316 		60
v 62.541 		-32.316 		12.275
v 62.541 		-32.316 		28.639
v 62.541 		-32.316 		2
v 62.7116 		-28.823 		12.099
v 62.6914 		-29.236 		11.964
v 62.6721 		-29.632 		11.792
v 62.6537 		-30.009 		11.586
v 62.6365 		-30.361 		11.346
v 62.6206 		-30.686 		11.077
v 62.6062 		-30.981 		10.779
v 62.5935 		-31.242 		10.456
v 62.5824 		-31.468 		10.112
v 62.5733 		-31.655 		9.749
v 62.5661 		-31.803 		9.371
v 62.5609 		-31.909 		8.981
v 62.5577 		-31.974 		8.584
v 62.7536 		-27.963 		12.256
v 62.775 		-27.525 		12.275
v 62.7324 		-28.397 		12.197
v 62.7116 		-28.823 		28.463
v 62.6914 		-29.236 		28.327
v 62.6721 		-29.632 		28.156
v 62.6537 		-30.009 		27.949
v 62.6365 		-30.361 		27.71
v 62.6206 		-30.686 		27.44
v 62.6062 		-30.981 		27.143
v 62.5935 		-31.242 		26.82
v 62.5824 		-31.468 		26.476
v 62.5733 		-31.655 		26.112
v 62.5661 		-31.803 		25.734
v 62.5609 		-31.909 		25.345
v 62.5577 		-31.974 		24.947
v 62.7536 		-27.963 		28.619
v 62.775 		-27.525 		28.639
v 62.7324 		-28.397 		28.56
v 62.7116 		-28.823 		44.826
v 62.6914 		-29.236 		44.691
v 62.6721 		-29.632 		44.519
v 62.6537 		-30.009 		44.313
v 62.6365 		-30.361 		44.074
v 62.6206 		-30.686 		43.804
v 62.6062 		-30.981 		43.506
v 62.5935 		-31.242 		43.184
v 62.5824 		-31.468 		42.839
v 62.5733 		-31.655 		42.476
v 62.5661 		-31.803 		42.098
v 62.5609 		-31.909 		41.708
v 62.5577 		-31.974 		41.311
v 62.7536 		-27.963 		44.983
v 62.775 		-27.525 		45.003
v 62.7324 		-28.397 		44.924
v 62.775 		-27.525 		32.725
v 62.6365 		-24.689 		11.346
v 62.6537 		-25.041 		11.586
v 62.6721 		-25.418 		11.792
v 62.6914 		-25.814 		11.964
v 62.7116 		-26.227 		12.099
v 62.7324 		-26.653 		12.197
v 62.7536 		-27.087 		12.256
v 62.5577 		-23.076 		8.584
v 62.5609 		-23.141 		8.981
v 62.5661 		-23.247 		9.371
v 62.5733 		-23.395 		9.749
v 62.5824 		-23.582 		10.112
v 62.5935 		-23.808 		10.456
v 62.6062 		-24.069 		10.779
v 62.6206 		-24.364 		11.077
v -17.7726 		-44.8379 		2
v -19.0372 		-41.3026 		11.253
v -19.1213 		-41.0672 		11.2401
v -19.8394 		-39.0597 		10.401
v -19.7398 		-39.3382 		10.62
v -19.6333 		-39.6359 		10.81
v -19.7057 		-39.4334 		10.6809
v -19.5211 		-39.9496 		10.967
v -19.5973 		-39.7365 		10.8603
v 45.8812 		-10.3536 		2
v -19.4041 		-40.2766 		11.091
v -19.4837 		-40.0543 		11.0067
v 46.8269 		-12.3522 		10.9167
v 46.8726 		-12.4486 		10.967
v -19.2839 		-40.6128 		11.18
v -19.3656 		-40.3844 		11.1195
v -19.161 		-40.9563 		11.234
v -19.2446 		-40.7226 		11.1973
v -20.2055 		-38.0362 		8.937
v -20.227 		-37.976 		8.7577
v -20.1523 		-38.1849 		9.269
v -20.1884 		-38.0838 		9.0435
v -20.0885 		-38.3633 		9.585
v -20.0147 		-38.5695 		9.881
v -19.9314 		-38.8025 		10.154
v -19.9879 		-38.6444 		9.9685
v -19.9019 		-38.8851 		10.2332
v 47.9041 		-45.5344 		2
v -20.227 		-37.976 		14.998
v -19.0372 		-41.3026 		26.253
v -19.1213 		-41.0672 		26.2401
v -19.8394 		-39.0597 		25.401
v -19.7398 		-39.3382 		25.62
v -19.6333 		-39.6359 		25.81
v -19.7057 		-39.4334 		25.6809
v -19.5211 		-39.9496 		25.967
v -19.5973 		-39.7365 		25.8603
v -19.4041 		-40.2766 		26.091
v -19.4837 		-40.0543 		26.0067
v -19.2839 		-40.6128 		26.18
v -19.3656 		-40.3844 		26.1195
v -19.161 		-40.9563 		26.234
v -19.2446 		-40.7226 		26.1973
v -20.2055 		-38.0362 		23.937
v -20.227 		-37.976 		23.7577
v -20.1523 		-38.1849 		24.269
v -20.1884 		-38.0838 		24.0435
v -20.0885 		-38.3633 		24.585
v -20.0147 		-38.5695 		24.881
v -19.9314 		-38.8025 		25.154
v -19.9879 		-38.6444 		24.9685
v -19.9019 		-38.8851 		25.2332
v 33.8139 		-63.527 		2
v 37.003 		-61.615 		2
v 37.003 		-61.615 		55
v 47.1984 		-54.6935 		9.371
v 47.156 		-54.751 		9.5517
v 47.2621 		-54.6071 		8.981
v -20.227 		-37.976 		29.998
v 47.3011 		-54.5544 		8.584
v 47.2745 		-54.5903 		8.8536
v 47.3138 		-54.5371 		8.183
v -19.0372 		-41.3026 		41.253
v -19.1213 		-41.0672 		41.2401
v 46.9734 		-12.6618 		11.0513
v 47.0211 		-12.7624 		11.091
v -19.8394 		-39.0597 		40.401
v 47.125 		-12.982 		11.1515
v 47.1738 		-13.0852 		11.18
v -19.7398 		-39.3382 		40.62
v 47.2798 		-13.3092 		11.2167
v 47.3298 		-13.4148 		11.234
v -19.6333 		-39.6359 		40.81
v -19.7057 		-39.4334 		40.6809
v -19.5211 		-39.9496 		40.967
v -19.5973 		-39.7365 		40.8603
v -19.4041 		-40.2766 		41.091
v -19.4837 		-40.0543 		41.0067
v -19.2839 		-40.6128 		41.18
v -19.3656 		-40.3844 		41.1195
v 47.4369 		-13.6411 		11.2469
v 47.487 		-13.747 		11.253
v -19.161 		-40.9563 		41.234
v -19.2446 		-40.7226 		41.1973
v 45.9864 		-10.5759 		8.8257
v 46.0033 		-10.6118 		8.937
v 46.0491 		-10.7085 		9.1625
v 46.0708 		-10.7543 		9.269
v -20.2055 		-38.0362 		38.937
v -20.227 		-37.976 		38.7577
v -20.1523 		-38.1849 		39.269
v 46.1518 		-10.9256 		9.585
v -20.1884 		-38.0838 		39.0435
v 46.2455 		-11.1236 		9.881
v -20.0885 		-38.3633 		39.585
v 46.3175 		-11.2757 		10.0665
v 46.3515 		-11.3474 		10.154
v 46.4309 		-11.5153 		10.3218
v 46.4683 		-11.5944 		10.401
v 46.5949 		-11.8618 		10.62
v 46.6866 		-12.0556 		10.7491
v 46.73 		-12.1473 		10.81
v 47.487 		-13.747 		14.998
v 46.8269 		-12.3522 		25.9167
v 46.8726 		-12.4486 		25.967
v 42.4652 		-50.4622 		2
v 46.9734 		-12.6618 		26.0513
v 47.0211 		-12.7624 		26.091
v 37.1127 		-55.3117 		8.937
v 37.065 		-55.355 		8.7576
v 47.125 		-12.982 		26.1515
v 47.1738 		-13.0852 		26.18
v 47.2798 		-13.3092 		26.2167
v 47.3298 		-13.4148 		26.234
v 47.4369 		-13.6411 		26.2469
v 47.487 		-13.747 		26.253
v 45.9864 		-10.5759 		23.8257
v 46.0033 		-10.6118 		23.937
v 46.0491 		-10.7085 		24.1625
v 46.0708 		-10.7543 		24.269
v -21.5712 		-23.775 		29.998
v -21.5739 		-23.793 		37.869
v -21.5712 		-23.775 		37.501
v -21.5819 		-23.847 		38.233
v 46.1518 		-10.9256 		24.585
v -21.5951 		-23.936 		38.59
v 46.2455 		-11.1236 		24.881
v 46.3175 		-11.2757 		25.0665
v 46.3515 		-11.3474 		25.154
v 46.4309 		-11.5153 		25.3218
v 46.4683 		-11.5944 		25.401
v -21.596 		-23.942 		46.998
v 46.5949 		-11.8618 		25.62
v 46.6866 		-12.0556 		25.7491
v 46.73 		-12.1473 		25.81
v -21.086 		-20.501 		50.4388
v -21.5712 		-23.775 		2
v -21.086 		-20.501 		2
v 47.487 		-13.747 		29.998
v 46.8269 		-12.3522 		40.9167
v 46.8726 		-12.4486 		40.967
v 46.9734 		-12.6618 		41.0513
v 47.0211 		-12.7624 		41.091
v 47.125 		-12.982 		41.1515
v 47.1738 		-13.0852 		41.18
v 47.2798 		-13.3092 		41.2167
v 47.3298 		-13.4148 		41.234
v 47.4369 		-13.6411 		41.2469
v 47.487 		-13.747 		41.253
v 45.9864 		-10.5759 		38.8257
v 46.0033 		-10.6118 		38.937
v 46.0491 		-10.7085 		39.1625
v 46.0708 		-10.7543 		39.269
v 46.1518 		-10.9256 		39.585
v 46.2455 		-11.1236 		39.881
v 46.3175 		-11.2757 		40.0665
v 46.3515 		-11.3474 		40.154
v 46.4309 		-11.5153 		40.3218
v 46.4683 		-11.5944 		40.401
v 46.5949 		-11.8618 		40.62
v 46.6866 		-12.0556 		40.7491
v 46.73 		-12.1473 		40.81
v 47.487 		-13.747 		55
v -20.2784 		-17.2792 		7.7509
v -20.277 		-17.2734 		7.869
v -20.2813 		-17.2908 		7.501
v -20.268 		-17.2375 		8.1162
v -20.2637 		-17.2205 		8.233
v -20.2487 		-17.1607 		8.4754
v -20.2417 		-17.1328 		8.59
v -20.227 		-17.074 		8.7582
v -20.227 		-17.074 		14.998
v -20.2813 		-17.2908 		14.998
v -20.2784 		-17.2792 		22.7509
v -20.277 		-17.2734 		22.869
v -20.2813 		-17.2908 		22.501
v -20.268 		-17.2375 		23.1162
v -20.2637 		-17.2205 		23.233
v -20.2487 		-17.1607 		23.4754
v -20.2417 		-17.1328 		23.59
v -20.227 		-17.074 		23.7582
v -20.227 		-17.074 		29.998
v -20.2813 		-17.2908 		29.998
v -20.2784 		-17.2792 		37.7509
v -20.277 		-17.2734 		37.869
v -20.2813 		-17.2908 		37.501
v -20.268 		-17.2375 		38.1162
v -20.2637 		-17.2205 		38.233
v -20.2487 		-17.1607 		38.4754
v -20.2417 		-17.1328 		38.59
v -20.227 		-17.074 		38.7582
v 62.6365 		-24.689 		27.71
v 62.6537 		-25.041 		27.949
v 62.6721 		-25.418 		28.156
v 62.6914 		-25.814 		28.327
v 62.7116 		-26.227 		28.463
v 62.7324 		-26.653 		28.56
v 62.7536 		-27.087 		28.619
v 62.5577 		-23.076 		24.947
v 62.5609 		-23.141 		25.345
v 62.5661 		-23.247 		25.734
v 62.5733 		-23.395 		26.112
v 62.5824 		-23.582 		26.476
v 62.5935 		-23.808 		26.82
v 62.6062 		-24.069 		27.143
v 62.6206 		-24.364 		27.44
v 62.6365 		-24.689 		44.074
v 62.6537 		-25.041 		44.313
v 62.6721 		-25.418 		44.519
v 62.6914 		-25.814 		44.691
v 62.7116 		-26.227 		44.826
v 62.7324 		-26.653 		44.924
v 62.7536 		-27.087 		44.983
v 62.5577 		-23.076 		41.311
v 62.5609 		-23.141 		41.708
v 62.5661 		-23.247 		42.098
v 62.5733 		-23.395 		42.476
v 62.5824 		-23.582 		42.839
v 62.5935 		-23.808 		43.184
v 62.6062 		-24.069 		43.506
v 62.6206 		-24.364 		43.804
v 62.541 		-22.734 		2
v 61.841 		-17.99 		2
v 60.681 		-13.337 		12.275
v 60.681 		-13.337 		28.639
v 60.681 		-13.337 		2
v 60.3209 		-12.325 		10.456
v 60.3967 		-12.538 		10.112
v 60.3743 		-12.4752 		10.2138
v 60.4595 		-12.7146 		9.749
v 60.441 		-12.6625 		9.8564
v 60.5093 		-12.8544 		9.371
v 60.4945 		-12.813 		9.4828
v 60.5448 		-12.9542 		8.981
v 60.5666 		-13.0156 		8.584
v 60.5715 		-13.0293 		8.3017
v 59.6479 		-10.4338 		11.964
v 59.6071 		-10.319 		12.0039
v 59.7809 		-10.8076 		11.792
v 59.7416 		-10.697 		11.8428
v 59.9072 		-11.1625 		11.586
v 59.87 		-11.0579 		11.6469
v 47.1984 		-54.6935 		25.734
v 47.156 		-54.751 		25.9147
v 60.0254 		-11.4946 		11.346
v 59.9904 		-11.3962 		11.4169
v 47.2621 		-54.6071 		25.345
v 60.1345 		-11.8013 		11.077
v 60.1024 		-11.7109 		11.1565
v 47.3011 		-54.5544 		24.947
v 47.2745 		-54.5903 		25.2172
v 47.3138 		-54.5371 		24.546
v 60.2333 		-12.0788 		10.779
v 47.1984 		-54.6935 		42.098
v 47.156 		-54.751 		42.2787
v 60.2949 		-12.2519 		10.5515
v 47.2621 		-54.6071 		41.708
v 47.3011 		-54.5544 		41.311
v 47.2745 		-54.5903 		41.5806
v 47.3138 		-54.5371 		40.91
v 59.074 		-8.821 		12.275
v 59.074 		-8.821 		12.275
v 59.221 		-9.2341 		12.256
v 59.1777 		-9.1124 		12.2616
v 47.156 		-54.751 		32.725
v 47.3138 		-54.5371 		32.725
v 59.3666 		-9.6431 		12.197
v 59.5094 		-10.0444 		12.099
v 59.4671 		-9.9258 		12.1279
v 47.156 		-54.751 		16.361
v 47.3138 		-54.5371 		16.361
v 47.3138 		-54.5371 		2
v 60.3209 		-12.325 		26.82
v 60.3967 		-12.538 		26.476
v 60.3743 		-12.4752 		26.5778
v 60.4595 		-12.7146 		26.112
v 60.441 		-12.6625 		26.2197
v 60.5093 		-12.8544 		25.734
v 60.4945 		-12.813 		25.8458
v 60.5448 		-12.9542 		25.345
v 60.5666 		-13.0156 		24.947
v 60.5715 		-13.0293 		24.6647
v 59.6479 		-10.4338 		28.327
v 59.6071 		-10.319 		28.3672
v 59.7809 		-10.8076 		28.156
v 59.7416 		-10.697 		28.2065
v 59.9072 		-11.1625 		27.949
v 59.87 		-11.0579 		28.0102
v 60.0254 		-11.4946 		27.71
v 59.9904 		-11.3962 		27.7806
v 60.1345 		-11.8013 		27.44
v 60.1024 		-11.7109 		27.5198
v 60.2333 		-12.0788 		27.143
v 47.3322 		-54.5556 		2
v 60.2949 		-12.2519 		26.9155
v 59.074 		-8.821 		28.639
v 59.074 		-8.821 		28.639
v 59.221 		-9.2341 		28.619
v 59.1777 		-9.1124 		28.6249
v 59.3666 		-9.6431 		28.56
v 59.5094 		-10.0444 		28.463
v 59.4671 		-9.9258 		28.4916
v 60.3209 		-12.325 		43.184
v 60.3967 		-12.538 		42.839
v 60.3743 		-12.4752 		42.9411
v 60.4595 		-12.7146 		42.476
v 60.441 		-12.6625 		42.5834
v 60.5093 		-12.8544 		42.098
v 60.4945 		-12.813 		42.2098
v 60.5448 		-12.9542 		41.708
v 60.5666 		-13.0156 		41.311
v 60.5715 		-13.0293 		41.0287
v 59.6479 		-10.4338 		44.691
v 59.6071 		-10.319 		44.7309
v 59.7809 		-10.8076 		44.519
v 59.7416 		-10.697 		44.5698
v 59.9072 		-11.1625 		44.313
v 59.87 		-11.0579 		44.3739
v 60.0254 		-11.4946 		44.074
v 59.9904 		-11.3962 		44.1446
v 60.1345 		-11.8013 		43.804
v 60.1024 		-11.7109 		43.8838
v 60.2333 		-12.0788 		43.506
v 60.2949 		-12.2519 		43.2792
v 59.074 		-8.821 		45.003
v 59.074 		-8.821 		45.003
v 59.221 		-9.2341 		44.983
v 59.1777 		-9.1124 		44.9889
v 59.3666 		-9.6431 		44.924
v 59.5094 		-10.0444 		44.826
v 59.4671 		-9.9258 		44.8549
v 58.8875 		-8.4248 		12.256
v 59.0189 		-8.704 		12.2694
v 57.1787 		-4.7945 		8.584
v 57.1761 		-4.789 		8.4653
v 57.2064 		-4.8534 		8.981
v 57.2515 		-4.9493 		9.371
v 57.3147 		-5.0836 		9.749
v 57.2961 		-5.0439 		9.6372
v -20.0147 		-38.5695 		39.881
v -19.9314 		-38.8025 		40.154
v -19.9879 		-38.6444 		39.9685
v -19.9019 		-38.8851 		40.2332
v -20.227 		-17.074 		53.8655
v -20.2813 		-17.2908 		2
v -20.227 		-37.976 		55
v -20.3015 		-17.2824 		2
v -20.2189 		-17.0513 		8.8257
v -20.2055 		-17.0138 		8.937
v -20.1693 		-16.9127 		9.1625
v -20.1523 		-16.8651 		9.269
v -20.0885 		-16.6867 		9.585
v -20.0384 		-16.5466 		9.7861
v -20.0146 		-16.4802 		9.881
v -19.958 		-16.322 		10.0665
v -19.9314 		-16.2475 		10.154
v -19.8689 		-16.0729 		10.3218
v -19.8394 		-15.9903 		10.401
v -19.7398 		-15.7118 		10.62
v -19.6673 		-15.5093 		10.7491
v -19.6333 		-15.4141 		10.81
v -19.5571 		-15.201 		10.9167
v -19.5211 		-15.1004 		10.967
v -19.4415 		-14.878 		11.0513
v -19.4041 		-14.7734 		11.091
v -19.3224 		-14.545 		11.1515
v -19.2839 		-14.4372 		11.18
v -19.2003 		-14.2036 		11.2167
v -19.161 		-14.0937 		11.234
v -19.0768 		-13.8584 		11.2469
v -19.0372 		-13.7474 		11.253
v -19.037 		-13.747 		11.253
v -19.037 		-13.747 		14.998
v -20.2189 		-17.0513 		23.8257
v -20.2055 		-17.0138 		23.937
v 45.7514 		-56.3089 		11.792
v 46.003 		-56.0298 		11.586
v 45.8319 		-56.2195 		11.726
v -20.1693 		-16.9127 		24.1625
v -20.1523 		-16.8651 		24.269
v 46.2387 		-55.7684 		11.346
v -20.0885 		-16.6867 		24.585
v 46.4564 		-55.527 		11.077
v -20.0384 		-16.5466 		24.7861
v -20.0146 		-16.4802 		24.881
v 46.6533 		-55.3085 		10.779
v 46.5196 		-55.4568 		10.9814
v 46.8281 		-55.1146 		10.456
v 46.7093 		-55.2465 		10.6754
v 46.9791 		-54.9472 		10.112
v 46.8767 		-55.0608 		10.3457
v 47.1043 		-54.8084 		9.749
v 45.7514 		-56.3089 		28.156
v 46.003 		-56.0298 		27.949
v 45.8319 		-56.2195 		28.0897
v 46.2387 		-55.7684 		27.71
v -19.958 		-16.322 		25.0665
v -19.9314 		-16.2475 		25.154
v -19.8689 		-16.0729 		25.3218
v 46.4564 		-55.527 		27.44
v -19.8394 		-15.9903 		25.401
v 46.6533 		-55.3085 		27.143
v 46.5196 		-55.4568 		27.3448
v -19.7398 		-15.7118 		25.62
v 46.8281 		-55.1146 		26.82
v 46.7093 		-55.2465 		27.0394
v 46.9791 		-54.9472 		26.476
v 46.8767 		-55.0608 		26.7097
v -19.6673 		-15.5093 		25.7491
v -19.6333 		-15.4141 		25.81
v -19.5571 		-15.201 		25.9167
v -19.5211 		-15.1004 		25.967
v 47.1043 		-54.8084 		26.112
v -19.4415 		-14.878 		26.0513
v -19.4041 		-14.7734 		26.091
v -19.3224 		-14.545 		26.1515
v -19.2839 		-14.4372 		26.18
v 45.7514 		-56.3089 		44.519
v 46.003 		-56.0298 		44.313
v 45.8319 		-56.2195 		44.453
v 46.2387 		-55.7684 		44.074
v 46.4564 		-55.527 		43.804
v -19.2003 		-14.2036 		26.2167
v -19.161 		-14.0937 		26.234
v 46.6533 		-55.3085 		43.506
v 46.5196 		-55.4568 		43.7084
v -19.0768 		-13.8584 		26.2469
v -19.0372 		-13.7474 		26.253
v 46.8281 		-55.1146 		43.184
v 46.7093 		-55.2465 		43.4027
v -19.037 		-13.747 		26.253
v 46.9791 		-54.9472 		42.839
v 46.8767 		-55.0608 		43.0733
v -19.037 		-13.747 		29.998
v 47.1043 		-54.8084 		42.476
v -20.2189 		-17.0513 		38.8257
v -20.2055 		-17.0138 		38.937
v -20.1693 		-16.9127 		39.1625
v -20.1523 		-16.8651 		39.269
v -20.0885 		-16.6867 		39.585
v -20.0384 		-16.5466 		39.7861
v -20.0146 		-16.4802 		39.881
v -19.958 		-16.322 		40.0665
v -19.9314 		-16.2475 		40.154
v -19.8689 		-16.0729 		40.3218
v -19.8394 		-15.9903 		40.401
v -19.7398 		-15.7118 		40.62
v -19.6673 		-15.5093 		40.7491
v -19.6333 		-15.4141 		40.81
v -19.5571 		-15.201 		40.9167
v -19.5211 		-15.1004 		40.967
v -19.4415 		-14.878 		41.0513
v -19.4041 		-14.7734 		41.091
v -19.3224 		-14.545 		41.1515
v -19.2839 		-14.4372 		41.18
v -19.2003 		-14.2036 		41.2167
v -19.161 		-14.0937 		41.234
v -19.0768 		-13.8584 		41.2469
v -19.0372 		-13.7474 		41.253
v -19.037 		-13.747 		41.253
v -19.8212 		-15.9394 		55
v -19.037 		-13.747 		55
v 37.2292 		-55.2062 		9.269
v 57.033 		-4.485 		12.275
v 37.3698 		-55.0788 		9.585
v 57.8659 		-6.2544 		11.346
v 57.8248 		-6.1672 		11.2665
v 37.5325 		-54.9315 		9.881
v 58.0161 		-6.5736 		11.586
v 57.9718 		-6.4795 		11.5151
v 37.7156 		-54.7656 		10.154
v 58.1763 		-6.9139 		11.792
v 58.1289 		-6.8131 		11.7311
v 37.9176 		-54.5826 		10.401
v 38.1369 		-54.3839 		10.62
v 58.3454 		-7.273 		11.964
v 58.2955 		-7.1671 		11.9132
v 38.3714 		-54.1714 		10.81
v 58.5212 		-7.6465 		12.099
v 58.4692 		-7.5361 		12.0591
v 38.6185 		-53.9475 		10.967
v 58.7027 		-8.0321 		12.197
v 38.8756 		-53.7146 		11.091
v 58.6492 		-7.9184 		12.1681
v 39.14 		-53.475 		11.18
v 57.3945 		-5.253 		10.112
v 57.3709 		-5.2028 		10.0046
v 57.4906 		-5.4571 		10.456
v 57.4621 		-5.3966 		10.3542
v 39.4107 		-53.2297 		11.234
v 57.6021 		-5.6939 		10.779
v 57.5692 		-5.6242 		10.6835
v 57.7275 		-5.9604 		11.077
v 37.065 		-55.355 		14.998
v 37.1127 		-55.3117 		23.937
v 37.065 		-55.355 		23.7576
v 58.8875 		-8.4248 		28.619
v 59.0189 		-8.704 		28.6331
v 57.1787 		-4.7945 		24.947
v 57.1761 		-4.789 		24.8283
v 57.2064 		-4.8534 		25.345
v 57.2515 		-4.9493 		25.734
v 57.3147 		-5.0836 		26.112
v 57.2961 		-5.0439 		26.0002
v 37.2292 		-55.2062 		24.269
v 37.3698 		-55.0788 		24.585
v 37.5325 		-54.9315 		24.881
v 37.7156 		-54.7656 		25.154
v 37.9176 		-54.5826 		25.401
v 57.033 		-4.485 		28.639
v 38.1369 		-54.3839 		25.62
v 57.8659 		-6.2544 		27.71
v 57.8248 		-6.1672 		27.6302
v 38.3714 		-54.1714 		25.81
v 38.6185 		-53.9475 		25.967
v 58.0161 		-6.5736 		27.949
v 57.9718 		-6.4795 		27.8784
v 38.8756 		-53.7146 		26.091
v 58.1763 		-6.9139 		28.156
v 58.1289 		-6.8131 		28.0948
v 58.3454 		-7.273 		28.327
v 58.2955 		-7.1671 		28.2765
v 39.14 		-53.475 		26.18
v 58.5212 		-7.6465 		28.463
v 58.4692 		-7.5361 		28.4228
v 58.7027 		-8.0321 		28.56
v 58.6492 		-7.9184 		28.5314
v 39.4107 		-53.2297 		26.234
v 57.3945 		-5.253 		26.476
v 57.3709 		-5.2028 		26.3683
v 37.065 		-55.355 		29.998
v 57.4906 		-5.4571 		26.82
v 57.4621 		-5.3966 		26.7183
v 57.6021 		-5.6939 		27.143
v 57.5692 		-5.6242 		27.0475
v 57.7275 		-5.9604 		27.44
v 58.8875 		-8.4248 		44.983
v 59.0189 		-8.704 		44.9971
v 57.1787 		-4.7945 		41.311
v 57.1761 		-4.789 		41.1923
v 57.2064 		-4.8534 		41.708
v 57.2515 		-4.9493 		42.098
v 57.3147 		-5.0836 		42.476
v 57.2961 		-5.0439 		42.3642
v 57.8659 		-6.2544 		44.074
v 57.8248 		-6.1672 		43.9942
v 58.0161 		-6.5736 		44.313
v 57.9718 		-6.4795 		44.2424
v 58.1763 		-6.9139 		44.519
v 58.1289 		-6.8131 		44.4581
v 58.3454 		-7.273 		44.691
v 58.2955 		-7.1671 		44.6402
v 27.6467 		16.9082 		2
v 18.598 		17.9456 		2
v 9.702 		17.1869 		2
v -4.458 		17.63 		12.275
v -4.458 		17.63 		12.275
v -4.1689 		17.7339 		12.2616
v -4.0475 		17.7775 		12.256
v -3.6404 		17.9239 		12.197
v -4.458 		17.63 		16.361
v -8.4638 		15.7255 		8.584
v -8.4833 		15.7163 		8.183
v -8.4059 		15.7531 		8.981
v -8.3101 		15.7986 		9.371
v -8.772 		15.579 		8.7431
v -8.1768 		15.862 		9.749
v -8.0079 		15.9423 		10.112
v -8.058 		15.9184 		10.0046
v -7.8052 		16.0387 		10.456
v -7.57 		16.1505 		10.779
v -7.3045 		16.2767 		11.077
v -7.0117 		16.4159 		11.346
v -6.6945 		16.5667 		11.586
v -6.7881 		16.5222 		11.5151
v -6.3556 		16.7278 		11.792
v -5.9986 		16.8975 		11.964
v -6.1042 		16.8473 		11.9132
v -5.6264 		17.0745 		12.099
v -5.2433 		17.2566 		12.197
v -4.8525 		17.4425 		12.256
v -4.5741 		17.5748 		12.2694
v 25.0791 		8.478 		2
v -5.4171 		17.174 		16.361
v 36.8853 		0.4383 		7.501
v 36.8954 		0.4308 		7.7509
v 36.9 		0.4274 		7.869
v 36.9297 		0.4054 		8.1162
v 36.9439 		0.3949 		8.233
v 58.5212 		-7.6465 		44.826
v 58.4692 		-7.5361 		44.7861
v 58.7027 		-8.0321 		44.924
v 58.6492 		-7.9184 		44.8951
v 57.3945 		-5.253 		42.839
v 57.3709 		-5.2028 		42.7316
v 57.4906 		-5.4571 		43.184
v 57.4621 		-5.3966 		43.082
v 57.6021 		-5.6939 		43.506
v 57.5692 		-5.6242 		43.4108
v 57.7275 		-5.9604 		43.804
v 37.0162 		0.3412 		8.59
v 37.065 		0.305 		8.7576
v 57.033 		-4.485 		2
v 49.4449 		-46.1726 		2
v -0.3138 		14.0639 		27.949
v -0.3861 		14.8714 		27.7846
v -0.419 		15.2388 		27.71
v 37.065 		0.305 		14.998
v 36.8853 		0.4383 		14.998
v 36.8853 		0.4383 		22.501
v 36.8954 		0.4308 		22.7509
v 36.9 		0.4274 		22.869
v 36.9297 		0.4054 		23.1162
v 36.9439 		0.3949 		23.233
v 37.0162 		0.3412 		23.59
v 37.065 		0.305 		23.7576
v 37.065 		0.305 		29.998
v 36.8853 		0.4383 		29.998
v 47.6417 		-54.8667 		2
v 36.8853 		0.4383 		37.501
v 36.8954 		0.4308 		37.7509
v 36.9 		0.4274 		37.869
v 54.0468 		-48.9745 		2
v 54.0908 		-48.9929 		2
v 36.9297 		0.4054 		38.1162
v 36.9439 		0.3949 		38.233
v 37.0162 		0.3412 		38.59
v 37.065 		0.305 		38.7576
v 37.065 		0.305 		55
v 36.8853 		0.4383 		2
v 42.9747 		-50.9717 		2
v 36.9002 		-55.4772 		7.869
v 36.8853 		-55.4883 		7.501
v 36.9439 		-55.4449 		8.233
v 48.4646 		-16.4802 		9.881
v 48.5147 		-16.6203 		9.6799
v 48.5385 		-16.6867 		9.585
v 48.6023 		-16.8651 		9.269
v 48.6384 		-16.9662 		9.0435
v 48.6555 		-17.0138 		8.937
v 48.677 		-17.074 		8.7577
v 47.7339 		-14.4372 		11.18
v 47.8156 		-14.6656 		11.1195
v 47.8541 		-14.7734 		11.091
v 47.9337 		-14.9957 		11.0067
v 47.9711 		-15.1004 		10.967
v 48.0473 		-15.3135 		10.8603
v 48.0833 		-15.4141 		10.81
v 48.1557 		-15.6166 		10.6809
v 48.1898 		-15.7118 		10.62
v 48.2894 		-15.9903 		10.401
v 56.848 		-4.1748 		2
v 56.027 		-19.152 		2
v -0.5379 		16.3769 		27.44
v -0.6687 		17.4649 		27.143
v 55.4396 		-15.1728 		2
v 56.6032 		-23.055 		8.183
v 56.6063 		-23.076 		8.584
v 56.6159 		-23.141 		8.981
v 56.6315 		-23.247 		9.371
v 56.642 		-23.318 		9.5523
v 30.49 		12.125 		60
v 34.278 		10.325 		60
v 37.872 		8.159 		60
v 41.237 		5.65 		60
v 44.342 		2.822 		60
v 51.738 		3.481 		60
v 48.533 		7.035 		60
v 44.997 		10.256 		60
v 41.165 		13.113 		60
v 47.156 		-0.299 		60
v 49.652 		-3.682 		60
v 51.806 		-7.294 		60
v 53.597 		-11.101 		60
v 56.6032 		-23.055 		24.546
v 56.6063 		-23.076 		24.947
v 55.009 		-15.067 		60
v 56.6159 		-23.141 		25.345
v 56.6315 		-23.247 		25.734
v 54.58 		-0.372 		60
v 55.009 		-39.983 		60
v 56.642 		-23.318 		25.9153
v 53.597 		-43.949 		60
v 51.806 		-47.756 		60
v 49.652 		-51.368 		60
v 47.156 		-54.751 		60
v 44.342 		-57.872 		60
v 41.237 		-60.7 		60
v 37.872 		-63.209 		60
v 34.278 		-65.375 		60
v 54.58 		-54.678 		60
v 44.997 		-65.306 		60
v 48.533 		-62.085 		60
v 56.6032 		-23.055 		40.91
v 51.738 		-58.531 		60
v 56.6063 		-23.076 		41.311
v 30.49 		-67.175 		60
v 56.6159 		-23.141 		41.708
v 56.6315 		-23.247 		42.098
v 41.165 		-68.163 		60
v 48.3813 		-16.2474 		10.154
v 56.642 		-23.318 		42.2793
v 56.642 		-23.318 		32.725
v 56.6032 		-23.055 		32.725
v 47.4872 		-13.7474 		11.253
v 47.5713 		-13.9828 		11.2401
v 47.611 		-14.0937 		11.234
v 47.6946 		-14.3274 		11.1973
v 48.677 		-17.074 		14.998
v 48.4646 		-16.4802 		24.881
v -18.9301 		-13.5212 		11.2401
v -18.8798 		-13.4148 		11.234
v 48.5147 		-16.6203 		24.6799
v 48.5385 		-16.6867 		24.585
v 48.6023 		-16.8651 		24.269
v -18.7738 		-13.1909 		11.1973
v 48.6384 		-16.9662 		24.0435
v -18.7238 		-13.0852 		11.18
v 48.6555 		-17.0138 		23.937
v -18.6199 		-12.8657 		11.1195
v -18.5711 		-12.7624 		11.091
v 48.677 		-17.074 		23.7577
v -18.4702 		-12.5492 		11.0067
v -18.4226 		-12.4486 		10.967
v -18.3256 		-12.2437 		10.8603
v -18.28 		-12.1473 		10.81
v -18.1882 		-11.9534 		10.6809
v -18.1449 		-11.8618 		10.62
v -18.0183 		-11.5944 		10.401
v -17.9016 		-11.3477 		10.154
v -17.8295 		-11.1952 		9.9685
v -17.7955 		-11.1236 		9.881
v -17.7018 		-10.9256 		9.585
v -17.6208 		-10.7543 		9.269
v -17.575 		-10.6576 		9.0435
v -17.5534 		-10.6118 		8.937
v -17.526 		-10.554 		8.7586
v -17.526 		-10.554 		14.998
v -18.9301 		-13.5212 		26.2401
v -18.8798 		-13.4148 		26.234
v -18.7738 		-13.1909 		26.1973
v -18.7238 		-13.0852 		26.18
v -18.6199 		-12.8657 		26.1195
v -18.5711 		-12.7624 		26.091
v -18.4702 		-12.5492 		26.0067
v -18.4226 		-12.4486 		25.967
v -18.3256 		-12.2437 		25.8603
v -18.28 		-12.1473 		25.81
v -18.1882 		-11.9534 		25.6809
v -18.1449 		-11.8618 		25.62
v -18.0183 		-11.5944 		25.401
v -17.9016 		-11.3477 		25.154
v -17.8295 		-11.1952 		24.9685
v -17.7955 		-11.1236 		24.881
v -17.7018 		-10.9256 		24.585
v -17.6208 		-10.7543 		24.269
v -17.575 		-10.6576 		24.0435
v -17.5534 		-10.6118 		23.937
v -17.526 		-10.554 		23.7586
v -8.615 		0.305 		55
v -17.526 		-10.554 		29.998
v -5.777 		2.41 		55
v -18.9301 		-13.5212 		41.2401
v -18.8798 		-13.4148 		41.234
v -18.7738 		-13.1909 		41.1973
v -18.7238 		-13.0852 		41.18
v -18.6199 		-12.8657 		41.1195
v -18.5711 		-12.7624 		41.091
v -18.4702 		-12.5492 		41.0067
v -18.4226 		-12.4486 		40.967
v -14.766 		1.466 		55
v -8.553 		6.565 		55
v -11.785 		4.168 		55
v -18.3256 		-12.2437 		40.8603
v -18.28 		-12.1473 		40.81
v -1.465 		10.354 		55
v -5.102 		8.634 		55
v -18.1882 		-11.9534 		40.6809
v -18.1449 		-11.8618 		40.62
v -18.0183 		-11.5944 		40.401
v -17.9016 		-11.3477 		40.154
v -17.8295 		-11.1952 		39.9685
v -17.7955 		-11.1236 		39.881
v -17.7018 		-10.9256 		39.585
v -17.6208 		-10.7543 		39.269
v -17.575 		-10.6576 		39.0435
v -17.5534 		-10.6118 		38.937
v -17.526 		-10.554 		38.7586
v -17.526 		-10.554 		55
v 48.677 		-17.074 		55
v 37.0162 		-55.3912 		8.59
v 47.7339 		-14.4372 		26.18
v 47.8156 		-14.6656 		26.1195
v 47.8541 		-14.7734 		26.091
v 47.9337 		-14.9957 		26.0067
v 47.9711 		-15.1004 		25.967
v 48.0473 		-15.3135 		25.8603
v 48.0833 		-15.4141 		25.81
v 48.1557 		-15.6166 		25.6809
v 48.1898 		-15.7118 		25.62
v 48.2894 		-15.9903 		25.401
v 48.3813 		-16.2474 		25.154
v 36.8853 		-55.4883 		14.998
v 47.4872 		-13.7474 		26.253
v 36.9002 		-55.4772 		22.869
v 36.8853 		-55.4883 		22.501
v 47.5713 		-13.9828 		26.2401
v 47.611 		-14.0937 		26.234
v 36.9439 		-55.4449 		23.233
v 47.6946 		-14.3274 		26.1973
v 37.0162 		-55.3912 		23.59
v 48.677 		-17.074 		29.998
v 48.4646 		-16.4802 		39.881
v 48.5147 		-16.6203 		39.6799
v 48.5385 		-16.6867 		39.585
v 48.6023 		-16.8651 		39.269
v 48.6384 		-16.9662 		39.0435
v 48.6555 		-17.0138 		38.937
v 48.677 		-17.074 		38.7577
v 47.7339 		-14.4372 		41.18
v 36.8853 		-55.4883 		29.998
v 47.8156 		-14.6656 		41.1195
v 47.8541 		-14.7734 		41.091
v 47.9337 		-14.9957 		41.0067
v 47.9711 		-15.1004 		40.967
v 36.8853 		-55.4883 		2
v 34.227 		-57.46 		2
v 40.235 		-59.218 		2
v 40.235 		-59.218 		55
v 50.5419 		-49.8758 		2
v 49.652 		-51.368 		2
v 48.0473 		-15.3135 		40.8603
v 48.0833 		-15.4141 		40.81
v 48.1557 		-15.6166 		40.6809
v 48.1898 		-15.7118 		40.62
v 48.2894 		-15.9903 		40.401
v 48.3813 		-16.2474 		40.154
v 47.4872 		-13.7474 		41.253
v 47.5713 		-13.9828 		41.2401
v 47.611 		-14.0937 		41.234
v 47.6946 		-14.3274 		41.1973
v 49.536 		-20.501 		55
v 50.054 		-23.996 		55
v 14.225 		-63.527 		55
v 10.696 		-63.354 		55
v 7.201 		-62.836 		55
v 3.774 		-61.977 		55
v 0.447 		-60.787 		55
v 31.196 		-59.276 		55
v 28.003 		-60.787 		55
v 24.676 		-61.977 		55
v 21.249 		-62.836 		55
v 17.754 		-63.354 		55
v 49.536 		-34.549 		55
v 48.677 		-37.976 		55
v 47.487 		-41.303 		55
v 45.976 		-44.496 		55
v 44.16 		-47.527 		55
v 42.055 		-50.365 		55
v 39.683 		-52.983 		55
v 37.065 		-55.355 		55
v 34.227 		-57.46 		55
v 43.216 		-56.516 		55
v 45.918 		-53.535 		55
v 48.315 		-50.303 		55
v 52.104 		-43.215 		55
v 50.384 		-46.852 		55
v 53.46 		-39.427 		55
v 54.437 		-35.524 		55
v 56.642 		-23.318 		16.361
v 56.6032 		-23.055 		16.361
v 56.6032 		-23.055 		2
v -15.71 		-7.523 		55
v -13.605 		-4.685 		55
v -11.233 		-2.067 		55
v -18.438 		-45.1134 		2
v -20.277 		-37.7766 		7.869
v -20.2799 		-37.765 		7.6191
v -20.2813 		-37.7592 		7.501
v -20.2637 		-37.8295 		8.233
v -20.2727 		-37.7937 		7.9858
v -20.2417 		-37.9172 		8.59
v -20.2567 		-37.8575 		8.3476
v -20.2319 		-37.9563 		8.7013
v -20.2813 		-37.7592 		14.998
v -20.277 		-37.7766 		22.869
v -20.2799 		-37.765 		22.6191
v -20.2813 		-37.7592 		22.501
v -20.2637 		-37.8295 		23.233
v -20.2727 		-37.7937 		22.9858
v -20.2417 		-37.9172 		23.59
v -20.2567 		-37.8575 		23.3476
v -20.2319 		-37.9563 		23.7013
v -20.2813 		-37.7592 		29.998
v -20.277 		-37.7766 		37.869
v -20.2799 		-37.765 		37.6191
v -20.2813 		-37.7592 		37.501
v -20.2637 		-37.8295 		38.233
v -20.2727 		-37.7937 		37.9858
v -20.2417 		-37.9172 		38.59
v -20.2567 		-37.8575 		38.3476
v -20.2319 		-37.9563 		38.7013
v -20.2813 		-37.7592 		2
v -21.086 		-34.549 		2
v -21.086 		-34.549 		55
v 52.3264 		-48.2583 		2
v 52.8235 		-48.4652 		2
v -25.987 		-35.524 		55
v -25.01 		-39.427 		55
v 51.738 		3.481 		12.275
v 51.738 		3.481 		28.639
v 48.5331 		7.0348 		12.275
v 48.533 		7.035 		12.275
v 48.8262 		6.7099 		12.256
v 49.1166 		6.3879 		12.197
v 49.0308 		6.483 		12.2144
v 51.2957 		3.9714 		9.749
v 51.3949 		3.8615 		9.371
v 51.466 		3.7826 		8.981
v 51.5095 		3.7344 		8.584
v 51.4967 		3.7486 		8.7015
v 51.5237 		3.7186 		8.183
v 43.7546 		-51.7516 		2
v 49.4015 		6.072 		12.099
v 49.6776 		5.7657 		11.964
v 49.596 		5.8563 		12.0039
v 49.9427 		5.4718 		11.792
v 50.1944 		5.1927 		11.586
v 50.1201 		5.275 		11.6469
v 50.4301 		4.9313 		11.346
v 50.6478 		4.6899 		11.077
v 50.8447 		4.4715 		10.779
v 50.7864 		4.5362 		10.8671
v 51.0196 		4.2776 		10.456
v 50.968 		4.3349 		10.5515
v 51.1705 		4.1103 		10.112
v 51.1258 		4.1599 		10.2138
v 49.3175 		6.1651 		12.1279
v 48.5331 		7.0348 		28.639
v 48.533 		7.035 		28.639
v 48.8262 		6.7099 		28.619
v 49.1166 		6.3879 		28.56
v 49.0308 		6.483 		28.5774
v 51.2957 		3.9714 		26.112
v 51.3949 		3.8615 		25.734
v 51.466 		3.7826 		25.345
v 51.5095 		3.7344 		24.947
v 51.4967 		3.7486 		25.0648
v 51.5237 		3.7186 		24.546
v 49.4015 		6.072 		28.463
v 49.6776 		5.7657 		28.327
v 49.596 		5.8563 		28.3672
v 49.9427 		5.4718 		28.156
v 50.1944 		5.1927 		27.949
v 50.1201 		5.275 		28.0102
v 50.4301 		4.9313 		27.71
v 50.6478 		4.6899 		27.44
v 50.8447 		4.4715 		27.143
v 50.7864 		4.5362 		27.2308
v 51.0196 		4.2776 		26.82
v 50.968 		4.3349 		26.9155
v 51.1705 		4.1103 		26.476
v 51.1258 		4.1599 		26.5778
v 45.7373 		-53.7343 		29.998
v 40.4343 		-59.0373 		29.998
v 43.216 		-56.516 		29.998
v 45.7373 		-53.7343 		14.998
v 49.3175 		6.1651 		28.4916
v 40.4343 		-59.0373 		14.998
v 43.216 		-56.516 		14.998
v 36.9008 		0.4538 		2
v 40.448 		-59.025 		7.869
v 40.4343 		-59.0373 		7.501
v 37.1127 		0.2617 		8.937
v 40.4878 		-58.9888 		8.233
v 37.2292 		0.1562 		9.269
v 48.5331 		7.0348 		45.003
v 48.533 		7.035 		45.003
v 48.8262 		6.7099 		44.983
v 37.3698 		0.0288 		9.585
v 40.5539 		-58.9289 		8.59
v 49.1166 		6.3879 		44.924
v 49.0308 		6.483 		44.9414
v 40.6462 		-58.8452 		8.937
v 51.2957 		3.9714 		42.476
v 40.7627 		-58.7397 		9.269
v 51.3949 		3.8615 		42.098
v 40.9033 		-58.6123 		9.585
v 51.466 		3.7826 		41.708
v 51.5095 		3.7344 		41.311
v 51.4967 		3.7486 		41.4285
v 51.5237 		3.7186 		40.91
v 49.4015 		6.072 		44.826
v 49.6776 		5.7657 		44.691
v 49.596 		5.8563 		44.7309
v 41.0659 		-58.4649 		9.881
v 49.9427 		5.4718 		44.519
v 37.1127 		0.2617 		23.937
v 41.249 		-58.299 		10.154
v 50.1944 		5.1927 		44.313
v 50.1201 		5.275 		44.3739
v 41.4509 		-58.1159 		10.401
v 50.4301 		4.9313 		44.074
v 50.6478 		4.6899 		43.804
v 41.6702 		-57.9172 		10.62
v 50.8447 		4.4715 		43.506
v 50.7864 		4.5362 		43.5941
v 41.9046 		-57.7046 		10.81
v 51.0196 		4.2776 		43.184
v 50.968 		4.3349 		43.2792
v 42.1517 		-57.4807 		10.967
v 42.4087 		-57.2477 		11.091
v 42.6731 		-57.0081 		11.18
v 42.9438 		-56.7628 		11.234
v 43.216 		-56.516 		11.253
v 43.4628 		-56.2438 		11.234
v 43.7081 		-55.9731 		11.18
v 43.9477 		-55.7087 		11.091
v 44.1807 		-55.4517 		10.967
v 51.1705 		4.1103 		42.839
v 51.1258 		4.1599 		42.9411
v 49.3175 		6.1651 		44.8549
v 37.2292 		0.1562 		24.269
v 48.533 		7.035 		32.725
v 51.5237 		3.7186 		32.725
v 37.3698 		0.0288 		24.585
v 48.533 		7.035 		16.361
v 51.5237 		3.7186 		16.361
v 47.2702 		8.1853 		11.964
v 47.5751 		7.9076 		12.099
v 47.4852 		7.9895 		12.0591
v 47.8892 		7.6215 		12.197
v 47.7964 		7.706 		12.1681
v 48.2098 		7.3294 		12.256
v 48.1153 		7.4155 		12.2386
v 37.1127 		0.2617 		38.937
v 37.2292 		0.1562 		39.269
v 37.3698 		0.0288 		39.585
v 44.997 		10.256 		12.275
v 45.2493 		10.0262 		8.584
v 45.2336 		10.0405 		8.183
v 45.297 		9.9827 		8.981
v 45.2828 		9.9957 		8.8635
v 45.3755 		9.9112 		9.371
v 45.4849 		9.8116 		9.749
v 45.623 		9.6857 		10.112
v 45.7898 		9.5338 		10.456
v 45.7406 		9.5787 		10.3542
v 45.9825 		9.3583 		10.779
v 45.9254 		9.4103 		10.6835
v 46.2 		9.1602 		11.077
v 46.1358 		9.2186 		10.9889
v 46.4402 		8.9414 		11.346
v 46.7002 		8.7045 		11.586
v 46.9777 		8.4517 		11.792
v 46.8956 		8.5265 		11.7311
v 47.2702 		8.1853 		28.327
v 47.5751 		7.9076 		28.463
v 47.4852 		7.9895 		28.4228
v 47.8892 		7.6215 		28.56
v 47.7964 		7.706 		28.5314
v 48.2098 		7.3294 		28.619
v 48.1153 		7.4155 		28.6016
v -21.3076 		-16.8657 		2
v -17.5153 		-10.5362 		8.7013
v -17.4947 		-10.5018 		8.59
v -17.4634 		-10.4495 		8.3476
v -17.4485 		-10.4246 		8.233
v -17.4293 		-10.3926 		7.9858
v -17.4203 		-10.3776 		7.869
v -17.4139 		-10.3668 		7.6191
v -17.4109 		-10.362 		7.501
v -17.4109 		-10.362 		14.998
v -17.5153 		-10.5362 		23.7013
v -17.4947 		-10.5018 		23.59
v -17.4634 		-10.4495 		23.3476
v -17.4485 		-10.4246 		23.233
v -17.4293 		-10.3926 		22.9858
v -17.4203 		-10.3776 		22.869
v -17.4139 		-10.3668 		22.6191
v -17.4109 		-10.362 		22.501
v -17.4109 		-10.362 		29.998
v -17.5153 		-10.5362 		38.7013
v -17.4947 		-10.5018 		38.59
v -17.4634 		-10.4495 		38.3476
v -17.4485 		-10.4246 		38.233
v -17.4293 		-10.3926 		37.9858
v -17.4203 		-10.3776 		37.869
v -17.4139 		-10.3668 		37.6191
v -17.4109 		-10.362 		37.501
v -17.4109 		-10.362 		2
v -15.71 		-7.523 		2
v 44.4046 		-55.2046 		10.81
v 44.6172 		-54.9702 		10.62
v 44.8159 		-54.7509 		10.401
v 44.999 		-54.549 		10.154
v 45.1649 		-54.3659 		9.881
v 45.3123 		-54.2033 		9.585
v 45.4397 		-54.0627 		9.269
v 45.5452 		-53.9462 		8.937
v 45.6289 		-53.8539 		8.59
v 45.6888 		-53.7878 		8.233
v 45.6995 		-53.776 		8.1253
v 45.7253 		-53.7476 		7.869
v 45.729 		-53.7436 		7.7601
v 45.7373 		-53.7343 		7.501
v 40.4343 		-59.0373 		22.501
v 40.448 		-59.025 		22.869
v 40.4878 		-58.9888 		23.233
v 40.5539 		-58.9289 		23.59
v 40.6462 		-58.8452 		23.937
v 40.7627 		-58.7397 		24.269
v 40.9033 		-58.6123 		24.585
v 41.0659 		-58.4649 		24.881
v 41.249 		-58.299 		25.154
v 41.4509 		-58.1159 		25.401
v 41.6702 		-57.9172 		25.62
v 41.9046 		-57.7046 		25.81
v 42.1517 		-57.4807 		25.967
v 42.4087 		-57.2477 		26.091
v 42.6731 		-57.0081 		26.18
v 42.9438 		-56.7628 		26.234
v 43.216 		-56.516 		26.253
v 40.4343 		-59.0373 		2
v 40.4343 		-59.0373 		37.501
v 40.448 		-59.025 		37.869
v 40.4878 		-58.9888 		38.233
v 40.5539 		-58.9289 		38.59
v 40.6462 		-58.8452 		38.937
v 40.7627 		-58.7397 		39.269
v 40.9033 		-58.6123 		39.585
v 41.0659 		-58.4649 		39.881
v 41.249 		-58.299 		40.154
v 44.997 		10.256 		25.7983
v 45.2493 		10.0262 		24.947
v 45.2336 		10.0405 		24.546
v 45.297 		9.9827 		25.345
v 45.2828 		9.9957 		25.2272
v 45.3755 		9.9112 		25.734
v 45.4849 		9.8116 		26.112
v 45.623 		9.6857 		26.476
v 45.7898 		9.5338 		26.82
v 45.7406 		9.5787 		26.7183
v 45.9825 		9.3583 		27.143
v 45.9254 		9.4103 		27.0475
v 46.2 		9.1602 		27.44
v 46.1358 		9.2186 		27.3522
v 46.4402 		8.9414 		27.71
v 46.7002 		8.7045 		27.949
v 46.9777 		8.4517 		28.156
v 46.8956 		8.5265 		28.0948
v 56.7091 		-24.689 		11.346
v 43.4628 		-56.2438 		26.234
v 43.7081 		-55.9731 		26.18
v 43.9477 		-55.7087 		26.091
v 44.1807 		-55.4517 		25.967
v 44.4046 		-55.2046 		25.81
v 44.6172 		-54.9702 		25.62
v 44.8159 		-54.7509 		25.401
v 44.999 		-54.549 		25.154
v 45.1649 		-54.3659 		24.881
v 45.3123 		-54.2033 		24.585
v 45.4397 		-54.0627 		24.269
v 45.5452 		-53.9462 		23.937
v 45.6289 		-53.8539 		23.59
v 45.6888 		-53.7878 		23.233
v 45.6995 		-53.776 		23.1253
v 45.7253 		-53.7476 		22.869
v 45.729 		-53.7436 		22.7601
v 45.7373 		-53.7343 		22.501
v 47.2702 		8.1853 		44.691
v 47.5751 		7.9076 		44.826
v 47.4852 		7.9895 		44.7861
v 47.8892 		7.6215 		44.924
v 47.7964 		7.706 		44.8951
v 48.2098 		7.3294 		44.983
v 48.1153 		7.4155 		44.9656
v 56.7264 		-25.041 		11.586
v 56.7448 		-25.418 		11.792
v 56.7642 		-25.814 		11.964
v 45.2493 		10.0262 		41.311
v 45.2336 		10.0405 		40.91
v 56.7844 		-26.227 		12.099
v 45.297 		9.9827 		41.708
v 45.2828 		9.9957 		41.5905
v 56.8053 		-26.653 		12.197
v 56.8266 		-27.087 		12.256
v 56.848 		-27.525 		12.275
v 45.3755 		9.9112 		42.098
v 56.6458 		-23.395 		9.749
v 45.4849 		9.8116 		42.476
v 56.6549 		-23.582 		10.112
v 45.623 		9.6857 		42.839
v 56.666 		-23.808 		10.456
v 56.6788 		-24.069 		10.779
v 45.7898 		9.5338 		43.184
v 45.7406 		9.5787 		43.082
v 56.6932 		-24.364 		11.077
v 45.9825 		9.3583 		43.506
v 45.9254 		9.4103 		43.4108
v 56.7091 		-24.689 		27.71
v 46.2 		9.1602 		43.804
v 46.1358 		9.2186 		43.7159
v 56.7264 		-25.041 		27.949
v 46.4402 		8.9414 		44.074
v 56.7448 		-25.418 		28.156
v 46.7002 		8.7045 		44.313
v 56.7642 		-25.814 		28.327
v 46.9777 		8.4517 		44.519
v 46.8956 		8.5265 		44.4581
v 56.7844 		-26.227 		28.463
v 56.8053 		-26.653 		28.56
v 56.8266 		-27.087 		28.619
v 56.848 		-27.525 		28.639
v 56.6458 		-23.395 		26.112
v 56.6549 		-23.582 		26.476
v 56.666 		-23.808 		26.82
v 56.6788 		-24.069 		27.143
v 56.6932 		-24.364 		27.44
v 45.2336 		10.0405 		32.725
v 56.7091 		-24.689 		44.074
v 56.7264 		-25.041 		44.313
v 56.7448 		-25.418 		44.519
v 45.2336 		10.0405 		16.361
v 56.7642 		-25.814 		44.691
v 56.7844 		-26.227 		44.826
v 56.8053 		-26.653 		44.924
v 56.8266 		-27.087 		44.983
v 56.848 		-27.525 		45.003
v 56.6458 		-23.395 		42.476
v 56.6549 		-23.582 		42.839
v 56.666 		-23.808 		43.184
v 56.6788 		-24.069 		43.506
v 56.6932 		-24.364 		43.804
v 56.848 		-27.525 		32.725
v 48.6819 		-17.0937 		8.7013
v 48.6917 		-17.1328 		8.59
v 48.7067 		-17.1925 		8.3476
v 48.7137 		-17.2205 		8.233
v 48.7227 		-17.2563 		7.9858
v 48.727 		-17.2734 		7.869
v 48.7299 		-17.285 		7.6191
v 48.7313 		-17.2908 		7.501
v 37.872 		8.159 		2
v 48.7313 		-17.2908 		14.998
v 48.6819 		-17.0937 		23.7013
v 48.6917 		-17.1328 		23.59
v 48.7067 		-17.1925 		23.3476
v 41.0237 		5.809 		8.183
v 41.0409 		5.7962 		8.584
v 48.7137 		-17.2205 		23.233
v 41.0763 		5.7698 		8.8536
v 41.0932 		5.7572 		8.981
v 41.4509 		-58.1159 		40.401
v 41.6702 		-57.9172 		40.62
v 41.9046 		-57.7046 		40.81
v 42.1517 		-57.4807 		40.967
v 42.4087 		-57.2477 		41.091
v 42.6731 		-57.0081 		41.18
v 42.9438 		-56.7628 		41.234
v 43.216 		-56.516 		41.253
v 51.8387 		-47.6865 		9.749
v 51.806 		-47.756 		9.5536
v 51.9184 		-47.517 		10.112
v 51.8643 		-47.6321 		9.8655
v 52.0145 		-47.3129 		10.456
v 51.9493 		-47.4514 		10.2224
v 52.1259 		-47.0761 		10.779
v 52.0501 		-47.2372 		10.5596
v 52.2512 		-46.8097 		11.077
v 45.7373 		-53.7343 		2
v 52.3896 		-46.5156 		11.346
v 52.2957 		-46.7151 		11.1632
v 52.4376 		-46.4135 		11.4229
v 10.76 		-63.3571 		38.937
v 10.696 		-63.354 		38.7579
v 10.918 		-63.3649 		39.269
v 11.107 		-63.3741 		39.585
v 11.326 		-63.3849 		39.881
v 11.573 		-63.397 		40.154
v 11.846 		-63.4104 		40.401
v 51.8387 		-47.6865 		26.112
v 51.806 		-47.756 		25.9166
v 12.142 		-63.4249 		40.62
v 51.9184 		-47.517 		26.476
v 51.8643 		-47.6321 		26.2288
v 52.0145 		-47.3129 		26.82
v 51.9493 		-47.4514 		26.5864
v 52.1259 		-47.0761 		27.143
v 52.0501 		-47.2372 		26.9236
v 52.2512 		-46.8097 		27.44
v 52.3896 		-46.5156 		27.71
v 52.2957 		-46.7151 		27.5266
v 52.4376 		-46.4135 		27.7866
v 51.8387 		-47.6865 		42.476
v 51.806 		-47.756 		42.2806
v 51.9184 		-47.517 		42.839
v 51.8643 		-47.6321 		42.5925
v 52.0145 		-47.3129 		43.184
v 51.9493 		-47.4514 		42.9497
v 52.1259 		-47.0761 		43.506
v 52.0501 		-47.2372 		43.2873
v 52.2512 		-46.8097 		43.804
v 52.3896 		-46.5156 		44.074
v 52.2957 		-46.7151 		43.8906
v 52.4376 		-46.4135 		44.1506
v 51.806 		-47.756 		32.725
v 51.806 		-47.756 		16.361
v 41.1791 		5.6932 		9.371
v 41.237 		5.65 		9.5538
v 41.0237 		5.809 		24.546
v 41.0409 		5.7962 		24.947
v 41.0763 		5.7698 		25.2172
v 41.0932 		5.7572 		25.345
v 41.1791 		5.6932 		25.734
v 41.237 		5.65 		25.9168
v 41.0237 		5.809 		40.91
v 41.0409 		5.7962 		41.311
v 41.0763 		5.7698 		41.5806
v 12.457 		-63.4403 		40.81
v 41.0932 		5.7572 		41.708
v 12.79 		-63.4567 		40.967
v 13.136 		-63.4736 		41.091
v 41.1791 		5.6932 		42.098
v 13.493 		-63.4911 		41.18
v 41.237 		5.65 		42.2808
v 13.857 		-63.509 		41.234
v 41.237 		5.65 		32.725
v 41.0237 		5.809 		32.725
v 41.237 		5.65 		16.361
v 41.0237 		5.809 		16.361
v 41.0237 		5.809 		2
v 48.7227 		-17.2563 		22.9858
v 48.727 		-17.2734 		22.869
v 48.7299 		-17.285 		22.6191
v 48.7313 		-17.2908 		22.501
v 48.7313 		-17.2908 		29.998
v 48.6819 		-17.0937 		38.7013
v 48.6917 		-17.1328 		38.59
v 48.7067 		-17.1925 		38.3476
v 48.7137 		-17.2205 		38.233
v 51.6806 		-47.9664 		8.584
v 51.673 		-47.979 		8.3117
v 51.6696 		-47.9848 		8.183
v 51.7142 		-47.91 		8.981
v 48.7227 		-17.2563 		37.9858
v 48.727 		-17.2734 		37.869
v 51.769 		-47.8181 		9.371
v 48.7299 		-17.285 		37.6191
v 51.7935 		-47.7769 		9.4923
v 48.7313 		-17.2908 		37.501
v 48.7313 		-17.2908 		2
v 49.536 		-20.501 		2
v 10.493 		-63.3239 		37.869
v 10.475 		-63.3212 		37.501
v 10.547 		-63.3319 		38.233
v 10.636 		-63.3451 		38.59
v 3.8328 		-61.9917 		38.59
v 3.774 		-61.977 		38.7582
v 3.9205 		-62.0137 		38.233
v 3.8607 		-61.9987 		38.4754
v 3.9734 		-62.027 		37.869
v 3.9375 		-62.018 		38.1162
v 3.9908 		-62.0313 		37.501
v 3.9792 		-62.0284 		37.7509
v 2.4118 		-61.4898 		40.62
v 2.6903 		-61.5894 		40.401
v 2.9473 		-61.6813 		40.154
v 3.1805 		-61.7647 		39.881
v 3.0223 		-61.7081 		40.0665
v 3.3867 		-61.8385 		39.585
v 3.5651 		-61.9023 		39.269
v 3.7138 		-61.9555 		38.937
v 3.6127 		-61.9193 		39.1625
v 3.7513 		-61.9689 		38.8257
v 0.4474 		-60.7872 		41.253
v 0.447 		-60.787 		41.253
v 0.7937 		-60.911 		41.234
v 0.5584 		-60.8268 		41.2469
v 1.1372 		-61.0339 		41.18
v 0.9036 		-60.9503 		41.2167
v 1.4734 		-61.1541 		41.091
v 1.245 		-61.0724 		41.1515
v 1.8004 		-61.2711 		40.967
v 1.578 		-61.1915 		41.0513
v 1.901 		-61.3071 		40.9167
v 2.1141 		-61.3833 		40.81
v 51.6806 		-47.9664 		24.947
v 51.673 		-47.979 		24.6747
v 51.6696 		-47.9848 		24.546
v 51.7142 		-47.91 		25.345
v 51.769 		-47.8181 		25.734
v 51.7935 		-47.7769 		25.8553
v 51.6806 		-47.9664 		41.311
v 51.673 		-47.979 		41.0387
v 51.6696 		-47.9848 		40.91
v 51.7142 		-47.91 		41.708
v 51.769 		-47.8181 		42.098
v 51.7935 		-47.7769 		42.2193
v 41.0421 		5.8275 		2
v 43.0789 		3.9724 		11.964
v 43.2862 		3.7836 		12.0558
v 43.3838 		3.6947 		12.099
v 43.5972 		3.5003 		12.1656
v 43.6979 		3.4086 		12.197
v 43.916 		3.21 		12.2371
v 44.0185 		3.1166 		12.256
v 44.3419 		2.8221 		12.275
v 44.342 		2.822 		12.275
v 41.2935 		5.5986 		9.749
v 41.4316 		5.4728 		10.112
v 41.545 		5.3695 		10.3457
v 41.5984 		5.3209 		10.456
v 51.6696 		-47.9848 		32.725
v 41.7292 		5.2017 		10.6754
v 41.7911 		5.1453 		10.779
v 41.939 		5.0106 		10.9814
v 51.6696 		-47.9848 		16.361
v 42.0086 		4.9472 		11.077
v 42.2488 		4.7285 		11.346
v 42.5089 		4.4916 		11.586
v 42.6973 		4.3199 		11.726
v 42.7864 		4.2388 		11.792
v 51.6696 		-47.9848 		2
v 2.2093 		-61.4173 		40.7491
v 43.0789 		3.9724 		28.327
v 43.2862 		3.7836 		28.4194
v 43.3838 		3.6947 		28.463
v 43.5972 		3.5003 		28.5289
v 43.6979 		3.4086 		28.56
v 43.916 		3.21 		28.6001
v 44.0185 		3.1166 		28.619
v 44.3419 		2.8221 		28.639
v 44.342 		2.822 		28.639
v 41.2935 		5.5986 		26.112
v 41.4316 		5.4728 		26.476
v 41.545 		5.3695 		26.7097
v 41.5984 		5.3209 		26.82
v 41.7292 		5.2017 		27.0394
v 41.7911 		5.1453 		27.143
v 41.939 		5.0106 		27.3448
v 42.0086 		4.9472 		27.44
v 42.2488 		4.7285 		27.71
v 42.5089 		4.4916 		27.949
v 42.6973 		4.3199 		28.0897
v 42.7864 		4.2388 		28.156
v 43.0789 		3.9724 		44.691
v 43.2862 		3.7836 		44.7828
v 43.3838 		3.6947 		44.826
v 43.5972 		3.5003 		44.8926
v 43.6979 		3.4086 		44.924
v 43.916 		3.21 		44.9641
v 44.0185 		3.1166 		44.983
v 44.3419 		2.8221 		45.003
v 44.342 		2.822 		45.003
v 41.2935 		5.5986 		42.476
v 41.4316 		5.4728 		42.839
v 41.545 		5.3695 		43.0733
v 41.5984 		5.3209 		43.184
v 41.7292 		5.2017 		43.4027
v 41.7911 		5.1453 		43.506
v 41.939 		5.0106 		43.7084
v 42.0086 		4.9472 		43.804
v 42.2488 		4.7285 		44.074
v 42.5089 		4.4916 		44.313
v 42.6973 		4.3199 		44.453
v 42.7864 		4.2388 		44.519
v 44.342 		2.822 		32.725
v 44.342 		2.822 		16.361
v -20.5912 		-37.8876 		2
v -19.4576 		-45.5358 		2
v 0.1148 		-60.6298 		41.234
v 0.2212 		-60.6801 		41.2401
v 56.7844 		-28.823 		12.099
v 56.7642 		-29.236 		11.964
v 56.7448 		-29.632 		11.792
v 56.7264 		-30.009 		11.586
v 56.7091 		-30.361 		11.346
v 56.6932 		-30.686 		11.077
v 56.6788 		-30.981 		10.779
v 56.666 		-31.242 		10.456
v 56.6549 		-31.468 		10.112
v 56.6458 		-31.655 		9.749
v 56.642 		-31.732 		9.5523
v 56.8266 		-27.963 		12.256
v 56.8053 		-28.397 		12.197
v 56.7844 		-28.823 		28.463
v 56.7642 		-29.236 		28.327
v 56.7448 		-29.632 		28.156
v 56.7264 		-30.009 		27.949
v 56.7091 		-30.361 		27.71
v 56.6932 		-30.686 		27.44
v 56.6788 		-30.981 		27.143
v 56.666 		-31.242 		26.82
v 56.6549 		-31.468 		26.476
v 56.6458 		-31.655 		26.112
v 56.642 		-31.732 		25.9153
v 56.8266 		-27.963 		28.619
v 56.8053 		-28.397 		28.56
v 56.7844 		-28.823 		44.826
v 33.197 		8.478 		2
v 31.2482 		-59.2447 		38.59
v 31.196 		-59.276 		38.7581
v 31.3254 		-59.1984 		38.233
v 31.2732 		-59.2298 		38.4754
v 31.3724 		-59.1703 		37.869
v 31.3404 		-59.1895 		38.1162
v 31.388 		-59.1609 		37.501
v 31.3772 		-59.1674 		37.7509
v 43.4628 		1.1938 		11.234
v 43.7081 		0.9231 		11.18
v 43.9477 		0.6587 		11.091
v 44.1807 		0.4017 		10.967
v 44.4046 		0.1546 		10.81
v 28.3352 		-60.6298 		41.234
v 28.1089 		-60.7369 		41.2469
v 28.003 		-60.787 		41.253
v 28.6648 		-60.4738 		41.18
v 28.4408 		-60.5798 		41.2167
v 28.9876 		-60.3211 		41.091
v 28.768 		-60.425 		41.1515
v 29.3014 		-60.1726 		40.967
v 29.0882 		-60.2734 		41.0513
v 29.6027 		-60.03 		40.81
v 29.3978 		-60.1269 		40.9167
v 29.8882 		-59.8949 		40.62
v 29.6944 		-59.9866 		40.7491
v 30.1556 		-59.7683 		40.401
v 56.7642 		-29.236 		44.691
v 56.7448 		-29.632 		44.519
v 56.7264 		-30.009 		44.313
v 56.7091 		-30.361 		44.074
v 56.6932 		-30.686 		43.804
v 56.6788 		-30.981 		43.506
v 56.666 		-31.242 		43.184
v 56.6549 		-31.468 		42.839
v 56.6458 		-31.655 		42.476
v 56.642 		-31.732 		42.2793
v 56.8266 		-27.963 		44.983
v 56.8053 		-28.397 		44.924
v 56.642 		-31.732 		32.725
v 56.642 		-31.732 		16.361
v 30.4026 		-59.6515 		40.154
v 30.2347 		-59.7309 		40.3218
v 30.6264 		-59.5455 		39.881
v 30.4743 		-59.6175 		40.0665
v 52.0357 		-48.1372 		2
v 30.8244 		-59.4518 		39.585
v 30.9957 		-59.3708 		39.269
v 31.1382 		-59.3034 		38.937
v 31.0415 		-59.3491 		39.1625
v 31.1741 		-59.2864 		38.8257
v 24.7362 		-61.9555 		38.937
v 24.676 		-61.977 		38.7577
v 24.8849 		-61.9023 		39.269
v 24.7838 		-61.9384 		39.0435
v 25.0633 		-61.8385 		39.585
v 25.2695 		-61.7647 		39.881
v 25.5026 		-61.6813 		40.154
v 25.3445 		-61.7379 		39.9685
v 25.7597 		-61.5894 		40.401
v 26.0382 		-61.4898 		40.62
v 26.1334 		-61.4557 		40.6809
v 26.3359 		-61.3833 		40.81
v 26.4365 		-61.3473 		40.8603
v 26.6496 		-61.2711 		40.967
v 26.9766 		-61.1541 		41.091
v 26.7543 		-61.2337 		41.0067
v 27.3128 		-61.0339 		41.18
v 27.0844 		-61.1156 		41.1195
v 27.6563 		-60.911 		41.234
v 27.4226 		-60.9946 		41.1973
v 28.0026 		-60.7872 		41.253
v 27.7672 		-60.8713 		41.2401
v 43.4628 		1.1938 		26.234
v 43.7081 		0.9231 		26.18
v 43.9477 		0.6587 		26.091
v 44.1807 		0.4017 		25.967
v 44.4046 		0.1546 		25.81
v 44.635 		2.4971 		12.256
v 44.8323 		2.2782 		12.2159
v 44.9253 		2.175 		12.197
v 45.1191 		1.9602 		12.1304
v 45.2102 		1.8591 		12.099
v 45.3978 		1.6511 		12.0072
v 45.4863 		1.5529 		11.964
v 45.7514 		1.2589 		11.792
v 45.9225 		1.0691 		11.652
v 46.003 		0.9798 		11.586
v 46.2387 		0.7184 		11.346
v 46.4564 		0.477 		11.077
v 46.59 		0.3287 		10.8746
v 46.6533 		0.2585 		10.779
v 46.7722 		0.1267 		10.5596
v 46.8281 		0.0646 		10.456
v -21.778 		-16.6709 		2
v 44.635 		2.4971 		28.619
v 44.8323 		2.2782 		28.5789
v 44.9253 		2.175 		28.56
v 43.4628 		1.1938 		41.234
v -13.7383 		-4.8647 		7.501
v 45.1191 		1.9602 		28.4941
v -13.7272 		-4.8498 		7.869
v 45.2102 		1.8591 		28.463
v 43.7081 		0.9231 		41.18
v -13.6949 		-4.8061 		8.233
v -13.6412 		-4.7338 		8.59
v 45.3978 		1.6511 		28.3706
v 45.4863 		1.5529 		28.327
v 43.9477 		0.6587 		41.091
v -13.605 		-4.685 		8.7576
v 45.7514 		1.2589 		28.156
v 44.1807 		0.4017 		40.967
v 45.9225 		1.0691 		28.0153
v 46.003 		0.9798 		27.949
v 44.4046 		0.1546 		40.81
v 46.2387 		0.7184 		27.71
v 46.4564 		0.477 		27.44
v 46.59 		0.3287 		27.2382
v 46.6533 		0.2585 		27.143
v 46.7722 		0.1267 		26.9236
v 46.8281 		0.0646 		26.82
v -13.605 		-4.685 		14.998
v -13.7383 		-4.8647 		14.998
v -13.7383 		-4.8647 		22.501
v -13.7272 		-4.8498 		22.869
v -13.6949 		-4.8061 		23.233
v -13.6412 		-4.7338 		23.59
v -13.605 		-4.685 		23.7576
v 44.635 		2.4971 		44.983
v 44.8323 		2.2782 		44.9429
v 44.9253 		2.175 		44.924
v 45.1191 		1.9602 		44.8574
v 45.2102 		1.8591 		44.826
v -13.605 		-4.685 		29.998
v -13.7383 		-4.8647 		29.998
v 45.3978 		1.6511 		44.7342
v 45.4863 		1.5529 		44.691
v -13.7383 		-4.8647 		37.501
v -13.7272 		-4.8498 		37.869
v -13.6949 		-4.8061 		38.233
v 45.7514 		1.2589 		44.519
v -13.6412 		-4.7338 		38.59
v 45.9225 		1.0691 		44.379
v 46.003 		0.9798 		44.313
v -13.605 		-4.685 		38.7576
v 46.2387 		0.7184 		44.074
v 46.4564 		0.477 		43.804
v 46.59 		0.3287 		43.6016
v 46.6533 		0.2585 		43.506
v 46.7722 		0.1267 		43.2873
v 46.8281 		0.0646 		43.184
v -13.7383 		-4.8647 		2
v 49.0412 		-17.1624 		2
v 50.0212 		-23.775 		7.501
v 50.0239 		-23.793 		7.869
v 50.0319 		-23.847 		8.233
v 50.0451 		-23.936 		8.59
v 50.054 		-23.996 		8.7579
v 50.054 		-23.996 		14.998
v 50.0212 		-23.775 		14.998
v 50.0212 		-23.775 		22.501
v 50.0239 		-23.793 		22.869
v 50.0319 		-23.847 		23.233
v 50.0451 		-23.936 		23.59
v 50.054 		-23.996 		29.998
v 50.0212 		-23.775 		29.998
v 50.0212 		-23.775 		37.501
v 50.0239 		-23.793 		37.869
v 50.0319 		-23.847 		38.233
v 50.0451 		-23.936 		38.59
v 50.0212 		-23.775 		2
v 56.6315 		-31.803 		9.371
v 56.6159 		-31.909 		8.981
v 56.6063 		-31.974 		8.584
v 56.6032 		-31.995 		8.183
v 56.6315 		-31.803 		25.734
v 56.6159 		-31.909 		25.345
v 56.6063 		-31.974 		24.947
v 56.6032 		-31.995 		24.546
v 56.6315 		-31.803 		42.098
v 56.6159 		-31.909 		41.708
v 56.6063 		-31.974 		41.311
v 56.6032 		-31.995 		40.91
v 56.6032 		-31.995 		32.725
v 56.6032 		-31.995 		16.361
v 56.6032 		-31.995 		2
v 24.4766 		-62.027 		37.869
v 24.465 		-62.0299 		37.6191
v 24.4592 		-62.0313 		37.501
v 24.5295 		-62.0137 		38.233
v 24.4937 		-62.0227 		37.9858
v 24.5575 		-62.0067 		38.3476
v 24.6172 		-61.9917 		38.59
v 24.6563 		-61.9819 		38.7013
v 45.918 		-53.535 		2
v 43.4628 		-56.2438 		41.234
v 43.7081 		-55.9731 		41.18
v 43.9477 		-55.7087 		41.091
v 44.1807 		-55.4517 		40.967
v 44.4046 		-55.2046 		40.81
v 44.6172 		-54.9702 		40.62
v 44.8159 		-54.7509 		40.401
v 44.999 		-54.549 		40.154
v 45.1649 		-54.3659 		39.881
v 45.3123 		-54.2033 		39.585
v 45.4397 		-54.0627 		39.269
v 45.5452 		-53.9462 		38.937
v 45.6289 		-53.8539 		38.59
v 45.6888 		-53.7878 		38.233
v 45.6995 		-53.776 		38.1253
v 45.7253 		-53.7476 		37.869
v 45.729 		-53.7436 		37.7601
v 45.7373 		-53.7343 		37.501
v 53.5971 		-43.9487 		12.275
v 53.597 		-43.949 		12.275
v 53.7441 		-43.5357 		12.256
v 53.6441 		-43.8167 		12.2689
v 53.8898 		-43.1266 		12.197
v 54.0326 		-42.7254 		12.099
v 53.9356 		-42.998 		12.1656
v 54.077 		-42.6008 		12.0558
v 53.5971 		-43.9487 		28.639
v 53.597 		-43.949 		28.639
v 53.7441 		-43.5357 		28.619
v 53.6441 		-43.8167 		28.6326
v 53.8898 		-43.1266 		28.56
v 54.0326 		-42.7254 		28.463
v 53.9356 		-42.998 		28.5289
v 54.077 		-42.6008 		28.4194
v 53.5971 		-43.9487 		45.003
v 53.597 		-43.949 		45.003
v 53.7441 		-43.5357 		44.983
v 53.6441 		-43.8167 		44.9966
v 53.8898 		-43.1266 		44.924
v 54.0326 		-42.7254 		44.826
v 53.9356 		-42.998 		44.8926
v 54.077 		-42.6008 		44.7828
v 53.597 		-43.949 		32.725
v 53.597 		-43.949 		16.361
v 52.5397 		-46.1964 		11.586
v 52.6998 		-45.856 		11.792
v 52.5912 		-46.087 		11.652
v 52.8688 		-45.4968 		11.964
v 52.7539 		-45.7411 		11.8471
v 53.0445 		-45.1233 		12.099
v 52.9252 		-45.377 		12.0072
v 53.226 		-44.7377 		12.197
v 53.1026 		-45 		12.1304
v 53.4107 		-44.3449 		12.256
v 53.4705 		-44.2179 		12.2621
v 52.5397 		-46.1964 		27.949
v 52.6998 		-45.856 		28.156
v 52.5912 		-46.087 		28.0153
v 52.8688 		-45.4968 		28.327
v 52.7539 		-45.7411 		28.2108
v 53.0445 		-45.1233 		28.463
v 52.9252 		-45.377 		28.3706
v 53.226 		-44.7377 		28.56
v 53.1026 		-45 		28.4941
v 53.4107 		-44.3449 		28.619
v 53.4705 		-44.2179 		28.6254
v 52.5397 		-46.1964 		44.313
v 52.6998 		-45.856 		44.519
v 52.5912 		-46.087 		44.379
v 52.8688 		-45.4968 		44.691
v 52.7539 		-45.7411 		44.5741
v 53.0445 		-45.1233 		44.826
v 52.9252 		-45.377 		44.7342
v 53.226 		-44.7377 		44.924
v 53.1026 		-45 		44.8574
v 53.4107 		-44.3449 		44.983
v 53.4705 		-44.2179 		44.9894
v -21.778 		-38.3792 		2
v -21.778 		-46.497 		2
v 17.814 		-63.3451 		38.59
v 17.754 		-63.354 		38.7579
v 17.903 		-63.3319 		38.233
v 17.957 		-63.3239 		37.869
v 17.975 		-63.3212 		37.501
v -13.5617 		-4.6373 		8.937
v -13.4562 		-4.5208 		9.269
v -13.3288 		-4.3802 		9.585
v -13.1815 		-4.2175 		9.881
v -13.0156 		-4.0344 		10.154
v -12.8326 		-3.8324 		10.401
v -12.6339 		-3.6131 		10.62
v -12.4214 		-3.3786 		10.81
v -12.1975 		-3.1315 		10.967
v -11.9646 		-2.8744 		11.091
v -11.725 		-2.61 		11.18
v -11.4797 		-2.3393 		11.234
v -11.233 		-2.067 		11.253
v -11.233 		-2.067 		14.998
v -13.5617 		-4.6373 		23.937
v -13.4562 		-4.5208 		24.269
v -13.3288 		-4.3802 		24.585
v -13.1815 		-4.2175 		24.881
v -13.0156 		-4.0344 		25.154
v -12.8326 		-3.8324 		25.401
v -12.6339 		-3.6131 		25.62
v -12.4214 		-3.3786 		25.81
v -12.1975 		-3.1315 		25.967
v -11.9646 		-2.8744 		26.091
v -11.725 		-2.61 		26.18
v -11.4797 		-2.3393 		26.234
v -11.233 		-2.067 		26.253
v -11.233 		-2.067 		29.998
v -13.5617 		-4.6373 		38.937
v -13.4562 		-4.5208 		39.269
v -13.3288 		-4.3802 		39.585
v -13.1815 		-4.2175 		39.881
v -13.0156 		-4.0344 		40.154
v -12.8326 		-3.8324 		40.401
v -12.6339 		-3.6131 		40.62
v -12.4214 		-3.3786 		40.81
v -12.1975 		-3.1315 		40.967
v -11.9646 		-2.8744 		41.091
v -11.725 		-2.61 		41.18
v -11.4797 		-2.3393 		41.234
v -11.233 		-2.067 		41.253
v -24.9193 		-39.6803 		29.998
v -24.9193 		-39.6803 		14.998
v -22.7622 		-45.1008 		10.62
v -22.6357 		-45.3682 		10.401
v -22.519 		-45.6149 		10.154
v -22.4133 		-45.8385 		9.881
v -22.3856 		-45.897 		9.7935
v 14.593 		-63.509 		41.234
v 14.957 		-63.4911 		41.18
v 15.314 		-63.4736 		41.091
v 15.66 		-63.4567 		40.967
v 15.993 		-63.4403 		40.81
v 16.308 		-63.4249 		40.62
v -23.654 		-43.2149 		11.253
v -24.4568 		-40.9722 		10.401
v -24.3571 		-41.2508 		10.62
v -24.3257 		-41.3385 		10.6761
v -24.2506 		-41.5484 		10.81
v -24.2174 		-41.6412 		10.8564
v -24.1383 		-41.8621 		10.967
v -24.1038 		-41.9586 		11.0036
v -24.0212 		-42.1891 		11.091
v -23.9857 		-42.2885 		11.1173
v -23.9009 		-42.5252 		11.18
v -23.8647 		-42.6265 		11.1959
v -23.778 		-42.8687 		11.234
v -23.7414 		-42.971 		11.2396
v 48.315 		-50.303 		2
v 55.0265 		-39.9129 		9.371
v 55.009 		-39.983 		9.5534
v 55.0524 		-39.809 		8.981
v 55.0683 		-39.7452 		8.584
v 16.604 		-63.4104 		40.401
v 55.0734 		-39.7247 		8.183
v 55.0699 		-39.7384 		8.4553
v 16.877 		-63.397 		40.154
v 17.124 		-63.3849 		39.881
v 55.0265 		-39.9129 		25.734
v 55.009 		-39.983 		25.9164
v 17.343 		-63.3741 		39.585
v 55.0524 		-39.809 		25.345
v 17.532 		-63.3649 		39.269
v 55.0683 		-39.7452 		24.947
v 17.69 		-63.3571 		38.937
v 55.0734 		-39.7247 		24.546
v 55.0699 		-39.7384 		24.8183
v 55.0265 		-39.9129 		42.098
v 55.009 		-39.983 		42.2804
v 55.0524 		-39.809 		41.708
v 55.0683 		-39.7452 		41.311
v 55.0734 		-39.7247 		40.91
v 55.0699 		-39.7384 		41.1823
v 55.009 		-39.983 		32.725
v 55.0734 		-39.7247 		32.725
v 55.009 		-39.983 		16.361
v 55.0734 		-39.7247 		16.361
v 55.0734 		-39.7247 		2
v 55.0974 		-39.7347 		2
v 54.1713 		-42.336 		11.964
v 54.3043 		-41.9622 		11.792
v 54.214 		-42.2161 		11.9089
v 54.4307 		-41.6073 		11.586
v 54.3447 		-41.8488 		11.726
v 54.5489 		-41.2753 		11.346
v 54.4687 		-41.5007 		11.5091
v 54.6581 		-40.9686 		11.077
v 54.5838 		-41.1773 		11.2598
v 54.7569 		-40.6911 		10.779
v 54.8445 		-40.4449 		10.456
v 54.7851 		-40.6119 		10.6754
v 54.9203 		-40.232 		10.112
v 54.8688 		-40.3768 		10.3457
v 54.9832 		-40.0553 		9.749
v 54.9405 		-40.1754 		9.9955
v 54.9992 		-40.0104 		9.6277
v 54.1713 		-42.336 		28.327
v 54.3043 		-41.9622 		28.156
v 54.214 		-42.2161 		28.2722
v 54.4307 		-41.6073 		27.949
v 54.3447 		-41.8488 		28.0897
v 54.5489 		-41.2753 		27.71
v 54.4687 		-41.5007 		27.8724
v 54.6581 		-40.9686 		27.44
v 54.5838 		-41.1773 		27.6234
v 54.7569 		-40.6911 		27.143
v 54.8445 		-40.4449 		26.82
v 54.7851 		-40.6119 		27.0394
v 54.9203 		-40.232 		26.476
v 54.8688 		-40.3768 		26.7097
v 54.9832 		-40.0553 		26.112
v 54.9405 		-40.1754 		26.3592
v 54.9992 		-40.0104 		25.9907
v 54.1713 		-42.336 		44.691
v 54.3043 		-41.9622 		44.519
v 54.214 		-42.2161 		44.6359
v 54.4307 		-41.6073 		44.313
v 54.3447 		-41.8488 		44.453
v 54.5489 		-41.2753 		44.074
v 54.4687 		-41.5007 		44.2364
v 54.6581 		-40.9686 		43.804
v 54.5838 		-41.1773 		43.9874
v 54.7569 		-40.6911 		43.506
v 54.8445 		-40.4449 		43.184
v 54.7851 		-40.6119 		43.4027
v 54.9203 		-40.232 		42.839
v 54.8688 		-40.3768 		43.0733
v 54.9832 		-40.0553 		42.476
v 54.9405 		-40.1754 		42.7225
v 54.9992 		-40.0104 		42.3547
v -24.9175 		-39.6855 		7.6099
v -24.9193 		-39.6803 		7.501
v -24.9133 		-39.6971 		7.869
v -24.9079 		-39.7122 		7.9767
v -24.8951 		-39.7479 		8.233
v -24.8863 		-39.7727 		8.3386
v -24.8649 		-39.8322 		8.59
v -24.8525 		-39.8669 		8.6927
v -24.8232 		-39.949 		8.937
v -24.8075 		-39.9928 		9.0352
v -24.7699 		-40.0976 		9.269
v -24.7061 		-40.276 		9.585
v -24.6323 		-40.4822 		9.881
v -24.6076 		-40.5512 		9.9617
v -24.5489 		-40.7152 		10.154
v -24.5216 		-40.7912 		10.227
v -23.654 		-43.2149 		26.253
v -24.4568 		-40.9722 		25.401
v -24.3571 		-41.2508 		25.62
v -24.3257 		-41.3385 		25.6761
v -24.2506 		-41.5484 		25.81
v -24.2174 		-41.6412 		25.8564
v -24.1383 		-41.8621 		25.967
v -24.1038 		-41.9586 		26.0036
v -24.0212 		-42.1891 		26.091
v -23.9857 		-42.2885 		26.1173
v -23.9009 		-42.5252 		26.18
v -23.8647 		-42.6265 		26.1959
v -23.778 		-42.8687 		26.234
v -23.7414 		-42.971 		26.2396
v -24.9175 		-39.6855 		22.6099
v -24.9193 		-39.6803 		22.501
v -24.9133 		-39.6971 		22.869
v -24.9079 		-39.7122 		22.9767
v -24.8951 		-39.7479 		23.233
v -24.8863 		-39.7727 		23.3386
v -24.8649 		-39.8322 		23.59
v -24.8525 		-39.8669 		23.6927
v -24.8232 		-39.949 		23.937
v -24.8075 		-39.9928 		24.0352
v -24.7699 		-40.0976 		24.269
v -24.7061 		-40.276 		24.585
v -24.6323 		-40.4822 		24.881
v -24.6076 		-40.5512 		24.9617
v -24.5489 		-40.7152 		25.154
v -24.5216 		-40.7912 		25.227
v 50.0851 		-24.626 		9.881
v 50.0972 		-24.873 		10.154
v 50.1107 		-25.146 		10.401
v 50.1253 		-25.442 		10.62
v 50.1408 		-25.757 		10.81
v 50.1572 		-26.09 		10.967
v 50.1743 		-26.436 		11.091
v 50.1919 		-26.793 		11.18
v 50.2099 		-27.157 		11.234
v 50.0572 		-24.06 		8.937
v 50.0649 		-24.218 		9.269
v 50.0743 		-24.407 		9.585
v 50.0851 		-24.626 		24.881
v 50.0972 		-24.873 		25.154
v 50.1107 		-25.146 		25.401
v 50.1253 		-25.442 		25.62
v 50.1408 		-25.757 		25.81
v 50.1572 		-26.09 		25.967
v 50.1743 		-26.436 		26.091
v 50.1919 		-26.793 		26.18
v 50.2099 		-27.157 		26.234
v 48.6917 		-37.9172 		38.59
v 48.677 		-37.976 		38.7582
v 48.7137 		-37.8295 		38.233
v 48.6987 		-37.8893 		38.4754
v 48.727 		-37.7766 		37.869
v 48.718 		-37.8125 		38.1162
v 48.7313 		-37.7592 		37.501
v 48.7284 		-37.7708 		37.7509
v 47.4872 		-41.3026 		41.253
v 47.487 		-41.303 		41.253
v 47.5268 		-41.1916 		41.2469
v 47.611 		-40.9563 		41.234
v 47.7339 		-40.6128 		41.18
v 47.6503 		-40.8464 		41.2167
v 47.8541 		-40.2766 		41.091
v 47.7724 		-40.505 		41.1515
v 47.9711 		-39.9496 		40.967
v 47.8915 		-40.172 		41.0513
v 48.0833 		-39.6359 		40.81
v 48.0071 		-39.849 		40.9167
v 48.1898 		-39.3382 		40.62
v 48.1173 		-39.5407 		40.7491
v 48.2894 		-39.0597 		40.401
v 48.3813 		-38.8027 		40.154
v 48.4647 		-38.5695 		39.881
v 48.4081 		-38.7277 		40.0665
v 48.5385 		-38.3633 		39.585
v 48.6023 		-38.1849 		39.269
v 48.6555 		-38.0362 		38.937
v 48.6193 		-38.1373 		39.1625
v 48.6689 		-37.9987 		38.8257
v -23.654 		-43.2149 		41.253
v -24.4568 		-40.9722 		40.401
v -24.3571 		-41.2508 		40.62
v -24.3257 		-41.3385 		40.6761
v -24.2506 		-41.5484 		40.81
v -24.2174 		-41.6412 		40.8564
v -24.1383 		-41.8621 		40.967
v -24.1038 		-41.9586 		41.0036
v -24.0212 		-42.1891 		41.091
v -23.9857 		-42.2885 		41.1173
v -23.9009 		-42.5252 		41.18
v -23.8647 		-42.6265 		41.1959
v -23.778 		-42.8687 		41.234
v 46.0033 		-44.4382 		38.937
v 45.976 		-44.496 		38.7586
v -23.7414 		-42.971 		41.2396
v 46.0708 		-44.2957 		39.269
v 46.025 		-44.3924 		39.0435
v 46.1518 		-44.1244 		39.585
v 46.2458 		-43.9259 		39.881
v 46.1819 		-44.0609 		39.6799
v 46.3515 		-43.7026 		40.154
v 46.2797 		-43.8542 		39.9685
v 46.4683 		-43.4556 		40.401
v 46.3889 		-43.6235 		40.2332
v 46.5949 		-43.1882 		40.62
v -24.9175 		-39.6855 		37.6099
v -24.9193 		-39.6803 		37.501
v -24.9133 		-39.6971 		37.869
v 46.6382 		-43.0966 		40.6809
v -24.9079 		-39.7122 		37.9767
v -24.8951 		-39.7479 		38.233
v -24.8863 		-39.7727 		38.3386
v -24.8649 		-39.8322 		38.59
v -24.8525 		-39.8669 		38.6927
v -24.8232 		-39.949 		38.937
v -24.8075 		-39.9928 		39.0352
v -24.7699 		-40.0976 		39.269
v -24.7061 		-40.276 		39.585
v -24.6323 		-40.4822 		39.881
v -24.6076 		-40.5512 		39.9617
v -24.5489 		-40.7152 		40.154
v -24.5216 		-40.7912 		40.227
v -24.9193 		-39.6803 		2
v -2.1895 		-67.1752 		12.275
v -2.19 		-67.175 		12.275
v -1.779 		-67.3228 		12.256
v -2.0578 		-67.2225 		12.2689
v -1.3719 		-67.4692 		12.197
v -0.9729 		-67.6127 		12.099
v -0.5852 		-67.7521 		11.964
v -0.2131 		-67.8859 		11.792
v -0.4662 		-67.7949 		11.9089
v -0.2131 		-67.8859 		28.156
v -0.221 		-67.8831 		28.1596
v -2.19 		-67.175 		16.361
v -0.2226 		-67.909 		28.156
v -5.5369 		-65.5846 		10.456
v -5.3018 		-65.6963 		10.779
v -5.0362 		-65.8225 		11.077
v -4.7435 		-65.9616 		11.346
v -4.4263 		-66.1124 		11.586
v -4.642 		-66.0099 		11.4229
v -4.0873 		-66.2734 		11.792
v -3.7302 		-66.4431 		11.964
v -3.9727 		-66.3279 		11.8471
v -3.358 		-66.62 		12.099
v -2.9749 		-66.802 		12.197
v -2.584 		-66.9878 		12.256
v -2.458 		-67.0477 		12.2621
v -5.4171 		-65.6415 		16.361
v 44.5559 		9.3593 		2
v 51.2578 		3.4514 		2
v -14.0152 		-4.5878 		2
v -10.9607 		-1.8203 		11.234
v 32.7263 		11.0624 		11.586
v -10.69 		-1.575 		11.18
v -10.4256 		-1.3354 		11.091
v 32.942 		10.9599 		11.4229
v 33.0435 		10.9116 		11.346
v 33.3362 		10.7725 		11.077
v 33.6018 		10.6463 		10.779
v 33.8369 		10.5346 		10.456
v 34.0397 		10.4382 		10.112
v 34.1542 		10.3838 		9.8655
v 34.2086 		10.358 		9.749
v -6.457 		-65.8491 		2
v -10.1685 		-1.1025 		10.967
v 34.278 		10.325 		9.5523
v -9.9214 		-0.8786 		10.81
v -1.0174 		-65.5642 		11.2181
v -0.7752 		-65.6509 		11.18
v 32.7263 		11.0624 		27.949
v -9.6869 		-0.6661 		10.62
v -0.6759 		-65.6865 		11.1537
v -0.4391 		-65.7712 		11.091
v -9.4676 		-0.4674 		10.401
v -0.3427 		-65.8058 		11.0544
v -0.1121 		-65.8883 		10.967
v -9.2656 		-0.2844 		10.154
v -0.0194 		-65.9215 		10.9206
v -9.0825 		-0.1185 		9.881
v 32.942 		10.9599 		27.7866
v 33.0435 		10.9116 		27.71
v 33.3362 		10.7725 		27.44
v 33.6018 		10.6463 		27.143
v 33.8369 		10.5346 		26.82
v 34.0397 		10.4382 		26.476
v -1.0174 		-65.5642 		26.2181
v -0.7752 		-65.6509 		26.18
v 34.1542 		10.3838 		26.2288
v 34.2086 		10.358 		26.112
v -0.6759 		-65.6865 		26.1537
v -0.4391 		-65.7712 		26.091
v 34.278 		10.325 		25.9153
v -0.3427 		-65.8058 		26.0544
v -0.1121 		-65.8883 		25.967
v -0.0194 		-65.9215 		25.9206
v 32.7263 		11.0624 		44.313
v 32.942 		10.9599 		44.1506
v 33.0435 		10.9116 		44.074
v -1.0174 		-65.5642 		41.2181
v -0.7752 		-65.6509 		41.18
v -0.6759 		-65.6865 		41.1537
v -0.4391 		-65.7712 		41.091
v 33.3362 		10.7725 		43.804
v -0.3427 		-65.8058 		41.0544
v 33.6018 		10.6463 		43.506
v -0.1121 		-65.8883 		40.967
v -0.0194 		-65.9215 		40.9206
v 33.8369 		10.5346 		43.184
v 34.0397 		10.4382 		42.839
v 34.1542 		10.3838 		42.5925
v 34.2086 		10.358 		42.476
v 34.278 		10.325 		42.2793
v 34.278 		10.325 		32.725
v 34.278 		10.325 		16.361
v 46.73 		-42.9027 		40.81
v 46.8726 		-42.6014 		40.967
v 46.7756 		-42.8063 		40.8603
v 47.0211 		-42.2876 		41.091
v 46.9202 		-42.5008 		41.0067
v 47.1738 		-41.9648 		41.18
v 47.0699 		-42.1843 		41.1195
v 47.3298 		-41.6352 		41.234
v 47.2238 		-41.8591 		41.1973
v 47.3801 		-41.5288 		41.2401
v -9.572 		8.159 		6.9266
v -9.572 		8.159 		2
v -6.2052 		10.1881 		8.183
v -10.9607 		-1.8203 		26.234
v -6.1865 		10.1993 		8.584
v -6.131 		10.2328 		8.981
v -10.69 		-1.575 		26.18
v -6.0393 		10.2881 		9.371
v -10.4256 		-1.3354 		26.091
v -5.978 		10.325 		9.5523
v -10.1685 		-1.1025 		25.967
v -9.9214 		-0.8786 		25.81
v -9.6869 		-0.6661 		25.62
v -5.978 		10.325 		15.0874
v -9.4676 		-0.4674 		25.401
v -9.2656 		-0.2844 		25.154
v -6.2052 		10.1881 		2
v -9.0825 		-0.1185 		24.881
v -6.2151 		10.2123 		2
v -11.7417 		6.8522 		2
v -5.9086 		10.358 		9.749
v -5.7941 		10.4124 		9.9955
v -5.7397 		10.4382 		10.112
v -10.9607 		-1.8203 		41.234
v -10.69 		-1.575 		41.18
v -5.5369 		10.5346 		10.456
v -5.3018 		10.6463 		10.779
v -10.4256 		-1.3354 		41.091
v -5.0362 		10.7725 		11.077
v -4.7435 		10.9116 		11.346
v -4.5277 		11.0141 		11.5091
v -4.4263 		11.0624 		11.586
v -10.1685 		-1.1025 		40.967
v -4.0873 		11.2234 		11.792
v -3.8448 		11.3387 		11.9089
v -3.7302 		11.3931 		11.964
v -9.9214 		-0.8786 		40.81
v -9.6869 		-0.6661 		40.62
v -3.358 		11.57 		12.099
v -2.9749 		11.752 		12.197
v -9.4676 		-0.4674 		40.401
v -2.584 		11.9378 		12.256
v -9.2656 		-0.2844 		40.154
v -2.3155 		12.0654 		12.2689
v -2.19 		12.125 		12.275
v -9.0825 		-0.1185 		39.881
v -2.19 		12.125 		16.361
v -5.4171 		10.5915 		16.361
v -6.3821 		10.6175 		2
v -2.1895 		12.1252 		12.275
v 0.588 		14.512 		2
v 35.412 		14.512 		2
v 31.208 		16.016 		2
v 18 		17.975 		2
v 13.54 		17.756 		2
v 50.173 		4.648 		2
v 46.865 		7.647 		2
v 34.5052 		10.1881 		2
v 45.8703 		-44.6724 		37.869
v 45.8639 		-44.6832 		37.6191
v 45.8609 		-44.688 		37.501
v 45.8984 		-44.6254 		38.233
v 45.8793 		-44.6574 		37.9858
v 50.228 		-47.1122 		2
v 50.384 		-46.852 		2
v 50.5011 		-46.6045 		7.6099
v 50.5066 		-46.5928 		7.869
v 50.5134 		-46.5783 		7.9767
v 50.5298 		-46.5438 		8.233
v 50.5411 		-46.5197 		8.3386
v 50.5679 		-46.4632 		8.59
v 50.5835 		-46.4301 		8.6927
v 50.621 		-46.3509 		8.937
v 50.641 		-46.3086 		9.0352
v 50.6884 		-46.2084 		9.269
v 50.7694 		-46.0371 		9.585
v 50.7971 		-45.9785 		9.6725
v 50.8633 		-45.8385 		9.881
v 50.8946 		-45.7724 		9.9617
v 50.9689 		-45.6152 		10.154
v 51.0034 		-45.5422 		10.227
v 51.0857 		-45.3682 		10.401
v 51.2122 		-45.1008 		10.62
v 51.2522 		-45.0162 		10.6761
v 51.3472 		-44.8153 		10.81
v 51.3893 		-44.7263 		10.8564
v 51.4897 		-44.5139 		10.967
v 51.5336 		-44.4211 		11.0036
v 51.6381 		-44.2001 		11.091
v 51.6832 		-44.1049 		11.1173
v 51.7908 		-43.8772 		11.18
v 51.8369 		-43.7798 		11.1959
v 51.9467 		-43.5476 		11.234
v 51.9931 		-43.4495 		11.2396
v 52.104 		-43.215 		11.253
v 52.104 		-43.215 		14.998
v 50.5011 		-46.6045 		22.6099
v 50.5066 		-46.5928 		22.869
v 50.5134 		-46.5783 		22.9767
v 50.5298 		-46.5438 		23.233
v -3.449 		12.602 		2
v -6.457 		10.7991 		2
v 50.5411 		-46.5197 		23.3386
v 50.5679 		-46.4632 		23.59
v -11.7417 		6.5413 		2
v -14.173 		4.648 		2
v -5.102 		8.634 		2
v 50.5835 		-46.4301 		23.6927
v 50.621 		-46.3509 		23.937
v -8.553 		6.565 		2
v 50.641 		-46.3086 		24.0352
v 50.6884 		-46.2084 		24.269
v -17.172 		1.34 		2
v -11.785 		4.168 		2
v 50.7694 		-46.0371 		24.585
v 50.7971 		-45.9785 		24.6725
v 50.8633 		-45.8385 		24.881
v -2.938 		4.1109 		2
v -5.777 		2.41 		2
v 50.8946 		-45.7724 		24.9617
v -8.4353 		0.4383 		2
v 50.9689 		-45.6152 		25.154
v 51.0034 		-45.5422 		25.227
v 51.0857 		-45.3682 		25.401
v 51.2122 		-45.1008 		25.62
v 51.2522 		-45.0162 		25.6761
v 51.3472 		-44.8153 		25.81
v 51.3893 		-44.7263 		25.8564
v 51.4897 		-44.5139 		25.967
v 63.5 		-27.525 		2
v 63.281 		-23.065 		2
v 63.281 		-31.985 		2
v 51.5336 		-44.4211 		26.0036
v 51.6381 		-44.2001 		26.091
v 51.6832 		-44.1049 		26.1173
v 62.626 		-18.648 		2
v 51.7908 		-43.8772 		26.18
v 61.541 		-14.317 		2
v 60.037 		-10.113 		2
v 51.8369 		-43.7798 		26.1959
v 51.9467 		-43.5476 		26.234
v 58.127 		-6.076 		2
v 51.9931 		-43.4495 		26.2396
v 52.104 		-43.215 		26.253
v 55.832 		-2.247 		2
v 52.104 		-43.215 		29.998
v 50.5011 		-46.6045 		37.6099
v 50.5066 		-46.5928 		37.869
v 50.5134 		-46.5783 		37.9767
v 50.5298 		-46.5438 		38.233
v 50.5411 		-46.5197 		38.3386
v 50.5679 		-46.4632 		38.59
v 50.5835 		-46.4301 		38.6927
v 50.621 		-46.3509 		38.937
v 50.641 		-46.3086 		39.0352
v 50.6884 		-46.2084 		39.269
v 50.7694 		-46.0371 		39.585
v 50.7971 		-45.9785 		39.6725
v -1.9107 		12.2255 		12.2621
v -1.779 		12.2728 		12.256
v -1.3719 		12.4192 		12.197
v -0.9729 		12.5627 		12.099
v -0.5852 		12.7021 		11.964
v -0.3321 		12.7931 		11.8471
v -0.2131 		12.8359 		11.792
v -0.221 		12.8331 		28.1596
v -0.2131 		12.8359 		28.156
v 52.104 		-43.2149 		11.253
v 52.1406 		-43.1127 		11.2474
v 45.9447 		-44.5482 		38.59
v 45.9134 		-44.6005 		38.3476
v 45.9653 		-44.5138 		38.7013
v 52.228 		-42.8687 		11.234
v 52.2642 		-42.7674 		11.2181
v 52.3509 		-42.5252 		11.18
v 52.3865 		-42.4259 		11.1537
v 52.4712 		-42.1891 		11.091
v 52.5058 		-42.0927 		11.0544
v 52.5883 		-41.8621 		10.967
v 52.6215 		-41.7694 		10.9206
v 52.7006 		-41.5484 		10.81
v 52.732 		-41.4607 		10.7539
v 52.8071 		-41.2508 		10.62
v 52.9068 		-40.9722 		10.401
v 52.9988 		-40.7153 		10.154
v 53.0236 		-40.6462 		10.0733
v 53.0823 		-40.4822 		9.881
v 53.1561 		-40.276 		9.585
v 53.2199 		-40.0976 		9.269
v 53.2356 		-40.0537 		9.1708
v 53.2732 		-39.949 		8.937
v 53.2856 		-39.9143 		8.8343
v 53.3149 		-39.8322 		8.59
v 53.3238 		-39.8074 		8.4844
v 53.3451 		-39.7479 		8.233
v 53.3505 		-39.7328 		8.1253
v 53.3633 		-39.6971 		7.869
v 53.3652 		-39.6919 		7.7601
v 52.104 		-43.2149 		26.253
v 34.3393 		10.2881 		9.371
v 52.1406 		-43.1127 		26.2474
v 52.228 		-42.8687 		26.234
v 52.2642 		-42.7674 		26.2181
v 52.3509 		-42.5252 		26.18
v 52.3865 		-42.4259 		26.1537
v 52.4712 		-42.1891 		26.091
v 52.5058 		-42.0927 		26.0544
v 52.5883 		-41.8621 		25.967
v 52.6215 		-41.7694 		25.9206
v 52.7006 		-41.5484 		25.81
v 52.732 		-41.4607 		25.7539
v 52.8071 		-41.2508 		25.62
v 52.9068 		-40.9722 		25.401
v 52.9988 		-40.7153 		25.154
v 53.0236 		-40.6462 		25.0733
v 53.0823 		-40.4822 		24.881
v 53.1561 		-40.276 		24.585
v 53.2199 		-40.0976 		24.269
v 53.2356 		-40.0537 		24.1708
v 53.2732 		-39.949 		23.937
v 53.2856 		-39.9143 		23.8343
v 53.3149 		-39.8322 		23.59
v 53.3238 		-39.8074 		23.4844
v 53.3451 		-39.7479 		23.233
v 53.3505 		-39.7328 		23.1253
v 53.3633 		-39.6971 		22.869
v 53.3652 		-39.6919 		22.7601
v 34.431 		10.2328 		8.981
v 34.4865 		10.1993 		8.584
v 34.5052 		10.1881 		8.183
v 34.3393 		10.2881 		25.734
v 34.431 		10.2328 		25.345
v 34.4865 		10.1993 		24.947
v 34.5052 		10.1881 		24.546
v 34.3393 		10.2881 		42.098
v 34.431 		10.2328 		41.708
v 34.4865 		10.1993 		41.311
v 53.46 		-39.427 		2
v 34.5052 		10.1881 		40.91
v 54.437 		-35.524 		2
v 34.5052 		10.1881 		32.725
v 10.76 		-63.3571 		8.937
v 10.696 		-63.354 		8.7579
v 34.5052 		10.1881 		16.361
v 10.918 		-63.3649 		9.269
v 11.107 		-63.3741 		9.585
v 11.326 		-63.3849 		9.881
v 11.573 		-63.397 		10.154
v 11.846 		-63.4104 		10.401
v 12.142 		-63.4249 		10.62
v 12.457 		-63.4403 		10.81
v 12.79 		-63.4567 		10.967
v 13.136 		-63.4736 		11.091
v 13.493 		-63.4911 		11.18
v 13.857 		-63.509 		11.234
v 10.696 		-63.354 		14.998
v 10.76 		-63.3571 		23.937
v 10.696 		-63.354 		23.7579
v 58.127 		-48.974 		2
v 10.918 		-63.3649 		24.269
v 55.832 		-52.803 		2
v 60.037 		-44.937 		2
v 11.107 		-63.3741 		24.585
v 61.541 		-40.733 		2
v 62.626 		-36.402 		2
v 11.326 		-63.3849 		24.881
v 11.573 		-63.397 		25.154
v 11.846 		-63.4104 		25.401
v 12.142 		-63.4249 		25.62
v 12.457 		-63.4403 		25.81
v 12.79 		-63.4567 		25.967
v 13.136 		-63.4736 		26.091
v 13.493 		-63.4911 		26.18
v 13.857 		-63.509 		26.234
v 10.696 		-63.354 		29.998
v 46.865 		-62.697 		2
v 50.173 		-59.698 		2
v 10.493 		-63.3239 		7.869
v 10.475 		-63.3212 		7.501
v 10.547 		-63.3319 		8.233
v 10.636 		-63.3451 		8.59
v 10.475 		-63.3212 		14.998
v 10.493 		-63.3239 		22.869
v 10.475 		-63.3212 		22.501
v 10.547 		-63.3319 		23.233
v 10.636 		-63.3451 		23.59
v 10.475 		-63.3212 		29.998
v 10.475 		-63.3212 		2
v 7.201 		-62.836 		2
v -0.2226 		12.859 		28.156
v 3.8328 		-61.9917 		8.59
v 3.774 		-61.977 		8.7582
v 3.9205 		-62.0137 		8.233
v 3.8607 		-61.9987 		8.4754
v 3.9734 		-62.027 		7.869
v 3.9375 		-62.018 		8.1162
v 3.9908 		-62.0313 		7.501
v 3.9792 		-62.0284 		7.7509
v 3.774 		-61.977 		14.998
v 3.9908 		-62.0313 		14.998
v 3.8328 		-61.9917 		23.59
v 3.774 		-61.977 		23.7582
v 3.9205 		-62.0137 		23.233
v 3.8607 		-61.9987 		23.4754
v 3.9734 		-62.027 		22.869
v 3.9375 		-62.018 		23.1162
v 3.9908 		-62.0313 		22.501
v 3.9792 		-62.0284 		22.7509
v 42.0912 		-50.3162 		38.59
v 42.055 		-50.365 		38.7576
v 42.1449 		-50.2439 		38.233
v 42.1775 		-50.1998 		37.869
v 42.1552 		-50.2299 		38.1162
v 42.1883 		-50.1853 		37.501
v 42.1811 		-50.195 		37.7509
v 3.9908 		-62.0313 		2
v 3.9824 		-62.0515 		2
v 0.588 		-69.562 		2
v 35.412 		-69.562 		2
v 13.54 		-72.806 		2
v 18 		-73.025 		2
v 31.208 		-71.066 		2
v -27.281 		-23.065 		2
v -27.5 		-27.525 		2
v -27.281 		-31.985 		2
v -19.832 		-2.247 		2
v -22.127 		-6.076 		2
v -24.037 		-10.113 		2
v -25.541 		-14.317 		2
v -26.626 		-18.648 		2
v 3.774 		-61.977 		29.998
v 3.9908 		-62.0313 		29.998
v 2.4118 		-61.4898 		10.62
v 2.6903 		-61.5894 		10.401
v 2.9473 		-61.6813 		10.154
v 3.1805 		-61.7647 		9.881
v 3.0223 		-61.7081 		10.0665
v 3.3867 		-61.8385 		9.585
v 3.5651 		-61.9023 		9.269
v 3.7138 		-61.9555 		8.937
v 3.6127 		-61.9193 		9.1625
v 3.7513 		-61.9689 		8.8257
v 0.4474 		-60.7872 		11.253
v 0.7937 		-60.911 		11.234
v 0.5584 		-60.8268 		11.2469
v 1.1372 		-61.0339 		11.18
v 0.9036 		-60.9503 		11.2167
v 1.4734 		-61.1541 		11.091
v 1.245 		-61.0724 		11.1515
v -26.626 		-36.402 		2
v -25.541 		-40.733 		2
v -25.987 		-35.524 		2
v -24.037 		-44.937 		2
v -25.01 		-39.427 		2
v -22.127 		-48.974 		2
v -19.832 		-52.803 		2
v 39.9297 		-52.7107 		41.234
v 39.683 		-52.983 		41.253
v 1.8004 		-61.2711 		10.967
v 1.578 		-61.1915 		11.0513
v 40.175 		-52.44 		41.18
v 1.901 		-61.3071 		10.9167
v 40.4146 		-52.1756 		41.091
v 40.6475 		-51.9185 		40.967
v 40.8714 		-51.6714 		40.81
v 2.1141 		-61.3833 		10.81
v 2.2093 		-61.4173 		10.7491
v 41.0839 		-51.4369 		40.62
v 41.2826 		-51.2176 		40.401
v 0.447 		-60.787 		14.998
v 41.4656 		-51.0156 		40.154
v 41.6315 		-50.8325 		39.881
v 2.4118 		-61.4898 		25.62
v 41.7788 		-50.6698 		39.585
v 2.6903 		-61.5894 		25.401
v 41.9062 		-50.5292 		39.269
v 2.9473 		-61.6813 		25.154
v 42.0117 		-50.4127 		38.937
v 3.1805 		-61.7647 		24.881
v 3.0223 		-61.7081 		25.0665
v 3.3867 		-61.8385 		24.585
v 3.5651 		-61.9023 		24.269
v 3.7138 		-61.9555 		23.937
v 3.6127 		-61.9193 		24.1625
v 3.7513 		-61.9689 		23.8257
v 0.4474 		-60.7872 		26.253
v 0.7937 		-60.911 		26.234
v 0.5584 		-60.8268 		26.2469
v 1.1372 		-61.0339 		26.18
v 0.9036 		-60.9503 		26.2167
v 1.4734 		-61.1541 		26.091
v 1.245 		-61.0724 		26.1515
v 1.8004 		-61.2711 		25.967
v 1.578 		-61.1915 		26.0513
v 1.901 		-61.3071 		25.9167
v 2.1141 		-61.3833 		25.81
v 2.2093 		-61.4173 		25.7491
v 0.447 		-60.787 		29.998
v -17.172 		-56.39 		2
v -14.173 		-59.698 		2
v -3.449 		-67.652 		2
v -8.9198 		0.0288 		9.585
v -8.7792 		0.1562 		9.269
v -8.6627 		0.2617 		8.937
v -8.615 		0.305 		8.7576
v -8.615 		0.305 		14.998
v -8.9198 		0.0288 		24.585
v -8.7792 		0.1562 		24.269
v -8.6627 		0.2617 		23.937
v -8.615 		0.305 		23.7576
v -8.615 		0.305 		29.998
v -8.9198 		0.0288 		39.585
v -8.7792 		0.1562 		39.269
v -8.6627 		0.2617 		38.937
v -8.615 		0.305 		38.7576
v 37.1127 		-55.3117 		38.937
v 37.065 		-55.355 		38.7576
v -8.5662 		0.3412 		8.59
v -8.4939 		0.3949 		8.233
v 37.2292 		-55.2062 		39.269
v -8.4642 		0.4168 		7.9858
v -8.45 		0.4274 		7.869
v 37.3698 		-55.0788 		39.585
v -8.4399 		0.4349 		7.6191
v -8.4353 		0.4383 		7.501
v 37.5325 		-54.9315 		39.881
v -8.4353 		0.4383 		14.998
v 37.7156 		-54.7656 		40.154
v -8.5662 		0.3412 		23.59
v 37.9176 		-54.5826 		40.401
v -8.4939 		0.3949 		23.233
v 38.1369 		-54.3839 		40.62
v -8.4642 		0.4168 		22.9858
v -8.45 		0.4274 		22.869
v -8.4399 		0.4349 		22.6191
v -8.4353 		0.4383 		22.501
v 38.3714 		-54.1714 		40.81
v 38.6185 		-53.9475 		40.967
v -8.4353 		0.4383 		29.998
v -8.5662 		0.3412 		38.59
v 38.8756 		-53.7146 		41.091
v -8.4939 		0.3949 		38.233
v -8.4642 		0.4168 		37.9858
v -8.45 		0.4274 		37.869
v -8.4399 		0.4349 		37.6191
v -8.4353 		0.4383 		37.501
v 39.14 		-53.475 		41.18
v 39.4107 		-53.2297 		41.234
v 36.9002 		-55.4772 		37.869
v 36.8853 		-55.4883 		37.501
v 36.9439 		-55.4449 		38.233
v 37.0162 		-55.3912 		38.59
v -11.7444 		6.8498 		1.9939
v -2.938 		4.1109 		7.501
v -2.9272 		4.1174 		7.7509
v -2.9224 		4.1203 		7.869
v -2.8904 		4.1395 		8.1162
v -2.8754 		4.1484 		8.233
v -2.8232 		4.1798 		8.4754
v -2.7982 		4.1947 		8.59
v -2.938 		4.1109 		14.998
v -2.938 		4.1109 		22.501
v -2.9272 		4.1174 		22.7509
v -2.9224 		4.1203 		22.869
v -2.8904 		4.1395 		23.1162
v -2.8754 		4.1484 		23.233
v -2.8232 		4.1798 		23.4754
v -2.7982 		4.1947 		23.59
v -2.938 		4.1109 		29.998
v -2.938 		4.1109 		37.501
v -2.9272 		4.1174 		37.7509
v -2.9224 		4.1203 		37.869
v -2.8904 		4.1395 		38.1162
v -2.8754 		4.1484 		38.233
v -2.8232 		4.1798 		38.4754
v -2.7982 		4.1947 		38.59
# 8419 vertices

g group_0_14900002

usemtl color_14900002
s 0

f 1489 	1488 	1492
f 1493 	1492 	1488
f 1488 	1496 	1493
f 1496 	1497 	1493
f 1497 	1486 	1493
f 1486 	1485 	1493
f 1485 	1484 	1493
f 1484 	1483 	1493
f 1483 	1498 	1493
f 1498 	1499 	1493
f 1499 	1482 	1493
f 1482 	1481 	1493
f 1481 	1477 	1493
f 1477 	1476 	1493
f 1476 	1501 	1493
f 1501 	1502 	1493
f 1495 	1493 	1502
f 1471 	1513 	1502
f 1466 	1513 	1471
f 1515 	1513 	1466
f 1510 	1536 	1512
f 1508 	1536 	1510
f 1509 	1536 	1508
f 1507 	1536 	1509
f 1506 	1536 	1507
f 1513 	1522 	1506
f 1495 	1502 	1513
f 1517 	1513 	1516
f 1518 	1513 	1517
f 1519 	1513 	1518
f 1520 	1513 	1519
f 1521 	1513 	1520
f 1516 	1513 	1515
f 1522 	1513 	1521
f 1523 	1506 	1522
f 1536 	1506 	1523
f 1539 	1540 	1585
f 1538 	1539 	1585
f 1540 	1534 	1585
f 1534 	1532 	1585
f 1532 	1531 	1585
f 1531 	1533 	1585
f 1533 	1541 	1585
f 1541 	1542 	1585
f 1542 	1528 	1585
f 1528 	1527 	1585
f 1527 	1526 	1585
f 1559 	1585 	1526
f 1537 	1538 	1585
f 1556 	1550 	1558
f 1554 	1550 	1555
f 1555 	1550 	1556
f 1552 	1550 	1554
f 1553 	1526 	1552
f 1559 	1526 	1553
f 1551 	1552 	1526
f 1550 	1552 	1551
f 1560 	1543 	1550
f 1558 	1550 	1557
f 1561 	1543 	1560
f 1547 	1543 	1561
f 1545 	1544 	1547
f 1544 	1543 	1547
f 1557 	1550 	1543
f 1566 	1536 	1565
f 1564 	1565 	1536
f 1567 	1536 	1566
f 1563 	1564 	1536
f 1568 	1536 	1567
f 1569 	1536 	1568
f 1512 	1536 	1511
f 1569 	1511 	1536
f 1562 	1563 	1536
f 1570 	1536 	1571
f 1572 	1571 	1536
f 1575 	1536 	1574
f 1570 	1574 	1536
f 1576 	1536 	1575
f 1577 	1536 	1576
f 1578 	1536 	1577
f 1579 	1536 	1578
f 1580 	1536 	1579
f 1562 	1536 	1580
f 1573 	1572 	1536
f 1585 	1581 	1537
f 1536 	1537 	1581
f 1573 	1536 	1581
f 4020 	2771 	4180
f 4019 	2771 	4020
f 4669 	4609 	2252
f 2250 	2249 	4669
f 4440 	7994 	4019
f 4608 	2252 	4609
f 7997 	7998 	4608
f 5577 	5576 	7995
f 7998 	6323 	4180
f 4180 	2766 	7998
f 7997 	4608 	6322
f 7100 	766 	765
f 7012 	1378 	7100
f 4851 	4691 	765
f 7995 	7996 	5577
f 7869 	7999 	4692
f 4692 	7999 	8000
f 7100 	765 	4691
f 7868 	7168 	8000
f 8001 	1674 	7012
f 8001 	5577 	7996
f 766 	7100 	1378
f 4670 	7996 	6321
f 7996 	4670 	8001
f 1674 	8001 	1676
f 1378 	7012 	1674
f 1859 	8001 	2249
f 4670 	4669 	8001
f 1676 	8001 	1859
f 2249 	8001 	4669
f 2250 	4669 	2252
f 2252 	4608 	2254
f 7998 	2312 	4608
f 2254 	4608 	2312
f 2766 	4180 	2767
f 2774 	4019 	2877
f 2767 	4180 	2771
f 2771 	4019 	2774
f 5555 	5496 	5556
f 4272 	5496 	4424
f 4271 	5496 	4272
f 3550 	5496 	4271
f 3098 	5496 	3550
f 3097 	5496 	3098
f 1774 	3097 	2877
f 5555 	5528 	4428
f 4428 	4424 	5555
f 5528 	5555 	6351
f 1859 	2249 	7269
f 2249 	6351 	7269
f 3550 	4271 	2766
f 2312 	7998 	2766
f 2766 	4271 	2312
f 5555 	7269 	6351
f 7994 	8044 	4019
f 7960 	8050 	2691
f 7945 	8053 	7960
f 2691 	8044 	7960
f 7962 	7960 	8044
f 8045 	7992 	8044
f 7992 	7962 	8044
f 2877 	4019 	8044
f 8049 	8057 	8048
f 8048 	8053 	7945
f 2877 	8044 	2691
f 8049 	8048 	7963
f 8050 	7960 	8053
f 4794 	4793 	8056
f 8053 	8048 	8057
f 8057 	8049 	2418
f 8064 	5496 	8062
f 8061 	3097 	1774
f 8061 	5496 	3097
f 8049 	8056 	2418
f 8064 	2418 	8056
f 2691 	1774 	2877
f 8074 	472 	8073
f 1166 	8075 	5704
f 8075 	8073 	478
f 5704 	8075 	478
f 5991 	5990 	8079
f 472 	8074 	5990
f 8082 	476 	8081
f 8079 	8081 	5991
f 8074 	8079 	5990
f 5991 	8081 	5994
f 3367 	3875 	6424
f 5994 	8081 	476
f 8085 	6371 	475
f 475 	474 	8085
f 8085 	8088 	6420
f 6371 	8085 	6420
f 2752 	2751 	8088
f 6420 	8088 	2751
f 6421 	3876 	6640
f 3008 	3876 	6421
f 2361 	7455 	2360
f 3126 	6424 	3901
f 6640 	2360 	478
f 478 	8073 	6640
f 478 	2360 	7455
f 472 	6640 	8073
f 3875 	3901 	6424
f 2693 	7455 	2361
f 2360 	495 	2361
f 6424 	8085 	3367
f 3007 	4406 	3008
f 2360 	6640 	3379
f 476 	8082 	6424
f 8082 	8085 	6424
f 474 	3367 	8085
f 3379 	6640 	3876
f 3901 	3900 	3007
f 3007 	3126 	3901
f 4409 	4695 	3900
f 3876 	3008 	4406
f 4406 	3007 	1783
f 3900 	1779 	3007
f 4408 	4695 	4409
f 1779 	3900 	4693
f 1783 	3007 	1779
f 4408 	4691 	4700
f 4691 	4692 	7168
f 8000 	7168 	4692
f 4697 	3900 	4695
f 4693 	3900 	4697
f 7168 	7100 	4691
f 4700 	4691 	4698
f 4695 	4408 	4700
f 4698 	4691 	4851
f 496 	495 	6398
f 6398 	495 	7440
f 6398 	7440 	7121
f 6398 	7121 	7120
f 7422 	5778 	7120
f 6398 	7120 	5634
f 6398 	5634 	5206
f 6398 	5206 	5205
f 5588 	6739 	5205
f 5634 	7120 	5778
f 7422 	1784 	5778
f 4851 	765 	5588
f 6398 	5205 	6739
f 765 	6739 	5588
f 1783 	1779 	1784
f 1779 	5778 	1784
f 7440 	495 	2360
f 500 	494 	8204
f 8202 	500 	8204
f 500 	8202 	957
f 8075 	1166 	8208
f 8208 	1156 	8207
f 8207 	1138 	1136
f 8207 	1136 	8205
f 1138 	8207 	1156
f 1156 	8208 	1166
f 1168 	7455 	8183
f 1376 	731 	1377
f 7315 	6674 	1377
f 1136 	1762 	8205
f 2985 	8202 	1762
f 2995 	8202 	2985
f 957 	8202 	2995
f 8205 	1762 	8202
f 2810 	5821 	3049
f 2809 	5822 	2810
f 3174 	8220 	3173
f 3174 	3729 	8219
f 3174 	8219 	8220
f 3732 	3731 	8220
f 3731 	3173 	8220
f 2631 	3858 	3049
f 3175 	3049 	3858
f 494 	3734 	8204
f 4047 	6596 	2809
f 3049 	5371 	2631
f 4426 	5671 	3173
f 5671 	6387 	3173
f 4427 	4426 	3173
f 5003 	4427 	3173
f 5003 	3173 	3731
f 4047 	4425 	6387
f 4425 	3173 	6387
f 5821 	2810 	5822
f 5371 	3049 	5821
f 6892 	4047 	6387
f 5822 	2809 	6596
f 6040 	6892 	6062
f 6062 	6892 	6387
f 6598 	7617 	6599
f 6599 	7464 	6040
f 6596 	4047 	6892
f 6391 	6392 	1762
f 1421 	1377 	6674
f 6392 	2985 	1762
f 7192 	8007 	6598
f 7039 	6040 	7464
f 6892 	6040 	7039
f 6674 	6675 	1421
f 1762 	1421 	6675
f 6675 	6391 	1762
f 7464 	6599 	7617
f 8007 	7192 	8008
f 7617 	6598 	8007
f 731 	7646 	744
f 7646 	731 	7647
f 1174 	8181 	7646
f 1168 	8183 	1174
f 7192 	1377 	731
f 7647 	731 	1376
f 7192 	7315 	1377
f 8008 	7192 	731
f 744 	7646 	8181
f 8181 	1174 	8183
f 7455 	2693 	8183
f 2626 	6398 	3281
f 6398 	8231 	3281
f 2625 	6398 	2626
f 3057 	669 	2625
f 6398 	2625 	661
f 659 	6398 	661
f 8263 	3354 	4179
f 6398 	1992 	8259
f 8259 	8232 	6398
f 8231 	6398 	8232
f 661 	2625 	669
f 1750 	669 	3057
f 2538 	1750 	3549
f 3057 	3549 	1750
f 3549 	1986 	2538
f 3058 	2538 	1986
f 3858 	3556 	1986
f 3058 	1986 	3556
f 8231 	4179 	3281
f 5559 	5297 	6594
f 5297 	6398 	6594
f 4786 	6398 	5297
f 4785 	6398 	4786
f 4340 	4312 	4785
f 4312 	6398 	4785
f 4282 	6398 	4312
f 496 	6398 	4282
f 6595 	6594 	6398
f 6595 	6398 	659
f 4498 	4340 	4785
f 4785 	5558 	4498
f 4732 	4498 	5558
f 5559 	6594 	5874
f 6691 	6399 	6594
f 6399 	5874 	6594
f 3556 	3858 	2630
f 6691 	6594 	6892
f 7039 	6691 	6892
f 5558 	5796 	4732
f 6372 	4732 	5796
f 6372 	732 	744
f 731 	744 	732
f 744 	4732 	6372
f 8263 	4179 	3293
f 3625 	3581 	3710
f 4123 	4121 	3293
f 3624 	3581 	3625
f 3555 	3554 	4295
f 3294 	3293 	4121
f 5365 	8263 	3293
f 1216 	8344 	4118
f 3382 	3375 	8261
f 4295 	8265 	3555
f 3297 	3296 	8265
f 8263 	8264 	3710
f 4296 	3297 	8262
f 5364 	8265 	4295
f 5363 	3710 	8264
f 8262 	3297 	8265
f 3354 	3710 	3355
f 8263 	3710 	3354
f 3295 	3555 	8265
f 3296 	3295 	8265
f 3581 	3624 	3776
f 3355 	3710 	3581
f 3554 	3775 	3624
f 3624 	4295 	3554
f 3730 	3175 	3624
f 3858 	3624 	3175
f 3775 	3730 	3624
f 3776 	3624 	3858
f 4618 	1216 	4118
f 4119 	4118 	3374
f 4121 	4119 	3374
f 4123 	3293 	4179
f 3374 	3294 	4121
f 2631 	2630 	3858
f 3281 	4179 	3354
f 2363 	4618 	2628
f 8267 	5334 	8266
f 8270 	4797 	8269
f 8269 	4794 	8056
f 8271 	5059 	8270
f 4794 	8269 	4797
f 4797 	8270 	4801
f 4801 	8270 	5059
f 5164 	5163 	8272
f 5164 	8272 	8273
f 5164 	8273 	5167
f 8273 	8266 	5167
f 5169 	5167 	8266
f 5169 	8266 	5334
f 8268 	5473 	5472
f 8268 	5472 	8267
f 8268 	5474 	5473
f 5555 	4424 	5496
f 6398 	5556 	5496
f 8061 	8062 	5496
f 5496 	8064 	7421
f 5496 	7421 	6860
f 5496 	6860 	6859
f 5496 	6859 	6113
f 5496 	6113 	5906
f 5496 	5906 	5905
f 5496 	5905 	5497
f 6115 	6113 	6859
f 6832 	6115 	6859
f 6859 	5059 	7364
f 7364 	8271 	5163
f 7870 	7421 	8064
f 4793 	7870 	8064
f 4793 	8064 	8056
f 8267 	5472 	5497
f 5334 	8267 	5905
f 5497 	5905 	8267
f 6832 	6859 	7364
f 8271 	7364 	5059
f 8272 	5163 	8271
f 8294 	8297 	8293
f 8293 	8295 	5474
f 8268 	8293 	5474
f 8295 	8293 	8297
f 8298 	182 	8296
f 7840 	8294 	8296
f 8297 	8294 	7840
f 8342 	198 	8299
f 8299 	190 	8298
f 8298 	184 	182
f 7543 	7542 	182
f 8343 	837 	8342
f 189 	8298 	190
f 184 	8298 	189
f 195 	835 	194
f 190 	8299 	198
f 196 	194 	8343
f 207 	1053 	208
f 208 	1053 	195
f 835 	8343 	194
f 198 	8342 	441
f 837 	8343 	835
f 207 	549 	1057
f 549 	8344 	1216
f 835 	195 	1053
f 1057 	549 	1062
f 1053 	207 	1057
f 1062 	549 	1216
f 6398 	5496 	6672
f 6398 	6672 	6671
f 7238 	5232 	6671
f 4880 	6671 	5232
f 6398 	6671 	4880
f 6398 	4880 	4513
f 6398 	4513 	4512
f 4814 	3009 	4512
f 2385 	4512 	3009
f 6398 	4512 	2385
f 6398 	2385 	1993
f 6398 	1993 	1992
f 8260 	8259 	1992
f 1992 	2363 	8260
f 3484 	3009 	4814
f 3374 	4118 	8344
f 4820 	3484 	4814
f 441 	8342 	5233
f 4814 	441 	4820
f 5233 	4820 	441
f 5769 	5232 	7238
f 6644 	5769 	7238
f 837 	5233 	8342
f 7238 	7542 	6644
f 8296 	182 	7542
f 7239 	6644 	7542
f 4118 	2628 	4618
f 3375 	3374 	8344
f 8261 	3375 	8344
f 7542 	7840 	8296
f 7239 	7542 	7543
f 7883 	8344 	550
f 549 	550 	8344
f 8260 	2363 	2628
f 7869 	1471 	1502
f 7869 	1502 	7999
f 1502 	1501 	8000
f 1502 	8000 	7999
f 1501 	1476 	7868
f 1501 	7868 	8000
f 5576 	1482 	1499
f 5576 	1499 	7995
f 1498 	7995 	1499
f 7995 	1498 	7996
f 1498 	1483 	6321
f 1498 	6321 	7996
f 6322 	1486 	1497
f 6322 	1497 	7997
f 1497 	1496 	7998
f 1497 	7998 	7997
f 1496 	1488 	6323
f 1496 	6323 	7998
f 1495 	7994 	1493
f 4440 	1493 	7994
f 8044 	7994 	1513
f 1495 	1513 	7994
f 1513 	1506 	8045
f 1513 	8045 	8044
f 1512 	8049 	1510
f 8396 	1510 	8049
f 7963 	8396 	8049
f 8056 	8049 	1511
f 1512 	1511 	8049
f 1523 	1522 	8073
f 1523 	8073 	8075
f 1521 	8074 	8073
f 1521 	8073 	1522
f 1520 	8079 	8074
f 1520 	8074 	1521
f 1519 	8081 	8079
f 1519 	8079 	1520
f 8081 	1519 	8082
f 1518 	8082 	1519
f 1517 	8085 	8082
f 1517 	8082 	1518
f 1516 	8088 	8085
f 1516 	8085 	1517
f 8088 	1516 	2752
f 1515 	2752 	1516
f 3729 	1528 	1542
f 3729 	1542 	8219
f 1542 	1541 	8220
f 1542 	8220 	8219
f 1541 	1533 	3732
f 1541 	3732 	8220
f 1540 	8204 	1534
f 3734 	1534 	8204
f 1540 	1539 	8202
f 1540 	8202 	8204
f 1539 	1538 	8205
f 1539 	8205 	8202
f 8207 	8205 	1537
f 1538 	1537 	8205
f 1537 	1536 	8208
f 1537 	8208 	8207
f 8208 	1536 	8075
f 1536 	1523 	8075
f 8264 	1557 	1543
f 8264 	1543 	5363
f 1561 	8265 	5364
f 1561 	5364 	1547
f 8265 	1560 	8262
f 1560 	8265 	1561
f 8262 	1560 	4296
f 1550 	4296 	1560
f 1553 	3382 	8261
f 1553 	8261 	1559
f 1558 	8263 	5365
f 1558 	5365 	1556
f 1557 	8264 	8263
f 1557 	8263 	1558
f 8269 	8056 	1569
f 1511 	1569 	8056
f 1569 	1568 	8270
f 1569 	8270 	8269
f 8271 	8270 	1567
f 1568 	1567 	8270
f 8272 	8271 	1566
f 1567 	1566 	8271
f 8273 	8272 	1565
f 1566 	1565 	8272
f 1565 	1564 	8266
f 1565 	8266 	8273
f 1564 	1563 	8267
f 1564 	8267 	8266
f 8267 	1563 	1562
f 8267 	1562 	8268
f 1562 	8293 	8268
f 1562 	1580 	8293
f 1580 	1579 	8294
f 1580 	8294 	8293
f 8296 	8294 	1578
f 1579 	1578 	8294
f 8298 	8296 	1577
f 1578 	1577 	8296
f 8299 	8298 	1576
f 1577 	1576 	8298
f 1576 	1575 	8342
f 1576 	8342 	8299
f 1575 	1574 	8343
f 1575 	8343 	8342
f 1574 	1570 	8343
f 196 	8343 	1570
f 1585 	8344 	7883
f 1585 	7883 	1581
f 1585 	1559 	8344
f 8261 	8344 	1559
# 595 faces

g group_0_15308428

usemtl color_15308428
s 0

f 7 	70 	6
f 12 	70 	7
f 13 	70 	12
f 13 	20 	70
f 25 	70 	24
f 21 	70 	20
f 30 	70 	29
f 25 	29 	70
f 33 	70 	32
f 38 	71 	36
f 41 	71 	40
f 45 	70 	41
f 46 	70 	45
f 38 	40 	71
f 48 	70 	46
f 49 	70 	48
f 55 	70 	54
f 54 	70 	49
f 21 	24 	70
f 30 	32 	70
f 35 	36 	71
f 80 	127 	79
f 84 	127 	80
f 85 	127 	84
f 88 	127 	85
f 90 	127 	88
f 91 	127 	90
f 94 	127 	93
f 91 	93 	127
f 96 	127 	94
f 127 	96 	97
f 102 	127 	101
f 97 	101 	127
f 106 	127 	104
f 102 	104 	127
f 127 	128 	114
f 116 	127 	114
f 117 	127 	116
f 113 	114 	128
f 118 	127 	117
f 119 	127 	118
f 123 	127 	122
f 122 	127 	119
f 124 	127 	123
f 73 	127 	124
f 79 	127 	77
f 111 	113 	128
f 73 	77 	127
f 110 	111 	128
f 108 	110 	128
f 132 	185 	130
f 133 	185 	132
f 134 	185 	133
f 135 	185 	134
f 136 	185 	135
f 137 	185 	136
f 140 	185 	137
f 142 	185 	140
f 144 	185 	143
f 143 	185 	142
f 146 	185 	145
f 155 	185 	154
f 152 	185 	151
f 162 	185 	161
f 163 	185 	162
f 165 	185 	163
f 160 	161 	185
f 166 	185 	165
f 167 	185 	166
f 174 	185 	173
f 173 	185 	167
f 175 	185 	174
f 130 	185 	175
f 185 	180 	160
f 144 	145 	185
f 146 	151 	185
f 159 	160 	180
f 158 	159 	180
f 152 	154 	185
f 185 	155 	127
f 106 	184 	127
f 70 	184 	106
f 33 	184 	70
f 182 	184 	33
f 185 	127 	184
f 191 	189 	190
f 191 	185 	189
f 184 	189 	185
f 190 	198 	199
f 190 	199 	191
f 230 	242 	229
f 227 	229 	242
f 242 	411 	227
f 225 	227 	411
f 247 	248 	426
f 259 	426 	248
f 251 	259 	250
f 248 	250 	259
f 263 	266 	199
f 281 	199 	268
f 268 	269 	281
f 287 	411 	286
f 291 	411 	290
f 295 	411 	291
f 287 	290 	411
f 298 	411 	295
f 300 	411 	298
f 301 	411 	300
f 305 	411 	301
f 7433 	2201 	311
f 2357 	325 	2356
f 329 	342 	328
f 330 	342 	329
f 334 	342 	333
f 331 	342 	330
f 335 	342 	334
f 336 	342 	335
f 332 	333 	342
f 342 	336 	337
f 328 	342 	341
f 340 	341 	342
f 338 	339 	343
f 339 	340 	343
f 342 	343 	340
f 332 	342 	331
f 345 	358 	344
f 346 	358 	345
f 350 	358 	349
f 347 	358 	346
f 351 	358 	350
f 352 	358 	351
f 348 	349 	358
f 358 	352 	353
f 344 	358 	357
f 356 	357 	358
f 354 	355 	359
f 355 	356 	359
f 358 	359 	356
f 348 	358 	347
f 363 	374 	362
f 365 	374 	364
f 364 	374 	363
f 367 	368 	374
f 374 	368 	369
f 372 	374 	371
f 373 	323 	370
f 371 	374 	370
f 361 	374 	360
f 360 	374 	372
f 362 	374 	361
f 366 	374 	365
f 367 	374 	366
f 373 	370 	374
f 358 	1788 	359
f 342 	1792 	343
f 4068 	8282 	8284
f 2038 	332 	331
f 8283 	4069 	8284
f 2038 	2041 	332
f 1130 	377 	1217
f 8286 	1217 	377
f 8288 	1218 	8286
f 407 	411 	305
f 407 	408 	411
f 410 	411 	409
f 408 	409 	411
f 222 	411 	410
f 222 	225 	411
f 414 	426 	413
f 415 	426 	414
f 416 	426 	415
f 412 	413 	426
f 417 	426 	416
f 418 	426 	417
f 419 	426 	418
f 420 	426 	419
f 421 	426 	420
f 422 	426 	421
f 422 	423 	426
f 424 	426 	423
f 425 	426 	424
f 244 	426 	425
f 244 	247 	426
f 429 	199 	428
f 427 	428 	199
f 430 	199 	429
f 431 	199 	430
f 432 	199 	431
f 433 	199 	432
f 434 	199 	433
f 435 	199 	434
f 436 	437 	199
f 438 	199 	437
f 435 	436 	199
f 440 	262 	199
f 262 	263 	199
f 439 	440 	199
f 266 	268 	199
f 198 	441 	285
f 285 	286 	411
f 198 	285 	411
f 198 	411 	412
f 198 	412 	426
f 427 	199 	426
f 438 	439 	199
f 198 	426 	199
f 2076 	340 	339
f 2076 	2077 	340
f 2175 	348 	347
f 2175 	2176 	348
f 2195 	355 	354
f 2196 	356 	355
f 2196 	355 	2195
f 2196 	2197 	356
f 2328 	361 	360
f 2328 	2329 	361
f 2334 	367 	366
f 2334 	2335 	367
f 2350 	370 	323
f 2350 	2351 	370
f 480 	484 	337
f 481 	484 	480
f 482 	4282 	481
f 342 	337 	484
f 496 	4282 	483
f 485 	489 	353
f 486 	489 	485
f 487 	489 	486
f 358 	353 	489
f 490 	6622 	369
f 491 	6622 	490
f 492 	6622 	491
f 493 	6622 	492
f 489 	487 	4282
f 488 	4282 	487
f 488 	484 	4282
f 484 	481 	4282
f 482 	483 	4282
f 495 	496 	483
f 493 	489 	6622
f 6622 	489 	4282
f 1789 	359 	1788
f 489 	1788 	358
f 1793 	343 	1792
f 484 	1792 	342
f 2036 	331 	330
f 2038 	331 	2036
f 2046 	335 	334
f 2046 	2049 	335
f 336 	2049 	337
f 2055 	482 	481
f 2055 	2056 	482
f 2174 	347 	346
f 2175 	347 	2174
f 2178 	351 	350
f 2178 	2179 	351
f 352 	2179 	353
f 2183 	487 	486
f 2183 	2184 	487
f 366 	2333 	2334
f 368 	2335 	369
f 1788 	489 	493
f 1792 	484 	488
f 555 	561 	554
f 557 	561 	556
f 556 	561 	555
f 558 	561 	557
f 559 	561 	558
f 560 	561 	559
f 554 	561 	553
f 552 	553 	561
f 566 	572 	565
f 568 	572 	567
f 567 	572 	566
f 569 	572 	568
f 570 	572 	569
f 571 	572 	570
f 565 	572 	564
f 563 	564 	572
f 577 	836 	576
f 832 	836 	831
f 581 	692 	580
f 4088 	8327 	4089
f 586 	606 	585
f 587 	606 	586
f 588 	606 	587
f 584 	585 	606
f 589 	606 	588
f 590 	606 	589
f 592 	606 	591
f 591 	606 	590
f 593 	606 	592
f 595 	606 	593
f 596 	606 	595
f 8329 	1220 	599
f 597 	606 	596
f 600 	606 	597
f 601 	606 	600
f 602 	606 	601
f 603 	606 	602
f 604 	606 	603
f 605 	606 	604
f 609 	632 	608
f 7905 	8333 	7906
f 610 	632 	609
f 607 	608 	632
f 611 	632 	610
f 612 	632 	611
f 613 	632 	612
f 615 	632 	614
f 613 	614 	632
f 618 	632 	617
f 619 	632 	618
f 616 	632 	615
f 8250 	8243 	4097
f 620 	632 	619
f 621 	632 	620
f 616 	617 	632
f 622 	632 	621
f 623 	632 	622
f 626 	632 	623
f 627 	632 	626
f 624 	625 	641
f 640 	641 	625
f 628 	629 	641
f 629 	624 	641
f 637 	668 	636
f 631 	628 	6595
f 628 	641 	6595
f 630 	631 	6595
f 641 	650 	6595
f 638 	668 	637
f 639 	668 	638
f 634 	636 	668
f 643 	668 	639
f 646 	668 	643
f 642 	644 	655
f 654 	655 	644
f 645 	647 	655
f 647 	642 	655
f 649 	655 	648
f 653 	668 	652
f 652 	668 	646
f 656 	668 	653
f 649 	645 	655
f 6630 	648 	655
f 657 	668 	656
f 661 	633 	659
f 635 	630 	6595
f 6630 	6595 	650
f 650 	651 	6630
f 651 	648 	6630
f 658 	668 	657
f 660 	668 	658
f 662 	668 	660
f 663 	664 	668
f 664 	665 	668
f 665 	666 	668
f 666 	667 	668
f 667 	2899 	668
f 662 	663 	668
f 632 	2897 	2419
f 606 	2889 	2421
f 661 	669 	633
f 692 	583 	579
f 579 	580 	692
f 692 	582 	583
f 674 	582 	692
f 675 	674 	692
f 676 	675 	692
f 692 	693 	681
f 677 	676 	692
f 684 	677 	692
f 685 	684 	692
f 686 	685 	692
f 687 	686 	692
f 688 	687 	692
f 690 	689 	692
f 689 	688 	692
f 681 	690 	692
f 682 	681 	693
f 683 	682 	693
f 698 	733 	697
f 696 	697 	733
f 700 	733 	699
f 702 	699 	733
f 704 	702 	733
f 705 	704 	733
f 705 	733 	707
f 733 	735 	712
f 719 	718 	733
f 718 	707 	733
f 720 	719 	733
f 721 	720 	733
f 725 	724 	733
f 724 	721 	733
f 731 	732 	734
f 726 	725 	733
f 712 	726 	733
f 713 	712 	735
f 715 	713 	735
f 739 	767 	738
f 767 	741 	737
f 737 	738 	767
f 767 	740 	741
f 746 	740 	767
f 767 	747 	746
f 754 	767 	755
f 751 	767 	757
f 757 	767 	758
f 758 	767 	759
f 750 	767 	751
f 759 	767 	760
f 760 	767 	761
f 763 	767 	754
f 761 	767 	762
f 762 	767 	763
f 756 	755 	764
f 747 	767 	750
f 739 	733 	767
f 766 	767 	733
f 700 	696 	733
f 698 	766 	733
f 692 	766 	698
f 581 	766 	692
f 765 	766 	581
f 764 	755 	767
f 831 	836 	578
f 577 	578 	836
f 833 	836 	832
f 834 	836 	833
f 576 	836 	575
f 574 	575 	836
f 834 	572 	836
f 835 	836 	572
f 835 	572 	571
f 835 	571 	561
f 835 	561 	560
f 835 	560 	837
f 551 	561 	842
f 839 	561 	847
f 847 	561 	846
f 561 	242 	846
f 840 	561 	839
f 840 	842 	561
f 552 	561 	551
f 845 	846 	242
f 230 	845 	242
f 562 	572 	850
f 7010 	872 	873
f 591 	2461 	592
f 2465 	596 	2464
f 2441 	8402 	2436
f 585 	2447 	586
f 2448 	587 	586
f 588 	2451 	589
f 2461 	591 	2460
f 590 	2460 	591
f 2462 	592 	2461
f 593 	592 	2462
f 593 	2463 	595
f 2466 	597 	2465
f 595 	2464 	596
f 596 	2465 	597
f 848 	572 	1008
f 1008 	572 	1005
f 572 	259 	1005
f 849 	572 	848
f 849 	850 	572
f 563 	572 	562
f 1004 	1005 	259
f 251 	1004 	259
f 1024 	836 	1022
f 1018 	1022 	836
f 573 	836 	1024
f 1040 	836 	1037
f 1041 	836 	1040
f 1018 	836 	1041
f 574 	836 	573
f 836 	281 	1037
f 269 	1037 	281
f 1053 	1054 	836
f 1053 	836 	835
f 1057 	1063 	1054
f 1057 	1054 	1053
f 1062 	1063 	1057
f 1068 	1066 	1133
f 1133 	1066 	1067
f 1070 	1133 	1067
f 1071 	1133 	1070
f 1077 	1133 	1076
f 1078 	1133 	1077
f 1079 	1133 	1078
f 1071 	1076 	1133
f 1083 	1133 	1082
f 1082 	1133 	1079
f 1085 	1133 	1083
f 1092 	1133 	1085
f 1095 	1133 	1092
f 1096 	1133 	1095
f 1133 	1096 	1102
f 1103 	1133 	1102
f 1108 	1133 	1103
f 1108 	1110 	1133
f 1114 	1133 	1111
f 1115 	1133 	1114
f 1111 	1133 	1110
f 1117 	1133 	1115
f 1118 	1133 	1117
f 1120 	1133 	1118
f 1121 	1133 	1120
f 1127 	1132 	1126
f 1129 	1132 	1127
f 1130 	1132 	1129
f 1121 	1126 	1132
f 1132 	1133 	1121
f 1141 	1184 	1137
f 1142 	1184 	1141
f 1146 	1184 	1145
f 1145 	1184 	1142
f 1135 	1137 	1184
f 1147 	1184 	1146
f 1148 	1184 	1147
f 1152 	1184 	1151
f 1151 	1184 	1148
f 1153 	1184 	1152
f 1158 	1184 	1153
f 1159 	1184 	1158
f 1160 	1184 	1159
f 1163 	1184 	1162
f 1162 	1184 	1160
f 1167 	1184 	1163
f 1170 	1184 	1167
f 2471 	600 	2466
f 597 	2466 	600
f 1172 	1184 	1171
f 1173 	1184 	1172
f 1171 	1184 	1170
f 600 	2471 	601
f 2473 	601 	2471
f 1175 	1184 	1173
f 1176 	1184 	1175
f 602 	2475 	603
f 1177 	1184 	1176
f 1178 	1184 	1177
f 1180 	1183 	1179
f 604 	603 	2476
f 1181 	1183 	1180
f 1182 	1183 	1181
f 1178 	1179 	1183
f 1183 	1184 	1178
f 1187 	1185 	1063
f 1063 	1185 	1186
f 1188 	1063 	1186
f 1191 	1063 	1190
f 1190 	1063 	1189
f 1188 	1189 	1063
f 1192 	1063 	1191
f 1193 	1063 	1192
f 1195 	1063 	1194
f 1194 	1063 	1193
f 1196 	1063 	1195
f 1197 	1063 	1196
f 1198 	1063 	1197
f 1199 	1063 	1198
f 8398 	2426 	2423
f 8398 	2423 	8399
f 1063 	1199 	1200
f 1201 	1063 	1200
f 1202 	1063 	1201
f 1202 	1203 	1063
f 1205 	1206 	1063
f 1206 	1207 	1063
f 1204 	1205 	1063
f 1207 	1208 	1063
f 1208 	1209 	1063
f 1209 	1210 	1063
f 1210 	1211 	1063
f 1215 	1063 	1212
f 2442 	2447 	584
f 2448 	586 	2447
f 1213 	1215 	1212
f 1214 	1215 	1213
f 1211 	1212 	1063
f 1203 	1204 	1063
f 2451 	588 	2450
f 587 	2450 	588
f 2448 	2450 	587
f 1133 	1140 	1062
f 1140 	1184 	1062
f 1135 	1184 	1140
f 1063 	1062 	1184
f 1187 	1063 	1184
f 1068 	1133 	1062
f 1216 	1068 	1062
f 1219 	1132 	1218
f 589 	2458 	590
f 1130 	1217 	1132
f 1217 	1218 	1132
f 1222 	1183 	1221
f 1182 	1220 	1183
f 1220 	1221 	1183
f 1225 	1215 	1224
f 1214 	1223 	1215
f 1223 	1224 	1215
f 1227 	1246 	1228
f 2475 	602 	2473
f 2482 	604 	2476
f 604 	2482 	605
f 1232 	1230 	1246
f 605 	2485 	2879
f 2493 	2879 	2485
f 1228 	1246 	1229
f 1231 	1229 	1246
f 1230 	1231 	1246
f 1234 	1232 	1246
f 1233 	1234 	1246
f 1236 	1233 	1246
f 1235 	1236 	1246
f 1240 	1237 	1246
f 1237 	1238 	1246
f 1238 	1235 	1246
f 1246 	8313 	1239
f 1239 	1240 	1246
f 1246 	1245 	1242
f 1246 	1242 	1243
f 1244 	1245 	1246
f 1226 	1244 	1246
f 609 	2522 	2523
f 1227 	1226 	1246
f 1241 	1239 	8313
f 8411 	2521 	607
f 1261 	1249 	1293
f 1267 	1261 	1293
f 1266 	1267 	1293
f 1270 	1266 	1293
f 1271 	1272 	1293
f 1272 	1270 	1293
f 1274 	1271 	1293
f 1273 	1274 	1293
f 1282 	1273 	1293
f 1285 	1280 	1293
f 1280 	1282 	1293
f 1293 	8341 	1284
f 2530 	617 	616
f 1293 	1292 	1289
f 1293 	1289 	1290
f 1291 	1292 	1293
f 1247 	1291 	1293
f 1248 	1247 	1293
f 1249 	1248 	1293
f 1284 	1285 	1293
f 1294 	1320 	1295
f 1301 	1302 	1320
f 8410 	2520 	8411
f 1296 	1320 	1297
f 1299 	1297 	1320
f 2522 	607 	2521
f 608 	607 	2522
f 1298 	1299 	1320
f 608 	2522 	609
f 1300 	1320 	1302
f 1300 	1298 	1320
f 2524 	611 	610
f 1304 	1301 	1320
f 1303 	1304 	1320
f 1307 	1303 	1320
f 2528 	614 	2527
f 1309 	1306 	1320
f 1306 	1307 	1320
f 1308 	1309 	1320
f 2529 	615 	2528
f 1320 	1314 	1311
f 1320 	1311 	1312
f 618 	2532 	619
f 1313 	1314 	1320
f 1294 	1313 	1320
f 1296 	1295 	1320
f 671 	1339 	670
f 670 	1339 	1315
f 1339 	640 	851
f 2534 	620 	2533
f 619 	2533 	620
f 6616 	7240 	1320
f 620 	2534 	621
f 2535 	621 	2534
f 1317 	851 	640
f 1316 	1317 	640
f 1319 	1316 	640
f 1321 	1322 	640
f 1324 	1321 	640
f 1323 	1324 	640
f 1325 	1323 	640
f 1326 	1327 	640
f 1328 	1329 	640
f 1328 	640 	1330
f 2515 	8406 	2516
f 1331 	640 	1333
f 1330 	640 	1331
f 1336 	1332 	640
f 1332 	1333 	640
f 625 	1336 	640
f 1329 	1326 	640
f 1327 	1325 	640
f 1322 	1318 	640
f 1318 	1319 	640
f 1315 	1339 	851
f 1339 	671 	672
f 1346 	1375 	1343
f 1375 	1346 	1347
f 1353 	1348 	654
f 1355 	1356 	654
f 1362 	1355 	654
f 1364 	654 	1363
f 1365 	654 	1367
f 1365 	1363 	654
f 1159 	1158 	1249
f 1366 	1367 	654
f 1366 	654 	1369
f 1368 	1369 	654
f 1368 	654 	1370
f 1370 	654 	1371
f 1372 	1373 	654
f 1373 	1371 	654
f 1372 	654 	1374
f 644 	1374 	654
f 1364 	1361 	654
f 1361 	1362 	654
f 1356 	1352 	654
f 1352 	1353 	654
f 1349 	1375 	1348
f 1375 	654 	1348
f 1349 	1343 	1375
f 1375 	748 	654
f 752 	641 	640
f 752 	640 	1339
f 795 	851 	800
f 766 	1378 	1379
f 766 	1379 	767
f 2517 	8407 	2515
f 8408 	8407 	2517
f 2521 	8411 	2520
f 2519 	2520 	8410
f 2524 	2525 	611
f 609 	2523 	610
f 2526 	612 	2525
f 612 	2526 	613
f 613 	2527 	614
f 614 	2528 	615
f 615 	2529 	616
f 2531 	617 	2530
f 2532 	618 	2531
f 820 	819 	625
f 624 	820 	625
f 2536 	622 	2535
f 2537 	623 	2536
f 622 	621 	2535
f 627 	2543 	2890
f 2937 	2559 	2561
f 1378 	1674 	1379
f 1676 	1677 	1674
f 1379 	1674 	1677
f 1683 	1723 	1682
f 1687 	1682 	1724
f 1691 	1688 	1724
f 1688 	1689 	1724
f 1689 	1686 	1724
f 1690 	1691 	1724
f 1695 	1696 	1724
f 1699 	1724 	1702
f 1702 	1724 	1701
f 1705 	1724 	1712
f 1714 	1712 	1724
f 1715 	1716 	1724
f 1724 	1716 	1713
f 1713 	1714 	1724
f 1715 	1724 	1718
f 1717 	1718 	1724
f 1717 	1724 	1720
f 1719 	1724 	1722
f 1720 	1724 	1719
f 1721 	1722 	1724
f 1705 	1701 	1724
f 1699 	1697 	1724
f 1697 	1695 	1724
f 1696 	1690 	1724
f 1723 	1724 	1682
f 1686 	1687 	1724
f 1723 	1683 	1679
f 1679 	1707 	1723
f 1723 	1707 	1710
f 1725 	1817 	1727
f 1729 	1726 	1818
f 1733 	1730 	1818
f 1730 	1731 	1818
f 1731 	1728 	1818
f 1732 	1733 	1818
f 1734 	1735 	1818
f 1737 	1818 	1739
f 1739 	1818 	1738
f 1740 	1818 	1743
f 1745 	1743 	1818
f 1744 	1745 	1818
f 652 	2614 	653
f 2618 	658 	2617
f 1700 	1698 	644
f 642 	1700 	644
f 647 	1703 	642
f 1708 	649 	648
f 752 	650 	641
f 669 	1750 	633
f 1754 	1751 	1943
f 1943 	1751 	1752
f 1754 	1943 	1753
f 1755 	1753 	1943
f 1758 	1756 	1943
f 1756 	1755 	1943
f 1757 	1758 	1943
f 1761 	1760 	1943
f 1760 	1759 	1943
f 1759 	1757 	1943
f 2597 	8417 	2593
f 8419 	2600 	634
f 636 	634 	2604
f 636 	2604 	637
f 2606 	637 	2604
f 2606 	638 	637
f 639 	2610 	643
f 2614 	652 	2613
f 646 	2613 	652
f 2615 	653 	2614
f 656 	653 	2615
f 656 	2616 	657
f 2619 	660 	2618
f 657 	2617 	658
f 658 	2618 	660
f 2621 	662 	2619
f 660 	2619 	662
f 2621 	663 	662
f 667 	2629 	2899
f 2588 	8414 	2589
f 8413 	2589 	8414
f 2591 	8415 	2588
f 2610 	639 	2609
f 638 	2609 	639
f 2606 	2609 	638
f 643 	2612 	646
f 2622 	663 	2621
f 2623 	664 	2622
f 663 	2622 	664
f 2624 	665 	2623
f 1774 	2691 	2426
f 1783 	1784 	873
f 1786 	359 	1789
f 1791 	343 	1793
f 1798 	1993 	1797
f 1797 	1993 	1796
f 1804 	1955 	1243
f 1801 	1955 	1804
f 1802 	1799 	1955
f 1993 	1955 	1799
f 7873 	1795 	1803
f 1747 	1818 	1746
f 1747 	1744 	1818
f 1748 	1749 	1818
f 1749 	1746 	1818
f 1813 	1818 	1816
f 1814 	1818 	1813
f 1814 	1748 	1818
f 1815 	1816 	1818
f 1740 	1738 	1818
f 1737 	1736 	1818
f 1736 	1734 	1818
f 1735 	1732 	1818
f 1817 	1818 	1726
f 1728 	1729 	1818
f 1726 	1727 	1817
f 1725 	1741 	1817
f 1817 	1741 	1742
f 1821 	1819 	1677
f 1820 	1821 	1677
f 1823 	1820 	1677
f 1824 	1825 	1677
f 1825 	1822 	1677
f 1822 	1823 	1677
f 1827 	1824 	1677
f 1826 	1827 	1677
f 1828 	1829 	1677
f 1832 	1833 	1677
f 1835 	1858 	1819
f 1836 	1858 	1835
f 8346 	8345 	1812
f 1834 	1832 	1677
f 1838 	1834 	1677
f 1840 	1838 	1677
f 8362 	8361 	1844
f 1839 	1840 	1677
f 1844 	1845 	8362
f 1843 	1839 	1677
f 1842 	1843 	1677
f 1854 	1677 	1853
f 1850 	1677 	1854
f 1852 	1677 	1850
f 1852 	1846 	1677
f 1846 	1847 	1677
f 1847 	1842 	1677
f 1833 	1831 	1677
f 1831 	1830 	1677
f 1830 	1828 	1677
f 1829 	1826 	1677
f 1858 	1677 	1819
f 1676 	1859 	1721
f 1676 	1721 	1724
f 1676 	1724 	1815
f 1676 	1815 	1818
f 1853 	1677 	1818
f 1676 	1818 	1677
f 1904 	1868 	1862
f 1904 	1862 	1863
f 1871 	1867 	1904
f 1904 	1867 	1868
f 1870 	1871 	1904
f 1872 	1873 	1904
f 1873 	1870 	1904
f 1875 	1872 	1904
f 1874 	1875 	1904
f 1878 	1876 	1904
f 1874 	1904 	1876
f 1880 	1882 	1904
f 1882 	1878 	1904
f 1886 	1880 	1904
f 1892 	1889 	1904
f 1889 	1884 	1904
f 1884 	1886 	1904
f 1891 	1892 	1904
f 7950 	1869 	1877
f 1895 	1904 	1894
f 1895 	1891 	1904
f 1894 	1904 	1897
f 7956 	7955 	1883
f 1898 	1899 	1904
f 1896 	1904 	1899
f 1904 	1723 	1898
f 1901 	1898 	1723
f 1900 	1901 	1723
f 1903 	1900 	1723
f 1896 	1897 	1904
f 1902 	1903 	1723
f 1710 	1902 	1723
f 2218 	1906 	1907
f 2218 	1909 	1905
f 1906 	2218 	1905
f 1911 	1908 	2218
f 2218 	1908 	1909
f 1910 	1911 	2218
f 1912 	1913 	2218
f 1913 	1910 	2218
f 1915 	1912 	2218
f 1914 	1915 	2218
f 1916 	1914 	2218
f 1917 	1916 	2218
f 1923 	1761 	1943
f 1927 	1923 	1943
f 1932 	1943 	1934
f 1927 	1943 	1932
f 1933 	1934 	1943
f 1937 	1933 	1943
f 1936 	1937 	1943
f 1939 	1339 	1938
f 1941 	1938 	1339
f 672 	1940 	1339
f 1940 	1941 	1339
f 1939 	1936 	1339
f 1943 	1339 	1936
f 1949 	1946 	2120
f 2120 	1946 	1947
f 1960 	1993 	1958
f 1957 	1979 	1963
f 1958 	1993 	1957
f 1962 	1979 	1967
f 1963 	1979 	1962
f 1966 	1979 	1968
f 1967 	1979 	1966
f 1968 	1979 	1290
f 1983 	1979 	1994
f 1981 	1994 	1985
f 1982 	1983 	1994
f 4162 	3335 	1987
f 1984 	1994 	1989
f 1985 	1994 	1984
f 4145 	3316 	1990
f 1988 	1994 	1991
f 1989 	1994 	1988
f 1991 	1994 	1312
f 1981 	1982 	1994
f 1993 	1994 	1979
f 1293 	1290 	1979
f 1993 	1979 	1957
f 1955 	1993 	1960
f 1246 	1243 	1955
f 1800 	1993 	1799
f 1801 	1802 	1955
f 1800 	1796 	1993
f 1992 	1993 	1798
f 1320 	1312 	1994
f 2029 	2032 	328
f 330 	329 	2035
f 2032 	2035 	329
f 330 	2035 	2036
f 333 	2041 	2043
f 333 	2043 	334
f 336 	335 	2049
f 2049 	2052 	337
f 2052 	2054 	480
f 1949 	2120 	1948
f 1997 	1948 	2120
f 2000 	1998 	2120
f 1998 	1997 	2120
f 1999 	2000 	2120
f 2001 	1999 	2120
f 2003 	2002 	2120
f 2002 	2001 	2120
f 2074 	2075 	338
f 341 	340 	2077
f 2077 	2029 	341
f 329 	328 	2032
f 333 	332 	2041
f 334 	2043 	2046
f 480 	337 	2052
f 481 	480 	2054
f 481 	2054 	2055
f 483 	482 	2056
f 2072 	7752 	2071
f 2073 	7753 	2072
f 2074 	338 	2073
f 339 	338 	2075
f 2076 	339 	2075
f 328 	341 	2029
f 7755 	2082 	2083
f 2084 	7756 	2083
f 2171 	2172 	344
f 346 	345 	2173
f 2172 	2173 	345
f 346 	2173 	2174
f 2003 	2120 	2093
f 2095 	2093 	2120
f 2095 	2120 	2099
f 2102 	2103 	2120
f 2103 	2099 	2120
f 2102 	2120 	2108
f 2111 	2112 	1375
f 2107 	1375 	2112
f 2117 	2111 	1375
f 1347 	2116 	1375
f 2116 	2117 	1375
f 2120 	1375 	2107
f 2107 	2108 	2120
f 655 	654 	748
f 2120 	3831 	1375
f 1339 	753 	752
f 1943 	3804 	1339
f 3786 	3785 	1751
f 2148 	8353 	2147
f 8379 	8378 	2153
f 8352 	8351 	2147
f 7968 	2161 	2162
f 7986 	7984 	2167
f 2167 	2168 	7986
f 8357 	2404 	8358
f 784 	781 	1940
f 1940 	672 	784
f 1078 	1804 	1243
f 1243 	1242 	1078
f 1078 	1077 	1804
f 817 	1333 	818
f 629 	821 	624
f 826 	630 	827
f 349 	2176 	2177
f 349 	2177 	350
f 352 	351 	2179
f 2179 	2180 	353
f 2180 	2181 	485
f 1249 	1261 	1159
f 486 	2181 	2183
f 2194 	354 	2193
f 2194 	2195 	354
f 357 	356 	2197
f 2197 	2171 	357
f 2198 	2200 	7432
f 2201 	7433 	2200
f 310 	311 	2202
f 2203 	312 	2202
f 310 	2202 	312
f 312 	2203 	313
f 2185 	7757 	2204
f 345 	344 	2172
f 349 	348 	2176
f 350 	2177 	2178
f 485 	353 	2180
f 486 	485 	2181
f 488 	487 	2184
f 7759 	2186 	2187
f 2188 	7760 	2187
f 344 	357 	2171
f 2204 	313 	2203
f 362 	361 	2329
f 363 	362 	2330
f 2329 	2330 	362
f 364 	363 	2331
f 2330 	2331 	363
f 365 	364 	2332
f 2331 	2332 	364
f 366 	365 	2333
f 2332 	2333 	365
f 368 	367 	2335
f 8292 	7891 	8289
f 2335 	2336 	369
f 491 	2338 	492
f 493 	492 	2339
f 1918 	1919 	2218
f 1919 	1917 	2218
f 2205 	1920 	2218
f 1920 	1921 	2218
f 1921 	1918 	2218
f 2206 	2207 	2218
f 2207 	2205 	2218
f 2209 	2218 	2208
f 2209 	2206 	2218
f 2208 	2218 	2211
f 4060 	8310 	4061
f 2218 	2213 	2210
f 2210 	2211 	2218
f 2212 	2213 	2218
f 2218 	1817 	2212
f 8277 	4062 	8276
f 2215 	2212 	1817
f 8278 	4063 	8277
f 2214 	2215 	1817
f 2217 	2214 	1817
f 2216 	2217 	1817
f 1742 	2216 	1817
f 2251 	2223 	2219
f 2251 	2219 	2220
f 2251 	2222 	2223
f 2222 	2251 	2225
f 4064 	8280 	4065
f 8280 	4064 	8278
f 2226 	2251 	2229
f 4066 	8281 	4067
f 2231 	2251 	2233
f 2235 	2232 	2251
f 2232 	2233 	2251
f 2234 	2235 	2251
f 2237 	2238 	2251
f 2236 	2251 	2238
f 2240 	2251 	2239
f 2239 	2251 	2242
f 2243 	2244 	2251
f 2241 	2251 	2244
f 2246 	2243 	2251
f 2245 	2246 	2251
f 4074 	8239 	4075
f 2251 	1858 	2245
f 2248 	2245 	1858
f 2241 	2242 	2251
f 2247 	2248 	1858
f 1836 	2247 	1858
f 2240 	2237 	2251
f 2236 	2234 	2251
f 2251 	2231 	2230
f 2251 	2230 	2228
f 2228 	2229 	2251
f 2251 	2226 	2227
f 2251 	2227 	2224
f 2224 	2225 	2251
f 2220 	2221 	2251
f 2250 	2251 	2218
f 1904 	2250 	1907
f 2218 	1907 	2250
f 1863 	1865 	1904
f 2250 	1904 	1865
f 2249 	2250 	1865
f 2221 	2218 	2251
f 2250 	2252 	2253
f 2250 	2253 	2251
f 8238 	4076 	4075
f 2252 	2254 	2255
f 2252 	2255 	2253
f 2257 	2273 	2256
f 2259 	2258 	2274
f 8335 	7909 	8332
f 2261 	2260 	2274
f 2262 	2261 	2274
f 7912 	8337 	7913
f 2263 	2262 	2274
f 2264 	2263 	2274
f 598 	599 	1181
f 2267 	2266 	2274
f 2268 	2267 	2274
f 2269 	2268 	2274
f 2270 	2269 	2274
f 2271 	2270 	2274
f 2272 	2271 	2274
f 2266 	2265 	2274
f 2265 	2264 	2274
f 2260 	2259 	2274
f 2273 	2274 	2258
f 2273 	2258 	2256
f 2276 	2292 	2275
f 2278 	2277 	2293
f 2280 	2293 	2281
f 2282 	2281 	2293
f 2283 	2282 	2293
f 2284 	2283 	2293
f 2285 	2284 	2293
f 2287 	2286 	2293
f 2288 	2287 	2293
f 2289 	2288 	2293
f 2290 	2289 	2293
f 2291 	2290 	2293
f 2286 	2285 	2293
f 2279 	2293 	2280
f 2279 	2278 	2293
f 2292 	2293 	2277
f 2292 	2277 	2275
f 2295 	2311 	2294
f 2297 	2255 	2298
f 2299 	2255 	2300
f 2301 	2300 	2255
f 2302 	2301 	2255
f 2303 	2302 	2255
f 2304 	2303 	2255
f 2305 	2304 	2255
f 2306 	2305 	2255
f 2308 	2307 	2255
f 2307 	2306 	2255
f 2299 	2298 	2255
f 2255 	2297 	2296
f 2255 	2296 	2294
f 2255 	2294 	2311
f 633 	1438 	635
f 2254 	2312 	2272
f 2254 	2272 	2274
f 2254 	2274 	2291
f 2254 	2291 	2293
f 2310 	2255 	2293
f 2309 	2255 	2310
f 2309 	2308 	2255
f 2254 	2293 	2255
f 1181 	1180 	598
f 1147 	1968 	1290
f 1290 	1289 	1147
f 1147 	1146 	1968
f 1660 	1659 	2116
f 1346 	1661 	1347
f 2116 	1347 	1660
f 314 	2340 	315
f 2341 	315 	2340
f 2342 	316 	2341
f 315 	2341 	316
f 2343 	317 	2342
f 316 	2342 	317
f 2344 	318 	2343
f 317 	2343 	318
f 2345 	319 	2344
f 318 	2344 	319
f 2346 	320 	2345
f 319 	2345 	320
f 2347 	321 	2346
f 320 	2346 	321
f 2348 	322 	2347
f 321 	2347 	322
f 2349 	323 	2348
f 322 	2348 	323
f 323 	2349 	2350
f 371 	2352 	372
f 2352 	2327 	372
f 7437 	2354 	2353
f 2355 	7438 	2353
f 324 	325 	2357
f 2358 	326 	2357
f 324 	2357 	326
f 326 	2358 	327
f 327 	2359 	314
f 360 	2327 	2328
f 1200 	1199 	1299
f 490 	369 	2336
f 2336 	2337 	490
f 491 	490 	2337
f 491 	2337 	2338
f 2338 	2339 	492
f 371 	370 	2351
f 371 	2351 	2352
f 360 	372 	2327
f 2359 	327 	2358
f 2340 	314 	2359
f 7440 	2360 	2079
f 1788 	493 	2339
f 1192 	1991 	1312
f 1312 	1311 	1192
f 1792 	488 	2184
f 483 	2056 	495
f 2361 	495 	2056
f 1192 	1191 	1991
f 2363 	1992 	1798
f 2364 	2365 	2371
f 2370 	2371 	2365
f 2371 	1993 	2366
f 2367 	2366 	1993
f 2371 	2376 	1993
f 2366 	2364 	2371
f 2372 	2373 	2378
f 2377 	2378 	2373
f 2374 	2378 	2375
f 2378 	1994 	2375
f 2374 	2372 	2378
f 2380 	1994 	2379
f 2382 	2381 	1994
f 2381 	2379 	1994
f 2384 	1994 	2380
f 2385 	2368 	1993
f 2368 	2367 	1993
f 1994 	1993 	2376
f 2376 	2375 	1994
f 1994 	2378 	2383
f 2383 	2382 	1994
f 1955 	1133 	1246
f 8356 	8355 	2170
f 2170 	2404 	8356
f 8357 	8356 	2404
f 2407 	8358 	2404
f 8387 	8386 	2414
f 2416 	8387 	2414
f 8379 	2153 	1777
f 2423 	2430 	8399
f 8399 	2430 	8400
f 2432 	8400 	2430
f 2436 	8401 	2432
f 585 	584 	2447
f 2458 	589 	2451
f 2460 	590 	2458
f 2463 	593 	2462
f 2464 	595 	2463
f 2476 	603 	2475
f 601 	2473 	602
f 605 	2482 	2485
f 2913 	2887 	2506
f 1670 	1355 	1362
f 2518 	8408 	2517
f 2524 	610 	2523
f 611 	2525 	612
f 2527 	613 	2526
f 2530 	616 	2529
f 2533 	619 	2532
f 617 	2531 	618
f 2538 	3058 	633
f 1750 	2538 	633
f 2542 	2626 	2541
f 2540 	2626 	2545
f 2541 	2626 	2540
f 622 	2536 	623
f 2545 	2626 	2544
f 2539 	626 	2537
f 623 	2537 	626
f 2543 	627 	2539
f 626 	2539 	627
f 2549 	2546 	2569
f 2547 	2890 	2543
f 2546 	2544 	2569
f 2585 	2553 	2551
f 2585 	2551 	2552
f 2554 	2553 	2585
f 2555 	2554 	2585
f 2937 	2896 	2559
f 2558 	2559 	2896
f 2557 	2555 	2585
f 2560 	2557 	2585
f 1752 	2550 	2569
f 2562 	2560 	2585
f 2564 	2563 	2585
f 2563 	2562 	2585
f 2564 	2585 	2566
f 2575 	2626 	2574
f 2572 	2570 	2585
f 2570 	2566 	2585
f 2620 	2579 	2573
f 2574 	2626 	2573
f 2577 	2572 	2585
f 2581 	2577 	2585
f 2585 	2273 	2581
f 2583 	2578 	2620
f 2578 	2579 	2620
f 2584 	2581 	2273
f 2257 	2584 	2273
f 2637 	2590 	2586
f 2637 	2586 	2587
f 2592 	2590 	2637
f 2594 	2592 	2637
f 2595 	2594 	2637
f 8419 	2599 	2600
f 2596 	2595 	2637
f 2596 	2637 	2598
f 2602 	2601 	2637
f 2601 	2598 	2637
f 2604 	634 	2600
f 2602 	2637 	2603
f 2605 	2583 	2620
f 2611 	2605 	2620
f 2612 	643 	2610
f 2613 	646 	2612
f 1947 	2611 	2620
f 2120 	1947 	2620
f 2616 	656 	2615
f 2617 	657 	2616
f 2620 	2573 	2626
f 2569 	2626 	2575
f 1943 	1752 	2569
f 2550 	2549 	2569
f 2626 	2569 	2544
f 2625 	2626 	2542
f 2626 	6620 	2620
f 2620 	3831 	2120
f 2569 	3804 	1943
f 8287 	1219 	8288
f 1217 	8286 	1218
f 3782 	3781 	2544
f 1752 	1751 	3785
f 1096 	1095 	1229
f 1228 	1229 	1095
f 1095 	1092 	1228
f 1151 	1148 	1292
f 1151 	1292 	1291
f 1261 	1160 	1159
f 1163 	1162 	1266
f 4079 	8339 	4080
f 4080 	8340 	4081
f 8316 	4081 	8340
f 1173 	1172 	1273
f 4082 	8318 	4083
f 1175 	1173 	1282
f 1273 	1282 	1173
f 1176 	1175 	1280
f 1178 	1177 	1284
f 8322 	4085 	8323
f 8323 	4084 	8320
f 1284 	1288 	1178
f 8324 	4086 	8322
f 1303 	1307 	1206
f 4094 	8249 	4095
f 1314 	1313 	1194
f 1206 	1205 	1303
f 1304 	1303 	1205
f 664 	2623 	665
f 2627 	666 	2624
f 665 	2624 	666
f 2629 	667 	2627
f 666 	2627 	667
f 2630 	2631 	1438
f 2632 	2899 	2629
f 2608 	2607 	2637
f 2607 	2603 	2637
f 2634 	2608 	2637
f 2635 	2634 	2637
f 2637 	2292 	2635
f 2636 	2635 	2292
f 2276 	2636 	2292
f 2769 	2641 	2638
f 2769 	2638 	2639
f 2642 	2641 	2769
f 2644 	2769 	2646
f 2646 	2769 	2648
f 2650 	2769 	2651
f 2654 	2769 	2656
f 2658 	2769 	2659
f 2659 	2769 	2660
f 2660 	2769 	2661
f 8413 	2419 	2589
f 8405 	2421 	2516
f 2029 	2077 	1792
f 1792 	2032 	2029
f 2035 	1792 	2036
f 2038 	2036 	1792
f 2041 	2038 	1792
f 2043 	2041 	1792
f 2046 	2043 	1792
f 2049 	2046 	1792
f 2049 	1792 	2052
f 2054 	2052 	1792
f 2055 	2054 	1792
f 2056 	2055 	1792
f 2075 	1793 	2076
f 1793 	1792 	2076
f 2032 	1792 	2035
f 2077 	2076 	1792
f 1793 	2075 	2074
f 2197 	2196 	1788
f 2171 	2197 	1788
f 2173 	1788 	2174
f 2175 	2174 	1788
f 2176 	2175 	1788
f 2177 	2176 	1788
f 2178 	2177 	1788
f 2179 	2178 	1788
f 2179 	1788 	2180
f 2181 	2180 	1788
f 2183 	2181 	1788
f 2184 	2183 	1788
f 2194 	1789 	2195
f 1789 	1788 	2196
f 2173 	2172 	1788
f 2172 	2171 	1788
f 1789 	2196 	2195
f 2329 	2694 	2330
f 2331 	2694 	2332
f 2333 	2332 	2694
f 2334 	2333 	2694
f 2335 	2334 	2694
f 2337 	2336 	2694
f 2338 	2337 	2694
f 2349 	2727 	2350
f 2327 	2352 	2694
f 2351 	2694 	2352
f 2336 	2335 	2694
f 2331 	2330 	2694
f 2329 	2328 	2694
f 2328 	2327 	2694
f 2694 	2351 	2350
f 2694 	2350 	2727
f 2693 	2361 	2056
f 2693 	2056 	1792
f 2693 	1792 	2184
f 2693 	2184 	1788
f 2339 	2694 	1788
f 2339 	2338 	2694
f 2693 	1788 	2694
f 2661 	2769 	2662
f 2656 	2769 	2658
f 2295 	2662 	2311
f 2651 	2769 	2654
f 2648 	2769 	2650
f 2644 	2642 	2769
f 2639 	2637 	2769
f 2767 	2769 	2637
f 2587 	2767 	2637
f 2585 	2767 	2587
f 2552 	2767 	2585
f 2766 	2767 	2552
f 2311 	2662 	2769
f 2767 	2771 	2772
f 2767 	2772 	2769
f 2771 	2774 	2775
f 2771 	2775 	2772
f 2778 	2779 	2804
f 2779 	2514 	2804
f 2785 	2782 	2804
f 2782 	2783 	2804
f 2783 	2778 	2804
f 2787 	2785 	2804
f 2786 	2787 	2804
f 2793 	2794 	2804
f 2804 	2794 	2792
f 2792 	2791 	2804
f 2798 	2804 	2801
f 2799 	2804 	2798
f 2799 	2796 	2804
f 2800 	2801 	2804
f 2800 	2804 	2803
f 2802 	2803 	2804
f 2796 	2797 	2804
f 2797 	2793 	2804
f 2791 	2789 	2804
f 2789 	2790 	2804
f 2790 	2786 	2804
f 2806 	2582 	2843
f 2582 	2580 	2843
f 2805 	2806 	2843
f 2811 	2807 	2843
f 2807 	2808 	2843
f 2808 	2805 	2843
f 2817 	2811 	2843
f 2828 	2829 	2843
f 2843 	2829 	2826
f 2823 	2819 	2843
f 2826 	2823 	2843
f 2833 	2843 	2832
f 2835 	2843 	2840
f 2837 	2843 	2835
f 2837 	2832 	2843
f 2839 	2840 	2843
f 2839 	2843 	2842
f 2841 	2842 	2843
f 2833 	2828 	2843
f 2820 	2816 	2843
f 2820 	2843 	2819
f 2816 	2817 	2843
f 2775 	2845 	2683
f 2844 	2845 	2775
f 2846 	2847 	2775
f 2847 	2844 	2775
f 2775 	2850 	2848
f 2848 	2846 	2775
f 2849 	2850 	2775
f 2854 	2849 	2775
f 2853 	2854 	2775
f 2855 	2853 	2775
f 2858 	2859 	2775
f 2775 	2859 	2857
f 2857 	2855 	2775
f 2864 	2865 	2775
f 2865 	2858 	2775
f 2867 	2775 	2871
f 2869 	2775 	2867
f 2869 	2864 	2775
f 2870 	2871 	2775
f 2870 	2775 	2874
f 2774 	2877 	2802
f 2774 	2802 	2804
f 2774 	2804 	2841
f 2774 	2841 	2843
f 2873 	2775 	2843
f 2873 	2874 	2775
f 2774 	2843 	2775
f 2880 	2889 	2879
f 2879 	2889 	605
f 2885 	2889 	2880
f 2887 	2889 	2885
f 606 	605 	2889
f 2891 	2897 	2890
f 2890 	2897 	627
f 2895 	2897 	2891
f 2896 	2897 	2895
f 632 	627 	2897
f 2909 	668 	2900
f 2899 	2900 	668
f 2909 	2900 	2905
f 2909 	2905 	2906
f 2879 	2493 	2880
f 2494 	2880 	2493
f 2504 	2885 	2494
f 2890 	2547 	2891
f 2548 	2891 	2547
f 2899 	2632 	2900
f 2633 	2900 	2632
f 2915 	2916 	2889
f 2921 	2936 	2920
f 2920 	2936 	2919
f 1205 	1204 	1304
f 1207 	1206 	1307
f 2922 	2936 	2921
f 2918 	2919 	2936
f 1309 	1308 	1209
f 1209 	1208 	1309
f 2923 	2936 	2922
f 2924 	2936 	2923
f 2925 	2936 	2924
f 1210 	1308 	1310
f 2926 	2936 	2925
f 2927 	2936 	2926
f 2928 	2936 	2927
f 1983 	1184 	1979
f 2930 	2936 	2929
f 2929 	2936 	2928
f 1798 	1068 	2363
f 2933 	2936 	2932
f 2934 	2936 	2933
f 2931 	2936 	2930
f 2931 	2932 	2936
f 2936 	2934 	2935
f 2887 	2913 	2889
f 2913 	2914 	2889
f 2914 	2915 	2889
f 2916 	2917 	2889
f 2936 	2889 	2917
f 2917 	2918 	2936
f 2939 	2897 	2938
f 2943 	2960 	2942
f 2945 	2960 	2944
f 2946 	2960 	2945
f 2944 	2960 	2943
f 2947 	2960 	2946
f 2948 	2960 	2947
f 2951 	2960 	2950
f 2952 	2960 	2951
f 2953 	2960 	2952
f 2954 	2960 	2953
f 2949 	2950 	2960
f 2955 	2960 	2954
f 2956 	2960 	2955
f 2957 	2960 	2956
f 2958 	2960 	2957
f 2960 	2958 	2959
f 2896 	2937 	2897
f 2937 	2938 	2897
f 2939 	2940 	2897
f 2940 	2941 	2897
f 2942 	2960 	2941
f 2897 	2941 	2960
f 2948 	2949 	2960
f 2906 	2961 	2909
f 2963 	2909 	2962
f 2965 	2984 	2964
f 2969 	2984 	2968
f 2970 	2984 	2969
f 2971 	2984 	2970
f 2972 	2984 	2971
f 2973 	2984 	2972
f 2974 	2984 	2973
f 2976 	2984 	2975
f 2978 	2984 	2977
f 2975 	2984 	2974
f 2980 	2984 	2979
f 2981 	2984 	2980
f 2982 	2984 	2981
f 2984 	2982 	2983
f 2961 	2962 	2909
f 2964 	2984 	2963
f 2966 	2984 	2965
f 2967 	2984 	2966
f 2968 	2984 	2967
f 2977 	2984 	2976
f 2979 	2984 	2978
f 2909 	2963 	2984
f 2960 	2843 	2897
f 2936 	2804 	2889
f 2880 	2494 	2885
f 2504 	2505 	2887
f 2885 	2504 	2887
f 2509 	2510 	2916
f 1923 	1927 	3796
f 3798 	3797 	1932
f 2371 	561 	2376
f 2385 	3009 	2368
f 2370 	2365 	3010
f 794 	1315 	795
f 1317 	800 	851
f 3015 	3014 	2370
f 3019 	3018 	2370
f 3022 	3023 	3021
f 3021 	3023 	3011
f 3020 	3019 	2370
f 3010 	3020 	2370
f 3018 	3017 	2370
f 3017 	3016 	2370
f 3016 	3015 	2370
f 3014 	3013 	2370
f 3012 	2370 	3013
f 3012 	3011 	2370
f 3023 	2370 	3011
f 2377 	2373 	3024
f 3029 	3028 	2377
f 804 	1319 	805
f 3033 	3032 	2377
f 3036 	3037 	3035
f 3035 	3037 	3025
f 3034 	3033 	2377
f 3024 	3034 	2377
f 3032 	3031 	2377
f 3031 	3030 	2377
f 3030 	3029 	2377
f 3028 	3027 	2377
f 3026 	2377 	3027
f 3026 	3025 	2377
f 3037 	2377 	3025
f 2380 	3038 	2384
f 3044 	2384 	3045
f 3048 	2384 	3050
f 3051 	3050 	2384
f 3052 	2384 	3053
f 3038 	3053 	2384
f 3055 	3056 	3054
f 3052 	3051 	2384
f 3048 	3045 	2384
f 3041 	2384 	3044
f 2384 	3041 	3040
f 2384 	3040 	3039
f 2384 	3039 	3054
f 2384 	3054 	3056
f 1233 	1111 	1110
f 807 	1321 	808
f 812 	1327 	1326
f 1329 	813 	1326
f 1336 	819 	1332
f 629 	628 	822
f 631 	823 	628
f 3807 	3806 	2573
f 2583 	2605 	3810
f 3810 	3809 	2583
f 3813 	3812 	1946
f 1947 	1946 	3812
f 2556 	2895 	2548
f 2891 	2548 	2895
f 2556 	2558 	2896
f 2895 	2556 	2896
f 1661 	1346 	1663
f 1663 	1343 	1664
f 1349 	1664 	1343
f 1348 	1665 	1349
f 1667 	1353 	1352
f 1361 	1671 	1362
f 1678 	1365 	1367
f 1366 	1680 	1367
f 2670 	2905 	2633
f 2900 	2633 	2905
f 2670 	2673 	2906
f 2905 	2670 	2906
f 2680 	2682 	2967
f 2620 	3832 	3831
f 3804 	2569 	2575
f 3057 	2625 	2542
f 3059 	3060 	3065
f 3064 	3065 	3060
f 3059 	3065 	3061
f 3062 	3061 	2626
f 2626 	3061 	3065
f 3065 	3070 	2626
f 3279 	3280 	3067
f 3068 	3066 	3280
f 3072 	3079 	3071
f 3071 	3079 	2935
f 3073 	3079 	3072
f 3074 	3079 	3073
f 3076 	3098 	3075
f 3075 	3098 	3074
f 3078 	3098 	3077
f 2936 	2935 	3079
f 3081 	3088 	3080
f 3080 	3088 	2959
f 2960 	2959 	3088
f 3085 	3088 	3084
f 3083 	3084 	3088
f 3082 	3088 	3081
f 3086 	3099 	3085
f 3087 	3099 	3086
f 3083 	3088 	3082
f 3090 	3099 	3089
f 3089 	3099 	2983
f 3091 	3099 	3090
f 3092 	3099 	3091
f 3094 	3099 	3093
f 3093 	3099 	3092
f 1126 	1121 	1241
f 3095 	3099 	3094
f 3096 	3099 	3095
f 1241 	375 	1126
f 2984 	2983 	3099
f 376 	377 	1129
f 3099 	3096 	3088
f 3088 	3085 	3099
f 3079 	3098 	3087
f 3079 	3074 	3098
f 3077 	3098 	3076
f 3097 	3098 	3078
f 3099 	3087 	3098
f 1129 	1127 	376
f 2420 	2419 	2897
f 2843 	2420 	2897
f 3088 	2843 	2960
f 2422 	2421 	2889
f 2804 	2422 	2889
f 3079 	2804 	2936
f 1218 	8288 	1219
f 8290 	7887 	8287
f 7888 	7887 	8290
f 2505 	2506 	2887
f 2506 	2507 	2913
f 2507 	2508 	2914
f 2915 	2509 	2916
f 1103 	1102 	1230
f 1096 	1229 	1231
f 1230 	1232 	1103
f 1110 	1108 	1234
f 1110 	1234 	1233
f 1171 	1170 	1271
f 1272 	1271 	1170
f 1274 	1171 	1271
f 1288 	1179 	1178
f 1180 	1179 	594
f 1288 	594 	1179
f 594 	598 	1180
f 8330 	1222 	8331
f 8331 	1221 	8329
f 1142 	1141 	1962
f 1153 	1152 	1247
f 1158 	1153 	1248
f 3066 	3067 	3280
f 3068 	3280 	3069
f 6620 	3069 	3280
f 3281 	3063 	2626
f 3063 	3062 	2626
f 6620 	2626 	3070
f 3070 	3069 	6620
f 3831 	749 	1375
f 3804 	753 	1339
f 3781 	3780 	2545
f 2545 	2544 	3781
f 3783 	3782 	2546
f 1170 	1167 	1272
f 1204 	1203 	1301
f 2933 	2793 	2934
f 2793 	2797 	2934
f 2935 	2934 	2797
f 1191 	1190 	1988
f 2561 	2565 	2938
f 1195 	1313 	1294
f 1197 	1196 	1295
f 1296 	1297 	1198
f 1198 	1197 	1296
f 1295 	1296 	1197
f 1299 	1298 	1200
f 1201 	1298 	1300
f 2807 	2811 	2949
f 1203 	1202 	1302
f 1983 	1187 	1184
f 259 	572 	3037
f 3023 	561 	2370
f 556 	2365 	557
f 560 	2367 	2368
f 3010 	556 	3020
f 3302 	3315 	3301
f 2819 	2823 	2954
f 3303 	3304 	3315
f 3304 	3305 	3315
f 3306 	3315 	3305
f 3307 	3315 	3306
f 3308 	3315 	3307
f 2828 	2833 	2958
f 3309 	3315 	3308
f 565 	3033 	566
f 3311 	3315 	3310
f 3024 	567 	3034
f 3313 	3315 	3312
f 3298 	3299 	3316
f 3299 	3300 	3316
f 3315 	3316 	3300
f 3300 	3301 	3315
f 3302 	3303 	3315
f 3309 	3310 	3315
f 3311 	3312 	3315
f 3315 	3313 	3314
f 2379 	831 	2380
f 3322 	3334 	3321
f 3321 	3334 	3320
f 3325 	3334 	3324
f 3323 	3324 	3334
f 3326 	3334 	3325
f 3328 	3334 	3327
f 3330 	3334 	3329
f 2674 	2906 	2673
f 2961 	2906 	2674
f 3317 	3318 	3335
f 3318 	3319 	3335
f 3320 	3334 	3319
f 3335 	3319 	3334
f 3323 	3334 	3322
f 3326 	3327 	3334
f 3328 	3329 	3334
f 3330 	3331 	3334
f 3334 	3331 	3332
f 3339 	3356 	3338
f 3341 	3356 	3340
f 3342 	3356 	3341
f 3343 	3356 	3342
f 3344 	3356 	3343
f 3345 	3356 	3344
f 3348 	3356 	3347
f 3346 	3356 	3345
f 3794 	3793 	1760
f 3350 	3356 	3349
f 3351 	3356 	3350
f 3356 	3351 	3352
f 3353 	3336 	3337
f 3338 	3356 	3337
f 3340 	3356 	3339
f 3353 	3337 	3356
f 3347 	3356 	3346
f 3349 	3356 	3348
f 3356 	3352 	3334
f 3332 	3333 	3334
f 3333 	3355 	3334
f 3315 	3355 	3333
f 3314 	3355 	3315
f 3354 	3355 	3314
f 3356 	3334 	3355
f 1761 	1923 	3795
f 3795 	3794 	1761
f 1927 	1932 	3797
f 2084 	1791 	2059
f 2059 	1791 	2060
f 2060 	1791 	2063
f 2064 	2063 	1791
f 3798 	1932 	1934
f 3801 	3800 	1937
f 2070 	2067 	1791
f 2072 	2071 	1791
f 1791 	1793 	2072
f 776 	3803 	1938
f 1791 	2080 	2078
f 1791 	2078 	2079
f 2081 	2080 	1791
f 2081 	1791 	2082
f 1941 	776 	1938
f 2083 	2082 	1791
f 1941 	1940 	781
f 2071 	2070 	1791
f 2083 	1791 	2084
f 2067 	2064 	1791
f 2073 	2072 	1793
f 2074 	2073 	1793
f 784 	672 	671
f 2185 	1786 	2186
f 2186 	1786 	2187
f 2187 	1786 	2188
f 787 	671 	792
f 2188 	1786 	2189
f 2190 	2189 	1786
f 2191 	2190 	1786
f 2192 	2191 	1786
f 1786 	1789 	2192
f 1786 	2200 	2198
f 1786 	2198 	2199
f 1315 	794 	670
f 2201 	2200 	1786
f 2202 	2201 	1786
f 2203 	2202 	1786
f 1316 	803 	1317
f 2204 	1786 	2185
f 2203 	1786 	2204
f 1318 	805 	1319
f 2193 	2192 	1789
f 2194 	2193 	1789
f 804 	1316 	1319
f 2340 	3380 	2341
f 1322 	806 	1318
f 1321 	807 	1322
f 2341 	3380 	2342
f 1323 	809 	1324
f 2343 	3380 	2344
f 2344 	3380 	2345
f 2345 	3380 	2346
f 2346 	3380 	2347
f 2347 	3380 	2348
f 1324 	808 	1321
f 3380 	2353 	2354
f 3380 	2355 	2353
f 2356 	2355 	3380
f 2357 	3380 	2358
f 2356 	3380 	2357
f 2342 	3380 	2343
f 2359 	3380 	2340
f 2358 	3380 	2359
f 2349 	2348 	2727
f 2727 	2348 	3380
f 2354 	1786 	3380
f 3379 	3380 	1786
f 3379 	1786 	2199
f 3379 	2199 	1791
f 3379 	1791 	2079
f 3379 	2079 	2360
f 1332 	818 	1333
f 1333 	817 	1331
f 820 	624 	821
f 2674 	2675 	2961
f 2678 	2679 	2965
f 2680 	2967 	2966
f 2682 	2683 	2968
f 822 	628 	823
f 630 	826 	631
f 635 	827 	630
f 827 	635 	1438
f 3816 	3815 	1997
f 3819 	3818 	1999
f 3825 	3824 	2099
f 3828 	3827 	2108
f 3830 	2112 	2111
f 3830 	3829 	2112
f 1659 	1658 	2117
f 2117 	2116 	1659
f 1661 	1662 	1347
f 1343 	1663 	1346
f 3484 	4820 	2368
f 3009 	3484 	2368
f 3486 	3498 	3487
f 3498 	3488 	3489
f 3490 	3488 	3498
f 3491 	3490 	3498
f 3492 	3491 	3498
f 3493 	3492 	3498
f 3494 	3487 	3498
f 3485 	3493 	3498
f 3486 	3485 	3498
f 3494 	3498 	3495
f 3496 	3495 	3498
f 3498 	3023 	3496
f 3022 	3497 	3023
f 3497 	3496 	3023
f 3500 	3714 	3501
f 3714 	3502 	3503
f 2855 	2857 	2979
f 1356 	1668 	1352
f 2858 	2865 	2982
f 1672 	1364 	1673
f 1365 	1675 	1363
f 1363 	1673 	1364
f 1361 	1364 	1672
f 2841 	2804 	3087
f 3527 	3529 	3518
f 3534 	3537 	3533
f 3533 	3537 	3532
f 3536 	3537 	3535
f 3534 	3535 	3537
f 1678 	1367 	1680
f 1369 	1681 	1366
f 1370 	1685 	1368
f 1371 	1692 	1370
f 1373 	1372 	1694
f 1374 	1698 	1372
f 1704 	645 	1706
f 649 	1708 	1706
f 651 	1709 	648
f 3778 	1986 	2542
f 3057 	2542 	3549
f 3550 	3512 	3098
f 3512 	3513 	3098
f 3513 	3514 	3098
f 3516 	3529 	3514
f 3098 	3514 	3529
f 3516 	3518 	3529
f 3529 	3531 	3098
f 3099 	3098 	3531
f 3532 	3099 	3531
f 3099 	3532 	3537
f 3099 	3537 	3538
f 3099 	3538 	3539
f 3099 	3539 	3540
f 3543 	3099 	3542
f 3099 	3540 	3541
f 3541 	3542 	3099
f 2914 	2913 	2507
f 2915 	2914 	2508
f 3504 	3502 	3714
f 3505 	3504 	3714
f 3551 	3505 	3714
f 3552 	3551 	3714
f 3553 	3501 	3714
f 3499 	3552 	3714
f 3500 	3499 	3714
f 3556 	1438 	3058
f 1995 	1990 	3557
f 1990 	3064 	3558
f 3559 	3558 	3064
f 3561 	3064 	3562
f 3563 	3562 	3064
f 3564 	3563 	3064
f 3565 	3564 	3064
f 3566 	3064 	3567
f 3568 	3567 	3064
f 3060 	3568 	3064
f 3565 	3064 	3566
f 3561 	3560 	3064
f 3558 	3557 	1990
f 3560 	3559 	3064
f 3569 	1987 	3570
f 3571 	3279 	3572
f 3572 	3279 	3573
f 3573 	3279 	3574
f 3575 	3574 	3279
f 3576 	3575 	3279
f 3577 	3576 	3279
f 3579 	3578 	3279
f 3580 	3579 	3279
f 3067 	3580 	3279
f 3578 	3577 	3279
f 1996 	1987 	3569
f 1987 	3279 	3570
f 3571 	3570 	3279
f 1375 	749 	748
f 2549 	3784 	3783
f 2549 	2550 	3784
f 1755 	3789 	3788
f 3789 	1755 	1756
f 3791 	3790 	1758
f 3791 	1758 	1757
f 3796 	3795 	1923
f 3581 	3582 	3356
f 3581 	3356 	3355
f 3803 	3802 	1939
f 3778 	2542 	2541
f 3780 	3779 	2540
f 2540 	2545 	3780
f 3783 	2546 	2549
f 2783 	2782 	2924
f 2544 	2546 	3782
f 2778 	2783 	2923
f 3788 	3787 	1753
f 2930 	2929 	2789
f 2789 	2791 	2930
f 2938 	2937 	2561
f 2939 	2938 	2565
f 2576 	2580 	2943
f 2950 	2949 	2811
f 2820 	2819 	2953
f 2958 	2957 	2828
f 2959 	2958 	2833
f 2840 	2839 	3084
f 3086 	2841 	3087
f 2962 	2961 	2675
f 2963 	2962 	2676
f 2675 	2676 	2962
f 2965 	2964 	2678
f 2676 	2677 	2963
f 2968 	2967 	2682
f 2983 	2982 	2865
f 2843 	3088 	3096
f 3079 	3087 	2804
f 3512 	2552 	3513
f 2553 	3514 	2551
f 3531 	2587 	3532
f 3532 	2586 	3533
f 2638 	3539 	2639
f 3540 	2641 	3541
f 3541 	2642 	3542
f 3537 	2637 	3538
f 3661 	3527 	3660
f 3518 	3660 	3527
f 3662 	3527 	3661
f 3663 	3527 	3662
f 3664 	3527 	3663
f 3666 	3527 	3665
f 3664 	3665 	3527
f 3668 	3527 	3667
f 3669 	3670 	3527
f 3673 	3527 	3670
f 3666 	3667 	3527
f 3671 	3673 	3670
f 3672 	3673 	3671
f 3668 	3669 	3527
f 3675 	3536 	3674
f 3535 	3674 	3536
f 3676 	3536 	3675
f 3677 	3536 	3676
f 3678 	3536 	3677
f 3679 	3536 	3678
f 3680 	3536 	3679
f 3682 	3536 	3681
f 3683 	3686 	3536
f 3692 	3536 	3686
f 3680 	3681 	3536
f 3688 	3692 	3686
f 3691 	3692 	3688
f 3682 	3683 	3536
f 3698 	3543 	3696
f 3542 	3696 	3543
f 3700 	3543 	3698
f 3786 	1751 	1754
f 1753 	1755 	3788
f 3553 	3714 	3711
f 3712 	3711 	3714
f 3714 	3037 	3712
f 3036 	3713 	3037
f 3713 	3712 	3037
f 3716 	3728 	3717
f 3728 	3718 	3719
f 3720 	3718 	3728
f 3721 	3720 	3728
f 3722 	3721 	3728
f 3723 	3722 	3728
f 3715 	3723 	3728
f 3728 	3716 	3715
f 3717 	3728 	3724
f 3724 	3728 	3725
f 3725 	3728 	3726
f 3726 	3728 	3727
f 3055 	3727 	3056
f 3056 	3727 	3728
f 784 	753 	781
f 781 	753 	776
f 784 	789 	753
f 1659 	749 	1658
f 1660 	749 	1659
f 1660 	1662 	749
f 1924 	3733 	1922
f 1925 	3733 	1924
f 1925 	1928 	3733
f 1082 	1079 	1245
f 1083 	1082 	1244
f 1244 	1226 	1083
f 3747 	3543 	3700
f 3748 	3543 	3747
f 3749 	3543 	3748
f 3750 	3543 	3749
f 3752 	3543 	3751
f 3753 	3754 	3543
f 3754 	3755 	3543
f 3750 	3751 	3543
f 1231 	1102 	1096
f 3757 	3543 	3755
f 1232 	1108 	1103
f 3756 	3757 	3755
f 3752 	3753 	3543
f 1232 	1234 	1108
f 1115 	1114 	1235
f 1236 	1235 	1114
f 1233 	1236 	1111
f 1114 	1111 	1236
f 2917 	2916 	2510
f 1117 	1115 	1238
f 1235 	1238 	1115
f 2509 	2915 	2508
f 2918 	2917 	2511
f 1118 	1117 	1237
f 1120 	1118 	1240
f 1067 	1066 	1796
f 1068 	1798 	1797
f 1071 	1070 	1799
f 2778 	2923 	2922
f 1067 	1796 	1800
f 1071 	1799 	1802
f 2924 	2923 	2783
f 1242 	1079 	1078
f 2926 	2785 	2787
f 2794 	2933 	2932
f 1760 	1761 	3794
f 3797 	3796 	1927
f 3800 	3799 	1933
f 1933 	1937 	3800
f 3801 	1937 	1936
f 1939 	1938 	3803
f 784 	671 	789
f 800 	1317 	803
f 803 	1316 	804
f 1177 	1176 	1285
f 1137 	1135 	1957
f 1289 	1292 	1148
f 3776 	3777 	3582
f 3776 	3582 	3581
f 1247 	1248 	1153
f 3780 	3804 	3779
f 3778 	3779 	3804
f 3782 	3804 	3781
f 3780 	3781 	3804
f 1248 	1249 	1158
f 3783 	3804 	3782
f 3784 	3804 	3783
f 1267 	1266 	1162
f 3786 	3804 	3785
f 3785 	3804 	3784
f 1162 	1160 	1267
f 3787 	3804 	3786
f 3788 	3804 	3787
f 3789 	3804 	3788
f 1163 	1266 	1270
f 3790 	3804 	3789
f 3792 	3804 	3791
f 3791 	3804 	3790
f 3793 	3804 	3792
f 3794 	3804 	3793
f 3795 	3804 	3794
f 3796 	3804 	3795
f 3797 	3804 	3796
f 3798 	3804 	3797
f 3799 	3804 	3798
f 3800 	3801 	3804
f 3801 	3802 	3804
f 753 	3804 	3802
f 3803 	753 	3802
f 776 	753 	3803
f 3799 	3800 	3804
f 1282 	1280 	1175
f 3807 	3831 	3806
f 3809 	3831 	3808
f 3807 	3808 	3831
f 3810 	3831 	3809
f 3811 	3831 	3810
f 3813 	3831 	3812
f 3812 	3831 	3811
f 1958 	1957 	1135
f 3814 	3831 	3813
f 3815 	3831 	3814
f 1135 	1140 	1958
f 3816 	3831 	3815
f 3817 	3831 	3816
f 1963 	1962 	1141
f 3819 	3831 	3818
f 3820 	3831 	3819
f 1957 	1963 	1137
f 1141 	1137 	1963
f 3821 	3831 	3820
f 1142 	1962 	1967
f 3822 	3831 	3821
f 3823 	3831 	3822
f 3825 	3831 	3824
f 3824 	3831 	3823
f 1146 	1145 	1966
f 3826 	3831 	3825
f 3817 	3818 	3831
f 1289 	1148 	1147
f 3828 	3831 	3827
f 3827 	3831 	3826
f 3829 	3831 	3828
f 3830 	749 	3829
f 1658 	749 	3830
f 3831 	3829 	749
f 3834 	3777 	3833
f 3836 	3777 	3835
f 3840 	3777 	3839
f 3843 	3777 	3842
f 3846 	3777 	3845
f 3845 	3777 	3844
f 3847 	3777 	3846
f 3844 	3777 	3843
f 3848 	3777 	3847
f 3849 	3777 	3848
f 3850 	3777 	3849
f 3853 	3777 	3852
f 3851 	3852 	3777
f 3850 	3851 	3777
f 3777 	3853 	3854
f 3856 	3857 	3777
f 3855 	3856 	3777
f 3733 	3777 	1922
f 3857 	1922 	3777
f 3854 	3855 	3777
f 1330 	815 	1328
f 1331 	817 	816
f 1941 	781 	776
f 787 	789 	671
f 670 	792 	671
f 3804 	3805 	3776
f 3777 	3776 	3831
f 3805 	3806 	3831
f 3805 	3831 	3776
f 3832 	3777 	3831
f 3832 	3833 	3777
f 3834 	3835 	3777
f 3837 	3777 	3836
f 3838 	3777 	3837
f 3838 	3839 	3777
f 3841 	3777 	3840
f 3841 	3842 	3777
f 3778 	3804 	3776
f 3858 	3778 	3776
f 851 	795 	1315
f 792 	670 	794
f 805 	1318 	806
f 1322 	807 	806
f 808 	1324 	809
f 1325 	810 	1323
f 809 	1323 	810
f 810 	1325 	811
f 1327 	811 	1325
f 811 	1327 	812
f 812 	1326 	813
f 1328 	814 	1329
f 813 	1329 	814
f 814 	1328 	815
f 1331 	816 	1330
f 815 	1330 	816
f 2801 	3075 	3074
f 2801 	2800 	3075
f 2510 	2511 	2917
f 2919 	2918 	2512
f 2513 	2514 	2920
f 2514 	2779 	2921
f 2787 	2786 	2927
f 2933 	2794 	2793
f 3876 	3877 	3380
f 3876 	3380 	3379
f 3076 	3075 	2800
f 2800 	2803 	3076
f 3078 	3077 	2802
f 2567 	2568 	2940
f 2940 	2939 	2567
f 2565 	2567 	2939
f 2942 	2576 	2943
f 2945 	2944 	2582
f 2582 	2806 	2945
f 2805 	2808 	2947
f 2811 	2817 	2950
f 2954 	2953 	2819
f 2829 	2957 	2956
f 2835 	2840 	3083
f 3086 	2842 	2841
f 2946 	2805 	2947
f 2807 	2949 	2948
f 2817 	2816 	2951
f 823 	631 	826
f 2578 	2583 	3809
f 3812 	3811 	2611
f 2605 	2611 	3811
f 2611 	1947 	3812
f 1997 	1998 	3816
f 3818 	3817 	2000
f 1998 	2000 	3817
f 2000 	1999 	3818
f 3821 	3820 	2002
f 2001 	2002 	3820
f 2093 	3823 	3822
f 2002 	2003 	3821
f 3826 	3825 	2103
f 3807 	2573 	2579
f 3809 	3808 	2578
f 2605 	3811 	3810
f 1981 	1186 	1185
f 1189 	1188 	1984
f 3815 	3814 	1948
f 1984 	1989 	1189
f 3813 	1946 	1949
f 1948 	1997 	3815
f 3817 	3816 	1998
f 1988 	1991 	1191
f 1194 	1193 	1314
f 1311 	1314 	1193
f 1195 	1194 	1313
f 1298 	1201 	1200
f 1302 	1301 	1203
f 1308 	1210 	1209
f 1982 	1981 	1185
f 1185 	1187 	1982
f 1983 	1982 	1187
f 1190 	1189 	1989
f 1989 	1988 	1190
f 1192 	1311 	1193
f 1133 	1955 	1960
f 2363 	1068 	4618
f 3714 	426 	3037
f 2371 	2370 	561
f 3498 	411 	3023
f 2364 	557 	2365
f 3488 	298 	3489
f 3488 	3490 	298
f 3819 	1999 	2001
f 3819 	2001 	3820
f 4061 	4078 	4060
f 4059 	4060 	4078
f 2003 	2093 	3822
f 4061 	4062 	4078
f 3822 	3821 	2003
f 4063 	4078 	4062
f 4064 	4078 	4063
f 4065 	4078 	4064
f 4066 	4078 	4065
f 4067 	4078 	4066
f 3827 	3826 	2102
f 4069 	4078 	4068
f 4070 	4078 	4069
f 4071 	4078 	4070
f 4067 	4068 	4078
f 4072 	4078 	4071
f 4073 	4078 	4072
f 4074 	4078 	4073
f 2957 	2829 	2828
f 4076 	4078 	4075
f 4077 	4078 	4076
f 4074 	4075 	4078
f 4081 	4098 	4080
f 2837 	2835 	3082
f 4084 	4098 	4083
f 4085 	4098 	4084
f 4086 	4098 	4085
f 3828 	2108 	2107
f 4087 	4098 	4086
f 4082 	4083 	4098
f 2111 	1658 	3830
f 4089 	4098 	4088
f 4087 	4088 	4098
f 4090 	4098 	4089
f 4093 	4098 	4092
f 4091 	4098 	4090
f 4094 	4098 	4093
f 4096 	4098 	4095
f 4097 	4098 	4096
f 4094 	4095 	4098
f 4082 	4098 	4081
f 4091 	4092 	4098
f 2111 	2117 	1658
f 4103 	4120 	4102
f 4102 	4120 	4101
f 4104 	4120 	4103
f 4100 	4101 	4120
f 4106 	4120 	4105
f 4105 	4120 	4104
f 4107 	4120 	4106
f 4108 	4120 	4107
f 4111 	4120 	4110
f 4109 	4120 	4108
f 1353 	1667 	1666
f 4113 	4120 	4112
f 4112 	4120 	4111
f 4109 	4110 	4120
f 1355 	1669 	1356
f 4115 	4120 	4114
f 4114 	4120 	4113
f 4116 	4120 	4115
f 4117 	4120 	4116
f 1667 	1352 	1668
f 4098 	4120 	4117
f 4097 	4119 	4098
f 4078 	4119 	4097
f 4077 	4119 	4078
f 4118 	4119 	4077
f 4120 	4098 	4119
f 4119 	4121 	4122
f 4119 	4122 	4120
f 4121 	4123 	4124
f 4121 	4124 	4122
f 4127 	4145 	4126
f 4125 	4126 	4145
f 4128 	4145 	4127
f 4129 	4145 	4128
f 4130 	4145 	4129
f 4131 	4145 	4130
f 4132 	4145 	4131
f 4133 	4145 	4132
f 4134 	4145 	4133
f 4135 	4145 	4134
f 4137 	4138 	4145
f 4138 	4141 	4145
f 4135 	4136 	4145
f 3316 	4145 	4141
f 3298 	3316 	4142
f 4142 	3316 	4141
f 4136 	4137 	4145
f 1684 	1368 	1685
f 4148 	4162 	4147
f 4146 	4147 	4162
f 4149 	4162 	4148
f 4150 	4162 	4149
f 4151 	4162 	4150
f 4152 	4162 	4151
f 4153 	4162 	4152
f 4154 	4162 	4153
f 4155 	4162 	4154
f 4156 	4162 	4155
f 4158 	4159 	4162
f 4159 	4160 	4162
f 4156 	4157 	4162
f 3335 	4162 	4160
f 1660 	1347 	1662
f 3317 	3335 	4161
f 4161 	3335 	4160
f 4157 	4158 	4162
f 4163 	4164 	4124
f 1664 	1349 	1665
f 4165 	4124 	4164
f 4166 	4124 	4165
f 4167 	4168 	4124
f 4168 	4169 	4124
f 4169 	4170 	4124
f 4170 	4171 	4124
f 1665 	1348 	1666
f 1353 	1666 	1348
f 4171 	4172 	4124
f 4172 	4173 	4124
f 4173 	4174 	4124
f 4166 	4167 	4124
f 1668 	1356 	1669
f 4175 	4176 	4124
f 4174 	4175 	4124
f 4176 	4177 	4124
f 4177 	4178 	4124
f 3336 	3353 	4178
f 3353 	4124 	4178
f 1670 	1669 	1355
f 4123 	4179 	4125
f 4123 	4125 	4145
f 4123 	4145 	4146
f 4123 	4146 	4162
f 4163 	4124 	4162
f 4123 	4162 	4124
f 3084 	3083 	2840
f 2541 	3779 	3778
f 2541 	2540 	3779
f 2964 	2963 	2677
f 2550 	3785 	3784
f 2550 	1752 	3785
f 1754 	1753 	3787
f 1754 	3787 	3786
f 1756 	3790 	3789
f 1756 	1758 	3790
f 3791 	1757 	3792
f 1757 	1759 	3792
f 3793 	3792 	1759
f 2846 	2973 	2972
f 1759 	1760 	3793
f 2846 	2848 	2973
f 1934 	1933 	3799
f 1934 	3799 	3798
f 2975 	2974 	2850
f 2850 	2849 	2975
f 3801 	1936 	3802
f 1936 	1939 	3802
f 2575 	2574 	3805
f 3806 	3805 	2574
f 2855 	2979 	2978
f 2574 	2573 	3806
f 2579 	3808 	3807
f 2579 	2578 	3808
f 1949 	1948 	3814
f 1949 	3814 	3813
f 2974 	2973 	2848
f 2974 	2848 	2850
f 3090 	3089 	2864
f 3092 	3091 	2867
f 2869 	2867 	3091
f 3090 	2869 	3091
f 2864 	2869 	3090
f 2871 	3093 	3092
f 2871 	3092 	2867
f 2871 	2870 	3093
f 2870 	2874 	3094
f 2874 	2873 	3095
f 3078 	2802 	3097
f 2877 	3097 	2802
f 3537 	3536 	2637
f 2292 	2637 	3692
f 2273 	2585 	3673
f 3513 	2551 	3514
f 3514 	2553 	3516
f 3516 	2554 	3518
f 3660 	2555 	3661
f 2557 	3662 	3661
f 3664 	2563 	3665
f 2564 	3666 	3665
f 3667 	2570 	3668
f 2572 	3669 	3668
f 2586 	3532 	2587
f 3533 	2590 	3534
f 3534 	2592 	3535
f 3680 	2603 	3681
f 3681 	2607 	3682
f 2608 	3683 	3682
f 3538 	2639 	3539
f 3539 	2638 	3540
f 2642 	3541 	2641
f 2639 	3538 	2637
f 2587 	3531 	3529
f 4218 	4228 	4217
f 4222 	4228 	4221
f 4223 	4228 	4222
f 4224 	4228 	4223
f 4220 	4221 	4228
f 4225 	4228 	4224
f 4226 	4228 	4225
f 4228 	4226 	4227
f 3672 	4215 	3673
f 4215 	4216 	3673
f 4228 	3673 	4216
f 4216 	4217 	4228
f 4220 	4228 	4219
f 4218 	4219 	4228
f 4232 	4242 	4231
f 4236 	4242 	4235
f 4237 	4242 	4236
f 4238 	4242 	4237
f 4234 	4235 	4242
f 4239 	4242 	4238
f 4240 	4242 	4239
f 4242 	4240 	4241
f 3691 	4229 	3692
f 4229 	4230 	3692
f 4242 	3692 	4230
f 4230 	4231 	4242
f 4234 	4242 	4233
f 4232 	4233 	4242
f 4245 	4256 	4244
f 4247 	4256 	4246
f 4250 	4256 	4249
f 4251 	4256 	4250
f 4252 	4256 	4251
f 4249 	4256 	4248
f 4254 	4256 	4253
f 4256 	4254 	4255
f 3757 	3756 	4243
f 4244 	4256 	4243
f 4246 	4256 	4245
f 4248 	4256 	4247
f 3757 	4243 	4256
f 4253 	4256 	4252
f 2260 	4218 	4217
f 2260 	2261 	4218
f 2264 	4222 	4221
f 2264 	2265 	4222
f 2279 	4232 	4231
f 2279 	2280 	4232
f 2281 	4234 	4233
f 2297 	4245 	4244
f 2297 	2298 	4245
f 2304 	2305 	4252
f 2305 	2306 	4253
f 4257 	4261 	4227
f 4272 	4261 	4258
f 4259 	4272 	4258
f 4260 	4272 	4259
f 4257 	4258 	4261
f 4262 	4266 	4241
f 4263 	4266 	4262
f 4264 	4266 	4263
f 4242 	4241 	4266
f 4267 	4273 	4255
f 4268 	4273 	4267
f 4256 	4255 	4273
f 4270 	4273 	4269
f 4268 	4269 	4273
f 4273 	4270 	4266
f 4265 	4273 	4264
f 4266 	4264 	4273
f 4261 	4272 	4265
f 4228 	4227 	4261
f 4271 	4272 	4260
f 4273 	4265 	4272
f 4266 	2293 	4242
f 4261 	2274 	4228
f 2268 	4226 	4225
f 4226 	2268 	4227
f 2271 	4259 	4258
f 2271 	2272 	4259
f 2287 	4240 	4239
f 4240 	2287 	4241
f 1670 	1362 	1671
f 1671 	1361 	1672
f 1673 	1363 	1675
f 1678 	1675 	1365
f 1680 	1366 	1681
f 1681 	1369 	1684
f 1368 	1684 	1369
f 1685 	1370 	1692
f 1373 	1694 	1693
f 1373 	1693 	1371
f 1692 	1371 	1693
f 1694 	1372 	1698
f 1374 	644 	1698
f 645 	1704 	647
f 1700 	642 	1703
f 3549 	2542 	1986
f 3334 	3280 	3279
f 1987 	3334 	3279
f 3316 	3315 	1990
f 3301 	3558 	3559
f 3560 	3302 	3559
f 3561 	3303 	3560
f 3562 	3304 	3561
f 3305 	3562 	3563
f 3564 	3306 	3563
f 3568 	3310 	3567
f 3568 	3060 	3310
f 3059 	3311 	3060
f 3314 	3062 	3063
f 3570 	3319 	3569
f 3571 	3320 	3570
f 3577 	3326 	3576
f 3578 	3327 	3577
f 3330 	3329 	3067
f 3066 	3330 	3067
f 3330 	3066 	3331
f 3068 	3331 	3066
f 3069 	3332 	3068
f 3333 	3069 	3070
f 3333 	3070 	3065
f 3063 	3281 	3314
f 3354 	3314 	3281
f 4286 	4283 	4292
f 4283 	4284 	4292
f 4291 	4292 	4284
f 4292 	4282 	4285
f 4285 	4286 	4292
f 4287 	4288 	4282
f 4288 	4285 	4282
f 4290 	4287 	4282
f 4298 	4293 	4310
f 4293 	4294 	4310
f 4308 	4310 	4294
f 4310 	4302 	4297
f 4297 	4298 	4310
f 4302 	4310 	4300
f 4312 	4289 	4282
f 4289 	4290 	4282
f 4282 	4292 	4305
f 4282 	4305 	4307
f 4307 	4300 	4282
f 4282 	4300 	4310
f 4312 	4340 	4289
f 4342 	4366 	4345
f 4346 	4366 	4348
f 4345 	4366 	4346
f 4347 	4348 	4366
f 4366 	4291 	4347
f 4350 	4347 	4291
f 4349 	4350 	4291
f 4351 	4352 	4291
f 4353 	4354 	4291
f 4357 	4355 	4291
f 4358 	4357 	4291
f 4360 	4358 	4291
f 4359 	4360 	4291
f 4361 	4359 	4291
f 4284 	4365 	4291
f 4362 	4291 	4364
f 4291 	4365 	4363
f 4363 	4364 	4291
f 4362 	4361 	4291
f 4355 	4356 	4291
f 4356 	4353 	4291
f 4354 	4351 	4291
f 4352 	4349 	4291
f 4366 	4342 	4343
f 4367 	4390 	4369
f 4370 	4369 	4390
f 4390 	4308 	4371
f 4374 	4371 	4308
f 4373 	4374 	4308
f 4376 	4373 	4308
f 4378 	4375 	4308
f 4375 	4376 	4308
f 4380 	4377 	4308
f 4381 	4379 	4308
f 4382 	4381 	4308
f 4384 	4382 	4308
f 4383 	4384 	4308
f 4385 	4383 	4308
f 4386 	4385 	4308
f 4388 	4386 	4308
f 4294 	4389 	4308
f 4387 	4388 	4308
f 4389 	4387 	4308
f 4379 	4380 	4308
f 4377 	4378 	4308
f 4390 	4371 	4372
f 4372 	4370 	4390
f 4390 	4367 	4368
f 736 	4310 	4308
f 4366 	742 	4291
f 8112 	4345 	8116
f 4283 	8136 	4284
f 8135 	4363 	4365
f 2304 	4252 	4251
f 4253 	4252 	2305
f 4254 	2306 	4255
f 2293 	4266 	4270
f 2274 	4261 	4265
f 4395 	4396 	4400
f 4394 	4395 	4272
f 4397 	4398 	4400
f 4396 	4397 	4400
f 4399 	4400 	4398
f 4404 	4414 	4402
f 4405 	4414 	4404
f 4401 	4402 	4273
f 4406 	4407 	3877
f 4406 	3877 	3876
f 841 	838 	532
f 844 	843 	532
f 843 	841 	532
f 4411 	4412 	4414
f 4410 	4411 	4414
f 852 	533 	853
f 533 	532 	853
f 4413 	4414 	4412
f 856 	855 	532
f 855 	854 	532
f 859 	858 	532
f 857 	856 	532
f 860 	859 	532
f 862 	861 	532
f 861 	860 	532
f 838 	863 	532
f 863 	862 	532
f 864 	844 	532
f 865 	864 	532
f 867 	866 	532
f 866 	865 	532
f 870 	869 	532
f 869 	868 	532
f 868 	867 	532
f 871 	532 	872
f 871 	870 	532
f 873 	872 	532
f 533 	885 	884
f 533 	852 	886
f 886 	885 	533
f 858 	857 	532
f 854 	853 	532
f 883 	533 	884
f 967 	964 	528
f 972 	970 	528
f 970 	967 	528
f 4421 	4273 	4420
f 4420 	4273 	4419
f 998 	529 	999
f 4418 	4419 	4273
f 529 	528 	999
f 1012 	1011 	528
f 1011 	999 	528
f 1015 	1012 	528
f 1023 	1019 	528
f 1019 	1016 	528
f 1027 	1023 	528
f 1033 	1028 	528
f 1028 	1027 	528
f 964 	1036 	528
f 1033 	528 	1036
f 1042 	972 	528
f 1050 	1047 	528
f 1044 	528 	1047
f 1056 	1052 	528
f 1052 	1051 	528
f 1051 	1050 	528
f 1058 	528 	1061
f 1058 	1056 	528
f 1069 	1061 	528
f 4424 	4393 	4272
f 4393 	4391 	4272
f 4391 	4392 	4272
f 4392 	4394 	4272
f 4272 	4395 	4400
f 4400 	4403 	4272
f 4273 	4272 	4403
f 4403 	4401 	4273
f 4273 	4402 	4414
f 4405 	4410 	4414
f 4273 	4414 	4417
f 4273 	4417 	4415
f 4273 	4415 	4416
f 4418 	4273 	4416
f 4421 	4422 	4273
f 4423 	4273 	4422
f 529 	1124 	1123
f 529 	998 	1128
f 1128 	1124 	529
f 1044 	1042 	528
f 1016 	1015 	528
f 1122 	529 	1123
f 1416 	1415 	4407
f 4417 	2221 	4415
f 4424 	4428 	4393
f 4591 	4399 	4432
f 4434 	4591 	4433
f 4433 	4591 	4432
f 4436 	4591 	4435
f 4435 	4591 	4434
f 566 	3034 	567
f 2372 	568 	2373
f 570 	2374 	2375
f 2376 	571 	2375
f 3025 	1005 	3035
f 3502 	418 	3503
f 831 	578 	2380
f 2381 	832 	2379
f 2382 	833 	2381
f 3050 	574 	3048
f 3051 	575 	3050
f 560 	2368 	4820
f 4481 	4513 	4480
f 4479 	4513 	4483
f 4480 	4513 	4479
f 4483 	4513 	4482
f 4484 	4485 	3489
f 3498 	3489 	4485
f 4487 	4514 	4486
f 4488 	4514 	4487
f 4293 	8165 	4294
f 4486 	4492 	4490
f 4490 	4492 	4489
f 4489 	4492 	4491
f 4491 	4492 	3503
f 4495 	4514 	4494
f 4292 	742 	4305
f 4340 	4498 	4289
f 4493 	4514 	4497
f 4494 	4514 	4493
f 4497 	4514 	4496
f 4496 	4514 	4499
f 4499 	4514 	3719
f 4526 	4503 	4500
f 4526 	4500 	4501
f 4502 	4503 	4526
f 4506 	4504 	4526
f 4504 	4502 	4526
f 4526 	4505 	4506
f 4510 	4507 	4526
f 4507 	4508 	4526
f 4508 	4505 	4526
f 4509 	4510 	4526
f 3728 	3719 	4514
f 4492 	4514 	4495
f 3714 	3503 	4492
f 4492 	4486 	4514
f 4485 	4513 	4488
f 4484 	4482 	4485
f 4513 	4485 	4482
f 4512 	4513 	4481
f 4513 	4514 	4488
f 4526 	4515 	4511
f 4511 	4509 	4526
f 1797 	1796 	1066
f 4519 	4520 	4526
f 4515 	4526 	4516
f 4518 	4516 	4526
f 4518 	4526 	4517
f 4517 	4526 	4520
f 1077 	1076 	1801
f 4522 	4519 	4526
f 4526 	4366 	4521
f 4521 	4522 	4526
f 1242 	1245 	1079
f 4524 	4521 	4366
f 4525 	4523 	4366
f 1245 	1244 	1082
f 4343 	4525 	4366
f 4523 	4524 	4366
f 4550 	4530 	4527
f 4550 	4527 	4528
f 4529 	4530 	4550
f 4533 	4531 	4550
f 4531 	4529 	4550
f 4550 	4532 	4533
f 4537 	4534 	4550
f 4534 	4535 	4550
f 4535 	4532 	4550
f 4536 	4537 	4550
f 4550 	4539 	4538
f 4538 	4536 	4550
f 4543 	4544 	4550
f 4539 	4550 	4540
f 4542 	4540 	4550
f 4542 	4550 	4541
f 4541 	4550 	4544
f 4543 	4550 	4546
f 2095 	3824 	3823
f 2093 	2095 	3823
f 2095 	2099 	3824
f 4545 	4546 	4550
f 4550 	4390 	4545
f 2103 	2102 	3826
f 2099 	2103 	3825
f 4548 	4545 	4390
f 4549 	4547 	4390
f 4368 	4549 	4390
f 4547 	4548 	4390
f 736 	4308 	4390
f 4292 	4291 	742
f 4526 	729 	4366
f 8037 	4525 	4343
f 4342 	8111 	4343
f 2102 	2108 	3827
f 3828 	2107 	3829
f 2107 	2112 	3829
f 7324 	7323 	3841
f 2575 	3805 	3804
f 3858 	1986 	3778
f 3334 	1987 	3335
f 3064 	1990 	3315
f 3065 	3064 	3315
f 8222 	8221 	4125
f 8197 	4141 	4138
f 8197 	8198 	4141
f 1995 	3298 	4142
f 3557 	3299 	1995
f 3298 	1995 	3299
f 3299 	3557 	3300
f 3558 	3300 	3557
f 3558 	3301 	3300
f 3301 	3559 	3302
f 3560 	3303 	3302
f 3303 	3561 	3304
f 3304 	3562 	3305
f 3305 	3563 	3306
f 3565 	3307 	3564
f 3306 	3564 	3307
f 3307 	3565 	3308
f 3566 	3308 	3565
f 3567 	3309 	3566
f 3308 	3566 	3309
f 3567 	3310 	3309
f 3310 	3060 	3311
f 3311 	3059 	3312
f 3061 	3312 	3059
f 3312 	3061 	3313
f 3062 	3313 	3061
f 3313 	3062 	3314
f 8227 	8226 	4146
f 1418 	1417 	4407
f 1417 	1416 	4407
f 1419 	1455 	4407
f 1420 	1419 	4407
f 8210 	4154 	4153
f 8210 	8211 	4154
f 1423 	1422 	4407
f 1425 	1424 	4407
f 1427 	1426 	4407
f 1426 	1425 	4407
f 1430 	1429 	4407
f 1429 	1428 	4407
f 1415 	1431 	4407
f 1431 	1430 	4407
f 8216 	4160 	4159
f 8216 	8217 	4160
f 1432 	1418 	4407
f 1996 	3317 	4161
f 3569 	3318 	1996
f 3317 	1996 	3318
f 1436 	1435 	4407
f 1434 	1433 	4407
f 1433 	1432 	4407
f 3569 	3319 	3318
f 1439 	1437 	4407
f 1437 	1436 	4407
f 1435 	1434 	4407
f 3319 	3570 	3320
f 1440 	4407 	1441
f 1440 	1439 	4407
f 1442 	1441 	4407
f 3572 	3321 	3571
f 3320 	3571 	3321
f 1454 	4554 	1455
f 1453 	4554 	1454
f 3573 	3322 	3572
f 3321 	3572 	3322
f 4554 	4407 	1455
f 3574 	3323 	3573
f 3322 	3573 	3323
f 3575 	3324 	3574
f 3323 	3574 	3324
f 1428 	1427 	4407
f 1424 	1423 	4407
f 1422 	1420 	4407
f 1452 	4554 	1453
f 3324 	3575 	3325
f 3576 	3325 	3575
f 532 	1069 	4406
f 1069 	528 	4406
f 4407 	4406 	528
f 1442 	4407 	528
f 873 	532 	4406
f 1783 	873 	4406
f 3576 	3326 	3325
f 3326 	3577 	3327
f 3327 	3578 	3328
f 3579 	3328 	3578
f 3580 	3329 	3579
f 3328 	3579 	3329
f 3580 	3067 	3329
f 3331 	3068 	3332
f 3332 	3069 	3333
f 7045 	4168 	4167
f 7045 	7046 	4168
f 7095 	4178 	4177
f 3336 	4178 	2182
f 7095 	2182 	4178
f 2182 	3337 	3336
f 3339 	7599 	3340
f 7600 	3341 	3340
f 3342 	7602 	3343
f 3343 	7622 	3344
f 3345 	7626 	3346
f 3346 	7629 	3347
f 7631 	3347 	7629
f 7633 	3348 	7631
f 3347 	7631 	3348
f 7633 	7545 	3348
f 3351 	7547 	3352
f 4162 	7123 	4163
f 8227 	4146 	4145
f 8222 	4125 	4179
f 4439 	4399 	4438
f 1967 	1145 	1142
f 4570 	4399 	4569
f 4439 	4569 	4399
f 4398 	4438 	4399
f 1967 	1966 	1145
f 4571 	4399 	4570
f 4572 	4399 	4571
f 4573 	4399 	4572
f 4574 	4399 	4573
f 1152 	1151 	1291
f 4575 	4399 	4574
f 4576 	4399 	4575
f 4577 	4399 	4576
f 4578 	4399 	4577
f 4580 	4399 	4579
f 4578 	4579 	4399
f 4584 	4429 	4399
f 4430 	4399 	4429
f 4580 	4584 	4399
f 4431 	4432 	4399
f 1186 	1981 	1985
f 4430 	4431 	4399
f 4591 	4436 	4437
f 4624 	4413 	4598
f 4600 	4624 	4599
f 4599 	4624 	4598
f 4602 	4624 	4600
f 4603 	4624 	4602
f 4607 	4413 	4606
f 4412 	4606 	4413
f 1294 	1196 	1195
f 4611 	4413 	4610
f 4607 	4610 	4413
f 4612 	4413 	4611
f 1294 	1295 	1196
f 4613 	4413 	4612
f 4614 	4413 	4613
f 4615 	4413 	4614
f 1960 	1140 	1133
f 4616 	4413 	4615
f 4617 	4413 	4616
f 4619 	4413 	4617
f 4492 	426 	3714
f 4620 	4413 	4619
f 4485 	411 	3498
f 4622 	4413 	4621
f 4620 	4621 	4413
f 4594 	4413 	4623
f 4622 	4623 	4413
f 4595 	4413 	4594
f 4595 	4597 	4413
f 4597 	4598 	4413
f 4624 	4603 	4605
f 4627 	4423 	4626
f 4628 	4423 	4627
f 2366 	558 	2364
f 4629 	4423 	4628
f 4632 	4658 	4631
f 4631 	4658 	4630
f 4635 	4423 	4634
f 4636 	4423 	4635
f 4637 	4423 	4636
f 4422 	4634 	4423
f 4638 	4423 	4637
f 4639 	4423 	4638
f 4640 	4423 	4639
f 4641 	4423 	4640
f 4642 	4423 	4641
f 4643 	4423 	4642
f 4648 	4423 	4643
f 4651 	4423 	4650
f 4650 	4423 	4648
f 4652 	4423 	4651
f 4625 	4423 	4653
f 4626 	4423 	4625
f 4653 	4423 	4652
f 4630 	4423 	4629
f 4633 	4658 	4632
f 4423 	4630 	4658
f 4414 	4413 	2218
f 4624 	2218 	4413
f 1723 	1904 	4591
f 298 	295 	3489
f 570 	2375 	571
f 4357 	8127 	4355
f 8130 	4360 	4359
f 8133 	4362 	4364
f 8133 	4364 	8134
f 8140 	4288 	4287
f 4289 	745 	4290
f 4290 	8141 	4287
f 4360 	8129 	4358
f 4361 	8131 	4359
f 4365 	4284 	8135
f 875 	874 	531
f 877 	876 	531
f 876 	875 	531
f 878 	877 	531
f 531 	533 	879
f 879 	878 	531
f 881 	533 	882
f 531 	889 	887
f 531 	887 	888
f 4396 	1871 	4397
f 531 	890 	889
f 904 	891 	531
f 891 	890 	531
f 4397 	1870 	4398
f 906 	904 	531
f 915 	912 	531
f 912 	906 	531
f 917 	915 	531
f 918 	917 	531
f 922 	918 	531
f 925 	923 	531
f 923 	922 	531
f 930 	925 	531
f 932 	931 	531
f 931 	930 	531
f 938 	937 	531
f 933 	932 	531
f 874 	938 	531
f 937 	933 	531
f 880 	879 	533
f 881 	880 	533
f 883 	882 	533
f 1086 	527 	1088
f 1086 	1084 	527
f 1088 	527 	1089
f 1099 	1089 	527
f 527 	529 	1104
f 1104 	1099 	527
f 1106 	529 	1116
f 1139 	527 	1134
f 527 	1144 	1143
f 1143 	1134 	527
f 1155 	1154 	527
f 1154 	1150 	527
f 1150 	1144 	527
f 1161 	1157 	527
f 1157 	1155 	527
f 1164 	1161 	527
f 1165 	1164 	527
f 1406 	1165 	527
f 1407 	1406 	527
f 1409 	1408 	527
f 1408 	1407 	527
f 1411 	1410 	527
f 1410 	1409 	527
f 1414 	1413 	527
f 1412 	1411 	527
f 1084 	1414 	527
f 1413 	1412 	527
f 1105 	1104 	529
f 1106 	1105 	529
f 1122 	1116 	529
f 1444 	4694 	1445
f 1443 	4694 	1444
f 1445 	4694 	1446
f 1447 	4694 	1448
f 1446 	4694 	1447
f 1449 	4694 	1450
f 1448 	4694 	1449
f 1451 	1450 	4554
f 4694 	1475 	1467
f 4694 	1467 	1470
f 4694 	1480 	1475
f 1490 	4694 	1491
f 1487 	4694 	1490
f 1487 	1480 	4694
f 1910 	4411 	1911
f 1494 	4694 	1500
f 1491 	4694 	1494
f 1763 	1500 	4694
f 4411 	1910 	4412
f 1764 	1763 	4694
f 1766 	1765 	4694
f 1765 	1764 	4694
f 1767 	1766 	4694
f 1768 	4694 	1769
f 1770 	4694 	1771
f 1770 	1769 	4694
f 1772 	4694 	1773
f 1771 	4694 	1772
f 1773 	4694 	1443
f 1452 	1451 	4554
f 4554 	1450 	4694
f 1768 	1767 	4694
f 1470 	527 	4694
f 4693 	4694 	527
f 4693 	527 	1139
f 4693 	1139 	531
f 4693 	531 	888
f 4693 	888 	1779
f 4695 	4696 	4697
f 4697 	4696 	4694
f 4697 	4694 	4693
f 4698 	4699 	4700
f 4700 	4699 	4696
f 4700 	4696 	4695
f 4419 	2222 	4420
f 4420 	2225 	4421
f 4421 	2224 	4422
f 2221 	4417 	2218
f 4706 	4591 	4705
f 4708 	4925 	4707
f 4707 	4925 	4706
f 4710 	4925 	4709
f 4712 	4925 	4711
f 4709 	4925 	4708
f 4714 	4925 	4713
f 4713 	4925 	4712
f 4715 	4925 	4714
f 4711 	4925 	4710
f 4716 	4925 	4715
f 4719 	4925 	4718
f 4720 	4925 	4719
f 4061 	8276 	4062
f 4062 	8277 	4063
f 8278 	4064 	4063
f 4067 	8282 	4068
f 4068 	8284 	4069
f 8086 	4549 	4368
f 8087 	4368 	8142
f 4367 	8142 	4368
f 8283 	4070 	4069
f 8086 	8084 	4549
f 8316 	4082 	4081
f 8320 	4084 	4083
f 4085 	8322 	4086
f 8324 	4087 	4086
f 8251 	4096 	8248
f 8161 	4385 	4386
f 4388 	8162 	4386
f 8161 	4386 	8162
f 4387 	8163 	4388
f 4102 	7135 	4103
f 4104 	7138 	4105
f 7136 	4104 	4103
f 4297 	8167 	4298
f 7139 	4106 	7137
f 4305 	743 	4307
f 7141 	4110 	4109
f 8169 	4300 	8170
f 8158 	4384 	8159
f 8157 	4382 	8158
f 2628 	4118 	4077
f 7548 	3334 	3352
f 4389 	4294 	8164
f 3065 	3315 	3333
f 4389 	8164 	4387
f 4735 	4723 	4721
f 4735 	4721 	4722
f 4724 	4723 	4735
f 4725 	4724 	4735
f 4726 	4725 	4735
f 4300 	8169 	4302
f 4727 	4726 	4735
f 8167 	4297 	8168
f 418 	417 	3503
f 4729 	4728 	4735
f 4728 	4727 	4735
f 4729 	4735 	4730
f 4731 	4730 	4735
f 4498 	4732 	4289
f 4738 	4786 	4734
f 4753 	4739 	4736
f 4753 	4736 	4737
f 4742 	4739 	4753
f 4734 	4786 	4733
f 4744 	4743 	4753
f 4742 	4753 	4743
f 4745 	4744 	4753
f 4749 	4748 	4753
f 4748 	4745 	4753
f 4750 	4763 	4501
f 4746 	4763 	4750
f 4747 	4740 	4763
f 4786 	4763 	4740
f 4749 	4753 	4751
f 4752 	4751 	4753
f 3052 	576 	3051
f 1855 	4752 	4753
f 4795 	4756 	4754
f 4755 	4795 	4754
f 4757 	4756 	4795
f 2383 	834 	2382
f 4760 	4795 	4761
f 4762 	4761 	4795
f 4768 	4786 	4766
f 4765 	4775 	4770
f 4766 	4786 	4765
f 4769 	4775 	4772
f 4770 	4775 	4769
f 4771 	4775 	4773
f 4772 	4775 	4771
f 4773 	4775 	4528
f 4701 	4784 	4702
f 4774 	4702 	4784
f 4776 	4774 	4784
f 4777 	4776 	4784
f 4778 	4777 	4784
f 4781 	4780 	4784
f 4782 	4781 	4784
f 4783 	4782 	4784
f 4780 	4779 	4784
f 4779 	4778 	4784
f 4550 	4528 	4775
f 4786 	4775 	4765
f 4763 	4786 	4768
f 4526 	4501 	4763
f 4741 	4786 	4740
f 4746 	4747 	4763
f 4741 	4733 	4786
f 4785 	4786 	4738
f 4786 	6626 	4775
f 8004 	4775 	6626
f 3718 	433 	3719
f 4775 	727 	4550
f 4390 	4550 	727
f 4787 	7347 	4808
f 4795 	4767 	4764
f 4789 	4788 	4808
f 4790 	4789 	4808
f 4791 	4790 	4808
f 4764 	4762 	4795
f 4795 	4760 	4759
f 4795 	4759 	4758
f 4758 	4757 	4795
f 4755 	4753 	4795
f 4794 	4795 	4753
f 4737 	4794 	4753
f 4735 	4794 	4737
f 4722 	4794 	4735
f 4793 	4794 	4722
f 4794 	4797 	4798
f 4794 	4798 	4795
f 4797 	4802 	4798
f 4792 	4791 	4808
f 4802 	4797 	4801
f 4800 	4799 	4808
f 4803 	4800 	4808
f 4806 	4803 	4808
f 4799 	4796 	4808
f 4796 	4792 	4808
f 4804 	4878 	4810
f 4805 	4878 	4804
f 4481 	4814 	4512
f 4878 	4879 	4809
f 4815 	4812 	4699
f 4813 	4809 	4879
f 4811 	4813 	4879
f 4817 	4815 	4699
f 4820 	5233 	560
f 4821 	4822 	4838
f 4837 	4838 	4822
f 4817 	4699 	4825
f 4823 	4824 	4838
f 4824 	4821 	4838
f 4826 	4825 	4699
f 4827 	4513 	4832
f 4830 	4826 	4699
f 4816 	4818 	4879
f 4835 	4828 	4879
f 4838 	4513 	4823
f 4829 	4823 	4513
f 4834 	4835 	4879
f 4836 	4699 	4839
f 4842 	4839 	4699
f 4845 	4842 	4699
f 4840 	4834 	4879
f 4841 	4843 	4859
f 4857 	4859 	4843
f 4836 	4833 	4699
f 4833 	4830 	4699
f 4846 	4847 	4859
f 4847 	4841 	4859
f 4850 	4514 	4855
f 4848 	4849 	4879
f 4853 	4848 	4879
f 4852 	4846 	4859
f 4850 	4852 	4859
f 4856 	4879 	4860
f 4856 	4853 	4879
f 4858 	4860 	4879
f 4862 	4864 	4514
f 4877 	4514 	4864
f 4861 	4879 	4868
f 4863 	4858 	4879
f 4861 	4863 	4879
f 4867 	4868 	4879
f 4865 	4866 	4514
f 4866 	4862 	4514
f 4867 	4879 	4870
f 4869 	4870 	4879
f 4871 	4514 	4874
f 4872 	4865 	4514
f 4869 	4879 	4876
f 4880 	4831 	4513
f 4831 	4832 	4513
f 4827 	4829 	4513
f 4838 	4854 	4513
f 4514 	4513 	4854
f 4854 	4855 	4514
f 4514 	4850 	4859
f 4514 	4859 	4873
f 4873 	4874 	4514
f 4871 	4872 	4514
f 4849 	4844 	4879
f 4844 	4840 	4879
f 4819 	4816 	4879
f 4828 	4819 	4879
f 4818 	4811 	4879
f 4809 	4810 	4878
f 4878 	4805 	4807
f 4881 	4910 	4885
f 4882 	4910 	4881
f 4910 	4911 	4884
f 4887 	4884 	4911
f 4886 	4887 	4911
f 4889 	4886 	4911
f 4888 	4889 	4911
f 4891 	4890 	4911
f 4890 	4888 	4911
f 4894 	4892 	4911
f 4897 	4911 	4896
f 4898 	4896 	4911
f 4899 	4911 	4901
f 4899 	4898 	4911
f 4900 	4901 	4911
f 4903 	4911 	4902
f 4903 	4900 	4911
f 4905 	4902 	4911
f 4904 	4905 	4911
f 4906 	4911 	4909
f 4907 	4911 	4906
f 4907 	4904 	4911
f 4908 	4909 	4911
f 4897 	4895 	4911
f 4895 	4894 	4911
f 4892 	4893 	4911
f 4893 	4891 	4911
f 4884 	4885 	4910
f 4910 	4882 	4883
f 4913 	5058 	4912
f 4915 	4916 	4802
f 4912 	4802 	4916
f 4917 	4802 	4920
f 4918 	4802 	4917
f 4915 	4802 	4918
f 4923 	4925 	4922
f 4922 	4925 	4720
f 4925 	4923 	4924
f 4437 	4703 	4591
f 4703 	4704 	4591
f 4704 	4705 	4591
f 4591 	4706 	4925
f 4717 	4718 	4925
f 4716 	4717 	4925
f 4929 	4624 	4928
f 8015 	4750 	4501
f 4501 	4500 	8015
f 4932 	4947 	4931
f 4933 	4947 	4932
f 4931 	4947 	4930
f 8015 	8014 	4750
f 4934 	4947 	4933
f 4935 	4947 	4934
f 4936 	4947 	4935
f 4939 	4947 	4938
f 4940 	4947 	4939
f 4941 	4947 	4940
f 4942 	4947 	4941
f 4943 	4947 	4942
f 4945 	4947 	4944
f 4944 	4947 	4943
f 4947 	4945 	4946
f 4605 	4926 	4624
f 4926 	4927 	4624
f 4927 	4928 	4624
f 4930 	4947 	4929
f 4624 	4929 	4947
f 4937 	4938 	4947
f 4936 	4937 	4947
f 4950 	4969 	4949
f 4951 	4969 	4950
f 4957 	4969 	4956
f 4954 	4969 	4953
f 4959 	4969 	4958
f 4960 	4969 	4959
f 4961 	4969 	4960
f 4962 	4969 	4961
f 4963 	4969 	4962
f 4658 	4949 	4969
f 4964 	4969 	4963
f 4965 	4969 	4964
f 4967 	4969 	4966
f 4966 	4969 	4965
f 4969 	4967 	4968
f 4658 	4633 	4948
f 4948 	4949 	4658
f 4952 	4969 	4951
f 4953 	4969 	4952
f 4955 	4969 	4954
f 4958 	4969 	4957
f 4956 	4969 	4955
f 4947 	1818 	4624
f 4925 	1724 	4591
f 4435 	1903 	4436
f 8037 	8036 	4525
f 1902 	1710 	4437
f 4436 	1902 	4437
f 4784 	4806 	4698
f 4806 	4808 	4698
f 4699 	4698 	4808
f 4845 	4699 	4808
f 4783 	4784 	4698
f 4851 	4783 	4698
f 4391 	1863 	4392
f 4393 	1865 	4391
f 4972 	6376 	4971
f 4394 	1868 	4395
f 4349 	8120 	4350
f 4394 	4392 	1862
f 4974 	6376 	4973
f 4972 	4973 	6376
f 4975 	6376 	4974
f 1871 	4396 	1867
f 4976 	4977 	6376
f 1870 	1873 	4398
f 4979 	4980 	4978
f 4970 	4980 	4979
f 4975 	4976 	6376
f 4983 	6385 	4982
f 4985 	6385 	4984
f 4983 	4984 	6385
f 4986 	6385 	4985
f 4987 	4988 	6385
f 4990 	4991 	4989
f 4981 	4991 	4990
f 4986 	4987 	6385
f 4994 	6397 	4993
f 4995 	6397 	4994
f 4996 	6397 	4995
f 4997 	6397 	4996
f 1897 	4429 	1894
f 4998 	6397 	4997
f 1896 	4431 	4430
f 4992 	5002 	5001
f 5002 	6397 	5001
f 4999 	5000 	6397
f 4602 	2217 	4603
f 2216 	1742 	4605
f 4603 	2216 	4605
f 4401 	1906 	4402
f 1909 	4404 	1905
f 1911 	4410 	1908
f 4410 	1911 	4411
f 1910 	1913 	4412
f 3016 	551 	3015
f 3017 	3018 	553
f 553 	3018 	554
f 3019 	554 	3018
f 3020 	555 	3019
f 3010 	2365 	556
f 8127 	4357 	8128
f 559 	2366 	2367
f 8120 	4349 	8121
f 2367 	560 	559
f 8121 	4352 	8122
f 230 	229 	3022
f 3021 	845 	3022
f 845 	3021 	846
f 4358 	8128 	4357
f 407 	305 	3493
f 407 	3493 	3485
f 8132 	4361 	4362
f 4362 	8133 	8132
f 4363 	8134 	4364
f 222 	410 	3494
f 8135 	4284 	8136
f 4363 	8135 	8134
f 8137 	4286 	8138
f 4288 	8140 	8139
f 8138 	4285 	8139
f 4288 	8139 	4285
f 8141 	4290 	745
f 4287 	8141 	8140
f 4528 	4527 	8051
f 5004 	4921 	4802
f 4919 	4802 	4921
f 5006 	5004 	4802
f 5007 	4802 	5008
f 5006 	4802 	5005
f 5010 	5008 	4802
f 3027 	848 	3026
f 3030 	562 	3029
f 3031 	3032 	564
f 564 	3032 	565
f 3033 	565 	3032
f 3034 	566 	3033
f 3024 	2373 	567
f 1005 	3025 	1008
f 3026 	1008 	3025
f 420 	419 	3505
f 425 	424 	3501
f 248 	247 	3712
f 418 	3502 	3504
f 248 	3712 	3713
f 3727 	3055 	268
f 1041 	3040 	1018
f 1018 	3041 	1022
f 3045 	1024 	3044
f 573 	3045 	3048
f 576 	3052 	577
f 3038 	578 	3053
f 268 	266 	3727
f 269 	268 	3055
f 787 	792 	753
f 789 	787 	753
f 3054 	1037 	3055
f 792 	794 	753
f 1041 	3039 	3040
f 795 	753 	794
f 3041 	1018 	3040
f 436 	3722 	3723
f 5015 	5026 	5014
f 5018 	5026 	5025
f 429 	428 	4493
f 5026 	5021 	5022
f 5024 	5026 	5023
f 5025 	5026 	5024
f 5017 	5023 	5026
f 5017 	5026 	5016
f 434 	433 	3720
f 5019 	5026 	5018
f 5021 	5026 	5020
f 436 	435 	3722
f 4970 	5013 	4980
f 5013 	5014 	4980
f 5026 	4980 	5014
f 5026 	5015 	5016
f 5019 	5020 	5026
f 4495 	427 	4492
f 5031 	5040 	5030
f 5029 	5030 	5040
f 5035 	5040 	5034
f 5040 	5035 	5036
f 5038 	5040 	5037
f 5031 	5037 	5040
f 5039 	5040 	5038
f 5033 	5040 	5032
f 5034 	5040 	5033
f 5009 	5010 	4802
f 5011 	4802 	5012
f 4981 	5027 	4991
f 5027 	5028 	4991
f 5029 	5040 	5028
f 4991 	5028 	5040
f 5039 	5032 	5040
f 5041 	5042 	4802
f 5042 	5012 	4802
f 5043 	5044 	4802
f 5044 	5041 	4802
f 5048 	5043 	4802
f 5049 	5080 	5046
f 5050 	4802 	5055
f 5051 	4802 	5050
f 5051 	5047 	4802
f 5047 	5048 	4802
f 5011 	5009 	4802
f 5007 	5005 	4802
f 4919 	4920 	4802
f 4914 	5058 	4913
f 4802 	4912 	5058
f 5056 	5080 	5072
f 4801 	5059 	4875
f 4876 	4879 	4875
f 4801 	4875 	4879
f 4801 	4879 	4908
f 4801 	4908 	4911
f 5054 	4802 	4911
f 5054 	5055 	4802
f 4801 	4911 	4802
f 5061 	5080 	5060
f 5060 	5080 	5057
f 5080 	5061 	5064
f 5098 	5067 	5062
f 5098 	5062 	5063
f 5070 	5080 	5068
f 5071 	5066 	5098
f 5098 	5066 	5067
f 5072 	5080 	5070
f 5069 	5071 	5098
f 5073 	5074 	5098
f 5074 	5069 	5098
f 5068 	5080 	5053
f 5076 	5073 	5098
f 5057 	5080 	5056
f 5075 	5076 	5098
f 5077 	5075 	5098
f 5079 	5077 	5098
f 5002 	4992 	5045
f 5046 	5080 	5045
f 5052 	5080 	5049
f 5053 	5080 	5052
f 5002 	5045 	5080
f 5040 	4808 	4991
f 5026 	4784 	4980
f 5078 	5079 	5098
f 5081 	5078 	5098
f 5082 	5081 	5098
f 4878 	5092 	5098
f 4370 	8145 	4369
f 5083 	5084 	5098
f 5082 	5098 	5084
f 4369 	8144 	4367
f 5085 	5083 	5098
f 5089 	5098 	5088
f 5086 	5098 	5089
f 5087 	5098 	5086
f 5090 	5098 	5093
f 5091 	5098 	5090
f 5088 	5098 	5091
f 5093 	5098 	5092
f 5092 	4878 	5095
f 5094 	4878 	5097
f 5094 	5095 	4878
f 5096 	5097 	4878
f 5087 	5085 	5098
f 4807 	5096 	4878
f 5130 	5100 	5101
f 5130 	5103 	5099
f 5100 	5130 	5099
f 5105 	5102 	5130
f 5130 	5102 	5103
f 8152 	4378 	8153
f 5104 	5105 	5130
f 5106 	5107 	5130
f 5107 	5104 	5130
f 5109 	5106 	5130
f 5108 	5109 	5130
f 5110 	5108 	5130
f 5112 	5110 	5130
f 5111 	5112 	5130
f 5113 	5111 	5130
f 5116 	5114 	5130
f 5114 	5113 	5130
f 5117 	5115 	5130
f 5115 	5116 	5130
f 5120 	5121 	5130
f 5121 	5118 	5130
f 5119 	5130 	5118
f 5125 	5122 	5130
f 5122 	5123 	5130
f 5123 	5120 	5130
f 5130 	5124 	5125
f 5126 	5127 	4910
f 5130 	4910 	5124
f 5127 	5124 	4910
f 5129 	5126 	4910
f 5119 	5117 	5130
f 5128 	5129 	4910
f 4883 	5128 	4910
f 5134 	5162 	5137
f 5139 	5162 	5138
f 5140 	5162 	5142
f 5141 	5162 	5140
f 5142 	5162 	5144
f 5144 	5162 	5143
f 5143 	5162 	5145
f 5146 	5162 	5148
f 5147 	5162 	5149
f 5148 	5162 	5147
f 5145 	5162 	5146
f 5151 	5162 	5150
f 5149 	5162 	5151
f 5153 	5162 	5152
f 5150 	5162 	5153
f 5155 	5162 	5154
f 5152 	5162 	5155
f 5000 	4999 	763
f 5157 	5162 	5156
f 5154 	5162 	5157
f 5156 	5162 	5159
f 5159 	5162 	5158
f 5161 	5158 	5058
f 5160 	5161 	5058
f 4914 	5160 	5058
f 5058 	5158 	5162
f 5138 	5162 	5141
f 5136 	5162 	5139
f 5136 	5137 	5162
f 5131 	5162 	5135
f 5134 	5135 	5162
f 5162 	5131 	5132
f 5162 	5132 	5133
f 5162 	5133 	5130
f 5101 	5164 	5130
f 5098 	5164 	5101
f 5063 	5065 	5098
f 5164 	5098 	5065
f 5163 	5164 	5065
f 5162 	5130 	5164
f 5162 	5164 	5166
f 5166 	5164 	5165
f 5167 	5165 	5164
f 5165 	5167 	5168
f 5169 	5168 	5167
f 5206 	5180 	5173
f 5174 	5202 	5172
f 5170 	5172 	5202
f 5176 	5206 	5173
f 5171 	5173 	5180
f 5206 	5176 	5178
f 5022 	5171 	5180
f 5026 	5022 	5180
f 5175 	5202 	5174
f 5179 	5202 	5177
f 5183 	5193 	5036
f 5184 	5201 	5182
f 5182 	5202 	5181
f 5185 	5193 	5183
f 5188 	5193 	5185
f 5040 	5036 	5193
f 5190 	5202 	5189
f 5187 	5189 	5202
f 5191 	5207 	5188
f 5192 	5202 	5190
f 5194 	5202 	5192
f 5195 	5207 	5064
f 5196 	5202 	5194
f 5197 	5207 	5195
f 5198 	5202 	5196
f 5199 	5207 	5197
f 5080 	5064 	5207
f 5170 	5202 	5198
f 5177 	5202 	5175
f 5181 	5202 	5179
f 5200 	5207 	5199
f 5202 	5182 	5201
f 5201 	5184 	5186
f 5207 	5200 	5193
f 5193 	5188 	5207
f 5180 	5206 	5191
f 5207 	5191 	5206
f 5205 	5206 	5178
f 5208 	5224 	5204
f 5203 	5204 	5224
f 5193 	4808 	5040
f 5180 	4784 	5026
f 5209 	5224 	5208
f 5211 	5224 	5210
f 5213 	5224 	5212
f 5215 	5223 	5214
f 5218 	5224 	5217
f 5216 	5217 	5224
f 5219 	5224 	5218
f 5220 	5224 	5219
f 5221 	5224 	5220
f 5222 	5224 	5221
f 5203 	5224 	5222
f 5210 	5224 	5209
f 5212 	5224 	5211
f 5214 	5223 	5213
f 5224 	5213 	5223
f 806 	752 	805
f 807 	752 	806
f 5227 	5332 	5226
f 5225 	5226 	5332
f 808 	752 	807
f 809 	752 	808
f 810 	752 	809
f 5228 	5332 	5227
f 804 	805 	752
f 4380 	8154 	4377
f 4607 	1912 	4610
f 813 	814 	752
f 811 	752 	810
f 1915 	4611 	4610
f 812 	813 	752
f 816 	752 	815
f 814 	815 	752
f 5232 	5769 	4831
f 4880 	5232 	4831
f 812 	752 	811
f 8156 	4381 	8157
f 4376 	8150 	4373
f 561 	571 	2376
f 817 	752 	816
f 818 	752 	817
f 4375 	8151 	4376
f 819 	752 	818
f 820 	752 	819
f 5255 	5253 	4837
f 5234 	5255 	4837
f 821 	752 	820
f 822 	752 	821
f 826 	752 	823
f 823 	752 	822
f 5235 	5234 	4837
f 827 	752 	826
f 1438 	752 	827
f 5237 	4837 	5239
f 8155 	4379 	8156
f 5238 	5239 	4837
f 5240 	4837 	5242
f 5240 	5238 	4837
f 4382 	8157 	4381
f 5241 	5242 	4837
f 5243 	5241 	4837
f 4822 	5243 	4837
f 4384 	8158 	4382
f 4385 	8160 	4383
f 5245 	5256 	5244
f 5256 	4837 	5247
f 8162 	4388 	8163
f 5250 	5247 	4837
f 5252 	5249 	4837
f 5249 	5250 	4837
f 5251 	5252 	4837
f 8163 	4387 	8164
f 5253 	5254 	4837
f 8168 	4302 	8169
f 5237 	5236 	4837
f 5236 	5235 	4837
f 5254 	5251 	4837
f 5256 	5247 	5248
f 5248 	5244 	5256
f 5256 	5245 	5246
f 4302 	8168 	4297
f 8170 	4307 	743
f 5257 	5294 	4857
f 4307 	8170 	4300
f 8004 	727 	4775
f 5258 	5257 	4857
f 5260 	4857 	5262
f 5261 	5262 	4857
f 5263 	4857 	5265
f 5263 	5261 	4857
f 4305 	742 	743
f 4289 	4732 	745
f 744 	745 	4732
f 5264 	5265 	4857
f 5266 	5264 	4857
f 4843 	5266 	4857
f 5267 	5268 	5280
f 5279 	5280 	5268
f 5269 	5267 	5280
f 5274 	5298 	5273
f 5280 	4786 	5269
f 5271 	5269 	4786
f 5272 	5298 	5278
f 5281 	5282 	4857
f 6626 	5288 	5296
f 5295 	5296 	5284
f 5284 	5296 	5283
f 5286 	5281 	4857
f 5285 	5286 	4857
f 5283 	5296 	5287
f 5287 	5296 	5289
f 5291 	5285 	4857
f 5294 	5290 	4857
f 5297 	5275 	4786
f 5275 	5276 	4786
f 5276 	5270 	4786
f 5270 	5271 	4786
f 5280 	5292 	4786
f 6626 	4786 	5292
f 6626 	5292 	5293
f 5293 	5288 	6626
f 5289 	5296 	5288
f 4631 	2248 	4632
f 5260 	5259 	4857
f 5259 	5258 	4857
f 5290 	5291 	4857
f 5282 	5277 	4857
f 5298 	4857 	5277
f 5277 	5278 	5298
f 5272 	5273 	5298
f 4632 	2247 	4633
f 2247 	1836 	4633
f 5302 	5301 	4877
f 5300 	4877 	5301
f 5304 	5302 	4877
f 5303 	5304 	4877
f 5305 	5303 	4877
f 5306 	5307 	4877
f 5307 	5305 	4877
f 5308 	5306 	4877
f 4864 	5308 	4877
f 4418 	2223 	4419
f 5310 	5321 	5309
f 5309 	4877 	5313
f 5314 	4877 	5317
f 5312 	4877 	5315
f 5316 	5317 	4877
f 2224 	2227 	4422
f 5319 	5316 	4877
f 5318 	4877 	5320
f 4506 	4505 	8020
f 5300 	5299 	4877
f 5299 	5320 	4877
f 5318 	5319 	4877
f 5314 	5315 	4877
f 4877 	5312 	5313
f 5311 	5321 	5310
f 4877 	5309 	5321
f 3037 	426 	259
f 2377 	3037 	572
f 3023 	411 	242
f 561 	3023 	242
f 3020 	556 	555
f 8028 	8027 	4516
f 8028 	4516 	4518
f 554 	3019 	555
f 557 	2364 	558
f 559 	558 	2366
f 846 	3011 	847
f 3012 	847 	3011
f 5230 	5332 	5229
f 5323 	5332 	5322
f 5322 	5332 	5231
f 5328 	5329 	5168
f 5329 	5330 	5168
f 5330 	5331 	5168
f 5332 	5168 	5331
f 5327 	5328 	5168
f 4345 	8112 	4342
f 4348 	8117 	4346
f 3494 	3495 	222
f 8119 	4350 	8120
f 227 	225 	3496
f 3496 	3497 	227
f 229 	227 	3497
f 3497 	3022 	229
f 8111 	8038 	4343
f 3014 	840 	3013
f 840 	3014 	842
f 842 	3015 	551
f 3017 	552 	3016
f 551 	3016 	552
f 3017 	553 	552
f 800 	752 	795
f 803 	752 	800
f 804 	752 	803
f 753 	795 	752
f 1663 	749 	1661
f 1662 	1661 	749
f 5225 	5332 	5331
f 5229 	5332 	5228
f 5231 	5332 	5230
f 5333 	5332 	5323
f 5333 	5323 	5324
f 1665 	749 	1664
f 1664 	749 	1663
f 4352 	8121 	4349
f 5169 	5334 	5187
f 5169 	5187 	5202
f 5169 	5202 	5216
f 5224 	5168 	5216
f 5325 	5168 	5224
f 5326 	5327 	5168
f 5325 	5326 	5168
f 5169 	5216 	5168
f 4351 	8122 	4352
f 5336 	5351 	5335
f 4353 	8124 	4354
f 5337 	5351 	5336
f 1667 	748 	1666
f 1671 	748 	1670
f 4354 	8123 	4351
f 5341 	5351 	5340
f 5338 	5351 	5337
f 8124 	4353 	8125
f 1672 	748 	1671
f 1673 	748 	1672
f 5342 	5351 	5341
f 1675 	748 	1673
f 4355 	8126 	4356
f 5344 	5351 	5343
f 5346 	5351 	5345
f 1680 	748 	1678
f 1678 	748 	1675
f 1670 	748 	1669
f 1681 	1684 	748
f 1680 	1681 	748
f 1692 	748 	1685
f 1685 	748 	1684
f 5335 	5351 	5350
f 5349 	5350 	5351
f 5186 	5348 	5201
f 5348 	5349 	5201
f 5351 	5201 	5349
f 5351 	5338 	5339
f 5339 	5340 	5351
f 5342 	5343 	5351
f 5344 	5345 	5351
f 5351 	5346 	5347
f 8128 	4358 	8129
f 1694 	748 	1693
f 1693 	748 	1692
f 5353 	5440 	5352
f 1694 	1698 	748
f 1700 	748 	1698
f 5354 	5440 	5353
f 1703 	748 	1700
f 1704 	748 	1703
f 1708 	748 	1706
f 1706 	748 	1704
f 5358 	5440 	5357
f 5355 	5440 	5354
f 1711 	748 	1709
f 1708 	1709 	748
f 5359 	5440 	5358
f 5361 	5440 	5360
f 1666 	748 	1665
f 1668 	748 	1667
f 1669 	748 	1668
f 749 	1665 	748
f 1929 	3733 	1926
f 1928 	1926 	3733
f 1930 	5372 	1929
f 1945 	5372 	1944
f 1951 	5372 	1950
f 1942 	5372 	1935
f 8054 	8052 	4530
f 1953 	5372 	1952
f 1950 	5372 	1945
f 1954 	5372 	1953
f 1956 	5372 	1954
f 1952 	5372 	1951
f 1964 	5372 	1961
f 1959 	5372 	1956
f 1969 	5372 	1965
f 1965 	5372 	1964
f 1959 	1961 	5372
f 1971 	5372 	1970
f 1970 	5372 	1969
f 1971 	1972 	5372
f 1973 	5372 	1972
f 1974 	5372 	1973
f 5372 	1974 	1975
f 1975 	1976 	5372
f 1978 	5372 	1977
f 1980 	5372 	1978
f 1976 	1977 	5372
f 1931 	5372 	1930
f 1935 	5372 	1931
f 1944 	5372 	1942
f 3733 	1929 	5372
f 5372 	1980 	748
f 1711 	5371 	748
f 752 	5371 	1711
f 1438 	5371 	752
f 2631 	5371 	1438
f 5372 	748 	5371
f 8076 	8072 	4544
f 5430 	5440 	5362
f 5352 	5440 	5436
f 5434 	5436 	5440
f 5215 	5433 	5223
f 5433 	5434 	5223
f 5440 	5223 	5434
f 5440 	5355 	5356
f 5356 	5357 	5440
f 5359 	5360 	5440
f 5361 	5362 	5440
f 5440 	5430 	5432
f 5449 	5471 	5447
f 5452 	5471 	5450
f 5453 	5471 	5452
f 5450 	5471 	5449
f 5459 	5471 	5458
f 5324 	5467 	5333
f 5467 	5468 	5333
f 5468 	5470 	5333
f 5446 	5333 	5443
f 5470 	5443 	5333
f 5447 	5471 	5446
f 5455 	5471 	5453
f 5458 	5471 	5455
f 5460 	5471 	5459
f 5463 	5471 	5460
f 5333 	5446 	5471
f 5471 	5463 	5466
f 5471 	5466 	5440
f 5432 	5473 	5440
f 5351 	5473 	5432
f 5347 	5473 	5351
f 5472 	5473 	5347
f 5471 	5440 	5473
f 5475 	5471 	5474
f 5473 	5474 	5471
f 5476 	5477 	5482
f 5481 	5482 	5477
f 5482 	6672 	5478
f 5479 	6672 	5480
f 5479 	5478 	6672
f 5478 	5476 	5482
f 5483 	5484 	5489
f 5488 	5489 	5484
f 5485 	5489 	5486
f 5489 	6673 	5486
f 5485 	5483 	5489
f 5498 	6673 	5491
f 5495 	5498 	5491
f 5492 	5490 	6673
f 5493 	5492 	6673
f 5490 	5491 	6673
f 5496 	5497 	5480
f 5487 	6672 	5482
f 5487 	5486 	6673
f 5494 	6673 	5489
f 5494 	5493 	6673
f 5499 	5511 	5481
f 5500 	5499 	5481
f 5504 	5503 	5481
f 5506 	5505 	5481
f 5507 	5506 	5481
f 5477 	5507 	5481
f 5508 	5512 	5510
f 5512 	5481 	5510
f 5511 	5510 	5481
f 5505 	5504 	5481
f 5503 	5502 	5481
f 5502 	5501 	5481
f 5501 	5500 	5481
f 5512 	5508 	5509
f 5513 	5525 	5488
f 5514 	5513 	5488
f 5521 	5520 	5488
f 5488 	5520 	5519
f 5484 	5521 	5488
f 5522 	5526 	5524
f 5526 	5488 	5524
f 5525 	5524 	5488
f 5519 	5518 	5488
f 5518 	5517 	5488
f 5517 	5516 	5488
f 5516 	5515 	5488
f 5515 	5514 	5488
f 5526 	5522 	5523
f 8086 	4368 	8087
f 1827 	1826 	4956
f 4371 	8147 	4372
f 4373 	8149 	4374
f 4414 	2218 	4417
f 689 	4976 	688
f 690 	4977 	689
f 4372 	8146 	4370
f 5528 	6351 	4393
f 4428 	5528 	4393
f 5530 	5537 	5529
f 5529 	5537 	4924
f 4979 	682 	4970
f 5532 	5537 	5531
f 5531 	5537 	5530
f 683 	7278 	4970
f 5533 	5556 	5532
f 4925 	4924 	5537
f 4373 	8150 	8149
f 5536 	5556 	5535
f 5534 	5556 	5533
f 5539 	5540 	5546
f 5538 	5546 	4946
f 295 	291 	4484
f 5021 	5020 	4779
f 5541 	5542 	5546
f 5540 	5541 	5546
f 4484 	3489 	295
f 4779 	4780 	5022
f 5021 	4779 	5022
f 4377 	8153 	4378
f 5542 	5543 	5546
f 5539 	5546 	5538
f 4378 	8152 	4375
f 5557 	5546 	5543
f 5557 	5543 	5544
f 5545 	5557 	5544
f 4947 	4946 	5546
f 5548 	5557 	5547
f 5547 	5557 	4968
f 4379 	8155 	4380
f 5550 	5557 	5549
f 5549 	5557 	5548
f 4383 	8159 	4384
f 5552 	5557 	5551
f 5553 	5557 	5552
f 5554 	5557 	5553
f 4969 	4968 	5557
f 5550 	5551 	5557
f 5557 	5554 	5546
f 5537 	5556 	5545
f 5537 	5532 	5556
f 5534 	5535 	5556
f 5555 	5556 	5536
f 5557 	5545 	5556
f 5546 	1818 	4947
f 5558 	4785 	4738
f 4399 	4591 	1904
f 5537 	1724 	4925
f 567 	2373 	568
f 1902 	4436 	1903
f 568 	2372 	569
f 2374 	569 	2372
f 570 	569 	2374
f 1868 	4394 	1862
f 4988 	726 	4989
f 4990 	4989 	712
f 4439 	1872 	4569
f 247 	244 	3711
f 3711 	3712 	247
f 3713 	250 	248
f 5035 	4796 	5036
f 5183 	5036 	4799
f 3713 	3036 	250
f 4799 	4800 	5183
f 1876 	4572 	4571
f 3035 	1004 	3036
f 5297 	5559 	5275
f 1008 	3026 	848
f 849 	3028 	850
f 850 	3029 	562
f 4577 	1889 	4578
f 3031 	563 	3030
f 562 	3030 	563
f 1892 	4579 	4578
f 3031 	564 	563
f 416 	4489 	4491
f 1901 	4433 	1898
f 3505 	3551 	420
f 422 	421 	3552
f 423 	422 	3499
f 424 	423 	3500
f 3499 	3500 	423
f 3500 	3501 	424
f 425 	3501 	3553
f 1689 	1688 	4709
f 573 	3048 	574
f 3050 	575 	574
f 5561 	5527 	5578
f 5578 	5495 	5561
f 3053 	577 	3052
f 5564 	5563 	5495
f 5567 	5566 	5495
f 5491 	5568 	5495
f 5568 	5567 	5495
f 575 	3051 	576
f 5569 	5578 	5571
f 577 	3053 	578
f 3038 	2380 	578
f 831 	2379 	832
f 2381 	833 	832
f 833 	2382 	834
f 3725 	263 	262
f 262 	3724 	3725
f 3044 	1022 	3041
f 4499 	3719 	432
f 440 	439 	3717
f 434 	3720 	3721
f 7378 	7381 	5049
f 4995 	759 	4996
f 4996 	760 	4997
f 4998 	762 	4999
f 756 	7368 	4992
f 5571 	5578 	5572
f 5566 	5565 	5495
f 5565 	5564 	5495
f 5563 	5562 	5495
f 5562 	5561 	5495
f 5527 	5572 	5578
f 5578 	5569 	5570
f 5223 	5440 	5526
f 5512 	5202 	5201
f 5061 	4833 	5064
f 5195 	5064 	4836
f 4836 	4839 	5195
f 5579 	5600 	5560
f 5500 	5336 	5499
f 5336 	5500 	5337
f 5581 	5580 	5279
f 5583 	5279 	5584
f 5342 	5505 	5506
f 5585 	5584 	5279
f 5507 	5343 	5506
f 5476 	5344 	5477
f 5344 	5476 	5345
f 5479 	5346 	5478
f 4784 	5180 	5191
f 5588 	5205 	5178
f 5585 	5279 	5586
f 5587 	5586 	5279
f 5596 	5206 	5595
f 5589 	5587 	5279
f 5593 	5589 	5279
f 5594 	5593 	5279
f 5597 	5608 	5596
f 5598 	5608 	5597
f 5594 	5279 	5268
f 5514 	5353 	5513
f 5353 	5514 	5354
f 5583 	5582 	5279
f 5582 	5581 	5279
f 5600 	5279 	5580
f 5600 	5580 	5560
f 5602 	5688 	5601
f 5359 	5519 	5520
f 5604 	5603 	5295
f 5521 	5360 	5520
f 5483 	5361 	5484
f 5361 	5483 	5362
f 5607 	5608 	5599
f 5486 	5430 	5485
f 5613 	5618 	5612
f 5561 	5446 	5527
f 5614 	5618 	5613
f 5612 	5618 	5611
f 5615 	5618 	5614
f 5490 	5459 	5491
f 5492 	5460 	5490
f 5623 	5207 	5622
f 5624 	5207 	5623
f 5632 	5207 	5626
f 5578 	5333 	5495
f 5472 	5480 	5497
f 5475 	5498 	5495
f 5627 	5642 	5628
f 5629 	5628 	5642
f 5630 	5629 	5642
f 5512 	5636 	5642
f 5635 	5642 	5636
f 5637 	5636 	5512
f 5634 	5590 	5206
f 5590 	5591 	5206
f 5591 	5592 	5206
f 5592 	5595 	5206
f 5598 	5599 	5608
f 5206 	5596 	5608
f 5608 	5609 	5206
f 5207 	5206 	5609
f 5609 	5610 	5207
f 5611 	5207 	5610
f 5207 	5611 	5618
f 5616 	5618 	5615
f 5617 	5618 	5616
f 5207 	5618 	5619
f 5207 	5619 	5620
f 5207 	5620 	5621
f 5621 	5622 	5207
f 5207 	5624 	5625
f 5625 	5626 	5207
f 5642 	5638 	5639
f 5640 	5638 	5642
f 5633 	5642 	5635
f 5631 	5642 	5633
f 5631 	5630 	5642
f 5627 	5641 	5642
f 5641 	5640 	5642
f 5509 	5637 	5512
f 5643 	5656 	5644
f 5645 	5644 	5656
f 5646 	5645 	5656
f 5526 	5650 	5656
f 5649 	5656 	5650
f 5651 	5650 	5526
f 5656 	5652 	5653
f 5654 	5652 	5656
f 5648 	5656 	5649
f 5647 	5656 	5648
f 5647 	5646 	5656
f 5643 	5655 	5656
f 5655 	5654 	5656
f 5523 	5651 	5526
f 5657 	5670 	5658
f 5659 	5658 	5670
f 5660 	5659 	5670
f 5661 	5660 	5670
f 5662 	5661 	5670
f 5017 	5016 	7282
f 7281 	7282 	5016
f 5670 	5666 	5667
f 5668 	5666 	5670
f 5664 	5663 	5670
f 5663 	5662 	5670
f 5657 	5669 	5670
f 5669 	5668 	5670
f 4702 	4774 	5024
f 5570 	5665 	5578
f 5670 	5578 	5665
f 5665 	5664 	5670
f 4776 	5018 	5025
f 5642 	5202 	5512
f 4776 	4777 	5018
f 5175 	5174 	5630
f 5175 	5630 	5631
f 683 	4970 	682
f 5013 	4970 	7278
f 7278 	7279 	5013
f 5198 	5196 	5641
f 5016 	5015 	7281
f 5627 	5198 	5641
f 5209 	5208 	5646
f 5209 	5646 	5647
f 5222 	5221 	5655
f 5643 	5222 	5655
f 5228 	5227 	5660
f 5228 	5660 	5661
f 7346 	7347 	5030
f 5331 	5330 	5669
f 4789 	4790 	5039
f 5657 	5331 	5669
f 5900 	5332 	5670
f 5033 	5032 	4791
f 4790 	4791 	5032
f 4791 	4792 	5033
f 5675 	5676 	5639
f 5906 	5676 	5674
f 5642 	5639 	5676
f 4990 	712 	713
f 4990 	713 	4981
f 715 	4981 	713
f 262 	440 	3724
f 715 	7343 	4981
f 5606 	5295 	5681
f 5682 	5681 	5295
f 5683 	5682 	5295
f 432 	431 	4499
f 426 	4492 	427
f 5684 	5683 	5295
f 5685 	5684 	5295
f 411 	4485 	4488
f 5686 	5685 	5295
f 5295 	5284 	5687
f 128 	127 	5298
f 71 	70 	5256
f 5687 	5686 	5295
f 5605 	5295 	5606
f 5605 	5604 	5295
f 5688 	5295 	5603
f 5688 	5603 	5601
f 8009 	734 	4734
f 4821 	21 	4822
f 4741 	4740 	8011
f 8014 	8013 	4746
f 4500 	8016 	8015
f 4746 	4750 	8014
f 8021 	8020 	4505
f 8020 	8019 	4506
f 4505 	4508 	8021
f 8026 	8025 	4511
f 4511 	4515 	8026
f 8027 	8026 	4515
f 8031 	8030 	4520
f 8032 	8031 	4519
f 4520 	4519 	8031
f 8034 	8033 	4521
f 8035 	8034 	4524
f 4521 	4524 	8034
f 4515 	4516 	8027
f 4841 	94 	4843
f 4518 	8029 	8028
f 8032 	4519 	4522
f 8035 	4524 	4523
f 4346 	8116 	4345
f 4347 	8118 	4348
f 8118 	4347 	8119
f 4347 	4350 	8119
f 7344 	5028 	5027
f 7344 	7345 	5028
f 7345 	7346 	5029
f 754 	5000 	763
f 754 	5001 	5000
f 5001 	755 	4992
f 5053 	5052 	7384
f 7384 	4812 	5053
f 4825 	5056 	5072
f 4825 	4826 	5056
f 4826 	4830 	5057
f 1701 	1705 	4718
f 5045 	4992 	7368
f 7368 	7373 	5045
f 7378 	5049 	5046
f 5052 	5049 	7381
f 8043 	8042 	4769
f 8043 	4769 	4772
f 4773 	4528 	8051
f 527 	5618 	5617
f 8051 	8047 	4773
f 8054 	4530 	4529
f 8059 	4533 	4532
f 8059 	8058 	4533
f 8066 	4537 	4536
f 4862 	144 	4864
f 8066 	8065 	4537
f 4866 	145 	4862
f 8068 	8067 	4538
f 4538 	4539 	8068
f 8069 	8068 	4539
f 8070 	8069 	4540
f 4542 	4541 	8071
f 4540 	4542 	8070
f 8076 	4544 	4543
f 1867 	4395 	1868
f 4395 	1867 	4396
f 1870 	4397 	1871
f 4539 	4540 	8069
f 1875 	4570 	4569
f 2383 	2378 	834
f 572 	834 	2378
f 4570 	1874 	4571
f 8071 	8070 	4542
f 5233 	837 	560
f 1880 	4574 	1882
f 8078 	8077 	4546
f 5795 	5797 	5772
f 5773 	5772 	5797
f 1886 	4575 	1880
f 5618 	527 	5619
f 5773 	5797 	5775
f 5774 	5775 	5797
f 8080 	8078 	4545
f 5634 	5778 	5590
f 4545 	4548 	8080
f 8083 	8080 	4548
f 5779 	5797 	5784
f 5780 	5797 	5779
f 5780 	5776 	5797
f 5783 	5784 	5797
f 8083 	4548 	4547
f 1905 	4402 	1906
f 4403 	1907 	4401
f 1908 	4405 	1909
f 4402 	1905 	4404
f 5790 	5787 	5797
f 5797 	5787 	5788
f 5790 	5797 	5789
f 8145 	4370 	8146
f 5791 	5789 	5797
f 5794 	5792 	5797
f 5792 	5791 	5797
f 8147 	4371 	8148
f 5793 	5794 	5797
f 5795 	5793 	5797
f 730 	729 	4768
f 5777 	5774 	5797
f 5796 	5558 	4738
f 6734 	6732 	5688
f 5797 	5256 	5783
f 5776 	5777 	5797
f 6735 	5280 	5279
f 6735 	5279 	5600
f 5246 	5770 	5256
f 5770 	5771 	5256
f 5771 	5785 	5256
f 5785 	5786 	5256
f 5786 	5783 	5256
f 5820 	5827 	5800
f 5801 	5800 	5827
f 5801 	5827 	5803
f 5802 	5803 	5827
f 5584 	6862 	5583
f 5807 	5827 	5806
f 5807 	5804 	5827
f 5809 	5806 	5827
f 5586 	6864 	5585
f 5827 	5298 	5808
f 5811 	5808 	5298
f 5815 	5812 	5827
f 5827 	5812 	5813
f 5815 	5827 	5814
f 5816 	5814 	5827
f 5819 	5817 	5827
f 5817 	5816 	5827
f 5818 	5819 	5827
f 5820 	5818 	5827
f 5805 	5802 	5827
f 5822 	5823 	5821
f 5372 	5821 	5823
f 5371 	5821 	5372
f 5804 	5805 	5827
f 5274 	5798 	5298
f 5798 	5799 	5298
f 5799 	5810 	5298
f 5810 	5811 	5298
f 5808 	5809 	5827
f 5834 	5607 	5833
f 2205 	4619 	1920
f 5836 	5607 	5834
f 4619 	2205 	4620
f 5839 	5871 	5837
f 5840 	5871 	5839
f 2207 	4621 	4620
f 5838 	5835 	6114
f 5842 	5838 	6114
f 5842 	6114 	5841
f 5844 	5841 	6114
f 5843 	5844 	6114
f 5845 	6114 	5848
f 5846 	6114 	5845
f 5846 	5843 	6114
f 5837 	5607 	5836
f 5850 	5871 	5849
f 5840 	5849 	5871
f 5854 	5607 	5853
f 5599 	5853 	5607
f 5852 	5847 	6114
f 5847 	5848 	6114
f 5852 	6114 	5851
f 5855 	5607 	5854
f 5856 	5607 	5855
f 5860 	5607 	5856
f 5862 	5607 	5860
f 5861 	5857 	6114
f 6114 	5857 	5858
f 5864 	5607 	5862
f 5865 	5607 	5864
f 5289 	6935 	5287
f 5866 	5607 	5865
f 5867 	5607 	5866
f 5868 	5607 	5867
f 5607 	5868 	5869
f 5870 	5607 	5869
f 5782 	5607 	5781
f 5870 	5781 	5607
f 5782 	5833 	5607
f 5871 	5607 	5837
f 6735 	6938 	5280
f 5873 	5875 	5617
f 5559 	5874 	5275
f 5875 	5876 	5617
f 5876 	5879 	5617
f 5907 	5617 	5880
f 5879 	5880 	5617
f 5878 	6262 	5877
f 5881 	5907 	5880
f 5882 	5907 	5881
f 5907 	5882 	5883
f 5907 	5883 	5884
f 5680 	5889 	5653
f 5886 	5617 	5885
f 5616 	5885 	5617
f 5656 	5653 	5889
f 5617 	5886 	5887
f 5888 	5617 	5887
f 5893 	5617 	5888
f 5895 	5617 	5893
f 5892 	5904 	5894
f 5897 	5617 	5896
f 5895 	5896 	5617
f 5904 	5900 	5667
f 5617 	5897 	5898
f 5899 	5617 	5898
f 5901 	5902 	5617
f 1733 	1732 	4934
f 5902 	5903 	5617
f 5903 	5872 	5617
f 5872 	5873 	5617
f 5899 	5901 	5617
f 5670 	5667 	5900
f 5667 	5894 	5904
f 5892 	5890 	5904
f 5904 	5890 	5891
f 5904 	5891 	5889
f 5679 	5889 	5680
f 5679 	5677 	5889
f 5904 	5889 	5677
f 5904 	5677 	5678
f 5676 	5906 	5678
f 5675 	5674 	5676
f 5672 	5906 	5674
f 5673 	5906 	5672
f 5905 	5906 	5673
f 5904 	5678 	5906
f 5889 	5224 	5656
f 5909 	5910 	5632
f 5676 	5202 	5642
f 5174 	5172 	5629
f 5629 	5630 	5174
f 5189 	5187 	5672
f 5910 	5911 	5632
f 5911 	5912 	5632
f 5638 	5194 	5639
f 5913 	5914 	5632
f 5912 	5913 	5632
f 5627 	5170 	5198
f 5208 	5204 	5645
f 5645 	5646 	5208
f 5216 	5678 	5677
f 5219 	5218 	5680
f 5652 	5220 	5653
f 5680 	5653 	5219
f 5643 	5203 	5222
f 5914 	5915 	5632
f 5931 	5632 	5915
f 5931 	5915 	5916
f 5931 	5916 	5917
f 5919 	5632 	5918
f 5626 	5918 	5632
f 5227 	5226 	5659
f 5659 	5660 	5227
f 5920 	5632 	5919
f 5921 	5632 	5920
f 5326 	5325 	5890
f 5922 	5632 	5921
f 5892 	5326 	5890
f 5923 	5632 	5922
f 5925 	5632 	5924
f 5923 	5924 	5632
f 5666 	5329 	5667
f 5926 	5632 	5925
f 5927 	5632 	5926
f 5928 	5632 	5927
f 5657 	5225 	5331
f 4404 	1909 	4405
f 5929 	5930 	5632
f 5930 	5908 	5632
f 5908 	5909 	5632
f 5928 	5929 	5632
f 5891 	5224 	5889
f 4405 	1908 	4410
f 5202 	5676 	5216
f 5678 	5216 	5676
f 5165 	5168 	5904
f 1912 	4607 	1913
f 5933 	5906 	5932
f 5936 	5906 	5935
f 5938 	5941 	5937
f 5937 	5941 	5936
f 1917 	4613 	1916
f 1918 	4615 	1919
f 4613 	1917 	4614
f 1918 	4616 	4615
f 5939 	5940 	5941
f 5945 	5951 	5943
f 5946 	5951 	5945
f 5948 	5951 	5947
f 5946 	5947 	5951
f 4415 	2220 	4416
f 5950 	5951 	5949
f 5949 	5951 	5948
f 4416 	2219 	4418
f 2224 	4421 	2225
f 4781 	5173 	5171
f 4635 	2226 	4636
f 4781 	4782 	5173
f 2229 	4637 	4636
f 5956 	5957 	5904
f 2238 	4650 	2236
f 4650 	2238 	4651
f 4653 	2239 	4625
f 4625 	2242 	4626
f 4702 	5024 	5023
f 7347 	4787 	5031
f 4787 	4788 	5037
f 4799 	5036 	4796
f 4800 	4803 	5185
f 5027 	4981 	7343
f 5027 	7343 	7344
f 5029 	5028 	7345
f 5031 	5030 	7347
f 5037 	5031 	4787
f 5859 	5861 	6114
f 5863 	5859 	6114
f 6108 	5863 	6114
f 6110 	6114 	6109
f 6110 	6108 	6114
f 6111 	6109 	6114
f 5835 	6111 	6114
f 5311 	5831 	5321
f 5831 	5832 	5321
f 5832 	5851 	5321
f 5321 	5851 	6114
f 5934 	5932 	5906
f 6113 	5934 	5906
f 5933 	5935 	5906
f 5906 	5936 	5941
f 5939 	5941 	5938
f 5941 	5944 	5906
f 5942 	5904 	5944
f 5906 	5944 	5904
f 5942 	5943 	5904
f 5951 	5904 	5943
f 5951 	5954 	5904
f 5954 	5952 	5904
f 5952 	5953 	5904
f 5953 	5955 	5904
f 5955 	5956 	5904
f 5957 	5958 	5904
f 6112 	5904 	5959
f 5958 	5959 	5904
f 2378 	2377 	572
f 839 	3013 	840
f 3015 	842 	3014
f 230 	3022 	845
f 3011 	846 	3021
f 3013 	839 	3012
f 847 	3012 	839
f 5941 	5098 	5944
f 6113 	6115 	5934
f 6117 	5940 	6116
f 5939 	6116 	5940
f 6117 	6118 	5940
f 6119 	5940 	6118
f 408 	3485 	3486
f 6120 	5940 	6119
f 410 	409 	3487
f 6121 	5940 	6120
f 6122 	5940 	6121
f 3495 	225 	222
f 3495 	3496 	225
f 6129 	6130 	5940
f 6133 	6134 	5940
f 6124 	5940 	6123
f 6125 	5940 	6124
f 6126 	5940 	6125
f 6127 	5940 	6126
f 6129 	5940 	6128
f 6122 	6123 	5940
f 291 	290 	4482
f 6131 	5940 	6130
f 6132 	5940 	6131
f 4482 	4484 	291
f 6135 	5940 	6134
f 6127 	6128 	5940
f 6133 	5940 	6132
f 3490 	300 	298
f 3490 	3491 	300
f 301 	300 	3491
f 6137 	6141 	6136
f 305 	301 	3492
f 3491 	3492 	301
f 6139 	6141 	6138
f 6138 	6141 	6137
f 3492 	3493 	305
f 3485 	408 	407
f 6141 	5940 	6135
f 6135 	6136 	6141
f 6141 	6139 	6140
f 6143 	5950 	6142
f 5949 	6142 	5950
f 6148 	5950 	6147
f 6143 	6147 	5950
f 6150 	5950 	6148
f 6152 	5950 	6150
f 6153 	5950 	6152
f 6165 	5950 	6153
f 6166 	5950 	6165
f 6183 	6184 	5950
f 3028 	849 	3027
f 848 	3027 	849
f 3029 	850 	3028
f 6169 	5950 	6167
f 6167 	5950 	6166
f 6172 	5950 	6169
f 6178 	5950 	6177
f 6177 	5950 	6172
f 6179 	5950 	6178
f 6180 	5950 	6179
f 6182 	5950 	6180
f 3036 	251 	250
f 251 	3036 	1004
f 6183 	5950 	6182
f 3035 	1005 	1004
f 6185 	5950 	6184
f 6192 	6202 	6191
f 6195 	6202 	6192
f 6196 	6202 	6195
f 6185 	6191 	6202
f 6202 	5950 	6185
f 6202 	6196 	6199
f 6205 	6112 	6204
f 5959 	6204 	6112
f 6207 	6112 	6206
f 6205 	6206 	6112
f 6208 	6112 	6207
f 6209 	6112 	6208
f 6209 	6210 	6112
f 244 	425 	3553
f 3553 	3711 	244
f 6218 	6112 	6217
f 6219 	6220 	6112
f 6212 	6112 	6211
f 6213 	6112 	6212
f 6214 	6112 	6213
f 6215 	6112 	6214
f 6210 	6211 	6112
f 6217 	6112 	6216
f 6216 	6112 	6215
f 413 	412 	4487
f 414 	413 	4486
f 6219 	6112 	6218
f 416 	415 	4489
f 4490 	4489 	415
f 4486 	4490 	414
f 6223 	6112 	6222
f 6221 	6112 	6220
f 415 	414 	4490
f 6224 	6112 	6223
f 6226 	6112 	6225
f 6225 	6112 	6224
f 5057 	5056 	4826
f 6227 	6230 	6226
f 419 	418 	3504
f 3504 	3505 	419
f 6221 	6222 	6112
f 6229 	6112 	6226
f 6228 	6230 	6227
f 6229 	6226 	6230
f 5950 	5130 	5951
f 6202 	5130 	5950
f 4836 	5064 	4833
f 5098 	5941 	5940
f 3552 	3499 	422
f 5934 	5065 	5932
f 5052 	7381 	7384
f 6231 	5877 	6262
f 4808 	5193 	5200
f 6233 	6231 	6262
f 5178 	4783 	5588
f 6233 	6262 	6236
f 6239 	6236 	6262
f 527 	5617 	5907
f 6242 	6239 	6262
f 531 	5608 	5607
f 533 	531 	5871
f 6243 	6242 	6262
f 6246 	6243 	6262
f 6249 	6246 	6262
f 6251 	6249 	6262
f 6253 	6251 	6262
f 6253 	5600 	6258
f 5579 	6258 	5600
f 6262 	5600 	6253
f 6264 	6299 	6263
f 6273 	6263 	6299
f 6274 	6273 	6299
f 6274 	6299 	6275
f 6276 	6275 	6299
f 6277 	6276 	6299
f 6279 	6277 	6299
f 6282 	6279 	6299
f 6283 	6282 	6299
f 6286 	6283 	6299
f 6291 	6286 	6299
f 6291 	5688 	6296
f 5602 	6296 	5688
f 6299 	5688 	6291
f 742 	4366 	8039
f 4738 	4734 	734
f 906 	912 	5599
f 5598 	906 	5599
f 8012 	8011 	4740
f 912 	5854 	5853
f 8011 	8010 	4741
f 8018 	8017 	4502
f 8009 	4734 	4733
f 8012 	4740 	4747
f 8019 	8018 	4504
f 1150 	5613 	1144
f 4508 	8022 	8021
f 5885 	5616 	1157
f 5615 	1155 	5616
f 5885 	1157 	5886
f 8023 	8022 	4507
f 8025 	8024 	4509
f 4510 	4509 	8024
f 4507 	4510 	8023
f 8024 	8023 	4510
f 4509 	4511 	8025
f 8030 	8029 	4517
f 4518 	4517 	8029
f 4517 	4520 	8030
f 730 	4768 	4766
f 4527 	8052 	8051
f 4527 	4530 	8052
f 4529 	8055 	8054
f 8058 	8055 	4531
f 1491 	5625 	1490
f 8063 	8060 	4535
f 4532 	4535 	8060
f 1491 	1494 	5626
f 5625 	1491 	5626
f 1494 	5919 	5918
f 1022 	3044 	1024
f 573 	1024 	3045
f 269 	3055 	1037
f 3039 	1040 	3054
f 1037 	3054 	1040
f 3039 	1041 	1040
f 3725 	3726 	263
f 266 	263 	3726
f 4420 	2222 	2225
f 3726 	3727 	266
f 4495 	4494 	427
f 2226 	4635 	2227
f 429 	4493 	4497
f 432 	3719 	433
f 3718 	3720 	433
f 437 	436 	3723
f 3723 	3715 	437
f 4641 	2232 	4642
f 4400 	1904 	1907
f 4400 	1907 	4403
f 4857 	5298 	127
f 5827 	7590 	5298
f 1865 	4393 	6351
f 4837 	5256 	70
f 5797 	7591 	5256
f 4831 	33 	4832
f 6356 	5556 	6355
f 5242 	12 	5240
f 21 	20 	4822
f 8041 	8040 	4765
f 4529 	4531 	8055
f 4532 	8060 	8059
f 4531 	4533 	8058
f 8065 	8063 	4534
f 4536 	8067 	8066
f 4536 	4538 	8067
f 4541 	8072 	8071
f 4541 	4544 	8072
f 8076 	4543 	8077
f 4738 	734 	5796
f 6372 	5796 	734
f 6299 	6733 	5688
f 5600 	6738 	6735
f 6262 	6737 	5600
f 5877 	6231 	6752
f 5957 	5137 	5958
f 5958 	5136 	5959
f 5136 	5139 	5959
f 5585 	6863 	5584
f 5267 	6869 	5268
f 6263 	6273 	6879
f 6376 	6377 	6370
f 6382 	6386 	6381
f 6383 	6384 	6386
f 6381 	6386 	6380
f 6385 	6386 	6384
f 6382 	6383 	6386
f 6890 	6889 	6296
f 6395 	5557 	6394
f 6925 	5605 	5606
f 5681 	6926 	5606
f 5682 	6927 	5681
f 5683 	6928 	5682
f 6929 	5683 	5684
f 5283 	6933 	5284
f 6398 	6353 	5556
f 6353 	6354 	5556
f 6354 	6355 	5556
f 6356 	6357 	5556
f 6369 	6370 	6377
f 6369 	6377 	6357
f 5556 	6357 	6377
f 6377 	6378 	5556
f 6379 	5557 	6378
f 6380 	5557 	6379
f 5556 	6378 	5557
f 5557 	6380 	6386
f 5557 	6386 	6388
f 5557 	6388 	6389
f 5557 	6389 	6390
f 5557 	6390 	6393
f 6393 	6394 	5557
f 6397 	5557 	6396
f 6395 	6396 	5557
f 5874 	6399 	5275
f 1889 	4577 	1884
f 6401 	6595 	6400
f 4580 	1895 	4584
f 29 	4823 	4829
f 32 	4832 	33
f 5245 	36 	5246
f 5770 	5246 	7603
f 4434 	1900 	4435
f 45 	5250 	46
f 54 	5254 	55
f 5619 	1470 	5620
f 1467 	5621 	5620
f 5608 	531 	5609
f 5590 	5778 	888
f 6405 	6477 	6404
f 6406 	6477 	6405
f 6407 	6477 	6406
f 6408 	6477 	6407
f 6404 	6477 	6403
f 6477 	6408 	6409
f 6412 	6477 	6411
f 6413 	6477 	6412
f 6414 	6477 	6413
f 6416 	6477 	6415
f 6414 	6415 	6477
f 6417 	6477 	6416
f 6418 	6477 	6417
f 6419 	6477 	6418
f 88 	5263 	90
f 94 	93 	4843
f 4847 	4846 	97
f 4847 	96 	4841
f 4852 	101 	4846
f 102 	4852 	4850
f 110 	108 	5274
f 5273 	110 	5274
f 5272 	111 	5273
f 6469 	6477 	6419
f 6403 	6477 	6469
f 1697 	1699 	4715
f 4719 	4718 	1705
f 1705 	1712 	4719
f 1713 	4923 	4922
f 4924 	4923 	1716
f 1713 	1716 	4923
f 1722 	1721 	5535
f 5850 	6473 	5871
f 2984 	3099 	2775
f 6475 	5871 	6474
f 3543 	3757 	2769
f 6115 	6832 	5934
f 6473 	6474 	5871
f 6476 	6410 	5871
f 6475 	6476 	5871
f 6410 	6411 	6477
f 6477 	5871 	6410
f 2311 	2769 	3757
f 6482 	6580 	6481
f 6481 	6580 	6478
f 6483 	6580 	6482
f 4273 	2255 	4256
f 6486 	6141 	6484
f 6485 	6580 	6483
f 6487 	6580 	6485
f 4423 	2251 	4273
f 4273 	2253 	2255
f 6580 	6487 	6490
f 6492 	6506 	6491
f 6141 	6486 	6506
f 6489 	6506 	6488
f 6494 	6506 	6493
f 6492 	6493 	6506
f 6496 	6506 	6495
f 6495 	6506 	6494
f 2253 	4273 	2251
f 1379 	1677 	5557
f 6497 	6506 	6496
f 6498 	6506 	6497
f 6499 	6506 	6498
f 6500 	6506 	6499
f 6501 	6506 	6500
f 6502 	6506 	6501
f 6504 	6506 	6503
f 6503 	6506 	6502
f 1379 	5557 	767
f 6397 	767 	5557
f 6506 	6504 	6505
f 6140 	6479 	6141
f 6479 	6480 	6141
f 6480 	6484 	6141
f 6488 	6506 	6486
f 6491 	6506 	6489
f 6397 	5002 	767
f 764 	767 	5002
f 6510 	6202 	6509
f 4969 	5557 	1677
f 6512 	6529 	6511
f 6514 	6529 	6513
f 2775 	6544 	2909
f 6513 	6529 	6512
f 2769 	2772 	3099
f 3099 	3543 	2769
f 3757 	4256 	2255
f 2311 	3757 	2255
f 2772 	2775 	3099
f 2909 	2984 	2775
f 6518 	6529 	6517
f 6515 	6529 	6514
f 6519 	6529 	6518
f 6520 	6529 	6519
f 4423 	4658 	2251
f 2251 	4658 	1858
f 6521 	6529 	6520
f 6516 	6517 	6529
f 6523 	6529 	6522
f 6524 	6529 	6523
f 1677 	1858 	4658
f 6526 	6529 	6525
f 6525 	6529 	6524
f 6522 	6529 	6521
f 4969 	1677 	4658
f 6529 	6526 	6527
f 6530 	6541 	6528
f 668 	6545 	6530
f 6199 	6507 	6202
f 6507 	6508 	6202
f 6508 	6509 	6202
f 6511 	6529 	6510
f 6202 	6510 	6529
f 6515 	6516 	6529
f 6534 	6557 	6533
f 6533 	6557 	6532
f 6535 	6557 	6534
f 2909 	6545 	668
f 6537 	6557 	6536
f 6541 	6530 	6540
f 6540 	6530 	6545
f 6545 	2909 	6544
f 6547 	6557 	6546
f 6546 	6557 	6543
f 6548 	6557 	6547
f 6543 	6557 	6542
f 6542 	6557 	6538
f 6550 	6557 	6549
f 6551 	6557 	6550
f 6552 	6557 	6551
f 6549 	6557 	6548
f 5207 	4699 	5080
f 6555 	6557 	6554
f 6553 	6554 	6557
f 6557 	6555 	6556
f 6230 	6228 	6531
f 6531 	6532 	6230
f 6536 	6557 	6535
f 6538 	6557 	6537
f 6553 	6557 	6552
f 6230 	6532 	6557
f 6529 	4911 	6202
f 6506 	4879 	6141
f 764 	5002 	4699
f 5936 	5066 	5937
f 5937 	5071 	5938
f 5069 	5938 	5071
f 5939 	5938 	5069
f 6562 	6580 	6561
f 6566 	6580 	6565
f 6120 	5077 	6121
f 6567 	6580 	6566
f 6568 	6580 	6567
f 6564 	6580 	6563
f 6559 	6571 	5878
f 6564 	6565 	6580
f 6570 	6580 	6569
f 6478 	6580 	6570
f 6568 	6569 	6580
f 6262 	5878 	6571
f 5884 	6572 	5907
f 6576 	5907 	6575
f 6573 	6589 	6577
f 6574 	6595 	6573
f 6560 	5907 	6578
f 6577 	6589 	6579
f 6579 	6589 	6264
f 6572 	6575 	5907
f 6576 	6578 	5907
f 6561 	6580 	6560
f 5907 	6560 	6580
f 6562 	6563 	6580
f 5078 	6122 	5079
f 6583 	6558 	6582
f 6581 	6582 	6558
f 5079 	6121 	5077
f 6584 	6558 	6583
f 6585 	6558 	6584
f 6586 	6558 	6585
f 6558 	6586 	6587
f 5084 	6126 	6125
f 6593 	6558 	6592
f 6299 	6264 	6589
f 6595 	6589 	6573
f 6571 	6595 	6574
f 6559 	6402 	6571
f 6400 	6595 	6402
f 6595 	6571 	6402
f 6594 	6595 	6401
f 6595 	6630 	6589
f 4704 	4703 	1679
f 1679 	1683 	4704
f 4705 	1682 	4706
f 1682 	1687 	4706
f 1690 	1696 	4712
f 1696 	1695 	4713
f 4573 	1882 	4574
f 6139 	5096 	6140
f 4766 	4765 	8040
f 4575 	1886 	4576
f 4576 	1884 	4577
f 4429 	1897 	4430
f 4617 	1920 	4619
f 2207 	4620 	2205
f 4621 	2207 	2206
f 144 	143 	4864
f 155 	4874 	4873
f 5822 	6596 	6597
f 5822 	6597 	5823
f 159 	158 	5311
f 5311 	5310 	159
f 6601 	6558 	6600
f 6600 	6558 	6593
f 6602 	6558 	6601
f 6603 	6558 	6602
f 6605 	6558 	6604
f 6581 	6558 	6605
f 6603 	6604 	6558
f 5314 	165 	5315
f 5917 	6606 	5931
f 6608 	5931 	6607
f 8040 	730 	4766
f 4765 	4770 	8041
f 6606 	6607 	5931
f 6609 	6558 	6608
f 6590 	6558 	6588
f 6588 	6558 	6609
f 6591 	6558 	6590
f 6592 	6558 	6591
f 5931 	6608 	6558
f 4774 	4776 	5025
f 5020 	4778 	4779
f 4763 	4768 	729
f 732 	6372 	734
f 5295 	5688 	6732
f 6589 	6733 	6299
f 6571 	6737 	6262
f 6737 	6738 	5600
f 6749 	6743 	6559
f 6559 	5878 	6749
f 6752 	6749 	5878
f 5877 	6752 	5878
f 6610 	4407 	6558
f 5015 	7280 	7281
f 5080 	4699 	5002
f 5632 	4694 	5207
f 6764 	6756 	6236
f 5025 	5024 	4774
f 6558 	4407 	5931
f 6236 	6239 	6764
f 4699 	5207 	4696
f 2727 	3380 	373
f 6611 	3380 	6610
f 4777 	4778 	5019
f 6779 	6776 	6249
f 2694 	374 	6622
f 5632 	5931 	4694
f 4554 	4694 	5931
f 4696 	5207 	4694
f 6781 	6780 	6253
f 374 	2694 	373
f 2727 	373 	2694
f 6253 	6258 	6781
f 6611 	373 	3380
f 3877 	6610 	3380
f 4554 	5931 	4407
f 4407 	6610 	3877
f 1731 	1730 	4932
f 5560 	6784 	5579
f 1735 	4936 	4935
f 1735 	1734 	4936
f 5580 	6785 	5560
f 6787 	5581 	5582
f 1737 	4939 	4938
f 5583 	6861 	5582
f 5584 	6863 	6862
f 6863 	5585 	6864
f 4944 	4943 	1745
f 1745 	1744 	4944
f 6868 	5593 	5594
f 6612 	3353 	6621
f 6621 	3356 	6620
f 5594 	5268 	6868
f 6625 	6635 	6624
f 6870 	5269 	6871
f 5032 	5039 	4790
f 5270 	6872 	5271
f 5275 	6874 	5276
f 6872 	5270 	6873
f 6626 	6635 	6625
f 5185 	5183 	4800
f 6627 	6632 	6626
f 6878 	6877 	6579
f 6628 	6632 	6627
f 6579 	6264 	6878
f 6879 	6878 	6264
f 6263 	6879 	6264
f 5823 	6597 	6630
f 5030 	5029 	7346
f 6629 	6597 	6628
f 5823 	6630 	5372
f 6632 	6628 	6631
f 6617 	5372 	6630
f 6629 	6630 	6597
f 6631 	6628 	6597
f 6633 	6626 	6632
f 4788 	4789 	5038
f 5039 	5038 	4789
f 6634 	6636 	6624
f 6635 	6626 	6633
f 6623 	6624 	6636
f 6634 	6624 	6635
f 6887 	6886 	6283
f 2694 	6622 	6637
f 6623 	6636 	6622
f 6637 	6622 	6636
f 4796 	5035 	5034
f 6283 	6286 	6887
f 6619 	3777 	6618
f 3733 	5372 	6618
f 6617 	6618 	5372
f 6613 	3353 	6612
f 6890 	6296 	5602
f 6615 	4120 	6614
f 3582 	3777 	6620
f 6613 	4124 	3353
f 3582 	6620 	3356
f 3356 	6621 	3353
f 6615 	6616 	4120
f 4839 	4842 	5197
f 4122 	4124 	6614
f 4122 	6614 	4120
f 6613 	6614 	4124
f 4842 	4845 	5199
f 3733 	6618 	3777
f 6619 	6620 	3777
f 5046 	5045 	7373
f 6641 	4802 	6557
f 5162 	6229 	5058
f 6539 	4795 	6643
f 6539 	6643 	6541
f 6528 	6541 	6643
f 6642 	6643 	4795
f 6642 	4795 	6641
f 4798 	4802 	6641
f 4798 	6641 	4795
f 6557 	4802 	6230
f 5058 	6230 	4802
f 6230 	5058 	6229
f 5166 	6229 	5162
f 4927 	4926 	1725
f 4928 	4927 	1727
f 1729 	1728 	4930
f 1726 	1729 	4929
f 1733 	4934 	4933
f 4937 	4936 	1734
f 4614 	1919 	4615
f 5947 	5105 	5948
f 5948 	5104 	5949
f 6147 	5109 	6148
f 6148 	5108 	6150
f 5112 	6152 	5110
f 4622 	2209 	4623
f 4621 	2206 	4622
f 2213 	4597 	2210
f 6152 	5112 	6153
f 6150 	5110 	6152
f 2236 	4648 	2234
f 4643 	2234 	4648
f 4651 	2237 	4652
f 1823 	1822 	4952
f 175 	5318 	5320
f 1834 	4964 	4963
f 1834 	1838 	4964
f 7798 	7839 	5835
f 1839 	4967 	4966
f 4968 	4967 	1843
f 1839 	1843 	4967
f 1842 	1847 	5548
f 1847 	1846 	5549
f 4949 	4948 	1819
f 1819 	1821 	4949
f 4952 	4951 	1823
f 4951 	1820 	1823
f 127 	155 	4859
f 70 	106 	4838
f 1828 	4959 	4958
f 6644 	7239 	4831
f 5769 	6644 	4831
f 1828 	1830 	4959
f 6647 	6672 	6646
f 4640 	2233 	4641
f 4642 	2235 	4643
f 6672 	6653 	6648
f 6649 	6672 	6648
f 6645 	6672 	6649
f 6650 	6653 	6652
f 6651 	6648 	6653
f 6652 	6653 	5788
f 4648 	2236 	4650
f 2237 	4651 	2238
f 4652 	2240 	4653
f 5199 	5197 	4842
f 5191 	4806 	4784
f 6656 	6672 	6655
f 6654 	6662 	6658
f 6655 	6672 	6654
f 6657 	6662 	6660
f 6658 	6662 	6657
f 6659 	6662 	6661
f 6660 	6662 	6659
f 6661 	6662 	5813
f 6185 	5124 	6191
f 6665 	6662 	6673
f 6663 	6673 	6667
f 6664 	6665 	6673
f 6666 	6673 	6669
f 6667 	6673 	6666
f 6668 	6673 	6670
f 6669 	6673 	6668
f 6670 	6673 	5858
f 6663 	6664 	6673
f 6672 	6673 	6662
f 5827 	5813 	6662
f 6672 	6662 	6654
f 6653 	6672 	6656
f 5797 	5788 	6653
f 6650 	6651 	6653
f 6645 	6646 	6672
f 6671 	6672 	6647
f 6114 	5858 	6673
f 4483 	4482 	290
f 4483 	290 	287
f 5952 	5132 	5953
f 5588 	4783 	4851
f 6580 	528 	5907
f 4481 	4480 	285
f 286 	285 	4480
f 6477 	532 	5871
f 287 	286 	4479
f 4480 	4479 	286
f 287 	4479 	4483
f 3486 	409 	408
f 3486 	3487 	409
f 3487 	3494 	410
f 4488 	4487 	412
f 4487 	4486 	413
f 417 	416 	4491
f 4491 	3503 	417
f 421 	420 	3551
f 3551 	3552 	421
f 1320 	1994 	1063
f 1054 	1063 	1994
f 6923 	5603 	5604
f 5840 	881 	5849
f 882 	883 	5850
f 5849 	882 	5850
f 2384 	836 	1994
f 5603 	6922 	5601
f 281 	836 	3056
f 852 	853 	6476
f 6923 	5604 	6924
f 5605 	6924 	5604
f 191 	199 	4514
f 2384 	3056 	836
f 185 	191 	4514
f 1054 	1994 	836
f 1215 	6616 	1063
f 6927 	5682 	6928
f 3728 	199 	3056
f 4514 	4877 	185
f 4877 	5321 	185
f 1320 	1063 	6616
f 180 	185 	5321
f 6932 	5686 	5687
f 6114 	6677 	5321
f 6673 	6677 	6114
f 281 	3056 	199
f 5475 	6676 	5498
f 6673 	5498 	6676
f 3728 	4514 	199
f 180 	5321 	6677
f 6677 	6673 	6676
f 5687 	5284 	6932
f 1215 	4120 	6616
f 5288 	6936 	5289
f 5293 	5292 	6938
f 6574 	6875 	6571
f 2242 	4625 	2239
f 5292 	5280 	6938
f 2243 	4628 	2244
f 6399 	6691 	5275
f 4626 	2241 	4627
f 659 	633 	6595
f 633 	635 	6595
f 818 	1332 	819
f 1336 	625 	819
f 629 	822 	821
f 6378 	698 	6379
f 697 	6380 	6379
f 1703 	647 	1704
f 649 	1706 	645
f 6389 	738 	6390
f 737 	6390 	738
f 1708 	648 	1709
f 650 	1711 	651
f 1709 	651 	1711
f 1711 	650 	752
f 633 	3058 	1438
f 2630 	1438 	3556
f 6733 	6734 	5688
f 5296 	5295 	6732
f 6398 	6739 	6353
f 6401 	6400 	6741
f 6744 	6376 	6742
f 6748 	6376 	6744
f 6370 	6742 	6376
f 4971 	6376 	6748
f 4977 	4978 	6376
f 4980 	6376 	4978
f 5954 	5133 	5952
f 5136 	5958 	5137
f 6740 	6741 	6400
f 6400 	6402 	6740
f 6743 	6740 	6402
f 6402 	6559 	6743
f 6231 	6754 	6752
f 6756 	6754 	6233
f 6231 	6233 	6754
f 6233 	6236 	6756
f 6239 	6767 	6764
f 6770 	6767 	6242
f 6239 	6242 	6767
f 6242 	6243 	6770
f 5146 	6212 	5145
f 6773 	6770 	6243
f 6209 	5144 	6210
f 6243 	6246 	6773
f 6776 	6773 	6246
f 6208 	5142 	6209
f 6246 	6249 	6776
f 6779 	6249 	6251
f 6258 	6782 	6781
f 5579 	6782 	6258
f 6779 	6251 	6780
f 6251 	6253 	6780
f 5156 	6224 	6223
f 5579 	6783 	6782
f 5579 	6784 	6783
f 6226 	5161 	6227
f 6227 	5160 	6228
f 5160 	4914 	6228
f 4494 	428 	427
f 4494 	4493 	428
f 4497 	4496 	430
f 431 	430 	4496
f 429 	4497 	430
f 4496 	4499 	431
f 435 	434 	3721
f 3721 	3722 	435
f 3715 	438 	437
f 3716 	439 	438
f 3716 	438 	3715
f 3716 	3717 	439
f 3717 	3724 	440
f 4488 	412 	411
f 441 	4814 	285
f 4481 	285 	4814
f 7590 	128 	5298
f 6662 	7590 	5827
f 7591 	71 	5256
f 6653 	7591 	5797
f 29 	4829 	30
f 4827 	30 	4829
f 30 	4827 	32
f 5853 	5599 	912
f 4832 	32 	4827
f 5253 	55 	5254
f 5255 	57 	5253
f 5237 	7595 	5236
f 5239 	7596 	5237
f 5241 	13 	5242
f 21 	4821 	24
f 4824 	24 	4821
f 7603 	7616 	5770
f 5882 	1106 	5883
f 1116 	1122 	5884
f 5883 	1116 	5884
f 998 	999 	6578
f 5254 	54 	5251
f 1154 	5615 	5614
f 6791 	6385 	6766
f 6384 	6766 	6385
f 6794 	6385 	6791
f 4982 	6385 	6794
f 4988 	4989 	6385
f 4991 	6385 	4989
f 6805 	6397 	6804
f 6396 	6804 	6397
f 6806 	6397 	6805
f 7613 	7612 	5783
f 4993 	6397 	6806
f 7700 	6647 	6646
f 7705 	7704 	6650
f 7706 	7705 	6652
f 7706 	6652 	5788
f 5788 	5787 	7706
f 5951 	5130 	5954
f 5904 	6112 	5165
f 6834 	6841 	6833
f 6833 	6841 	6505
f 6860 	6841 	6836
f 6835 	6836 	6841
f 6837 	6860 	6836
f 6840 	6860 	6839
f 6834 	6835 	6841
f 6838 	6860 	6837
f 6843 	6850 	6842
f 6842 	6850 	6527
f 6845 	6850 	6844
f 6844 	6850 	6843
f 6846 	6850 	6845
f 6848 	6641 	6847
f 6529 	6527 	6850
f 6852 	6641 	6851
f 6851 	6641 	6556
f 6854 	6641 	6853
f 6853 	6641 	6852
f 6855 	6641 	6854
f 6857 	6641 	6856
f 6557 	6556 	6641
f 6855 	6856 	6641
f 6641 	6857 	6858
f 6641 	6858 	6850
f 6846 	6847 	6850
f 6641 	6850 	6847
f 6641 	6848 	6849
f 6841 	6860 	6849
f 6506 	6505 	6841
f 6838 	6839 	6860
f 6859 	6860 	6840
f 6641 	6849 	6860
f 6850 	4911 	6529
f 6841 	4879 	6506
f 5932 	5063 	5933
f 4999 	6397 	4998
f 5000 	5001 	6397
f 1724 	1723 	4591
f 6784 	5560 	6785
f 1900 	4434 	1901
f 4433 	1901 	4434
f 5581 	6786 	5580
f 1903 	4435 	1900
f 1695 	1697 	4714
f 1712 	1714 	4720
f 1722 	5535 	5534
f 6785 	5580 	6786
f 5581 	6787 	6786
f 6787 	5582 	6861
f 5583 	6862 	6861
f 5935 	5067 	5936
f 5066 	5936 	5067
f 5067 	5935 	5062
f 5071 	5937 	5066
f 6743 	6737 	6740
f 6741 	6740 	6737
f 6117 	5073 	6118
f 6749 	6737 	6743
f 6118 	5076 	6119
f 6752 	6737 	6749
f 6754 	6737 	6752
f 6119 	5075 	6120
f 6756 	6737 	6754
f 6121 	5079 	6122
f 6764 	6737 	6756
f 6122 	5078 	6123
f 5081 	6123 	5078
f 6767 	6737 	6764
f 6773 	6737 	6770
f 6770 	6737 	6767
f 6776 	6737 	6773
f 6779 	6737 	6776
f 6780 	6737 	6779
f 6781 	6737 	6780
f 6782 	6738 	6781
f 6783 	6738 	6782
f 6737 	6781 	6738
f 6877 	6733 	6876
f 6875 	6876 	6733
f 6878 	6733 	6877
f 6879 	6733 	6878
f 6880 	6733 	6879
f 6881 	6733 	6880
f 6883 	6733 	6882
f 6882 	6733 	6881
f 6884 	6733 	6883
f 6885 	6733 	6884
f 6886 	6733 	6885
f 6887 	6733 	6886
f 5088 	6131 	5089
f 6888 	6733 	6887
f 6734 	6733 	6889
f 6129 	5086 	6130
f 6890 	6734 	6889
f 6891 	6734 	6890
f 6888 	6889 	6733
f 6596 	6892 	6741
f 6596 	6741 	6737
f 6596 	6737 	6875
f 6596 	6875 	6733
f 6896 	6597 	6895
f 6897 	6597 	6896
f 6898 	6597 	6897
f 6899 	6597 	6898
f 6894 	6895 	6597
f 4711 	4710 	1691
f 6901 	6597 	6900
f 6900 	6597 	6899
f 4715 	4714 	1697
f 4712 	4711 	1690
f 1701 	4718 	4717
f 4720 	4719 	1712
f 5587 	6865 	5586
f 6864 	5586 	6865
f 5589 	6866 	5587
f 6865 	5587 	6866
f 1718 	1717 	5531
f 6866 	5589 	6867
f 5593 	6867 	5589
f 6867 	5593 	6868
f 6868 	5268 	6869
f 1717 	1720 	5532
f 5269 	6870 	5267
f 6869 	5267 	6870
f 5271 	6871 	5269
f 5534 	1719 	1722
f 6871 	5271 	6872
f 4431 	1899 	4432
f 6873 	5276 	6874
f 4432 	1898 	4433
f 5276 	6873 	5270
f 6573 	6876 	6875
f 6573 	6875 	6574
f 6573 	6577 	6876
f 6877 	6876 	6577
f 6577 	6579 	6877
f 1086 	5873 	1084
f 6273 	6880 	6879
f 6881 	6880 	6274
f 6273 	6274 	6880
f 6274 	6275 	6881
f 6882 	6881 	6275
f 6883 	6882 	6276
f 6275 	6276 	6882
f 6884 	6883 	6277
f 6276 	6277 	6883
f 6885 	6884 	6279
f 5611 	1143 	5612
f 6277 	6279 	6884
f 6885 	6279 	6282
f 6286 	6888 	6887
f 6291 	6296 	6889
f 6891 	6890 	5602
f 6891 	5602 	6921
f 5601 	6921 	5602
f 6282 	6886 	6885
f 6282 	6283 	6886
f 6291 	6889 	6888
f 6291 	6888 	6286
f 4705 	4704 	1683
f 4705 	1683 	1682
f 1689 	4709 	4708
f 4710 	4709 	1688
f 6921 	5601 	6922
f 6922 	5603 	6923
f 1691 	1690 	4711
f 5915 	1450 	5916
f 1451 	1452 	5917
f 5916 	1451 	5917
f 7708 	5790 	5789
f 7708 	7707 	5790
f 5605 	6925 	6924
f 7709 	5789 	5791
f 1419 	1420 	6609
f 6925 	5606 	6926
f 5792 	7710 	5791
f 5681 	6927 	6926
f 6928 	5683 	6929
f 5685 	6930 	5684
f 6929 	5684 	6930
f 6930 	5685 	6931
f 5686 	6931 	5685
f 5686 	6932 	6931
f 6932 	5284 	6933
f 5283 	6934 	6933
f 5287 	6934 	5283
f 5287 	6935 	6934
f 5293 	6938 	6937
f 6936 	5288 	6937
f 4855 	104 	4850
f 5294 	5257 	73
f 5930 	1773 	5908
f 1444 	5909 	1443
f 5258 	77 	5257
f 80 	5259 	5260
f 80 	5260 	84
f 88 	5261 	5263
f 5265 	90 	5263
f 4847 	97 	96
f 94 	4841 	96
f 5621 	1475 	5622
f 5622 	1480 	5623
f 7715 	7728 	5798
f 5918 	5626 	1494
f 111 	5272 	113
f 7005 	7013 	7004
f 7004 	7013 	6409
f 7006 	7007 	7013
f 7121 	7013 	7007
f 7008 	7121 	7007
f 7009 	7121 	7008
f 7005 	7006 	7013
f 7011 	7121 	7010
f 5285 	119 	5286
f 7015 	7105 	7014
f 7014 	7105 	6490
f 118 	5281 	5286
f 5291 	122 	5285
f 7022 	6597 	6901
f 5293 	6937 	5288
f 7023 	6597 	7022
f 7024 	6597 	7023
f 7025 	6597 	7024
f 6132 	5091 	6133
f 7026 	6597 	7025
f 5093 	6134 	5090
f 6631 	6597 	7028
f 7029 	6631 	7028
f 6935 	5289 	6936
f 7026 	7027 	6597
f 7027 	7028 	6597
f 6893 	6597 	6733
f 6894 	6597 	6893
f 6596 	6733 	6597
f 6737 	6571 	6875
f 6741 	6892 	6401
f 6892 	6594 	6401
f 5096 	4807 	6140
f 5275 	6691 	6874
f 7039 	6874 	6691
f 6613 	7043 	7044
f 7045 	7043 	6613
f 7046 	7045 	6613
f 7047 	7046 	6613
f 7049 	7048 	6613
f 7048 	7047 	6613
f 4858 	6504 	6503
f 4713 	4712 	1696
f 4714 	4713 	1695
f 4922 	1714 	1713
f 5529 	1715 	5530
f 7736 	7735 	6661
f 7088 	7052 	6613
f 7052 	7049 	6613
f 7090 	7088 	6613
f 7091 	7090 	6613
f 7093 	7091 	6613
f 7095 	7093 	6613
f 6613 	6612 	7095
f 2182 	7095 	6612
f 4171 	7048 	7049
f 7049 	7052 	4172
f 4173 	4172 	7052
f 4174 	4173 	7088
f 7016 	7105 	7015
f 7019 	7105 	7016
f 7102 	7105 	7101
f 7101 	7105 	7019
f 7104 	6610 	7103
f 6580 	6490 	7105
f 7107 	6610 	7106
f 7106 	6610 	6587
f 1715 	1718 	5530
f 5531 	5530 	1718
f 7108 	6610 	7107
f 7109 	6610 	7108
f 5532 	5531 	1717
f 7115 	6610 	7114
f 7114 	6610 	7109
f 5534 	5533 	1719
f 7119 	6610 	7117
f 6558 	6587 	6610
f 7115 	7117 	6610
f 6610 	7119 	7105
f 7103 	6610 	7102
f 7105 	7102 	6610
f 7013 	7121 	7104
f 6477 	6409 	7013
f 7009 	7010 	7121
f 7120 	7121 	7011
f 6610 	7104 	7121
f 4991 	4808 	735
f 4783 	5178 	5176
f 7282 	4701 	5017
f 5023 	5017 	4701
f 4701 	4702 	5023
f 5533 	1720 	1719
f 5019 	5018 	4777
f 5020 	5019 	4778
f 5536 	5535 	1721
f 5171 	5022 	4780
f 5171 	4780 	4781
f 2214 	4600 	2215
f 5102 	5946 	5103
f 5943 	5099 	5945
f 1734 	1736 	4937
f 5176 	5173 	4782
f 1737 	1739 	4939
f 4782 	4783 	5176
f 1738 	1740 	4941
f 4945 	4944 	1744
f 5110 	6150 	5108
f 1747 	1746 	5538
f 5538 	4946 	1747
f 1744 	1747 	4945
f 4946 	4945 	1747
f 6165 	5113 	6166
f 5115 	6169 	5116
f 6167 	5116 	6169
f 6166 	5114 	6167
f 6167 	5114 	5116
f 5117 	6172 	5115
f 1725 	1727 	4927
f 4929 	4928 	1726
f 4930 	4929 	1729
f 7736 	6661 	5813
f 5813 	5812 	7736
f 7739 	7738 	5814
f 6172 	5117 	6177
f 7739 	5814 	5816
f 5119 	6178 	6177
f 5817 	7740 	5816
f 6180 	5120 	6182
f 6182 	5123 	6183
f 5122 	6184 	6183
f 6191 	5127 	6192
f 4871 	152 	4872
f 4882 	4881 	6507
f 6196 	5128 	6199
f 6507 	6199 	4882
f 1732 	1735 	4935
f 7052 	7088 	4173
f 7090 	4175 	4174
f 7090 	4174 	7088
f 4176 	4175 	7091
f 7090 	7091 	4175
f 7093 	4177 	4176
f 7093 	4176 	7091
f 4177 	7093 	7095
f 1749 	1748 	5540
f 1814 	1813 	5542
f 5542 	5541 	1814
f 1748 	1814 	5541
f 1816 	5544 	5543
f 4597 	2213 	4598
f 2212 	4598 	2213
f 4595 	2210 	4597
f 2215 	4599 	2212
f 4598 	2212 	4599
f 4599 	2215 	4600
f 2217 	4602 	2214
f 7125 	6614 	7044
f 6613 	7044 	6614
f 7122 	6614 	7124
f 7123 	6614 	7122
f 7125 	7124 	6614
f 2216 	4603 	2217
f 7122 	4164 	4163
f 7122 	4163 	7123
f 4165 	4164 	7124
f 7122 	7124 	4164
f 4600 	2214 	4602
f 7125 	4166 	4165
f 7125 	4165 	7124
f 1741 	4605 	1742
f 7043 	4167 	7044
f 4167 	4166 	7044
f 7125 	7044 	4166
f 7045 	4167 	7043
f 1727 	1726 	4928
f 4169 	4168 	7046
f 7046 	7047 	4169
f 4170 	4169 	7047
f 4171 	4170 	7048
f 7047 	7048 	4170
f 1731 	4932 	4931
f 7049 	4172 	4171
f 4935 	4934 	1732
f 7129 	7126 	6614
f 7126 	7127 	6614
f 6615 	6614 	7127
f 7128 	7129 	6614
f 1736 	1737 	4938
f 7130 	7131 	6614
f 1738 	4941 	4940
f 7132 	7133 	6614
f 7133 	7130 	6614
f 7131 	7128 	6614
f 4943 	1743 	1745
f 5540 	5539 	1749
f 5541 	5540 	1748
f 1816 	1815 	5544
f 7135 	6615 	7136
f 7138 	7136 	6615
f 6615 	7137 	7138
f 5539 	1746 	1749
f 7139 	7137 	6615
f 7140 	7139 	6615
f 7141 	6615 	7143
f 7127 	7143 	6615
f 5545 	5544 	1815
f 2246 	4629 	2243
f 7144 	6616 	7147
f 7151 	6615 	7150
f 7151 	7148 	6615
f 7153 	7150 	6615
f 1830 	1831 	4960
f 7152 	6615 	7154
f 5549 	5548 	1847
f 1854 	1853 	5553
f 1850 	1854 	5552
f 4948 	4633 	1835
f 5038 	5037 	4788
f 4960 	4959 	1830
f 4963 	1832 	1834
f 4966 	4965 	1840
f 4966 	1840 	1839
f 4806 	5191 	5188
f 5034 	5033 	4792
f 4796 	5034 	4792
f 5552 	5551 	1850
f 5188 	5185 	4803
f 4803 	4806 	5188
f 5200 	5199 	4845
f 5553 	5552 	1854
f 5068 	5053 	4812
f 4627 	2244 	4628
f 5070 	5068 	4815
f 4812 	4815 	5068
f 4815 	4817 	5070
f 5072 	5070 	4817
f 5197 	5195 	4839
f 4948 	1835 	1819
f 5072 	4817 	4825
f 5060 	5057 	4830
f 4953 	4952 	1822
f 4830 	4833 	5060
f 5061 	5060 	4833
f 4954 	4953 	1825
f 1825 	1824 	4954
f 4845 	4808 	5200
f 152 	4871 	154
f 7105 	528 	6580
f 7013 	532 	6477
f 5299 	130 	5320
f 133 	5301 	134
f 5304 	135 	5302
f 5307 	140 	5305
f 144 	4862 	145
f 7809 	7808 	5851
f 5309 	160 	5310
f 7155 	6615 	7193
f 7134 	7193 	6615
f 7155 	7154 	6615
f 7134 	6615 	7135
f 167 	5317 	5316
f 7141 	7142 	6615
f 7142 	7140 	6615
f 7153 	6615 	7152
f 7148 	7149 	6615
f 6615 	7149 	7146
f 7147 	6616 	7146
f 6616 	7144 	7145
f 6615 	7146 	6616
f 5319 	173 	5316
f 6111 	5835 	7839
f 7798 	5835 	5838
f 7126 	4111 	7127
f 4111 	4110 	7127
f 7806 	7805 	5848
f 7807 	7806 	5847
f 7830 	7829 	6668
f 7831 	7830 	6670
f 7831 	6670 	5858
f 7831 	5858 	5857
f 7834 	7833 	5859
f 7835 	7834 	5863
f 7836 	7835 	6108
f 7143 	4110 	7141
f 7129 	4112 	7126
f 6665 	7824 	6662
f 6656 	7730 	6653
f 6671 	6647 	7238
f 7700 	7542 	6647
f 4873 	4859 	155
f 33 	4831 	7239
f 5496 	5480 	6672
f 6673 	6672 	5487
f 4859 	4857 	127
f 4838 	4837 	70
f 7133 	4116 	7130
f 6 	5238 	7
f 5240 	7 	5238
f 5240 	12 	7
f 5243 	20 	5241
f 5243 	4822 	20
f 4823 	25 	4824
f 7592 	5234 	7593
f 5236 	7594 	5235
f 5833 	876 	5834
f 7241 	7240 	6616
f 7240 	1310 	1320
f 1308 	1320 	1310
f 7145 	7241 	6616
f 48 	5252 	49
f 5251 	49 	5252
f 46 	5249 	48
f 5251 	54 	49
f 5234 	7592 	5255
f 55 	5253 	57
f 7593 	5235 	7594
f 7595 	7594 	5236
f 7595 	5237 	7596
f 7596 	5239 	6
f 5238 	6 	5239
f 5784 	5783 	7612
f 7613 	5783 	5786
f 7616 	7615 	5771
f 5771 	5770 	7616
f 7603 	5246 	35
f 5247 	41 	5248
f 40 	5248 	41
f 40 	5244 	5248
f 5250 	45 	5247
f 5252 	48 	5249
f 6646 	7699 	7700
f 7701 	7699 	6645
f 6646 	6645 	7699
f 6645 	6649 	7701
f 7702 	7701 	6649
f 7702 	6649 	6648
f 7702 	6648 	7703
f 7703 	6648 	6651
f 6650 	6652 	7705
f 5789 	7709 	7708
f 5791 	7710 	7709
f 5792 	7711 	7710
f 886 	852 	6475
f 5869 	937 	5870
f 5870 	938 	5781
f 876 	5833 	875
f 5595 	890 	5596
f 5597 	904 	5598
f 5596 	891 	5597
f 5855 	917 	5856
f 922 	5860 	918
f 1088 	5876 	5875
f 6572 	5884 	1123
f 6560 	6578 	999
f 999 	1011 	6560
f 5887 	1164 	5888
f 5886 	1161 	5887
f 5893 	1406 	5895
f 5895 	1407 	5896
f 5873 	1086 	5875
f 5613 	1150 	5614
f 1157 	5616 	1155
f 5888 	1164 	1165
f 1165 	5893 	5888
f 1416 	1417 	6582
f 1417 	1418 	6583
f 7714 	7713 	5795
f 7714 	5795 	5772
f 7604 	7714 	5772
f 7605 	7604 	5773
f 7606 	5775 	5774
f 7606 	5774 	7607
f 7606 	7605 	5775
f 5773 	5775 	7605
f 7608 	7607 	5777
f 5774 	5777 	7607
f 7608 	5777 	5776
f 7611 	7610 	5779
f 5780 	5779 	7610
f 7612 	7611 	5784
f 5779 	5784 	7611
f 7712 	7711 	5794
f 4957 	4956 	1826
f 1827 	4956 	4955
f 7137 	4105 	7138
f 1826 	1829 	4957
f 4105 	7137 	4106
f 7140 	4107 	7139
f 4106 	7139 	4107
f 7140 	4108 	4107
f 4963 	4962 	1832
f 4108 	7142 	4109
f 1842 	5548 	5547
f 7131 	4115 	4114
f 5547 	4968 	1843
f 4113 	7128 	4114
f 5551 	1852 	1850
f 4965 	1838 	1840
f 1852 	5551 	5550
f 5554 	5553 	1853
f 7926 	7154 	4099
f 7155 	4099 	7154
f 1818 	5546 	5554
f 1853 	1818 	5554
f 1724 	5537 	5545
f 1724 	5545 	1815
f 7269 	5555 	5536
f 7269 	5536 	1721
f 4099 	7155 	4100
f 7193 	4100 	7155
f 4900 	6526 	6525
f 733 	6386 	6385
f 733 	6385 	4991
f 733 	4991 	735
f 692 	6377 	6376
f 692 	6376 	4980
f 693 	4980 	4784
f 692 	4980 	693
f 4900 	4903 	6526
f 581 	6354 	6353
f 7134 	4101 	7193
f 4100 	7193 	4101
f 4101 	7134 	4102
f 7135 	4102 	7134
f 579 	6356 	6355
f 7136 	4103 	7135
f 6357 	582 	6369
f 674 	675 	6370
f 6369 	674 	6370
f 4104 	7136 	7138
f 677 	6748 	676
f 6744 	676 	6748
f 6748 	677 	4971
f 7142 	4108 	7140
f 5955 	5135 	5956
f 7141 	4109 	7142
f 7143 	7127 	4110
f 4111 	7126 	4112
f 4112 	7129 	4113
f 7128 	4113 	7129
f 4115 	7131 	7130
f 7131 	4114 	7128
f 4973 	686 	4974
f 6207 	5140 	6208
f 7132 	4117 	7133
f 4116 	7133 	4117
f 4974 	687 	4975
f 688 	4975 	687
f 7130 	4116 	4115
f 4975 	688 	4976
f 4976 	689 	4977
f 1213 	7241 	7145
f 7144 	1223 	7145
f 1223 	1214 	7145
f 4977 	690 	4978
f 1213 	1212 	7241
f 4978 	681 	4979
f 6354 	581 	580
f 1225 	7147 	7146
f 579 	6355 	580
f 6354 	580 	6355
f 5144 	6209 	5142
f 6356 	583 	6357
f 582 	6357 	583
f 6210 	5143 	6211
f 1225 	7146 	7918
f 7149 	7918 	7146
f 6356 	579 	583
f 7148 	7919 	7149
f 7150 	7921 	7151
f 674 	6369 	582
f 6742 	6370 	675
f 5146 	6213 	6212
f 7151 	7920 	7148
f 6742 	675 	6744
f 676 	6744 	675
f 4971 	677 	684
f 685 	4972 	684
f 4971 	684 	4972
f 7926 	7152 	7154
f 686 	4973 	685
f 4117 	7132 	4098
f 7270 	7271 	6630
f 6617 	6630 	7271
f 7273 	7270 	6630
f 7274 	7275 	6630
f 690 	681 	4978
f 7272 	7273 	6630
f 7275 	7272 	6630
f 682 	4979 	681
f 7277 	7274 	6630
f 6215 	5149 	6216
f 5014 	5013 	7279
f 5150 	6217 	5151
f 5015 	5014 	7280
f 7279 	7280 	5014
f 4972 	685 	4973
f 7284 	6618 	7283
f 687 	4974 	686
f 6222 	5157 	6223
f 7286 	6617 	7289
f 697 	6379 	698
f 7295 	7292 	6617
f 7290 	6617 	7293
f 7292 	7293 	6617
f 6381 	700 	6382
f 7294 	7295 	6617
f 85 	5261 	88
f 5264 	91 	5265
f 93 	5264 	5266
f 5266 	4843 	93
f 97 	4846 	101
f 101 	4852 	102
f 4854 	106 	4855
f 4919 	4921 	6538
f 5799 	5798 	7728
f 113 	5278 	114
f 118 	5286 	119
f 119 	5285 	122
f 5290 	123 	5291
f 124 	5290 	5294
f 73 	5257 	77
f 5262 	84 	5260
f 84 	5262 	85
f 5261 	85 	5262
f 7725 	7724 	5808
f 7727 	7726 	5810
f 5811 	5810 	7726
f 7726 	7725 	5811
f 5808 	5811 	7725
f 7296 	6617 	7312
f 7296 	7294 	6617
f 5810 	5799 	7727
f 7728 	7727 	5799
f 7311 	7312 	6617
f 7311 	6617 	7314
f 7313 	7314 	6617
f 5798 	5274 	7715
f 7313 	6617 	7316
f 110 	5273 	111
f 5277 	114 	5278
f 5278 	113 	5272
f 5282 	116 	5277
f 7317 	6617 	7319
f 7316 	6617 	7317
f 7318 	7319 	6617
f 7318 	6617 	7320
f 7320 	6617 	7271
f 7730 	6656 	6655
f 7288 	6617 	7291
f 7290 	7291 	6617
f 7288 	7289 	6617
f 6617 	7286 	7287
f 7287 	7283 	6617
f 7285 	6618 	7284
f 6617 	7283 	6618
f 7731 	7729 	6654
f 6658 	7731 	6654
f 7733 	7732 	6657
f 7733 	6657 	6660
f 5812 	7737 	7736
f 5815 	5814 	7738
f 7738 	7737 	5815
f 5816 	7740 	7739
f 5817 	7741 	7740
f 7744 	7743 	5820
f 7744 	5820 	5800
f 7716 	7744 	5800
f 7717 	7716 	5801
f 7718 	5803 	5802
f 7718 	5802 	7719
f 7718 	7717 	5803
f 5801 	5803 	7717
f 7720 	7719 	5805
f 5802 	5805 	7719
f 7720 	5805 	5804
f 7270 	1973 	7271
f 5807 	5806 	7722
f 7723 	7722 	5806
f 5804 	5807 	7721
f 7722 	7721 	5807
f 6382 	699 	6383
f 702 	704 	6384
f 6383 	702 	6384
f 6791 	705 	6794
f 707 	4982 	6794
f 7324 	7321 	6619
f 6619 	7321 	7322
f 4983 	719 	4984
f 720 	4984 	719
f 7324 	6619 	7323
f 7325 	7323 	6619
f 4984 	720 	4985
f 7328 	7326 	6619
f 7326 	7325 	6619
f 7327 	7328 	6619
f 707 	6794 	705
f 7331 	7330 	6619
f 7330 	7329 	6619
f 7329 	7327 	6619
f 4982 	718 	4983
f 721 	4985 	720
f 4986 	4985 	721
f 7331 	6619 	7332
f 6618 	7339 	6619
f 4986 	724 	4987
f 726 	4988 	725
f 712 	4989 	726
f 7334 	6619 	7336
f 7333 	6619 	7334
f 7332 	6619 	7333
f 7336 	6619 	7335
f 7335 	6619 	7338
f 696 	6380 	697
f 6382 	700 	699
f 7338 	6619 	7337
f 6380 	696 	6381
f 7339 	6618 	7342
f 7340 	6619 	7339
f 7337 	6619 	7340
f 700 	6381 	696
f 702 	6383 	699
f 7285 	7341 	6618
f 7341 	7342 	6618
f 6766 	6384 	704
f 6766 	704 	6791
f 705 	6791 	704
f 4987 	725 	4988
f 718 	4982 	707
f 719 	4983 	718
f 4986 	721 	724
f 725 	4987 	724
f 6388 	739 	6389
f 740 	6394 	741
f 741 	6393 	737
f 6390 	737 	6393
f 7284 	1926 	7285
f 6394 	740 	6395
f 746 	747 	6396
f 6395 	746 	6396
f 6805 	750 	6806
f 6806 	751 	4993
f 760 	4996 	759
f 751 	6806 	750
f 757 	4994 	4993
f 4994 	758 	4995
f 763 	4999 	762
f 738 	6389 	739
f 6554 	5041 	6555
f 6393 	741 	6394
f 5041 	5044 	6555
f 746 	6395 	740
f 6804 	6396 	747
f 6804 	747 	6805
f 750 	6805 	747
f 4993 	751 	757
f 758 	4994 	757
f 759 	4995 	758
f 4997 	760 	761
f 5165 	6112 	5166
f 4997 	761 	4998
f 762 	4998 	761
f 6832 	7364 	5934
f 5001 	754 	755
f 756 	4992 	755
f 7378 	5046 	7373
f 7396 	7404 	7395
f 7395 	7404 	7394
f 739 	6388 	733
f 6386 	733 	6388
f 6377 	692 	698
f 6377 	698 	6378
f 6739 	765 	581
f 6739 	581 	6353
f 2511 	2512 	2918
f 2512 	2513 	2919
f 2922 	2921 	2779
f 2922 	2779 	2778
f 2925 	2924 	2782
f 7421 	7369 	6860
f 7369 	7371 	6860
f 6860 	7371 	7374
f 7375 	7392 	7374
f 6860 	7374 	7392
f 7379 	7392 	7375
f 7391 	7392 	7379
f 7392 	7393 	6860
f 7393 	6641 	6860
f 7394 	6641 	7393
f 6641 	7394 	7404
f 7397 	7404 	7396
f 7403 	7404 	7397
f 6641 	7404 	7407
f 6641 	7407 	7408
f 6641 	7408 	7409
f 6641 	7409 	7411
f 6642 	6641 	7414
f 7411 	7414 	6641
f 2782 	2785 	2925
f 4911 	4910 	6202
f 4879 	4878 	6141
f 6123 	5081 	6124
f 5084 	6125 	5082
f 5085 	6127 	5083
f 6126 	5083 	6127
f 6127 	5085 	6128
f 5087 	6128 	5085
f 6128 	5087 	6129
f 6130 	5089 	6131
f 5089 	6130 	5086
f 5091 	6132 	5088
f 5090 	6133 	5091
f 6134 	5093 	6135
f 6133 	5090 	6134
f 5929 	1772 	5930
f 1443 	5908 	1773
f 7723 	5806 	5809
f 7742 	7741 	5819
f 5092 	6135 	5093
f 5095 	6136 	5092
f 6135 	5092 	6136
f 5095 	6137 	6136
f 5096 	6139 	5097
f 6138 	5097 	6139
f 5624 	1490 	5625
f 140 	5307 	142
f 5306 	142 	5307
f 4804 	4810 	6480
f 137 	5305 	140
f 4810 	4809 	6484
f 5623 	1487 	5624
f 5308 	143 	5306
f 142 	5306 	143
f 5308 	4864 	143
f 4865 	146 	4866
f 145 	4866 	146
f 5920 	1763 	5921
f 1764 	5921 	1763
f 4811 	4818 	6489
f 4872 	151 	4865
f 4811 	6489 	6488
f 5921 	1764 	5922
f 4874 	154 	4871
f 154 	4874 	155
f 531 	1139 	5609
f 1779 	888 	5778
f 528 	7105 	7119
f 7422 	7120 	7011
f 7428 	7429 	7427
f 7433 	7435 	7432
f 7432 	7435 	7431
f 7434 	7435 	311
f 2927 	2926 	2787
f 2928 	2790 	2929
f 7440 	7423 	7121
f 7423 	7424 	7121
f 7121 	7424 	7425
f 7426 	7429 	7425
f 7426 	7427 	7429
f 7429 	7430 	7121
f 7121 	7425 	7429
f 6610 	7121 	7430
f 7431 	6610 	7430
f 7433 	311 	7435
f 6610 	7431 	7435
f 6610 	7435 	7436
f 6610 	7436 	7437
f 6610 	7437 	7438
f 7438 	7439 	6610
f 6611 	6610 	325
f 7439 	325 	6610
f 528 	529 	5907
f 5907 	529 	527
f 2929 	2790 	2789
f 5607 	5871 	531
f 2791 	2792 	2931
f 843 	844 	6405
f 2932 	2792 	2794
f 2796 	3072 	3071
f 2799 	2798 	3073
f 2796 	2799 	3072
f 3073 	3072 	2799
f 3074 	2798 	2801
f 3077 	2803 	2802
f 2921 	2920 	2514
f 2920 	2919 	2513
f 2926 	2925 	2785
f 2928 	2927 	2786
f 2928 	2786 	2790
f 2931 	2930 	2791
f 2932 	2931 	2792
f 3071 	2935 	2797
f 3071 	2797 	2796
f 3074 	3073 	2798
f 3077 	3076 	2803
f 2941 	2940 	2568
f 2568 	2571 	2941
f 2942 	2941 	2571
f 2942 	2571 	2576
f 2944 	2580 	2582
f 2946 	2945 	2806
f 1959 	7311 	1961
f 2946 	2806 	2805
f 2951 	2950 	2817
f 1971 	7319 	7318
f 7320 	1972 	7318
f 1973 	1972 	7271
f 1975 	7273 	7272
f 5852 	7808 	7807
f 7275 	1976 	7272
f 748 	7276 	655
f 7458 	6620 	7457
f 161 	5313 	162
f 7456 	6620 	7460
f 7460 	6620 	7459
f 5317 	166 	5314
f 167 	5316 	173
f 173 	5319 	174
f 5318 	174 	5319
f 175 	5320 	130
f 5318 	175 	174
f 130 	5299 	132
f 7462 	6620 	7463
f 7463 	6620 	7322
f 6619 	7322 	6620
f 866 	6409 	6408
f 7004 	6409 	866
f 866 	867 	7004
f 869 	870 	7007
f 870 	871 	7008
f 865 	6408 	6407
f 6786 	6735 	6785
f 6787 	6735 	6786
f 861 	6418 	6417
f 6861 	6862 	6735
f 6861 	6735 	6787
f 838 	841 	6403
f 6405 	6404 	843
f 6863 	6735 	6862
f 879 	5837 	878
f 6866 	6735 	6865
f 6867 	6735 	6866
f 6868 	6735 	6867
f 6869 	6735 	6868
f 6864 	6735 	6863
f 879 	5839 	5837
f 6870 	6735 	6869
f 6872 	6735 	6871
f 6871 	6735 	6870
f 6864 	6865 	6735
f 6473 	5850 	884
f 6873 	6735 	6872
f 6874 	6735 	6873
f 884 	885 	6473
f 6785 	6738 	6784
f 6738 	6785 	6735
f 6783 	6784 	6738
f 6924 	6732 	6923
f 6923 	6732 	6922
f 6926 	6732 	6925
f 6927 	6732 	6926
f 5860 	922 	5862
f 6928 	6732 	6927
f 923 	5864 	5862
f 6924 	6925 	6732
f 6929 	6732 	6928
f 6930 	6732 	6929
f 6931 	6732 	6930
f 6932 	6732 	6931
f 6934 	6732 	6933
f 6936 	6732 	6935
f 6934 	6935 	6732
f 6932 	6933 	6732
f 6937 	6732 	6936
f 6938 	6732 	6937
f 6921 	6922 	6734
f 6734 	6922 	6732
f 6891 	6921 	6734
f 6938 	7464 	6732
f 6874 	7464 	6735
f 6938 	6735 	7464
f 7039 	7464 	6874
f 7464 	6632 	6732
f 5782 	875 	5833
f 5836 	878 	5837
f 4853 	4856 	6501
f 5590 	888 	5591
f 132 	5300 	133
f 5301 	133 	5300
f 5302 	134 	5301
f 6505 	6504 	4863
f 5303 	136 	5304
f 4858 	4863 	6504
f 891 	5596 	890
f 5305 	137 	5303
f 136 	5303 	137
f 4870 	4869 	6837
f 5852 	5851 	7808
f 5852 	7807 	5847
f 7809 	5851 	5832
f 918 	5856 	917
f 7467 	6632 	7466
f 7468 	6632 	7467
f 7466 	6632 	7465
f 5854 	915 	5855
f 5312 	162 	5313
f 161 	5309 	5313
f 5864 	925 	5865
f 7470 	6632 	7469
f 5865 	930 	5866
f 7471 	6632 	7470
f 931 	5866 	930
f 7469 	6632 	7468
f 7472 	6632 	7471
f 6414 	6413 	857
f 857 	858 	6414
f 6664 	7823 	7824
f 6664 	7824 	6665
f 7825 	7823 	6663
f 6664 	6663 	7823
f 7474 	6632 	7473
f 7473 	6632 	7472
f 7476 	6632 	7475
f 6667 	7825 	6663
f 7477 	6632 	7476
f 7478 	6632 	7477
f 6419 	6418 	862
f 861 	862 	6418
f 7828 	7827 	6666
f 7480 	6632 	7479
f 7478 	7479 	6632
f 862 	863 	6419
f 6669 	6668 	7829
f 7481 	6632 	7480
f 838 	6403 	6469
f 6666 	6669 	7828
f 6404 	6403 	841
f 7829 	7828 	6669
f 6631 	7465 	6632
f 7475 	6632 	7474
f 7029 	7465 	6631
f 841 	843 	6404
f 6668 	6670 	7830
f 6632 	7481 	7482
f 7482 	6732 	6632
f 5861 	5859 	7833
f 7833 	7832 	5861
f 882 	5849 	881
f 5859 	5863 	7834
f 5863 	6108 	7835
f 5846 	5845 	7804
f 7805 	7804 	5845
f 5845 	5848 	7805
f 7839 	7838 	6111
f 7801 	7800 	5841
f 7799 	5838 	5842
f 5841 	5844 	7801
f 7459 	6620 	7461
f 7456 	7457 	6620
f 2620 	6620 	7458
f 7462 	7461 	6620
f 7458 	7457 	3832
f 3837 	3836 	7461
f 3840 	3839 	7321
f 7322 	7321 	3839
f 7324 	3840 	7321
f 5114 	6166 	5113
f 7333 	7334 	3851
f 6169 	5115 	6172
f 5119 	6177 	5117
f 6179 	5121 	6180
f 5122 	6183 	5123
f 7292 	1951 	7293
f 5128 	6196 	5129
f 6508 	6507 	4881
f 4881 	4885 	6508
f 1926 	1928 	7285
f 7283 	1929 	7284
f 4885 	4884 	6509
f 1944 	7291 	1945
f 7293 	1950 	7290
f 7294 	7296 	1954
f 2820 	2953 	2952
f 2955 	2954 	2823
f 2956 	2826 	2829
f 3083 	3082 	2835
f 2837 	3082 	3081
f 2944 	2943 	2580
f 2948 	2808 	2807
f 2948 	2947 	2808
f 2952 	2951 	2816
f 2952 	2816 	2820
f 2826 	2956 	2955
f 2826 	2955 	2823
f 3080 	2959 	2833
f 3081 	3080 	2832
f 2833 	2832 	3080
f 2837 	3081 	2832
f 3085 	3084 	2839
f 2839 	2842 	3085
f 3086 	3085 	2842
f 2964 	2677 	2678
f 2966 	2965 	2679
f 2679 	2680 	2966
f 2969 	2968 	2683
f 2683 	2845 	2969
f 2970 	2969 	2845
f 2845 	2844 	2970
f 2971 	2970 	2844
f 2972 	2847 	2846
f 2844 	2847 	2971
f 2972 	2971 	2847
f 2976 	2975 	2849
f 2977 	2976 	2854
f 2849 	2854 	2976
f 6476 	6475 	852
f 2854 	2853 	2977
f 2978 	2977 	2853
f 2978 	2853 	2855
f 2980 	2979 	2857
f 2858 	2982 	2981
f 2857 	2859 	2980
f 3089 	2983 	2865
f 932 	5867 	931
f 2865 	2864 	3089
f 6527 	6526 	4903
f 938 	5870 	937
f 5781 	938 	874
f 5781 	874 	5782
f 875 	5782 	874
f 5834 	876 	877
f 3096 	3095 	2873
f 5834 	877 	5836
f 878 	5836 	877
f 6211 	5145 	6212
f 5591 	887 	5592
f 5151 	6216 	5149
f 6216 	5151 	6217
f 906 	5598 	904
f 6218 	5153 	6219
f 2981 	2859 	2858
f 5155 	6220 	5152
f 2981 	2980 	2859
f 6219 	5152 	6220
f 6220 	5155 	6221
f 5156 	6223 	5157
f 3094 	3093 	2870
f 5856 	918 	5860
f 6221 	5154 	6222
f 923 	5862 	922
f 3095 	3094 	2874
f 5157 	6222 	5154
f 3096 	2873 	2843
f 3536 	3692 	2637
f 2293 	2292 	3692
f 3692 	4242 	2293
f 4228 	2274 	3673
f 3529 	3527 	2585
f 3527 	3673 	2585
f 2273 	3673 	2274
f 2551 	3513 	2552
f 970 	972 	6482
f 3660 	3518 	2555
f 2557 	3661 	2555
f 1047 	6490 	6487
f 7014 	6490 	1047
f 1047 	1050 	7014
f 5160 	6227 	5161
f 3663 	2562 	3664
f 6225 	5158 	6226
f 2564 	3665 	2563
f 3666 	2566 	3667
f 2572 	3668 	2570
f 7804 	7803 	5846
f 5848 	5847 	7806
f 7838 	7837 	6109
f 7590 	6662 	7824
f 7591 	6653 	7730
f 7103 	1069 	7104
f 7238 	6647 	7542
f 4854 	4838 	106
f 7239 	7543 	33
f 4098 	8341 	1183
f 1183 	8341 	1184
f 1797 	1066 	1068
f 1800 	1799 	1070
f 1800 	1070 	1067
f 1028 	1033 	6568
f 1802 	1076 	1071
f 1802 	1801 	1076
f 964 	967 	6478
f 6482 	6481 	970
f 1801 	1804 	1077
f 5879 	1099 	5880
f 1085 	1083 	1226
f 5881 	5880 	1104
f 1116 	5883 	1106
f 1226 	1227 	1085
f 1092 	1085 	1227
f 1227 	1228 	1092
f 1231 	1230 	1102
f 1011 	1012 	6561
f 5897 	1409 	5898
f 1410 	5899 	5898
f 1238 	1237 	1117
f 5899 	1411 	5901
f 1240 	1239 	1120
f 1121 	1120 	1239
f 1237 	1240 	1118
f 1239 	1241 	1121
f 5903 	1414 	5872
f 375 	1127 	1126
f 5872 	1084 	5873
f 1129 	377 	1130
f 375 	376 	1127
f 1104 	5880 	1099
f 8287 	7887 	1219
f 5609 	1139 	5610
f 1960 	1958 	1140
f 1966 	1968 	1146
f 1291 	1247 	1152
f 1261 	1267 	1160
f 1270 	1167 	1163
f 1270 	1272 	1167
f 1274 	1273 	1172
f 1274 	1172 	1171
f 1285 	1284 	1177
f 1280 	1285 	1176
f 1181 	599 	1182
f 1220 	1182 	599
f 1975 	7272 	1976
f 1221 	8331 	1222
f 8329 	1221 	1220
f 7277 	1978 	7274
f 8330 	7905 	1222
f 7458 	3832 	2620
f 6621 	6620 	7545
f 7544 	6620 	7546
f 3280 	7548 	6620
f 7548 	7547 	6620
f 7547 	7546 	6620
f 7544 	7545 	6620
f 1985 	1984 	1188
f 1985 	1188 	1186
f 5009 	6551 	6550
f 1297 	1199 	1198
f 3843 	3842 	7325
f 6556 	6555 	5044
f 5048 	5047 	6853
f 5051 	5050 	6855
f 5055 	5054 	6857
f 6850 	6858 	4911
f 5054 	4911 	6858
f 6841 	6849 	4879
f 4908 	4879 	6849
f 6840 	4875 	6859
f 7369 	4722 	7371
f 4723 	7374 	4721
f 4743 	7397 	4742
f 7421 	7870 	7369
f 7550 	7391 	7549
f 7379 	7549 	7391
f 7551 	7391 	7550
f 7552 	7391 	7551
f 7553 	7391 	7552
f 7554 	7391 	7553
f 7556 	7391 	7555
f 7554 	7555 	7391
f 7558 	7391 	7557
f 7557 	7391 	7556
f 7561 	7562 	7560
f 7560 	7562 	7559
f 7558 	7559 	7391
f 7562 	7391 	7559
f 7564 	7403 	7563
f 7397 	7563 	7403
f 7565 	7403 	7564
f 7566 	7403 	7565
f 7566 	7567 	7403
f 7568 	7403 	7567
f 7569 	7403 	7568
f 7570 	7403 	7569
f 7573 	7403 	7572
f 7571 	7403 	7570
f 7572 	7403 	7571
f 7575 	7576 	7574
f 7574 	7576 	7573
f 7576 	7403 	7573
f 7578 	6642 	7577
f 7414 	7577 	6642
f 7579 	6642 	7578
f 7580 	6642 	7579
f 3851 	3850 	7333
f 7581 	7582 	6642
f 7580 	7581 	6642
f 3854 	3853 	7335
f 7583 	7584 	6642
f 7584 	7585 	6642
f 7582 	7583 	6642
f 3855 	3854 	7338
f 7585 	7586 	6642
f 7586 	7587 	6642
f 6643 	6642 	7588
f 7589 	6643 	7588
f 7587 	7588 	6642
f 1926 	7284 	1929
f 6137 	5094 	6138
f 6480 	6479 	4804
f 6484 	6480 	4810
f 1935 	7286 	7289
f 1935 	7289 	1942
f 7290 	1945 	7291
f 3669 	2577 	3670
f 3670 	2581 	3671
f 2584 	3671 	2581
f 1945 	7290 	1950
f 2584 	3672 	3671
f 2256 	4215 	3672
f 2256 	2258 	4215
f 1953 	7295 	7294
f 2262 	2263 	4220
f 1297 	1299 	1199
f 1300 	1202 	1201
f 1300 	1302 	1202
f 1301 	1304 	1204
f 1207 	1307 	1306
f 1208 	1207 	1306
f 1306 	1309 	1208
f 7312 	1956 	7296
f 1310 	1211 	1210
f 1959 	7312 	7311
f 1212 	1211 	7240
f 1310 	7240 	1211
f 1213 	7145 	1214
f 7314 	1961 	7311
f 7240 	7241 	1212
f 7313 	1964 	7314
f 7147 	1225 	1224
f 1223 	7144 	1224
f 7147 	1224 	7144
f 7317 	1969 	7316
f 7918 	7149 	7919
f 7319 	1970 	7317
f 7920 	7151 	7921
f 7148 	7920 	7919
f 7921 	7150 	7923
f 7153 	7923 	7150
f 7273 	1974 	7270
f 7152 	7925 	7153
f 1976 	7275 	1977
f 7274 	1977 	7275
f 1216 	4618 	1068
f 1977 	7274 	1978
f 7276 	1980 	7277
f 1980 	7276 	748
f 12 	5242 	13
f 7599 	6621 	7600
f 7601 	6621 	7602
f 7622 	7602 	6621
f 20 	13 	5241
f 24 	4824 	25
f 29 	25 	4823
f 38 	5244 	40
f 41 	5247 	45
f 5249 	46 	5250
f 57 	5255 	7592
f 5235 	7593 	5234
f 7609 	5780 	7610
f 7615 	7614 	5785
f 5786 	5785 	7614
f 5786 	7614 	7613
f 5785 	5771 	7615
f 35 	5246 	36
f 36 	5245 	38
f 5244 	38 	5245
f 2268 	2269 	4227
f 4260 	4259 	2272
f 3516 	2553 	2554
f 2555 	3518 	2554
f 2560 	3662 	2557
f 2562 	3663 	2560
f 3662 	2560 	3663
f 2563 	3664 	2562
f 2566 	3666 	2564
f 2570 	3667 	2566
f 2577 	3669 	2572
f 2581 	3670 	2577
f 3672 	2584 	2257
f 3672 	2257 	2256
f 4216 	4215 	2258
f 2258 	2259 	4216
f 4217 	4216 	2259
f 4217 	2259 	2260
f 4219 	4218 	2261
f 2261 	2262 	4219
f 4220 	4219 	2262
f 4221 	4220 	2263
f 4221 	2263 	2264
f 4223 	4222 	2265
f 2265 	2266 	4223
f 4224 	4223 	2266
f 4224 	2266 	2267
f 4224 	2267 	4225
f 4225 	2267 	2268
f 4257 	4227 	2269
f 2269 	2270 	4257
f 4258 	4257 	2270
f 2271 	4258 	2270
f 3533 	2586 	2590
f 2592 	3534 	2590
f 3535 	2592 	2594
f 3674 	2594 	3675
f 2596 	3676 	2595
f 3676 	2596 	3677
f 2601 	3678 	2598
f 2608 	3682 	2607
f 3683 	2634 	3686
f 3686 	2635 	3688
f 2636 	3688 	2635
f 2636 	3691 	3688
f 2275 	4229 	3691
f 2275 	2277 	4229
f 2281 	2282 	4234
f 2283 	4236 	4235
f 2283 	2284 	4236
f 2287 	2288 	4241
f 3674 	3535 	2594
f 2595 	3675 	2594
f 3675 	2595 	3676
f 2598 	3677 	2596
f 3677 	2598 	3678
f 3678 	2601 	3679
f 2602 	3679 	2601
f 2603 	3680 	2602
f 3679 	2602 	3680
f 2607 	3681 	2603
f 5612 	1144 	5613
f 2634 	3683 	2608
f 2635 	3686 	2634
f 1154 	5614 	1150
f 3691 	2636 	2276
f 3691 	2276 	2275
f 4230 	4229 	2277
f 2277 	2278 	4230
f 4231 	4230 	2278
f 4231 	2278 	2279
f 4233 	4232 	2280
f 4233 	2280 	2281
f 4235 	4234 	2282
f 4235 	2282 	2283
f 4237 	4236 	2284
f 5896 	1407 	1408
f 2284 	2285 	4237
f 4238 	4237 	2285
f 1408 	5897 	5896
f 4238 	2285 	2286
f 4238 	2286 	4239
f 4239 	2286 	2287
f 4262 	4241 	2288
f 2288 	2289 	4262
f 4263 	4262 	2289
f 6564 	6563 	1016
f 2289 	2290 	4263
f 4264 	4263 	2290
f 2290 	2291 	4264
f 4265 	4264 	2291
f 1016 	1019 	6564
f 3540 	2638 	2641
f 1028 	6568 	6567
f 6491 	6489 	4818
f 3542 	2642 	2644
f 6492 	6491 	4816
f 4818 	4816 	6491
f 4819 	4828 	6493
f 6569 	6568 	1033
f 3700 	2648 	3747
f 6570 	6569 	1036
f 4816 	4819 	6492
f 6493 	6492 	4819
f 3747 	2650 	3748
f 2651 	3748 	2650
f 964 	6478 	6570
f 2654 	3749 	2651
f 3748 	2651 	3749
f 6481 	6478 	967
f 3749 	2654 	3750
f 967 	970 	6481
f 4844 	6498 	6497
f 6497 	4840 	4844
f 1106 	5882 	1105
f 5881 	1105 	5882
f 3752 	2659 	3753
f 2660 	3754 	3753
f 4844 	4849 	6498
f 3755 	2662 	3756
f 4853 	6501 	6500
f 2295 	2294 	3756
f 6502 	6501 	4856
f 4856 	4860 	6502
f 4244 	2296 	2297
f 6576 	998 	6578
f 2300 	2301 	4248
f 6561 	6560 	1011
f 2302 	4250 	4249
f 2302 	2303 	4250
f 1015 	6563 	6562
f 4251 	2303 	2304
f 4254 	4253 	2306
f 2306 	2307 	4255
f 4268 	2309 	4269
f 2309 	2310 	4269
f 1414 	5903 	1413
f 5901 	1412 	5902
f 1413 	5902 	1412
f 3696 	3542 	2644
f 3696 	2644 	3698
f 2646 	3698 	2644
f 2648 	3700 	2646
f 3698 	2646 	3700
f 1088 	5875 	1086
f 2650 	3747 	2648
f 5876 	1089 	5879
f 3750 	2654 	2656
f 2658 	3751 	2656
f 3750 	2656 	3751
f 3751 	2658 	3752
f 2659 	3752 	2658
f 2660 	3753 	2659
f 1143 	5611 	1134
f 2661 	3754 	2660
f 2662 	3755 	2661
f 3754 	2661 	3755
f 2295 	3756 	2662
f 1155 	5615 	1154
f 6583 	6582 	1417
f 1434 	6587 	6586
f 7106 	6587 	1434
f 1434 	1435 	7106
f 1433 	6586 	6585
f 1437 	7109 	7108
f 1437 	1439 	7109
f 6633 	6632 	7617
f 7464 	7617 	6632
f 7625 	7622 	6621
f 7626 	7625 	6621
f 7633 	7631 	6621
f 7631 	7629 	6621
f 7545 	7633 	6621
f 7626 	6621 	7629
f 7600 	6621 	7601
f 6621 	7599 	7598
f 6612 	6621 	7597
f 2182 	6612 	7597
f 7598 	7597 	6621
f 7457 	7456 	3833
f 3835 	7459 	3836
f 3838 	3837 	7462
f 3839 	3838 	7463
f 7462 	7463 	3838
f 7463 	7322 	3839
f 7325 	7326 	3843
f 7326 	7328 	3844
f 3845 	3844 	7328
f 7328 	7327 	3845
f 3846 	3845 	7327
f 3847 	3846 	7329
f 7330 	3848 	3847
f 7331 	7332 	3849
f 7330 	7331 	3848
f 7336 	7335 	3853
f 3852 	7336 	3853
f 3855 	7337 	3856
f 3857 	3856 	7340
f 7337 	7340 	3856
f 7457 	3833 	3832
f 3834 	3833 	7456
f 3835 	3834 	7460
f 7460 	3834 	7456
f 3835 	7460 	7459
f 3837 	7461 	7462
f 7459 	7461 	3836
f 3842 	3841 	7323
f 7324 	3841 	3840
f 7323 	7325 	3842
f 3844 	3843 	7326
f 7327 	7329 	3846
f 7329 	7330 	3847
f 3850 	3849 	7332
f 3849 	3848 	7331
f 7332 	7333 	3850
f 7334 	3852 	3851
f 7336 	3852 	7334
f 7335 	7338 	3854
f 3855 	7338 	7337
f 1922 	3857 	7339
f 7340 	7339 	3857
f 7339 	7342 	1922
f 6835 	6834 	4868
f 7341 	7285 	1925
f 4868 	4867 	6835
f 1930 	7287 	1931
f 1929 	7283 	1930
f 1931 	7286 	1935
f 6184 	5125 	6185
f 5127 	6191 	5124
f 6192 	5127 	5126
f 6192 	5126 	6195
f 6510 	6509 	4884
f 4884 	4887 	6510
f 6509 	6508 	4885
f 6651 	6650 	7704
f 6651 	7704 	7703
f 7316 	1965 	7313
f 5787 	7707 	7706
f 1924 	1922 	7342
f 7342 	7341 	1924
f 1925 	1924 	7341
f 5787 	5790 	7707
f 1925 	7285 	1928
f 4243 	3756 	2294
f 7286 	1931 	7287
f 2296 	4244 	4243
f 2296 	4243 	2294
f 7287 	1930 	7283
f 4246 	4245 	2298
f 4247 	4246 	2299
f 2298 	2299 	4246
f 2299 	2300 	4247
f 4248 	4247 	2300
f 7288 	1942 	7289
f 4249 	4248 	2301
f 4249 	2301 	2302
f 1942 	7288 	1944
f 7288 	7291 	1944
f 4251 	4250 	2303
f 4267 	4255 	2307
f 7295 	1952 	7292
f 4268 	4267 	2308
f 2307 	2308 	4267
f 4268 	2308 	2309
f 1950 	7293 	1951
f 4270 	4269 	2310
f 1952 	7295 	1953
f 3529 	2585 	2587
f 1951 	7292 	1952
f 2552 	3512 	2766
f 3550 	2766 	3512
f 4270 	2310 	2293
f 7294 	1954 	1953
f 4265 	2291 	2274
f 1954 	7296 	1956
f 4260 	2272 	4271
f 2312 	4271 	2272
f 7312 	1959 	1956
f 1817 	4624 	1818
f 2218 	4624 	1817
f 4400 	4399 	1904
f 1862 	4392 	1863
f 1961 	7314 	1964
f 1964 	7313 	1965
f 1965 	7316 	1969
f 7319 	1971 	1970
f 1969 	7317 	1970
f 1971 	7318 	1972
f 4438 	1873 	4439
f 1875 	4569 	1872
f 1415 	1416 	6581
f 1874 	4570 	1875
f 4572 	1878 	4573
f 1884 	4576 	1886
f 4574 	1880 	4575
f 1422 	1423 	6590
f 1892 	4578 	1889
f 1894 	4584 	1895
f 1895 	4580 	1891
f 4579 	1891 	4580
f 5926 	5925 	1768
f 5927 	1770 	5928
f 5909 	1444 	5910
f 4391 	1865 	1863
f 5911 	1446 	5912
f 5912 	1447 	5913
f 1872 	4439 	1873
f 1467 	5620 	1470
f 4438 	4398 	1873
f 1475 	5621 	1467
f 1876 	4571 	1874
f 1490 	5624 	1487
f 4572 	1876 	1878
f 1882 	4573 	1878
f 6513 	6512 	4889
f 5919 	1500 	5920
f 6514 	6513 	4888
f 4889 	4888 	6513
f 4579 	1892 	1891
f 4888 	4890 	6514
f 5924 	1767 	5925
f 6518 	6517 	4892
f 4893 	4892 	6517
f 4584 	1894 	4429
f 6593 	6592 	1425
f 1425 	1426 	6593
f 6519 	4894 	4895
f 6520 	6519 	4895
f 4895 	4897 	6520
f 1429 	1430 	6603
f 6605 	6604 	1431
f 1415 	6581 	6605
f 4703 	1707 	1679
f 5792 	5794 	7711
f 5794 	5793 	7712
f 7713 	7712 	5793
f 5793 	5795 	7713
f 5772 	5773 	7604
f 5776 	7609 	7608
f 4899 	4901 	6524
f 5776 	5780 	7609
f 4901 	4900 	6525
f 4903 	4902 	6842
f 77 	5258 	79
f 5259 	79 	5258
f 79 	5259 	80
f 6844 	4904 	6845
f 90 	5265 	91
f 4908 	6849 	6848
f 93 	91 	5264
f 4906 	4909 	6847
f 102 	4850 	104
f 104 	4855 	106
f 6531 	4912 	6532
f 6533 	6532 	4916
f 4912 	4916 	6532
f 6533 	4916 	4915
f 6533 	4915 	6534
f 114 	5277 	116
f 116 	5282 	117
f 5281 	117 	5282
f 117 	5281 	118
f 122 	5291 	123
f 5294 	73 	124
f 123 	5290 	124
f 5809 	7724 	7723
f 5809 	5808 	7724
f 4915 	4918 	6534
f 6537 	6536 	4920
f 7715 	5274 	108
f 6655 	7729 	7730
f 6655 	6654 	7729
f 6582 	6581 	1416
f 7732 	7731 	6658
f 6658 	6657 	7732
f 6660 	6659 	7734
f 7735 	7734 	6659
f 5914 	1449 	5915
f 5913 	1448 	5914
f 6660 	7734 	7733
f 6659 	6661 	7735
f 6606 	5917 	1453
f 5812 	5815 	7737
f 1419 	6609 	6608
f 5817 	5819 	7741
f 1420 	1422 	6588
f 5819 	5818 	7742
f 7743 	7742 	5818
f 5818 	5820 	7743
f 5926 	1769 	5927
f 5800 	5801 	7716
f 1772 	5929 	1771
f 5928 	1771 	5929
f 5804 	7721 	7720
f 5908 	1443 	5909
f 1448 	5913 	1447
f 134 	5302 	135
f 135 	5304 	136
f 1480 	5622 	1475
f 146 	4865 	151
f 1763 	5920 	1500
f 5619 	527 	1470
f 7119 	1442 	528
f 7104 	1069 	7013
f 532 	7013 	1069
f 1786 	7435 	7434
f 1791 	7429 	7428
f 2079 	7424 	7423
f 7424 	2078 	7425
f 7425 	2080 	7426
f 7430 	2199 	7431
f 2198 	7431 	2199
f 2198 	7432 	7431
f 7432 	2200 	7433
f 2202 	311 	2201
f 2354 	7437 	7436
f 7437 	2353 	7438
f 2356 	7439 	2355
f 7438 	2355 	7439
f 7439 	2356 	325
f 7436 	7435 	2354
f 1786 	2354 	7435
f 1791 	2199 	7429
f 7429 	2199 	7430
f 2079 	7423 	7440
f 7747 	7428 	7746
f 7748 	7428 	7747
f 7750 	7428 	7749
f 7752 	7428 	7751
f 6538 	6537 	4919
f 4920 	4919 	6537
f 338 	343 	7753
f 4921 	5004 	6542
f 6542 	6538 	4921
f 7755 	7428 	7754
f 7427 	7754 	7428
f 7745 	7428 	7756
f 7755 	7756 	7428
f 7745 	7746 	7428
f 7749 	7428 	7748
f 7751 	7428 	7750
f 343 	7428 	7752
f 7752 	7753 	343
f 7761 	7434 	7760
f 7762 	7434 	7761
f 7765 	359 	7764
f 354 	359 	7765
f 311 	310 	7434
f 7273 	1975 	1974
f 1973 	7270 	1974
f 7597 	3337 	2182
f 3337 	7597 	3338
f 7598 	3338 	7597
f 3338 	7598 	3339
f 7599 	3339 	7598
f 7600 	3340 	7599
f 7601 	3341 	7600
f 7602 	3342 	7601
f 3341 	7601 	3342
f 7622 	3343 	7602
f 3344 	7622 	7625
f 7626 	3345 	7625
f 3344 	7625 	3345
f 7629 	3346 	7626
f 3349 	3348 	7545
f 7544 	3349 	7545
f 7546 	3350 	7544
f 3349 	7544 	3350
f 7547 	3351 	7546
f 3350 	7546 	3351
f 7548 	3352 	7547
f 3334 	7548 	3280
f 374 	369 	6622
f 7769 	7766 	6622
f 7766 	7767 	6622
f 6623 	6622 	7767
f 7768 	7769 	6622
f 7770 	6622 	7773
f 5007 	6548 	6547
f 6552 	6551 	5011
f 5009 	5011 	6551
f 5011 	5012 	6552
f 5012 	5042 	6553
f 5044 	5043 	6851
f 5051 	6855 	6854
f 1776 	4753 	7576
f 1778 	4735 	7562
f 4721 	7371 	4722
f 7374 	4723 	7375
f 7375 	4724 	7379
f 4724 	4725 	7379
f 7554 	4730 	7555
f 7395 	4739 	7396
f 7396 	4742 	7397
f 7565 	4745 	7566
f 7567 	7566 	4748
f 7771 	7768 	6622
f 7772 	6622 	4310
f 7773 	6622 	7772
f 4282 	4310 	6622
f 7770 	7771 	6622
f 4752 	7570 	7569
f 4708 	4707 	1686
f 1687 	1686 	4707
f 4707 	4706 	1687
f 4708 	1686 	1689
f 1688 	1691 	4710
f 4758 	7414 	4757
f 7411 	4757 	7414
f 7774 	6624 	7776
f 7579 	4760 	7580
f 4716 	4715 	1699
f 4761 	7581 	7580
f 4717 	1702 	1701
f 7779 	6623 	7778
f 1699 	1702 	4716
f 4717 	4716 	1702
f 7781 	6623 	7780
f 7781 	7778 	6623
f 7784 	7785 	6623
f 7782 	6623 	7785
f 7784 	6623 	7787
f 1896 	4430 	1897
f 1898 	4432 	1899
f 1899 	4431 	1896
f 7789 	6623 	7791
f 7788 	6623 	7789
f 7792 	7790 	6623
f 7790 	7791 	6623
f 7792 	6623 	7793
f 7767 	7796 	6623
f 7796 	7794 	6623
f 6623 	7794 	7795
f 1707 	4437 	1710
f 4703 	4437 	1707
f 4922 	4720 	1714
f 7793 	6623 	7795
f 7788 	7786 	6623
f 7786 	7787 	6623
f 7783 	7780 	6623
f 7782 	7783 	6623
f 6623 	7779 	7777
f 7776 	6624 	7777
f 6624 	7774 	7775
f 6623 	7777 	6624
f 1716 	1715 	5529
f 5529 	4924 	1716
f 5533 	5532 	1720
f 151 	4872 	152
f 4401 	1907 	1906
f 4606 	1913 	4607
f 5315 	163 	5312
f 162 	5312 	163
f 4606 	4412 	1913
f 5315 	165 	163
f 166 	5317 	167
f 1915 	4610 	1912
f 165 	5314 	166
f 4611 	1914 	4612
f 4612 	1916 	4613
f 5300 	132 	5299
f 1919 	4614 	1917
f 7766 	710 	7767
f 709 	7794 	7796
f 4616 	1921 	4617
f 5832 	7812 	7809
f 6625 	7814 	7810
f 6625 	7810 	7811
f 5832 	5831 	7812
f 7797 	7812 	5831
f 4623 	2208 	4594
f 7813 	7814 	6625
f 5831 	5311 	7797
f 4594 	2211 	4595
f 158 	7797 	5311
f 7817 	7815 	6625
f 7815 	7813 	6625
f 159 	5310 	160
f 6625 	7816 	7817
f 7821 	7818 	6625
f 7818 	7819 	6625
f 7819 	7816 	6625
f 5309 	161 	160
f 7820 	7821 	6625
f 4611 	1915 	1914
f 1916 	4612 	1914
f 1920 	4617 	1921
f 6667 	7827 	7825
f 1921 	4616 	1918
f 6667 	6666 	7827
f 313 	7434 	312
f 310 	312 	7434
f 7434 	313 	7757
f 7434 	7757 	7758
f 7434 	7758 	7759
f 7759 	7760 	7434
f 7763 	7434 	7762
f 2208 	4623 	2209
f 7763 	7764 	7434
f 359 	7434 	7764
f 2209 	4622 	2206
f 7832 	7831 	5857
f 316 	6611 	315
f 2211 	4594 	2208
f 317 	6611 	316
f 2210 	4595 	2211
f 314 	315 	6611
f 5857 	5861 	7832
f 319 	320 	6611
f 320 	321 	6611
f 321 	322 	6611
f 373 	6611 	322
f 323 	373 	322
f 318 	6611 	317
f 6110 	7837 	7836
f 6110 	7836 	6108
f 6110 	6109 	7837
f 327 	6611 	326
f 325 	324 	6611
f 6109 	6111 	7838
f 314 	6611 	327
f 324 	326 	6611
f 318 	319 	6611
f 532 	533 	5871
f 5838 	7799 	7798
f 5842 	5841 	7800
f 5842 	7800 	7799
f 5844 	7802 	7801
f 6408 	865 	866
f 5844 	5843 	7802
f 7803 	7802 	5843
f 7005 	7004 	867
f 7006 	868 	869
f 7006 	869 	7007
f 5843 	5846 	7803
f 7006 	7005 	868
f 867 	868 	7005
f 4933 	4932 	1730
f 7008 	7007 	870
f 7700 	7840 	7542
f 7009 	7008 	871
f 4931 	4930 	1728
f 871 	872 	7009
f 7543 	182 	33
f 7010 	7009 	872
f 1731 	4931 	1728
f 873 	7011 	7010
f 6415 	6414 	858
f 4933 	1730 	1733
f 6415 	858 	859
f 6415 	859 	6416
f 6417 	860 	861
f 859 	860 	6416
f 4938 	4937 	1736
f 6417 	6416 	860
f 4940 	1739 	1738
f 6469 	6419 	863
f 4940 	4939 	1739
f 6469 	863 	838
f 4942 	4941 	1740
f 1740 	1743 	4942
f 4943 	4942 	1743
f 6406 	6405 	844
f 6407 	864 	865
f 844 	864 	6406
f 6407 	6406 	864
f 4926 	1741 	1725
f 4926 	4605 	1741
f 884 	5850 	883
f 5539 	5538 	1746
f 6474 	6473 	885
f 6474 	885 	886
f 6474 	886 	6475
f 6410 	6476 	853
f 5543 	5542 	1813
f 6411 	6410 	854
f 853 	854 	6410
f 1813 	1816 	5543
f 6412 	6411 	855
f 854 	855 	6411
f 2219 	4416 	2220
f 4415 	2221 	2220
f 6413 	856 	857
f 855 	856 	6412
f 6413 	6412 	856
f 4634 	2227 	4635
f 4634 	4422 	2227
f 933 	5868 	932
f 2229 	4636 	2226
f 5867 	932 	5868
f 5868 	933 	5869
f 937 	5869 	933
f 2231 	4639 	2230
f 2233 	4640 	2231
f 2232 	4641 	2233
f 2234 	4643 	2235
f 4642 	2232 	2235
f 4628 	2243 	4629
f 2246 	4630 	4629
f 2222 	4419 	2223
f 4418 	2219 	2223
f 4637 	2229 	2228
f 2230 	4638 	2228
f 4637 	2228 	4638
f 4638 	2230 	4639
f 4639 	2231 	4640
f 2239 	4653 	2240
f 4652 	2237 	2240
f 2247 	4632 	2248
f 2248 	4631 	2245
f 1835 	4633 	1836
f 4950 	4949 	1821
f 1821 	1820 	4950
f 4951 	4950 	1820
f 1822 	1825 	4953
f 4955 	4954 	1824
f 683 	693 	7278
f 7278 	693 	7279
f 7280 	4784 	7281
f 7281 	4784 	7282
f 7282 	4784 	4701
f 693 	4784 	7279
f 7280 	7279 	4784
f 715 	735 	7343
f 7343 	735 	7344
f 735 	4808 	7344
f 7345 	7344 	4808
f 7346 	7345 	4808
f 4788 	4787 	4808
f 7347 	7346 	4808
f 756 	764 	7368
f 764 	4699 	7368
f 7384 	7381 	4699
f 7378 	4699 	7381
f 4812 	7384 	4699
f 7373 	7368 	4699
f 7378 	7373 	4699
f 4078 	1132 	7888
f 7892 	4078 	7891
f 7893 	8349 	7890
f 7896 	8349 	7893
f 7898 	8349 	7896
f 7897 	4059 	4078
f 7895 	7897 	4078
f 7894 	7895 	4078
f 7890 	8349 	7886
f 7887 	7888 	1132
f 1219 	7887 	1132
f 7888 	7891 	4078
f 7894 	4078 	7892
f 7906 	1183 	7905
f 7910 	4098 	7909
f 7909 	4098 	7906
f 7913 	4098 	7912
f 4098 	7913 	7914
f 4098 	7914 	4079
f 7912 	4098 	7910
f 4080 	4098 	4079
f 1222 	7905 	1183
f 1183 	7906 	4098
f 7919 	4120 	7918
f 7921 	4120 	7920
f 7925 	4120 	7923
f 7926 	4120 	7925
f 4099 	4120 	7926
f 6625 	7826 	7822
f 7822 	7820 	6625
f 4955 	1824 	1827
f 4958 	4957 	1829
f 4958 	1829 	1828
f 4961 	4960 	1831
f 7826 	6625 	7934
f 4962 	1833 	1832
f 7935 	7936 	6625
f 7936 	7934 	6625
f 7938 	7935 	6625
f 1831 	1833 	4961
f 4962 	4961 	1833
f 5839 	880 	5840
f 881 	5840 	880
f 4626 	2242 	2241
f 2244 	4627 	2241
f 880 	5839 	879
f 4630 	2246 	2245
f 5591 	888 	887
f 889 	5592 	887
f 4630 	2245 	4631
f 5592 	889 	5595
f 890 	5595 	889
f 4965 	4964 	1838
f 1843 	1842 	5547
f 5597 	891 	904
f 5550 	5549 	1846
f 1846 	1852 	5550
f 915 	5854 	912
f 917 	5855 	915
f 6351 	2249 	1865
f 7923 	4120 	7921
f 4100 	4120 	4099
f 5864 	923 	925
f 7918 	4120 	1225
f 7920 	4120 	7919
f 1215 	1225 	4120
f 930 	5865 	925
f 8243 	8242 	4078
f 7891 	8292 	7892
f 8291 	7892 	8292
f 7888 	8289 	7891
f 5866 	931 	5867
f 7892 	8291 	7894
f 7937 	6625 	7940
f 7937 	7938 	6625
f 7940 	6625 	7939
f 7942 	7939 	6625
f 1859 	7269 	1721
f 7941 	7942 	6625
f 7943 	7941 	6624
f 7561 	7871 	7562
f 7871 	7873 	7562
f 7874 	8349 	7873
f 7886 	8349 	7884
f 7884 	8349 	7874
f 7562 	7873 	8349
f 7775 	7943 	6624
f 6624 	7941 	6625
f 7961 	8354 	7959
f 7575 	7947 	7576
f 7947 	7950 	7576
f 7952 	8354 	7950
f 7954 	8354 	7952
f 7956 	8354 	7955
f 7955 	8354 	7954
f 7958 	8354 	7956
f 7958 	7959 	8354
f 7576 	7950 	8354
f 7986 	6528 	7984
f 7989 	6528 	7986
f 7774 	256 	7775
f 256 	257 	7775
f 7981 	7984 	6528
f 7776 	260 	7774
f 6643 	7589 	7967
f 7968 	6528 	7967
f 7971 	6528 	7968
f 7976 	6528 	7971
f 7980 	6528 	7976
f 7981 	6528 	7980
f 6643 	7967 	6528
f 6495 	6494 	4835
f 6496 	6495 	4834
f 7909 	8335 	7910
f 8334 	7910 	8335
f 7906 	8332 	7909
f 8334 	7912 	7910
f 8336 	7914 	7913
f 7923 	7153 	7925
f 7925 	7152 	7926
f 711 	7766 	7769
f 7768 	714 	7769
f 7771 	716 	7768
f 4849 	4848 	6499
f 722 	7773 	723
f 7772 	723 	7773
f 6499 	6498 	4849
f 7773 	722 	7770
f 7790 	695 	7791
f 6503 	4860 	4858
f 7792 	701 	7790
f 7796 	7767 	709
f 4870 	6837 	6836
f 4875 	6840 	6839
f 7769 	714 	711
f 4869 	4876 	6838
f 6512 	4886 	4889
f 714 	7768 	716
f 4310 	736 	7772
f 8004 	6626 	8003
f 1042 	1044 	6485
f 8007 	6633 	7617
f 972 	1042 	6483
f 8008 	6635 	8007
f 6633 	8007 	6635
f 6487 	1044 	1047
f 8010 	729 	8009
f 734 	8009 	729
f 7015 	7014 	1050
f 7016 	1051 	1052
f 7016 	1052 	7019
f 8011 	729 	8010
f 8012 	729 	8011
f 1050 	1051 	7015
f 8014 	729 	8013
f 8012 	8013 	729
f 7016 	7015 	1051
f 1052 	1056 	7019
f 7101 	7019 	1056
f 8015 	729 	8014
f 8016 	729 	8015
f 1056 	1058 	7101
f 7102 	7101 	1058
f 8018 	729 	8017
f 8017 	729 	8016
f 7103 	7102 	1061
f 8019 	729 	8018
f 1058 	1061 	7102
f 1061 	1069 	7103
f 8020 	729 	8019
f 8021 	729 	8020
f 6565 	6564 	1019
f 8022 	729 	8021
f 8023 	729 	8022
f 6566 	6565 	1023
f 1019 	1023 	6565
f 6567 	1027 	1028
f 8024 	729 	8023
f 8025 	729 	8024
f 8026 	729 	8025
f 8028 	729 	8027
f 8027 	729 	8026
f 8029 	8030 	729
f 8030 	8031 	729
f 8031 	8032 	729
f 8032 	8033 	729
f 8033 	8034 	729
f 8039 	729 	8034
f 8036 	8039 	8035
f 8035 	8039 	8034
f 8037 	8038 	8039
f 8037 	8039 	8036
f 8028 	8029 	729
f 8041 	727 	8040
f 730 	8040 	727
f 8042 	727 	8041
f 8043 	727 	8042
f 8047 	727 	8046
f 8046 	727 	8043
f 8051 	727 	8047
f 8052 	727 	8051
f 8055 	727 	8054
f 8054 	727 	8052
f 8058 	727 	8055
f 8059 	727 	8058
f 8060 	727 	8059
f 8065 	727 	8063
f 8063 	727 	8060
f 8066 	727 	8065
f 8067 	727 	8066
f 8068 	727 	8067
f 1023 	1027 	6566
f 8070 	727 	8069
f 8069 	727 	8068
f 6567 	6566 	1027
f 8071 	8072 	727
f 8072 	8076 	727
f 1033 	1036 	6569
f 8077 	8078 	727
f 8076 	8077 	727
f 6570 	1036 	964
f 8078 	8080 	727
f 8089 	727 	8080
f 8083 	8089 	8080
f 8084 	8089 	8083
f 8086 	8087 	8089
f 8086 	8089 	8084
f 8070 	8071 	727
f 6483 	6482 	972
f 8091 	6635 	8090
f 728 	8090 	6635
f 6487 	6485 	1044
f 8092 	6635 	8091
f 6485 	6483 	1042
f 8094 	6635 	8093
f 8092 	8093 	6635
f 8096 	6635 	8095
f 8097 	6635 	8096
f 5881 	1104 	1105
f 8099 	6635 	8098
f 8098 	6635 	8097
f 8094 	8095 	6635
f 8100 	6635 	8099
f 8101 	6635 	8100
f 210 	6635 	8101
f 1123 	5884 	1122
f 211 	215 	6635
f 1123 	1124 	6572
f 6575 	6572 	1124
f 1124 	1128 	6575
f 6576 	6575 	1128
f 216 	219 	6635
f 209 	211 	6635
f 215 	216 	6635
f 6576 	1128 	998
f 231 	6635 	228
f 219 	228 	6635
f 233 	6635 	231
f 235 	6635 	233
f 243 	245 	6635
f 241 	243 	6635
f 6562 	6561 	1012
f 245 	246 	6635
f 246 	252 	6635
f 6563 	1015 	1016
f 6634 	6635 	254
f 252 	254 	6635
f 1012 	1015 	6562
f 255 	6634 	254
f 235 	241 	6635
f 6634 	255 	257
f 5902 	1413 	5903
f 1084 	5872 	1414
f 1088 	1089 	5876
f 1099 	5879 	1089
f 8008 	731 	734
f 8008 	734 	729
f 8008 	729 	730
f 8008 	730 	727
f 728 	6635 	727
f 210 	209 	6635
f 8008 	727 	6635
f 8003 	6626 	8002
f 8038 	8111 	8039
f 8005 	6626 	8114
f 8116 	8117 	8039
f 8119 	742 	8118
f 8120 	742 	8119
f 8117 	8118 	8039
f 8122 	742 	8121
f 8123 	742 	8122
f 8124 	742 	8123
f 8126 	742 	8125
f 8125 	742 	8124
f 8121 	742 	8120
f 8127 	742 	8126
f 8129 	742 	8128
f 8115 	6626 	7811
f 8130 	742 	8129
f 8131 	742 	8130
f 6625 	7811 	6626
f 8132 	742 	8131
f 8133 	742 	8132
f 8134 	742 	8133
f 8115 	8113 	6626
f 8113 	8114 	6626
f 8006 	6626 	8005
f 8006 	8002 	6626
f 8135 	742 	8134
f 8136 	742 	8135
f 8138 	742 	8137
f 8139 	742 	8138
f 8140 	742 	8139
f 8136 	8137 	742
f 8141 	742 	8140
f 745 	742 	8141
f 8112 	8116 	8039
f 8111 	8112 	8039
f 8039 	8118 	742
f 8127 	8128 	742
f 8087 	8142 	8089
f 8146 	8089 	8145
f 8147 	8089 	8146
f 8096 	8115 	7811
f 7811 	7810 	8096
f 8151 	736 	8150
f 8152 	736 	8151
f 8153 	736 	8152
f 8150 	736 	8149
f 8096 	8095 	8115
f 8155 	736 	8154
f 8154 	736 	8153
f 8156 	736 	8155
f 8158 	736 	8157
f 8159 	736 	8158
f 8160 	736 	8159
f 8161 	736 	8160
f 8162 	736 	8161
f 8163 	736 	8162
f 8157 	736 	8156
f 8164 	736 	8163
f 8167 	736 	8166
f 8165 	736 	8164
f 8169 	736 	8168
f 8168 	736 	8167
f 8170 	736 	8169
f 743 	736 	8170
f 8145 	8089 	8144
f 8142 	8144 	8089
f 8148 	736 	8147
f 8149 	736 	8148
f 8089 	8147 	736
f 8165 	8166 	736
f 284 	6636 	279
f 304 	6636 	299
f 308 	6636 	304
f 673 	6636 	308
f 292 	6636 	289
f 679 	6636 	678
f 678 	6636 	673
f 6636 	679 	680
f 694 	6636 	691
f 695 	6636 	694
f 680 	691 	6636
f 706 	6636 	703
f 708 	6636 	706
f 709 	6636 	708
f 710 	6636 	709
f 710 	711 	6636
f 714 	6636 	711
f 701 	703 	6636
f 716 	6636 	714
f 717 	6636 	716
f 722 	723 	6636
f 722 	6636 	717
f 6636 	6634 	274
f 260 	274 	6634
f 284 	289 	6636
f 274 	279 	6636
f 6636 	695 	701
f 292 	299 	6636
f 256 	260 	6634
f 257 	256 	6634
f 6636 	723 	736
f 743 	8181 	736
f 742 	8181 	743
f 745 	8181 	742
f 744 	8181 	745
f 6636 	736 	8181
f 8183 	6637 	6636
f 8183 	6636 	8181
f 2694 	6637 	8183
f 2694 	8183 	2693
f 8199 	8185 	8186
f 8188 	8185 	8199
f 5610 	1139 	1134
f 5610 	1134 	5611
f 1144 	5612 	1143
f 5886 	1157 	1161
f 1164 	5887 	1161
f 5893 	1165 	1406
f 1407 	5895 	1406
f 1408 	1409 	5897
f 1410 	5898 	1409
f 8189 	8188 	8199
f 8190 	8189 	8199
f 8192 	8191 	8199
f 8191 	8190 	8199
f 8192 	8199 	8193
f 8194 	8193 	8199
f 8199 	8195 	8194
f 8196 	8195 	8199
f 8197 	8196 	8199
f 8199 	1990 	8197
f 7777 	274 	7776
f 8198 	8197 	1990
f 1995 	8198 	1990
f 256 	7774 	260
f 8218 	8200 	8201
f 8203 	8200 	8218
f 8206 	8203 	8218
f 8209 	8206 	8218
f 8211 	8210 	8218
f 8210 	8209 	8218
f 8211 	8218 	8212
f 8213 	8212 	8218
f 8218 	8214 	8213
f 8215 	8214 	8218
f 8216 	8215 	8218
f 8218 	1987 	8216
f 8217 	8216 	1987
f 1996 	8217 	1987
f 8218 	4162 	1987
f 8199 	4145 	1990
f 4133 	8191 	8192
f 8192 	8193 	4134
f 4135 	4134 	8193
f 4136 	4135 	8194
f 8193 	8194 	4135
f 8195 	4137 	4136
f 8195 	4136 	8194
f 299 	7783 	304
f 8195 	8196 	4137
f 4138 	4137 	8196
f 308 	7785 	673
f 7784 	673 	7785
f 4138 	8196 	8197
f 304 	7782 	308
f 4142 	4141 	8198
f 7785 	308 	7782
f 4142 	8198 	1995
f 5899 	1410 	1411
f 1412 	5901 	1411
f 4153 	4152 	8209
f 8210 	4153 	8209
f 6586 	1433 	1434
f 8211 	8212 	4155
f 4156 	4155 	8212
f 7107 	7106 	1435
f 4157 	4156 	8213
f 1436 	1437 	7108
f 8212 	8213 	4156
f 7108 	7107 	1436
f 8214 	4158 	4157
f 8214 	4157 	8213
f 1435 	1436 	7107
f 8214 	8215 	4158
f 4159 	4158 	8215
f 7114 	7109 	1439
f 1439 	1440 	7114
f 7115 	7114 	1440
f 4159 	8215 	8216
f 7117 	7115 	1441
f 4161 	4160 	8217
f 1440 	1441 	7115
f 4161 	8217 	1996
f 8222 	8232 	8221
f 8224 	8225 	8186
f 8199 	8186 	8225
f 8227 	8232 	8226
f 8228 	8230 	8229
f 7119 	7117 	1442
f 1441 	1442 	7117
f 8229 	8230 	8201
f 6600 	6593 	1426
f 6601 	6600 	1427
f 1426 	1427 	6600
f 6603 	6602 	1429
f 1428 	1429 	6602
f 1427 	1428 	6601
f 6602 	6601 	1428
f 6604 	6603 	1430
f 1430 	1431 	6604
f 8218 	8201 	8230
f 8226 	8230 	8228
f 8232 	8230 	8226
f 8225 	8232 	8227
f 8224 	8223 	8225
f 8221 	8232 	8223
f 8232 	8225 	8223
f 8231 	8232 	8222
f 8232 	6614 	8230
f 7123 	8230 	6614
f 6605 	1431 	1415
f 8230 	4162 	8218
f 8225 	4145 	8199
f 4126 	4125 	8221
f 4127 	4126 	8223
f 8221 	8223 	4126
f 6584 	6583 	1418
f 8223 	8224 	4127
f 4128 	4127 	8224
f 6585 	1432 	1433
f 8185 	4129 	8186
f 4129 	4128 	8186
f 8224 	8186 	4128
f 1418 	1432 	6584
f 6585 	6584 	1432
f 8188 	4130 	4129
f 8188 	4129 	8185
f 4131 	4130 	8189
f 8188 	8189 	4130
f 8189 	8190 	4131
f 4132 	4131 	8190
f 4133 	4132 	8191
f 8190 	8191 	4132
f 1451 	5916 	1450
f 8192 	4134 	4133
f 1453 	5917 	1452
f 1453 	1454 	6606
f 4147 	4146 	8226
f 6607 	6606 	1454
f 4148 	4147 	8228
f 8226 	8228 	4147
f 6608 	6607 	1455
f 1454 	1455 	6607
f 8228 	8229 	4148
f 4149 	4148 	8229
f 6588 	6609 	1420
f 2506 	2422 	2507
f 2507 	2422 	2508
f 8200 	4150 	8201
f 8229 	8201 	4149
f 4149 	8201 	4150
f 8200 	8203 	4150
f 4151 	4150 	8203
f 7787 	678 	7784
f 2422 	2804 	2510
f 8203 	8206 	4151
f 4152 	4151 	8206
f 2512 	2511 	2804
f 8206 	8209 	4152
f 680 	7786 	7788
f 4155 	4154 	8211
f 2513 	2512 	2804
f 2514 	2513 	2804
f 7789 	691 	7788
f 2511 	2510 	2804
f 2509 	2422 	2510
f 2509 	2508 	2422
f 2505 	2422 	2506
f 8230 	7123 	4162
f 7791 	695 	694
f 4145 	8225 	8227
f 2559 	2420 	2561
f 2561 	2420 	2565
f 4179 	8231 	8222
f 2420 	2567 	2565
f 695 	7790 	701
f 2567 	2420 	2568
f 2420 	2843 	2568
f 7793 	703 	7792
f 701 	7792 	703
f 7795 	706 	7793
f 703 	7793 	706
f 8237 	8234 	8243
f 8234 	8235 	8243
f 8242 	8243 	8235
f 2576 	2571 	2843
f 7794 	708 	7795
f 706 	7795 	708
f 2580 	2576 	2843
f 8243 	8250 	8232
f 8236 	8237 	8243
f 709 	7767 	710
f 2571 	2568 	2843
f 2558 	2420 	2559
f 8239 	8236 	8232
f 2674 	2673 	6544
f 2674 	6544 	2675
f 7794 	709 	708
f 7766 	711 	710
f 8244 	8245 	8275
f 8274 	8275 	8245
f 8246 	8247 	8275
f 2678 	2677 	2775
f 2679 	2678 	2775
f 2680 	2679 	2775
f 716 	7771 	717
f 7770 	717 	7771
f 2682 	2680 	2775
f 2682 	2775 	2683
f 6614 	8248 	8275
f 8249 	8275 	8248
f 8246 	8275 	8249
f 2677 	2676 	2775
f 6544 	2775 	2676
f 2676 	2675 	6544
f 7770 	722 	717
f 2426 	2421 	2423
f 2421 	2432 	2430
f 2430 	2423 	2421
f 7772 	736 	723
f 2441 	2436 	2421
f 2436 	2432 	2421
f 2447 	2442 	2421
f 2441 	2421 	2442
f 8252 	8253 	6626
f 6627 	6626 	8253
f 2448 	2447 	2421
f 8254 	8252 	6626
f 2450 	2448 	2421
f 2450 	2421 	2451
f 8255 	8256 	6626
f 2458 	2451 	2421
f 5296 	8257 	6626
f 8257 	8258 	6626
f 8258 	8255 	6626
f 8256 	8254 	6626
f 2464 	2463 	2421
f 8090 	728 	8003
f 4890 	4891 	6515
f 6515 	6514 	4890
f 4893 	6517 	6516
f 4892 	4894 	6518
f 209 	210 	7819
f 4897 	4896 	6521
f 6521 	6520 	4897
f 6524 	6523 	4899
f 228 	219 	7826
f 6525 	6524 	4901
f 7826 	7934 	228
f 6842 	6527 	4903
f 4902 	4905 	6843
f 6844 	4905 	4904
f 4906 	6847 	6846
f 4904 	4907 	6845
f 4918 	4917 	6535
f 6536 	4917 	4920
f 254 	252 	7941
f 255 	7775 	257
f 7943 	7775 	255
f 5007 	5008 	6548
f 7779 	279 	7777
f 7778 	284 	7779
f 7780 	292 	7781
f 255 	254 	7943
f 6858 	6857 	5054
f 1455 	1419 	6608
f 6590 	6588 	1422
f 6591 	6590 	1423
f 6592 	1424 	1425
f 6553 	6552 	5012
f 1423 	1424 	6591
f 6592 	6591 	1424
f 6554 	6553 	5042
f 6554 	5042 	5041
f 6851 	6556 	5044
f 5048 	6853 	6852
f 1771 	5928 	1770
f 1773 	5930 	1772
f 5055 	6857 	6856
f 1446 	5911 	1445
f 5910 	1445 	5911
f 5910 	1444 	1445
f 6859 	4875 	5059
f 7403 	7576 	4753
f 1447 	5912 	1446
f 7391 	7562 	4735
f 1450 	5915 	1449
f 5914 	1448 	1449
f 7371 	4721 	7374
f 4724 	7375 	4723
f 5623 	1480 	1487
f 1500 	5919 	1494
f 7549 	4725 	7550
f 4727 	7551 	4726
f 7550 	4726 	7551
f 7552 	7551 	4727
f 5922 	1764 	1765
f 5922 	1765 	5923
f 1766 	5923 	1765
f 1767 	5924 	1766
f 5923 	1766 	5924
f 2460 	2458 	2421
f 1768 	5925 	1767
f 2462 	2461 	2421
f 2461 	2460 	2421
f 2463 	2462 	2421
f 5926 	1768 	1769
f 2466 	2465 	2421
f 2465 	2464 	2421
f 2475 	2473 	2421
f 5927 	1769 	1770
f 2471 	2466 	2421
f 2476 	2475 	2421
f 2473 	2471 	2421
f 2485 	2482 	2421
f 2482 	2476 	2421
f 2493 	2485 	2422
f 2421 	2422 	2485
f 2494 	2493 	2422
f 2504 	2494 	2422
f 2505 	2504 	2422
f 2516 	2419 	2515
f 8259 	8240 	8232
f 8240 	8241 	8232
f 8241 	8238 	8232
f 8238 	8239 	8232
f 8236 	8243 	8232
f 6614 	8232 	8250
f 6614 	8250 	8251
f 8251 	8248 	6614
f 8247 	8244 	8275
f 6614 	8275 	7132
f 7422 	7011 	1784
f 873 	1784 	7011
f 2419 	2518 	2517
f 2517 	2515 	2419
f 359 	1786 	7434
f 2520 	2519 	2419
f 2519 	2518 	2419
f 343 	1791 	7428
f 4070 	8235 	4071
f 2521 	2520 	2419
f 7756 	2084 	7745
f 8237 	4072 	8234
f 2523 	2522 	2419
f 2522 	2521 	2419
f 2524 	2523 	2419
f 7745 	2059 	7746
f 2060 	7746 	2059
f 2525 	2524 	2419
f 7746 	2060 	7747
f 2063 	7747 	2060
f 7747 	2063 	7748
f 2064 	7748 	2063
f 2067 	7749 	2064
f 7748 	2064 	7749
f 7749 	2067 	7750
f 2070 	7750 	2067
f 2526 	2525 	2419
f 2071 	7751 	2070
f 7750 	2070 	7751
f 2526 	2419 	2527
f 2527 	2419 	2528
f 2071 	7752 	7751
f 2531 	2530 	2419
f 7752 	2072 	7753
f 2530 	2529 	2419
f 2529 	2528 	2419
f 7753 	2073 	338
f 2078 	7424 	2079
f 2534 	2533 	2419
f 2533 	2532 	2419
f 2532 	2531 	2419
f 2080 	7425 	2078
f 2537 	2536 	2419
f 2536 	2535 	2419
f 2081 	7426 	2080
f 2537 	2419 	2539
f 2082 	7754 	7427
f 7426 	2081 	7427
f 2082 	7427 	2081
f 7754 	2082 	7755
f 2419 	2420 	2543
f 2547 	2543 	2420
f 7755 	2083 	7756
f 2556 	2548 	2420
f 2059 	7745 	2084
f 2548 	2547 	2420
f 2535 	2534 	2419
f 2543 	2539 	2419
f 2558 	2556 	2420
f 8259 	8260 	8240
f 2589 	6545 	2588
f 313 	2204 	7757
f 6545 	2593 	2591
f 2591 	2588 	6545
f 7757 	2185 	7758
f 2186 	7758 	2185
f 2599 	2597 	6545
f 2597 	2593 	6545
f 7777 	279 	274
f 2600 	2599 	6545
f 8276 	8242 	8277
f 279 	7779 	284
f 8279 	8280 	8242
f 2606 	2604 	6545
f 2604 	2600 	6545
f 6545 	2609 	2606
f 8242 	8280 	8278
f 8278 	8277 	8242
f 289 	7781 	292
f 8281 	8279 	8242
f 289 	7778 	7781
f 292 	7780 	299
f 8282 	8281 	8242
f 2618 	6545 	2619
f 8235 	8285 	8242
f 2612 	6545 	2613
f 2614 	6545 	2615
f 2613 	6545 	2614
f 8283 	8284 	8242
f 8284 	8282 	8242
f 8283 	8242 	8285
f 2615 	6545 	2616
f 7783 	299 	7780
f 2616 	6545 	2617
f 2617 	6545 	2618
f 7782 	304 	7783
f 2622 	6545 	2623
f 2621 	6545 	2622
f 2619 	6545 	2621
f 2623 	6545 	2624
f 2624 	6545 	2627
f 8286 	8313 	8288
f 2629 	6545 	2632
f 2632 	6545 	2633
f 673 	7784 	678
f 2673 	2670 	6544
f 678 	7787 	679
f 7786 	679 	7787
f 7786 	680 	679
f 680 	7788 	691
f 7791 	694 	7789
f 691 	7789 	694
f 728 	727 	8004
f 8290 	8313 	8289
f 8292 	8289 	8242
f 8313 	8242 	8289
f 8291 	8292 	8242
f 8303 	8291 	8242
f 8302 	8303 	8242
f 8306 	6627 	8307
f 8309 	8305 	8242
f 8276 	8310 	8242
f 8308 	6627 	8311
f 8310 	8309 	8242
f 8312 	8311 	6627
f 8305 	8302 	8242
f 8313 	8290 	8287
f 8287 	8288 	8313
f 377 	8313 	8286
f 8314 	8312 	6627
f 6627 	8315 	8314
f 8253 	8321 	6627
f 8323 	8274 	8322
f 8325 	8274 	8327
f 8324 	8274 	8325
f 8321 	8319 	6627
f 8319 	8317 	6627
f 8317 	8315 	6627
f 8308 	8307 	6627
f 8304 	8300 	6627
f 6628 	6627 	8300
f 8301 	6628 	8300
f 8306 	8304 	6627
f 8326 	8327 	8274
f 8245 	8328 	8274
f 8328 	8326 	8274
f 8329 	8341 	8331
f 8331 	8341 	8330
f 8335 	8332 	8274
f 8341 	8274 	8332
f 8334 	8335 	8274
f 8337 	8334 	8274
f 8339 	8338 	8274
f 8338 	8336 	8274
f 8340 	8339 	8274
f 8318 	8316 	8274
f 8324 	8322 	8274
f 8323 	8320 	8274
f 8320 	8318 	8274
f 8316 	8340 	8274
f 8336 	8337 	8274
f 8341 	8332 	8333
f 8333 	8330 	8341
f 8341 	8329 	599
f 4098 	8275 	8274
f 4098 	8274 	8341
f 1133 	1132 	8313
f 8309 	4059 	8305
f 4059 	8309 	4060
f 7897 	8305 	4059
f 209 	7819 	7818
f 7758 	2186 	7759
f 7759 	2187 	7760
f 7760 	2188 	7761
f 2189 	7761 	2188
f 2190 	7762 	2189
f 7761 	2189 	7762
f 7762 	2190 	7763
f 2191 	7763 	2190
f 2192 	7764 	2191
f 7763 	2191 	7764
f 7764 	2192 	7765
f 2193 	7765 	2192
f 7765 	2193 	354
f 246 	245 	7939
f 7934 	231 	228
f 7936 	7935 	233
f 233 	231 	7936
f 241 	235 	7938
f 7940 	7939 	245
f 245 	243 	7940
f 7939 	7942 	246
f 252 	246 	7942
f 7942 	7941 	252
f 7941 	7943 	254
f 260 	7776 	274
f 7778 	289 	284
f 2670 	2633 	6544
f 2627 	6545 	2629
f 8279 	4065 	8280
f 4065 	8279 	4066
f 8281 	4066 	8279
f 8282 	4067 	8281
f 2610 	6545 	2612
f 6544 	2633 	6545
f 2609 	6545 	2610
f 6545 	2589 	2419
f 2516 	8050 	2419
f 2421 	8050 	2516
f 2426 	8050 	2421
f 2691 	8050 	2426
f 6545 	2419 	8050
f 6540 	6545 	8053
f 8050 	8053 	6545
f 8053 	8057 	6541
f 8053 	6541 	6540
f 1790 	1778 	1794
f 4070 	8285 	8235
f 8234 	4071 	8235
f 1794 	1778 	1795
f 8283 	8285 	4070
f 4071 	8234 	4072
f 8236 	4073 	8237
f 4072 	8237 	4073
f 1805 	1777 	1806
f 1807 	1806 	1777
f 8238 	4075 	8239
f 1807 	1777 	1808
f 8239 	4074 	8236
f 4073 	8236 	4074
f 1809 	1808 	1777
f 1810 	1809 	1777
f 4076 	8241 	4077
f 8240 	4077 	8241
f 1811 	1810 	1777
f 1812 	1811 	1777
f 8241 	4076 	8238
f 1837 	1812 	1777
f 1841 	1837 	1777
f 1844 	1841 	1777
f 1845 	1844 	1777
f 1848 	1845 	1777
f 1849 	1848 	1777
f 1805 	1803 	1777
f 1803 	1795 	1777
f 1778 	1777 	1795
f 1864 	1776 	1866
f 7888 	8290 	8289
f 1877 	1869 	1775
f 7894 	8291 	8303
f 7894 	8303 	7895
f 8302 	7895 	8303
f 1775 	1883 	1881
f 1885 	1775 	1887
f 7895 	8302 	7897
f 8305 	7897 	8302
f 1890 	1775 	1893
f 2147 	1893 	1775
f 2148 	2147 	1775
f 8310 	4060 	8309
f 2149 	2148 	1775
f 1780 	7556 	4731
f 8276 	4061 	8310
f 2151 	1775 	2152
f 2150 	1775 	2151
f 2153 	2152 	1775
f 2150 	2149 	1775
f 1890 	1888 	1775
f 1888 	1887 	1775
f 1885 	1883 	1775
f 1881 	1879 	1775
f 1879 	1877 	1775
f 1776 	1775 	1869
f 1866 	1776 	1869
f 2159 	6539 	2160
f 8340 	4080 	8339
f 7549 	7379 	4725
f 4726 	7550 	4725
f 2162 	2161 	6541
f 2164 	2163 	6541
f 2163 	2162 	6541
f 4728 	7552 	4727
f 2165 	2164 	6541
f 8316 	8318 	4082
f 4729 	7553 	4728
f 7552 	4728 	7553
f 2167 	2166 	6541
f 2168 	2167 	6541
f 2169 	2168 	6541
f 7553 	4729 	7554
f 4730 	7554 	4729
f 6541 	2170 	2169
f 8320 	4083 	8318
f 4731 	7555 	4730
f 4084 	8323 	4085
f 2404 	2170 	6541
f 2407 	2404 	6541
f 7557 	1780 	1781
f 2408 	2407 	6541
f 2413 	2408 	6541
f 2417 	2416 	6541
f 1782 	7558 	1781
f 2414 	6541 	2416
f 2414 	2413 	6541
f 4087 	8324 	8325
f 2166 	2165 	6541
f 2161 	2160 	6541
f 6539 	6541 	2160
f 4087 	8325 	4088
f 8327 	4088 	8325
f 8057 	2418 	1851
f 1849 	1777 	1851
f 8057 	1851 	1777
f 8057 	1777 	2153
f 8057 	2153 	1775
f 2417 	6541 	1775
f 8057 	1775 	6541
f 7555 	4731 	7556
f 8326 	4089 	8327
f 7556 	1780 	7557
f 1780 	4731 	4735
f 4090 	8328 	8245
f 4090 	8245 	4091
f 8244 	4091 	8245
f 1781 	1780 	4735
f 1782 	1781 	4735
f 8328 	4090 	8326
f 4089 	8326 	4090
f 1785 	1782 	4735
f 4735 	1778 	1785
f 7560 	1785 	1787
f 1787 	1785 	1778
f 1790 	1787 	1778
f 1790 	7561 	1787
f 4091 	8244 	4092
f 8247 	4092 	8244
f 7871 	7561 	1794
f 4092 	8247 	4093
f 8246 	4093 	8247
f 1795 	7871 	1794
f 1855 	4753 	1856
f 8248 	4095 	8249
f 7557 	1781 	7558
f 1857 	1856 	4753
f 1860 	1857 	4753
f 4753 	1776 	1860
f 1785 	7559 	1782
f 8249 	4094 	8246
f 1861 	1860 	1776
f 1864 	1861 	1776
f 4093 	8246 	4094
f 4096 	8251 	4097
f 8250 	4097 	8251
f 4767 	4795 	2154
f 2155 	2154 	4795
f 7558 	1782 	7559
f 4095 	8248 	4096
f 6539 	2158 	4795
f 2155 	4795 	2156
f 7560 	7559 	1785
f 2156 	4795 	2157
f 2157 	4795 	2158
f 7560 	1787 	7561
f 2159 	2158 	6539
f 8345 	8349 	7898
f 1790 	1794 	7561
f 8333 	7905 	8330
f 8347 	8349 	8346
f 8346 	8349 	8345
f 8332 	7906 	8333
f 8348 	8349 	8347
f 8337 	7912 	8334
f 8351 	8354 	8350
f 8336 	7913 	8337
f 8352 	8354 	8351
f 8339 	4079 	8338
f 8353 	8354 	8352
f 7961 	8350 	8354
f 8338 	7914 	8336
f 7914 	8338 	4079
f 8356 	6528 	8355
f 8357 	6528 	8356
f 6528 	7989 	8355
f 8358 	6528 	8357
f 4098 	7132 	8275
f 4078 	4097 	8243
f 8354 	1775 	7576
f 8260 	2628 	8240
f 4077 	8240 	2628
f 8349 	1777 	7562
f 8360 	6629 	8359
f 377 	376 	8313
f 376 	375 	8313
f 375 	1241 	8313
f 594 	1288 	8341
f 1288 	1284 	8341
f 599 	598 	8341
f 598 	594 	8341
f 1979 	1184 	1293
f 1293 	1184 	8341
f 8062 	8370 	8362
f 8361 	8370 	8348
f 8365 	8062 	8364
f 8364 	8062 	8362
f 8363 	8359 	6629
f 1132 	4078 	8313
f 1246 	1133 	8313
f 8242 	8313 	4078
f 8366 	8363 	6629
f 8361 	8362 	8370
f 8374 	8382 	8372
f 8372 	8382 	8353
f 8369 	8366 	6629
f 8371 	8369 	6629
f 8377 	8382 	8376
f 8373 	8371 	6629
f 8375 	8373 	6629
f 8376 	8382 	8374
f 8378 	6530 	8377
f 8354 	8353 	8382
f 8380 	8375 	6629
f 8381 	8380 	6629
f 8383 	6530 	8358
f 8387 	6530 	8386
f 8385 	6530 	8383
f 8381 	6629 	8384
f 8388 	6530 	8387
f 6528 	8358 	6530
f 8384 	6629 	8390
f 8385 	8386 	6530
f 6530 	8388 	8389
f 6530 	8389 	8382
f 6530 	8382 	8377
f 6530 	8378 	8379
f 8370 	8062 	8379
f 8349 	8348 	8370
f 8367 	8062 	8365
f 8368 	8062 	8367
f 8064 	8062 	8368
f 6530 	8379 	8062
f 1776 	7576 	1775
f 8382 	1775 	8354
f 1778 	7562 	1777
f 8370 	1777 	8349
f 8390 	6629 	8391
f 8301 	8391 	6628
f 6628 	8391 	6629
f 1810 	1811 	7898
f 1811 	1812 	8345
f 1837 	8347 	8346
f 8093 	8092 	8005
f 8347 	1837 	8348
f 1837 	1841 	8348
f 8092 	8091 	8006
f 1851 	8368 	8367
f 7810 	8097 	8096
f 8098 	8097 	7814
f 7814 	7813 	8098
f 8099 	8098 	7813
f 1893 	8351 	8350
f 1893 	2147 	8351
f 8100 	8099 	7815
f 2148 	8372 	8353
f 8352 	2147 	8353
f 2149 	8374 	8372
f 2149 	8372 	2148
f 2149 	2150 	8374
f 8376 	8374 	2150
f 8101 	8100 	7817
f 8376 	2150 	2151
f 8376 	2151 	8377
f 2152 	2153 	8378
f 2151 	2152 	8377
f 8101 	7817 	7816
f 8378 	8377 	2152
f 2168 	7989 	7986
f 7818 	211 	209
f 2168 	2169 	7989
f 8355 	7989 	2169
f 7821 	7820 	215
f 1795 	7873 	7871
f 215 	211 	7821
f 1803 	7874 	7873
f 1803 	1805 	7874
f 7884 	7874 	1805
f 1805 	1806 	7884
f 8091 	8090 	8002
f 8006 	8005 	8092
f 1806 	1807 	7886
f 8093 	8005 	8114
f 7893 	7890 	1808
f 7813 	7815 	8099
f 7816 	210 	8101
f 7815 	7817 	8100
f 7816 	7819 	210
f 7563 	7397 	4743
f 7563 	4743 	7564
f 7393 	4737 	7394
f 4736 	7394 	4737
f 215 	7820 	216
f 7394 	4736 	7395
f 4739 	7395 	4736
f 4742 	7396 	4739
f 7818 	7821 	211
f 7820 	7822 	216
f 219 	216 	7822
f 4743 	4744 	7564
f 7564 	4744 	7565
f 4745 	7565 	4744
f 7822 	7826 	219
f 4748 	7566 	4745
f 235 	233 	7935
f 7934 	7936 	231
f 7568 	4751 	7569
f 7935 	7938 	235
f 7938 	7937 	241
f 241 	7937 	243
f 7937 	7940 	243
f 8359 	8363 	6897
f 7567 	4748 	4749
f 7567 	4749 	7568
f 4751 	7568 	4749
f 4752 	7569 	4751
f 1855 	7570 	4752
f 7570 	1855 	7571
f 1856 	7571 	1855
f 1857 	7572 	1856
f 7571 	1856 	7572
f 1860 	7573 	1857
f 7574 	1860 	1861
f 1864 	7575 	1861
f 7947 	7575 	1866
f 1869 	7947 	1866
f 7572 	1857 	7573
f 7573 	1860 	7574
f 8308 	7469 	8307
f 8311 	7470 	8308
f 7574 	1861 	7575
f 1864 	1866 	7575
f 1869 	7950 	7947
f 1877 	7952 	7950
f 1879 	7954 	7952
f 1877 	1879 	7952
f 7955 	7954 	1881
f 1885 	7958 	7956
f 8252 	7477 	8253
f 8393 	6630 	8392
f 7407 	4755 	7408
f 8395 	6630 	8360
f 7409 	4756 	7411
f 7577 	7414 	4758
f 7577 	4758 	7578
f 4754 	7408 	4755
f 4756 	7409 	4754
f 7408 	4754 	7409
f 4757 	7411 	4756
f 4759 	7578 	4758
f 7578 	4759 	7579
f 4760 	7579 	4759
f 8394 	6630 	8395
f 8392 	6630 	8394
f 6629 	8360 	6630
f 6589 	6630 	8393
f 4761 	7580 	4760
f 8003 	8002 	8090
f 8004 	8003 	728
f 2169 	2170 	8355
f 2407 	8383 	8358
f 2407 	2408 	8383
f 8385 	8383 	2408
f 2408 	2413 	8385
f 8386 	8385 	2413
f 2413 	2414 	8386
f 8389 	8388 	2417
f 2416 	2417 	8388
f 8388 	8387 	2416
f 8389 	2417 	8382
f 1775 	8382 	2417
f 1777 	8370 	8379
f 8368 	1851 	8064
f 2418 	8064 	1851
f 8399 	8062 	8398
f 8401 	8062 	8400
f 8400 	8062 	8399
f 8402 	8404 	8401
f 606 	8404 	584
f 8409 	8412 	8408
f 8410 	8412 	8409
f 8411 	8412 	8410
f 8408 	8412 	8407
f 607 	8412 	8411
f 8412 	607 	632
f 8415 	6530 	8414
f 8419 	6530 	8418
f 8417 	6530 	8416
f 634 	6530 	8419
f 8417 	8418 	6530
f 6530 	634 	668
f 8061 	8397 	8062
f 8397 	8398 	8062
f 8403 	8404 	8402
f 8403 	584 	8404
f 8062 	8401 	8404
f 8404 	8405 	8062
f 6530 	8062 	8405
f 8405 	8406 	6530
f 8407 	6530 	8406
f 6530 	8407 	8412
f 6530 	8412 	8413
f 8413 	8414 	6530
f 8415 	8416 	6530
f 2419 	8412 	632
f 2421 	8404 	606
f 2426 	8398 	8397
f 8400 	2432 	8401
f 8402 	2441 	8403
f 2442 	8403 	2441
f 8401 	2436 	8402
f 8403 	2442 	584
f 8405 	2516 	8406
f 2515 	8407 	8406
f 8408 	2518 	8409
f 2519 	8409 	2518
f 8410 	8409 	2519
f 8414 	2588 	8415
f 2593 	8416 	2591
f 8415 	2591 	8416
f 8416 	2593 	8417
f 2599 	8419 	8418
f 8002 	8006 	8091
f 8417 	2597 	8418
f 2599 	8418 	2597
f 8412 	2419 	8413
f 8404 	2421 	8405
f 2426 	8397 	1774
f 8061 	1774 	8397
f 7404 	7403 	4753
f 7392 	7391 	4735
f 7886 	7884 	1806
f 7890 	7886 	1807
f 7583 	4767 	7584
f 2155 	7585 	2154
f 2156 	7586 	2155
f 8392 	6893 	8393
f 6895 	6894 	8394
f 8395 	6895 	8394
f 6897 	6896 	8360
f 8359 	6897 	8360
f 4762 	7581 	4761
f 7581 	4762 	7582
f 4764 	7582 	4762
f 4767 	7583 	4764
f 7582 	4764 	7583
f 2154 	7584 	4767
f 7584 	2154 	7585
f 7587 	2156 	2157
f 2158 	7588 	2157
f 7587 	2157 	7588
f 7026 	7025 	8384
f 7027 	7026 	8390
f 7967 	7589 	2160
f 8390 	8391 	7027
f 7585 	2155 	7586
f 7586 	2156 	7587
f 7588 	2158 	7589
f 2159 	7589 	2158
f 2159 	2160 	7589
f 2161 	7968 	7967
f 7967 	2160 	2161
f 2162 	7971 	7968
f 2162 	2163 	7971
f 7976 	7971 	2163
f 7466 	8304 	7467
f 7980 	7976 	2164
f 7980 	2164 	2165
f 2163 	2164 	7976
f 8312 	7471 	8311
f 2165 	7981 	7980
f 2165 	2166 	7981
f 7984 	7981 	2166
f 2166 	2167 	7984
f 7407 	7404 	4755
f 7404 	4753 	4755
f 4735 	4737 	7392
f 7393 	7392 	4737
f 4793 	4722 	7870
f 7369 	7870 	4722
f 5223 	5526 	5224
f 5489 	5488 	5440
f 5488 	5526 	5440
f 5526 	5656 	5224
f 5482 	5481 	5351
f 5481 	5512 	5351
f 5201 	5351 	5512
f 7477 	7476 	8253
f 8254 	7478 	8252
f 7477 	8252 	7478
f 8256 	7479 	8254
f 5346 	5479 	5347
f 8258 	8257 	7482
f 5627 	5628 	5170
f 6733 	6589 	6893
f 8393 	6893 	6589
f 8257 	5296 	7482
f 655 	7276 	6630
f 7276 	7277 	6630
f 7320 	7271 	1972
f 5186 	5509 	5348
f 5348 	5508 	5349
f 5510 	5349 	5508
f 5349 	5510 	5350
f 5673 	5672 	5187
f 5189 	5674 	5190
f 5674 	5675 	5190
f 1978 	7277 	1980
f 5511 	5499 	5335
f 5335 	5499 	5336
f 5501 	5337 	5500
f 5337 	5501 	5338
f 5502 	5338 	5501
f 5338 	5502 	5339
f 5503 	5339 	5502
f 5339 	5503 	5340
f 5504 	5340 	5503
f 5505 	5341 	5504
f 5340 	5504 	5341
f 5341 	5505 	5342
f 5342 	5506 	5343
f 5507 	5477 	5343
f 5344 	5343 	5477
f 5478 	5345 	5476
f 5345 	5478 	5346
f 5480 	5347 	5479
f 8392 	6894 	6893
f 5172 	5170 	5628
f 8392 	8394 	6894
f 5628 	5629 	5172
f 8395 	6896 	6895
f 8395 	8360 	6896
f 5631 	5177 	5175
f 8363 	6898 	6897
f 5177 	5631 	5633
f 5177 	5633 	5179
f 8363 	8366 	6898
f 6899 	6898 	8366
f 5181 	5179 	5635
f 5633 	5635 	5179
f 6900 	6899 	8369
f 8366 	8369 	6899
f 5181 	5635 	5636
f 5181 	5636 	5182
f 6901 	6900 	8371
f 8369 	8371 	6900
f 5184 	5182 	5637
f 5636 	5637 	5182
f 8371 	8373 	6901
f 7022 	6901 	8373
f 5186 	5184 	5509
f 5637 	5509 	5184
f 8373 	8375 	7022
f 5508 	5348 	5509
f 5350 	5510 	5511
f 5350 	5511 	5335
f 5189 	5672 	5674
f 5192 	5190 	5675
f 5194 	5192 	5639
f 5675 	5639 	5192
f 5640 	5196 	5194
f 5640 	5194 	5638
f 7023 	7022 	8375
f 5640 	5641 	5196
f 8375 	8380 	7023
f 8380 	7024 	7023
f 8384 	8390 	7026
f 8391 	7028 	7027
f 7029 	7028 	8301
f 8300 	7465 	8301
f 5430 	5486 	5432
f 8380 	8381 	7024
f 7025 	7024 	8381
f 8381 	8384 	7025
f 5643 	5644 	5203
f 7465 	8300 	7466
f 8306 	7467 	8304
f 5215 	5523 	5433
f 5433 	5522 	5434
f 5524 	5434 	5522
f 5434 	5524 	5436
f 8391 	8301 	7028
f 7029 	8301 	7465
f 8304 	7466 	8300
f 7467 	8306 	7468
f 8307 	7469 	7468
f 5525 	5513 	5352
f 5352 	5513 	5353
f 5515 	5354 	5514
f 5354 	5515 	5355
f 5516 	5355 	5515
f 5355 	5516 	5356
f 5517 	5356 	5516
f 5356 	5517 	5357
f 5518 	5357 	5517
f 5519 	5358 	5518
f 5357 	5518 	5358
f 5358 	5519 	5359
f 5359 	5520 	5360
f 5521 	5484 	5360
f 5361 	5360 	5484
f 5485 	5362 	5483
f 5485 	5430 	5362
f 5487 	5432 	5486
f 5204 	5203 	5644
f 5644 	5645 	5204
f 5647 	5210 	5209
f 7475 	8319 	7476
f 5210 	5647 	5648
f 5210 	5648 	5211
f 8321 	8253 	7476
f 5212 	5211 	5649
f 5648 	5649 	5211
f 5212 	5649 	5650
f 5212 	5650 	5213
f 5214 	5213 	5651
f 5650 	5651 	5213
f 5215 	5214 	5523
f 5651 	5523 	5214
f 5522 	5433 	5523
f 5436 	5524 	5525
f 5436 	5525 	5352
f 8307 	7468 	8306
f 5677 	5217 	5216
f 5677 	5679 	5217
f 5218 	5217 	5679
f 7469 	8308 	7470
f 5679 	5680 	5218
f 5219 	5653 	5220
f 7470 	8311 	7471
f 5654 	5221 	5220
f 5654 	5220 	5652
f 5654 	5655 	5221
f 7472 	8314 	7473
f 8317 	7474 	8315
f 7471 	8312 	7472
f 8314 	7472 	8312
f 5446 	5561 	5447
f 8315 	7473 	8314
f 5447 	5562 	5449
f 5563 	5449 	5562
f 5449 	5563 	5450
f 7473 	8315 	7474
f 7474 	8317 	7475
f 8319 	7475 	8317
f 8321 	7476 	8319
f 7478 	8254 	7479
f 8255 	7480 	8256
f 5463 	5493 	5466
f 8258 	7482 	7481
f 5657 	5658 	5225
f 7480 	8255 	7481
f 7479 	8256 	7480
f 5230 	5663 	5231
f 5663 	5664 	5231
f 8258 	7481 	8255
f 1807 	1808 	7890
f 5323 	5570 	5324
f 1809 	7893 	1808
f 5569 	5467 	5570
f 5324 	5570 	5467
f 5569 	5468 	5467
f 1809 	7896 	7893
f 1809 	1810 	7896
f 7898 	7896 	1810
f 5470 	5572 	5443
f 8345 	7898 	1811
f 8346 	1812 	1837
f 8361 	8348 	1841
f 1841 	1844 	8361
f 1845 	8364 	8362
f 8365 	8364 	1848
f 1845 	1848 	8364
f 8367 	1849 	1851
f 5443 	5527 	5446
f 8365 	1849 	8367
f 5562 	5447 	5561
f 1849 	8365 	1848
f 5564 	5450 	5563
f 1879 	1881 	7954
f 5565 	5452 	5564
f 5450 	5564 	5452
f 1881 	1883 	7955
f 5452 	5565 	5453
f 5566 	5453 	5565
f 7956 	1883 	1885
f 5567 	5455 	5566
f 5453 	5566 	5455
f 5455 	5567 	5458
f 5568 	5458 	5567
f 5568 	5491 	5458
f 5459 	5458 	5491
f 1885 	1887 	7958
f 7959 	7958 	1887
f 5459 	5490 	5460
f 1888 	7961 	7959
f 1888 	7959 	1887
f 5460 	5492 	5463
f 5493 	5463 	5492
f 1888 	1890 	7961
f 8350 	7961 	1890
f 5494 	5466 	5493
f 8350 	1890 	1893
f 5226 	5225 	5658
f 5658 	5659 	5226
f 5296 	6732 	7482
f 727 	8089 	4390
f 736 	4390 	8089
f 5661 	5229 	5228
f 4763 	729 	4526
f 8039 	4366 	729
f 5229 	5661 	5662
f 5229 	5662 	5230
f 5230 	5662 	5663
f 4733 	8010 	8009
f 5322 	5231 	5664
f 5323 	5322 	5665
f 5664 	5665 	5322
f 5323 	5665 	5570
f 4733 	4741 	8010
f 4747 	8013 	8012
f 5571 	5468 	5569
f 4747 	4746 	8013
f 5572 	5470 	5571
f 5468 	5571 	5470
f 5527 	5443 	5572
f 5891 	5890 	5325
f 5892 	5327 	5326
f 5894 	5328 	5327
f 5894 	5327 	5892
f 4500 	4503 	8016
f 8017 	8016 	4503
f 5329 	5328 	5667
f 5894 	5667 	5328
f 4503 	4502 	8017
f 5668 	5330 	5329
f 5668 	5329 	5666
f 5668 	5669 	5330
f 4502 	4504 	8018
f 5670 	5332 	5578
f 5333 	5578 	5332
f 5891 	5325 	5224
f 4504 	4506 	8019
f 5334 	5905 	5187
f 5673 	5187 	5905
f 4508 	4507 	8022
f 5130 	6202 	4910
f 5940 	6141 	5098
f 4878 	5098 	6141
f 5062 	5933 	5063
f 5933 	5062 	5935
f 5069 	5074 	5939
f 4522 	4521 	8033
f 8032 	4522 	8033
f 8037 	4343 	8038
f 4342 	8112 	8111
f 8036 	8035 	4523
f 4523 	4525 	8036
f 5063 	5932 	5065
f 8116 	4346 	8117
f 8117 	4348 	8118
f 5073 	6117 	5074
f 6116 	5074 	6117
f 6116 	5939 	5074
f 5076 	6118 	5073
f 6119 	5076 	5075
f 5077 	6120 	5075
f 8125 	4356 	8126
f 4355 	8127 	8126
f 5082 	6124 	5081
f 8123 	4354 	8124
f 5083 	6126 	5084
f 8122 	4351 	8123
f 4356 	8125 	4353
f 5086 	6129 	5087
f 8129 	4360 	8130
f 6124 	5082 	6125
f 8130 	4359 	8131
f 8131 	4361 	8132
f 6131 	5088 	6132
f 4286 	8137 	4283
f 8136 	4283 	8137
f 4285 	8138 	4286
f 4770 	4769 	8042
f 4770 	8042 	8041
f 6479 	6140 	4805
f 4772 	8046 	8043
f 8047 	8046 	4771
f 4772 	4771 	8046
f 6137 	5095 	5094
f 4771 	4773 	8047
f 5097 	6138 	5094
f 6479 	4805 	4804
f 4805 	6140 	4807
f 6486 	6484 	4809
f 4813 	4811 	6488
f 4809 	4813 	6486
f 4535 	4534 	8063
f 6488 	6486 	4813
f 4534 	4537 	8065
f 6494 	6493 	4828
f 6494 	4828 	4835
f 4835 	4834 	6495
f 6496 	4834 	4840
f 6497 	6496 	4840
f 4546 	4545 	8078
f 4543 	4546 	8077
f 6500 	6499 	4848
f 4848 	4853 	6500
f 8083 	4547 	8084
f 6503 	6502 	4860
f 4547 	4549 	8084
f 6834 	6833 	4861
f 4863 	4861 	6833
f 6833 	6505 	4863
f 6834 	4861 	4868
f 6836 	6835 	4867
f 6838 	6837 	4869
f 4369 	8145 	8144
f 6836 	4867 	4870
f 8142 	4367 	8144
f 6839 	4876 	4875
f 6839 	6838 	4876
f 8146 	4372 	8147
f 5099 	5943 	5100
f 8148 	4374 	8149
f 5944 	5101 	5942
f 5100 	5942 	5101
f 4374 	8148 	4371
f 5945 	5103 	5946
f 5946 	5102 	5947
f 5105 	5947 	5102
f 5104 	5948 	5105
f 5104 	5107 	5949
f 8150 	4376 	8151
f 4375 	8152 	8151
f 8153 	4377 	8154
f 4380 	8155 	8154
f 4381 	8156 	4379
f 8159 	4383 	8160
f 5942 	5100 	5943
f 8160 	4385 	8161
f 5103 	5945 	5099
f 8164 	4294 	8165
f 6142 	5107 	6143
f 5106 	6143 	5107
f 4298 	8166 	4293
f 8165 	4293 	8166
f 4298 	8167 	8166
f 6142 	5949 	5107
f 5109 	6147 	5106
f 6143 	5106 	6147
f 5108 	6148 	5109
f 6153 	5112 	5111
f 6153 	5111 	6165
f 5113 	6165 	5111
f 8094 	8093 	8114
f 8095 	8094 	8113
f 8114 	8113 	8094
f 8113 	8115 	8095
f 7810 	7814 	8097
f 5119 	5118 	6178
f 5121 	6179 	5118
f 5120 	6180 	5121
f 6178 	5118 	6179
f 6182 	5120 	5123
f 5124 	6185 	5125
f 5125 	6184 	5122
f 6195 	5129 	6196
f 5129 	6195 	5126
f 5128 	4883 	6199
f 4882 	6199 	4883
f 6512 	6511 	4886
f 4887 	4886 	6511
f 6511 	6510 	4887
f 6516 	6515 	4891
f 4893 	6516 	4891
f 6519 	6518 	4894
f 6522 	6521 	4896
f 6523 	6522 	4898
f 4896 	4898 	6522
f 6523 	4898 	4899
f 6843 	6842 	4902
f 6844 	6843 	4905
f 4907 	4906 	6846
f 6846 	6845 	4907
f 4909 	4908 	6848
f 6848 	6847 	4909
f 5132 	5952 	5133
f 5137 	5957 	5134
f 5956 	5134 	5957
f 6205 	5138 	6206
f 5140 	6207 	5141
f 5953 	5132 	5131
f 5134 	5956 	5135
f 5135 	5955 	5131
f 5953 	5131 	5955
f 5138 	6205 	5139
f 6204 	5139 	6205
f 6204 	5959 	5139
f 5141 	6206 	5138
f 6206 	5141 	6207
f 5142 	6208 	5140
f 6210 	5144 	5143
f 5145 	6211 	5143
f 6213 	5148 	6214
f 5147 	6214 	5148
f 6213 	5146 	5148
f 6214 	5147 	6215
f 5149 	6215 	5147
f 5152 	6219 	5153
f 6217 	5150 	6218
f 5153 	6218 	5150
f 5154 	6221 	5155
f 6224 	5156 	5159
f 5158 	6225 	5159
f 6224 	5159 	6225
f 5161 	6226 	5158
f 6531 	4913 	4912
f 6531 	6228 	4913
f 4913 	6228 	4914
f 6536 	6535 	4917
f 6535 	6534 	4918
f 6543 	6542 	5004
f 5004 	5006 	6543
f 5006 	5005 	6546
f 6546 	6543 	5006
f 6547 	6546 	5005
f 5007 	6547 	5005
f 6549 	6548 	5008
f 5010 	5009 	6550
f 5008 	5010 	6549
f 6550 	6549 	5010
f 6852 	6851 	5043
f 5043 	5048 	6852
f 6854 	6853 	5047
f 6856 	6855 	5050
f 6854 	5047 	5051
f 6856 	5050 	5055
f 5130 	5133 	5954
f 5944 	5098 	5101
f 5934 	7364 	5065
f 5163 	5065 	7364
f 6229 	5166 	6112
f 5900 	5904 	5168
f 5900 	5168 	5332
f 5466 	5494 	5440
f 5489 	5440 	5494
f 5432 	5487 	5351
f 5482 	5351 	5487
f 5347 	5480 	5472
f 5333 	5471 	5495
f 5475 	5495 	5471
f 5474 	8295 	6676
f 5474 	6676 	5475
f 8295 	8297 	6677
f 8295 	6677 	6676
f 7607 	7591 	7606
f 7606 	7591 	7605
f 7607 	7608 	7591
f 7609 	7591 	7608
f 7610 	7611 	7591
f 7611 	7612 	7591
f 7604 	7605 	7591
f 7612 	7613 	7591
f 71 	7591 	7613
f 7614 	71 	7613
f 7615 	71 	7614
f 7616 	71 	7615
f 7703 	7591 	7702
f 7705 	7591 	7704
f 7704 	7591 	7703
f 7701 	7702 	7591
f 7705 	7706 	7591
f 7707 	7591 	7706
f 7709 	7591 	7708
f 7708 	7591 	7707
f 7710 	7591 	7709
f 7711 	7591 	7710
f 7712 	7591 	7711
f 7713 	7591 	7712
f 7713 	7714 	7591
f 7591 	7714 	7604
f 7609 	7610 	7591
f 71 	7616 	7603
f 71 	7603 	35
f 7717 	7590 	7716
f 7719 	7590 	7718
f 7718 	7590 	7717
f 7720 	7590 	7719
f 7721 	7590 	7720
f 7722 	7590 	7721
f 7726 	128 	7725
f 7727 	128 	7726
f 7715 	128 	7728
f 7727 	7728 	128
f 128 	7590 	7725
f 7731 	7590 	7729
f 7731 	7732 	7590
f 7733 	7590 	7732
f 7730 	7729 	7590
f 7735 	7590 	7734
f 7734 	7590 	7733
f 7735 	7736 	7590
f 7737 	7590 	7736
f 7739 	7590 	7738
f 7738 	7590 	7737
f 7740 	7590 	7739
f 7741 	7590 	7740
f 7742 	7590 	7741
f 7743 	7744 	7590
f 7716 	7590 	7744
f 7742 	7743 	7590
f 7724 	7725 	7590
f 7723 	7590 	7722
f 7723 	7724 	7590
f 128 	7715 	108
f 7797 	180 	7812
f 7800 	6677 	7799
f 7801 	6677 	7800
f 7803 	6677 	7802
f 7804 	7805 	6677
f 7805 	7806 	6677
f 7807 	7808 	6677
f 7806 	7807 	6677
f 7801 	7802 	6677
f 7808 	7809 	6677
f 180 	6677 	7809
f 7812 	180 	7809
f 7828 	6677 	7827
f 7827 	6677 	7825
f 7829 	6677 	7828
f 7830 	6677 	7829
f 7831 	6677 	7830
f 7832 	6677 	7831
f 7823 	7825 	6677
f 7834 	6677 	7833
f 7835 	6677 	7834
f 7836 	6677 	7835
f 7838 	6677 	7837
f 7836 	7837 	6677
f 7838 	7839 	6677
f 6677 	7839 	7798
f 7798 	7799 	6677
f 7803 	7804 	6677
f 158 	180 	7797
f 8297 	7840 	7700
f 7701 	7591 	7699
f 7700 	7699 	7591
f 8297 	7700 	7591
f 8297 	7591 	7730
f 8297 	7730 	7590
f 7824 	6677 	7590
f 7823 	6677 	7824
f 7832 	7833 	6677
f 8297 	7590 	6677
f 7592 	70 	57
f 71 	41 	70
f 7593 	70 	7592
f 57 	70 	55
f 7594 	70 	7593
f 7595 	70 	7594
f 7596 	70 	7595
f 6 	70 	7596
# 10273 faces

g group_0_16500122

usemtl color_16500122
s 0

f 4 	1544 	3
f 1544 	1545 	3
f 5 	1543 	4
f 11 	1552 	10
f 14 	1553 	11
f 1554 	1555 	10
f 9 	10 	1555
f 17 	3131 	16
f 19 	15 	3128
f 16 	3132 	15
f 26 	126 	23
f 27 	125 	26
f 28 	125 	27
f 31 	125 	28
f 34 	37 	125
f 56 	125 	37
f 47 	56 	44
f 42 	56 	39
f 44 	56 	43
f 51 	56 	50
f 53 	56 	52
f 52 	56 	51
f 60 	121 	59
f 61 	120 	60
f 62 	120 	61
f 63 	120 	62
f 64 	120 	63
f 65 	120 	64
f 66 	120 	65
f 72 	120 	69
f 69 	120 	68
f 75 	120 	74
f 78 	56 	120
f 75 	76 	120
f 76 	78 	120
f 89 	15 	87
f 95 	15 	92
f 98 	15 	95
f 92 	15 	89
f 103 	15 	100
f 99 	15 	98
f 112 	15 	109
f 107 	109 	15
f 115 	15 	112
f 19 	81 	82
f 83 	15 	82
f 86 	15 	83
f 87 	15 	86
f 100 	15 	99
f 105 	15 	103
f 107 	15 	105
f 19 	82 	15
f 58 	59 	121
f 67 	120 	66
f 121 	60 	120
f 67 	68 	120
f 72 	74 	120
f 15 	115 	120
f 22 	23 	126
f 126 	26 	125
f 31 	34 	125
f 37 	39 	56
f 42 	43 	56
f 50 	56 	47
f 125 	56 	78
f 15 	120 	56
f 5 	4 	53
f 56 	53 	4
f 3 	16 	56
f 15 	56 	16
f 4 	3 	56
f 17 	16 	131
f 3 	131 	16
f 131 	3 	129
f 2 	129 	3
f 141 	129 	139
f 138 	139 	129
f 147 	129 	141
f 149 	129 	148
f 150 	129 	149
f 153 	129 	150
f 156 	129 	153
f 147 	148 	129
f 157 	129 	156
f 169 	253 	168
f 171 	253 	170
f 172 	253 	171
f 176 	253 	172
f 168 	253 	164
f 157 	164 	129
f 170 	253 	169
f 179 	131 	178
f 177 	178 	131
f 183 	131 	181
f 181 	131 	179
f 187 	131 	186
f 188 	131 	187
f 192 	131 	188
f 183 	186 	131
f 131 	192 	193
f 197 	131 	193
f 131 	197 	249
f 204 	249 	203
f 205 	249 	204
f 201 	249 	200
f 200 	249 	197
f 202 	249 	201
f 203 	249 	202
f 206 	207 	208
f 214 	17 	213
f 208 	195 	206
f 194 	206 	195
f 194 	196 	206
f 212 	213 	17
f 218 	17 	217
f 217 	17 	214
f 220 	17 	218
f 221 	17 	220
f 223 	17 	221
f 224 	17 	223
f 232 	17 	226
f 234 	236 	17
f 236 	237 	17
f 224 	226 	17
f 237 	238 	17
f 239 	240 	17
f 240 	3145 	17
f 238 	239 	17
f 232 	234 	17
f 17 	131 	212
f 249 	212 	131
f 129 	164 	253
f 176 	3135 	253
f 131 	129 	177
f 253 	177 	129
f 129 	2 	138
f 1 	138 	2
f 1286 	1287 	258
f 261 	258 	10
f 10 	258 	11
f 267 	261 	265
f 265 	261 	264
f 10 	264 	261
f 9 	264 	10
f 275 	264 	273
f 277 	264 	276
f 278 	264 	277
f 264 	275 	276
f 280 	264 	278
f 288 	406 	283
f 283 	406 	282
f 296 	406 	294
f 297 	126 	296
f 293 	294 	406
f 22 	126 	297
f 264 	270 	271
f 272 	264 	271
f 273 	264 	272
f 280 	282 	264
f 307 	265 	306
f 303 	306 	265
f 309 	265 	307
f 379 	265 	378
f 381 	382 	265
f 384 	385 	405
f 384 	405 	383
f 386 	387 	405
f 385 	386 	405
f 121 	405 	387
f 388 	121 	387
f 58 	121 	388
f 303 	265 	302
f 265 	309 	378
f 379 	380 	265
f 383 	405 	382
f 380 	381 	265
f 392 	267 	391
f 390 	391 	267
f 393 	267 	392
f 395 	267 	394
f 397 	267 	396
f 400 	267 	399
f 399 	267 	398
f 402 	267 	401
f 401 	267 	400
f 404 	19 	403
f 81 	19 	404
f 390 	267 	389
f 267 	393 	394
f 395 	396 	267
f 398 	267 	397
f 402 	403 	267
f 19 	267 	403
f 18 	267 	19
f 265 	382 	405
f 267 	265 	389
f 405 	389 	265
f 288 	293 	406
f 406 	296 	126
f 264 	282 	406
f 265 	264 	302
f 406 	302 	264
f 264 	9 	270
f 8 	270 	9
f 280 	3234 	282
f 3234 	3235 	282
f 293 	288 	3237
f 3237 	3238 	293
f 297 	296 	3240
f 3240 	3241 	297
f 22 	3241 	23
f 4301 	26 	4299
f 4309 	34 	4306
f 31 	4306 	34
f 34 	4309 	37
f 39 	4313 	42
f 42 	4314 	43
f 43 	4315 	44
f 44 	4316 	47
f 3690 	53 	3689
f 3383 	3386 	148
f 3439 	141 	139
f 3439 	3544 	141
f 446 	445 	442
f 446 	442 	443
f 444 	445 	446
f 7854 	444 	446
f 207 	206 	448
f 447 	448 	206
f 449 	447 	206
f 450 	449 	206
f 443 	450 	206
f 443 	206 	446
f 462 	463 	461
f 460 	461 	463
f 462 	7454 	470
f 473 	474 	475
f 500 	497 	494
f 6459 	1535 	498
f 502 	497 	501
f 503 	501 	497
f 505 	497 	504
f 506 	497 	505
f 502 	504 	497
f 507 	497 	506
f 508 	497 	507
f 509 	497 	508
f 513 	497 	512
f 511 	497 	510
f 512 	497 	511
f 509 	510 	497
f 497 	513 	514
f 520 	956 	519
f 522 	956 	521
f 526 	955 	525
f 516 	497 	515
f 518 	956 	517
f 515 	497 	514
f 517 	956 	516
f 519 	956 	518
f 524 	956 	523
f 523 	956 	522
f 521 	956 	520
f 525 	956 	524
f 530 	955 	526
f 535 	955 	534
f 537 	498 	536
f 539 	498 	537
f 538 	536 	498
f 540 	498 	539
f 541 	498 	540
f 542 	498 	541
f 544 	498 	543
f 543 	498 	542
f 548 	498 	547
f 546 	498 	545
f 545 	498 	544
f 547 	498 	546
f 498 	548 	892
f 448 	549 	207
f 5388 	5387 	444
f 448 	550 	549
f 770 	802 	769
f 802 	770 	771
f 802 	4667 	775
f 772 	773 	4667
f 768 	802 	775
f 774 	775 	4667
f 769 	802 	768
f 778 	779 	801
f 778 	801 	777
f 801 	779 	780
f 801 	4665 	786
f 782 	783 	4665
f 777 	801 	786
f 785 	786 	4665
f 791 	6430 	790
f 6430 	791 	793
f 797 	798 	3588
f 798 	799 	3588
f 799 	788 	3588
f 6430 	3588 	788
f 1402 	1403 	3588
f 788 	790 	6430
f 771 	824 	802
f 307 	3242 	309
f 3242 	3244 	309
f 378 	3245 	379
f 3245 	3246 	379
f 3251 	385 	384
f 3251 	3252 	385
f 62 	4321 	63
f 63 	4322 	64
f 67 	4326 	68
f 68 	4327 	69
f 3699 	78 	3697
f 3547 	3548 	179
f 3548 	3398 	181
f 3286 	3288 	390
f 82 	4330 	83
f 4331 	86 	83
f 3286 	390 	389
f 391 	390 	3288
f 3288 	3289 	391
f 394 	3259 	395
f 905 	953 	903
f 893 	894 	498
f 896 	954 	895
f 954 	498 	894
f 898 	954 	897
f 897 	954 	896
f 895 	954 	894
f 899 	954 	898
f 900 	954 	899
f 902 	954 	901
f 901 	954 	900
f 892 	893 	498
f 903 	954 	902
f 907 	953 	905
f 909 	953 	908
f 911 	499 	910
f 914 	499 	911
f 913 	910 	499
f 916 	499 	914
f 919 	499 	916
f 920 	499 	919
f 924 	499 	921
f 921 	499 	920
f 929 	499 	928
f 927 	499 	926
f 928 	499 	927
f 926 	499 	924
f 499 	929 	934
f 950 	952 	949
f 936 	499 	935
f 934 	935 	499
f 939 	499 	936
f 940 	499 	939
f 942 	499 	941
f 941 	499 	940
f 499 	942 	943
f 944 	499 	943
f 946 	499 	945
f 944 	945 	499
f 499 	946 	947
f 948 	499 	947
f 949 	499 	948
f 950 	951 	952
f 499 	949 	952
f 954 	903 	953
f 907 	908 	953
f 499 	498 	913
f 954 	913 	498
f 497 	516 	956
f 956 	525 	955
f 530 	534 	955
f 498 	497 	538
f 956 	538 	497
f 497 	500 	503
f 957 	503 	500
f 960 	955 	959
f 961 	955 	960
f 958 	959 	955
f 962 	955 	961
f 963 	1131 	962
f 966 	1131 	965
f 965 	1131 	963
f 971 	1131 	969
f 973 	1131 	971
f 974 	1131 	973
f 975 	1131 	974
f 968 	1131 	966
f 977 	991 	976
f 976 	991 	975
f 968 	969 	1131
f 979 	991 	978
f 978 	991 	977
f 980 	991 	979
f 981 	991 	980
f 984 	991 	983
f 983 	991 	982
f 982 	991 	981
f 988 	991 	987
f 986 	991 	985
f 989 	991 	988
f 990 	991 	989
f 986 	987 	991
f 994 	995 	953
f 1125 	953 	996
f 997 	1000 	1125
f 1001 	1125 	1000
f 996 	997 	1125
f 1002 	1125 	1001
f 1003 	1125 	1002
f 1006 	1125 	1003
f 1007 	1125 	1006
f 1009 	1125 	1007
f 1010 	1125 	1009
f 1014 	1125 	1013
f 1013 	1125 	1010
f 1014 	1017 	1125
f 1125 	1017 	1020
f 1021 	1125 	1020
f 1026 	1125 	1025
f 1021 	1025 	1125
f 1030 	1125 	1029
f 1029 	1125 	1026
f 1031 	1125 	1030
f 1032 	1034 	1125
f 1034 	1035 	1125
f 1035 	1038 	1125
f 1038 	1039 	1125
f 1039 	991 	1125
f 951 	1043 	952
f 1046 	952 	1045
f 1055 	1119 	1049
f 1060 	1119 	1059
f 1059 	1119 	1055
f 1065 	1119 	1064
f 1064 	1119 	1060
f 1072 	1119 	1065
f 1073 	1119 	1072
f 1074 	1119 	1073
f 1075 	1119 	1074
f 1080 	1119 	1075
f 1081 	1119 	1080
f 1090 	1119 	1087
f 1091 	1119 	1090
f 1087 	1119 	1081
f 1094 	1119 	1093
f 1093 	1119 	1091
f 1097 	1119 	1094
f 1098 	1119 	1097
f 1100 	1119 	1098
f 1107 	1119 	1101
f 1109 	1119 	1107
f 1112 	1119 	1109
f 1113 	1119 	1112
f 1043 	1045 	952
f 1048 	1119 	1046
f 1049 	1119 	1048
f 1101 	1119 	1100
f 952 	1046 	1119
f 993 	994 	953
f 995 	996 	953
f 1031 	1032 	1125
f 992 	993 	953
f 909 	992 	953
f 1125 	1119 	1113
f 955 	962 	1131
f 985 	991 	984
f 1131 	975 	991
f 535 	958 	955
f 1119 	1125 	991
f 1131 	991 	1039
f 990 	1136 	1138
f 991 	990 	1138
f 1119 	991 	1149
f 1156 	1149 	991
f 1138 	1156 	991
f 5701 	1149 	5703
f 5702 	1156 	1166
f 1174 	7623 	1168
f 7643 	1169 	1168
f 3259 	3260 	395
f 396 	3261 	397
f 3261 	3262 	397
f 401 	3265 	3266
f 401 	3266 	402
f 3266 	3267 	402
f 3268 	3269 	404
f 81 	3269 	82
f 112 	3704 	115
f 18 	3270 	267
f 120 	3272 	121
f 3705 	120 	115
f 125 	3274 	126
f 53 	5363 	5
f 1 	5364 	138
f 1251 	1287 	1250
f 1252 	1287 	1251
f 1253 	1287 	1252
f 1255 	1287 	1254
f 1254 	1287 	1253
f 1257 	1258 	1287
f 1256 	1287 	1255
f 1258 	1259 	1287
f 1256 	1257 	1287
f 1259 	11 	1287
f 1264 	1287 	1263
f 1265 	1287 	1264
f 1269 	1287 	1268
f 1265 	1268 	1287
f 1250 	1287 	1269
f 1262 	1263 	1287
f 258 	1275 	1276
f 258 	1276 	1277
f 1278 	258 	1277
f 1279 	258 	1278
f 1281 	258 	1279
f 1286 	258 	1283
f 1281 	1283 	258
f 14 	11 	1259
f 258 	1287 	11
f 1283 	3365 	1286
f 1275 	1305 	1276
f 1275 	258 	1305
f 1334 	7933 	830
f 780 	1337 	801
f 1342 	7932 	1341
f 1345 	7932 	1344
f 1341 	7932 	1340
f 1344 	7932 	1342
f 7889 	7932 	1345
f 1351 	6430 	1350
f 793 	1350 	6430
f 1357 	6431 	1354
f 1358 	6431 	1357
f 1359 	6431 	1358
f 1354 	6431 	1351
f 1338 	1340 	801
f 1337 	1338 	801
f 828 	802 	825
f 824 	825 	802
f 829 	7933 	828
f 830 	7933 	829
f 802 	828 	7933
f 770 	3959 	771
f 3959 	3592 	771
f 778 	3969 	779
f 3968 	3618 	780
f 779 	3968 	780
f 791 	3977 	793
f 790 	3978 	791
f 3977 	3642 	793
f 775 	3957 	768
f 3958 	769 	768
f 1617 	785 	1615
f 1383 	4667 	1382
f 1384 	4667 	1383
f 1386 	1387 	4667
f 773 	774 	4667
f 1388 	772 	4667
f 1387 	1388 	4667
f 1390 	4665 	1389
f 1393 	4665 	1392
f 1395 	4665 	1394
f 1396 	4665 	1395
f 1394 	4665 	1393
f 783 	785 	4665
f 1397 	782 	4665
f 1401 	3588 	1400
f 1377 	1421 	7623
f 975 	7653 	976
f 3366 	1287 	1286
f 1458 	1485 	1457
f 1459 	1484 	1458
f 1460 	1483 	1459
f 1485 	1486 	1457
f 1489 	1492 	1462
f 1463 	1489 	1462
f 1464 	1488 	1463
f 1466 	1471 	1469
f 1468 	1469 	1471
f 1472 	1476 	1474
f 1477 	1474 	1476
f 1477 	1481 	1473
f 1473 	1474 	1477
f 1473 	1481 	1479
f 1478 	1479 	1482
f 1481 	1482 	1479
f 1484 	1459 	1483
f 1485 	1458 	1484
f 1456 	1457 	1486
f 1489 	1463 	1488
f 1461 	1462 	1492
f 1492 	1493 	1461
f 1465 	1461 	1493
f 1504 	1506 	1505
f 1507 	1509 	1505
f 1507 	1505 	1506
f 1508 	1503 	1509
f 1503 	1505 	1509
f 1508 	1510 	1503
f 1515 	1466 	1514
f 1469 	1514 	1466
f 1526 	1527 	1525
f 1527 	1528 	1525
f 1524 	1525 	1528
f 1530 	1533 	1529
f 1531 	1532 	1529
f 1531 	1529 	1533
f 1529 	1532 	1535
f 1534 	1535 	1532
f 1544 	4 	1543
f 1545 	1547 	2
f 2 	3 	1545
f 1 	2 	1547
f 1546 	1550 	1548
f 1549 	1548 	1551
f 1550 	1551 	1548
f 1549 	1526 	1525
f 1551 	1526 	1549
f 1552 	11 	1553
f 1554 	10 	1552
f 1555 	1556 	9
f 8 	9 	1556
f 1584 	1582 	1572
f 1584 	1572 	1573
f 1583 	1584 	1581
f 1570 	1571 	1582
f 1571 	1572 	1582
f 1581 	1584 	1573
f 1589 	1590 	3586
f 1586 	3585 	1590
f 1594 	1591 	1592
f 1593 	1591 	1594
f 1600 	1599 	1594
f 1594 	1646 	1602
f 1602 	1646 	1601
f 1613 	1646 	1594
f 1595 	1646 	1597
f 1596 	1597 	1646
f 1598 	1596 	1646
f 1593 	1594 	1599
f 1600 	1594 	1602
f 1601 	1646 	1603
f 1604 	1603 	1646
f 1605 	1604 	1646
f 1606 	1646 	1608
f 1606 	1605 	1646
f 1405 	1609 	3588
f 1608 	1646 	1607
f 1646 	3955 	3957
f 1607 	1646 	1595
f 1609 	796 	3588
f 1611 	1613 	1610
f 796 	797 	3588
f 1404 	1405 	3588
f 1610 	1613 	1612
f 1614 	1645 	1616
f 1615 	1616 	1645
f 1612 	1613 	1618
f 1619 	1618 	1613
f 1619 	1613 	1621
f 1620 	1621 	1613
f 1622 	1620 	1613
f 1623 	1622 	1613
f 1624 	1623 	1613
f 1613 	1645 	1625
f 1625 	1624 	1613
f 1627 	1625 	1645
f 1626 	1627 	1645
f 1617 	1615 	1645
f 1614 	1626 	1645
f 1630 	1628 	1588
f 1629 	1588 	1628
f 1645 	1613 	1629
f 1638 	1636 	1588
f 1637 	1638 	1588
f 1631 	1588 	1633
f 1632 	1633 	1588
f 1630 	1588 	1635
f 1635 	1588 	1636
f 1637 	1588 	1639
f 1640 	1639 	1588
f 1642 	1641 	1588
f 1641 	1640 	1588
f 1644 	1588 	1643
f 1644 	1642 	1588
f 1634 	1632 	1588
f 1643 	1588 	1631
f 1588 	1629 	1613
f 1646 	1613 	1611
f 1460 	1459 	1592
f 1594 	1592 	1459
f 1459 	1458 	1594
f 1588 	1613 	1589
f 1594 	1458 	1613
f 1589 	1613 	1458
f 1458 	1457 	1589
f 1590 	1589 	1457
f 1396 	1397 	4665
f 1650 	1649 	2062
f 1651 	1650 	2062
f 1652 	1651 	2062
f 1654 	1653 	2062
f 1653 	1652 	2062
f 983 	7663 	984
f 989 	7624 	990
f 1029 	7680 	1030
f 1087 	7691 	1090
f 1097 	7697 	1098
f 7637 	1101 	7698
f 7623 	1421 	1762
f 7652 	973 	971
f 1656 	1655 	2062
f 1655 	1654 	2062
f 2005 	2004 	2062
f 2004 	1657 	2062
f 2062 	2006 	2005
f 2007 	2062 	2008
f 2008 	2062 	2009
f 2062 	2026 	1457
f 2013 	2012 	2058
f 2014 	2013 	2058
f 2015 	2014 	2058
f 2017 	2016 	2058
f 2016 	2015 	2058
f 2019 	2018 	2058
f 2018 	2017 	2058
f 2022 	2021 	2058
f 2021 	2020 	2058
f 2058 	2023 	2022
f 2024 	2058 	2025
f 2025 	2058 	2026
f 1590 	1457 	2058
f 1586 	1590 	2027
f 2030 	2027 	1590
f 2031 	2030 	1590
f 1590 	2034 	2033
f 2034 	1590 	2037
f 2040 	1590 	2042
f 2044 	2042 	1590
f 2044 	1590 	2045
f 2047 	1590 	2048
f 2050 	1590 	2051
f 2053 	2051 	1590
f 2050 	2048 	1590
f 2047 	2045 	1590
f 2040 	2039 	1590
f 2037 	1590 	2039
f 2033 	2031 	1590
f 2028 	1586 	2027
f 2024 	2023 	2058
f 2020 	2019 	2058
f 2057 	2058 	2012
f 2057 	2012 	2010
f 2057 	2010 	2011
f 2058 	2053 	1590
f 2007 	2006 	2062
f 1657 	1656 	2062
f 2061 	2062 	1649
f 2061 	1649 	1647
f 2061 	1647 	1648
f 2026 	2058 	1457
f 1457 	1456 	2009
f 2009 	2062 	1457
f 2143 	2068 	2065
f 2143 	2065 	2066
f 2069 	2068 	2143
f 2085 	2069 	2143
f 2086 	2085 	2143
f 2087 	2086 	2143
f 2088 	2143 	2089
f 2090 	2143 	2091
f 2091 	2143 	2092
f 2092 	2143 	2094
f 2096 	2094 	2143
f 2097 	2096 	2143
f 2143 	2061 	2097
f 2090 	2089 	2143
f 2088 	2087 	2143
f 2066 	1463 	2143
f 2141 	2101 	1463
f 2105 	2142 	2106
f 2109 	2106 	2142
f 2110 	2109 	2142
f 2113 	2142 	2114
f 2115 	2142 	2118
f 2119 	2118 	2142
f 2119 	2142 	2121
f 2122 	2121 	2142
f 2123 	2122 	2142
f 2142 	2057 	2123
f 2115 	2114 	2142
f 2113 	2110 	2142
f 2105 	2104 	2142
f 2104 	2100 	2142
f 2141 	2142 	2101
f 2100 	2101 	2142
f 2126 	2141 	2125
f 2128 	2141 	2129
f 2127 	2141 	2128
f 2130 	2129 	2141
f 2131 	2130 	2141
f 2132 	2141 	2133
f 2134 	2141 	2135
f 2135 	2141 	2136
f 2137 	2141 	2138
f 2139 	2138 	2141
f 2141 	1587 	2139
f 2134 	2133 	2141
f 2132 	2131 	2141
f 2127 	2125 	2141
f 2137 	2136 	2141
f 2140 	2139 	1587
f 2028 	2140 	1587
f 2028 	1587 	1586
f 2124 	2123 	2057
f 2011 	2124 	2057
f 2142 	2141 	2126
f 2098 	2097 	2061
f 1648 	2098 	2061
f 2143 	1463 	2101
f 2066 	1464 	1463
f 1462 	2144 	1463
f 2141 	1463 	2144
f 1462 	2145 	2144
f 2146 	2144 	2145
f 1461 	2145 	1462
f 3125 	3124 	2145
f 4183 	2085 	2086
f 2087 	4184 	2086
f 2318 	4000 	2317
f 2319 	4000 	2318
f 2322 	3994 	2321
f 2321 	3994 	2320
f 2323 	3994 	2322
f 3984 	3994 	2326
f 2326 	3994 	2325
f 2325 	3994 	2324
f 2317 	4000 	2316
f 2316 	4000 	2315
f 2389 	2362 	2388
f 2390 	2362 	2389
f 2391 	2362 	2390
f 2397 	2362 	2396
f 2399 	2362 	2398
f 2388 	2362 	2387
f 2392 	2362 	2391
f 2393 	2362 	2392
f 2394 	2362 	2393
f 2396 	2362 	2395
f 2395 	2362 	2394
f 2398 	2362 	2397
f 2400 	2503 	2399
f 2402 	2503 	2401
f 2401 	2503 	2400
f 2405 	2503 	2403
f 2406 	2503 	2405
f 2403 	2503 	2402
f 2411 	2502 	2410
f 2412 	2502 	2411
f 2409 	2503 	2406
f 2415 	2502 	2412
f 2424 	2425 	2369
f 2429 	2369 	2428
f 2428 	2369 	2427
f 2427 	2369 	2425
f 2433 	2369 	2431
f 2435 	2369 	2434
f 2434 	2369 	2433
f 2437 	2369 	2435
f 2438 	2369 	2437
f 2431 	2369 	2429
f 2440 	2369 	2439
f 2443 	2369 	2440
f 2444 	2501 	2443
f 2439 	2369 	2438
f 2446 	2501 	2445
f 2445 	2501 	2444
f 2449 	2452 	2501
f 2452 	2453 	2501
f 2453 	2454 	2501
f 2455 	2500 	2454
f 2500 	2501 	2454
f 2456 	2500 	2455
f 2457 	2500 	2456
f 2459 	2500 	2457
f 2470 	6460 	2469
f 2483 	6460 	2481
f 2474 	2477 	6460
f 2487 	6460 	2486
f 2469 	6460 	2468
f 2472 	6460 	2470
f 2478 	6460 	2477
f 2479 	6460 	2478
f 2474 	6460 	2472
f 2481 	6460 	2480
f 2480 	6460 	2479
f 2484 	6460 	2483
f 2486 	6460 	2484
f 2489 	6460 	2488
f 2487 	2488 	6460
f 2491 	6460 	2490
f 2492 	6460 	2491
f 2489 	2490 	6460
f 2496 	2497 	6460
f 2495 	2496 	6460
f 2497 	2498 	6460
f 2492 	2495 	6460
f 2499 	6461 	2498
f 6460 	2498 	6461
f 2369 	2443 	2501
f 2446 	2449 	2501
f 2467 	2468 	6460
f 6460 	2369 	2467
f 2501 	2467 	2369
f 2502 	2503 	2409
f 2409 	2410 	2502
f 2322 	6375 	2323
f 4657 	1612 	1618
f 1620 	1390 	1621
f 2640 	3420 	2643
f 2643 	3420 	2645
f 2653 	2649 	3420
f 2649 	2647 	3420
f 2647 	2645 	3420
f 2652 	2653 	3420
f 2663 	3417 	2664
f 2664 	3417 	2665
f 2669 	2667 	3417
f 2667 	2666 	3417
f 2666 	2665 	3417
f 2668 	2669 	3417
f 2681 	3130 	2684
f 2685 	2684 	3130
f 2687 	2686 	3130
f 2686 	2685 	3130
f 2689 	2687 	3130
f 2690 	2688 	3130
f 2688 	2689 	3130
f 2362 	2399 	2503
f 2369 	2362 	2424
f 2503 	2424 	2362
f 2362 	1525 	2386
f 2386 	2387 	2362
f 2415 	2695 	2502
f 2700 	2795 	2699
f 2705 	2795 	2704
f 2704 	2795 	2703
f 2706 	2795 	2705
f 2707 	2720 	2706
f 2708 	2720 	2707
f 2709 	2720 	2708
f 2711 	2720 	2710
f 2710 	2720 	2709
f 2713 	2720 	2712
f 2714 	2720 	2713
f 2715 	2720 	2714
f 2716 	2720 	2715
f 2718 	2720 	2717
f 2717 	2720 	2716
f 2719 	2720 	2718
f 2459 	2721 	2500
f 2726 	2788 	2725
f 2728 	2788 	2726
f 2729 	2788 	2728
f 2730 	2788 	2729
f 2731 	2788 	2730
f 2733 	2788 	2732
f 2734 	2788 	2733
f 2735 	2788 	2734
f 2736 	2788 	2735
f 2738 	2788 	2737
f 2737 	2788 	2736
f 2740 	2788 	2739
f 2739 	2788 	2738
f 2741 	2788 	2740
f 2742 	2788 	2741
f 2743 	2788 	2742
f 2745 	2788 	2744
f 2743 	2744 	2788
f 2746 	2720 	2788
f 2499 	2747 	6461
f 2754 	6463 	2753
f 2755 	6463 	2754
f 2756 	6463 	2755
f 2758 	6463 	2757
f 2761 	6463 	2760
f 2762 	6463 	2761
f 2763 	6463 	2762
f 2764 	6463 	2763
f 2760 	6463 	2759
f 2770 	6463 	2768
f 2773 	6463 	2770
f 2768 	6463 	2765
f 2776 	6463 	2773
f 2777 	6463 	2776
f 2781 	6463 	2780
f 2777 	2780 	6463
f 2784 	6463 	2781
f 6461 	2747 	2748
f 2749 	6463 	2748
f 2750 	6463 	2749
f 2753 	6463 	2750
f 2757 	6463 	2756
f 2759 	6463 	2758
f 2765 	6463 	2764
f 6461 	2748 	6463
f 2500 	2721 	2722
f 2500 	2722 	2723
f 2500 	2723 	2724
f 2724 	2725 	2500
f 2732 	2788 	2731
f 2500 	2725 	2788
f 2745 	2746 	2788
f 2788 	6463 	2784
f 2502 	2695 	2696
f 2502 	2696 	2697
f 2502 	2697 	2698
f 2698 	2699 	2502
f 2702 	2795 	2701
f 2703 	2795 	2702
f 2701 	2795 	2700
f 2712 	2720 	2711
f 2502 	2699 	2795
f 2795 	2706 	2720
f 6463 	2788 	2720
f 2795 	2720 	2746
f 2812 	2813 	3047
f 3046 	3047 	2813
f 2814 	3047 	2810
f 6457 	2825 	3043
f 3042 	3043 	2822
f 2824 	3043 	2825
f 2830 	2831 	6457
f 6458 	6457 	2831
f 2852 	2912 	2851
f 2856 	2912 	2852
f 2861 	2912 	2860
f 2860 	2912 	2856
f 2862 	2912 	2861
f 2863 	2912 	2862
f 2866 	2912 	2863
f 2868 	2912 	2866
f 2912 	2868 	2872
f 2876 	2911 	2875
f 2878 	2911 	2876
f 2882 	2911 	2881
f 2881 	2911 	2878
f 2883 	2911 	2882
f 2884 	2911 	2883
f 2886 	2911 	2884
f 2888 	2911 	2886
f 2911 	2888 	2892
f 2902 	6445 	2901
f 2901 	6445 	2898
f 2903 	6445 	2902
f 2904 	6445 	2903
f 2894 	2898 	6445
f 2907 	6445 	2904
f 2908 	6445 	2907
f 6445 	2908 	2910
f 7521 	7524 	898
f 2987 	3006 	2986
f 2986 	3006 	2872
f 2988 	6421 	3006
f 2993 	3005 	2992
f 2992 	3005 	2892
f 2994 	2996 	3005
f 2995 	2985 	503
f 2985 	6392 	503
f 2997 	5691 	2996
f 2998 	5691 	2997
f 3000 	5691 	2999
f 2999 	5691 	2910
f 3002 	5691 	3001
f 7116 	7118 	505
f 3004 	5691 	3003
f 6445 	2910 	5691
f 5691 	3005 	2996
f 2994 	3005 	2993
f 2911 	2892 	3005
f 2989 	6421 	2988
f 2988 	3006 	2987
f 2912 	2872 	3006
f 2991 	3007 	3008
f 2142 	4280 	2057
f 2872 	2868 	6001
f 5998 	6001 	2868
f 6063 	6041 	2881
f 2888 	2886 	6044
f 2892 	2888 	6047
f 6044 	6047 	2888
f 2834 	2830 	6457
f 2836 	2834 	6457
f 2821 	3043 	2824
f 2822 	3043 	2821
f 2836 	6457 	2838
f 3043 	2838 	6457
f 2812 	3047 	2814
f 3047 	2827 	2810
f 2827 	2825 	6457
f 6457 	2810 	2827
f 2815 	2814 	2810
f 2818 	2815 	2810
f 3049 	2818 	2810
f 2468 	4031 	4034
f 6092 	6071 	2901
f 2908 	2907 	6074
f 2910 	2908 	6077
f 6074 	6077 	2908
f 2143 	4281 	2061
f 3100 	3125 	3101
f 3103 	3125 	3102
f 3102 	3125 	3104
f 3106 	3125 	3105
f 3104 	3125 	3106
f 3107 	3105 	2145
f 3107 	2145 	3108
f 3110 	3109 	2145
f 3109 	3108 	2145
f 2145 	3111 	3112
f 3112 	3110 	2145
f 3113 	3111 	2145
f 2145 	3116 	3115
f 3115 	3114 	2145
f 3114 	3113 	2145
f 3120 	3118 	2146
f 3117 	2146 	3118
f 3119 	3120 	2146
f 3121 	3119 	2146
f 3122 	3121 	2146
f 2146 	3124 	3123
f 3123 	3122 	2146
f 2145 	3105 	3125
f 3103 	3101 	3125
f 2146 	2145 	3124
f 2145 	1461 	3116
f 1465 	3116 	1461
f 8107 	8106 	3103
f 3005 	454 	2911
f 455 	3406 	454
f 3006 	466 	2912
f 467 	3407 	466
f 2991 	3126 	3007
f 969 	7649 	971
f 3117 	3118 	3127
f 2146 	3117 	3127
f 2146 	3127 	6423
f 3131 	17 	3130
f 3132 	16 	3131
f 3128 	15 	3132
f 7661 	981 	7658
f 980 	7658 	981
f 7660 	982 	7661
f 981 	7661 	982
f 3134 	6465 	3133
f 3133 	3130 	17
f 3129 	18 	3128
f 18 	19 	3128
f 3136 	3151 	3135
f 7660 	983 	982
f 3137 	3151 	3136
f 3138 	3151 	3137
f 3138 	3139 	3151
f 249 	3140 	3150
f 3142 	3150 	3141
f 3143 	3150 	3142
f 3143 	3144 	3150
f 3145 	3146 	17
f 3133 	17 	3146
f 3147 	3133 	3146
f 3148 	3133 	3147
f 7042 	7509 	517
f 3149 	3133 	3148
f 517 	516 	7042
f 3141 	3150 	3140
f 205 	3140 	249
f 3151 	253 	3135
f 3153 	3151 	3152
f 3154 	3151 	3153
f 3157 	3227 	3156
f 3159 	3227 	3158
f 3158 	3227 	3157
f 3161 	3227 	3160
f 3160 	3227 	3159
f 534 	7519 	535
f 3165 	3172 	3164
f 3167 	3172 	3166
f 3169 	3172 	3168
f 3171 	3172 	3170
f 3169 	3170 	3172
f 960 	7485 	961
f 961 	7487 	962
f 3173 	4022 	3174
f 3049 	3175 	2818
f 3178 	3176 	3046
f 3178 	3046 	3177
f 3177 	3046 	2813
f 3181 	3179 	3042
f 3181 	3042 	3180
f 3180 	3042 	2822
f 3184 	3182 	6458
f 3183 	3184 	6458
f 2831 	3183 	6458
f 979 	7659 	980
f 978 	7657 	979
f 2387 	2386 	4021
f 2387 	4021 	4024
f 985 	7664 	986
f 987 	986 	7618
f 3737 	3739 	2392
f 7619 	986 	7664
f 984 	7662 	985
f 7664 	985 	7662
f 4024 	2388 	2387
f 4024 	4023 	2388
f 3740 	3743 	2396
f 7050 	7054 	542
f 2395 	2394 	3741
f 2396 	2395 	3740
f 3741 	3740 	2395
f 3186 	3187 	3150
f 3189 	3226 	3188
f 3191 	3226 	3190
f 3190 	3226 	3189
f 3192 	3226 	3191
f 3194 	3226 	3193
f 3196 	3205 	3195
f 3197 	3205 	3196
f 3200 	3205 	3199
f 3204 	3205 	3203
f 3203 	3205 	3202
f 3209 	3134 	3208
f 3210 	3134 	3209
f 3211 	3134 	3210
f 3212 	3134 	3211
f 3213 	3134 	3212
f 3215 	3134 	3214
f 3214 	3134 	3213
f 3216 	3134 	3215
f 3217 	3134 	3216
f 3218 	3134 	3217
f 3219 	3134 	3218
f 3220 	3134 	3219
f 3221 	3134 	3220
f 3223 	3134 	3222
f 3224 	3134 	3223
f 3222 	3134 	3221
f 7676 	1020 	7674
f 3207 	3208 	3134
f 3134 	3133 	3207
f 3206 	3207 	3133
f 3149 	3206 	3133
f 3185 	3186 	3150
f 3144 	3185 	3150
f 3188 	3226 	3187
f 3193 	3226 	3192
f 3195 	3205 	3194
f 3198 	3205 	3197
f 3199 	3205 	3198
f 3202 	3205 	3201
f 3201 	3205 	3200
f 3150 	3187 	3226
f 3226 	3194 	3205
f 3134 	3225 	3205
f 3226 	3205 	3225
f 3225 	3134 	3224
f 3139 	3152 	3151
f 3155 	3227 	3154
f 3156 	3227 	3155
f 3162 	3172 	3161
f 3163 	3172 	3162
f 3164 	3172 	3163
f 3166 	3172 	3165
f 3168 	3172 	3167
f 3151 	3154 	3227
f 3227 	3161 	3172
f 3205 	3204 	3172
f 3227 	3172 	3204
f 3205 	3172 	1549
f 6468 	3205 	1549
f 6468 	3134 	3205
f 3273 	3228 	3229
f 3230 	3228 	3273
f 3231 	3230 	3273
f 3232 	3231 	3273
f 3233 	3232 	3273
f 3235 	3234 	3273
f 3234 	3233 	3273
f 7530 	7492 	908
f 3236 	3235 	3273
f 3236 	3273 	3237
f 3238 	3237 	3273
f 3239 	3238 	3273
f 3273 	3274 	3239
f 3271 	3242 	3243
f 3244 	3242 	3271
f 3245 	3244 	3271
f 3246 	3245 	3271
f 3247 	3246 	3271
f 3249 	3248 	3271
f 3248 	3247 	3271
f 3250 	3249 	3271
f 3250 	3271 	3251
f 3252 	3251 	3271
f 3253 	3252 	3271
f 7497 	996 	7495
f 3271 	3272 	3253
f 3270 	3256 	3257
f 3258 	3256 	3270
f 7666 	1003 	7667
f 1002 	7667 	1003
f 3259 	3258 	3270
f 3260 	3259 	3270
f 3261 	3260 	3270
f 3263 	3262 	3270
f 3262 	3261 	3270
f 7666 	1006 	1003
f 3263 	3270 	3264
f 3264 	3270 	3265
f 3266 	3265 	3270
f 3267 	3266 	3270
f 3268 	3267 	3270
f 3269 	3268 	3270
f 3129 	3128 	3270
f 3269 	3270 	3128
f 3254 	3253 	3272
f 3255 	3254 	3272
f 3240 	3239 	3274
f 3241 	3240 	3274
f 1009 	7671 	1010
f 7670 	1010 	7671
f 278 	3232 	3233
f 1013 	1010 	7670
f 3237 	288 	3236
f 294 	293 	3238
f 296 	294 	3239
f 381 	380 	3247
f 3265 	400 	3264
f 3276 	3294 	3275
f 3277 	3292 	3278
f 3278 	3292 	3229
f 3290 	3283 	3294
f 3294 	3292 	3277
f 3294 	3277 	3275
f 3283 	3290 	3282
f 3290 	3291 	3285
f 3243 	3285 	3291
f 3271 	3243 	3291
f 3282 	3290 	3284
f 3285 	3284 	3290
f 3287 	3290 	3286
f 3286 	3290 	3288
f 3289 	3290 	3257
f 3290 	3270 	3257
f 3290 	3289 	3288
f 3290 	3287 	3291
f 3292 	3294 	3283
f 3273 	3229 	3292
f 3294 	3276 	3293
f 270 	3276 	3275
f 272 	271 	3277
f 273 	272 	3278
f 3229 	3228 	273
f 275 	273 	3228
f 3231 	3232 	277
f 303 	302 	3282
f 3282 	3284 	303
f 307 	306 	3285
f 3285 	3243 	307
f 3242 	307 	3243
f 380 	379 	3246
f 2818 	3295 	3296
f 3297 	3171 	3296
f 392 	391 	3289
f 3289 	3257 	392
f 393 	392 	3256
f 396 	395 	3260
f 3290 	267 	3270
f 3293 	3276 	5365
f 3358 	3373 	3357
f 3357 	3373 	3359
f 3360 	3359 	3294
f 3361 	3360 	3294
f 3290 	3362 	3370
f 3368 	3370 	3363
f 3364 	3362 	3290
f 3365 	3364 	3290
f 3366 	3365 	3290
f 3368 	3369 	3370
f 3363 	3370 	3362
f 3370 	3371 	3290
f 3373 	3358 	3372
f 3290 	3294 	3366
f 3373 	3366 	3294
f 3294 	3359 	3373
f 3374 	3361 	3294
f 3378 	3370 	3369
f 3371 	3370 	3378
f 3374 	3375 	3361
f 3358 	3376 	3372
f 3368 	3363 	3377
f 3371 	261 	3290
f 3369 	3368 	3378
f 3378 	261 	3371
f 1287 	3373 	3372
f 3373 	1287 	3366
f 3375 	3382 	3361
f 2640 	3386 	3420
f 3381 	3898 	3387
f 3385 	3387 	3898
f 3420 	3386 	3383
f 3420 	3383 	3384
f 3388 	3389 	3407
f 3407 	3389 	3390
f 3391 	3896 	3393
f 3392 	3393 	3896
f 2655 	2652 	3420
f 2657 	2655 	3420
f 3394 	3395 	3406
f 3406 	3395 	3396
f 2663 	3399 	3417
f 3417 	3399 	3397
f 3417 	3397 	3398
f 3403 	6441 	3400
f 3400 	6441 	3402
f 3401 	3402 	6441
f 3405 	6442 	3404
f 6441 	3403 	6442
f 3404 	6442 	3403
f 2671 	2668 	3417
f 3394 	3406 	3391
f 3896 	3391 	3406
f 2672 	2671 	3417
f 3388 	3407 	3381
f 3898 	3381 	3407
f 2681 	3410 	3130
f 3130 	3410 	3408
f 3130 	3408 	3409
f 6460 	6468 	2369
f 1549 	2369 	6468
f 6465 	3526 	3130
f 2690 	3130 	2692
f 3412 	3441 	3411
f 3415 	3414 	3046
f 3422 	3440 	3421
f 3440 	3042 	3424
f 3430 	6465 	3429
f 6465 	6458 	3429
f 3432 	3429 	6458
f 3433 	3432 	6458
f 3434 	3433 	6458
f 3436 	3434 	6458
f 1020 	7676 	1021
f 1017 	7674 	1020
f 6465 	3430 	3431
f 3625 	3437 	3438
f 3426 	3425 	3042
f 3425 	3424 	3042
f 3424 	3421 	3440
f 3440 	3422 	3423
f 3416 	3415 	3046
f 3441 	3046 	3414
f 3414 	3411 	3441
f 3441 	3412 	3413
f 1031 	7681 	1032
f 1030 	7679 	1031
f 3444 	2912 	3443
f 3443 	2912 	3442
f 3445 	2912 	3444
f 3446 	2912 	3445
f 1034 	7630 	1035
f 3447 	2912 	3446
f 1038 	7635 	1039
f 3448 	2912 	3447
f 3450 	2912 	3449
f 3449 	2912 	3448
f 7635 	1038 	7632
f 1035 	7632 	1038
f 2851 	2912 	3450
f 3451 	3407 	3390
f 3454 	3407 	3453
f 3442 	2912 	3455
f 921 	7066 	7065
f 2428 	2427 	4028
f 3461 	2911 	3460
f 3458 	2911 	3457
f 4028 	4030 	2428
f 3462 	2911 	3461
f 3464 	2911 	3463
f 3462 	3463 	2911
f 921 	7065 	924
f 2875 	2911 	3464
f 3459 	3460 	2911
f 7065 	7068 	924
f 3396 	3465 	3406
f 3456 	2911 	3469
f 3469 	2911 	3468
f 3457 	2911 	3456
f 3467 	3468 	3406
f 3472 	6445 	3471
f 3474 	6445 	3473
f 3473 	6445 	3472
f 4027 	4026 	2424
f 3475 	6445 	3474
f 4029 	2427 	2425
f 3478 	6445 	3477
f 3477 	6445 	3476
f 4029 	4028 	2427
f 2893 	6445 	3478
f 2894 	6445 	2893
f 3476 	6445 	3475
f 3405 	3479 	6442
f 3482 	6445 	3481
f 3471 	6445 	3470
f 6442 	3479 	3480
f 3480 	3481 	6442
f 3470 	6445 	3483
f 3483 	6445 	3482
f 6442 	3481 	6445
f 3406 	3465 	3466
f 3466 	3467 	3406
f 3406 	3468 	2911
f 3458 	3459 	2911
f 3407 	3451 	3452
f 3452 	3453 	3407
f 2912 	3407 	3454
f 3454 	3455 	2912
f 6007 	6010 	3446
f 3947 	2437 	2435
f 3947 	3946 	2437
f 2440 	2439 	3948
f 2443 	2440 	3950
f 3965 	2479 	2478
f 3417 	249 	3440
f 2657 	3420 	3506
f 3507 	3506 	3420
f 3508 	3507 	3420
f 3509 	3508 	3441
f 3420 	3441 	3508
f 3510 	3511 	3441
f 2672 	3417 	3515
f 3517 	3515 	3417
f 3519 	3517 	3417
f 3520 	3519 	3440
f 3417 	3440 	3519
f 3521 	3522 	3440
f 2692 	3130 	3523
f 3523 	3130 	3524
f 3524 	3130 	3525
f 3525 	3130 	3526
f 3526 	6465 	3530
f 3431 	3528 	6465
f 3522 	3520 	3440
f 3423 	3521 	3440
f 3511 	3509 	3441
f 3413 	3510 	3441
f 176 	172 	3507
f 3511 	3510 	3137
f 3510 	3413 	3138
f 3439 	3437 	3625
f 3625 	3619 	3439
f 3544 	3619 	3384
f 3439 	3619 	3544
f 3420 	3384 	3619
f 3143 	3142 	3521
f 3521 	3423 	3143
f 3451 	3390 	6029
f 3389 	6101 	3390
f 6029 	6032 	3451
f 6037 	6036 	3455
f 1080 	7690 	1081
f 1090 	7693 	1091
f 3150 	3440 	249
f 3151 	3441 	253
f 3137 	3136 	3511
f 3138 	3137 	3510
f 3412 	3152 	3413
f 950 	7541 	951
f 3465 	3396 	6064
f 3168 	2812 	3169
f 6064 	6067 	3465
f 3142 	3141 	3522
f 3422 	3185 	3423
f 3201 	2821 	3202
f 3147 	3146 	3530
f 3147 	3530 	3528
f 6086 	6085 	3475
f 3430 	3206 	3431
f 6085 	6088 	3476
f 3210 	3433 	3434
f 3210 	3434 	3211
f 3436 	3211 	3434
f 3771 	3214 	3769
f 3219 	3182 	3220
f 3992 	6316 	3993
f 3295 	2818 	3555
f 4032 	4031 	2467
f 4034 	2469 	2468
f 4034 	4033 	2469
f 3972 	3976 	2484
f 3965 	3971 	2479
f 1074 	7688 	1075
f 1073 	7685 	1074
f 7687 	1080 	1075
f 7687 	1075 	7688
f 1081 	7689 	1087
f 7691 	1087 	7689
f 7636 	1107 	1101
f 1100 	7698 	1101
f 7696 	1100 	1098
f 1107 	7638 	1109
f 1112 	7641 	1113
f 7641 	1112 	7639
f 1109 	7639 	1112
f 503 	957 	2995
f 7623 	1762 	990
f 1762 	1136 	990
f 1587 	3584 	3585
f 3586 	1590 	3585
f 1588 	1589 	3587
f 3588 	1588 	3587
f 1588 	3588 	3590
f 3586 	3587 	1589
f 1587 	3585 	1586
f 3548 	3547 	3617
f 3547 	3545 	3617
f 3548 	3617 	3398
f 3417 	3398 	3617
f 3130 	3409 	3131
f 3595 	3594 	3591
f 3594 	3593 	3591
f 3591 	3600 	3596
f 3596 	3595 	3591
f 3599 	3131 	3597
f 3598 	3600 	3591
f 3597 	3131 	3601
f 3604 	3591 	3605
f 3606 	3605 	3591
f 3603 	3131 	3409
f 3601 	3131 	3603
f 3608 	3955 	3607
f 3610 	3609 	3956
f 3612 	3613 	3956
f 3615 	3591 	3593
f 3614 	3956 	3616
f 3612 	3956 	3614
f 3613 	3611 	3956
f 3616 	3956 	3615
f 3617 	3131 	3599
f 3131 	3617 	3545
f 3546 	3131 	3545
f 3619 	3625 	3546
f 3131 	3546 	3625
f 3620 	3640 	3953
f 3622 	3621 	3953
f 3621 	3620 	3953
f 3438 	3624 	3625
f 3953 	3627 	3623
f 3623 	3622 	3953
f 3626 	3627 	3953
f 3628 	3626 	3953
f 3628 	3953 	3629
f 3589 	3591 	3953
f 147 	141 	3544
f 3629 	3953 	3630
f 3630 	3953 	3631
f 3544 	3384 	147
f 3383 	147 	3384
f 3632 	3633 	3952
f 3636 	3635 	3953
f 3635 	3634 	3953
f 3640 	3641 	3953
f 3639 	3953 	3641
f 169 	168 	2652
f 3637 	3953 	3639
f 3645 	3644 	3589
f 3643 	3589 	3644
f 171 	170 	2657
f 3646 	3645 	3589
f 3648 	3646 	3589
f 3650 	3589 	3651
f 3652 	3651 	3589
f 3649 	3589 	3650
f 3642 	3590 	3654
f 183 	181 	3397
f 3656 	3589 	3657
f 3603 	3409 	217
f 3408 	217 	3409
f 238 	237 	2692
f 3617 	249 	3417
f 3619 	253 	3420
f 3420 	253 	3441
f 253 	3619 	3546
f 3625 	3687 	3709
f 3708 	3709 	3685
f 3684 	3709 	3687
f 3687 	3625 	3689
f 3689 	3625 	3690
f 3479 	3405 	6093
f 3404 	6306 	3405
f 3707 	3705 	3131
f 3706 	3707 	3694
f 3694 	3707 	3693
f 3693 	3707 	3695
f 3695 	3707 	3697
f 3699 	3697 	3131
f 6093 	6096 	3479
f 3132 	3131 	3702
f 3704 	3703 	3131
f 3705 	3704 	3131
f 3703 	3701 	3131
f 3701 	3702 	3131
f 3972 	2484 	2483
f 3131 	3697 	3707
f 3970 	3973 	2481
f 3131 	3625 	3699
f 3709 	3699 	3625
f 3685 	3709 	3684
f 3710 	3690 	3625
f 139 	138 	3437
f 455 	453 	3406
f 2911 	454 	3406
f 3407 	465 	3898
f 2912 	466 	3407
f 150 	149 	2640
f 153 	150 	2643
f 6006 	6005 	3443
f 164 	157 	2649
f 6008 	3445 	3444
f 3446 	3445 	6007
f 6008 	6007 	3445
f 2655 	170 	169
f 2652 	2655 	169
f 171 	2657 	3506
f 2655 	2657 	170
f 176 	3507 	3508
f 3136 	3135 	3509
f 3911 	6248 	3385
f 3509 	3511 	3136
f 3385 	6247 	3387
f 6252 	3381 	3387
f 6101 	6030 	3390
f 6101 	3389 	6100
f 3155 	3415 	3156
f 6032 	6031 	3452
f 3453 	6035 	3454
f 6035 	6037 	3454
f 3455 	3454 	6037
f 6034 	6033 	2788
f 4032 	2467 	2501
f 3226 	3043 	3042
f 6052 	6051 	3457
f 3457 	6051 	3458
f 3043 	3226 	2838
f 3459 	3458 	6054
f 6051 	6054 	3458
f 4027 	2424 	2503
f 6054 	6053 	3459
f 2386 	1524 	3729
f 2386 	3729 	3174
f 3175 	3730 	2818
f 3731 	3732 	2719
f 6290 	3927 	6287
f 3929 	6293 	3392
f 6292 	3393 	3392
f 3391 	6294 	3394
f 3395 	6266 	3396
f 3467 	6068 	3468
f 6068 	6070 	3468
f 6069 	6052 	3456
f 6463 	2720 	6459
f 1529 	1535 	2720
f 498 	499 	6459
f 497 	498 	3734
f 494 	497 	3734
f 3987 	3735 	3736
f 3739 	3737 	3987
f 3737 	3735 	3987
f 3987 	3738 	3739
f 3743 	3740 	3987
f 3740 	3741 	3987
f 3741 	3738 	3987
f 3742 	3743 	3987
f 3744 	3742 	3987
f 3746 	3745 	3987
f 3745 	3744 	3987
f 6361 	3402 	6358
f 3401 	6358 	3402
f 6361 	3400 	3402
f 3400 	6360 	3403
f 6306 	3404 	6305
f 6096 	6095 	3480
f 3419 	3046 	3418
f 3583 	3418 	3046
f 3758 	3759 	3046
f 3583 	3046 	3759
f 3760 	3758 	3046
f 3761 	3760 	3046
f 3762 	3761 	3046
f 3176 	3762 	3046
f 3428 	3042 	3427
f 3763 	3427 	3042
f 3763 	3042 	3765
f 3764 	3765 	3042
f 3766 	3764 	3042
f 3767 	3766 	3042
f 3768 	3767 	3042
f 3179 	3768 	3042
f 3435 	3436 	6458
f 3769 	3435 	6458
f 3770 	6458 	3772
f 3773 	3772 	6458
f 3774 	3773 	6458
f 3182 	3774 	6458
f 3771 	3769 	6458
f 3770 	3771 	6458
f 3428 	3426 	3042
f 3419 	3416 	3046
f 3159 	3418 	3583
f 3759 	3160 	3583
f 2812 	3168 	2813
f 2814 	3169 	2812
f 3192 	3427 	3763
f 3765 	3193 	3763
f 2821 	3201 	2822
f 3201 	3180 	2822
f 3213 	3435 	3769
f 3184 	3183 	3221
f 2830 	3222 	2831
f 2831 	3222 	3183
f 3150 	3226 	3440
f 3151 	3227 	3441
f 2818 	3730 	3775
f 3176 	3165 	3762
f 3177 	3167 	3178
f 3178 	3166 	3176
f 3165 	3176 	3166
f 3177 	2813 	3168
f 2815 	3170 	2814
f 3171 	2815 	2818
f 3197 	3767 	3768
f 3197 	3768 	3198
f 3179 	3198 	3768
f 3181 	3199 	3179
f 2824 	3202 	2821
f 2825 	3203 	2824
f 3218 	3774 	3219
f 3184 	3221 	3220
f 3184 	3220 	3182
f 3221 	3183 	3222
f 3554 	3555 	2818
f 3554 	2818 	3775
f 3860 	3861 	3372
f 3861 	3859 	3372
f 3862 	3860 	3372
f 3863 	3862 	3372
f 3864 	3863 	3372
f 3865 	3372 	3866
f 3865 	3864 	3372
f 3376 	3866 	3372
f 3867 	3368 	3869
f 3868 	3869 	3368
f 3872 	3871 	3368
f 3873 	3872 	3368
f 3874 	3873 	3368
f 3377 	3874 	3368
f 6366 	4144 	6367
f 3160 	3759 	3161
f 3761 	3163 	3760
f 3762 	3164 	3761
f 3398 	3397 	181
f 187 	186 	2663
f 3933 	6297 	3934
f 188 	187 	2664
f 2664 	2665 	188
f 193 	192 	2666
f 197 	193 	2667
f 201 	200 	2668
f 2668 	2671 	201
f 202 	201 	2671
f 2672 	3515 	203
f 203 	202 	2672
f 205 	204 	3517
f 3140 	205 	3519
f 6365 	4139 	6362
f 3896 	3406 	453
f 3522 	3521 	3142
f 3899 	3898 	465
f 473 	3878 	3367
f 3185 	3144 	3423
f 3880 	3881 	4409
f 3899 	4409 	3881
f 3879 	3880 	4409
f 3898 	3899 	3883
f 3886 	6440 	3885
f 3887 	3897 	3886
f 3764 	3194 	3765
f 3888 	3897 	3887
f 3884 	3885 	6440
f 3889 	3897 	3888
f 3892 	6440 	3891
f 3893 	6440 	3892
f 3894 	6440 	3893
f 3203 	2825 	3204
f 3701 	107 	3702
f 3891 	6440 	3890
f 3895 	6440 	3894
f 6441 	6440 	3895
f 3897 	3889 	3896
f 3890 	6440 	3897
f 6440 	3886 	3897
f 6440 	4409 	3884
f 3878 	3879 	4409
f 3900 	3878 	4409
f 214 	213 	3601
f 217 	214 	3603
f 220 	3410 	2681
f 220 	2681 	221
f 220 	218 	3410
f 226 	224 	2686
f 3900 	3901 	3878
f 3904 	3898 	3903
f 3906 	3898 	3905
f 3905 	3898 	3904
f 237 	236 	2690
f 3908 	3898 	3907
f 238 	2692 	3523
f 2690 	2692 	237
f 3898 	3911 	3385
f 3911 	3898 	3910
f 3913 	3898 	3912
f 3883 	3912 	3898
f 3898 	3913 	3914
f 3915 	3898 	3914
f 3916 	3898 	3915
f 3917 	3898 	3916
f 3919 	3898 	3918
f 3917 	3918 	3898
f 3898 	3919 	3902
f 3902 	3903 	3898
f 3906 	3907 	3898
f 3909 	3898 	3908
f 3208 	3432 	3209
f 3209 	3433 	3210
f 3923 	3896 	3922
f 3924 	3896 	3923
f 3925 	3896 	3924
f 3926 	3896 	3925
f 3922 	3896 	3921
f 3928 	3929 	3896
f 3896 	3929 	3392
f 3931 	3896 	3930
f 3889 	3930 	3896
f 3896 	3931 	3932
f 3933 	3896 	3932
f 3934 	3896 	3933
f 3935 	3896 	3934
f 3937 	3896 	3936
f 3935 	3936 	3896
f 3216 	3772 	3217
f 3774 	3218 	3773
f 3896 	3937 	3920
f 3920 	3921 	3896
f 3928 	3896 	3927
f 3658 	3589 	3938
f 3986 	3941 	3942
f 3940 	3938 	3589
f 3945 	3943 	3986
f 3943 	3941 	3986
f 3939 	3940 	3589
f 3657 	3589 	3659
f 3986 	3944 	3945
f 3939 	3589 	3643
f 3949 	3946 	3986
f 3946 	3947 	3986
f 3947 	3944 	3986
f 3948 	3949 	3986
f 3589 	3649 	3647
f 3647 	3648 	3589
f 3658 	3659 	3589
f 3589 	3656 	3655
f 3589 	3655 	3653
f 3654 	3590 	3653
f 3589 	3653 	3590
f 3950 	3948 	3986
f 3954 	3951 	3986
f 3951 	3950 	3986
f 3637 	3638 	3953
f 3638 	3636 	3953
f 3952 	3953 	3634
f 3634 	3632 	3952
f 3952 	3633 	3618
f 3953 	3652 	3589
f 3604 	3602 	3591
f 3602 	3598 	3591
f 3591 	3615 	3956
f 3611 	3610 	3956
f 3955 	3956 	3609
f 3609 	3607 	3955
f 3955 	3608 	3592
f 3631 	3953 	3591
f 3956 	3631 	3591
f 3591 	1479 	3606
f 1598 	1646 	3957
f 5438 	5439 	3986
f 3960 	3958 	3955
f 3958 	3957 	3955
f 6456 	3961 	3962
f 3966 	3963 	6456
f 3963 	3961 	6456
f 6456 	3965 	3966
f 1645 	3952 	3964
f 1617 	1645 	3964
f 3973 	3970 	6456
f 3970 	3971 	6456
f 3971 	3965 	6456
f 3972 	3973 	6456
f 3976 	3972 	6456
f 3975 	3974 	1588
f 1634 	1588 	3974
f 3979 	3976 	6456
f 3642 	3977 	3590
f 3978 	3975 	3590
f 1588 	3590 	3975
f 3977 	3978 	3590
f 3969 	3967 	3952
f 3967 	3964 	3952
f 3968 	3969 	3952
f 3618 	3968 	3952
f 3959 	3960 	3955
f 3592 	3959 	3955
f 3982 	4000 	3981
f 5454 	5451 	6456
f 2319 	3981 	4000
f 4000 	3982 	3983
f 5420 	5441 	3986
f 5421 	5426 	3987
f 2393 	2392 	3739
f 3945 	3944 	2434
f 3985 	3994 	3984
f 3994 	3985 	3991
f 3990 	6441 	3989
f 3993 	6441 	3992
f 3998 	6441 	3996
f 3992 	6441 	3990
f 3999 	6441 	3998
f 3999 	4001 	6441
f 6441 	4001 	3401
f 4003 	6441 	4002
f 3895 	4002 	6441
f 3118 	3120 	2326
f 4006 	4007 	4018
f 4020 	4018 	4007
f 4008 	4020 	4007
f 4006 	4018 	3983
f 4008 	4009 	4020
f 3991 	4010 	3994
f 4011 	4014 	4010
f 4012 	4014 	4011
f 3994 	4010 	4014
f 4013 	4014 	4012
f 4016 	3997 	4015
f 3997 	3994 	4015
f 4014 	4015 	3994
f 4015 	4014 	4017
f 4000 	3983 	4018
f 4018 	4020 	4013
f 4014 	4013 	4020
f 4020 	4009 	4019
f 3111 	3113 	3982
f 4021 	2810 	4024
f 2809 	2810 	4022
f 4024 	2810 	4023
f 4023 	4043 	4025
f 2321 	6374 	2322
f 4025 	4043 	3736
f 4043 	2810 	4027
f 2810 	6457 	4027
f 4026 	4027 	6457
f 6457 	4041 	4026
f 4029 	4026 	4041
f 4028 	4029 	4041
f 4030 	4028 	4041
f 4018 	3125 	4000
f 3962 	4037 	6457
f 4013 	3125 	4018
f 4034 	4031 	6457
f 4031 	4032 	6457
f 4033 	4034 	6457
f 4037 	4033 	6457
f 4040 	4058 	4039
f 6457 	6456 	3962
f 4038 	4020 	4036
f 4039 	4058 	4038
f 4057 	4058 	4040
f 4035 	4036 	4020
f 3986 	3942 	4041
f 3942 	4030 	4041
f 4041 	6457 	4032
f 3987 	3736 	4043
f 4043 	4023 	2810
f 4047 	2809 	4022
f 4021 	4022 	2810
f 4048 	4056 	4046
f 2390 	2389 	4025
f 3735 	2391 	3736
f 2393 	3739 	3738
f 4058 	4042 	4020
f 4045 	4046 	4014
f 4056 	4014 	4046
f 4055 	4056 	4048
f 4044 	4045 	4014
f 3871 	3870 	3368
f 3870 	3868 	3368
f 2400 	2399 	3745
f 2401 	2400 	3746
f 3376 	1255 	3866
f 5574 	3867 	3869
f 4051 	4014 	4050
f 4053 	4014 	4052
f 4051 	4052 	4014
f 4054 	4014 	4053
f 4014 	4049 	4050
f 2403 	2402 	5423
f 4049 	4014 	4056
f 2403 	5423 	5425
f 2429 	2428 	4030
f 3941 	2431 	3942
f 2431 	2429 	3942
f 6441 	4003 	4004
f 4005 	6441 	4004
f 4139 	6441 	4005
f 4140 	6441 	4139
f 4144 	6441 	4143
f 4140 	4143 	6441
f 6441 	4144 	3988
f 3988 	3989 	6441
f 3995 	6441 	3993
f 3996 	6441 	3995
f 3926 	3927 	3896
f 3909 	3910 	3898
f 3908 	6240 	3909
f 6245 	3910 	3909
f 3883 	6105 	3912
f 3882 	6105 	3883
f 3912 	6107 	3913
f 3920 	6304 	3921
f 3926 	6287 	3927
f 6289 	3928 	6290
f 6268 	3885 	468
f 3887 	6269 	3888
f 3888 	6270 	3889
f 3930 	3889 	6270
f 3937 	6302 	3920
f 4014 	4020 	4042
f 4042 	4044 	4014
f 4020 	4038 	4058
f 4180 	4035 	4020
f 2065 	4036 	2066
f 4035 	2066 	4036
f 2065 	4038 	4036
f 3224 	2836 	3225
f 2317 	2316 	3108
f 3108 	3109 	2317
f 249 	3617 	3599
f 2838 	3226 	3225
f 3046 	3441 	3227
f 2101 	4044 	4042
f 4044 	2100 	4045
f 4045 	2104 	4046
f 2325 	3127 	2326
f 3985 	3121 	3991
f 4010 	3991 	3121
f 3121 	3122 	4010
f 2126 	4050 	4049
f 4054 	2141 	4014
f 4056 	2142 	4049
f 4015 	4181 	4016
f 4017 	4181 	4015
f 4017 	4014 	2144
f 4058 	2143 	4042
f 4180 	6323 	4035
f 4183 	4057 	4182
f 4040 	4182 	4057
f 4184 	4057 	4183
f 4185 	4057 	4184
f 4186 	4057 	4185
f 4187 	4057 	4186
f 4188 	4189 	4057
f 4189 	4190 	4057
f 4187 	4188 	4057
f 4191 	4192 	4057
f 4190 	4191 	4057
f 4281 	4057 	4192
f 4194 	4281 	4193
f 4196 	4055 	4195
f 4048 	4195 	4055
f 4197 	4055 	4196
f 4198 	4055 	4197
f 4199 	4055 	4198
f 4200 	4055 	4199
f 4201 	4202 	4055
f 4202 	4203 	4055
f 4200 	4201 	4055
f 4204 	4205 	4055
f 4203 	4204 	4055
f 4280 	4055 	4205
f 4207 	4280 	4206
f 4209 	4054 	4208
f 4053 	4208 	4054
f 4210 	4054 	4209
f 4211 	4054 	4210
f 4212 	4054 	4211
f 4213 	4054 	4212
f 2446 	2445 	5435
f 5435 	5437 	2446
f 2449 	2446 	5437
f 2452 	2449 	5439
f 3996 	6317 	3998
f 3998 	6320 	3999
f 3999 	6319 	4001
f 3895 	6310 	4002
f 3894 	6310 	3895
f 4002 	6312 	4003
f 453 	3897 	3896
f 3890 	3897 	453
f 3899 	465 	3884
f 3903 	6235 	3904
f 6234 	3905 	3904
f 3907 	6241 	3908
f 3906 	6237 	3907
f 473 	3879 	3878
f 3880 	6102 	3881
f 3881 	6104 	3882
f 6107 	3912 	6105
f 6107 	6106 	3913
f 6255 	3915 	3914
f 3913 	6106 	3914
f 6255 	3914 	6106
f 3916 	6257 	3917
f 3917 	6256 	3918
f 3918 	6260 	3919
f 6259 	3902 	3919
f 6281 	3922 	3921
f 3923 	6285 	3924
f 6288 	3926 	3925
f 6288 	3925 	6284
f 3924 	6284 	3925
f 3886 	6267 	3887
f 6270 	3888 	6269
f 6300 	3935 	6301
f 3934 	6301 	3935
f 3935 	6300 	3936
f 3961 	2474 	3962
f 2472 	3962 	2474
f 3961 	3963 	2474
f 3966 	3965 	2478
f 3963 	3966 	2477
f 4214 	4054 	4213
f 4274 	4054 	4214
f 4276 	4054 	4275
f 4275 	4054 	4274
f 4277 	4054 	4276
f 4279 	3585 	4054
f 4277 	4278 	4054
f 4278 	4279 	4054
f 3584 	4054 	3585
f 4205 	4206 	4280
f 4192 	4193 	4281
f 4038 	2068 	4039
f 4039 	2069 	4040
f 2085 	4182 	2069
f 3109 	3110 	2318
f 3981 	3111 	3982
f 3110 	3112 	2319
f 3983 	3982 	3113
f 3115 	3116 	4008
f 2106 	4195 	2105
f 4046 	2105 	4048
f 3989 	6314 	3990
f 3990 	6313 	3992
f 6318 	3995 	6315
f 3893 	6309 	3894
f 6312 	4002 	6310
f 6362 	4005 	6363
f 4004 	6363 	4005
f 4003 	6311 	4004
f 6365 	4140 	4139
f 2827 	3047 	3204
f 3438 	4295 	3624
f 4296 	3171 	3297
f 4299 	3274 	4301
f 3274 	3708 	4301
f 4304 	4303 	3708
f 4306 	4304 	3708
f 4309 	4306 	3708
f 4313 	4311 	3708
f 4316 	4315 	3708
f 4316 	3708 	4317
f 4317 	3708 	3685
f 4318 	3272 	4319
f 3272 	3706 	4319
f 4321 	4320 	3706
f 4322 	4321 	3706
f 4323 	4322 	3706
f 4325 	4324 	3706
f 3706 	4328 	4327
f 3706 	4329 	4328
f 3694 	4329 	3706
f 4330 	3132 	4331
f 4331 	3132 	4332
f 4334 	3132 	4335
f 4336 	4335 	3132
f 4337 	4336 	3132
f 4339 	3132 	4341
f 4344 	4341 	3132
f 4339 	4338 	3132
f 3702 	4344 	3132
f 4337 	3132 	4338
f 4334 	4333 	3132
f 4333 	4332 	3132
f 3269 	3128 	4330
f 3132 	4330 	3128
f 4327 	4326 	3706
f 4326 	4325 	3706
f 4324 	4323 	3706
f 4320 	4319 	3706
f 3272 	4318 	3255
f 4315 	4314 	3708
f 4314 	4313 	3708
f 4311 	4309 	3708
f 4303 	4301 	3708
f 3274 	4299 	3241
f 47 	4316 	4317
f 3684 	50 	3685
f 50 	3684 	51
f 3689 	52 	3687
f 3383 	148 	147
f 2640 	2643 	150
f 153 	2643 	2645
f 157 	156 	2647
f 2647 	2649 	157
f 168 	164 	2653
f 3508 	3135 	176
f 3138 	3413 	3139
f 3152 	3139 	3413
f 3411 	3153 	3412
f 3154 	3411 	3414
f 3415 	3155 	3414
f 3419 	3157 	3416
f 3159 	3583 	3160
f 3758 	3161 	3759
f 3758 	3760 	3162
f 3161 	3758 	3162
f 3162 	3760 	3163
f 3163 	3761 	3164
f 3166 	3178 	3167
f 3177 	3168 	3167
f 59 	4318 	60
f 4320 	61 	4319
f 3693 	74 	3694
f 3695 	75 	3693
f 3697 	76 	3695
f 3546 	3545 	177
f 178 	177 	3545
f 3547 	179 	178
f 3547 	178 	3545
f 181 	179 	3548
f 2128 	4052 	2127
f 4053 	2128 	4208
f 4052 	2128 	4053
f 4208 	2129 	4209
f 4005 	6362 	4139
f 4143 	6367 	4144
f 6366 	3988 	4144
f 468 	3884 	465
f 3875 	3367 	3878
f 3901 	3875 	3878
f 4689 	4682 	4409
f 6440 	4689 	4409
f 3882 	3883 	3899
f 3881 	3882 	3899
f 3899 	3884 	4409
f 3986 	2501 	5420
f 4041 	2501 	3986
f 4032 	2501 	4041
f 3987 	2503 	5421
f 4043 	2503 	3987
f 4027 	2503 	4043
f 4022 	4425 	4047
f 4427 	5830 	4426
f 2386 	4022 	4021
f 2389 	2388 	4023
f 4023 	4025 	2389
f 3584 	1587 	4054
f 4280 	2142 	4055
f 4281 	2143 	4057
f 4009 	4440 	4019
f 4444 	4445 	4553
f 4447 	4553 	4446
f 4448 	4553 	4447
f 4449 	4553 	4448
f 4445 	4446 	4553
f 4450 	4553 	4449
f 4451 	4553 	4450
f 4452 	4553 	4451
f 4553 	4452 	4453
f 4457 	4458 	4552
f 4458 	4459 	4552
f 4460 	4552 	4459
f 4461 	4552 	4460
f 4462 	4552 	4461
f 4463 	4552 	4462
f 4464 	4552 	4463
f 4465 	4552 	4464
f 4552 	4465 	4466
f 4470 	3586 	4469
f 4473 	3586 	4472
f 4474 	3586 	4473
f 4472 	3586 	4471
f 4477 	3586 	4476
f 4475 	3586 	4474
f 4025 	3736 	2390
f 2391 	2390 	3736
f 3735 	3737 	2391
f 2392 	2391 	3737
f 2394 	2393 	3738
f 2394 	3738 	3741
f 3743 	3742 	2397
f 2398 	2397 	3742
f 2397 	2396 	3743
f 2399 	2398 	3744
f 2398 	3742 	3744
f 3744 	3745 	2399
f 3745 	3746 	2400
f 2402 	2401 	5422
f 3746 	5422 	2401
f 5422 	5423 	2402
f 3397 	3399 	183
f 2663 	2664 	187
f 192 	188 	2665
f 2666 	2667 	193
f 197 	2667 	2669
f 3515 	204 	203
f 2671 	2672 	202
f 3517 	3519 	205
f 3140 	3519 	3520
f 3186 	3421 	3187
f 3421 	3186 	3422
f 3185 	3422 	3186
f 3424 	3187 	3421
f 3425 	3188 	3424
f 3427 	3191 	3428
f 3428 	3190 	3426
f 3192 	3763 	3193
f 3193 	3765 	3194
f 5425 	5424 	2405
f 2406 	2405 	5424
f 3764 	3766 	3195
f 5425 	2405 	2403
f 3194 	3764 	3195
f 2409 	2406 	5427
f 5424 	5427 	2406
f 3767 	3196 	3766
f 2410 	2409 	5426
f 3767 	3197 	3196
f 3199 	3181 	3200
f 3180 	3201 	3200
f 5427 	5426 	2409
f 3202 	2824 	3203
f 5426 	5429 	2410
f 2827 	3204 	2825
f 4330 	82 	3269
f 4331 	83 	4330
f 4332 	86 	4331
f 5429 	5428 	2411
f 87 	4333 	89
f 2411 	2410 	5429
f 2412 	5428 	2415
f 92 	4334 	4335
f 99 	4338 	100
f 4341 	103 	4339
f 107 	4344 	3702
f 3703 	109 	3701
f 4477 	4478 	3586
f 3586 	4478 	4551
f 3597 	212 	3599
f 3601 	3603 	214
f 3585 	4279 	4467
f 4468 	3586 	4467
f 4469 	3586 	4468
f 4471 	3586 	4470
f 4476 	3586 	4475
f 3585 	4467 	3586
f 4207 	4454 	4280
f 4454 	4455 	4280
f 4552 	4280 	4455
f 4455 	4456 	4552
f 4456 	4457 	4552
f 221 	2681 	2684
f 4194 	4441 	4281
f 4441 	4442 	4281
f 4443 	4553 	4442
f 4281 	4442 	4553
f 4443 	4444 	4553
f 232 	226 	2687
f 2698 	5380 	2699
f 234 	232 	2689
f 2689 	2688 	234
f 236 	234 	2688
f 2688 	2690 	236
f 240 	239 	3524
f 3145 	240 	3525
f 3146 	3145 	3526
f 3525 	3526 	3145
f 3526 	3530 	3146
f 3206 	3149 	3431
f 3429 	3207 	3430
f 3208 	3429 	3432
f 3433 	3209 	3432
f 2713 	6158 	2714
f 2425 	2424 	4026
f 2425 	4026 	4029
f 4030 	3942 	2429
f 3941 	3943 	2431
f 2433 	2431 	3943
f 2435 	2434 	3944
f 3943 	3945 	2433
f 2434 	2433 	3945
f 3944 	3947 	2435
f 2438 	2437 	3946
f 2439 	3949 	3948
f 2438 	3949 	2439
f 3949 	2438 	3946
f 3948 	3950 	2440
f 2444 	2443 	3951
f 3950 	3951 	2443
f 3951 	3954 	2444
f 2445 	2444 	3954
f 3954 	5435 	2445
f 5439 	5438 	2452
f 2453 	2452 	5438
f 5437 	5439 	2449
f 5438 	5442 	2453
f 5442 	5441 	2454
f 2455 	5441 	5445
f 2457 	2456 	5444
f 5445 	5444 	2456
f 2455 	5445 	2456
f 2457 	5444 	2459
f 2721 	2459 	5444
f 4557 	4568 	4556
f 4568 	4557 	4558
f 4561 	4567 	4560
f 4567 	4561 	4562
f 4565 	6439 	4564
f 6439 	4565 	4566
f 6685 	4557 	4556
f 6685 	6686 	4557
f 1653 	4446 	4445
f 1653 	1654 	4446
f 2016 	4459 	4458
f 2016 	2017 	4459
f 2031 	2033 	4469
f 2033 	2034 	4470
f 4581 	4582 	4604
f 4609 	4604 	4582
f 4583 	4609 	4582
f 4585 	4609 	4583
f 4586 	4601 	4466
f 4587 	4588 	4601
f 3587 	4601 	4588
f 4609 	3587 	4589
f 4590 	3587 	4551
f 4592 	3587 	4590
f 4593 	3587 	4592
f 4596 	3587 	4593
f 3586 	4551 	3587
f 4587 	4601 	4586
f 4552 	4466 	4601
f 4601 	3587 	4596
f 4453 	4581 	4604
f 4553 	4453 	4604
f 4604 	4609 	4589
f 4588 	4589 	3587
f 4608 	4609 	4585
f 1655 	1656 	4448
f 2006 	4581 	4453
f 2006 	4453 	4452
f 2006 	2007 	4581
f 2018 	2019 	4461
f 2023 	4586 	4466
f 2023 	4466 	4465
f 2023 	2024 	4586
f 2045 	2047 	4477
f 2047 	2048 	4478
f 4551 	4478 	2048
f 2026 	2062 	4589
f 2009 	6322 	4585
f 4646 	4609 	4645
f 4647 	4649 	4668
f 4644 	4645 	4609
f 4646 	4647 	4668
f 4667 	4668 	4649
f 4656 	4666 	4655
f 4657 	4659 	4666
f 4665 	4666 	4659
f 4654 	4655 	3587
f 4656 	4657 	4666
f 3587 	4655 	4666
f 4662 	3587 	4661
f 4660 	4661 	3587
f 4663 	4664 	3587
f 3588 	3587 	4664
f 4662 	4663 	3587
f 4666 	4660 	3587
f 3587 	4609 	4654
f 4668 	4654 	4609
f 4609 	4646 	4668
f 4669 	4644 	4609
f 4656 	1612 	4657
f 4667 	1646 	4668
f 4654 	4668 	1646
f 4669 	4670 	4644
f 3435 	3212 	3436
f 4671 	1380 	4667
f 1381 	4667 	1380
f 4649 	4671 	4667
f 1382 	4667 	1381
f 3216 	3770 	3772
f 1385 	4667 	1384
f 3773 	3217 	3772
f 3217 	3773 	3218
f 1389 	4665 	4672
f 3182 	3219 	3774
f 4659 	4672 	4665
f 1391 	4665 	1390
f 1392 	4665 	1391
f 3222 	2830 	3223
f 2836 	3224 	2834
f 3272 	120 	3706
f 3707 	120 	3705
f 4673 	1398 	3588
f 4664 	4673 	3588
f 1400 	3588 	1399
f 3274 	125 	3708
f 1402 	3588 	1401
f 1398 	1399 	3588
f 3546 	177 	253
f 1403 	1404 	3588
f 3690 	3710 	5363
f 1550 	1546 	4296
f 2818 	3296 	3171
f 6712 	6713 	4561
f 1253 	3864 	3865
f 3866 	1254 	3865
f 6753 	4565 	4564
f 1254 	3866 	1255
f 6753 	6755 	4565
f 3358 	1256 	3376
f 3357 	1256 	3358
f 4674 	4690 	4558
f 3359 	1257 	3357
f 1256 	3357 	1257
f 3360 	1258 	3359
f 1257 	3359 	1258
f 4676 	4677 	4409
f 4677 	4678 	4409
f 4409 	4690 	4675
f 3361 	1259 	3360
f 1258 	3360 	1259
f 4408 	4409 	4678
f 271 	270 	3275
f 4679 	4689 	4562
f 4680 	4689 	4679
f 3275 	3277 	271
f 3277 	3278 	272
f 4681 	4689 	4680
f 4682 	4689 	4681
f 3278 	3229 	273
f 4683 	4409 	4682
f 3230 	276 	275
f 3230 	275 	3228
f 4684 	6440 	4566
f 4685 	6440 	4684
f 3230 	3231 	276
f 277 	276 	3231
f 4686 	6440 	4685
f 6439 	4566 	6440
f 278 	277 	3232
f 4687 	6440 	4686
f 4688 	6440 	4687
f 3233 	280 	278
f 280 	3233 	3234
f 4567 	4562 	4689
f 283 	282 	3235
f 6440 	4688 	4689
f 4675 	4676 	4409
f 4675 	4690 	4674
f 3235 	3236 	283
f 288 	283 	3236
f 4568 	4558 	4690
f 4690 	4409 	4683
f 4408 	4678 	4691
f 3238 	3239 	294
f 296 	3239 	3240
f 22 	297 	3241
f 4299 	23 	3241
f 23 	4299 	26
f 26 	4301 	27
f 4303 	27 	4301
f 4304 	28 	4303
f 27 	4303 	28
f 28 	4304 	31
f 4306 	31 	4304
f 4311 	37 	4309
f 4313 	39 	4311
f 37 	4311 	39
f 4314 	42 	4313
f 43 	4314 	4315
f 4316 	44 	4315
f 47 	4317 	50
f 3685 	50 	4317
f 3687 	51 	3684
f 51 	3687 	52
f 52 	3689 	53
f 3438 	3437 	138
f 139 	3437 	3439
f 3386 	2640 	149
f 149 	148 	3386
f 4689 	6793 	4567
f 6793 	4689 	4688
f 4690 	6796 	4568
f 4692 	4691 	4678
f 2645 	156 	153
f 6689 	6688 	4676
f 6689 	4676 	4675
f 2645 	2647 	156
f 4562 	4561 	6713
f 6713 	6714 	4679
f 6717 	4683 	4682
f 6759 	6758 	4686
f 6759 	4686 	4685
f 6796 	4690 	4683
f 6796 	4683 	6717
f 4678 	6690 	4692
f 2649 	2653 	164
f 2653 	2652 	168
f 2728 	5411 	2729
f 5409 	2728 	2726
f 2729 	5410 	2730
f 6161 	2730 	5410
f 6161 	2731 	2730
f 2736 	6170 	2737
f 2740 	6175 	2741
f 6181 	2742 	2741
f 2468 	2467 	4031
f 2470 	2469 	4033
f 2472 	2470 	4037
f 4033 	4037 	2470
f 4037 	3962 	2472
f 3963 	2477 	2474
f 2478 	2477 	3966
f 2480 	2479 	3971
f 3971 	3970 	2480
f 2481 	2480 	3970
f 3973 	3972 	2483
f 2483 	2481 	3973
f 2486 	2484 	3976
f 3979 	2487 	2486
f 3976 	3979 	2486
f 3980 	2488 	2487
f 3980 	2487 	3979
f 2489 	2488 	5451
f 3980 	5451 	2488
f 5451 	5454 	2489
f 2492 	2491 	5456
f 5457 	5456 	2491
f 5457 	2491 	2490
f 5456 	5462 	2492
f 2496 	5461 	5465
f 5465 	5464 	2497
f 2497 	2496 	5465
f 2498 	5464 	2499
f 2749 	5414 	2750
f 5415 	2750 	5414
f 2748 	5412 	2749
f 2750 	5415 	2753
f 5416 	2754 	2753
f 2756 	5418 	2757
f 6188 	2758 	6186
f 1385 	1386 	4667
f 4646 	1593 	4647
f 4649 	1599 	4671
f 1600 	4671 	1599
f 4647 	1599 	4649
f 1602 	1380 	1600
f 171 	3506 	172
f 3506 	3507 	172
f 4659 	1618 	4672
f 4657 	1618 	4659
f 3508 	3509 	3135
f 1619 	1389 	4672
f 3152 	3412 	3153
f 3411 	3154 	3153
f 3154 	3414 	3155
f 3416 	3156 	3415
f 3418 	3158 	3419
f 3157 	3419 	3158
f 3156 	3416 	3157
f 3158 	3418 	3159
f 4664 	1635 	4673
f 4663 	1635 	4664
f 1636 	1398 	4673
f 4645 	1591 	4646
f 1599 	4647 	1593
f 1607 	1388 	1387
f 4655 	1610 	4656
f 1391 	1622 	1392
f 6200 	2770 	6201
f 4661 	4660 	1629
f 1405 	1643 	1609
f 1633 	796 	1631
f 3953 	3952 	801
f 1629 	4660 	4666
f 4644 	1592 	4645
f 1593 	4646 	1591
f 4671 	1600 	1380
f 1602 	1381 	1380
f 1604 	1383 	1603
f 1386 	1608 	1387
f 1608 	1386 	1606
f 772 	1597 	773
f 773 	1596 	774
f 2501 	2500 	5420
f 6034 	2788 	2784
f 2503 	2502 	5421
f 3762 	3165 	3164
f 4425 	4022 	3173
f 2386 	3174 	4022
f 5003 	2719 	4427
f 5384 	2700 	2699
f 3169 	2814 	3170
f 3171 	3170 	2815
f 3874 	3377 	1278
f 1278 	3377 	1279
f 6145 	2706 	2705
f 3362 	1279 	3363
f 3363 	1279 	3377
f 3364 	1281 	3362
f 1279 	3362 	1281
f 2706 	6149 	2707
f 3365 	1283 	3364
f 1281 	3364 	1283
f 3366 	1286 	3365
f 2707 	6151 	2708
f 3283 	3282 	302
f 306 	303 	3284
f 3284 	3285 	306
f 378 	309 	3244
f 378 	3244 	3245
f 6160 	2715 	2714
f 3246 	3247 	380
f 3248 	382 	381
f 3248 	381 	3247
f 3248 	3249 	382
f 383 	382 	3249
f 384 	383 	3250
f 3249 	3250 	383
f 1390 	1620 	1391
f 3250 	3251 	384
f 386 	385 	3252
f 3253 	387 	386
f 3253 	386 	3252
f 388 	387 	3254
f 3253 	3254 	387
f 1627 	1395 	1625
f 3254 	3255 	388
f 58 	388 	3255
f 58 	3255 	59
f 4318 	59 	3255
f 4319 	60 	4318
f 1396 	1626 	1397
f 60 	4319 	61
f 61 	4320 	62
f 4321 	62 	4320
f 4322 	63 	4321
f 64 	4322 	4323
f 1617 	786 	785
f 64 	4323 	65
f 4324 	65 	4323
f 4325 	66 	4324
f 65 	4324 	66
f 4326 	67 	4325
f 66 	4325 	67
f 4327 	68 	4326
f 1630 	4662 	1628
f 4328 	69 	4327
f 4662 	1630 	4663
f 4329 	72 	4328
f 69 	4328 	72
f 72 	4329 	74
f 3694 	74 	4329
f 75 	74 	3693
f 75 	3695 	76
f 76 	3697 	78
f 3399 	2663 	186
f 3399 	186 	183
f 796 	1633 	797
f 1632 	798 	797
f 3952 	1645 	801
f 2665 	2666 	192
f 1384 	1605 	1385
f 3957 	775 	1598
f 2669 	200 	197
f 2669 	2668 	200
f 3515 	3517 	204
f 3520 	3141 	3140
f 1397 	1614 	782
f 3520 	3522 	3141
f 3143 	3423 	3144
f 2718 	5828 	2719
f 3426 	3189 	3425
f 3189 	3426 	3190
f 3187 	3424 	3188
f 3188 	3425 	3189
f 3190 	3428 	3191
f 3192 	3191 	3427
f 6174 	2738 	2737
f 3196 	3195 	3766
f 3180 	3200 	3181
f 2743 	6015 	2744
f 3198 	3179 	3199
f 6019 	2745 	2744
f 3287 	3286 	389
f 3257 	3256 	392
f 2757 	6186 	2758
f 3258 	394 	393
f 3258 	393 	3256
f 6188 	2759 	2758
f 394 	3258 	3259
f 396 	3260 	3261
f 6189 	2761 	2760
f 398 	397 	3262
f 3262 	3263 	398
f 399 	398 	3263
f 3263 	3264 	399
f 400 	399 	3264
f 3265 	401 	400
f 2768 	6201 	2770
f 403 	402 	3267
f 3267 	3268 	403
f 404 	403 	3268
f 6200 	2773 	2770
f 81 	404 	3269
f 2777 	6025 	2780
f 2780 	6027 	2781
f 86 	4332 	87
f 4333 	87 	4332
f 4334 	89 	4333
f 89 	4334 	92
f 4336 	95 	4335
f 92 	4335 	95
f 5830 	4427 	2719
f 3731 	2719 	5003
f 4337 	98 	4336
f 95 	4336 	98
f 99 	98 	4337
f 99 	4337 	4338
f 4339 	100 	4338
f 100 	4339 	103
f 103 	4341 	105
f 4344 	105 	4341
f 4344 	107 	105
f 107 	3701 	109
f 109 	3703 	112
f 3704 	112 	3703
f 3705 	115 	3704
f 213 	212 	3597
f 3597 	3601 	213
f 3408 	218 	217
f 3408 	3410 	218
f 223 	221 	2684
f 2684 	2685 	223
f 224 	223 	2685
f 2685 	2686 	224
f 3528 	3431 	3148
f 2686 	2687 	226
f 2687 	2689 	232
f 239 	238 	3523
f 3523 	3524 	239
f 3524 	3525 	240
f 3148 	3147 	3528
f 3149 	3148 	3431
f 786 	3964 	777
f 1643 	1405 	1644
f 1644 	1404 	1642
f 1403 	1642 	1404
f 3975 	788 	3974
f 1646 	4667 	802
f 3958 	768 	3957
f 3290 	261 	267
f 3206 	3430 	3207
f 3207 	3429 	3208
f 3211 	3436 	3212
f 3435 	3213 	3212
f 3213 	3769 	3214
f 3214 	3771 	3215
f 3770 	3215 	3771
f 3216 	3215 	3770
f 2834 	3223 	2830
f 3223 	2834 	3224
f 2838 	3225 	2836
f 3129 	3270 	18
f 3707 	3706 	120
f 405 	121 	3272
f 405 	3272 	3271
f 405 	3271 	3291
f 3042 	3440 	3226
f 3599 	212 	249
f 3287 	389 	405
f 3287 	405 	3291
f 261 	3378 	258
f 3372 	7852 	1287
f 3709 	3708 	125
f 406 	126 	3274
f 406 	3274 	3273
f 406 	3273 	3292
f 3699 	3709 	78
f 125 	78 	3709
f 3047 	3046 	3227
f 3204 	3047 	3227
f 3292 	3283 	406
f 302 	406 	3283
f 3382 	1259 	3361
f 53 	3690 	5363
f 138 	5364 	3438
f 3438 	5364 	4295
f 5365 	3276 	270
f 5369 	5366 	5368
f 5370 	5366 	5369
f 5367 	5368 	5366
f 5386 	5387 	5366
f 5373 	5421 	5375
f 5378 	5399 	5377
f 5376 	5377 	5399
f 5381 	5399 	5379
f 5382 	5399 	5381
f 5375 	5421 	5380
f 5398 	5399 	5383
f 5370 	5386 	5366
f 5399 	5366 	5388
f 5387 	5388 	5366
f 5390 	5399 	5388
f 5393 	5399 	5390
f 5394 	5399 	5393
f 5395 	5399 	5394
f 5392 	5389 	6038
f 5396 	5399 	5395
f 5399 	5397 	5376
f 5397 	5399 	5396
f 5378 	5379 	5399
f 5382 	5383 	5399
f 5398 	5383 	5385
f 5402 	5400 	5420
f 1260 	1287 	5408
f 5404 	5406 	5398
f 5406 	5408 	5398
f 1287 	5398 	5408
f 1262 	1287 	1260
f 5403 	5404 	5398
f 5385 	5403 	5398
f 5407 	5405 	6033
f 6455 	6454 	5412
f 5414 	5412 	6454
f 5416 	5415 	6454
f 5417 	5416 	6454
f 5419 	5417 	6454
f 5415 	5414 	6454
f 6455 	5412 	5413
f 5409 	5407 	6033
f 5420 	6033 	5405
f 5405 	5402 	5420
f 5420 	5400 	5401
f 6146 	6144 	6038
f 5389 	5384 	6038
f 5384 	5380 	6038
f 5421 	6038 	5380
f 5421 	5373 	5374
f 3863 	1251 	3862
f 5370 	443 	442
f 3746 	3987 	5422
f 3860 	1269 	3861
f 5423 	3987 	5425
f 5423 	5422 	3987
f 3987 	5424 	5425
f 5424 	3987 	5427
f 1268 	3859 	3861
f 3862 	1250 	3860
f 5429 	5426 	5421
f 5426 	5427 	3987
f 5429 	5421 	5428
f 3954 	3986 	5435
f 5437 	5435 	3986
f 5439 	5437 	3986
f 5442 	5438 	3986
f 5441 	5442 	3986
f 5445 	5441 	5420
f 5444 	5445 	5420
f 3980 	3979 	6456
f 5451 	3980 	6456
f 5454 	6456 	5457
f 5456 	5457 	6456
f 5456 	6456 	5462
f 5462 	6456 	5461
f 6455 	5464 	6456
f 5461 	6456 	5465
f 5465 	6456 	5464
f 5469 	5464 	6455
f 5413 	5469 	6455
f 5448 	5444 	5420
f 5401 	5448 	5420
f 5431 	5428 	5421
f 5374 	5431 	5421
f 5428 	5431 	2695
f 5431 	5374 	2695
f 5373 	2696 	5374
f 2700 	5384 	5389
f 5392 	2701 	5389
f 2454 	2453 	5442
f 5573 	3870 	5690
f 5690 	3870 	3871
f 5573 	3378 	5575
f 3869 	3868 	5575
f 3868 	5573 	5575
f 3869 	5575 	5574
f 802 	3956 	3955
f 5575 	3378 	5574
f 3868 	3870 	5573
f 5577 	3606 	5576
f 3368 	5574 	3378
f 5367 	7883 	448
f 4040 	2069 	4182
f 448 	447 	5367
f 4182 	2085 	4183
f 5383 	7866 	5385
f 442 	5386 	5370
f 442 	445 	5386
f 7856 	5394 	5393
f 7856 	7857 	5394
f 7859 	7858 	5396
f 7860 	7862 	5376
f 7862 	7861 	5377
f 5378 	7863 	5379
f 7863 	7864 	5379
f 5382 	7866 	5383
f 7843 	5406 	7844
f 1268 	3861 	1269
f 1265 	3859 	1268
f 3860 	1250 	1269
f 3864 	1252 	3863
f 1253 	1252 	3864
f 1253 	3865 	1254
f 1255 	3376 	1256
f 5403 	5385 	7866
f 5382 	7865 	7866
f 5404 	7844 	5406
f 5403 	7841 	5404
f 3115 	4008 	4007
f 5444 	5448 	2721
f 5448 	5401 	2721
f 5400 	2722 	5401
f 2733 	6164 	2734
f 2490 	2489 	5454
f 2490 	5454 	5457
f 2495 	2492 	5462
f 2496 	2495 	5461
f 2747 	2499 	5464
f 5469 	5413 	2747
f 2755 	5419 	2756
f 6186 	2757 	5418
f 2500 	2788 	5420
f 2502 	2795 	5421
f 2412 	2411 	5428
f 2695 	2415 	5428
f 2695 	5374 	2696
f 5380 	2698 	5375
f 2697 	5375 	2698
f 5375 	2697 	5373
f 2696 	5373 	2697
f 5384 	2699 	5380
f 2701 	5392 	2702
f 6144 	2703 	5391
f 5391 	2702 	5392
f 2700 	5389 	2701
f 2704 	6146 	2705
f 6145 	6149 	2706
f 1655 	4448 	4447
f 1657 	2004 	4450
f 4452 	4451 	2005
f 4452 	2005 	2006
f 2009 	4585 	4583
f 1591 	4645 	1592
f 1381 	1601 	1382
f 1382 	1603 	1383
f 1383 	1604 	1384
f 1607 	1387 	1608
f 1385 	1606 	1386
f 1388 	1595 	772
f 1596 	773 	1597
f 774 	1598 	775
f 2068 	4038 	2065
f 2069 	4039 	2068
f 4183 	2086 	4184
f 2088 	4185 	2087
f 4184 	2087 	4185
f 4185 	2088 	4186
f 2089 	4186 	2088
f 2090 	4187 	2089
f 4186 	2089 	4187
f 4187 	2090 	4188
f 2091 	4188 	2090
f 2092 	4189 	2091
f 4188 	2091 	4189
f 4189 	2092 	4190
f 2094 	4190 	2092
f 2096 	4191 	2094
f 4190 	2094 	4191
f 2097 	4192 	2096
f 4191 	2096 	4192
f 2098 	4193 	2097
f 4192 	2097 	4193
f 1648 	4194 	2098
f 4193 	2098 	4194
f 4441 	4194 	1647
f 1648 	1647 	4194
f 4442 	4441 	1649
f 1647 	1649 	4441
f 1649 	1650 	4442
f 4443 	4442 	1650
f 4444 	4443 	1651
f 1650 	1651 	4443
f 1651 	1652 	4444
f 4445 	4444 	1652
f 4445 	1652 	1653
f 2318 	2317 	3109
f 2319 	2318 	3110
f 3113 	3114 	4006
f 4007 	4006 	3114
f 4007 	3114 	3115
f 4009 	4008 	3116
f 4447 	4446 	1654
f 1654 	1655 	4447
f 4449 	4448 	1656
f 4450 	4449 	1657
f 1656 	1657 	4449
f 4451 	4450 	2004
f 2004 	2005 	4451
f 4582 	4581 	2007
f 4583 	4582 	2008
f 2007 	2008 	4582
f 2008 	2009 	4583
f 1601 	1381 	1602
f 1603 	1382 	1601
f 1384 	1604 	1605
f 1606 	1385 	1605
f 1595 	1388 	1607
f 1597 	772 	1595
f 774 	1596 	1598
f 3959 	770 	3960
f 3960 	769 	3958
f 824 	771 	3608
f 5406 	7843 	5408
f 7845 	5408 	7843
f 7846 	1260 	7845
f 5408 	7845 	1260
f 1260 	7846 	1262
f 7847 	1262 	7846
f 7847 	1263 	1262
f 1264 	7848 	1265
f 1250 	3862 	1251
f 1251 	3863 	1252
f 3871 	3872 	5689
f 3872 	3873 	1305
f 1276 	1305 	3873
f 1276 	3873 	1277
f 3874 	1277 	3873
f 3874 	1278 	1277
f 5690 	5689 	258
f 5690 	3871 	5689
f 1305 	5689 	3872
f 5573 	5690 	3378
f 258 	3378 	5690
f 4048 	2105 	4195
f 5689 	1305 	258
f 5398 	1287 	7852
f 4195 	2106 	4196
f 1582 	5366 	206
f 5692 	5696 	5691
f 6151 	2707 	6149
f 5693 	5695 	5692
f 2708 	6155 	2709
f 6154 	2709 	6155
f 1169 	5701 	5694
f 2708 	6151 	6155
f 6157 	2710 	6154
f 2709 	6154 	2710
f 5698 	6445 	5697
f 5696 	5697 	5691
f 5699 	6442 	5698
f 5700 	6441 	5699
f 5696 	5692 	5695
f 5695 	5693 	5694
f 5695 	5694 	5701
f 2710 	6157 	2711
f 6156 	2711 	6157
f 6158 	2713 	6159
f 6159 	2712 	6156
f 2711 	6156 	2712
f 2716 	5826 	2717
f 6454 	6459 	6453
f 5830 	2719 	5828
f 1149 	5701 	1169
f 1119 	1149 	6449
f 1119 	6451 	952
f 1169 	6449 	1149
f 5702 	5703 	1156
f 2455 	2454 	5441
f 1156 	5703 	1149
f 1166 	5704 	5702
f 2721 	5401 	2722
f 5705 	5720 	462
f 5405 	2724 	5402
f 2723 	5402 	2724
f 5402 	2723 	5400
f 2722 	5400 	2723
f 5708 	462 	5709
f 5710 	5709 	5702
f 5407 	2725 	5405
f 2724 	5405 	2725
f 2725 	5407 	2726
f 5409 	2726 	5407
f 5711 	5702 	5712
f 5410 	2729 	5411
f 5714 	5713 	5702
f 5713 	5712 	5702
f 5716 	5702 	5717
f 5411 	2728 	5409
f 479 	5717 	5702
f 5724 	458 	5725
f 458 	5703 	5725
f 2732 	6162 	2733
f 5727 	5726 	5703
f 5729 	5728 	5703
f 5728 	5727 	5703
f 6168 	2734 	6164
f 5732 	5703 	5733
f 6170 	2736 	6171
f 2735 	6171 	2736
f 6171 	2735 	6168
f 2734 	6168 	2735
f 470 	5733 	5703
f 6174 	2737 	6170
f 2738 	6174 	6173
f 6175 	2740 	6176
f 5737 	5752 	5701
f 2738 	6173 	2739
f 6176 	2739 	6173
f 5740 	5701 	5741
f 5742 	5701 	5743
f 5744 	5701 	5745
f 5746 	5701 	5747
f 5748 	5701 	5749
f 5695 	5701 	5750
f 459 	5749 	5701
f 5748 	5747 	5701
f 5746 	5745 	5701
f 5744 	5743 	5701
f 5742 	5741 	5701
f 5738 	5737 	5701
f 5739 	5738 	5701
f 5752 	5750 	5701
f 5751 	5695 	5750
f 5740 	5739 	5701
f 5731 	5730 	5703
f 5730 	5729 	5703
f 5726 	5725 	5703
f 5724 	5723 	458
f 5723 	5722 	458
f 5722 	5721 	458
f 5721 	5736 	458
f 5753 	458 	5736
f 5736 	5734 	5753
f 5753 	5734 	5735
f 5732 	5731 	5703
f 5701 	5703 	459
f 458 	459 	5703
f 5715 	5714 	5702
f 5711 	5710 	5702
f 5702 	5709 	462
f 5707 	462 	5708
f 5706 	462 	5707
f 5706 	5705 	462
f 463 	462 	5720
f 5720 	5718 	463
f 463 	5718 	5719
f 5716 	5715 	5702
f 5703 	5702 	470
f 462 	470 	5702
f 5704 	478 	479
f 5704 	479 	5702
f 5754 	460 	5755
f 5756 	5755 	460
f 5757 	5756 	460
f 5758 	5757 	460
f 5759 	5758 	460
f 460 	463 	5759
f 471 	5990 	460
f 3120 	3119 	3984
f 3984 	2326 	3120
f 460 	5764 	5763
f 5765 	5764 	460
f 5766 	460 	5767
f 3123 	4012 	4011
f 3123 	3124 	4012
f 2742 	6011 	2743
f 6019 	2744 	6015
f 2018 	4461 	4460
f 2745 	6018 	2746
f 5462 	5461 	2495
f 2498 	2497 	5464
f 5469 	2747 	5464
f 2747 	5413 	2748
f 5412 	2748 	5413
f 5414 	2749 	5412
f 2753 	5415 	5416
f 5417 	2754 	5416
f 5419 	2755 	5417
f 5418 	2756 	5419
f 2754 	5417 	2755
f 2759 	6187 	2760
f 2020 	2021 	4463
f 4465 	4464 	2022
f 2762 	6194 	2763
f 4465 	2022 	2023
f 2026 	4589 	4588
f 1611 	4655 	4654
f 1393 	1624 	1394
f 1395 	1627 	1396
f 1394 	1625 	1395
f 1614 	1397 	1626
f 782 	1614 	1616
f 1615 	783 	1616
f 782 	1616 	783
f 783 	1615 	785
f 3633 	3632 	1337
f 4044 	2101 	2100
f 2104 	4045 	2100
f 2105 	4046 	2104
f 2106 	2109 	4196
f 2110 	4197 	2109
f 4196 	2109 	4197
f 2113 	4198 	2110
f 4197 	2110 	4198
f 4198 	2113 	4199
f 2114 	4199 	2113
f 2115 	4200 	2114
f 4199 	2114 	4200
f 2763 	6193 	2764
f 6198 	2764 	6193
f 4200 	2115 	4201
f 2118 	4201 	2115
f 6197 	2765 	6198
f 2119 	4202 	2118
f 4201 	2118 	4202
f 2121 	4203 	2119
f 2119 	4203 	4202
f 2765 	6197 	2768
f 2122 	4204 	2121
f 4203 	2121 	4204
f 2773 	6200 	6203
f 2123 	4205 	2122
f 4204 	2122 	4205
f 2773 	6203 	2776
f 2124 	4206 	2123
f 4205 	2123 	4206
f 2011 	4207 	2124
f 4206 	2124 	4207
f 4454 	4207 	2010
f 2011 	2010 	4207
f 6027 	2780 	6025
f 4455 	4454 	2012
f 2010 	2012 	4454
f 2012 	2013 	4455
f 4456 	4455 	2013
f 4457 	4456 	2014
f 2013 	2014 	4456
f 4458 	4457 	2015
f 2014 	2015 	4457
f 4458 	2015 	2016
f 6020 	6039 	2746
f 4426 	5830 	5671
f 3985 	3119 	3121
f 6599 	5826 	6039
f 6038 	6039 	5825
f 4011 	4010 	3122
f 5825 	6039 	5824
f 4011 	3122 	3123
f 5828 	6599 	5830
f 4013 	4012 	3124
f 4460 	4459 	2017
f 2017 	2018 	4460
f 4462 	4461 	2019
f 4463 	4462 	2020
f 2019 	2020 	4462
f 4464 	4463 	2021
f 2021 	2022 	4464
f 4587 	4586 	2024
f 4588 	4587 	2025
f 2024 	2025 	4587
f 2025 	2026 	4588
f 1610 	4655 	1611
f 1612 	4656 	1610
f 1619 	4672 	1618
f 1389 	1619 	1621
f 1621 	1390 	1389
f 1622 	1391 	1620
f 1392 	1622 	1623
f 1392 	1623 	1393
f 1624 	1393 	1623
f 1625 	1394 	1624
f 1396 	1627 	1626
f 5768 	460 	5754
f 5767 	460 	5768
f 5766 	5765 	460
f 5762 	5761 	460
f 5761 	471 	460
f 5763 	5762 	460
f 786 	1617 	3964
f 5960 	452 	5961
f 5962 	5961 	452
f 3967 	777 	3964
f 5963 	5962 	452
f 5965 	5964 	452
f 452 	5753 	5965
f 464 	5990 	452
f 1337 	780 	3633
f 1338 	3632 	3634
f 5970 	452 	5971
f 5972 	452 	5973
f 5964 	5963 	452
f 5974 	452 	5960
f 5973 	452 	5974
f 5972 	5971 	452
f 452 	5970 	5969
f 5967 	464 	452
f 5968 	5967 	452
f 5969 	5968 	452
f 5975 	5696 	5976
f 5977 	5976 	5696
f 5979 	5978 	5696
f 5980 	5979 	5696
f 5981 	5980 	5696
f 451 	5696 	5982
f 5984 	5696 	5985
f 7901 	3620 	3621
f 5985 	5696 	5986
f 5987 	5696 	5988
f 5978 	5977 	5696
f 5989 	5696 	5975
f 5988 	5696 	5989
f 5986 	5696 	5987
f 5983 	5982 	5696
f 5984 	5983 	5696
f 5696 	5695 	5981
f 5751 	5981 	5695
f 5966 	5965 	5753
f 5735 	5966 	5753
f 452 	5696 	451
f 5760 	5759 	463
f 5719 	5760 	463
f 460 	5990 	464
f 5696 	452 	5990
f 5990 	471 	472
f 5697 	5696 	5991
f 5991 	5696 	5990
f 5697 	5993 	5698
f 5991 	5992 	5993
f 5991 	5993 	5697
f 5992 	5991 	5994
f 7901 	7900 	3620
f 4050 	2125 	4051
f 5999 	5996 	5992
f 5996 	5997 	5992
f 5997 	5995 	5992
f 5998 	5999 	5992
f 6000 	6001 	5992
f 6001 	5998 	5992
f 5992 	477 	6004
f 5992 	6004 	6003
f 6003 	6002 	5992
f 6002 	6000 	5992
f 6005 	6006 	466
f 6006 	6036 	466
f 6007 	6008 	466
f 6453 	6018 	6034
f 6033 	6034 	6012
f 6012 	6034 	6011
f 6009 	6010 	466
f 6018 	6453 	6020
f 466 	5992 	6013
f 6024 	6021 	5992
f 6022 	6023 	6453
f 6454 	6453 	6023
f 5995 	6024 	5992
f 6025 	6022 	6453
f 6026 	6453 	6028
f 6011 	6034 	6015
f 6015 	6034 	6019
f 467 	6031 	6032
f 6028 	6453 	6034
f 5824 	6039 	5826
f 5829 	5826 	6599
f 467 	466 	6037
f 6035 	467 	6037
f 6036 	6037 	466
f 6045 	6042 	5993
f 6042 	6043 	5993
f 6041 	5993 	6043
f 6011 	2742 	6012
f 2141 	2144 	4014
f 5993 	6044 	6045
f 6047 	5993 	6046
f 5993 	469 	6050
f 5993 	6050 	6049
f 6049 	6048 	5993
f 6048 	6046 	5993
f 6051 	6052 	454
f 6052 	6069 	454
f 4476 	2045 	4477
f 4478 	4477 	2047
f 6028 	2784 	6026
f 4590 	4551 	2048
f 6056 	6053 	454
f 6060 	6057 	5993
f 6058 	454 	6057
f 5830 	6040 	6062
f 6061 	6059 	5993
f 6059 	6060 	5993
f 6063 	6061 	5993
f 6041 	6063 	5993
f 6067 	455 	6066
f 455 	454 	6070
f 6068 	455 	6070
f 6069 	6070 	454
f 2048 	2050 	4590
f 2051 	4593 	4592
f 2051 	2053 	4593
f 6075 	6072 	5698
f 6072 	6073 	5698
f 6071 	5698 	6073
f 4661 	1629 	1628
f 6074 	6075 	5698
f 4661 	1628 	4662
f 6077 	6074 	5698
f 1635 	4663 	1630
f 6078 	6076 	5698
f 6076 	6077 	5698
f 5698 	457 	6080
f 5698 	6080 	6079
f 6079 	6078 	5698
f 6083 	6084 	5698
f 6084 	6081 	5698
f 1401 	1640 	1402
f 6088 	6085 	5698
f 6085 	6086 	5698
f 6086 	6083 	5698
f 6090 	6087 	5698
f 6087 	6088 	5698
f 6091 	5698 	6092
f 6071 	6092 	5698
f 6096 	5699 	6095
f 6099 	6097 	5698
f 6097 	6095 	5698
f 6089 	6090 	5698
f 6081 	6082 	5698
f 6082 	6098 	5698
f 6098 	6099 	5698
f 6093 	5699 	6096
f 5699 	5698 	6095
f 6094 	5699 	6093
f 6091 	6089 	5698
f 5993 	6057 	454
f 6055 	454 	6058
f 6056 	454 	6055
f 6053 	6054 	454
f 6054 	6051 	454
f 6068 	6066 	455
f 455 	6067 	6064
f 455 	6064 	6065
f 6047 	6044 	5993
f 5698 	5993 	457
f 454 	457 	5993
f 6021 	6016 	5992
f 6016 	6017 	5992
f 6017 	6013 	5992
f 6013 	6014 	466
f 6009 	466 	6014
f 6010 	6007 	466
f 6008 	6005 	466
f 6035 	6031 	467
f 467 	6032 	6029
f 467 	6029 	6030
f 5993 	5992 	469
f 466 	469 	5992
f 5992 	5994 	477
f 476 	477 	5994
f 6102 	6103 	6232
f 473 	6232 	6103
f 6104 	6102 	6232
f 6105 	6104 	6232
f 6106 	6107 	6232
f 6107 	6105 	6232
f 6254 	6255 	6232
f 1402 	1641 	1403
f 1642 	1403 	1641
f 1631 	1609 	1643
f 1609 	1631 	796
f 1632 	797 	1633
f 798 	1634 	799
f 3654 	3653 	1350
f 1351 	3653 	3655
f 4050 	2126 	2125
f 2127 	4051 	2125
f 4051 	2127 	4052
f 2129 	4208 	2128
f 2129 	2130 	4209
f 2131 	4210 	2130
f 4209 	2130 	4210
f 2132 	4211 	2131
f 4210 	2131 	4211
f 2133 	4212 	2132
f 4211 	2132 	4212
f 2134 	4213 	2133
f 4212 	2133 	4213
f 2135 	4214 	2134
f 4213 	2134 	4214
f 2136 	4274 	2135
f 4214 	2135 	4274
f 2137 	4275 	2136
f 2136 	4275 	4274
f 4275 	2137 	4276
f 2138 	4276 	2137
f 2139 	4277 	2138
f 4276 	2138 	4277
f 2140 	4278 	2139
f 4277 	2139 	4278
f 2028 	4279 	2140
f 4278 	2140 	4279
f 4279 	2028 	2027
f 4279 	2027 	4467
f 4468 	4467 	2030
f 2027 	2030 	4467
f 4469 	4468 	2031
f 2030 	2031 	4468
f 4470 	4469 	2033
f 4471 	4470 	2034
f 2034 	2037 	4471
f 4472 	4471 	2037
f 4473 	4472 	2039
f 2037 	2039 	4472
f 4474 	4473 	2040
f 2039 	2040 	4473
f 2040 	2042 	4474
f 4475 	4474 	2042
f 4476 	4475 	2044
f 2042 	2044 	4475
f 4476 	2044 	2045
f 4592 	4590 	2050
f 4592 	2050 	2051
f 4596 	4593 	2053
f 1636 	4673 	1635
f 1398 	1636 	1638
f 6144 	5391 	6038
f 5391 	5392 	6038
f 1637 	1399 	1638
f 1398 	1638 	1399
f 1639 	1400 	1637
f 6154 	6155 	6038
f 6038 	6155 	6151
f 6149 	6145 	6038
f 6151 	6149 	6038
f 6154 	6038 	6157
f 6156 	6038 	6159
f 6038 	6156 	6157
f 1399 	1637 	1400
f 6160 	6158 	6038
f 1640 	1401 	1639
f 1400 	1639 	1401
f 5825 	6160 	6038
f 1641 	1402 	1640
f 5410 	5411 	6033
f 5411 	5409 	6033
f 6161 	5410 	6033
f 1404 	1644 	1405
f 6163 	6161 	6033
f 6171 	6168 	6033
f 6168 	6164 	6033
f 6162 	6163 	6033
f 6164 	6162 	6033
f 6170 	6171 	6033
f 6174 	6170 	6033
f 6173 	6033 	6176
f 6175 	6033 	6181
f 6012 	6181 	6033
f 1634 	798 	1632
f 3974 	799 	1634
f 5418 	5419 	6454
f 6187 	6188 	6454
f 6193 	6194 	6454
f 6454 	6194 	6190
f 6189 	6187 	6454
f 6190 	6189 	6454
f 1350 	793 	3654
f 3654 	793 	3642
f 6197 	6198 	6454
f 6193 	6454 	6198
f 6203 	6200 	6454
f 6201 	6454 	6200
f 6023 	6203 	6454
f 6201 	6197 	6454
f 6188 	6186 	6454
f 6175 	6176 	6033
f 6173 	6174 	6033
f 6158 	6159 	6038
f 6145 	6146 	6038
f 2702 	5391 	2703
f 6146 	2704 	6144
f 2703 	6144 	2704
f 6145 	2705 	6146
f 7922 	7917 	3643
f 3643 	3644 	7922
f 6160 	5825 	2715
f 5824 	2715 	5825
f 5826 	2716 	5824
f 1351 	1350 	3653
f 6163 	2731 	6161
f 2731 	6163 	2732
f 6162 	2732 	6163
f 6164 	2733 	6162
f 465 	6234 	6232
f 6235 	6232 	6234
f 6237 	6238 	465
f 6240 	6241 	465
f 6241 	6237 	465
f 6248 	6244 	465
f 6244 	6245 	465
f 6245 	6240 	465
f 6252 	6247 	465
f 465 	6247 	6248
f 6250 	6252 	467
f 6106 	6232 	6255
f 1357 	1354 	3656
f 1357 	3656 	3657
f 6260 	6256 	6232
f 6256 	6257 	6232
f 6254 	6232 	6257
f 6259 	6260 	6232
f 1360 	1359 	3658
f 6261 	6259 	6232
f 1360 	3658 	3938
f 6238 	6234 	465
f 6235 	6261 	6232
f 465 	467 	6252
f 1587 	2141 	4054
f 6294 	6295 	455
f 4666 	4665 	1645
f 4665 	801 	1645
f 468 	6278 	6268
f 6269 	6267 	6278
f 6267 	6268 	6278
f 6270 	6269 	6278
f 6272 	6270 	6278
f 6271 	6272 	6278
f 4666 	1645 	1629
f 2058 	2057 	4280
f 4056 	4055 	2142
f 4280 	4552 	2058
f 4601 	2058 	4552
f 6278 	453 	6280
f 6288 	6284 	453
f 6284 	6285 	453
f 6285 	6280 	453
f 6289 	6290 	453
f 6290 	6287 	453
f 6287 	6288 	453
f 6292 	6293 	453
f 6293 	6289 	453
f 453 	455 	6295
f 6271 	6278 	6298
f 6298 	6278 	6297
f 6303 	6300 	6278
f 6300 	6301 	6278
f 6297 	6278 	6301
f 6302 	6303 	6278
f 6281 	6304 	6278
f 6304 	6302 	6278
f 6278 	6280 	6281
f 6295 	6292 	453
f 456 	5700 	6308
f 5700 	6309 	6307
f 6308 	5700 	6307
f 5700 	6312 	6310
f 6310 	6309 	5700
f 6311 	6312 	5700
f 6313 	5700 	6316
f 6318 	6315 	5700
f 2058 	4601 	4596
f 2058 	4596 	2053
f 2126 	4049 	2142
f 4016 	4181 	3997
f 2144 	2146 	4181
f 4181 	4017 	2144
f 3955 	1646 	802
f 4654 	1646 	1611
f 2062 	2061 	4281
f 4058 	4057 	2143
f 4281 	4553 	2062
f 4604 	2062 	4553
f 4604 	4589 	2062
f 2101 	4042 	2143
f 4013 	3124 	3125
f 1592 	4644 	6321
f 4670 	6321 	4644
f 2009 	1456 	6322
f 4608 	4585 	6322
f 2066 	6323 	1464
f 2066 	4035 	6323
f 1465 	4440 	3116
f 4009 	3116 	4440
f 6324 	6329 	6326
f 6326 	6329 	6327
f 6327 	6329 	6328
f 3100 	6328 	3125
f 3125 	6328 	6329
f 6329 	6324 	6325
f 6332 	6330 	6334
f 6333 	6332 	6334
f 6335 	6333 	6334
f 6352 	6336 	6334
f 6335 	6334 	6337
f 6337 	6334 	6336
f 6338 	6336 	6352
f 6339 	6338 	6352
f 6340 	6339 	6352
f 6348 	6347 	6352
f 6341 	6352 	6343
f 6340 	6352 	6341
f 6342 	6343 	6352
f 6346 	6344 	6352
f 6344 	6342 	6352
f 6345 	6346 	6352
f 6347 	6345 	6352
f 6349 	6348 	6352
f 6352 	6329 	6349
f 6350 	6349 	6329
f 6325 	6350 	6329
f 6331 	6334 	6330
f 6319 	6320 	5700
f 6317 	5700 	6320
f 6358 	6359 	5700
f 6359 	6319 	5700
f 6360 	6361 	5700
f 6305 	6360 	5700
f 6311 	5700 	6363
f 6362 	6363 	5700
f 6367 	6364 	5700
f 6365 	5700 	6364
f 6362 	5700 	6365
f 6366 	6367 	5700
f 6314 	6368 	5700
f 6368 	6366 	5700
f 6315 	6316 	5700
f 6313 	6314 	5700
f 6361 	6358 	5700
f 6317 	6318 	5700
f 5700 	5699 	6305
f 6306 	6305 	5699
f 6094 	6306 	5699
f 6265 	6294 	455
f 6065 	6266 	455
f 6266 	6265 	455
f 5700 	456 	6278
f 453 	6278 	456
f 6100 	6250 	467
f 6030 	6101 	467
f 6101 	6100 	467
f 6278 	468 	6232
f 465 	6232 	468
f 6371 	6232 	473
f 6371 	473 	475
f 6181 	6012 	2742
f 3105 	3107 	2315
f 6373 	6374 	2321
f 2320 	6373 	2321
f 6375 	2322 	6374
f 3997 	4181 	6373
f 6422 	2323 	6375
f 6374 	6373 	4181
f 6375 	6374 	4181
f 2324 	2323 	6422
f 7949 	6330 	6332
f 6333 	7951 	6332
f 6336 	7966 	6337
f 7965 	6335 	6337
f 7972 	6339 	6340
f 6341 	7973 	6340
f 7985 	6348 	6349
f 6187 	2759 	6188
f 6189 	2760 	6187
f 2764 	6198 	2765
f 6203 	6023 	2776
f 6022 	2776 	6023
f 6025 	2777 	6022
f 6033 	5420 	2788
f 2795 	6039 	6038
f 5421 	2795 	6038
f 2795 	2746 	6039
f 5830 	6062 	6387
f 6675 	7112 	6391
f 6391 	7112 	6392
f 2712 	6159 	2713
f 6160 	2714 	6158
f 2715 	5824 	2716
f 2717 	5826 	5829
f 2717 	5829 	2718
f 5828 	2718 	5829
f 7110 	7113 	502
f 7116 	505 	504
f 7035 	7034 	510
f 513 	512 	7036
f 7036 	7038 	513
f 2739 	6176 	2740
f 6181 	2741 	6175
f 6015 	2743 	6011
f 2745 	6019 	6018
f 6020 	2746 	6018
f 7160 	540 	539
f 7160 	7161 	540
f 543 	542 	7054
f 6190 	2761 	6189
f 6193 	2763 	6194
f 6194 	2762 	6190
f 2761 	6190 	2762
f 6201 	2768 	6197
f 2776 	6022 	2777
f 2781 	6027 	6026
f 2781 	6026 	2784
f 7166 	7167 	916
f 926 	924 	7068
f 6278 	1514 	6448
f 1514 	6278 	2752
f 2751 	2752 	6232
f 6232 	6371 	6420
f 6420 	2751 	6232
f 6232 	2752 	6278
f 5691 	2998 	6421
f 2990 	6421 	2989
f 2991 	6421 	2990
f 3002 	3003 	5691
f 3001 	5691 	3000
f 3005 	5691 	3004
f 3006 	6421 	2998
f 6421 	2991 	3008
f 6016 	6021 	2852
f 6021 	6024 	2856
f 5997 	5996 	2862
f 5996 	5999 	2863
f 2313 	8108 	3104
f 2314 	2313 	3106
f 3104 	3106 	2313
f 2315 	2314 	3105
f 3106 	3105 	2314
f 3107 	2316 	2315
f 6060 	6059 	2875
f 2316 	3107 	3108
f 6061 	6063 	2878
f 6045 	6044 	2886
f 6324 	7988 	6325
f 6350 	7987 	6349
f 8102 	7993 	6326
f 8102 	6326 	6327
f 6046 	6048 	2993
f 8107 	3103 	3102
f 3981 	3112 	3111
f 3981 	2319 	3112
f 4006 	3983 	3113
f 6075 	6074 	2907
f 6072 	6075 	2904
f 2146 	6422 	4181
f 6422 	6375 	4181
f 6422 	6423 	2324
f 6422 	2146 	6423
f 6076 	6078 	3000
f 3127 	2325 	6423
f 6423 	2325 	2324
f 3118 	2326 	3127
f 3985 	3984 	3119
f 454 	3005 	3004
f 6424 	3126 	2991
f 7991 	7990 	6352
f 6329 	6352 	7990
f 3125 	6329 	7990
f 6430 	3590 	3588
f 6431 	3589 	6430
f 6432 	6438 	6431
f 6638 	6639 	6429
f 6436 	6437 	6433
f 6434 	6436 	6433
f 3590 	6430 	3589
f 6432 	6433 	6437
f 6437 	6438 	6432
f 3589 	6431 	6438
f 6439 	6435 	6434
f 5700 	6448 	6440
f 6441 	5700 	6440
f 6427 	6639 	6421
f 6428 	6639 	6427
f 6428 	6429 	6639
f 6426 	6427 	6421
f 6425 	6426 	6421
f 6442 	5699 	6441
f 6445 	5698 	6442
f 5691 	5697 	6445
f 6439 	6440 	6448
f 6448 	6435 	6439
f 6436 	6434 	6435
f 1119 	6449 	6451
f 499 	952 	6452
f 6450 	6472 	6447
f 6453 	499 	6452
f 6451 	6452 	952
f 6456 	6461 	6455
f 6455 	6463 	6454
f 6457 	6460 	6456
f 6459 	6454 	6463
f 499 	6453 	6459
f 6446 	6472 	6444
f 6447 	6472 	6446
f 6471 	6472 	6450
f 6443 	6444 	5691
f 6458 	6468 	6457
f 6461 	6456 	6460
f 6463 	6455 	6461
f 3134 	6458 	6465
f 3130 	3133 	6465
f 3134 	6468 	6458
f 6460 	6457 	6468
f 5692 	5691 	6470
f 6466 	5691 	6464
f 6467 	5691 	6466
f 6467 	6470 	5691
f 6462 	6464 	5691
f 5700 	6278 	6448
f 1514 	6679 	6448
f 6186 	5418 	6454
f 3528 	3530 	6465
f 7068 	7067 	926
f 2784 	6028 	6034
f 6387 	5671 	5830
f 6040 	5830 	6599
f 6039 	6020 	6599
f 6599 	6020 	6453
f 6026 	6027 	6453
f 6027 	6025 	6453
f 6019 	6034 	6018
f 5828 	5829 	6599
f 511 	7034 	7037
f 6472 	6462 	5691
f 5691 	6444 	6472
f 5691 	6421 	6443
f 6639 	6443 	6421
f 6640 	6425 	6421
f 6426 	5761 	6427
f 5763 	6428 	5762
f 3448 	3447 	6009
f 6009 	6014 	3448
f 6017 	6016 	2851
f 2863 	2862 	5996
f 2862 	2861 	5997
f 6002 	6003 	2988
f 6003 	6004 	2989
f 477 	2991 	2990
f 3388 	6100 	3389
f 3452 	3451 	6032
f 3442 	3455 	6036
f 6036 	6006 	3442
f 3879 	473 	6103
f 6103 	3880 	3879
f 6256 	3917 	6257
f 3915 	6254 	3916
f 3918 	6256 	6260
f 3908 	6241 	6240
f 6245 	3909 	6240
f 5967 	6444 	464
f 3462 	3461 	6055
f 3463 	3462 	6058
f 6055 	6058 	3462
f 6058 	6057 	3463
f 6060 	2875 	3464
f 6061 	2878 	2876
f 2881 	2878 	6063
f 6045 	2886 	2884
f 2996 	6050 	2997
f 6050 	469 	2997
f 3927 	6290 	3928
f 6266 	3395 	6265
f 3394 	6265 	3395
f 3467 	3466 	6066
f 3467 	6066 	6068
f 6070 	6069 	3469
f 3457 	3456 	6052
f 3884 	468 	3885
f 953 	7507 	954
f 955 	7508 	956
f 6674 	7112 	6675
f 7112 	7111 	503
f 507 	506 	7030
f 507 	7030 	7033
f 511 	510 	7034
f 518 	517 	7509
f 7510 	520 	519
f 522 	521 	7512
f 7510 	7513 	520
f 7512 	7515 	522
f 7514 	524 	523
f 7514 	7517 	524
f 6435 	6448 	6679
f 6678 	6679 	1514
f 1469 	6678 	1514
f 6795 	6684 	6682
f 6684 	6795 	6683
f 6685 	6678 	6686
f 6678 	6690 	6688
f 6678 	6688 	6689
f 6689 	6687 	6678
f 6695 	6693 	6796
f 6697 	6796 	6696
f 6702 	6703 	6678
f 6703 	6700 	6678
f 6700 	6701 	6678
f 6705 	6702 	6678
f 6704 	6705 	6678
f 6683 	6795 	6706
f 6792 	6711 	6709
f 6711 	6792 	6710
f 6714 	6713 	6679
f 6712 	6679 	6713
f 6679 	6717 	6715
f 6679 	6715 	6716
f 6716 	6714 	6679
f 6721 	6719 	6793
f 6722 	6723 	6793
f 6729 	6726 	6679
f 6726 	6727 	6679
f 6727 	6725 	6679
f 6728 	6729 	6679
f 6710 	6792 	6736
f 6745 	6436 	6747
f 6436 	6435 	6747
f 6759 	6757 	6435
f 6757 	6755 	6435
f 6753 	6435 	6755
f 6435 	6760 	6758
f 6435 	6758 	6759
f 6763 	6761 	6435
f 6762 	6763 	6435
f 6768 	6769 	6435
f 6769 	6765 	6435
f 6771 	6768 	6435
f 6772 	6771 	6435
f 7157 	7156 	536
f 536 	538 	7157
f 7159 	539 	537
f 539 	7159 	7160
f 894 	893 	7060
f 895 	894 	7062
f 7060 	7062 	894
f 7521 	898 	897
f 7062 	7520 	895
f 6774 	6775 	6435
f 6772 	6435 	6775
f 6778 	6435 	6777
f 6789 	6435 	6788
f 6761 	6790 	6435
f 6750 	6751 	6435
f 6753 	6788 	6435
f 6789 	6777 	6435
f 6778 	6774 	6435
f 6765 	6762 	6435
f 6790 	6750 	6435
f 6751 	6747 	6435
f 6746 	6436 	6745
f 6730 	6731 	6679
f 6731 	6728 	6679
f 6725 	6724 	6679
f 6793 	6679 	6724
f 6724 	6722 	6793
f 6723 	6721 	6793
f 6719 	6720 	6793
f 6720 	6718 	6793
f 6718 	6736 	6793
f 6792 	6793 	6736
f 6792 	6709 	6707
f 6792 	6707 	6708
f 6712 	6730 	6679
f 6435 	6679 	6760
f 6793 	6760 	6679
f 6685 	6704 	6678
f 6678 	6698 	6796
f 6701 	6699 	6678
f 6699 	6698 	6678
f 6696 	6796 	6698
f 6695 	6796 	6697
f 6693 	6694 	6796
f 6694 	6692 	6796
f 6692 	6706 	6796
f 6795 	6796 	6706
f 6795 	6682 	6680
f 6795 	6680 	6681
f 6687 	6686 	6678
f 6679 	6678 	6717
f 6796 	6717 	6678
f 6800 	6801 	6795
f 6798 	6992 	6801
f 6809 	6807 	6808
f 6810 	6811 	6807
f 6811 	6808 	6807
f 6813 	6812 	6807
f 6812 	6810 	6807
f 6814 	6813 	6807
f 6815 	6816 	6807
f 6816 	6814 	6807
f 6818 	6815 	6807
f 6820 	6817 	6807
f 6817 	6818 	6807
f 6821 	6819 	6807
f 6819 	6820 	6807
f 6807 	6992 	6821
f 6823 	6992 	6797
f 6824 	6992 	6823
f 6822 	6992 	6824
f 6797 	6992 	6799
f 6799 	6992 	6798
f 6803 	6800 	6795
f 3885 	6268 	3886
f 6267 	3886 	6268
f 6269 	3887 	6267
f 7526 	901 	900
f 7526 	7525 	901
f 3930 	6270 	6272
f 3936 	6300 	6303
f 6302 	3937 	6303
f 7163 	7162 	910
f 910 	913 	7163
f 7162 	7165 	911
f 7166 	916 	914
f 5982 	6464 	451
f 6084 	6083 	3473
f 3476 	3475 	6085
f 6086 	3475 	3474
f 6086 	3474 	6083
f 7073 	935 	934
f 3477 	3476 	6088
f 7073 	7072 	935
f 6088 	6087 	3477
f 940 	939 	7531
f 2894 	2893 	6089
f 6090 	6089 	2893
f 7531 	7533 	940
f 7535 	7534 	943
f 944 	943 	7534
f 7532 	7535 	942
f 945 	944 	7537
f 7534 	7537 	944
f 7537 	7536 	945
f 508 	507 	7033
f 509 	508 	7032
f 7033 	7032 	508
f 510 	509 	7035
f 7032 	7035 	509
f 512 	7037 	7036
f 7037 	512 	511
f 7054 	7053 	543
f 7056 	545 	544
f 7056 	7055 	545
f 546 	545 	7055
f 7057 	548 	547
f 7055 	7058 	546
f 6087 	6090 	3478
f 7057 	7059 	548
f 6089 	6091 	2894
f 6092 	2901 	2898
f 7063 	7066 	920
f 7070 	7069 	928
f 7070 	928 	927
f 7069 	7071 	929
f 3002 	6079 	6080
f 3002 	6080 	3003
f 6080 	457 	3003
f 6319 	3999 	6320
f 4001 	6359 	3401
f 3403 	6305 	3404
f 3480 	3479 	6096
f 3470 	3483 	6098
f 6098 	6082 	3470
f 3890 	456 	3891
f 6307 	3892 	6308
f 3891 	6308 	3892
f 6309 	3893 	6307
f 4140 	6364 	4143
f 6315 	3993 	6316
f 6826 	6827 	6988
f 6828 	6829 	6792
f 6831 	6828 	6792
f 451 	6462 	6472
f 6905 	6906 	6902
f 6906 	6903 	6902
f 6903 	6904 	6902
f 6908 	6907 	6902
f 6907 	6905 	6902
f 464 	6443 	6639
f 6902 	6988 	6909
f 6909 	6908 	6902
f 3407 	467 	465
f 6910 	6911 	6988
f 6911 	6909 	6988
f 6912 	6913 	6988
f 6913 	6910 	6988
f 6914 	6915 	6988
f 6915 	6912 	6988
f 6916 	6914 	6988
f 2991 	477 	6424
f 476 	6424 	477
f 6917 	6916 	6988
f 6919 	6988 	6918
f 6829 	6826 	6988
f 6825 	6988 	6827
f 6988 	6792 	6829
f 6941 	6437 	6940
f 6943 	6437 	6942
f 6940 	6437 	6943
f 6942 	6437 	6945
f 6948 	6638 	6947
f 6954 	6638 	6951
f 6956 	461 	6955
f 6952 	6953 	6437
f 6953 	6949 	6437
f 6949 	6950 	6437
f 6960 	6638 	6958
f 6429 	6958 	6638
f 6959 	6957 	6437
f 6957 	6952 	6437
f 6962 	6638 	6960
f 6963 	6638 	6962
f 6959 	6437 	6961
f 6963 	6966 	6638
f 6638 	6966 	6920
f 6946 	6638 	6920
f 6946 	6947 	6638
f 6948 	6951 	6638
f 6955 	461 	6954
f 6965 	6437 	6964
f 6961 	6437 	6965
f 6968 	6437 	6967
f 6964 	6437 	6968
f 6974 	6471 	6972
f 6971 	6437 	6970
f 6967 	6437 	6971
f 6970 	6437 	6973
f 6979 	6980 	6471
f 7003 	6471 	6980
f 6969 	6972 	6471
f 6975 	6437 	6978
f 6973 	6437 	6975
f 6981 	7003 	6980
f 6978 	6437 	6977
f 6982 	7003 	6981
f 6976 	6471 	6974
f 6977 	6437 	6939
f 6984 	6471 	6983
f 6450 	6983 	6471
f 6939 	6437 	6941
f 6985 	6471 	6984
f 6986 	6471 	6985
f 6945 	6437 	6944
f 6436 	6944 	6437
f 6746 	6944 	6436
f 6987 	6471 	6986
f 6969 	6471 	6987
f 6825 	6918 	6988
f 6830 	6831 	6792
f 6708 	6830 	6792
f 6919 	6917 	6988
f 6988 	6902 	6950
f 6437 	6950 	6902
f 6991 	5692 	6990
f 6795 	6801 	6992
f 6802 	6803 	6795
f 6681 	6802 	6795
f 6993 	5692 	6991
f 6994 	5692 	6993
f 6822 	6821 	6992
f 6904 	6992 	6902
f 6807 	6902 	6992
f 6996 	5692 	6995
f 6999 	5692 	6998
f 6470 	6998 	5692
f 7000 	5692 	6999
f 7001 	5692 	7000
f 6989 	5692 	7002
f 7001 	7002 	5692
f 6989 	6990 	5692
f 6994 	6995 	5692
f 6997 	5693 	6996
f 5692 	6996 	5693
f 6807 	1473 	6902
f 6976 	6979 	6471
f 6638 	6954 	461
f 6437 	6902 	6438
f 6438 	6902 	1473
f 5761 	6426 	471
f 6427 	5762 	6428
f 6428 	5763 	6429
f 6958 	6429 	5763
f 1473 	3591 	6438
f 3589 	6438 	3591
f 5767 	6966 	6963
f 8187 	7012 	8177
f 2852 	2851 	6016
f 2856 	2852 	6021
f 7033 	7030 	7076
f 7076 	7030 	7031
f 7076 	7035 	7032
f 7032 	7033 	7076
f 5998 	2868 	2866
f 7037 	7034 	7076
f 7034 	7035 	7076
f 7036 	7037 	7076
f 7038 	7036 	7076
f 6002 	2988 	2987
f 7042 	7040 	7076
f 7040 	7041 	7076
f 7041 	7038 	7076
f 2989 	2988 	6003
f 7075 	7054 	7050
f 7075 	7050 	7051
f 6247 	3385 	6248
f 7053 	7054 	7075
f 7058 	7055 	7075
f 7055 	7056 	7075
f 7056 	7053 	7075
f 6248 	3911 	6244
f 7057 	7058 	7075
f 3387 	6247 	6252
f 7075 	7061 	7059
f 7059 	7057 	7075
f 7062 	7060 	7075
f 7060 	7061 	7075
f 6452 	7066 	7063
f 6452 	7063 	7064
f 7065 	7066 	6452
f 7070 	7067 	6452
f 7067 	7068 	6452
f 7068 	7065 	6452
f 7069 	7070 	6452
f 7071 	7069 	6452
f 3443 	3442 	6006
f 7072 	7073 	6452
f 7073 	7071 	6452
f 7074 	7072 	6452
f 7018 	7020 	7012
f 7099 	7012 	7021
f 7020 	7021 	7012
f 7077 	7078 	7099
f 7098 	7099 	7078
f 7021 	7077 	7099
f 6234 	3904 	6235
f 3902 	6261 	3903
f 6235 	3903 	6261
f 7081 	7097 	7080
f 7082 	7097 	7081
f 7012 	7079 	6432
f 6238 	3905 	6234
f 7083 	7084 	7097
f 6237 	3906 	6238
f 3905 	6238 	3906
f 7096 	7097 	7084
f 7083 	7097 	7082
f 6241 	3907 	6237
f 6432 	7080 	7097
f 6244 	3910 	6245
f 7087 	7089 	6432
f 7086 	7087 	6432
f 7092 	7094 	6432
f 6433 	6432 	7094
f 7089 	7092 	6432
f 7085 	7086 	6432
f 7097 	7085 	6432
f 7080 	6432 	7079
f 7099 	7079 	7012
f 7017 	7018 	7012
f 7100 	7017 	7012
f 7112 	6599 	7111
f 7110 	7111 	6599
f 7113 	7110 	6599
f 6599 	7186 	7113
f 7116 	7113 	7186
f 7118 	7116 	7186
f 7031 	7118 	7186
f 829 	828 	3610
f 3610 	3611 	829
f 3634 	3635 	1340
f 1341 	3635 	3636
f 6443 	464 	6444
f 6444 	5967 	6446
f 6446 	5968 	6447
f 6447 	5969 	6450
f 6983 	6450 	5969
f 5960 	6969 	5974
f 6053 	6056 	3460
f 6046 	2993 	2992
f 6049 	2996 	2994
f 7076 	7031 	7186
f 2996 	6049 	6050
f 2998 	2997 	469
f 6293 	3929 	6289
f 6266 	6065 	3396
f 3466 	3465 	6067
f 3460 	3459 	6053
f 3461 	3460 	6056
f 6271 	3931 	6272
f 6297 	3933 	6298
f 6298 	3932 	6271
f 6304 	3920 	6302
f 3922 	6281 	6280
f 3921 	6304 	6281
f 6285 	3923 	6280
f 1359 	1358 	3659
f 6284 	3924 	6285
f 3926 	6288 	6287
f 3939 	3643 	7917
f 5976 	6990 	5975
f 6466 	5983 	6467
f 6467 	5984 	6470
f 6998 	6470 	5984
f 5988 	7002 	7001
f 2904 	2903 	6072
f 6071 	6073 	2902
f 2907 	2904 	6075
f 6076 	3000 	2999
f 6079 	3002 	3001
f 3004 	3003 	457
f 7161 	7160 	7182
f 7157 	6453 	7156
f 6453 	7182 	7156
f 7159 	7156 	7182
f 7160 	7159 	7182
f 7075 	7051 	7182
f 7164 	6453 	7163
f 7162 	7163 	6453
f 7165 	7162 	6453
f 3953 	8184 	8182
f 6992 	7099 	7098
f 7079 	7099 	6992
f 7166 	7165 	6453
f 7017 	7100 	7168
f 7172 	7098 	7171
f 7173 	7098 	7172
f 7175 	7237 	7174
f 7171 	7098 	7170
f 7167 	6453 	7064
f 7176 	7237 	7175
f 6452 	7064 	6453
f 7179 	7098 	7178
f 7078 	7178 	7098
f 7166 	6453 	7167
f 7181 	7098 	7180
f 7179 	7180 	7098
f 7183 	7098 	7181
f 7184 	7098 	7183
f 7182 	7051 	7161
f 7164 	7182 	6453
f 7187 	7098 	7185
f 7185 	7098 	7184
f 7188 	7098 	7187
f 6453 	7158 	6599
f 7186 	6599 	7158
f 7158 	6453 	7157
f 7189 	7098 	7188
f 7192 	6598 	7112
f 6599 	7112 	6598
f 501 	503 	7111
f 504 	502 	7113
f 7116 	504 	7113
f 7030 	506 	7031
f 7191 	7098 	7190
f 7189 	7190 	7098
f 7098 	7191 	7169
f 7169 	7170 	7098
f 7198 	7096 	7197
f 7200 	7236 	7199
f 7196 	7096 	7195
f 7201 	7236 	7200
f 7199 	7236 	7198
f 7204 	7096 	7203
f 7084 	7203 	7096
f 7205 	7096 	7204
f 7206 	7096 	7205
f 7207 	7096 	7206
f 7208 	7096 	7207
f 7210 	7096 	7209
f 7209 	7096 	7208
f 7211 	7096 	7210
f 7212 	7096 	7211
f 7213 	7096 	7212
f 7194 	7096 	7214
f 7213 	7214 	7096
f 7196 	7197 	7096
f 7194 	7195 	7096
f 7217 	7218 	6433
f 7218 	7219 	6433
f 7219 	7220 	6433
f 7215 	7216 	6433
f 6434 	6433 	7221
f 7220 	7221 	6433
f 7222 	6434 	7221
f 7225 	6433 	7224
f 7094 	7224 	6433
f 7227 	6433 	7226
f 7225 	7226 	6433
f 7229 	6433 	7228
f 7228 	6433 	7227
f 541 	7161 	7051
f 541 	7051 	7050
f 7231 	6433 	7230
f 7230 	6433 	7229
f 7232 	6433 	7231
f 541 	540 	7161
f 7233 	6433 	7232
f 7234 	6433 	7233
f 7235 	6433 	7234
f 7235 	7215 	6433
f 7216 	7217 	6433
f 6434 	7222 	7223
f 7096 	7198 	7236
f 7236 	7201 	7202
f 7237 	7098 	7173
f 7173 	7174 	7237
f 7237 	7176 	7177
f 547 	546 	7058
f 897 	7522 	7521
f 994 	7493 	995
f 914 	911 	7165
f 7165 	7166 	914
f 919 	7167 	7064
f 919 	7064 	7063
f 919 	916 	7167
f 6306 	6094 	3405
f 6308 	3891 	456
f 6313 	3990 	6314
f 6320 	3998 	6317
f 452 	6472 	6471
f 7003 	452 	6471
f 6472 	452 	451
f 3890 	453 	456
f 3004 	457 	454
f 460 	6639 	6638
f 461 	460 	6638
f 460 	464 	6639
f 469 	466 	2998
f 3006 	2998 	466
f 3613 	3612 	1334
f 6640 	472 	6425
f 471 	6425 	472
f 3367 	474 	473
f 7877 	7876 	3593
f 7243 	7310 	7242
f 7878 	7877 	3594
f 3593 	3594 	7877
f 3594 	3595 	7878
f 7248 	7310 	7247
f 7249 	7310 	7248
f 7250 	7310 	7249
f 7251 	7310 	7250
f 7246 	7247 	7310
f 7310 	7251 	7252
f 7310 	461 	7254
f 7261 	7309 	7260
f 7262 	7309 	7261
f 7263 	7309 	7262
f 7264 	7309 	7263
f 7259 	7260 	7309
f 7309 	7264 	7265
f 6908 	7084 	6907
f 3640 	3620 	7900
f 3623 	3627 	7904
f 1345 	1344 	3637
f 3637 	3639 	1345
f 7900 	7899 	3640
f 7903 	7902 	3622
f 7904 	7903 	3623
f 7532 	942 	941
f 6952 	7089 	6953
f 7086 	6949 	7087
f 7224 	7094 	6959
f 6959 	7094 	6957
f 7224 	6959 	7225
f 7503 	1048 	7501
f 7505 	1049 	7503
f 7182 	954 	7075
f 7182 	7164 	954
f 913 	954 	7164
f 7186 	956 	7076
f 955 	1131 	7508
f 7186 	7158 	956
f 538 	956 	7158
f 7301 	5694 	7300
f 7302 	5694 	7301
f 7300 	5694 	7299
f 7304 	7305 	5694
f 5694 	7305 	7306
f 3659 	3658 	1359
f 7308 	5694 	7307
f 7917 	7916 	3939
f 5693 	6997 	7307
f 7268 	5694 	7308
f 7298 	5694 	7297
f 7297 	5694 	7268
f 7299 	5694 	7298
f 7303 	5694 	7302
f 7304 	5694 	7303
f 5693 	7307 	5694
f 6982 	7266 	7003
f 7266 	7267 	7003
f 7255 	7309 	7267
f 7003 	7267 	7309
f 7257 	7309 	7256
f 7255 	7256 	7309
f 7309 	7257 	7258
f 7259 	7309 	7258
f 6956 	7253 	461
f 7253 	7254 	461
f 7244 	7310 	7243
f 7254 	7242 	7310
f 7310 	7244 	7245
f 7246 	7310 	7245
f 503 	6392 	7112
f 7112 	7315 	7192
f 7111 	7110 	501
f 502 	501 	7110
f 7118 	7031 	506
f 506 	505 	7118
f 514 	513 	7038
f 515 	514 	7041
f 7038 	7041 	514
f 7041 	7040 	515
f 516 	515 	7040
f 516 	7040 	7042
f 7509 	7511 	518
f 521 	7513 	7512
f 521 	520 	7513
f 7518 	530 	526
f 7518 	7519 	530
f 958 	7483 	959
f 7485 	960 	7486
f 7487 	961 	7485
f 537 	536 	7156
f 538 	7158 	7157
f 537 	7156 	7159
f 7050 	542 	541
f 544 	543 	7053
f 544 	7053 	7056
f 547 	7058 	7057
f 892 	548 	7059
f 7059 	7061 	892
f 893 	892 	7061
f 893 	7061 	7060
f 896 	895 	7520
f 7520 	7522 	896
f 897 	896 	7522
f 900 	899 	7523
f 899 	898 	7524
f 905 	903 	7527
f 7527 	7529 	905
f 908 	907 	7530
f 908 	7492 	909
f 992 	7491 	993
f 7493 	994 	7494
f 911 	910 	7162
f 913 	7164 	7163
f 7063 	920 	919
f 921 	920 	7066
f 927 	926 	7067
f 929 	928 	7069
f 7067 	7070 	927
f 934 	929 	7071
f 934 	7071 	7073
f 936 	935 	7072
f 7072 	7074 	936
f 939 	936 	7074
f 943 	942 	7535
f 5708 	7245 	7244
f 5708 	5709 	7245
f 5718 	7253 	6956
f 5718 	5720 	7253
f 3644 	7924 	7922
f 7927 	7924 	3645
f 3644 	3645 	7924
f 6796 	6795 	7237
f 8177 	3631 	3956
f 7349 	7350 	7237
f 7352 	4568 	7351
f 7356 	4568 	7355
f 7357 	4568 	7356
f 7358 	4568 	7357
f 7359 	4568 	7358
f 7360 	4568 	7359
f 7361 	4568 	7360
f 7363 	4568 	7362
f 7362 	4568 	7361
f 7354 	7355 	4568
f 7363 	4555 	4568
f 4556 	4568 	4555
f 7366 	7367 	7236
f 7372 	4567 	7370
f 7382 	4567 	7380
f 7383 	4567 	7382
f 7385 	4567 	7383
f 7377 	4567 	7376
f 7386 	4567 	7385
f 7388 	4567 	7387
f 7387 	4567 	7386
f 7390 	4567 	7389
f 7389 	4567 	7388
f 4560 	4567 	4559
f 4559 	4567 	7390
f 7399 	6439 	7398
f 7400 	6439 	7399
f 7402 	6439 	7401
f 7406 	6439 	7405
f 7405 	6439 	7402
f 7415 	6439 	7413
f 7416 	6439 	7415
f 7418 	6439 	7417
f 7417 	6439 	7416
f 7420 	4563 	6439
f 7419 	7420 	6439
f 7413 	6439 	7412
f 4564 	6439 	4563
f 7418 	7419 	6439
f 6439 	6434 	7398
f 7223 	7398 	6434
f 7400 	7401 	6439
f 7410 	6439 	7406
f 7412 	6439 	7410
f 7202 	7365 	7236
f 7365 	7366 	7236
f 4567 	7236 	7367
f 7367 	7370 	4567
f 7372 	7376 	4567
f 7380 	4567 	7377
f 7177 	7348 	7237
f 7348 	7349 	7237
f 7351 	4568 	7350
f 7237 	7350 	4568
f 7354 	4568 	7353
f 7352 	7353 	4568
f 6797 	7170 	7169
f 6680 	6682 	7177
f 7176 	6680 	7177
f 5739 	7298 	7297
f 5739 	5740 	7298
f 7539 	7538 	947
f 7536 	7539 	946
f 7538 	7540 	948
f 7541 	950 	949
f 1043 	951 	7541
f 1043 	7499 	1045
f 7310 	462 	461
f 4555 	7363 	6705
f 7441 	7454 	7252
f 7442 	7454 	7441
f 6705 	6704 	4555
f 7444 	1168 	7443
f 7445 	7453 	7265
f 7446 	7453 	7445
f 4558 	4557 	6686
f 1169 	7453 	7447
f 7309 	7265 	7453
f 7448 	1169 	7447
f 4674 	6687 	4675
f 7446 	7447 	7453
f 4677 	4676 	6688
f 4675 	6687 	6689
f 7451 	1169 	7450
f 7449 	1169 	7306
f 4678 	4677 	6690
f 6688 	6690 	4677
f 7452 	1169 	7451
f 7449 	7450 	1169
f 5694 	7306 	1169
f 7453 	1169 	7452
f 7454 	7442 	1168
f 7443 	1168 	7442
f 7310 	7252 	7454
f 7454 	1168 	7448
f 1169 	7448 	1168
f 1168 	7444 	7455
f 5714 	7251 	7250
f 5714 	5715 	7251
f 5717 	479 	7443
f 5726 	5727 	7260
f 5730 	5731 	7264
f 5741 	5742 	7300
f 7303 	7302 	5744
f 5744 	5745 	7303
f 7305 	5747 	7306
f 7453 	458 	7309
f 7452 	459 	7453
f 458 	7453 	459
f 7454 	462 	7310
f 7448 	470 	7454
f 7444 	479 	7455
f 478 	7455 	479
f 7244 	5707 	5708
f 7247 	5711 	7248
f 5711 	5712 	7248
f 7442 	5717 	7443
f 7444 	7443 	479
f 5755 	6946 	5754
f 6946 	5755 	6947
f 5757 	6948 	5756
f 6954 	5759 	6955
f 6955 	5760 	6956
f 7254 	7253 	5720
f 6425 	471 	6426
f 5762 	6427 	5761
f 5763 	5764 	6958
f 6958 	5764 	6960
f 6962 	5766 	6963
f 6966 	5768 	6920
f 5705 	5706 	7242
f 7244 	7243 	5707
f 5706 	5707 	7243
f 6706 	6692 	7351
f 7352 	7351 	6692
f 6706 	7351 	7350
f 6692 	6694 	7352
f 7247 	5710 	5711
f 5713 	7250 	7249
f 7250 	5713 	5714
f 6697 	6696 	7356
f 7441 	7252 	5715
f 7252 	7251 	5715
f 7356 	7355 	6697
f 5715 	5716 	7441
f 7442 	5716 	5717
f 6920 	5754 	6946
f 6703 	6702 	7362
f 5756 	6947 	5755
f 6947 	5756 	6948
f 5758 	6951 	5757
f 6951 	5758 	6954
f 5760 	6955 	5759
f 5720 	5705 	7254
f 7242 	7254 	5705
f 7243 	7242 	5706
f 7246 	7245 	5709
f 5710 	7247 	7246
f 5710 	7246 	5709
f 7249 	7248 	5712
f 5713 	7249 	5712
f 7442 	7441 	5716
f 7501 	1046 	7502
f 1045 	7502 	1046
f 7076 	956 	7508
f 7315 	7112 	6674
f 7483 	7508 	7486
f 7486 	7508 	7485
f 7644 	7487 	7508
f 6703 	7362 	7361
f 7491 	7507 	7494
f 7494 	7507 	7493
f 7642 	7498 	7496
f 7178 	7078 	6813
f 7077 	6812 	7078
f 7178 	6813 	7179
f 6948 	5757 	6951
f 5759 	6954 	5758
f 6956 	5760 	5719
f 5719 	5718 	6956
f 6960 	5764 	5765
f 6960 	5765 	6962
f 5766 	6962 	5765
f 5767 	6963 	5766
f 5768 	6966 	5767
f 5754 	6920 	5768
f 7185 	6820 	7187
f 7188 	7187 	6819
f 3450 	3449 	6013
f 6017 	2851 	3450
f 7191 	6823 	7169
f 5995 	2861 	2860
f 2861 	5995 	5997
f 7175 	6802 	7176
f 6809 	7018 	7017
f 6001 	6000 	2986
f 6812 	7077 	6810
f 6813 	7078 	6812
f 2987 	6000 	6002
f 7179 	6814 	7180
f 2990 	2989 	6004
f 7180 	6816 	7181
f 2990 	6004 	477
f 6817 	7184 	6818
f 7181 	6815 	7183
f 7184 	6817 	7185
f 6819 	7187 	6820
f 3381 	6250 	3388
f 3453 	6031 	6035
f 3449 	3448 	6014
f 2860 	2856 	6024
f 2860 	6024 	5995
f 2866 	5999 	5998
f 2866 	2863 	5999
f 2986 	2872 	6001
f 2987 	2986 	6000
f 7499 	6451 	7502
f 7502 	6451 	7501
f 7504 	7505 	6449
f 7505 	7503 	6449
f 7503 	7501 	6449
f 6451 	6449 	7501
f 6451 	7499 	7500
f 7493 	7507 	7495
f 7497 	7495 	7642
f 7642 	7495 	7507
f 7507 	7491 	7492
f 7488 	7489 	7644
f 7489 	7487 	7644
f 7485 	7508 	7487
f 7508 	7483 	7484
f 7188 	6821 	7189
f 6824 	7190 	6822
f 7170 	6799 	7171
f 6800 	7173 	6801
f 7172 	6801 	7173
f 6801 	7172 	6798
f 7171 	6798 	7172
f 6803 	7174 	6800
f 6802 	6681 	7176
f 7353 	7352 	6694
f 7354 	7353 	6693
f 6694 	6693 	7353
f 7354 	6693 	6695
f 7355 	6695 	6697
f 6822 	7189 	6821
f 6799 	7170 	6797
f 6798 	7171 	6799
f 7509 	7042 	7076
f 7173 	6800 	7174
f 7174 	6803 	7175
f 6802 	7175 	6803
f 7510 	7511 	7076
f 7511 	7509 	7076
f 7515 	7512 	7076
f 7512 	7513 	7076
f 7513 	7510 	7076
f 6680 	7176 	6681
f 7515 	7076 	7514
f 7348 	7177 	6682
f 6682 	6684 	7348
f 7349 	7348 	6684
f 7516 	7517 	7076
f 7514 	7076 	7517
f 6684 	6683 	7349
f 7350 	7349 	6683
f 7350 	6683 	6706
f 7518 	7508 	7519
f 7075 	7520 	7062
f 7879 	7878 	3595
f 7879 	3595 	3596
f 7881 	7880 	3600
f 7521 	7522 	7075
f 7522 	7520 	7075
f 7526 	7523 	7075
f 7523 	7524 	7075
f 7524 	7521 	7075
f 7526 	7075 	7525
f 7525 	7075 	7528
f 8171 	8143 	3604
f 7075 	7507 	7527
f 7528 	7075 	7527
f 3604 	3605 	8171
f 3605 	8172 	8171
f 7530 	7529 	7507
f 6810 	7021 	6811
f 7020 	6811 	7021
f 6811 	7020 	6808
f 7533 	7531 	6452
f 7531 	7074 	6452
f 7021 	6810 	7077
f 7532 	7533 	6452
f 7537 	7534 	6452
f 7534 	7535 	6452
f 7535 	7532 	6452
f 6816 	7180 	6814
f 7537 	6452 	7536
f 6816 	6815 	7181
f 7536 	6452 	7539
f 7538 	7539 	6452
f 6452 	6451 	7540
f 7538 	6452 	7540
f 6808 	7018 	6809
f 7541 	7540 	6451
f 7500 	7541 	6451
f 7018 	6808 	7020
f 7529 	7527 	7507
f 7492 	7530 	7507
f 7076 	7508 	7516
f 7518 	7516 	7508
f 7484 	7519 	7508
f 519 	518 	7511
f 7179 	6813 	6814
f 7183 	6818 	7184
f 3444 	3443 	6005
f 3444 	6005 	6008
f 3447 	6010 	6009
f 3447 	3446 	6010
f 6014 	6013 	3449
f 3450 	6013 	6017
f 6029 	3390 	6030
f 3453 	3452 	6031
f 6103 	6102 	3880
f 6104 	3881 	6102
f 3882 	6104 	6105
f 3902 	6259 	6261
f 3910 	6244 	3911
f 6818 	7183 	6815
f 6820 	7185 	6817
f 6250 	3381 	6252
f 6100 	3388 	6250
f 7188 	6819 	6821
f 6255 	6254 	3915
f 7190 	6824 	7191
f 6823 	7191 	6824
f 6257 	3916 	6254
f 7189 	6822 	7190
f 6797 	7169 	6823
f 6259 	3919 	6260
f 7358 	6699 	7359
f 6699 	6701 	7359
f 5722 	5723 	7256
f 7363 	6702 	6705
f 5723 	5724 	7257
f 4556 	4555 	6704
f 5724 	5725 	7258
f 4556 	6704 	6685
f 5726 	7260 	7259
f 4674 	4558 	6686
f 4674 	6686 	6687
f 5728 	5729 	7262
f 5729 	5730 	7263
f 470 	7448 	7447
f 7355 	7354 	6695
f 519 	7511 	7510
f 7357 	7356 	6696
f 6696 	6698 	7357
f 7358 	7357 	6698
f 7358 	6698 	6699
f 7360 	7359 	6701
f 6701 	6700 	7360
f 7361 	7360 	6700
f 7363 	7362 	6702
f 6700 	6703 	7361
f 525 	524 	7517
f 7483 	958 	7484
f 7519 	7484 	958
f 7486 	959 	7483
f 962 	7487 	7489
f 7649 	969 	7650
f 973 	7652 	7651
f 974 	7654 	975
f 973 	7651 	974
f 6829 	7197 	6826
f 6830 	6708 	7200
f 7201 	7200 	6707
f 6707 	6709 	7202
f 7201 	6707 	7202
f 903 	902 	7528
f 7491 	992 	7492
f 992 	909 	7492
f 1000 	7496 	7498
f 1000 	7498 	1001
f 7665 	1001 	7498
f 6731 	4559 	7390
f 4560 	4559 	6730
f 6731 	6730 	4559
f 6712 	4561 	4560
f 4679 	4562 	6713
f 6716 	6715 	4681
f 6716 	4681 	4680
f 4682 	6715 	6717
f 7365 	7202 	6709
f 6709 	6711 	7365
f 6721 	6723 	7380
f 6727 	7387 	7386
f 6727 	6726 	7387
f 6729 	6728 	7389
f 6729 	7389 	7388
f 7079 	6904 	7080
f 7203 	7084 	6908
f 7083 	6907 	7084
f 7203 	6908 	7204
f 7211 	6916 	7212
f 6917 	7213 	7212
f 7208 	6912 	7209
f 6914 	7210 	6915
f 7195 	6827 	7196
f 7197 	6829 	7198
f 6828 	7199 	7198
f 7199 	6831 	7200
f 6969 	5960 	6972
f 6972 	5961 	6974
f 5734 	7266 	6982
f 5734 	5736 	7266
f 7267 	7266 	5736
f 5969 	6447 	5968
f 5721 	5722 	7255
f 7257 	7256 	5723
f 7258 	7257 	5724
f 7261 	5727 	5728
f 7261 	5728 	7262
f 7263 	7262 	5729
f 7264 	7263 	5730
f 7265 	7264 	5731
f 7445 	5732 	7446
f 5732 	5733 	7446
f 6987 	5974 	6969
f 5961 	6972 	5960
f 6976 	5963 	6979
f 6979 	5964 	6980
f 6980 	5965 	6981
f 6981 	5966 	6982
f 5736 	5721 	7267
f 7255 	7267 	5721
f 7256 	7255 	5722
f 7259 	7258 	5725
f 5726 	7259 	5725
f 7261 	7260 	5727
f 7445 	7265 	5731
f 7445 	5731 	5732
f 7447 	7446 	5733
f 7447 	5733 	470
f 6974 	5961 	5962
f 5963 	6976 	5962
f 6974 	5962 	6976
f 5964 	6979 	5963
f 6980 	5964 	5965
f 5966 	6981 	5965
f 6982 	5966 	5735
f 6982 	5735 	5734
f 6446 	5967 	5968
f 6983 	5969 	5970
f 5971 	6984 	5970
f 6983 	5970 	6984
f 5972 	6985 	5971
f 6984 	5971 	6985
f 6985 	5972 	6986
f 5973 	6986 	5972
f 6986 	5973 	6987
f 5974 	6987 	5973
f 6906 	7082 	7081
f 6906 	7081 	6903
f 7080 	6903 	7081
f 7082 	6905 	7083
f 7667 	1002 	7665
f 6913 	7208 	7207
f 7206 	6910 	7207
f 1007 	7668 	1009
f 7209 	6915 	7210
f 7673 	1014 	1013
f 7210 	6914 	7211
f 939 	7074 	7531
f 941 	940 	7533
f 941 	7533 	7532
f 6828 	7198 	6829
f 7196 	6826 	7197
f 6736 	6718 	7370
f 6718 	6720 	7372
f 6720 	6719 	7376
f 7499 	1043 	7500
f 7541 	7500 	1043
f 7377 	6719 	6721
f 7380 	7377 	6721
f 6914 	6916 	7211
f 7683 	1065 	7684
f 6827 	7195 	6825
f 7194 	6825 	7195
f 6826 	7196 	6827
f 1065 	7683 	1072
f 1072 	7686 	1073
f 7685 	1073 	7686
f 7199 	6828 	6831
f 6830 	7200 	6831
f 6707 	7200 	6708
f 7688 	1074 	7685
f 7690 	1080 	7687
f 7366 	7365 	6711
f 6711 	6710 	7366
f 7367 	7366 	6710
f 6710 	6736 	7367
f 953 	1125 	7507
f 7075 	954 	7507
f 3622 	3623 	7903
f 523 	522 	7515
f 7907 	7904 	3627
f 3627 	3626 	7907
f 523 	7515 	7514
f 526 	525 	7516
f 8175 	8174 	3629
f 8175 	3629 	3630
f 8177 	8176 	3631
f 2876 	2875 	6059
f 6903 	7080 	6904
f 2882 	2881 	6041
f 6911 	7205 	6909
f 7204 	6909 	7205
f 6043 	6042 	2883
f 7205 	6911 	7206
f 6910 	7206 	6911
f 7208 	6913 	6912
f 6041 	6043 	2882
f 6913 	7207 	6910
f 6045 	2884 	6042
f 6906 	6905 	7082
f 2992 	6047 	6046
f 6907 	7083 	6905
f 7204 	6908 	6909
f 6292 	3392 	6293
f 6915 	7209 	6912
f 6917 	7212 	6916
f 7213 	6919 	7214
f 6918 	7214 	6919
f 6919 	7213 	6917
f 6918 	7194 	7214
f 6825 	7194 	6918
f 6722 	6724 	7383
f 7385 	6724 	6725
f 7385 	6725 	7386
f 7386 	6725 	6727
f 3456 	3469 	6069
f 7390 	6728 	6731
f 6712 	4560 	6730
f 4680 	4679 	6714
f 4682 	4681 	6715
f 4680 	6714 	6716
f 7372 	7370 	6718
f 7376 	7372 	6720
f 7377 	7376 	6719
f 7382 	6723 	6722
f 7383 	7382 	6722
f 7382 	7380 	6723
f 7385 	7383 	6724
f 2884 	2883 	6042
f 2883 	2882 	6043
f 7388 	7387 	6726
f 7390 	7389 	6728
f 6726 	6729 	7388
f 2992 	2892 	6047
f 2994 	2993 	6048
f 7370 	7367 	6736
f 2994 	6048 	6049
f 6939 	7216 	7215
f 7219 	6942 	7220
f 6945 	7221 	7220
f 7517 	7516 	525
f 526 	7516 	7518
f 534 	530 	7519
f 7519 	958 	535
f 959 	7486 	960
f 7488 	963 	7489
f 962 	7489 	963
f 963 	7488 	965
f 7490 	965 	7488
f 965 	7490 	966
f 7648 	966 	7490
f 968 	7650 	969
f 966 	7648 	968
f 7650 	968 	7648
f 7652 	971 	7649
f 7524 	7523 	899
f 900 	7523 	7526
f 902 	901 	7525
f 7525 	7528 	902
f 903 	7528 	7527
f 907 	905 	7529
f 7530 	907 	7529
f 7494 	993 	7491
f 993 	7494 	994
f 7495 	995 	7493
f 7496 	997 	7497
f 996 	7497 	997
f 995 	7495 	996
f 997 	7496 	1000
f 1001 	7665 	1002
f 946 	945 	7536
f 947 	946 	7539
f 948 	947 	7538
f 949 	948 	7540
f 7540 	7541 	949
f 7502 	1045 	7499
f 1046 	7501 	1048
f 7505 	1055 	1049
f 7504 	1055 	7505
f 1048 	7503 	1049
f 1055 	7504 	1059
f 7506 	1059 	7504
f 1059 	7506 	1060
f 7682 	1060 	7506
f 1064 	7684 	1065
f 1060 	7682 	1064
f 7684 	1064 	7682
f 7686 	1072 	7683
f 7618 	7619 	7645
f 7644 	7645 	7619
f 7621 	7620 	1168
f 7620 	7618 	7645
f 7624 	7621 	1168
f 7623 	7624 	1168
f 7642 	7643 	7628
f 7627 	7628 	7643
f 7643 	1168 	7632
f 7630 	7643 	7632
f 7635 	7632 	1168
f 7636 	7637 	1169
f 7636 	1169 	7638
f 7639 	1169 	7641
f 7639 	7638 	1169
f 7641 	1169 	7640
f 6449 	1169 	7637
f 7630 	7627 	7643
f 7640 	1169 	7643
f 1168 	7620 	7645
f 7634 	7635 	1168
f 7645 	7634 	1168
f 7646 	7623 	1174
f 987 	7618 	7620
f 7621 	988 	7620
f 1032 	7627 	1034
f 7632 	1035 	7630
f 1107 	7636 	7638
f 7623 	7646 	7647
f 7648 	7490 	7644
f 7488 	7644 	7490
f 7650 	7648 	7644
f 7651 	7652 	7644
f 7649 	7644 	7652
f 7654 	7651 	7644
f 7653 	7654 	7644
f 7658 	7659 	7644
f 7659 	7657 	7644
f 7661 	7658 	7644
f 7660 	7661 	7644
f 7619 	7664 	7644
f 7662 	7663 	7644
f 7663 	7660 	7644
f 7664 	7662 	7644
f 7665 	7498 	7642
f 7666 	7667 	7642
f 7667 	7665 	7642
f 7671 	7668 	7642
f 7673 	7670 	7642
f 7670 	7671 	7642
f 7672 	7673 	7642
f 7674 	7672 	7642
f 7675 	7676 	7642
f 7676 	7674 	7642
f 7678 	7675 	7642
f 7677 	7678 	7642
f 7628 	7681 	7642
f 7642 	7681 	7679
f 7680 	7677 	7642
f 7679 	7680 	7642
f 7684 	7682 	6449
f 7682 	7506 	6449
f 7504 	6449 	7506
f 7685 	7686 	6449
f 7683 	7684 	6449
f 7688 	7685 	6449
f 7687 	7688 	6449
f 7689 	7690 	6449
f 7690 	7687 	6449
f 7691 	7689 	6449
f 7695 	7692 	6449
f 7693 	6449 	7692
f 7637 	7698 	6449
f 7697 	7694 	6449
f 7694 	7695 	6449
f 7698 	7696 	6449
f 7696 	7697 	6449
f 7686 	7683 	6449
f 7691 	6449 	7693
f 7668 	7669 	7642
f 7669 	7666 	7642
f 7496 	7497 	7642
f 7655 	7656 	7644
f 7644 	7657 	7655
f 7656 	7653 	7644
f 7649 	7650 	7644
f 7653 	975 	7654
f 3461 	6056 	6055
f 3464 	3463 	6057
f 3464 	6057 	6060
f 2876 	6059 	6061
f 6064 	3396 	6065
f 6067 	6066 	3466
f 3469 	3468 	6070
f 3930 	6272 	3931
f 3932 	6298 	3933
f 3931 	6271 	3932
f 6301 	3934 	6297
f 3928 	6289 	3929
f 3922 	6280 	3923
f 3393 	6292 	6295
f 6294 	3391 	6295
f 3393 	6295 	3391
f 6265 	3394 	6294
f 3936 	6303 	3937
f 5741 	7300 	7299
f 5743 	7302 	7301
f 6745 	6747 	7223
f 7222 	6745 	7223
f 6750 	6790 	7400
f 6763 	7405 	7402
f 459 	7452 	7451
f 6763 	6762 	7405
f 6769 	6768 	7412
f 6765 	6769 	7410
f 7420 	6789 	4563
f 6789 	6788 	4563
f 4566 	4565 	6755
f 4687 	4686 	6758
f 4685 	6757 	6759
f 6758 	6760 	4687
f 7398 	7223 	6747
f 6747 	6751 	7398
f 7401 	7400 	6790
f 7410 	7406 	6765
f 6995 	5980 	6996
f 5751 	6997 	5981
f 7412 	7410 	6769
f 6772 	7416 	7415
f 6462 	451 	6464
f 6772 	6775 	7416
f 6464 	5982 	6466
f 5984 	5985 	6998
f 4564 	4563 	6788
f 7089 	6952 	7092
f 7092 	6957 	7094
f 976 	7653 	7656
f 7655 	977 	7656
f 7657 	978 	7655
f 979 	7657 	7659
f 983 	7660 	7663
f 7662 	984 	7663
f 7618 	986 	7619
f 7218 	6943 	7219
f 987 	7620 	988
f 7220 	6942 	6945
f 7623 	990 	7624
f 7624 	989 	7621
f 988 	7621 	989
f 1006 	7666 	7669
f 6953 	7087 	6949
f 7668 	1007 	7669
f 1006 	7669 	1007
f 6957 	7092 	6952
f 1013 	7670 	7673
f 7672 	1014 	7673
f 7674 	1017 	7672
f 1021 	7676 	7675
f 1021 	7675 	1025
f 1025 	7678 	1026
f 1026 	7677 	1029
f 7680 	1029 	7677
f 7679 	1030 	7680
f 1032 	7681 	7628
f 1032 	7628 	7627
f 7681 	1031 	7679
f 7630 	1034 	7627
f 1039 	7635 	7634
f 1091 	7693 	7692
f 1091 	7692 	1093
f 1093 	7695 	1094
f 1094 	7694 	1097
f 7697 	1097 	7694
f 7696 	1098 	7697
f 7636 	1101 	7637
f 7698 	1100 	7696
f 7639 	1109 	7638
f 1113 	7641 	7640
f 7643 	7642 	1125
f 7642 	7507 	1125
f 7643 	1125 	7640
f 1113 	7640 	1125
f 7645 	7644 	1131
f 7644 	7508 	1131
f 7645 	1131 	7634
f 1039 	7634 	1131
f 1376 	1377 	7623
f 1376 	7623 	7647
f 7654 	974 	7651
f 976 	7656 	977
f 977 	7655 	978
f 7658 	980 	7659
f 7671 	1009 	7668
f 7672 	1017 	1014
f 7678 	1025 	7675
f 7677 	1026 	7678
f 7689 	1081 	7690
f 6998 	5985 	6999
f 7000 	5987 	7001
f 7002 	5989 	6989
f 7302 	5743 	5744
f 7304 	7303 	5745
f 7304 	5745 	5746
f 7304 	5746 	7305
f 7449 	7306 	5747
f 5746 	5747 	7305
f 7450 	7449 	5748
f 5747 	5748 	7449
f 7450 	5748 	5749
f 7450 	5749 	7451
f 7451 	5749 	459
f 6989 	5975 	6990
f 6990 	5976 	6991
f 6994 	5979 	6995
f 5981 	6996 	5980
f 6996 	5981 	6997
f 5751 	5750 	6997
f 5750 	5752 	7307
f 7268 	7308 	5737
f 5752 	5737 	7308
f 7297 	7268 	5738
f 5737 	5738 	7268
f 7297 	5738 	5739
f 7299 	7298 	5740
f 5741 	7299 	5740
f 7301 	7300 	5742
f 5743 	7301 	5742
f 7225 	6961 	7226
f 6965 	7227 	7226
f 7228 	6968 	7229
f 6967 	7229 	6968
f 7229 	6967 	7230
f 7232 	6973 	7233
f 6975 	7234 	7233
f 6941 	7216 	6939
f 6940 	7217 	6941
f 6942 	7219 	6943
f 6745 	7222 	7221
f 7402 	6761 	6763
f 7216 	6941 	7217
f 6943 	7218 	6940
f 7217 	6940 	7218
f 6944 	7221 	6945
f 6944 	6746 	7221
f 6745 	7221 	6746
f 7399 	7398 	6751
f 7400 	7399 	6750
f 6751 	6750 	7399
f 6991 	5976 	5977
f 5978 	6993 	5977
f 6991 	5977 	6993
f 5979 	6994 	5978
f 6993 	5978 	6994
f 5980 	6995 	5979
f 7307 	6997 	5750
f 7308 	7307 	5752
f 6466 	5982 	5983
f 5984 	6467 	5983
f 6999 	5985 	5986
f 6999 	5986 	7000
f 5987 	7000 	5986
f 5988 	7001 	5987
f 5989 	7002 	5988
f 5975 	6989 	5989
f 7928 	7927 	3646
f 3645 	3646 	7927
f 3646 	3648 	7928
f 8179 	8178 	3650
f 8180 	8179 	3651
f 3650 	3651 	8179
f 8180 	3651 	3652
f 8180 	3652 	8182
f 7085 	6950 	7086
f 7087 	6953 	7089
f 7225 	6959 	6961
f 6965 	7226 	6961
f 7227 	6964 	7228
f 7841 	7852 	7844
f 7844 	7852 	7843
f 3372 	7845 	7852
f 7846 	3372 	7847
f 7845 	3372 	7846
f 7848 	7849 	3372
f 3859 	7848 	3372
f 7851 	3368 	7850
f 7850 	3368 	3867
f 7849 	7847 	3372
f 7843 	7852 	7845
f 7852 	7841 	7842
f 6949 	7086 	6950
f 6964 	7227 	6965
f 6968 	7228 	6964
f 7230 	6967 	6971
f 6970 	7231 	6971
f 7230 	6971 	7231
f 7231 	6970 	7232
f 6973 	7232 	6970
f 7849 	1263 	7847
f 6975 	7233 	6973
f 1263 	7849 	1264
f 7234 	6978 	7235
f 6977 	7235 	6978
f 6978 	7234 	6975
f 7853 	7851 	7850
f 7235 	6977 	7215
f 6939 	7215 	6977
f 5574 	7853 	3867
f 7850 	3867 	7853
f 3368 	7851 	7853
f 7853 	5574 	3368
f 5399 	5398 	7852
f 6775 	6774 	7417
f 7419 	6777 	7420
f 7854 	446 	7855
f 7857 	7856 	446
f 7856 	7855 	446
f 7420 	6777 	6789
f 7858 	7859 	446
f 7859 	7857 	446
f 7860 	7858 	446
f 4564 	6788 	6753
f 7864 	7863 	7867
f 7863 	7861 	446
f 7861 	7862 	446
f 7862 	7860 	446
f 4684 	4566 	6755
f 4685 	4684 	6757
f 6755 	6757 	4684
f 7867 	7852 	7864
f 7865 	7864 	7852
f 4688 	4687 	6760
f 7842 	7866 	7852
f 7866 	7865 	7852
f 7867 	7863 	446
f 7402 	7401 	6761
f 6790 	6761 	7401
f 7406 	7405 	6762
f 7406 	6762 	6765
f 449 	5369 	5368
f 449 	450 	5369
f 7413 	7412 	6768
f 6768 	6771 	7413
f 7415 	7413 	6771
f 7415 	6771 	6772
f 7417 	7416 	6775
f 5390 	7855 	5393
f 7418 	7417 	6774
f 7855 	7856 	5393
f 7419 	6778 	6777
f 6774 	6778 	7418
f 7419 	7418 	6778
f 206 	5366 	446
f 5390 	7854 	7855
f 5397 	5396 	7858
f 7859 	5396 	5395
f 7858 	7860 	5397
f 6792 	7236 	6793
f 7097 	7096 	6988
f 7096 	7236 	6988
f 6792 	6988 	7236
f 4567 	6793 	7236
f 6988 	7085 	7097
f 6950 	7085 	6988
f 8182 	3652 	3953
f 4688 	6760 	6793
f 5368 	5367 	447
f 7098 	7237 	6992
f 6795 	6992 	7237
f 4568 	6796 	7237
f 5368 	447 	449
f 5370 	5369 	450
f 7079 	6992 	6904
f 450 	443 	5370
f 5387 	5386 	445
f 445 	444 	5387
f 5390 	5388 	7854
f 7168 	7868 	7017
f 6809 	7017 	7868
f 1476 	1472 	7868
f 7854 	5388 	444
f 7869 	4692 	6690
f 5395 	5394 	7857
f 5395 	7857 	7859
f 5376 	5397 	7860
f 5377 	5376 	7862
f 5378 	5377 	7861
f 446 	5366 	5399
f 5378 	7861 	7863
f 5381 	5379 	7864
f 7864 	7865 	5381
f 5382 	5381 	7865
f 5403 	7866 	7842
f 5403 	7842 	7841
f 7844 	5404 	7841
f 7848 	1264 	7849
f 3859 	1265 	7848
f 1335 	7872 	7933
f 1335 	7933 	1334
f 7876 	7933 	7875
f 7872 	7875 	7933
f 7867 	5399 	7852
f 7877 	7933 	7876
f 7878 	7933 	7877
f 7867 	446 	5399
f 7879 	7933 	7878
f 7880 	7933 	7879
f 7882 	7933 	7881
f 7881 	7933 	7880
f 448 	7883 	550
f 7933 	7882 	7885
f 206 	196 	1582
f 7900 	7932 	7899
f 7899 	7932 	7889
f 7901 	7932 	7900
f 7904 	7932 	7903
f 7902 	7932 	7901
f 801 	1340 	7932
f 7908 	7932 	7907
f 7904 	7907 	7932
f 7902 	7903 	7932
f 7932 	7908 	7911
f 7916 	6431 	7915
f 7915 	6431 	1360
f 1360 	6431 	1359
f 7922 	6431 	7917
f 2893 	3478 	6090
f 7927 	6431 	7924
f 7928 	6431 	7927
f 7930 	6431 	7929
f 7929 	6431 	7928
f 7924 	6431 	7922
f 6431 	7930 	7931
f 2902 	2901 	6071
f 2903 	6073 	6072
f 7917 	6431 	7916
f 6430 	1351 	6431
f 2999 	2910 	6077
f 2999 	6077 	6076
f 6095 	6097 	3481
f 7949 	7944 	7948
f 7951 	7944 	7949
f 7957 	7944 	7953
f 7946 	7948 	7944
f 7951 	7953 	7944
f 7960 	7946 	7944
f 7960 	7944 	7945
f 7960 	7962 	7946
f 7953 	7964 	7957
f 7957 	7964 	7965
f 7966 	7957 	7965
f 7969 	7957 	7966
f 7970 	7957 	7969
f 7972 	7957 	7970
f 7973 	7957 	7972
f 7973 	7974 	7957
f 7977 	7957 	7975
f 7979 	7982 	7957
f 7974 	7975 	7957
f 7957 	7977 	7978
f 7979 	7957 	7978
f 7982 	7983 	7991
f 7990 	7991 	7983
f 7985 	7990 	7983
f 7988 	7990 	7987
f 7957 	7982 	7991
f 7985 	7987 	7990
f 7953 	6333 	7964
f 7951 	6333 	7953
f 7964 	6335 	7965
f 7991 	6352 	7957
f 7946 	7962 	7992
f 7963 	7944 	1503
f 7693 	1090 	7691
f 7695 	1093 	7692
f 7694 	1094 	7695
f 2903 	2902 	6073
f 3001 	3000 	6078
f 3001 	6078 	6079
f 8103 	7990 	8102
f 8108 	4000 	8107
f 2313 	4000 	8108
f 2314 	4000 	2313
f 8106 	8107 	4000
f 2315 	4000 	2314
f 8110 	2320 	3997
f 8109 	8110 	3997
f 3994 	3997 	2320
f 2324 	3994 	2323
f 7988 	7993 	7990
f 7993 	8102 	7990
f 8103 	8104 	7990
f 8105 	4000 	8104
f 7990 	8104 	4000
f 8106 	4000 	8105
f 6338 	7969 	6336
f 6348 	7985 	7983
f 6325 	7988 	6350
f 7993 	7988 	6324
f 7987 	6350 	7988
f 7932 	3953 	801
f 7933 	3956 	802
f 8143 	8187 	7885
f 7012 	8187 	8171
f 8172 	7012 	8171
f 8171 	8187 	8143
f 8173 	7012 	8172
f 8174 	8175 	8184
f 8175 	8176 	8184
f 6432 	8184 	8176
f 8177 	6432 	8176
f 8178 	6432 	7931
f 8179 	6432 	8178
f 8180 	6432 	8179
f 6431 	7931 	6432
f 8182 	6432 	8180
f 8174 	8184 	7911
f 7932 	7911 	8184
f 8184 	6432 	8182
f 7933 	7885 	8187
f 6432 	8177 	7012
f 8173 	8001 	7012
f 3483 	6099 	6098
f 3472 	3471 	6081
f 6082 	6081 	3471
f 3471 	3470 	6082
f 6081 	6084 	3472
f 3473 	3472 	6084
f 3474 	3473 	6083
f 3478 	3477 	6087
f 2898 	2894 	6091
f 7881 	3598 	7882
f 2898 	6091 	6092
f 3598 	3602 	7882
f 3606 	8173 	8172
f 6305 	3403 	6360
f 6093 	3405 	6094
f 3636 	1342 	1341
f 3638 	3637 	1344
f 3481 	3480 	6095
f 3639 	7889 	1345
f 3482 	3481 	6097
f 6097 	6099 	3482
f 3483 	3482 	6099
f 3968 	779 	3969
f 3969 	778 	3967
f 777 	3967 	778
f 1338 	1337 	3632
f 3618 	3633 	780
f 3634 	1340 	1338
f 1341 	1340 	3635
f 3641 	3640 	7899
f 3892 	6307 	3893
f 3639 	3641 	7889
f 7899 	7889 	3641
f 6310 	3894 	6309
f 3621 	7902 	7901
f 3621 	3622 	7902
f 4003 	6312 	6311
f 3626 	7908 	7907
f 3628 	8174 	7911
f 7911 	7908 	3628
f 3626 	3628 	7908
f 6363 	4004 	6311
f 3628 	3629 	8174
f 3630 	8176 	8175
f 3630 	3631 	8176
f 3655 	3656 	1354
f 3657 	1358 	1357
f 3657 	3659 	1358
f 3988 	6366 	6368
f 7915 	1360 	3938
f 799 	3974 	788
f 3988 	6368 	3989
f 3977 	791 	3978
f 3978 	790 	3975
f 788 	3975 	790
f 3995 	6318 	3996
f 3655 	1354 	1351
f 3940 	3939 	7916
f 3938 	3940 	7915
f 7916 	7915 	3940
f 6358 	3401 	6359
f 4001 	6319 	6359
f 6314 	3989 	6368
f 3992 	6313 	6316
f 6317 	3996 	6318
f 3993 	6315 	3995
f 6360 	3400 	6361
f 6365 	6364 	4140
f 6367 	4143 	6364
f 5753 	7003 	458
f 7309 	458 	7003
f 452 	7003 	5753
f 7946 	6331 	7948
f 6330 	7948 	6331
f 6330 	7949 	7948
f 7949 	6332 	7951
f 6335 	7964 	6333
f 7965 	6337 	7966
f 7966 	6336 	7969
f 6339 	7970 	6338
f 7969 	6338 	7970
f 7970 	6339 	7972
f 7972 	6340 	7973
f 6343 	7974 	6341
f 7973 	6341 	7974
f 7974 	6343 	7975
f 6342 	7975 	6343
f 3648 	7929 	7928
f 7929 	3648 	3647
f 7929 	3647 	7930
f 6344 	7977 	6342
f 7975 	6342 	7977
f 7931 	7930 	3649
f 3647 	3649 	7930
f 8178 	7931 	3649
f 3649 	3650 	8178
f 6345 	7979 	6346
f 7978 	6346 	7979
f 6346 	7978 	6344
f 7977 	6344 	7978
f 8184 	3953 	7932
f 6347 	7982 	6345
f 7979 	6345 	7982
f 8187 	3956 	7933
f 3956 	8187 	8177
f 6348 	7983 	6347
f 3606 	5577 	8173
f 8001 	8173 	5577
f 6334 	7957 	6352
f 7982 	6347 	7983
f 7985 	6349 	7987
f 6324 	6326 	7993
f 6327 	8103 	8102
f 8104 	8103 	6328
f 6327 	6328 	8103
f 8104 	6328 	3100
f 8104 	3100 	8105
f 8105 	3100 	3101
f 8105 	3101 	8106
f 8107 	3102 	8108
f 3101 	3103 	8106
f 3102 	3104 	8108
f 8109 	8233 	8110
f 6373 	2320 	8233
f 8110 	8233 	2320
f 6373 	8233 	3997
f 8109 	3997 	8233
f 4000 	3125 	7990
f 7957 	6334 	7944
f 7946 	8045 	6331
f 7992 	8045 	7946
f 1504 	6331 	8045
f 7944 	8048 	7945
f 7944 	7963 	8048
f 769 	3960 	770
f 825 	824 	3607
f 3608 	3607 	824
f 3592 	3608 	771
f 828 	825 	3609
f 3607 	3609 	825
f 3609 	3610 	828
f 3611 	830 	829
f 3611 	3613 	830
f 3614 	7872 	1335
f 3616 	3615 	7875
f 7876 	7875 	3615
f 3614 	3616 	7872
f 3615 	3593 	7876
f 7879 	3596 	7880
f 3596 	3600 	7880
f 7881 	3600 	3598
f 8143 	7885 	3602
f 7885 	7882 	3602
f 3602 	3604 	8143
f 8172 	3605 	3606
f 1334 	830 	3613
f 1335 	1334 	3612
f 1335 	3612 	3614
f 7875 	7872 	3616
f 1344 	1342 	3638
f 3636 	3638 	1342
f 1469 	1468 	6690
f 1469 	6690 	6678
f 1468 	7869 	6690
f 7869 	1468 	1471
f 6809 	1472 	1474
f 6809 	1474 	6807
f 6807 	1474 	1473
f 6809 	7868 	1472
f 1479 	3591 	1473
f 1478 	3606 	1479
f 1478 	5576 	3606
f 1478 	1482 	5576
f 1592 	6321 	1460
f 1483 	1460 	6321
f 1486 	6322 	1456
f 1488 	1464 	6323
f 4440 	1465 	1493
f 6331 	1504 	1505
f 6331 	1505 	6334
f 1505 	1503 	6334
f 7944 	6334 	1503
f 1506 	1504 	8045
f 7963 	1503 	8396
f 1510 	8396 	1503
f 1514 	2752 	1515
f 2369 	1549 	2362
f 1525 	1524 	2386
f 1528 	3729 	1524
f 2720 	2719 	1529
f 1530 	1529 	2719
f 6459 	2720 	1535
f 1533 	1530 	3732
f 2719 	3732 	1530
f 1535 	1534 	3734
f 3734 	498 	1535
f 5 	5363 	1543
f 1547 	5364 	1
f 1548 	3171 	1546
f 3172 	3171 	1548
f 3171 	4296 	1546
f 3172 	1548 	1549
f 1525 	2362 	1549
f 1553 	14 	3382
f 1259 	3382 	14
f 1556 	5365 	8
f 270 	8 	5365
f 1570 	1582 	196
f 1584 	5366 	1582
f 5366 	1584 	5367
f 1583 	5367 	1584
f 5367 	1583 	7883
f 1581 	7883 	1583
# 6274 faces

 #end of obj_0

