# 3ds Max Wavefront OBJ Exporter v0.97b - (c)2007 guruware
# File Created: 06.02.2016 11:12:29

mtllib RomanLegionar.mtl

#
# object Mesh_0168
#

v  -3.9949 124.9279 -1.5690
v  -4.5100 122.8824 2.3739
v  -14.1264 130.8476 -0.5307
v  -8.6993 122.2492 10.6727
v  0.0000 121.6163 5.4452
v  0.0000 116.0926 16.2892
v  -5.2054 117.8478 16.6483
v  -6.1924 125.3435 20.4480
v  0.0000 121.3133 22.3591
v  0.0000 126.6437 22.2699
v  6.1924 125.3435 20.4480
v  5.3883 131.2291 18.0958
v  8.2327 127.8604 12.4730
v  4.3450 130.1360 15.8022
v  8.1284 134.7777 12.2614
v  11.2899 128.4823 9.1219
v  10.4036 143.6950 10.5680
v  14.1257 138.0183 -0.3655
v  12.5547 147.2859 1.1529
v  11.3282 150.7814 4.8155
v  7.9671 150.0252 8.4038
v  7.1786 153.6422 9.5044
v  1.7209 151.0756 11.5804
v  0.0000 154.4561 12.3606
v  0.0000 151.7205 12.1099
v  2.8317 148.8878 17.2694
v  0.0000 149.8034 19.0652
v  3.9512 146.0077 21.1442
v  0.0000 147.3132 23.1324
v  0.0000 139.6216 15.3533
v  6.7689 139.9202 17.3405
v  0.0000 136.3498 20.7072
v  -6.7689 139.9202 17.3405
v  -3.3151 137.7195 22.0106
v  0.0000 137.5242 23.2032
v  -3.9003 141.3699 22.6158
v  -3.9512 146.0077 21.1442
v  0.0000 142.1727 24.4915
v  3.9003 141.3699 22.6158
v  3.3151 137.7195 22.0106
v  -2.8317 148.8878 17.2694
v  -1.7209 151.0756 11.5804
v  -7.1786 153.6422 9.5043
v  -7.9671 150.0252 8.4038
v  -11.3282 150.7814 4.8155
v  -10.4036 143.6950 10.5680
v  -12.5547 147.2859 1.1529
v  -14.1257 138.0183 -0.8592
v  -11.2899 128.4823 9.1219
v  -8.1284 134.7777 12.2614
v  -8.2327 127.8604 12.4730
v  -4.3450 130.1360 15.8022
v  -5.3883 131.2291 18.0958
v  0.0000 132.8483 19.7001
v  0.0000 131.4315 17.0863
v  -5.1774 135.0764 14.7771
v  -7.6426 142.1516 13.0616
v  -6.1227 146.7558 12.4886
v  -3.6614 147.5369 12.8037
v  0.0000 135.6005 16.3716
v  5.1774 135.0764 14.7771
v  7.6427 142.1516 13.0616
v  6.1227 146.7558 12.4886
v  3.6614 147.5369 12.8037
v  -7.8452 132.8011 -7.1811
v  0.0000 131.0355 -10.2444
v  0.0000 125.4100 -3.3077
v  3.9949 124.9279 -1.5690
v  7.8452 132.8011 -7.1811
v  14.1264 130.8476 -0.5307
v  8.6993 122.2492 10.6727
v  5.2054 117.8478 16.6484
v  0.0000 117.4122 20.3843
v  4.5101 122.8825 2.3739
v  2.1779 114.5773 -4.1756
v  -2.0000 114.5918 -4.1753
v  -3.0896 113.6664 0.6428
v  0.0000 112.1408 3.7451
v  3.0896 113.6664 0.6428
v  -17.1235 101.4596 -2.2292
v  -16.2124 107.5359 -8.7974
v  -14.4290 102.4384 -11.0199
v  0.0000 107.6718 -10.5015
v  16.2124 107.5359 -8.7974
v  14.4290 102.4385 -11.0199
v  17.1235 101.4597 -2.2292
v  21.6636 107.7605 -8.1261
v  16.8421 113.3853 -4.1994
v  16.4198 112.3299 0.8544
v  15.4937 106.6172 6.8473
v  0.0000 106.2379 13.2724
v  13.4583 102.5741 9.4554
v  20.1871 106.6763 4.6719
v  30.1457 102.8081 -2.3333
v  30.1457 108.4547 4.6721
v  17.9187 108.8913 -1.8156
v  30.1459 113.0833 1.7082
v  30.1459 113.7948 -3.5607
v  30.1457 107.4660 -8.9525
v  22.0329 113.2327 -4.1186
v  20.7325 112.4476 1.1426
v  43.0312 107.6778 4.7560
v  43.7807 112.0760 2.2514
v  35.7051 110.9435 1.3678
v  35.5785 107.9872 2.5489
v  23.3784 111.2669 -0.8594
v  22.8506 108.4794 1.6270
v  23.3784 106.0663 -1.4277
v  37.4356 104.9609 -2.2212
v  40.4539 103.8320 -1.9626
v  47.4133 104.2936 -1.0312
v  46.9740 107.6166 4.3615
v  47.0917 112.0092 1.7066
v  47.3645 112.2305 -3.0388
v  41.9529 112.8255 -2.7579
v  37.7320 111.5972 -2.6807
v  23.3784 108.9763 -4.3515
v  38.4804 108.6669 -5.2796
v  41.4472 108.4282 -6.6133
v  47.7822 107.8531 -6.1035
v  0.0000 46.5308 -13.0817
v  -7.8874 46.5308 -11.5014
v  -8.6541 63.2061 -13.7327
v  -15.1187 63.2061 -6.3507
v  -14.0643 46.5304 -6.0343
v  -15.1237 46.7148 3.3850
v  -15.4198 63.2061 3.7141
v  -8.6688 46.6913 10.2358
v  -8.7447 63.2061 11.5028
v  0.0000 46.7597 13.2517
v  0.0000 63.2061 14.1807
v  0.0000 75.2843 13.4054
v  -8.7081 75.2843 10.8161
v  -14.1244 75.2843 3.2903
v  -13.2429 75.2843 -4.8138
v  -7.6321 75.2843 -10.4341
v  0.0000 75.2843 -11.2787
v  0.0000 63.2061 -15.4555
v  8.6541 63.2061 -13.7327
v  7.6321 75.2843 -10.4341
v  15.1187 63.2061 -6.3507
v  13.2429 75.2843 -4.8138
v  15.4198 63.2061 3.7141
v  14.1244 75.2843 3.2903
v  8.7080 75.2843 10.8161
v  8.7447 63.2061 11.5028
v  8.6688 46.6913 10.2358
v  15.1237 46.7148 3.3850
v  14.0642 46.5304 -6.0343
v  7.8874 46.5308 -11.5014
v  2.6918 2.4194 24.0550
v  8.6242 2.4194 29.2845
v  7.5527 8.0270 22.3499
v  15.9480 2.4194 25.1625
v  14.9896 6.7196 20.5157
v  19.5433 2.4194 18.9246
v  18.7155 2.4194 9.2740
v  13.5670 7.5961 8.3601
v  5.8202 8.6537 8.1848
v  0.4816 2.4194 12.3259
v  0.9957 -1.2026 11.6390
v  2.6914 -1.2026 25.3295
v  9.2097 -1.2026 29.8672
v  16.5708 -1.2026 25.2087
v  19.8207 -1.2026 18.8379
v  19.4832 -1.2026 11.9343
v  10.5476 -1.2026 -15.6232
v  10.4442 2.4194 -14.9342
v  4.5550 -1.2026 -14.9234
v  4.2560 2.4194 -14.1237
v  75.2006 110.9453 2.7788
v  77.1203 103.3049 7.1007
v  77.9408 103.3217 2.4574
v  74.1818 97.8680 2.9295
v  73.6872 98.5608 7.1711
v  70.7087 99.7710 7.7771
v  67.0465 97.8189 7.2253
v  65.9893 96.2516 -0.5117
v  66.4650 100.9638 0.9860
v  66.7107 101.8875 4.9643
v  69.0623 102.9535 -0.0483
v  65.6011 99.5479 7.9952
v  64.0583 103.8650 7.0042
v  67.8812 100.8866 10.5276
v  65.6285 105.5658 9.3356
v  69.5756 104.4530 7.3609
v  67.5196 109.2305 6.7771
v  73.2600 109.9158 6.6618
v  68.9190 98.1706 11.8153
v  66.1418 96.9110 9.1178
v  -20.1871 106.6763 4.6719
v  -15.4937 106.6172 6.8473
v  -16.4198 112.3299 0.8544
v  -20.7325 112.4476 1.1426
v  -16.8421 113.3853 -4.1994
v  -22.0329 113.2327 -4.1186
v  -21.6636 107.7605 -8.1261
v  -30.1457 107.4660 -8.9525
v  -30.1459 113.7948 -3.5607
v  -17.9187 108.8912 -1.8156
v  -30.1457 102.8081 -2.3333
v  -13.4583 102.5741 9.4554
v  -30.1457 108.4547 4.6721
v  -30.1460 113.0834 1.7082
v  -9.6737 33.9867 -2.7158
v  -7.4197 50.3151 -6.6208
v  -6.6142 34.0502 -2.9775
v  -4.0890 48.8408 -1.6537
v  -3.0620 52.7727 -1.6627
v  -5.8748 33.0993 -0.3120
v  -5.4963 30.2434 -0.3590
v  -4.5225 26.0195 -8.4314
v  -12.9982 26.7316 -7.8345
v  -11.3629 30.3434 -0.3357
v  -10.8857 33.2783 -0.5337
v  -8.4570 30.7477 3.0261
v  -8.5515 34.4407 3.4777
v  -8.7725 51.9621 3.9794
v  -13.6118 52.7003 -2.7194
v  -7.3299 53.5889 -7.3642
v  0.0000 54.4225 -9.4212
v  0.0000 52.7727 -1.6627
v  3.0619 52.7727 -1.6627
v  7.3299 53.5889 -7.3642
v  7.4197 50.3151 -6.6208
v  13.6118 52.7003 -2.7194
v  9.6737 33.9867 -2.7158
v  10.8857 33.2783 -0.5337
v  8.7724 51.9621 3.9794
v  8.5515 34.4407 3.4777
v  8.4570 30.7477 3.0261
v  11.3629 30.3434 -0.3357
v  12.9982 26.7316 -7.8345
v  6.6141 34.0502 -2.9775
v  4.5224 26.0195 -8.4314
v  5.4963 30.2434 -0.3590
v  5.8748 33.0993 -0.3120
v  4.0890 48.8407 -1.6537
v  -67.0466 97.8189 7.2253
v  -66.7109 101.8876 4.9645
v  -65.6011 99.5480 7.9953
v  -64.0583 103.8649 7.0043
v  -67.8811 100.8865 10.5276
v  -65.6285 105.5658 9.3356
v  -69.5756 104.4530 7.3609
v  -67.5196 109.2305 6.7771
v  -73.2600 109.9158 6.6618
v  -77.1203 103.3049 7.1007
v  -75.2006 110.9453 2.7788
v  -66.0918 111.3384 0.4849
v  -72.3983 110.8657 -8.6986
v  -65.5715 110.1036 -7.8723
v  -71.6677 104.6490 -9.5899
v  -65.2157 105.7712 -8.6486
v  -59.9811 107.7967 -4.3591
v  -59.9810 110.7289 -2.5522
v  -59.9811 110.7290 0.4593
v  -59.9811 107.7967 2.2662
v  -59.9810 105.7014 -0.8784
v  -69.0623 102.9535 -0.0483
v  5.7012 198.1330 -0.3422
v  2.0697 173.7546 8.2236
v  2.0717 174.5097 -1.6418
v  2.0717 173.5286 -10.1479
v  5.7012 194.3728 -19.9344
v  5.7012 181.5986 -34.0157
v  2.0717 169.2439 -17.8070
v  5.7012 162.4285 -39.2756
v  2.0717 162.6226 -21.7659
v  2.0641 150.9968 -21.5435
v  5.7012 142.5822 -34.7662
v  -5.7222 142.5822 -34.7662
v  -2.0879 150.9969 -21.5435
v  9.5218 63.3916 12.2055
v  16.7901 63.3916 3.7247
v  8.9090 70.5400 11.3291
v  14.9217 70.5400 3.5415
v  14.2426 70.5400 -5.4844
v  15.8689 63.3916 -6.6342
v  8.1858 70.5400 -11.8973
v  9.0836 63.3916 -14.3825
v  0.0000 70.5400 -13.0950
v  0.0000 63.3916 -16.1908
v  -9.0836 63.3916 -14.3825
v  -8.1858 70.5400 -11.8973
v  -15.8689 63.3916 -6.6342
v  -14.2427 70.5400 -5.4844
v  -16.7901 63.3916 3.7247
v  -14.9217 70.5400 3.5415
v  -8.9090 70.5400 11.3291
v  -9.5218 63.3916 12.2055
v  -37.7320 111.5972 -2.6807
v  -41.9528 112.8254 -2.7579
v  -35.7051 110.9435 1.3678
v  -23.3784 111.2669 -0.8594
v  -35.5786 107.9873 2.5489
v  -22.8506 108.4795 1.6270
v  -23.3784 106.0663 -1.4277
v  -37.4356 104.9609 -2.2212
v  -40.4539 103.8320 -1.9626
v  -43.0312 107.6779 4.7560
v  -43.7807 112.0760 2.2514
v  -47.3645 112.2305 -3.0388
v  -41.4472 108.4282 -6.6133
v  -47.7822 107.8531 -6.1035
v  -47.4133 104.2936 -1.0312
v  -38.4804 108.6669 -5.2796
v  -23.3784 108.9763 -4.3515
v  -46.9740 107.6166 4.3615
v  -47.0917 112.0092 1.7066
v  -66.4650 100.9638 0.9860
v  -65.9893 96.2516 -0.5117
v  -74.1817 97.8679 2.9295
v  -68.8576 97.5629 -8.4546
v  -67.7565 101.4766 -9.0966
v  -71.7807 102.8144 -9.3445
v  -2.6919 2.4194 24.0550
v  -7.5527 8.0270 22.3499
v  -8.6242 2.4194 29.2845
v  -15.9480 2.4194 25.1625
v  -14.9896 6.7196 20.5157
v  -19.5433 2.4194 18.9246
v  -18.7155 2.4194 9.2740
v  -13.5670 7.5961 8.3601
v  -5.8202 8.6537 8.1848
v  -0.4816 2.4194 12.3259
v  -0.9957 -1.2026 11.6390
v  -2.6914 -1.2026 25.3295
v  -9.2097 -1.2026 29.8672
v  -16.5708 -1.2026 25.2087
v  -19.8207 -1.2026 18.8379
v  -19.4832 -1.2026 11.9343
v  -10.5476 -1.2026 -15.6232
v  -10.4442 2.4194 -14.9342
v  -4.5550 -1.2026 -14.9234
v  -4.2560 2.4194 -14.1237
v  12.4910 142.5163 -4.0248
v  21.2118 142.2411 -3.1407
v  18.5920 137.6544 -2.5556
v  59.9810 110.7290 -2.5522
v  59.9811 110.7290 0.4593
v  66.0918 111.3384 0.4849
v  65.5715 110.1036 -7.8724
v  72.3983 110.8657 -8.6986
v  71.6677 104.6490 -9.5899
v  76.9346 105.9268 -8.7437
v  71.7807 102.8144 -9.3445
v  75.8717 99.0824 -8.7961
v  68.8576 97.5629 -8.4546
v  67.7565 101.4766 -9.0966
v  -2.0928 173.7545 8.2236
v  -5.0697 193.6127 22.9573
v  -5.7222 198.1330 -0.3422
v  -2.0945 174.5097 -1.6418
v  -2.0945 173.5286 -10.1479
v  -5.7222 194.3728 -19.9344
v  -5.7222 181.5986 -34.0157
v  -2.0945 169.2439 -17.8070
v  -5.7222 162.4285 -39.2756
v  -2.0945 162.6226 -21.7659
v  59.9810 105.7014 -0.8784
v  59.9811 107.7967 2.2662
v  65.2157 105.7712 -8.6486
v  59.9811 107.7967 -4.3591
v  -15.7483 148.5503 -0.0896
v  -12.4910 142.5163 -4.0248
v  -20.4101 147.4681 -1.6970
v  -21.2118 142.2411 -3.1407
v  -18.5920 137.6544 -2.5556
v  15.7483 148.5503 -0.0896
v  20.4101 147.4681 -1.6970
v  8.1345 143.0956 -7.7879
v  0.0000 143.8240 -10.7664
v  -8.1345 143.0956 -7.7879
v  5.1290 6.0076 -12.2709
v  10.0118 5.8890 -11.5766
v  9.7329 7.3921 -9.1222
v  10.9151 7.8148 -2.7147
v  8.3714 8.0918 -1.3984
v  5.9044 8.3315 -2.0000
v  5.8622 7.5819 -8.6655
v  -5.1290 6.0076 -12.2709
v  -10.0118 5.8890 -11.5766
v  -9.7329 7.3921 -9.1222
v  -10.9151 7.8148 -2.7147
v  -8.3714 8.0918 -1.3984
v  -5.9044 8.3315 -2.0000
v  -5.8622 7.5819 -8.6655
v  4.9476 22.6106 -2.3758
v  3.8274 23.0760 -8.7070
v  8.7796 23.1468 -10.9956
v  13.8122 22.9025 -8.5896
v  12.3822 22.6138 -2.4845
v  8.3765 22.4253 -0.4596
v  -4.9476 22.6106 -2.3758
v  -8.3765 22.4253 -0.4596
v  -12.3823 22.6138 -2.4845
v  -13.8122 22.9025 -8.5896
v  -8.7796 23.1468 -10.9956
v  -3.8274 23.0760 -8.7070
v  -75.8717 99.0824 -8.7961
v  -77.9408 103.3217 2.4574
v  -76.9346 105.9268 -8.7437
v  -73.6873 98.5608 7.1711
v  -70.7087 99.7709 7.7771
v  -68.9190 98.1706 11.8153
v  -66.1418 96.9110 9.1178
v  0.0000 63.3916 15.1214
v  0.0000 70.7742 13.6949
v  0.0000 50.1817 16.3341
v  -10.3442 50.1386 12.9390
v  -18.1381 50.1534 4.2736
v  -17.3029 50.0373 -7.2808
v  -9.8016 50.0376 -14.8479
v  0.0000 50.0376 -16.8056
v  9.8016 50.0376 -14.8479
v  17.3028 50.0373 -7.2808
v  18.1381 50.1534 4.2736
v  10.3442 50.1386 12.9390
v  5.0487 193.6127 22.9573
# 420 vertices

vn -0.5927 -0.4875 -0.6411
vn -0.7215 -0.6846 -0.1040
vn -0.8925 -0.3478 -0.2872
vn -0.7287 -0.6819 -0.0631
vn 0.0000 -0.9699 0.2434
vn 0.0000 -0.9960 -0.0896
vn -0.6330 -0.7539 0.1758
vn -0.9042 -0.2818 0.3211
vn -0.7106 0.0109 0.7036
vn 0.0000 -0.3104 0.9506
vn 0.0000 0.2270 0.9739
vn 0.7106 0.0109 0.7036
vn 0.5602 0.7953 0.2319
vn 0.8470 0.0644 0.5277
vn 0.4969 0.8293 0.2555
vn 0.6700 -0.0085 0.7423
vn 0.8864 -0.1392 0.4415
vn 0.7931 0.1849 0.5803
vn 0.9847 -0.0136 -0.1738
vn 0.9609 0.1006 0.2579
vn 0.8596 0.1743 0.4804
vn 0.6192 0.2447 0.7461
vn 0.5099 -0.1148 0.8526
vn 0.5333 0.4128 0.7383
vn 0.0000 -0.0509 0.9987
vn 0.0000 0.5076 0.8616
vn 0.7079 0.6773 0.2002
vn 0.1139 0.8884 0.4447
vn 0.7196 0.4518 0.5274
vn 0.0000 0.5922 0.8058
vn 0.0000 -0.8345 0.5510
vn 0.8548 -0.5189 -0.0038
vn 0.0000 -0.9986 -0.0527
vn -0.8548 -0.5189 -0.0038
vn -0.5608 -0.6596 0.5003
vn 0.0000 -0.6038 0.7972
vn -0.6688 -0.0105 0.7434
vn -0.7196 0.4518 0.5274
vn 0.0000 0.0332 0.9994
vn 0.6688 -0.0105 0.7434
vn 0.5609 -0.6596 0.5003
vn -0.7079 0.6773 0.2002
vn -0.4329 0.8690 0.2395
vn -0.5333 0.4128 0.7383
vn -0.5099 -0.1148 0.8526
vn -0.6192 0.2447 0.7461
vn -0.8596 0.1743 0.4804
vn -0.7950 0.1833 0.5782
vn -0.9622 0.0937 0.2556
vn -0.9779 -0.0198 -0.2081
vn -0.8874 -0.1372 0.4402
vn -0.6700 -0.0085 0.7423
vn -0.8470 0.0644 0.5277
vn -0.4969 0.8293 0.2555
vn -0.5602 0.7953 0.2319
vn 0.1959 0.9799 0.0370
vn 0.0000 0.9325 0.3611
vn -0.4693 0.0948 0.8779
vn -0.7522 0.0373 0.6578
vn -0.6049 0.5613 0.5649
vn -0.5720 0.6843 0.4523
vn 0.0000 0.2082 0.9781
vn 0.4693 0.0948 0.8779
vn 0.7522 0.0373 0.6578
vn 0.6049 0.5613 0.5649
vn 0.5720 0.6843 0.4523
vn -0.3634 0.3565 0.8607
vn -0.5292 -0.3208 -0.7855
vn 0.0000 -0.4248 -0.9053
vn -0.0009 -0.4436 -0.8962
vn 0.5950 -0.4830 -0.6424
vn 0.5367 -0.3158 -0.7824
vn 0.8908 -0.3422 -0.2990
vn 0.7780 -0.6283 0.0032
vn 0.6330 -0.7539 0.1758
vn 0.0000 -0.7018 0.7123
vn 0.7238 -0.6828 -0.0997
vn 0.6217 0.0007 -0.7833
vn -0.6069 0.0013 -0.7948
vn -0.9382 -0.1523 0.3109
vn 0.0000 -0.1766 0.9843
vn 0.9327 -0.1547 0.3257
vn -0.3451 -0.6687 -0.6586
vn -0.3178 0.2095 -0.9247
vn -0.5721 0.1513 -0.8061
vn -0.0001 0.6116 -0.7911
vn -0.0589 0.8479 -0.5269
vn 0.0610 0.8505 -0.5225
vn 0.8094 -0.1559 -0.5662
vn 0.5721 0.1513 -0.8061
vn 0.4382 -0.6345 -0.6367
vn -0.1138 0.7214 0.6831
vn -0.3646 -0.1611 -0.9171
vn -0.0150 0.8612 0.5081
vn 0.0486 0.6140 -0.7878
vn 0.0803 0.9221 0.3785
vn -0.0942 -0.9729 -0.2110
vn 0.0254 0.6610 0.7500
vn 0.0000 0.8294 0.5586
vn 0.5545 0.2658 0.7886
vn 0.0000 0.7866 0.6174
vn 0.6255 0.1755 0.7602
vn 0.3242 -0.7674 0.5532
vn 0.1802 -0.2108 0.9608
vn 0.8148 -0.4866 0.3153
vn 0.2517 0.3729 0.8931
vn 0.9161 0.2099 0.3417
vn -0.3932 0.4958 0.7743
vn -0.0352 -0.7793 0.6257
vn 0.6285 -0.7511 -0.2022
vn 0.7902 -0.0202 -0.6125
vn 0.0473 0.0844 -0.9953
vn 0.0776 -0.9880 -0.1334
vn -0.0607 0.3700 0.9271
vn -0.0867 0.5372 0.8390
vn 0.0266 0.9877 0.1540
vn 0.0299 0.5893 -0.8074
vn 0.8575 -0.4207 -0.2960
vn -0.0787 -0.2369 0.9683
vn -0.0084 0.8240 0.5666
vn -0.1588 0.7735 0.6136
vn -0.2119 -0.2999 0.9301
vn -0.0805 0.9803 0.1802
vn -0.0749 -0.0746 0.9944
vn -0.0657 -0.8045 0.5903
vn -0.2383 -0.8594 0.4525
vn -0.1673 -0.8533 0.4938
vn 0.0057 -0.8613 0.5080
vn 0.1055 -0.2758 0.9554
vn 0.0943 0.8803 0.4651
vn 0.0907 0.8923 -0.4422
vn -0.0879 0.9403 -0.3288
vn -0.1669 0.8996 -0.4035
vn -0.0911 0.6755 -0.7317
vn -0.2394 0.0291 -0.9705
vn -0.1424 -0.0454 -0.9888
vn 0.0581 -0.2227 -0.9731
vn 0.0575 -0.7718 -0.6332
vn -0.0441 -0.6803 -0.7316
vn -0.1126 -0.6134 -0.7817
vn 0.0951 0.7056 0.7022
vn 0.0000 -0.1414 -0.9900
vn -0.4646 -0.1127 -0.8783
vn -0.4860 0.0734 -0.8709
vn -0.9186 0.0642 -0.3900
vn -0.8834 -0.0647 -0.4641
vn -0.9450 -0.0414 0.3244
vn -0.9457 0.0375 0.3229
vn -0.5551 -0.0562 0.8299
vn -0.5864 -0.0159 0.8099
vn -0.3161 -0.0674 0.9463
vn -0.2924 -0.0539 0.9548
vn 0.2923 -0.0613 -0.9544
vn -0.2666 0.0413 0.9629
vn -0.5672 0.0696 0.8207
vn -0.9613 0.1119 0.2518
vn -0.9008 0.1706 -0.3992
vn -0.4405 0.2559 -0.8605
vn 0.0000 0.2931 -0.9561
vn 0.0000 0.0930 -0.9957
vn 0.4860 0.0734 -0.8709
vn 0.4405 0.2559 -0.8605
vn 0.9186 0.0642 -0.3900
vn 0.9008 0.1706 -0.3992
vn 0.9457 0.0375 0.3229
vn 0.9613 0.1119 0.2518
vn 0.5672 0.0696 0.8207
vn 0.5864 -0.0159 0.8099
vn 0.2846 0.0553 0.9571
vn -0.2923 -0.0613 -0.9544
vn 0.0047 -0.9999 0.0155
vn 0.3161 -0.0674 0.9463
vn 0.5551 -0.0562 0.8299
vn 0.9450 -0.0414 0.3244
vn 0.8834 -0.0647 -0.4641
vn 0.4646 -0.1127 -0.8783
vn -0.8273 0.3945 0.4000
vn -0.0332 0.7746 0.6315
vn -0.2190 0.9053 0.3641
vn 0.4535 0.7105 0.5381
vn 0.4734 0.8368 0.2752
vn 0.7024 0.7034 0.1090
vn 0.7237 0.6827 -0.1012
vn 0.5434 0.8373 -0.0600
vn -0.3182 0.9439 0.0882
vn -0.9622 0.2665 0.0563
vn -0.9929 -0.1191 -0.0024
vn -0.8343 0.1453 0.5319
vn -0.1227 0.1795 0.9761
vn 0.0115 0.1413 0.9899
vn 0.6974 0.1454 0.7018
vn 0.7329 0.1182 0.6700
vn 0.9713 0.0959 0.2174
vn 0.9766 0.0699 0.2032
vn 0.9855 0.0864 -0.1461
vn 0.9691 0.0310 -0.2449
vn 0.5032 0.1689 -0.8475
vn 0.5511 0.1758 -0.8157
vn -0.1228 0.1967 -0.9727
vn -0.1271 0.2038 -0.9707
vn 0.5636 0.8066 0.1784
vn 0.7364 -0.0591 0.6739
vn 0.9903 -0.1135 0.0804
vn 0.5129 -0.8523 0.1028
vn 0.4003 -0.6565 0.6393
vn 0.2982 -0.0163 0.9544
vn -0.4639 -0.8085 0.3620
vn -0.6762 -0.7358 -0.0357
vn -0.9060 0.4217 -0.0366
vn -0.9835 0.1802 0.0189
vn -0.6222 0.7775 -0.0920
vn -0.2415 -0.8298 -0.5031
vn -0.9663 -0.2546 0.0375
vn -0.7308 -0.3842 -0.5642
vn -0.9109 -0.2983 0.2850
vn -0.0323 0.2895 0.9566
vn -0.2787 0.2964 0.9135
vn 0.3042 0.2285 0.9248
vn -0.0999 0.6984 0.7087
vn 0.2261 0.6654 0.7115
vn 0.3016 -0.3850 0.8722
vn -0.5187 -0.8361 0.1783
vn 0.4816 -0.8667 -0.1301
vn -0.1802 -0.2108 0.9608
vn -0.5545 0.2658 0.7886
vn -0.0636 0.8632 0.5008
vn 0.0655 0.8301 0.5538
vn -0.0534 0.9308 -0.3616
vn 0.0174 0.9197 -0.3923
vn 0.0134 -0.0351 -0.9993
vn -0.7902 -0.0202 -0.6125
vn -0.8835 0.4575 -0.1009
vn -0.9998 -0.0152 -0.0111
vn -0.8575 -0.4207 -0.2960
vn -0.0816 0.9286 0.3621
vn -0.6255 0.1755 0.7602
vn -0.3242 -0.7674 0.5532
vn -0.8148 -0.4866 0.3153
vn -0.8342 0.0380 0.5502
vn -0.8854 0.4039 0.2299
vn -0.6133 0.1756 -0.7701
vn 0.1556 -0.1968 -0.9680
vn 0.6553 0.1568 -0.7389
vn 0.8113 -0.1437 -0.5667
vn 0.4098 -0.8002 -0.4378
vn 0.9659 0.0305 -0.2570
vn 0.9819 0.1879 -0.0226
vn 0.6615 0.4549 -0.5962
vn -0.7077 0.4843 -0.5143
vn -0.9169 0.1508 0.3696
vn -0.9983 0.0119 0.0576
vn -0.0072 -0.1155 0.9933
vn -0.0513 -0.0807 0.9954
vn -0.8451 0.3897 -0.3660
vn -0.9078 -0.1203 -0.4018
vn 0.4089 -0.5595 -0.7209
vn 0.0000 -0.9228 0.3854
vn 0.0000 -0.9781 -0.2080
vn -0.4098 -0.8002 -0.4378
vn -0.4089 -0.5595 -0.7209
vn -0.1556 -0.1968 -0.9680
vn 0.9078 -0.1203 -0.4018
vn 0.6133 0.1756 -0.7701
vn 0.9983 0.0119 0.0575
vn 0.7599 0.6497 0.0238
vn 0.0513 -0.0807 0.9954
vn 0.0071 -0.1155 0.9933
vn 0.9169 0.1508 0.3696
vn 0.7077 0.4844 -0.5143
vn -0.6553 0.1568 -0.7389
vn -0.6615 0.4549 -0.5962
vn -0.9819 0.1879 -0.0226
vn -0.9659 0.0305 -0.2570
vn -0.8113 -0.1437 -0.5667
vn 0.2415 -0.8298 -0.5031
vn 0.7308 -0.3842 -0.5642
vn 0.9663 -0.2546 0.0375
vn 0.9109 -0.2984 0.2850
vn 0.0323 0.2895 0.9566
vn 0.2787 0.2964 0.9135
vn -0.3042 0.2285 0.9248
vn 0.0999 0.6984 0.7087
vn -0.2261 0.6654 0.7115
vn -0.7364 -0.0591 0.6739
vn -0.5636 0.8066 0.1784
vn 0.0512 0.9923 0.1126
vn -0.2201 0.7350 -0.6414
vn 0.2988 0.6547 -0.6944
vn -0.0653 0.0451 -0.9968
vn 0.3180 0.1924 -0.9283
vn 0.5980 0.3549 -0.7186
vn 0.2677 0.9128 -0.3084
vn 0.2610 0.9027 0.3420
vn 0.7784 0.0609 0.6249
vn 0.7945 -0.5212 0.3117
vn 0.5189 -0.8500 -0.0910
vn 0.3183 -0.9280 -0.1937
vn 0.7298 -0.5133 -0.4515
vn 0.7190 0.6950 0.0075
vn 0.7444 -0.4690 0.4753
vn 0.9884 -0.1521 0.0038
vn 0.9869 -0.1500 0.0593
vn 0.6999 0.6389 -0.3195
vn 0.7020 0.3691 -0.6090
vn 0.9821 -0.1275 0.1385
vn 0.7205 0.0071 -0.6935
vn 0.9768 -0.0681 0.2032
vn 0.7094 -0.5033 0.4934
vn 0.6228 -0.7340 -0.2709
vn 0.0000 -0.8437 0.5369
vn 0.5447 0.1158 0.8306
vn 0.9418 0.1653 0.2927
vn 0.5390 0.1718 0.8246
vn 0.9243 0.2490 0.2893
vn 0.8845 0.2668 -0.3827
vn 0.8981 0.1838 -0.3995
vn 0.4549 0.3331 -0.8259
vn 0.4779 0.2026 -0.8547
vn 0.0000 0.3740 -0.9274
vn 0.0000 0.2206 -0.9754
vn -0.4779 0.2026 -0.8547
vn -0.4549 0.3331 -0.8259
vn -0.8981 0.1838 -0.3995
vn -0.8845 0.2668 -0.3827
vn -0.9418 0.1653 0.2927
vn -0.9243 0.2490 0.2893
vn -0.5390 0.1718 0.8246
vn -0.5447 0.1158 0.8306
vn 0.1669 0.8996 -0.4035
vn 0.0879 0.9403 -0.3288
vn 0.1588 0.7735 0.6136
vn 0.0805 0.9803 0.1802
vn 0.2119 -0.2999 0.9301
vn 0.0749 -0.0746 0.9944
vn 0.0657 -0.8045 0.5903
vn 0.2382 -0.8594 0.4525
vn 0.1673 -0.8533 0.4938
vn 0.0787 -0.2369 0.9683
vn 0.0084 0.8240 0.5666
vn -0.0907 0.8923 -0.4422
vn 0.1424 -0.0454 -0.9888
vn -0.0581 -0.2227 -0.9731
vn -0.0575 -0.7718 -0.6332
vn 0.0441 -0.6803 -0.7316
vn 0.2394 0.0291 -0.9705
vn 0.1112 -0.6213 -0.7756
vn 0.1274 0.1024 -0.9865
vn 0.0951 -0.7056 -0.7022
vn -0.0057 -0.8613 0.5080
vn -0.1055 -0.2758 0.9554
vn -0.0943 0.8802 0.4651
vn 0.6222 0.7775 -0.0920
vn 0.9834 0.1802 0.0189
vn 0.9060 0.4217 -0.0366
vn 0.4640 -0.8085 0.3620
vn 0.6762 -0.7358 -0.0357
vn -0.5129 -0.8523 0.1028
vn 0.2999 -0.7176 -0.6285
vn 0.7972 0.5576 -0.2314
vn 0.8608 0.4386 -0.2583
vn 0.9558 -0.0960 -0.2780
vn 0.8273 0.3945 0.4000
vn 0.2190 0.9053 0.3641
vn 0.0332 0.7746 0.6315
vn -0.4535 0.7105 0.5381
vn -0.4734 0.8368 0.2752
vn -0.7024 0.7034 0.1090
vn -0.7237 0.6827 -0.1012
vn -0.4603 0.8863 -0.0518
vn 0.3636 0.9314 0.0155
vn 0.9622 0.2665 0.0563
vn 0.9929 -0.1191 -0.0024
vn 0.8343 0.1453 0.5319
vn 0.1227 0.1795 0.9761
vn -0.0115 0.1413 0.9899
vn -0.6974 0.1454 0.7018
vn -0.7329 0.1182 0.6700
vn -0.9713 0.0959 0.2174
vn -0.9766 0.0699 0.2032
vn -0.9855 0.0864 -0.1461
vn -0.9691 0.0310 -0.2449
vn -0.5032 0.1689 -0.8475
vn -0.5511 0.1758 -0.8157
vn 0.1228 0.1967 -0.9727
vn 0.1271 0.2038 -0.9707
vn -0.0904 0.3369 -0.9372
vn 0.9733 -0.0967 -0.2082
vn 0.8367 -0.3849 0.3895
vn 0.3723 0.6634 0.6491
vn -0.2677 0.9128 -0.3084
vn -0.2610 0.9027 0.3420
vn -0.0512 0.9923 0.1126
vn -0.2988 0.6547 -0.6944
vn 0.2201 0.7350 -0.6414
vn 0.0653 0.0451 -0.9968
vn 0.7497 0.2135 -0.6264
vn 0.0767 -0.1084 -0.9911
vn 0.5674 -0.5601 -0.6036
vn -0.2999 -0.7176 -0.6285
vn -0.0064 -0.1636 -0.9865
vn -0.9887 -0.1495 -0.0066
vn -0.9891 -0.1476 -0.0009
vn -0.9883 -0.1524 0.0111
vn -0.9884 -0.1520 0.0037
vn -0.9869 -0.1499 0.0593
vn -0.9878 -0.1395 0.0691
vn -0.9856 -0.0937 0.1409
vn -0.9821 -0.1274 0.1384
vn -0.9788 -0.0158 0.2042
vn -0.9768 -0.0680 0.2031
vn -0.9753 0.0297 0.2190
vn -0.9710 0.0530 0.2332
vn -0.7299 -0.5132 -0.4515
vn -0.7945 -0.5212 0.3117
vn -0.3183 -0.9280 -0.1937
vn -0.5189 -0.8500 -0.0910
vn -0.7784 0.0609 0.6249
vn -0.7972 0.5576 -0.2314
vn -0.8608 0.4386 -0.2583
vn -0.9558 -0.0960 -0.2780
vn -0.1986 -0.9542 -0.2238
vn -0.2919 -0.9249 -0.2435
vn -0.6021 -0.6840 -0.4118
vn -0.3180 0.1924 -0.9283
vn -0.5980 0.3549 -0.7186
vn -0.4851 -0.6461 0.5892
vn -0.0977 -0.4285 -0.8983
vn 0.0063 0.4336 -0.9011
vn 0.1365 0.5918 -0.7944
vn -0.7931 0.0051 -0.6090
vn 0.2728 0.2170 -0.9373
vn -0.4330 -0.0805 0.8978
vn 0.3222 -0.6204 -0.7151
vn -0.5259 -0.8480 -0.0655
vn -0.3549 -0.1224 0.9268
vn -0.4033 -0.1283 0.9060
vn -0.4851 0.6461 -0.5892
vn -0.2826 0.6264 -0.7265
vn 0.7656 0.6397 0.0681
vn 0.3715 -0.1198 0.9207
vn 0.4247 -0.0890 0.9009
vn 0.3901 -0.0841 0.9169
vn 0.5751 -0.3802 -0.7243
vn 0.5292 -0.1096 -0.8414
vn 0.0000 -0.0566 -0.9984
vn -0.5201 -0.0990 -0.8483
vn -0.5995 -0.3034 -0.7407
vn -0.8502 0.2583 -0.4588
vn -0.9898 -0.0524 -0.1326
vn -0.4959 0.6980 -0.5166
vn 0.4004 0.6050 -0.6882
vn 0.5062 0.7037 -0.4986
vn 0.5133 0.7625 -0.3939
vn 0.7277 0.6632 -0.1750
vn -0.1054 -0.9944 0.0056
vn -0.1108 -0.9937 0.0188
vn -0.1357 -0.9905 0.0219
vn -0.9959 0.0742 -0.0522
vn -0.7680 0.6399 -0.0266
vn -0.5753 0.7810 -0.2428
vn 0.9898 -0.0524 -0.1326
vn 0.8502 0.2583 -0.4588
vn 0.4959 0.6980 -0.5166
vn -0.4004 0.6050 -0.6882
vn -0.5062 0.7037 -0.4986
vn -0.5133 0.7625 -0.3939
vn -0.5710 0.8104 -0.1309
vn -0.1108 0.9937 -0.0188
vn 0.5879 0.8071 -0.0536
vn 0.5753 0.7810 -0.2428
vn -0.2672 0.6967 -0.6657
vn -0.8628 0.3390 -0.3750
vn -0.7526 0.4332 -0.4959
vn -0.8363 0.3393 0.4307
vn -0.5262 0.3442 0.7776
vn -0.3976 0.5435 0.7393
vn -0.1641 0.5602 0.8119
vn 0.0000 0.5662 0.8242
vn 0.3976 0.5435 0.7393
vn 0.1641 0.5602 0.8119
vn 0.8363 0.3393 0.4307
vn 0.5262 0.3442 0.7776
vn 0.8628 0.3390 -0.3750
vn 0.7526 0.4332 -0.4959
vn 0.2672 0.6967 -0.6657
vn -0.9841 0.0243 0.1759
vn -0.8672 0.1861 -0.4618
vn 0.0205 0.5054 -0.8626
vn 0.8685 0.2377 -0.4349
vn 0.8514 -0.0924 0.5164
vn -0.0249 -0.3860 0.9222
vn -0.5579 -0.2784 0.7818
vn -0.7497 -0.0347 0.6609
vn -0.7927 0.0011 0.6097
vn -0.7739 -0.0142 0.6331
vn 0.7040 0.1823 -0.6864
vn 0.4038 0.5727 -0.7135
vn 0.0000 0.8001 -0.5998
vn 0.0000 0.8352 -0.5500
vn -0.4038 0.5727 -0.7135
vn -0.6679 0.2220 -0.7103
vn 0.7665 -0.0087 0.6421
vn 0.7927 0.0011 0.6097
vn 0.7497 -0.0347 0.6609
vn 0.5579 -0.2784 0.7818
vn 0.0249 -0.3860 0.9222
vn -0.8514 -0.0924 0.5164
vn -0.8685 0.2377 -0.4349
vn -0.0205 0.5054 -0.8626
vn 0.8672 0.1861 -0.4618
vn 0.9841 0.0243 0.1759
vn 0.0000 -1.0000 -0.0000
vn -0.0767 -0.1084 -0.9911
vn 0.0064 -0.1636 -0.9865
vn -0.5674 -0.5601 -0.6036
vn -0.9903 -0.1135 0.0804
vn -0.7497 0.2135 -0.6264
vn -0.4003 -0.6565 0.6393
vn -0.2982 -0.0163 0.9544
vn -0.3016 -0.3850 0.8722
vn 0.5188 -0.8361 0.1783
vn -0.4816 -0.8667 -0.1300
vn 0.1986 -0.9542 -0.2238
vn 0.2919 -0.9249 -0.2435
vn 0.6021 -0.6840 -0.4118
vn -0.2818 0.1255 0.9512
vn -0.2568 0.1834 0.9489
vn -0.3033 0.0782 0.9497
vn -0.5517 0.0860 0.8296
vn -0.9410 0.1128 0.3190
vn -0.9034 0.1170 -0.4125
vn -0.4886 0.0714 -0.8696
vn 0.0000 0.0457 -0.9990
vn 0.4886 0.0714 -0.8696
vn 0.9034 0.1170 -0.4125
vn 0.9410 0.1128 0.3190
vn 0.5517 0.0860 0.8296
vn 0.3033 0.0782 0.9497
vn 0.2818 0.1255 0.9512
vn 0.2568 0.1834 0.9489
vn 0.0000 -0.5959 0.8031
vn 0.5819 0.2795 0.7637
vn 0.0000 0.9817 0.1905
vn 0.0000 1.0000 -0.0007
vn 0.0000 0.8946 -0.4468
vn 0.0000 0.5235 -0.8520
vn 0.0000 0.0222 -0.9998
vn 0.0000 -0.2216 -0.9751
# 548 vertex normals

vt 0.5822 0.5400 0.0000
vt 0.6349 0.5218 0.0000
vt 0.6079 0.6378 0.0000
vt 0.6880 0.5135 0.0000
vt 0.6582 0.4777 0.0000
vt 0.7514 0.3911 0.0000
vt 0.7412 0.4554 0.0000
vt 0.7616 0.5274 0.0000
vt 0.7932 0.4569 0.0000
vt 0.7903 0.5360 0.0000
vt 0.7516 0.5888 0.0000
vt 0.7100 0.5916 0.0000
vt 0.7463 0.6250 0.0000
vt 0.7126 0.7021 0.0000
vt 0.6773 0.6071 0.0000
vt 0.6937 0.8133 0.0000
vt 0.6011 0.7342 0.0000
vt 0.6230 0.8708 0.0000
vt 0.6459 0.9244 0.0000
vt 0.6754 0.9148 0.0000
vt 0.6840 0.9858 0.0000
vt 0.7166 0.9326 0.0000
vt 0.7307 0.9857 0.0000
vt 0.7342 0.9437 0.0000
vt 0.7638 0.9004 0.0000
vt 0.7833 0.9270 0.0000
vt 0.7957 0.8594 0.0000
vt 0.8174 0.8888 0.0000
vt 0.7590 0.7344 0.0000
vt 0.7622 0.7630 0.0000
vt 0.8006 0.6921 0.0000
vt 0.8033 0.7289 0.0000
vt 0.8121 0.7172 0.0000
vt 0.8081 0.7850 0.0000
vt 0.8208 0.7807 0.0000
vt 0.7811 0.5888 0.0000
vt 0.7704 0.6250 0.0000
vt 0.7338 0.6954 0.0000
vt 0.7257 0.7973 0.0000
vt 0.7218 0.8594 0.0000
vt 0.7286 0.8870 0.0000
vt 0.7531 0.6886 0.0000
vt 0.5527 0.6618 0.0000
vt 0.5085 0.6753 0.0000
vt 0.5380 0.5400 0.0000
vt 0.7858 0.4160 0.0000
vt 0.5137 0.3906 0.0000
vt 0.5127 0.3906 0.0000
vt 0.5524 0.3906 0.0000
vt 0.5255 0.3906 0.0000
vt 0.2188 0.9844 0.0000
vt 0.2439 0.9025 0.0000
vt 0.2626 0.9844 0.0000
vt 0.3672 0.8835 0.0000
vt 0.3475 0.7813 0.0000
vt 0.1971 0.8844 0.0000
vt 0.2420 0.7846 0.0000
vt 0.3410 0.7043 0.0000
vt 0.2452 0.7032 0.0000
vt 0.3618 0.6555 0.0000
vt 0.2484 0.5785 0.0000
vt 0.3672 0.5457 0.0000
vt 0.2630 0.5156 0.0000
vt 0.2188 0.5156 0.0000
vt 0.2086 0.6028 0.0000
vt 0.1328 0.5156 0.0000
vt 0.1328 0.6277 0.0000
vt 0.2479 0.7605 0.0000
vt 0.1328 0.7018 0.0000
vt 0.1328 0.7731 0.0000
vt 0.1328 0.8828 0.0000
vt 0.1972 0.7832 0.0000
vt 0.2072 0.7028 0.0000
vt 0.1328 0.9844 0.0000
vt 0.6755 0.1035 0.0000
vt 0.6722 0.1602 0.0000
vt 0.7157 0.1543 0.0000
vt 0.7160 0.1031 0.0000
vt 0.8039 0.1831 0.0000
vt 0.8039 0.1021 0.0000
vt 0.8039 0.0167 0.0000
vt 0.7052 0.0167 0.0000
vt 0.6901 0.0167 0.0000
vt 0.6321 0.0167 0.0000
vt 0.6321 0.0973 0.0000
vt 0.6321 0.1657 0.0000
vt 0.6321 0.2258 0.0000
vt 0.6817 0.2184 0.0000
vt 0.7039 0.2200 0.0000
vt 0.8039 0.2723 0.0000
vt 0.6992 0.2823 0.0000
vt 0.6840 0.2841 0.0000
vt 0.6321 0.2885 0.0000
vt 0.6321 0.3594 0.0000
vt 0.6885 0.3594 0.0000
vt 0.7057 0.3594 0.0000
vt 0.8039 0.3594 0.0000
vt 0.0625 0.5078 0.0000
vt 0.1211 0.5078 0.0000
vt 0.1211 0.7360 0.0000
vt 0.0625 0.7360 0.0000
vt 0.0039 0.5078 0.0000
vt 0.0039 0.7360 0.0000
vt 0.1211 0.9922 0.0000
vt 0.0625 0.9922 0.0000
vt 0.0039 0.9922 0.0000
vt 0.2969 0.3906 0.0000
vt 0.3513 0.4844 0.0000
vt 0.3513 0.3906 0.0000
vt 0.4138 0.4844 0.0000
vt 0.4138 0.3906 0.0000
vt 0.4607 0.3906 0.0000
vt 0.4609 0.2530 0.0000
vt 0.4157 0.2426 0.0000
vt 0.3397 0.2308 0.0000
vt 0.2969 0.2594 0.0000
vt 0.2578 0.2656 0.0000
vt 0.2578 0.3906 0.0000
vt 0.2969 0.3424 0.0000
vt 0.2578 0.3529 0.0000
vt 0.2969 0.1849 0.0000
vt 0.2578 0.1935 0.0000
vt 0.2969 0.0156 0.0000
vt 0.2578 0.0156 0.0000
vt 0.2578 0.1064 0.0000
vt 0.2969 0.1657 0.0000
vt 0.2578 0.3474 0.0000
vt 0.2969 0.3340 0.0000
vt 0.2578 0.3234 0.0000
vt 0.2969 0.3297 0.0000
vt 0.9285 0.6446 0.0000
vt 0.9088 0.7062 0.0000
vt 0.9285 0.7173 0.0000
vt 0.9285 0.7738 0.0000
vt 0.9088 0.7504 0.0000
vt 0.8750 0.7500 0.0000
vt 0.9088 0.8702 0.0000
vt 0.9364 0.8702 0.0000
vt 0.9271 0.9171 0.0000
vt 0.9088 0.9171 0.0000
vt 0.9318 0.9623 0.0000
vt 0.8575 0.7480 0.0000
vt 0.8359 0.6671 0.0000
vt 0.8272 0.6046 0.0000
vt 0.8359 0.6046 0.0000
vt 0.8516 0.6671 0.0000
vt 0.8682 0.6043 0.0000
vt 0.8750 0.6769 0.0000
vt 0.8981 0.6127 0.0000
vt 0.9088 0.6490 0.0000
vt 0.8516 0.7500 0.0000
vt 0.8359 0.7500 0.0000
vt 0.8738 0.7765 0.0000
vt 0.8868 0.1484 0.0000
vt 0.8610 0.3578 0.0000
vt 0.8609 0.1483 0.0000
vt 0.8356 0.3281 0.0000
vt 0.8356 0.3594 0.0000
vt 0.8356 0.1406 0.0000
vt 0.8356 0.1094 0.0000
vt 0.8624 0.0406 0.0000
vt 0.8943 0.0468 0.0000
vt 0.9173 0.1067 0.0000
vt 0.9079 0.1442 0.0000
vt 0.9450 0.1225 0.0000
vt 0.9417 0.1612 0.0000
vt 0.9435 0.3757 0.0000
vt 0.8985 0.3895 0.0000
vt 0.8557 0.3931 0.0000
vt 0.8200 0.4098 0.0000
vt 0.8200 0.3594 0.0000
vt 0.8535 0.7500 0.0000
vt 0.9344 0.5819 0.0000
vt 0.9595 0.6351 0.0000
vt 0.9703 0.5882 0.0000
vt 0.9925 0.7289 0.0000
vt 0.9925 0.5890 0.0000
vt 0.9925 0.5110 0.0000
vt 0.9703 0.5110 0.0000
vt 0.9358 0.5110 0.0000
vt 0.9024 0.5110 0.0000
vt 0.8645 0.5392 0.0000
vt 0.8749 0.5110 0.0000
vt 0.8243 0.5924 0.0000
vt 0.8580 0.5924 0.0000
vt 0.1406 0.2958 0.0000
vt 0.0452 0.0720 0.0000
vt 0.1328 0.0156 0.0000
vt 0.2031 0.0156 0.0000
vt 0.2222 0.2958 0.0000
vt 0.1435 0.2958 0.0000
vt 0.1205 0.0156 0.0000
vt 0.0034 0.2958 0.0000
vt 0.0152 0.0720 0.0000
vt 0.1310 0.0156 0.0000
vt 0.1488 0.2958 0.0000
vt 0.2111 0.2963 0.0000
vt 0.2105 0.0165 0.0000
vt 0.4375 0.8799 0.0000
vt 0.4922 0.8799 0.0000
vt 0.4375 0.9922 0.0000
vt 0.4922 0.9922 0.0000
vt 0.3828 0.9922 0.0000
vt 0.3828 0.8799 0.0000
vt 0.9714 0.8702 0.0000
vt 0.9714 0.9171 0.0000
vt 0.9714 0.9623 0.0000
vt 0.9714 0.9797 0.0000
vt 0.5078 0.9062 0.0000
vt 0.5307 0.9065 0.0000
vt 0.5484 0.8437 0.0000
vt 0.5391 0.8281 0.0000
vt 0.9682 0.7061 0.0000
vt 0.9925 0.7689 0.0000
vt 0.9714 0.7734 0.0000
vt 0.9925 0.8702 0.0000
vt 0.0078 0.2958 0.0000
vt 0.8430 0.5512 0.0000
vt 0.8038 0.5924 0.0000
vt 0.8038 0.5890 0.0000
vt 0.8038 0.5110 0.0000
vt 0.5062 0.9459 0.0000
vt 0.5241 0.9752 0.0000
vt 0.5405 0.9844 0.0000
vt 0.5783 0.9844 0.0000
vt 0.5937 0.8437 0.0000
vt 0.6046 0.9844 0.0000
vt 0.5795 0.8031 0.0000
vt 0.5503 0.8117 0.0000
vt 0.5085 0.8124 0.0000
vt 0.2578 0.0148 0.0000
vt 0.3319 0.0517 0.0000
vt 0.4609 0.0156 0.0000
vt 0.4141 0.0588 0.0000
vt 0.3918 0.0858 0.0000
vt 0.3984 0.1222 0.0000
vt 0.3723 0.1299 0.0000
vt 0.3486 0.1249 0.0000
vt 0.3534 0.0891 0.0000
vt 0.9607 0.4844 0.0000
vt 0.9235 0.4844 0.0000
vt 0.8848 0.4844 0.0000
vt 0.8491 0.4844 0.0000
vt 0.8200 0.4844 0.0000
vt 0.8356 0.0156 0.0000
vt 0.8610 0.0156 0.0000
vt 0.8782 0.0156 0.0000
vt 0.8960 0.0156 0.0000
vt 0.9213 0.0156 0.0000
vt 0.9495 0.0156 0.0000
vt 0.9763 0.0156 0.0000
vt 0.9763 0.1094 0.0000
vt 0.9763 0.1406 0.0000
vt 0.9763 0.3281 0.0000
vt 0.9763 0.3594 0.0000
vt 0.9919 0.3594 0.0000
vt 0.9919 0.4844 0.0000
vt 0.4922 0.2829 0.0000
vt 0.4922 0.0156 0.0000
vt 0.4766 0.0156 0.0000
vt 0.4724 0.3082 0.0000
vt 0.4731 0.3733 0.0000
vt 0.4922 0.4133 0.0000
vt 0.4781 0.4291 0.0000
vt 0.4879 0.4638 0.0000
vt 0.8522 0.7765 0.0000
vt 0.4922 0.7578 0.0000
vt 0.4375 0.7578 0.0000
vt 0.3828 0.7578 0.0000
vt 0.0755 0.2958 0.0000
vt 0.0818 0.0720 0.0000
vt 0.0078 0.4844 0.0000
vt 0.1406 0.4844 0.0000
vt 0.2422 0.4844 0.0000
vt 0.1423 0.4844 0.0000
vt 0.0081 0.4844 0.0000
vt 0.1488 0.4844 0.0000
# 277 texture coords

g Mesh_0168
usemtl Material__26
s 1
f 1/1/1 2/2/2 3/3/3 
s 2
f 3/3/3 2/2/2 4/4/4 
s 3
f 2/2/2 5/5/5 4/4/4 
s 4
f 4/4/4 5/5/5 6/6/6 
s 7
f 6/6/6 7/7/7 4/4/4 
s 8
f 4/4/8 7/7/7 8/8/9 
s 9
f 7/7/7 9/9/10 8/8/9 
s 10
f 8/8/9 9/9/10 10/10/11 
s 11
f 9/9/10 11/8/12 10/10/11 
s 12
f 10/10/11 11/8/12 12/11/13 
s 13
f 11/8/12 13/12/14 12/11/13 
s 14
f 12/11/13 13/12/14 14/13/15 
s 16
f 14/13/15 13/12/14 15/14/16 
s 17
f 13/12/14 16/15/17 15/14/16 
s 18
f 15/14/16 16/15/17 17/16/18 
s 19
f 16/15/17 18/17/19 17/16/18 
s 20
f 17/16/18 18/17/19 19/18/20 
s 23
f 19/18/20 20/19/21 17/16/18 
s 24
f 17/16/18 20/19/21 21/20/22 
s 25
f 20/19/21 22/21/23 21/20/22 
s 26
f 21/20/22 22/21/23 23/22/24 
s 27
f 22/21/23 24/23/25 23/22/24 
s 29
f 24/23/25 25/24/26 23/22/24 
s 30
f 23/22/24 25/24/26 26/25/27 
s 31
f 25/24/26 27/26/28 26/25/27 
s 32
f 26/25/27 27/26/28 28/27/29 
s 33
f 27/26/28 29/28/30 28/27/29 
s 38
f 30/29/31 31/30/32 32/31/33 
s 39
f 33/30/34 30/29/31 32/31/33 
s 41
f 34/32/35 33/30/34 32/31/33 
s 42
f 34/32/35 32/31/33 35/33/36 
s 44
f 34/32/35 35/33/36 36/34/37 
s 45
f 33/30/34 34/32/35 36/34/37 
s 46
f 33/30/34 36/34/37 37/27/38 
s 49
f 38/35/39 37/27/38 36/34/37 
s 50
f 38/35/39 36/34/37 35/33/36 
s 51
f 39/34/40 38/35/39 35/33/36 
s 53
f 40/32/41 39/34/40 35/33/36 
s 54
f 40/32/41 35/33/36 32/31/33 
s 56
f 40/32/41 32/31/33 31/30/32 
s 57
f 39/34/40 40/32/41 31/30/32 
s 58
f 39/34/40 31/30/32 28/27/29 
s 59
f 38/35/39 39/34/40 28/27/29 
s 60
f 38/35/39 28/27/29 29/28/30 
s 61
f 37/27/38 38/35/39 29/28/30 
s 62
f 37/27/38 29/28/30 27/26/28 
s 63
f 41/25/42 37/27/38 27/26/28 
s 64
f 41/25/42 27/26/43 25/24/26 
s 65
f 42/22/44 41/25/42 25/24/26 
s 66
f 42/22/44 25/24/26 24/23/25 
s 68
f 42/22/44 24/23/25 43/21/45 
s 69
f 44/20/46 42/22/44 43/21/45 
s 70
f 44/20/46 43/21/45 45/19/47 
s 71
f 46/16/48 44/20/46 45/19/47 
s 72
f 46/16/48 45/19/47 47/18/49 
s 73
f 48/17/50 46/16/48 47/18/49 
s 76
f 46/16/48 48/17/50 49/15/51 
s 77
f 50/14/52 46/16/48 49/15/51 
s 78
f 50/14/52 49/15/51 51/12/53 
s 79
f 52/13/54 50/14/52 51/12/53 
s 80
f 52/13/54 51/12/53 53/11/55 
s 84
f 53/11/55 54/36/56 55/37/57 
s 85
f 52/13/54 53/11/55 55/37/57 
s 86
f 52/13/54 55/37/57 56/38/58 
s 87
f 50/14/52 52/13/54 56/38/58 
s 88
f 50/14/52 56/38/58 57/39/59 
s 89
f 46/16/48 50/14/52 57/39/59 
s 90
f 46/16/48 57/39/59 58/40/60 
s 91
f 44/20/46 46/16/48 58/40/60 
s 93
f 42/22/44 44/20/46 58/40/60 
s 94
f 42/22/44 58/40/60 59/41/61 
s 95
f 41/25/42 42/22/44 59/41/61 
s 97
f 37/27/38 41/25/42 59/41/61 
s 98
f 37/27/38 59/41/61 58/40/60 
s 99
f 33/30/34 37/27/38 58/40/60 
s 100
f 33/30/34 58/40/60 57/39/59 
s 101
f 30/29/31 33/30/34 57/39/59 
s 102
f 30/29/31 57/39/59 56/38/58 
s 103
f 60/42/62 30/29/31 56/38/58 
s 104
f 60/42/62 56/38/58 55/37/57 
s 106
f 60/42/62 55/37/57 61/38/63 
s 107
f 30/29/31 60/42/62 61/38/63 
s 108
f 30/29/31 61/38/63 62/39/64 
s 109
f 31/30/32 30/29/31 62/39/64 
s 110
f 31/30/32 62/39/64 63/40/65 
s 111
f 28/27/29 31/30/32 63/40/65 
s 112
f 28/27/29 63/40/65 64/41/66 
s 113
f 26/25/27 28/27/29 64/41/66 
s 115
f 23/22/24 26/25/27 64/41/66 
s 116
f 23/22/24 64/41/66 63/40/65 
s 117
f 21/20/22 23/22/24 63/40/65 
s 119
f 17/16/18 21/20/22 63/40/65 
s 120
f 17/16/18 63/40/65 62/39/64 
s 121
f 15/14/16 17/16/18 62/39/64 
s 122
f 15/14/16 62/39/64 61/38/63 
s 123
f 14/13/15 15/14/16 61/38/63 
s 124
f 14/13/15 61/38/63 55/37/57 
s 125
f 12/11/13 14/13/15 55/37/57 
s 126
f 12/11/13 55/37/57 54/36/56 
s 127
f 10/10/11 12/11/13 54/36/56 
s 128
f 10/10/11 54/36/67 53/11/55 
s 129
f 8/8/9 10/10/11 53/11/55 
s 130
f 8/8/9 53/11/55 51/12/53 
s 131
f 4/4/4 8/8/9 51/12/53 
s 132
f 4/4/4 51/12/53 49/15/51 
s 133
f 3/3/3 4/4/4 49/15/51 
s 134
f 3/3/3 49/15/51 48/17/50 
s 136
f 3/3/3 48/17/50 65/43/68 
s 137
f 1/1/1 3/3/3 65/43/68 
s 138
f 1/1/1 65/43/68 66/44/69 
s 139
f 67/45/70 1/1/1 66/44/69 
s 141
f 68/1/71 67/45/70 66/44/69 
s 142
f 68/1/71 66/44/69 69/43/72 
s 143
f 70/3/73 68/1/71 69/43/72 
s 144
f 70/3/73 69/43/72 18/17/19 
s 146
f 70/3/73 18/17/19 16/15/17 
s 147
f 71/4/74 70/3/73 16/15/17 
s 148
f 71/4/74 16/15/17 13/12/14 
s 150
f 71/4/74 13/12/14 11/8/12 
s 151
f 72/7/75 71/4/74 11/8/12 
s 152
f 72/7/75 11/8/12 9/9/10 
s 153
f 73/46/76 72/7/75 9/9/10 
s 154
f 73/46/76 9/9/10 7/7/7 
s 156
f 73/46/76 7/7/7 6/6/6 
s 157
f 72/7/75 73/46/76 6/6/6 
s 159
f 71/4/74 72/7/75 6/6/6 
s 160
f 71/4/74 6/6/6 5/5/5 
s 162
f 71/4/74 5/5/5 74/2/77 
s 163
f 70/3/73 71/4/74 74/2/77 
s 165
f 68/1/71 70/3/73 74/2/77 
s 166
f 68/1/71 74/2/77 75/47/78 
s 167
f 67/45/70 68/1/71 75/47/78 
s 168
f 67/45/70 75/47/78 76/48/79 
s 169
f 1/1/1 67/45/70 76/48/79 
s 171
f 2/2/2 1/1/1 76/48/79 
s 172
f 2/2/2 76/48/79 77/49/80 
s 173
f 5/5/5 2/2/2 77/49/80 
s 174
f 5/5/5 77/49/80 78/50/81 
s 176
f 5/5/5 78/50/81 79/49/82 
s 177
f 74/2/77 5/5/5 79/49/82 
s 178
f 74/2/77 79/49/82 75/47/78 
s 183
f 80/51/83 81/52/84 82/53/85 
s 184
f 82/53/85 81/52/84 83/54/86 
s 185
f 81/52/84 76/55/87 83/54/86 
s 186
f 83/54/86 76/55/87 75/55/88 
s 189
f 75/55/88 84/52/89 83/54/86 
s 190
f 83/54/86 84/52/89 85/53/90 
s 191
f 84/52/89 86/51/91 85/53/90 
s 194
f 86/51/92 87/56/93 84/52/92 
s 195
f 87/56/93 88/57/94 84/52/89 
s 196
f 88/57/95 84/52/95 75/55/88 
s 198
f 88/57/94 75/55/88 79/58/96 
s 199
f 88/57/97 89/59/98 79/58/97 
s 200
f 89/59/98 79/58/96 78/60/99 
s 201
f 90/61/100 89/59/98 78/60/99 
s 202
f 90/61/100 78/60/99 91/62/101 
s 203
f 92/63/102 90/61/100 91/62/101 
s 206
f 90/61/100 92/63/102 86/64/103 
s 207
f 93/65/104 90/61/100 86/64/103 
s 208
f 93/65/104 86/64/103 94/66/105 
s 209
f 95/67/106 93/65/104 94/66/105 
s 210
f 95/67/106 94/66/105 96/68/107 
s 211
f 95/67/108 97/69/109 96/68/108 
s 213
f 98/70/110 97/69/109 96/68/107 
s 214
f 98/70/110 96/68/107 99/71/111 
s 216
f 98/70/110 99/71/111 100/72/112 
s 217
f 98/70/113 97/69/113 100/72/112 
s 218
f 100/72/112 97/69/109 101/73/114 
s 219
f 95/67/106 97/69/115 101/73/115 
s 220
f 95/67/106 101/73/114 93/65/104 
s 224
f 90/61/100 93/65/104 89/59/98 
s 225
f 93/65/104 101/73/114 89/59/98 
s 226
f 89/59/98 101/73/114 88/57/94 
s 227
f 101/73/116 100/72/116 88/57/94 
s 228
f 88/57/117 100/72/112 87/56/117 
s 229
f 100/72/112 99/71/111 87/56/93 
s 230
f 87/56/93 99/71/111 86/51/91 
s 232
f 86/51/91 99/71/111 94/74/118 
s 233
f 99/71/111 96/68/107 94/74/118 
s 238
f 102/75/119 103/76/120 104/77/121 
s 239
f 105/78/122 102/75/119 104/77/121 
s 240
f 105/78/122 104/77/121 106/79/123 
s 241
f 107/80/124 105/78/122 106/79/123 
s 244
f 107/80/124 108/81/125 105/78/122 
s 245
f 108/81/125 109/82/126 105/78/122 
s 247
f 109/82/126 110/83/127 105/78/122 
s 248
f 105/78/122 110/83/127 102/75/119 
s 249
f 110/83/127 111/84/128 102/75/119 
s 251
f 111/84/128 112/85/129 102/75/119 
s 252
f 102/75/119 112/85/129 103/76/120 
s 253
f 112/85/129 113/86/130 103/76/120 
s 254
f 103/76/120 113/86/130 114/87/131 
s 257
f 114/87/131 115/88/132 103/76/120 
s 258
f 103/76/120 115/88/132 104/77/121 
s 259
f 115/88/132 116/89/133 104/77/121 
s 260
f 104/77/121 116/89/133 106/79/123 
s 261
f 116/89/133 117/90/134 106/79/123 
s 264
f 117/90/134 116/89/133 118/91/135 
s 265
f 116/89/133 115/88/132 118/91/135 
s 266
f 118/91/135 115/88/132 119/92/136 
s 267
f 115/88/132 114/87/131 119/92/136 
s 268
f 119/92/136 114/87/131 120/93/137 
s 271
f 119/92/136 120/93/137 111/94/138 
s 272
f 119/92/136 111/94/138 110/95/139 
s 273
f 118/91/135 119/92/136 110/95/139 
s 274
f 118/91/135 110/95/139 109/96/140 
s 275
f 117/90/134 118/91/135 109/96/140 
s 276
f 109/96/141 117/90/141 108/97/141 
s 281
f 121/98/142 122/99/143 123/100/144 
s 282
f 123/100/144 122/99/143 124/101/145 
s 283
f 122/99/143 125/98/146 124/101/145 
s 285
f 125/98/146 126/102/147 124/101/145 
s 286
f 124/101/145 126/102/147 127/103/148 
s 287
f 126/102/147 128/98/149 127/103/148 
s 288
f 127/103/148 128/98/149 129/101/150 
s 289
f 128/98/149 130/99/151 129/101/150 
s 290
f 129/101/150 130/99/151 131/100/152 
s 293
f 131/100/153 129/101/153 132/104/154 
s 294
f 129/101/150 132/104/154 133/105/155 
s 295
f 127/103/148 129/101/150 133/105/155 
s 296
f 127/103/148 133/105/155 134/106/156 
s 298
f 127/103/148 134/106/156 135/105/157 
s 299
f 124/101/145 127/103/148 135/105/157 
s 300
f 124/101/145 135/105/157 136/104/158 
s 301
f 123/100/144 124/101/145 136/104/158 
s 302
f 123/100/144 136/104/158 137/105/159 
s 303
f 138/101/160 123/100/144 137/105/159 
s 305
f 139/103/161 138/101/160 137/105/159 
s 306
f 139/103/161 137/105/159 140/106/162 
s 307
f 141/101/163 139/103/161 140/106/162 
s 308
f 141/101/163 140/106/162 142/105/164 
s 309
f 143/100/165 141/101/163 142/105/164 
s 310
f 143/100/165 142/105/164 144/104/166 
s 312
f 143/100/165 144/104/166 145/105/167 
s 313
f 146/101/168 143/100/165 145/105/167 
s 314
f 146/101/168 145/105/167 132/106/169 
s 315
f 146/101/170 131/103/171 132/106/170 
s 318
f 131/103/171 130/102/172 146/101/168 
s 319
f 130/102/172 147/98/173 146/101/168 
s 320
f 146/101/168 147/98/173 143/100/165 
s 321
f 147/98/173 148/99/174 143/100/165 
s 322
f 143/100/165 148/99/174 141/101/163 
s 323
f 148/99/174 149/98/175 141/101/163 
s 325
f 149/98/175 150/102/176 141/101/163 
s 326
f 141/101/163 150/102/176 139/103/161 
s 327
f 150/102/176 121/98/142 139/103/161 
s 328
f 139/103/161 121/98/142 138/101/160 
s 329
f 121/98/142 123/100/144 138/101/160 
s 334
f 151/107/177 152/108/178 153/109/179 
s 335
f 152/108/178 154/110/180 153/109/179 
s 336
f 153/109/179 154/110/180 155/111/181 
s 337
f 154/110/180 156/112/182 155/111/181 
s 338
f 155/111/181 156/112/182 157/113/183 
s 341
f 157/113/183 158/114/184 155/111/181 
s 342
f 155/111/181 158/114/184 153/109/179 
s 343
f 158/114/184 159/115/185 153/109/179 
s 345
f 159/115/185 160/116/186 153/109/179 
s 346
f 153/109/179 160/116/186 151/107/177 
s 347
f 160/116/186 161/117/187 151/107/177 
s 349
f 161/117/187 162/118/188 151/107/177 
s 350
f 151/107/177 162/118/188 152/119/189 
s 351
f 162/118/188 163/120/190 152/119/189 
s 352
f 152/119/189 163/120/190 154/121/191 
s 353
f 163/120/190 164/122/192 154/121/191 
s 354
f 154/121/191 164/122/192 156/123/193 
s 355
f 164/122/192 165/124/194 156/123/193 
s 357
f 165/124/194 166/125/195 156/123/193 
s 358
f 156/123/193 166/125/195 157/126/196 
s 359
f 166/125/195 167/127/197 157/126/196 
s 360
f 157/126/196 167/127/197 168/128/198 
s 361
f 167/127/197 169/129/199 168/128/198 
s 362
f 168/128/198 169/129/199 170/130/200 
s 367
f 171/131/201 172/132/202 173/133/203 
s 368
f 173/133/203 172/132/202 174/134/204 
s 370
f 174/134/204 172/132/202 175/135/205 
s 371
f 172/132/202 176/136/206 175/135/205 
s 373
f 176/136/206 177/137/207 175/135/205 
s 374
f 175/135/205 177/137/207 174/134/204 
s 375
f 177/137/207 178/138/208 174/134/204 
s 378
f 178/138/208 177/137/207 179/139/209 
s 379
f 177/137/207 180/140/210 179/139/209 
s 380
f 179/139/209 180/140/210 181/141/211 
s 385
f 177/142/212 182/143/213 180/144/214 
s 386
f 180/144/214 182/143/213 183/145/215 
s 387
f 182/143/213 184/146/216 183/145/215 
s 388
f 183/145/215 184/146/216 185/147/217 
s 389
f 184/146/216 186/148/218 185/147/217 
s 390
f 185/147/217 186/148/218 187/149/219 
s 391
f 186/148/218 188/150/220 187/149/219 
s 392
f 187/149/219 188/150/220 171/131/201 
s 394
f 171/131/201 188/150/220 172/132/202 
s 395
f 188/150/220 186/148/218 172/132/202 
s 396
f 172/132/202 186/148/218 176/136/206 
s 397
f 186/148/218 184/146/216 176/136/206 
s 398
f 176/136/206 184/146/216 189/151/221 
s 400
f 189/151/221 184/146/216 190/152/222 
s 401
f 184/146/216 182/143/213 190/152/222 
s 403
f 182/143/213 177/142/212 190/152/222 
s 404
f 190/152/222 177/142/212 189/151/221 
s 405
f 177/142/212 176/153/223 189/151/221 
s 410
f 191/65/224 192/61/225 193/59/226 
s 411
f 194/73/227 191/65/224 193/59/226 
s 412
f 194/73/227 193/59/226 195/57/228 
s 413
f 196/72/229 194/73/227 195/57/228 
s 414
f 196/72/229 195/57/228 197/56/230 
s 416
f 196/72/229 197/56/230 198/71/231 
s 417
f 199/70/232 196/72/229 198/71/231 
s 418
f 199/70/232 198/71/231 200/68/233 
s 421
f 200/68/233 198/71/231 201/74/234 
s 422
f 201/74/234 198/71/231 80/51/83 
s 423
f 198/71/231 197/56/230 80/51/83 
s 424
f 80/51/83 197/56/230 81/52/84 
s 425
f 197/56/230 195/57/228 81/52/84 
s 426
f 81/52/84 195/57/228 76/55/87 
s 428
f 76/55/87 195/57/228 77/58/235 
s 429
f 195/57/228 193/59/226 77/58/235 
s 430
f 77/58/235 193/59/226 78/60/99 
s 431
f 193/59/226 192/61/225 78/60/99 
s 432
f 78/60/99 192/61/225 91/62/101 
s 433
f 192/61/225 202/63/236 91/62/101 
s 436
f 202/63/236 192/61/225 80/64/237 
s 437
f 192/61/225 191/65/224 80/64/237 
s 438
f 80/64/237 191/65/224 201/66/238 
s 439
f 191/65/224 203/67/239 201/66/238 
s 440
f 201/66/238 203/67/239 200/68/233 
s 441
f 203/67/239 204/69/240 200/68/233 
s 442
f 200/68/233 204/69/240 199/70/232 
s 443
f 204/69/240 196/72/229 199/70/232 
s 446
f 196/72/229 204/69/240 194/73/227 
s 447
f 204/69/240 203/67/239 194/73/227 
s 448
f 194/73/227 203/67/239 191/65/224 
s 453
f 205/154/241 206/155/242 207/156/243 
s 454
f 207/156/243 206/155/242 208/157/244 
s 455
f 206/155/242 209/158/245 208/157/244 
s 459
f 207/156/243 208/157/244 210/159/246 
s 460
f 207/156/243 210/159/246 211/160/247 
s 461
f 212/161/248 207/156/243 211/160/247 
s 464
f 207/156/243 212/161/248 213/162/249 
s 465
f 205/154/241 207/156/243 213/162/249 
s 466
f 205/154/241 213/162/249 214/163/250 
s 467
f 215/164/251 205/154/241 214/163/250 
s 468
f 215/164/251 214/163/250 216/165/252 
s 469
f 217/166/253 215/164/251 216/165/252 
s 472
f 217/166/253 218/167/254 215/164/251 
s 473
f 218/167/254 219/168/255 215/164/251 
s 474
f 215/164/251 219/168/255 205/154/241 
s 476
f 205/154/241 219/168/255 206/155/242 
s 477
f 219/168/255 220/169/256 206/155/242 
s 478
f 206/155/242 220/169/256 209/158/245 
s 479
f 220/169/256 221/170/257 209/158/245 
s 480
f 209/158/245 221/170/257 222/171/258 
s 482
f 222/171/258 221/170/257 223/158/259 
s 483
f 221/170/257 224/169/260 223/158/259 
s 484
f 223/158/259 224/169/260 225/155/261 
s 485
f 224/169/260 226/168/262 225/155/261 
s 486
f 225/155/261 226/168/262 227/154/263 
s 488
f 227/154/263 226/168/262 228/164/264 
s 489
f 226/168/262 229/167/265 228/164/264 
s 490
f 228/164/264 229/167/265 230/166/266 
s 493
f 228/164/264 230/166/266 231/165/267 
s 494
f 228/164/264 231/165/267 232/163/268 
s 495
f 227/154/263 228/164/264 232/163/268 
s 496
f 227/154/263 232/163/268 233/162/269 
s 497
f 234/156/270 227/154/263 233/162/269 
s 498
f 234/156/270 233/162/269 235/161/271 
s 499
f 236/160/272 234/156/270 235/161/271 
s 502
f 234/156/270 236/160/272 237/159/273 
s 503
f 238/157/274 234/156/270 237/159/273 
s 507
f 223/158/259 225/155/261 238/157/274 
s 508
f 238/157/274 225/155/261 234/156/270 
s 509
f 225/155/261 227/154/263 234/156/270 
s 514
f 239/172/275 240/144/276 241/143/277 
s 515
f 240/144/276 242/145/278 241/143/277 
s 516
f 241/143/277 242/145/278 243/146/279 
s 517
f 242/145/278 244/147/280 243/146/279 
s 518
f 243/146/279 244/147/280 245/148/281 
s 519
f 244/147/280 246/149/282 245/148/281 
s 521
f 246/149/282 247/150/283 245/148/281 
s 522
f 245/148/281 247/150/283 248/132/284 
s 524
f 248/132/284 247/150/283 249/131/285 
s 525
f 247/150/283 246/149/282 249/131/285 
s 527
f 246/149/282 250/173/286 249/131/285 
s 528
f 249/131/285 250/173/286 251/174/287 
s 529
f 250/173/286 252/175/288 251/174/287 
s 530
f 251/174/287 252/175/288 253/176/289 
s 531
f 252/175/288 254/177/290 253/176/289 
s 534
f 255/178/291 254/177/290 252/175/288 
s 535
f 256/179/292 255/178/291 252/175/288 
s 536
f 256/179/292 252/175/288 250/173/286 
s 537
f 257/180/293 256/179/292 250/173/286 
s 538
f 257/180/293 250/173/286 246/149/282 
s 539
f 258/181/294 257/180/293 246/149/282 
s 540
f 258/181/294 246/149/282 244/147/280 
s 542
f 258/181/294 244/147/280 242/182/295 
s 543
f 259/183/296 258/181/294 242/182/295 
s 545
f 260/184/297 259/183/296 242/182/295 
s 546
f 260/184/297 242/182/295 240/185/298 
s 551
f 261/186/299 262/187/300 263/188/301 
s 552
f 261/186/299 263/188/301 264/189/302 
s 553
f 265/190/303 261/186/299 264/189/302 
s 555
f 266/191/304 265/190/303 264/189/302 
s 556
f 266/191/304 264/189/302 267/192/305 
s 557
f 268/193/306 266/191/304 267/192/305 
s 558
f 268/193/306 267/192/305 269/194/307 
s 560
f 268/193/306 269/194/307 270/195/308 
s 561
f 271/196/309 268/193/306 270/195/308 
s 563
f 272/197/310 271/196/309 270/195/308 
s 564
f 272/197/310 270/195/308 273/198/310 
s 569
f 274/199/311 275/200/312 276/201/313 
s 570
f 276/201/313 275/200/312 277/202/314 
s 572
f 277/202/314 275/200/312 278/201/315 
s 573
f 275/200/312 279/199/316 278/201/315 
s 574
f 278/201/315 279/199/316 280/203/317 
s 575
f 279/199/316 281/204/318 280/203/317 
s 576
f 280/203/317 281/204/318 282/201/319 
s 577
f 281/204/318 283/199/320 282/201/319 
s 579
f 283/199/320 284/200/321 282/201/319 
s 580
f 282/201/319 284/200/321 285/202/322 
s 581
f 284/200/321 286/199/323 285/202/322 
s 582
f 285/202/322 286/199/323 287/201/324 
s 583
f 286/199/323 288/204/325 287/201/324 
s 584
f 287/201/324 288/204/325 289/203/326 
s 586
f 289/203/326 288/204/325 290/201/327 
s 587
f 288/204/325 291/199/328 290/201/327 
s 592
f 292/89/329 293/88/330 294/77/331 
s 593
f 295/79/332 292/89/329 294/77/331 
s 594
f 295/79/332 294/77/331 296/78/333 
s 595
f 297/80/334 295/79/332 296/78/333 
s 596
f 297/80/334 296/78/333 298/81/335 
s 599
f 298/81/335 296/78/333 299/82/336 
s 600
f 299/82/336 296/78/333 300/83/337 
s 602
f 300/83/337 296/78/333 301/75/338 
s 603
f 296/78/333 294/77/331 301/75/338 
s 604
f 301/75/338 294/77/331 302/76/339 
s 605
f 294/77/331 293/88/330 302/76/339 
s 606
f 302/76/339 293/88/330 303/87/340 
s 607
f 293/88/330 304/92/341 303/87/340 
s 608
f 303/87/340 304/92/341 305/93/342 
s 609
f 304/92/341 306/94/343 305/93/342 
s 612
f 306/94/343 304/92/341 300/95/344 
s 613
f 304/92/341 307/91/345 300/95/344 
s 614
f 300/95/344 307/91/345 299/96/346 
s 615
f 307/91/345 308/90/347 299/96/346 
s 616
f 299/96/346 308/90/347 298/97/348 
s 621
f 300/83/337 301/75/338 306/84/349 
s 622
f 306/84/349 301/75/338 309/85/350 
s 623
f 301/75/338 302/76/339 309/85/350 
s 624
f 309/85/350 302/76/339 310/86/351 
s 625
f 302/76/339 303/87/340 310/86/351 
s 630
f 304/92/341 293/88/330 307/91/345 
s 631
f 293/88/330 292/89/329 307/91/345 
s 632
f 307/91/345 292/89/329 308/90/347 
s 633
f 292/89/329 295/79/332 308/90/347 
s 638
f 260/141/352 240/140/353 311/139/354 
s 639
f 240/140/353 239/137/355 311/139/354 
s 640
f 311/139/354 239/137/355 312/138/356 
s 641
f 239/137/355 313/134/357 312/138/356 
s 642
f 312/138/356 313/134/357 314/205/358 
s 645
f 314/205/358 315/206/359 312/138/356 
s 646
f 312/138/356 315/206/359 311/139/354 
s 648
f 311/139/354 315/206/359 260/141/352 
s 649
f 315/206/359 316/207/360 260/141/352 
s 650
f 260/141/352 316/207/360 253/208/361 
s 655
f 317/107/362 318/109/363 319/108/364 
s 656
f 319/108/364 318/109/363 320/110/365 
s 657
f 318/109/363 321/111/366 320/110/365 
s 658
f 320/110/365 321/111/366 322/112/367 
s 659
f 321/111/366 323/113/368 322/112/367 
s 662
f 323/113/368 321/111/366 324/114/369 
s 663
f 321/111/366 318/109/363 324/114/369 
s 664
f 324/114/369 318/109/363 325/115/370 
s 666
f 325/115/370 318/109/363 326/116/371 
s 667
f 318/109/363 317/107/362 326/116/371 
s 668
f 326/116/371 317/107/362 327/117/372 
s 670
f 327/117/372 317/107/362 328/118/373 
s 671
f 317/107/362 319/119/374 328/118/373 
s 672
f 328/118/373 319/119/374 329/120/375 
s 673
f 319/119/374 320/121/376 329/120/375 
s 674
f 329/120/375 320/121/376 330/122/377 
s 675
f 320/121/376 322/123/378 330/122/377 
s 676
f 330/122/377 322/123/378 331/124/379 
s 678
f 331/124/379 322/123/378 332/125/380 
s 679
f 322/123/378 323/126/381 332/125/380 
s 680
f 332/125/380 323/126/381 333/127/382 
s 681
f 323/126/381 334/128/383 333/127/382 
s 682
f 333/127/382 334/128/383 335/129/384 
s 683
f 334/128/383 336/130/385 335/129/384 
s 688
f 337/209/386 338/210/387 339/211/388 
s 689
f 337/209/389 18/212/389 339/211/389 
s 694
f 340/179/390 341/180/391 342/173/392 
s 695
f 343/175/393 340/179/390 342/173/392 
s 696
f 343/175/393 342/173/392 344/174/394 
s 697
f 345/176/395 343/175/393 344/174/394 
s 698
f 345/176/395 344/174/394 346/213/396 
s 699
f 347/214/397 345/176/395 346/213/396 
s 700
f 347/214/397 346/213/396 348/215/398 
s 702
f 347/214/397 348/215/398 349/205/399 
s 703
f 350/216/400 347/214/397 349/205/399 
s 708
f 351/187/401 352/217/402 353/186/403 
s 709
f 354/188/404 351/187/401 353/186/403 
s 711
f 355/189/405 354/188/404 353/186/403 
s 712
f 355/189/405 353/186/403 356/190/406 
s 714
f 355/189/405 356/190/406 357/191/407 
s 715
f 358/192/408 355/189/405 357/191/407 
s 716
f 358/192/408 357/191/407 359/193/409 
s 717
f 360/194/410 358/192/408 359/193/409 
s 719
f 273/195/411 360/194/410 359/193/409 
s 720
f 273/195/411 359/193/409 272/196/412 
s 725
f 180/218/413 183/182/414 181/184/415 
s 726
f 181/184/415 183/182/414 361/183/416 
s 728
f 361/183/416 183/182/414 362/181/417 
s 729
f 183/182/414 185/147/217 362/181/417 
s 731
f 185/147/217 187/149/219 362/181/417 
s 732
f 362/181/417 187/149/219 341/180/391 
s 734
f 341/180/391 187/149/219 342/173/392 
s 735
f 187/149/219 171/131/201 342/173/392 
s 736
f 342/173/392 171/131/201 344/174/394 
s 738
f 344/174/394 171/131/201 346/213/396 
s 739
f 171/131/201 173/133/203 346/213/396 
s 740
f 346/213/396 173/133/203 348/215/398 
s 741
f 173/133/203 174/134/204 348/215/398 
s 742
f 348/215/398 174/134/204 349/205/399 
s 743
f 174/134/204 178/138/208 349/205/399 
s 744
f 349/205/399 178/138/208 350/206/418 
s 745
f 178/138/208 179/139/209 350/206/418 
s 747
f 179/139/209 181/141/211 350/206/418 
s 748
f 350/206/418 181/141/211 347/207/419 
s 749
f 181/141/211 345/208/420 347/207/419 
s 754
f 345/219/421 181/184/415 363/220/422 
s 755
f 181/184/415 361/183/416 363/220/422 
s 756
f 363/220/422 361/183/416 364/221/423 
s 761
f 343/175/393 345/176/395 363/177/424 
s 762
f 343/175/393 363/177/424 364/178/425 
s 763
f 340/179/390 343/175/393 364/178/425 
s 768
f 47/222/426 365/223/426 366/209/427 
s 769
f 367/224/428 365/223/429 366/209/429 
s 770
f 367/224/428 366/209/427 368/210/430 
s 771
f 367/224/431 365/225/432 368/210/431 
s 776
f 366/209/427 48/212/433 369/211/434 
s 777
f 368/210/430 366/209/427 369/211/434 
s 779
f 365/225/432 368/210/430 369/211/434 
s 780
f 365/225/432 369/211/434 48/226/435 
s 781
f 47/227/436 365/225/432 48/226/435 
s 786
f 19/222/437 370/223/438 337/209/386 
s 787
f 370/223/438 371/224/439 337/209/386 
s 788
f 337/209/386 371/224/439 338/210/387 
s 789
f 371/224/439 370/225/440 338/210/387 
s 790
f 338/210/387 370/225/440 339/211/388 
s 792
f 339/211/388 370/225/440 18/226/441 
s 793
f 370/225/440 19/227/442 18/226/441 
s 798
f 337/228/443 18/17/19 372/229/444 
s 799
f 18/17/19 69/43/72 372/229/444 
s 800
f 372/229/444 69/43/72 373/230/445 
s 801
f 69/43/72 66/44/69 373/230/445 
s 803
f 66/44/69 65/43/68 373/230/445 
s 804
f 373/230/445 65/43/68 374/229/446 
s 805
f 65/43/68 48/17/50 374/229/446 
s 806
f 374/229/446 48/17/50 366/228/447 
s 811
f 170/123/448 169/231/449 161/117/187 
s 812
f 170/123/448 161/117/187 160/116/186 
s 814
f 170/123/448 160/116/186 375/232/450 
s 815
f 168/233/451 170/123/448 375/232/450 
s 816
f 168/233/451 375/232/450 376/234/452 
s 817
f 157/113/183 168/233/451 376/234/452 
s 818
f 157/113/183 376/234/452 377/235/453 
s 820
f 157/113/183 377/235/453 378/236/454 
s 821
f 158/114/184 157/113/183 378/236/454 
s 822
f 378/236/455 158/114/455 379/237/456 
s 823
f 158/114/457 159/115/457 379/237/456 
s 824
f 379/237/456 159/115/185 380/238/458 
s 825
f 160/116/186 159/115/459 380/238/459 
s 826
f 160/116/186 380/238/458 381/239/460 
s 827
f 375/232/450 160/116/186 381/239/460 
s 829
f 376/234/452 375/232/450 381/239/460 
s 830
f 376/234/452 381/239/460 377/235/453 
s 835
f 335/231/461 336/123/462 327/117/372 
s 836
f 327/117/372 336/123/462 326/116/371 
s 838
f 326/116/371 336/123/462 382/232/463 
s 839
f 336/123/462 334/233/464 382/232/463 
s 840
f 382/232/463 334/233/464 383/234/465 
s 841
f 334/233/464 323/113/368 383/234/465 
s 842
f 383/234/465 323/113/368 384/235/466 
s 844
f 384/235/466 323/113/368 385/236/467 
s 845
f 323/113/368 324/114/369 385/236/467 
s 846
f 385/236/467 324/114/369 386/237/468 
s 847
f 324/114/369 325/115/370 386/237/468 
s 848
f 386/237/468 325/115/370 387/238/469 
s 849
f 325/115/370 326/116/371 387/238/469 
s 850
f 387/238/469 326/116/371 388/239/470 
s 851
f 326/116/371 382/232/463 388/239/470 
s 853
f 382/232/463 383/234/465 388/239/470 
s 854
f 388/239/470 383/234/465 384/235/466 
s 859
f 146/240/471 143/241/472 229/167/265 
s 860
f 229/167/473 143/241/472 226/168/473 
s 861
f 143/241/472 141/242/474 226/168/262 
s 862
f 226/168/475 141/242/474 224/169/475 
s 863
f 141/242/474 139/243/476 224/169/260 
s 864
f 224/169/477 139/243/476 221/170/477 
s 865
f 139/243/476 138/244/478 221/170/257 
s 867
f 138/244/478 123/243/479 221/170/257 
s 868
f 221/170/480 123/243/479 220/169/480 
s 869
f 123/243/479 124/242/481 220/169/256 
s 870
f 220/169/482 124/242/481 219/168/482 
s 871
f 124/242/481 127/241/483 219/168/255 
s 872
f 219/168/484 127/241/483 218/167/484 
s 873
f 127/241/483 129/240/485 218/167/254 
s 878
f 389/245/486 236/160/272 390/246/487 
s 879
f 236/160/272 235/161/271 390/246/487 
s 880
f 390/246/487 235/161/271 391/247/488 
s 881
f 235/161/271 233/162/269 391/247/488 
s 882
f 391/247/488 233/162/269 392/248/489 
s 883
f 233/162/269 232/163/268 392/248/489 
s 884
f 392/248/489 232/163/268 393/249/490 
s 885
f 232/163/268 231/165/267 393/249/490 
s 886
f 393/249/490 231/165/267 394/250/491 
s 887
f 231/165/267 389/251/492 394/250/491 
s 890
f 236/252/493 389/251/492 231/165/267 
s 891
f 237/253/494 236/252/493 231/165/267 
s 892
f 237/253/494 231/165/267 230/166/266 
s 893
f 238/254/495 237/253/494 230/166/266 
s 894
f 238/254/495 230/166/266 229/167/265 
s 895
f 238/254/496 223/255/497 229/167/496 
s 896
f 229/167/265 223/255/497 146/240/471 
s 897
f 223/255/497 222/256/498 146/240/471 
s 898
f 146/240/471 222/256/498 131/257/499 
s 900
f 131/257/499 222/256/498 129/240/485 
s 901
f 222/256/498 209/255/500 129/240/485 
s 902
f 129/240/485 209/255/500 218/167/254 
s 903
f 209/255/500 208/254/501 218/167/254 
s 904
f 208/254/502 218/167/502 217/166/253 
s 905
f 210/253/503 208/254/501 217/166/253 
s 906
f 210/253/503 217/166/253 216/165/252 
s 907
f 211/252/504 210/253/503 216/165/252 
s 908
f 211/252/504 216/165/252 395/251/505 
s 911
f 395/251/505 216/165/252 396/250/506 
s 912
f 396/250/506 216/165/252 397/249/507 
s 913
f 216/165/252 214/163/250 397/249/507 
s 914
f 397/249/507 214/163/250 398/248/508 
s 915
f 214/163/250 213/162/249 398/248/508 
s 916
f 398/248/508 213/162/249 399/247/509 
s 917
f 213/162/249 212/161/248 399/247/509 
s 918
f 399/247/509 212/161/248 400/246/510 
s 919
f 212/161/248 211/160/247 400/246/510 
s 920
f 400/246/510 211/160/247 395/245/511 
s 925
f 161/258/512 169/259/512 167/260/512 
s 926
f 161/258/512 167/260/512 166/261/512 
s 928
f 161/258/512 166/261/512 165/262/512 
s 929
f 162/263/512 161/258/512 165/262/512 
s 930
f 162/263/512 165/262/512 164/264/512 
s 931
f 163/265/512 162/263/512 164/264/512 
s 936
f 316/214/513 315/216/514 314/205/358 
s 937
f 401/215/515 316/214/513 314/205/358 
s 938
f 401/215/515 314/205/358 313/134/357 
s 939
f 402/133/516 401/215/515 313/134/357 
s 942
f 401/215/515 402/133/516 403/213/517 
s 943
f 316/214/513 401/215/515 403/213/517 
s 944
f 316/214/513 403/213/517 253/176/289 
s 947
f 253/176/289 403/213/517 251/174/287 
s 948
f 251/174/287 403/213/517 249/131/285 
s 949
f 403/213/517 402/133/516 249/131/285 
s 950
f 249/131/285 402/133/516 248/132/284 
s 951
f 402/133/516 313/134/357 248/132/284 
s 952
f 248/132/284 313/134/357 404/135/518 
s 953
f 313/134/357 239/137/355 404/135/518 
s 955
f 239/137/355 405/136/519 404/135/518 
s 956
f 404/135/518 405/136/519 248/132/284 
s 957
f 405/136/519 245/148/281 248/132/284 
s 960
f 245/148/281 405/136/519 243/146/279 
s 961
f 405/136/519 406/151/520 243/146/279 
s 963
f 406/151/520 407/152/521 243/146/279 
s 964
f 243/146/279 407/152/521 241/143/277 
s 966
f 241/143/277 407/152/521 239/172/275 
s 967
f 407/152/521 406/151/520 239/172/275 
s 968
f 239/172/275 406/151/520 405/266/522 
s 973
f 253/219/523 254/220/524 260/184/297 
s 974
f 260/184/297 254/220/524 259/183/296 
s 975
f 254/220/524 255/221/525 259/183/296 
s 980
f 333/260/512 335/259/512 327/258/512 
s 981
f 332/261/512 333/260/512 327/258/512 
s 983
f 331/262/512 332/261/512 327/258/512 
s 984
f 331/262/512 327/258/512 328/263/512 
s 985
f 330/264/512 331/262/512 328/263/512 
s 986
f 330/264/512 328/263/512 329/265/512 
s 991
f 408/200/526 409/202/527 290/201/327 
s 992
f 408/200/526 290/201/327 291/199/328 
s 993
f 410/267/528 408/200/526 291/199/328 
s 995
f 411/268/529 410/267/528 291/199/328 
s 996
f 411/268/529 291/199/328 288/204/325 
s 997
f 412/269/530 411/268/529 288/204/325 
s 998
f 412/269/530 288/204/325 286/199/323 
s 999
f 413/268/531 412/269/530 286/199/323 
s 1001
f 414/267/532 413/268/531 286/199/323 
s 1002
f 414/267/532 286/199/323 284/200/321 
s 1003
f 415/268/533 414/267/532 284/200/321 
s 1004
f 415/268/533 284/200/321 283/199/320 
s 1006
f 415/268/533 283/199/320 281/204/318 
s 1007
f 416/269/534 415/268/533 281/204/318 
s 1008
f 416/269/534 281/204/318 279/199/316 
s 1009
f 417/268/535 416/269/534 279/199/316 
s 1011
f 418/267/536 417/268/535 279/199/316 
s 1012
f 418/267/536 279/199/316 275/200/312 
s 1013
f 419/268/537 418/267/536 275/200/312 
s 1014
f 419/268/537 275/200/312 274/199/311 
s 1015
f 410/269/538 419/268/537 274/199/311 
s 1017
f 408/204/539 410/269/538 274/199/311 
s 1018
f 408/204/539 274/199/311 276/201/313 
s 1019
f 409/203/540 408/204/539 276/201/313 
s 1024
f 352/270/541 351/271/541 262/187/300 
s 1025
f 420/217/542 352/270/541 262/187/300 
s 1026
f 420/217/542 262/187/300 261/186/299 
s 1027
f 352/272/543 420/217/542 261/186/299 
s 1029
f 353/273/544 352/272/543 261/186/299 
s 1030
f 353/273/544 261/186/299 265/190/303 
s 1031
f 356/274/545 353/273/544 265/190/303 
s 1032
f 356/274/545 265/190/303 266/191/304 
s 1033
f 357/275/546 356/274/545 266/191/304 
s 1034
f 357/275/546 266/191/304 268/193/306 
s 1035
f 359/276/547 357/275/546 268/193/306 
s 1036
f 359/276/547 268/193/306 271/196/309 
s 1037
f 272/277/548 359/276/547 271/196/309 
# 0 polygons - 720 triangles

#
# object Mesh_0169
#

v  0.0118 166.8799 -3.6586
v  -5.9502 164.5838 1.3873
v  0.0118 165.9326 3.2662
v  5.9739 164.5838 1.3873
v  5.8669 164.9693 -6.6602
v  10.6492 161.6977 -2.1110
v  9.1971 155.6815 -12.3660
v  -31.4702 117.1240 4.5759
v  -27.0840 120.5518 4.6918
v  -25.9427 121.8366 -5.9747
v  -30.1524 117.6077 -7.7407
v  -15.0403 119.1220 -9.8935
v  -19.0984 108.4185 -13.2308
v  -3.1504 106.1896 -13.6048
v  -11.7009 100.7564 -12.9468
v  -4.5062 100.9970 -13.1087
v  14.4290 102.4385 -11.0199
v  0.0000 88.9747 -11.2541
v  0.0000 107.6718 -10.5015
v  -14.4290 102.4384 -11.0199
v  -11.6166 88.9747 -9.8919
v  -17.1235 101.4596 -2.2292
v  -15.3472 89.6059 0.1874
v  -13.4583 102.5741 9.4554
v  -10.8914 90.6092 12.1602
v  0.0000 90.8005 15.8877
v  0.0000 106.2379 13.2724
v  13.4583 102.5741 9.4554
v  10.8914 90.6092 12.2269
v  15.3472 89.6059 -0.5339
v  17.1235 101.4597 -2.2292
v  11.6166 88.9747 -9.8919
v  7.6321 75.2843 -10.4341
v  0.0000 75.2843 -11.2787
v  -7.6321 75.2843 -10.4341
v  -13.2429 75.2843 -4.8138
v  -14.1244 75.2843 3.2903
v  -8.7081 75.2843 10.8161
v  0.0000 75.2843 13.4054
v  8.7080 75.2843 10.8161
v  14.1244 75.2843 3.2903
v  13.2429 75.2843 -4.8138
v  60.7146 110.6675 -5.3091
v  60.7234 105.7792 -5.6755
v  58.4047 109.9761 -4.9492
v  58.4177 112.1021 -1.0129
v  49.4866 111.0182 -5.2974
v  49.5050 106.2843 -5.7601
v  45.9491 106.2795 -7.2444
v  46.3603 102.7027 -1.3342
v  45.9232 112.3967 -6.0309
v  49.5958 113.0965 -1.2364
v  49.8870 111.1287 3.0968
v  58.4914 110.2392 2.3866
v  60.7088 110.9735 2.6220
v  60.7064 106.0946 4.0911
v  60.7156 102.3249 -2.0927
v  58.4700 104.4843 -0.9781
v  58.4145 106.0167 -4.9992
v  49.7728 103.9010 -1.2175
v  50.0270 106.3906 4.1781
v  58.5215 106.2860 3.4153
v  46.7511 106.2735 5.6632
v  46.5364 112.4020 4.0562
v  46.1918 114.3955 -1.2744
v  60.7127 112.7987 -1.3276
v  15.0403 119.1220 -9.8935
v  20.1487 124.3761 -2.9170
v  25.9427 121.8366 -5.9747
v  20.8076 123.6344 3.2413
v  27.0840 120.5518 4.6918
v  17.3229 116.5524 9.9807
v  15.1720 121.3253 6.5281
v  8.8775 119.7581 3.6566
v  13.9024 123.6153 0.6083
v  8.2186 120.4999 -2.5017
v  13.8542 122.8089 -5.7885
v  4.8212 23.1175 -0.5978
v  2.8649 23.6754 -9.0213
v  8.0459 22.8099 1.4693
v  8.7593 23.5331 -11.8596
v  14.7542 23.3988 -8.5734
v  13.0058 23.1175 -1.4024
v  10.9151 7.8148 -2.7147
v  8.3714 8.0918 -1.3984
v  5.9044 8.3315 -2.0000
v  5.8622 7.5819 -8.6655
v  9.7329 7.3921 -9.1222
v  -15.9086 135.7941 -7.8651
v  -10.4047 144.4320 -6.0414
v  -14.8620 130.8251 -14.2223
v  -4.8940 142.6604 -10.1310
v  -9.7456 127.6481 -21.7841
v  0.0118 142.0310 -11.4477
v  0.0118 127.1628 -24.7117
v  9.7693 127.6481 -21.7841
v  4.9177 142.6604 -10.1310
v  14.8857 130.8251 -14.2223
v  10.4283 144.4320 -6.0414
v  15.9323 135.7941 -7.8651
v  13.4326 142.3615 -3.6325
v  12.9290 147.4449 0.5898
v  16.1021 136.1175 -4.7892
v  18.0732 133.3565 -5.7887
v  17.6274 133.2061 -9.8905
v  16.8314 127.9746 -17.1628
v  11.3602 125.3468 -26.7721
v  0.0118 124.8549 -30.2391
v  -11.3365 125.3468 -26.7721
v  -16.8077 127.9746 -17.1628
v  -17.6037 133.2061 -9.8905
v  -18.0495 133.3565 -5.7887
v  -16.0784 136.1175 -4.7892
v  -13.4089 142.3615 -3.6325
v  -12.9053 147.4449 0.5898
v  1.6219 164.4883 3.4237
v  1.6219 165.2568 -5.5616
v  2.0717 174.5097 -1.6418
v  2.0717 173.5286 -10.1479
v  2.0717 169.2439 -17.8070
v  1.6219 160.7968 -12.5362
v  2.0717 162.6226 -21.7659
v  1.6219 153.5753 -13.8058
v  2.0641 150.9968 -21.5435
v  -2.0879 150.9969 -21.5435
v  -1.6957 153.5753 -13.8058
v  -2.0945 162.6226 -21.7659
v  -1.6957 160.7968 -12.5362
v  -2.0945 169.2439 -17.8070
v  -1.6957 165.2568 -5.5616
v  -2.0945 173.5286 -10.1479
v  -2.0945 174.5097 -1.6418
v  -1.6985 164.4883 3.4237
v  -2.0928 173.7545 8.2236
v  2.0697 173.7546 8.2236
v  -4.9911 161.3257 8.2901
v  -12.1338 156.3931 2.9509
v  -8.3707 164.2921 10.4521
v  0.0118 161.6942 9.0741
v  0.0118 166.7436 15.0676
v  8.3944 164.2921 10.4521
v  5.0148 161.3257 8.2901
v  12.1575 156.3931 2.9509
v  13.3321 155.8423 -1.1942
v  13.5055 152.4476 -3.5834
v  13.5451 149.3618 -2.9129
v  0.0118 164.1901 -11.2478
v  5.8884 161.3061 -12.5311
v  0.0118 159.1549 -15.2390
v  -5.8647 161.3061 -12.5311
v  -5.8432 164.9693 -6.6602
v  -9.1734 155.6815 -12.3660
v  0.0118 153.2538 -16.1908
v  -10.6255 161.6977 -2.1110
v  -13.4341 152.4476 -3.4793
v  -11.4656 149.3920 -8.2962
v  -6.9979 147.0370 -11.7392
v  0.0118 146.1694 -13.4426
v  7.0215 147.0370 -11.7392
v  11.4893 149.3920 -8.2962
v  13.4578 152.4476 -3.4793
v  12.0574 156.3931 3.1288
v  -12.0337 156.3931 3.1288
v  -13.4737 149.3618 -2.8088
v  -13.0058 23.1175 -1.4024
v  -8.0459 22.8099 1.4693
v  -14.7542 23.3988 -8.5734
v  -8.7594 23.5331 -11.8596
v  -2.8649 23.6755 -9.0213
v  -4.8212 23.1175 -0.5978
v  -5.9044 8.3315 -2.0000
v  -8.3714 8.0918 -1.3984
v  -10.9151 7.8148 -2.7147
v  -9.7329 7.3921 -9.1222
v  -5.8622 7.5819 -8.6655
v  -49.8870 111.1287 3.0968
v  -46.7511 106.2735 5.6632
v  -46.5364 112.4020 4.0562
v  -49.5958 113.0965 -1.2364
v  -58.4177 112.1021 -1.0129
v  -58.4914 110.2392 2.3866
v  -60.7088 110.9735 2.6220
v  -60.7064 106.0945 4.0911
v  -60.7156 102.3249 -2.0927
v  -58.4700 104.4843 -0.9781
v  -58.4145 106.0167 -4.9992
v  -49.7728 103.9010 -1.2175
v  -49.5050 106.2842 -5.7601
v  -46.3603 102.7027 -1.3342
v  -50.0270 106.3906 4.1781
v  -58.5215 106.2860 3.4153
v  -46.1918 114.3955 -1.2744
v  -45.9232 112.3967 -6.0309
v  -45.9491 106.2795 -7.2444
v  -49.4866 111.0182 -5.2974
v  -58.4047 109.9761 -4.9492
v  -60.7234 105.7793 -5.6755
v  -60.7146 110.6675 -5.3091
v  -60.7127 112.7987 -1.3276
v  -6.2350 115.1555 -7.6670
v  -8.2186 120.4999 -2.5017
v  -6.1814 117.8407 -0.9172
v  -8.8775 119.7581 3.6566
v  -6.9132 113.9302 8.7844
v  -17.3229 116.5524 9.9807
v  -3.8236 107.0939 12.5406
v  -13.8542 122.8089 -5.7885
v  -20.1487 124.3761 -2.9170
v  -13.9024 123.6153 0.6083
v  -20.8076 123.6344 3.2413
v  -15.1720 121.3253 6.5281
v  -19.9342 109.2654 12.6500
v  -11.3159 100.8494 13.7850
v  -5.0150 99.5879 14.1491
v  3.1504 106.1896 -13.6049
v  6.2350 115.1555 -7.6670
v  6.1814 117.8407 -0.9172
v  6.9132 113.9302 8.7844
v  3.8236 107.0939 12.5406
v  11.7009 100.7564 -12.9468
v  4.5062 100.9970 -13.1087
v  19.0984 108.4186 -13.2308
v  30.1524 117.6077 -7.7407
v  31.4702 117.1240 4.5759
v  19.9342 109.2654 12.6500
v  11.3159 100.8494 13.7850
v  5.0150 99.5879 14.1491
v  3.9549 7.9723 -2.5412
v  13.9001 4.8472 -6.1985
v  3.3207 4.8472 -6.1985
v  3.9937 8.5046 -8.3281
v  13.2270 8.5046 -9.5283
v  12.8189 11.6296 -5.6662
v  13.2658 7.9723 -2.5412
v  4.4018 11.6296 -5.6662
v  3.1356 4.1340 -5.8674
v  0.4752 4.0711 12.7424
v  5.7542 9.6870 -0.7380
v  5.0000 9.6453 14.3939
v  14.0671 8.5040 12.2604
v  11.4577 8.9735 -1.6627
v  18.3796 3.6290 9.9747
v  12.9829 4.4568 -7.6105
v  29.5631 109.8107 7.5860
v  34.0286 114.5298 3.4940
v  12.7522 106.2692 11.0710
v  17.0498 115.8857 -2.5756
v  35.3592 116.1258 -1.9349
v  33.8569 113.8963 -7.6684
v  12.9720 107.1544 -12.0764
v  27.0768 106.7716 -12.2155
v  13.4442 115.8993 -2.2924
v  5.9287 116.9763 -2.4399
v  3.8944 107.3803 -12.5476
v  1.9102 88.2161 -12.6345
v  11.0824 88.2161 -10.4193
v  4.3705 105.6325 12.1740
v  1.5596 89.6982 16.3032
v  10.5674 89.5656 13.5442
v  -17.0498 115.8857 -2.5756
v  -12.9720 107.1544 -12.0764
v  -13.4442 115.8993 -2.2924
v  -5.9287 116.9762 -2.4399
v  -3.8944 107.3803 -12.5476
v  -1.9102 88.2161 -12.6345
v  -11.0824 88.2161 -10.4193
v  -12.7522 106.2692 11.0710
v  -4.3705 105.6325 12.1740
v  -1.5596 89.6982 16.3032
v  -10.5674 89.5656 13.5441
v  -3.3207 4.8472 -6.1985
v  -3.9549 7.9723 -2.5412
v  -13.9001 4.8472 -6.1985
v  -3.9641 8.5046 -8.3845
v  -13.2567 8.5046 -8.9692
v  -12.8189 11.6296 -5.6662
v  -13.2658 7.9723 -2.5412
v  -4.4018 11.6296 -5.6662
v  3.5488 23.4858 -5.1322
v  3.5606 28.7218 -1.9498
v  4.6155 31.3506 2.7355
v  7.9361 32.0378 5.4673
v  11.8571 30.8696 2.7462
v  13.6141 28.1508 -2.1747
v  13.9540 23.3177 -5.1322
v  -8.7081 75.2843 11.1833
v  -8.7264 70.1761 11.6944
v  0.0000 75.2843 13.7726
v  0.0000 70.1761 14.3417
v  8.7264 70.1761 11.6944
v  8.7080 75.2843 11.1833
v  -29.5631 109.8107 7.5860
v  -34.0286 114.5298 3.4940
v  -35.3592 116.1258 -1.9349
v  -33.8569 113.8963 -7.6684
v  -27.0768 106.7716 -12.2155
v  -0.4752 4.0711 12.7424
v  -3.1356 4.1340 -5.8674
v  -5.7542 9.6870 -0.7380
v  -5.0000 9.6453 14.3939
v  -14.0671 8.5040 12.2604
v  -11.4577 8.9735 -1.6627
v  -18.3796 3.6290 9.9747
v  -12.9829 4.4568 -7.6105
v  -3.5488 23.4858 -5.1322
v  -3.5606 28.7218 -1.9498
v  -4.6155 31.3506 2.7355
v  -7.9361 32.0378 5.4673
v  -11.8571 30.8696 2.7462
v  -13.6141 28.1508 -2.1747
v  -13.9540 23.3177 -5.1322
v  14.6902 126.9303 3.7061
v  14.6480 134.4273 1.9637
v  12.5163 133.4664 12.9662
v  6.0958 126.1176 26.3393
v  6.5008 133.5756 25.1858
v  5.7452 140.6112 22.2350
v  11.1999 140.3682 10.9636
v  11.5173 142.2614 9.3435
v  11.6771 149.7833 5.5982
v  8.0871 151.8175 11.0395
v  0.0118 152.9241 14.4773
v  -8.0634 151.8175 11.0395
v  -11.6534 149.7833 5.5982
v  -11.4937 142.2613 9.3435
v  -14.6243 134.4273 1.9637
v  -11.1763 140.3682 10.9636
v  -12.4926 133.4664 12.9662
v  -5.7215 140.6112 22.2350
v  -6.4771 133.5756 25.1858
v  -6.0722 126.1176 26.3393
v  -14.6665 126.9303 3.7061
v  13.4974 149.3618 -2.8088
v  -13.3084 155.8423 -1.1942
v  -13.4818 152.4476 -3.5834
v  -13.5215 149.3618 -2.9129
# 336 vertices

vn 0.0000 0.9979 -0.0650
vn -0.4913 0.8305 0.2625
vn 0.0000 0.9342 0.3567
vn 0.4913 0.8305 0.2625
vn 0.4868 0.8308 -0.2698
vn 0.8096 0.5870 -0.0053
vn 0.7016 0.1499 -0.6966
vn -0.5647 0.6820 0.4648
vn -0.4478 0.7350 0.5091
vn -0.3963 0.8120 -0.4285
vn -0.4838 0.6595 -0.5753
vn 0.1220 0.5752 -0.8089
vn -0.0609 0.2420 -0.9684
vn 0.0803 0.1585 -0.9841
vn -0.0330 -0.0688 -0.9971
vn -0.0194 -0.0901 -0.9957
vn 0.5368 -0.1312 -0.8334
vn 0.0000 -0.0132 -0.9999
vn 0.0000 0.0402 -0.9992
vn -0.5368 -0.1312 -0.8334
vn -0.6053 -0.1130 -0.7879
vn -0.9855 -0.1631 -0.0458
vn -0.9954 -0.0942 0.0202
vn -0.7220 0.0214 0.6916
vn -0.6532 -0.0334 0.7564
vn -0.0015 0.0099 0.9999
vn -0.3092 0.1589 0.9376
vn 0.3092 0.1589 0.9376
vn 0.7252 0.0159 0.6884
vn 0.6563 -0.0314 0.7538
vn 0.9955 -0.0939 -0.0093
vn 0.9854 -0.1659 -0.0395
vn 0.5989 -0.1116 -0.7930
vn 0.3801 -0.0761 -0.9218
vn 0.0000 0.0018 -1.0000
vn -0.3801 -0.0761 -0.9218
vn -0.9048 -0.1185 -0.4091
vn -0.9649 -0.1065 0.2399
vn -0.5674 -0.1610 0.8075
vn 0.0000 -0.1580 0.9874
vn 0.5667 -0.1631 0.8076
vn 0.9649 -0.1048 0.2410
vn 0.9033 -0.1241 -0.4106
vn 0.5017 0.5022 -0.7044
vn 0.5148 -0.3187 -0.7959
vn -0.0990 0.4951 -0.8632
vn -0.0978 0.9951 0.0110
vn 0.2565 0.5381 -0.8029
vn 0.2188 -0.4764 -0.8516
vn 0.3323 -0.3404 -0.8796
vn -0.3051 -0.9519 -0.0284
vn 0.9981 0.0161 -0.0597
vn 0.0100 0.6457 -0.7635
vn 0.2671 0.9629 -0.0381
vn 0.2859 0.6070 0.7415
vn -0.0880 0.5926 0.8007
vn 0.5203 0.5703 0.6356
vn 0.4660 -0.3554 0.8103
vn 0.3269 -0.9417 -0.0799
vn -0.3168 -0.9412 0.1170
vn -0.1910 -0.4945 -0.8479
vn 0.1973 -0.9800 -0.0252
vn 0.2591 -0.4475 0.8559
vn -0.1264 -0.4662 0.8756
vn -0.4035 -0.3416 0.8488
vn -0.4366 0.5955 0.6744
vn -0.4981 0.8671 0.0018
vn 0.5035 0.8625 -0.0517
vn -0.1220 0.5752 -0.8089
vn 0.1206 0.9710 -0.2062
vn 0.3963 0.8120 -0.4285
vn 0.1714 0.9036 0.3926
vn 0.4478 0.7350 0.5091
vn 0.0190 0.5066 0.8620
vn -0.2098 0.6925 0.6903
vn -0.5886 0.6968 0.4098
vn -0.3050 0.9412 0.1455
vn -0.6478 0.7412 -0.1761
vn -0.2938 0.8235 -0.4853
vn -0.6134 -0.7119 0.3420
vn -0.2539 -0.9661 -0.0467
vn -0.0134 -0.7449 0.6670
vn -0.0339 -0.9871 -0.1564
vn 0.1973 -0.9774 -0.0753
vn 0.6267 -0.6903 0.3617
vn 0.8568 -0.2505 0.4508
vn 0.9617 -0.1510 0.2286
vn 0.5026 -0.1418 0.8528
vn 0.1313 -0.1868 0.9736
vn -0.7728 -0.2014 0.6018
vn -0.5438 -0.1186 0.8308
vn -0.9713 -0.0920 0.2195
vn -0.7095 -0.2186 -0.6700
vn -0.4336 -0.1006 -0.8955
vn 0.5326 -0.2828 -0.7977
vn 0.4752 -0.1192 -0.8718
vn 0.8843 -0.4661 -0.0267
vn -0.5463 0.5683 -0.6154
vn -0.5133 0.6016 -0.6121
vn -0.2196 0.6415 -0.7350
vn 0.4976 -0.6265 0.5999
vn -0.1282 0.8035 -0.5813
vn 0.0705 0.6485 -0.7579
vn 0.2457 -0.9605 -0.1303
vn 0.3950 0.6807 -0.6169
vn 0.4032 0.5834 -0.7050
vn 0.5394 0.5566 -0.6319
vn 0.7132 0.5160 -0.4745
vn 0.7739 0.5931 -0.2219
vn 0.7748 0.4733 -0.4192
vn 1.0000 0.0000 -0.0000
vn -0.7258 -0.4806 0.4921
vn -0.7196 -0.5484 0.4260
vn 0.7905 0.6031 -0.1070
vn 0.7908 0.6025 -0.1080
vn -0.3511 -0.7088 0.6118
vn -0.3190 -0.7772 0.5424
vn -0.0740 -0.9143 0.3982
vn 0.0000 -0.9228 0.3853
vn 0.0740 -0.9143 0.3982
vn -0.0740 0.9143 -0.3982
vn 0.3190 -0.7772 0.5424
vn 0.5231 -0.7107 0.4704
vn 0.3511 -0.7088 0.6118
vn 0.7906 -0.6028 0.1076
vn 0.8667 -0.4888 0.0992
vn 0.7872 -0.5166 0.3367
vn 0.7276 -0.4851 0.4851
vn -0.7196 0.5484 -0.4260
vn 0.6626 -0.5333 0.5259
vn 0.3670 -0.5647 0.7392
vn 0.1238 -0.6331 0.7641
vn 0.1874 -0.6539 0.7330
vn -0.1874 -0.6539 0.7330
vn -0.1238 -0.6331 0.7641
vn -0.4976 -0.6265 0.5999
vn -0.3670 -0.5647 0.7392
vn -0.6626 -0.5332 0.5259
vn -0.9092 -0.4059 0.0928
vn -0.7905 -0.6031 0.1070
vn -0.7908 -0.6025 0.1080
vn 0.3511 0.7088 -0.6118
vn 0.3190 0.7772 -0.5424
vn 0.0740 0.9143 -0.3982
vn 0.0775 0.9200 -0.3841
vn -0.0775 0.9200 -0.3841
vn -0.3190 0.7772 -0.5424
vn -0.3511 0.7088 -0.6118
vn 0.7908 -0.6025 0.1080
vn 0.7905 -0.6031 0.1070
vn 0.9092 -0.4059 0.0928
vn 0.7196 -0.5484 0.4260
vn 0.7648 -0.3253 0.5561
vn 0.9989 -0.0447 0.0103
vn 0.9988 -0.0482 -0.0002
vn 0.9988 -0.0456 0.0158
vn 0.9989 -0.0341 0.0320
vn 0.9990 -0.0236 0.0374
vn 0.9987 -0.0143 0.0481
vn 0.7774 -0.5836 0.2346
vn 0.6351 -0.7212 0.2766
vn -0.6344 -0.7231 0.2731
vn -0.7796 -0.5825 0.2298
vn -0.9990 -0.0127 0.0426
vn -0.9992 -0.0209 0.0332
vn -0.9991 -0.0302 0.0284
vn -0.9992 -0.0396 0.0091
vn -0.9991 -0.0404 0.0140
vn -0.9991 -0.0426 -0.0003
vn -0.7669 -0.3209 0.5558
vn -0.6013 -0.3875 0.6987
vn 0.6019 -0.3901 0.6969
vn 0.0852 0.6484 -0.7565
vn -0.9257 0.2297 0.3005
vn -0.6163 0.7788 0.1172
vn 0.0000 0.7327 -0.6806
vn 0.0000 0.8317 0.5553
vn 0.6162 0.7788 0.1172
vn -0.0852 0.6484 -0.7565
vn 0.9553 0.1044 0.2765
vn 0.9450 -0.1546 0.2883
vn 0.9785 0.0057 0.2060
vn 0.9740 0.0731 0.2146
vn 0.9775 0.0566 0.2030
vn 0.0000 0.8159 -0.5783
vn 0.5185 0.5337 -0.6681
vn 0.0000 0.3448 -0.9387
vn -0.5185 0.5337 -0.6681
vn -0.4868 0.8308 -0.2698
vn -0.7016 0.1499 -0.6966
vn 0.0000 -0.0866 -0.9962
vn -0.8096 0.5870 -0.0053
vn -0.9383 0.2421 -0.2469
vn -0.8230 -0.0652 -0.5643
vn -0.4698 -0.2414 -0.8491
vn 0.0000 -0.3617 -0.9323
vn 0.4698 -0.2414 -0.8491
vn 0.8230 -0.0652 -0.5643
vn 0.9383 0.2421 -0.2469
vn 0.8547 0.4653 0.2302
vn 0.4360 0.7594 0.4830
vn 0.0000 0.8078 0.5895
vn -0.4360 0.7594 0.4830
vn -0.8547 0.4653 0.2302
vn 0.8265 -0.3314 -0.4551
vn 0.7806 -0.4355 -0.4483
vn 0.5197 -0.4750 -0.7101
vn 0.4086 -0.4741 -0.7799
vn 0.0000 -0.4453 -0.8954
vn 0.0000 -0.4342 -0.9008
vn -0.4086 -0.4741 -0.7799
vn -0.5197 -0.4750 -0.7101
vn -0.7806 -0.4355 -0.4483
vn -0.8265 -0.3314 -0.4551
vn -0.9200 -0.2997 -0.2527
vn -0.9371 -0.0626 -0.3433
vn -0.8161 0.3150 0.4845
vn 0.0074 0.5123 0.8588
vn -0.7832 0.5303 -0.3246
vn -0.0340 0.5847 -0.8106
vn 0.7438 0.5696 -0.3498
vn 0.8127 0.3229 0.4850
vn 0.7728 -0.2014 0.6018
vn -0.1313 -0.1868 0.9736
vn -0.8568 -0.2505 0.4508
vn -0.5326 -0.2828 -0.7977
vn 0.7095 -0.2186 -0.6700
vn -0.2859 0.6070 0.7415
vn 0.4035 -0.3416 0.8488
vn 0.4366 0.5955 0.6744
vn -0.2671 0.9629 -0.0381
vn 0.0978 0.9951 0.0110
vn 0.0880 0.5926 0.8007
vn -0.5203 0.5703 0.6356
vn -0.4660 -0.3554 0.8103
vn -0.3269 -0.9417 -0.0799
vn 0.3168 -0.9412 0.1170
vn 0.1910 -0.4945 -0.8479
vn -0.1973 -0.9800 -0.0252
vn -0.2188 -0.4764 -0.8516
vn 0.3051 -0.9519 -0.0284
vn -0.2591 -0.4475 0.8559
vn 0.1264 -0.4662 0.8756
vn 0.4981 0.8671 0.0018
vn 0.2693 0.6275 -0.7305
vn -0.9981 0.0161 -0.0597
vn -0.7653 -0.2135 -0.6072
vn -0.2565 0.5381 -0.8029
vn 0.0990 0.4951 -0.8632
vn -0.5149 -0.3186 -0.7959
vn -0.5017 0.5022 -0.7044
vn -0.5035 0.8625 -0.0517
vn 0.5076 0.6329 -0.5846
vn 0.6478 0.7412 -0.1761
vn 0.8122 0.5819 0.0415
vn 0.5886 0.6968 0.4098
vn 0.3352 0.6098 0.7181
vn -0.0190 0.5066 0.8620
vn 0.0678 0.2986 0.9520
vn 0.2938 0.8235 -0.4853
vn -0.1206 0.9710 -0.2062
vn 0.3050 0.9412 0.1455
vn -0.1714 0.9036 0.3926
vn 0.2098 0.6925 0.6903
vn -0.0892 0.3365 0.9374
vn 0.0135 0.1798 0.9836
vn -0.0141 0.2117 0.9772
vn -0.0803 0.1585 -0.9841
vn -0.5076 0.6329 -0.5846
vn -0.8122 0.5819 0.0415
vn -0.3352 0.6098 0.7181
vn -0.0678 0.2986 0.9520
vn 0.0299 -0.0737 -0.9968
vn 0.0194 -0.0901 -0.9957
vn 0.0609 0.2420 -0.9684
vn 0.4838 0.6595 -0.5753
vn 0.5647 0.6820 0.4648
vn 0.0892 0.3365 0.9374
vn -0.0135 0.1798 0.9836
vn 0.0141 0.2117 0.9772
vn 0.0000 1.0000 0.0081
vn 0.8140 -0.0650 -0.5773
vn 0.0000 0.7603 -0.6496
vn 0.0000 -0.5032 -0.8642
vn -0.0339 0.0325 -0.9989
vn 0.5070 0.0872 -0.8575
vn 0.4976 0.8655 0.0575
vn 0.6788 0.5232 0.5152
vn 0.0000 1.0000 -0.0030
vn -0.9864 0.1601 -0.0368
vn -0.9876 0.1569 0.0063
vn -0.9876 0.1570 0.0056
vn -0.9872 0.1543 0.0394
vn -0.8507 0.5119 -0.1199
vn -0.7929 0.6066 -0.0578
vn -0.4841 0.8728 -0.0623
vn -0.3840 0.9232 -0.0166
vn 0.4244 0.9041 -0.0493
vn 0.5647 0.8159 -0.1239
vn 0.7400 0.6584 -0.1378
vn 0.7999 0.5587 -0.2192
vn 0.0236 0.6421 0.7662
vn -0.0468 0.8911 0.4513
vn -0.1003 0.8005 0.5909
vn -0.1186 0.9897 -0.0802
vn -0.0119 0.9993 -0.0356
vn -0.0253 0.8381 -0.5450
vn -0.0734 0.6950 -0.7153
vn 0.0061 0.5338 -0.8456
vn 0.0493 -0.7459 0.6643
vn -0.0367 -0.7442 0.6669
vn -0.0026 -0.8553 0.5181
vn -0.1271 -0.9901 0.0600
vn -0.0539 -0.7187 0.6932
vn 0.1819 -0.0774 -0.9803
vn 0.0518 -0.0008 -0.9987
vn 0.2334 -0.1078 -0.9664
vn 0.0491 0.8091 0.5856
vn 0.0422 0.8095 0.5856
vn 0.0880 0.5993 0.7957
vn 0.0823 0.4536 0.8874
vn -0.0998 -0.7808 -0.6167
vn 0.2392 0.1417 0.9606
vn 0.2927 0.1025 0.9507
vn -0.0494 -0.7459 0.6643
vn 0.0026 -0.8553 0.5181
vn 0.0367 -0.7442 0.6669
vn -0.0006 0.0095 1.0000
vn 0.0539 -0.7187 0.6932
vn -0.0518 -0.0008 -0.9987
vn -0.1819 -0.0774 -0.9803
vn -0.2334 -0.1078 -0.9664
vn -0.0491 0.8091 0.5856
vn -0.0880 0.5993 0.7957
vn -0.0631 0.7996 0.5972
vn -0.0854 0.5010 0.8612
vn -0.2392 0.1417 0.9606
vn -0.2927 0.1025 0.9507
vn 0.0000 -0.9881 -0.1541
vn 0.0000 -0.1480 0.9890
vn -0.6408 -0.7619 -0.0948
vn 0.0165 0.0307 -0.9994
vn -0.5427 0.1012 -0.8338
vn -0.4996 0.8656 0.0353
vn -0.5631 -0.0322 0.8258
vn 0.0000 1.0000 -0.0000
vn 0.9869 0.1592 -0.0241
vn 0.9876 0.1566 0.0109
vn 0.9876 0.1565 0.0115
vn 0.9872 0.1543 0.0394
vn -0.9546 -0.1531 0.2554
vn -0.9486 -0.1455 0.2811
vn -0.6907 -0.2861 0.6641
vn -0.0660 -0.3979 0.9151
vn 0.5810 -0.3155 0.7503
vn 0.9419 -0.0632 0.3299
vn 0.9671 -0.0798 0.2416
vn -0.2837 0.0965 0.9541
vn -0.2853 0.0996 0.9532
vn 0.0000 0.1074 0.9942
vn 0.0000 0.1107 0.9939
vn 0.2853 0.0996 0.9532
vn 0.2837 0.0965 0.9541
vn 0.0236 -0.6421 -0.7662
vn -0.0468 -0.8911 -0.4513
vn -0.1003 -0.8005 -0.5909
vn -0.1186 -0.9897 0.0802
vn -0.0119 -0.9993 0.0356
vn -0.0253 -0.8381 0.5450
vn -0.0734 -0.6950 0.7153
vn 0.0061 -0.5338 0.8456
vn 0.7929 0.6066 -0.0578
vn 0.8507 0.5119 -0.1199
vn 0.4841 0.8728 -0.0623
vn 0.3840 0.9232 -0.0166
vn -0.4244 0.9041 -0.0493
vn -0.5647 0.8159 -0.1239
vn -0.7400 0.6584 -0.1378
vn -0.7999 0.5587 -0.2192
vn 0.9546 -0.1531 0.2554
vn 0.9486 -0.1455 0.2811
vn 0.6907 -0.2861 0.6641
vn 0.0660 -0.3979 0.9151
vn 0.5300 -0.3424 0.7758
vn -0.4866 -0.3424 0.8037
vn -0.5810 -0.3155 0.7503
vn -0.9419 -0.0632 0.3299
vn -0.9671 -0.0798 0.2416
vn 0.9680 -0.0309 0.2491
vn 0.9676 0.1252 0.2195
vn 0.9392 0.0758 0.3349
vn 0.9097 -0.0433 0.4130
vn 0.8904 0.1271 0.4372
vn 0.8649 0.2748 0.4201
vn 0.9269 0.2077 0.3127
vn 0.9580 0.1160 0.2624
vn 0.9437 0.0831 0.3201
vn 0.6991 0.0509 0.7132
vn 0.0000 0.0048 1.0000
vn -0.6991 0.0509 0.7132
vn -0.9437 0.0831 0.3201
vn -0.9740 0.0731 0.2146
vn -0.9580 0.1160 0.2624
vn -0.9676 0.1252 0.2195
vn -0.9269 0.2077 0.3127
vn -0.9392 0.0758 0.3349
vn -0.8649 0.2748 0.4201
vn -0.8904 0.1271 0.4372
vn -0.9097 -0.0433 0.4130
vn -0.9680 -0.0309 0.2491
vn 0.9371 -0.0626 -0.3433
vn 0.9200 -0.2997 -0.2527
vn 0.8758 -0.4681 -0.1176
vn 0.9450 0.1546 -0.2883
vn -0.5894 0.7811 -0.2062
vn -0.9829 0.0372 0.1803
vn -0.9775 0.0566 0.2030
vn -0.8758 -0.4681 -0.1176
# 418 vertex normals

vt 0.3757 0.4162 0.0000
vt 0.4187 0.4445 0.0000
vt 0.3761 0.4624 0.0000
vt 0.3336 0.4459 0.0000
vt 0.3421 0.3914 0.0000
vt 0.2986 0.4070 0.0000
vt 0.3097 0.3206 0.0000
vt 0.7656 0.6529 0.0000
vt 0.8153 0.6828 0.0000
vt 0.8153 0.8172 0.0000
vt 0.7656 0.8471 0.0000
vt 0.8750 0.8281 0.0000
vt 0.7656 0.9844 0.0000
vt 0.9844 0.8546 0.0000
vt 0.8750 0.9844 0.0000
vt 0.9844 0.9844 0.0000
vt 0.3594 0.9037 0.0000
vt 0.4922 0.7170 0.0000
vt 0.4922 0.9922 0.0000
vt 0.3801 0.7201 0.0000
vt 0.2853 0.8947 0.0000
vt 0.2578 0.7253 0.0000
vt 0.1406 0.8906 0.0000
vt 0.1158 0.7357 0.0000
vt 0.0078 0.7370 0.0000
vt 0.0078 0.9609 0.0000
vt 0.1221 0.7356 0.0000
vt 0.2584 0.7256 0.0000
vt 0.2664 0.8947 0.0000
vt 0.3647 0.7201 0.0000
vt 0.4036 0.5078 0.0000
vt 0.4922 0.5078 0.0000
vt 0.4087 0.5078 0.0000
vt 0.3173 0.5078 0.0000
vt 0.2204 0.5078 0.0000
vt 0.1110 0.5078 0.0000
vt 0.0078 0.5078 0.0000
vt 0.1118 0.5078 0.0000
vt 0.2173 0.5078 0.0000
vt 0.3113 0.5078 0.0000
vt 0.4164 0.2344 0.0000
vt 0.3404 0.2344 0.0000
vt 0.4083 0.2031 0.0000
vt 0.4844 0.2031 0.0000
vt 0.4161 0.0625 0.0000
vt 0.3443 0.0625 0.0000
vt 0.3523 0.0156 0.0000
vt 0.2656 0.0156 0.0000
vt 0.4240 0.0156 0.0000
vt 0.4844 0.0625 0.0000
vt 0.4187 0.0625 0.0000
vt 0.4176 0.2031 0.0000
vt 0.4234 0.2344 0.0000
vt 0.3543 0.2344 0.0000
vt 0.2656 0.2344 0.0000
vt 0.2656 0.2031 0.0000
vt 0.3379 0.2031 0.0000
vt 0.2656 0.0625 0.0000
vt 0.3505 0.0625 0.0000
vt 0.3489 0.2031 0.0000
vt 0.3566 0.0156 0.0000
vt 0.4222 0.0156 0.0000
vt 0.4844 0.0156 0.0000
vt 0.4844 0.2344 0.0000
vt 0.8527 0.7948 0.0000
vt 0.8527 0.7052 0.0000
vt 0.8452 0.6155 0.0000
vt 0.8826 0.6753 0.0000
vt 0.9573 0.6828 0.0000
vt 0.9124 0.7500 0.0000
vt 0.9573 0.8085 0.0000
vt 0.8975 0.8172 0.0000
vt 0.6875 0.4063 0.0000
vt 0.5876 0.4063 0.0000
vt 0.7422 0.4063 0.0000
vt 0.5109 0.4063 0.0000
vt 0.5899 0.4063 0.0000
vt 0.6774 0.2578 0.0000
vt 0.7422 0.2578 0.0000
vt 0.6894 0.2578 0.0000
vt 0.5391 0.2578 0.0000
vt 0.5452 0.2578 0.0000
vt 0.6759 0.0469 0.0000
vt 0.6354 0.2344 0.0000
vt 0.6546 0.0469 0.0000
vt 0.5827 0.2344 0.0000
vt 0.5980 0.0469 0.0000
vt 0.5143 0.2344 0.0000
vt 0.5143 0.0469 0.0000
vt 0.7182 0.1995 0.0000
vt 0.7189 0.2344 0.0000
vt 0.7179 0.0469 0.0000
vt 0.7170 0.0156 0.0000
vt 0.6855 0.0156 0.0000
vt 0.6642 0.0156 0.0000
vt 0.6006 0.0156 0.0000
vt 0.5143 0.0156 0.0000
vt 0.0187 0.3752 0.0000
vt 0.0956 0.3752 0.0000
vt 0.0634 0.4834 0.0000
vt 0.1049 0.4834 0.0000
vt 0.1482 0.4834 0.0000
vt 0.1656 0.3752 0.0000
vt 0.1767 0.4834 0.0000
vt 0.2343 0.3752 0.0000
vt 0.2343 0.4834 0.0000
vt 0.0187 0.4834 0.0000
vt 0.1921 0.2885 0.0000
vt 0.0938 0.3432 0.0000
vt 0.1719 0.3383 0.0000
vt 0.2344 0.2822 0.0000
vt 0.2344 0.3383 0.0000
vt 0.0555 0.3588 0.0000
vt 0.0156 0.3432 0.0000
vt 0.0156 0.2651 0.0000
vt 0.0096 0.2961 0.0000
vt 0.3750 0.3650 0.0000
vt 0.3424 0.3481 0.0000
vt 0.3745 0.3273 0.0000
vt 0.4072 0.3471 0.0000
vt 0.4087 0.3904 0.0000
vt 0.4391 0.3185 0.0000
vt 0.3740 0.2889 0.0000
vt 0.4527 0.4046 0.0000
vt 0.4956 0.3571 0.0000
vt 0.4771 0.3068 0.0000
vt 0.4366 0.2706 0.0000
vt 0.3734 0.2544 0.0000
vt 0.3109 0.2726 0.0000
vt 0.2713 0.3101 0.0000
vt 0.2544 0.3610 0.0000
vt 0.2680 0.4294 0.0000
vt 0.3320 0.4885 0.0000
vt 0.3770 0.4956 0.0000
vt 0.4217 0.4870 0.0000
vt 0.4840 0.4259 0.0000
vt 0.1673 0.1719 0.0000
vt 0.1741 0.2422 0.0000
vt 0.2005 0.1719 0.0000
vt 0.2109 0.2422 0.0000
vt 0.2346 0.1719 0.0000
vt 0.2346 0.2422 0.0000
vt 0.1346 0.2066 0.0000
vt 0.1273 0.1719 0.0000
vt 0.7352 0.2578 0.0000
vt 0.6800 0.2578 0.0000
vt 0.9844 0.8172 0.0000
vt 0.9844 0.7575 0.0000
vt 0.9844 0.6603 0.0000
vt 0.9844 0.6091 0.0000
vt 0.7656 0.5156 0.0000
vt 0.8906 0.5156 0.0000
vt 0.9844 0.5156 0.0000
vt 0.8517 0.1875 0.0000
vt 0.7892 0.3438 0.0000
vt 0.7892 0.1875 0.0000
vt 0.8517 0.2813 0.0000
vt 0.9142 0.3438 0.0000
vt 0.9142 0.1875 0.0000
vt 0.7651 0.2694 0.0000
vt 0.7651 0.0143 0.0000
vt 0.9861 0.2013 0.0000
vt 0.9861 0.0143 0.0000
vt 0.9041 0.0143 0.0000
vt 0.9189 0.2013 0.0000
vt 0.7422 0.0156 0.0000
vt 0.6528 0.0156 0.0000
vt 0.7422 0.1797 0.0000
vt 0.5703 0.1797 0.0000
vt 0.5703 0.0156 0.0000
vt 0.6219 0.0156 0.0000
vt 0.7333 0.9057 0.0000
vt 0.6719 0.9057 0.0000
vt 0.7344 0.8542 0.0000
vt 0.5156 0.9844 0.0000
vt 0.5078 0.9101 0.0000
vt 0.5078 0.5156 0.0000
vt 0.7344 0.5156 0.0000
vt 0.7344 0.9844 0.0000
vt 0.6727 0.9844 0.0000
vt 0.7344 0.8443 0.0000
vt 0.5156 0.8693 0.0000
vt 0.5156 0.5156 0.0000
vt 0.7682 0.1875 0.0000
vt 0.8307 0.1875 0.0000
vt 0.7682 0.3438 0.0000
vt 0.8307 0.2813 0.0000
vt 0.8932 0.3438 0.0000
vt 0.8932 0.1875 0.0000
vt 0.6406 0.4922 0.0000
vt 0.6562 0.4922 0.0000
vt 0.7031 0.4922 0.0000
vt 0.7422 0.4922 0.0000
vt 0.9844 0.4844 0.0000
vt 0.9844 0.3750 0.0000
vt 0.7656 0.4844 0.0000
vt 0.7656 0.3750 0.0000
vt 0.7341 0.0126 0.0000
vt 0.6212 0.0126 0.0000
vt 0.7341 0.2341 0.0000
vt 0.5170 0.2341 0.0000
vt 0.5170 0.0126 0.0000
vt 0.5821 0.0126 0.0000
vt 0.0156 0.0156 0.0000
vt 0.0156 0.1082 0.0000
vt 0.1333 0.0938 0.0000
vt 0.2344 0.0156 0.0000
vt 0.2344 0.0938 0.0000
vt 0.2344 0.1563 0.0000
vt 0.1320 0.1563 0.0000
vt 0.1146 0.1719 0.0000
vt 0.0938 0.2651 0.0000
vt 0.1719 0.2503 0.0000
vt 0.2344 0.2503 0.0000
vt 0.1268 0.2422 0.0000
# 215 texture coords

g Mesh_0169
usemtl Material__25
s 1
f 421/278/549 422/279/550 423/280/551 
s 2
f 421/278/549 423/280/551 424/281/552 
s 3
f 425/282/553 421/278/549 424/281/552 
s 4
f 425/282/553 424/281/552 426/283/554 
s 5
f 427/284/555 425/282/553 426/283/554 
s 10
f 428/285/556 429/286/557 430/287/558 
s 11
f 431/288/559 428/285/556 430/287/558 
s 12
f 431/288/559 430/287/558 432/289/560 
s 13
f 433/290/561 431/288/559 432/289/560 
s 14
f 433/290/561 432/289/560 434/291/562 
s 15
f 435/292/563 433/290/561 434/291/562 
s 16
f 435/292/564 434/291/562 436/293/564 
s 21
f 437/294/565 438/295/566 439/296/567 
s 22
f 439/296/567 438/295/566 440/294/568 
s 23
f 438/295/566 441/297/569 440/294/568 
s 24
f 440/294/568 441/297/569 442/298/570 
s 25
f 441/297/569 443/299/571 442/298/570 
s 26
f 442/298/570 443/299/571 444/300/572 
s 27
f 443/299/571 445/301/573 444/300/572 
s 29
f 445/301/573 446/302/574 444/300/572 
s 30
f 444/300/572 446/302/574 447/303/575 
s 32
f 447/303/576 446/302/574 448/300/577 
s 33
f 446/302/574 449/304/578 448/300/577 
s 35
f 449/304/578 450/305/579 448/300/577 
s 36
f 448/300/577 450/305/579 451/306/580 
s 37
f 450/305/579 452/307/581 451/306/580 
s 38
f 451/306/580 452/307/581 437/294/565 
s 40
f 437/294/565 452/307/581 438/295/566 
s 41
f 452/307/581 453/308/582 438/295/566 
s 42
f 438/295/566 453/308/582 454/309/583 
s 45
f 454/309/583 455/310/584 438/295/566 
s 46
f 438/295/566 455/310/584 441/297/569 
s 47
f 455/310/584 456/311/585 441/297/569 
s 48
f 441/297/569 456/311/585 443/299/571 
s 49
f 456/311/585 457/312/586 443/299/571 
s 50
f 443/299/571 457/312/586 445/301/573 
s 51
f 457/312/586 458/313/587 445/301/573 
s 52
f 445/301/573 458/313/587 446/302/574 
s 53
f 458/313/587 459/314/588 446/302/574 
s 55
f 459/314/588 460/315/589 446/302/574 
s 56
f 446/302/574 460/315/589 449/304/578 
s 57
f 460/315/589 461/316/590 449/304/578 
s 58
f 449/304/578 461/316/590 450/305/579 
s 59
f 461/316/590 462/317/591 450/305/579 
s 60
f 450/305/579 462/317/591 452/307/581 
s 61
f 462/317/591 453/308/582 452/307/581 
s 66
f 463/318/592 464/319/593 465/320/594 
s 67
f 466/321/595 463/318/592 465/320/594 
s 69
f 467/322/596 466/321/595 465/320/594 
s 70
f 467/322/596 465/320/594 468/323/597 
s 71
f 469/324/598 467/322/596 468/323/597 
s 72
f 469/324/598 468/323/597 470/325/599 
s 74
f 470/325/600 469/324/600 471/326/601 
s 75
f 467/322/596 469/324/598 471/326/601 
s 76
f 467/322/596 471/326/601 472/327/602 
s 77
f 466/321/595 467/322/596 472/327/602 
s 78
f 466/321/595 472/327/602 473/328/603 
s 80
f 466/321/595 473/328/603 474/329/604 
s 81
f 475/330/605 466/321/595 474/329/604 
s 82
f 475/330/605 474/329/604 476/331/606 
s 83
f 477/332/607 475/330/605 476/331/606 
s 84
f 477/332/607 476/331/606 478/333/608 
s 85
f 479/334/609 477/332/607 478/333/608 
s 86
f 479/334/609 478/333/608 480/335/610 
s 89
f 480/335/610 478/333/608 481/336/611 
s 90
f 481/336/611 478/333/608 482/337/612 
s 91
f 478/333/608 476/331/606 482/337/612 
s 93
f 476/331/606 474/329/604 482/337/612 
s 94
f 482/337/612 474/329/604 481/336/611 
s 95
f 474/329/604 473/328/603 481/336/611 
s 96
f 481/336/611 473/328/603 483/338/613 
s 98
f 483/338/613 473/328/603 484/339/614 
s 99
f 473/328/603 472/327/602 484/339/614 
s 100
f 484/339/614 472/327/602 485/340/615 
s 101
f 472/327/602 471/326/601 485/340/615 
s 103
f 471/326/601 470/325/599 485/340/615 
s 104
f 485/340/615 470/325/599 484/339/614 
s 105
f 470/325/599 483/338/613 484/339/614 
s 108
f 481/336/611 483/338/613 470/325/599 
s 109
f 480/335/610 481/336/611 470/325/599 
s 110
f 480/335/610 470/325/599 468/323/597 
s 111
f 479/334/609 480/335/610 468/323/597 
s 112
f 479/334/609 468/323/597 465/320/594 
s 114
f 479/334/609 465/320/594 464/319/593 
s 115
f 477/332/607 479/334/609 464/319/593 
s 116
f 477/332/607 464/319/593 463/318/592 
s 117
f 486/341/616 477/332/607 463/318/592 
s 118
f 486/341/616 463/318/592 466/321/595 
s 120
f 486/341/616 466/321/595 475/330/605 
s 121
f 477/332/607 486/341/616 475/330/605 
s 126
f 487/289/617 488/342/618 489/287/619 
s 127
f 488/342/618 490/343/620 489/287/619 
s 128
f 489/287/619 490/343/620 491/286/621 
s 130
f 491/286/621 490/343/620 492/344/622 
s 131
f 490/343/620 493/345/623 492/344/622 
s 132
f 492/344/622 493/345/623 494/346/624 
s 133
f 493/345/623 495/347/625 494/346/624 
s 134
f 494/346/624 495/347/625 496/348/626 
s 135
f 495/347/625 497/349/627 496/348/626 
s 136
f 496/348/626 497/349/627 487/289/617 
s 138
f 487/289/617 497/349/627 488/342/618 
s 139
f 497/349/627 495/347/625 488/342/618 
s 140
f 488/342/618 495/347/625 490/343/620 
s 141
f 495/347/625 493/345/623 490/343/620 
s 146
f 498/350/628 499/351/629 500/352/630 
s 147
f 499/351/629 501/353/631 500/352/630 
s 149
f 501/353/631 502/354/632 500/352/630 
s 150
f 500/352/630 502/354/632 503/350/633 
s 151
f 504/355/634 502/354/635 503/350/635 
s 152
f 504/355/634 503/350/636 500/352/636 
s 153
f 505/356/637 504/355/634 500/352/630 
s 155
f 506/357/638 505/356/637 500/352/630 
s 156
f 506/357/638 500/352/639 498/350/639 
s 158
f 506/357/638 498/350/640 499/351/640 
s 159
f 507/358/641 506/357/638 499/351/629 
s 160
f 507/358/641 499/351/642 501/353/642 
s 161
f 508/359/643 507/358/641 501/353/631 
s 162
f 508/359/643 501/353/644 502/354/644 
s 163
f 504/355/634 508/359/643 502/354/632 
s 168
f 509/360/645 510/361/646 511/362/647 
s 169
f 510/361/646 512/363/648 511/362/647 
s 170
f 512/363/649 511/362/649 513/364/650 
s 171
f 512/363/648 514/365/651 513/364/650 
s 172
f 513/364/650 514/365/651 515/366/652 
s 174
f 515/366/652 514/365/651 516/364/653 
s 175
f 514/365/651 517/363/654 516/364/653 
s 176
f 516/364/653 517/363/654 518/362/655 
s 177
f 517/363/654 519/361/656 518/362/655 
s 178
f 518/362/655 519/361/656 520/360/657 
s 180
f 520/360/657 519/361/656 521/367/658 
s 181
f 519/361/656 522/368/659 521/367/658 
s 184
f 522/368/659 519/361/660 521/367/660 
s 185
f 519/361/661 520/360/661 521/367/658 
s 186
f 520/360/657 521/367/658 523/369/662 
s 187
f 524/370/663 520/360/657 523/369/662 
s 190
f 520/360/657 524/370/663 525/371/664 
s 191
f 520/360/664 518/362/664 525/371/664 
s 192
f 525/371/664 518/362/655 526/372/665 
s 193
f 518/362/665 516/364/665 526/372/665 
s 194
f 516/364/653 526/372/665 527/373/666 
s 195
f 516/364/666 515/366/666 527/373/666 
s 196
f 527/373/666 515/366/652 528/374/667 
s 198
f 528/374/667 515/366/652 529/373/668 
s 199
f 513/364/650 515/366/669 529/373/669 
s 200
f 513/364/650 529/373/668 530/372/659 
s 201
f 513/364/670 511/362/647 530/372/670 
s 202
f 530/372/659 511/362/647 531/371/671 
s 203
f 511/362/672 509/360/672 531/371/671 
s 204
f 531/371/671 509/360/645 532/370/673 
s 206
f 532/370/673 509/360/645 533/369/674 
s 207
f 509/360/645 534/367/675 533/369/674 
s 211
f 535/368/676 510/361/646 534/367/675 
s 212
f 534/367/677 510/361/646 509/360/677 
s 214
f 510/361/678 509/360/645 511/362/678 
s 215
f 512/363/648 510/361/679 511/362/679 
s 216
f 511/362/647 512/363/648 513/364/650 
s 217
f 514/365/651 512/363/680 513/364/680 
s 218
f 514/365/681 513/364/681 515/366/652 
s 220
f 514/365/682 515/366/682 516/364/653 
s 221
f 517/363/654 514/365/683 516/364/683 
s 222
f 517/363/684 516/364/684 518/362/655 
s 223
f 519/361/656 517/363/685 518/362/685 
s 224
f 519/361/686 518/362/686 520/360/657 
s 229
f 521/367/687 520/360/687 523/369/662 
s 230
f 523/369/688 520/360/688 524/370/663 
s 232
f 524/370/689 520/360/689 525/371/664 
s 233
f 518/362/690 520/360/657 525/371/690 
s 234
f 518/362/655 525/371/664 526/372/665 
s 235
f 516/364/653 518/362/691 526/372/691 
s 236
f 526/372/665 516/364/653 527/373/666 
s 237
f 515/366/652 516/364/692 527/373/692 
s 238
f 515/366/693 527/373/666 528/374/693 
s 240
f 515/366/694 528/374/694 529/373/668 
s 241
f 515/366/668 513/364/668 529/373/668 
s 242
f 529/373/668 513/364/650 530/372/659 
s 243
f 511/362/647 513/364/695 530/372/695 
s 244
f 511/362/647 530/372/659 531/371/671 
s 245
f 509/360/645 511/362/696 531/371/696 
s 246
f 531/371/697 509/360/697 532/370/673 
s 247
f 509/360/698 533/369/698 532/370/673 
s 250
f 533/369/699 509/360/699 534/367/675 
s 251
f 509/360/700 510/361/700 534/367/675 
s 252
f 534/367/675 510/361/646 535/368/676 
s 257
f 536/375/701 537/376/702 538/377/703 
s 258
f 538/377/703 537/376/702 539/378/704 
s 260
f 539/378/704 537/376/702 540/379/705 
s 261
f 537/376/702 541/380/706 540/379/705 
s 262
f 540/379/705 541/380/706 542/381/707 
s 263
f 541/380/706 543/382/708 542/381/707 
s 264
f 542/381/707 543/382/708 544/383/709 
s 266
f 544/383/709 543/382/708 545/383/710 
s 267
f 543/382/708 546/382/711 545/383/710 
s 268
f 545/383/710 546/382/711 547/381/712 
s 269
f 546/382/711 548/380/713 547/381/712 
s 270
f 547/381/712 548/380/713 549/379/714 
s 271
f 548/380/713 550/376/715 549/379/714 
s 272
f 549/379/714 550/376/715 551/378/716 
s 274
f 551/378/716 550/376/715 552/377/717 
s 275
f 550/376/715 553/375/718 552/377/717 
s 276
f 552/377/717 553/375/718 554/384/719 
s 277
f 553/375/718 536/375/701 554/384/719 
s 278
f 554/384/719 536/375/701 555/384/720 
s 279
f 536/375/701 538/377/703 555/384/720 
s 284
f 556/385/721 557/386/722 558/387/723 
s 285
f 559/388/724 556/385/721 558/387/723 
s 286
f 559/388/724 558/387/723 560/389/725 
s 288
f 559/388/724 560/389/725 561/387/726 
s 289
f 562/385/727 559/388/724 561/387/726 
s 290
f 562/385/727 561/387/726 563/386/728 
s 294
f 564/390/729 563/386/728 565/391/730 
s 295
f 563/386/728 522/392/731 565/391/730 
s 296
f 565/391/730 522/392/731 566/393/732 
s 301
f 567/394/733 568/395/734 569/396/735 
s 302
f 567/394/733 569/396/735 570/397/736 
s 303
f 571/398/737 567/394/733 570/397/736 
s 305
f 572/399/738 571/398/737 570/397/736 
s 306
f 572/399/738 570/397/736 569/396/735 
s 307
f 573/400/739 572/399/738 569/396/735 
s 309
f 427/284/555 573/400/739 569/396/735 
s 310
f 427/284/555 569/396/735 568/395/734 
s 311
f 425/282/553 427/284/555 568/395/734 
s 312
f 425/282/553 568/395/734 567/394/733 
s 313
f 421/278/549 425/282/553 567/394/733 
s 314
f 421/278/549 567/394/733 571/398/737 
s 315
f 422/279/550 421/278/549 571/398/737 
s 317
f 574/401/740 422/279/550 571/398/737 
s 318
f 574/401/740 571/398/737 572/399/738 
s 319
f 575/402/741 574/401/740 572/399/738 
s 320
f 575/402/741 572/399/738 576/403/742 
s 323
f 577/404/743 576/403/742 572/399/738 
s 324
f 577/404/743 572/399/738 573/400/739 
s 325
f 578/405/744 577/404/743 573/400/739 
s 327
f 579/406/745 578/405/744 573/400/739 
s 328
f 579/406/745 573/400/739 427/284/555 
s 329
f 580/407/746 579/406/745 427/284/555 
s 331
f 581/408/747 580/407/746 427/284/555 
s 332
f 581/408/747 427/284/555 426/283/554 
s 333
f 582/409/748 581/408/747 426/283/554 
s 334
f 582/409/748 426/283/554 424/281/552 
s 335
f 562/410/749 582/409/748 424/281/552 
s 336
f 562/410/749 424/281/552 423/280/551 
s 337
f 559/411/750 562/410/749 423/280/551 
s 339
f 556/412/751 559/411/750 423/280/551 
s 340
f 556/412/751 423/280/551 422/279/550 
s 341
f 583/413/752 556/412/751 422/279/550 
s 342
f 583/413/752 422/279/550 574/401/740 
s 343
f 575/402/741 583/413/752 574/401/740 
s 348
f 580/414/753 519/415/754 579/416/755 
s 349
f 519/415/754 517/417/756 579/416/755 
s 350
f 579/416/755 517/417/756 578/418/757 
s 351
f 517/417/756 514/419/758 578/418/757 
s 353
f 514/419/758 512/417/759 578/418/757 
s 354
f 578/418/757 512/417/759 577/416/760 
s 355
f 512/417/759 510/415/761 577/416/760 
s 356
f 577/416/760 510/415/761 576/414/762 
s 357
f 510/415/761 584/420/763 576/414/762 
s 358
f 576/414/762 584/420/763 575/421/764 
s 363
f 585/350/765 586/352/766 587/354/767 
s 364
f 587/354/767 586/352/766 588/353/768 
s 366
f 588/353/768 586/352/766 589/351/769 
s 367
f 586/352/766 590/350/770 589/351/769 
s 368
f 589/351/769 590/350/770 591/357/771 
s 369
f 590/350/770 586/352/766 591/357/771 
s 370
f 591/357/771 586/352/766 592/422/772 
s 372
f 592/422/772 586/352/766 593/423/773 
s 373
f 586/352/766 585/350/765 593/423/773 
s 375
f 585/350/765 587/354/767 593/423/773 
s 376
f 593/423/773 587/354/767 594/359/774 
s 377
f 587/354/767 588/353/768 594/359/774 
s 378
f 594/359/774 588/353/768 595/358/775 
s 379
f 588/353/768 589/351/769 595/358/775 
s 380
f 595/358/775 589/351/769 591/357/771 
s 385
f 596/328/776 597/338/777 598/339/778 
s 386
f 596/328/776 598/339/778 599/327/779 
s 388
f 596/328/776 599/327/779 600/321/780 
s 389
f 601/329/781 596/328/776 600/321/780 
s 390
f 601/329/781 600/321/780 602/330/782 
s 391
f 603/331/783 601/329/781 602/330/782 
s 392
f 603/331/783 602/330/782 604/332/784 
s 393
f 605/333/785 603/331/783 604/332/784 
s 394
f 605/333/785 604/332/784 606/334/786 
s 395
f 607/335/787 605/333/785 606/334/786 
s 396
f 607/335/787 606/334/786 608/323/788 
s 397
f 609/325/789 607/335/787 608/323/788 
s 400
f 607/335/787 609/325/789 610/336/790 
s 401
f 605/333/785 607/335/787 610/336/790 
s 402
f 605/333/785 610/336/790 611/337/791 
s 403
f 603/331/783 605/333/785 611/337/791 
s 405
f 601/329/781 603/331/783 611/337/791 
s 406
f 601/329/781 611/337/791 610/336/790 
s 407
f 596/328/776 601/329/781 610/336/790 
s 409
f 597/338/777 596/328/776 610/336/790 
s 410
f 597/338/777 610/336/790 609/325/789 
s 411
f 598/339/778 597/338/777 609/325/789 
s 412
f 598/339/778 609/325/789 612/340/792 
s 413
f 599/327/779 598/339/778 612/340/792 
s 415
f 613/326/793 599/327/779 612/340/792 
s 416
f 613/326/793 612/340/792 609/325/789 
s 417
f 613/326/794 614/324/795 609/325/794 
s 418
f 614/324/795 609/325/789 608/323/788 
s 420
f 614/324/795 608/323/788 615/322/796 
s 421
f 613/326/793 614/324/795 615/322/796 
s 422
f 613/326/793 615/322/796 599/327/779 
s 425
f 599/327/779 615/322/796 600/321/780 
s 426
f 600/321/780 615/322/796 616/320/797 
s 427
f 615/322/796 608/323/788 616/320/797 
s 429
f 608/323/788 606/334/786 616/320/797 
s 430
f 616/320/797 606/334/786 617/319/798 
s 431
f 606/334/786 604/332/784 617/319/798 
s 432
f 617/319/798 604/332/784 618/318/799 
s 434
f 618/318/799 604/332/784 619/341/800 
s 435
f 604/332/784 602/330/782 619/341/800 
s 437
f 602/330/782 600/321/780 619/341/800 
s 438
f 619/341/800 600/321/780 618/318/799 
s 439
f 600/321/780 616/320/797 618/318/799 
s 440
f 618/318/799 616/320/797 617/319/798 
s 445
f 620/424/801 434/291/562 432/289/560 
s 446
f 620/424/801 432/289/560 621/348/802 
s 447
f 622/425/803 620/424/801 621/348/802 
s 448
f 622/425/803 621/348/802 623/346/804 
s 449
f 624/426/805 622/425/803 623/346/804 
s 450
f 624/426/805 623/346/804 625/344/806 
s 451
f 626/427/807 624/426/805 625/344/806 
s 456
f 627/349/808 628/342/809 629/347/810 
s 457
f 628/342/809 630/343/811 629/347/810 
s 458
f 629/347/810 630/343/811 631/345/812 
s 459
f 630/343/811 625/344/806 631/345/812 
s 461
f 625/344/806 623/346/804 631/345/812 
s 462
f 631/345/812 623/346/804 629/347/810 
s 463
f 623/346/804 621/348/802 629/347/810 
s 464
f 629/347/810 621/348/802 627/349/808 
s 465
f 621/348/802 432/289/560 627/349/808 
s 466
f 627/349/808 432/289/560 628/342/809 
s 467
f 432/289/560 430/287/558 628/342/809 
s 468
f 628/342/809 430/287/558 630/343/811 
s 469
f 430/287/558 429/286/557 630/343/811 
s 470
f 630/343/811 429/286/557 625/344/806 
s 471
f 429/286/557 428/285/556 625/344/806 
s 473
f 428/285/556 632/428/813 625/344/806 
s 474
f 625/344/806 632/428/813 626/427/807 
s 475
f 632/428/813 633/429/814 626/427/807 
s 476
f 626/427/807 633/429/814 634/430/815 
s 481
f 635/291/816 636/424/817 487/289/617 
s 482
f 487/289/617 636/424/817 496/348/626 
s 483
f 636/424/817 637/425/818 496/348/626 
s 484
f 496/348/626 637/425/818 494/346/624 
s 485
f 637/425/818 638/426/819 494/346/624 
s 486
f 494/346/624 638/426/819 492/344/622 
s 487
f 638/426/819 639/427/820 492/344/622 
s 492
f 640/292/821 641/293/822 635/291/816 
s 493
f 642/290/823 640/292/821 635/291/816 
s 494
f 642/290/823 635/291/816 487/289/617 
s 495
f 643/288/824 642/290/823 487/289/617 
s 496
f 643/288/824 487/289/617 489/287/619 
s 497
f 644/285/825 643/288/824 489/287/619 
s 498
f 644/285/825 489/287/619 491/286/621 
s 500
f 644/285/825 491/286/621 492/344/622 
s 501
f 645/428/826 644/285/825 492/344/622 
s 502
f 645/428/826 492/344/622 639/427/820 
s 503
f 646/429/827 645/428/826 639/427/820 
s 504
f 646/429/827 639/427/820 647/430/828 
s 509
f 648/431/829 649/432/830 650/433/831 
s 510
f 649/432/832 650/433/832 651/431/833 
s 511
f 652/434/834 649/432/830 651/431/833 
s 512
f 652/434/834 651/431/833 653/435/835 
s 513
f 649/432/830 652/434/834 653/435/835 
s 514
f 649/432/830 653/435/835 654/434/836 
s 515
f 649/432/831 648/431/829 654/434/831 
s 517
f 655/436/837 648/431/829 654/434/836 
s 518
f 655/436/837 654/434/836 653/435/835 
s 519
f 651/431/833 655/436/837 653/435/835 
s 524
f 651/434/838 650/432/839 655/435/840 
s 525
f 650/432/839 648/434/841 655/435/840 
s 530
f 656/437/842 657/438/843 658/439/844 
s 531
f 657/438/843 659/440/845 658/439/844 
s 533
f 659/440/845 660/441/846 658/439/844 
s 534
f 658/439/844 660/441/846 661/442/847 
s 535
f 660/441/846 662/438/848 661/442/847 
s 536
f 661/442/847 662/438/848 663/437/849 
s 541
f 664/443/850 665/444/851 666/445/852 
s 542
f 666/445/852 665/444/851 667/446/853 
s 543
f 665/444/851 668/447/854 667/446/853 
s 545
f 668/447/854 669/448/855 667/446/853 
s 546
f 667/446/853 669/448/855 670/445/856 
s 547
f 669/448/855 671/443/857 670/445/856 
s 552
f 667/449/858 672/450/859 670/451/860 
s 553
f 672/450/859 673/452/861 670/451/860 
s 554
f 670/451/860 673/452/861 674/453/862 
s 557
f 675/454/863 674/453/864 670/451/864 
s 558
f 675/454/863 670/451/860 676/455/865 
s 563
f 667/456/866 672/457/867 666/458/868 
s 564
f 666/458/868 672/457/867 677/459/869 
s 565
f 673/452/861 672/457/870 677/459/870 
s 569
f 677/459/869 678/460/871 666/458/868 
s 570
f 666/458/868 678/460/871 679/455/872 
s 575
f 680/449/873 681/451/874 682/450/875 
s 576
f 682/450/875 681/451/874 683/452/876 
s 577
f 681/451/874 684/453/877 683/452/876 
s 580
f 681/451/878 684/453/878 685/454/879 
s 581
f 686/455/880 681/451/874 685/454/879 
s 586
f 680/456/881 687/458/882 682/457/883 
s 587
f 687/458/882 688/459/884 682/457/883 
s 588
f 682/457/883 688/459/884 683/452/876 
s 592
f 689/460/885 688/459/884 687/458/882 
s 593
f 690/455/886 689/460/885 687/458/882 
s 598
f 691/461/887 692/462/888 693/463/889 
s 599
f 694/462/890 691/461/887 693/463/889 
s 600
f 694/462/890 693/463/889 695/464/891 
s 601
f 696/465/892 694/462/890 695/464/891 
s 602
f 696/465/892 695/464/891 693/463/889 
s 603
f 697/464/893 696/465/892 693/463/889 
s 604
f 697/464/893 693/463/889 692/462/888 
s 606
f 697/464/893 692/462/888 698/466/894 
s 607
f 696/465/892 697/464/893 698/466/894 
s 608
f 696/465/892 698/466/894 694/462/890 
s 613
f 694/434/895 698/435/896 691/432/897 
s 614
f 691/432/897 698/435/896 692/434/898 
s 619
f 699/467/899 498/350/628 700/468/900 
s 620
f 700/468/900 498/350/628 701/469/901 
s 622
f 701/469/901 498/350/628 702/470/902 
s 623
f 498/350/628 500/352/630 702/470/902 
s 625
f 500/352/630 503/350/633 702/470/902 
s 626
f 702/470/902 503/350/633 703/469/903 
s 628
f 703/469/903 503/350/633 704/468/904 
s 629
f 503/350/633 705/467/905 704/468/904 
s 634
f 706/471/906 707/472/907 708/473/908 
s 635
f 707/472/907 709/474/909 708/473/908 
s 637
f 709/474/909 710/472/910 708/473/908 
s 638
f 708/473/908 710/472/910 711/471/911 
s 643
f 712/475/912 713/476/913 687/477/914 
s 644
f 687/477/914 713/476/913 680/478/915 
s 645
f 713/476/913 714/479/916 680/478/915 
s 647
f 714/479/916 715/480/917 680/478/915 
s 648
f 680/478/915 715/480/917 681/477/918 
s 649
f 715/480/917 716/475/919 681/477/918 
s 654
f 717/438/920 718/437/921 719/439/922 
s 655
f 720/440/923 717/438/920 719/439/922 
s 657
f 721/441/924 720/440/923 719/439/922 
s 658
f 721/441/924 719/439/922 722/442/925 
s 659
f 723/438/926 721/441/924 722/442/925 
s 660
f 723/438/926 722/442/925 724/437/927 
s 665
f 590/350/770 725/467/928 726/468/929 
s 666
f 590/350/770 726/468/929 727/469/930 
s 668
f 590/350/770 727/469/930 728/470/931 
s 669
f 586/352/932 590/350/932 728/470/931 
s 671
f 585/350/933 586/352/933 728/470/931 
s 672
f 585/350/765 728/470/931 729/469/934 
s 674
f 585/350/765 729/469/934 730/468/935 
s 675
f 731/467/936 585/350/765 730/468/935 
s 680
f 732/481/937 733/482/938 734/483/939 
s 681
f 735/484/940 732/481/937 734/483/939 
s 682
f 735/484/940 734/483/939 736/485/941 
s 685
f 736/485/941 734/483/939 737/486/942 
s 686
f 737/486/942 734/483/939 738/487/943 
s 687
f 734/483/939 733/482/938 738/487/943 
s 688
f 738/487/943 733/482/938 739/488/944 
s 689
f 733/482/938 522/392/731 739/488/944 
s 690
f 739/488/944 522/392/731 740/489/945 
s 691
f 522/392/731 563/386/728 740/489/945 
s 692
f 740/489/945 563/386/728 741/490/946 
s 693
f 563/386/728 561/387/726 741/490/946 
s 694
f 741/490/946 561/387/726 742/491/947 
s 695
f 561/387/726 560/389/725 742/491/947 
s 697
f 560/389/725 558/387/723 742/491/947 
s 698
f 742/491/947 558/387/723 743/490/948 
s 699
f 558/387/723 557/386/722 743/490/948 
s 700
f 743/490/948 557/386/722 744/489/949 
s 701
f 557/386/722 535/392/950 744/489/949 
s 702
f 744/489/949 535/392/950 745/488/951 
s 703
f 535/392/950 746/482/952 745/488/951 
s 704
f 745/488/951 746/482/952 747/487/953 
s 705
f 746/482/952 748/483/954 747/487/953 
s 706
f 747/487/953 748/483/954 749/486/955 
s 707
f 748/483/954 750/485/956 749/486/955 
s 710
f 751/484/957 750/485/956 748/483/954 
s 711
f 752/481/958 751/484/957 748/483/954 
s 712
f 752/481/958 748/483/954 746/482/952 
s 717
f 581/421/959 753/420/960 580/414/753 
s 718
f 580/414/753 753/420/960 519/415/754 
s 719
f 753/420/960 522/492/961 519/415/754 
s 724
f 754/390/962 557/386/722 755/391/963 
s 725
f 535/392/950 557/386/964 755/391/964 
s 726
f 535/392/950 755/391/963 756/393/965 
s 731
f 510/415/761 535/492/966 584/420/763 
# 0 polygons - 484 triangles

