# Blender v2.79 (sub 0) OBJ File: ''
# www.blender.org
mtllib MDL_cerbus10.mtl
o p02g00o01g._0p.003
v 8.687500 24.437500 -5.499996
v 7.875000 20.875000 2.312503
v 11.812500 22.250000 5.687504
v 9.687500 26.062498 6.250004
v 11.750000 22.249998 8.437504
v 9.500000 25.187498 8.687504
v 10.437500 22.124998 10.625004
v 8.500000 24.562498 10.437504
v 7.500000 22.124998 12.625004
v 6.312500 24.874998 11.750004
v 4.250000 24.999998 11.937504
v 0.000000 20.874998 9.437504
v -2.625000 23.124998 11.312504
v -5.000000 21.624998 12.062504
v -4.250000 24.999998 11.937504
v -6.312500 24.874998 11.750004
v -10.437500 22.124998 10.625004
v -8.500000 24.562498 10.437504
v -9.687500 26.062498 6.250004
v -8.750000 25.250000 3.687504
v -7.875000 20.875000 2.312503
v -8.250000 21.875000 -1.437496
v -8.000000 24.437500 -1.687496
v -2.875000 19.062498 6.375003
v -4.375000 17.249998 9.500003
v -2.125000 20.187498 9.812503
v -5.812500 18.749998 11.875003
v -8.250000 19.812498 12.687503
v -7.500000 22.124998 12.625004
v -12.625000 18.874998 8.437503
v -11.750000 22.249998 8.437504
v -12.625000 18.500000 5.625003
v -11.812500 22.250000 5.687504
v -10.625000 18.187500 3.625003
v -10.062500 21.750000 3.437504
v -6.937500 17.750000 2.687503
v -8.875000 21.937500 -5.312497
v 8.125000 31.062502 -15.187495
v 7.250000 30.562502 -10.874995
v 5.187500 30.000002 -11.624995
v 3.187500 34.250004 -11.937494
v 5.000000 32.562504 -17.187494
v 5.312500 28.750004 -21.687496
v -4.312500 33.625004 -21.937494
v -6.562500 30.187502 -16.937494
v -8.000000 30.687504 -18.312494
v -8.125000 31.062502 -15.187495
v -6.000000 29.750002 -7.499995
v -3.562500 30.562502 -7.312495
v -4.937500 29.500000 -4.687495
v -4.375000 29.500000 -0.749995
v -6.000000 27.375000 -1.249996
v -8.687500 24.437500 -5.499996
v -7.562500 24.375000 2.062504
v -8.000000 28.625000 4.312505
v -8.937500 28.937498 6.937505
v -8.500000 27.999998 9.125005
v -9.500000 25.187498 8.687504
v -6.062500 27.499998 11.250005
v -3.437500 28.812498 11.062505
v -7.937500 26.874998 10.625005
v -6.437500 29.124998 9.687505
v -6.437500 30.124998 7.250005
v -4.625000 29.562500 2.500005
v -6.437500 27.312500 1.937504
v 0.000000 30.875000 0.000005
v 4.937500 29.500000 -4.687495
v 6.000000 29.750002 -7.499995
v 0.000000 31.312500 -3.624995
v 3.562500 30.562502 -7.312495
v 2.812500 36.562504 -17.499994
v 0.000000 36.937504 -12.062494
v -3.187500 34.250004 -11.937494
v -5.000000 32.562504 -17.187494
v -5.187500 30.000002 -11.624995
v -2.812500 36.562504 -17.499994
v 1.562500 11.500002 -13.999998
v 0.000000 12.500002 -13.999998
v -2.312500 11.937503 -17.937498
v -6.312500 12.000002 -13.437498
v -6.500000 11.687503 -17.562498
v 4.375000 29.500000 -0.749995
v 6.000000 27.375000 -1.249996
v 8.000000 24.437500 -1.687496
v 6.437500 27.312500 1.937504
v 7.562500 24.375000 2.062504
v 8.000000 28.625000 4.312505
v 8.750000 25.250000 3.687504
v 7.937500 26.874998 10.625005
v 6.062500 27.499998 11.250005
v 6.437500 29.124998 9.687505
v 8.500000 27.999998 9.125005
v 8.937500 28.937498 6.937505
v 4.625000 29.562500 2.500005
v -6.312500 30.000000 4.750005
v -3.562500 29.999998 7.062505
v 0.000000 31.124998 7.375005
v 0.000000 31.375000 3.687505
v 6.312500 30.000000 4.750005
v 6.437500 30.124998 7.250005
v 3.562500 29.999998 7.062505
v 3.437500 28.812498 11.062505
v -8.812500 14.937499 4.375002
v -5.375000 17.062498 6.437503
v -7.437500 14.437499 6.312502
v -8.875000 13.062499 5.125002
v -6.812500 14.499998 9.000002
v -8.937500 11.937499 6.875002
v -7.250000 14.249998 10.625002
v -7.312500 16.749998 12.375003
v -8.750000 17.749998 12.125003
v -8.562500 18.062498 13.312503
v -10.687500 17.249998 11.375003
v -12.750000 15.249998 11.437503
v -12.625000 12.874999 7.312502
v -10.812500 11.937499 6.875002
v -10.500000 15.312499 4.250002
v -12.312500 15.687499 5.750002
v -11.000000 19.249998 10.875003
v -6.812500 16.499998 10.875003
v -12.437500 13.874999 6.125002
v -10.812500 13.187499 5.000002
v -12.687500 15.499999 8.750003
v 6.812500 16.499998 10.875003
v 8.250000 19.812498 12.687503
v 11.000000 19.249998 10.875003
v 12.687500 15.499999 8.750003
v 12.625000 18.500000 5.625003
v 12.437500 13.874999 6.125002
v 10.812500 11.937499 6.875002
v 12.312500 15.687499 5.750002
v 12.625000 18.874998 8.437503
v 5.000000 21.624998 12.062504
v 5.812500 18.749998 11.875003
v 2.125000 20.187498 9.812503
v 7.437500 14.437499 6.312502
v 4.375000 17.249998 9.500003
v 5.375000 17.062498 6.437503
v 2.875000 19.062498 6.375003
v 0.000000 18.749998 5.937503
v 0.000000 18.687500 2.750003
v 4.000000 19.625000 2.875003
v 8.812500 14.937499 4.375002
v 6.812500 14.499998 9.000002
v 7.250000 14.249998 10.625002
v 8.750000 17.749998 12.125003
v 10.687500 17.249998 11.375003
v 11.062500 16.874998 12.500003
v 12.625000 12.874999 7.312502
v 8.750000 12.062498 9.312502
v 8.937500 11.937499 6.875002
v 10.812500 13.187499 5.000002
v 8.875000 13.062499 5.125002
v 10.500000 15.312499 4.250002
v 10.625000 18.187500 3.625003
v 6.937500 17.750000 2.687503
v 10.062500 21.750000 3.437504
v 8.250000 21.875000 -1.437496
v 7.000000 19.062500 -1.124997
v 4.375000 19.000000 -1.312497
v -4.000000 19.625000 2.875003
v -4.375000 19.000000 -1.312497
v -7.000000 19.062500 -1.124997
v -7.687500 19.187500 -4.999997
v -1.562500 11.500002 -13.999998
v 0.000000 13.375002 -8.937498
v 5.875000 14.562502 -8.937498
v 8.500000 16.312502 -8.937497
v 0.000000 17.937500 -1.374997
v 0.000000 15.562501 -5.249998
v -5.062500 17.187500 -5.249997
v 5.062500 17.187500 -5.249997
v 0.000000 22.812498 10.500004
v 2.625000 23.124998 11.312504
v -2.687500 27.812498 15.250005
v 0.000000 30.249998 11.125005
v 2.687500 27.812498 15.250005
v 3.125000 24.999998 15.250004
v 0.000000 38.812504 -17.812494
v 2.000000 40.312504 -16.749994
v 2.000000 38.125000 -10.499993
v -2.000000 40.312504 -16.749994
v 0.000000 39.250004 -22.562494
v -2.000000 38.125000 -10.499993
v 15.875000 7.625002 -12.624999
v 20.500000 7.812502 -13.249999
v 22.437500 9.625003 -17.937498
v 19.687500 11.562504 -20.624998
v 15.437500 11.437504 -21.062498
v 12.187500 9.687503 -17.812498
v 15.937500 12.437503 -18.874998
v 20.937500 11.875003 -16.999998
v 21.125000 11.000003 -15.124998
v 19.687500 9.875002 -12.999998
v 14.062500 14.312502 -12.249998
v -23.937500 0.687504 -27.437500
v -15.000000 0.000003 -18.187500
v -20.187500 3.187503 -18.375000
v -19.562500 0.000003 -18.000000
v -22.250000 0.000003 -20.937500
v -20.625000 0.687505 -29.125000
v -20.625000 3.187505 -29.125000
v -19.562500 4.375005 -28.625000
v -19.437500 3.187505 -29.437500
v -19.375000 0.437505 -27.812500
v -19.437500 0.687505 -29.437500
v -15.500000 3.187505 -29.625000
v -15.187500 4.375005 -28.812500
v -23.937500 3.187505 -27.437500
v -22.437500 3.312504 -24.062500
v -23.750000 4.062504 -26.375000
v -20.187500 4.437504 -26.437500
v -21.750000 4.937503 -21.812500
v -14.375000 4.500004 -26.562500
v -11.187500 4.062504 -26.937500
v -11.187500 0.687505 -28.062500
v -11.187500 3.187505 -28.062500
v -15.500000 0.687505 -29.625000
v -14.187500 3.187505 -29.437500
v -13.187500 4.562503 -20.375000
v -12.312500 3.375004 -24.250000
v -15.750000 3.187503 -17.687500
v -14.187500 0.687505 -29.437500
v -12.250000 0.000004 -25.000000
v -15.375000 0.437505 -28.000000
v -22.500000 0.000004 -24.500000
v -12.375000 0.000003 -21.437500
v -16.062500 4.812503 -16.750000
v -20.375000 4.875003 -17.375000
v -24.187500 2.875004 -22.812500
v -19.437500 6.500004 -24.374998
v -20.125000 5.312504 -27.437500
v -14.750000 5.312504 -27.437500
v -11.562500 3.375004 -22.812500
v -15.375000 6.500004 -24.374998
v -13.250000 6.375003 -19.749998
v -15.687500 9.875004 -22.062498
v -19.375000 9.937504 -21.749998
v -22.187500 8.500003 -18.999998
v -20.750000 6.750002 -14.999999
v -16.062500 6.500002 -14.562499
v -12.875000 8.562503 -18.937498
v -13.750000 11.562503 -16.812498
v -15.437500 11.437504 -21.062498
v -15.937500 12.437503 -18.874998
v -19.687500 11.562504 -20.624998
v -22.437500 9.625003 -17.937498
v -21.125000 11.000003 -15.124998
v -20.500000 7.812502 -13.249999
v -15.875000 7.625002 -12.624999
v -12.187500 9.687503 -17.812498
v 19.437500 0.687505 -29.437500
v 23.937500 0.687504 -27.437500
v 22.500000 0.000004 -24.500000
v 12.375000 0.000003 -21.437500
v 22.250000 0.000003 -20.937500
v 19.562500 0.000003 -18.000000
v 15.750000 3.187503 -17.687500
v 15.000000 0.000003 -18.187500
v 20.187500 3.187503 -18.375000
v 21.750000 4.937503 -21.812500
v 22.437500 3.312504 -24.062500
v 23.750000 4.062504 -26.375000
v 20.625000 0.687505 -29.125000
v 20.625000 3.187505 -29.125000
v 23.937500 3.187505 -27.437500
v 20.187500 4.437504 -26.437500
v 15.375000 6.500004 -24.374998
v 12.312500 3.375004 -24.250000
v 19.375000 0.437505 -27.812500
v 15.500000 3.187505 -29.625000
v 15.500000 0.687505 -29.625000
v 19.437500 3.187505 -29.437500
v 19.562500 4.375005 -28.625000
v 14.375000 4.500004 -26.562500
v 11.187500 4.062504 -26.937500
v 12.250000 0.000004 -25.000000
v 11.187500 0.687505 -28.062500
v 11.187500 3.187505 -28.062500
v 14.187500 3.187505 -29.437500
v 15.187500 4.375005 -28.812500
v 15.375000 0.437505 -28.000000
v 14.187500 0.687505 -29.437500
v 13.187500 4.562503 -20.375000
v 24.187500 2.875004 -22.812500
v 20.125000 5.312504 -27.437500
v 14.750000 5.312504 -27.437500
v 11.562500 3.375004 -22.812500
v 13.250000 6.375003 -19.749998
v 19.437500 6.500004 -24.374998
v 21.562500 6.750003 -20.562498
v 15.687500 9.875004 -22.062498
v 19.375000 9.937504 -21.749998
v 22.187500 8.500003 -18.999998
v 20.750000 6.750002 -14.999999
v 16.062500 6.500002 -14.562499
v 16.187500 9.750002 -12.499998
v 12.875000 8.562503 -18.937498
v 13.750000 11.562503 -16.812498
v 12.875000 11.625003 -17.874998
v 13.187500 10.250002 -14.624998
v 15.625000 9.375002 -11.249998
v 16.062500 11.562502 -11.062498
v 20.000000 9.625002 -11.812498
v 19.687500 12.187502 -11.937498
v 22.750000 10.875003 -15.187498
v 21.750000 12.625003 -18.249998
v 18.625000 12.937503 -19.562498
v 18.062500 14.812503 -17.249998
v 15.812500 12.500003 -19.937498
v 15.687500 14.187503 -17.812498
v 13.625000 14.125003 -16.437498
v 13.125000 16.312504 -19.187498
v 15.125000 16.312504 -19.187498
v 17.312500 17.312504 -18.312498
v 20.500000 14.500003 -16.249998
v 20.062500 16.000002 -15.999997
v 20.687500 16.125002 -13.687497
v 18.625000 17.812502 -11.812497
v 14.812500 16.625002 -9.812497
v 16.562500 13.125002 -9.874998
v 18.625000 13.437502 -10.062498
v 16.312500 13.812502 -9.749998
v 18.375000 14.187502 -9.999998
v 15.625000 14.812502 -10.187497
v 17.875000 15.312502 -10.687497
v 19.437500 15.500002 -11.812497
v 21.312500 13.875002 -14.249998
v 1.437500 39.812504 -27.874994
v -1.437500 39.812504 -27.874994
v -20.937500 11.875003 -16.999998
v -13.750000 8.562503 -18.624998
v -16.000000 9.812504 -21.249998
v -12.625000 6.562503 -19.562498
v -15.562500 8.687504 -23.937498
v -19.500000 8.687504 -23.937498
v -21.437500 8.562503 -18.687498
v -19.687500 9.875002 -12.999998
v -16.312500 6.812502 -15.312499
v -15.875000 4.625002 -15.937499
v -20.250000 4.750003 -16.687500
v -22.187500 7.000003 -20.562498
v 12.625000 6.562503 -19.562498
v 16.312500 6.812502 -15.312499
v 15.875000 4.625002 -15.937499
v 19.875000 7.062502 -15.749999
v 20.250000 4.750003 -16.687500
v 21.437500 8.562503 -18.687498
v 22.187500 7.000003 -20.562498
v 18.937500 9.875004 -20.937498
v 18.937500 12.562503 -18.562498
v 16.000000 9.812504 -21.249998
v 15.562500 8.687504 -23.937498
v 19.500000 8.687504 -23.937498
v -15.312500 2.812503 -16.375000
v -19.875000 7.062502 -15.749999
v -19.250000 8.125004 -23.312498
v -18.937500 9.875004 -20.937498
v -15.812500 8.125004 -23.312498
v -12.125000 4.500003 -20.187500
v -14.875000 7.062504 -25.812498
v -19.937500 7.000004 -25.749998
v -21.562500 6.750003 -20.562498
v -22.812500 5.000004 -22.000000
v -20.812500 2.812503 -17.250000
v 12.125000 4.500003 -20.187500
v 16.062500 4.812503 -16.750000
v 15.312500 2.812503 -16.375000
v 20.375000 4.875003 -17.375000
v 15.812500 8.125004 -23.312498
v 13.750000 8.562503 -18.624998
v 14.875000 7.062504 -25.812498
v 19.250000 8.125004 -23.312498
v 19.937500 7.000004 -25.749998
v 22.812500 5.000004 -22.000000
v 20.812500 2.812503 -17.250000
v 1.437500 36.937504 -33.999992
v 0.000000 36.625004 -33.937492
v 0.000000 37.687504 -30.937494
v -1.437500 36.937504 -33.999992
v -1.000000 37.812504 -31.062494
v -3.437500 36.687504 -29.874994
v -2.937500 37.000004 -28.124994
v -4.312500 33.937504 -30.312494
v -4.125000 34.500004 -27.874994
v -4.500000 31.750004 -27.562494
v -4.875000 31.375006 -29.624994
v -3.312500 29.812506 -31.937494
v -3.687500 28.562504 -28.812496
v -3.062500 28.187506 -32.249996
v -2.937500 26.500006 -33.687496
v -1.812500 27.312506 -38.499996
v 0.000000 27.625006 -39.312496
v 1.812500 27.312506 -38.499996
v 0.000000 26.562506 -33.749996
v 2.937500 26.500006 -33.687496
v 0.000000 27.937506 -31.874996
v 3.062500 28.187506 -32.249996
v 3.312500 29.812506 -31.937494
v 4.875000 31.375006 -29.624994
v 4.500000 31.750004 -27.562494
v 4.312500 33.937504 -30.312494
v 4.125000 34.500004 -27.874994
v 3.437500 36.687504 -29.874994
v 2.937500 37.000004 -28.124994
v 1.000000 37.812504 -31.062494
v 0.000000 38.500004 -28.249994
v 4.625000 30.625004 -24.749994
v 2.812500 37.312504 -25.312494
v -4.062500 34.250004 -24.937494
v 0.000000 27.687504 -28.624996
v 0.000000 28.250004 -27.312496
v -3.125000 29.625004 -27.374994
v -3.375000 28.250004 -24.687496
v 0.000000 26.875004 -24.374996
v 3.375000 28.250004 -24.687496
v 3.125000 29.625004 -27.374994
v 3.687500 28.562504 -28.812496
v -17.750000 0.125006 -34.812500
v -17.625000 4.562505 -32.500000
v -18.937500 2.125005 -31.687500
v -16.187500 2.125005 -31.812500
v -15.875000 1.125005 -29.000000
v -17.625000 5.125005 -31.000000
v -18.937500 1.125005 -28.875000
v -17.375000 3.750005 -28.937500
v -13.000000 2.062505 -31.062500
v -10.000000 0.062505 -33.687500
v -10.500000 2.062505 -30.000000
v -11.312500 4.562505 -31.312500
v -12.000000 4.875005 -29.875000
v -14.250000 1.187505 -28.625000
v -11.562500 1.187504 -27.437500
v -13.125000 3.625005 -28.000000
v -23.625000 4.625005 -30.687500
v -24.875000 0.062505 -33.187500
v -21.937500 2.062505 -30.437500
v -24.500000 2.062505 -29.437500
v -23.375000 1.125004 -26.812500
v -20.437500 1.125005 -28.000000
v -22.937500 4.875005 -29.312500
v -21.937500 3.750005 -27.375000
v 11.312500 4.562505 -31.312500
v 13.000000 2.062505 -31.062500
v 10.000000 0.062505 -33.687500
v 10.500000 2.062505 -30.000000
v 11.562500 1.187504 -27.437500
v 14.250000 1.187505 -28.625000
v 13.125000 3.625005 -28.000000
v 12.000000 4.875005 -29.875000
v 17.750000 0.125006 -34.812500
v 16.187500 2.125005 -31.812500
v 18.937500 1.125005 -28.875000
v 17.375000 3.750005 -28.937500
v 15.875000 1.125005 -29.000000
v 17.625000 5.125005 -31.000000
v 17.625000 4.562505 -32.500000
v 18.937500 2.125005 -31.687500
v 23.625000 4.625005 -30.687500
v 24.875000 0.062505 -33.187500
v 20.437500 1.125005 -28.000000
v 23.375000 1.125004 -26.812500
v 21.937500 3.750005 -27.375000
v 21.937500 2.062505 -30.437500
v 22.937500 4.875005 -29.312500
v 24.500000 2.062505 -29.437500
v -16.187500 9.750002 -12.499998
v -16.062500 11.562502 -11.062498
v -18.937500 12.562503 -18.562498
v 4.750000 26.437504 -24.062496
v 2.562500 23.625004 -23.812496
v 0.000000 24.437504 -21.687496
v 1.562500 19.875004 -23.437496
v 2.500000 16.750004 -23.124998
v 3.062500 17.062504 -25.874998
v 6.500000 15.062504 -23.624998
v 6.562500 15.500004 -25.687498
v 10.187500 16.750004 -23.124998
v 10.062500 17.062504 -25.874998
v 10.687500 23.625004 -23.812496
v 9.437500 26.437504 -24.062496
v 7.000000 27.687504 -24.437496
v 6.562500 30.187502 -16.937494
v 8.000000 30.687504 -18.312494
v 7.625000 29.625004 -21.187494
v 10.375000 27.750004 -20.124996
v 10.687500 19.875004 -23.437496
v 6.500000 11.687503 -17.562498
v 2.562500 14.062504 -21.562498
v -3.500000 26.187504 -22.562496
v -5.312500 28.750004 -21.687496
v -2.625000 23.125004 -26.499996
v -2.562500 23.625004 -23.812496
v 0.000000 19.875004 -22.437496
v 0.000000 15.750004 -21.874998
v 0.000000 13.250003 -17.999998
v 2.312500 11.937503 -17.937498
v -2.562500 14.062504 -21.562498
v -2.500000 16.750004 -23.124998
v -6.500000 13.375004 -21.124998
v -1.562500 19.875004 -23.437496
v -2.187500 19.937504 -26.187496
v -10.875000 19.937504 -26.187496
v -10.687500 23.625004 -23.812496
v -9.437500 26.437504 -24.062496
v -7.000000 27.687504 -24.437496
v -4.562500 25.687504 -26.749996
v -4.750000 26.437504 -24.062496
v -7.625000 29.625004 -21.187494
v -10.687500 19.875004 -23.437496
v -11.812500 17.000004 -20.499998
v -10.187500 16.750004 -23.124998
v -10.187500 14.625003 -20.374998
v -6.500000 15.062504 -23.624998
v -10.000000 13.062503 -17.062498
v -9.625000 13.625002 -13.187498
v -13.625000 14.125003 -16.437498
v -11.562500 15.500003 -16.687498
v -13.187500 10.250002 -14.624998
v -15.625000 9.375002 -11.249998
v -19.687500 12.187502 -11.937498
v -20.000000 9.625002 -11.812498
v -21.312500 13.875002 -14.249998
v -22.750000 10.875003 -15.187498
v -21.750000 12.625003 -18.249998
v -18.625000 12.937503 -19.562498
v -15.812500 12.500003 -19.937498
v -12.875000 11.625003 -17.874998
v -13.062500 19.500004 -20.562496
v -11.687500 19.812504 -21.312496
v -11.750000 23.625004 -21.312496
v -13.062500 26.437504 -19.874996
v -13.625000 22.437504 -20.124996
v -14.875000 24.750004 -19.312496
v -16.062500 22.625004 -18.499996
v -13.125000 16.312504 -19.187498
v -15.125000 16.312504 -19.187498
v -14.500000 18.062504 -19.937496
v -16.375000 19.375004 -19.187496
v -16.875000 20.000002 -16.999996
v -17.312500 17.312504 -18.312498
v -18.062500 14.812503 -17.249998
v -15.687500 14.187503 -17.812498
v 2.000000 40.812504 -24.812494
v 2.000000 41.375004 -22.249992
v 0.000000 39.062504 -25.499994
v -2.000000 41.375004 -22.249992
v -2.000000 40.812504 -24.812494
v 7.687500 19.187500 -4.999997
v 8.875000 21.937500 -5.312497
v 9.562500 24.125002 -8.124996
v 6.875000 27.437500 -5.249996
v 10.625000 28.875004 -17.812496
v 14.875000 24.750004 -19.312496
v 16.062500 22.625004 -18.499996
v 13.625000 22.437504 -20.124996
v 16.375000 19.375004 -19.187496
v 14.500000 18.062504 -19.937496
v 11.812500 17.000004 -20.499998
v 13.062500 19.500004 -20.562496
v 11.750000 23.625004 -21.312496
v 11.687500 19.812504 -21.312496
v 9.625000 13.625002 -13.187498
v 9.625000 18.812502 -9.187497
v 10.250000 19.062502 -7.312497
v 12.625000 22.125002 -9.062496
v 9.937500 21.875002 -7.999997
v 11.062500 26.312502 -9.437496
v 8.062500 27.187502 -8.187495
v 9.687500 28.625002 -11.437495
v 12.812500 28.375002 -14.249995
v 10.562500 29.312502 -14.624995
v 13.062500 26.437504 -19.874996
v 15.000000 26.687502 -16.812496
v 16.437500 24.812502 -16.249996
v 16.937500 22.812502 -15.562496
v 18.250000 20.750002 -14.812496
v 16.875000 20.000002 -16.999996
v 17.812500 17.937502 -15.937497
v 18.937500 18.000002 -13.812497
v 18.375000 19.500002 -11.874997
v 16.812500 19.250002 -9.999997
v 17.250000 17.250002 -10.437497
v 13.812500 18.937502 -8.999997
v 11.062500 16.125002 -13.062497
v -5.875000 14.562502 -8.937498
v -8.500000 16.312502 -8.937497
v -9.625000 18.812502 -9.187497
v -10.250000 19.062502 -7.312497
v -6.875000 27.437500 -5.249996
v -9.687500 28.625002 -11.437495
v -7.250000 30.562502 -10.874995
v -10.625000 28.875004 -17.812496
v -10.375000 27.750004 -20.124996
v -13.125000 27.875002 -17.249996
v -16.937500 22.812502 -15.562496
v -18.250000 20.750002 -14.812496
v -18.937500 18.000002 -13.812497
v -17.812500 17.937502 -15.937497
v -20.062500 16.000002 -15.999997
v -20.687500 16.125002 -13.687497
v -18.625000 17.812502 -11.812497
v -18.687500 19.500002 -14.374997
v -18.375000 19.500002 -11.874997
v -17.875000 20.937502 -12.187496
v -16.437500 24.812502 -16.249996
v -15.000000 26.687502 -16.812496
v -10.562500 29.312502 -14.624995
v -11.625000 27.875002 -11.374995
v -11.062500 26.312502 -9.437496
v -8.062500 27.187502 -8.187495
v -12.000000 24.062502 -9.062496
v -9.562500 24.125002 -8.124996
v -9.937500 21.875002 -7.999997
v -13.812500 18.937502 -8.999997
v -11.062500 16.125002 -13.062497
v -20.500000 14.500003 -16.249998
v -16.812500 19.250002 -9.999997
v -16.500000 22.875002 -12.812496
v -16.187500 24.937502 -13.312496
v -14.937500 22.562502 -10.562496
v -16.125000 20.500002 -10.062496
v -14.812500 16.625002 -9.812497
v -14.062500 14.312502 -12.249998
v -16.562500 13.125002 -9.874998
v -16.312500 13.812502 -9.749998
v -18.375000 14.187502 -9.999998
v -15.625000 14.812502 -10.187497
v -17.875000 15.312502 -10.687497
v -17.250000 17.250002 -10.437497
v -19.437500 15.500002 -11.812497
v -18.625000 13.437502 -10.062498
v -14.687500 24.562502 -10.687496
v -12.625000 22.125002 -9.062496
v -13.562500 26.562502 -11.124995
v -14.812500 26.875002 -13.687495
v -12.812500 28.375002 -14.249995
v 16.125000 20.500002 -10.062496
v 18.687500 19.500002 -14.374997
v 16.187500 24.937502 -13.312496
v 14.812500 26.875002 -13.687495
v 13.125000 27.875002 -17.249996
v 13.562500 26.562502 -11.124995
v 11.625000 27.875002 -11.374995
v 16.500000 22.875002 -12.812496
v 17.875000 20.937502 -12.187496
v 14.937500 22.562502 -10.562496
v 14.687500 24.562502 -10.687496
v 12.000000 24.062502 -9.062496
v 6.500000 13.375004 -21.124998
v 10.187500 14.625003 -20.374998
v 10.000000 13.062503 -17.062498
v 11.562500 15.500003 -16.687498
v 6.312500 12.000002 -13.437498
v 4.062500 34.250004 -24.937494
v 4.312500 33.625004 -21.937494
v 2.937500 37.312504 -22.124994
v -2.812500 37.312504 -25.312494
v -2.937500 37.312504 -22.124994
v -4.625000 30.625004 -24.749994
v 3.500000 26.187504 -22.562496
v -10.000000 19.750004 -28.124996
v -9.312500 17.312504 -27.874998
v -10.062500 17.062504 -25.874998
v -6.562500 15.875005 -27.749998
v -6.562500 15.500004 -25.687498
v -3.750000 17.312504 -27.874998
v -3.062500 19.750004 -28.124996
v -3.437500 22.562504 -28.437496
v -1.125000 23.750004 -23.499996
v -0.375000 20.000004 -23.312496
v -3.062500 17.062504 -25.874998
v -1.812500 16.000004 -23.249998
v -6.562500 13.937504 -23.249998
v -11.250000 16.000004 -23.249998
v -10.437500 23.125004 -26.499996
v -9.625000 22.562504 -28.437496
v -8.875000 25.687504 -26.749996
v -8.562500 24.562504 -28.624996
v -6.687500 25.375004 -28.749996
v -4.812500 24.562504 -28.624996
v -6.687500 26.562504 -26.812496
v -3.625000 27.062504 -23.812496
v -6.750000 28.250004 -23.937496
v -10.000000 27.062504 -23.812496
v -11.937500 23.750004 -23.499996
v -12.687500 20.000004 -23.312496
v 10.000000 19.750004 -28.124996
v 9.625000 22.562504 -28.437496
v 8.562500 24.562504 -28.624996
v 10.437500 23.125004 -26.499996
v 8.875000 25.687504 -26.749996
v 10.875000 19.937504 -26.187496
v 12.687500 20.000004 -23.312496
v 9.312500 17.312504 -27.874998
v 6.562500 15.875005 -27.749998
v 3.750000 17.312504 -27.874998
v 2.187500 19.937504 -26.187496
v 3.062500 19.750004 -28.124996
v 3.437500 22.562504 -28.437496
v 4.562500 25.687504 -26.749996
v 4.812500 24.562504 -28.624996
v 6.687500 25.375004 -28.749996
v 10.000000 27.062504 -23.812496
v 11.937500 23.750004 -23.499996
v 6.687500 26.562504 -26.812496
v 6.750000 28.250004 -23.937496
v 3.625000 27.062504 -23.812496
v 2.625000 23.125004 -26.499996
v 1.125000 23.750004 -23.499996
v 0.375000 20.000004 -23.312496
v 1.812500 16.000004 -23.249998
v 6.562500 13.937504 -23.249998
v 11.250000 16.000004 -23.249998
v 0.000000 24.249989 68.000008
v -2.562500 26.374989 68.000008
v 0.000000 28.374989 68.000008
v 8.875000 12.124998 12.437502
v 10.375000 11.687498 8.875002
v 12.437500 12.874998 9.812502
v 12.062500 14.937498 13.687503
v 12.750000 15.249998 11.437503
v 8.375000 17.937498 15.187503
v 8.562500 18.062498 13.312503
v 7.312500 16.749998 12.375003
v 6.875000 14.062498 13.312502
v 7.125000 13.999997 16.125002
v 8.125000 8.062497 19.187502
v 5.562500 9.062496 23.500002
v 8.187500 13.187496 24.000002
v 7.687500 9.749995 27.187502
v 11.375000 9.624995 26.812502
v 11.125000 12.124996 21.687502
v 13.312500 8.937496 23.000002
v 12.062500 8.124997 19.500002
v 10.750000 11.249997 19.375002
v 8.437500 11.812497 17.625002
v 8.625000 12.062497 15.250002
v 11.062500 12.874997 15.562502
v 11.625000 12.999998 12.875002
v 11.437500 14.249997 16.312502
v 10.500000 16.812498 14.562503
v 8.250000 16.999996 17.687502
v 6.875000 16.812498 14.562503
v 7.250000 15.937497 17.125002
v 7.125000 15.812497 20.062502
v 6.937500 13.812497 19.500002
v 6.875000 12.499996 22.625002
v 9.562500 16.249996 22.875002
v 10.875000 13.812497 19.500002
v 10.687500 12.374997 18.062502
v 9.937500 15.937497 17.125002
v 6.750000 16.687496 22.125002
v 6.750000 16.249996 22.875002
v 7.750000 17.124996 23.812502
v 9.562500 16.687496 22.125002
v 9.625000 15.874997 20.375002
v 7.812500 17.687496 22.875004
v 8.062500 16.874996 20.687502
v 12.500000 0.624998 14.687500
v 8.937500 0.624998 14.500000
v 12.375000 0.437497 16.312500
v 15.000000 -0.000004 23.125000
v 14.437500 4.624996 23.500000
v 15.187500 -0.000003 19.750000
v 16.500000 0.624997 16.750000
v 16.500000 3.187497 16.750000
v 13.562500 3.187498 15.062501
v 16.375000 4.062497 17.875000
v 15.187500 3.374997 20.187500
v 12.687500 5.374997 19.437500
v 7.937500 4.499997 17.625000
v 6.062500 3.374997 20.000000
v 6.125000 4.562496 23.500000
v 13.562500 0.624998 15.062500
v 8.937500 3.187498 14.500001
v 12.500000 3.187498 14.687501
v 12.625000 4.437498 15.562501
v 13.125000 4.499997 17.750000
v 8.625000 4.437498 15.312501
v 6.125000 -0.000004 23.125000
v 5.000000 3.187497 16.125000
v 5.062500 4.062497 17.250000
v 7.750000 3.187498 14.750001
v 8.812500 0.437497 16.125000
v 7.750000 0.624998 14.750000
v 5.000000 0.624997 16.125000
v 6.000000 -0.000003 19.250000
v 8.437500 -0.000004 26.250000
v 12.562500 -0.000004 26.312500
v 8.375000 5.437497 19.625000
v 13.625000 6.812496 23.812502
v 12.062500 5.874995 28.125002
v 11.750000 3.249995 27.125000
v 9.000000 3.249996 27.062500
v 6.125000 6.687496 23.562502
v 8.625000 6.437497 19.687502
v 8.437500 8.249997 20.000002
v 5.250000 3.749996 23.562500
v 8.437500 5.874995 28.125002
v 7.875000 3.499995 29.250000
v 12.937500 3.499995 29.250000
v 15.312500 3.812496 23.562500
v 13.187500 5.312497 18.000000
v 7.937500 5.312497 18.125000
v 11.937500 6.437497 20.187502
v 12.375000 8.999996 22.937502
v 11.125000 7.437496 26.562502
v 8.312500 7.562496 26.812502
v 8.375000 6.312497 19.000002
v 6.500000 9.062496 23.312502
v 5.375000 6.624996 23.625002
v 8.375000 9.812496 25.875002
v 7.937500 7.749995 28.250002
v 11.375000 7.624995 28.000002
v 14.437500 6.749996 23.937502
v 12.375000 6.312497 19.500002
v 11.437500 8.312497 20.312502
v 8.250000 10.874997 19.250002
v 10.562500 9.687496 25.562502
v 9.812500 12.999996 23.625002
v 2.375000 28.562492 48.000004
v 3.625000 30.562490 56.625004
v 0.000000 28.499990 54.375004
v 0.000000 27.624992 48.000004
v -3.625000 30.562490 56.625004
v 0.000000 27.437492 43.500004
v 2.000000 28.562492 43.562504
v 2.000000 28.562494 39.375004
v 2.000000 28.562494 35.250004
v 2.000000 28.562494 31.687504
v 0.000000 27.499994 31.687504
v 2.000000 28.562496 28.125004
v -2.000000 28.562496 28.125004
v -2.000000 28.562494 31.687504
v -2.000000 28.562494 35.250004
v -2.000000 28.562494 39.375004
v -2.000000 28.562492 43.562504
v -2.375000 28.562492 48.000004
v 6.875000 2.062498 13.000000
v 4.187500 0.062498 10.375000
v 5.625000 1.187497 16.625000
v 7.937500 1.187497 15.500000
v 7.000000 3.624997 16.062500
v 6.000000 4.874998 14.187501
v 4.687500 2.062498 14.062500
v 5.375000 4.562498 12.750001
v 16.250000 4.624998 13.375001
v 17.375000 0.062498 10.875000
v 13.500000 1.124997 16.062500
v 16.062500 1.124997 17.250000
v 15.687500 4.874998 14.750001
v 14.750000 3.749997 16.687500
v 14.812500 2.062498 13.625000
v 17.062500 2.062498 14.625000
v 11.000000 4.562498 11.562501
v 11.125000 0.124998 9.250000
v 9.437500 1.124997 15.062500
v 12.125000 1.124997 15.187500
v 10.750000 3.749998 15.125001
v 9.687500 2.124998 12.250000
v 10.937500 5.124998 13.062501
v 12.187500 2.124998 12.375000
v 1.750000 26.312496 28.062504
v 2.062500 25.749996 23.625004
v 0.000000 24.749996 28.062504
v 0.000000 24.437496 23.625004
v -2.062500 27.187496 19.125004
v -3.125000 24.999998 15.250004
v 0.000000 28.312496 19.125004
v 0.000000 29.062498 15.250005
v 2.312500 25.374996 19.125004
v 0.000000 23.374998 15.250004
v -2.312500 25.374996 19.125004
v 0.000000 23.937496 19.125004
v -2.062500 25.749996 23.625004
v 2.062500 27.187496 19.125004
v 1.875000 26.812496 23.625004
v 0.000000 27.937496 23.625004
v 1.500000 26.312494 31.687504
v 0.000000 24.874994 31.687504
v -1.750000 26.312496 28.062504
v -1.500000 26.312494 31.687504
v 1.375000 26.312494 35.250004
v 0.000000 27.687496 28.062504
v -1.875000 26.812496 23.625004
v 0.000000 25.062494 35.250004
v 0.000000 25.187494 39.312504
v 0.000000 27.374994 35.250004
v -1.375000 26.312494 35.250004
v 1.312500 26.312494 39.312504
v 1.500000 26.374992 43.500004
v 0.000000 27.312494 39.312504
v -1.312500 26.312494 39.312504
v 0.000000 25.124992 43.500004
v 0.000000 24.999992 48.000004
v 1.625000 26.374992 48.000004
v -1.500000 26.374992 43.500004
v -1.625000 26.374992 48.000004
v -6.500000 26.874990 58.062504
v 0.000000 24.374992 52.500004
v 2.375000 26.374992 52.500004
v 0.000000 28.187492 52.500004
v -2.375000 26.374992 52.500004
v 0.000000 31.499990 58.062504
v 6.500000 26.874990 58.062504
v 0.000000 21.374990 58.062504
v 2.562500 26.374989 68.000008
v 3.125000 26.437490 57.937504
v 2.250000 26.499989 72.375008
v 0.000000 28.124989 72.375008
v -2.250000 26.499989 72.375008
v 0.000000 24.499989 72.375008
v 2.812500 26.374990 54.375004
v 0.000000 28.749990 57.937504
v -2.812500 26.437490 54.500004
v 0.000000 24.062490 54.375004
v 0.000000 23.812490 57.937504
v 3.562500 26.562489 69.125008
v 0.000000 29.124989 69.125008
v -3.125000 26.437490 57.937504
v -3.562500 26.562489 69.125008
v 0.000000 23.562489 69.125008
v 0.000000 30.687490 63.125004
v -2.812500 26.374990 54.375004
v -5.625000 26.687490 63.125004
v 0.000000 21.937490 63.125004
v 5.625000 26.687490 63.125004
v -8.750000 12.062498 9.312502
v -10.375000 11.687498 8.875002
v -11.625000 12.999998 12.875002
v -12.437500 12.874998 9.812502
v -12.062500 14.937498 13.687503
v -10.500000 16.812498 14.562503
v -11.062500 16.874998 12.500003
v -6.875000 16.812498 14.562503
v -6.875000 14.062498 13.312502
v -8.875000 12.124998 12.437502
v -8.625000 12.062497 15.250002
v -8.437500 11.812497 17.625002
v -8.250000 10.874997 19.250002
v -8.125000 8.062497 19.187502
v -6.875000 12.499996 22.625002
v -5.562500 9.062496 23.500002
v -7.687500 9.749995 27.187502
v -9.812500 12.999996 23.625002
v -11.375000 9.624995 26.812502
v -13.312500 8.937496 23.000002
v -12.062500 8.124997 19.500002
v -10.750000 11.249997 19.375002
v -11.062500 12.874997 15.562502
v -11.437500 14.249997 16.312502
v -9.937500 15.937497 17.125002
v -8.250000 16.999996 17.687502
v -8.375000 17.937498 15.187503
v -7.250000 15.937497 17.125002
v -7.125000 13.999997 16.125002
v -6.937500 13.812497 19.500002
v -7.750000 17.124996 23.812502
v -8.187500 13.187496 24.000002
v -9.562500 16.249996 22.875002
v -10.875000 13.812497 19.500002
v -10.687500 12.374997 18.062502
v -9.625000 15.874997 20.375002
v -7.125000 15.812497 20.062502
v -6.750000 16.687496 22.125002
v -6.750000 16.249996 22.875002
v -9.562500 16.687496 22.125002
v -7.812500 17.687496 22.875004
v -8.062500 16.874996 20.687502
v -12.500000 0.624998 14.687500
v -8.937500 0.624998 14.500000
v -12.375000 0.437497 16.312500
v -16.500000 0.624997 16.750000
v -8.437500 -0.000004 26.250000
v -14.437500 4.624996 23.500000
v -12.562500 -0.000004 26.312500
v -15.187500 -0.000003 19.750000
v -13.562500 3.187498 15.062501
v -12.625000 4.437498 15.562501
v -13.562500 0.624998 15.062500
v -8.937500 3.187498 14.500001
v -12.500000 3.187498 14.687501
v -13.125000 4.499997 17.750000
v -16.375000 4.062497 17.875000
v -16.500000 3.187497 16.750000
v -15.187500 3.374997 20.187500
v -7.937500 4.499997 17.625000
v -8.625000 4.437498 15.312501
v -6.125000 -0.000004 23.125000
v -5.062500 4.062497 17.250000
v -6.000000 -0.000003 19.250000
v -5.000000 3.187497 16.125000
v -7.750000 3.187498 14.750001
v -12.687500 5.374997 19.437500
v -8.375000 5.437497 19.625000
v -6.062500 3.374997 20.000000
v -6.125000 4.562496 23.500000
v -7.750000 0.624998 14.750000
v -5.000000 0.624997 16.125000
v -8.812500 0.437497 16.125000
v -15.000000 -0.000004 23.125000
v -11.750000 3.249995 27.125000
v -8.437500 5.874995 28.125002
v -9.000000 3.249996 27.062500
v -8.625000 6.437497 19.687502
v -8.437500 8.249997 20.000002
v -5.250000 3.749996 23.562500
v -7.875000 3.499995 29.250000
v -12.062500 5.874995 28.125002
v -12.937500 3.499995 29.250000
v -15.312500 3.812496 23.562500
v -13.187500 5.312497 18.000000
v -7.937500 5.312497 18.125000
v -11.937500 6.437497 20.187502
v -13.625000 6.812496 23.812502
v -11.125000 7.437496 26.562502
v -6.125000 6.687496 23.562502
v -8.312500 7.562496 26.812502
v -5.375000 6.624996 23.625002
v -6.500000 9.062496 23.312502
v -7.937500 7.749995 28.250002
v -10.562500 9.687496 25.562502
v -11.375000 7.624995 28.000002
v -12.375000 8.999996 22.937502
v -14.437500 6.749996 23.937502
v -12.375000 6.312497 19.500002
v -11.437500 8.312497 20.312502
v -8.375000 6.312497 19.000002
v -11.125000 12.124996 21.687502
v -8.375000 9.812496 25.875002
v -5.375000 4.562498 12.750001
v -4.187500 0.062498 10.375000
v -6.000000 4.874998 14.187501
v -6.875000 2.062498 13.000000
v -5.625000 1.187497 16.625000
v -4.687500 2.062498 14.062500
v -7.937500 1.187497 15.500000
v -7.000000 3.624997 16.062500
v -17.062500 2.062498 14.625000
v -17.375000 0.062498 10.875000
v -16.250000 4.624998 13.375001
v -14.812500 2.062498 13.625000
v -13.500000 1.124997 16.062500
v -15.687500 4.874998 14.750001
v -16.062500 1.124997 17.250000
v -14.750000 3.749997 16.687500
v -12.187500 2.124998 12.375000
v -11.000000 4.562498 11.562501
v -11.125000 0.124998 9.250000
v -10.937500 5.124998 13.062501
v -9.687500 2.124998 12.250000
v -9.437500 1.124997 15.062500
v -12.125000 1.124997 15.187500
v -10.750000 3.749998 15.125001
vt 3.538330 3.459717
vt 3.596680 3.411377
vt 3.538330 3.409180
vt 3.605225 3.466309
vt 3.648682 3.410156
vt 3.651855 3.464111
vt 3.683594 3.407715
vt 3.684082 3.463867
vt 3.718994 3.407715
vt 3.720459 3.463135
vt 3.757080 3.408936
vt 3.754150 3.460205
vt 3.796143 3.415039
vt 3.795410 3.437012
vt 3.836914 3.428467
vt 3.833984 3.456787
vt 3.872559 3.445801
vt 3.854248 3.514648
vt 3.912109 3.476318
vt 3.880371 3.507812
vt 3.914795 3.515381
vt 3.895264 3.550781
vt 3.912109 3.476318
vt 3.880371 3.507812
vt 3.872559 3.445801
vt 3.854248 3.514648
vt 3.836914 3.428467
vt 3.833984 3.456787
vt 3.796143 3.415039
vt 3.795410 3.437012
vt 3.757080 3.408936
vt 3.754150 3.460205
vt 3.718994 3.407715
vt 3.720459 3.463135
vt 3.683594 3.407715
vt 3.684082 3.463867
vt 3.648682 3.410156
vt 3.651855 3.464111
vt 3.596680 3.411377
vt 3.605225 3.466309
vt 3.538330 3.409180
vt 3.538330 3.459717
vt 3.992676 3.484131
vt 3.946045 3.411621
vt 3.992676 3.428955
vt 3.945801 3.472168
vt 3.903076 3.393066
vt 3.869141 3.385254
vt 3.835449 3.375244
vt 3.792480 3.354736
vt 3.761475 3.352051
vt 3.717773 3.349609
vt 3.683594 3.351318
vt 3.647949 3.349609
vt 3.586426 3.356201
vt 3.535645 3.357666
vt 3.332031 3.600098
vt 3.279541 3.601807
vt 3.312744 3.643066
vt 3.401611 3.597656
vt 3.389404 3.628906
vt 3.473145 3.584717
vt 3.470947 3.621338
vt 3.407471 3.705566
vt 3.320312 3.682129
vt 3.233887 3.662354
vt 3.250977 3.734863
vt 3.338867 3.756836
vt 3.271240 3.800537
vt 3.353760 3.815674
vt 3.294189 3.851074
vt 3.338867 3.756836
vt 3.271240 3.800537
vt 3.320312 3.682129
vt 3.250977 3.734863
vt 3.233887 3.662354
vt 3.312744 3.643066
vt 3.389404 3.628906
vt 3.332031 3.600098
vt 3.279541 3.601807
vt 3.401611 3.597656
vt 3.473145 3.584717
vt 3.470947 3.621338
vt 3.543701 3.578369
vt 3.545898 3.638672
vt 3.612305 3.578857
vt 3.542236 3.528809
vt 3.609619 3.524658
vt 3.657227 3.521729
vt 3.704102 3.526123
vt 3.753906 3.515625
vt 3.795166 3.503418
vt 3.794922 3.458984
vt 3.830811 3.485107
vt 3.838135 3.574707
vt 3.817871 3.540771
vt 3.754150 3.555420
vt 3.708008 3.559570
vt 3.662109 3.582031
vt 3.616211 3.650146
vt 3.543701 3.578369
vt 3.434082 3.764648
vt 3.407471 3.705566
vt 3.006348 3.259277
vt 3.006348 3.191895
vt 3.061523 3.195068
vt 3.069580 3.253662
vt 3.097900 3.199219
vt 3.110596 3.268799
vt 3.061523 3.195068
vt 3.069580 3.253662
vt 3.006348 3.191895
vt 3.006348 3.259277
vt 3.612305 3.578857
vt 3.609619 3.524658
vt 3.542236 3.528809
vt 3.657227 3.521729
vt 3.704102 3.526123
vt 3.753906 3.515625
vt 3.795166 3.503418
vt 3.794922 3.458984
vt 3.830811 3.485107
vt 3.838135 3.574707
vt 3.817871 3.540771
vt 3.754150 3.555420
vt 3.708008 3.559570
vt 3.662109 3.582031
vt 3.685303 3.661133
vt 3.748535 3.590332
vt 3.764893 3.649170
vt 3.748535 3.590332
vt 3.844482 3.632324
vt 3.983154 3.394287
vt 3.953857 3.376953
vt 3.974121 3.366699
vt 3.915771 3.355225
vt 3.947021 3.345947
vt 3.939453 3.332520
vt 3.908447 3.338623
vt 3.864014 3.355957
vt 3.864258 3.339844
vt 3.835938 3.348877
vt 3.836670 3.333008
vt 3.805420 3.329834
vt 3.808838 3.316650
vt 3.764648 3.307861
vt 3.777100 3.286621
vt 3.740723 3.273926
vt 3.753662 3.255371
vt 3.719727 3.257324
vt 3.729736 3.238281
vt 3.706787 3.233154
vt 3.694580 3.251465
vt 3.699707 3.280762
vt 3.678467 3.278564
vt 3.687012 3.306152
vt 3.659424 3.305908
vt 3.719238 3.310547
vt 3.729004 3.288330
vt 3.869141 3.385254
vt 3.915771 3.355225
vt 3.864014 3.355957
vt 3.835449 3.375244
vt 3.835938 3.348877
vt 3.792480 3.354736
vt 3.805420 3.329834
vt 3.761475 3.352051
vt 3.764648 3.307861
vt 3.717773 3.349609
vt 3.719238 3.310547
vt 3.729004 3.288330
vt 3.740723 3.273926
vt 3.719727 3.257324
vt 3.699707 3.280762
vt 3.687012 3.306152
vt 3.683594 3.351318
vt 3.903076 3.393066
vt 3.953857 3.376953
vt 3.946045 3.411621
vt 3.945801 3.472168
vt 3.945801 3.506348
vt 3.992676 3.531982
vt 3.992676 3.484131
vt 3.992676 3.428955
vt 3.983154 3.394287
vt 3.974121 3.366699
vt 3.947021 3.345947
vt 3.939453 3.332520
vt 3.908447 3.338623
vt 3.864258 3.339844
vt 3.836670 3.333008
vt 3.808838 3.316650
vt 3.777100 3.286621
vt 3.753662 3.255371
vt 3.729736 3.238281
vt 3.706787 3.233154
vt 3.694580 3.251465
vt 3.678467 3.278564
vt 3.659424 3.305908
vt 3.647949 3.349609
vt 3.586426 3.356201
vt 3.535645 3.357666
vt 3.586182 3.318115
vt 3.637207 3.319336
vt 3.597412 3.272217
vt 3.640137 3.270508
vt 3.586182 3.318115
vt 3.637207 3.319336
vt 3.543701 3.304199
vt 3.493408 3.299316
vt 3.508789 3.258789
vt 3.533936 3.211426
vt 3.466064 3.210693
vt 3.476807 3.163574
vt 3.489990 3.131836
vt 3.476807 3.163574
vt 3.466064 3.210693
vt 3.508789 3.258789
vt 3.543701 3.304199
vt 3.493408 3.299316
vt 3.560547 3.248535
vt 3.970459 3.819092
vt 3.970947 3.843018
vt 3.905273 3.851807
vt 3.970947 3.843018
vt 3.909668 3.899902
vt 3.970215 3.875000
vt 3.916016 3.945068
vt 3.986328 3.935303
vt 3.916016 3.992188
vt 3.979736 3.992188
vt 3.916016 3.945068
vt 3.986328 3.935303
vt 3.909668 3.899902
vt 3.970215 3.875000
vt 3.292725 3.882080
vt 3.353027 3.854248
vt 3.454346 3.802490
vt 3.353027 3.854248
vt 3.292725 3.882080
vt 3.454346 3.802490
vt 3.424316 3.167725
vt 3.439697 3.145508
vt 3.418213 3.112793
vt 3.368652 3.124023
vt 3.423828 3.079590
vt 3.367676 3.080811
vt 3.330566 3.131592
vt 3.312500 3.084961
vt 3.291748 3.141113
vt 3.264648 3.103027
vt 3.266846 3.148682
vt 3.222656 3.118408
vt 3.230225 3.159668
vt 3.180176 3.131104
vt 3.191406 3.171387
vt 3.131104 3.137451
vt 3.143066 3.180420
vt 3.149902 3.216553
vt 3.190674 3.212646
vt 3.237549 3.208740
vt 3.268555 3.187012
vt 3.295654 3.185059
vt 3.342773 3.166260
vt 3.385986 3.163574
vt 3.903809 3.566406
vt 3.942871 3.566162
vt 3.943359 3.586426
vt 3.904053 3.586426
vt 3.872314 3.625977
vt 3.892090 3.570068
vt 3.859131 3.588867
vt 3.474854 3.080566
vt 3.511963 3.062012
vt 3.550537 3.115723
vt 3.516113 3.140381
vt 3.585938 3.152832
vt 3.533203 3.182861
vt 3.596191 3.183350
vt 3.567383 3.214111
vt 3.610596 3.212402
vt 3.590820 3.245117
vt 3.611328 3.231201
vt 3.665039 3.233398
vt 3.653564 3.222656
vt 3.668457 3.201172
vt 3.676025 3.225586
vt 3.684570 3.210693
vt 3.693848 3.222412
vt 3.708008 3.175781
vt 3.724121 3.181641
vt 3.699707 3.158936
vt 3.639404 3.181885
vt 3.626709 3.153564
vt 3.685791 3.136963
vt 3.684082 3.097412
vt 3.711426 3.126465
vt 3.688965 3.045410
vt 3.723389 3.079102
vt 3.733398 3.130371
vt 3.756104 3.109863
vt 3.719727 3.160156
vt 3.732178 3.174316
vt 3.739502 3.162598
vt 3.657471 3.125000
vt 3.639648 3.061279
vt 3.615723 3.020996
vt 3.653076 3.010010
vt 3.955566 3.569824
vt 3.984863 3.588623
vt 3.973145 3.625732
vt 3.970459 3.670166
vt 3.873047 3.670410
vt 3.943848 3.708740
vt 3.898682 3.708740
vt 3.858643 3.674805
vt 3.861572 3.707520
vt 3.816406 3.715332
vt 3.817627 3.681641
vt 3.777100 3.723145
vt 3.768799 3.692139
vt 3.733398 3.736328
vt 3.735596 3.704590
vt 3.687012 3.716797
vt 3.744141 3.678955
vt 3.681396 3.678955
vt 3.635986 3.732178
vt 3.622559 3.688721
vt 3.561035 3.708984
vt 3.580078 3.743408
vt 3.595459 3.772217
vt 3.648193 3.761963
vt 3.690430 3.749268
vt 3.143066 3.180420
vt 3.131104 3.137451
vt 3.180176 3.131104
vt 3.191406 3.171387
vt 3.222656 3.118408
vt 3.230225 3.159668
vt 3.264648 3.103027
vt 3.266846 3.148682
vt 3.291748 3.141113
vt 3.312500 3.084961
vt 3.330566 3.131592
vt 3.367676 3.080811
vt 3.368652 3.124023
vt 3.423828 3.079590
vt 3.418213 3.112793
vt 3.131104 3.137451
vt 3.180176 3.131104
vt 3.222656 3.118408
vt 3.264648 3.103027
vt 3.312500 3.084961
vt 3.367676 3.080811
vt 3.423828 3.079590
vt 3.903809 3.566406
vt 3.943359 3.586426
vt 3.942871 3.566162
vt 3.904053 3.586426
vt 3.872314 3.625977
vt 3.892090 3.570068
vt 3.859131 3.588867
vt 3.955566 3.569824
vt 3.973145 3.625732
vt 3.984863 3.588623
vt 3.970459 3.670166
vt 3.873047 3.670410
vt 3.943848 3.708740
vt 3.898682 3.708740
vt 3.511963 3.062012
vt 3.474854 3.080566
vt 3.516113 3.140381
vt 3.550537 3.115723
vt 3.533203 3.182861
vt 3.585938 3.152832
vt 3.567383 3.214111
vt 3.596191 3.183350
vt 3.610596 3.212402
vt 3.590820 3.245117
vt 3.611328 3.231201
vt 3.665039 3.233398
vt 3.653564 3.222656
vt 3.668457 3.201172
vt 3.639404 3.181885
vt 3.626709 3.153564
vt 3.685791 3.136963
vt 3.657471 3.125000
vt 3.684082 3.097412
vt 3.639648 3.061279
vt 3.688965 3.045410
vt 3.615723 3.020996
vt 3.653076 3.010010
vt 3.676025 3.225586
vt 3.684570 3.210693
vt 3.693848 3.222412
vt 3.708008 3.175781
vt 3.724121 3.181641
vt 3.699707 3.158936
vt 3.711426 3.126465
vt 3.723389 3.079102
vt 3.733398 3.130371
vt 3.756104 3.109863
vt 3.719727 3.160156
vt 3.732178 3.174316
vt 3.739502 3.162598
vt 3.861572 3.707520
vt 3.858643 3.674805
vt 3.817627 3.681641
vt 3.816406 3.715332
vt 3.768799 3.692139
vt 3.777100 3.723145
vt 3.735596 3.704590
vt 3.733398 3.736328
vt 3.687012 3.716797
vt 3.744141 3.678955
vt 3.681396 3.678955
vt 3.635986 3.732178
vt 3.622559 3.688721
vt 3.561035 3.708984
vt 3.580078 3.743408
vt 3.595459 3.772217
vt 3.648193 3.761963
vt 3.690430 3.749268
vt 3.131104 3.137451
vt 3.180176 3.131104
vt 3.222656 3.118408
vt 3.264648 3.103027
vt 3.312500 3.084961
vt 3.367676 3.080811
vt 3.423828 3.079590
vt 3.447510 3.218994
vt 3.447266 3.184814
vt 3.417480 3.184814
vt 3.432129 3.261963
vt 3.381836 3.184814
vt 3.394043 3.222900
vt 3.351074 3.184814
vt 3.350586 3.226074
vt 3.310059 3.197998
vt 3.303711 3.246826
vt 3.272705 3.210938
vt 3.276367 3.249023
vt 3.237793 3.229004
vt 3.245605 3.272949
vt 3.198975 3.229004
vt 3.198730 3.277100
vt 3.157227 3.229004
vt 3.157959 3.281494
vt 3.167236 3.340088
vt 3.110596 3.268799
vt 3.138428 3.226807
vt 3.097900 3.199219
vt 3.127686 3.343018
vt 3.197021 3.330078
vt 3.232178 3.323730
vt 3.266357 3.333008
vt 3.278076 3.283447
vt 3.312256 3.285156
vt 3.315674 3.318848
vt 3.347656 3.280762
vt 3.353027 3.312012
vt 3.378174 3.281006
vt 3.383057 3.308105
vt 3.408691 3.283203
vt 3.412842 3.317383
vt 3.432861 3.298096
vt 3.400879 3.261963
vt 3.396729 3.247803
vt 3.369385 3.243896
vt 3.373047 3.258545
vt 3.222900 3.916992
vt 3.257324 3.875977
vt 3.258301 3.914307
vt 3.223145 3.895508
vt 3.258301 3.914307
vt 3.222900 3.916992
vt 3.276611 3.134766
vt 3.303711 3.173096
vt 3.278809 3.180420
vt 3.234619 3.150146
vt 3.242432 3.191406
vt 3.192139 3.163086
vt 3.203369 3.203125
vt 3.155273 3.212158
vt 3.143066 3.169434
vt 3.129150 3.137451
vt 3.181885 3.127197
vt 3.224121 3.114502
vt 3.267334 3.101562
vt 3.317383 3.109375
vt 3.342529 3.163330
vt 3.373779 3.102051
vt 3.380859 3.155762
vt 3.430420 3.144531
vt 3.425781 3.105957
vt 3.426514 3.077881
vt 3.374756 3.080566
vt 3.310791 3.088379
vt 3.303711 3.173096
vt 3.276611 3.134766
vt 3.278809 3.180420
vt 3.342529 3.163330
vt 3.317383 3.109375
vt 3.380859 3.155762
vt 3.373779 3.102051
vt 3.430420 3.144531
vt 3.425781 3.105957
vt 3.426514 3.077881
vt 3.374756 3.080566
vt 3.310791 3.088379
vt 3.267334 3.101562
vt 3.234619 3.150146
vt 3.242432 3.191406
vt 3.192139 3.163086
vt 3.203369 3.203125
vt 3.155273 3.212158
vt 3.143066 3.169434
vt 3.129150 3.137451
vt 3.181885 3.127197
vt 3.224121 3.114502
vt 3.904785 3.789062
vt 3.855225 3.785156
vt 3.850342 3.763672
vt 3.895264 3.755859
vt 3.892578 3.723145
vt 3.851318 3.729736
vt 3.811035 3.771484
vt 3.817383 3.792480
vt 3.767334 3.784424
vt 3.776855 3.817871
vt 3.724365 3.797607
vt 3.734863 3.833252
vt 3.682129 3.810059
vt 3.692383 3.846191
vt 3.643311 3.852539
vt 3.629395 3.820557
vt 3.614014 3.791748
vt 3.669922 3.780273
vt 3.720947 3.765137
vt 3.769531 3.752686
vt 3.802734 3.740479
vt 3.855225 3.785156
vt 3.904785 3.789062
vt 3.895264 3.755859
vt 3.850342 3.763672
vt 3.892578 3.723145
vt 3.851318 3.729736
vt 3.811035 3.771484
vt 3.817383 3.792480
vt 3.767334 3.784424
vt 3.776855 3.817871
vt 3.724365 3.797607
vt 3.734863 3.833252
vt 3.682129 3.810059
vt 3.692383 3.846191
vt 3.643311 3.852539
vt 3.629395 3.820557
vt 3.614014 3.791748
vt 3.669922 3.780273
vt 3.720947 3.765137
vt 3.769531 3.752686
vt 3.802734 3.740479
vt 3.172852 3.895264
vt 3.213379 3.865723
vt 3.224121 3.889404
vt 3.173584 3.915527
vt 3.213379 3.865723
vt 3.172852 3.895264
vt 3.212158 3.895508
vt 3.165527 3.856445
vt 3.188232 3.845703
vt 3.133545 3.826416
vt 3.174316 3.806641
vt 3.125244 3.798096
vt 3.153564 3.775635
vt 3.082275 3.762451
vt 3.089355 3.813965
vt 3.059570 3.788086
vt 3.015381 3.774658
vt 3.039062 3.810547
vt 3.004395 3.800537
vt 3.023193 3.849121
vt 3.004883 3.852783
vt 3.023193 3.849121
vt 3.039062 3.810547
vt 3.059570 3.788086
vt 3.082275 3.762451
vt 3.089355 3.813965
vt 3.125244 3.798096
vt 3.153564 3.775635
vt 3.133545 3.826416
vt 3.174316 3.806641
vt 3.165527 3.856445
vt 3.188232 3.845703
vt 3.127197 3.742676
vt 3.192871 3.717773
vt 3.215088 3.775879
vt 3.232666 3.829346
vt 3.248535 3.875977
vt 3.232666 3.829346
vt 3.215088 3.775879
vt 3.192871 3.717773
vt 3.127197 3.742676
vt 3.032715 3.740723
vt 3.080078 3.723877
vt 3.159668 3.696533
vt 3.099854 3.687012
vt 3.159668 3.696533
vt 3.059082 3.119385
vt 3.018066 3.142334
vt 3.043701 3.063477
vt 3.059082 3.119385
vt 3.031006 3.164795
vt 3.104492 3.140625
vt 3.104492 3.140625
vt 3.071777 3.173096
vt 3.059082 3.119385
vt 3.018066 3.142334
vt 3.043701 3.063477
vt 3.059082 3.119385
vt 3.031006 3.164795
vt 3.104492 3.140625
vt 3.104492 3.140625
vt 3.071777 3.173096
vt 3.059082 3.119385
vt 3.018066 3.142334
vt 3.043701 3.063477
vt 3.059082 3.119385
vt 3.031006 3.164795
vt 3.104492 3.140625
vt 3.104492 3.140625
vt 3.071777 3.173096
vt 3.018066 3.142334
vt 3.059082 3.119385
vt 3.043701 3.063477
vt 3.059082 3.119385
vt 3.104492 3.140625
vt 3.104492 3.140625
vt 3.031006 3.164795
vt 3.071777 3.173096
vt 3.018066 3.142334
vt 3.059082 3.119385
vt 3.043701 3.063477
vt 3.059082 3.119385
vt 3.104492 3.140625
vt 3.104492 3.140625
vt 3.031006 3.164795
vt 3.071777 3.173096
vt 3.018066 3.142334
vt 3.059082 3.119385
vt 3.043701 3.063477
vt 3.059082 3.119385
vt 3.104492 3.140625
vt 3.104492 3.140625
vt 3.031006 3.164795
vt 3.071777 3.173096
vt 3.439697 3.145508
vt 3.424316 3.167725
vt 3.385986 3.163574
vt 3.342773 3.166260
vt 3.295654 3.185059
vt 3.268555 3.187012
vt 3.237549 3.208740
vt 3.190674 3.212646
vt 3.149902 3.216553
vt 3.167725 3.564209
vt 3.189697 3.539551
vt 3.191162 3.591797
vt 3.155762 3.509277
vt 3.190186 3.473633
vt 3.131348 3.442139
vt 3.116455 3.522217
vt 3.131836 3.566162
vt 3.089111 3.466064
vt 3.085449 3.382080
vt 3.055420 3.421875
vt 3.006836 3.377686
vt 3.006836 3.411865
vt 3.085449 3.382568
vt 3.055420 3.421875
vt 3.124023 3.444336
vt 3.089111 3.466064
vt 3.156250 3.506104
vt 3.116455 3.522217
vt 3.174561 3.561523
vt 3.131836 3.566162
vt 3.178223 3.604248
vt 3.139404 3.608398
vt 3.137207 3.641846
vt 3.184326 3.648193
vt 3.231934 3.602539
vt 3.229248 3.552246
vt 3.191650 3.479492
vt 3.160400 3.418213
vt 3.080322 3.325195
vt 3.006836 3.330078
vt 3.080322 3.325195
vt 3.127686 3.342529
vt 3.160400 3.416504
vt 3.155762 3.509277
vt 3.189697 3.539551
vt 3.167725 3.564209
vt 3.191162 3.591797
vt 3.131836 3.566162
vt 3.116455 3.522217
vt 3.131348 3.442139
vt 3.085449 3.382080
vt 3.080322 3.325195
vt 3.006836 3.330078
vt 3.006836 3.377686
vt 3.055420 3.421875
vt 3.089111 3.466064
vt 3.006836 3.411865
vt 3.085449 3.382568
vt 3.055420 3.421875
vt 3.124023 3.444336
vt 3.089111 3.466064
vt 3.156250 3.506104
vt 3.116455 3.522217
vt 3.174561 3.561523
vt 3.131836 3.566162
vt 3.178223 3.604248
vt 3.139404 3.608398
vt 3.137207 3.641846
vt 3.184326 3.648193
vt 3.231934 3.602539
vt 3.229248 3.552246
vt 3.191650 3.479492
vt 3.160400 3.418213
vt 3.127686 3.343018
vt 3.080322 3.325195
vt 3.069580 3.253662
vt 3.061523 3.195068
vt 3.110596 3.268799
vt 3.097900 3.199219
vt 3.138428 3.226807
vt 3.157959 3.281494
vt 3.447266 3.184814
vt 3.447510 3.218994
vt 3.432129 3.261963
vt 3.417480 3.184814
vt 3.394043 3.222900
vt 3.381836 3.184814
vt 3.350586 3.226074
vt 3.351074 3.184814
vt 3.303711 3.246826
vt 3.310059 3.197998
vt 3.276367 3.249023
vt 3.272705 3.210938
vt 3.245605 3.272949
vt 3.237793 3.229004
vt 3.198730 3.277100
vt 3.198975 3.229004
vt 3.157227 3.229004
vt 3.167236 3.340088
vt 3.181396 3.399658
vt 3.212891 3.442383
vt 3.242676 3.507080
vt 3.252441 3.469482
vt 3.258545 3.433838
vt 3.261475 3.371338
vt 3.226807 3.379395
vt 3.193604 3.364014
vt 3.197021 3.330078
vt 3.232178 3.323730
vt 3.266357 3.333008
vt 3.451660 3.253906
vt 3.476807 3.338623
vt 3.488037 3.364258
vt 3.483887 3.406982
vt 3.475098 3.453613
vt 3.462402 3.520020
vt 3.400146 3.541748
vt 3.336426 3.553223
vt 3.278809 3.553223
vt 3.242676 3.507080
vt 3.212891 3.442383
vt 3.252441 3.469482
vt 3.258545 3.433838
vt 3.261475 3.371338
vt 3.226807 3.379395
vt 3.193604 3.364014
vt 3.181396 3.399658
vt 3.430420 3.351562
vt 3.437744 3.403320
vt 3.437256 3.441650
vt 3.432129 3.482178
vt 3.399414 3.510742
vt 3.338623 3.521240
vt 3.282959 3.518066
vt 3.287842 3.488037
vt 3.294678 3.453613
vt 3.302734 3.420898
vt 3.305176 3.374512
vt 3.308594 3.346680
vt 3.352783 3.341064
vt 3.392334 3.336426
vt 3.451660 3.253906
vt 3.476807 3.338623
vt 3.488037 3.364258
vt 3.483887 3.406982
vt 3.475098 3.453613
vt 3.462402 3.520020
vt 3.400146 3.541748
vt 3.336426 3.553223
vt 3.278809 3.553223
vt 3.282959 3.518066
vt 3.287842 3.488037
vt 3.294678 3.453613
vt 3.302734 3.420898
vt 3.305176 3.374512
vt 3.308594 3.346680
vt 3.315674 3.318848
vt 3.278076 3.283447
vt 3.312256 3.285156
vt 3.353027 3.312012
vt 3.352783 3.341064
vt 3.350830 3.368652
vt 3.349854 3.410400
vt 3.344238 3.446289
vt 3.342041 3.480225
vt 3.338623 3.521240
vt 3.399414 3.510742
vt 3.432129 3.482178
vt 3.437256 3.441650
vt 3.437744 3.403320
vt 3.430420 3.351562
vt 3.432861 3.298096
vt 3.347656 3.280762
vt 3.383057 3.308105
vt 3.392334 3.336426
vt 3.392578 3.363770
vt 3.392578 3.397705
vt 3.393066 3.434570
vt 3.412842 3.317383
vt 3.408691 3.283203
vt 3.400879 3.261963
vt 3.396729 3.247803
vt 3.369385 3.243896
vt 3.373047 3.258545
vt 3.378174 3.281006
vt 3.393555 3.471436
vt 3.392578 3.363770
vt 3.350830 3.368652
vt 3.349854 3.410400
vt 3.344238 3.446289
vt 3.342041 3.480225
vt 3.393555 3.471436
vt 3.393066 3.434570
vt 3.392578 3.397705
vt 3.069580 3.253662
vt 3.061523 3.195068
vt 3.172607 3.662354
vt 3.107178 3.653076
vt 3.172607 3.662354
vt 3.062988 3.553223
vt 3.029053 3.555908
vt 3.024902 3.516357
vt 3.055664 3.498047
vt 3.005371 3.486328
vt 3.023438 3.455322
vt 3.024902 3.516357
vt 3.055664 3.498047
vt 3.029053 3.555908
vt 3.062988 3.553223
vt 3.028320 3.607422
vt 3.058838 3.615479
vt 3.021729 3.645264
vt 3.050293 3.661377
vt 3.101318 3.621094
vt 3.104004 3.551270
vt 3.083984 3.488770
vt 3.040283 3.425537
vt 3.083984 3.488770
vt 3.104004 3.551270
vt 3.058838 3.615479
vt 3.028320 3.607422
vt 3.050293 3.661377
vt 3.021729 3.645264
vt 3.036133 3.701660
vt 3.007568 3.685547
vt 3.089600 3.678223
vt 3.071533 3.717041
vt 3.089600 3.678223
vt 3.101318 3.621094
vt 3.055664 3.498047
vt 3.024902 3.516357
vt 3.029053 3.555908
vt 3.062988 3.553223
vt 3.028320 3.607422
vt 3.058838 3.615479
vt 3.021729 3.645264
vt 3.050293 3.661377
vt 3.101318 3.621094
vt 3.104004 3.551270
vt 3.083984 3.488770
vt 3.023438 3.455322
vt 3.005371 3.486328
vt 3.055664 3.498047
vt 3.024902 3.516357
vt 3.062988 3.553223
vt 3.029053 3.555908
vt 3.058838 3.615479
vt 3.028320 3.607422
vt 3.050293 3.661377
vt 3.021729 3.645264
vt 3.036133 3.701660
vt 3.007568 3.685547
vt 3.089600 3.678223
vt 3.071533 3.717041
vt 3.089600 3.678223
vt 3.101318 3.621094
vt 3.104004 3.551270
vt 3.083984 3.488770
vt 3.040283 3.425537
vt 3.184570 3.838135
vt 3.142334 3.838135
vt 3.163574 3.815918
vt 3.163574 3.858154
vt 3.740234 3.209717
vt 3.768311 3.230957
vt 3.786133 3.270508
vt 3.814453 3.296143
vt 3.846680 3.310059
vt 3.871094 3.319092
vt 3.903809 3.312744
vt 3.941895 3.295898
vt 3.911133 3.285400
vt 3.947754 3.271973
vt 3.920654 3.256836
vt 3.953857 3.257568
vt 3.921387 3.222168
vt 3.961670 3.229248
vt 3.963867 3.191162
vt 3.929443 3.185059
vt 3.883789 3.215332
vt 3.895264 3.168701
vt 3.863037 3.200439
vt 3.871094 3.155762
vt 3.826904 3.178711
vt 3.833252 3.139893
vt 3.802490 3.166504
vt 3.806152 3.126465
vt 3.772217 3.118896
vt 3.770752 3.151123
vt 3.792236 3.190674
vt 3.760010 3.177246
vt 3.783447 3.211182
vt 3.753418 3.188965
vt 3.798340 3.243652
vt 3.822998 3.273438
vt 3.855713 3.287598
vt 3.875732 3.293457
vt 3.879883 3.270752
vt 3.886719 3.254639
vt 3.892334 3.240234
vt 3.877197 3.233643
vt 3.859131 3.220459
vt 3.814941 3.206543
vt 3.843994 3.250000
vt 3.865234 3.263672
vt 3.871582 3.247559
vt 3.854248 3.234131
vt 3.903809 3.566406
vt 3.943359 3.586426
vt 3.942871 3.566162
vt 3.904053 3.586426
vt 3.872314 3.625977
vt 3.892090 3.570068
vt 3.859131 3.588867
vt 3.511963 3.062012
vt 3.474854 3.080566
vt 3.516113 3.140381
vt 3.550537 3.115723
vt 3.533203 3.182861
vt 3.585938 3.152832
vt 3.567383 3.214111
vt 3.596191 3.183350
vt 3.610596 3.212402
vt 3.590820 3.245117
vt 3.611328 3.231201
vt 3.665039 3.233398
vt 3.653564 3.222656
vt 3.668457 3.201172
vt 3.639404 3.181885
vt 3.626709 3.153564
vt 3.685791 3.136963
vt 3.657471 3.125000
vt 3.684082 3.097412
vt 3.639648 3.061279
vt 3.688965 3.045410
vt 3.615723 3.020996
vt 3.653076 3.010010
vt 3.676025 3.225586
vt 3.684570 3.210693
vt 3.693848 3.222412
vt 3.708008 3.175781
vt 3.724121 3.181641
vt 3.699707 3.158936
vt 3.711426 3.126465
vt 3.723389 3.079102
vt 3.733398 3.130371
vt 3.756104 3.109863
vt 3.719727 3.160156
vt 3.732178 3.174316
vt 3.739502 3.162598
vt 3.955566 3.569824
vt 3.973145 3.625732
vt 3.984863 3.588623
vt 3.970459 3.670166
vt 3.873047 3.670410
vt 3.943848 3.708740
vt 3.898682 3.708740
vt 3.768799 3.088867
vt 3.770996 3.103027
vt 3.803711 3.110352
vt 3.798096 3.094482
vt 3.837158 3.122314
vt 3.835205 3.090088
vt 3.869385 3.134766
vt 3.881592 3.108154
vt 3.900635 3.146729
vt 3.922363 3.131836
vt 3.940674 3.169434
vt 3.956543 3.147949
vt 3.977295 3.176025
vt 3.979736 3.159668
vt 3.940674 3.120361
vt 3.906250 3.063477
vt 3.913574 3.047607
vt 3.955322 3.097656
vt 3.923584 3.021240
vt 3.963379 3.066406
vt 3.931396 3.055176
vt 3.937744 3.033203
vt 3.897461 3.040527
vt 3.896973 3.007324
vt 3.859375 3.045654
vt 3.859863 3.019287
vt 3.820068 3.033691
vt 3.819824 3.017822
vt 3.779297 3.012207
vt 3.781250 3.026123
vt 3.783447 3.054199
vt 3.817383 3.061768
vt 3.844482 3.075195
vt 3.890625 3.069824
vt 3.918457 3.083984
vt 3.906494 3.104004
vt 3.882324 3.091064
vt 3.145996 3.055176
vt 3.120361 3.084473
vt 3.108887 3.059570
vt 3.155029 3.080078
vt 3.120361 3.117676
vt 3.160889 3.113037
vt 3.189941 3.071777
vt 3.187012 3.041016
vt 3.214844 3.064209
vt 3.215576 3.028564
vt 3.253418 3.052002
vt 3.251953 3.019043
vt 3.281250 3.040039
vt 3.286133 3.012207
vt 3.319336 3.006348
vt 3.315430 3.034424
vt 3.315186 3.050293
vt 3.282471 3.063965
vt 3.257568 3.074707
vt 3.220459 3.094482
vt 3.198730 3.108154
vt 3.534424 3.909180
vt 3.617920 3.842285
vt 3.617920 3.909180
vt 3.534424 3.872070
vt 3.617920 3.909180
vt 3.534424 3.909180
vt 3.486572 3.883301
vt 3.486572 3.909180
vt 3.438721 3.888184
vt 3.438721 3.909180
vt 3.390625 3.888184
vt 3.390625 3.909180
vt 3.342773 3.888184
vt 3.342773 3.909180
vt 3.294922 3.909180
vt 3.294922 3.888184
vt 3.294922 3.909180
vt 3.342773 3.909180
vt 3.390625 3.909180
vt 3.438721 3.909180
vt 3.486572 3.909180
vt 3.018066 3.142334
vt 3.059082 3.119385
vt 3.043701 3.063477
vt 3.059082 3.119385
vt 3.104492 3.140625
vt 3.104492 3.140625
vt 3.031006 3.164795
vt 3.071777 3.173096
vt 3.018066 3.142334
vt 3.059082 3.119385
vt 3.043701 3.063477
vt 3.059082 3.119385
vt 3.104492 3.140625
vt 3.104492 3.140625
vt 3.031006 3.164795
vt 3.071777 3.173096
vt 3.018066 3.142334
vt 3.059082 3.119385
vt 3.043701 3.063477
vt 3.059082 3.119385
vt 3.104492 3.140625
vt 3.104492 3.140625
vt 3.031006 3.164795
vt 3.071777 3.173096
vt 3.628174 3.954834
vt 3.732422 3.937500
vt 3.732422 3.956055
vt 3.628174 3.921875
vt 3.732422 3.906982
vt 3.628174 3.954834
vt 3.732422 3.937500
vt 3.732422 3.956055
vt 3.840088 3.919678
vt 3.840332 3.952393
vt 3.840332 3.992188
vt 3.840332 3.952393
vt 3.840088 3.919678
vt 3.840088 3.884033
vt 3.732422 3.992188
vt 3.628174 3.992188
vt 3.540283 3.960205
vt 3.540283 3.929443
vt 3.540283 3.960205
vt 3.450684 3.928711
vt 3.450928 3.960205
vt 3.540283 3.992188
vt 3.450928 3.960205
vt 3.362305 3.928711
vt 3.362305 3.959473
vt 3.450928 3.992188
vt 3.362305 3.959473
vt 3.270020 3.928711
vt 3.270020 3.959473
vt 3.362305 3.992188
vt 3.270020 3.959473
vt 3.178955 3.930420
vt 3.178955 3.961426
vt 3.270020 3.992188
vt 3.178955 3.961426
vt 3.092285 3.963867
vt 3.092285 3.927979
vt 3.017822 3.948730
vt 3.017822 3.913086
vt 3.092285 3.963867
vt 3.178955 3.992188
vt 3.092285 3.992188
vt 3.017822 3.992188
vt 3.017822 3.948730
vt 3.092285 3.958008
vt 3.211914 3.958496
vt 3.211914 3.929688
vt 3.092285 3.929688
vt 3.211914 3.958496
vt 3.092285 3.958008
vt 3.211914 3.989746
vt 3.092285 3.993896
vt 3.017822 3.956787
vt 3.017822 3.913086
vt 3.017822 3.956787
vt 3.017822 3.992188
vt 3.092285 3.963867
vt 3.211914 3.963379
vt 3.211914 3.992188
vt 3.092285 3.992188
vt 3.211914 3.963379
vt 3.092285 3.963867
vt 3.211914 3.932129
vt 3.092285 3.927979
vt 3.017822 3.948730
vt 3.017822 3.992188
vt 3.017822 3.948730
vt 3.017822 3.913086
vt 3.092285 3.958984
vt 3.211914 3.959473
vt 3.211914 3.930664
vt 3.092285 3.930664
vt 3.211914 3.959473
vt 3.092285 3.958984
vt 3.211914 3.990479
vt 3.092285 3.994873
vt 3.017822 3.956787
vt 3.017822 3.913086
vt 3.017822 3.956787
vt 3.017822 3.992188
vt 3.740234 3.209717
vt 3.768311 3.230957
vt 3.786133 3.270508
vt 3.814453 3.296143
vt 3.846680 3.310059
vt 3.871094 3.319092
vt 3.903809 3.312744
vt 3.941895 3.295898
vt 3.911133 3.285400
vt 3.947754 3.271973
vt 3.920654 3.256836
vt 3.953857 3.257568
vt 3.921387 3.222168
vt 3.961670 3.229248
vt 3.963867 3.191162
vt 3.929443 3.185059
vt 3.883789 3.215332
vt 3.895264 3.168701
vt 3.863037 3.200439
vt 3.871094 3.155762
vt 3.826904 3.178711
vt 3.833252 3.139893
vt 3.802490 3.166504
vt 3.806152 3.126465
vt 3.772217 3.118896
vt 3.770752 3.151123
vt 3.792236 3.190674
vt 3.760010 3.177246
vt 3.783447 3.211182
vt 3.753418 3.188965
vt 3.798340 3.243652
vt 3.822998 3.273438
vt 3.855713 3.287598
vt 3.875732 3.293457
vt 3.879883 3.270752
vt 3.886719 3.254639
vt 3.892334 3.240234
vt 3.877197 3.233643
vt 3.859131 3.220459
vt 3.814941 3.206543
vt 3.843994 3.250000
vt 3.865234 3.263672
vt 3.871582 3.247559
vt 3.854248 3.234131
vt 3.903809 3.566406
vt 3.942871 3.566162
vt 3.943359 3.586426
vt 3.904053 3.586426
vt 3.872314 3.625977
vt 3.892090 3.570068
vt 3.859131 3.588867
vt 3.474854 3.080566
vt 3.511963 3.062012
vt 3.550537 3.115723
vt 3.516113 3.140381
vt 3.585938 3.152832
vt 3.533203 3.182861
vt 3.596191 3.183350
vt 3.567383 3.214111
vt 3.610596 3.212402
vt 3.590820 3.245117
vt 3.611328 3.231201
vt 3.665039 3.233398
vt 3.653564 3.222656
vt 3.668457 3.201172
vt 3.676025 3.225586
vt 3.684570 3.210693
vt 3.693848 3.222412
vt 3.708008 3.175781
vt 3.724121 3.181641
vt 3.699707 3.158936
vt 3.639404 3.181885
vt 3.626709 3.153564
vt 3.685791 3.136963
vt 3.684082 3.097412
vt 3.711426 3.126465
vt 3.688965 3.045410
vt 3.723389 3.079102
vt 3.733398 3.130371
vt 3.756104 3.109863
vt 3.719727 3.160156
vt 3.732178 3.174316
vt 3.739502 3.162598
vt 3.657471 3.125000
vt 3.639648 3.061279
vt 3.615723 3.020996
vt 3.653076 3.010010
vt 3.955566 3.569824
vt 3.984863 3.588623
vt 3.973145 3.625732
vt 3.970459 3.670166
vt 3.873047 3.670410
vt 3.943848 3.708740
vt 3.898682 3.708740
vt 3.768799 3.088867
vt 3.803711 3.110352
vt 3.770996 3.103027
vt 3.798096 3.094482
vt 3.837158 3.122314
vt 3.835205 3.090088
vt 3.869385 3.134766
vt 3.881592 3.108154
vt 3.900635 3.146729
vt 3.922363 3.131836
vt 3.940674 3.169434
vt 3.956543 3.147949
vt 3.977295 3.176025
vt 3.979736 3.159668
vt 3.906250 3.063477
vt 3.940674 3.120361
vt 3.955322 3.097656
vt 3.913574 3.047607
vt 3.923584 3.021240
vt 3.963379 3.066406
vt 3.931396 3.055176
vt 3.937744 3.033203
vt 3.897461 3.040527
vt 3.896973 3.007324
vt 3.859375 3.045654
vt 3.859863 3.019287
vt 3.820068 3.033691
vt 3.819824 3.017822
vt 3.779297 3.012207
vt 3.781250 3.026123
vt 3.783447 3.054199
vt 3.817383 3.061768
vt 3.844482 3.075195
vt 3.890625 3.069824
vt 3.918457 3.083984
vt 3.906494 3.104004
vt 3.882324 3.091064
vt 3.145996 3.055176
vt 3.108887 3.059570
vt 3.120361 3.084473
vt 3.155029 3.080078
vt 3.120361 3.117676
vt 3.160889 3.113037
vt 3.189941 3.071777
vt 3.187012 3.041016
vt 3.214844 3.064209
vt 3.215576 3.028564
vt 3.253418 3.052002
vt 3.251953 3.019043
vt 3.281250 3.040039
vt 3.286133 3.012207
vt 3.319336 3.006348
vt 3.315430 3.034424
vt 3.315186 3.050293
vt 3.282471 3.063965
vt 3.257568 3.074707
vt 3.220459 3.094482
vt 3.198730 3.108154
vt 3.059082 3.119385
vt 3.018066 3.142334
vt 3.043701 3.063477
vt 3.059082 3.119385
vt 3.031006 3.164795
vt 3.104492 3.140625
vt 3.104492 3.140625
vt 3.071777 3.173096
vt 3.059082 3.119385
vt 3.018066 3.142334
vt 3.043701 3.063477
vt 3.059082 3.119385
vt 3.031006 3.164795
vt 3.104492 3.140625
vt 3.104492 3.140625
vt 3.071777 3.173096
vt 3.059082 3.119385
vt 3.018066 3.142334
vt 3.043701 3.063477
vt 3.059082 3.119385
vt 3.031006 3.164795
vt 3.104492 3.140625
vt 3.104492 3.140625
vt 3.071777 3.173096
vn -0.5325 0.2087 -0.8203
vn -0.8655 0.0941 0.4920
vn -0.8954 -0.3217 -0.3080
vn 0.0137 0.9967 -0.0798
vn 0.0106 -0.2985 0.9543
vn 0.0026 0.9947 -0.1030
vn 0.6230 0.2973 0.7235
vn -0.1380 0.9866 -0.0870
vn 0.8556 0.2793 0.4358
vn 0.1081 0.9936 0.0334
vn 0.0445 0.0283 0.9986
vn -0.2641 0.9393 0.2189
vn -0.4197 -0.0068 0.9077
vn -0.2804 0.9158 0.2875
vn -0.7625 0.0265 0.6464
vn -0.3655 0.9052 -0.2168
vn -0.9806 -0.1930 -0.0334
vn -0.1954 0.9806 0.0139
vn -0.6621 -0.6592 0.3565
vn 0.3147 -0.1162 0.9421
vn -0.8392 -0.3076 0.4485
vn 0.0154 -0.3183 0.9478
vn 0.1860 -0.6998 0.6897
vn -0.0995 0.3099 0.9456
vn -0.7521 0.3743 0.5424
vn -0.3534 0.3984 0.8464
vn -0.9740 0.1804 0.1370
vn -0.2726 0.3822 0.8830
vn -0.8683 0.0320 -0.4949
vn -0.1106 0.8349 0.5392
vn -0.6010 0.0971 -0.7934
vn -0.3625 0.8557 0.3693
vn -0.1825 0.0664 -0.9810
vn -0.5928 0.8033 -0.0574
vn 0.4453 -0.1281 -0.8861
vn -0.3391 0.8592 -0.3831
vn 0.2388 -0.4809 -0.8436
vn -0.8167 0.5072 -0.2750
vn -0.4338 0.1996 -0.8786
vn -0.4808 0.8768 0.0008
vn -0.9894 -0.0335 -0.1415
vn -0.9216 0.3093 0.2343
vn 0.1228 -0.9922 0.0218
vn 0.6802 -0.5281 0.5084
vn -0.6885 -0.6831 -0.2435
vn 0.1740 -0.9839 -0.0397
vn 0.0005 0.3992 0.9169
vn -0.6771 0.6975 0.2345
vn -0.8233 0.4588 -0.3341
vn -0.4252 -0.2191 -0.8782
vn 0.0294 -0.2091 -0.9775
vn 0.6212 -0.1802 -0.7626
vn 0.9780 -0.0733 -0.1953
vn -0.5693 -0.6202 -0.5396
vn -0.7711 -0.6305 0.0887
vn 0.0380 0.1006 0.9942
vn 0.3395 0.8154 -0.4689
vn 0.3776 0.9133 0.1527
vn -0.2549 -0.4175 0.8722
vn -0.9392 0.0422 -0.3409
vn -0.3013 -0.1616 0.9397
vn -0.9654 0.2546 0.0557
vn -0.1773 0.5296 -0.8295
vn 0.8641 0.2133 -0.4558
vn 0.5199 0.4394 -0.7326
vn 0.0733 0.2789 -0.9575
vn -0.8422 0.5204 -0.1410
vn 0.2614 0.3380 -0.9041
vn 0.5071 -0.8481 0.1537
vn 0.8686 0.0794 -0.4891
vn -0.9776 -0.0459 0.2055
vn -0.8437 -0.5265 0.1046
vn -0.6079 0.7778 0.1594
vn -0.2743 0.3589 -0.8922
vn -0.9870 -0.1458 0.0678
vn -0.3740 0.3243 -0.8689
vn 0.0124 -0.7233 -0.6905
vn -0.8718 -0.4891 0.0286
vn 0.2256 -0.8515 0.4733
vn -0.5765 0.4905 -0.6535
vn -0.0431 0.7192 -0.6934
vn -0.6974 0.6304 0.3409
vn -0.5031 0.6524 0.5667
vn 0.6595 -0.7396 0.1340
vn -0.6773 0.4517 0.5807
vn 0.6529 -0.5724 0.4961
vn -0.4230 -0.7729 0.4730
vn -0.8762 0.0905 -0.4734
vn -0.0900 -0.9789 -0.1834
vn 0.4286 -0.3447 0.8351
vn -0.1152 0.1316 0.9846
vn 0.1118 -0.2472 0.9625
vn 0.4156 -0.5421 0.7304
vn 0.7394 -0.6341 -0.2263
vn 0.2240 0.4649 0.8566
vn -0.4157 0.7843 0.4604
vn -0.3125 0.9425 0.1186
vn -0.2418 0.9476 0.2088
vn -0.3303 0.9218 -0.2029
vn 0.7055 0.4933 -0.5089
vn 0.4319 0.8999 0.0608
vn 0.8042 -0.5392 -0.2500
vn 0.0007 -0.5551 0.8318
vn -0.2990 -0.9446 -0.1353
vn 0.1539 -0.6798 -0.7170
vn -0.0197 -0.9685 0.2481
vn -0.1787 -0.9835 0.0276
vn -0.6629 -0.6858 -0.3003
vn 0.1063 -0.9768 -0.1859
vn -0.9044 0.4219 -0.0642
vn 0.2536 -0.9672 -0.0110
vn -0.9555 -0.2769 0.1017
vn -0.3783 -0.8154 0.4382
vn -0.1075 -0.9757 -0.1909
vn 0.3529 0.6510 0.6721
vn 0.5896 -0.2143 0.7788
vn -0.2535 -0.9169 -0.3082
vn 0.7872 0.4953 -0.3675
vn 0.5648 0.8161 -0.1226
vn 0.7012 0.6906 0.1774
vn 0.4015 0.6137 0.6798
vn 0.6358 0.2326 0.7360
vn -0.7935 0.5195 -0.3169
vn -0.6626 0.0397 -0.7479
vn 0.7015 -0.3107 -0.6414
vn -0.1819 -0.5824 -0.7923
vn -0.2734 -0.8901 -0.3646
vn -0.3487 0.3096 -0.8846
vn -0.9631 0.0784 0.2575
vn -0.4066 0.8341 0.3728
vn 0.4198 0.8922 0.1665
vn 0.4328 -0.7988 0.4179
vn -0.9959 0.0393 -0.0809
vn -0.7233 0.6701 0.1666
vn 0.9610 0.1430 0.2368
vn -0.4387 0.0529 0.8971
vn 0.2000 0.0424 0.9789
vn -0.3963 0.3883 0.8320
vn -0.5315 0.8212 -0.2077
vn -0.6499 0.7339 0.1974
vn 0.7572 -0.3279 0.5648
vn -0.6115 0.4901 0.6211
vn 0.2562 0.6677 0.6990
vn -0.7980 -0.1845 0.5738
vn -0.6759 0.5688 0.4686
vn -0.3949 -0.8514 -0.3453
vn -0.5927 -0.2583 -0.7628
vn 0.0889 -0.8307 -0.5496
vn -0.1904 -0.5688 -0.8001
vn 0.6158 -0.4472 -0.6487
vn 0.6492 0.3573 -0.6714
vn 0.6083 0.7647 -0.2128
vn -0.4478 -0.3191 -0.8353
vn -0.6029 0.4958 -0.6251
vn -0.8631 -0.5017 0.0585
vn -0.4378 -0.4369 -0.7858
vn -0.2332 0.7316 0.6407
vn 0.1038 -0.6858 -0.7203
vn -0.0047 -0.9957 -0.0921
vn 0.8233 0.4588 -0.3341
vn 0.0253 0.2838 0.9586
vn 0.4252 -0.2191 -0.8782
vn 0.5640 -0.4239 0.7087
vn -0.0294 -0.2091 -0.9775
vn 0.0975 -0.9904 0.0979
vn -0.2300 -0.1536 -0.9610
vn -0.7364 -0.5483 0.3964
vn 0.8141 -0.3903 -0.4300
vn 0.6584 -0.7164 0.2308
vn 0.2474 -0.9234 -0.2934
vn -0.2432 -0.5458 -0.8019
vn -0.5927 0.4387 -0.6755
vn -0.4071 0.6548 -0.6368
vn -0.1842 -0.2498 -0.9506
vn 0.8144 0.4819 -0.3233
vn -0.2362 0.9593 0.1548
vn -0.6351 0.7720 -0.0250
vn -0.2872 -0.9495 0.1264
vn -0.0016 -1.0000 0.0019
vn 0.0299 -0.9741 -0.2240
vn -0.1200 -0.8030 -0.5837
vn -0.1733 -0.4786 -0.8608
vn -0.2866 -0.6495 -0.7043
vn -0.5950 -0.7906 -0.1446
vn -0.8339 -0.5491 -0.0557
vn -0.9406 -0.3391 -0.0169
vn -0.8404 0.5340 0.0926
vn -0.1288 0.9883 -0.0821
vn 0.6404 0.3430 0.6872
vn 0.9208 0.2174 0.3237
vn 0.7140 -0.5588 0.4219
vn 0.1370 -0.9850 -0.1046
vn -0.5274 -0.0545 -0.8479
vn -0.7210 -0.6873 -0.0882
vn -0.2517 -0.8055 0.5364
vn -0.7545 -0.6346 0.1671
vn -0.1451 -0.9735 0.1768
vn -0.3867 -0.8770 -0.2851
vn -0.8691 -0.4897 -0.0699
vn -0.3616 -0.9158 0.1748
vn 0.2715 -0.9421 0.1969
vn 0.9729 -0.1086 0.2041
vn 0.7102 0.4568 0.5357
vn 0.8653 -0.4065 -0.2931
vn -0.5931 -0.7394 0.3185
vn -0.0006 0.1536 0.9881
vn 0.4068 0.6445 0.6474
vn 0.1355 0.6873 0.7136
vn 0.5733 0.3017 0.7618
vn 0.6259 -0.2618 0.7346
vn 0.1566 -0.6950 0.7017
vn -0.2854 -0.9564 0.0613
vn -0.7461 0.6626 -0.0655
vn 0.2788 -0.3800 -0.8820
vn 0.6807 -0.7041 -0.2023
vn 0.6532 -0.7248 -0.2190
vn 0.6735 -0.2538 -0.6943
vn 0.3677 0.3572 0.8586
vn 0.7562 -0.3749 -0.5363
vn 0.6974 -0.0062 0.7166
vn -0.8749 0.3562 0.3282
vn 0.3825 -0.9000 -0.2091
vn 0.6443 0.7239 0.2466
vn 0.2138 -0.1792 -0.9603
vn -0.7463 0.6498 -0.1444
vn -0.9866 0.0639 -0.1501
vn 0.4971 0.8207 0.2817
vn -0.3607 0.0656 0.9304
vn -0.0777 0.9360 0.3432
vn -0.9920 0.0241 -0.1236
vn -0.4095 0.1370 0.9020
vn -0.2587 -0.9653 -0.0363
vn 0.5237 0.1668 0.8354
vn -0.2461 -0.9552 -0.1646
vn 0.8641 0.4990 0.0651
vn -0.1969 -0.7291 -0.6555
vn 0.2084 0.9698 -0.1270
vn -0.2695 -0.5666 -0.7787
vn -0.3419 0.9355 0.0892
vn -0.4846 0.7459 -0.4570
vn -0.3672 0.4547 -0.8115
vn -0.3537 -0.0206 -0.9351
vn -0.5857 0.6042 0.5404
vn -0.0781 -0.0670 -0.9947
vn -0.3012 0.9535 -0.0111
vn 0.6119 -0.0318 -0.7903
vn 0.0106 0.9993 -0.0363
vn 0.9510 -0.2538 -0.1763
vn 0.1614 0.9865 -0.0267
vn 0.7126 -0.5821 0.3917
vn -0.2173 -0.9675 0.1290
vn -0.9633 0.1506 0.2223
vn 0.1798 -0.8831 -0.4334
vn -0.3531 -0.5910 0.7253
vn 0.0383 -0.1474 0.9883
vn -0.6642 -0.0407 0.7465
vn -0.5984 0.7041 0.3822
vn -0.9546 -0.1853 0.2334
vn 0.1365 -0.9021 -0.4094
vn 0.9841 -0.0074 0.1775
vn -0.9063 0.4014 0.1326
vn -0.6085 0.5068 -0.6106
vn -0.9730 0.2092 0.0979
vn -0.5089 0.1485 -0.8479
vn -0.6550 0.7138 -0.2482
vn -0.2486 0.8730 -0.4196
vn -0.7400 0.5198 -0.4268
vn 0.0400 0.8859 0.4622
vn 0.5665 0.8035 0.1830
vn -0.7426 -0.1083 -0.6610
vn 0.8434 0.5364 -0.0309
vn 0.0259 0.7662 0.6420
vn -0.9094 0.1731 0.3781
vn -0.4134 0.4932 -0.7654
vn 0.9668 0.2336 -0.1035
vn 0.1005 -0.6009 0.7930
vn 0.4292 -0.7328 0.5280
vn 0.7252 -0.6227 0.2938
vn 0.2990 -0.9368 0.1816
vn 0.4893 -0.2430 -0.8376
vn 0.7118 0.6185 -0.3329
vn 0.4446 0.8941 -0.0543
vn 0.4928 -0.5484 -0.6756
vn 0.1823 0.8006 -0.5708
vn 0.3869 -0.1300 -0.9129
vn 0.6685 -0.0245 -0.7433
vn 0.1838 -0.4991 0.8469
vn -0.0880 -0.9894 -0.1157
vn 0.2695 -0.5765 0.7714
vn -0.6607 -0.5011 0.5590
vn -0.9859 0.1673 -0.0014
vn -0.4078 0.4489 -0.7951
vn 0.3906 -0.3677 -0.8439
vn 0.6060 -0.7857 0.1242
vn 0.8804 -0.4418 -0.1724
vn 0.6973 0.1190 0.7069
vn -0.0335 -0.7975 -0.6024
vn -0.2218 -0.9685 0.1132
vn -0.5872 -0.8092 0.0216
vn -0.9340 -0.3560 -0.0294
vn -0.7740 0.6147 0.1521
vn -0.3175 -0.7708 -0.5523
vn -0.6289 -0.4322 -0.6463
vn 0.0817 -0.7625 -0.6418
vn 0.9725 0.2300 -0.0373
vn 0.1948 0.8988 -0.3927
vn -0.2201 -0.7397 -0.6359
vn -0.3870 0.9028 -0.1877
vn -0.4217 -0.8512 -0.3124
vn -0.4029 0.8216 0.4032
vn 0.8743 -0.3140 0.3701
vn 0.2921 -0.9141 -0.2813
vn -0.6646 -0.2716 0.6961
vn 0.4197 -0.8390 -0.3465
vn 0.4868 -0.3340 0.8071
vn 0.1001 -0.6812 -0.7252
vn 0.3650 -0.5537 -0.7485
vn 0.7955 0.5816 0.1700
vn 0.1150 0.9922 -0.0488
vn -0.2974 -0.5147 -0.8041
vn -0.3396 0.9364 0.0883
vn -0.7094 -0.5704 -0.4140
vn -0.1855 0.7460 0.6396
vn 0.8267 -0.4380 0.3531
vn 0.2462 -0.9552 -0.1646
vn -0.5237 0.1668 0.8354
vn 0.2587 -0.9653 -0.0363
vn 0.4095 0.1370 0.9020
vn 0.4087 -0.8363 -0.3655
vn 0.5963 -0.5418 -0.5923
vn 0.1831 -0.9335 0.3083
vn -0.0718 -0.9349 -0.3476
vn -0.0553 -0.9555 -0.2897
vn 0.8904 -0.2321 0.3915
vn -0.0457 -0.6253 -0.7791
vn 0.6882 -0.1601 -0.7076
vn 0.3577 -0.0258 -0.9335
vn 0.1014 -0.4754 0.8739
vn 0.9241 0.3695 0.0978
vn 0.0857 0.0438 0.9954
vn 0.6425 -0.6971 0.3183
vn -0.6052 -0.6534 0.4547
vn -0.0071 -0.6698 0.7425
vn -0.1899 0.4639 0.8653
vn 0.9803 0.0090 -0.1972
vn -0.4674 -0.6440 0.6056
vn -0.9811 -0.0709 0.1802
vn 0.1900 -0.0126 -0.9817
vn -0.6853 -0.7237 -0.0819
vn -0.9891 -0.1350 0.0585
vn -0.5370 0.8321 0.1388
vn -0.9004 -0.4241 0.0974
vn -0.2269 -0.7494 -0.6220
vn -0.8913 0.1319 -0.4337
vn -0.2799 -0.8360 -0.4720
vn -0.5429 -0.8397 -0.0163
vn -0.7368 -0.1876 0.6495
vn -0.5374 -0.8415 0.0558
vn -0.9563 0.0633 -0.2854
vn -0.0195 0.6320 0.7747
vn -0.8764 0.4788 -0.0519
vn -0.3063 0.6731 -0.6731
vn -0.3091 0.7547 -0.5787
vn 0.7609 -0.3630 0.5378
vn 0.0757 0.8103 0.5811
vn -0.9601 0.2120 0.1822
vn 0.3687 -0.7825 -0.5018
vn 0.0225 -0.6301 -0.7762
vn -0.9853 0.0509 0.1630
vn -0.6377 0.3891 0.6648
vn 0.5397 0.7509 -0.3808
vn 0.9166 0.3793 -0.1264
vn 0.6531 0.7493 -0.1093
vn 0.3190 0.9350 0.1550
vn -0.3440 0.9232 -0.1712
vn -0.4113 0.6666 -0.6217
vn -0.7137 0.7002 -0.0177
vn -0.9325 0.3556 0.0633
vn -0.5140 0.5280 -0.6760
vn -0.5064 0.3952 -0.7664
vn -0.0961 -0.2967 -0.9501
vn -0.3969 0.8848 0.2442
vn -0.5175 0.7875 0.3346
vn -0.2771 0.4639 -0.8414
vn 0.5608 0.4147 0.7166
vn 0.5365 0.3078 -0.7858
vn -0.1055 0.2634 0.9589
vn 0.9332 0.1356 -0.3327
vn -0.7451 0.4329 0.5074
vn 0.9618 -0.2729 0.0211
vn -0.0370 0.9992 -0.0137
vn 0.5541 -0.5538 0.6215
vn 0.3169 0.8135 0.4876
vn -0.4047 -0.4377 0.8029
vn -0.7662 0.6291 -0.1311
vn -0.8898 -0.1323 -0.4367
vn -0.6364 0.4214 0.6460
vn 0.7799 -0.5635 0.2723
vn -0.3678 -0.1121 0.9231
vn 0.0596 -0.9634 -0.2613
vn 0.4606 0.4173 0.7834
vn 0.3474 -0.6841 -0.6413
vn 0.7209 0.6236 0.3024
vn 0.1184 -0.7244 -0.6791
vn 0.4842 0.8517 -0.2005
vn -0.0483 -0.6477 -0.7604
vn -0.2594 0.9654 -0.0282
vn -0.5284 -0.6049 -0.5957
vn -0.3938 0.9121 -0.1136
vn -0.2737 0.7371 -0.6179
vn -0.8140 0.4273 0.3936
vn -0.3363 -0.4183 -0.8438
vn -0.6878 0.7028 -0.1817
vn -0.0015 -0.9607 0.2775
vn -0.8809 -0.0202 0.4728
vn -0.0117 -0.2295 0.9732
vn 0.8001 -0.5165 -0.3052
vn 0.0648 0.1123 -0.9916
vn 0.3108 0.4971 -0.8101
vn 0.8203 -0.1187 -0.5595
vn 0.8276 0.3149 -0.4647
vn 0.7822 0.4728 0.4058
vn -0.6804 -0.5378 0.4979
vn -0.0705 0.4965 0.8652
vn -0.1693 0.9814 -0.0909
vn -0.5471 -0.2716 0.7918
vn -0.0062 0.9842 0.1768
vn -0.7832 -0.3750 -0.4959
vn -0.1302 0.9054 0.4040
vn -0.9733 -0.1896 -0.1295
vn -0.1161 -0.4229 0.8987
vn 0.6429 -0.7659 0.0074
vn -0.2688 -0.5621 0.7822
vn 0.2144 -0.9474 0.2378
vn 0.7589 -0.4169 0.5003
vn 0.2501 -0.3565 0.9002
vn 0.9345 0.1160 -0.3365
vn 0.1697 0.4756 0.8631
vn -0.6923 -0.6358 -0.3412
vn -0.6530 0.7550 -0.0604
vn 0.0973 -0.4222 0.9013
vn 0.0000 0.9832 -0.1823
vn 0.2201 0.7966 0.5630
vn 0.7679 -0.0396 -0.6393
vn -0.7024 0.2744 0.6567
vn 0.6422 0.7532 -0.1427
vn 0.5543 0.3620 0.7495
vn 0.2366 -0.5066 -0.8291
vn -0.9185 -0.0185 -0.3949
vn -0.1393 0.3929 0.9090
vn -0.5343 0.1619 -0.8297
vn 0.3361 0.5381 -0.7730
vn 0.3057 0.8995 -0.3122
vn 0.6608 -0.4906 -0.5680
vn 0.6284 0.7320 -0.2634
vn 0.5464 0.6927 -0.4707
vn 0.8393 -0.0421 -0.5420
vn 0.2530 0.9674 0.0056
vn 0.3283 0.9441 0.0291
vn 0.2049 -0.4862 -0.8495
vn -0.1261 0.9889 -0.0786
vn -0.9830 0.1570 0.0956
vn -0.9266 -0.0821 -0.3669
vn -0.5314 -0.1228 0.8382
vn 0.4825 0.5026 0.7173
vn 0.5530 -0.6352 -0.5392
vn -0.3014 0.9274 0.2217
vn -0.3350 0.8307 -0.4446
vn -0.4946 -0.8491 -0.1852
vn -0.4935 0.8574 0.1462
vn -0.6471 0.6610 0.3798
vn 0.2386 -0.9633 0.1232
vn -0.4057 0.8220 0.3996
vn -0.9087 -0.1734 0.3797
vn 0.3403 -0.8241 0.4529
vn -0.2748 0.7262 0.6302
vn -0.4087 -0.6797 0.6090
vn -0.4634 -0.5901 0.6612
vn -0.6696 -0.7426 0.0091
vn -0.7270 0.2498 0.6396
vn -0.3609 -0.2081 0.9091
vn -0.8763 -0.4217 0.2330
vn -0.2029 0.6080 0.7676
vn -0.3935 -0.0571 0.9175
vn -0.3646 -0.8845 -0.2912
vn 0.5276 -0.0488 0.8481
vn 0.9537 0.2810 0.1074
vn 0.9588 -0.1229 -0.2561
vn 0.3761 0.8762 -0.3015
vn -0.8684 0.3908 0.3053
vn -0.2400 -0.8597 -0.4509
vn 0.5083 0.3034 0.8059
vn 0.3808 -0.4454 0.8103
vn 0.2888 -0.4609 -0.8391
vn 0.7187 0.2021 0.6653
vn 0.3857 0.5798 0.7177
vn 0.9222 0.2854 0.2608
vn 0.3324 0.1466 0.9317
vn 0.4377 -0.5125 0.7388
vn 0.5743 0.7881 -0.2217
vn -0.2972 0.0599 -0.9529
vn 0.1260 0.9915 -0.0327
vn 0.8864 -0.1386 -0.4416
vn -0.2623 -0.4807 -0.8367
vn -0.1137 -0.7346 -0.6689
vn -0.7292 -0.3397 0.5940
vn -0.4554 -0.6460 0.6127
vn 0.0436 0.5629 0.8254
vn -0.9936 0.1083 0.0319
vn -0.0082 0.2201 0.9754
vn -0.5706 0.3907 -0.7224
vn 0.3748 0.6686 -0.6422
vn 0.2834 0.9539 -0.0993
vn 0.5279 0.7548 -0.3893
vn 0.3337 0.9422 0.0308
vn 0.1314 -0.5529 -0.8228
vn -0.1438 0.9865 -0.0779
vn -0.1891 -0.6123 -0.7677
vn -0.6366 0.7594 0.1345
vn -0.5339 0.8418 0.0793
vn 0.1188 -0.4809 -0.8687
vn -0.0207 -0.9959 -0.0882
vn 0.3687 0.5720 0.7328
vn 0.3606 0.1568 -0.9195
vn 0.0078 0.7678 0.6406
vn -0.8895 -0.4113 0.1989
vn 0.0656 0.6019 0.7958
vn -0.4553 -0.2250 0.8614
vn 0.5854 0.3179 0.7459
vn 0.3102 0.9099 -0.2753
vn 0.2290 -0.6533 -0.7216
vn 0.8708 0.4826 -0.0934
vn -0.1899 -0.7473 -0.6368
vn 0.2465 0.8755 -0.4157
vn -0.2091 -0.6873 -0.6957
vn 0.5813 0.0964 0.8080
vn 0.4241 -0.5603 0.7115
vn 0.1331 -0.5000 -0.8558
vn 0.7350 0.1756 0.6550
vn 0.5404 0.6576 -0.5248
vn -0.1179 0.0211 0.9928
vn 0.9452 0.3029 0.1220
vn -0.6408 0.3963 0.6575
vn -0.3518 0.5716 0.7413
vn -0.2651 0.9221 0.2817
vn -0.1982 0.9275 -0.3171
vn 0.2213 0.9250 0.3089
vn -0.8449 0.5260 -0.0972
vn 0.1789 0.9214 -0.3449
vn -0.0262 0.9722 -0.2326
vn 0.0070 0.2955 -0.9553
vn -0.6518 0.7007 -0.2900
vn -0.9622 -0.2707 0.0310
vn -0.7965 0.6012 0.0645
vn -0.4622 -0.8821 0.0904
vn -0.4528 -0.4034 0.7952
vn 0.3222 -0.9440 0.0709
vn -0.2991 -0.9537 -0.0309
vn -0.9129 -0.1819 -0.3655
vn -0.5106 -0.8476 0.1444
vn 0.6377 -0.7029 -0.3151
vn 0.0854 -0.9394 0.3319
vn 0.0000 -1.0000 -0.0063
vn 0.0289 -0.9800 -0.1971
vn 0.0000 -0.9632 -0.2689
vn -0.0289 -0.9800 -0.1971
vn -0.0854 -0.9394 0.3319
vn 0.5106 -0.8476 0.1444
vn 0.7533 -0.5502 0.3603
vn 0.9129 -0.1819 -0.3655
vn 0.9443 -0.2027 0.2593
vn 0.5692 0.7507 0.3352
vn 0.9976 0.0383 0.0583
vn -0.1366 0.9843 -0.1120
vn 0.8789 0.3596 -0.3135
vn -0.4051 0.9100 -0.0888
vn 0.3736 -0.1399 0.9170
vn 0.8162 0.1758 0.5503
vn -0.0941 0.9943 -0.0505
vn -0.3193 0.9409 -0.1129
vn 0.6190 -0.7842 0.0428
vn -0.6742 0.7332 -0.0883
vn -0.8845 -0.4637 0.0527
vn -0.4241 -0.8987 0.1119
vn 0.4339 -0.8841 0.1736
vn 0.5153 -0.2500 -0.8197
vn 0.5657 -0.8118 -0.1450
vn -0.0224 -0.5133 0.8579
vn -0.3453 -0.7095 0.6143
vn 0.9033 -0.4271 0.0405
vn 0.9486 -0.0503 -0.3125
vn -0.9139 -0.3862 -0.1248
vn -0.0357 0.3406 -0.9395
vn -0.6401 0.2246 0.7347
vn 0.9632 0.2473 0.1057
vn 0.3430 0.7163 -0.6077
vn -0.4353 -0.7171 0.5444
vn 0.3273 -0.6048 0.7260
vn -0.8596 -0.5047 -0.0789
vn 0.0001 0.9997 0.0238
vn 0.0159 0.9211 0.3891
vn -0.7651 -0.4032 -0.5020
vn 0.4307 0.3389 -0.8365
vn -0.2488 -0.7419 -0.6226
vn 0.8450 0.3073 0.4376
vn 0.5826 0.7289 -0.3595
vn -0.6159 -0.7325 0.2899
vn -0.0774 -0.5884 0.8049
vn -0.7066 -0.4923 -0.5082
vn -0.0396 0.9967 0.0712
vn -0.1744 0.9349 0.3090
vn -0.8779 -0.3807 0.2904
vn -0.4175 0.3540 -0.8369
vn -0.6847 -0.7082 -0.1721
vn 0.9543 0.2157 -0.2068
vn 0.0872 0.7278 -0.6802
vn -0.1991 -0.7075 0.6780
vn 0.6251 -0.5661 0.5374
vn 0.3791 -0.8527 0.3595
vn 0.7745 -0.5368 0.3348
vn -0.2304 -0.1424 -0.9626
vn -0.4906 0.8515 -0.1852
vn 0.6689 -0.4122 -0.6186
vn -0.4671 0.1402 -0.8730
vn 0.8303 -0.5349 0.1568
vn 0.8253 0.5360 0.1777
vn -0.3198 0.3518 -0.8798
vn -0.8049 0.2316 -0.5464
vn -0.1177 -0.9927 0.0272
vn -0.3684 0.8576 -0.3589
vn 0.8826 -0.4038 -0.2409
vn -0.0342 -0.8718 0.4886
vn 0.5715 -0.5752 0.5853
vn 0.5549 0.5306 0.6407
vn 0.0041 0.2682 -0.9633
vn -0.4888 0.2874 -0.8237
vn 0.0469 -0.9961 -0.0748
vn -0.1583 0.8825 -0.4429
vn 0.8976 -0.3973 0.1908
vn 0.4431 0.0913 -0.8918
vn 0.2733 -0.5402 0.7959
vn 0.3010 0.4783 0.8250
vn 0.4162 0.2523 -0.8735
vn -0.1084 0.2495 -0.9623
vn 0.0211 -0.9997 0.0126
vn 0.7276 0.6706 0.1444
vn 0.7234 0.6353 -0.2703
vn 0.7685 -0.6064 -0.2042
vn 0.3618 0.8967 0.2552
vn 0.4422 -0.5312 0.7227
vn 0.4841 0.8049 0.3432
vn -0.5189 -0.6565 0.5475
vn 0.3795 0.5814 0.7197
vn -0.9768 -0.2104 0.0403
vn 0.2013 0.4508 0.8696
vn -0.7865 0.0788 -0.6126
vn 0.9744 -0.0456 0.2200
vn -0.6009 -0.0524 -0.7976
vn -0.5031 0.6943 0.5147
vn 0.1322 0.0754 -0.9883
vn 0.0265 0.5942 -0.8039
vn -0.4401 -0.8551 0.2741
vn -0.0087 -0.9740 -0.2263
vn -0.4829 -0.1669 0.8596
vn 0.8667 -0.1992 0.4573
vn -0.4709 0.4520 0.7576
vn -0.6162 0.7154 0.3294
vn -0.9980 -0.0590 -0.0246
vn 0.6887 -0.2917 0.6638
vn -0.7614 -0.6422 -0.0885
vn 0.9369 0.2959 0.1864
vn -0.0325 -0.9983 0.0479
vn 0.2427 0.8694 0.4305
vn 0.7985 -0.5955 -0.0884
vn -0.3510 0.9361 0.0217
vn 0.9948 -0.0918 0.0442
vn -0.6328 0.7704 0.0771
vn 0.9515 0.3060 0.0316
vn -0.8949 0.4130 0.1691
vn 0.6798 0.7315 0.0517
vn -0.9895 0.1440 0.0147
vn -0.0337 0.5352 -0.8441
vn 0.1844 0.9469 -0.2636
vn 0.8178 -0.5034 0.2791
vn 0.2750 -0.6201 0.7347
vn 0.8076 -0.4375 -0.3954
vn 0.4641 -0.8763 0.1290
vn 0.0582 -0.9307 0.3612
vn -0.0765 -0.9953 0.0590
vn -0.3777 -0.2704 -0.8856
vn -0.4101 0.4864 -0.7716
vn 0.1037 0.1970 -0.9749
vn -0.9022 0.3844 0.1958
vn -0.4633 0.3042 -0.8323
vn -0.2654 -0.3553 0.8963
vn -0.8777 -0.3966 -0.2690
vn -0.0318 -0.6157 0.7873
vn -0.4251 -0.8667 0.2611
vn -0.1293 -0.4415 0.8879
vn -0.5376 -0.7584 -0.3684
vn 0.1773 -0.8971 -0.4046
vn 0.4796 -0.5762 0.6618
vn 0.6966 0.2515 0.6720
vn -0.2061 0.0385 0.9778
vn -0.8535 -0.4655 -0.2344
vn -0.0971 0.2471 0.9641
vn -0.9126 0.3553 0.2023
vn 0.1981 0.1103 0.9740
vn -0.7724 0.6303 0.0777
vn 0.1084 0.0436 0.9932
vn -0.4761 0.8791 -0.0234
vn 0.0614 0.1226 0.9906
vn 0.3119 0.9453 0.0959
vn -0.0361 -0.9908 0.1301
vn -0.5067 0.1561 0.8479
vn -0.4309 -0.8444 -0.3183
vn 0.5733 -0.7240 0.3837
vn 0.3921 -0.8560 0.3368
vn -0.0983 -0.9703 0.2212
vn 0.1189 -0.9788 -0.1667
vn -0.2776 -0.7179 0.6384
vn 0.4075 0.4962 0.7666
vn -0.1208 -0.9875 -0.1009
vn -0.0563 -0.4303 0.9009
vn 0.6037 -0.3353 0.7233
vn 0.4050 -0.8701 -0.2810
vn -0.6342 0.2450 0.7333
vn 0.9651 0.0384 0.2590
vn 0.8112 -0.3383 0.4770
vn -0.4866 0.6213 0.6141
vn 0.3317 -0.2968 0.8955
vn -0.4892 0.8720 0.0172
vn -0.7940 -0.2392 0.5589
vn 0.0568 0.9113 -0.4077
vn -0.9788 0.1972 0.0552
vn 0.4659 0.8703 -0.1599
vn -0.6129 0.4513 -0.6486
vn 0.7498 0.4358 0.4978
vn -0.1936 0.7840 -0.5899
vn 0.5610 0.2183 0.7985
vn -0.3855 -0.9055 -0.1774
vn -0.2796 -0.8296 0.4833
vn -0.3194 -0.9469 -0.0360
vn -0.0670 -0.2514 -0.9656
vn -0.5466 0.3238 -0.7723
vn 0.1676 0.3231 0.9314
vn -0.8336 -0.5120 0.2074
vn -0.6297 -0.7086 0.3183
vn -0.3331 -0.8401 0.4282
vn 0.4371 -0.6698 0.6002
vn 0.9044 -0.4225 0.0593
vn 0.7645 -0.1703 0.6217
vn -0.3527 -0.9225 0.1568
vn -0.2341 0.4110 0.8811
vn -0.1758 -0.8455 0.5043
vn -0.4213 0.2171 -0.8806
vn 0.7242 -0.2805 -0.6300
vn 0.7974 0.2467 0.5507
vn 0.7901 -0.5919 0.1594
vn 0.9241 0.1345 -0.3578
vn 0.9045 0.1119 -0.4115
vn 0.4254 -0.0476 -0.9037
vn 0.8450 0.1142 -0.5225
vn 0.7381 -0.0117 -0.6746
vn 0.2941 -0.8547 -0.4278
vn 0.9131 -0.4053 0.0443
vn 0.9048 -0.4142 0.0986
vn 0.6622 0.7289 -0.1736
vn 0.9988 0.0472 0.0104
vn 0.8861 -0.3157 0.3394
vn 0.8918 -0.2315 -0.3887
vn -0.8849 -0.4611 0.0662
vn -0.0135 0.2955 -0.9552
vn 0.9891 0.0019 0.1471
vn 0.5893 0.7306 -0.3450
vn 0.7265 0.6854 0.0497
vn 0.4712 0.5250 0.7088
vn 0.4953 0.7958 0.3484
vn 0.7659 0.5558 -0.3232
vn 0.7378 0.3330 -0.5871
vn 0.6968 0.6842 -0.2152
vn 0.8879 0.2906 0.3566
vn 0.9060 0.2644 0.3306
vn 0.8797 0.3411 -0.3313
vn 0.9821 0.0776 0.1716
vn 0.5267 0.4991 0.6881
vn -0.0907 0.4108 0.9072
vn -0.4187 0.9034 0.0920
vn 0.4141 0.8823 -0.2236
vn 0.3838 0.7767 -0.4994
vn 0.4804 0.7889 -0.3833
vn 0.5574 0.8241 -0.1007
vn -0.0980 -0.0726 -0.9925
vn 0.0782 -0.3774 -0.9227
vn 0.2864 -0.6178 -0.7323
vn -0.6163 -0.7250 0.3076
vn -0.4279 -0.8539 0.2963
vn -0.1126 -0.9461 0.3036
vn 0.0503 -0.9419 0.3320
vn 0.4438 -0.8036 0.3965
vn 0.0583 -0.9241 0.3776
vn 0.5305 -0.8119 0.2436
vn -0.6183 -0.1090 -0.7784
vn -0.7064 0.5116 -0.4891
vn -0.3245 0.0840 0.9421
vn -0.0016 -0.0361 0.9993
vn 0.0399 0.0230 0.9989
vn 0.0768 0.1070 0.9913
vn 0.0699 0.0653 0.9954
vn -0.0706 0.1101 0.9914
vn -0.2344 0.3432 0.9095
vn 0.2533 -0.1083 0.9613
vn -0.4194 0.2702 0.8667
vn -0.4782 0.3689 0.7970
vn -0.8467 -0.3116 0.4313
vn -0.8995 -0.4196 0.1218
vn -0.7791 -0.6262 0.0304
vn -0.7970 0.3422 0.4976
vn 0.1078 -0.1422 0.9839
vn 0.0561 -0.1521 0.9868
vn -0.6322 0.1349 0.7630
vn 0.0480 0.1510 0.9874
vn 0.7809 -0.2245 0.5829
vn 0.8260 -0.2840 0.4869
vn 0.0589 -0.5420 0.8383
vn 0.1749 -0.1837 0.9673
vn 0.1714 -0.0407 0.9844
vn 0.0058 0.9922 0.1247
vn -0.1730 0.5450 0.8204
vn -0.0985 0.9883 0.1160
vn -0.0172 0.2393 0.9708
vn 0.4545 0.8727 -0.1786
vn 0.2913 0.9030 -0.3159
vn 0.0529 0.9826 0.1782
vn 0.0514 -0.0307 -0.9982
vn 0.1493 -0.1370 -0.9793
vn -0.9103 0.1037 -0.4007
vn -0.5764 0.7261 -0.3748
vn -0.6519 0.7367 -0.1798
vn -0.0714 0.2159 0.9738
vn 0.6830 -0.5863 0.4356
vn -0.6930 -0.7180 0.0648
vn 0.9905 -0.1197 0.0670
vn 0.7230 -0.3771 -0.5788
vn 0.0437 -0.2839 0.9579
vn -0.6834 -0.7287 0.0448
vn 0.7154 0.0641 -0.6957
vn 0.0771 -0.9963 0.0385
vn 0.4685 0.3683 -0.8030
vn 0.8325 -0.5533 0.0266
vn -0.1814 0.6186 -0.7645
vn 0.9511 0.1899 0.2438
vn -0.6846 0.3493 -0.6397
vn 0.8212 0.5511 0.1484
vn 0.3316 0.4433 -0.8328
vn 0.6715 0.3287 0.6641
vn 0.3775 -0.4482 -0.8103
vn 0.3705 0.7278 0.5772
vn 0.4526 0.8895 0.0632
vn -0.3369 0.0697 -0.9390
vn 0.1757 0.4871 0.8555
vn 0.3806 0.1402 -0.9141
vn 0.4263 0.1635 0.8897
vn 0.5039 -0.2593 -0.8239
vn 0.3711 -0.2379 0.8976
vn 0.1429 -0.5620 -0.8147
vn -0.0128 -0.3350 0.9421
vn -0.2912 -0.4976 -0.8171
vn -0.9926 -0.0028 0.1218
vn -0.9413 -0.1347 -0.3095
vn -0.9786 0.1833 -0.0934
vn 0.8016 0.1881 -0.5675
vn 0.1248 0.4499 0.8843
vn -0.1996 0.4701 -0.8598
vn 0.1606 0.3573 0.9201
vn -0.1104 -0.9506 -0.2900
vn -0.0000 -0.9377 0.3473
vn -0.1109 0.9878 -0.1098
vn -0.6605 -0.4535 -0.5984
vn -0.3354 -0.7194 -0.6082
vn -0.7596 0.6503 -0.0103
vn 0.2179 -0.8000 -0.5590
vn -0.0272 -0.7390 -0.6731
vn -0.2133 0.6207 -0.7545
vn 0.3030 0.2817 0.9104
vn 0.9534 0.1791 0.2428
vn -0.6858 0.3459 -0.6403
vn 0.8135 0.5350 0.2279
vn 0.3109 0.4560 -0.8339
vn 0.7040 0.3343 0.6266
vn 0.3994 -0.4373 -0.8058
vn 0.3761 0.7236 0.5788
vn 0.5110 0.8587 -0.0382
vn -0.3844 0.1021 -0.9175
vn 0.1718 0.4965 0.8508
vn 0.3882 0.1304 -0.9123
vn 0.7394 -0.6566 -0.1489
vn 0.7551 -0.6376 -0.1522
vn 0.0115 -0.8606 -0.5092
vn -0.6905 0.3753 -0.6184
vn -0.2472 0.0843 0.9653
vn -0.6802 -0.4818 -0.5524
vn -0.2632 0.2467 0.9327
vn -0.4990 0.1189 -0.8584
vn -0.0187 0.4102 0.9118
vn -0.3778 0.3096 -0.8726
vn 0.1063 0.4261 0.8984
vn -0.1284 0.4414 -0.8881
vn 0.2011 0.3153 0.9274
vn -0.1045 -0.9485 -0.2990
vn -0.1266 0.9855 -0.1133
vn -0.6798 -0.4171 -0.6033
vn -0.3217 -0.7148 -0.6209
vn -0.7384 0.6678 0.0940
vn 0.1674 -0.8073 -0.5659
vn -0.9698 0.2089 0.1257
vn 0.4787 -0.7027 -0.5264
vn -0.9323 -0.3331 0.1407
vn 0.8122 -0.2568 -0.5238
vn -0.6413 -0.7477 -0.1721
vn 0.7731 0.2318 -0.5904
vn 0.5397 0.0594 -0.8398
vn -0.9203 -0.3913 0.0000
vn 0.9315 0.3639 0.0000
vn -0.0000 0.0000 -1.0000
vn 0.0000 0.0000 1.0000
vn -0.2610 -0.9596 0.1048
vn 0.9379 0.3138 0.1480
vn 0.2206 0.8979 0.3810
vn -0.5994 0.7255 0.3383
vn -0.8150 0.5179 0.2599
vn -0.9882 -0.0512 -0.1443
vn -0.8471 -0.5177 -0.1200
vn -0.3492 -0.1604 0.9232
vn -0.5798 -0.8138 0.0381
vn -0.0931 -0.0629 0.9937
vn -0.4593 -0.8540 -0.2442
vn -0.8908 0.4209 -0.1712
vn -0.5390 -0.7575 -0.3683
vn -0.9603 0.2706 0.0685
vn -0.2498 0.7945 -0.5536
vn -0.4524 -0.5839 -0.6742
vn -0.8240 0.5391 -0.1743
vn -0.4520 -0.7811 0.4307
vn -0.3480 0.8092 0.4734
vn -0.2179 -0.6157 0.7572
vn 0.2093 0.9110 0.3554
vn 0.1276 -0.6444 0.7539
vn 0.5727 0.8197 0.0043
vn 0.4551 0.4824 -0.7484
vn 0.6360 -0.4274 -0.6425
vn 0.7800 -0.3212 -0.5371
vn 0.8012 -0.4051 -0.4405
vn 0.7002 -0.7110 0.0644
vn 0.3452 0.8151 0.4653
vn -0.5505 0.7561 0.3539
vn -0.3977 0.8884 0.2295
vn -0.9653 0.2587 0.0364
vn -0.5608 0.2040 0.8025
vn -0.5700 0.5476 0.6125
vn -0.6007 -0.1974 0.7747
vn 0.4245 0.5759 0.6987
vn -0.2881 0.1883 0.9389
vn 0.9741 0.0860 0.2092
vn 0.5388 0.5489 0.6390
vn 0.9625 0.2252 0.1514
vn 0.9328 -0.0526 0.3565
vn -0.5155 0.7835 0.3469
vn -0.0359 0.9716 -0.2341
vn -0.1144 0.8854 0.4505
vn 0.9650 0.1134 -0.2365
vn 0.5986 -0.5624 -0.5705
vn 0.1832 -0.9256 0.3313
vn -0.0689 -0.9394 -0.3359
vn -0.0694 -0.9605 -0.2694
vn 0.8686 -0.2445 0.4311
vn -0.0324 -0.6470 -0.7618
vn 0.6513 -0.1498 -0.7439
vn -0.0085 0.8302 0.5574
vn -0.1098 -0.7153 0.6901
vn 0.1581 -0.4930 0.8555
vn 0.7521 0.1872 -0.6320
vn 0.7128 -0.5664 0.4136
vn -0.6409 -0.0615 -0.7652
vn -0.9382 -0.2395 0.2499
vn 0.1640 -0.0023 -0.9865
vn -0.7117 -0.6968 -0.0891
vn -0.9918 -0.1272 0.0081
vn -0.4872 0.8562 0.1721
vn -0.8604 -0.5078 0.0418
vn -0.7164 -0.4390 -0.5423
vn -0.9241 0.1233 -0.3618
vn -0.8058 -0.4124 0.4251
vn -0.4804 -0.8737 0.0759
vn 0.5140 -0.3310 0.7914
vn 0.4550 -0.8477 -0.2727
vn -0.5352 -0.8444 0.0245
vn -0.9554 0.0604 -0.2891
vn 0.0060 0.6662 0.7457
vn -0.8907 0.4511 -0.0562
vn -0.2237 -0.2587 -0.9397
vn -0.3091 0.6657 -0.6792
vn 0.7089 0.3307 0.6230
vn -0.2914 0.7499 -0.5940
vn 0.7514 -0.4077 0.5189
vn 0.0854 0.8221 0.5629
vn 0.0925 -0.8923 -0.4418
vn -0.3830 0.1191 -0.9160
vn 0.4317 0.5730 -0.6967
vn 0.9614 0.2647 0.0745
vn 0.5166 -0.2184 0.8279
vn -0.5326 -0.4994 0.6834
vn -0.9662 -0.2326 -0.1109
vn 0.4184 -0.8930 0.1660
vn -0.3557 0.7285 -0.5855
vn -0.3727 0.0729 -0.9251
vn 0.9226 -0.3839 -0.0383
vn -0.9131 0.4022 0.0676
vn 0.1215 0.9917 0.0424
vn -0.4455 0.3643 -0.8178
vn -0.7898 0.6109 -0.0540
vn -0.3990 -0.9167 -0.0228
vn -0.4549 0.6110 0.6478
vn 0.1192 -0.9449 0.3049
vn 0.3599 0.6299 0.6883
vn 0.1345 -0.9777 0.1611
vn 0.4856 0.7453 0.4568
vn 0.3242 0.9214 -0.2143
vn 0.5126 0.5982 -0.6159
vn 0.6367 0.1906 -0.7472
vn 0.5512 0.0620 -0.8321
vn -0.0781 0.9587 0.2736
vn 0.5183 0.8453 -0.1294
vn 0.1112 0.5995 0.7926
vn -0.7099 0.3094 -0.6327
vn -0.6629 0.1694 -0.7292
vn 0.1595 -0.7714 -0.6160
vn 0.2862 -0.9076 0.3071
vn 0.6459 -0.4619 0.6078
vn -0.9274 0.3627 -0.0912
vn -0.4602 0.3747 -0.8049
vn -0.1977 0.5598 -0.8047
vn -0.4717 0.8690 -0.1495
vn 0.9432 -0.3306 -0.0323
vn -0.1389 -0.8777 -0.4586
vn 0.1748 0.1445 -0.9739
vn 0.9610 0.0739 -0.2665
vn 0.6323 0.4525 -0.6288
vn -0.4744 0.6055 0.6390
vn -0.3489 0.8572 0.3788
vn -0.1241 -0.7208 0.6819
vn 0.0273 0.9754 0.2188
vn 0.3426 -0.7016 0.6249
vn 0.4397 0.8962 0.0596
vn 0.4397 0.6051 -0.6638
vn 0.6016 0.0487 -0.7973
vn 0.7299 -0.1286 -0.6714
vn 0.6184 -0.0186 -0.7856
vn -0.5658 0.5560 -0.6089
vn 0.9880 -0.1075 0.1110
vn 0.0922 0.5573 -0.8252
vn 0.6505 0.1180 0.7503
vn 0.1130 -0.1959 0.9741
vn 0.1515 0.9737 0.1703
vn -0.7542 -0.4373 0.4899
vn 0.4147 -0.8938 0.1705
vn 0.9410 -0.1545 0.3011
vn -0.4298 -0.8884 0.1610
vn -0.2694 -0.9459 0.1810
vn -0.7982 -0.3552 0.4865
vn -0.3882 0.8691 0.3064
vn -0.9493 0.1391 0.2820
vn 0.3243 -0.1752 -0.9296
vn -0.8095 0.1050 -0.5776
vn -0.5925 -0.7656 0.2506
vn -0.7143 0.2120 -0.6670
vn -0.4484 0.8924 0.0507
vn -0.4558 0.8900 0.0116
vn -0.4025 0.9154 -0.0053
vn -0.0000 0.9999 0.0159
vn 0.3861 0.8811 -0.2733
vn 0.4025 0.9154 -0.0053
vn 0.9330 0.1370 -0.3328
vn -0.7940 0.0946 -0.6005
vn 0.9831 0.0403 -0.1789
vn 0.5933 -0.7575 -0.2723
vn 0.7764 0.1525 0.6115
vn 0.8531 -0.4627 0.2409
vn -0.4479 0.8722 -0.1967
vn 0.7224 -0.4145 -0.5535
vn -0.4501 0.0659 -0.8905
vn 0.8319 -0.5155 0.2056
vn 0.8269 0.5156 0.2244
vn -0.3045 0.3022 -0.9033
vn -0.7486 0.2599 -0.6099
vn -0.0872 -0.9959 0.0256
vn -0.1905 0.8776 -0.4399
vn 0.8975 -0.4153 0.1486
vn 0.4000 0.0763 -0.9133
vn 0.4101 -0.5446 0.7316
vn 0.2909 0.5236 0.8008
vn 0.3931 0.3256 -0.8599
vn -0.0957 0.2726 -0.9574
vn 0.0026 -0.9997 0.0228
vn -0.2980 0.8697 -0.3935
vn 0.8870 -0.4137 -0.2053
vn 0.0634 0.0483 -0.9968
vn 0.6162 -0.5539 0.5599
vn 0.5464 0.5482 0.6332
vn 0.0361 0.2840 -0.9581
vn -0.4344 0.2802 -0.8560
vn 0.0302 -0.9985 -0.0462
vn 0.3184 0.1273 0.9394
vn -0.6536 -0.7527 -0.0791
vn -0.6975 -0.4292 -0.5738
vn -0.2963 -0.6842 0.6664
vn -0.9840 0.1557 -0.0866
vn -0.5035 0.3335 0.7970
vn 0.4558 0.8823 -0.1173
vn -0.9076 0.4137 0.0720
vn 0.6455 0.2752 -0.7125
vn -0.6261 0.7697 0.1247
vn 0.1281 0.9415 0.3118
vn 0.8450 0.4061 0.3479
vn 0.8580 -0.4602 0.2281
vn -0.5837 0.5325 0.6129
vn -0.4742 0.8793 0.0443
vn 0.0002 0.9173 -0.3982
vn 0.9598 0.0417 0.2775
vn 0.0008 -0.2174 0.9761
vn -0.2739 0.0155 0.9616
vn 0.2709 -0.7009 0.6598
vn -0.1190 0.9921 -0.0387
vn 0.6043 0.7961 0.0317
vn -0.9880 0.0093 -0.1541
vn -0.7951 -0.1669 0.5831
vn 0.2290 -0.6990 0.6774
vn -0.1039 0.9945 0.0159
vn 0.5996 0.8001 0.0184
vn -0.5996 0.8001 0.0184
vn -0.8242 -0.1308 0.5510
vn 0.2162 -0.7030 0.6775
vn -0.0939 0.9946 0.0451
vn 0.6015 0.7988 -0.0116
vn -0.6015 0.7988 -0.0116
vn -0.8450 -0.0959 0.5262
vn 0.0377 -0.9988 0.0320
vn 0.2987 0.9502 0.0894
vn 0.5772 0.8163 -0.0229
vn -0.5772 0.8163 -0.0229
vn -0.8671 -0.1130 0.4851
vn -0.9977 -0.0606 0.0306
vn -0.0000 -0.7073 0.7069
vn 0.0703 -0.0595 -0.9958
vn 0.1283 -0.2344 0.9636
vn 0.7945 -0.6071 0.0110
vn -0.1892 -0.8967 0.4002
vn 0.9883 -0.1099 -0.1056
vn 0.9458 0.2318 0.2276
vn -0.0004 0.9728 0.2316
vn -0.0132 0.9955 -0.0940
vn 0.0167 -0.8233 0.5674
vn 0.0533 -0.9212 0.3855
vn -0.7963 -0.6045 0.0212
vn 0.9668 0.0229 0.2545
vn 0.4114 0.2092 -0.8871
vn 0.0031 0.9992 0.0393
vn -0.2794 -0.1304 -0.9513
vn -0.9854 0.0901 -0.1443
vn -0.0340 -0.2784 -0.9599
vn -0.0139 -0.9999 -0.0051
vn -0.0223 -0.9963 0.0832
vn 0.7846 0.3021 0.5414
vn 0.8405 0.1650 -0.5160
vn 0.1538 -0.6521 0.7424
vn 0.0023 0.9998 0.0198
vn -0.3139 -0.0784 -0.9462
vn -0.9927 0.0691 -0.0992
vn -0.0762 -0.2963 -0.9520
vn 0.3203 -0.7597 -0.5660
vn 0.9921 0.0414 0.1187
vn 0.2257 0.0958 -0.9695
vn 0.0144 0.9966 -0.0814
vn -0.3155 -0.2080 -0.9258
vn -0.9535 0.0942 -0.2862
vn 0.0744 -0.3329 -0.9400
vn -0.0133 -0.9932 -0.1160
vn -0.0236 -0.9994 -0.0263
vn 0.8525 0.2752 0.4443
vn 0.7962 0.1352 -0.5897
vn 0.1335 -0.7112 0.6902
vn 0.0005 0.9991 -0.0433
vn -0.2904 -0.1929 -0.9373
vn -0.9703 0.0823 -0.2276
vn 0.0521 -0.2983 -0.9530
vn 0.3550 -0.6937 -0.6267
vn 0.9991 0.0305 -0.0285
vn 0.1035 0.0442 -0.9936
vn 0.0020 0.9841 -0.1779
vn -0.7533 0.6574 -0.0192
vn -0.9115 0.0833 -0.4027
vn -0.8390 -0.5432 -0.0323
vn -0.0101 -0.9768 -0.2138
vn -0.4086 -0.9052 -0.1167
vn 0.9371 0.2331 0.2599
vn 0.5774 0.1394 -0.8044
vn -0.3241 -0.3823 -0.8653
vn 0.3033 -0.3647 -0.8803
vn 0.4155 -0.5400 -0.7319
vn 0.2148 0.5807 0.7852
vn -0.4896 0.0285 0.8715
vn -0.1717 0.4603 0.8710
vn 0.4383 0.4621 0.7710
vn 0.6004 0.4821 0.6380
vn 0.3982 -0.7398 0.5423
vn -0.6581 -0.6623 0.3582
vn 0.5762 0.3140 0.7546
vn -0.1887 0.7190 0.6689
vn 0.7702 0.1787 0.6123
vn 0.0475 -0.0375 0.9982
vn 0.5239 0.8337 -0.1748
vn 0.0398 0.7469 -0.6638
vn -0.0461 -0.4535 0.8901
vn -0.4097 -0.3634 0.8368
vn -0.5788 0.3473 0.7379
vn -0.4886 0.8537 0.1802
vn 0.2918 0.6017 0.7435
vn -0.6377 0.5921 -0.4927
vn -0.6812 0.3606 0.6371
vn 0.1534 0.3785 -0.9128
vn -0.9840 0.1770 -0.0179
vn 0.7812 0.4736 -0.4068
vn -0.1636 -0.8412 0.5155
vn 0.5267 -0.4816 0.7004
vn 0.2394 0.3570 -0.9029
vn -0.6789 0.6352 -0.3684
vn -0.1708 0.7956 -0.5813
vn -0.2012 0.3418 0.9180
vn 0.3526 0.3813 0.8546
vn 0.5838 0.0395 0.8109
vn -0.3785 -0.8017 0.4626
vn 0.3036 0.5302 0.7917
vn 0.0412 0.7355 0.6763
vn -0.3178 0.5930 0.7398
vn -0.1168 0.9130 0.3908
vn -0.2619 0.9644 0.0376
vn -0.1138 0.8033 -0.5846
vn -0.3359 0.5152 -0.7885
vn 0.7427 -0.0622 -0.6667
vn 0.8369 -0.5412 -0.0823
vn -0.0265 0.6945 0.7190
vn 0.4061 -0.1227 0.9055
vn -0.2629 0.3326 0.9057
vn -0.6208 -0.3308 -0.7108
vn -0.9633 0.1528 0.2206
vn 0.1862 -0.8839 -0.4290
vn -0.3451 -0.5712 0.7447
vn 0.0762 -0.1145 0.9905
vn -0.6191 -0.0706 0.7821
vn -0.5932 0.6992 0.3989
vn -0.9457 -0.2038 0.2534
vn 0.0562 -0.8699 -0.4900
vn 0.6918 -0.2156 0.6891
vn -0.5247 -0.0966 0.8458
vn -0.6008 0.5718 -0.5586
vn -0.9459 0.1584 0.2831
vn -0.4477 0.1508 -0.8814
vn -0.6291 0.7427 -0.2297
vn -0.2215 0.8753 -0.4299
vn -0.7127 0.5654 -0.4153
vn 0.0399 0.8810 0.4714
vn 0.4971 0.8473 0.1868
vn -0.7502 -0.1081 -0.6523
vn 0.8109 0.5840 -0.0379
vn 0.0086 0.7929 0.6093
vn -0.8823 0.1357 0.4506
vn -0.4723 0.6055 -0.6406
vn 0.8686 0.4733 -0.1467
vn 0.3966 -0.2653 0.8788
vn 0.3963 -0.7263 0.5616
vn 0.7189 -0.6499 0.2465
vn 0.3154 -0.9292 0.1924
vn 0.4945 -0.2648 -0.8278
vn 0.7316 0.5929 -0.3364
vn 0.3933 0.9173 -0.0622
vn 0.4966 -0.5518 -0.6700
vn 0.1905 0.8094 -0.5555
vn 0.3674 -0.1475 -0.9183
vn 0.4802 0.7853 -0.3907
vn 0.9826 0.0803 0.1677
vn 0.1336 -0.8471 -0.5144
vn 0.2868 -0.9320 0.2216
vn -0.0480 -0.9220 -0.3842
vn 0.0935 -0.7886 -0.6077
vn -0.4922 -0.7704 -0.4052
vn -0.1142 -0.8905 0.4405
vn -0.1285 -0.8814 0.4546
vn 0.6616 0.7328 -0.1593
vn 0.9942 0.1027 0.0330
vn -0.2735 -0.4768 0.8354
vn -0.0897 -0.9440 0.3176
vn -0.2279 -0.9167 0.3283
vn -0.3004 -0.5087 0.8069
vn -0.4722 0.6183 0.6282
vn 0.5021 0.2907 0.8145
vn -0.6462 0.6888 -0.3287
vn -0.5473 0.3573 0.7569
vn 0.1053 0.6663 -0.7382
vn -0.9640 0.2429 -0.1080
vn 0.5398 0.6153 -0.5744
vn -0.0680 -0.9804 -0.1850
vn 0.2175 -0.9742 0.0607
vn -0.3594 0.4680 0.8073
vn -0.3039 -0.9206 0.2452
vn 0.0103 0.9998 0.0171
vn 0.9623 -0.2564 -0.0908
vn 0.5162 -0.7177 0.4674
vn -0.1749 0.9268 0.3324
vn 0.6429 0.3878 0.6605
vn 0.4116 0.0408 0.9104
vn 0.4428 0.2745 0.8536
vn 0.0282 -0.5664 0.8236
vn -0.8916 0.4168 -0.1773
vn 0.2356 0.6709 0.7031
vn 0.4378 -0.8919 0.1137
vn -0.9849 -0.1611 -0.0630
vn 0.7812 -0.5276 0.3337
vn 0.8415 0.3100 -0.4425
vn 0.5618 -0.7957 -0.2264
vn 0.7432 0.6437 -0.1823
vn 0.2704 0.3552 0.8948
vn -0.2506 -0.6817 0.6874
vn -0.6862 0.4716 -0.5538
vn -0.6538 0.3852 0.6513
vn 0.0412 0.2984 -0.9535
vn -0.9388 0.3301 -0.0981
vn 0.7739 0.4118 -0.4812
vn -0.1241 -0.9692 0.2129
vn 0.4121 -0.6902 0.5948
vn -0.3289 0.7287 0.6006
vn -0.2338 -0.8022 0.5493
vn -0.8472 0.5234 0.0909
vn 0.0114 -0.7393 0.6733
vn -0.3025 0.7866 0.5383
vn 0.3231 -0.8197 0.4730
vn 0.5709 -0.5095 0.6438
vn -0.7925 -0.3997 -0.4606
vn 0.4142 0.2943 -0.8613
vn -0.3703 -0.7359 -0.5669
vn 0.8047 0.2869 0.5197
vn 0.5258 0.7540 -0.3936
vn -0.5975 -0.7385 0.3124
vn -0.0320 -0.5839 0.8112
vn 0.0927 -0.8290 0.5515
vn 0.1044 -0.4187 0.9021
vn 0.6076 -0.0921 -0.7889
vn -0.8642 -0.4294 0.2622
vn -0.3701 0.3310 -0.8680
vn -0.6812 -0.7278 -0.0788
vn 0.9146 0.2883 -0.2837
vn 0.0767 0.7558 -0.6503
vn -0.1678 -0.7331 0.6591
vn 0.5901 -0.5887 0.5524
vn 0.4457 -0.8112 0.3785
vn 0.7845 -0.4896 0.3806
vn -0.2241 -0.1428 -0.9640
vn -0.9084 -0.4091 -0.0865
vn -0.0531 0.2906 -0.9554
vn -0.5440 -0.7471 -0.3821
vn 0.9605 0.2653 0.0838
vn 0.3049 0.7347 -0.6060
vn -0.3955 -0.7433 0.5395
vn 0.3229 -0.6097 0.7239
vn 0.2877 -0.8329 0.4727
vn 0.6312 -0.5271 0.5690
vn 0.1341 0.0589 -0.9892
usemtl MAT_cerebus2
s 1
f 1/1/1 158/2/2 550/3/3
f 158/2/2 1/1/1 84/4/4
f 84/4/4 2/5/5 158/2/2
f 2/5/5 84/4/4 86/6/6
f 86/6/6 157/7/7 2/5/5
f 157/7/7 86/6/6 88/8/8
f 88/8/8 3/9/9 157/7/7
f 3/9/9 88/8/8 4/10/10
f 4/10/10 5/11/11 3/9/9
f 5/11/11 4/10/10 6/12/12
f 6/12/12 7/13/13 5/11/11
f 7/13/13 6/12/12 8/14/14
f 8/14/14 9/15/15 7/13/13
f 9/15/15 8/14/14 10/16/16
f 10/16/16 133/17/17 9/15/15
f 133/17/17 10/16/16 11/18/18
f 11/18/18 135/19/19 133/17/17
f 135/19/19 11/18/18 174/20/20
f 174/20/20 12/21/21 135/19/19
f 12/21/21 174/20/20 173/22/22
f 173/22/22 26/23/23 12/21/21
f 26/23/23 173/22/22 13/24/24
f 13/24/24 14/25/25 26/23/23
f 14/25/25 13/24/24 15/26/26
f 15/26/26 29/27/27 14/25/25
f 29/27/27 15/26/26 16/28/28
f 16/28/28 17/29/29 29/27/27
f 17/29/29 16/28/28 18/30/30
f 18/30/30 31/31/31 17/29/29
f 31/31/31 18/30/30 58/32/32
f 58/32/32 33/33/33 31/31/31
f 33/33/33 58/32/32 19/34/34
f 19/34/34 35/35/35 33/33/33
f 35/35/35 19/34/34 20/36/36
f 20/36/36 21/37/37 35/35/35
f 21/37/37 20/36/36 54/38/38
f 54/38/38 22/39/39 21/37/37
f 22/39/39 54/38/38 23/40/40
f 23/40/40 37/41/41 22/39/39
f 37/41/41 23/40/40 53/42/42
f 161/43/43 104/44/44 36/45/45
f 104/44/44 161/43/43 24/46/46
f 24/46/46 25/47/47 104/44/44
f 25/47/47 24/46/46 26/23/23
f 26/23/23 27/48/48 25/47/47
f 27/48/48 26/23/23 14/25/25
f 14/25/25 28/49/49 27/48/48
f 28/49/49 14/25/25 29/27/27
f 29/27/27 119/50/50 28/49/49
f 119/50/50 29/27/27 17/29/29
f 17/29/29 30/51/51 119/50/50
f 30/51/51 17/29/29 31/31/31
f 31/31/31 32/52/52 30/51/51
f 32/52/52 31/31/31 33/33/33
f 33/33/33 34/53/53 32/52/52
f 34/53/53 33/33/33 35/35/35
f 35/35/35 36/54/45 34/53/53
f 36/54/45 35/35/35 21/37/37
f 21/37/37 163/55/54 36/54/45
f 163/55/54 21/37/37 22/39/39
f 22/39/39 164/56/55 163/55/54
f 164/56/55 22/39/39 37/41/41
f 38/57/56 484/58/57 483/59/58
f 483/59/58 39/60/59 38/57/56
f 39/60/59 483/59/58 40/61/60
f 40/61/60 68/62/61 39/60/59
f 40/61/60 70/63/62 68/62/61
f 40/61/60 41/64/63 70/63/62
f 40/61/60 42/65/64 41/64/63
f 42/65/64 40/61/60 483/59/58
f 42/65/64 483/59/58 43/66/65
f 42/65/64 43/66/65 656/67/66
f 656/67/66 71/68/67 42/65/64
f 71/68/67 656/67/66 657/69/68
f 657/69/68 179/70/69 71/68/67
f 179/70/69 657/69/68 183/71/70
f 183/71/71 76/72/72 179/70/73
f 76/72/72 183/71/71 659/73/74
f 659/73/74 74/74/75 76/72/72
f 74/74/75 659/73/74 44/75/76
f 74/74/75 44/75/76 491/76/77
f 74/74/75 491/76/77 45/77/78
f 45/77/78 75/78/79 74/74/75
f 45/77/78 47/79/80 75/78/79
f 47/79/80 45/77/78 46/80/81
f 592/81/82 75/78/79 47/79/80
f 75/78/79 592/81/82 48/82/83
f 48/82/83 49/83/84 75/78/79
f 49/83/84 48/82/83 50/84/85
f 50/84/85 69/85/86 49/83/84
f 50/84/85 51/86/87 69/85/86
f 51/86/87 50/84/85 590/87/88
f 590/87/88 52/88/89 51/86/87
f 52/88/89 590/87/88 53/42/42
f 52/88/89 53/42/42 23/40/40
f 23/40/40 65/89/90 52/88/89
f 65/89/90 23/40/40 54/38/38
f 54/38/38 55/90/91 65/89/90
f 55/90/91 54/38/38 20/36/36
f 20/36/36 56/91/92 55/90/91
f 56/91/92 20/36/36 19/34/34
f 19/34/34 57/92/93 56/91/92
f 57/92/93 19/34/34 58/32/32
f 58/32/32 61/93/94 57/92/93
f 61/93/94 58/32/32 18/30/30
f 18/30/30 59/94/95 61/93/94
f 59/94/95 18/30/30 16/28/28
f 59/94/95 16/28/28 15/26/26
f 59/94/95 15/26/26 60/95/96
f 59/94/95 60/95/96 62/96/97
f 62/96/97 61/93/94 59/94/95
f 62/96/97 57/92/93 61/93/94
f 57/92/93 62/96/97 63/97/98
f 63/97/98 56/91/92 57/92/93
f 56/91/92 63/97/98 95/98/99
f 95/98/99 55/90/91 56/91/92
f 55/90/91 95/98/99 64/99/100
f 64/99/100 65/89/90 55/90/91
f 64/99/100 52/88/89 65/89/90
f 64/99/100 51/86/87 52/88/89
f 51/86/87 64/99/100 66/100/101
f 66/100/101 69/85/86 51/86/87
f 69/85/86 66/100/101 67/101/102
f 69/85/86 67/101/102 68/62/61
f 69/85/86 68/62/61 70/63/62
f 70/63/62 72/102/103 69/85/86
f 72/102/103 70/63/62 41/64/63
f 41/64/63 71/68/67 72/102/103
f 71/68/67 41/64/63 42/65/64
f 179/70/69 72/102/103 71/68/67
f 72/102/103 179/70/73 73/103/104
f 73/103/104 69/85/86 72/102/103
f 73/103/104 49/83/84 69/85/86
f 73/103/104 75/78/79 49/83/84
f 73/103/104 76/72/72 75/78/79
f 76/72/72 73/103/104 179/70/73
f 74/74/75 75/78/79 76/72/72
f 488/104/105 654/105/106 77/106/107
f 77/106/107 497/107/108 488/104/105
f 497/107/108 77/106/107 78/108/109
f 78/108/109 496/109/110 497/107/108
f 496/109/110 78/108/109 165/110/111
f 165/110/111 79/111/112 496/109/110
f 79/111/112 165/110/111 80/112/113
f 80/112/113 81/113/114 79/111/112
f 82/114/115 67/101/102 66/100/101
f 67/101/102 82/114/115 83/115/116
f 83/115/116 552/116/117 67/101/102
f 83/115/116 1/1/1 552/116/117
f 83/115/116 84/4/4 1/1/1
f 84/4/4 83/115/116 85/117/118
f 85/117/118 86/6/6 84/4/4
f 86/6/6 85/117/118 87/118/119
f 87/118/119 88/8/8 86/6/6
f 88/8/8 87/118/119 93/119/120
f 93/119/120 4/10/10 88/8/8
f 4/10/10 93/119/120 92/120/121
f 92/120/121 6/12/12 4/10/10
f 6/12/12 92/120/121 89/121/122
f 89/121/122 8/14/14 6/12/12
f 8/14/14 89/121/122 90/122/123
f 90/122/123 10/16/16 8/14/14
f 90/122/123 11/18/18 10/16/16
f 90/122/123 102/123/124 11/18/18
f 90/122/123 91/124/125 102/123/124
f 91/124/125 90/122/123 89/121/122
f 91/124/125 89/121/122 92/120/121
f 92/120/121 100/125/126 91/124/125
f 100/125/126 92/120/121 93/119/120
f 93/119/120 99/126/127 100/125/126
f 99/126/127 93/119/120 87/118/119
f 87/118/119 94/127/128 99/126/127
f 94/127/128 87/118/119 85/117/118
f 94/127/128 85/117/118 83/115/116
f 94/127/128 83/115/116 82/114/115
f 82/114/115 98/128/129 94/127/128
f 98/128/129 82/114/115 66/100/101
f 98/128/129 66/100/101 64/99/100
f 64/99/100 96/129/130 98/128/129
f 96/129/130 64/99/100 95/98/99
f 96/129/130 95/98/99 63/97/98
f 96/129/130 63/97/98 62/96/97
f 96/129/130 62/96/97 60/95/96
f 96/129/130 60/95/96 97/130/131
f 97/130/131 98/128/129 96/129/130
f 98/128/129 97/130/131 101/131/132
f 101/131/132 94/127/128 98/128/129
f 101/131/132 99/126/127 94/127/128
f 101/131/132 100/125/126 99/126/127
f 101/131/132 91/124/125 100/125/126
f 101/131/132 102/123/124 91/124/125
f 102/123/124 101/131/132 97/130/131
f 97/130/131 176/132/133 102/123/124
f 176/132/133 97/130/131 60/95/96
f 103/133/134 105/134/135 106/135/136
f 105/134/135 103/133/134 36/45/45
f 105/134/135 36/45/45 104/44/44
f 105/134/135 104/44/44 107/136/137
f 107/136/137 106/135/136 105/134/135
f 107/136/137 108/137/138 106/135/136
f 107/136/137 929/138/139 108/137/138
f 107/136/137 109/139/140 929/138/139
f 109/139/140 107/136/137 120/140/141
f 120/140/141 110/141/142 109/139/140
f 110/141/142 120/140/141 111/142/143
f 111/142/143 112/143/144 110/141/142
f 112/143/144 111/142/143 113/144/145
f 113/144/145 935/145/146 112/143/144
f 935/145/146 113/144/145 123/146/147
f 123/146/147 114/147/148 935/145/146
f 114/147/148 123/146/147 115/148/149
f 115/148/149 932/149/150 114/147/148
f 932/149/150 115/148/149 116/150/151
f 116/150/151 930/151/152 932/149/150
f 116/150/151 929/152/139 930/151/152
f 116/150/151 108/153/138 929/152/139
f 108/153/138 116/150/151 122/154/153
f 122/154/153 106/155/136 108/153/138
f 106/155/136 122/154/153 117/156/154
f 117/156/154 103/157/134 106/155/136
f 117/156/154 36/54/45 103/157/134
f 117/156/154 34/53/53 36/54/45
f 34/53/53 117/156/154 118/158/155
f 118/158/155 32/52/52 34/53/53
f 32/52/52 118/158/155 123/146/147
f 123/146/147 30/51/51 32/52/52
f 30/51/51 123/146/147 113/144/145
f 113/144/145 119/50/50 30/51/51
f 119/50/50 113/144/145 111/142/143
f 111/142/143 28/49/49 119/50/50
f 28/49/49 111/142/143 120/140/141
f 120/140/141 27/48/48 28/49/49
f 27/48/48 120/140/141 107/136/137
f 107/136/137 25/47/47 27/48/48
f 25/47/47 107/136/137 104/44/44
f 118/158/155 121/159/156 123/146/147
f 121/159/156 118/158/155 117/156/154
f 121/159/156 117/156/154 122/154/153
f 121/159/156 122/154/153 115/148/149
f 115/148/149 123/146/147 121/159/156
f 116/150/151 115/148/149 122/154/153
f 134/160/157 144/161/158 124/162/159
f 124/162/159 125/163/160 134/160/157
f 125/163/160 124/162/159 146/164/161
f 146/164/161 126/165/162 125/163/160
f 126/165/162 146/164/161 147/166/163
f 147/166/163 132/167/164 126/165/162
f 132/167/164 147/166/163 127/168/165
f 127/168/165 128/169/166 132/167/164
f 127/168/165 131/170/167 128/169/166
f 127/168/165 129/171/168 131/170/167
f 129/171/168 127/168/165 149/172/169
f 129/171/168 149/172/169 130/173/170
f 129/171/168 130/173/170 152/174/171
f 129/171/168 152/174/171 154/175/172
f 154/175/172 131/170/167 129/171/168
f 131/170/167 154/175/172 155/176/173
f 155/176/173 128/169/166 131/170/167
f 128/169/166 155/176/173 157/7/7
f 128/169/166 157/7/7 3/9/9
f 128/169/166 3/9/9 5/11/11
f 5/11/11 132/167/164 128/169/166
f 132/167/164 5/11/11 7/13/13
f 7/13/13 126/165/162 132/167/164
f 126/165/162 7/13/13 9/15/15
f 9/15/15 125/163/160 126/165/162
f 125/163/160 9/15/15 133/17/17
f 133/17/17 134/160/157 125/163/160
f 134/160/157 133/17/17 135/19/19
f 134/160/157 135/19/19 137/177/174
f 137/177/174 144/161/158 134/160/157
f 137/177/174 136/178/175 144/161/158
f 137/177/174 138/179/176 136/178/175
f 138/179/176 137/177/174 135/19/19
f 135/19/19 139/180/177 138/179/176
f 139/180/177 135/19/19 12/21/21
f 12/21/21 140/181/178 139/180/177
f 140/181/178 12/21/21 26/23/23
f 140/181/178 26/23/23 24/46/46
f 140/181/178 24/46/46 161/43/43
f 140/181/178 161/43/43 141/182/179
f 140/181/178 141/182/179 142/183/180
f 142/183/180 139/180/177 140/181/178
f 139/180/177 142/183/180 156/184/181
f 156/184/181 138/179/176 139/180/177
f 138/179/176 156/184/181 143/185/182
f 143/185/182 136/178/175 138/179/176
f 136/178/175 143/185/182 153/186/183
f 153/186/183 144/161/158 136/178/175
f 144/161/158 153/186/183 151/187/184
f 144/161/158 151/187/184 150/188/185
f 144/161/158 150/188/185 145/189/186
f 145/189/186 124/162/159 144/161/158
f 124/162/159 145/189/186 725/190/187
f 725/190/187 146/164/161 124/162/159
f 146/164/161 725/190/187 724/191/188
f 724/191/188 147/166/163 146/164/161
f 147/166/163 724/191/188 148/192/189
f 148/192/189 127/168/165 147/166/163
f 127/168/165 148/192/189 722/193/190
f 722/193/190 149/172/169 127/168/165
f 149/172/169 722/193/190 720/194/191
f 720/194/191 130/173/170 149/172/169
f 130/173/170 720/194/191 719/195/192
f 130/173/170 719/195/192 150/196/185
f 130/173/170 150/196/185 151/197/184
f 151/197/184 152/174/171 130/173/170
f 152/174/171 151/197/184 153/198/183
f 153/198/183 154/175/172 152/174/171
f 154/175/172 153/198/183 143/199/182
f 143/199/182 155/176/173 154/175/172
f 155/176/173 143/199/182 156/200/181
f 156/200/181 157/7/7 155/176/173
f 156/200/181 2/5/5 157/7/7
f 2/5/5 156/200/181 159/201/193
f 159/201/193 158/2/2 2/5/5
f 159/201/193 550/3/3 158/2/2
f 159/201/193 549/202/194 550/3/3
f 159/201/193 160/203/195 549/202/194
f 160/203/195 159/201/193 156/200/181
f 160/203/195 156/200/181 142/204/180
f 142/204/180 169/205/196 160/203/195
f 169/205/196 142/204/180 141/206/179
f 141/206/179 162/207/197 169/205/196
f 162/207/197 141/206/179 161/208/43
f 162/207/197 161/208/43 36/54/45
f 162/207/197 36/54/45 163/55/54
f 162/207/197 163/55/54 164/56/55
f 164/56/55 171/209/198 162/207/197
f 171/209/198 164/56/55 587/210/199
f 171/209/198 587/210/199 586/211/200
f 586/211/200 166/212/201 171/209/198
f 166/212/201 586/211/200 80/213/113
f 166/212/201 80/213/113 165/214/111
f 166/212/201 165/214/111 78/215/109
f 166/212/201 78/215/109 77/216/107
f 166/212/201 77/216/107 654/217/106
f 166/212/201 654/217/106 167/218/202
f 167/218/202 172/219/203 166/212/201
f 172/219/203 167/218/202 168/220/204
f 172/219/203 168/220/204 549/202/194
f 172/219/203 549/202/194 160/203/195
f 160/203/195 170/221/205 172/219/203
f 170/221/205 160/203/195 169/205/196
f 170/221/205 169/205/196 162/207/197
f 170/221/205 162/207/197 171/209/198
f 170/221/205 171/209/198 166/212/201
f 166/212/201 172/219/203 170/221/205
f 173/222/22 174/223/20 873/224/206
f 873/224/206 13/225/24 173/222/22
f 13/225/24 873/224/206 869/226/207
f 869/226/207 15/227/26 13/225/24
f 15/227/26 869/226/207 175/228/208
f 175/228/208 60/229/96 15/227/26
f 60/229/96 175/228/208 871/230/209
f 871/230/209 176/231/133 60/229/96
f 176/231/133 871/230/209 177/232/210
f 177/232/210 102/233/124 176/231/133
f 102/233/124 177/232/210 178/234/211
f 178/234/211 11/235/18 102/233/124
f 11/235/18 178/234/211 873/224/206
f 873/224/206 174/223/20 11/235/18
f 545/236/212 183/71/213 179/70/214
f 179/70/214 180/237/215 545/236/212
f 179/70/214 181/238/216 180/237/215
f 179/70/214 72/102/217 181/238/216
f 179/70/218 182/239/219 72/102/220
f 182/239/219 179/70/218 183/71/221
f 183/71/221 547/240/222 182/239/219
f 184/241/223 72/102/220 182/239/219
f 195/242/224 312/243/225 299/244/226
f 299/244/226 297/245/227 195/242/224
f 297/245/228 299/244/229 190/246/230
f 297/245/228 190/246/230 185/247/231
f 185/247/231 194/248/232 297/245/228
f 194/248/232 185/247/231 186/249/233
f 186/249/233 193/250/234 194/248/232
f 193/250/234 186/249/233 187/251/235
f 187/251/235 192/252/236 193/250/234
f 192/252/236 187/251/235 188/253/237
f 188/253/237 351/254/238 192/252/236
f 351/254/238 188/253/237 189/255/239
f 189/255/239 191/256/240 351/254/238
f 191/256/240 189/255/239 190/257/230
f 191/256/240 190/257/230 299/258/229
f 191/256/241 299/258/226 312/259/225
f 191/256/241 312/259/225 311/260/242
f 311/260/242 351/254/243 191/256/241
f 351/254/243 311/260/242 309/261/244
f 309/261/244 192/252/245 351/254/243
f 192/252/245 309/261/244 316/262/246
f 316/262/246 193/250/247 192/252/245
f 193/250/247 316/262/246 328/263/248
f 328/263/248 194/248/249 193/250/247
f 194/248/249 328/263/248 305/264/250
f 305/264/250 297/245/227 194/248/249
f 297/245/227 305/264/250 303/265/251
f 303/265/251 195/242/224 297/245/227
f 206/266/252 218/267/253 225/268/254
f 225/268/254 205/269/255 206/266/252
f 205/269/255 225/268/254 226/270/256
f 226/270/256 201/271/257 205/269/255
f 201/271/257 226/270/256 196/272/258
f 197/273/259 222/274/260 198/275/261
f 198/275/261 199/276/262 197/273/259
f 199/276/262 198/275/261 213/277/263
f 213/277/263 200/278/264 199/276/262
f 200/278/264 213/277/263 210/279/265
f 210/279/265 226/280/256 200/278/264
f 226/280/256 210/279/265 211/281/266
f 211/281/266 196/282/258 226/280/256
f 196/282/258 211/281/266 209/283/267
f 209/283/267 201/284/257 196/282/258
f 209/283/267 202/285/268 201/284/257
f 202/285/268 209/283/267 203/286/269
f 203/286/269 201/284/257 202/285/268
f 203/286/269 205/287/255 201/284/257
f 205/287/255 203/286/269 204/288/270
f 204/288/270 206/289/252 205/287/255
f 206/289/252 204/288/270 207/290/271
f 207/290/271 218/291/253 206/289/252
f 207/290/271 208/292/272 218/291/253
f 208/292/272 207/290/271 204/288/270
f 208/292/272 204/288/270 203/286/269
f 203/286/269 212/293/273 208/292/272
f 203/286/269 211/281/266 212/293/273
f 211/281/266 203/286/269 209/283/267
f 210/279/265 212/293/273 211/281/266
f 212/293/273 210/279/265 213/277/263
f 212/293/273 213/277/263 231/294/274
f 212/293/273 231/294/274 214/295/275
f 214/295/275 208/292/272 212/293/273
f 208/292/272 214/295/275 221/296/276
f 221/296/276 215/297/277 208/292/272
f 215/297/277 221/296/276 227/298/278
f 215/297/277 227/298/278 224/299/279
f 224/299/279 217/300/280 215/297/277
f 217/300/280 224/299/279 216/301/281
f 217/300/280 216/301/281 219/302/282
f 219/302/282 215/297/277 217/300/280
f 219/302/282 208/292/272 215/297/277
f 208/292/272 219/302/282 218/291/283
f 218/291/253 208/292/284 225/303/254
f 219/302/282 223/304/285 225/303/254
f 223/304/285 219/302/282 216/301/281
f 235/305/286 214/295/275 231/294/274
f 214/295/275 235/305/286 220/306/287
f 220/306/287 221/296/276 214/295/275
f 220/306/287 227/298/278 221/296/276
f 227/298/278 220/306/287 222/307/260
f 222/307/260 197/308/259 227/298/278
f 223/309/285 216/310/281 224/311/279
f 224/311/279 225/268/254 223/309/285
f 224/311/279 226/270/256 225/268/254
f 226/270/256 224/311/279 227/312/278
f 227/312/278 200/313/264 226/270/256
f 200/313/264 227/312/278 197/314/259
f 197/314/259 199/315/262 200/313/264
f 220/316/287 236/317/288 228/318/289
f 228/318/289 222/319/260 220/316/287
f 222/319/260 228/318/289 229/320/290
f 229/320/290 198/321/261 222/319/260
f 198/321/261 229/320/290 363/322/291
f 363/322/291 213/323/263 198/321/261
f 213/323/263 363/322/291 231/324/292
f 231/324/293 230/325/294 213/323/295
f 231/324/293 232/326/296 230/325/294
f 232/326/296 231/324/293 235/327/297
f 235/327/297 233/328/298 232/326/296
f 235/327/297 234/329/299 233/328/298
f 235/327/297 220/330/300 234/329/299
f 235/327/301 236/331/288 220/330/287
f 235/327/301 359/332/302 236/331/288
f 359/332/302 235/327/301 231/324/292
f 231/324/292 357/333/303 359/332/302
f 357/333/303 231/324/292 363/322/291
f 243/334/304 242/335/305 237/336/306
f 237/336/306 245/337/307 243/334/304
f 245/337/307 237/336/306 238/338/308
f 238/338/308 469/339/309 245/337/307
f 469/339/309 238/338/308 239/340/310
f 239/340/310 331/341/311 469/339/309
f 239/340/310 248/342/312 331/341/311
f 248/342/312 239/340/310 240/343/313
f 240/343/313 338/344/314 248/342/312
f 338/344/314 240/343/313 241/345/315
f 241/345/315 467/346/316 338/344/314
f 467/346/316 241/345/315 242/347/305
f 242/347/305 243/348/304 467/346/316
f 243/334/317 251/349/318 244/350/319
f 244/350/319 245/337/320 243/334/317
f 245/337/320 244/350/319 246/351/321
f 246/351/321 469/339/322 245/337/320
f 469/339/322 246/351/321 247/352/323
f 247/352/323 331/341/324 469/339/322
f 247/352/323 248/342/325 331/341/324
f 248/342/325 247/352/323 249/353/326
f 249/353/326 338/344/327 248/342/325
f 338/344/327 249/353/326 250/354/328
f 250/354/328 467/346/329 338/344/327
f 467/346/329 250/354/328 251/355/318
f 251/355/318 243/348/317 467/346/329
f 252/356/330 282/357/331 272/358/332
f 282/357/331 252/356/330 270/359/333
f 270/359/333 254/360/334 282/357/331
f 254/360/334 270/359/333 264/361/335
f 264/361/335 253/362/336 254/360/334
f 283/363/337 277/364/338 278/365/339
f 277/364/338 283/363/337 282/357/331
f 277/364/338 282/357/331 254/360/334
f 254/360/334 255/366/340 277/364/338
f 255/366/340 254/360/334 256/367/341
f 256/367/341 259/368/342 255/366/340
f 259/368/342 256/367/341 257/369/343
f 258/370/344 259/371/342 257/372/343
f 257/372/343 260/373/345 258/370/344
f 260/373/345 257/372/343 256/374/341
f 256/374/341 261/375/346 260/373/345
f 261/375/346 256/374/341 254/376/334
f 254/376/334 262/377/347 261/375/346
f 254/376/334 263/378/348 262/377/347
f 263/378/348 254/376/334 253/379/336
f 253/379/336 266/380/349 263/378/348
f 266/380/349 253/379/336 264/381/335
f 264/381/335 265/382/350 266/380/349
f 265/382/350 264/381/335 274/383/351
f 274/383/351 266/380/349 265/382/350
f 274/383/351 263/378/348 266/380/349
f 263/378/348 274/383/351 267/384/352
f 267/384/352 262/377/347 263/378/348
f 267/384/352 261/375/346 262/377/347
f 267/384/352 290/385/353 261/375/346
f 290/385/353 267/384/352 275/386/354
f 275/386/354 268/387/355 290/385/353
f 268/387/355 275/386/354 269/388/356
f 269/388/356 284/389/357 268/387/355
f 284/389/357 269/388/356 255/390/340
f 255/390/340 258/391/344 284/389/357
f 258/391/344 255/390/340 259/392/342
f 274/383/351 264/381/335 270/393/333
f 270/393/333 273/394/358 274/383/351
f 273/394/358 270/393/333 252/395/330
f 252/395/330 271/396/359 273/394/358
f 271/396/359 252/395/330 272/397/332
f 271/396/359 272/397/332 281/398/360
f 281/398/360 273/394/358 271/396/359
f 281/398/360 274/383/351 273/394/358
f 281/398/360 267/384/352 274/383/351
f 281/398/360 275/386/354 267/384/352
f 275/386/354 281/398/360 276/399/361
f 276/399/361 269/388/356 275/386/354
f 276/399/361 255/390/340 269/388/356
f 276/399/361 277/400/338 255/390/340
f 277/400/338 276/399/361 279/401/362
f 279/401/362 278/402/339 277/400/338
f 279/401/362 280/403/363 278/402/339
f 280/403/363 279/401/362 276/399/361
f 280/403/363 276/399/361 281/398/360
f 281/398/360 272/397/364 280/403/363
f 272/397/332 282/404/331 281/398/365
f 280/403/363 282/404/331 283/405/337
f 283/405/337 278/402/339 280/403/363
f 289/406/366 284/407/357 258/408/344
f 258/408/344 367/409/367 289/406/366
f 367/409/367 258/408/344 260/410/345
f 260/410/345 369/411/368 367/409/367
f 369/411/368 260/410/345 261/412/346
f 261/412/346 291/413/369 369/411/368
f 261/412/346 290/414/370 291/413/369
f 290/414/371 261/412/372 285/415/373
f 290/414/371 285/415/373 286/416/374
f 286/416/374 268/417/375 290/414/371
f 268/417/375 286/416/374 287/418/376
f 268/417/375 287/418/376 288/419/377
f 268/417/375 288/419/377 284/420/378
f 268/417/379 284/420/357 289/421/366
f 268/417/379 289/421/366 370/422/380
f 370/422/380 290/414/370 268/417/379
f 290/414/370 370/422/380 373/423/381
f 373/423/381 291/413/369 290/414/370
f 298/424/382 299/258/383 191/256/384
f 191/256/384 292/425/385 298/424/382
f 292/425/385 191/256/384 351/254/386
f 351/254/386 293/426/387 292/425/385
f 293/426/387 351/254/386 192/252/388
f 192/252/388 294/427/389 293/426/387
f 294/427/389 192/252/388 193/250/390
f 193/250/390 295/428/391 294/427/389
f 295/428/391 193/250/390 194/248/392
f 194/248/392 296/429/393 295/428/391
f 296/429/393 194/248/392 297/245/394
f 297/245/394 298/430/382 296/429/393
f 298/430/382 297/245/394 299/244/383
f 312/431/395 300/432/396 301/433/397
f 301/433/397 195/434/398 312/431/395
f 195/434/398 301/433/397 302/435/399
f 302/435/399 303/436/400 195/434/398
f 303/436/400 302/435/399 304/437/401
f 304/437/401 305/438/402 303/436/400
f 305/438/402 304/437/401 306/439/403
f 306/439/403 328/440/404 305/438/402
f 328/440/404 306/439/403 307/441/405
f 307/441/405 316/442/406 328/440/404
f 316/442/406 307/441/405 308/443/407
f 308/443/407 309/444/408 316/442/406
f 309/444/408 308/443/407 310/445/409
f 310/445/409 311/446/410 309/444/408
f 311/446/410 310/445/409 300/447/396
f 311/446/410 300/447/396 312/448/395
f 312/448/411 313/449/412 311/446/413
f 312/448/411 653/450/414 313/449/412
f 653/450/414 312/448/411 195/451/415
f 195/451/415 585/452/416 653/450/414
f 559/453/417 313/449/412 653/450/414
f 311/446/413 313/449/412 314/454/418
f 314/454/418 309/444/419 311/446/413
f 309/444/419 314/454/418 315/455/420
f 309/444/419 315/455/420 579/456/421
f 309/444/419 579/456/421 317/457/422
f 317/457/422 316/442/423 309/444/419
f 317/457/422 318/458/424 316/442/423
f 318/458/424 317/457/422 579/456/421
f 318/458/424 579/456/421 580/459/425
f 580/459/425 327/460/426 318/458/424
f 327/460/426 580/459/425 319/461/427
f 319/461/427 326/462/428 327/460/426
f 326/462/428 319/461/427 583/463/429
f 583/463/429 325/464/430 326/462/428
f 325/464/430 583/463/429 320/465/431
f 325/464/430 320/465/431 585/466/416
f 325/464/430 585/466/416 195/434/415
f 195/434/415 323/467/432 325/464/430
f 323/467/432 195/434/415 303/436/433
f 303/436/433 321/468/434 323/467/432
f 321/468/434 303/436/433 305/438/435
f 321/468/434 305/438/435 322/469/436
f 322/469/436 323/467/432 321/468/434
f 323/467/432 322/469/436 324/470/437
f 324/470/437 325/464/430 323/467/432
f 324/470/437 326/462/428 325/464/430
f 324/470/437 327/460/426 326/462/428
f 327/460/426 324/470/437 322/469/436
f 327/460/426 322/469/436 305/438/435
f 305/438/435 318/458/424 327/460/426
f 318/458/424 305/438/435 328/440/438
f 328/440/438 316/442/423 318/458/424
f 329/471/439 546/472/440 544/473/441
f 546/472/440 329/471/439 407/474/442
f 407/474/443 548/475/444 546/472/445
f 548/475/444 407/474/443 330/476/446
f 337/477/447 248/478/448 331/479/449
f 331/479/449 358/480/450 337/477/447
f 358/480/450 331/479/449 469/481/451
f 469/481/451 333/482/452 358/480/450
f 333/482/452 469/481/451 245/483/453
f 333/482/452 245/483/453 243/484/454
f 333/482/452 243/484/454 332/485/455
f 333/482/456 332/485/457 334/486/458
f 333/482/456 334/486/458 335/487/459
f 335/487/459 358/480/460 333/482/456
f 358/480/460 335/487/459 336/488/461
f 336/488/461 337/477/462 358/480/460
f 337/477/462 336/488/461 342/489/463
f 337/477/462 342/489/463 356/490/464
f 356/490/465 248/478/448 337/477/447
f 356/490/465 338/491/466 248/478/448
f 338/491/466 356/490/465 339/492/467
f 339/492/467 467/493/468 338/491/466
f 339/492/467 243/494/454 467/493/468
f 339/492/467 332/495/455 243/494/454
f 339/492/469 334/496/458 332/495/457
f 339/492/469 340/497/470 334/496/458
f 340/497/470 339/492/469 356/490/464
f 356/490/464 341/498/471 340/497/470
f 341/498/471 356/490/464 342/489/463
f 193/499/472 348/500/473 192/501/474
f 348/500/473 193/499/472 194/502/475
f 194/502/475 346/503/476 348/500/473
f 346/503/476 194/502/475 297/504/477
f 297/504/477 344/505/478 346/503/476
f 344/505/478 297/504/477 299/506/479
f 344/505/478 299/506/479 371/507/480
f 344/505/481 371/507/482 343/508/483
f 344/505/481 343/508/483 345/509/484
f 345/509/484 346/503/485 344/505/481
f 346/503/485 345/509/484 347/510/486
f 347/510/486 348/500/487 346/503/485
f 348/500/487 347/510/486 349/511/488
f 348/500/487 349/511/488 350/512/489
f 350/512/490 192/501/474 348/500/473
f 350/512/490 351/513/491 192/501/474
f 351/513/491 350/512/490 352/514/492
f 352/514/492 191/515/493 351/513/491
f 352/514/492 299/516/479 191/515/493
f 352/514/492 371/517/480 299/516/479
f 352/514/494 343/518/483 371/517/482
f 352/514/494 353/519/495 343/518/483
f 353/519/495 352/514/494 350/512/489
f 350/512/489 354/520/496 353/519/495
f 354/520/496 350/512/489 349/511/488
f 332/521/497 339/522/498 228/523/499
f 228/523/499 236/524/500 332/521/497
f 228/523/501 360/525/502 236/524/503
f 228/523/501 355/526/504 360/525/502
f 228/523/501 229/527/505 355/526/504
f 229/527/506 228/523/499 339/522/498
f 229/527/506 339/522/498 356/528/507
f 356/528/507 363/529/508 229/527/506
f 363/529/508 356/528/507 337/530/509
f 337/530/509 357/531/510 363/529/508
f 357/531/510 337/530/509 358/532/511
f 358/532/511 359/533/512 357/531/510
f 359/533/512 358/532/511 333/534/513
f 359/533/512 333/534/513 332/535/497
f 359/533/512 332/535/497 236/536/500
f 359/533/514 236/536/503 360/537/502
f 359/533/514 360/537/502 361/538/515
f 361/538/515 357/531/516 359/533/514
f 357/531/516 361/538/515 362/539/517
f 362/539/517 363/529/518 357/531/516
f 363/529/518 362/539/517 364/540/519
f 364/540/519 229/527/505 363/529/518
f 229/527/505 364/540/519 365/541/520
f 365/541/520 355/526/504 229/527/505
f 344/542/521 371/543/522 289/544/523
f 289/544/523 367/545/524 344/542/521
f 367/545/525 289/544/526 366/546/527
f 367/545/525 366/546/527 368/547/528
f 367/545/525 368/547/528 369/548/529
f 369/548/530 344/542/521 367/545/524
f 369/548/530 346/549/531 344/542/521
f 346/549/531 369/548/530 291/550/532
f 291/550/532 348/551/533 346/549/531
f 348/551/533 291/550/532 373/552/534
f 373/552/534 350/553/535 348/551/533
f 350/553/535 373/552/534 370/554/536
f 370/554/536 352/555/537 350/553/535
f 370/554/536 371/556/522 352/555/537
f 370/554/536 289/557/523 371/556/522
f 370/554/538 366/558/527 289/557/526
f 370/554/538 372/559/539 366/558/527
f 372/559/539 370/554/538 373/552/540
f 373/552/540 374/560/541 372/559/539
f 374/560/541 373/552/540 291/550/542
f 291/550/542 375/561/543 374/560/541
f 375/561/543 291/550/542 369/548/529
f 369/548/529 376/562/544 375/561/543
f 376/562/544 369/548/529 368/547/528
f 406/563/545 377/564/546 378/565/547
f 378/565/547 379/566/548 406/563/545
f 379/566/548 378/565/547 380/567/549
f 379/566/548 380/567/549 381/568/550
f 381/568/550 407/569/551 379/566/548
f 407/569/551 381/568/550 382/570/552
f 382/570/552 383/571/553 407/569/551
f 383/571/553 382/570/552 384/572/554
f 384/572/554 385/573/555 383/571/553
f 385/573/555 384/572/554 387/574/556
f 387/574/556 386/575/557 385/573/555
f 387/574/556 389/576/558 386/575/557
f 389/576/558 387/574/556 388/577/559
f 389/576/558 388/577/559 390/578/560
f 390/578/560 397/579/561 389/576/558
f 397/579/561 390/578/560 391/580/562
f 391/580/562 395/581/563 397/579/561
f 395/581/563 391/580/562 392/582/564
f 395/581/563 392/582/564 393/583/565
f 395/581/563 393/583/565 394/584/566
f 395/581/563 394/584/566 396/585/567
f 396/585/567 397/579/561 395/581/563
f 397/579/561 396/585/567 398/586/568
f 398/586/568 418/587/569 397/579/561
f 418/587/569 398/586/568 399/588/570
f 418/587/569 399/588/570 400/589/571
f 400/589/571 401/590/572 418/587/569
f 401/590/572 400/589/571 402/591/573
f 402/591/573 403/592/574 401/590/572
f 403/592/574 402/591/573 404/593/575
f 404/593/575 405/594/576 403/592/574
f 405/594/576 404/593/575 406/563/545
f 406/563/545 407/569/551 405/594/576
f 407/569/551 406/563/545 379/566/548
f 417/595/577 418/587/569 401/590/572
f 401/590/572 408/596/578 417/595/577
f 408/596/578 401/590/572 403/592/574
f 403/592/574 655/597/579 408/596/578
f 655/597/579 403/592/574 405/594/576
f 405/594/576 409/598/580 655/597/579
f 409/598/580 405/594/576 407/569/551
f 407/569/551 546/599/581 409/598/580
f 546/599/582 407/569/551 383/571/553
f 383/571/553 658/600/583 546/599/582
f 658/600/583 383/571/553 385/573/555
f 385/573/555 410/601/584 658/600/583
f 410/601/584 385/573/555 386/575/557
f 386/575/557 660/602/585 410/601/584
f 386/575/557 413/603/586 660/602/585
f 413/603/586 386/575/557 389/576/558
f 389/576/558 411/604/587 413/603/586
f 411/604/587 389/576/558 397/579/561
f 411/604/587 397/579/561 418/587/569
f 411/604/587 418/587/569 412/605/588
f 412/605/588 413/603/586 411/604/587
f 413/603/586 412/605/588 414/606/589
f 414/606/589 660/602/585 413/603/586
f 412/605/588 415/607/590 414/606/589
f 415/607/590 412/605/588 417/595/577
f 417/595/577 416/608/591 415/607/590
f 416/608/591 417/595/577 408/596/578
f 417/595/577 412/605/588 418/587/569
f 421/609/592 420/610/593 419/611/594
f 419/611/594 422/612/595 421/609/592
f 422/612/595 419/611/594 420/610/593
f 420/610/593 424/613/596 422/612/595
f 424/613/596 420/610/593 421/609/592
f 421/609/592 425/614/597 424/613/596
f 425/614/597 421/609/592 422/612/595
f 422/612/595 423/615/598 425/614/597
f 423/615/598 422/612/595 424/613/596
f 424/613/596 425/614/597 423/615/598
f 425/614/599 424/613/600 426/616/601
f 427/617/602 430/618/603 428/619/604
f 428/619/604 429/620/605 427/617/602
f 429/620/605 428/619/604 430/618/603
f 430/618/603 431/621/606 429/620/605
f 431/621/606 430/618/603 427/617/602
f 427/617/602 432/622/607 431/621/606
f 432/622/607 427/617/602 429/620/605
f 429/620/605 433/623/608 432/622/607
f 433/623/608 429/620/605 431/621/606
f 431/621/606 432/622/607 433/623/608
f 432/622/609 431/621/610 434/624/611
f 438/625/612 435/626/613 436/627/614
f 436/627/614 437/628/615 438/625/612
f 437/628/615 436/627/614 435/626/613
f 435/626/613 441/629/616 437/628/615
f 441/629/616 435/626/613 438/625/612
f 438/625/612 439/630/617 441/629/616
f 439/630/617 438/625/612 437/628/615
f 437/628/615 440/631/618 439/630/617
f 440/631/618 437/628/615 441/629/616
f 441/629/616 439/630/617 440/631/618
f 439/630/619 442/632/620 441/629/621
f 443/633/622 444/634/623 445/635/624
f 445/635/624 446/636/625 443/633/622
f 446/636/625 445/635/624 444/634/623
f 444/634/623 447/637/626 446/636/625
f 444/634/623 448/638/627 447/637/626
f 448/638/627 444/634/623 450/639/628
f 450/639/628 449/640/629 448/638/627
f 450/639/628 447/637/626 449/640/629
f 450/639/628 446/636/625 447/637/626
f 450/639/628 443/633/622 446/636/625
f 443/633/622 450/639/628 444/634/623
f 457/641/630 458/642/631 451/643/632
f 451/643/632 452/644/633 457/641/630
f 452/644/633 451/643/632 458/642/631
f 458/642/631 455/645/634 452/644/633
f 458/642/631 453/646/635 455/645/634
f 453/646/635 458/642/631 456/647/636
f 456/647/636 454/648/637 453/646/635
f 456/647/636 455/645/634 454/648/637
f 456/647/636 452/644/633 455/645/634
f 456/647/636 457/641/630 452/644/633
f 457/641/630 456/647/636 458/642/631
f 459/649/638 466/650/639 460/651/640
f 460/651/640 464/652/641 459/649/638
f 464/652/641 460/651/640 466/650/639
f 466/650/639 461/653/642 464/652/641
f 466/650/639 462/654/643 461/653/642
f 462/654/643 466/650/639 465/655/644
f 465/655/644 463/656/645 462/654/643
f 465/655/644 461/653/642 463/656/645
f 465/655/644 464/652/641 461/653/642
f 465/655/644 459/649/638 464/652/641
f 459/649/638 465/655/644 466/650/639
f 243/348/646 517/657/647 624/658/648
f 624/658/648 467/346/649 243/348/646
f 467/346/649 624/658/648 468/659/650
f 468/659/650 338/344/651 467/346/649
f 338/344/651 468/659/650 521/660/652
f 521/660/652 248/342/653 338/344/651
f 248/342/653 521/660/652 523/661/654
f 523/661/654 331/341/655 248/342/653
f 331/341/655 523/661/654 617/662/656
f 617/662/656 469/339/657 331/341/655
f 469/339/657 617/662/656 542/663/658
f 542/663/658 245/337/659 469/339/657
f 245/337/659 542/663/658 543/664/660
f 543/664/660 243/334/646 245/337/659
f 243/334/646 543/664/660 517/665/647
f 470/666/661 661/667/662 43/668/65
f 661/667/662 470/666/661 471/669/663
f 471/669/663 472/670/664 661/667/662
f 471/669/663 473/671/665 472/670/664
f 471/669/663 709/672/666 473/671/665
f 709/672/666 471/669/663 470/666/661
f 470/666/661 701/673/667 709/672/666
f 473/671/665 709/672/666 698/674/668
f 698/674/668 474/675/669 473/671/665
f 474/675/669 698/674/668 475/676/670
f 475/676/670 476/677/671 474/675/669
f 476/677/671 475/676/670 477/678/672
f 477/678/672 478/679/673 476/677/671
f 478/679/673 477/678/672 479/680/674
f 479/680/674 487/681/675 478/679/673
f 487/681/675 479/680/674 693/682/676
f 693/682/676 480/683/677 487/681/675
f 480/683/677 693/682/676 691/684/678
f 691/684/678 481/685/679 480/683/677
f 481/685/679 691/684/678 692/686/680
f 692/686/680 482/687/681 481/685/679
f 482/687/681 692/686/680 706/688/682
f 482/687/681 706/688/682 701/689/667
f 482/687/681 701/689/667 470/690/661
f 470/690/661 485/691/683 482/687/681
f 485/691/683 470/690/661 43/66/65
f 485/691/683 43/66/65 483/59/58
f 485/691/683 483/59/58 484/58/57
f 485/691/683 484/58/57 486/692/684
f 486/692/684 482/687/681 485/691/683
f 486/692/684 481/685/679 482/687/681
f 481/685/679 486/692/684 561/693/685
f 561/693/685 480/683/677 481/685/679
f 480/683/677 561/693/685 562/694/686
f 562/694/686 487/681/675 480/683/677
f 487/681/675 562/694/686 559/453/417
f 559/453/417 478/679/673 487/681/675
f 478/679/673 559/453/417 651/695/687
f 651/695/687 476/677/671 478/679/673
f 476/677/671 651/695/687 650/696/688
f 650/696/688 474/675/669 476/677/671
f 650/696/688 489/697/689 474/675/669
f 489/697/689 650/696/688 488/104/105
f 489/697/689 488/104/105 497/107/108
f 489/697/689 497/107/108 495/698/690
f 495/698/690 474/675/669 489/697/689
f 474/675/669 495/698/690 494/699/691
f 494/699/691 473/671/665 474/675/669
f 494/699/691 472/670/664 473/671/665
f 472/670/664 494/699/691 493/700/692
f 493/700/692 490/701/693 472/670/664
f 490/701/693 493/700/692 508/702/694
f 508/702/694 491/703/77 490/701/693
f 507/704/695 508/702/694 493/700/692
f 493/700/692 492/705/696 507/704/695
f 493/700/692 501/706/697 492/705/696
f 501/706/697 493/700/692 494/699/691
f 494/699/691 499/707/698 501/706/697
f 499/707/698 494/699/691 495/698/690
f 495/698/690 498/708/699 499/707/698
f 495/698/690 496/109/110 498/708/699
f 496/109/110 495/698/690 497/107/108
f 79/111/112 498/708/699 496/109/110
f 498/708/699 79/111/112 81/113/114
f 498/708/699 81/113/114 500/709/700
f 500/709/700 499/707/698 498/708/699
f 499/707/698 500/709/700 514/710/701
f 499/707/698 514/710/701 672/711/702
f 672/711/702 501/706/697 499/707/698
f 501/706/697 672/711/702 502/712/703
f 502/712/703 492/705/696 501/706/697
f 514/710/701 666/713/704 672/711/702
f 666/713/704 514/710/701 512/714/705
f 512/714/705 664/715/706 666/713/704
f 664/715/706 512/714/705 510/716/707
f 510/716/707 503/717/708 664/715/706
f 503/717/708 510/716/707 504/718/709
f 504/718/709 676/719/710 503/717/708
f 676/719/710 504/718/709 505/720/711
f 505/720/711 678/721/712 676/719/710
f 678/721/712 505/720/711 506/722/713
f 506/722/713 682/723/714 678/721/712
f 506/722/713 507/724/695 682/723/714
f 506/722/713 508/725/694 507/724/695
f 508/725/694 506/722/713 509/726/715
f 509/726/715 491/76/77 508/725/694
f 509/726/715 45/77/78 491/76/77
f 509/726/715 46/80/81 45/77/78
f 509/726/715 594/727/716 46/80/81
f 594/727/716 509/726/715 506/722/713
f 594/727/716 506/722/713 505/720/711
f 505/720/711 531/728/717 594/727/716
f 531/728/717 505/720/711 504/718/709
f 504/718/709 530/729/718 531/728/717
f 530/729/718 504/718/709 510/716/707
f 510/716/707 511/730/719 530/729/718
f 511/730/719 510/716/707 512/714/705
f 512/714/705 513/731/720 511/730/719
f 513/731/720 512/714/705 514/710/701
f 513/731/720 514/710/701 500/709/700
f 500/709/700 515/732/721 513/731/720
f 515/732/721 500/709/700 81/113/114
f 515/732/721 81/113/114 80/112/113
f 515/732/721 80/112/113 516/733/722
f 516/733/722 518/734/723 515/732/721
f 518/734/723 516/733/722 616/735/724
f 518/734/723 616/735/724 624/736/725
f 518/734/723 624/736/725 517/737/726
f 518/734/723 517/737/726 511/730/719
f 511/730/719 515/732/721 518/734/723
f 515/732/721 511/730/719 513/731/720
f 528/738/727 517/739/728 624/740/729
f 624/740/729 519/741/730 528/738/727
f 519/741/730 624/740/729 468/742/731
f 468/742/731 520/743/732 519/741/730
f 520/743/732 468/742/731 521/744/733
f 521/744/733 522/745/734 520/743/732
f 522/745/734 521/744/733 523/746/735
f 523/746/735 524/747/736 522/745/734
f 524/747/736 523/746/735 617/748/737
f 617/748/737 525/749/738 524/747/736
f 525/749/738 617/748/737 542/750/739
f 542/750/739 526/751/740 525/749/738
f 526/751/740 542/750/739 543/752/741
f 543/752/741 527/753/742 526/751/740
f 543/752/741 528/754/727 527/753/742
f 543/752/741 517/737/728 528/754/727
f 517/737/726 543/752/743 536/755/744
f 536/755/744 511/730/719 517/737/726
f 511/730/719 536/755/744 529/756/745
f 529/756/745 530/729/718 511/730/719
f 530/729/718 529/756/745 533/757/746
f 533/757/746 531/728/717 530/729/718
f 533/757/746 594/727/716 531/728/717
f 533/757/746 532/758/747 594/727/716
f 533/757/746 534/759/748 532/758/747
f 533/757/746 535/760/749 534/759/748
f 533/757/746 540/761/750 535/760/749
f 533/757/746 539/762/751 540/761/750
f 539/762/751 533/757/746 529/756/745
f 529/756/745 538/763/752 539/762/751
f 538/763/752 529/756/745 536/755/744
f 536/755/744 537/764/753 538/763/752
f 537/764/753 536/755/744 543/752/743
f 537/764/753 543/752/743 541/765/754
f 541/765/754 538/763/752 537/764/753
f 541/765/754 539/762/751 538/763/752
f 541/765/754 540/761/750 539/762/751
f 541/765/754 599/766/755 540/761/750
f 541/765/754 542/750/756 599/766/755
f 542/750/756 541/765/754 543/752/743
f 544/473/441 183/71/213 545/236/212
f 183/71/213 544/473/441 546/472/440
f 546/472/445 547/240/222 183/71/221
f 547/240/222 546/472/445 548/475/444
f 167/218/202 654/217/106 563/767/757
f 563/767/757 168/220/204 167/218/202
f 168/220/204 563/767/757 564/768/758
f 564/768/758 549/202/194 168/220/204
f 549/202/194 564/768/758 565/769/759
f 565/769/759 550/3/3 549/202/194
f 550/3/3 565/769/759 567/770/760
f 567/770/760 1/1/1 550/3/3
f 1/1/1 567/770/760 551/771/761
f 551/771/761 552/116/117 1/1/1
f 552/116/117 551/771/761 569/772/762
f 569/772/762 67/101/102 552/116/117
f 569/772/762 68/62/61 67/101/102
f 68/62/61 569/772/762 570/773/763
f 570/773/763 39/60/59 68/62/61
f 39/60/59 570/773/763 572/774/764
f 572/774/764 38/57/56 39/60/59
f 38/57/56 572/774/764 553/775/765
f 553/775/765 484/58/57 38/57/56
f 553/775/765 486/692/684 484/58/57
f 486/692/684 553/775/765 573/776/766
f 573/776/766 561/693/685 486/692/684
f 573/776/766 556/777/767 561/693/685
f 556/777/767 573/776/766 554/778/768
f 556/777/767 554/778/768 555/779/769
f 556/777/767 555/779/769 578/780/770
f 578/780/770 557/781/771 556/777/767
f 557/781/771 578/780/770 579/456/421
f 557/781/771 579/456/421 315/455/420
f 315/455/420 558/782/772 557/781/771
f 558/782/772 315/455/420 314/454/418
f 314/454/418 560/783/773 558/782/772
f 560/783/773 314/454/418 313/449/412
f 560/783/773 313/449/412 559/453/417
f 560/783/773 559/453/417 562/694/686
f 560/783/773 562/694/686 556/777/767
f 556/777/767 558/782/772 560/783/773
f 558/782/772 556/777/767 557/781/771
f 561/693/685 556/777/767 562/694/686
f 585/466/416 564/768/758 563/767/757
f 564/768/758 585/466/416 584/784/774
f 584/784/774 565/769/759 564/768/758
f 565/769/759 584/784/774 566/785/775
f 566/785/775 567/770/760 565/769/759
f 567/770/760 566/785/775 649/786/776
f 649/786/776 551/771/761 567/770/760
f 551/771/761 649/786/776 568/787/777
f 568/787/777 569/772/762 551/771/761
f 569/772/762 568/787/777 644/788/778
f 644/788/778 570/773/763 569/772/762
f 570/773/763 644/788/778 571/789/779
f 571/789/779 572/774/764 570/773/763
f 572/774/764 571/789/779 642/790/780
f 642/790/780 553/775/765 572/774/764
f 642/790/780 573/776/766 553/775/765
f 573/776/766 642/790/780 574/791/781
f 574/791/781 554/778/768 573/776/766
f 554/778/768 574/791/781 575/792/782
f 575/792/782 555/779/769 554/778/768
f 555/779/769 575/792/782 576/793/783
f 576/793/783 578/780/770 555/779/769
f 578/780/770 576/793/783 577/794/784
f 578/780/770 577/794/784 639/795/785
f 639/795/785 579/456/421 578/780/770
f 639/795/785 580/459/425 579/456/421
f 580/459/425 639/795/785 581/796/786
f 581/796/786 319/461/427 580/459/425
f 319/461/427 581/796/786 582/797/787
f 582/797/787 583/463/429 319/461/427
f 583/463/429 582/797/787 584/784/774
f 584/784/774 320/465/431 583/463/429
f 320/465/431 584/784/774 585/466/416
f 80/213/113 586/211/200 587/210/199
f 587/210/199 516/798/722 80/213/113
f 587/210/199 588/799/788 516/798/722
f 588/799/788 587/210/199 164/56/55
f 164/56/55 589/800/789 588/799/788
f 589/800/789 164/56/55 37/41/41
f 37/41/41 614/801/790 589/800/789
f 614/801/790 37/41/41 53/42/42
f 53/42/42 613/802/791 614/801/790
f 613/802/791 53/42/42 590/87/88
f 590/87/88 611/803/792 613/802/791
f 611/803/792 590/87/88 50/84/85
f 611/803/792 50/84/85 48/82/83
f 48/82/83 591/804/793 611/803/792
f 591/804/793 48/82/83 592/81/82
f 592/81/82 608/805/794 591/804/793
f 608/805/794 592/81/82 47/79/80
f 47/79/80 593/806/795 608/805/794
f 593/806/795 47/79/80 46/80/81
f 593/806/795 46/80/81 594/727/716
f 594/727/716 595/807/796 593/806/795
f 595/807/796 594/727/716 532/758/747
f 532/758/747 607/808/797 595/807/796
f 607/808/797 532/758/747 534/759/748
f 534/759/748 606/809/798 607/808/797
f 606/809/798 534/759/748 535/760/749
f 535/760/749 596/810/799 606/809/798
f 596/810/799 535/760/749 540/761/750
f 540/761/750 597/811/800 596/810/799
f 540/761/750 603/812/801 597/811/800
f 603/812/801 540/761/750 599/766/755
f 599/766/755 598/813/802 603/812/801
f 599/766/755 600/814/803 598/813/802
f 600/814/803 599/766/755 542/750/756
f 600/814/803 542/750/756 617/748/804
f 600/814/803 617/748/804 601/815/805
f 601/815/805 598/813/802 600/814/803
f 598/813/802 601/815/805 602/816/806
f 602/816/806 603/812/801 598/813/802
f 603/812/801 602/816/806 604/817/807
f 604/817/807 597/811/800 603/812/801
f 597/811/800 604/817/807 605/818/808
f 605/818/808 596/810/799 597/811/800
f 596/810/799 605/818/808 619/819/809
f 619/819/809 606/809/798 596/810/799
f 606/809/798 619/819/809 620/820/810
f 620/820/810 607/808/797 606/809/798
f 607/808/797 620/820/810 636/821/811
f 636/821/811 595/807/796 607/808/797
f 595/807/796 636/821/811 637/822/812
f 637/822/812 593/806/795 595/807/796
f 637/822/812 608/805/794 593/806/795
f 608/805/794 637/822/812 609/823/813
f 609/823/813 591/804/793 608/805/794
f 591/804/793 609/823/813 610/824/814
f 610/824/814 611/803/792 591/804/793
f 611/803/792 610/824/814 612/825/815
f 612/825/815 613/802/791 611/803/792
f 613/802/791 612/825/815 634/826/816
f 634/826/816 614/801/790 613/802/791
f 614/801/790 634/826/816 615/827/817
f 615/827/817 589/800/789 614/801/790
f 615/827/817 588/799/788 589/800/789
f 588/799/788 615/827/817 616/828/724
f 616/828/724 516/798/722 588/799/788
f 523/746/818 601/815/805 617/748/804
f 601/815/805 523/746/818 631/829/819
f 631/829/819 602/816/806 601/815/805
f 602/816/806 631/829/819 630/830/820
f 630/830/820 604/817/807 602/816/806
f 604/817/807 630/830/820 618/831/821
f 618/831/821 605/818/808 604/817/807
f 605/818/808 618/831/821 622/832/822
f 622/832/822 619/819/809 605/818/808
f 619/819/809 622/832/822 621/833/823
f 621/833/823 620/820/810 619/819/809
f 621/833/823 633/834/824 620/820/810
f 621/833/823 634/826/816 633/834/824
f 634/826/816 621/833/823 622/832/822
f 622/832/822 615/827/817 634/826/816
f 615/827/817 622/832/822 618/831/821
f 615/827/817 618/831/821 623/835/825
f 623/835/825 616/828/724 615/827/817
f 616/828/724 623/835/825 628/836/826
f 628/836/826 624/740/725 616/828/724
f 624/740/725 628/836/826 626/837/827
f 626/837/827 468/742/828 624/740/725
f 468/742/828 626/837/827 625/838/829
f 625/838/829 521/744/830 468/742/828
f 625/838/829 632/839/831 521/744/830
f 632/839/831 625/838/829 626/837/827
f 626/837/827 627/840/832 632/839/831
f 627/840/832 626/837/827 628/836/826
f 628/836/826 629/841/833 627/840/832
f 629/841/833 628/836/826 623/835/825
f 623/835/825 630/830/820 629/841/833
f 630/830/820 623/835/825 618/831/821
f 629/841/833 630/830/820 631/829/819
f 631/829/819 627/840/832 629/841/833
f 631/829/819 521/744/830 627/840/832
f 521/744/830 631/829/819 523/746/818
f 632/839/831 627/840/832 521/744/830
f 633/834/824 634/826/816 612/825/815
f 612/825/815 635/842/834 633/834/824
f 635/842/834 612/825/815 610/824/814
f 635/842/834 610/824/814 609/823/813
f 635/842/834 609/823/813 636/821/811
f 636/821/811 633/834/824 635/842/834
f 633/834/824 636/821/811 620/820/810
f 637/822/812 636/821/811 609/823/813
f 582/797/787 638/843/835 584/784/774
f 638/843/835 582/797/787 581/796/786
f 581/796/786 646/844/836 638/843/835
f 646/844/836 581/796/786 639/795/785
f 646/844/836 639/795/785 577/794/784
f 577/794/784 645/845/837 646/844/836
f 645/845/837 577/794/784 576/793/783
f 576/793/783 640/846/838 645/845/837
f 640/846/838 576/793/783 575/792/782
f 575/792/782 641/847/839 640/846/838
f 641/847/839 575/792/782 574/791/781
f 641/847/839 574/791/781 642/790/780
f 641/847/839 642/790/780 571/789/779
f 571/789/779 643/848/840 641/847/839
f 643/848/840 571/789/779 644/788/778
f 643/848/840 644/788/778 568/787/777
f 643/848/840 568/787/777 648/849/841
f 648/849/841 641/847/839 643/848/840
f 648/849/841 640/846/838 641/847/839
f 640/846/838 648/849/841 647/850/842
f 647/850/842 645/845/837 640/846/838
f 647/850/842 646/844/836 645/845/837
f 647/850/842 638/843/835 646/844/836
f 647/850/842 584/784/774 638/843/835
f 647/850/842 566/785/775 584/784/774
f 566/785/775 647/850/842 648/849/841
f 648/849/841 649/786/776 566/785/775
f 649/786/776 648/849/841 568/787/777
f 488/104/105 650/696/688 651/695/687
f 651/695/687 652/851/843 488/104/105
f 652/851/843 651/695/687 559/453/417
f 652/851/843 559/453/417 653/450/414
f 652/851/843 653/450/414 563/852/757
f 563/852/757 488/104/105 652/851/843
f 488/104/105 563/852/757 654/105/106
f 585/452/416 563/852/757 653/450/414
f 43/66/65 408/596/578 655/597/579
f 655/597/579 656/67/66 43/66/65
f 656/67/66 655/597/579 409/598/580
f 409/598/580 657/69/68 656/67/66
f 657/69/68 409/598/580 546/599/581
f 546/599/581 183/71/70 657/69/68
f 183/71/71 546/599/582 658/600/583
f 658/600/583 659/73/74 183/71/71
f 659/73/74 658/600/583 410/601/584
f 410/601/584 44/75/76 659/73/74
f 44/75/76 410/601/584 660/602/585
f 660/602/585 491/76/77 44/75/76
f 491/76/77 660/602/585 414/606/589
f 414/606/589 490/853/693 491/76/77
f 490/853/693 414/606/589 415/607/590
f 415/607/590 472/854/664 490/853/693
f 472/854/664 415/607/590 416/608/591
f 416/608/591 661/855/662 472/854/664
f 661/855/662 416/608/591 408/596/578
f 408/596/578 43/66/65 661/855/662
f 503/856/844 662/857/845 663/858/846
f 663/858/846 664/859/847 503/856/844
f 664/859/847 663/858/846 665/860/848
f 665/860/848 666/861/849 664/859/847
f 666/861/849 665/860/848 667/862/850
f 667/862/850 672/863/851 666/861/849
f 672/863/851 667/862/850 668/864/852
f 668/864/852 502/865/853 672/863/851
f 502/865/853 668/864/852 669/866/854
f 669/866/854 492/867/855 502/865/853
f 492/867/855 669/866/854 681/868/856
f 492/867/855 681/868/856 507/869/857
f 492/867/858 507/869/859 670/870/860
f 670/870/860 502/865/861 492/867/858
f 502/865/861 670/870/860 671/871/862
f 671/871/862 672/863/863 502/865/861
f 672/863/863 671/871/862 673/872/864
f 673/872/864 666/861/865 672/863/863
f 666/861/865 673/872/864 674/873/866
f 674/873/866 664/859/867 666/861/865
f 664/859/867 674/873/866 675/874/868
f 675/874/868 503/856/869 664/859/867
f 503/856/869 675/874/868 687/875/870
f 503/856/869 687/875/870 676/876/871
f 676/876/872 662/857/845 503/856/844
f 676/876/872 677/877/873 662/857/845
f 677/877/873 676/876/872 678/878/874
f 678/878/874 679/879/875 677/877/873
f 679/879/875 678/878/874 682/880/876
f 682/880/876 680/881/877 679/879/875
f 682/880/876 681/868/856 680/881/877
f 682/880/876 507/869/857 681/868/856
f 507/869/859 682/880/878 683/882/879
f 683/882/879 670/870/860 507/869/859
f 682/880/878 684/883/880 683/882/879
f 684/883/880 682/880/878 678/878/881
f 678/878/881 685/884/882 684/883/880
f 685/884/882 678/878/881 676/876/871
f 676/876/871 686/885/883 685/884/882
f 686/885/883 676/876/871 687/875/870
f 479/886/884 695/887/885 688/888/886
f 688/888/886 693/889/887 479/886/884
f 693/889/887 688/888/886 689/890/888
f 689/890/888 691/891/889 693/889/887
f 691/891/889 689/890/888 690/892/890
f 691/891/889 690/892/890 692/893/891
f 691/891/892 692/893/893 705/894/894
f 705/894/894 693/889/895 691/891/892
f 693/889/895 705/894/894 694/895/896
f 694/895/896 479/886/897 693/889/895
f 479/886/897 694/895/896 714/896/898
f 479/886/897 714/896/898 477/897/899
f 477/897/900 695/887/885 479/886/884
f 477/897/900 696/898/901 695/887/885
f 696/898/901 477/897/900 475/899/902
f 475/899/902 697/900/903 696/898/901
f 697/900/903 475/899/902 698/901/904
f 698/901/904 699/902/905 697/900/903
f 699/902/905 698/901/904 709/903/906
f 709/903/906 700/904/907 699/902/905
f 700/904/907 709/903/906 701/905/908
f 701/905/908 702/906/909 700/904/907
f 702/906/909 701/905/908 706/907/910
f 706/907/910 703/908/877 702/906/909
f 706/907/910 690/892/890 703/908/877
f 706/907/910 692/893/891 690/892/890
f 692/893/893 706/907/911 704/909/912
f 704/909/912 705/894/894 692/893/893
f 706/907/911 707/910/913 704/909/912
f 707/910/913 706/907/911 701/905/914
f 701/905/914 708/911/915 707/910/913
f 708/911/915 701/905/914 709/903/916
f 709/903/916 710/912/917 708/911/915
f 710/912/917 709/903/916 698/901/918
f 698/901/918 711/913/919 710/912/917
f 711/913/919 698/901/918 475/899/920
f 475/899/920 712/914/921 711/913/919
f 712/914/921 475/899/920 477/897/899
f 477/897/899 713/915/922 712/914/921
f 713/915/922 477/897/899 714/896/898
f 908/916/923 716/917/924 715/918/925
f 716/917/924 908/916/923 717/919/926
f 718/920/927 150/196/185 719/195/192
f 719/195/192 740/921/928 718/920/927
f 740/921/928 719/195/192 720/194/191
f 720/194/191 721/922/929 740/921/928
f 721/922/929 720/194/191 722/193/190
f 722/193/190 742/923/930 721/922/929
f 742/923/930 722/193/190 148/192/189
f 148/192/189 723/924/931 742/923/930
f 723/924/931 148/192/189 724/191/188
f 724/191/188 744/925/932 723/924/931
f 744/925/932 724/191/188 725/190/187
f 725/190/187 726/926/933 744/925/932
f 726/926/933 725/190/187 145/189/186
f 726/926/933 145/189/186 150/188/185
f 726/926/933 150/188/185 718/927/927
f 718/927/927 727/928/934 726/926/933
f 727/928/934 718/927/927 738/929/935
f 738/929/935 747/930/936 727/928/934
f 747/930/936 738/929/935 737/931/937
f 737/931/937 748/932/938 747/930/936
f 748/932/938 737/931/937 819/933/939
f 748/932/940 819/933/941 728/934/942
f 748/932/940 728/934/942 729/935/943
f 729/935/943 730/936/944 748/932/940
f 730/936/944 729/935/943 731/937/945
f 731/937/945 821/938/946 730/936/944
f 821/938/946 731/937/945 732/939/947
f 732/939/947 733/940/948 821/938/946
f 733/940/948 732/939/947 734/941/949
f 734/941/949 736/942/950 733/940/948
f 736/942/950 734/941/949 735/943/951
f 736/942/950 735/943/951 728/944/942
f 736/942/950 728/944/942 819/945/941
f 819/945/939 751/946/952 736/942/953
f 751/946/952 819/945/939 737/947/937
f 737/947/937 739/948/954 751/946/952
f 739/948/954 737/947/937 738/949/935
f 739/948/954 738/949/935 718/920/927
f 739/948/954 718/920/927 740/921/928
f 740/921/928 741/950/955 739/948/954
f 741/950/955 740/921/928 721/922/929
f 721/922/929 752/951/956 741/950/955
f 752/951/956 721/922/929 742/923/930
f 742/923/930 743/952/957 752/951/956
f 743/952/957 742/923/930 723/924/931
f 723/924/931 745/953/958 743/952/957
f 745/953/958 723/924/931 744/925/932
f 745/953/958 744/925/932 726/926/933
f 745/953/958 726/926/933 727/928/934
f 727/928/934 746/954/959 745/953/958
f 746/954/959 727/928/934 747/930/936
f 747/930/936 753/955/960 746/954/959
f 747/930/936 754/956/961 753/955/960
f 754/956/961 747/930/936 748/932/938
f 748/932/938 755/957/962 754/956/961
f 755/957/962 748/932/938 730/936/963
f 730/936/963 749/958/964 755/957/962
f 749/958/964 730/936/963 821/938/965
f 821/938/965 750/959/966 749/958/964
f 750/959/966 821/938/965 733/940/967
f 750/959/966 733/940/967 736/942/953
f 750/959/966 736/942/953 751/946/952
f 750/959/966 751/946/952 739/948/954
f 750/959/966 739/948/954 741/950/955
f 741/950/955 757/960/968 750/959/966
f 757/960/968 741/950/955 752/951/956
f 752/951/956 759/961/969 757/960/968
f 759/961/969 752/951/956 743/952/957
f 759/961/969 743/952/957 745/953/958
f 759/961/969 745/953/958 746/954/959
f 746/954/959 758/962/970 759/961/969
f 758/962/970 746/954/959 753/955/960
f 758/962/970 753/955/960 754/956/961
f 758/962/970 754/956/961 755/957/962
f 755/957/962 756/963/971 758/962/970
f 756/963/971 755/957/962 749/958/964
f 756/963/971 749/958/964 750/959/966
f 756/963/971 750/959/966 757/960/968
f 757/960/968 758/962/970 756/963/971
f 758/962/970 757/960/968 759/961/969
f 760/964/972 785/965/973 761/966/974
f 785/965/973 760/964/972 762/967/975
f 762/967/975 765/968/976 785/965/973
f 765/968/976 762/967/975 775/969/977
f 775/969/977 766/970/978 765/968/976
f 795/971/979 789/972/980 790/973/981
f 790/973/981 794/974/982 795/971/979
f 794/974/982 790/973/981 763/975/983
f 763/975/983 764/976/984 794/974/982
f 764/976/984 763/975/983 765/977/976
f 765/977/976 770/978/985 764/976/984
f 765/977/976 769/979/986 770/978/985
f 769/979/986 765/977/976 766/980/978
f 766/980/978 767/981/987 769/979/986
f 767/981/987 766/980/978 775/982/977
f 775/982/977 768/983/988 767/981/987
f 768/983/988 775/982/977 778/984/989
f 778/984/989 767/981/987 768/983/988
f 778/984/989 769/979/986 767/981/987
f 769/979/986 778/984/989 779/985/990
f 779/985/990 770/978/985 769/979/986
f 779/985/990 764/976/984 770/978/985
f 779/985/990 771/986/991 764/976/984
f 771/986/991 779/985/990 772/987/992
f 772/987/992 791/988/993 771/986/991
f 791/988/993 772/987/992 773/989/994
f 773/989/994 774/990/995 791/988/993
f 774/990/995 773/989/994 781/991/996
f 781/991/996 795/992/979 774/990/995
f 795/992/979 781/991/996 789/993/980
f 778/984/989 775/982/977 762/994/975
f 762/994/975 777/995/997 778/984/989
f 777/995/997 762/994/975 760/996/972
f 760/996/972 776/997/998 777/995/997
f 776/997/998 760/996/972 761/998/974
f 776/997/998 761/998/974 780/999/999
f 780/999/999 777/995/997 776/997/998
f 780/999/999 778/984/989 777/995/997
f 780/999/999 779/985/990 778/984/989
f 780/999/999 772/987/992 779/985/990
f 772/987/992 780/999/999 783/1000/1000
f 783/1000/1000 773/989/994 772/987/992
f 783/1000/1000 781/991/996 773/989/994
f 783/1000/1000 788/1001/1001 781/991/996
f 788/1001/1001 783/1000/1000 782/1002/1002
f 782/1002/1002 787/1003/1003 788/1001/1001
f 782/1002/1002 784/1004/1004 787/1003/1003
f 784/1004/1004 782/1002/1002 783/1000/1000
f 784/1004/1004 783/1000/1000 780/999/999
f 780/999/999 761/998/1005 784/1004/1004
f 761/998/974 785/1005/973 780/999/1006
f 784/1004/1004 785/1005/973 786/1006/1007
f 786/1006/1007 787/1003/1003 784/1004/1004
f 786/1007/1007 788/1008/1001 787/1009/1003
f 788/1008/1001 786/1007/1007 785/965/973
f 788/1008/1001 785/965/973 765/968/976
f 765/968/976 781/1010/996 788/1008/1001
f 781/1010/996 765/968/976 763/1011/983
f 763/1011/983 789/1012/980 781/1010/996
f 789/1012/980 763/1011/983 790/1013/981
f 791/1014/993 797/1015/1008 806/1016/1009
f 806/1016/1009 771/1017/991 791/1014/993
f 771/1017/991 806/1016/1009 792/1018/1010
f 792/1018/1010 764/1019/984 771/1017/991
f 764/1019/984 792/1018/1010 793/1020/1011
f 793/1020/1011 794/1021/982 764/1019/984
f 794/1021/982 793/1020/1011 800/1022/1012
f 800/1022/1012 795/1023/979 794/1021/982
f 795/1023/979 800/1022/1012 796/1024/1013
f 796/1024/1013 774/1025/995 795/1023/979
f 774/1025/995 796/1024/1013 797/1026/1008
f 797/1026/1008 791/1027/993 774/1025/995
f 811/1028/1014 798/1029/1015 797/1030/1016
f 797/1030/1016 796/1031/1017 811/1028/1014
f 796/1031/1018 797/1030/1019 805/1032/1020
f 796/1031/1018 805/1032/1020 799/1033/1021
f 799/1033/1021 800/1034/1022 796/1031/1018
f 800/1034/1022 799/1033/1021 801/1035/1023
f 801/1035/1023 793/1036/1024 800/1034/1022
f 793/1036/1024 801/1035/1023 802/1037/1025
f 802/1037/1025 792/1038/1026 793/1036/1024
f 792/1038/1026 802/1037/1025 803/1039/1027
f 803/1039/1027 806/1040/1028 792/1038/1026
f 806/1040/1028 803/1039/1027 804/1041/1029
f 806/1040/1028 804/1041/1029 805/1042/1020
f 806/1040/1028 805/1042/1020 797/1043/1019
f 806/1040/1030 797/1043/1016 798/1044/1015
f 806/1040/1030 798/1044/1015 818/1045/1031
f 818/1045/1031 792/1038/1032 806/1040/1030
f 792/1038/1032 818/1045/1031 807/1046/1033
f 792/1038/1032 807/1046/1033 808/1047/1034
f 808/1047/1034 793/1036/1035 792/1038/1032
f 793/1036/1035 808/1047/1034 809/1048/1036
f 809/1048/1036 800/1034/1037 793/1036/1035
f 809/1048/1036 796/1031/1017 800/1034/1037
f 809/1048/1036 811/1028/1014 796/1031/1017
f 809/1048/1036 813/1049/1038 811/1028/1014
f 813/1049/1038 809/1048/1036 808/1047/1034
f 808/1047/1034 820/1050/1039 813/1049/1038
f 820/1050/1039 808/1047/1034 807/1046/1033
f 812/1051/1040 798/1052/1041 810/1053/1042
f 798/1052/1041 812/1051/1040 811/1054/1043
f 811/1054/1044 819/1055/1045 798/1052/1046
f 811/1054/1044 748/1056/1047 819/1055/1045
f 811/1054/1044 813/1057/1048 748/1056/1047
f 813/1057/1049 811/1054/1043 812/1051/1040
f 813/1057/1049 812/1051/1040 814/1058/1050
f 814/1058/1050 820/1059/1051 813/1057/1049
f 820/1059/1051 814/1058/1050 815/1060/1052
f 815/1060/1052 807/1061/1053 820/1059/1051
f 807/1061/1053 815/1060/1052 816/1062/1054
f 816/1062/1054 818/1063/1055 807/1061/1053
f 818/1063/1055 816/1062/1054 817/1064/1056
f 818/1063/1055 817/1064/1056 810/1065/1042
f 818/1063/1055 810/1065/1042 798/1066/1041
f 818/1063/1057 798/1066/1046 819/1067/1045
f 818/1063/1057 819/1067/1045 736/1068/1058
f 736/1068/1058 807/1061/1059 818/1063/1057
f 807/1061/1059 736/1068/1058 733/1069/1060
f 733/1069/1060 820/1059/1061 807/1061/1059
f 820/1059/1061 733/1069/1060 821/1070/1062
f 821/1070/1062 813/1057/1048 820/1059/1061
f 813/1057/1048 821/1070/1062 730/1071/1063
f 730/1071/1063 748/1056/1047 813/1057/1048
f 822/1072/1064 824/1073/1065 823/1074/1066
f 824/1073/1065 822/1072/1064 825/1075/1067
f 825/1075/1067 826/1076/1068 824/1073/1065
f 825/1075/1067 839/1077/1069 826/1076/1068
f 825/1075/1067 827/1078/1070 839/1077/1069
f 827/1078/1071 825/1075/1067 822/1072/1064
f 827/1078/1071 822/1072/1064 828/1079/1072
f 828/1079/1072 893/1080/1073 827/1078/1071
f 893/1080/1073 828/1079/1072 829/1081/1074
f 829/1081/1074 889/1082/1075 893/1080/1073
f 889/1082/1075 829/1081/1074 830/1083/1076
f 830/1083/1076 832/1084/1077 889/1082/1075
f 832/1084/1077 830/1083/1076 831/1085/1078
f 832/1084/1077 831/1085/1078 833/1086/1079
f 832/1084/1077 833/1086/1079 885/1087/1080
f 832/1084/1081 885/1087/1080 834/1088/1082
f 832/1084/1081 834/1088/1082 835/1089/1083
f 835/1089/1083 889/1082/1084 832/1084/1081
f 889/1082/1084 835/1089/1083 836/1090/1085
f 836/1090/1085 893/1080/1086 889/1082/1084
f 893/1080/1086 836/1090/1085 837/1091/1087
f 837/1091/1087 827/1078/1070 893/1080/1086
f 827/1078/1070 837/1091/1087 838/1092/1088
f 838/1092/1088 839/1077/1069 827/1078/1070
f 847/1093/1089 840/1094/1090 841/1095/1091
f 841/1095/1091 846/1096/1092 847/1093/1089
f 846/1096/1092 841/1095/1091 840/1094/1090
f 840/1094/1090 842/1097/1093 846/1096/1092
f 840/1094/1090 843/1098/1094 842/1097/1093
f 843/1098/1094 840/1094/1090 845/1099/1095
f 845/1099/1095 844/1100/1096 843/1098/1094
f 845/1099/1095 842/1097/1093 844/1100/1096
f 845/1099/1095 846/1096/1092 842/1097/1093
f 845/1099/1095 847/1093/1089 846/1096/1092
f 847/1093/1089 845/1099/1095 840/1094/1090
f 848/1101/1097 855/1102/1098 849/1103/1099
f 849/1103/1099 854/1104/1100 848/1101/1097
f 854/1104/1100 849/1103/1099 855/1102/1098
f 855/1102/1098 850/1105/1101 854/1104/1100
f 855/1102/1098 851/1106/1102 850/1105/1101
f 851/1106/1102 855/1102/1098 852/1107/1103
f 852/1107/1103 853/1108/1104 851/1106/1102
f 852/1107/1103 850/1105/1101 853/1108/1104
f 852/1107/1103 854/1104/1100 850/1105/1101
f 852/1107/1103 848/1101/1097 854/1104/1100
f 848/1101/1097 852/1107/1103 855/1102/1098
f 856/1109/1105 863/1110/1106 857/1111/1107
f 857/1111/1107 861/1112/1108 856/1109/1105
f 861/1112/1108 857/1111/1107 863/1110/1106
f 863/1110/1106 858/1113/1109 861/1112/1108
f 863/1110/1106 859/1114/1110 858/1113/1109
f 859/1114/1110 863/1110/1106 862/1115/1111
f 862/1115/1111 860/1116/1112 859/1114/1110
f 862/1115/1111 858/1113/1109 860/1116/1112
f 862/1115/1111 861/1112/1108 858/1113/1109
f 862/1115/1111 856/1109/1105 861/1112/1108
f 856/1109/1105 862/1115/1111 863/1110/1106
f 864/1117/1113 865/1118/1114 878/1119/1115
f 865/1118/1114 864/1117/1113 866/1120/1116
f 866/1120/1116 867/1121/1117 865/1118/1114
f 867/1121/1117 866/1120/1116 882/1122/1118
f 882/1122/1118 876/1123/1119 867/1121/1117
f 876/1123/1119 882/1122/1118 886/1124/1120
f 886/1124/1120 874/1125/1121 876/1123/1119
f 874/1125/1121 886/1124/1120 868/1126/1122
f 868/1126/1122 869/226/207 874/1125/1121
f 868/1126/1122 175/228/208 869/226/207
f 175/228/208 868/1126/1122 870/1127/1123
f 870/1127/1123 871/230/209 175/228/208
f 871/230/209 870/1127/1123 877/1128/1124
f 877/1128/1124 177/232/210 871/230/209
f 177/232/210 877/1128/1124 872/1129/1125
f 872/1129/1125 178/234/211 177/232/210
f 178/234/211 872/1129/1125 875/1130/1126
f 875/1130/1126 873/224/206 178/234/211
f 875/1130/1126 869/226/207 873/224/206
f 875/1130/1126 874/1125/1121 869/226/207
f 875/1130/1126 876/1123/1119 874/1125/1121
f 875/1130/1126 867/1121/1117 876/1123/1119
f 867/1121/1117 875/1130/1126 872/1129/1125
f 872/1129/1125 865/1118/1114 867/1121/1117
f 865/1118/1114 872/1129/1125 877/1128/1124
f 877/1128/1124 878/1119/1115 865/1118/1114
f 878/1119/1115 877/1128/1124 870/1127/1123
f 870/1127/1123 879/1131/1127 878/1119/1115
f 879/1131/1127 870/1127/1123 868/1126/1122
f 879/1131/1127 868/1126/1122 886/1124/1120
f 879/1131/1127 886/1124/1120 885/1132/1128
f 885/1132/1128 878/1119/1115 879/1131/1127
f 885/1132/1128 864/1117/1113 878/1119/1115
f 864/1117/1113 885/1132/1128 880/1133/1129
f 880/1133/1129 866/1120/1116 864/1117/1113
f 866/1120/1116 880/1133/1129 881/1134/1130
f 881/1134/1130 882/1122/1118 866/1120/1116
f 881/1134/1130 883/1135/1131 882/1122/1118
f 881/1134/1130 887/1136/1132 883/1135/1131
f 887/1136/1132 881/1134/1130 880/1133/1129
f 880/1133/1129 884/1137/1133 887/1136/1132
f 880/1133/1129 832/1138/1134 884/1137/1133
f 832/1138/1134 880/1133/1129 885/1132/1128
f 885/1132/1128 882/1122/1118 832/1138/1135
f 882/1122/1118 885/1132/1128 886/1124/1120
f 832/1138/1135 882/1122/1118 883/1135/1131
f 883/1135/1131 890/1139/1136 832/1138/1135
f 890/1139/1136 883/1135/1131 887/1136/1132
f 887/1136/1132 888/1140/1137 890/1139/1136
f 888/1140/1137 887/1136/1132 884/1137/1133
f 884/1137/1133 891/1141/1138 888/1140/1137
f 884/1137/1133 889/1142/1139 891/1141/1138
f 889/1142/1139 884/1137/1133 832/1138/1134
f 889/1142/1140 832/1138/1135 890/1139/1136
f 890/1139/1136 894/1143/1141 889/1142/1140
f 894/1143/1141 890/1139/1136 888/1140/1137
f 888/1140/1137 895/1144/1142 894/1143/1141
f 895/1144/1142 888/1140/1137 891/1141/1138
f 891/1141/1138 892/1145/1143 895/1144/1142
f 891/1141/1138 893/1146/1144 892/1145/1143
f 893/1146/1144 891/1141/1138 889/1142/1139
f 893/1146/1145 889/1142/1140 894/1143/1141
f 894/1143/1141 898/1147/1146 893/1146/1145
f 898/1147/1146 894/1143/1141 895/1144/1142
f 895/1144/1142 896/1148/1147 898/1147/1146
f 896/1148/1147 895/1144/1142 892/1145/1143
f 892/1145/1143 897/1149/1148 896/1148/1147
f 892/1145/1143 827/1150/1149 897/1149/1148
f 827/1150/1149 892/1145/1143 893/1146/1144
f 827/1150/1150 893/1146/1145 898/1147/1146
f 898/1147/1146 899/1151/1151 827/1150/1150
f 899/1151/1151 898/1147/1146 896/1148/1147
f 896/1148/1147 904/1152/1152 899/1151/1151
f 904/1152/1152 896/1148/1147 901/1153/1153
f 901/1153/1154 904/1152/1155 900/1154/1156
f 901/1153/1154 900/1154/1156 907/1155/1157
f 901/1153/1154 907/1155/1157 902/1156/1158
f 902/1156/1159 901/1153/1153 896/1148/1147
f 902/1156/1159 896/1148/1147 897/1149/1148
f 897/1149/1148 825/1157/1160 902/1156/1159
f 825/1157/1160 897/1149/1148 827/1150/1149
f 825/1157/1160 827/1150/1150 899/1151/1151
f 899/1151/1151 903/1158/1161 825/1157/1160
f 903/1158/1161 899/1151/1151 904/1152/1152
f 903/1158/1162 900/1154/1156 904/1152/1155
f 903/1158/1162 905/1159/1163 900/1154/1156
f 905/1159/1163 903/1158/1162 902/1156/1158
f 902/1156/1158 906/1160/1164 905/1159/1163
f 906/1160/1164 902/1156/1158 907/1155/1157
f 903/1158/1161 902/1156/1159 825/1157/1160
f 908/1161/1165 909/1162/1166 915/1163/1167
f 915/1163/1167 717/1164/1168 908/1161/1165
f 717/1164/1168 915/1163/1167 921/1165/1169
f 921/1165/1169 716/1166/1170 717/1164/1168
f 716/1166/1170 921/1165/1169 918/1167/1171
f 918/1167/1171 715/1168/1172 716/1166/1170
f 715/1168/1172 918/1167/1171 909/1162/1166
f 715/1168/1172 909/1162/1166 908/1161/1165
f 908/1161/1173 910/1169/1174 715/1168/1175
f 910/1169/1174 908/1161/1173 717/1164/1176
f 717/1164/1176 911/1170/1177 910/1169/1174
f 911/1170/1177 717/1164/1176 716/1166/1178
f 716/1166/1178 912/1171/1179 911/1170/1177
f 912/1171/1179 716/1166/1178 715/1168/1175
f 715/1168/1175 913/1172/1180 912/1171/1179
f 913/1172/1180 715/1168/1175 910/1169/1174
f 909/1173/1181 914/1174/1182 824/1175/1183
f 824/1175/1183 915/1176/1184 909/1173/1181
f 915/1176/1184 824/1175/1183 916/1177/1185
f 916/1177/1185 921/1178/1186 915/1176/1184
f 921/1178/1186 916/1177/1185 917/1179/1187
f 917/1179/1187 918/1180/1188 921/1178/1186
f 918/1180/1188 917/1179/1187 914/1174/1182
f 918/1180/1188 914/1174/1182 909/1173/1181
f 909/1173/1189 919/1181/1190 918/1180/1191
f 919/1181/1190 909/1173/1189 915/1176/1192
f 915/1176/1192 920/1182/1193 919/1181/1190
f 920/1182/1193 915/1176/1192 921/1178/1194
f 921/1178/1194 922/1183/1195 920/1182/1193
f 922/1183/1195 921/1178/1194 918/1180/1191
f 918/1180/1191 923/1184/1196 922/1183/1195
f 923/1184/1196 918/1180/1191 919/1181/1190
f 914/1185/1197 902/1186/1198 903/1187/1199
f 903/1187/1199 824/1188/1200 914/1185/1197
f 824/1188/1200 903/1187/1199 904/1189/1201
f 904/1189/1201 925/1190/1202 824/1188/1200
f 925/1190/1202 904/1189/1201 901/1191/1203
f 901/1191/1203 917/1192/1204 925/1190/1202
f 917/1192/1204 901/1191/1203 902/1186/1198
f 917/1192/1204 902/1186/1198 914/1185/1197
f 914/1185/1205 928/1193/1206 917/1192/1204
f 928/1193/1206 914/1185/1205 824/1188/1200
f 824/1188/1200 924/1194/1207 928/1193/1206
f 924/1194/1207 824/1188/1200 925/1190/1202
f 925/1190/1202 926/1195/1208 924/1194/1207
f 926/1195/1208 925/1190/1202 917/1192/1204
f 917/1192/1204 927/1196/1209 926/1195/1208
f 927/1196/1209 917/1192/1204 928/1193/1206
f 938/1197/1210 930/151/152 929/152/139
f 930/151/152 938/1197/1210 931/1198/1211
f 931/1198/1211 932/149/150 930/151/152
f 932/149/150 931/1198/1211 933/1199/1212
f 933/1199/1212 114/147/148 932/149/150
f 114/147/148 933/1199/1212 934/1200/1213
f 934/1200/1213 935/145/146 114/147/148
f 935/145/146 934/1200/1213 955/1201/1214
f 955/1201/1214 112/143/144 935/145/146
f 112/143/144 955/1201/1214 936/1202/1215
f 936/1202/1215 110/141/142 112/143/144
f 110/141/142 936/1202/1215 937/1203/1216
f 937/1203/1216 109/139/140 110/141/142
f 937/1203/1216 929/138/139 109/139/140
f 937/1203/1216 938/1204/1210 929/138/139
f 938/1204/1210 937/1203/1216 957/1205/1217
f 957/1205/1217 939/1206/1218 938/1204/1210
f 939/1206/1218 957/1205/1217 958/1207/1219
f 958/1207/1219 940/1208/1220 939/1206/1218
f 940/1208/1220 958/1207/1219 943/1209/1221
f 943/1209/1221 941/1210/1222 940/1208/1220
f 943/1209/1223 942/1211/1224 941/1210/1225
f 943/1209/1223 944/1212/1226 942/1211/1224
f 944/1212/1226 943/1209/1223 960/1213/1227
f 960/1213/1227 945/1214/1228 944/1212/1226
f 945/1214/1228 960/1213/1227 946/1215/1229
f 946/1215/1229 947/1216/1230 945/1214/1228
f 947/1216/1230 946/1215/1229 1030/1217/1231
f 1030/1217/1231 948/1218/1232 947/1216/1230
f 948/1218/1232 1030/1217/1231 950/1219/1233
f 950/1219/1233 949/1220/1234 948/1218/1232
f 950/1219/1233 942/1221/1224 949/1220/1234
f 950/1219/1233 941/1222/1225 942/1221/1224
f 941/1222/1222 950/1219/1235 963/1223/1236
f 963/1223/1236 940/1224/1220 941/1222/1222
f 940/1224/1220 963/1223/1236 951/1225/1237
f 951/1225/1237 939/1226/1218 940/1224/1220
f 951/1225/1237 938/1197/1210 939/1226/1218
f 951/1225/1237 931/1198/1211 938/1197/1210
f 931/1198/1211 951/1225/1237 952/1227/1238
f 952/1227/1238 933/1199/1212 931/1198/1211
f 933/1199/1212 952/1227/1238 953/1228/1239
f 953/1228/1239 934/1200/1213 933/1199/1212
f 934/1200/1213 953/1228/1239 954/1229/1240
f 954/1229/1240 955/1201/1214 934/1200/1213
f 955/1201/1214 954/1229/1240 956/1230/1241
f 956/1230/1241 936/1202/1215 955/1201/1214
f 956/1230/1241 937/1203/1216 936/1202/1215
f 956/1230/1241 957/1205/1217 937/1203/1216
f 957/1205/1217 956/1230/1241 965/1231/1242
f 965/1231/1242 958/1207/1219 957/1205/1217
f 958/1207/1219 965/1231/1242 966/1232/1243
f 958/1207/1219 966/1232/1243 967/1233/1244
f 967/1233/1244 943/1209/1221 958/1207/1219
f 943/1209/1221 967/1233/1244 959/1234/1245
f 959/1234/1245 960/1213/1246 943/1209/1221
f 960/1213/1246 959/1234/1245 961/1235/1247
f 961/1235/1247 946/1215/1248 960/1213/1246
f 946/1215/1248 961/1235/1247 962/1236/1249
f 962/1236/1249 1030/1217/1250 946/1215/1248
f 962/1236/1249 950/1219/1235 1030/1217/1250
f 962/1236/1249 963/1223/1236 950/1219/1235
f 962/1236/1249 951/1225/1237 963/1223/1236
f 962/1236/1249 952/1227/1238 951/1225/1237
f 952/1227/1238 962/1236/1249 964/1237/1251
f 964/1237/1251 953/1228/1239 952/1227/1238
f 953/1228/1239 964/1237/1251 970/1238/1252
f 970/1238/1252 954/1229/1240 953/1228/1239
f 970/1238/1252 956/1230/1241 954/1229/1240
f 970/1238/1252 965/1231/1242 956/1230/1241
f 965/1231/1242 970/1238/1252 969/1239/1253
f 969/1239/1253 966/1232/1243 965/1231/1242
f 969/1239/1253 967/1233/1244 966/1232/1243
f 969/1239/1253 959/1234/1245 967/1233/1244
f 959/1234/1245 969/1239/1253 968/1240/1254
f 968/1240/1254 961/1235/1247 959/1234/1245
f 968/1240/1254 962/1236/1249 961/1235/1247
f 968/1240/1254 964/1237/1251 962/1236/1249
f 964/1237/1251 968/1240/1254 969/1239/1253
f 969/1239/1253 970/1238/1252 964/1237/1251
f 971/1241/1255 972/1242/1256 1001/1243/1257
f 1001/1243/1257 973/1244/1258 971/1241/1255
f 973/1244/1258 1001/1243/1257 978/1245/1259
f 978/1245/1259 981/1246/1260 973/1244/1258
f 981/1246/1260 978/1245/1259 974/1247/1261
f 975/1248/1262 1005/1249/1263 1003/1250/1264
f 1003/1250/1264 977/1251/1265 975/1248/1262
f 977/1251/1265 1003/1250/1264 976/1252/1266
f 976/1252/1266 1002/1253/1267 977/1251/1265
f 1002/1253/1267 976/1252/1266 987/1254/1268
f 987/1254/1268 978/1255/1259 1002/1253/1267
f 978/1255/1259 987/1254/1268 985/1256/1269
f 985/1256/1269 974/1257/1261 978/1255/1259
f 974/1257/1261 985/1256/1269 986/1258/1270
f 986/1258/1270 981/1259/1260 974/1257/1261
f 986/1258/1270 979/1260/1271 981/1259/1260
f 979/1260/1271 986/1258/1270 980/1261/1272
f 980/1261/1272 981/1259/1260 979/1260/1271
f 980/1261/1272 973/1262/1258 981/1259/1260
f 973/1262/1258 980/1261/1272 983/1263/1273
f 983/1263/1273 971/1264/1255 973/1262/1258
f 971/1264/1255 983/1263/1273 982/1265/1274
f 982/1265/1274 972/1266/1256 971/1264/1255
f 982/1265/1274 989/1267/1275 972/1266/1256
f 989/1267/1275 982/1265/1274 983/1263/1273
f 989/1267/1275 983/1263/1273 980/1261/1272
f 980/1261/1272 984/1268/1276 989/1267/1275
f 980/1261/1272 985/1256/1269 984/1268/1276
f 985/1256/1269 980/1261/1272 986/1258/1270
f 987/1254/1268 984/1268/1276 985/1256/1269
f 984/1268/1276 987/1254/1268 976/1252/1266
f 984/1268/1276 976/1252/1266 995/1269/1277
f 984/1268/1276 995/1269/1277 988/1270/1278
f 988/1270/1278 989/1267/1275 984/1268/1276
f 989/1267/1275 988/1270/1278 997/1271/1279
f 997/1271/1279 991/1272/1280 989/1267/1275
f 991/1272/1280 997/1271/1279 990/1273/1281
f 991/1272/1280 990/1273/1281 992/1274/1282
f 992/1274/1282 993/1275/1283 991/1272/1280
f 993/1275/1283 992/1274/1282 1000/1276/1284
f 993/1275/1283 1000/1276/1284 994/1277/1285
f 994/1277/1285 991/1272/1280 993/1275/1283
f 994/1277/1285 989/1267/1275 991/1272/1280
f 989/1267/1275 994/1277/1285 972/1266/1286
f 972/1266/1256 989/1267/1287 1001/1278/1257
f 994/1277/1285 999/1279/1288 1001/1278/1257
f 999/1279/1288 994/1277/1285 1000/1276/1284
f 988/1270/1278 995/1269/1277 996/1280/1289
f 996/1280/1289 997/1271/1279 988/1270/1278
f 997/1271/1279 996/1280/1289 998/1281/1290
f 998/1281/1290 990/1273/1281 997/1271/1279
f 990/1273/1281 998/1281/1290 1005/1282/1263
f 1005/1282/1263 975/1283/1262 990/1273/1281
f 999/1284/1288 1000/1285/1284 992/1286/1282
f 992/1286/1282 1001/1243/1257 999/1284/1288
f 992/1286/1282 978/1245/1259 1001/1243/1257
f 978/1245/1259 992/1286/1282 990/1287/1281
f 990/1287/1281 1002/1288/1267 978/1245/1259
f 1002/1288/1267 990/1287/1281 975/1289/1262
f 975/1289/1262 977/1290/1265 1002/1288/1267
f 996/1291/1289 1015/1292/1291 1006/1293/1292
f 1015/1292/1291 996/1291/1289 995/1294/1277
f 995/1294/1277 1016/1295/1293 1015/1292/1291
f 1016/1295/1293 995/1294/1277 976/1296/1266
f 976/1296/1266 1010/1297/1294 1016/1295/1293
f 1010/1297/1294 976/1296/1266 1003/1298/1264
f 1003/1298/1264 1004/1299/1295 1010/1297/1294
f 1004/1299/1295 1003/1298/1264 1005/1300/1263
f 1005/1300/1263 1018/1301/1296 1004/1299/1295
f 1018/1301/1296 1005/1300/1263 998/1302/1290
f 998/1302/1290 1006/1303/1292 1018/1301/1296
f 1006/1303/1292 998/1302/1290 996/1304/1289
f 1007/1305/1297 1021/1306/1298 1018/1307/1299
f 1018/1307/1299 1006/1308/1300 1007/1305/1297
f 1018/1307/1301 1014/1309/1302 1006/1308/1303
f 1018/1307/1301 1008/1310/1304 1014/1309/1302
f 1008/1310/1304 1018/1307/1301 1004/1311/1305
f 1004/1311/1305 1009/1312/1306 1008/1310/1304
f 1009/1312/1306 1004/1311/1305 1010/1313/1307
f 1010/1313/1307 1011/1314/1308 1009/1312/1306
f 1011/1314/1308 1010/1313/1307 1016/1315/1309
f 1016/1315/1309 1012/1316/1310 1011/1314/1308
f 1012/1316/1310 1016/1315/1309 1015/1317/1311
f 1015/1317/1311 1013/1318/1312 1012/1316/1310
f 1015/1317/1311 1014/1319/1302 1013/1318/1312
f 1015/1317/1311 1006/1320/1303 1014/1319/1302
f 1015/1317/1313 1007/1321/1297 1006/1320/1300
f 1015/1317/1313 1028/1322/1314 1007/1321/1297
f 1028/1322/1314 1015/1317/1313 1016/1315/1315
f 1016/1315/1315 1025/1323/1316 1028/1322/1314
f 1016/1315/1315 1017/1324/1317 1025/1323/1316
f 1017/1324/1317 1016/1315/1315 1010/1313/1318
f 1010/1313/1318 1019/1325/1319 1017/1324/1317
f 1019/1325/1319 1010/1313/1318 1004/1311/1320
f 1019/1325/1319 1004/1311/1320 1018/1307/1299
f 1019/1325/1319 1018/1307/1299 1021/1306/1298
f 1019/1325/1319 1021/1306/1298 1031/1326/1321
f 1031/1326/1321 1017/1324/1317 1019/1325/1319
f 1017/1324/1317 1031/1326/1321 1023/1327/1322
f 1023/1327/1322 1025/1323/1316 1017/1324/1317
f 1020/1328/1323 1029/1329/1324 1007/1330/1325
f 1007/1330/1325 1021/1331/1326 1020/1328/1323
f 1021/1331/1327 1007/1330/1328 941/1332/1329
f 1021/1331/1327 941/1332/1329 943/1333/1330
f 1021/1331/1327 943/1333/1330 1031/1334/1331
f 1031/1334/1332 1020/1328/1323 1021/1331/1326
f 1031/1334/1332 1022/1335/1333 1020/1328/1323
f 1022/1335/1333 1031/1334/1332 1023/1336/1334
f 1023/1336/1334 1024/1337/1335 1022/1335/1333
f 1024/1337/1335 1023/1336/1334 1025/1338/1336
f 1025/1338/1336 1026/1339/1337 1024/1337/1335
f 1026/1339/1337 1025/1338/1336 1028/1340/1338
f 1028/1340/1338 1027/1341/1339 1026/1339/1337
f 1028/1340/1338 1029/1342/1324 1027/1341/1339
f 1028/1340/1338 1007/1343/1325 1029/1342/1324
f 1028/1340/1340 941/1344/1329 1007/1343/1328
f 1028/1340/1340 950/1345/1341 941/1344/1329
f 950/1345/1341 1028/1340/1340 1025/1338/1342
f 1025/1338/1342 1030/1346/1343 950/1345/1341
f 1030/1346/1343 1025/1338/1342 1023/1336/1344
f 1023/1336/1344 946/1347/1345 1030/1346/1343
f 946/1347/1345 1023/1336/1344 1031/1334/1331
f 1031/1334/1331 960/1348/1346 946/1347/1345
f 960/1348/1346 1031/1334/1331 943/1333/1330
f 1035/1349/1347 1032/1350/1348 1033/1351/1349
f 1033/1351/1349 1037/1352/1350 1035/1349/1347
f 1037/1352/1350 1033/1351/1349 1032/1350/1348
f 1032/1350/1348 1034/1353/1351 1037/1352/1350
f 1034/1353/1351 1032/1350/1348 1035/1349/1347
f 1035/1349/1347 1038/1354/1352 1034/1353/1351
f 1038/1354/1352 1035/1349/1347 1037/1352/1350
f 1037/1352/1350 1036/1355/1353 1038/1354/1352
f 1036/1355/1353 1037/1352/1350 1034/1353/1351
f 1034/1353/1351 1038/1354/1352 1036/1355/1353
f 1038/1354/1354 1039/1356/1355 1034/1353/1356
f 1040/1357/1357 1042/1358/1358 1041/1359/1359
f 1041/1359/1359 1043/1360/1360 1040/1357/1357
f 1043/1360/1360 1041/1359/1359 1042/1358/1358
f 1042/1358/1358 1045/1361/1361 1043/1360/1360
f 1045/1361/1361 1042/1358/1358 1040/1357/1357
f 1040/1357/1357 1046/1362/1362 1045/1361/1361
f 1046/1362/1362 1040/1357/1357 1043/1360/1360
f 1043/1360/1360 1044/1363/1363 1046/1362/1362
f 1044/1363/1363 1043/1360/1360 1045/1361/1361
f 1045/1361/1361 1046/1362/1362 1044/1363/1363
f 1046/1362/1364 1047/1364/1365 1045/1361/1366
f 1048/1365/1367 1049/1366/1368 1050/1367/1369
f 1050/1367/1369 1052/1368/1370 1048/1365/1367
f 1052/1368/1370 1050/1367/1369 1049/1366/1368
f 1049/1366/1368 1051/1369/1371 1052/1368/1370
f 1051/1369/1371 1049/1366/1368 1048/1365/1367
f 1048/1365/1367 1054/1370/1372 1051/1369/1371
f 1054/1370/1372 1048/1365/1367 1052/1368/1370
f 1052/1368/1370 1053/1371/1373 1054/1370/1372
f 1053/1371/1373 1052/1368/1370 1051/1369/1371
f 1051/1369/1371 1054/1370/1372 1053/1371/1373
f 1054/1370/1374 1055/1372/1375 1051/1369/1376
o p01g00o00g._0p.006
v 3.125000 20.500006 -35.999996
v 3.625000 22.125006 -36.999996
v 6.562500 21.875006 -37.124996
v 9.437500 22.125006 -36.999996
v 8.437500 20.625006 -37.999996
v 9.937500 20.500006 -35.999996
v 0.937500 22.000006 -29.437496
v 0.625000 23.625004 -28.812496
v -0.625000 25.437504 -27.187496
v 1.125000 25.000006 -29.937496
v 1.812500 24.625006 -29.312496
v 3.562500 23.437506 -30.937496
v 3.375000 23.500006 -32.249996
v 12.125000 22.000006 -29.437496
v 11.250000 24.625006 -29.312496
v 13.750000 25.437504 -27.187496
v 11.937500 25.000006 -29.937496
v 10.812500 21.750006 -31.124996
v 12.437500 23.625004 -28.812496
v 9.500000 16.812506 -34.687496
v 9.812500 15.062506 -34.249996
v 9.437500 14.187506 -35.812496
v 9.437500 16.750006 -36.499996
v 8.187500 15.062507 -40.437496
v 8.125000 17.312506 -39.874996
v 6.562500 15.312507 -40.999996
v 6.562500 17.312506 -40.499996
v 4.875000 15.062507 -40.437496
v 5.000000 17.312506 -39.874996
v 3.625000 14.187506 -35.812496
v 3.312500 15.062506 -34.249996
v 3.687500 16.750006 -36.499996
v 3.562500 16.812506 -34.687496
v 9.187500 17.687506 -34.499996
v 9.562500 15.625006 -34.249996
v 8.562500 16.000006 -38.187496
v 8.250000 17.687506 -38.187496
v 6.562500 16.000006 -38.749996
v 6.562500 17.687506 -38.812496
v 4.500000 16.000006 -38.187496
v 4.812500 17.687506 -38.187496
v 3.500000 15.625006 -34.249996
v 3.875000 17.687506 -34.499996
v 3.250000 27.562504 -28.999996
v 3.125000 25.812506 -30.999996
v 2.687500 24.937506 -31.937496
v 3.187500 25.312506 -32.499996
v 3.500000 26.437506 -31.312496
v 9.812500 27.562504 -28.999996
v 9.937500 25.812506 -30.999996
v 8.875000 24.000006 -31.687496
v 10.375000 24.937506 -31.937496
v 8.875000 23.875006 -33.624996
v 9.875000 25.312506 -32.499996
v 9.000000 25.187506 -32.124996
v 9.562500 26.437506 -31.312496
v 9.750000 21.812506 -34.749996
v 9.687500 23.500006 -32.249996
v 11.312500 18.500006 -30.062496
v 13.312500 17.062504 -28.124998
v 12.375000 14.937505 -31.937498
v 10.625000 16.000006 -34.562496
v 10.562500 16.437506 -33.374996
v 9.187500 17.687506 -37.874996
v 9.875000 19.312506 -36.624996
v 10.812500 19.687506 -35.687496
v 10.875000 20.437506 -33.749996
v 10.000000 21.437506 -37.124996
v 8.875000 22.687506 -35.499996
v 4.250000 22.687506 -35.499996
v 3.312500 21.812506 -34.749996
v 3.062500 21.437506 -37.124996
v 3.687500 20.125006 -37.374996
v 3.875000 17.687506 -37.874996
v 3.187500 19.312506 -36.624996
v 3.000000 17.312506 -35.312496
v 2.437500 16.000006 -34.562496
v 2.312500 14.937506 -35.812496
v 2.500000 16.437506 -33.374996
v 2.250000 19.687506 -35.687496
v 2.187500 20.437506 -33.749996
v 4.187500 23.875006 -33.624996
v 6.562500 24.187506 -33.812496
v 4.062500 25.187506 -32.124996
v 4.125000 26.125006 -31.187496
v 6.562500 26.312506 -31.124996
v 8.937500 26.125006 -31.187496
v 8.187500 24.187506 -33.187496
v 6.562500 22.562506 -36.312496
v 11.875000 13.062506 -33.437496
v 4.312500 14.625007 -40.874996
v 2.187500 11.562506 -35.750000
v 2.750000 13.875006 -35.812496
v 4.000000 11.062507 -41.312500
v 6.562500 14.875007 -41.624996
v 6.562500 11.437507 -42.375000
v 8.750000 14.625007 -40.874996
v 9.062500 11.062507 -41.312500
v 10.875000 11.562506 -35.750000
v 1.250000 13.062506 -33.437496
v 0.687500 14.937505 -31.937498
v -0.187500 17.062504 -28.124998
v 2.250000 21.750006 -31.124996
v 10.062500 17.312506 -35.312496
v 8.937500 16.750006 -37.812496
v 6.562500 18.312506 -39.874996
v 6.562500 17.562506 -39.437496
v 4.687500 18.250006 -39.562496
v 4.125000 16.750006 -37.812496
v 5.187500 20.437506 -39.374996
v 4.625000 20.625006 -37.999996
v 6.562500 20.250006 -39.312496
v 6.562500 20.625006 -37.874996
v 7.875000 20.437506 -39.374996
v 9.437500 20.125006 -37.374996
v 8.812500 19.062506 -38.312496
v 6.562500 19.500006 -40.374996
v 5.312500 19.437506 -40.124996
v 4.250000 19.062506 -38.312496
v 7.750000 19.437506 -40.124996
v 8.375000 18.250006 -39.562496
v 6.625000 25.000004 -25.062496
v 6.625000 22.500004 -25.187496
v 8.875000 25.687504 -26.749996
v 10.437500 23.125004 -26.499996
v 6.562500 19.500004 -24.249996
v 3.062500 17.062504 -25.874998
v 4.875000 24.187506 -33.187496
v 9.062500 24.500006 -29.624996
v 9.562500 23.437506 -30.937496
v 10.625000 22.375004 -29.062496
v 11.187500 19.250004 -28.687496
v 12.312500 23.437504 -26.749996
v 10.187500 26.062504 -26.999996
v 6.750000 27.125004 -27.124996
v 6.562500 25.062506 -29.999996
v 4.187500 24.000006 -31.687496
v 4.000000 24.500006 -29.624996
v 2.437500 22.375004 -29.062496
v 3.500000 26.062504 -26.999996
v 0.750000 23.437504 -26.749996
v 0.187500 19.750004 -26.312496
v 1.562500 16.500004 -25.999998
v 6.562500 14.687504 -25.812498
v 11.500000 16.500004 -25.999998
v 13.062500 19.750004 -26.312496
v 10.187500 15.750005 -29.999998
v 10.312500 14.875006 -34.124996
v 10.062500 16.437504 -28.562498
v 3.000000 16.437504 -28.562498
v 2.875000 15.750005 -29.999998
v 1.875000 19.250004 -28.687496
v 1.750000 18.500006 -30.062496
v 6.562500 14.875005 -29.999998
v 6.562500 13.937506 -35.874996
v 10.312500 13.875006 -35.812496
v 6.562500 14.562506 -33.874996
v 2.750000 14.875006 -34.124996
v 4.375000 15.500007 -40.374996
v 6.562500 15.687507 -41.312496
v 6.562500 14.750006 -35.999996
v 8.687500 15.500007 -40.374996
v 3.250000 16.000006 -34.624996
v 6.562500 16.875006 -34.624996
v 3.812500 16.750006 -35.374996
v 5.000000 17.000006 -39.124996
v 6.562500 17.687506 -37.874996
v 8.062500 17.000006 -39.124996
v 9.250000 16.750006 -35.374996
v 6.562500 15.500006 -34.437496
v 9.812500 16.000006 -34.624996
v 10.750000 14.937506 -35.812496
v 10.875000 16.250006 -36.374996
v 10.250000 16.500006 -36.874996
v 10.250000 16.500006 -35.499996
v 10.375000 19.062506 -36.812496
v 9.750000 16.437506 -36.187496
v 9.375000 14.812506 -36.562496
v 9.937500 15.375006 -34.624996
v 8.937500 14.937506 -35.124996
v 3.687500 14.812506 -36.562496
v 2.812500 16.500006 -36.874996
v 2.625000 19.062506 -36.812496
v 2.125000 16.250006 -36.374996
v 2.750000 16.500006 -35.499996
v 3.125000 15.375006 -34.624996
v 3.250000 16.437506 -36.187496
v 4.125000 14.937506 -35.124996
v 1.125000 23.750004 -24.249996
v 0.375000 19.625004 -23.812496
v 1.812500 16.000004 -23.437498
v 6.562500 15.500004 -25.687498
v 6.562500 13.937504 -23.187498
v 11.250000 16.000004 -23.437498
v 12.687500 19.625004 -23.812496
v 11.937500 23.750004 -24.249996
v 10.000000 27.062504 -24.562496
v 6.750000 28.250004 -24.687496
v 3.625000 27.062504 -24.562496
v 4.562500 25.687504 -26.749996
v 6.562500 15.375005 -28.562498
v 6.687500 26.562504 -26.812496
v 6.437500 37.937504 -29.062494
v 3.437500 36.687504 -29.874994
v 8.187500 38.562504 -26.312494
v 6.937500 36.562504 -27.937494
v 5.750000 37.562504 -28.437494
v -4.750000 30.500006 -33.249996
v -3.312500 30.812506 -34.437496
v -5.750000 31.312506 -31.812494
v -6.500000 32.187504 -28.749994
v -5.750000 37.562504 -28.437494
v -6.937500 36.562504 -27.937494
v -8.187500 38.562504 -26.312494
v -6.437500 37.937504 -29.062494
v -3.875000 35.875004 -30.937494
v -4.312500 33.937504 -30.312494
v -2.937500 33.125008 -36.062496
v -2.750000 33.875008 -36.562496
v -2.000000 34.000008 -37.874996
v -1.750000 33.250008 -37.874996
v -1.375000 32.812508 -37.812496
v 0.000000 33.187508 -38.374996
v 0.000000 32.562508 -38.374996
v 1.375000 32.812508 -37.812496
v 2.750000 33.875008 -36.562496
v 1.437500 36.937504 -33.999992
v 2.000000 34.562508 -36.937496
v 1.750000 33.250008 -37.874996
v 0.000000 33.750008 -38.312496
v 2.000000 34.000008 -37.874996
v 0.000000 39.687504 -30.937494
v 0.000000 36.625004 -33.937492
v -3.500000 40.250004 -31.812494
v 0.000000 34.500008 -36.874996
v -2.000000 34.562508 -36.937496
v -1.750000 32.375008 -37.124996
v -3.062500 31.750006 -36.937496
v -2.562500 30.562506 -39.124996
v -1.625000 31.250006 -39.187496
v -1.250000 32.375008 -39.187496
v -1.250000 30.500006 -40.312496
v -1.875000 30.187506 -40.062496
v -1.937500 29.625006 -39.937496
v -2.812500 29.625006 -38.937496
v -3.625000 30.312506 -34.062496
v -3.812500 32.500008 -35.499996
v -3.312500 29.812506 -31.937494
v -4.187500 33.562504 -33.562496
v -4.875000 31.375006 -29.624994
v -5.687500 34.187504 -28.562494
v -7.812500 29.937504 -27.249994
v -5.625000 28.500006 -30.124996
v -4.750000 26.562506 -31.124996
v -4.187500 24.625006 -33.499996
v -2.062500 23.375006 -38.749996
v 0.000000 27.625006 -39.312496
v 0.000000 23.375006 -39.874996
v 2.062500 23.375006 -38.749996
v 2.937500 26.500006 -33.687496
v 4.187500 24.625006 -33.499996
v 4.750000 26.562506 -31.124996
v 5.625000 28.500006 -30.124996
v 7.812500 29.937504 -27.249994
v 5.687500 34.187504 -28.562494
v 4.875000 31.375006 -29.624994
v 4.187500 33.562504 -33.562496
v 2.937500 30.000006 -33.937496
v 3.375000 29.062506 -32.937496
v 3.312500 29.812506 -31.937494
v 3.062500 28.187506 -32.249996
v 2.875000 27.562506 -33.812496
v 1.812500 27.312506 -38.499996
v 1.750000 28.250006 -37.937496
v -1.812500 27.312506 -38.499996
v -1.750000 28.250006 -37.937496
v -2.937500 26.500006 -33.687496
v -3.062500 28.187506 -32.249996
v -3.375000 29.062506 -32.937496
v -2.625000 28.812506 -38.624996
v -2.687500 29.062506 -33.062496
v 2.500000 29.687506 -32.562496
v 2.312500 28.000006 -32.062496
v 2.437500 26.937506 -33.687496
v 2.437500 29.687506 -34.312496
v 1.687500 27.875006 -37.749996
v 1.500000 29.812506 -37.937496
v 0.000000 27.875006 -38.374996
v 0.000000 29.625006 -38.562496
v -1.687500 27.875006 -37.749996
v -1.500000 29.812506 -37.937496
v -2.437500 26.937506 -33.687496
v -2.437500 29.687506 -34.312496
v -2.312500 28.000006 -32.062496
v -2.500000 29.687506 -32.562496
v 2.812500 30.562506 -32.937496
v 2.375000 28.562506 -32.437496
v 1.437500 27.437506 -38.249996
v 1.687500 29.625006 -38.999996
v 0.000000 27.437506 -38.812496
v 0.000000 29.500006 -39.562496
v -1.437500 27.437506 -38.249996
v -1.687500 29.625006 -38.999996
v -2.375000 28.562506 -32.437496
v -2.812500 30.562506 -32.937496
v -4.500000 31.750004 -27.562494
v -6.250000 31.562504 -24.687494
v -5.375000 35.375004 -24.874994
v -2.562500 39.125004 -24.999994
v -4.125000 34.500004 -27.874994
v -2.937500 37.000004 -28.124994
v 0.000000 40.187504 -24.999994
v 0.000000 38.500004 -28.249994
v 3.125000 39.125004 -24.999994
v 2.937500 37.000004 -28.124994
v 5.375000 35.375004 -24.874994
v 4.125000 34.500004 -27.874994
v 5.937500 31.562504 -24.687494
v 4.500000 31.750004 -27.562494
v -4.062500 34.250004 -24.937494
v -5.812500 34.562504 -22.062494
v -3.750000 38.250004 -22.187494
v -2.812500 37.312504 -25.312494
v 0.000000 40.625004 -22.187494
v 0.000000 39.062504 -25.499994
v 3.875000 38.250004 -22.187494
v 2.812500 37.312504 -25.312494
v 5.562500 34.562504 -22.062494
v 4.062500 34.250004 -24.937494
v -5.000000 32.562504 -17.187494
v -5.937500 32.875004 -14.062494
v -3.937500 36.562504 -14.124994
v -2.812500 36.562504 -17.499994
v 0.000000 38.937504 -14.187493
v 0.000000 38.812504 -17.812494
v 4.000000 36.562504 -14.124994
v 2.812500 36.562504 -17.499994
v 5.625000 32.875004 -14.062494
v 5.000000 32.562504 -17.187494
v -4.312500 33.625004 -21.937494
v -6.062500 34.062504 -18.124994
v -4.000000 37.812504 -18.249994
v -2.937500 37.312504 -22.124994
v 0.000000 40.187504 -18.249994
v 0.000000 39.250004 -22.562494
v 4.125000 37.812504 -18.249994
v 2.937500 37.312504 -22.124994
v 5.812500 34.062504 -18.124994
v 4.312500 33.625004 -21.937494
v -0.750000 31.125006 -40.624996
v 0.000000 31.125006 -40.812496
v 1.625000 31.250006 -39.187496
v 3.062500 31.750006 -36.937496
v 3.812500 32.500008 -35.499996
v 4.750000 30.500006 -33.249996
v 5.750000 31.312506 -31.812494
v 6.500000 32.187504 -28.749994
v 4.312500 33.937504 -30.312494
v 2.937500 33.125008 -36.062496
v 1.750000 32.375008 -37.124996
v 3.312500 30.812506 -34.437496
v 3.625000 30.312506 -34.062496
v 2.812500 29.625006 -38.937496
v 2.625000 28.812506 -38.624996
v 1.937500 29.625006 -39.937496
v 1.875000 28.562506 -39.374996
v 0.000000 30.000006 -40.437496
v 1.875000 30.187506 -40.062496
v 2.562500 30.562506 -39.124996
v 1.250000 30.500006 -40.312496
v 0.750000 31.125006 -40.624996
v 1.250000 32.375008 -39.187496
v -6.500000 17.187504 -27.937498
v -10.437500 23.125004 -26.499996
v -8.875000 25.687504 -26.749996
v -4.562500 25.687504 -26.749996
v -6.250000 23.812504 -28.437496
v -5.812500 20.250004 -27.187496
v -3.062500 17.062504 -25.874998
v 10.062500 17.062504 -25.874998
v 6.500000 17.187504 -27.937498
v 10.875000 19.937504 -26.187496
v 6.250000 23.812504 -28.437496
v 2.625000 23.125004 -26.499996
v 5.812500 20.250004 -27.187496
v 2.187500 19.937504 -26.187496
v 10.062500 38.187504 -22.749994
v 15.625000 36.625004 -18.937494
v 10.375000 39.500004 -22.062494
v 8.187500 41.750004 -23.062492
v 5.437500 43.062504 -24.874992
v 6.500000 44.187504 -24.999992
v 5.000000 43.312504 -26.124992
v 2.750000 40.125004 -30.062494
v 1.000000 37.812504 -31.062494
v 3.687500 38.875004 -29.249994
v 5.187500 38.250004 -30.187494
v 3.875000 35.875004 -30.937494
v 3.187500 35.687504 -33.812492
v 5.062500 39.125004 -31.874994
v 3.500000 40.250004 -31.812494
v 4.875000 42.500004 -30.187492
v 5.437500 43.562504 -28.687492
v 7.312500 43.500004 -27.124992
v 6.000000 44.312504 -26.874992
v 7.562500 43.312504 -25.749992
v 7.250000 43.187504 -23.937492
v 9.062500 40.625004 -22.562494
v 10.625000 38.875004 -22.749994
v 8.687500 39.375004 -23.937494
v 9.625000 38.437504 -21.937494
v 9.812500 39.000004 -21.499994
v 7.937500 39.437504 -22.999994
v 8.125000 40.062504 -22.312494
v 6.875000 41.000004 -23.187492
v 6.250000 41.062504 -24.312492
v 6.125000 42.250004 -23.812492
v 5.562500 42.062504 -25.249992
v 4.437500 42.875004 -27.499992
v 3.625000 41.812504 -28.812492
v 6.125000 40.125004 -28.999994
v 6.187500 41.312504 -30.437492
v 4.250000 40.375004 -28.312494
v 4.812500 41.562504 -27.187492
v 5.250000 42.125004 -25.999992
v 7.312500 41.875004 -26.124992
v 7.625000 41.000004 -25.249992
v 9.437500 39.937504 -23.624994
v 8.500000 41.250004 -24.312492
v 8.000000 42.375004 -24.874992
v 7.062500 41.875004 -26.812492
v 6.750000 41.375004 -27.812492
v 6.875000 42.687504 -28.749992
v -15.625000 36.625004 -18.937494
v -10.375000 39.500004 -22.062494
v -9.062500 40.625004 -22.562494
v -8.187500 41.750004 -23.062492
v -8.000000 42.375004 -24.874992
v -7.250000 43.187504 -23.937492
v -7.562500 43.312504 -25.749992
v -7.312500 43.500004 -27.124992
v -6.000000 44.312504 -26.874992
v -6.875000 42.687504 -28.749992
v -5.437500 43.562504 -28.687492
v -5.062500 39.125004 -31.874994
v -3.187500 35.687504 -33.812492
v -3.687500 38.875004 -29.249994
v -3.437500 36.687504 -29.874994
v -1.000000 37.812504 -31.062494
v -1.437500 36.937504 -33.999992
v -4.875000 42.500004 -30.187492
v -4.437500 42.875004 -27.499992
v -5.437500 43.062504 -24.874992
v -6.500000 44.187504 -24.999992
v -8.125000 40.062504 -22.312494
v -9.625000 38.437504 -21.937494
v -10.625000 38.875004 -22.749994
v -9.437500 39.937504 -23.624994
v -8.500000 41.250004 -24.312492
v -7.625000 41.000004 -25.249992
v -7.062500 41.875004 -26.812492
v -6.750000 41.375004 -27.812492
v -6.187500 41.312504 -30.437492
v -5.187500 38.250004 -30.187494
v -2.750000 40.125004 -30.062494
v -3.625000 41.812504 -28.812492
v -4.250000 40.375004 -28.312494
v -6.125000 40.125004 -28.999994
v -4.812500 41.562504 -27.187492
v -7.312500 41.875004 -26.124992
v -7.937500 39.437504 -22.999994
v -8.687500 39.375004 -23.937494
v -10.062500 38.187504 -22.749994
v -9.812500 39.000004 -21.499994
v -6.875000 41.000004 -23.187492
v -6.250000 41.062504 -24.312492
v -6.125000 42.250004 -23.812492
v -5.562500 42.062504 -25.249992
v -5.250000 42.125004 -25.999992
v -5.000000 43.312504 -26.124992
v 0.000000 29.312506 -37.812496
v 0.000000 29.062506 -39.812496
v -1.875000 28.562506 -39.374996
v 2.687500 29.062506 -33.062496
v 0.000000 28.375006 -38.874996
v 0.000000 27.250006 -33.937496
v -2.875000 27.562506 -33.812496
v 0.000000 28.687506 -32.687496
v 0.000000 29.875006 -33.249996
v -2.937500 30.000006 -33.937496
v 2.937500 26.000006 -37.374996
v 2.875000 27.875006 -38.187496
v 2.437500 28.000006 -37.874996
v 2.500000 27.562506 -38.812496
v 2.500000 29.250006 -38.437496
v 1.937500 29.437506 -37.874996
v 1.125000 29.312506 -38.499996
v 2.000000 27.875006 -38.312496
v 2.062500 29.125006 -39.124996
v -2.875000 27.875006 -38.187496
v -2.062500 29.125006 -39.124996
v -2.437500 28.000006 -37.874996
v -2.937500 26.000006 -37.374996
v -2.500000 27.562506 -38.812496
v -2.000000 27.875006 -38.312496
v -1.125000 29.312506 -38.499996
v -1.937500 29.437506 -37.874996
v -2.500000 29.250006 -38.437496
v -1.562500 17.750006 -34.374996
v -0.500000 18.062506 -32.749996
v 0.250000 19.625006 -29.624996
v -0.625000 23.687504 -28.812496
v 0.625000 25.375004 -27.187496
v -1.812500 24.687506 -29.312496
v -3.500000 23.437506 -30.937496
v -1.125000 25.062506 -29.937496
v -0.875000 22.000006 -29.437496
v -11.500000 17.750006 -34.374996
v -10.062500 18.625006 -35.437496
v -10.250000 19.937506 -35.562496
v -12.562500 18.062506 -32.749996
v -10.875000 20.437506 -33.749996
v -13.375000 19.625006 -29.624996
v -11.250000 24.687506 -29.312496
v -12.437500 23.687504 -28.812496
v -13.750000 25.375004 -27.187496
v -9.562500 23.437506 -30.937496
v -11.937500 25.062506 -29.937496
v -12.187500 22.000006 -29.437496
v -4.125000 16.687506 -34.249996
v -4.000000 15.375006 -34.249996
v -4.562500 14.562506 -35.749996
v -4.500000 16.625006 -35.749996
v -5.250000 15.062507 -38.312496
v -5.125000 16.500006 -38.312496
v -6.500000 15.312507 -38.874996
v -6.500000 16.500006 -38.937496
v -7.812500 15.062507 -38.312496
v -7.875000 16.500006 -38.312496
v -8.500000 14.562506 -35.749996
v -8.562500 16.625006 -35.749996
v -9.000000 15.375006 -34.249996
v -8.937500 16.687506 -34.249996
v -3.500000 18.625006 -34.624996
v -3.625000 16.375006 -34.187496
v -4.500000 15.562507 -39.312496
v -5.000000 17.812506 -39.749996
v -6.500000 15.125007 -39.874996
v -6.500000 17.812506 -40.374996
v -8.562500 15.562507 -39.312496
v -8.062500 17.812506 -39.749996
v -9.437500 16.375006 -34.187496
v -9.500000 18.625006 -34.624996
v -4.875000 24.187506 -33.187496
v -4.062500 25.187506 -32.124996
v -3.250000 27.562504 -28.999996
v -3.500000 26.437506 -31.312496
v -3.125000 25.812506 -30.999996
v -2.625000 24.937506 -31.937496
v -3.187500 25.312506 -32.499996
v -4.125000 26.125006 -31.187496
v -9.812500 27.562504 -28.999996
v -9.562500 26.437506 -31.312496
v -9.937500 25.812506 -30.999996
v -8.875000 24.000006 -31.687496
v -9.875000 25.312506 -32.499996
v -9.000000 25.187506 -32.124996
v -10.437500 24.937506 -31.937496
v -8.937500 26.125006 -31.187496
v -10.250000 21.875006 -34.312496
v -9.750000 22.875006 -34.687496
v -9.687500 23.500006 -32.249996
v -8.875000 23.125006 -35.499996
v -8.875000 23.875006 -33.624996
v -8.187500 24.187506 -33.187496
v -6.562500 24.187506 -33.812496
v -6.562500 26.312506 -31.124996
v -4.187500 23.875006 -33.624996
v -10.125000 22.562506 -35.624996
v -10.062500 21.937506 -36.374996
v -10.250000 20.875006 -35.937496
v -7.937500 21.062506 -37.562496
v -8.750000 22.750006 -36.499996
v -6.562500 22.937506 -35.812496
v -4.187500 23.125006 -35.499996
v -2.812500 21.875006 -34.312496
v -2.187500 20.437506 -33.749996
v -2.875000 20.875006 -35.937496
v -5.187500 21.062506 -37.562496
v -3.000000 21.937506 -36.374996
v -4.375000 21.812506 -37.062496
v -8.687500 21.812506 -37.062496
v -6.562500 22.312506 -36.687496
v -2.937500 22.562506 -35.624996
v -3.312500 22.875006 -34.687496
v -4.312500 22.750006 -36.499996
v -6.562500 21.687506 -37.187496
v -2.812500 19.937506 -35.562496
v -4.687500 20.187506 -37.124996
v -5.375000 20.375006 -39.624996
v -6.562500 20.875006 -37.687496
v -6.562500 20.187506 -39.624996
v -8.375000 20.187506 -37.124996
v -7.687500 20.375006 -39.624996
v -8.062500 19.437506 -39.562496
v -7.187500 19.562506 -40.812496
v -5.875000 19.562506 -40.812496
v -6.562500 19.625008 -41.062496
v -10.937500 13.500006 -33.437496
v -10.187500 12.937506 -35.749996
v -11.312500 14.937505 -31.937498
v -13.375000 17.062504 -28.124998
v -11.375000 18.500006 -30.062496
v -10.812500 21.750006 -31.124996
v -8.562500 18.500006 -39.624996
v -8.625000 17.875006 -39.624996
v -8.000000 17.937506 -40.687496
v -8.125000 18.500006 -40.624996
v -7.500000 18.875006 -40.687496
v -6.562500 18.375008 -40.999996
v -7.687500 17.312506 -40.312496
v -5.375000 17.312506 -40.312496
v -4.562500 17.312506 -39.562496
v -3.187500 16.000006 -34.562496
v -3.437500 14.875006 -34.124996
v -4.062500 13.875006 -35.812496
v -2.187500 13.500006 -33.437496
v -2.875000 12.937506 -35.749996
v -5.000000 14.625007 -38.937496
v -4.125000 14.937506 -35.812496
v -5.062500 15.500007 -38.749996
v -9.625000 14.875006 -34.124996
v -9.000000 13.875006 -35.812496
v -8.312500 13.375007 -39.187496
v -6.562500 14.875007 -39.687496
v -6.562500 13.812507 -40.187496
v -4.750000 13.375007 -39.187496
v -9.750000 18.125006 -35.374996
v -9.125000 17.812506 -35.374996
v -9.875000 16.000006 -34.562496
v -8.937500 14.937506 -35.812496
v -9.812500 16.437506 -33.374996
v -3.250000 16.437506 -33.374996
v -3.000000 18.625006 -35.437496
v -2.250000 21.750006 -31.124996
v -1.687500 18.500006 -30.062496
v -1.750000 14.937505 -31.937498
v 0.250000 17.062504 -28.124998
v -5.000000 19.437506 -39.562496
v -5.562500 18.875006 -40.687496
v -4.937500 18.500006 -40.624996
v -5.062500 17.937506 -40.687496
v -4.500000 18.500006 -39.624996
v -4.437500 17.875006 -39.624996
v -3.312500 18.125006 -35.374996
v -6.625000 25.000004 -25.062496
v -6.562500 19.500004 -24.249996
v -10.062500 17.062504 -25.874998
v -6.625000 22.500004 -25.187496
v -10.812500 22.375004 -29.062496
v -9.125000 24.500006 -29.624996
v -10.187500 26.062504 -26.999996
v -6.750000 27.125004 -27.124996
v -3.937500 24.500006 -29.624996
v -4.187500 24.000006 -31.687496
v -3.375000 23.500006 -32.249996
v -2.250000 22.375004 -29.062496
v -3.500000 26.062504 -26.999996
v -0.750000 23.437504 -26.749996
v -0.187500 19.750004 -26.312496
v -1.562500 16.500004 -25.999998
v -6.562500 14.687504 -25.812498
v -11.500000 16.500004 -25.999998
v -13.125000 19.750004 -26.312496
v -12.312500 23.437504 -26.749996
v -11.375000 19.250004 -28.687496
v -10.187500 15.750005 -29.999998
v -2.875000 15.750005 -29.999998
v -2.875000 16.437504 -28.562498
v -6.562500 14.875005 -29.999998
v -6.562500 13.937506 -35.874996
v -8.062500 14.625007 -38.937496
v -6.562500 14.562506 -33.874996
v -6.562500 15.687507 -39.624996
v -6.562500 14.750006 -35.999996
v -8.000000 15.500007 -38.749996
v -6.562500 15.500006 -34.437496
v -3.875000 16.000006 -34.624996
v -6.562500 17.625006 -34.624996
v -3.937500 17.812506 -35.374996
v -6.562500 17.875006 -38.999996
v -6.562500 17.625006 -40.562496
v -8.500000 17.312506 -39.562496
v -9.250000 16.000006 -34.624996
v -0.250000 19.625004 -23.812496
v -2.187500 19.937504 -26.187496
v -1.750000 19.250004 -28.687496
v -2.625000 23.125004 -26.499996
v -1.000000 23.750004 -24.249996
v -3.562500 27.062504 -24.562496
v -6.750000 28.250004 -24.687496
v -10.062500 27.062504 -24.562496
v -12.062500 23.750004 -24.249996
v -10.875000 19.937504 -26.187496
v -12.812500 19.625004 -23.812496
v -11.375000 16.000004 -23.437498
v -6.562500 13.937504 -23.187498
v -1.687500 16.000004 -23.437498
v -6.562500 15.500004 -25.687498
v -6.562500 15.375005 -28.562498
v -10.187500 16.437504 -28.562498
v -6.687500 26.562504 -26.812496
v -6.562500 25.062506 -29.999996
vt 2.255859 3.205078
vt 2.221924 3.225830
vt 2.214844 3.208008
vt 2.254639 3.232422
vt 2.245605 3.256104
vt 2.176025 3.262695
vt 2.208252 3.284912
vt 2.221924 3.225830
vt 2.245605 3.256104
vt 2.254639 3.232422
vt 2.255859 3.205078
vt 2.214844 3.208008
vt 2.437744 3.227051
vt 2.393066 3.227051
vt 2.416260 3.214111
vt 2.438232 3.260986
vt 2.415039 3.262939
vt 2.461182 3.311768
vt 2.399658 3.298828
vt 2.394531 3.304932
vt 2.344482 3.285889
vt 2.335938 3.261230
vt 2.353027 3.220215
vt 2.437744 3.227051
vt 2.416260 3.214111
vt 2.393066 3.227051
vt 2.438232 3.260986
vt 2.415039 3.262939
vt 2.461182 3.311768
vt 2.399658 3.298828
vt 2.394531 3.304932
vt 2.344482 3.285889
vt 2.335938 3.261230
vt 2.353027 3.220215
vt 2.196777 3.520508
vt 2.208984 3.464355
vt 2.184326 3.431885
vt 2.165527 3.516357
vt 2.066895 3.458984
vt 2.066895 3.513672
vt 2.012695 3.458984
vt 2.015625 3.513672
vt 2.066895 3.458984
vt 2.066895 3.513672
vt 2.184326 3.431885
vt 2.165527 3.516357
vt 2.208984 3.464355
vt 2.196777 3.520508
vt 2.223633 3.596680
vt 2.227539 3.530518
vt 2.087891 3.513672
vt 2.088379 3.577393
vt 2.040771 3.513672
vt 2.040527 3.566162
vt 2.087891 3.513672
vt 2.088379 3.577393
vt 2.227539 3.530518
vt 2.223633 3.596680
vt 2.008545 3.075439
vt 2.014160 3.054688
vt 2.034180 3.074219
vt 2.049805 3.110596
vt 2.056152 3.095947
vt 2.093994 3.127686
vt 2.066162 3.091309
vt 2.083984 3.079834
vt 2.061523 3.046875
vt 2.073730 3.030029
vt 2.042969 3.019775
vt 2.043701 3.056641
vt 2.019287 3.028809
vt 2.008545 3.075439
vt 2.034180 3.074219
vt 2.014160 3.054688
vt 2.049805 3.110596
vt 2.056152 3.095947
vt 2.093994 3.127686
vt 2.066162 3.091309
vt 2.083984 3.079834
vt 2.061523 3.046875
vt 2.073730 3.030029
vt 2.042969 3.019775
vt 2.043701 3.056641
vt 2.019287 3.028809
vt 2.273682 3.262695
vt 2.232666 3.297363
vt 2.307373 3.273438
vt 2.286621 3.232666
vt 2.305664 3.191162
vt 2.307861 3.108643
vt 2.369385 3.147949
vt 2.419922 3.115234
vt 2.347412 3.074707
vt 2.310303 3.033203
vt 2.284912 3.073730
vt 2.253906 3.050781
vt 2.259766 3.075439
vt 2.283936 3.098389
vt 2.269775 3.098877
vt 2.272705 3.129150
vt 2.240723 3.177002
vt 2.201172 3.149414
vt 2.275391 3.179932
vt 2.273682 3.262695
vt 2.286621 3.232666
vt 2.275391 3.179932
vt 2.240723 3.177002
vt 2.201172 3.149414
vt 2.272705 3.129150
vt 2.199463 3.123535
vt 2.260254 3.113281
vt 2.283936 3.098389
vt 2.269775 3.098877
vt 2.259766 3.075439
vt 2.307861 3.108643
vt 2.305664 3.191162
vt 2.307373 3.273438
vt 2.311035 3.330078
vt 2.321289 3.296387
vt 2.348145 3.295166
vt 2.369629 3.303223
vt 2.361572 3.349121
vt 2.369629 3.303223
vt 2.348145 3.295166
vt 2.321289 3.296387
vt 2.254150 3.007812
vt 2.150879 3.067627
vt 2.155518 3.087891
vt 2.104736 3.073486
vt 2.106689 3.091553
vt 2.150879 3.067627
vt 2.155518 3.087891
vt 2.253906 3.050781
vt 2.284912 3.073730
vt 2.310303 3.033203
vt 2.254150 3.007812
vt 2.145996 3.007324
vt 2.094482 3.016113
vt 2.145996 3.007324
vt 2.347412 3.074707
vt 2.369385 3.147949
vt 2.419922 3.115234
vt 2.260254 3.113281
vt 2.199463 3.123535
vt 2.167236 3.155029
vt 2.176270 3.121582
vt 2.137207 3.159912
vt 2.137207 3.134521
vt 2.167236 3.155029
vt 2.176270 3.121582
vt 2.197021 3.180176
vt 2.182617 3.214600
vt 2.154053 3.223877
vt 2.182617 3.214600
vt 2.197021 3.180176
vt 2.160156 3.180908
vt 2.137207 3.182617
vt 2.160156 3.180908
vt 2.156250 3.799316
vt 2.152588 3.764893
vt 2.199219 3.780762
vt 2.114990 3.780762
vt 2.152100 3.718994
vt 2.222412 3.739502
vt 2.151123 3.671387
vt 2.230469 3.693848
vt 2.215576 3.653564
vt 2.153076 3.617188
vt 2.090820 3.653564
vt 2.075928 3.693848
vt 2.083984 3.739502
vt 2.781006 3.270264
vt 2.783936 3.240967
vt 2.847168 3.270508
vt 2.783936 3.240967
vt 2.857178 3.229248
vt 2.816895 3.229492
vt 2.799561 3.212646
vt 2.829834 3.211426
vt 2.863037 3.182373
vt 2.816406 3.177734
vt 2.826904 3.118652
vt 2.864502 3.126221
vt 2.908203 3.182129
vt 2.908203 3.229492
vt 2.908203 3.270020
vt 2.857178 3.229248
vt 2.816895 3.229492
vt 2.799561 3.212646
vt 2.829834 3.211426
vt 2.863037 3.182373
vt 2.816406 3.177734
vt 2.826904 3.118652
vt 2.864502 3.126221
vt 2.908203 3.182129
vt 2.908203 3.229492
vt 2.908203 3.126953
vt 2.865234 3.074951
vt 2.908203 3.077637
vt 2.865234 3.018799
vt 2.908203 3.020508
vt 2.865234 3.074951
vt 2.908203 3.077637
vt 2.908203 3.126953
vt 2.827637 3.063477
vt 2.765869 3.080322
vt 2.750000 3.052490
vt 2.827393 3.011475
vt 2.827637 3.063477
vt 2.765869 3.080322
vt 2.750000 3.052490
vt 2.760498 3.011475
vt 2.715332 3.011475
vt 2.716309 3.047607
vt 2.651367 3.034668
vt 2.639160 3.011230
vt 2.716309 3.047607
vt 2.651367 3.034668
vt 2.041992 3.603760
vt 2.056641 3.656006
vt 2.016602 3.651367
vt 2.016602 3.586914
vt 2.041992 3.603760
vt 2.056641 3.656006
vt 2.016602 3.679443
vt 2.054443 3.689209
vt 2.016602 3.704590
vt 2.056885 3.704834
vt 2.016602 3.768066
vt 2.050293 3.768555
vt 2.036621 3.784180
vt 2.016602 3.792725
vt 2.036621 3.784180
vt 2.050293 3.768555
vt 2.056885 3.704834
vt 2.054443 3.689209
vt 2.026855 3.281982
vt 2.074707 3.206787
vt 2.049072 3.194336
vt 2.023926 3.182129
vt 2.060059 3.150146
vt 2.094238 3.164551
vt 2.049072 3.194336
vt 2.024170 3.134766
vt 2.060059 3.150146
vt 2.074707 3.206787
vt 2.026855 3.281982
vt 2.049072 3.194336
vt 2.094238 3.164551
vt 2.060059 3.150146
vt 2.023926 3.182129
vt 2.049072 3.194336
vt 2.060059 3.150146
vt 2.024170 3.134766
vt 2.914307 3.182129
vt 2.949219 3.182373
vt 2.948975 3.126709
vt 2.914307 3.126953
vt 2.948975 3.076416
vt 2.914307 3.077637
vt 2.948975 3.019775
vt 2.914307 3.020508
vt 2.948975 3.076416
vt 2.914307 3.077637
vt 2.948975 3.126709
vt 2.914307 3.126953
vt 2.949219 3.182373
vt 2.914307 3.182129
vt 2.949219 3.229248
vt 2.914307 3.229492
vt 2.949219 3.270264
vt 2.914307 3.270020
vt 2.949219 3.229248
vt 2.914307 3.229492
vt 2.987061 3.182373
vt 2.987061 3.126221
vt 2.987061 3.074951
vt 2.987061 3.018799
vt 2.987061 3.074951
vt 2.987061 3.126221
vt 2.987061 3.182373
vt 2.987305 3.229248
vt 2.987549 3.270508
vt 2.987305 3.229248
vt 2.978027 3.902100
vt 2.938965 3.875488
vt 2.912109 3.876709
vt 2.915771 3.932373
vt 2.886475 3.848877
vt 2.882080 3.941406
vt 2.853516 3.876465
vt 2.843750 3.898926
vt 2.870117 3.945801
vt 2.917480 3.996338
vt 2.944092 3.935791
vt 2.566406 3.760254
vt 2.629883 3.776855
vt 2.601074 3.742920
vt 2.538818 3.791504
vt 2.606201 3.810791
vt 2.495850 3.839844
vt 2.555420 3.848877
vt 2.978027 3.902100
vt 2.912109 3.876709
vt 2.938965 3.875488
vt 2.944092 3.935791
vt 2.915771 3.932373
vt 2.917480 3.996338
vt 2.882080 3.941406
vt 2.870117 3.945801
vt 2.843750 3.898926
vt 2.853516 3.876465
vt 2.886475 3.848877
vt 2.802979 3.847412
vt 2.835938 3.810791
vt 2.812012 3.776855
vt 2.792236 3.783447
vt 2.780029 3.795654
vt 2.752686 3.870850
vt 2.762207 3.813477
vt 2.763672 3.791748
vt 2.763672 3.773438
vt 2.776123 3.758057
vt 2.754639 3.763916
vt 2.720703 3.772949
vt 2.720703 3.749756
vt 2.677979 3.773438
vt 2.686768 3.763916
vt 2.665283 3.756592
vt 2.661621 3.795654
vt 2.649414 3.783447
vt 2.638672 3.846680
vt 2.688965 3.869385
vt 2.679199 3.813477
vt 2.677979 3.791748
vt 2.720703 3.788086
vt 2.720703 3.813477
vt 2.720703 3.867432
vt 2.633057 3.945557
vt 2.720703 3.946045
vt 2.808350 3.945557
vt 2.803955 3.751709
vt 2.841064 3.742920
vt 2.785400 3.683105
vt 2.765137 3.716309
vt 2.745850 3.742676
vt 2.734863 3.676758
vt 2.750488 3.665771
vt 2.761963 3.666992
vt 2.764648 3.649902
vt 2.790283 3.669678
vt 2.762695 3.635986
vt 2.793945 3.651855
vt 2.845215 3.729492
vt 2.909912 3.749268
vt 2.929443 3.809326
vt 2.994873 3.819092
vt 2.961426 3.750488
vt 2.923340 3.710938
vt 2.959717 3.702393
vt 2.915039 3.672852
vt 2.950195 3.651611
vt 2.856689 3.636475
vt 2.889893 3.604248
vt 2.829590 3.616211
vt 2.860352 3.585449
vt 2.856689 3.636475
vt 2.889893 3.604248
vt 2.915039 3.672852
vt 2.950195 3.651611
vt 2.923340 3.710938
vt 2.959717 3.702393
vt 2.909912 3.749268
vt 2.961426 3.750488
vt 2.929443 3.809326
vt 2.994873 3.819092
vt 2.835938 3.810791
vt 2.812012 3.776855
vt 2.841064 3.742920
vt 2.902588 3.722900
vt 2.845215 3.729492
vt 2.844238 3.714600
vt 2.892090 3.712891
vt 2.899170 3.688965
vt 2.846680 3.653076
vt 2.815430 3.626465
vt 2.846680 3.653076
vt 2.899170 3.688965
vt 2.902588 3.722900
vt 2.844238 3.714600
vt 2.892090 3.712891
vt 2.219727 3.523438
vt 2.221436 3.479492
vt 2.180664 3.450684
vt 2.167725 3.523438
vt 2.062744 3.458984
vt 2.062744 3.513672
vt 2.012695 3.458984
vt 2.012695 3.513672
vt 2.062744 3.458984
vt 2.062744 3.513672
vt 2.180664 3.450684
vt 2.167725 3.523438
vt 2.221436 3.479492
vt 2.219727 3.523438
vt 2.223633 3.588379
vt 2.227539 3.535645
vt 2.053467 3.511963
vt 2.053955 3.573730
vt 2.010742 3.511963
vt 2.010498 3.566162
vt 2.053467 3.511963
vt 2.053955 3.573730
vt 2.227539 3.535645
vt 2.223633 3.588379
vt 2.707275 3.494873
vt 2.745117 3.467041
vt 2.767334 3.525146
vt 2.728027 3.525879
vt 2.784912 3.578613
vt 2.741943 3.564941
vt 2.793945 3.613281
vt 2.765869 3.614746
vt 2.784912 3.578613
vt 2.741943 3.564941
vt 2.767334 3.525146
vt 2.728027 3.525879
vt 2.745117 3.467041
vt 2.707275 3.494873
vt 2.768799 3.495117
vt 2.797852 3.483398
vt 2.817871 3.531006
vt 2.786377 3.548584
vt 2.831787 3.584229
vt 2.802246 3.595215
vt 2.817871 3.531006
vt 2.786377 3.548584
vt 2.797852 3.483398
vt 2.768799 3.495117
vt 2.874023 3.401367
vt 2.929199 3.369873
vt 2.947021 3.446533
vt 2.892578 3.476074
vt 2.973633 3.505371
vt 2.907471 3.534912
vt 2.947021 3.446533
vt 2.892578 3.476074
vt 2.929199 3.369873
vt 2.874023 3.401367
vt 2.804688 3.454102
vt 2.853027 3.432617
vt 2.871582 3.507568
vt 2.824951 3.519775
vt 2.886719 3.566162
vt 2.847656 3.570312
vt 2.871582 3.507568
vt 2.824951 3.519775
vt 2.853027 3.432617
vt 2.804688 3.454102
vt 2.720703 3.635010
vt 2.720703 3.651367
vt 2.720703 3.671143
vt 2.695557 3.741211
vt 2.676270 3.716309
vt 2.656250 3.683105
vt 2.637695 3.750732
vt 2.600830 3.742920
vt 2.629639 3.776855
vt 2.566406 3.760254
vt 2.605713 3.810791
vt 2.538818 3.791504
vt 2.495850 3.839844
vt 2.555420 3.848877
vt 2.588135 3.876465
vt 2.596191 3.729492
vt 2.651123 3.669678
vt 2.597412 3.714600
vt 2.647705 3.651855
vt 2.677002 3.649902
vt 2.678955 3.635986
vt 2.679443 3.666992
vt 2.690918 3.665771
vt 2.706787 3.676758
vt 2.153076 3.617188
vt 2.215576 3.653564
vt 2.152100 3.655273
vt 2.090820 3.653564
vt 2.139404 3.698975
vt 2.230469 3.693848
vt 2.148193 3.749756
vt 2.222412 3.739502
vt 2.199219 3.780762
vt 2.156250 3.799316
vt 2.114990 3.780762
vt 2.083984 3.739502
vt 2.075928 3.693848
vt 2.152100 3.655273
vt 2.139404 3.698975
vt 2.148193 3.749756
vt 2.418701 3.936279
vt 2.434814 3.962891
vt 2.557129 3.911865
vt 2.409180 3.912109
vt 2.410645 3.889160
vt 2.416992 3.868652
vt 2.434814 3.843994
vt 2.372314 3.859863
vt 2.387939 3.829102
vt 2.335449 3.864014
vt 2.360107 3.822510
vt 2.299561 3.855469
vt 2.322998 3.818115
vt 2.262939 3.856201
vt 2.284424 3.815186
vt 2.235352 3.851807
vt 2.245117 3.815186
vt 2.199951 3.851807
vt 2.199463 3.815186
vt 2.153809 3.851807
vt 2.157227 3.815186
vt 2.104004 3.851807
vt 2.091553 3.815186
vt 2.008789 3.815186
vt 2.035400 3.851807
vt 2.104248 3.883057
vt 2.051514 3.883057
vt 2.107422 3.916260
vt 2.042236 3.916260
vt 2.086914 3.952148
vt 2.014893 3.952148
vt 2.008789 3.991699
vt 2.091553 3.991699
vt 2.152100 3.952148
vt 2.157227 3.991699
vt 2.203369 3.952148
vt 2.199463 3.991699
vt 2.243408 3.952148
vt 2.245117 3.991699
vt 2.274902 3.952148
vt 2.284424 3.991699
vt 2.303711 3.950684
vt 2.322998 3.988770
vt 2.333008 3.947998
vt 2.360107 3.984375
vt 2.374023 3.944580
vt 2.387939 3.977783
vt 2.356445 3.914062
vt 2.365967 3.886230
vt 2.296875 3.883789
vt 2.258545 3.883057
vt 2.230713 3.883057
vt 2.191406 3.883057
vt 2.146729 3.883057
vt 2.161621 3.916260
vt 2.210693 3.916260
vt 2.241943 3.916260
vt 2.269043 3.916260
vt 2.295654 3.915039
vt 2.418701 3.936279
vt 2.557129 3.911865
vt 2.434814 3.962891
vt 2.374023 3.944580
vt 2.387939 3.977783
vt 2.333008 3.947998
vt 2.360107 3.984375
vt 2.303711 3.950684
vt 2.322998 3.988770
vt 2.274902 3.952148
vt 2.284424 3.991699
vt 2.243408 3.952148
vt 2.245117 3.991699
vt 2.203369 3.952148
vt 2.199463 3.991699
vt 2.152100 3.952148
vt 2.157227 3.991699
vt 2.086914 3.952148
vt 2.091553 3.991699
vt 2.008789 3.991699
vt 2.014893 3.952148
vt 2.107422 3.916260
vt 2.042236 3.916260
vt 2.104248 3.883057
vt 2.051514 3.883057
vt 2.104004 3.851807
vt 2.035400 3.851807
vt 2.008789 3.815186
vt 2.091553 3.815186
vt 2.153809 3.851807
vt 2.157227 3.815186
vt 2.199951 3.851807
vt 2.199463 3.815186
vt 2.235352 3.851807
vt 2.245117 3.815186
vt 2.262939 3.856201
vt 2.284424 3.815186
vt 2.299561 3.855469
vt 2.322998 3.818115
vt 2.335449 3.864014
vt 2.360107 3.822510
vt 2.372314 3.859863
vt 2.387939 3.829102
vt 2.416992 3.868652
vt 2.434814 3.843994
vt 2.410645 3.889160
vt 2.409180 3.912109
vt 2.356445 3.914062
vt 2.295654 3.915039
vt 2.269043 3.916260
vt 2.241943 3.916260
vt 2.210693 3.916260
vt 2.161621 3.916260
vt 2.146729 3.883057
vt 2.191406 3.883057
vt 2.230713 3.883057
vt 2.258545 3.883057
vt 2.296875 3.883789
vt 2.365967 3.886230
vt 2.036377 3.784180
vt 2.050293 3.768555
vt 2.016602 3.768066
vt 2.016602 3.792725
vt 2.036377 3.784180
vt 2.050293 3.768555
vt 2.016602 3.704590
vt 2.056885 3.704834
vt 2.016602 3.679443
vt 2.054443 3.689209
vt 2.016602 3.651367
vt 2.056641 3.656006
vt 2.041992 3.603760
vt 2.016602 3.586914
vt 2.041992 3.603760
vt 2.056641 3.656006
vt 2.054443 3.689209
vt 2.056885 3.704834
vt 2.026855 3.281982
vt 2.042725 3.224121
vt 2.068359 3.236572
vt 2.042725 3.224121
vt 2.094238 3.164551
vt 2.060059 3.150146
vt 2.017578 3.211914
vt 2.060059 3.150146
vt 2.024170 3.134766
vt 2.042725 3.224121
vt 2.026855 3.281982
vt 2.068359 3.236572
vt 2.060059 3.150146
vt 2.094238 3.164551
vt 2.042725 3.224121
vt 2.017578 3.211914
vt 2.024170 3.134766
vt 2.060059 3.150146
vt 2.814941 3.281982
vt 2.790039 3.283447
vt 2.783447 3.337402
vt 2.851318 3.291016
vt 2.821777 3.348633
vt 2.910400 3.325928
vt 2.868896 3.377686
vt 2.750000 3.215088
vt 2.728760 3.202148
vt 2.705566 3.215088
vt 2.750488 3.249023
vt 2.727539 3.251221
vt 2.773682 3.291992
vt 2.712158 3.281494
vt 2.706787 3.289551
vt 2.656982 3.273926
vt 2.648438 3.249268
vt 2.665283 3.208496
vt 2.814941 3.281982
vt 2.783447 3.337402
vt 2.790039 3.283447
vt 2.851318 3.291016
vt 2.821777 3.348633
vt 2.910400 3.325928
vt 2.868896 3.377686
vt 2.750000 3.215088
vt 2.705566 3.215088
vt 2.728760 3.202148
vt 2.750488 3.249023
vt 2.727539 3.251221
vt 2.773682 3.291992
vt 2.712158 3.281494
vt 2.706787 3.289551
vt 2.656982 3.273926
vt 2.648438 3.249268
vt 2.665283 3.208496
vt 2.177734 3.516846
vt 2.179199 3.460938
vt 2.130615 3.433594
vt 2.131104 3.516357
vt 2.058105 3.449707
vt 2.058105 3.513672
vt 2.012695 3.449707
vt 2.012695 3.513672
vt 2.058105 3.449707
vt 2.058105 3.513672
vt 2.130615 3.433594
vt 2.131104 3.516357
vt 2.179199 3.460938
vt 2.177734 3.516846
vt 2.223633 3.591797
vt 2.227539 3.536865
vt 2.077393 3.509521
vt 2.077881 3.576660
vt 2.038818 3.513672
vt 2.038818 3.573242
vt 2.077393 3.509521
vt 2.077881 3.576660
vt 2.227539 3.536865
vt 2.223633 3.591797
vt 2.008545 3.075439
vt 2.034180 3.074219
vt 2.014160 3.054688
vt 2.049805 3.110596
vt 2.056152 3.095947
vt 2.093994 3.127686
vt 2.066162 3.091309
vt 2.083984 3.079834
vt 2.061523 3.046875
vt 2.073730 3.030029
vt 2.043213 3.022217
vt 2.043701 3.056641
vt 2.019531 3.031494
vt 2.008545 3.075439
vt 2.014160 3.054688
vt 2.034180 3.074219
vt 2.049805 3.110596
vt 2.056152 3.095947
vt 2.093994 3.127686
vt 2.066162 3.091309
vt 2.083984 3.079834
vt 2.061523 3.046875
vt 2.073730 3.030029
vt 2.043213 3.022217
vt 2.043701 3.056641
vt 2.019531 3.031494
vt 2.618164 3.179199
vt 2.606201 3.211914
vt 2.600098 3.232910
vt 2.583740 3.222412
vt 2.581299 3.254395
vt 2.619873 3.261475
vt 2.623535 3.318115
vt 2.633545 3.284424
vt 2.660645 3.283203
vt 2.682129 3.291260
vt 2.674072 3.337158
vt 2.682129 3.291260
vt 2.660645 3.283203
vt 2.633545 3.284424
vt 2.619873 3.261475
vt 2.559082 3.276123
vt 2.561768 3.244141
vt 2.570312 3.208496
vt 2.575439 3.184082
vt 2.579834 3.168213
vt 2.531982 3.185547
vt 2.522705 3.214600
vt 2.547119 3.228760
vt 2.541748 3.260010
vt 2.581299 3.254395
vt 2.600098 3.232910
vt 2.606201 3.211914
vt 2.618164 3.179199
vt 2.575439 3.184082
vt 2.579834 3.168213
vt 2.531982 3.185547
vt 2.522705 3.214600
vt 2.570312 3.208496
vt 2.547119 3.228760
vt 2.515381 3.235352
vt 2.527100 3.245605
vt 2.561768 3.244141
vt 2.583740 3.222412
vt 2.586426 3.114014
vt 2.481201 3.164795
vt 2.478760 3.188965
vt 2.462891 3.203125
vt 2.478760 3.188965
vt 2.481201 3.164795
vt 2.444824 3.164795
vt 2.435303 3.168457
vt 2.444824 3.164795
vt 2.460693 3.148193
vt 2.435303 3.138672
vt 2.460693 3.148193
vt 2.485596 3.142578
vt 2.586426 3.114014
vt 2.619141 3.020996
vt 2.604248 3.053223
vt 2.570801 3.009033
vt 2.654053 3.054199
vt 2.620361 3.087891
vt 2.732422 3.103271
vt 2.681885 3.135986
vt 2.583984 3.103027
vt 2.485596 3.129395
vt 2.483887 3.108887
vt 2.460693 3.109131
vt 2.461426 3.125977
vt 2.463135 3.138916
vt 2.435303 3.120361
vt 2.461426 3.125977
vt 2.460693 3.109131
vt 2.485596 3.129395
vt 2.483887 3.108887
vt 2.583984 3.103027
vt 2.572754 3.092773
vt 2.596436 3.077881
vt 2.582275 3.078369
vt 2.570801 3.054688
vt 2.604248 3.053223
vt 2.570557 3.030273
vt 2.619141 3.020996
vt 2.570801 3.009033
vt 2.505859 3.047119
vt 2.510498 3.067383
vt 2.469238 3.052979
vt 2.471191 3.071045
vt 2.505859 3.047119
vt 2.510498 3.067383
vt 2.570557 3.030273
vt 2.570801 3.054688
vt 2.500977 3.019287
vt 2.458740 3.027832
vt 2.500977 3.019287
vt 2.572754 3.092773
vt 2.596436 3.077881
vt 2.582275 3.078369
vt 2.654053 3.054199
vt 2.620361 3.087891
vt 2.681885 3.135986
vt 2.732422 3.103271
vt 2.485596 3.142578
vt 2.463135 3.138916
vt 2.152588 3.764893
vt 2.152100 3.718994
vt 2.151123 3.671387
vt 2.781006 3.270264
vt 2.847168 3.270508
vt 2.783936 3.240967
vt 2.783936 3.240967
vt 2.857178 3.229248
vt 2.816895 3.229492
vt 2.799561 3.212646
vt 2.829834 3.211426
vt 2.863037 3.182373
vt 2.816406 3.177734
vt 2.826904 3.118652
vt 2.864502 3.126221
vt 2.908203 3.182129
vt 2.908203 3.229492
vt 2.908203 3.270020
vt 2.857178 3.229248
vt 2.816895 3.229492
vt 2.799561 3.212646
vt 2.829834 3.211426
vt 2.863037 3.182373
vt 2.816406 3.177734
vt 2.826904 3.118652
vt 2.864502 3.126221
vt 2.908203 3.182129
vt 2.908203 3.229492
vt 2.908203 3.126953
vt 2.865234 3.074951
vt 2.908203 3.077637
vt 2.865234 3.018799
vt 2.908203 3.020508
vt 2.865234 3.074951
vt 2.908203 3.077637
vt 2.908203 3.126953
vt 2.827637 3.063477
vt 2.765869 3.080322
vt 2.750000 3.052490
vt 2.827393 3.011475
vt 2.827637 3.063477
vt 2.765869 3.080322
vt 2.750000 3.052490
vt 2.760498 3.011475
vt 2.715332 3.011475
vt 2.716309 3.047607
vt 2.651367 3.034668
vt 2.639160 3.011230
vt 2.716309 3.047607
vt 2.651367 3.034668
vt 2.056641 3.656006
vt 2.041992 3.603760
vt 2.016602 3.586914
vt 2.016602 3.651367
vt 2.041992 3.603760
vt 2.056641 3.656006
vt 2.016602 3.679443
vt 2.054443 3.689209
vt 2.016602 3.704590
vt 2.056885 3.704834
vt 2.016602 3.768066
vt 2.050293 3.768555
vt 2.036621 3.784180
vt 2.016602 3.792725
vt 2.036621 3.784180
vt 2.050293 3.768555
vt 2.056885 3.704834
vt 2.054443 3.689209
vt 2.914307 3.182129
vt 2.914307 3.126953
vt 2.948975 3.126709
vt 2.949219 3.182373
vt 2.987061 3.126221
vt 2.987061 3.182373
vt 2.949219 3.229248
vt 2.914307 3.229492
vt 2.949219 3.270264
vt 2.914307 3.270020
vt 2.949219 3.229248
vt 2.914307 3.229492
vt 2.949219 3.182373
vt 2.914307 3.182129
vt 2.948975 3.126709
vt 2.914307 3.126953
vt 2.948975 3.076416
vt 2.914307 3.077637
vt 2.948975 3.019775
vt 2.914307 3.020508
vt 2.948975 3.076416
vt 2.914307 3.077637
vt 2.987061 3.074951
vt 2.987061 3.018799
vt 2.987061 3.074951
vt 2.987061 3.126221
vt 2.987061 3.182373
vt 2.987305 3.229248
vt 2.987549 3.270508
vt 2.987305 3.229248
vn -0.9575 0.2768 -0.0806
vn 0.3743 0.6433 -0.6679
vn -0.1610 0.0199 -0.9867
vn -0.1044 -0.2855 -0.9527
vn -0.4432 0.8213 -0.3592
vn 0.9981 0.0051 0.0606
vn -0.0263 0.9804 -0.1952
vn 0.3541 0.7137 -0.6043
vn 0.3700 0.6576 -0.6562
vn 0.5656 -0.0800 -0.8208
vn 0.8920 0.2381 -0.3842
vn 0.9688 0.1410 -0.2040
vn -0.6209 0.7219 0.3057
vn -0.1237 0.8652 0.4859
vn -0.4125 -0.1300 0.9016
vn 0.7414 0.0406 0.6698
vn -0.6486 0.1658 0.7429
vn -0.2478 -0.9534 0.1719
vn -0.7128 0.6220 -0.3239
vn -0.8991 0.3586 -0.2510
vn -0.2712 0.4560 -0.8476
vn -0.8859 -0.4083 -0.2199
vn -0.8689 -0.4930 -0.0440
vn 0.4684 -0.8488 0.2452
vn 0.9972 -0.0743 -0.0117
vn 0.3922 -0.6457 0.6552
vn -0.4289 -0.4776 -0.7667
vn -0.6626 -0.4210 -0.6194
vn -0.2749 -0.0968 -0.9566
vn -0.6661 0.7231 -0.1831
vn 0.0638 0.6917 -0.7193
vn 0.9904 0.0317 -0.1347
vn 0.4494 0.1903 -0.8728
vn -0.4719 -0.8799 0.0559
vn 0.6778 0.3368 -0.6536
vn -0.3203 -0.9136 -0.2507
vn -0.1251 0.6188 -0.7755
vn -0.2670 -0.9604 0.0791
vn -0.7643 0.3739 -0.5254
vn -0.2068 -0.9319 0.2979
vn -0.7315 0.4809 0.4835
vn 0.5457 -0.8373 0.0332
vn 0.0424 -0.4521 -0.8909
vn 0.9783 -0.2072 0.0012
vn 0.2378 -0.9197 0.3124
vn 0.9584 0.1584 -0.2376
vn 0.7004 0.2661 -0.6623
vn -0.3148 -0.9282 -0.1982
vn -0.2069 0.4990 -0.8415
vn -0.2280 -0.8963 0.3803
vn -0.7701 0.2211 -0.5985
vn -0.1797 -0.9432 0.2795
vn -0.1238 0.6038 0.7874
vn 0.9568 -0.1369 0.2564
vn -0.3310 -0.3427 0.8792
vn -0.0771 0.9859 -0.1482
vn 0.8386 0.0219 0.5442
vn -0.7096 -0.0820 0.6998
vn 0.8167 -0.4207 -0.3951
vn -0.1176 0.5527 0.8250
vn -0.2190 0.8687 -0.4442
vn -0.8801 -0.3909 -0.2693
vn 0.2527 0.8158 0.5203
vn 0.7981 -0.1071 -0.5930
vn -0.8476 -0.4483 0.2839
vn 0.2004 0.0250 0.9794
vn 0.5178 0.4458 0.7302
vn 0.8301 0.3908 0.3978
vn 0.0987 -0.7960 0.5973
vn 0.5044 0.5686 0.6498
vn 0.5298 0.6083 0.5910
vn 0.9399 0.1757 0.2929
vn 0.9477 -0.1944 0.2532
vn 0.5910 -0.7518 -0.2925
vn 0.4801 0.4928 -0.7257
vn 0.5397 0.7712 -0.3376
vn 0.0855 0.9536 -0.2886
vn -0.8116 0.0606 -0.5810
vn 0.8404 -0.2514 0.4802
vn -0.6108 -0.3305 -0.7195
vn 0.2351 -0.7745 0.5873
vn -0.0629 -0.8153 0.5756
vn -0.9242 -0.2625 0.2773
vn -0.9989 0.0069 0.0468
vn 0.8244 0.1012 -0.5570
vn 0.8684 0.0789 -0.4895
vn 0.7774 0.0180 -0.6287
vn 0.9052 0.1600 -0.3936
vn 0.0145 0.5691 -0.8222
vn 0.1146 -0.9863 0.1187
vn -0.2650 0.9508 -0.1606
vn -0.0489 -0.1772 -0.9830
vn 0.7883 0.0662 -0.6117
vn 0.5786 0.4211 0.6984
vn 0.7784 -0.0447 0.6262
vn -0.7053 -0.3051 -0.6398
vn 0.8066 0.2052 -0.5543
vn 0.3389 0.0684 -0.9383
vn 0.4337 0.4218 -0.7963
vn 0.4926 0.3789 -0.7834
vn 0.7757 -0.3447 -0.5287
vn 0.8881 0.2638 0.3765
vn -0.5792 -0.5676 0.5851
vn -0.5412 -0.6507 0.5327
vn 0.2206 -0.9705 -0.0969
vn 0.9921 0.0021 0.1254
vn -0.4142 -0.5937 -0.6899
vn 0.3083 -0.6522 0.6926
vn -0.6613 -0.5358 0.5250
vn -0.0190 -0.8920 -0.4517
vn -0.8416 0.3339 -0.4245
vn -0.1608 0.2753 -0.9478
vn -0.7973 0.5960 0.0953
vn 0.1774 0.8759 -0.4488
vn -0.8691 0.3822 0.3140
vn 0.2710 0.1758 -0.9464
vn 0.0040 0.5264 -0.8502
vn -0.0712 0.7835 -0.6173
vn -0.2873 0.6584 -0.6957
vn -0.1642 0.7876 -0.5939
vn 0.0008 0.8163 -0.5776
vn 0.1668 0.7882 -0.5923
vn 0.2979 0.6527 -0.6966
vn 0.0712 0.7835 -0.6173
vn 0.5899 0.8053 0.0591
vn 0.6881 0.2306 -0.6880
vn -0.5421 0.8007 0.2549
vn -0.6868 -0.7120 -0.1458
vn -0.1229 0.6969 -0.7065
vn -0.7178 -0.6656 0.2043
vn -0.6536 0.5778 -0.4888
vn -0.9074 -0.1053 0.4069
vn -0.9837 -0.1196 0.1342
vn -0.3473 -0.9339 -0.0853
vn 0.0560 -0.1880 -0.9806
vn 0.2441 0.9567 -0.1584
vn -0.1188 -0.9856 0.1202
vn -0.9932 0.0080 -0.1161
vn 0.1941 0.1439 0.9704
vn -0.6338 -0.0392 -0.7725
vn 0.4985 0.8668 -0.0103
vn 0.1157 -0.2207 -0.9685
vn 0.2472 0.8276 0.5040
vn 0.6673 0.7228 0.1799
vn -0.0459 0.5774 -0.8151
vn -0.7594 0.3244 -0.5640
vn -0.9117 0.1551 -0.3804
vn -0.7794 0.0102 -0.6264
vn -0.8684 0.0789 -0.4895
vn -0.3867 -0.9218 0.0270
vn 0.1888 -0.8286 -0.5270
vn 0.5413 -0.7863 -0.2978
vn -0.4970 0.3060 -0.8120
vn 0.3116 -0.5110 -0.8011
vn -0.9016 0.2650 0.3420
vn -0.0464 -0.5917 -0.8048
vn -0.9689 -0.0183 0.2467
vn -0.3967 0.0285 -0.9175
vn 0.5151 0.1913 0.8355
vn 0.7371 -0.5661 0.3690
vn 0.9023 -0.3940 0.1748
vn 0.9491 -0.2265 0.2191
vn 0.4745 -0.6964 0.5384
vn 0.4118 0.1421 -0.9001
vn -0.0743 0.2050 -0.9759
vn -0.7099 -0.6718 -0.2116
vn -0.5734 -0.2534 0.7791
vn -0.6610 -0.1269 0.7395
vn -0.2026 -0.1296 -0.9706
vn -0.5969 0.5672 0.5675
vn -0.0171 -0.5374 0.8432
vn -0.9950 0.0201 -0.0975
vn -0.6562 -0.6327 -0.4113
vn -0.3207 -0.1045 -0.9414
vn -0.2466 0.0875 -0.9652
vn 0.0000 0.1906 -0.9817
vn 0.2472 0.0913 -0.9646
vn 0.7161 0.6894 -0.1093
vn 0.8289 -0.2818 0.4832
vn -0.6799 0.2585 0.6863
vn -0.1312 0.9200 -0.3693
vn -0.1226 -0.0852 -0.9888
vn -0.7153 -0.1966 -0.6706
vn -0.9314 0.2525 -0.2621
vn -0.1436 -0.3552 -0.9237
vn 0.1378 0.9871 -0.0811
vn -0.4816 -0.1669 -0.8604
vn 0.8807 0.1457 0.4507
vn 0.4159 0.7869 -0.4558
vn -0.6984 -0.4901 -0.5215
vn 0.2036 0.2961 0.9332
vn -0.0330 -0.7266 0.6863
vn -0.0199 -0.3129 0.9496
vn -0.5931 0.8042 -0.0389
vn -0.9068 0.4187 -0.0501
vn -0.9755 -0.1103 -0.1903
vn -0.8026 0.1079 0.5867
vn -0.8363 -0.5328 0.1295
vn -0.9069 -0.3036 -0.2922
vn 0.1541 -0.2373 -0.9591
vn -0.5492 -0.5308 -0.6455
vn 0.8467 -0.2151 -0.4866
vn -0.5269 -0.8280 -0.1916
vn 0.6392 0.1031 -0.7621
vn 0.1752 -0.9811 0.0822
vn 0.2525 0.5465 -0.7985
vn 0.6020 -0.7509 -0.2715
vn -0.1113 0.6955 -0.7098
vn -0.2202 0.4606 -0.8599
vn 0.4345 -0.2727 0.8584
vn -0.7069 -0.4625 -0.5352
vn -0.9229 0.3695 -0.1080
vn -0.7425 0.6651 -0.0793
vn -0.6838 0.1266 0.7186
vn 0.1725 -0.9837 0.0505
vn -0.6300 -0.7343 0.2529
vn -0.3785 -0.3250 0.8666
vn -0.9733 -0.2264 -0.0376
vn 0.3115 -0.8071 0.5015
vn 0.0107 -0.5865 -0.8099
vn -0.8001 0.4244 -0.4238
vn 0.1935 0.9456 -0.2614
vn 0.0556 0.9880 0.1442
vn 0.4346 0.3473 0.8310
vn 0.9131 -0.1784 0.3667
vn 0.0237 -0.9884 -0.1502
vn 0.8118 -0.4816 0.3302
vn -0.8964 0.4015 -0.1879
vn 0.7722 0.5838 0.2508
vn -0.0077 -0.9723 -0.2335
vn -0.0753 0.9806 -0.1810
vn 0.9872 -0.1051 -0.1200
vn -0.0878 -0.6062 -0.7904
vn -0.3263 -0.9189 0.2217
vn -0.4121 0.5076 -0.7566
vn 0.0147 0.9609 -0.2764
vn -0.1277 0.8616 0.4912
vn 0.2304 0.1086 -0.9670
vn 0.2252 0.9114 0.3444
vn -0.9334 0.2062 -0.2936
vn -0.0685 0.9976 -0.0060
vn 0.9053 0.3760 -0.1978
vn -0.8622 0.5065 -0.0078
vn -0.4460 -0.4930 0.7470
vn -0.4803 0.8481 0.2238
vn -0.1527 0.5060 0.8489
vn 0.0553 0.5598 0.8268
vn 0.0511 0.9146 0.4012
vn 0.7249 -0.6760 -0.1329
vn -0.8580 -0.4776 0.1888
vn -0.9088 -0.2690 -0.3190
vn 0.8857 -0.2126 -0.4126
vn -0.5895 -0.6775 -0.4399
vn 0.8180 0.2415 -0.5220
vn 0.1046 -0.9327 -0.3452
vn 0.3579 0.7314 -0.5804
vn 0.7478 -0.5443 -0.3802
vn -0.2629 0.7448 -0.6133
vn 0.9507 0.1291 -0.2821
vn -0.8397 0.2855 -0.4619
vn 0.8133 0.5209 -0.2593
vn -0.8734 0.0017 -0.4871
vn 0.4687 0.8496 -0.2417
vn -0.7449 -0.4598 -0.4834
vn -0.1631 0.9518 -0.2597
vn -0.3322 -0.7996 -0.5003
vn 0.2281 0.0574 0.9719
vn 0.4639 -0.5454 0.6981
vn 0.0443 0.8558 -0.5154
vn 0.0327 0.2571 -0.9658
vn -0.1290 0.4935 0.8601
vn 0.1815 0.4322 -0.8833
vn -0.8074 0.0848 0.5839
vn -0.1771 0.3680 -0.9128
vn -0.6877 -0.6279 0.3645
vn -0.4258 0.2806 -0.8602
vn -0.2225 -0.8166 0.5327
vn -0.3589 -0.4210 -0.8330
vn 0.5227 -0.7208 0.4552
vn -0.1419 -0.6000 -0.7873
vn 0.7716 -0.1722 0.6124
vn -0.1177 -0.6708 -0.7322
vn 0.8027 0.2520 0.5405
vn 0.0428 -0.6872 -0.7252
vn 0.6357 0.7627 0.1191
vn 0.3589 -0.6985 -0.6191
vn 0.2169 0.9625 0.1629
vn 0.0827 0.7926 0.6042
vn -0.0655 0.3813 0.9221
vn 0.8264 0.1589 0.5402
vn 0.4108 0.7785 0.4746
vn 0.8377 -0.2166 0.5014
vn 0.5917 0.7482 0.3001
vn 0.5724 0.6365 -0.5169
vn 0.9384 -0.0010 -0.3455
vn -0.5110 0.6854 0.5189
vn 0.0834 0.7636 -0.6403
vn -0.6062 0.7202 0.3374
vn 0.0678 -0.3444 0.9364
vn -0.1921 0.9202 0.3412
vn -0.6359 0.6415 -0.4291
vn 0.0911 -0.8138 0.5740
vn -0.4294 -0.4612 -0.7764
vn 0.0415 -0.9763 -0.2122
vn -0.1387 0.3997 0.9061
vn -0.5672 -0.3423 0.7491
vn 0.5449 0.7852 0.2941
vn 0.7040 0.1912 0.6840
vn -0.6512 0.6657 0.3643
vn -0.2714 -0.9405 0.2045
vn -0.4101 0.6824 -0.6051
vn -0.9583 -0.0047 -0.2858
vn 0.2434 0.6762 -0.6953
vn 0.2819 0.4286 -0.8584
vn 0.8488 -0.4560 0.2675
vn 0.7100 -0.2154 0.6704
vn 0.9811 0.1725 0.0880
vn -0.4783 0.6057 -0.6359
vn -0.0887 0.6442 -0.7597
vn -0.4355 0.7538 -0.4921
vn -0.9564 0.2905 0.0312
vn -0.3034 -0.3616 -0.8816
vn -0.1277 -0.9463 -0.2969
vn 0.3257 0.4706 -0.8200
vn -0.0656 0.0251 -0.9975
vn 0.7329 0.1536 -0.6628
vn 0.9432 0.0390 -0.3300
vn 0.7772 0.1898 0.6000
vn 0.6866 -0.4222 0.5919
vn -0.2624 0.6462 0.7166
vn -0.4974 -0.0733 0.8644
vn 0.2749 0.8254 0.4931
vn -0.4443 -0.8725 -0.2035
vn -0.2312 -0.9725 -0.0285
vn -0.5581 -0.8236 0.1013
vn -0.1364 0.4630 -0.8758
vn 0.3860 0.7531 0.5328
vn 0.5896 -0.2585 0.7652
vn 0.3145 -0.6302 0.7099
vn 0.0000 -0.9307 0.3658
vn -0.3145 -0.6302 0.7099
vn -0.2253 -0.7647 -0.6037
vn 0.5070 -0.7127 0.4848
vn 0.8853 -0.4352 0.1639
vn 0.9089 0.4116 0.0668
vn 0.1900 0.9768 -0.0985
vn -0.5107 0.6005 -0.6153
vn 0.0632 -0.4008 -0.9140
vn 0.8477 -0.3810 -0.3691
vn -0.3219 -0.9214 -0.2177
vn -0.6738 -0.7333 -0.0907
vn 0.2575 -0.8945 -0.3654
vn 0.0531 -0.9591 0.2779
vn -0.8596 0.0397 0.5094
vn -0.9525 -0.1041 -0.2862
vn 0.9578 0.2870 0.0148
vn 0.6206 -0.5623 -0.5465
vn -0.5172 -0.0174 0.8557
vn 0.7350 -0.5491 0.3978
vn 0.6816 0.0820 0.7272
vn 0.8936 0.4457 -0.0527
vn 0.8859 0.4445 -0.1326
vn -0.8090 -0.2901 -0.5113
vn 0.7785 0.6010 0.1808
vn -0.5964 0.1962 -0.7783
vn 0.3115 0.6135 0.7256
vn -0.5962 0.3159 -0.7381
vn 0.5864 0.8004 -0.1249
vn 0.1052 0.5022 -0.8583
vn 0.2827 0.8755 0.3918
vn 0.7657 0.4204 -0.4869
vn 0.1173 0.8179 0.5633
vn 0.6500 0.5963 0.4711
vn -0.8811 0.4690 -0.0603
vn 0.8457 0.0748 0.5283
vn -0.9386 0.2487 -0.2393
vn 0.5479 0.6766 -0.4919
vn -0.6303 0.7380 0.2411
vn -0.3342 0.9103 0.2442
vn -0.5583 -0.2405 0.7940
vn -0.6816 0.0820 0.7272
vn -0.8794 0.3316 -0.3416
vn -0.9351 0.3452 0.0801
vn -0.9578 0.2870 0.0148
vn 0.9883 0.0582 -0.1412
vn 0.3553 -0.7917 0.4969
vn 0.9013 0.0855 0.4247
vn -0.1684 -0.9561 -0.2400
vn -0.1970 -0.9544 0.2245
vn 0.5286 -0.5788 -0.6209
vn 0.5391 0.7987 -0.2674
vn -0.2940 0.7460 -0.5975
vn -0.5422 0.8018 -0.2510
vn -0.8533 0.2072 0.4786
vn -0.8924 0.4335 0.1256
vn -0.0294 -0.6704 -0.7414
vn 0.3097 -0.1386 -0.9407
vn 0.1214 -0.9487 0.2918
vn 0.9994 -0.0317 0.0159
vn 0.7478 0.5498 -0.3721
vn -0.4838 -0.8633 -0.1441
vn 0.7705 0.1541 -0.6186
vn -0.3832 -0.9174 -0.1073
vn -0.1406 0.3215 -0.9364
vn -0.2532 -0.8819 0.3977
vn -0.8404 0.1308 -0.5259
vn -0.1609 -0.8870 0.4329
vn -0.7153 0.6372 0.2869
vn 0.3879 -0.7841 0.4845
vn -0.0473 0.8203 0.5700
vn 0.9753 0.1938 0.1060
vn -0.1069 -0.9487 0.2974
vn 0.9726 -0.1898 -0.1344
vn 0.7541 -0.1508 -0.6392
vn -0.5064 -0.8493 0.1492
vn -0.1200 0.0616 -0.9909
vn -0.3127 -0.7414 0.5937
vn -0.8190 -0.1162 -0.5619
vn 0.0212 -0.7547 0.6558
vn -0.2775 0.7026 0.6553
vn 0.9440 0.2708 0.1886
vn -0.5511 0.8335 0.0393
vn -0.8783 0.1345 -0.4589
vn -0.2897 0.3720 -0.8819
vn 0.1330 0.6820 0.7191
vn -0.0450 0.5010 -0.8643
vn 0.1992 0.3783 0.9040
vn 0.1800 0.5454 -0.8186
vn 0.3423 0.1179 0.9322
vn 0.4917 0.4025 -0.7721
vn 0.2378 -0.2391 0.9414
vn 0.4839 -0.0212 -0.8748
vn 0.1048 -0.4012 0.9100
vn 0.0678 0.9536 0.2932
vn -0.9203 0.3145 0.2326
vn -0.2766 0.9536 0.1190
vn -0.8155 0.3721 -0.4434
vn -0.1895 0.5249 -0.8298
vn 0.2936 0.3473 0.8906
vn 0.0608 0.8128 -0.5793
vn 0.3295 0.2108 0.9203
vn 0.5538 0.2385 -0.7977
vn 0.2573 -0.1984 0.9458
vn -0.3138 0.9473 0.0652
vn -0.9224 0.0851 0.3767
vn 0.0649 0.9616 0.2666
vn -0.8510 0.4454 -0.2784
vn -0.4064 0.5869 -0.7003
vn 0.5249 0.3088 0.7932
vn 0.0321 0.9716 -0.2344
vn 0.3042 -0.1591 0.9392
vn 0.6698 0.4359 -0.6011
vn 0.2487 -0.3369 0.9081
vn 0.1808 -0.6698 -0.7202
vn -0.9497 -0.2661 0.1651
vn -0.2096 0.9105 0.3564
vn -0.8518 0.3821 -0.3582
vn -0.3242 0.5874 -0.7416
vn 0.3672 0.2989 0.8808
vn 0.0530 0.9132 -0.4041
vn 0.3222 -0.0053 0.9466
vn 0.6432 0.3632 -0.6741
vn 0.1538 -0.2441 0.9575
vn -0.2549 0.9488 0.1868
vn -0.9347 -0.0466 0.3525
vn 0.7052 -0.4396 -0.5562
vn 0.0016 0.3556 -0.9346
vn -0.0278 0.2937 -0.9555
vn 0.5803 0.6406 0.5030
vn 0.4127 -0.9092 -0.0560
vn -0.0153 -0.8747 0.4844
vn 0.8896 0.4487 -0.0858
vn 0.8948 0.1320 -0.4264
vn 0.6955 0.2286 0.6812
vn 0.1937 0.8489 0.4917
vn 0.1921 0.9202 0.3412
vn -0.3988 -0.8576 0.3248
vn -0.8218 -0.3707 0.4326
vn -0.7076 -0.6000 0.3732
vn -0.0415 -0.9763 -0.2122
vn -0.8564 0.4275 -0.2896
vn 0.0396 -0.9559 0.2911
vn 0.8503 -0.4369 -0.2935
vn 0.1353 -0.2466 -0.9596
vn 0.3005 -0.7481 -0.5917
vn -0.1263 0.9736 -0.1902
vn -0.9612 -0.0533 -0.2707
vn -0.3164 0.6988 -0.6415
vn -0.2073 0.1924 -0.9592
vn -0.7170 -0.5704 -0.4007
vn 0.0077 0.3900 -0.9208
vn -0.0087 -0.0315 0.9995
vn -0.6365 0.7378 -0.2250
vn -0.1991 -0.1616 -0.9666
vn 0.0603 0.0777 -0.9952
vn -0.7536 0.2140 -0.6215
vn -0.6132 0.6165 -0.4939
vn -0.0050 0.7861 -0.6181
vn 0.5991 0.7004 -0.3880
vn 0.1883 -0.0755 -0.9792
vn -0.5933 -0.3710 -0.7144
vn -0.2048 0.2002 -0.9581
vn -0.7197 -0.0526 -0.6923
vn 0.1743 -0.1592 0.9717
vn -0.7178 -0.5480 -0.4295
vn -0.2604 0.6349 -0.7274
vn -0.9950 -0.0145 -0.0985
vn -0.6935 0.5405 0.4764
vn -0.0453 0.0796 0.9958
vn -0.0950 0.0378 0.9948
vn -0.0101 -0.2927 0.9562
vn 0.1393 -0.0551 0.9887
vn 0.8362 -0.5131 -0.1935
vn 0.5224 0.2963 -0.7995
vn 0.5458 -0.2272 -0.8065
vn 0.7378 0.5402 0.4047
vn 0.4023 -0.3473 0.8470
vn -0.8108 -0.4988 0.3062
vn -0.4965 0.1663 0.8520
vn -0.2166 0.3512 0.9109
vn -0.8736 0.3914 0.2891
vn 0.0714 0.5978 0.7984
vn -0.8598 0.0611 0.5069
vn 0.2948 0.5975 0.7457
vn -0.6915 0.7224 -0.0010
vn 0.2084 0.6921 0.6910
vn -0.7405 0.5678 -0.3595
vn -0.0608 0.8933 0.4454
vn -0.7034 0.3454 -0.6213
vn -0.1041 0.9892 -0.1033
vn -0.8227 0.0206 -0.5681
vn -0.1024 0.8776 -0.4682
vn -0.9853 0.1639 -0.0484
vn -0.1504 0.7459 -0.6488
vn -0.8157 0.4876 0.3112
vn -0.4062 0.4072 -0.8180
vn -0.7153 0.6285 -0.3054
vn 0.7265 0.2209 -0.6507
vn 0.5337 -0.7099 0.4595
vn 0.8774 -0.4538 -0.1554
vn 0.7827 -0.0206 -0.6220
vn 0.7592 0.1615 -0.6305
vn 0.3732 0.6235 0.6870
vn -0.0262 0.2921 0.9560
vn -0.0680 -0.2518 0.9654
vn 0.0466 -0.7497 0.6602
vn -0.4270 -0.7415 0.5176
vn 0.7063 -0.6680 0.2342
vn -0.4924 0.4696 0.7328
vn -0.4420 0.3304 0.8340
vn -0.2515 0.8588 -0.4463
vn -0.4171 0.6722 -0.6118
vn -0.3495 0.1082 -0.9307
vn -0.3011 -0.3890 -0.8707
vn -0.4384 -0.8192 -0.3697
vn 0.7210 -0.6138 0.3215
vn 0.8234 -0.3393 0.4548
vn 0.5913 -0.8057 -0.0340
vn 0.4544 -0.6970 -0.5547
vn 0.6179 0.1429 0.7732
vn -0.2852 0.2790 -0.9169
vn 0.4576 -0.8461 -0.2734
vn -0.6782 0.7347 0.0183
vn 0.1984 0.6462 -0.7370
vn -0.4601 0.7170 0.5236
vn -0.4142 0.7177 -0.5598
vn -0.4167 0.6550 0.6303
vn -0.2128 0.8627 -0.4588
vn -0.3399 0.6891 0.6400
vn -0.2075 0.7885 -0.5789
vn -0.0602 0.9329 0.3550
vn -0.2775 0.3293 -0.9025
vn 0.0644 0.9874 -0.1444
vn -0.2874 -0.1551 -0.9452
vn 0.1167 0.8844 -0.4519
vn -0.5488 -0.0803 -0.8321
vn 0.1383 0.7570 -0.6386
vn -0.7619 0.1216 -0.6362
vn 0.3972 0.4131 -0.8195
vn -0.1052 -0.4732 0.8746
vn 0.3672 -0.3036 0.8792
vn 0.8889 0.2499 0.3838
vn 0.5941 -0.6466 0.4786
vn 0.7153 0.6285 -0.3054
vn 0.9045 0.3829 0.1880
vn -0.3240 0.6150 0.7189
vn -0.6249 0.1394 0.7682
vn -0.6049 -0.2794 0.7457
vn -0.6775 -0.5831 0.4483
vn -0.8429 -0.3386 -0.4181
vn -0.8274 -0.5127 0.2293
vn -0.8124 -0.5052 0.2910
vn -0.5452 0.8151 -0.1959
vn -0.4114 0.9110 -0.0295
vn 0.3819 0.8949 0.2307
vn 0.3337 0.4022 -0.8526
vn 0.1666 0.6093 -0.7753
vn 0.2850 -0.0666 -0.9562
vn 0.3169 -0.3828 -0.8678
vn 0.0532 -0.8641 -0.5004
vn 0.4273 -0.4262 0.7973
vn 0.2959 -0.1923 0.9357
vn 0.6545 -0.6680 0.3543
vn 0.7549 -0.6457 0.1150
vn 0.7082 -0.5862 0.3935
vn -0.6717 -0.0266 0.7403
vn -0.6375 0.6058 0.4760
vn -0.8751 -0.1940 0.4433
vn -0.8714 -0.0002 0.4905
vn 0.0086 0.9673 -0.2535
vn -0.1193 0.6954 0.7086
vn 0.1711 -0.4299 -0.8865
vn 0.5690 0.7877 -0.2359
vn -0.2335 0.9592 0.1594
vn 0.7968 -0.5943 0.1089
vn -0.1129 -0.8773 0.4664
vn -0.4423 -0.7881 0.4280
vn 0.5071 -0.8575 -0.0871
vn -0.5233 -0.8371 -0.1592
vn -0.2090 -0.8261 -0.5234
vn 0.9463 -0.1793 -0.2690
vn -0.0711 0.3871 0.9193
vn 0.3452 -0.6716 -0.6556
vn 0.9805 0.1406 -0.1373
vn 0.0431 -0.9948 -0.0928
vn 0.9149 -0.4008 -0.0483
vn 0.9389 -0.3119 0.1457
vn 0.5493 -0.5509 0.6283
vn -0.0853 0.7740 -0.6274
vn 0.8802 -0.0793 -0.4679
vn 0.8316 -0.0699 -0.5510
vn -0.6790 0.5875 0.4403
vn 0.6513 -0.0244 -0.7584
vn -0.4261 0.9035 -0.0461
vn 0.8488 0.2459 -0.4680
vn -0.8804 -0.4307 -0.1983
vn -0.8866 -0.4436 0.1308
vn 0.5101 -0.8202 0.2591
vn 0.9976 -0.0680 -0.0145
vn 0.3868 -0.6729 0.6305
vn -0.4398 -0.4391 -0.7834
vn -0.6644 -0.4101 -0.6249
vn -0.1791 -0.0687 -0.9814
vn 0.9765 -0.0418 0.2116
vn -0.5735 0.5848 0.5736
vn -0.1531 -0.2130 0.9650
vn 0.1676 0.5301 0.8312
vn -0.2608 0.8102 -0.5249
vn 0.0974 -0.0934 0.9909
vn -0.2378 -0.5969 -0.7663
vn 0.3813 -0.9113 0.1555
vn -0.5826 0.7656 0.2729
vn -0.1224 0.8639 0.4885
vn -0.5115 -0.2312 0.8276
vn 0.7416 0.0395 0.6696
vn -0.6390 0.1151 0.7605
vn -0.2222 -0.9631 0.1521
vn -0.7136 0.6283 -0.3099
vn -0.9083 0.3912 -0.1482
vn -0.7410 0.1885 -0.6445
vn -0.0652 0.7908 -0.6087
vn 0.9540 0.0079 -0.2996
vn 0.6884 0.7211 0.0778
vn -0.5621 -0.8267 0.0256
vn 0.7336 0.2336 -0.6382
vn -0.4096 -0.9120 -0.0217
vn -0.0883 0.2857 -0.9542
vn -0.2917 -0.8994 0.3255
vn -0.8396 0.1997 -0.5051
vn -0.0011 -0.8938 0.4485
vn -0.2896 -0.2971 -0.9099
vn 0.6689 -0.5302 -0.5210
vn 0.1834 -0.6338 -0.7515
vn 0.9723 -0.1052 0.2088
vn 0.2158 -0.9353 0.2803
vn 0.9722 0.0474 -0.2292
vn 0.7091 0.0589 -0.7027
vn -0.3469 -0.9355 -0.0674
vn -0.1940 0.3374 -0.9212
vn -0.2560 -0.8290 0.4973
vn -0.7644 0.0940 -0.6378
vn -0.2314 -0.8726 0.4302
vn -0.2929 0.7190 0.6303
vn 0.9223 0.1448 0.3584
vn 0.5448 0.4164 0.7279
vn 0.1379 -0.9630 -0.2315
vn 0.5012 0.5887 0.6343
vn 0.5252 0.6103 0.5931
vn 0.9417 0.1729 0.2887
vn 0.9512 -0.1892 0.2438
vn 0.5995 -0.7442 -0.2945
vn 0.4623 0.4920 -0.7377
vn 0.4597 0.8484 -0.2625
vn 0.0822 0.9529 -0.2920
vn -0.3345 -0.3223 0.8856
vn 0.2981 0.9545 -0.0052
vn -0.6928 -0.0586 0.7187
vn 0.8184 -0.4190 -0.3933
vn -0.1159 0.5539 0.8244
vn -0.2135 0.8684 -0.4476
vn -0.9018 -0.3564 -0.2443
vn 0.2449 0.7938 0.5567
vn 0.7886 -0.1899 -0.5848
vn -0.8495 -0.4444 0.2844
vn 0.9278 0.1703 -0.3319
vn 0.7595 0.5947 -0.2635
vn 0.4436 0.8377 -0.3186
vn 0.8833 -0.2517 -0.3956
vn 0.8887 0.4528 0.0722
vn 0.3838 0.1958 -0.9024
vn -0.0042 0.5091 -0.8607
vn -0.2979 0.6527 -0.6966
vn -0.1668 0.7882 -0.5923
vn -0.0008 0.8163 -0.5776
vn 0.1642 0.7876 -0.5939
vn 0.2873 0.6584 -0.6957
vn 0.0315 0.2260 -0.9736
vn -0.0765 0.4137 -0.9072
vn -0.7160 0.1318 -0.6855
vn 0.6262 -0.5302 -0.5717
vn 0.6364 0.0146 0.7712
vn 0.8507 -0.2281 0.4735
vn 0.3613 0.8197 -0.4445
vn -0.6645 0.7378 -0.1183
vn 0.9211 0.3894 -0.0048
vn 0.8444 0.3870 0.3704
vn 0.8704 0.1471 0.4699
vn 0.9554 -0.2691 0.1214
vn 0.8499 0.4883 0.1981
vn 0.7707 -0.1587 -0.6171
vn 0.5603 0.0843 -0.8240
vn 0.3702 0.0696 -0.9264
vn -0.7824 0.1009 -0.6145
vn -0.2059 0.9271 -0.3132
vn -0.9687 -0.1973 -0.1508
vn -0.8998 -0.2633 -0.3480
vn -0.9959 -0.0404 -0.0809
vn 0.8239 0.0599 0.5635
vn 0.8453 0.5170 -0.1351
vn 0.6562 -0.7265 -0.2040
vn 0.2991 -0.0301 -0.9537
vn 0.4977 0.7705 -0.3983
vn -0.0209 0.4104 -0.9117
vn 0.0705 -0.2399 -0.9682
vn 0.8279 -0.5228 -0.2030
vn 0.8564 -0.1499 -0.4940
vn 0.9947 -0.0955 -0.0380
vn 0.9977 0.0673 -0.0064
vn 0.4694 -0.8805 0.0662
vn -0.0004 -0.9999 0.0169
vn -0.6109 0.0467 -0.7903
vn -0.8651 0.3186 -0.3874
vn -0.7504 -0.6175 -0.2357
vn 0.1938 -0.5696 -0.7987
vn 0.2478 -0.2272 0.9418
vn 0.7945 0.2112 0.5693
vn 0.0268 0.3910 -0.9200
vn -0.2459 -0.0306 0.9688
vn -0.0592 0.1410 -0.9882
vn -0.5600 0.7213 -0.4076
vn -0.7653 0.0114 -0.6436
vn -0.8884 -0.0793 -0.4521
vn -0.6630 0.6644 0.3448
vn -0.8260 -0.5039 0.2526
vn -0.1638 -0.0366 -0.9858
vn -0.9536 -0.1405 -0.2664
vn -0.1127 0.5330 -0.8386
vn 0.3179 -0.0494 -0.9469
vn 0.6075 0.3412 -0.7173
vn -0.1226 0.8195 0.5598
vn -0.1368 0.9888 -0.0600
vn 0.0372 0.9158 0.3999
vn 0.5468 0.7907 0.2754
vn 0.9690 0.1281 -0.2113
vn 0.4280 0.7544 0.4976
vn 0.9236 0.2927 0.2475
vn 0.2250 0.6105 0.7594
vn 0.7110 -0.6251 -0.3220
vn 0.1831 -0.0113 0.9830
vn 0.8519 -0.4881 -0.1897
vn 0.0509 -0.4289 0.9019
vn -0.4936 -0.8188 -0.2933
vn 0.9482 -0.2337 -0.2151
vn -0.9084 0.2479 0.3368
vn 0.3201 0.9328 -0.1654
vn 0.3660 0.2995 -0.8811
vn 0.6775 0.3684 -0.6366
vn 0.8491 0.4623 -0.2556
vn 0.6581 0.4179 -0.6263
vn -0.5696 0.8212 -0.0342
vn 0.2099 0.5840 -0.7841
vn -0.0837 0.3089 -0.9474
vn -0.5817 0.4396 -0.6844
vn -0.8283 0.3376 -0.4471
vn -0.5187 0.7757 -0.3595
vn 0.5359 -0.8045 -0.2562
vn -0.8642 0.4938 0.0966
vn 0.8862 -0.0023 0.4633
vn 0.1748 0.7428 -0.6463
vn -0.6717 0.3611 -0.6469
vn 0.5905 0.8054 0.0508
vn 0.0699 0.1918 -0.9790
vn 0.2580 0.7546 0.6033
vn 0.7478 0.3580 0.5592
vn 0.5757 -0.7647 -0.2896
vn -0.8559 -0.3165 -0.4089
vn -0.1247 0.2017 -0.9715
vn 0.5201 0.8505 0.0780
vn 0.2503 -0.0360 0.9675
vn 0.9721 -0.2271 -0.0583
vn 0.9536 -0.1405 -0.2664
vn 0.8260 -0.5040 0.2526
vn 0.6630 0.6644 0.3449
vn 0.8884 -0.0793 -0.4521
vn -0.1438 0.7630 -0.6302
vn -0.2498 0.0768 -0.9652
vn -0.3580 0.6343 -0.6852
vn -0.7807 -0.1031 0.6163
vn 0.7526 0.2288 -0.6175
vn -0.1733 -0.7985 -0.5766
vn -0.5838 -0.2695 0.7659
vn -0.5922 0.5504 0.5885
vn 0.0273 -0.5398 0.8414
vn -0.2181 -0.1186 -0.9687
vn -0.5098 -0.8016 0.3122
vn 0.3453 -0.3667 0.8639
vn 0.0136 -0.1071 0.9942
vn -0.5175 0.0906 0.8509
vn -0.4591 -0.2824 0.8423
vn 0.0000 -0.5692 0.8222
vn 0.4532 -0.2835 0.8452
vn -0.3512 -0.3992 0.8469
vn -0.8437 -0.3233 0.4286
vn -0.6708 0.2648 0.6928
vn -0.3798 -0.8026 -0.4600
vn -0.6156 0.4086 -0.6738
vn -0.9089 0.3830 -0.1652
vn -0.9778 -0.2095 0.0023
vn -0.8761 -0.0349 0.4809
vn -0.8315 -0.4748 0.2884
vn -0.8112 -0.2920 0.5066
vn 0.1832 -0.4016 -0.8973
vn -0.3275 0.0633 0.9427
vn -0.4083 0.1439 -0.9014
vn 0.0868 0.9699 -0.2274
vn -0.0609 0.9470 -0.3154
vn 0.4837 0.6576 -0.5776
vn -0.4248 -0.8244 -0.3740
vn -0.7416 -0.2279 -0.6310
vn -0.9470 0.2627 -0.1849
vn -0.9714 0.0261 0.2360
vn 0.1585 0.9870 0.0281
vn -0.3581 -0.1971 -0.9126
vn 0.2441 0.5244 0.8158
vn -0.6058 0.2365 -0.7596
vn 0.4113 0.0298 -0.9110
vn 0.3906 0.2070 0.8970
vn 0.6023 -0.4342 -0.6698
vn 0.5165 0.0498 0.8548
vn 0.1200 -0.7862 -0.6062
vn 0.3423 -0.1588 0.9261
vn -0.3798 -0.6578 -0.6504
vn 0.2416 -0.5515 -0.7984
vn 0.1729 0.3035 -0.9370
vn -0.5865 -0.7973 -0.1426
vn -0.9455 -0.1265 -0.3000
vn -0.5821 -0.8113 0.0535
vn 0.8429 -0.5321 0.0801
vn 0.4375 0.0596 -0.8973
vn 0.3233 0.7897 -0.5214
vn -0.7212 0.6925 0.0162
vn -0.9226 0.3809 0.0606
vn -0.6850 -0.4745 0.5529
vn -0.9896 0.1411 0.0290
vn -0.0190 -0.9418 -0.3357
vn -0.3934 -0.9130 0.1081
vn 0.0191 -0.9716 -0.2359
vn 0.4698 -0.6834 0.5588
vn -0.8561 -0.4733 0.2076
vn 0.0680 0.9801 0.1864
vn 0.5350 0.7557 0.3778
vn 0.1398 0.9222 -0.3606
vn 0.0873 -0.7187 -0.6898
vn -0.1310 0.5928 -0.7946
vn -0.8501 -0.5054 -0.1482
vn -0.7477 0.5016 -0.4350
vn 0.2979 0.5705 0.7654
vn -0.8750 -0.3247 0.3590
vn 0.7314 0.4935 0.4707
vn 0.5493 0.7902 -0.2717
vn 0.1808 0.4516 0.8737
vn 0.9282 0.2811 -0.2439
vn 0.5373 0.7959 -0.2791
vn -0.4984 0.5108 0.7005
vn -0.7171 -0.5122 -0.4727
vn -0.1463 0.9539 -0.2622
vn -0.3547 -0.8001 -0.4837
vn -0.7593 0.6028 -0.2452
vn 0.2411 -0.8732 -0.4236
vn -0.9579 0.0969 -0.2704
vn 0.6351 -0.6789 -0.3684
vn -0.8861 -0.2439 -0.3941
vn 0.9087 -0.1882 -0.3726
vn -0.5811 -0.6524 -0.4865
vn 0.8248 0.2467 -0.5088
vn 0.1009 -0.9284 -0.3577
vn 0.3736 0.7271 -0.5759
vn -0.1132 -0.0051 0.9936
vn -0.4701 0.5356 0.7015
vn -0.6365 -0.5472 -0.5435
vn -0.4906 0.1874 0.8510
vn -0.0704 -0.9972 0.0269
vn -0.4776 0.2965 0.8270
vn -0.7983 -0.6012 -0.0351
vn -0.0274 0.5668 0.8234
vn -0.9860 0.0945 -0.1373
vn 0.5436 0.3402 0.7673
vn -0.8401 0.4941 -0.2240
vn 0.5193 0.1365 0.8436
vn -0.4229 0.7616 -0.4911
vn 0.3987 0.1625 0.9026
vn 0.1392 0.7458 -0.6515
vn 0.3943 0.1084 0.9126
vn 0.5065 0.2533 0.8242
usemtl MAT_cerebus1
s 1
f 1056/1373/1377 1166/1374/1378 1128/1375/1379
f 1166/1374/1378 1056/1373/1377 1127/1376/1380
f 1166/1374/1378 1127/1376/1380 1057/1377/1381
f 1057/1377/1381 1168/1378/1382 1166/1374/1378
f 1168/1378/1382 1057/1377/1381 1058/1379/1383
f 1058/1379/1383 1060/1380/1384 1168/1378/1382
f 1060/1380/1384 1058/1379/1383 1059/1381/1385
f 1060/1380/1384 1059/1381/1385 1123/1382/1386
f 1060/1380/1384 1123/1382/1386 1061/1383/1387
f 1061/1383/1387 1170/1384/1388 1060/1380/1384
f 1067/1385/1389 1062/1386/1390 1158/1387/1391
f 1062/1386/1390 1067/1385/1389 1066/1388/1392
f 1066/1388/1392 1063/1389/1393 1062/1386/1390
f 1063/1389/1393 1066/1388/1392 1064/1390/1394
f 1064/1390/1394 1065/1391/1395 1063/1389/1393
f 1065/1391/1395 1064/1390/1394 1066/1392/1392
f 1065/1391/1395 1066/1392/1392 1067/1393/1389
f 1065/1391/1395 1067/1393/1389 1068/1394/1396
f 1065/1391/1395 1068/1394/1396 1158/1395/1397
f 1158/1395/1397 1063/1389/1393 1065/1391/1395
f 1063/1389/1393 1158/1395/1397 1062/1386/1390
f 1185/1396/1398 1073/1397/1399 1069/1398/1400
f 1069/1398/1400 1070/1399/1401 1185/1396/1398
f 1070/1399/1401 1069/1398/1400 1074/1400/1402
f 1074/1400/1402 1071/1401/1403 1070/1399/1401
f 1071/1401/1403 1074/1400/1402 1072/1402/1404
f 1072/1402/1404 1070/1403/1401 1071/1401/1403
f 1072/1402/1404 1185/1404/1398 1070/1403/1401
f 1072/1402/1404 1113/1405/1405 1185/1404/1398
f 1072/1402/1404 1073/1406/1406 1113/1405/1405
f 1073/1406/1406 1072/1402/1404 1074/1400/1402
f 1074/1400/1402 1069/1398/1400 1073/1406/1406
f 1075/1407/1407 1076/1408/1408 1077/1409/1409
f 1077/1409/1409 1078/1410/1410 1075/1407/1407
f 1078/1410/1410 1077/1409/1409 1079/1411/1411
f 1079/1411/1411 1080/1412/1412 1078/1410/1410
f 1080/1412/1412 1079/1411/1411 1081/1413/1413
f 1081/1413/1413 1082/1414/1414 1080/1412/1412
f 1082/1414/1414 1081/1413/1413 1083/1415/1415
f 1083/1415/1415 1084/1416/1416 1082/1414/1414
f 1084/1416/1416 1083/1415/1415 1085/1417/1417
f 1085/1417/1417 1087/1418/1418 1084/1416/1416
f 1087/1418/1418 1085/1417/1417 1086/1419/1419
f 1086/1419/1419 1088/1420/1420 1087/1418/1418
f 1089/1421/1421 1090/1422/1422 1091/1423/1423
f 1091/1423/1423 1092/1424/1424 1089/1421/1421
f 1092/1424/1424 1091/1423/1423 1093/1425/1425
f 1093/1425/1425 1094/1426/1426 1092/1424/1424
f 1094/1426/1426 1093/1425/1425 1095/1427/1427
f 1095/1427/1427 1096/1428/1428 1094/1426/1426
f 1096/1428/1428 1095/1427/1427 1097/1429/1429
f 1097/1429/1429 1098/1430/1430 1096/1428/1428
f 1192/1431/1431 1183/1432/1432 1139/1433/1433
f 1139/1433/1433 1100/1434/1434 1192/1431/1431
f 1100/1434/1434 1139/1433/1433 1140/1435/1435
f 1140/1435/1435 1099/1436/1436 1100/1434/1434
f 1099/1436/1436 1140/1435/1435 1103/1437/1437
f 1103/1437/1437 1100/1438/1434 1099/1436/1436
f 1100/1438/1434 1103/1437/1437 1101/1439/1438
f 1101/1439/1438 1192/1440/1431 1100/1438/1434
f 1101/1439/1438 1068/1441/1396 1192/1440/1431
f 1068/1441/1396 1101/1439/1438 1102/1442/1439
f 1102/1442/1439 1137/1443/1440 1068/1441/1396
f 1102/1442/1439 1183/1432/1441 1137/1443/1440
f 1102/1442/1439 1139/1433/1442 1183/1432/1441
f 1102/1442/1439 1103/1437/1437 1139/1433/1442
f 1103/1437/1437 1102/1442/1439 1101/1439/1438
f 1140/1435/1435 1139/1433/1442 1103/1437/1437
f 1106/1444/1443 1110/1445/1444 1143/1446/1445
f 1110/1445/1444 1106/1444/1443 1105/1447/1446
f 1105/1447/1446 1142/1448/1447 1110/1445/1444
f 1142/1448/1447 1105/1447/1446 1104/1449/1448
f 1104/1449/1448 1111/1450/1449 1142/1448/1447
f 1111/1450/1449 1104/1449/1448 1105/1451/1446
f 1105/1451/1446 1107/1452/1450 1111/1450/1449
f 1107/1452/1450 1105/1451/1446 1106/1453/1443
f 1107/1452/1450 1106/1453/1443 1113/1454/1405
f 1113/1454/1405 1109/1455/1451 1107/1452/1450
f 1109/1455/1451 1113/1454/1405 1108/1456/1452
f 1109/1455/1451 1108/1456/1452 1143/1446/1453
f 1109/1455/1451 1143/1446/1453 1110/1445/1454
f 1109/1455/1451 1110/1445/1454 1111/1450/1449
f 1111/1450/1449 1107/1452/1450 1109/1455/1451
f 1142/1448/1447 1111/1450/1449 1110/1445/1454
f 1124/1457/1455 1144/1458/1456 1108/1459/1452
f 1108/1459/1452 1112/1460/1457 1124/1457/1455
f 1112/1460/1457 1108/1459/1452 1113/1405/1405
f 1113/1405/1405 1122/1461/1458 1112/1460/1457
f 1122/1461/1458 1113/1405/1405 1073/1406/1406
f 1073/1406/1406 1118/1462/1459 1122/1461/1458
f 1073/1406/1406 1114/1463/1460 1118/1462/1459
f 1114/1463/1461 1073/1406/1462 1069/1398/1463
f 1114/1463/1461 1069/1398/1463 1115/1464/1464
f 1114/1463/1461 1115/1464/1464 1116/1465/1465
f 1116/1465/1465 1118/1462/1466 1114/1463/1461
f 1118/1462/1466 1116/1465/1465 1145/1466/1467
f 1145/1466/1467 1203/1467/1468 1118/1462/1466
f 1203/1467/1468 1145/1466/1467 1211/1468/1469
f 1203/1467/1470 1211/1468/1471 1227/1469/1472
f 1227/1469/1472 1118/1462/1459 1203/1467/1470
f 1227/1469/1472 1117/1470/1473 1118/1462/1459
f 1117/1470/1473 1227/1469/1472 1226/1471/1474
f 1117/1470/1473 1226/1471/1474 1159/1472/1475
f 1159/1472/1475 1118/1462/1459 1117/1470/1473
f 1159/1472/1475 1120/1473/1476 1118/1462/1459
f 1120/1473/1476 1159/1472/1475 1119/1474/1477
f 1120/1473/1476 1119/1474/1477 1170/1384/1388
f 1120/1473/1476 1170/1384/1388 1061/1383/1387
f 1120/1473/1476 1061/1383/1387 1121/1475/1478
f 1121/1475/1478 1118/1462/1459 1120/1473/1476
f 1121/1475/1478 1122/1461/1458 1118/1462/1459
f 1122/1461/1458 1121/1475/1478 1061/1383/1387
f 1061/1383/1387 1112/1460/1457 1122/1461/1458
f 1112/1460/1457 1061/1383/1387 1123/1382/1386
f 1123/1382/1386 1124/1457/1455 1112/1460/1457
f 1124/1457/1455 1123/1382/1386 1059/1381/1385
f 1059/1381/1385 1144/1458/1456 1124/1457/1455
f 1144/1458/1456 1059/1381/1385 1058/1379/1383
f 1058/1379/1383 1125/1476/1479 1144/1458/1456
f 1125/1476/1479 1058/1379/1383 1057/1377/1381
f 1057/1377/1381 1126/1477/1480 1125/1476/1479
f 1126/1477/1480 1057/1377/1381 1127/1376/1380
f 1126/1477/1480 1127/1376/1380 1056/1373/1377
f 1056/1373/1377 1135/1478/1481 1126/1477/1480
f 1135/1478/1481 1056/1373/1377 1128/1375/1379
f 1128/1375/1379 1130/1479/1482 1135/1478/1481
f 1130/1479/1482 1128/1375/1379 1129/1480/1483
f 1129/1480/1483 1131/1481/1484 1130/1479/1482
f 1131/1481/1484 1129/1480/1483 1164/1482/1485
f 1131/1481/1484 1164/1482/1485 1220/1483/1486
f 1220/1483/1486 1132/1484/1487 1131/1481/1484
f 1132/1484/1487 1220/1483/1486 1218/1485/1488
f 1132/1484/1487 1218/1485/1488 1133/1486/1489
f 1132/1484/1487 1133/1486/1489 1134/1487/1490
f 1134/1487/1490 1131/1481/1484 1132/1484/1487
f 1134/1487/1490 1130/1479/1482 1131/1481/1484
f 1134/1487/1490 1135/1478/1481 1130/1479/1482
f 1135/1478/1481 1134/1487/1490 1136/1488/1491
f 1136/1488/1491 1126/1477/1480 1135/1478/1481
f 1126/1477/1480 1136/1488/1491 1068/1394/1396
f 1068/1394/1396 1125/1476/1479 1126/1477/1480
f 1125/1476/1479 1068/1394/1396 1137/1489/1440
f 1137/1489/1440 1138/1490/1492 1125/1476/1479
f 1138/1490/1492 1137/1489/1440 1183/1491/1441
f 1138/1490/1493 1183/1491/1494 1139/1492/1495
f 1138/1490/1493 1139/1492/1495 1140/1493/1496
f 1138/1490/1493 1140/1493/1496 1141/1494/1497
f 1138/1490/1493 1141/1494/1497 1142/1495/1498
f 1138/1490/1493 1142/1495/1498 1110/1496/1499
f 1138/1490/1493 1110/1496/1499 1143/1497/1500
f 1138/1490/1492 1143/1497/1453 1108/1459/1452
f 1138/1490/1492 1108/1459/1452 1144/1458/1456
f 1144/1458/1456 1125/1476/1479 1138/1490/1492
f 1154/1498/1501 1211/1468/1469 1145/1466/1467
f 1211/1468/1469 1154/1498/1501 1152/1499/1502
f 1152/1499/1503 1227/1469/1472 1211/1468/1471
f 1152/1499/1503 1217/1500/1504 1227/1469/1472
f 1217/1500/1504 1152/1499/1503 1150/1501/1505
f 1150/1501/1505 1215/1502/1506 1217/1500/1504
f 1215/1502/1506 1150/1501/1505 1146/1503/1507
f 1146/1503/1507 1214/1504/1508 1215/1502/1506
f 1214/1504/1508 1146/1503/1507 1148/1505/1509
f 1148/1505/1509 1133/1486/1489 1214/1504/1508
f 1133/1486/1489 1148/1505/1509 1213/1506/1510
f 1213/1506/1510 1134/1487/1490 1133/1486/1489
f 1213/1506/1511 1155/1507/1512 1134/1487/1513
f 1155/1507/1512 1213/1506/1511 1148/1505/1514
f 1148/1505/1514 1147/1508/1515 1155/1507/1512
f 1147/1508/1515 1148/1505/1514 1146/1503/1516
f 1146/1503/1516 1149/1509/1517 1147/1508/1515
f 1149/1509/1517 1146/1503/1516 1150/1501/1518
f 1150/1501/1518 1151/1510/1519 1149/1509/1517
f 1151/1510/1519 1150/1501/1518 1152/1499/1502
f 1152/1499/1502 1153/1511/1520 1151/1510/1519
f 1153/1511/1520 1152/1499/1502 1154/1498/1501
f 1134/1487/1513 1155/1507/1512 1156/1512/1521
f 1156/1512/1521 1208/1513/1522 1134/1487/1513
f 1208/1513/1522 1156/1512/1521 1157/1514/1523
f 1208/1513/1522 1157/1514/1523 1062/1386/1524
f 1208/1513/1522 1062/1386/1524 1158/1395/1525
f 1158/1395/1397 1136/1488/1491 1208/1513/1526
f 1136/1488/1491 1158/1395/1397 1068/1394/1396
f 1134/1487/1490 1208/1513/1526 1136/1488/1491
f 1159/1472/1475 1226/1471/1474 1224/1515/1527
f 1224/1515/1527 1119/1474/1477 1159/1472/1475
f 1119/1474/1477 1224/1515/1527 1160/1516/1528
f 1160/1516/1528 1176/1517/1529 1119/1474/1477
f 1176/1517/1529 1160/1516/1528 1223/1518/1530
f 1223/1518/1530 1161/1519/1531 1176/1517/1529
f 1161/1519/1531 1223/1518/1530 1162/1520/1532
f 1162/1520/1532 1163/1521/1533 1161/1519/1531
f 1163/1521/1533 1162/1520/1532 1221/1522/1534
f 1163/1521/1533 1221/1522/1534 1164/1482/1485
f 1163/1521/1533 1164/1482/1485 1129/1480/1483
f 1129/1480/1483 1174/1523/1535 1163/1521/1533
f 1174/1523/1535 1129/1480/1483 1128/1375/1379
f 1128/1375/1379 1165/1524/1536 1174/1523/1535
f 1165/1524/1536 1128/1375/1379 1166/1374/1378
f 1166/1374/1378 1167/1525/1537 1165/1524/1536
f 1167/1525/1537 1166/1374/1378 1168/1378/1382
f 1168/1378/1382 1169/1526/1538 1167/1525/1537
f 1169/1526/1538 1168/1378/1382 1060/1380/1384
f 1169/1526/1538 1060/1380/1384 1170/1384/1388
f 1170/1384/1388 1171/1527/1539 1169/1526/1538
f 1171/1527/1539 1170/1384/1388 1119/1474/1477
f 1171/1527/1539 1119/1474/1477 1175/1528/1540
f 1175/1528/1540 1169/1526/1538 1171/1527/1539
f 1169/1526/1538 1175/1528/1540 1172/1529/1541
f 1172/1529/1541 1167/1525/1537 1169/1526/1538
f 1167/1525/1537 1172/1529/1541 1173/1530/1542
f 1173/1530/1542 1165/1524/1536 1167/1525/1537
f 1173/1530/1542 1174/1523/1535 1165/1524/1536
f 1173/1530/1542 1163/1521/1533 1174/1523/1535
f 1163/1521/1533 1173/1530/1542 1172/1529/1541
f 1172/1529/1541 1161/1519/1531 1163/1521/1533
f 1161/1519/1531 1172/1529/1541 1175/1528/1540
f 1175/1528/1540 1176/1517/1529 1161/1519/1531
f 1176/1517/1529 1175/1528/1540 1119/1474/1477
f 1257/1531/1543 1177/1532/1544 1179/1533/1545
f 1177/1532/1544 1257/1531/1543 1255/1534/1546
f 1177/1532/1544 1255/1534/1546 1178/1535/1547
f 1178/1535/1547 1179/1533/1545 1177/1532/1544
f 1178/1535/1547 1180/1536/1548 1179/1533/1545
f 1180/1536/1548 1178/1535/1547 1181/1537/1549
f 1181/1537/1549 1437/1538/1550 1180/1536/1548
f 1181/1537/1549 1435/1539/1551 1437/1538/1550
f 1181/1537/1549 1247/1540/1552 1435/1539/1551
f 1181/1537/1549 1182/1541/1553 1247/1540/1552
f 1181/1537/1549 1441/1542/1554 1182/1541/1553
f 1441/1542/1554 1181/1537/1549 1178/1535/1547
f 1178/1535/1547 1439/1543/1555 1441/1542/1554
f 1439/1543/1555 1178/1535/1547 1255/1534/1546
f 1138/1544/1556 1183/1545/1432 1191/1546/1557
f 1191/1546/1557 1143/1547/1445 1138/1544/1556
f 1143/1547/1445 1191/1546/1557 1184/1548/1558
f 1184/1548/1558 1106/1549/1443 1143/1547/1445
f 1184/1548/1558 1113/1550/1405 1106/1549/1443
f 1184/1548/1558 1185/1551/1398 1113/1550/1405
f 1185/1551/1398 1184/1548/1558 1186/1552/1559
f 1186/1552/1559 1073/1553/1399 1185/1551/1398
f 1186/1552/1559 1114/1554/1560 1073/1553/1399
f 1186/1552/1559 1187/1555/1561 1114/1554/1560
f 1186/1552/1562 1188/1556/1563 1187/1555/1564
f 1188/1556/1563 1186/1552/1562 1184/1548/1565
f 1184/1548/1565 1189/1557/1566 1188/1556/1563
f 1189/1557/1566 1184/1548/1565 1191/1546/1567
f 1191/1546/1567 1190/1558/1568 1189/1557/1566
f 1191/1546/1567 1193/1559/1569 1190/1558/1568
f 1193/1559/1570 1191/1546/1557 1183/1545/1432
f 1193/1559/1570 1183/1545/1432 1192/1560/1431
f 1193/1559/1570 1192/1560/1431 1068/1561/1396
f 1193/1559/1570 1068/1561/1396 1067/1562/1389
f 1067/1562/1389 1194/1563/1571 1193/1559/1570
f 1194/1563/1571 1067/1562/1389 1158/1564/1391
f 1194/1563/1571 1158/1564/1391 1208/1565/1572
f 1194/1563/1571 1208/1565/1572 1207/1566/1573
f 1194/1563/1574 1207/1566/1575 1196/1567/1576
f 1196/1567/1576 1193/1559/1569 1194/1563/1574
f 1193/1559/1569 1196/1567/1576 1195/1568/1577
f 1195/1568/1577 1190/1558/1568 1193/1559/1569
f 1207/1566/1575 1197/1569/1578 1196/1567/1576
f 1197/1569/1578 1207/1566/1575 1205/1570/1579
f 1205/1570/1579 1198/1571/1580 1197/1569/1578
f 1198/1571/1580 1205/1570/1579 1256/1572/1581
f 1256/1572/1581 1199/1573/1582 1198/1571/1580
f 1199/1573/1582 1256/1572/1581 1204/1574/1583
f 1204/1574/1583 1200/1575/1584 1199/1573/1582
f 1200/1575/1584 1204/1574/1583 1187/1555/1564
f 1187/1555/1564 1201/1576/1585 1200/1575/1584
f 1201/1576/1585 1187/1555/1564 1188/1556/1563
f 1187/1555/1561 1204/1574/1586 1202/1577/1587
f 1202/1577/1587 1114/1554/1560 1187/1555/1561
f 1202/1577/1587 1118/1578/1588 1114/1554/1560
f 1202/1577/1587 1203/1579/1589 1118/1578/1588
f 1202/1577/1587 1209/1580/1590 1203/1579/1589
f 1209/1580/1590 1202/1577/1587 1204/1574/1586
f 1209/1580/1590 1204/1574/1586 1256/1572/1591
f 1256/1572/1591 1206/1581/1592 1209/1580/1590
f 1206/1581/1592 1256/1572/1591 1205/1570/1593
f 1206/1581/1592 1205/1570/1593 1207/1566/1573
f 1206/1581/1592 1207/1566/1573 1208/1565/1572
f 1206/1581/1592 1208/1565/1572 1134/1582/1594
f 1206/1581/1592 1134/1582/1594 1213/1583/1595
f 1213/1583/1595 1209/1580/1590 1206/1581/1592
f 1209/1580/1590 1213/1583/1595 1212/1584/1596
f 1212/1584/1596 1203/1579/1589 1209/1580/1590
f 1203/1579/1589 1212/1584/1596 1210/1585/1597
f 1210/1585/1597 1211/1586/1598 1203/1579/1589
f 1210/1585/1597 1152/1587/1599 1211/1586/1598
f 1210/1585/1597 1150/1588/1600 1152/1587/1599
f 1210/1585/1597 1148/1589/1601 1150/1588/1600
f 1148/1589/1601 1210/1585/1597 1212/1584/1596
f 1212/1584/1596 1213/1583/1595 1148/1589/1601
f 1146/1590/1602 1150/1588/1600 1148/1589/1601
f 1214/1591/1508 1133/1592/1489 1216/1593/1603
f 1216/1593/1603 1215/1594/1506 1214/1591/1508
f 1216/1593/1603 1217/1595/1504 1215/1594/1506
f 1216/1593/1603 1227/1596/1472 1217/1595/1504
f 1216/1593/1603 1225/1597/1604 1227/1596/1472
f 1225/1597/1604 1216/1593/1603 1133/1592/1489
f 1225/1597/1604 1133/1592/1489 1218/1598/1488
f 1218/1598/1488 1219/1599/1605 1225/1597/1604
f 1219/1599/1605 1218/1598/1488 1220/1600/1486
f 1220/1600/1486 1222/1601/1606 1219/1599/1605
f 1222/1601/1606 1220/1600/1486 1164/1602/1485
f 1222/1601/1606 1164/1602/1485 1221/1603/1534
f 1222/1601/1606 1221/1603/1534 1162/1604/1532
f 1222/1601/1606 1162/1604/1532 1223/1605/1530
f 1222/1601/1606 1223/1605/1530 1160/1606/1528
f 1160/1606/1528 1219/1599/1605 1222/1601/1606
f 1219/1599/1605 1160/1606/1528 1224/1607/1527
f 1224/1607/1527 1225/1597/1604 1219/1599/1605
f 1225/1597/1604 1224/1607/1527 1226/1608/1474
f 1226/1608/1474 1227/1596/1472 1225/1597/1604
f 1231/1609/1607 1228/1610/1608 1229/1611/1609
f 1229/1611/1609 1232/1612/1610 1231/1609/1607
f 1229/1611/1609 1233/1613/1611 1232/1612/1610
f 1233/1613/1611 1229/1611/1609 1228/1610/1608
f 1228/1610/1608 1227/1614/1612 1233/1613/1611
f 1228/1610/1608 1230/1615/1613 1227/1614/1612
f 1230/1615/1613 1228/1610/1608 1231/1609/1607
f 1230/1615/1613 1231/1609/1607 1232/1612/1610
f 1232/1612/1610 1235/1616/1614 1230/1615/1613
f 1235/1616/1614 1232/1612/1610 1233/1613/1611
f 1234/1617/1615 1230/1615/1613 1235/1616/1614
f 1230/1615/1613 1234/1617/1615 1227/1614/1612
f 1239/1618/1616 1238/1619/1617 1237/1620/1618
f 1237/1620/1618 1133/1621/1619 1239/1618/1616
f 1237/1620/1618 1236/1622/1620 1133/1621/1619
f 1237/1620/1618 1242/1623/1621 1236/1622/1620
f 1242/1623/1621 1237/1620/1618 1238/1619/1617
f 1238/1619/1617 1240/1624/1622 1242/1623/1621
f 1240/1624/1622 1238/1619/1617 1239/1618/1616
f 1240/1624/1622 1239/1618/1616 1133/1621/1619
f 1240/1624/1622 1133/1621/1619 1241/1625/1623
f 1241/1625/1623 1242/1623/1621 1240/1624/1622
f 1242/1623/1621 1241/1625/1623 1243/1626/1624
f 1243/1626/1624 1236/1622/1620 1242/1623/1621
f 1244/1627/1625 1439/1628/1626 1441/1629/1627
f 1441/1629/1627 1245/1630/1628 1244/1627/1625
f 1245/1630/1628 1441/1629/1627 1182/1631/1629
f 1182/1631/1629 1246/1632/1630 1245/1630/1628
f 1246/1632/1630 1182/1631/1629 1247/1633/1631
f 1247/1633/1631 1248/1634/1632 1246/1632/1630
f 1248/1634/1632 1247/1633/1631 1435/1635/1633
f 1435/1635/1633 1249/1636/1634 1248/1634/1632
f 1249/1636/1634 1435/1635/1633 1437/1637/1635
f 1437/1637/1635 1250/1638/1636 1249/1636/1634
f 1250/1638/1636 1437/1637/1635 1180/1639/1637
f 1180/1639/1637 1251/1640/1638 1250/1638/1636
f 1251/1640/1638 1180/1639/1637 1179/1641/1639
f 1179/1641/1639 1252/1642/1640 1251/1640/1638
f 1252/1642/1640 1179/1641/1639 1257/1643/1641
f 1257/1643/1641 1253/1644/1642 1252/1642/1640
f 1253/1644/1642 1257/1643/1641 1255/1645/1643
f 1255/1645/1643 1254/1646/1644 1253/1644/1642
f 1255/1645/1643 1244/1627/1625 1254/1646/1644
f 1255/1645/1643 1439/1628/1626 1244/1627/1625
f 1439/1628/1645 1255/1645/1646 1194/1647/1647
f 1194/1647/1647 1441/1629/1648 1439/1628/1645
f 1441/1629/1648 1194/1647/1647 1207/1648/1649
f 1207/1648/1649 1182/1631/1650 1441/1629/1648
f 1182/1631/1650 1207/1648/1649 1205/1649/1651
f 1205/1649/1651 1247/1633/1652 1182/1631/1650
f 1247/1633/1652 1205/1649/1651 1256/1650/1653
f 1256/1650/1653 1435/1635/1654 1247/1633/1652
f 1435/1635/1654 1256/1650/1653 1204/1651/1655
f 1204/1651/1655 1437/1637/1656 1435/1635/1654
f 1437/1637/1656 1204/1651/1655 1187/1652/1657
f 1187/1652/1657 1180/1639/1658 1437/1637/1656
f 1180/1639/1658 1187/1652/1657 1186/1653/1659
f 1186/1653/1659 1179/1641/1660 1180/1639/1658
f 1179/1641/1660 1186/1653/1659 1184/1654/1661
f 1184/1654/1661 1257/1643/1662 1179/1641/1660
f 1257/1643/1662 1184/1654/1661 1191/1655/1663
f 1191/1655/1663 1255/1645/1646 1257/1643/1662
f 1255/1645/1646 1191/1655/1663 1193/1656/1664
f 1193/1656/1664 1194/1647/1647 1255/1645/1646
f 1259/1657/1665 1413/1658/1666 1320/1659/1667
f 1320/1659/1667 1261/1660/1668 1259/1657/1665
f 1261/1660/1668 1320/1659/1667 1413/1661/1669
f 1413/1661/1669 1258/1662/1670 1261/1660/1668
f 1258/1662/1670 1413/1661/1669 1453/1663/1671
f 1258/1662/1670 1453/1663/1671 1259/1664/1665
f 1258/1662/1670 1259/1664/1665 1262/1665/1672
f 1258/1662/1670 1262/1665/1672 1260/1666/1673
f 1260/1666/1673 1261/1660/1668 1258/1662/1670
f 1261/1660/1668 1260/1666/1673 1262/1667/1672
f 1262/1667/1672 1259/1657/1665 1261/1660/1668
f 1263/1668/1674 1302/1669/1675 1264/1670/1676
f 1302/1669/1675 1263/1668/1674 1265/1671/1677
f 1265/1671/1677 1304/1672/1678 1302/1669/1675
f 1304/1672/1678 1265/1671/1677 1266/1673/1679
f 1266/1673/1679 1272/1674/1680 1304/1672/1678
f 1503/1675/1681 1306/1676/1682 1272/1677/1683
f 1306/1676/1682 1503/1675/1681 1267/1678/1684
f 1267/1678/1684 1268/1679/1685 1306/1676/1682
f 1268/1679/1685 1267/1678/1684 1269/1680/1686
f 1269/1680/1686 1270/1681/1687 1268/1679/1685
f 1270/1681/1687 1269/1680/1686 1267/1682/1684
f 1270/1681/1687 1267/1682/1684 1503/1683/1681
f 1270/1681/1687 1503/1683/1681 1271/1684/1688
f 1271/1684/1688 1268/1679/1685 1270/1681/1687
f 1268/1679/1685 1271/1684/1688 1272/1685/1689
f 1272/1685/1689 1306/1676/1682 1268/1679/1685
f 1272/1685/1689 1271/1684/1688 1501/1686/1690
f 1501/1686/1690 1304/1687/1691 1272/1685/1689
f 1501/1686/1690 1302/1688/1692 1304/1687/1691
f 1501/1686/1690 1273/1689/1693 1302/1688/1692
f 1501/1686/1690 1274/1690/1694 1273/1689/1693
f 1274/1690/1694 1501/1686/1690 1505/1691/1695
f 1274/1690/1694 1505/1691/1695 1291/1692/1696
f 1274/1690/1694 1291/1692/1696 1275/1693/1697
f 1274/1690/1694 1275/1693/1697 1276/1694/1698
f 1276/1694/1698 1292/1695/1699 1274/1690/1694
f 1276/1694/1698 1277/1696/1700 1292/1695/1699
f 1277/1696/1700 1276/1694/1698 1278/1697/1701
f 1278/1697/1701 1279/1698/1702 1277/1696/1700
f 1279/1698/1702 1278/1697/1701 1284/1699/1703
f 1284/1699/1703 1280/1700/1704 1279/1698/1702
f 1284/1699/1703 1415/1701/1705 1280/1700/1704
f 1415/1701/1705 1284/1699/1703 1281/1702/1706
f 1281/1702/1706 1414/1703/1707 1415/1701/1705
f 1281/1702/1706 1454/1704/1708 1414/1703/1707
f 1281/1702/1706 1282/1705/1709 1454/1704/1708
f 1281/1702/1706 1283/1706/1710 1282/1705/1709
f 1281/1702/1706 1286/1707/1711 1283/1706/1710
f 1286/1707/1711 1281/1702/1706 1284/1699/1703
f 1284/1699/1703 1285/1708/1712 1286/1707/1711
f 1285/1708/1712 1284/1699/1703 1278/1697/1701
f 1285/1708/1712 1278/1697/1701 1276/1694/1698
f 1285/1708/1712 1276/1694/1698 1275/1693/1697
f 1285/1708/1712 1275/1693/1697 1290/1709/1713
f 1290/1709/1713 1286/1707/1711 1285/1708/1712
f 1290/1709/1713 1283/1706/1710 1286/1707/1711
f 1283/1706/1710 1290/1709/1713 1288/1710/1714
f 1288/1710/1714 1282/1705/1709 1283/1706/1710
f 1288/1710/1714 1456/1711/1715 1282/1705/1709
f 1288/1710/1714 1287/1712/1716 1456/1711/1715
f 1288/1710/1714 1289/1713/1717 1287/1712/1716
f 1288/1710/1714 1505/1691/1695 1289/1713/1717
f 1505/1691/1695 1288/1710/1714 1290/1709/1713
f 1290/1709/1713 1291/1692/1696 1505/1691/1695
f 1291/1692/1696 1290/1709/1713 1275/1693/1697
f 1292/1695/1699 1273/1689/1693 1274/1690/1694
f 1273/1689/1693 1292/1695/1699 1293/1714/1718
f 1293/1714/1718 1302/1688/1692 1273/1689/1693
f 1293/1714/1718 1264/1715/1719 1302/1688/1692
f 1293/1714/1718 1294/1716/1720 1264/1715/1719
f 1294/1716/1720 1293/1714/1718 1292/1695/1699
f 1292/1695/1699 1295/1717/1721 1294/1716/1720
f 1295/1717/1721 1292/1695/1699 1277/1696/1700
f 1277/1696/1700 1296/1718/1722 1295/1717/1721
f 1296/1718/1722 1277/1696/1700 1279/1698/1702
f 1296/1718/1722 1279/1698/1702 1405/1719/1723
f 1405/1719/1723 1295/1717/1721 1296/1718/1722
f 1295/1717/1721 1405/1719/1723 1297/1720/1724
f 1297/1720/1724 1294/1716/1720 1295/1717/1721
f 1297/1720/1724 1298/1721/1725 1294/1716/1720
f 1298/1721/1725 1297/1720/1724 1299/1722/1726
f 1299/1722/1726 1294/1716/1720 1298/1721/1725
f 1299/1722/1726 1300/1723/1727 1294/1716/1720
f 1300/1723/1727 1299/1722/1726 1538/1724/1728
f 1300/1723/1727 1538/1724/1728 1335/1725/1729
f 1300/1723/1727 1335/1725/1729 1301/1726/1730
f 1301/1726/1730 1294/1716/1720 1300/1723/1727
f 1301/1726/1730 1264/1715/1719 1294/1716/1720
f 1264/1715/1719 1301/1726/1730 1303/1727/1731
f 1303/1727/1731 1302/1688/1732 1264/1715/1719
f 1303/1727/1731 1304/1687/1733 1302/1688/1732
f 1304/1687/1733 1303/1727/1731 1305/1728/1734
f 1305/1728/1734 1272/1685/1735 1304/1687/1733
f 1305/1728/1734 1306/1676/1736 1272/1685/1735
f 1305/1728/1734 1307/1729/1737 1306/1676/1736
f 1307/1729/1737 1305/1728/1734 1303/1727/1731
f 1303/1727/1731 1308/1730/1738 1307/1729/1737
f 1308/1730/1738 1303/1727/1731 1333/1731/1739
f 1333/1731/1739 1309/1732/1740 1308/1730/1738
f 1309/1732/1740 1333/1731/1739 1332/1733/1741
f 1332/1733/1741 1310/1734/1742 1309/1732/1740
f 1310/1734/1742 1332/1733/1741 1330/1735/1743
f 1330/1735/1743 1311/1736/1744 1310/1734/1742
f 1311/1736/1744 1330/1735/1743 1312/1737/1745
f 1312/1737/1745 1313/1738/1746 1311/1736/1744
f 1313/1738/1746 1312/1737/1745 1328/1739/1747
f 1328/1739/1747 1314/1740/1748 1313/1738/1746
f 1314/1740/1748 1328/1739/1747 1315/1741/1749
f 1315/1741/1749 1316/1742/1750 1314/1740/1748
f 1316/1742/1750 1315/1741/1749 1326/1743/1751
f 1326/1743/1751 1317/1744/1752 1316/1742/1750
f 1317/1744/1752 1326/1743/1751 1325/1745/1753
f 1325/1745/1753 1318/1746/1754 1317/1744/1752
f 1318/1746/1754 1325/1745/1753 1321/1747/1755
f 1321/1747/1755 1319/1748/1756 1318/1746/1754
f 1321/1747/1755 1320/1659/1757 1319/1748/1756
f 1321/1747/1755 1413/1661/1758 1320/1659/1757
f 1413/1661/1758 1321/1747/1755 1325/1745/1753
f 1325/1745/1753 1322/1749/1759 1413/1661/1758
f 1325/1745/1753 1409/1750/1760 1322/1749/1759
f 1325/1745/1753 1416/1751/1761 1409/1750/1760
f 1416/1751/1761 1325/1745/1753 1324/1752/1762
f 1324/1752/1762 1417/1753/1763 1416/1751/1761
f 1324/1752/1762 1323/1754/1764 1417/1753/1763
f 1324/1752/1762 1539/1755/1765 1323/1754/1764
f 1324/1752/1762 1327/1756/1766 1539/1755/1765
f 1324/1752/1762 1326/1743/1751 1327/1756/1766
f 1326/1743/1751 1324/1752/1762 1325/1745/1753
f 1315/1741/1749 1327/1756/1766 1326/1743/1751
f 1327/1756/1766 1315/1741/1749 1328/1739/1747
f 1328/1739/1747 1329/1757/1767 1327/1756/1766
f 1329/1757/1767 1328/1739/1747 1312/1737/1745
f 1312/1737/1745 1540/1758/1768 1329/1757/1767
f 1540/1758/1768 1312/1737/1745 1330/1735/1743
f 1330/1735/1743 1331/1759/1769 1540/1758/1768
f 1331/1759/1769 1330/1735/1743 1332/1733/1741
f 1332/1733/1741 1542/1760/1770 1331/1759/1769
f 1542/1760/1770 1332/1733/1741 1333/1731/1739
f 1333/1731/1739 1334/1761/1771 1542/1760/1770
f 1334/1761/1771 1333/1731/1739 1303/1727/1731
f 1334/1761/1771 1303/1727/1731 1301/1726/1730
f 1301/1726/1730 1545/1762/1772 1334/1761/1771
f 1545/1762/1772 1301/1726/1730 1335/1725/1729
f 1334/1761/1771 1545/1762/1772 1336/1763/1773
f 1336/1763/1773 1542/1760/1770 1334/1761/1771
f 1337/1764/1774 1338/1765/1775 1339/1766/1776
f 1339/1766/1776 1340/1767/1777 1337/1764/1774
f 1340/1767/1777 1339/1766/1776 1341/1768/1778
f 1341/1768/1778 1342/1769/1779 1340/1767/1777
f 1342/1769/1779 1341/1768/1778 1343/1770/1780
f 1343/1770/1780 1344/1771/1781 1342/1769/1779
f 1344/1771/1781 1343/1770/1780 1345/1772/1782
f 1345/1772/1782 1346/1773/1783 1344/1771/1781
f 1346/1773/1783 1345/1772/1782 1347/1774/1784
f 1347/1774/1784 1348/1775/1785 1346/1773/1783
f 1348/1775/1785 1347/1774/1784 1349/1776/1786
f 1349/1776/1786 1350/1777/1787 1348/1775/1785
f 1351/1778/1788 1352/1779/1789 1353/1780/1790
f 1353/1780/1790 1354/1781/1791 1351/1778/1788
f 1354/1781/1791 1353/1780/1790 1355/1782/1792
f 1355/1782/1792 1356/1783/1793 1354/1781/1791
f 1356/1783/1793 1355/1782/1792 1357/1784/1794
f 1357/1784/1794 1358/1785/1795 1356/1783/1793
f 1358/1785/1795 1357/1784/1794 1359/1786/1796
f 1359/1786/1796 1360/1787/1797 1358/1785/1795
f 1361/1788/1798 1362/1789/1799 1363/1790/1800
f 1363/1790/1800 1365/1791/1801 1361/1788/1798
f 1365/1791/1801 1363/1790/1800 1364/1792/1802
f 1364/1792/1802 1366/1793/1803 1365/1791/1801
f 1366/1793/1803 1364/1792/1802 1367/1794/1804
f 1367/1794/1804 1368/1795/1805 1366/1793/1803
f 1368/1795/1805 1367/1794/1804 1369/1796/1806
f 1369/1796/1806 1370/1797/1807 1368/1795/1805
f 1370/1797/1807 1369/1796/1806 1371/1798/1808
f 1371/1798/1808 1372/1799/1809 1370/1797/1807
f 1372/1799/1809 1371/1798/1808 1373/1800/1810
f 1373/1800/1810 1374/1801/1811 1372/1799/1809
f 1375/1802/1812 1376/1803/1813 1377/1804/1814
f 1377/1804/1814 1378/1805/1815 1375/1802/1812
f 1378/1805/1815 1377/1804/1814 1379/1806/1816
f 1379/1806/1816 1380/1807/1817 1378/1805/1815
f 1380/1807/1817 1379/1806/1816 1381/1808/1818
f 1381/1808/1818 1382/1809/1819 1380/1807/1817
f 1382/1809/1819 1381/1808/1818 1383/1810/1820
f 1383/1810/1820 1384/1811/1821 1382/1809/1819
f 1385/1812/1822 1386/1813/1823 1387/1814/1824
f 1387/1814/1824 1388/1815/1825 1385/1812/1822
f 1388/1815/1825 1387/1814/1824 1389/1816/1826
f 1389/1816/1826 1390/1817/1827 1388/1815/1825
f 1390/1817/1827 1389/1816/1826 1391/1818/1828
f 1391/1818/1828 1392/1819/1829 1390/1817/1827
f 1392/1819/1829 1391/1818/1828 1393/1820/1830
f 1393/1820/1830 1394/1821/1831 1392/1819/1829
f 1395/1822/1832 1396/1823/1833 1397/1824/1834
f 1397/1824/1834 1398/1825/1835 1395/1822/1832
f 1398/1825/1835 1397/1824/1834 1399/1826/1836
f 1399/1826/1836 1400/1827/1837 1398/1825/1835
f 1400/1827/1837 1399/1826/1836 1401/1828/1838
f 1401/1828/1838 1402/1829/1839 1400/1827/1837
f 1402/1829/1839 1401/1828/1838 1403/1830/1840
f 1403/1830/1840 1404/1831/1841 1402/1829/1839
f 1537/1832/1842 1538/1724/1728 1299/1722/1726
f 1299/1722/1726 1422/1833/1843 1537/1832/1842
f 1422/1833/1843 1299/1722/1726 1297/1720/1724
f 1297/1720/1724 1406/1834/1844 1422/1833/1843
f 1406/1834/1844 1297/1720/1724 1405/1719/1723
f 1406/1834/1844 1405/1719/1723 1279/1698/1702
f 1279/1698/1702 1427/1835/1845 1406/1834/1844
f 1427/1835/1845 1279/1698/1702 1280/1700/1704
f 1280/1700/1704 1407/1836/1846 1427/1835/1845
f 1407/1836/1846 1280/1700/1704 1415/1701/1705
f 1415/1701/1705 1424/1837/1847 1407/1836/1846
f 1424/1837/1847 1415/1701/1705 1408/1838/1848
f 1408/1838/1848 1416/1839/1761 1424/1837/1847
f 1416/1839/1761 1408/1838/1848 1409/1840/1849
f 1409/1840/1850 1410/1841/1851 1416/1839/1852
f 1410/1841/1851 1409/1840/1850 1322/1842/1853
f 1322/1842/1853 1411/1843/1854 1410/1841/1851
f 1322/1842/1853 1412/1844/1855 1411/1843/1854
f 1322/1842/1853 1413/1845/1856 1412/1844/1855
f 1322/1842/1857 1453/1846/1671 1413/1845/1669
f 1322/1842/1857 1454/1704/1708 1453/1846/1671
f 1454/1704/1708 1322/1842/1857 1409/1840/1849
f 1409/1840/1849 1414/1703/1707 1454/1704/1708
f 1414/1703/1707 1409/1840/1849 1408/1838/1848
f 1408/1838/1848 1415/1701/1705 1414/1703/1707
f 1424/1837/1847 1416/1839/1761 1417/1847/1763
f 1417/1847/1763 1418/1848/1858 1424/1837/1847
f 1418/1848/1858 1417/1847/1763 1323/1849/1764
f 1418/1848/1858 1323/1849/1764 1419/1850/1859
f 1419/1850/1859 1420/1851/1860 1418/1848/1858
f 1420/1851/1860 1419/1850/1859 1421/1852/1861
f 1420/1851/1860 1421/1852/1861 1537/1832/1842
f 1420/1851/1860 1537/1832/1842 1422/1833/1843
f 1420/1851/1860 1422/1833/1843 1423/1853/1862
f 1423/1853/1862 1418/1848/1858 1420/1851/1860
f 1423/1853/1862 1424/1837/1847 1418/1848/1858
f 1423/1853/1862 1425/1854/1863 1424/1837/1847
f 1425/1854/1863 1423/1853/1862 1422/1833/1843
f 1422/1833/1843 1426/1855/1864 1425/1854/1863
f 1426/1855/1864 1422/1833/1843 1406/1834/1844
f 1426/1855/1864 1406/1834/1844 1427/1835/1845
f 1427/1835/1845 1425/1854/1863 1426/1855/1864
f 1425/1854/1863 1427/1835/1845 1407/1836/1846
f 1407/1836/1846 1424/1837/1847 1425/1854/1863
f 1764/1856/1865 1713/1857/1866 1428/1858/1867
f 1428/1858/1867 1434/1859/1868 1764/1856/1865
f 1428/1858/1867 1433/1860/1869 1434/1859/1868
f 1433/1860/1869 1428/1858/1867 1713/1857/1866
f 1433/1860/1869 1713/1857/1866 1759/1861/1870
f 1759/1861/1870 1432/1862/1871 1433/1860/1869
f 1432/1862/1871 1759/1861/1870 1429/1863/1872
f 1432/1862/1871 1429/1863/1872 1430/1864/1873
f 1432/1862/1871 1430/1864/1873 1767/1865/1874
f 1432/1862/1871 1767/1865/1874 1431/1866/1875
f 1432/1862/1871 1431/1866/1875 1753/1867/1876
f 1753/1867/1876 1433/1860/1869 1432/1862/1871
f 1433/1860/1869 1753/1867/1876 1751/1868/1877
f 1751/1868/1877 1434/1859/1868 1433/1860/1869
f 1247/1540/1878 1436/1869/1879 1435/1539/1880
f 1436/1869/1879 1247/1540/1878 1182/1541/1881
f 1436/1869/1879 1182/1541/1881 1440/1870/1882
f 1440/1870/1882 1435/1539/1880 1436/1869/1879
f 1440/1870/1882 1437/1538/1883 1435/1539/1880
f 1437/1538/1883 1440/1870/1882 1438/1871/1884
f 1438/1871/1884 1180/1536/1885 1437/1538/1883
f 1438/1871/1884 1179/1533/1886 1180/1536/1885
f 1438/1871/1884 1257/1531/1887 1179/1533/1886
f 1438/1871/1884 1255/1534/1888 1257/1531/1887
f 1438/1871/1884 1439/1543/1889 1255/1534/1888
f 1439/1543/1889 1438/1871/1884 1440/1870/1882
f 1440/1870/1882 1441/1542/1890 1439/1543/1889
f 1441/1542/1890 1440/1870/1882 1182/1541/1881
f 1464/1872/1891 1444/1873/1892 1443/1874/1893
f 1443/1874/1893 1442/1875/1894 1464/1872/1891
f 1443/1874/1893 1466/1876/1895 1442/1875/1894
f 1443/1874/1893 1467/1877/1896 1466/1876/1895
f 1467/1877/1896 1443/1874/1893 1444/1878/1892
f 1444/1878/1892 1469/1879/1897 1467/1877/1896
f 1469/1879/1897 1444/1878/1892 1463/1880/1898
f 1463/1880/1898 1470/1881/1899 1469/1879/1897
f 1470/1881/1899 1463/1880/1898 1445/1882/1900
f 1445/1882/1900 1472/1883/1901 1470/1881/1899
f 1472/1883/1901 1445/1882/1900 1462/1884/1902
f 1462/1884/1902 1446/1885/1903 1472/1883/1901
f 1446/1885/1903 1462/1884/1902 1447/1886/1904
f 1447/1886/1904 1448/1887/1905 1446/1885/1903
f 1448/1887/1905 1447/1886/1904 1460/1888/1906
f 1460/1888/1906 1474/1889/1907 1448/1887/1905
f 1474/1889/1907 1460/1888/1906 1458/1890/1908
f 1458/1890/1908 1475/1891/1909 1474/1889/1907
f 1475/1891/1909 1458/1890/1908 1457/1892/1910
f 1457/1892/1910 1449/1893/1911 1475/1891/1909
f 1449/1893/1911 1457/1892/1910 1456/1894/1912
f 1449/1893/1911 1456/1894/1912 1282/1895/1913
f 1449/1893/1911 1282/1895/1913 1450/1896/1914
f 1450/1896/1914 1451/1897/1915 1449/1893/1911
f 1451/1897/1915 1450/1896/1914 1259/1898/1665
f 1259/1898/1665 1452/1899/1916 1451/1897/1915
f 1452/1899/1916 1259/1898/1665 1453/1900/1671
f 1453/1900/1671 1455/1901/1917 1452/1899/1916
f 1455/1901/1917 1453/1900/1671 1454/1902/1708
f 1455/1901/1917 1454/1902/1708 1282/1903/1709
f 1455/1901/1917 1282/1903/1709 1456/1904/1912
f 1456/1904/1912 1477/1905/1918 1455/1901/1917
f 1477/1905/1918 1456/1904/1912 1457/1906/1910
f 1457/1906/1910 1488/1907/1919 1477/1905/1918
f 1488/1907/1919 1457/1906/1910 1458/1908/1908
f 1458/1908/1908 1459/1909/1920 1488/1907/1919
f 1459/1909/1920 1458/1908/1908 1460/1910/1906
f 1460/1910/1906 1461/1911/1921 1459/1909/1920
f 1461/1911/1921 1460/1910/1906 1447/1912/1904
f 1447/1912/1904 1485/1913/1922 1461/1911/1921
f 1485/1913/1922 1447/1912/1904 1462/1914/1902
f 1462/1914/1902 1484/1915/1923 1485/1913/1922
f 1484/1915/1923 1462/1914/1902 1445/1916/1900
f 1445/1916/1900 1483/1917/1924 1484/1915/1923
f 1483/1917/1924 1445/1916/1900 1463/1918/1898
f 1483/1917/1924 1463/1918/1898 1444/1873/1892
f 1483/1917/1924 1444/1873/1892 1464/1872/1891
f 1464/1872/1891 1465/1919/1925 1483/1917/1924
f 1465/1919/1925 1464/1872/1891 1442/1875/1894
f 1442/1875/1894 1468/1920/1926 1465/1919/1925
f 1468/1920/1926 1442/1875/1894 1466/1876/1895
f 1468/1920/1926 1466/1876/1895 1467/1877/1896
f 1468/1920/1926 1467/1877/1896 1469/1879/1897
f 1469/1879/1897 1471/1921/1927 1468/1920/1926
f 1471/1921/1927 1469/1879/1897 1470/1881/1899
f 1471/1921/1927 1470/1881/1899 1472/1883/1901
f 1472/1883/1901 1473/1922/1928 1471/1921/1927
f 1473/1922/1928 1472/1883/1901 1446/1885/1903
f 1446/1885/1903 1480/1923/1929 1473/1922/1928
f 1480/1923/1929 1446/1885/1903 1448/1887/1905
f 1448/1887/1905 1479/1924/1930 1480/1923/1929
f 1479/1924/1930 1448/1887/1905 1474/1889/1907
f 1474/1889/1907 1478/1925/1931 1479/1924/1930
f 1478/1925/1931 1474/1889/1907 1475/1891/1909
f 1478/1925/1931 1475/1891/1909 1449/1893/1911
f 1478/1925/1931 1449/1893/1911 1451/1897/1915
f 1451/1897/1915 1476/1926/1932 1478/1925/1931
f 1476/1926/1932 1451/1897/1915 1452/1899/1916
f 1476/1926/1932 1452/1899/1916 1455/1901/1917
f 1476/1926/1932 1455/1901/1917 1477/1905/1918
f 1476/1926/1932 1477/1905/1918 1487/1927/1933
f 1487/1927/1933 1478/1925/1931 1476/1926/1932
f 1487/1927/1933 1479/1924/1930 1478/1925/1931
f 1479/1924/1930 1487/1927/1933 1486/1928/1934
f 1486/1928/1934 1480/1923/1929 1479/1924/1930
f 1480/1923/1929 1486/1928/1934 1481/1929/1935
f 1481/1929/1935 1473/1922/1928 1480/1923/1929
f 1473/1922/1928 1481/1929/1935 1482/1930/1936
f 1482/1930/1936 1471/1921/1927 1473/1922/1928
f 1482/1930/1936 1468/1920/1926 1471/1921/1927
f 1482/1930/1936 1465/1919/1925 1468/1920/1926
f 1482/1930/1936 1483/1917/1924 1465/1919/1925
f 1482/1930/1936 1484/1915/1923 1483/1917/1924
f 1482/1930/1936 1485/1913/1922 1484/1915/1923
f 1485/1913/1922 1482/1930/1936 1481/1929/1935
f 1481/1929/1935 1461/1911/1921 1485/1913/1922
f 1461/1911/1921 1481/1929/1935 1486/1928/1934
f 1486/1928/1934 1459/1909/1920 1461/1911/1921
f 1459/1909/1920 1486/1928/1934 1487/1927/1933
f 1487/1927/1933 1488/1907/1919 1459/1909/1920
f 1488/1907/1919 1487/1927/1933 1477/1905/1918
f 1512/1931/1937 1489/1932/1938 1490/1933/1939
f 1490/1933/1939 1513/1934/1940 1512/1931/1937
f 1513/1934/1940 1490/1933/1939 1491/1935/1941
f 1491/1935/1941 1514/1936/1942 1513/1934/1940
f 1514/1936/1942 1491/1935/1941 1492/1937/1943
f 1492/1937/1943 1493/1938/1944 1514/1936/1942
f 1493/1938/1944 1492/1937/1943 1494/1939/1945
f 1494/1939/1945 1495/1940/1946 1493/1938/1944
f 1495/1940/1946 1494/1939/1945 1509/1941/1947
f 1509/1941/1947 1496/1942/1948 1495/1940/1946
f 1496/1942/1948 1509/1941/1947 1497/1943/1949
f 1497/1943/1949 1498/1944/1950 1496/1942/1948
f 1498/1944/1950 1497/1943/1949 1499/1945/1951
f 1499/1945/1951 1518/1946/1952 1498/1944/1950
f 1518/1946/1952 1499/1945/1951 1506/1947/1953
f 1506/1947/1953 1500/1948/1954 1518/1946/1952
f 1500/1948/1954 1506/1947/1953 1289/1949/1955
f 1500/1948/1954 1289/1949/1955 1505/1950/1695
f 1500/1948/1954 1505/1950/1695 1501/1951/1690
f 1501/1951/1690 1519/1952/1956 1500/1948/1954
f 1519/1952/1956 1501/1951/1690 1271/1953/1688
f 1271/1953/1688 1502/1954/1957 1519/1952/1956
f 1502/1954/1957 1271/1953/1688 1503/1955/1681
f 1503/1955/1681 1520/1956/1958 1502/1954/1957
f 1520/1956/1958 1503/1955/1681 1504/1957/1959
f 1520/1956/1958 1504/1957/1959 1505/1958/1960
f 1520/1956/1958 1505/1958/1960 1289/1959/1955
f 1289/1959/1955 1521/1960/1961 1520/1956/1958
f 1521/1960/1961 1289/1959/1955 1506/1961/1953
f 1506/1961/1953 1507/1962/1962 1521/1960/1961
f 1507/1962/1962 1506/1961/1953 1499/1963/1951
f 1499/1963/1951 1535/1964/1963 1507/1962/1962
f 1535/1964/1963 1499/1963/1951 1497/1965/1949
f 1497/1965/1949 1508/1966/1964 1535/1964/1963
f 1508/1966/1964 1497/1965/1949 1509/1967/1947
f 1509/1967/1947 1532/1968/1965 1508/1966/1964
f 1532/1968/1965 1509/1967/1947 1494/1969/1945
f 1494/1969/1945 1530/1970/1966 1532/1968/1965
f 1530/1970/1966 1494/1969/1945 1492/1971/1943
f 1492/1971/1943 1510/1972/1967 1530/1970/1966
f 1510/1972/1967 1492/1971/1943 1491/1973/1941
f 1491/1973/1941 1529/1974/1968 1510/1972/1967
f 1529/1974/1968 1491/1973/1941 1490/1975/1939
f 1529/1974/1968 1490/1975/1939 1489/1932/1938
f 1489/1932/1938 1511/1976/1969 1529/1974/1968
f 1489/1932/1938 1528/1977/1970 1511/1976/1969
f 1528/1977/1970 1489/1932/1938 1512/1931/1937
f 1512/1931/1937 1527/1978/1971 1528/1977/1970
f 1527/1978/1971 1512/1931/1937 1513/1934/1940
f 1513/1934/1940 1515/1979/1972 1527/1978/1971
f 1515/1979/1972 1513/1934/1940 1514/1936/1942
f 1515/1979/1972 1514/1936/1942 1493/1938/1944
f 1493/1938/1944 1525/1980/1973 1515/1979/1972
f 1525/1980/1973 1493/1938/1944 1495/1940/1946
f 1495/1940/1946 1516/1981/1974 1525/1980/1973
f 1516/1981/1974 1495/1940/1946 1496/1942/1948
f 1496/1942/1948 1517/1982/1975 1516/1981/1974
f 1517/1982/1975 1496/1942/1948 1498/1944/1950
f 1498/1944/1950 1523/1983/1976 1517/1982/1975
f 1523/1983/1976 1498/1944/1950 1518/1946/1952
f 1523/1983/1976 1518/1946/1952 1500/1948/1954
f 1523/1983/1976 1500/1948/1954 1519/1952/1956
f 1519/1952/1956 1522/1984/1977 1523/1983/1976
f 1522/1984/1977 1519/1952/1956 1502/1954/1957
f 1522/1984/1977 1502/1954/1957 1520/1956/1958
f 1522/1984/1977 1520/1956/1958 1521/1960/1961
f 1522/1984/1977 1521/1960/1961 1524/1985/1978
f 1524/1985/1978 1523/1983/1976 1522/1984/1977
f 1524/1985/1978 1517/1982/1975 1523/1983/1976
f 1517/1982/1975 1524/1985/1978 1534/1986/1979
f 1534/1986/1979 1516/1981/1974 1517/1982/1975
f 1516/1981/1974 1534/1986/1979 1533/1987/1980
f 1533/1987/1980 1525/1980/1973 1516/1981/1974
f 1525/1980/1973 1533/1987/1980 1531/1988/1981
f 1531/1988/1981 1515/1979/1972 1525/1980/1973
f 1515/1979/1972 1531/1988/1981 1526/1989/1982
f 1526/1989/1982 1527/1978/1971 1515/1979/1972
f 1526/1989/1982 1528/1977/1970 1527/1978/1971
f 1526/1989/1982 1511/1976/1969 1528/1977/1970
f 1526/1989/1982 1529/1974/1968 1511/1976/1969
f 1526/1989/1982 1510/1972/1967 1529/1974/1968
f 1510/1972/1967 1526/1989/1982 1531/1988/1981
f 1531/1988/1981 1530/1970/1966 1510/1972/1967
f 1531/1988/1981 1532/1968/1965 1530/1970/1966
f 1532/1968/1965 1531/1988/1981 1533/1987/1980
f 1533/1987/1980 1508/1966/1964 1532/1968/1965
f 1508/1966/1964 1533/1987/1980 1534/1986/1979
f 1534/1986/1979 1535/1964/1963 1508/1966/1964
f 1535/1964/1963 1534/1986/1979 1524/1985/1978
f 1524/1985/1978 1507/1962/1962 1535/1964/1963
f 1507/1962/1962 1524/1985/1978 1521/1960/1961
f 1421/1990/1861 1419/1991/1859 1536/1992/1983
f 1536/1992/1983 1537/1993/1842 1421/1990/1861
f 1536/1992/1983 1538/1994/1728 1537/1993/1842
f 1536/1992/1983 1335/1995/1729 1538/1994/1728
f 1536/1992/1983 1544/1996/1984 1335/1995/1729
f 1544/1996/1984 1536/1992/1983 1419/1991/1859
f 1544/1996/1984 1419/1991/1859 1323/1997/1764
f 1323/1997/1764 1543/1998/1985 1544/1996/1984
f 1543/1998/1985 1323/1997/1764 1539/1999/1765
f 1539/1999/1765 1541/2000/1986 1543/1998/1985
f 1541/2000/1986 1539/1999/1765 1327/2001/1766
f 1541/2000/1986 1327/2001/1766 1329/2002/1767
f 1541/2000/1986 1329/2002/1767 1540/2003/1768
f 1541/2000/1986 1540/2003/1768 1331/2004/1769
f 1541/2000/1986 1331/2004/1769 1542/2005/1770
f 1542/2005/1770 1543/1998/1985 1541/2000/1986
f 1543/1998/1985 1542/2005/1770 1336/2006/1773
f 1336/2006/1773 1544/1996/1984 1543/1998/1985
f 1544/1996/1984 1336/2006/1773 1545/2007/1772
f 1545/2007/1772 1335/1995/1729 1544/1996/1984
f 1546/2008/1987 1549/2009/1988 1547/2010/1989
f 1547/2010/1989 1548/2011/1990 1546/2008/1987
f 1547/2010/1989 1550/2012/1991 1548/2011/1990
f 1550/2012/1991 1547/2010/1989 1549/2009/1988
f 1549/2009/1988 1554/2013/1992 1550/2012/1991
f 1549/2009/1988 1553/2014/1993 1554/2013/1992
f 1553/2014/1993 1549/2009/1988 1546/2008/1987
f 1553/2014/1993 1546/2008/1987 1548/2011/1990
f 1548/2011/1990 1551/2015/1994 1553/2014/1993
f 1551/2015/1994 1548/2011/1990 1550/2012/1991
f 1552/2016/1995 1553/2014/1993 1551/2015/1994
f 1553/2014/1993 1552/2016/1995 1554/2013/1992
f 1559/2017/1996 1558/2018/1997 1555/2019/1998
f 1555/2019/1998 1556/2020/1999 1559/2017/1996
f 1555/2019/1998 1563/2021/2000 1556/2020/1999
f 1555/2019/1998 1557/2022/2001 1563/2021/2000
f 1557/2022/2001 1555/2019/1998 1558/2018/1997
f 1558/2018/1997 1560/2023/2002 1557/2022/2001
f 1560/2023/2002 1558/2018/1997 1559/2017/1996
f 1560/2023/2002 1559/2017/1996 1556/2020/1999
f 1560/2023/2002 1556/2020/1999 1561/2024/2003
f 1561/2024/2003 1557/2022/2001 1560/2023/2002
f 1557/2022/2001 1561/2024/2003 1562/2025/2004
f 1562/2025/2004 1563/2021/2000 1557/2022/2001
f 1564/2026/2005 1699/2027/2006 1653/2028/2007
f 1653/2028/2007 1565/2029/2008 1564/2026/2005
f 1565/2029/2008 1653/2028/2007 1642/2030/2009
f 1642/2030/2009 1566/2031/2010 1565/2029/2008
f 1566/2031/2010 1642/2030/2009 1700/2032/2011
f 1570/2033/2012 1700/2034/2013 1572/2035/2014
f 1572/2035/2014 1569/2036/2015 1570/2033/2012
f 1569/2036/2015 1572/2035/2014 1567/2037/2016
f 1567/2037/2016 1568/2038/2017 1569/2036/2015
f 1568/2038/2017 1567/2037/2016 1571/2039/2018
f 1571/2039/2018 1569/2040/2015 1568/2038/2017
f 1571/2039/2018 1570/2041/2012 1569/2040/2015
f 1571/2039/2018 1721/2042/2019 1570/2041/2012
f 1571/2039/2018 1700/2043/2020 1721/2042/2019
f 1700/2043/2020 1571/2039/2018 1567/2037/2016
f 1567/2037/2016 1572/2035/2014 1700/2043/2020
f 1573/2044/2021 1575/2045/2022 1574/2046/2023
f 1575/2045/2022 1573/2044/2021 1576/2047/2024
f 1576/2047/2024 1577/2048/2025 1575/2045/2022
f 1577/2048/2025 1576/2047/2024 1578/2049/2026
f 1578/2049/2026 1669/2050/2027 1577/2048/2025
f 1582/2051/2028 1584/2052/2029 1669/2053/2030
f 1584/2052/2029 1582/2051/2028 1579/2054/2031
f 1579/2054/2031 1580/2055/2032 1584/2052/2029
f 1580/2055/2032 1579/2054/2031 1581/2056/2033
f 1581/2056/2033 1583/2057/2034 1580/2055/2032
f 1583/2057/2034 1581/2056/2033 1579/2058/2031
f 1583/2057/2034 1579/2058/2031 1582/2059/2028
f 1583/2057/2034 1582/2059/2028 1627/2060/2035
f 1583/2057/2034 1627/2060/2035 1669/2061/2036
f 1669/2061/2036 1580/2055/2032 1583/2057/2034
f 1580/2055/2032 1669/2061/2036 1584/2052/2029
f 1585/2062/2037 1586/2063/2038 1587/2064/2039
f 1587/2064/2039 1588/2065/2040 1585/2062/2037
f 1588/2065/2040 1587/2064/2039 1589/2066/2041
f 1589/2066/2041 1590/2067/2042 1588/2065/2040
f 1590/2067/2042 1589/2066/2041 1591/2068/2043
f 1591/2068/2043 1592/2069/2044 1590/2067/2042
f 1592/2069/2044 1591/2068/2043 1593/2070/2045
f 1593/2070/2045 1594/2071/2046 1592/2069/2044
f 1594/2071/2046 1593/2070/2045 1595/2072/2047
f 1595/2072/2047 1596/2073/2048 1594/2071/2046
f 1596/2073/2048 1595/2072/2047 1597/2074/2049
f 1597/2074/2049 1598/2075/2050 1596/2073/2048
f 1599/2076/2051 1600/2077/2052 1601/2078/2053
f 1601/2078/2053 1602/2079/2054 1599/2076/2051
f 1602/2079/2054 1601/2078/2053 1603/2080/2055
f 1603/2080/2055 1604/2081/2056 1602/2079/2054
f 1604/2081/2056 1603/2080/2055 1605/2082/2057
f 1605/2082/2057 1606/2083/2058 1604/2081/2056
f 1606/2083/2058 1605/2082/2057 1607/2084/2059
f 1607/2084/2059 1608/2085/2060 1606/2083/2058
f 1720/2086/2061 1610/2087/1444 1609/2088/2062
f 1610/2087/1444 1720/2086/2061 1613/2089/2063
f 1613/2089/2063 1616/2090/2064 1610/2087/1444
f 1616/2090/2064 1613/2089/2063 1611/2091/2065
f 1611/2091/2065 1612/2092/2066 1616/2090/2064
f 1612/2092/2066 1611/2091/2065 1613/2093/2063
f 1613/2093/2063 1614/2094/2067 1612/2092/2066
f 1614/2094/2067 1613/2093/2063 1720/2095/2061
f 1614/2094/2067 1720/2095/2061 1721/2096/2019
f 1721/2096/2019 1615/2097/2068 1614/2094/2067
f 1615/2097/2068 1721/2096/2019 1633/2098/2069
f 1615/2097/2068 1633/2098/2069 1609/2088/2070
f 1615/2097/2068 1609/2088/2070 1610/2087/1454
f 1615/2097/2068 1610/2087/1454 1612/2092/2066
f 1612/2092/2066 1614/2094/2067 1615/2097/2068
f 1616/2090/2064 1612/2092/2066 1610/2087/1454
f 1620/2099/2071 1630/2100/2072 1622/2101/1433
f 1622/2101/1433 1619/2102/2073 1620/2099/2071
f 1619/2102/2073 1622/2101/1433 1624/2103/2074
f 1624/2103/2074 1617/2104/2075 1619/2102/2073
f 1617/2104/2075 1624/2103/2074 1618/2105/2076
f 1618/2105/2076 1619/2106/2073 1617/2104/2075
f 1619/2106/2073 1618/2105/2076 1623/2107/2077
f 1623/2107/2077 1620/2108/2071 1619/2106/2073
f 1623/2107/2077 1627/2109/2035 1620/2108/2071
f 1627/2109/2035 1623/2107/2077 1621/2110/2078
f 1621/2110/2078 1629/2111/2079 1627/2109/2035
f 1621/2110/2078 1630/2100/2080 1629/2111/2079
f 1621/2110/2078 1622/2101/1442 1630/2100/2080
f 1621/2110/2078 1618/2105/2076 1622/2101/1442
f 1618/2105/2076 1621/2110/2078 1623/2107/2077
f 1624/2103/2074 1622/2101/1442 1618/2105/2076
f 1577/2112/2081 1669/2061/2036 1627/2060/2035
f 1627/2060/2035 1625/2113/2082 1577/2112/2081
f 1625/2113/2082 1627/2060/2035 1626/2114/2083
f 1626/2114/2083 1634/2115/2084 1625/2113/2082
f 1626/2114/2083 1628/2116/2085 1634/2115/2084
f 1628/2116/2085 1626/2114/2083 1627/2060/2035
f 1628/2116/2085 1627/2060/2035 1629/2117/2079
f 1629/2117/2079 1631/2118/2086 1628/2116/2085
f 1631/2118/2086 1629/2117/2079 1630/2119/2080
f 1631/2118/2087 1630/2119/1494 1622/2120/2088
f 1631/2118/2087 1622/2120/2088 1624/2121/2089
f 1631/2118/2087 1624/2121/2089 1632/2122/2090
f 1631/2118/2087 1632/2122/2090 1616/2123/2091
f 1631/2118/2087 1616/2123/2091 1610/2124/2092
f 1631/2118/2087 1610/2124/2092 1609/2125/1500
f 1631/2118/2086 1609/2125/2070 1633/2126/2069
f 1631/2118/2086 1633/2126/2069 1639/2127/2093
f 1639/2127/2093 1628/2116/2085 1631/2118/2086
f 1628/2116/2085 1639/2127/2093 1638/2128/2094
f 1638/2128/2094 1634/2115/2084 1628/2116/2085
f 1634/2115/2084 1638/2128/2094 1635/2129/2095
f 1635/2129/2095 1625/2113/2082 1634/2115/2084
f 1625/2113/2082 1635/2129/2095 1636/2130/2096
f 1636/2130/2096 1577/2112/2081 1625/2113/2082
f 1636/2130/2096 1575/2131/2097 1577/2112/2081
f 1636/2130/2096 1658/2132/2098 1575/2131/2097
f 1636/2130/2096 1637/2133/2099 1658/2132/2098
f 1637/2133/2099 1636/2130/2096 1635/2129/2095
f 1635/2129/2095 1647/2134/2100 1637/2133/2099
f 1647/2134/2100 1635/2129/2095 1638/2128/2094
f 1638/2128/2094 1648/2135/2101 1647/2134/2100
f 1648/2135/2101 1638/2128/2094 1639/2127/2093
f 1639/2127/2093 1640/2136/2102 1648/2135/2101
f 1640/2136/2102 1639/2127/2093 1633/2126/2069
f 1633/2126/2069 1650/2137/2103 1640/2136/2102
f 1650/2137/2103 1633/2126/2069 1721/2042/2019
f 1721/2042/2019 1641/2138/2104 1650/2137/2103
f 1641/2138/2104 1721/2042/2019 1700/2043/2020
f 1641/2138/2104 1700/2043/2020 1642/2139/2105
f 1642/2139/2105 1643/2140/2106 1641/2138/2104
f 1643/2140/2106 1642/2139/2105 1653/2141/2107
f 1643/2140/2106 1653/2141/2107 1654/2142/2108
f 1643/2140/2106 1654/2142/2108 1644/2143/2109
f 1644/2143/2109 1645/2144/2110 1643/2140/2106
f 1644/2143/2109 1646/2145/2111 1645/2144/2110
f 1646/2145/2111 1644/2143/2109 1656/2146/2112
f 1656/2146/2112 1652/2147/2113 1646/2145/2111
f 1652/2147/2113 1656/2146/2112 1637/2133/2099
f 1652/2147/2113 1637/2133/2099 1647/2134/2100
f 1652/2147/2113 1647/2134/2100 1648/2135/2101
f 1648/2135/2101 1651/2148/2114 1652/2147/2113
f 1651/2148/2114 1648/2135/2101 1640/2136/2102
f 1640/2136/2102 1649/2149/2115 1651/2148/2114
f 1649/2149/2115 1640/2136/2102 1650/2137/2103
f 1649/2149/2115 1650/2137/2103 1641/2138/2104
f 1649/2149/2115 1641/2138/2104 1643/2140/2106
f 1649/2149/2115 1643/2140/2106 1645/2144/2110
f 1645/2144/2110 1651/2148/2114 1649/2149/2115
f 1651/2148/2114 1645/2144/2110 1646/2145/2111
f 1646/2145/2111 1652/2147/2113 1651/2148/2114
f 1699/2150/2116 1654/2142/2108 1653/2141/2107
f 1654/2142/2108 1699/2150/2116 1704/2151/2117
f 1704/2151/2117 1644/2143/2109 1654/2142/2108
f 1644/2143/2109 1704/2151/2117 1655/2152/2118
f 1655/2152/2118 1656/2146/2112 1644/2143/2109
f 1656/2146/2112 1655/2152/2118 1657/2153/2119
f 1657/2153/2119 1637/2133/2099 1656/2146/2112
f 1637/2133/2099 1657/2153/2119 1659/2154/2120
f 1659/2154/2120 1658/2132/2098 1637/2133/2099
f 1659/2154/2120 1660/2155/2121 1658/2132/2098
f 1659/2154/2120 1661/2156/2122 1660/2155/2121
f 1661/2156/2122 1659/2154/2120 1657/2153/2119
f 1657/2153/2119 1663/2157/2123 1661/2156/2122
f 1663/2157/2123 1657/2153/2119 1655/2152/2118
f 1655/2152/2118 1662/2158/2124 1663/2157/2123
f 1662/2158/2124 1655/2152/2118 1704/2151/2117
f 1662/2158/2124 1704/2151/2117 1705/2159/2125
f 1705/2159/2125 1663/2157/2123 1662/2158/2124
f 1663/2157/2123 1705/2159/2125 1675/2160/2126
f 1675/2160/2126 1661/2156/2122 1663/2157/2123
f 1661/2156/2122 1675/2160/2126 1674/2161/2127
f 1674/2161/2127 1660/2155/2121 1661/2156/2122
f 1660/2155/2121 1674/2161/2127 1670/2162/2128
f 1670/2162/2128 1658/2132/2098 1660/2155/2121
f 1658/2132/2098 1670/2162/2128 1574/2163/2129
f 1574/2163/2129 1575/2131/2097 1658/2132/2098
f 1664/2164/2130 1687/2165/2131 1665/2166/2132
f 1687/2165/2131 1664/2164/2130 1666/2167/2133
f 1666/2167/2133 1697/2168/2134 1687/2165/2131
f 1697/2168/2134 1666/2167/2133 1667/2169/2135
f 1667/2169/2135 1668/2170/2136 1697/2168/2134
f 1668/2170/2136 1667/2169/2135 1584/2052/2137
f 1668/2170/2136 1584/2052/2137 1669/2061/2138
f 1668/2170/2139 1669/2061/2138 1577/2112/2140
f 1577/2112/2140 1697/2168/2141 1668/2170/2139
f 1697/2168/2141 1577/2112/2140 1575/2131/2142
f 1697/2168/2141 1575/2131/2142 1574/2163/2129
f 1574/2163/2129 1693/2171/2143 1697/2168/2141
f 1693/2171/2143 1574/2163/2129 1670/2162/2128
f 1693/2171/2143 1670/2162/2128 1671/2172/2144
f 1671/2172/2144 1748/2173/2145 1693/2171/2143
f 1671/2172/2144 1676/2174/2146 1748/2173/2145
f 1671/2172/2144 1672/2175/2147 1676/2174/2146
f 1672/2175/2147 1671/2172/2144 1670/2162/2128
f 1670/2162/2128 1673/2176/2148 1672/2175/2147
f 1673/2176/2148 1670/2162/2128 1674/2161/2127
f 1674/2161/2127 1672/2175/2147 1673/2176/2148
f 1672/2175/2147 1674/2161/2127 1675/2160/2126
f 1675/2160/2126 1676/2174/2146 1672/2175/2147
f 1675/2160/2126 1747/2177/2149 1676/2174/2146
f 1747/2177/2149 1675/2160/2126 1707/2178/2150
f 1707/2178/2150 1677/2179/2151 1747/2177/2149
f 1677/2179/2151 1707/2178/2150 1709/2180/2152
f 1709/2180/2152 1678/2181/2153 1677/2179/2151
f 1678/2181/2153 1709/2180/2152 1710/2182/2154
f 1710/2182/2154 1745/2183/2155 1678/2181/2153
f 1745/2183/2155 1710/2182/2154 1679/2184/2156
f 1679/2184/2156 1743/2185/2157 1745/2183/2155
f 1679/2184/2156 1685/2186/2158 1743/2185/2157
f 1685/2186/2158 1679/2184/2156 1680/2187/2159
f 1680/2187/2159 1681/2188/2160 1685/2186/2158
f 1681/2188/2161 1680/2187/2162 1682/2189/2163
f 1681/2188/2161 1682/2189/2163 1683/2190/2164
f 1681/2188/2161 1683/2190/2164 1684/2191/2165
f 1684/2191/2166 1685/2186/2158 1681/2188/2160
f 1684/2191/2166 1686/2192/2167 1685/2186/2158
f 1686/2192/2167 1684/2191/2166 1690/2193/2168
f 1690/2193/2168 1739/2194/2169 1686/2192/2167
f 1739/2194/2169 1690/2193/2168 1737/2195/2170
f 1737/2195/2170 1741/2196/2171 1739/2194/2169
f 1741/2196/2171 1737/2195/2170 1688/2197/2172
f 1688/2197/2172 1696/2198/2173 1741/2196/2171
f 1688/2197/2172 1687/2165/2174 1696/2198/2173
f 1688/2197/2175 1665/2166/2132 1687/2165/2131
f 1665/2166/2132 1688/2197/2175 1737/2195/2176
f 1737/2195/2176 1689/2199/2177 1665/2166/2132
f 1689/2199/2177 1737/2195/2176 1690/2193/2178
f 1690/2193/2178 1691/2200/2179 1689/2199/2177
f 1691/2200/2179 1690/2193/2178 1684/2191/2165
f 1684/2191/2165 1692/2201/2180 1691/2200/2179
f 1692/2201/2180 1684/2191/2165 1683/2190/2164
f 1693/2171/2143 1748/2173/2145 1694/2202/2181
f 1694/2202/2181 1695/2203/2182 1693/2171/2143
f 1695/2203/2182 1694/2202/2181 1749/2204/2183
f 1695/2203/2182 1749/2204/2183 1696/2198/2173
f 1695/2203/2182 1696/2198/2173 1697/2168/2141
f 1697/2168/2141 1693/2171/2143 1695/2203/2182
f 1687/2165/2174 1697/2168/2141 1696/2198/2173
f 1702/2205/2184 1682/2189/2163 1680/2187/2162
f 1680/2187/2162 1698/2206/2185 1702/2205/2184
f 1698/2206/2186 1680/2187/2159 1679/2184/2156
f 1698/2206/2186 1679/2184/2156 1699/2150/2116
f 1698/2206/2186 1699/2150/2116 1653/2141/2187
f 1698/2206/2186 1653/2141/2187 1642/2139/2188
f 1642/2139/2188 1701/2207/2189 1698/2206/2186
f 1701/2207/2189 1642/2139/2188 1700/2043/2190
f 1701/2207/2191 1700/2043/2192 1703/2208/2193
f 1703/2208/2193 1698/2206/2185 1701/2207/2191
f 1698/2206/2185 1703/2208/2193 1702/2205/2184
f 1572/2035/2194 1703/2208/2193 1700/2043/2192
f 1710/2182/2154 1699/2150/2116 1679/2184/2156
f 1699/2150/2116 1710/2182/2154 1708/2209/2195
f 1708/2209/2195 1704/2151/2117 1699/2150/2116
f 1704/2151/2117 1708/2209/2195 1706/2210/2196
f 1706/2210/2196 1705/2159/2125 1704/2151/2117
f 1706/2210/2196 1675/2160/2126 1705/2159/2125
f 1706/2210/2196 1707/2178/2150 1675/2160/2126
f 1707/2178/2150 1706/2210/2196 1708/2209/2195
f 1708/2209/2195 1709/2180/2152 1707/2178/2150
f 1709/2180/2152 1708/2209/2195 1710/2182/2154
f 1767/1865/2197 1430/1864/2198 1711/2211/2199
f 1711/2211/2199 1431/1866/2200 1767/1865/2197
f 1711/2211/2199 1714/2212/2201 1431/1866/2200
f 1714/2212/2201 1711/2211/2199 1430/1864/2198
f 1714/2212/2201 1430/1864/2198 1429/1863/2202
f 1429/1863/2202 1712/2213/2203 1714/2212/2201
f 1712/2213/2203 1429/1863/2202 1759/1861/2204
f 1712/2213/2203 1759/1861/2204 1713/1857/2205
f 1712/2213/2203 1713/1857/2205 1764/1856/2206
f 1712/2213/2203 1764/1856/2206 1434/1859/2207
f 1712/2213/2203 1434/1859/2207 1751/1868/2208
f 1751/1868/2208 1714/2212/2201 1712/2213/2203
f 1714/2212/2201 1751/1868/2208 1753/1867/2209
f 1753/1867/2209 1431/1866/2200 1714/2212/2201
f 1631/2214/2210 1768/2215/2211 1609/2216/2062
f 1768/2215/2211 1631/2214/2210 1630/2217/2072
f 1630/2217/2072 1716/2218/2212 1768/2215/2211
f 1716/2218/2212 1630/2217/2072 1620/2219/2071
f 1716/2218/2212 1620/2219/2071 1627/2220/2035
f 1716/2218/2212 1627/2220/2035 1582/2221/2028
f 1582/2221/2028 1715/2222/2213 1716/2218/2212
f 1715/2222/2213 1582/2221/2028 1669/2223/2030
f 1715/2222/2213 1669/2223/2030 1668/2224/2214
f 1715/2222/2213 1668/2224/2214 1731/2225/2215
f 1715/2222/2216 1731/2225/2217 1730/2226/2218
f 1730/2226/2218 1716/2218/2219 1715/2222/2216
f 1716/2218/2219 1730/2226/2218 1717/2227/2220
f 1717/2227/2220 1768/2215/2221 1716/2218/2219
f 1768/2215/2221 1717/2227/2220 1718/2228/2222
f 1768/2215/2221 1718/2228/2222 1719/2229/2223
f 1719/2229/2224 1609/2216/2062 1768/2215/2211
f 1719/2229/2224 1720/2230/2061 1609/2216/2062
f 1719/2229/2224 1721/2231/2019 1720/2230/2061
f 1719/2229/2224 1570/2232/2012 1721/2231/2019
f 1570/2232/2012 1719/2229/2224 1722/2233/2225
f 1722/2233/2225 1700/2234/2013 1570/2232/2012
f 1722/2233/2225 1701/2235/2226 1700/2234/2013
f 1722/2233/2225 1752/2236/2227 1701/2235/2226
f 1722/2233/2228 1724/2237/2229 1752/2236/2230
f 1724/2237/2229 1722/2233/2228 1719/2229/2223
f 1719/2229/2223 1723/2238/2231 1724/2237/2229
f 1723/2238/2231 1719/2229/2223 1718/2228/2222
f 1752/2236/2230 1724/2237/2229 1725/2239/2232
f 1725/2239/2232 1734/2240/2233 1752/2236/2230
f 1734/2240/2233 1725/2239/2232 1726/2241/2234
f 1726/2241/2234 1765/2242/2235 1734/2240/2233
f 1765/2242/2235 1726/2241/2234 1727/2243/2236
f 1727/2243/2236 1766/2244/2237 1765/2242/2235
f 1766/2244/2237 1727/2243/2236 1728/2245/2238
f 1728/2245/2238 1731/2225/2217 1766/2244/2237
f 1731/2225/2217 1728/2245/2238 1729/2246/2239
f 1729/2246/2239 1730/2226/2218 1731/2225/2217
f 1766/2244/2240 1731/2225/2215 1668/2224/2214
f 1668/2224/2214 1732/2247/2241 1766/2244/2240
f 1732/2247/2241 1668/2224/2214 1697/2248/2242
f 1732/2247/2241 1697/2248/2242 1687/2249/2243
f 1732/2247/2241 1687/2249/2243 1735/2250/2244
f 1735/2250/2244 1766/2244/2240 1732/2247/2241
f 1735/2250/2244 1765/2242/2245 1766/2244/2240
f 1765/2242/2245 1735/2250/2244 1733/2251/2246
f 1733/2251/2246 1734/2240/2247 1765/2242/2245
f 1733/2251/2246 1752/2236/2227 1734/2240/2247
f 1733/2251/2246 1701/2235/2226 1752/2236/2227
f 1733/2251/2246 1698/2252/2248 1701/2235/2226
f 1733/2251/2246 1680/2253/2249 1698/2252/2248
f 1680/2253/2249 1733/2251/2246 1735/2250/2244
f 1735/2250/2244 1738/2254/2250 1680/2253/2249
f 1738/2254/2250 1735/2250/2244 1687/2249/2243
f 1687/2249/2243 1736/2255/2251 1738/2254/2250
f 1736/2255/2251 1687/2249/2243 1688/2256/2252
f 1736/2255/2251 1688/2256/2252 1737/2257/2253
f 1736/2255/2251 1737/2257/2253 1690/2258/2254
f 1736/2255/2251 1690/2258/2254 1681/2259/2255
f 1681/2259/2255 1738/2254/2250 1736/2255/2251
f 1738/2254/2250 1681/2259/2255 1680/2253/2249
f 1684/2260/2256 1681/2259/2255 1690/2258/2254
f 1685/2261/2158 1686/2262/2167 1739/2263/2169
f 1739/2263/2169 1740/2264/2257 1685/2261/2158
f 1740/2264/2257 1739/2263/2169 1741/2265/2171
f 1740/2264/2257 1741/2265/2171 1696/2266/2173
f 1740/2264/2257 1696/2266/2173 1742/2267/2258
f 1742/2267/2258 1685/2261/2158 1740/2264/2257
f 1742/2267/2258 1743/2268/2157 1685/2261/2158
f 1743/2268/2157 1742/2267/2258 1744/2269/2259
f 1744/2269/2259 1745/2270/2155 1743/2268/2157
f 1745/2270/2155 1744/2269/2259 1746/2271/2260
f 1746/2271/2260 1678/2272/2153 1745/2270/2155
f 1746/2271/2260 1677/2273/2151 1678/2272/2153
f 1746/2271/2260 1747/2274/2149 1677/2273/2151
f 1746/2271/2260 1676/2275/2146 1747/2274/2149
f 1746/2271/2260 1748/2276/2145 1676/2275/2146
f 1748/2276/2145 1746/2271/2260 1744/2269/2259
f 1744/2269/2259 1694/2277/2181 1748/2276/2145
f 1694/2277/2181 1744/2269/2259 1742/2267/2258
f 1742/2267/2258 1749/2278/2183 1694/2277/2181
f 1749/2278/2183 1742/2267/2258 1696/2266/2173
f 1754/2279/2261 1750/2280/2262 1751/2281/2263
f 1751/2281/2263 1753/2282/2264 1754/2279/2261
f 1753/2282/2265 1751/2281/2266 1752/2283/2267
f 1753/2282/2265 1752/2283/2267 1722/2284/2268
f 1753/2282/2265 1722/2284/2268 1431/2285/2269
f 1431/2285/2270 1754/2279/2261 1753/2282/2264
f 1431/2285/2270 1755/2286/2271 1754/2279/2261
f 1755/2286/2271 1431/2285/2270 1767/2287/2272
f 1767/2287/2272 1756/2288/2273 1755/2286/2271
f 1756/2288/2273 1767/2287/2272 1430/2289/2274
f 1430/2289/2274 1757/2290/2275 1756/2288/2273
f 1757/2290/2275 1430/2289/2274 1429/2291/2276
f 1429/2291/2276 1758/2292/2277 1757/2290/2275
f 1758/2292/2277 1429/2291/2276 1759/2293/2278
f 1759/2293/2278 1760/2294/2279 1758/2292/2277
f 1760/2294/2279 1759/2293/2278 1713/2295/2280
f 1713/2295/2280 1761/2296/2281 1760/2294/2279
f 1761/2296/2281 1713/2295/2280 1764/2297/2282
f 1764/2297/2282 1762/2298/2283 1761/2296/2281
f 1762/2298/2283 1764/2297/2282 1434/2299/2284
f 1434/2299/2284 1763/2300/2285 1762/2298/2283
f 1434/2299/2284 1750/2280/2262 1763/2300/2285
f 1434/2299/2284 1751/2281/2263 1750/2280/2262
f 1434/2299/2286 1752/2283/2267 1751/2281/2266
f 1434/2299/2286 1734/2301/2287 1752/2283/2267
f 1734/2301/2287 1434/2299/2286 1764/2297/2288
f 1764/2297/2288 1765/2302/2289 1734/2301/2287
f 1765/2302/2289 1764/2297/2288 1713/2295/2290
f 1713/2295/2290 1766/2303/2291 1765/2302/2289
f 1766/2303/2291 1713/2295/2290 1759/2293/2292
f 1759/2293/2292 1731/2304/2293 1766/2303/2291
f 1731/2304/2293 1759/2293/2292 1429/2291/2294
f 1429/2291/2294 1715/2305/2295 1731/2304/2293
f 1715/2305/2295 1429/2291/2294 1430/2289/2296
f 1430/2289/2296 1716/2306/2297 1715/2305/2295
f 1716/2306/2297 1430/2289/2296 1767/2287/2298
f 1767/2287/2298 1768/2307/2299 1716/2306/2297
f 1768/2307/2299 1767/2287/2298 1431/2285/2269
f 1431/2285/2269 1719/2308/2300 1768/2307/2299
f 1719/2308/2300 1431/2285/2269 1722/2284/2268
