# Blender v2.79 (sub 0) OBJ File: ''
# www.blender.org
mtllib MDL_spartan.mtl
o Body
v 0.000000 19.062500 -3.374997
v 0.812500 19.187500 -3.374997
v 0.000000 30.500000 0.750005
v -1.562500 21.062500 1.937503
v 0.000000 20.875000 2.187503
v -0.937500 19.187500 -3.374997
v -1.625000 30.562500 0.062505
v -1.375000 30.750000 1.062505
v 0.312500 25.687500 2.125004
v -0.500000 25.000000 -0.999996
v 1.312500 27.125000 2.375005
v 1.875000 20.187500 -3.062497
v 3.437500 18.812500 -1.687497
v 3.250000 17.312500 1.437503
v 2.437500 18.750000 1.875003
v 2.250000 19.812500 1.812503
v 2.687500 18.625000 -2.687497
v 3.437500 17.187500 -1.937497
v 4.000000 17.125000 0.500003
v 3.687500 19.125000 0.312503
v 3.875000 16.875000 -0.999997
v -3.250000 25.312500 0.625004
v -2.312500 25.625000 1.875004
v -1.250000 27.750000 2.250005
v -1.125000 25.812500 2.000004
v -1.750000 23.937500 1.500004
v -3.375000 21.250000 0.000003
v 1.500000 22.500000 1.500004
v 2.062500 21.187500 1.437503
v 2.812500 22.750000 0.000004
v 3.187500 21.312500 0.000003
v 3.000000 20.750000 -1.999997
v 1.312500 19.687500 -3.249997
v 0.000000 19.750000 -3.249997
v -2.000000 20.250000 -3.062497
v 1.062500 21.937500 -2.999996
v 1.187500 23.750000 -2.999996
v 2.562500 23.750000 -1.812496
v 1.312500 28.187500 -2.874995
v 0.000000 28.187500 -2.874995
v 2.312500 26.062500 -2.937496
v 0.000000 26.375000 -3.374996
v 1.562500 24.562500 -3.124996
v 0.000000 23.750000 -2.999996
v 0.000000 21.812500 -3.062496
v -1.187500 21.937500 -2.999996
v -2.687500 22.437500 -1.937496
v -2.937500 22.750000 0.062504
v -2.875000 23.937500 0.437504
v 1.062500 29.125000 -1.437495
v 1.562500 30.437500 0.000005
v 0.750000 29.187500 -1.812495
v -0.062500 28.500000 -1.812495
v -0.812500 29.187500 -1.812495
v -1.000000 29.250000 -1.562495
v -1.562500 29.937500 -0.999995
v 1.187500 27.750000 2.250005
v 1.062500 25.812500 2.000004
v 2.250000 25.625000 1.812504
v 3.187500 25.312500 0.375004
v 2.875000 25.375000 -1.624996
v 2.812500 23.875000 0.187504
v 2.625000 22.437500 -1.999996
v 0.000000 22.500000 1.312504
v 0.000000 24.125000 1.437504
v -1.562500 22.500000 1.562504
v 1.687500 23.937500 1.500004
v 0.000000 25.937500 1.812504
v 0.000000 27.875000 2.125005
v 0.000000 29.500000 1.875005
v 1.312500 30.750000 1.062505
v 0.000000 30.812500 1.250005
v 0.687500 25.375000 -3.812496
v -0.562500 23.937500 -3.749996
v -3.562500 21.875000 -0.874996
v -3.062500 22.187500 0.562504
v 2.000000 27.000000 -0.812496
v -1.937500 22.875000 1.562504
v 1.812500 26.812500 2.437504
v -3.437500 22.625000 0.312504
v 2.687500 28.375000 -2.562495
v 1.687500 26.750000 -3.624996
v 1.250000 27.062500 -3.624996
v 0.187500 25.625000 -3.749996
v -1.062500 24.187500 -3.749996
v -2.500000 22.375000 -2.624996
v -3.625000 22.375000 -0.937496
v -2.250000 23.250000 1.312504
v -0.500000 24.000000 2.187504
v -0.937500 24.312500 2.000004
v 0.750000 25.375000 2.312504
v 2.687500 28.687500 2.062505
v 2.250000 28.562500 2.125005
v 2.312500 28.687500 -2.374995
v -2.937500 22.750000 -2.499996
v -3.000000 25.375000 -1.624996
v -1.687500 24.562500 -3.124996
v 0.000000 24.812500 -3.312496
v -1.312500 23.750000 -2.999996
v -2.562500 23.750000 -1.749996
v -3.562500 17.125000 -1.874997
v -3.500000 18.812500 -1.687497
v -2.750000 18.625000 -2.687497
v -3.062500 20.750000 -1.999997
v -3.937500 16.812500 -0.937497
v -3.750000 19.062500 0.375003
v -4.000000 17.125000 0.562503
v -3.312500 17.500000 1.500003
v -2.562500 18.750000 1.875003
v -2.375000 19.812500 1.812503
v -2.125000 21.125000 1.562503
v -3.125000 19.375000 1.437503
v -2.687500 21.250000 1.125003
v -3.437500 20.250000 0.562503
v -3.312500 21.500000 0.312504
v 3.000000 20.312500 1.062503
v 3.187500 21.500000 0.250004
v 3.312500 20.250000 0.500003
v 3.375000 20.000000 -1.437497
v 2.937500 21.000000 -2.437497
v -3.000000 21.625000 0.875004
v -3.062500 20.312500 1.125003
v -2.500000 21.500000 0.625004
v -2.875000 21.437500 0.062503
v -3.500000 20.000000 -1.374997
v -3.312500 19.750000 -1.999997
v -3.312500 21.250000 -1.812497
v -3.062500 21.000000 -2.374997
v -2.500000 20.937500 -2.187497
v -2.687500 21.187500 -1.624997
v 2.875000 21.625000 0.812504
v 2.750000 21.437500 0.000003
v 2.437500 21.500000 0.562504
v 3.187500 19.750000 -1.999997
v 2.562500 21.187500 -1.624997
v 2.375000 20.937500 -2.249997
v 3.187500 21.250000 -1.812497
v -3.187500 26.375000 -1.187496
v -3.062500 26.875000 -2.187496
v -3.062500 30.437500 0.500005
v -3.625000 26.312500 0.187504
v -3.625000 26.937500 1.375004
v 3.062500 30.437500 0.437505
v -3.250000 28.187500 -2.187495
v -2.437500 26.062500 -2.937496
v -1.312500 29.500000 1.937505
v 1.312500 29.437500 1.937505
v 3.000000 27.562500 1.937505
v -1.437500 29.125000 -2.124995
v 1.437500 29.937500 -1.062495
v 1.312500 29.125000 -2.187495
v -0.625000 0.000001 -6.187500
v 0.000000 -1.374999 -4.812500
v -0.562500 -0.000000 0.062500
v -0.500000 -0.000001 5.937500
v 0.000000 -1.187499 -7.062500
v 0.625000 0.000001 -6.187500
v 0.562500 -0.000000 0.062500
v 0.000000 -1.125000 0.062500
v 0.000000 -1.312501 5.187500
v 0.000000 1.250001 -7.062500
v 0.000000 0.000002 -11.312500
v 0.000000 1.375001 -4.812500
v 0.000000 1.125000 0.062500
v -0.375000 -1.500001 5.937500
v 0.000000 -1.812501 5.937500
v 0.000000 -1.625001 5.312500
v 0.375000 -1.500001 5.937500
v 0.000000 -1.687501 6.562500
v 0.000000 -0.437501 6.875000
v 0.437500 -0.000002 10.125000
v 0.000000 0.437498 10.125000
v -0.437500 -0.000002 10.125000
v 0.000000 -0.937502 10.875000
v 0.000000 -0.437502 10.125000
v 0.937500 -0.000002 10.875000
v 0.875000 -0.000002 11.562500
v 0.000000 0.937498 10.875000
v -0.937500 -0.000002 10.875000
v 0.000000 -0.875002 11.562500
v 0.000000 -0.000002 12.062500
v 0.000000 0.874998 11.562500
v -0.875000 -0.000002 11.562500
v 0.000000 1.312499 5.187500
v 0.000000 1.624999 5.312500
v 0.375000 1.499999 5.937500
v 0.500000 -0.000001 5.937500
v 0.000000 1.687499 6.562500
v 0.000000 0.437499 6.875000
v -0.375000 1.499999 5.937500
v 0.000000 1.812499 5.937500
v 1.562500 21.062500 1.937503
v 9.812500 26.937500 0.312504
v 9.812500 27.500000 -0.624996
v 9.625000 27.187500 1.000004
v 3.250000 26.500000 -1.312496
v 3.562500 26.312500 0.375004
v 0.250000 20.750000 2.000003
v 1.000000 20.500000 1.750003
v 1.312500 16.812500 2.250003
v -0.250000 20.812500 2.062503
v 0.625000 16.875000 2.687503
v -1.312500 14.312500 2.562502
v -0.625000 13.687500 2.750002
v 0.000000 14.187499 2.937502
v -1.375000 16.750000 2.562503
v -0.062500 16.750000 2.750003
v -1.375000 18.375000 2.250003
v -0.125000 18.500000 2.625003
v -1.375000 20.812500 1.875003
v -0.250000 20.625000 2.125003
v -3.000000 14.375001 -2.999998
v -2.375000 13.750001 -3.437498
v -1.812500 14.375001 -3.624998
v -2.812500 15.875001 -2.937497
v -1.812500 15.812501 -3.562497
v -2.750000 17.312500 -2.874997
v -1.812500 17.250000 -3.499997
v -2.625000 18.500000 -2.749997
v -1.750000 18.375000 -3.312497
v -2.437500 20.625000 -2.499997
v -1.687500 19.937500 -3.124997
v -3.187500 14.250000 -2.749998
v -3.562500 13.625000 -2.187498
v -3.937500 14.187500 -1.562498
v -3.125000 15.312500 -2.749998
v -3.812500 15.437500 -1.499997
v -3.000000 16.937500 -2.687497
v -3.687500 17.062500 -1.437497
v -2.812500 18.562500 -2.499997
v -3.500000 18.500000 -1.374997
v -2.500000 20.875000 -2.312497
v -3.187500 20.312500 -1.312497
v -3.937500 14.062500 -1.249998
v -4.000000 13.437500 -0.499998
v -4.062500 14.125000 0.125002
v -3.812500 15.312500 -1.187497
v -3.937500 15.375000 0.125003
v -3.562500 17.250000 -1.124997
v -3.750000 17.312500 0.125003
v -3.375000 18.625000 -1.124997
v -3.562500 18.687500 0.187503
v -3.125000 20.250000 -1.062497
v -3.187500 20.750000 0.250003
v -3.625000 13.562500 1.000002
v -3.000000 14.187500 1.437502
v -3.937500 14.250000 0.375002
v -3.875000 15.437500 0.437503
v -2.937500 15.562500 1.500003
v -3.750000 17.500000 0.500003
v -2.875000 17.562500 1.625003
v -3.500000 18.750000 0.562503
v -2.687500 18.812500 1.562503
v -3.187500 20.500000 0.562503
v -2.375000 20.812500 1.437503
v -1.562500 14.187500 2.312502
v -2.312500 13.625000 2.187502
v -2.812500 14.187500 1.875002
v -1.562500 15.750000 2.437503
v -2.750000 15.625000 1.937503
v -1.500000 17.562500 2.562503
v -2.562500 17.687500 1.937503
v -1.250000 19.125000 2.375003
v -2.437500 19.125000 1.875003
v -0.937500 20.625000 2.000003
v -2.125000 20.875000 1.625003
v -2.562500 11.500000 -1.687498
v -2.062500 10.937500 -2.312498
v -1.937500 12.312500 -2.249998
v -0.125000 16.562500 -0.312497
v -0.187500 16.187500 -1.874997
v -1.187500 15.750000 -2.749997
v -1.062500 12.625000 -2.374998
v -0.875000 17.937500 -2.562497
v -2.625000 18.687500 -2.062497
v -3.312500 16.125000 -0.499997
v -3.187500 19.250000 -0.062497
v -2.312500 18.750000 1.562503
v -0.625000 16.187500 0.937503
v 0.000000 17.437500 -0.312497
v -2.750000 15.937500 -2.437497
v -2.500000 13.250000 -2.312498
v -2.500000 16.187500 1.062503
v -3.125000 12.312500 -0.687498
v -2.250000 12.312500 0.437502
v -0.812500 12.312500 0.062502
v 0.750000 13.625000 2.812502
v 1.500000 14.187500 2.312502
v 1.312500 16.875000 2.437503
v 0.125000 14.187500 2.812502
v 0.000000 16.875000 2.812503
v 1.187500 18.750000 2.250003
v -0.062500 18.750000 2.437503
v 1.000000 20.750000 2.000003
v 4.000000 14.562500 0.250002
v 3.937500 14.062500 -0.312498
v 3.812500 14.375000 -0.812498
v 3.687500 16.812500 0.187503
v 3.687500 16.687500 -0.937497
v 3.562500 18.312500 0.062503
v 3.625000 17.500000 -0.687497
v 3.812500 14.500000 0.375002
v 3.625000 13.875000 1.000002
v 3.250000 14.500000 1.687502
v 3.625000 16.687500 0.312503
v 3.062500 17.375000 1.562503
v 3.000000 20.937500 0.250003
v 2.625000 19.750000 1.312503
v 2.875000 14.062500 1.812502
v 2.312500 13.562500 2.187502
v 1.750000 14.250000 2.375002
v 2.625000 17.437500 1.625003
v 1.625000 17.500000 2.187503
v 2.375000 19.312500 1.562503
v 1.562500 19.187500 2.062503
v 2.125000 21.187500 1.562503
v 2.062500 10.937500 -2.312498
v 1.937500 12.312500 -2.249998
v 2.500000 13.250000 -2.312498
v 1.062500 12.625000 -2.374998
v 0.187500 16.187500 -1.874997
v 0.937500 17.812500 -2.499997
v 1.187500 15.750000 -2.749997
v 2.750000 15.937500 -2.437497
v 2.750000 18.812500 -1.874997
v 3.187500 19.250000 -0.124997
v 2.250000 18.750000 1.437503
v 0.000000 18.250000 1.812503
v 0.125000 16.562500 -0.312497
v 0.000000 17.625000 -2.562497
v 3.312500 16.125000 -0.562497
v 3.125000 12.312500 -0.687498
v 2.437500 16.187500 1.062503
v 0.625000 16.187500 0.937503
v 0.812500 12.312500 0.062502
v -4.000000 27.125000 -0.249996
v -4.250000 28.062500 -1.437495
v -2.750000 29.812500 -1.312495
v -3.562500 27.687500 1.812505
v -4.312500 29.625000 1.437505
v -4.625000 30.125000 0.312505
v -4.500000 29.562500 -1.062495
v -5.312500 29.187500 -0.874995
v -6.062500 28.062500 -1.124995
v -5.812500 27.187500 -0.187496
v -6.812500 28.062500 -1.312495
v -7.187500 28.375000 -0.687495
v -7.062500 29.062500 -0.937495
v -7.500000 28.875000 -0.187495
v -6.750000 27.125000 -0.062496
v -4.375000 27.375000 1.250004
v -4.812500 28.312500 1.562505
v -5.812500 27.250000 1.125004
v -6.750000 27.125000 1.187504
v -6.187500 28.312500 1.437505
v -6.625000 29.250000 0.125005
v -5.687500 29.375000 0.500005
v -6.375000 29.000000 -0.874995
v -6.937500 29.437500 -0.437495
v -6.875000 28.250000 1.500005
v -7.312500 29.312500 -0.374995
v -7.312500 29.187500 0.687505
v 4.000000 27.875000 -0.812495
v 2.937500 26.875000 -2.249996
v 3.687500 28.000000 -1.749995
v 4.562500 30.125000 -0.187495
v 4.250000 29.250000 1.562505
v 5.812500 29.187500 0.750005
v 4.250000 27.812500 1.687505
v 3.687500 26.812500 0.000004
v 0.000000 28.937500 -2.124995
v -1.437500 28.187500 -2.812495
v -7.312500 28.812500 0.562505
v -7.125000 28.187500 1.125005
v -7.062500 27.500000 1.000005
v -7.062500 27.375000 -0.062496
v -0.375000 13.812500 -0.874998
v -1.000000 11.875000 -1.749998
v -0.875000 11.000000 -1.249998
v -0.687500 9.812500 -0.124998
v -1.437500 9.750000 -1.124998
v -0.437500 8.812500 -0.124999
v -1.312500 4.750000 -0.499999
v -0.875000 2.937500 -0.187500
v -2.000000 2.937500 0.625000
v -2.687500 5.062500 0.687501
v -2.187500 5.000000 -0.687499
v -2.687500 7.812500 -1.312499
v -1.500000 7.000000 -1.124999
v -1.375000 10.875000 -2.062498
v -0.500000 10.937500 -0.499998
v -0.250000 6.812500 0.000001
v -0.625000 5.687500 0.125001
v -0.875000 4.187500 0.312501
v -1.437500 5.000000 1.187501
v -2.375000 10.000000 -1.562498
v -3.375000 7.937500 0.562501
v -1.437500 7.437500 1.500001
v -1.687500 9.937500 0.625002
v -2.875000 10.062500 0.000002
v -2.187500 1.937500 0.000000
v -1.562500 2.937500 1.187500
v -1.062500 2.937500 0.937500
v -1.750000 0.812500 1.375000
v -0.875000 0.187500 1.312500
v -2.250000 0.812500 -0.625000
v -2.375000 0.250000 -0.562500
v -2.500000 0.562500 -2.812500
v -2.625000 0.000000 -2.937500
v 0.875000 11.000000 -1.249998
v 1.000000 11.875000 -1.749998
v 1.375000 10.875000 -2.062498
v 2.375000 10.000000 -1.562498
v 2.562500 11.500000 -1.687498
v 2.875000 10.062500 0.000002
v 1.375000 9.750000 -1.124998
v 2.687500 7.812500 -1.312499
v 1.625000 9.937500 0.625002
v 1.437500 7.437500 1.500001
v 0.437500 8.812500 -0.124999
v 1.437500 5.000000 1.187501
v 0.625000 5.687500 0.125001
v 2.687500 5.062500 0.687501
v 3.375000 7.937500 0.562501
v 2.000000 2.937500 0.625000
v 1.500000 2.875000 -0.312500
v 0.687500 2.937500 0.375000
v 0.875000 4.187500 0.312501
v 1.312500 4.750000 -0.499999
v 0.250000 6.812500 0.000001
v 1.500000 7.000000 -1.124999
v 2.187500 5.000000 -0.687499
v 0.500000 10.937500 -0.499998
v 0.375000 13.812500 -0.874998
v 0.687500 9.812500 -0.124998
v 2.250000 12.312500 0.437502
v -0.375000 0.000001 -3.875000
v -0.312500 0.125000 -1.437500
v -1.750000 0.187500 1.312500
v -0.437500 0.937500 -1.875000
v -0.625000 2.125000 -0.500000
v -0.687500 2.937500 0.375000
v -0.437500 1.125000 0.437500
v -0.437500 2.312500 0.375000
v -0.875000 0.750000 1.375000
v 2.375000 0.250000 -0.625000
v 0.375000 2.312500 0.375000
v 0.875000 2.937500 -0.187500
v 1.125000 2.937500 0.875000
v 0.437500 1.125000 0.437500
v 0.250000 0.125000 -1.437500
v 1.750000 0.187500 1.312500
v 1.750000 0.812500 1.312500
v 0.875000 0.187500 1.250000
v 0.812500 0.750000 1.375000
v 1.562500 2.937500 1.187500
v 2.250000 1.875000 0.187500
v 1.750000 2.000000 -0.687500
v 0.625000 2.125000 -0.500000
v 1.625000 1.250000 -2.187500
v 2.250000 0.812500 -0.625000
v 1.625000 0.562501 -3.875000
v 2.437500 0.562500 -2.875000
v 2.500000 0.000000 -3.000000
v 1.625000 0.000001 -4.062500
v 0.312500 0.000001 -3.875000
v 0.312500 0.562501 -3.687500
v 0.375000 1.000000 -2.000000
v -1.500000 2.875000 -0.312500
v -1.437500 2.000000 -1.062500
v -1.687500 0.562501 -3.812500
v -1.750000 0.000001 -4.000000
v -0.375000 0.562501 -3.687500
v -1.687500 1.250000 -2.187500
v 9.250000 29.000000 -0.312495
v 9.625000 29.500000 0.312505
v 9.312500 28.750000 0.687505
v 9.437500 28.125000 1.062505
v 9.562500 27.375000 1.375004
v 9.500000 26.312500 0.062504
v 8.500000 27.562500 1.375005
v 7.812500 26.562500 0.000004
v 6.187500 27.562500 1.375005
v 8.437500 29.125000 0.750005
v 9.125000 27.437500 1.562504
v 9.562500 28.875000 1.000005
v 8.937500 29.000000 1.125005
v 8.437500 29.250000 -0.624995
v 6.812500 29.125000 -0.812495
v 7.000000 29.062500 0.750005
v 4.437500 30.125000 0.625005
v 5.562500 29.250000 -0.812495
v 4.500000 29.625000 -1.187495
v 5.562500 27.687500 -0.874995
v 5.937500 26.812500 0.000004
v 7.562500 27.500000 -0.937496
v 8.625000 27.500000 -0.812496
v 8.812500 26.687500 0.000004
v 9.312500 29.312500 -0.687495
v 9.062500 29.437500 -0.812495
v 9.187500 29.687500 0.375005
v 9.312500 27.375000 -0.999996
v -3.125000 29.625000 1.750005
v 3.125000 29.312500 1.687505
v 2.875000 29.875000 -1.187495
v 2.875000 28.250000 -2.249995
vt 3.608887 3.980469
vt 3.667236 3.941162
vt 3.670654 3.956543
vt 3.629395 3.954102
vt 3.025146 3.446777
vt 3.028564 3.476074
vt 3.037842 3.439453
vt 3.022949 3.460205
vt 3.469482 3.344971
vt 3.403320 3.291260
vt 3.468994 3.287598
vt 3.387695 3.343750
vt 3.296875 3.477051
vt 3.402588 3.509521
vt 3.350342 3.501709
vt 3.291016 3.417480
vt 3.383789 3.418213
vt 3.467773 3.510498
vt 3.472900 3.414307
vt 3.470215 3.369629
vt 3.290039 3.361328
vt 3.380127 3.294678
vt 3.305908 3.317139
vt 3.445068 3.719727
vt 3.461914 3.777588
vt 3.424316 3.771240
vt 3.513672 3.719238
vt 3.499756 3.819580
vt 3.586182 3.806152
vt 3.577637 3.712891
vt 3.518555 3.634277
vt 3.447021 3.650879
vt 3.517578 3.566162
vt 3.421875 3.589844
vt 3.471680 3.517090
vt 3.399170 3.536621
vt 3.434326 3.524902
vt 3.503662 3.507080
vt 3.572998 3.479980
vt 3.587646 3.548096
vt 3.503662 3.507080
vt 3.517578 3.566162
vt 3.472656 3.515869
vt 3.419189 3.586426
vt 3.399170 3.536621
vt 3.334717 3.568604
vt 3.359863 3.518555
vt 3.259033 3.546875
vt 3.281250 3.484619
vt 3.203613 3.466797
vt 3.271484 3.459229
vt 3.247070 3.438965
vt 3.203369 3.432861
vt 3.159912 3.439697
vt 3.132080 3.482178
vt 3.204346 3.541748
vt 3.258545 3.656006
vt 3.350830 3.647705
vt 3.296387 3.702148
vt 3.368408 3.731689
vt 3.325684 3.766357
vt 3.358887 3.803711
vt 3.350830 3.868652
vt 3.262451 3.867432
vt 3.276367 3.904785
vt 3.207520 3.868164
vt 3.206787 3.782959
vt 3.206055 3.709229
vt 3.205566 3.657471
vt 3.149902 3.547607
vt 3.074707 3.570801
vt 3.052246 3.525879
vt 3.012207 3.552979
vt 3.017334 3.596680
vt 3.063721 3.650635
vt 3.011963 3.654053
vt 3.041992 3.738525
vt 3.006104 3.726074
vt 3.003418 3.787842
vt 3.026855 3.789795
vt 3.087402 3.768311
vt 3.053955 3.806885
vt 3.050049 3.866943
vt 3.207764 3.898926
vt 3.246826 3.907227
vt 3.287109 3.930176
vt 3.260986 3.904541
vt 3.295166 3.960205
vt 3.205078 3.881836
vt 3.168945 3.907959
vt 3.158447 3.899658
vt 3.132324 3.936768
vt 3.139404 3.906006
vt 3.378174 3.785889
vt 3.445068 3.719727
vt 3.424072 3.771240
vt 3.513672 3.719238
vt 3.499512 3.819580
vt 3.586182 3.806152
vt 3.577393 3.712891
vt 3.518555 3.634277
vt 3.447021 3.650879
vt 3.603760 3.623291
vt 3.622314 3.708496
vt 3.641113 3.796387
vt 3.655273 3.861816
vt 3.593506 3.874268
vt 3.667236 3.939209
vt 3.621338 3.956299
vt 3.608887 3.980469
vt 3.621338 3.956299
vt 3.593506 3.874268
vt 3.079834 3.460205
vt 3.069580 3.475586
vt 3.052979 3.462646
vt 3.081543 3.446777
vt 3.081299 3.433105
vt 3.070801 3.418701
vt 3.053955 3.413574
vt 3.039795 3.416992
vt 3.030273 3.423340
vt 3.023438 3.447021
vt 3.023438 3.476074
vt 3.021484 3.460449
vt 3.023926 3.433594
vt 3.034668 3.427246
vt 3.035645 3.431152
vt 3.041748 3.417480
vt 3.033691 3.423584
vt 3.148193 3.052002
vt 3.112061 3.052002
vt 3.112061 3.123291
vt 3.148193 3.123291
vt 3.112061 3.191406
vt 3.148193 3.191406
vt 3.112061 3.256104
vt 3.148193 3.256104
vt 3.112061 3.141846
vt 3.148193 3.141846
vt 3.112061 3.099365
vt 3.148193 3.099365
vt 3.112061 3.118896
vt 3.148193 3.118896
vt 3.112061 3.164795
vt 3.148193 3.164795
vt 3.112061 3.256104
vt 3.148193 3.256104
vt 3.112061 3.191406
vt 3.148193 3.191406
vt 3.112061 3.123291
vt 3.148193 3.123291
vt 3.112061 3.012207
vt 3.148193 3.012207
vt 3.079590 3.459961
vt 3.062988 3.429688
vt 3.065918 3.475342
vt 3.081299 3.446533
vt 3.069580 3.418701
vt 3.054688 3.414551
vt 3.080811 3.432861
vt 3.115723 3.703613
vt 3.152588 3.656738
vt 3.304443 3.322510
vt 3.291260 3.366699
vt 3.389160 3.340820
vt 3.391357 3.294434
vt 3.468994 3.285645
vt 3.472900 3.342529
vt 3.387451 3.438232
vt 3.292236 3.439453
vt 3.395996 3.479492
vt 3.301270 3.479492
vt 3.359863 3.498535
vt 3.408447 3.502686
vt 3.469971 3.503174
vt 3.471680 3.474854
vt 3.473877 3.433105
vt 3.026611 3.854980
vt 3.018311 3.815918
vt 3.038818 3.849121
vt 3.032715 3.846924
vt 3.044922 3.841064
vt 3.024414 3.807861
vt 3.023193 3.843506
vt 3.035889 3.836670
vt 3.021729 3.801270
vt 3.014160 3.841309
vt 3.012695 3.799072
vt 3.026855 3.834473
vt 3.227539 3.926514
vt 3.187256 3.923096
vt 3.227295 3.912354
vt 3.182617 3.932373
vt 3.222656 3.921875
vt 3.222900 3.935791
vt 3.214600 3.929443
vt 3.175293 3.933105
vt 3.215088 3.914551
vt 3.169189 3.925781
vt 3.208740 3.907471
vt 3.208496 3.922119
vt 3.149170 3.988037
vt 3.225586 3.943848
vt 3.154053 3.946045
vt 3.223877 3.991455
vt 3.150146 3.988525
vt 3.226807 3.943359
vt 3.151855 3.946777
vt 3.224854 3.990967
vt 3.150146 3.988525
vt 3.226807 3.943359
vt 3.224854 3.990967
vt 3.151855 3.946777
vt 3.150146 3.988525
vt 3.226807 3.943359
vt 3.224854 3.990967
vt 3.151855 3.946777
vt 3.527588 3.971680
vt 3.513428 3.892822
vt 3.527344 3.971680
vt 3.513184 3.892822
vt 3.121582 3.961670
vt 3.074707 3.934570
vt 3.060303 3.962158
vt 3.356445 3.959717
vt 3.350098 3.937012
vt 3.552490 3.175049
vt 3.518555 3.164551
vt 3.518555 3.200928
vt 3.557617 3.146484
vt 3.518555 3.083740
vt 3.551025 3.083740
vt 3.518555 3.012695
vt 3.552490 3.019531
vt 3.518555 3.164551
vt 3.518555 3.083740
vt 3.518555 3.012695
vt 3.484131 3.175049
vt 3.479736 3.146484
vt 3.486328 3.083740
vt 3.484863 3.019531
vt 3.915771 3.232910
vt 3.883789 3.224121
vt 3.879150 3.216553
vt 3.890137 3.209961
vt 3.884521 3.204834
vt 3.894531 3.198486
vt 3.890137 3.209961
vt 3.915771 3.232910
vt 3.919189 3.212402
vt 3.959961 3.167480
vt 3.968018 3.174805
vt 3.919189 3.212402
vt 3.959961 3.167480
vt 3.968018 3.174805
vt 3.960693 3.149658
vt 3.977051 3.164551
vt 3.960693 3.149658
vt 3.977051 3.164551
vt 3.970947 3.141846
vt 3.985596 3.155029
vt 3.970947 3.141846
vt 3.985596 3.155029
vt 3.991699 3.148438
vt 3.883789 3.224121
vt 3.879150 3.216553
vt 3.890137 3.209961
vt 3.884521 3.204834
vt 3.894531 3.198486
vt 3.890137 3.209961
vt 3.049316 3.269775
vt 3.051758 3.157227
vt 3.095459 3.157471
vt 3.100098 3.265137
vt 3.010010 3.271729
vt 3.009277 3.160156
vt 3.002441 3.038086
vt 3.052002 2.994873
vt 3.102051 3.041016
vt 3.006592 3.158936
vt 3.095215 3.163818
vt 3.009033 3.204346
vt 3.097412 3.210205
vt 3.012207 3.271240
vt 3.100098 3.266846
vt 3.000732 3.036133
vt 3.102051 3.041260
vt 3.049072 2.997070
vt 3.002197 3.108154
vt 3.104248 3.097900
vt 3.003174 3.142090
vt 3.106201 3.140869
vt 3.005615 3.177246
vt 3.104736 3.169189
vt 3.009766 3.257568
vt 3.102783 3.220703
vt 3.102051 3.041748
vt 3.049072 2.997070
vt 3.001465 3.037354
vt 3.103760 3.083252
vt 3.002197 3.086670
vt 3.106201 3.136963
vt 3.003174 3.139648
vt 3.100098 3.172852
vt 3.006348 3.175781
vt 3.091309 3.239746
vt 3.010254 3.235596
vt 3.102051 3.038574
vt 3.049316 2.995850
vt 3.001953 3.037842
vt 3.103760 3.081543
vt 3.002441 3.080566
vt 3.102783 3.136719
vt 3.003174 3.138184
vt 3.104004 3.178955
vt 3.003906 3.180664
vt 3.105713 3.244141
vt 3.004883 3.258789
vt 3.102051 3.040527
vt 3.049316 2.995117
vt 3.000977 3.036865
vt 3.103516 3.080322
vt 3.001953 3.082275
vt 3.106201 3.139160
vt 3.003174 3.141602
vt 3.100098 3.175537
vt 3.005859 3.179688
vt 3.091309 3.241455
vt 3.009766 3.258057
vt 3.102051 3.041016
vt 3.002441 3.038330
vt 3.049316 2.994629
vt 3.099121 3.097168
vt 3.004639 3.093018
vt 3.095459 3.155762
vt 3.007568 3.161377
vt 3.097168 3.194824
vt 3.009521 3.194336
vt 3.100098 3.265625
vt 3.012939 3.266846
vt 3.881348 3.662109
vt 3.909668 3.698242
vt 3.905273 3.656982
vt 3.832764 3.702637
vt 3.885498 3.743652
vt 3.951416 3.678467
vt 3.951416 3.714111
vt 3.993164 3.768066
vt 3.988037 3.869873
vt 3.996582 3.891357
vt 3.958740 3.930664
vt 3.950439 3.843994
vt 3.877686 3.855225
vt 3.895264 3.948975
vt 3.836182 3.854980
vt 3.836182 3.948242
vt 3.785400 3.851318
vt 3.780518 3.912354
vt 3.703125 3.855713
vt 3.679932 3.906250
vt 3.688965 3.885010
vt 3.678711 3.881592
vt 3.671875 3.871826
vt 3.678467 3.881836
vt 3.771484 3.697754
vt 3.708496 3.697021
vt 3.682861 3.875977
vt 3.683594 3.765869
vt 3.049316 2.994629
vt 3.102051 3.041016
vt 3.084961 3.157227
vt 3.000244 3.039795
vt 3.089355 3.212402
vt 3.009766 3.215088
vt 3.093994 3.269775
vt 3.000732 3.039551
vt 3.050537 2.994629
vt 3.102051 3.041016
vt 3.005371 3.125977
vt 3.106689 3.123535
vt 3.009766 3.241943
vt 3.072998 3.210693
vt 3.102051 3.041016
vt 3.002441 3.038086
vt 3.051270 2.994873
vt 3.093018 3.106445
vt 3.003174 3.135254
vt 3.100098 3.267578
vt 3.010010 3.242920
vt 3.102051 3.041016
vt 3.000732 3.039551
vt 3.049072 2.994629
vt 3.095459 3.158447
vt 3.011719 3.163818
vt 3.097656 3.211670
vt 3.011230 3.216309
vt 3.100098 3.267334
vt 3.010742 3.271973
vt 3.881348 3.662109
vt 3.905273 3.656982
vt 3.909668 3.698242
vt 3.832764 3.702637
vt 3.885498 3.743652
vt 3.951416 3.678467
vt 3.951416 3.714111
vt 3.993164 3.768066
vt 3.988037 3.869873
vt 3.996582 3.891357
vt 3.958740 3.930664
vt 3.950439 3.843994
vt 3.877686 3.855225
vt 3.895264 3.948975
vt 3.836182 3.854980
vt 3.836426 3.948486
vt 3.785400 3.851318
vt 3.781494 3.912354
vt 3.703125 3.855713
vt 3.680908 3.906250
vt 3.688721 3.885498
vt 3.679932 3.881592
vt 3.671875 3.871826
vt 3.679688 3.881836
vt 3.771484 3.697754
vt 3.708496 3.697021
vt 3.682861 3.875977
vt 3.683594 3.765869
vt 3.182373 3.267822
vt 3.205078 3.270020
vt 3.208496 3.281738
vt 3.168213 3.278320
vt 3.203369 3.306641
vt 3.164307 3.300049
vt 3.192871 3.331543
vt 3.163330 3.329834
vt 3.189697 3.353271
vt 3.161621 3.348633
vt 3.180176 3.368896
vt 3.155029 3.372314
vt 3.156494 3.404053
vt 3.221924 3.362793
vt 3.217529 3.335938
vt 3.246826 3.316650
vt 3.248047 3.294922
vt 3.267578 3.321777
vt 3.273438 3.300049
vt 3.281250 3.306396
vt 3.275391 3.332764
vt 3.267822 3.346924
vt 3.281250 3.345215
vt 3.273438 3.352783
vt 3.281738 3.386719
vt 3.277588 3.378418
vt 3.270264 3.405762
vt 3.262939 3.403320
vt 3.265137 3.422119
vt 3.252686 3.425049
vt 3.264648 3.434326
vt 3.253174 3.435547
vt 3.225586 3.423096
vt 3.222412 3.432861
vt 3.190186 3.420898
vt 3.179199 3.432617
vt 3.159424 3.437500
vt 3.158691 3.422119
vt 3.198242 3.394287
vt 3.236572 3.398926
vt 3.241699 3.359375
vt 3.238770 3.340088
vt 3.261719 3.355225
vt 3.531006 3.457520
vt 3.524170 3.476807
vt 3.500000 3.470459
vt 3.533447 3.414062
vt 3.489258 3.454834
vt 3.516846 3.412109
vt 3.490479 3.413330
vt 3.521729 3.347412
vt 3.492676 3.349609
vt 3.521973 3.319580
vt 3.492188 3.303711
vt 3.517334 3.294189
vt 3.509033 3.268066
vt 3.558105 3.288818
vt 3.514160 3.247314
vt 3.488525 3.244385
vt 3.520264 3.212646
vt 3.492920 3.212646
vt 3.489258 3.267578
vt 3.152588 3.868408
vt 3.693848 3.640869
vt 3.740967 3.570557
vt 3.807373 3.573242
vt 3.881348 3.569580
vt 3.936768 3.640137
vt 3.957031 3.644043
vt 3.974609 3.642334
vt 3.933838 3.563965
vt 3.965332 3.566162
vt 3.977783 3.522217
vt 3.991211 3.426758
vt 3.931396 3.436523
vt 3.976562 3.374023
vt 3.941406 3.331055
vt 3.965576 3.305420
vt 3.964355 3.246338
vt 3.957764 3.246338
vt 3.902344 3.343262
vt 3.928467 3.246338
vt 3.873779 3.246338
vt 3.828125 3.345215
vt 3.877930 3.472656
vt 3.699707 3.564697
vt 3.735596 3.454102
vt 3.686523 3.520996
vt 3.678711 3.425293
vt 3.734131 3.342041
vt 3.697754 3.372803
vt 3.708740 3.304199
vt 3.704102 3.244873
vt 3.723877 3.244873
vt 3.744629 3.244873
vt 3.780029 3.244629
vt 3.823975 3.478760
vt 3.686523 3.589111
vt 3.691650 3.614990
vt 3.663818 3.617432
vt 3.679199 3.556396
vt 3.620850 3.578857
vt 3.676514 3.537598
vt 3.611572 3.545654
vt 3.593994 3.550537
vt 3.603516 3.583252
vt 3.640381 3.645264
vt 3.622559 3.649170
vt 3.652832 3.712402
vt 3.637939 3.721680
vt 3.933838 3.563965
vt 3.977783 3.522217
vt 3.965332 3.566162
vt 3.957031 3.644043
vt 3.974609 3.642334
vt 3.936768 3.640137
vt 3.881348 3.569580
vt 3.807373 3.573242
vt 3.472168 3.185547
vt 3.458740 3.239014
vt 3.414795 3.280518
vt 3.412598 3.195312
vt 3.359863 3.291504
vt 3.358887 3.229004
vt 3.282471 3.288574
vt 3.304932 3.235107
vt 3.216064 3.273193
vt 3.216553 3.213135
vt 3.161133 3.262451
vt 3.160156 3.235596
vt 3.159668 3.184082
vt 3.215332 3.100830
vt 3.178711 3.131592
vt 3.189941 3.062988
vt 3.185059 3.006836
vt 3.204834 3.006836
vt 3.225586 3.006836
vt 3.260986 3.006836
vt 3.309082 3.104248
vt 3.383301 3.102051
vt 3.354736 3.011230
vt 3.409424 3.010986
vt 3.422363 3.089844
vt 3.438721 3.010986
vt 3.445312 3.010986
vt 3.446533 3.064453
vt 3.457764 3.133057
vt 3.693848 3.640869
vt 3.699707 3.540527
vt 3.740967 3.546143
vt 3.807373 3.548828
vt 3.917969 3.929932
vt 3.877686 3.925781
vt 3.875977 3.856445
vt 3.944092 3.899414
vt 3.938477 3.831299
vt 3.892578 3.775391
vt 3.919678 3.774658
vt 3.860352 3.982666
vt 3.851807 3.962891
vt 3.785400 3.961426
vt 3.777832 3.986328
vt 3.734131 3.926270
vt 3.713135 3.924805
vt 3.724609 3.903076
vt 3.709961 3.904785
vt 3.698975 3.906738
vt 3.715332 3.966309
vt 3.687500 3.976318
vt 3.692139 3.995605
vt 3.892090 3.772461
vt 3.919189 3.773193
vt 3.936279 3.854004
vt 3.873535 3.829346
vt 3.868408 3.897461
vt 3.935303 3.923340
vt 3.895020 3.927979
vt 3.860352 3.982666
vt 3.785400 3.961426
vt 3.851807 3.962891
vt 3.777832 3.986328
vt 3.734131 3.926270
vt 3.713135 3.924805
vt 3.724609 3.903076
vt 3.709961 3.904785
vt 3.698975 3.906250
vt 3.715332 3.966309
vt 3.687500 3.976318
vt 3.692139 3.995605
vt 3.652832 3.712402
vt 3.622559 3.649170
vt 3.637939 3.721680
vt 3.640381 3.645264
vt 3.603516 3.583252
vt 3.620850 3.578857
vt 3.593994 3.550537
vt 3.611572 3.545654
vt 3.676514 3.537598
vt 3.679199 3.556396
vt 3.660889 3.610107
vt 3.686523 3.589111
vt 3.691650 3.614990
vt 3.666992 3.624756
vt 3.405518 3.796875
vt 3.441406 3.809082
vt 3.458252 3.840088
vt 3.399902 3.828369
vt 3.445801 3.904297
vt 3.478516 3.859863
vt 3.450928 3.975586
vt 3.485352 3.928711
vt 3.491211 3.970459
vt 3.451660 3.989990
vt 3.397705 3.996338
vt 3.397705 3.982178
vt 3.389404 3.897705
vt 3.441406 3.809082
vt 3.445068 3.853271
vt 3.471436 3.826660
vt 3.405518 3.796875
vt 3.399902 3.828369
vt 3.445801 3.904297
vt 3.478516 3.859863
vt 3.450928 3.975586
vt 3.485352 3.928711
vt 3.491211 3.970459
vt 3.451660 3.989990
vt 3.397705 3.996338
vt 3.397705 3.982178
vt 3.389404 3.897705
vt 3.656982 3.327148
vt 3.666504 3.316650
vt 3.669434 3.383789
vt 3.662598 3.296143
vt 3.668457 3.274414
vt 3.661133 3.276367
vt 3.665039 3.252441
vt 3.659912 3.237549
vt 3.666260 3.220947
vt 3.668945 3.200439
vt 3.643311 3.199463
vt 3.639160 3.239746
vt 3.615967 3.202881
vt 3.618652 3.241943
vt 3.593262 3.205811
vt 3.563965 3.250732
vt 3.556885 3.209961
vt 3.588379 3.288330
vt 3.630371 3.286133
vt 3.643311 3.272461
vt 3.648193 3.295166
vt 3.631104 3.332764
vt 3.584961 3.332764
vt 3.554688 3.339355
vt 3.565186 3.404541
vt 3.572021 3.433105
vt 3.604004 3.397217
vt 3.605957 3.431641
vt 3.623291 3.395752
vt 3.627441 3.429443
vt 3.653564 3.391357
vt 3.656738 3.423340
vt 3.673584 3.413574
vt 3.647217 3.331543
vn -0.0756 0.9248 -0.3728
vn 0.0430 0.9006 0.4325
vn 0.2180 0.9203 -0.3248
vn -0.1496 0.8969 0.4161
vn -0.6448 0.4183 0.6397
vn -0.6722 0.5293 0.5177
vn -0.7356 0.6774 0.0010
vn -0.2662 0.2412 0.9333
vn 0.8293 0.1910 -0.5252
vn 0.8018 0.1290 -0.5836
vn 0.3456 0.2250 -0.9110
vn 0.9151 0.1066 -0.3890
vn 0.7312 0.1944 0.6538
vn 0.7423 0.2083 0.6369
vn 0.6737 0.1613 0.7212
vn 0.8971 0.1949 0.3966
vn 0.9549 0.2186 0.2010
vn 0.7261 0.2485 0.6411
vn 0.9545 0.2432 0.1726
vn 0.9418 0.1502 -0.3007
vn 0.8984 0.3026 -0.3184
vn -0.8715 -0.3607 0.3323
vn -0.6237 -0.4836 0.6141
vn -0.8943 -0.4447 -0.0507
vn -0.4121 -0.2866 0.8649
vn -0.2825 0.0227 0.9590
vn -0.0361 0.0273 0.9990
vn 0.0671 -0.1935 0.9788
vn -0.2882 -0.2213 0.9316
vn -0.9334 -0.1678 0.3172
vn -0.3385 0.1339 0.9314
vn -0.9488 0.1496 0.2783
vn -0.6280 0.3691 0.6851
vn -0.9233 0.3530 0.1516
vn -0.6422 0.5699 0.5126
vn -0.3942 0.2562 0.8826
vn 0.0316 0.4261 0.9041
vn 0.0288 0.2239 0.9742
vn 0.2458 0.4799 0.8422
vn 0.3443 0.1183 0.9314
vn 0.8988 0.0962 0.4276
vn 0.8794 0.1190 -0.4609
vn 0.3160 0.0919 -0.9443
vn 0.0073 0.1805 -0.9835
vn -0.0062 0.2808 -0.9597
vn 0.0061 0.2302 -0.9731
vn 0.0064 0.1974 -0.9803
vn 0.0001 0.1938 -0.9810
vn -0.4199 0.1681 -0.8919
vn -0.0098 0.0501 -0.9987
vn 0.2964 -0.1113 -0.9485
vn 0.8606 -0.0934 -0.5006
vn 0.4623 -0.1801 -0.8682
vn 0.9073 -0.2223 -0.3568
vn 0.4908 -0.0037 -0.8713
vn 0.8146 -0.1920 -0.5473
vn 0.3832 0.3594 -0.8509
vn 0.1690 0.3628 -0.9164
vn 0.0202 0.7517 -0.6592
vn -0.0297 0.3957 -0.9179
vn 0.0047 0.0856 -0.9963
vn 0.0024 -0.1718 -0.9851
vn -0.0099 -0.1012 -0.9948
vn -0.3218 0.0847 -0.9430
vn -0.8232 0.2213 -0.5228
vn -0.8823 0.1685 -0.4395
vn -0.8666 -0.0745 -0.4933
vn -0.9249 -0.2106 -0.3166
vn -0.8967 -0.2925 -0.3324
vn -0.5937 -0.0375 -0.8038
vn -0.8081 -0.3418 -0.4797
vn -0.4114 0.3236 -0.8521
vn -0.1145 0.9751 -0.1897
vn -0.5468 0.8338 0.0759
vn -0.3720 0.8208 -0.4334
vn -0.7399 0.6330 0.2277
vn -0.0115 0.9879 -0.1544
vn 0.4845 0.8314 -0.2719
vn 0.5722 0.8029 0.1672
vn 0.4323 0.7696 0.4700
vn 0.0731 0.7212 -0.6889
vn -0.0493 0.7542 -0.6548
vn 0.9092 -0.3231 -0.2625
vn 0.9203 -0.3197 0.2255
vn 0.9313 -0.2892 0.2215
vn 0.4876 -0.2629 0.8325
vn 0.4406 -0.1636 0.8827
vn 0.0545 0.0369 0.9978
vn -0.0516 -0.1915 0.9801
vn 0.3931 -0.2192 0.8930
vn 0.9813 -0.1279 0.1439
vn 0.0043 -0.0848 0.9964
vn -0.0039 -0.2273 0.9738
vn -0.0027 -0.0424 0.9991
vn 0.0042 0.2567 0.9665
vn 0.1280 0.4478 0.8849
vn 0.1150 0.9850 0.1287
vn -0.0650 0.3363 0.9395
vn 0.6006 -0.0048 -0.7995
vn 0.7047 0.0298 -0.7089
vn 0.7497 -0.6618 -0.0008
vn 0.4230 -0.2810 -0.8615
vn 0.3320 -0.5082 -0.7947
vn 0.0245 -0.7987 -0.6012
vn -0.4355 -0.8780 -0.1988
vn -0.3951 -0.8281 0.3978
vn 0.0906 -0.7777 0.6221
vn 0.6404 -0.5476 0.5386
vn 0.7209 -0.2802 0.6338
vn 0.0833 -0.0659 0.9943
vn -0.2423 -0.1219 0.9625
vn -0.5926 0.4490 0.6688
vn -0.8272 0.3996 0.3949
vn -0.5909 0.1636 0.7900
vn -0.1943 0.6512 -0.7336
vn -0.3458 0.4952 -0.7970
vn -0.5046 0.4566 -0.7327
vn -0.3921 0.0028 -0.9199
vn -0.8296 0.3589 -0.4278
vn -0.9997 0.0021 0.0224
vn -0.4721 -0.1988 -0.8589
vn -0.3108 -0.1987 -0.9295
vn -0.8706 0.0861 -0.4844
vn -0.9752 0.1199 -0.1861
vn -0.8862 0.1350 -0.4432
vn -0.7764 0.1541 -0.6112
vn -0.9728 0.1914 0.1305
vn -0.9331 0.1321 0.3344
vn -0.6944 0.1870 0.6949
vn -0.6996 0.0936 0.7084
vn -0.5301 0.1113 0.8406
vn -0.5284 0.1982 0.8255
vn -0.4772 0.8779 -0.0405
vn -0.8862 0.3236 0.3314
vn -0.6575 0.7529 -0.0284
vn -0.2899 0.9064 0.3072
vn -0.4386 0.8143 0.3802
vn -0.7030 0.3679 0.6087
vn -0.3879 0.8777 -0.2813
vn -0.5754 0.7650 -0.2893
vn -0.9190 0.3123 -0.2404
vn -0.2773 0.7308 -0.6237
vn -0.8141 0.2055 -0.5432
vn -0.4266 0.5859 -0.6890
vn 0.6529 0.7562 -0.0423
vn 0.9048 0.3274 0.2722
vn 0.4947 0.8662 -0.0708
vn 0.9048 0.3281 0.2715
vn 0.5075 0.8595 -0.0608
vn 0.6625 0.7484 -0.0308
vn 0.4493 0.5936 -0.6677
vn 0.8122 0.1959 -0.5495
vn 0.2911 0.7418 -0.6042
vn 0.8143 0.1893 -0.5487
vn 0.2915 0.7395 -0.6067
vn 0.4456 0.5934 -0.6703
vn -0.6575 0.7529 -0.0283
vn -0.7029 0.3679 0.6087
vn -0.4771 0.8779 -0.0406
vn -0.4772 0.8779 -0.0406
vn -0.4267 0.5859 -0.6890
vn -0.9190 0.3124 -0.2404
vn -0.8141 0.2054 -0.5432
vn -0.3880 0.8777 -0.2813
vn -0.5754 0.7649 -0.2894
vn 0.6626 0.7484 -0.0308
vn 0.9048 0.3273 0.2722
vn 0.6530 0.7562 -0.0423
vn 0.9048 0.3280 0.2715
vn 0.5075 0.8595 -0.0607
vn 0.9049 0.3273 0.2722
vn 0.4947 0.8662 -0.0707
vn 0.6530 0.7562 -0.0422
vn 0.4455 0.5934 -0.6703
vn 0.8123 0.1958 -0.5495
vn 0.8143 0.1893 -0.5486
vn 0.4492 0.5936 -0.6677
vn 0.4455 0.5935 -0.6703
vn 0.2910 0.7418 -0.6042
vn 0.8123 0.1958 -0.5494
vn 0.8122 0.1958 -0.5495
vn 0.2915 0.7395 -0.6068
vn 0.4456 0.5935 -0.6703
vn 0.4493 0.5937 -0.6676
vn -0.2601 0.9624 0.0787
vn -0.1353 0.4956 0.8579
vn 0.1984 0.9763 0.0865
vn 0.1357 0.5288 0.8378
vn 0.0793 0.6314 -0.7714
vn -0.0254 0.7268 -0.6864
vn -0.0000 -0.9849 -0.1733
vn -0.9988 -0.0051 -0.0488
vn 0.0000 -0.0757 -0.9971
vn 0.0000 -1.0000 -0.0038
vn -0.9999 0.0000 0.0154
vn 0.0000 -0.9999 0.0158
vn -0.9991 -0.0131 -0.0392
vn 0.4296 -0.5795 -0.6926
vn 0.9988 -0.0051 -0.0488
vn 0.9999 -0.0000 0.0154
vn 0.9978 -0.0482 0.0454
vn 0.0000 0.9863 -0.1648
vn 0.0000 1.0000 0.0062
vn 0.0000 0.9999 0.0158
vn -0.4296 0.5795 -0.6926
vn -0.3336 -0.6870 -0.6456
vn -0.9062 -0.4147 0.0819
vn -0.0000 -0.9988 -0.0482
vn 0.3372 -0.6853 0.6455
vn 0.8960 -0.4277 -0.1190
vn -0.3571 -0.7476 0.5600
vn 0.0000 -0.9809 -0.1943
vn 0.9536 0.0247 -0.2999
vn -0.0511 0.8771 0.4776
vn -0.0044 0.9550 -0.2966
vn -0.9206 -0.0000 -0.3904
vn -0.0000 -0.9293 -0.3693
vn 0.9655 -0.0158 -0.2600
vn 0.0158 0.9655 -0.2600
vn -0.9896 0.0000 -0.1438
vn -0.0000 -0.8986 0.4388
vn 0.8472 0.1989 0.4927
vn -0.1989 0.8472 0.4927
vn -0.8069 0.0000 0.5907
vn 0.0000 -0.0000 1.0000
vn 0.3336 0.6870 -0.6456
vn 0.8746 0.4843 -0.0229
vn 0.0000 0.9988 -0.0482
vn 0.3372 0.6853 0.6455
vn -0.9240 0.3820 -0.0164
vn 0.3529 0.1825 0.9177
vn 0.2974 0.1966 0.9343
vn 0.4513 0.1773 0.8746
vn 0.3586 0.1552 0.9205
vn 0.1320 0.1888 0.9731
vn 0.2223 0.1307 0.9662
vn -0.2757 -0.0111 0.9612
vn -0.2760 -0.0153 0.9610
vn -0.2315 0.0155 0.9727
vn -0.1861 0.0834 0.9790
vn -0.1915 0.1050 0.9759
vn -0.2439 0.1305 0.9610
vn -0.2567 0.1400 0.9563
vn -0.2381 0.1808 0.9543
vn -0.1775 0.2155 0.9602
vn -0.4622 0.1233 -0.8782
vn -0.4848 0.0946 -0.8695
vn -0.4603 0.1519 -0.8746
vn -0.5064 0.0638 -0.8599
vn -0.5357 0.0443 -0.8432
vn -0.5411 0.0802 -0.8372
vn -0.5379 0.1165 -0.8349
vn -0.5262 0.1526 -0.8365
vn -0.5350 0.1447 -0.8323
vn -0.5444 0.1327 -0.8282
vn -0.5681 0.1204 -0.8141
vn -0.8458 0.0389 -0.5321
vn -0.8458 0.0280 -0.5327
vn -0.8533 0.0630 -0.5177
vn -0.8609 0.0821 -0.5021
vn -0.8683 0.0940 -0.4870
vn -0.8664 0.1089 -0.4874
vn -0.8595 0.1247 -0.4956
vn -0.8516 0.1481 -0.5028
vn -0.8498 0.1510 -0.5049
vn -0.8502 0.1600 -0.5016
vn -0.8536 0.1642 -0.4944
vn -0.9946 0.0476 -0.0926
vn -0.9959 -0.0086 -0.0901
vn -0.9933 0.0653 -0.0948
vn -0.9890 0.1111 -0.0980
vn -0.9872 0.1083 -0.1172
vn -0.9835 0.1198 -0.1354
vn -0.9809 0.1230 -0.1508
vn -0.9784 0.1432 -0.1490
vn -0.9778 0.1591 -0.1364
vn -0.9769 0.1685 -0.1313
vn -0.9767 0.1811 -0.1155
vn -0.7390 0.1349 0.6600
vn -0.7157 0.2628 0.6470
vn -0.7442 0.0911 0.6618
vn -0.7503 0.0114 0.6610
vn -0.7638 0.0053 0.6455
vn -0.7772 0.0464 0.6276
vn -0.7845 0.0869 0.6140
vn -0.7772 0.1372 0.6142
vn -0.7655 0.1474 0.6263
vn -0.7621 0.1478 0.6304
vn -0.7511 0.1574 0.6412
vn -0.3294 0.0756 0.9412
vn -0.3489 0.0424 0.9362
vn -0.3219 0.2248 0.9197
vn -0.3663 -0.0497 0.9292
vn -0.4250 -0.0094 0.9052
vn -0.4590 0.0588 0.8865
vn -0.4590 0.1001 0.8828
vn -0.4159 0.1847 0.8905
vn -0.3416 0.1854 0.9214
vn -0.3170 0.2405 0.9174
vn -0.2610 0.1820 0.9480
vn -0.8294 -0.0019 -0.5586
vn -0.1854 0.0444 -0.9817
vn -0.3252 -0.2213 -0.9194
vn -0.9910 -0.1110 -0.0749
vn -0.5346 -0.2192 -0.8162
vn 0.6864 -0.1403 -0.7136
vn 0.4269 -0.2648 -0.8647
vn 0.9863 -0.1159 -0.1175
vn 0.9119 -0.0103 -0.4104
vn 0.9936 -0.0999 0.0526
vn 0.4750 -0.1398 -0.8688
vn 0.2660 -0.0303 -0.9635
vn -0.5013 0.0106 -0.8652
vn -0.8039 0.1146 -0.5836
vn -0.9986 -0.0114 -0.0524
vn -0.9735 0.0082 0.2285
vn -0.6357 -0.1194 0.7626
vn -0.3770 -0.2136 0.9012
vn 0.4015 -0.2789 0.8724
vn 0.0173 -0.5698 0.8216
vn -0.0477 -0.9445 -0.3249
vn -0.0699 -0.9941 -0.0828
vn -0.2827 -0.0643 0.9571
vn 0.7428 -0.0807 0.6646
vn 0.3325 0.0511 0.9417
vn 0.5547 -0.0000 0.8321
vn 0.3030 0.0573 0.9513
vn 0.1828 0.0562 0.9815
vn 0.1889 0.1499 0.9705
vn 0.1170 0.1731 0.9779
vn 0.1027 0.1602 0.9817
vn 0.9753 0.1097 -0.1915
vn 0.9780 0.0897 -0.1884
vn 0.9873 0.0914 -0.1302
vn 0.9936 0.0889 -0.0701
vn 0.9975 0.0708 -0.0050
vn 0.9968 0.0795 -0.0046
vn 0.9971 0.0767 0.0000
vn 0.9142 0.1035 0.3918
vn 0.9177 0.0945 0.3859
vn 0.9128 0.1174 0.3912
vn 0.9237 0.1027 0.3691
vn 0.8986 0.1427 0.4149
vn 0.8834 0.1756 0.4345
vn 0.8265 0.2073 0.5234
vn 0.4592 0.1107 0.8814
vn 0.4704 0.0969 0.8771
vn 0.4613 0.1384 0.8764
vn 0.4807 0.0822 0.8730
vn 0.4994 0.0819 0.8625
vn 0.5070 0.0818 0.8580
vn 0.5246 0.0689 0.8486
vn 0.5303 0.0622 0.8455
vn 0.4206 0.2971 0.8572
vn 0.8639 -0.0434 -0.5017
vn 0.2132 -0.3317 -0.9190
vn 0.1854 0.0444 -0.9817
vn 0.9942 -0.1043 -0.0274
vn 0.5328 -0.2202 -0.8171
vn -0.6864 -0.1403 -0.7136
vn -0.4270 -0.2648 -0.8646
vn -0.9863 -0.1159 -0.1175
vn -0.9090 0.0102 -0.4167
vn -0.9946 -0.0925 0.0474
vn -0.4905 -0.1026 -0.8654
vn -0.2640 -0.0097 -0.9645
vn 0.5016 0.0203 -0.8648
vn 0.8120 0.1208 -0.5709
vn 0.9988 -0.0167 -0.0456
vn 0.9656 0.0113 0.2599
vn 0.6247 -0.1040 0.7739
vn 0.3810 -0.1813 0.9066
vn -0.3949 -0.2682 0.8787
vn 0.2789 -0.0621 0.9583
vn -0.7533 -0.0533 0.6556
vn -0.5629 -0.7463 -0.3552
vn -0.4939 -0.1675 -0.8532
vn -0.3861 0.5549 -0.7369
vn -0.3770 0.9224 -0.0836
vn -0.3707 0.5664 0.7361
vn -0.3002 0.8701 0.3909
vn -0.3306 0.6308 -0.7020
vn 0.0094 -0.2697 -0.9629
vn 0.0411 -0.9490 -0.3127
vn -0.3461 -0.3568 -0.8677
vn -0.2212 -0.9475 -0.2310
vn -0.6551 -0.7042 -0.2738
vn -0.7725 -0.3312 -0.5418
vn -0.5515 0.4217 -0.7197
vn -0.8817 0.4714 -0.0194
vn -0.8071 0.5721 -0.1457
vn -0.8870 0.3698 -0.2765
vn -0.6343 0.6446 0.4268
vn -0.8692 0.0750 0.4887
vn -0.4188 0.2040 0.8848
vn -0.8201 -0.2804 0.4988
vn -0.3957 -0.7027 0.5913
vn 0.0805 -0.8662 0.4931
vn -0.3291 -0.7629 0.5565
vn -0.1669 0.0562 0.9844
vn -0.0620 0.1779 0.9821
vn 0.1374 0.9347 0.3277
vn 0.1363 0.7455 -0.6524
vn 0.0429 0.9816 -0.1859
vn 0.5219 -0.8525 -0.0303
vn 0.6212 -0.4846 -0.6159
vn 0.6507 -0.2114 -0.7293
vn 0.3455 0.5310 -0.7737
vn 0.3264 0.9175 -0.2272
vn 0.4213 0.8500 0.3163
vn 0.2360 0.4292 0.8718
vn 0.3198 0.7441 0.5865
vn 0.2651 -0.2901 0.9196
vn -0.1227 0.4514 -0.8838
vn 0.9830 -0.1567 0.0960
vn 0.2508 0.1410 0.9577
vn -0.8220 0.1221 0.5562
vn -0.5546 -0.2530 -0.7927
vn 0.5339 -0.3263 -0.7800
vn 0.8600 -0.2382 -0.4512
vn 0.6928 -0.2110 -0.6896
vn 0.9515 0.1486 0.2693
vn 0.9855 0.1676 -0.0253
vn 0.9892 -0.1061 -0.1010
vn 0.4428 -0.1460 -0.8847
vn 0.9501 -0.2231 -0.2182
vn 0.6017 -0.1012 -0.7923
vn 1.0000 0.0011 0.0091
vn 0.9708 0.2219 0.0913
vn 0.6124 0.2968 -0.7327
vn -0.4532 -0.2736 -0.8484
vn -0.5390 0.2613 -0.8007
vn -0.9719 -0.1159 0.2047
vn -0.9374 -0.2550 0.2372
vn -0.5384 -0.2000 -0.8186
vn 0.3022 0.1791 0.9363
vn 0.3496 -0.0567 0.9352
vn 0.6243 0.1248 0.7712
vn -0.4227 -0.0146 0.9062
vn -0.9172 0.0355 0.3969
vn -0.9626 0.2632 -0.0642
vn -0.4522 0.0069 0.8919
vn 0.6850 -0.0368 0.7276
vn 0.2824 -0.6879 0.6686
vn -0.7321 -0.3428 0.5887
vn -0.9433 0.3279 0.0517
vn -0.7748 -0.6144 0.1492
vn -0.8432 0.5132 -0.1602
vn -0.8412 -0.4179 -0.3431
vn -0.6296 -0.2512 -0.7351
vn -0.9857 0.1682 -0.0063
vn -0.9800 0.0034 0.1991
vn -0.8540 -0.2336 -0.4648
vn -0.9948 -0.1017 0.0052
vn -0.5976 -0.2337 -0.7670
vn 0.4716 -0.2212 -0.8536
vn 0.9799 0.0454 0.1941
vn -0.9790 -0.1253 -0.1606
vn -0.3358 -0.1390 -0.9316
vn 0.6755 -0.0864 -0.7323
vn 0.9226 0.0455 0.3832
vn -0.0551 0.1866 0.9809
vn -0.3149 0.1103 0.9427
vn -0.4544 -0.0664 0.8883
vn -0.9701 -0.2418 0.0220
vn -1.0000 0.0011 0.0091
vn -0.9626 0.2361 0.1332
vn -0.6098 0.1191 0.7835
vn 0.3585 0.0132 0.9334
vn 0.9745 -0.0908 0.2050
vn 0.8013 -0.2260 0.5540
vn 0.5773 -0.2979 -0.7602
vn 0.4175 0.1212 -0.9006
vn -0.6485 -0.1238 -0.7511
vn -0.6079 0.3146 -0.7290
vn -0.2922 -0.6594 -0.6927
vn 0.7589 -0.0895 -0.6450
vn 0.8294 -0.5550 0.0636
vn 0.4729 0.7270 -0.4978
vn 0.8633 0.4696 -0.1847
vn 0.7255 0.5122 -0.4597
vn 0.9634 0.2519 0.0916
vn 0.9136 -0.0452 0.4041
vn 0.6216 -0.5898 0.5155
vn -0.3438 -0.4913 0.8003
vn -0.8239 -0.5630 0.0658
vn 0.8871 -0.4371 0.1486
vn 0.6836 -0.6725 -0.2836
vn -0.7171 -0.3975 -0.5726
vn 0.3552 -0.2742 -0.8937
vn -0.8485 0.4964 -0.1834
vn -0.4708 0.7237 -0.5046
vn -0.6189 0.5960 -0.5117
vn -0.9506 0.2850 0.1228
vn -0.8978 -0.0278 0.4395
vn -0.6742 -0.0569 0.7363
vn 0.8659 0.4639 -0.1872
vn 0.9380 0.3463 -0.0187
vn 0.4309 -0.0149 0.9023
vn 0.9823 0.1873 0.0092
vn 0.4699 0.5548 -0.6866
vn 0.2475 0.8768 -0.4122
vn 0.3876 0.6211 -0.6812
vn -0.1196 0.7028 -0.7013
vn -0.2600 0.8495 -0.4591
vn -0.3995 0.6284 -0.6675
vn 0.8364 0.4439 -0.3216
vn 0.9899 0.1258 -0.0661
vn 0.5603 -0.1729 -0.8101
vn 0.9909 0.0560 -0.1224
vn 0.9499 -0.2955 -0.1018
vn 0.9589 0.2121 0.1883
vn 0.9668 -0.1078 -0.2316
vn 0.8120 -0.0641 0.5802
vn 0.1717 0.2909 -0.9412
vn 0.7064 -0.6520 -0.2755
vn 0.3084 -0.9427 0.1276
vn -0.2141 -0.3461 0.9134
vn -0.2542 -0.9607 -0.1112
vn -0.0915 -0.2960 0.9508
vn 0.0138 -0.9943 -0.1059
vn 0.0172 -0.4245 0.9053
vn -0.0740 -0.9588 -0.2744
vn 0.0003 0.8123 0.5833
vn -0.3247 0.6720 0.6656
vn 0.0200 0.4727 0.8810
vn 0.0618 0.9698 0.2361
vn -0.2880 0.7784 -0.5578
vn 0.0628 0.6517 -0.7558
vn 0.5178 0.5305 -0.6712
vn -0.0449 -0.3386 -0.9399
vn -0.0022 -0.4297 -0.9030
vn -0.0302 -0.3336 -0.9422
vn 0.1449 -0.3979 -0.9059
vn 0.2526 0.5434 -0.8006
usemtl Body
s 1
f 7/1/1 72/2/2 3/3/3
f 72/2/2 7/1/1 8/4/4
f 9/5/5 93/6/6 10/7/7
f 93/6/6 9/5/5 11/8/8
f 32/9/9 17/10/10 12/11/11
f 17/10/10 32/9/9 13/12/12
f 14/13/13 16/14/14 15/15/15
f 16/14/14 14/13/13 19/16/16
f 16/14/14 19/16/16 20/17/17
f 20/17/17 29/18/18 16/14/14
f 20/17/17 31/19/19 29/18/18
f 20/17/17 32/20/9 31/19/19
f 20/17/17 13/12/12 32/20/9
f 13/12/12 20/17/17 21/21/20
f 21/21/20 17/22/10 13/12/12
f 17/22/10 21/21/20 18/23/21
f 19/16/16 21/21/20 20/17/17
f 22/24/22 142/25/23 141/26/24
f 142/25/23 22/24/22 23/27/25
f 23/27/25 339/28/26 142/25/23
f 23/27/25 24/29/27 339/28/26
f 23/27/25 25/30/28 24/29/27
f 23/27/25 26/31/29 25/30/28
f 26/31/29 23/27/25 22/24/22
f 26/31/29 22/24/22 49/32/30
f 49/32/30 66/33/31 26/31/29
f 66/33/31 49/32/30 48/34/32
f 48/34/32 111/35/33 66/33/31
f 111/35/33 48/34/32 27/36/34
f 27/36/34 113/37/35 111/35/33
f 4/38/36 66/33/31 111/35/33
f 66/33/31 4/38/36 5/39/37
f 5/39/37 64/40/38 66/33/31
f 64/40/38 5/39/37 192/41/39
f 192/41/39 28/42/40 64/40/38
f 28/42/40 192/41/39 29/43/18
f 29/43/18 30/44/41 28/42/40
f 30/44/41 29/43/18 31/45/19
f 31/45/19 63/46/42 30/44/41
f 63/46/42 31/45/19 32/47/9
f 32/47/9 36/48/43 63/46/42
f 36/48/43 32/47/9 12/49/11
f 12/49/11 34/50/44 36/48/43
f 34/50/44 12/49/11 33/51/45
f 34/50/44 33/51/45 2/52/46
f 34/50/44 2/52/46 1/53/47
f 34/50/44 1/53/47 6/54/48
f 34/50/44 6/54/48 35/55/49
f 34/50/44 35/55/49 45/56/50
f 45/56/50 36/48/43 34/50/44
f 36/48/43 45/56/50 37/57/51
f 37/57/51 63/46/42 36/48/43
f 37/57/51 38/58/52 63/46/42
f 38/58/52 37/57/51 43/59/53
f 43/59/53 61/60/54 38/58/52
f 61/60/54 43/59/53 41/61/55
f 41/61/55 364/62/56 61/60/54
f 41/61/55 506/63/57 364/62/56
f 506/63/57 41/61/55 39/64/58
f 39/64/58 151/65/59 506/63/57
f 39/64/58 40/66/60 151/65/59
f 40/66/60 39/64/58 41/61/55
f 41/61/55 42/67/61 40/66/60
f 42/67/61 41/61/55 43/59/53
f 43/59/53 98/68/62 42/67/61
f 98/68/62 43/59/53 37/57/51
f 37/57/51 44/69/63 98/68/62
f 44/69/63 37/57/51 45/56/50
f 45/56/50 46/70/64 44/69/63
f 46/70/64 45/56/50 35/55/49
f 35/55/49 47/71/65 46/70/64
f 47/71/65 35/55/49 104/72/66
f 47/71/65 104/72/66 27/73/34
f 47/71/65 27/73/34 48/74/32
f 48/74/32 100/75/67 47/71/65
f 100/75/67 48/74/32 49/76/30
f 49/76/30 96/77/68 100/75/67
f 96/77/68 49/76/30 22/78/22
f 96/77/68 22/78/22 141/79/24
f 96/77/68 141/79/24 138/80/69
f 138/80/69 145/81/70 96/77/68
f 145/81/70 138/80/69 139/82/71
f 139/82/71 144/83/72 145/81/70
f 371/84/73 151/65/59 40/66/60
f 151/65/59 371/84/73 52/85/74
f 52/85/74 150/86/75 151/65/59
f 150/86/75 52/85/74 50/87/76
f 50/87/76 51/88/77 150/86/75
f 50/87/76 52/85/74 371/84/73
f 371/84/73 53/89/78 50/87/76
f 53/89/78 371/84/73 54/90/79
f 54/90/79 55/91/80 53/89/78
f 54/90/79 56/92/81 55/91/80
f 54/90/79 149/93/82 56/92/81
f 149/93/82 54/90/79 371/84/73
f 61/60/54 364/62/56 196/94/83
f 196/94/83 60/95/84 61/60/54
f 60/95/84 196/94/83 197/96/85
f 197/96/85 59/97/86 60/95/84
f 59/97/86 197/96/85 148/98/87
f 59/97/86 148/98/87 57/99/88
f 59/97/86 57/99/88 58/100/89
f 59/97/86 58/100/89 67/101/90
f 67/101/90 60/95/84 59/97/86
f 60/95/84 67/101/90 62/102/91
f 62/102/91 61/60/54 60/95/84
f 62/102/91 38/58/52 61/60/54
f 62/102/91 63/46/42 38/58/52
f 62/102/91 30/44/41 63/46/42
f 30/44/41 62/102/91 67/101/90
f 67/101/90 28/42/40 30/44/41
f 28/42/40 67/101/90 65/103/92
f 65/103/92 64/40/38 28/42/40
f 65/103/92 66/33/31 64/40/38
f 65/103/92 26/31/29 66/33/31
f 65/103/92 68/104/93 26/31/29
f 68/104/93 65/103/92 67/101/90
f 68/104/93 67/101/90 58/100/89
f 58/100/89 69/105/94 68/104/93
f 69/105/94 58/100/89 57/99/88
f 57/99/88 70/106/95 69/105/94
f 70/106/95 57/99/88 147/107/96
f 147/107/96 72/108/2 70/106/95
f 72/108/2 147/107/96 71/109/97
f 71/109/97 3/3/3 72/108/2
f 3/3/3 71/109/97 51/110/77
f 72/108/2 8/111/4 146/112/98
f 146/112/98 70/106/95 72/108/2
f 70/106/95 146/112/98 24/29/27
f 24/29/27 69/105/94 70/106/95
f 69/105/94 24/29/27 25/30/28
f 25/30/28 68/104/93 69/105/94
f 68/104/93 25/30/28 26/31/29
f 82/113/99 81/114/100 77/115/101
f 77/115/101 73/116/102 82/113/99
f 77/115/101 74/117/103 73/116/102
f 77/115/101 86/118/104 74/117/103
f 77/115/101 75/119/105 86/118/104
f 77/115/101 76/120/106 75/119/105
f 77/115/101 78/121/107 76/120/106
f 77/115/101 91/122/108 78/121/107
f 91/122/108 77/115/101 92/123/109
f 92/123/109 79/124/110 91/122/108
f 89/125/111 78/121/107 91/122/108
f 10/7/7 90/126/112 9/127/5
f 90/126/112 10/7/7 80/128/113
f 80/128/113 88/129/114 90/126/112
f 94/130/115 81/131/100 82/132/99
f 82/132/99 83/133/116 94/130/115
f 83/133/116 82/132/99 73/134/102
f 73/134/102 84/135/117 83/133/116
f 84/135/117 73/134/102 74/136/103
f 74/136/103 85/137/118 84/135/117
f 85/137/118 74/136/103 86/138/104
f 86/138/104 95/139/119 85/137/118
f 95/139/119 86/138/104 75/140/105
f 75/140/105 87/141/120 95/139/119
f 87/141/120 75/140/105 76/142/106
f 76/142/106 80/143/113 87/141/120
f 80/143/113 76/142/106 78/144/107
f 78/144/107 88/145/114 80/143/113
f 88/145/114 78/144/107 89/146/111
f 89/146/111 90/147/112 88/145/114
f 90/147/112 89/146/111 91/148/108
f 91/148/108 9/149/5 90/147/112
f 9/149/5 91/148/108 79/150/110
f 79/150/110 11/151/8 9/149/5
f 11/151/8 79/150/110 92/152/109
f 92/152/109 93/153/6 11/151/8
f 83/154/116 10/155/7 94/156/115
f 10/155/7 83/154/116 84/157/117
f 10/155/7 84/157/117 95/158/119
f 95/158/119 80/128/113 10/155/7
f 80/128/113 95/158/119 87/159/120
f 85/160/118 95/158/119 84/157/117
f 96/77/68 97/161/121 100/75/67
f 97/161/121 96/77/68 145/81/70
f 97/161/121 145/81/70 42/67/61
f 97/161/121 42/67/61 98/68/62
f 98/68/62 99/162/122 97/161/121
f 99/162/122 98/68/62 44/69/63
f 99/162/122 44/69/63 46/70/64
f 99/162/122 46/70/64 100/75/67
f 100/75/67 97/161/121 99/162/122
f 47/71/65 100/75/67 46/70/64
f 101/163/123 105/164/124 102/165/125
f 102/165/125 103/166/126 101/163/123
f 102/165/125 35/167/49 103/166/126
f 102/165/125 104/168/66 35/167/49
f 102/165/125 106/169/127 104/168/66
f 106/169/127 102/165/125 105/164/124
f 106/169/127 105/164/124 107/170/128
f 107/170/128 112/171/129 106/169/127
f 112/171/129 107/170/128 108/172/130
f 112/171/129 108/172/130 109/173/131
f 112/171/129 109/173/131 110/174/132
f 112/171/129 110/174/132 111/175/33
f 112/171/129 111/175/33 113/176/35
f 113/176/35 106/169/127 112/171/129
f 106/169/127 113/176/35 27/177/34
f 27/177/34 104/168/66 106/169/127
f 123/178/133 122/179/134 121/180/135
f 124/181/136 115/182/137 114/183/138
f 130/184/139 127/185/140 125/186/141
f 129/187/142 126/188/143 128/189/144
f 131/190/145 116/191/146 133/192/147
f 118/193/148 132/194/149 117/195/150
f 137/196/151 119/197/152 135/198/153
f 134/199/154 136/200/155 120/201/156
f 115/202/137 122/203/134 121/204/157
f 122/203/134 115/202/137 114/205/138
f 114/205/158 122/203/134 121/204/135
f 121/204/135 115/202/137 114/205/158
f 124/181/136 114/183/138 122/179/134
f 122/179/134 123/178/159 124/181/136
f 123/178/159 114/183/138 122/179/134
f 114/183/138 123/178/159 124/181/136
f 123/178/160 115/182/137 121/180/135
f 115/182/137 123/178/160 124/181/136
f 124/181/136 115/182/137 121/180/157
f 121/180/157 123/178/159 124/181/136
f 128/206/161 125/207/162 127/208/140
f 125/207/162 128/206/161 126/209/163
f 126/209/143 125/207/162 127/208/140
f 127/208/140 128/206/161 126/209/143
f 129/187/142 126/188/143 125/186/162
f 125/186/162 130/184/164 129/187/142
f 130/184/164 126/188/163 125/186/162
f 126/188/163 130/184/164 129/187/142
f 130/184/164 128/189/161 127/185/165
f 128/189/161 130/184/164 129/187/142
f 129/187/142 128/189/144 127/185/140
f 127/185/140 130/184/164 129/187/142
f 117/210/166 116/211/167 118/212/148
f 116/211/167 117/210/166 131/213/168
f 131/213/145 116/211/167 118/212/169
f 118/212/169 117/210/150 131/213/145
f 132/194/170 133/192/147 116/191/171
f 116/191/171 118/193/169 132/194/170
f 118/193/169 133/192/147 116/191/171
f 133/192/147 118/193/169 132/194/170
f 133/192/172 117/195/150 132/194/170
f 117/195/150 133/192/172 131/190/168
f 131/190/173 117/195/150 132/194/149
f 132/194/149 133/192/172 131/190/173
f 120/214/174 119/215/175 134/216/176
f 119/215/175 120/214/174 137/217/151
f 137/217/177 119/215/175 134/216/176
f 134/216/176 120/214/178 137/217/177
f 136/200/155 135/198/179 119/197/180
f 119/197/180 134/199/176 136/200/155
f 134/199/154 135/198/179 119/197/181
f 135/198/179 134/199/154 136/200/182
f 135/198/179 120/201/183 136/200/155
f 120/201/183 135/198/179 137/196/184
f 137/196/177 120/201/178 136/200/155
f 136/200/155 135/198/179 137/196/177
f 140/218/185 8/4/4 7/1/1
f 8/4/4 140/218/185 503/219/186
f 503/219/186 146/112/98 8/4/4
f 146/112/98 503/219/186 339/28/26
f 339/28/26 24/29/27 146/112/98
f 71/109/97 143/220/187 51/110/77
f 143/220/187 71/109/97 147/107/96
f 147/107/96 504/221/188 143/220/187
f 504/221/188 147/107/96 57/99/88
f 57/99/88 148/98/87 504/221/188
f 7/222/1 338/223/189 140/224/185
f 338/223/189 7/222/1 56/92/81
f 56/92/81 144/83/72 338/223/189
f 144/83/72 56/92/81 149/93/82
f 51/88/77 143/225/187 505/226/190
f 505/226/190 150/86/75 51/88/77
f 150/86/75 505/226/190 506/63/57
f 506/63/57 151/65/59 150/86/75
f 156/227/191 152/228/192 162/229/193
f 152/228/192 156/227/191 153/230/194
f 153/230/194 154/231/195 152/228/192
f 154/231/195 153/230/194 159/232/196
f 159/232/196 155/233/197 154/231/195
f 155/233/197 159/232/196 160/234/198
f 156/227/191 162/229/193 157/235/199
f 157/235/199 153/230/194 156/227/191
f 153/230/194 157/235/199 158/236/200
f 158/236/200 159/232/196 153/230/194
f 159/232/196 158/236/200 187/237/201
f 187/237/201 160/234/198 159/232/196
f 161/238/202 162/229/193 152/228/192
f 152/228/192 163/239/203 161/238/202
f 163/239/203 152/228/192 154/231/195
f 154/231/195 164/240/204 163/239/203
f 164/240/204 154/231/195 155/233/197
f 155/233/197 184/241/205 164/240/204
f 161/238/202 157/235/199 162/229/193
f 157/235/199 161/238/202 163/239/203
f 163/239/203 158/236/200 157/235/199
f 158/236/200 163/239/203 164/240/204
f 164/240/204 187/237/201 158/236/200
f 187/237/201 164/240/204 184/241/205
f 155/242/197 160/243/198 167/244/206
f 167/244/206 165/245/207 155/242/197
f 165/245/207 167/244/206 166/246/208
f 166/246/208 169/247/209 165/245/207
f 166/246/208 168/248/210 169/247/209
f 168/248/210 166/246/208 167/244/206
f 168/248/210 167/244/206 160/243/198
f 168/248/210 160/243/198 187/249/201
f 187/249/201 169/247/209 168/248/210
f 169/247/209 187/249/201 170/250/211
f 170/250/211 165/245/207 169/247/209
f 170/250/211 155/242/197 165/245/207
f 170/250/211 175/251/212 155/242/197
f 175/251/212 170/250/211 187/249/201
f 187/249/201 171/252/213 175/251/212
f 171/252/213 187/249/201 189/253/214
f 189/253/214 172/254/215 171/252/213
f 172/254/215 189/253/214 155/242/197
f 155/242/197 173/255/216 172/254/215
f 173/255/216 155/242/197 175/251/212
f 175/251/212 174/256/217 173/255/216
f 174/256/217 175/251/212 171/252/213
f 171/252/213 176/257/218 174/256/217
f 176/257/218 171/252/213 172/254/215
f 172/254/215 178/258/219 176/257/218
f 178/258/219 172/254/215 173/255/216
f 173/255/216 179/259/220 178/258/219
f 179/259/220 173/255/216 174/256/217
f 174/256/217 180/260/221 179/259/220
f 180/260/221 174/256/217 176/257/218
f 176/257/218 177/261/222 180/260/221
f 177/261/222 176/257/218 178/258/219
f 178/258/219 182/262/223 177/261/222
f 182/262/223 178/258/219 179/259/220
f 179/259/220 183/263/224 182/262/223
f 183/263/224 179/259/220 180/260/221
f 180/260/221 181/264/225 183/263/224
f 181/264/225 180/260/221 177/261/222
f 181/264/225 177/261/222 182/262/223
f 182/262/223 183/263/224 181/264/225
f 187/249/201 184/265/205 185/266/226
f 185/266/226 186/267/227 187/249/201
f 186/267/227 185/266/226 191/268/228
f 186/267/227 191/268/228 188/269/229
f 188/269/229 187/249/201 186/267/227
f 188/269/229 189/253/214 187/249/201
f 189/253/214 188/269/229 190/270/230
f 190/270/230 155/242/197 189/253/214
f 190/270/230 184/265/205 155/242/197
f 190/270/230 185/266/226 184/265/205
f 190/270/230 191/268/228 185/266/226
f 191/268/228 190/270/230 188/269/229
f 198/271/231 202/272/232 200/273/233
f 198/271/231 200/273/233 199/274/234
f 201/275/235 202/272/232 198/271/231
f 202/272/232 201/275/235 291/276/236
f 203/277/237 204/278/238 205/279/239
f 205/279/239 206/280/240 203/277/237
f 206/280/240 205/279/239 207/281/241
f 207/281/241 208/282/242 206/280/240
f 208/282/242 207/281/241 209/283/243
f 209/283/243 210/284/244 208/282/242
f 210/284/244 209/283/243 211/285/245
f 212/286/246 214/287/247 213/288/248
f 214/287/247 212/286/246 215/289/249
f 215/289/249 216/290/250 214/287/247
f 216/290/250 215/289/249 217/291/251
f 217/291/251 218/292/252 216/290/250
f 218/292/252 217/291/251 219/293/253
f 219/293/253 220/294/254 218/292/252
f 220/294/254 219/293/253 221/295/255
f 221/295/255 222/296/256 220/294/254
f 223/297/257 224/298/258 225/299/259
f 225/299/259 226/300/260 223/297/257
f 226/300/260 225/299/259 227/301/261
f 227/301/261 228/302/262 226/300/260
f 228/302/262 227/301/261 229/303/263
f 229/303/263 230/304/264 228/302/262
f 230/304/264 229/303/263 231/305/265
f 231/305/265 232/306/266 230/304/264
f 232/306/266 231/305/265 233/307/267
f 234/308/268 235/309/269 236/310/270
f 236/310/270 237/311/271 234/308/268
f 237/311/271 236/310/270 238/312/272
f 238/312/272 239/313/273 237/311/271
f 239/313/273 238/312/272 240/314/274
f 240/314/274 241/315/275 239/313/273
f 241/315/275 240/314/274 242/316/276
f 242/316/276 243/317/277 241/315/275
f 243/317/277 242/316/276 244/318/278
f 247/319/279 245/320/280 246/321/281
f 246/321/281 248/322/282 247/319/279
f 248/322/282 246/321/281 249/323/283
f 249/323/283 250/324/284 248/322/282
f 250/324/284 249/323/283 251/325/285
f 251/325/285 252/326/286 250/324/284
f 252/326/286 251/325/285 253/327/287
f 253/327/287 254/328/288 252/326/286
f 254/328/288 253/327/287 255/329/289
f 256/330/290 258/331/291 257/332/292
f 258/331/291 256/330/290 259/333/293
f 259/333/293 260/334/294 258/331/291
f 260/334/294 259/333/293 261/335/295
f 261/335/295 262/336/296 260/334/294
f 262/336/296 261/335/295 263/337/297
f 263/337/297 264/338/298 262/336/296
f 264/338/298 263/337/297 265/339/299
f 265/339/299 266/340/300 264/338/298
f 267/341/301 269/342/302 268/343/303
f 269/342/302 267/341/301 284/344/304
f 269/342/302 284/344/304 282/345/305
f 282/345/305 378/346/306 269/342/302
f 378/346/306 282/345/305 273/347/307
f 273/347/307 377/348/308 378/346/306
f 377/348/308 273/347/307 271/349/309
f 271/349/309 270/350/310 377/348/308
f 271/349/309 274/351/311 270/350/310
f 271/349/309 272/352/312 274/351/311
f 272/352/312 271/349/309 273/347/307
f 272/352/312 273/347/307 281/353/313
f 281/353/313 274/351/311 272/352/312
f 281/353/313 275/354/314 274/351/311
f 275/354/314 281/353/313 276/355/315
f 276/355/315 277/356/316 275/354/314
f 277/356/316 276/355/315 283/357/317
f 283/357/317 278/358/318 277/356/316
f 278/358/318 283/357/317 279/359/319
f 279/359/319 328/360/320 278/358/318
f 328/360/320 279/359/319 270/361/310
f 270/361/310 280/362/321 328/360/320
f 280/362/321 270/361/310 274/363/311
f 274/363/311 330/364/322 280/362/321
f 281/353/313 273/347/307 282/345/305
f 282/345/305 276/355/315 281/353/313
f 276/355/315 282/345/305 284/344/304
f 284/344/304 283/357/317 276/355/315
f 283/357/317 284/344/304 285/365/323
f 285/365/323 279/359/319 283/357/317
f 279/359/319 285/365/323 286/366/324
f 286/366/324 270/367/310 279/359/319
f 270/367/310 286/366/324 377/368/308
f 287/369/325 288/370/326 289/371/327
f 289/371/327 290/372/328 287/369/325
f 289/371/327 291/276/236 290/372/328
f 291/276/236 289/371/327 292/373/329
f 292/373/329 293/374/330 291/276/236
f 293/374/330 292/373/329 294/375/331
f 294/375/331 201/275/235 293/374/330
f 295/376/332 296/377/333 297/378/334
f 297/378/334 298/379/335 295/376/332
f 298/379/335 297/378/334 299/380/336
f 299/380/336 300/381/337 298/379/335
f 300/381/337 299/380/336 301/382/338
f 302/383/339 304/384/340 303/385/341
f 304/384/340 302/383/339 305/386/342
f 305/386/342 306/387/343 304/384/340
f 306/387/343 305/386/342 307/388/344
f 307/388/344 308/389/345 306/387/343
f 309/390/346 311/391/347 310/392/348
f 311/391/347 309/390/346 312/393/349
f 312/393/349 313/394/350 311/391/347
f 313/394/350 312/393/349 314/395/351
f 314/395/351 315/396/352 313/394/350
f 315/396/352 314/395/351 316/397/353
f 316/397/353 192/398/354 315/396/352
f 414/399/355 317/400/356 318/401/357
f 318/401/357 332/402/358 414/399/355
f 318/401/357 319/403/359 332/402/358
f 319/403/359 318/401/357 411/404/360
f 411/404/360 320/405/361 319/403/359
f 320/405/361 411/404/360 434/406/362
f 434/406/362 321/407/363 320/405/361
f 321/407/363 434/406/362 329/408/364
f 321/407/363 329/408/364 322/409/365
f 321/407/363 322/409/365 323/410/366
f 323/410/366 320/405/361 321/407/363
f 323/410/366 324/411/367 320/405/361
f 324/411/367 323/410/366 322/409/365
f 324/411/367 322/409/365 325/412/368
f 325/412/368 331/413/369 324/411/367
f 331/413/369 325/412/368 326/414/370
f 326/414/370 333/415/371 331/413/369
f 333/415/371 326/414/370 327/416/372
f 327/416/372 334/417/373 333/415/371
f 334/417/373 327/416/372 328/418/320
f 328/418/320 329/419/364 334/417/373
f 329/419/364 328/418/320 280/420/321
f 280/420/321 322/421/365 329/419/364
f 322/421/365 280/420/321 330/422/322
f 324/411/367 319/403/359 320/405/361
f 319/403/359 324/411/367 331/413/369
f 331/413/369 332/402/358 319/403/359
f 332/402/358 331/413/369 333/415/371
f 333/415/371 436/423/374 332/402/358
f 436/423/374 333/415/371 334/417/373
f 334/417/373 335/424/375 436/423/374
f 335/424/375 334/417/373 329/425/364
f 329/425/364 434/426/362 335/424/375
f 138/427/69 141/428/24 336/429/376
f 336/429/376 139/430/71 138/427/69
f 139/430/71 336/429/376 337/431/377
f 337/431/377 144/432/72 139/430/71
f 144/432/72 337/431/377 342/433/378
f 342/433/378 338/434/189 144/432/72
f 338/434/189 342/433/378 341/435/379
f 341/435/379 140/436/185 338/434/189
f 140/436/185 341/435/379 340/437/380
f 340/437/380 503/438/186 140/436/185
f 340/437/380 339/439/26 503/438/186
f 340/437/380 357/440/381 339/439/26
f 357/440/381 340/437/380 341/435/379
f 341/435/379 343/441/382 357/440/381
f 343/441/382 341/435/379 342/433/378
f 343/441/382 342/433/378 337/431/377
f 337/431/377 344/442/383 343/441/382
f 344/442/383 337/431/377 336/429/376
f 344/442/383 336/429/376 345/443/384
f 345/443/384 346/444/385 344/442/383
f 346/444/385 345/443/384 350/445/386
f 346/444/385 350/445/386 376/446/387
f 346/444/385 376/446/387 347/447/388
f 347/447/388 348/448/389 346/444/385
f 348/448/389 347/447/388 349/449/390
f 349/449/390 361/450/391 348/448/389
f 361/450/391 349/449/390 373/451/392
f 373/451/392 362/452/393 361/450/391
f 362/452/393 373/451/392 374/453/394
f 374/453/394 360/454/395 362/452/393
f 360/454/395 374/453/394 375/455/396
f 375/455/396 354/456/397 360/454/395
f 354/456/397 375/455/396 376/457/387
f 354/456/397 376/457/387 350/458/386
f 350/458/386 353/459/398 354/456/397
f 353/459/398 350/458/386 345/460/384
f 345/460/384 351/461/399 353/459/398
f 351/461/399 345/460/384 336/462/376
f 351/461/399 336/462/376 141/463/24
f 351/461/399 141/463/24 142/464/23
f 142/464/23 352/465/400 351/461/399
f 352/465/400 142/464/23 339/439/26
f 352/465/400 339/439/26 357/440/381
f 352/465/400 357/440/381 355/466/401
f 355/466/401 351/461/399 352/465/400
f 355/466/401 353/459/398 351/461/399
f 355/466/401 354/456/397 353/459/398
f 355/466/401 360/454/395 354/456/397
f 355/466/401 356/467/402 360/454/395
f 356/467/402 355/466/401 357/440/381
f 357/440/381 358/468/403 356/467/402
f 358/468/403 357/440/381 343/441/382
f 358/468/403 343/441/382 344/442/383
f 358/468/403 344/442/383 346/444/385
f 358/468/403 346/444/385 348/448/389
f 358/468/403 348/448/389 359/469/404
f 359/469/404 356/467/402 358/468/403
f 356/467/402 359/469/404 362/452/393
f 362/452/393 360/454/395 356/467/402
f 361/450/391 362/452/393 359/469/404
f 359/469/404 348/448/389 361/450/391
f 370/470/405 197/471/85 196/472/83
f 196/472/83 363/473/406 370/470/405
f 363/473/406 196/472/83 364/474/56
f 364/474/56 365/475/407 363/473/406
f 365/475/407 364/474/56 506/476/57
f 506/476/57 493/477/408 365/475/407
f 493/477/408 506/476/57 505/478/190
f 505/478/190 366/479/409 493/477/408
f 366/479/409 505/478/190 143/480/187
f 143/480/187 491/481/410 366/479/409
f 491/481/410 143/480/187 367/482/411
f 367/482/411 368/483/412 491/481/410
f 367/482/411 369/484/413 368/483/412
f 369/484/413 367/482/411 148/485/87
f 148/485/87 370/486/405 369/484/413
f 370/486/405 148/485/87 197/487/85
f 367/482/411 504/488/188 148/485/87
f 504/488/188 367/482/411 143/480/187
f 149/93/82 372/489/414 144/83/72
f 372/489/414 149/93/82 371/84/73
f 372/489/414 371/84/73 40/66/60
f 372/489/414 40/66/60 145/81/70
f 145/81/70 144/83/72 372/489/414
f 42/67/61 145/81/70 40/66/60
f 391/490/415 377/368/308 286/366/324
f 286/366/324 399/491/416 391/490/415
f 399/491/416 286/366/324 285/365/323
f 285/365/323 400/492/417 399/491/416
f 400/492/417 285/365/323 284/344/304
f 284/344/304 396/493/418 400/492/417
f 396/493/418 284/344/304 267/341/301
f 396/493/418 267/341/301 268/343/303
f 268/343/303 390/494/419 396/493/418
f 390/494/419 268/343/303 269/342/302
f 390/494/419 269/342/302 378/346/306
f 378/346/306 379/495/420 390/494/419
f 379/495/420 378/346/306 377/348/308
f 379/495/420 377/348/308 391/496/415
f 391/496/415 381/497/421 379/495/420
f 381/497/421 391/496/415 380/498/422
f 381/497/421 380/498/422 382/499/423
f 381/497/421 382/499/423 392/500/424
f 392/500/424 389/501/425 381/497/421
f 389/501/425 392/500/424 393/502/426
f 393/502/426 383/503/427 389/501/425
f 383/503/427 393/502/426 394/504/428
f 383/503/427 394/504/428 442/505/429
f 383/503/427 442/505/429 384/506/430
f 384/506/430 387/507/431 383/503/427
f 387/507/431 384/506/430 469/508/432
f 387/507/431 469/508/432 385/509/433
f 387/507/431 385/509/433 386/510/434
f 387/507/431 386/510/434 388/511/435
f 388/511/435 383/503/427 387/507/431
f 388/511/435 389/501/425 383/503/427
f 389/501/425 388/511/435 396/493/418
f 396/493/418 381/497/421 389/501/425
f 381/497/421 396/493/418 390/494/419
f 390/494/419 379/495/420 381/497/421
f 399/491/416 380/512/422 391/490/415
f 380/512/422 399/491/416 398/513/436
f 398/513/436 382/514/423 380/512/422
f 398/513/436 392/515/424 382/514/423
f 392/515/424 398/513/436 395/516/437
f 395/516/437 393/517/426 392/515/424
f 395/516/437 394/518/428 393/517/426
f 395/516/437 442/519/429 394/518/428
f 395/516/437 403/520/438 442/519/429
f 395/516/437 402/521/439 403/520/438
f 395/516/437 385/522/433 402/521/439
f 395/516/437 386/510/434 385/522/433
f 386/510/434 395/516/437 397/523/440
f 397/523/440 388/511/435 386/510/434
f 397/523/440 396/493/418 388/511/435
f 397/523/440 400/492/417 396/493/418
f 397/523/440 398/513/436 400/492/417
f 398/513/436 397/523/440 395/516/437
f 399/491/416 400/492/417 398/513/436
f 385/524/433 469/525/432 401/526/441
f 401/526/441 402/527/439 385/524/433
f 402/527/439 401/526/441 404/528/442
f 404/528/442 403/529/438 402/527/439
f 404/528/442 445/530/443 403/529/438
f 404/528/442 405/531/444 445/530/443
f 404/528/442 439/532/445 405/531/444
f 439/532/445 404/528/442 406/533/446
f 406/533/446 407/534/447 439/532/445
f 407/534/447 406/533/446 408/535/448
f 408/535/448 409/536/449 407/534/447
f 406/533/446 404/528/442 401/526/441
f 416/537/450 420/538/451 435/539/452
f 435/539/452 410/540/453 416/537/450
f 410/540/453 435/539/452 433/541/454
f 410/540/453 433/541/454 434/406/362
f 410/540/453 434/406/362 411/404/360
f 411/404/360 412/542/455 410/540/453
f 412/542/455 411/404/360 318/401/357
f 412/542/455 318/401/357 317/400/356
f 412/542/455 317/400/356 416/537/450
f 416/537/450 410/540/453 412/542/455
f 317/400/356 413/543/456 416/537/450
f 413/543/456 317/400/356 414/399/355
f 414/399/355 415/544/457 413/543/456
f 415/544/457 414/399/355 332/402/358
f 430/545/458 420/546/451 416/547/450
f 416/547/450 431/548/459 430/545/458
f 431/548/459 416/547/450 413/549/456
f 413/549/456 417/550/460 431/548/459
f 417/550/460 413/549/456 415/551/457
f 415/551/457 424/552/461 417/550/460
f 424/552/461 415/551/457 418/553/462
f 418/553/462 419/554/463 424/552/461
f 419/554/463 418/553/462 435/555/452
f 419/554/463 435/555/452 420/556/451
f 419/554/463 420/556/451 430/557/458
f 430/557/458 421/558/464 419/554/463
f 421/558/464 430/557/458 422/559/465
f 421/558/464 422/559/465 428/560/466
f 421/558/464 428/560/466 427/561/467
f 421/558/464 427/561/467 449/562/468
f 421/558/464 449/562/468 456/563/469
f 421/558/464 456/563/469 425/564/470
f 421/558/464 425/564/470 423/565/471
f 423/565/471 419/554/463 421/558/464
f 423/565/471 424/552/461 419/554/463
f 423/565/471 432/566/472 424/552/461
f 432/566/472 423/565/471 425/567/470
f 432/566/472 425/567/470 426/568/473
f 426/568/473 429/569/474 432/566/472
f 429/569/474 426/568/473 448/570/475
f 429/569/474 448/570/475 427/571/467
f 429/569/474 427/571/467 428/572/466
f 429/569/474 428/572/466 422/573/465
f 429/569/474 422/573/465 430/545/458
f 429/569/474 430/545/458 431/548/459
f 431/548/459 432/566/472 429/569/474
f 432/566/472 431/548/459 417/550/460
f 417/550/460 424/552/461 432/566/472
f 433/574/454 335/424/375 434/426/362
f 335/424/375 433/574/454 435/575/452
f 335/424/375 435/575/452 418/576/462
f 418/576/462 436/423/374 335/424/375
f 436/423/374 418/576/462 415/577/457
f 415/577/457 332/402/358 436/423/374
f 472/578/476 437/579/477 438/580/478
f 438/580/478 409/581/449 472/578/476
f 438/580/478 407/582/447 409/581/449
f 407/582/447 438/580/478 405/583/444
f 405/583/444 439/584/445 407/582/447
f 437/585/477 473/586/479 440/587/480
f 440/587/480 438/588/478 437/585/477
f 438/588/478 440/587/480 441/589/481
f 441/589/481 444/590/482 438/588/478
f 444/590/482 441/589/481 384/591/430
f 444/590/482 384/591/430 442/592/429
f 444/590/482 442/592/429 403/593/438
f 403/593/438 443/594/483 444/590/482
f 443/594/483 403/593/438 445/595/443
f 443/594/483 445/595/443 438/588/478
f 438/588/478 444/590/482 443/594/483
f 405/596/444 438/588/478 445/595/443
f 452/597/484 454/598/485 451/599/486
f 451/599/486 446/600/487 452/597/484
f 451/599/486 464/601/488 446/600/487
f 464/601/488 451/599/486 466/602/489
f 466/602/489 465/603/490 464/601/488
f 466/604/489 468/605/491 467/606/492
f 468/605/491 466/604/489 451/607/486
f 451/607/486 459/608/493 468/605/491
f 459/608/493 451/607/486 447/609/494
f 447/609/494 448/610/475 459/608/493
f 447/609/494 427/611/467 448/610/475
f 447/609/494 449/612/468 427/611/467
f 449/612/468 447/609/494 450/613/495
f 450/613/495 455/614/496 449/612/468
f 450/613/495 451/607/486 455/614/496
f 451/607/486 450/613/495 447/609/494
f 454/615/485 455/614/496 451/607/486
f 463/616/497 446/617/487 464/618/488
f 446/617/487 463/616/497 461/619/498
f 461/619/498 452/620/484 446/617/487
f 452/620/484 461/619/498 453/621/499
f 453/621/499 454/622/485 452/620/484
f 453/621/499 455/623/496 454/622/485
f 453/621/499 449/624/468 455/623/496
f 453/621/499 456/625/469 449/624/468
f 456/625/469 453/621/499 457/626/500
f 457/626/500 425/627/470 456/625/469
f 457/626/500 426/628/473 425/627/470
f 457/626/500 458/629/501 426/628/473
f 457/626/500 461/619/498 458/629/501
f 461/619/498 457/626/500 453/621/499
f 448/630/475 426/631/473 458/632/501
f 458/632/501 459/633/493 448/630/475
f 458/632/501 460/634/502 459/633/493
f 460/634/502 458/632/501 461/635/498
f 461/635/498 462/636/503 460/634/502
f 462/636/503 461/635/498 463/637/497
f 462/636/503 463/637/497 464/638/488
f 462/636/503 464/638/488 465/639/490
f 462/636/503 465/639/490 466/640/489
f 462/636/503 466/640/489 467/641/492
f 467/641/492 460/634/502 462/636/503
f 460/634/502 467/641/492 468/642/491
f 468/642/491 459/633/493 460/634/502
f 469/643/432 470/644/504 401/645/441
f 470/644/504 469/643/432 384/646/430
f 470/644/504 384/646/430 441/647/481
f 470/644/504 441/647/481 474/648/505
f 474/648/505 401/645/441 470/644/504
f 474/648/505 406/649/446 401/645/441
f 406/649/446 474/648/505 471/650/506
f 471/650/506 408/651/448 406/649/446
f 471/650/506 409/652/449 408/651/448
f 471/650/506 472/653/476 409/652/449
f 471/650/506 437/654/477 472/653/476
f 471/650/506 473/655/479 437/654/477
f 473/655/479 471/650/506 474/648/505
f 474/648/505 440/656/480 473/655/479
f 440/656/480 474/648/505 441/647/481
f 499/657/507 475/658/508 194/659/509
f 475/658/508 499/657/507 476/660/510
f 476/660/510 477/661/511 475/658/508
f 477/661/511 476/660/510 486/662/512
f 486/662/512 478/663/513 477/661/511
f 478/663/513 486/662/512 479/664/514
f 479/664/514 195/665/515 478/663/513
f 479/664/514 193/666/516 195/665/515
f 479/664/514 480/667/517 193/666/516
f 480/667/517 479/664/514 485/668/518
f 485/668/518 498/669/519 480/667/517
f 498/669/519 485/668/518 481/670/520
f 481/670/520 482/671/521 498/669/519
f 482/671/521 481/670/520 483/672/522
f 483/672/522 495/673/523 482/671/521
f 483/672/522 370/486/405 495/673/523
f 483/672/522 369/484/413 370/486/405
f 483/672/522 368/483/412 369/484/413
f 483/672/522 490/674/524 368/483/412
f 490/674/524 483/672/522 481/670/520
f 481/670/520 484/675/525 490/674/524
f 484/675/525 481/670/520 485/668/518
f 485/668/518 487/676/526 484/675/525
f 487/676/526 485/668/518 479/664/514
f 487/676/526 479/664/514 486/662/512
f 487/676/526 486/662/512 501/677/527
f 501/677/527 484/675/525 487/676/526
f 484/675/525 501/677/527 488/678/528
f 488/678/528 490/674/524 484/675/525
f 490/674/524 488/678/528 489/679/529
f 489/679/529 368/483/412 490/674/524
f 368/483/412 489/679/529 492/680/530
f 492/680/530 491/481/410 368/483/412
f 492/680/530 366/479/409 491/481/410
f 492/680/530 493/477/408 366/479/409
f 492/680/530 365/475/407 493/477/408
f 492/680/530 363/473/406 365/475/407
f 363/473/406 492/680/530 494/681/531
f 494/681/531 370/470/405 363/473/406
f 494/681/531 495/682/523 370/470/405
f 495/682/523 494/681/531 496/683/532
f 496/683/532 482/684/521 495/682/523
f 482/684/521 496/683/532 497/685/533
f 497/685/533 498/686/519 482/684/521
f 498/686/519 497/685/533 502/687/534
f 502/687/534 480/688/517 498/686/519
f 502/687/534 193/689/516 480/688/517
f 502/687/534 194/659/509 193/689/516
f 194/659/509 502/687/534 500/690/535
f 500/690/535 499/657/507 194/659/509
f 499/657/507 500/690/535 501/677/527
f 501/677/527 476/660/510 499/657/507
f 476/660/510 501/677/527 486/662/512
f 500/690/535 488/678/528 501/677/527
f 488/678/528 500/690/535 502/687/534
f 488/678/528 502/687/534 497/685/533
f 497/685/533 489/679/529 488/678/528
f 489/679/529 497/685/533 496/683/532
f 489/679/529 496/683/532 494/681/531
f 494/681/531 492/680/530 489/679/529
o Head
v -0.812500 34.312500 -2.124995
v 0.812500 34.312500 -2.124995
v -1.687500 17.250000 -3.687497
v -1.187500 16.687500 -3.749997
v -0.562500 17.125000 -3.812497
v -1.562500 18.375000 -3.499997
v -0.500000 19.125000 -3.374997
v -1.375000 19.687500 -3.249997
v 0.000000 16.625000 -3.812497
v 0.500000 17.125000 -3.812497
v -0.562500 18.187500 -3.562497
v 0.437500 18.000000 -3.624997
v 0.000000 19.062500 -3.374997
v 0.375000 19.125000 -3.437497
v 0.812500 19.187500 -3.374997
v 1.500000 18.312500 -3.437497
v 1.687500 17.187500 -3.624997
v 1.125000 16.750000 -3.812497
v -1.000000 34.625000 -0.687494
v -0.562500 34.437500 0.250006
v -0.750000 34.750000 -0.437494
v 0.000000 31.562500 -2.937495
v 0.062500 31.687500 -2.999995
v 0.437500 31.562500 -2.687495
v 0.250000 31.437500 -2.874995
v 0.000000 31.500000 -2.874995
v 0.000000 31.437500 -2.999995
v 0.000000 31.312500 -2.937495
v 0.250000 31.312500 -2.937495
v 0.500000 31.375000 -2.624995
v 0.187500 31.187500 -2.874995
v -0.187500 31.187500 -2.812495
v -0.187500 31.312500 -2.937495
v -0.437500 31.187500 -2.624995
v -0.187500 31.062500 -2.874995
v -0.250000 30.812500 -2.874995
v -0.937500 31.125000 -1.624995
v -1.000000 31.500000 -1.812495
v -1.125000 31.437500 -1.062495
v -1.125000 31.687500 -1.312495
v -1.187500 31.937500 -0.874995
v -1.125000 32.125000 -1.562495
v -0.812500 34.062500 -2.374995
v -0.750000 33.875000 -2.374995
v -0.437500 33.812500 -2.624995
v -0.437500 32.937500 -2.874995
v -0.437500 32.750000 -2.562495
v -0.250000 32.625000 -2.562495
v -0.312500 32.625000 -2.499995
v -0.312500 32.562500 -2.624995
v -0.125000 32.000000 -3.249995
v -0.062500 31.875000 -3.187495
v 0.000000 31.875000 -3.312495
v -0.250000 31.875000 -2.812495
v 0.000000 31.625000 -2.999995
v 0.625000 30.937500 -2.437495
v 0.437500 31.187500 -2.624995
v 0.187500 31.062500 -2.874995
v 0.000000 31.187500 -2.874995
v 0.000000 31.062500 -2.937495
v 0.250000 30.812500 -2.874995
v 0.250000 30.625000 -2.687495
v 1.187500 31.437500 -1.062495
v 1.062500 31.312500 -0.999995
v 1.062500 31.937500 -0.624995
v 1.187500 31.687500 -1.312495
v 1.187500 32.125000 -1.562495
v 1.312500 32.437500 -0.999995
v 1.250000 32.437500 -1.687495
v 1.187500 33.875000 -1.874995
v 0.812500 34.062500 -2.374995
v 1.062500 33.687500 -1.937495
v 1.250000 33.125000 -1.562495
v 1.062500 32.812500 -1.999995
v 1.062500 32.625000 -2.062495
v 0.937500 33.000000 -2.437495
v 0.750000 33.062500 -2.687495
v 0.750000 33.875000 -2.374995
v 0.437500 34.062500 -2.624995
v 0.000000 34.250000 -2.749995
v -0.375000 34.062500 -2.624995
v 0.000000 33.937500 -2.874995
v 0.000000 33.750000 -2.874995
v 0.437500 33.875000 -2.624995
v 0.500000 32.937500 -2.874995
v 0.437500 32.750000 -2.562495
v 0.312500 32.562500 -2.624995
v 0.562500 32.625000 -2.499995
v 0.562500 32.500000 -2.499995
v 0.812500 32.687500 -2.312495
v 1.062500 32.312500 -2.249995
v 1.000000 32.000000 -2.062495
v 0.937500 31.125000 -1.624995
v 1.000000 31.500000 -1.812495
v 0.625000 31.312500 -2.562495
v 0.812500 32.250000 -2.562495
v 0.500000 32.250000 -2.687495
v 0.625000 31.687500 -2.624995
v 0.312500 31.875000 -2.812495
v 0.000000 31.812500 -2.999995
v 0.000000 32.312500 -3.187495
v -0.062500 32.312500 -3.124995
v 0.000000 32.687500 -2.999995
v -0.062500 32.687500 -2.937495
v 0.000000 32.875000 -3.062495
v 0.125000 32.687500 -2.937495
v 0.000000 32.000000 -3.312495
v 0.125000 32.000000 -3.249995
v 0.125000 31.875000 -3.249995
v 0.125000 32.312500 -3.124995
v 0.250000 32.375000 -2.812495
v 0.812500 32.500000 -2.312495
v 0.250000 32.125000 -2.812495
v -0.250000 30.625000 -2.687495
v 0.000000 30.812500 -2.937495
v 0.000000 30.625000 -2.749995
v 0.500000 30.750000 -2.187495
v 0.562500 30.875000 -1.624995
v 0.000000 30.625000 -2.374995
v 0.000000 30.500000 -1.999995
v -0.500000 30.812500 -2.187495
v -0.562500 30.875000 -1.624995
v -0.375000 30.187500 -1.624995
v 0.000000 30.000000 -1.812495
v 0.000000 29.312500 -1.624995
v 0.375000 30.187500 -1.624995
v 0.937500 30.375000 -1.187495
v 1.125000 30.750000 -0.124995
v 0.000000 31.000000 0.562505
v 0.750000 31.750000 -0.062495
v 1.312500 33.625000 0.000005
v 1.437500 33.937500 -0.499994
v 1.250000 34.437500 -0.624994
v 1.062500 34.562500 -1.249994
v 1.250000 34.062500 -0.187494
v 0.937500 34.312500 0.000006
v 0.937500 33.625000 0.250005
v 1.250000 33.125000 0.000005
v 0.000000 32.500000 0.437505
v 0.000000 31.812500 0.187505
v 0.750000 32.500000 0.250005
v 0.000000 33.500000 0.625005
v 0.500000 34.437500 0.250006
v 0.687500 34.750000 -0.437494
v 0.000000 34.875000 -0.374994
v 0.000000 34.500000 0.375006
v 1.437500 33.500000 -0.437495
v 1.375000 33.000000 -0.499995
v 1.312500 31.937500 -0.749995
v 1.250000 31.937500 -0.999995
v 1.500000 32.437500 -0.437495
v 1.375000 32.875000 -0.999995
v 1.312500 33.687500 -1.062495
v 1.562500 32.937500 -0.437495
v 0.000000 30.500000 0.750005
v -1.125000 30.750000 -0.187495
v -0.687500 32.500000 0.250005
v -1.187500 33.125000 0.000005
v -1.000000 34.312500 0.000006
v -1.062500 34.562500 -0.124994
v -1.250000 34.437500 -0.624994
v -1.187500 34.375000 -1.187494
v -1.375000 33.000000 -0.687495
v -1.250000 32.812500 -0.374995
v -1.312500 32.875000 -0.999995
v -1.500000 32.375000 -0.437495
v -1.500000 32.937500 -0.437495
v -1.375000 33.500000 -0.374995
v -1.250000 34.062500 -0.124994
v -1.062500 32.437500 -0.062495
v -1.062500 31.812500 -0.749995
v -1.187500 32.375000 -0.437495
v -0.687500 31.750000 -0.062495
v -1.000000 31.312500 -0.937495
v -0.937500 30.312500 -1.312495
v -0.250000 32.375000 -2.812495
v -0.812500 32.500000 -2.312495
v -0.562500 32.437500 -2.499995
v -0.562500 32.625000 -2.499995
v -0.750000 32.687500 -2.312495
v -0.937500 33.062500 -2.437495
v -0.750000 33.062500 -2.687495
v -1.000000 33.687500 -1.937495
v -1.187500 33.875000 -1.874995
v -1.125000 34.125000 -1.624994
v -1.187500 33.062500 -1.562495
v -1.062500 32.812500 -1.999995
v -1.062500 32.625000 -1.999995
v -1.187500 32.437500 -1.687495
v -1.312500 33.625000 -0.999995
v -1.250000 32.437500 -0.999995
v -0.250000 31.500000 -2.749995
v 0.250000 31.500000 -2.749995
v 0.375000 31.312500 -2.187495
v 0.375000 31.437500 -2.624995
v 0.000000 23.812500 -0.874996
v -1.750000 23.875000 -3.187496
v -0.250000 35.125000 -1.562494
v 0.000000 34.687500 -1.937494
v -0.937500 35.000000 -1.437494
v -1.312500 34.625000 -1.312494
v -1.437500 34.250000 -1.187494
v -1.500000 32.812500 -0.124995
v -1.562500 33.437500 -0.062495
v -1.625000 34.000000 -0.249994
v -1.375000 33.937500 -0.499994
v 1.562500 32.812500 0.000005
v 1.250000 32.562500 -0.374995
v 1.562500 33.437500 0.000005
v 1.562500 33.937500 -0.249994
v 0.000000 34.875000 -1.374994
v -0.687500 34.750000 -1.312494
v 1.000000 34.625000 -0.687494
v 1.125000 34.625000 -0.124994
v 1.062500 34.375000 0.312506
v 1.000000 33.750000 0.437506
v 1.000000 33.312500 0.500005
v 0.875000 32.562500 0.375005
v 1.125000 32.437500 -0.062495
v -1.500000 34.062500 -0.374994
v -1.562500 34.562500 -0.499994
v -1.250000 34.875000 -0.624994
v -0.812500 35.125000 -0.687494
v 0.000000 35.312500 -0.687494
v 1.750000 33.937500 -0.437494
v 1.250000 34.375000 -1.187494
v 1.687500 34.375000 -0.562494
v 1.500000 34.750000 -0.624994
v 0.750000 34.750000 -1.312494
v 1.125000 35.000000 -0.687494
v 0.375000 35.187500 -0.687494
v 0.125000 35.187500 -1.562494
v 0.875000 35.062500 -1.437494
v 0.625000 34.625000 -1.874994
v 1.187500 34.812500 -1.312494
v 1.375000 34.437500 -1.187494
v 1.125000 34.250000 -1.624994
v 0.437500 33.437500 0.625005
v 1.000000 33.250000 0.312505
v 0.437500 33.875000 0.750006
v 0.375000 34.625000 0.437506
v 0.937500 34.562500 -0.187494
v 0.437500 35.187500 0.000006
v 0.500000 35.437500 -0.749994
v 0.437500 35.062500 -1.624994
v 0.937500 34.437500 -1.749994
v 0.375000 34.750000 -2.374994
v 0.375000 34.500000 -2.812494
v -0.125000 33.750000 -3.249995
v -0.500000 34.312500 -2.437495
v -0.125000 34.312500 -2.999995
v -0.625000 34.625000 -1.874994
v -0.187500 34.750000 -2.437494
v -0.187500 35.062500 -1.937494
v 0.125000 33.750000 -3.249995
v 0.125000 34.312500 -2.999995
v 0.500000 34.312500 -2.437495
v 0.187500 34.750000 -2.437494
v 0.250000 35.062500 -1.999994
v -0.937500 33.250000 0.312505
v -0.500000 33.437500 0.625005
v -0.437500 33.875000 0.750006
v -0.937500 33.625000 0.250005
v -0.375000 34.625000 0.437506
v -0.437500 35.062500 0.000006
v -0.437500 35.187500 -0.749994
v -0.437500 35.062500 -1.624994
v -1.000000 34.562500 -1.249994
v -0.375000 34.750000 -2.312494
v -0.875000 34.437500 -1.749994
v -0.375000 34.500000 -2.812494
v -0.937500 34.562500 -1.874994
v -0.625000 34.562500 -2.249994
v 0.000000 34.625000 -2.624994
v 0.625000 34.562500 -2.249994
v 0.937500 34.562500 -1.874994
v -1.125000 34.625000 -0.124994
v -1.062500 34.375000 0.312506
v -1.250000 33.625000 0.000005
v -1.000000 33.750000 0.437506
v -0.937500 33.312500 0.500005
v -0.875000 32.562500 0.375005
v -3.187500 28.250000 2.250005
v -1.812500 28.500000 2.187505
v -1.937500 29.375000 2.062505
v -3.312500 29.125000 2.125005
v -2.062500 30.187500 1.750005
v -3.437500 29.937500 1.750005
v -2.125000 30.687500 1.000005
v -2.125000 30.687500 -0.062495
v -3.500000 30.437500 0.937505
v -3.562500 30.500000 0.000005
v -2.125000 30.437500 -0.749995
v -3.562500 30.250000 -0.812495
v -2.062500 29.875000 -1.499995
v -3.437500 29.687500 -1.562495
v -1.937500 29.250000 -2.062495
v -3.375000 29.000000 -2.124995
v -1.812500 28.500000 -2.562495
v -3.250000 28.250000 -2.687495
v 3.187500 28.250000 2.250005
v 1.750000 28.500000 2.187505
v 1.875000 29.375000 2.000005
v 3.312500 29.125000 2.062505
v 2.000000 30.187500 1.750005
v 3.375000 29.937500 1.687505
v 2.062500 30.687500 0.937505
v 3.500000 30.437500 0.937505
v 2.062500 30.687500 -0.062495
v 3.500000 30.500000 -0.062495
v 2.062500 30.437500 -0.812495
v 3.437500 30.250000 -0.812495
v 1.937500 29.875000 -1.562495
v 3.375000 29.687500 -1.624995
v 1.875000 29.250000 -2.062495
v 3.250000 29.000000 -2.187495
v 1.750000 28.500000 -2.562495
v 3.125000 28.250000 -2.687495
v -1.875000 23.812500 1.437504
v -1.187500 24.000000 1.562504
v -0.750000 23.187500 1.562504
v -0.812500 22.812500 1.562504
v -0.437500 23.125000 1.562504
v -0.187500 22.937500 1.562504
v 0.250000 24.125000 1.500004
v 0.437500 23.875000 1.562504
v -0.687500 23.875000 1.500004
v 0.000000 24.000000 1.500004
v 0.437500 23.062500 1.562504
v 0.437500 22.625000 1.500004
v 0.812500 23.062500 1.625004
v 1.062500 22.750000 1.562504
v 1.562500 24.125000 1.562504
v 1.750000 23.812500 1.562504
v -1.812500 23.812500 -3.062496
v -1.125000 24.000000 -3.187496
v -0.750000 23.187500 -3.312496
v -0.750000 22.812500 -3.187496
v -0.375000 23.250000 -3.187496
v -0.187500 23.000000 -3.124996
v 0.312500 24.187500 -3.187496
v 0.500000 23.937500 -3.124996
v -0.625000 23.875000 -3.249996
v 0.000000 24.000000 -3.187496
v 0.500000 23.062500 -3.187496
v 0.437500 22.625000 -3.187496
v 0.812500 23.062500 -3.187496
v 1.500000 24.125000 -3.062496
v 1.062500 22.750000 -3.124996
v 1.687500 23.812500 -2.937496
v 1.437500 24.062500 -3.062496
v 1.687500 24.062500 -2.874996
v 1.812500 22.312500 -3.124996
v 1.500000 22.187500 -3.187496
v 2.062500 20.937500 -3.124997
v 1.625000 20.812500 -3.249997
v 2.687500 19.187500 -3.124997
v 1.937500 18.812500 -3.374997
v -1.875000 24.062500 -2.999996
v -1.500000 24.062500 -3.124996
v -1.625000 22.187500 -3.249996
v -2.000000 22.312500 -3.124996
v -1.750000 20.812500 -3.187497
v -2.125000 20.937500 -3.062497
v -2.062500 18.812500 -3.374997
v -2.687500 19.187500 -3.062497
v 2.937500 23.812500 0.625004
v 1.875000 23.812500 1.625004
v -3.000000 23.750000 0.562504
v -1.937500 23.687500 1.562504
v -0.625000 32.687500 -2.499995
v -0.312500 32.687500 -2.499995
v -0.375000 32.687500 -2.249995
v -0.687500 32.687500 -2.374995
v 0.750000 32.687500 -2.437495
v 0.312500 32.625000 -2.499995
v 0.625000 32.687500 -2.187495
v 0.312500 32.687500 -2.562495
v 0.687500 32.687500 -2.499995
v -0.625000 32.875000 -2.437495
v -0.687500 32.750000 -2.437495
v -0.750000 32.750000 -2.249995
v -0.625000 32.625000 -2.437495
v -0.500000 32.687500 -2.499995
v -0.500000 32.875000 -2.437495
v -0.312500 32.750000 -2.437495
v -0.375000 32.812500 -2.437495
v -0.187500 32.750000 -2.312495
v -0.375000 32.625000 -2.437495
v -0.500000 32.562500 -2.437495
v 0.750000 32.750000 -2.312495
v 0.625000 32.625000 -2.499995
v 0.625000 32.812500 -2.499995
v 0.500000 32.875000 -2.499995
v 0.375000 32.812500 -2.562495
v 0.312500 32.750000 -2.499995
v 0.187500 32.750000 -2.374995
v 0.375000 32.625000 -2.499995
v 0.500000 32.687500 -2.562495
v 0.500000 32.562500 -2.499995
v -1.937500 24.187500 1.562504
v 0.000000 24.312500 -0.874996
v -3.000000 24.250000 0.562504
v 1.562500 24.187500 -3.187496
v -3.062500 24.375000 -1.749996
v 0.000000 24.187500 -3.437496
v 2.812500 23.750000 -1.749996
v 2.937500 24.187500 -1.749996
v 1.562500 23.687500 -3.187496
v 0.000000 23.687500 -3.437496
v -1.750000 24.375000 -3.187496
v -3.000000 23.875000 -1.812496
v 0.000000 23.687500 1.812504
v 0.000000 24.187500 1.812504
v 1.875000 24.312500 1.625004
v 2.937500 24.312500 0.625004
v -1.562500 21.062500 1.937503
v -1.625000 20.937500 1.437503
v -1.687500 19.687500 1.687503
v -1.687500 18.250000 1.875003
v -1.687500 18.250000 2.562503
v -1.562500 16.750000 2.062503
v 0.000000 16.375000 2.062503
v 1.437500 16.750000 2.062503
v 1.625000 18.250000 1.875003
v 1.625000 19.687500 1.687503
v 1.625000 19.812500 2.250003
v 1.562500 20.937500 1.437503
v 1.562500 21.062500 1.937503
v 0.000000 20.875000 2.187503
v 0.000000 19.625000 2.812503
v -1.687500 19.812500 2.250003
v 0.000000 18.062500 3.000003
v -1.562500 16.687500 2.687503
v 0.000000 16.312500 2.937503
v 1.625000 18.250000 2.437503
v 1.500000 16.687500 2.625003
v -0.500000 13.562501 -3.687498
v 0.125000 14.875001 -3.624998
v -1.812500 13.875001 -3.624998
v -1.750000 15.187501 -3.562498
v -3.500000 13.812500 -1.999998
v -3.875000 14.000000 0.312502
v -3.812500 15.375000 0.312503
v -2.000000 14.187500 2.000002
v 0.062500 14.375000 2.437502
v 0.062500 15.750000 2.500003
v 2.187500 13.375000 1.812502
v 2.062500 15.250000 1.875003
v 3.875000 12.625000 0.000002
v 3.750000 12.687500 -1.562498
v 3.562500 14.812500 -1.624998
v 2.625000 12.625001 -3.187498
v 0.937500 13.062501 -3.687498
v 0.125000 13.312501 -3.687498
v 0.812500 14.687501 -3.562498
v -0.500000 15.000001 -3.687498
v -1.750000 16.750000 -3.562497
v -3.375000 15.125000 -1.999997
v -3.250000 16.812500 -1.999997
v -3.750000 17.125000 0.250003
v -2.000000 15.625000 2.062503
v -2.000000 17.437500 2.062503
v 0.062500 17.312500 2.500003
v 1.937500 17.187500 1.875003
v 3.750000 14.875000 0.000002
v 3.562500 17.125000 -0.062497
v 3.375000 17.062500 -1.687497
v 2.500000 14.562501 -3.124998
v 0.062500 16.625000 -3.624997
v 0.000000 17.812500 -3.499997
v -0.562500 17.875000 -3.562497
v -0.562500 16.687500 -3.687497
v -1.750000 18.250000 -3.249997
v -3.062500 18.812500 -1.812497
v -3.625000 19.062500 0.312503
v -1.937500 19.250000 1.937503
v 1.812500 19.125000 1.812503
v 3.250000 19.062500 -0.062497
v 3.125000 18.625000 -1.624997
v 2.375000 16.625000 -3.062497
v 2.187500 18.250000 -2.937497
v 0.687500 16.500000 -3.562497
v 0.687500 17.750000 -3.499997
v 1.812500 20.187500 -3.124997
v 2.687500 20.437500 -1.749997
v 3.125000 21.312500 0.000003
v 1.562500 20.937500 1.812503
v 0.062500 19.125000 2.375003
v 0.000000 20.875000 1.937503
v -1.625000 19.937500 -3.187497
v -0.937500 19.187500 -3.374997
v 15.687500 28.312500 -0.499995
v 16.500000 28.625000 -0.312495
v 15.812500 28.625000 -0.124995
v 16.500000 28.625000 -0.124995
v 15.562500 28.750000 -0.124995
v 15.562500 28.750000 0.000005
v 15.562500 28.812500 0.187505
v 14.937500 28.750000 0.000005
v 13.937500 28.625000 0.500005
v 14.000000 28.687500 -0.062495
v 13.562500 28.750000 0.000005
v 14.000000 28.437500 -0.437495
v 13.875000 27.812500 -0.624995
v 14.312500 28.125000 -0.749995
v 15.000000 28.187500 -0.812495
v 14.875000 28.687500 -0.374995
v 15.562500 28.750000 -0.312495
v 15.812500 28.625000 -0.312495
v 15.687500 28.500000 -0.499995
v 15.437500 28.437500 -0.624995
v 14.000000 28.312500 0.875005
v 15.500000 28.375000 1.125005
v 14.000000 28.000000 1.000005
v 13.500000 27.812500 0.625005
v 13.437500 27.687500 -0.062495
v 13.500000 28.062500 -0.312495
v 13.812500 27.437500 -0.249996
v 14.125000 27.812500 -0.874995
v 14.125000 27.437500 -0.624996
v 14.375000 27.437500 -1.249996
v 14.812500 27.375000 -1.874996
v 14.937500 27.750000 -1.312495
v 14.812500 27.500000 -1.124995
v 15.062500 27.937500 -0.687495
v 14.687500 27.562500 -0.562496
v 14.437500 27.437500 -0.062496
v 14.562500 27.875000 0.250005
v 13.875000 27.625000 0.312505
v 13.937500 27.750000 0.750005
v 15.562500 28.000000 0.875005
v 15.062500 28.000000 -0.374995
v 16.312500 28.187500 -0.312495
v 15.687500 28.187500 -0.249995
v 15.500000 28.125000 -0.312495
v 15.437500 28.250000 -0.562495
v 12.750000 27.937500 -0.187495
v 12.812500 27.625000 0.312505
v 12.250000 27.500000 0.312504
v 9.812500 26.937500 0.312504
v 9.812500 27.500000 -0.624996
v 10.312500 28.812500 -0.249995
v 9.625000 27.187500 1.000004
v 10.937500 27.312500 0.937504
v 11.000000 27.125000 0.312504
v 12.187500 27.750000 0.687505
v 12.812500 27.750000 0.687505
v 13.437500 27.687500 0.312505
v 12.750000 28.000000 0.875005
v 13.500000 28.000000 0.875005
v 13.500000 28.250000 0.812505
v 13.562500 28.687500 0.437505
v 13.500000 28.437500 -0.312495
v 12.062500 27.875000 -0.312495
v 10.875000 27.562500 -0.437495
v 11.500000 28.500000 -0.124995
v 12.687500 28.500000 -0.062495
v 12.687500 28.625000 0.500005
v 12.750000 28.312500 0.875005
v 11.937500 28.187500 0.875005
v 10.812500 28.125000 1.000005
v 11.500000 28.625000 0.562505
v 10.437500 28.625000 0.625005
v -0.750000 32.187500 -2.624995
v -1.062500 32.312500 -2.187495
v -1.000000 32.000000 -1.999995
v -0.625000 31.312500 -2.562495
v -0.562500 30.937500 -2.437495
v -0.187500 31.437500 -2.874995
v -0.375000 31.437500 -2.624995
v -0.500000 31.437500 -2.624995
v -0.375000 31.562500 -2.687495
v -0.062500 31.687500 -2.999995
v -0.625000 31.687500 -2.624995
v -0.250000 32.125000 -2.812495
v -0.500000 32.250000 -2.749995
v 0.437500 31.562500 -1.937495
v -0.437500 31.562500 -1.874995
v 0.312500 31.500000 -2.749995
v -0.312500 31.500000 -2.749995
v -0.375000 31.312500 -2.187495
v -1.625000 30.562500 0.062505
v -3.375000 21.250000 0.000003
v 1.312500 19.687500 -3.249997
v 1.062500 29.125000 -1.437495
v 1.562500 30.437500 0.000005
v -0.062500 28.500000 -1.812495
v -1.000000 29.250000 -1.562495
v -1.562500 29.937500 -0.999995
v -3.062500 20.750000 -1.999997
v -2.125000 21.125000 1.562503
v -7.187500 28.375000 -0.687495
v -7.500000 28.875000 -0.187495
v 0.375000 0.500000 -1.562500
v 0.375000 0.250000 -1.562500
v 0.312500 0.250000 -1.812500
v 0.312500 0.500000 -1.812500
v 0.250000 0.250000 -1.937500
v 0.250000 0.500000 -1.875000
v 0.125000 0.250000 -2.000000
v 0.125000 0.500000 -1.937500
v -0.062500 0.250000 -2.000000
v -0.062500 0.500000 -1.937500
v -0.187500 0.250000 -1.937500
v -0.187500 0.500000 -1.937500
v -0.312500 0.250000 -1.875000
v -0.312500 0.500000 -1.812500
v -0.375000 0.250000 -1.562500
v -0.375000 0.500000 -1.625000
v 0.437500 0.875000 0.375000
v 0.437500 0.875000 0.125000
v 0.375000 1.187500 0.187500
v 0.375000 1.125000 0.437500
v 0.250000 1.437500 0.312500
v 0.250000 1.312500 0.562500
v 0.125000 1.500000 0.312500
v 0.125000 1.375000 0.562500
v -0.062500 1.562500 0.312500
v -0.062500 1.375000 0.562500
v -0.187500 1.437500 0.312500
v -0.187500 1.375000 0.562500
v -0.312500 1.250000 0.250000
v -0.312500 1.125000 0.437500
v -0.375000 0.937500 0.125000
v -0.375000 0.875000 0.375000
v -17.625000 28.375000 -0.374995
v -17.687500 28.500000 -0.249995
v -17.562500 28.250000 -0.249995
v -17.062500 28.187500 -0.312495
v -16.312500 28.187500 -0.312495
v -16.437500 28.500000 0.000005
v -17.062500 28.375000 -0.062495
v -13.500000 28.062500 -0.312495
v -15.375000 28.437500 -0.624995
v -15.562500 28.187500 -0.499995
v -14.812500 28.062500 -0.999995
v -15.000000 27.875000 -0.999995
v -14.750000 27.875000 -1.937495
v -14.875000 27.687500 -1.874995
v -14.562500 27.750000 -2.249995
v -14.250000 27.812500 -1.062495
v -15.750000 28.500000 -0.499995
v -15.812500 28.625000 -0.187495
v -15.562500 28.750000 -0.312495
v -16.500000 28.625000 -0.187495
v -16.437500 28.375000 -0.499995
v -17.125000 28.562500 -0.249995
v -17.062500 28.375000 -0.437495
v -17.625000 28.375000 -0.124995
v -17.187500 27.687500 1.062505
v -16.500000 27.937500 1.000005
v -17.312500 27.625000 0.125005
v -17.562500 27.750000 0.062505
v -16.750000 28.250000 0.000005
v -16.500000 28.125000 0.125005
v -15.562500 28.125000 1.000005
v -15.500000 28.375000 1.125005
v -14.437500 28.750000 0.000005
v -15.562500 28.812500 0.187505
v -15.812500 28.687500 0.125005
v -16.562500 28.250000 1.062505
v -16.875000 28.375000 0.125005
v -14.625000 27.375000 -1.999996
v -13.875000 27.812500 -0.624995
v -13.812500 27.437500 -0.249996
v -14.250000 27.437500 -0.937496
v -14.812500 27.375000 -1.874996
v -14.000000 28.437500 -0.437495
v -15.562500 28.750000 -0.062495
v -13.562500 28.750000 0.000005
v -14.375000 28.375000 0.937505
v -13.562500 28.687500 0.437505
v -14.375000 28.000000 1.062505
v -13.437500 27.750000 0.437505
v -15.500000 28.250000 0.000005
v -15.687500 28.562500 0.000005
v -15.500000 28.125000 -0.312495
v -14.500000 27.875000 0.187505
v -14.750000 27.500000 -0.874996
v 17.625000 28.375000 -0.374995
v 17.562500 28.312500 -0.124995
v 16.437500 28.500000 0.000005
v 17.062500 28.187500 -0.312495
v 17.562500 28.250000 -0.249995
v 14.750000 27.875000 -1.937495
v 14.562500 27.750000 -2.249995
v 14.687500 27.937500 -1.249995
v 14.875000 27.687500 -1.874995
v 14.625000 27.375000 -1.999996
v 14.375000 27.812500 -1.312495
v -12.375000 28.250000 0.875005
v -13.500000 27.937500 0.875005
v -13.500000 28.312500 0.812505
v -12.125000 28.625000 0.500005
v -12.375000 28.562500 0.000005
v -12.375000 28.062500 -0.312495
v -13.437500 27.687500 -0.062495
v -12.437500 27.625000 -0.062495
v -12.562500 27.687500 0.500005
v -11.000000 27.187500 0.750004
v -10.437500 27.312500 -0.249996
v -7.812500 28.875000 -0.124995
v -8.062500 28.250000 -0.499995
v -8.812500 28.187500 -0.624995
v -8.750000 27.375000 -0.374996
v -10.250000 28.125000 -0.624995
v -9.875000 28.875000 -0.437495
v -8.562500 29.000000 -0.312495
v -8.437500 29.125000 0.312505
v -7.312500 28.812500 0.562505
v -8.000000 28.125000 1.062505
v -7.125000 28.187500 1.125005
v -7.062500 27.500000 1.000005
v -7.062500 27.375000 -0.062496
v -7.812500 27.375000 0.000004
v -7.875000 27.562500 0.875004
v -8.562500 27.187500 0.625004
v -9.750000 27.062500 0.750004
v -8.687500 28.062500 1.000005
v -10.187500 28.125000 1.125005
v -9.937500 28.625000 0.875005
v -9.812500 29.000000 0.312505
v -8.562500 28.625000 0.750005
v -7.937500 28.687500 0.687505
v 16.750000 28.250000 0.000005
v 15.687500 28.562500 0.000005
v 16.875000 28.375000 0.125005
v 16.562500 28.250000 1.062505
v 17.562500 27.750000 0.062505
v 16.437500 28.125000 1.125005
v 15.812500 28.687500 0.125005
v 15.562500 28.125000 1.187505
v 16.250000 27.937500 0.875005
v 16.500000 28.125000 0.125005
v 15.500000 28.250000 0.000005
v 17.312500 27.625000 0.125005
v 17.187500 27.687500 1.062505
v 16.937500 27.625000 0.875005
v 17.062500 28.375000 -0.062495
v 17.125000 28.500000 -0.124995
v 16.437500 28.375000 -0.499995
v 17.062500 28.375000 -0.437495
v 17.125000 28.562500 -0.312495
v 17.687500 28.500000 -0.312495
v 17.687500 28.437500 -0.187495
v 9.250000 29.000000 -0.312495
v 9.312500 28.750000 0.687505
v 9.437500 28.125000 1.062505
vt 3.199219 3.685059
vt 3.180420 3.713135
vt 3.199219 3.741455
vt 3.363770 3.706055
vt 3.336182 3.644775
vt 3.306885 3.680908
vt 3.369385 3.670654
vt 3.379639 3.626221
vt 3.350342 3.622803
vt 3.532471 3.644775
vt 3.513184 3.706787
vt 3.563232 3.669922
vt 3.499268 3.670654
vt 3.489014 3.626221
vt 3.518555 3.622803
vt 3.715576 3.488770
vt 3.836182 3.478027
vt 3.772217 3.438721
vt 3.719238 3.587402
vt 3.826660 3.590332
vt 3.771484 3.674805
vt 3.815430 3.682373
vt 3.722900 3.685059
vt 3.714600 3.490967
vt 3.834961 3.477539
vt 3.770264 3.439209
vt 3.718750 3.587402
vt 3.827148 3.592041
vt 3.770020 3.676514
vt 3.724365 3.683838
vt 3.816650 3.683105
vt 3.770508 3.668701
vt 3.817383 3.682617
vt 3.827148 3.589111
vt 3.723145 3.676270
vt 3.719971 3.587891
vt 3.835693 3.477539
vt 3.715576 3.489502
vt 3.770996 3.438965
vt 3.069092 3.667480
vt 3.156738 3.670410
vt 3.114990 3.627197
vt 3.056396 3.613037
vt 3.104980 3.593262
vt 3.094238 3.544189
vt 3.008545 3.555420
vt 3.092773 3.499512
vt 3.008545 3.619385
vt 3.008545 3.675781
vt 3.423584 3.373779
vt 3.398438 3.360840
vt 3.388672 3.363525
vt 3.434326 3.372559
vt 3.434326 3.361816
vt 3.445312 3.373779
vt 3.470215 3.361084
vt 3.480713 3.363525
vt 3.481934 3.355957
vt 3.491699 3.349365
vt 3.463867 3.361572
vt 3.455322 3.351807
vt 3.434326 3.363037
vt 3.434326 3.352051
vt 3.405273 3.361084
vt 3.412598 3.354980
vt 3.412842 3.343750
vt 3.434326 3.340332
vt 3.454834 3.341064
vt 3.482178 3.334961
vt 3.454590 3.333252
vt 3.457275 3.318848
vt 3.434326 3.331055
vt 3.414307 3.333252
vt 3.386475 3.337158
vt 3.411621 3.318848
vt 3.369141 3.311279
vt 3.409180 3.297363
vt 3.384033 3.281494
vt 3.310059 3.310303
vt 3.350342 3.268066
vt 3.264648 3.324951
vt 3.315918 3.351807
vt 3.272217 3.362305
vt 3.233398 3.377197
vt 3.284668 3.408447
vt 3.321289 3.397461
vt 3.331055 3.428467
vt 3.290771 3.437500
vt 3.245850 3.426270
vt 3.320557 3.605713
vt 3.361572 3.597656
vt 3.391113 3.596680
vt 3.364502 3.575195
vt 3.393799 3.572021
vt 3.358887 3.505371
vt 3.387207 3.498047
vt 3.368164 3.469482
vt 3.390381 3.469971
vt 3.421143 3.469727
vt 3.399170 3.466553
vt 3.407227 3.462158
vt 3.399414 3.463623
vt 3.402588 3.453857
vt 3.378418 3.463135
vt 3.376709 3.445557
vt 3.412354 3.434814
vt 3.405762 3.416504
vt 3.423096 3.431396
vt 3.405029 3.394775
vt 3.420410 3.402832
vt 3.421631 3.396484
vt 3.434326 3.395752
vt 3.434326 3.386963
vt 3.466064 3.394775
vt 3.494629 3.380371
vt 3.503906 3.347412
vt 3.497314 3.314453
vt 3.459717 3.297363
vt 3.434326 3.317871
vt 3.434326 3.296875
vt 3.459961 3.278564
vt 3.487061 3.284424
vt 3.561523 3.319092
vt 3.513916 3.273682
vt 3.604004 3.328125
vt 3.609863 3.311035
vt 3.652100 3.371094
vt 3.626709 3.376221
vt 3.598633 3.362549
vt 3.623047 3.418213
vt 3.589111 3.405518
vt 3.583984 3.432861
vt 3.651611 3.455566
vt 3.604492 3.486328
vt 3.649170 3.547363
vt 3.585938 3.535889
vt 3.584717 3.559814
vt 3.507324 3.597656
vt 3.552490 3.613037
vt 3.477783 3.596680
vt 3.504395 3.575195
vt 3.534180 3.491211
vt 3.558105 3.471924
vt 3.548340 3.448975
vt 3.514648 3.464355
vt 3.500732 3.469482
vt 3.510010 3.501465
vt 3.475098 3.572021
vt 3.434326 3.587158
vt 3.434326 3.621094
vt 3.434326 3.563477
vt 3.481689 3.500732
vt 3.478516 3.469971
vt 3.447510 3.470703
vt 3.469238 3.466553
vt 3.468994 3.463623
vt 3.467041 3.455322
vt 3.490479 3.462891
vt 3.491699 3.449463
vt 3.507324 3.465820
vt 3.513916 3.450684
vt 3.539062 3.427002
vt 3.548828 3.400391
vt 3.554932 3.357422
vt 3.504395 3.422119
vt 3.479004 3.426025
vt 3.463623 3.416016
vt 3.448486 3.402832
vt 3.447266 3.397461
vt 3.434326 3.403320
vt 3.434326 3.431396
vt 3.434326 3.469482
vt 3.434326 3.489990
vt 3.445557 3.431396
vt 3.458984 3.440186
vt 3.408936 3.278564
vt 3.434326 3.272217
vt 3.434814 3.256592
vt 3.435303 3.236328
vt 3.428711 3.184814
vt 3.398682 3.198242
vt 3.428711 3.136475
vt 3.399170 3.198242
vt 3.350586 3.267822
vt 3.247070 3.308594
vt 3.288574 3.254150
vt 3.418213 3.065918
vt 3.310547 3.147949
vt 3.149658 3.250488
vt 3.160889 3.226562
vt 3.009766 3.232910
vt 3.004150 3.265381
vt 3.107910 3.358887
vt 3.197754 3.368408
vt 3.142090 3.416260
vt 3.160156 3.434570
vt 3.124023 3.484375
vt 3.167480 3.530273
vt 3.124268 3.532715
vt 3.174316 3.573486
vt 3.137451 3.574951
vt 3.167480 3.625977
vt 3.238770 3.630371
vt 3.245361 3.662109
vt 3.156738 3.670410
vt 3.114014 3.627930
vt 3.104736 3.594727
vt 3.094482 3.545410
vt 3.093018 3.498291
vt 3.084961 3.427979
vt 3.009033 3.355713
vt 3.009766 3.431152
vt 3.009766 3.537354
vt 3.057617 3.614014
vt 3.070068 3.667725
vt 3.009766 3.675537
vt 3.009766 3.620361
vt 3.232910 3.562988
vt 3.189209 3.499512
vt 3.170654 3.428955
vt 3.213379 3.376953
vt 3.243164 3.381104
vt 3.231201 3.431885
vt 3.171875 3.481689
vt 3.231445 3.502197
vt 3.302734 3.245117
vt 3.328857 3.116699
vt 3.192627 3.262451
vt 3.273193 3.210205
vt 3.179199 3.246582
vt 3.008545 3.231201
vt 3.003662 3.265137
vt 3.108398 3.358154
vt 3.008057 3.356445
vt 3.087158 3.427002
vt 3.008545 3.433350
vt 3.008545 3.537354
vt 3.124023 3.484375
vt 3.124268 3.532715
vt 3.137451 3.574951
vt 3.167480 3.625977
vt 3.245361 3.662109
vt 3.238770 3.630371
vt 3.174316 3.573486
vt 3.232422 3.565918
vt 3.167480 3.530273
vt 3.204346 3.495361
vt 3.153320 3.460938
vt 3.224121 3.471924
vt 3.171875 3.481689
vt 3.231689 3.431885
vt 3.170654 3.428955
vt 3.167236 3.408447
vt 3.142090 3.416260
vt 3.246582 3.312012
vt 3.217529 3.358643
vt 3.392578 3.419922
vt 3.351074 3.447266
vt 3.363037 3.414795
vt 3.318604 3.450684
vt 3.362549 3.464111
vt 3.354248 3.461182
vt 3.312500 3.478027
vt 3.337402 3.504883
vt 3.312988 3.550049
vt 3.320312 3.573486
vt 3.270020 3.626709
vt 3.274170 3.500000
vt 3.184814 3.713135
vt 3.196777 3.689941
vt 3.236084 3.747314
vt 3.196777 3.736572
vt 3.208496 3.752686
vt 3.257812 3.750732
vt 3.265869 3.893555
vt 3.253174 3.908203
vt 3.281738 3.914795
vt 3.298340 3.893066
vt 3.310547 3.907715
vt 3.281738 3.891113
vt 3.669678 3.253418
vt 3.650391 3.184082
vt 3.551025 3.192871
vt 3.556885 3.265869
vt 3.494385 3.166748
vt 3.492432 3.241943
vt 3.451660 3.125732
vt 3.444336 3.205811
vt 3.022949 3.098633
vt 3.172607 3.114502
vt 3.074707 3.154785
vt 3.114990 3.066162
vt 3.225586 3.062988
vt 3.134277 3.048828
vt 3.245850 3.035889
vt 3.116699 3.059814
vt 3.176758 3.006836
vt 3.159424 3.126953
vt 3.053711 3.087891
vt 3.095703 3.145996
vt 3.434326 3.720459
vt 3.434326 3.673828
vt 3.176025 3.733398
vt 3.075439 3.715088
vt 3.098389 3.763184
vt 3.008545 3.729980
vt 3.015137 3.783691
vt 3.622314 3.576660
vt 3.602051 3.550781
vt 3.595703 3.633789
vt 3.175049 3.734131
vt 3.093750 3.762695
vt 3.076416 3.716064
vt 3.013672 3.782715
vt 3.009766 3.730713
vt 3.796143 3.429199
vt 3.732178 3.445068
vt 3.684082 3.398438
vt 3.748047 3.382812
vt 3.668457 3.354004
vt 3.732422 3.338867
vt 3.666504 3.302490
vt 3.730469 3.287842
vt 3.683105 3.228516
vt 3.741699 3.217773
vt 3.776855 3.132568
vt 3.742920 3.099365
vt 3.784180 3.065918
vt 3.721924 3.170654
vt 3.689453 3.108154
vt 3.666504 3.175537
vt 3.628662 3.105957
vt 3.599854 3.169189
vt 3.522705 3.054688
vt 3.480469 3.107910
vt 3.489014 3.125977
vt 3.520264 3.056152
vt 3.547119 3.074707
vt 3.546387 3.148193
vt 3.594727 3.100098
vt 3.598633 3.170898
vt 3.652832 3.109375
vt 3.669434 3.177734
vt 3.727051 3.102539
vt 3.747803 3.156982
vt 3.650146 3.182861
vt 3.669189 3.252197
vt 3.555664 3.264404
vt 3.552979 3.190674
vt 3.489990 3.240723
vt 3.495361 3.164551
vt 3.443848 3.203857
vt 3.451660 3.123779
vt 3.001465 3.150146
vt 3.010498 3.120605
vt 3.038818 3.141357
vt 3.018066 3.179932
vt 3.078369 3.155029
vt 3.074707 3.203125
vt 3.108398 3.159180
vt 3.125000 3.206787
vt 3.158691 3.145264
vt 3.199951 3.181152
vt 3.194336 3.113281
vt 3.252686 3.128174
vt 3.219238 3.080322
vt 3.284912 3.074951
vt 3.234619 3.050781
vt 3.297852 3.032959
vt 3.253662 3.001221
vt 3.173340 3.031982
vt 3.145020 3.066406
vt 3.207275 3.089844
vt 3.066650 3.093262
vt 3.132080 3.137939
vt 3.000977 3.091064
vt 3.070312 3.149902
vt 3.173340 3.031982
vt 3.253662 3.001221
vt 3.207275 3.089844
vt 3.145020 3.066406
vt 3.132080 3.137939
vt 3.066650 3.093262
vt 3.070312 3.149902
vt 3.000977 3.091064
vt 3.010498 3.120605
vt 3.001465 3.150146
vt 3.018066 3.179932
vt 3.038818 3.141357
vt 3.074707 3.203125
vt 3.078369 3.155029
vt 3.125000 3.206787
vt 3.108398 3.159180
vt 3.199951 3.181152
vt 3.158691 3.145264
vt 3.252686 3.128174
vt 3.194336 3.113281
vt 3.284912 3.074951
vt 3.219238 3.080322
vt 3.297852 3.032959
vt 3.234619 3.050781
vt 3.466309 3.239746
vt 3.588135 3.194336
vt 3.518555 3.186523
vt 3.549561 3.265137
vt 3.646729 3.183105
vt 3.622559 3.284668
vt 3.588135 3.194336
vt 3.549561 3.265137
vt 3.518555 3.186523
vt 3.466309 3.239746
vt 3.732178 3.445068
vt 3.796143 3.429199
vt 3.748047 3.382812
vt 3.684082 3.398438
vt 3.732422 3.338867
vt 3.668457 3.354004
vt 3.730469 3.287842
vt 3.666504 3.302490
vt 3.741699 3.217773
vt 3.683105 3.228516
vt 3.940918 3.453857
vt 3.837402 3.453857
vt 3.837402 3.501953
vt 3.940918 3.501953
vt 3.837402 3.560059
vt 3.940918 3.560059
vt 3.837402 3.640869
vt 3.940918 3.641357
vt 3.837402 3.673584
vt 3.940918 3.673584
vt 3.837402 3.646484
vt 3.940918 3.646484
vt 3.837402 3.574219
vt 3.940918 3.574219
vt 3.837402 3.519043
vt 3.940918 3.519043
vt 3.837402 3.455078
vt 3.940918 3.455078
vt 3.940918 3.455078
vt 3.837402 3.501465
vt 3.837402 3.455078
vt 3.940918 3.501465
vt 3.837402 3.560791
vt 3.940918 3.560791
vt 3.837402 3.639404
vt 3.940918 3.640137
vt 3.837402 3.673584
vt 3.940918 3.673584
vt 3.837402 3.647705
vt 3.940918 3.647705
vt 3.837402 3.575684
vt 3.940918 3.575684
vt 3.837402 3.520508
vt 3.940918 3.520508
vt 3.837402 3.456299
vt 3.940918 3.456299
vt 3.998047 3.684570
vt 3.946289 3.455566
vt 3.946289 3.684570
vt 3.998047 3.455566
vt 3.945801 3.598633
vt 3.998047 3.598633
vt 3.945801 3.459229
vt 3.998047 3.459229
vt 3.998047 3.684570
vt 3.946289 3.455566
vt 3.946289 3.684570
vt 3.998047 3.455566
vt 3.945801 3.598633
vt 3.998047 3.598633
vt 3.945801 3.459229
vt 3.998047 3.459229
vt 3.998047 3.684570
vt 3.946289 3.684570
vt 3.946289 3.455566
vt 3.998047 3.455566
vt 3.945801 3.598633
vt 3.998047 3.598633
vt 3.945801 3.459229
vt 3.998047 3.459229
vt 3.998047 3.684570
vt 3.946289 3.684570
vt 3.946289 3.455566
vt 3.998047 3.455566
vt 3.945801 3.598633
vt 3.998047 3.598633
vt 3.945801 3.459229
vt 3.998047 3.459229
vt 3.945801 3.459229
vt 3.998047 3.459229
vt 3.998047 3.598633
vt 3.945801 3.598633
vt 3.998047 3.455566
vt 3.946289 3.455566
vt 3.998047 3.684570
vt 3.946289 3.684570
vt 3.998047 3.459229
vt 3.945801 3.459229
vt 3.945801 3.598633
vt 3.998047 3.598633
vt 3.946289 3.455566
vt 3.998047 3.455566
vt 3.946289 3.684570
vt 3.998047 3.684570
vt 3.251221 3.914795
vt 3.252686 3.929199
vt 3.262939 3.938477
vt 3.300537 3.937744
vt 3.312500 3.914062
vt 3.311035 3.927979
vt 3.281738 3.939941
vt 3.248535 3.700928
vt 3.240479 3.701172
vt 3.262939 3.701416
vt 3.276123 3.704590
vt 3.286377 3.706299
vt 3.282227 3.700684
vt 3.281250 3.696777
vt 3.277588 3.696289
vt 3.262939 3.701416
vt 3.229004 3.700684
vt 3.248535 3.700928
vt 3.277588 3.696289
vt 3.281250 3.696777
vt 3.282227 3.700684
vt 3.276123 3.704590
vt 3.286377 3.706299
vt 3.603760 3.629150
vt 3.638184 3.653564
vt 3.629395 3.630127
vt 3.637939 3.607422
vt 3.659668 3.634277
vt 3.659912 3.663086
vt 3.692871 3.632812
vt 3.681885 3.655029
vt 3.717041 3.631836
vt 3.684570 3.609619
vt 3.661133 3.599121
vt 3.603760 3.629150
vt 3.629395 3.630127
vt 3.638184 3.653564
vt 3.637939 3.607422
vt 3.659668 3.634277
vt 3.659912 3.663086
vt 3.692871 3.632812
vt 3.681885 3.655029
vt 3.717041 3.631836
vt 3.684570 3.609619
vt 3.661133 3.599121
vt 3.290771 3.906494
vt 3.311279 3.927490
vt 3.277100 3.948242
vt 3.271729 3.907227
vt 3.252441 3.923096
vt 3.236816 3.942627
vt 3.236328 3.962646
vt 3.256104 3.982910
vt 3.300537 3.971924
vt 3.313721 3.954102
vt 3.282471 3.985840
vt 3.517822 3.047119
vt 3.517822 3.012695
vt 3.431396 3.010498
vt 3.431396 3.047607
vt 3.447021 3.009766
vt 3.447021 3.047852
vt 3.561523 3.009766
vt 3.561523 3.047852
vt 3.611572 3.009766
vt 3.611572 3.047852
vt 3.665527 3.011963
vt 3.665527 3.047363
vt 3.522461 3.012695
vt 3.522461 3.047119
vt 3.406494 3.012695
vt 3.406494 3.047119
vt 3.306396 3.012695
vt 3.306396 3.047119
vt 3.401855 3.012695
vt 3.401855 3.047119
vt 3.090820 3.995850
vt 3.090820 3.990723
vt 3.094971 3.935059
vt 3.094971 3.940430
vt 3.094482 3.871338
vt 3.094482 3.873291
vt 3.085205 3.806396
vt 3.085205 3.803467
vt 3.004150 3.789795
vt 3.004150 3.787109
vt 3.086426 3.806396
vt 3.086426 3.803467
vt 3.093506 3.871338
vt 3.093506 3.873291
vt 3.091553 3.935059
vt 3.091797 3.940430
vt 3.091797 3.990723
vt 3.091797 3.995850
vt 3.005127 3.933838
vt 3.005615 3.988525
vt 3.004639 3.864990
vt 3.285400 3.806152
vt 3.290527 3.756348
vt 3.266602 3.762451
vt 3.261230 3.809814
vt 3.219482 3.770508
vt 3.217285 3.812988
vt 3.159180 3.764648
vt 3.157227 3.805664
vt 3.110840 3.762695
vt 3.109131 3.809326
vt 3.201172 3.769287
vt 3.200684 3.822510
vt 3.281982 3.758545
vt 3.276611 3.828369
vt 3.359863 3.741699
vt 3.350098 3.813965
vt 3.444092 3.731934
vt 3.433350 3.805664
vt 3.424316 3.735352
vt 3.412842 3.803223
vt 3.377441 3.740234
vt 3.369385 3.797119
vt 3.319580 3.749512
vt 3.311768 3.803223
vt 3.278809 3.857910
vt 3.257324 3.859863
vt 3.222168 3.857178
vt 3.160889 3.850342
vt 3.106445 3.855713
vt 3.197266 3.873291
vt 3.272217 3.874268
vt 3.338379 3.874512
vt 3.420410 3.878906
vt 3.393066 3.874512
vt 3.351074 3.859375
vt 3.300049 3.856201
vt 3.295654 3.895264
vt 3.274414 3.896484
vt 3.301270 3.947021
vt 3.270020 3.939941
vt 3.254395 3.896973
vt 3.215088 3.903076
vt 3.157959 3.908447
vt 3.109131 3.913086
vt 3.194336 3.928467
vt 3.267822 3.928467
vt 3.329834 3.930420
vt 3.410156 3.932129
vt 3.381104 3.920166
vt 3.342041 3.909424
vt 3.334473 3.962891
vt 3.370605 3.971680
vt 3.398926 3.985352
vt 3.317139 3.987061
vt 3.260986 3.988281
vt 3.183350 3.994873
vt 3.105957 3.995117
vt 3.150391 3.975586
vt 3.210693 3.950684
vt 3.238770 3.942383
vt 3.840576 3.092529
vt 3.824707 3.095703
vt 3.822998 3.135498
vt 3.836914 3.129395
vt 3.841064 3.157227
vt 3.850830 3.148682
vt 3.866943 3.168457
vt 3.870850 3.157715
vt 3.880127 3.173096
vt 3.883301 3.161865
vt 3.920898 3.170654
vt 3.887451 3.184814
vt 3.924561 3.182617
vt 3.887939 3.194580
vt 3.924805 3.193848
vt 3.922607 3.199219
vt 3.882568 3.202881
vt 3.874268 3.195801
vt 3.874512 3.202148
vt 3.840820 3.205566
vt 3.876709 3.214355
vt 3.887451 3.212402
vt 3.874268 3.266602
vt 3.787354 3.236328
vt 3.787598 3.203369
vt 3.761230 3.235352
vt 3.760986 3.207764
vt 3.786133 3.182129
vt 3.756104 3.189697
vt 3.760498 3.166748
vt 3.779297 3.153809
vt 3.802979 3.163818
vt 3.795898 3.144775
vt 3.804688 3.119141
vt 3.836426 3.184326
vt 3.873535 3.183594
vt 3.757568 3.257080
vt 3.789307 3.259277
vt 3.789795 3.272217
vt 3.762207 3.272705
vt 3.791016 3.292969
vt 3.769775 3.300049
vt 3.787109 3.319092
vt 3.761475 3.318848
vt 3.783203 3.353271
vt 3.762207 3.343262
vt 3.764893 3.355469
vt 3.775879 3.378662
vt 3.799316 3.372803
vt 3.785889 3.392090
vt 3.804932 3.420654
vt 3.814209 3.407471
vt 3.837891 3.400391
vt 3.827637 3.448975
vt 3.839355 3.440430
vt 3.849121 3.444092
vt 3.849365 3.411377
vt 3.851074 3.377686
vt 3.831299 3.369629
vt 3.811768 3.348633
vt 3.819824 3.320068
vt 3.877686 3.282959
vt 3.880127 3.271240
vt 3.875244 3.333740
vt 3.850098 3.360107
vt 3.876465 3.354248
vt 3.887451 3.353516
vt 3.887939 3.337402
vt 3.927979 3.339355
vt 3.920166 3.354492
vt 3.927490 3.365234
vt 3.886475 3.364502
vt 3.874268 3.369385
vt 3.449707 3.760986
vt 3.486084 3.770264
vt 3.448242 3.780273
vt 3.449463 3.741455
vt 3.480469 3.733643
vt 3.525391 3.763672
vt 3.508545 3.722168
vt 3.589355 3.745850
vt 3.579346 3.697998
vt 3.642822 3.694336
vt 3.645508 3.739014
vt 3.622070 3.818115
vt 3.685059 3.827881
vt 3.624756 3.878662
vt 3.687744 3.888672
vt 3.607422 3.918457
vt 3.684326 3.924072
vt 3.603516 3.963379
vt 3.676025 3.969482
vt 3.667969 3.995361
vt 3.602539 3.992432
vt 3.529541 3.954590
vt 3.527588 3.979004
vt 3.499023 3.952881
vt 3.497803 3.972412
vt 3.465576 3.974854
vt 3.456055 3.954346
vt 3.498535 3.933838
vt 3.459717 3.937256
vt 3.499756 3.920166
vt 3.458008 3.922852
vt 3.502197 3.887939
vt 3.451904 3.887207
vt 3.495361 3.821045
vt 3.447754 3.849365
vt 3.447754 3.801758
vt 3.559570 3.818359
vt 3.567871 3.887939
vt 3.544678 3.926025
vt 3.374023 3.377197
vt 3.368652 3.345215
vt 3.377441 3.346191
vt 3.387695 3.355957
vt 3.208496 3.673828
vt 3.236084 3.679199
vt 3.257812 3.675781
vt 3.814697 3.063965
vt 3.814697 3.031982
vt 3.828125 3.031982
vt 3.828125 3.063965
vt 3.861084 3.031982
vt 3.861328 3.063965
vt 3.889404 3.031982
vt 3.889404 3.063965
vt 3.932129 3.031982
vt 3.932129 3.063965
vt 3.947510 3.031982
vt 3.948730 3.063965
vt 3.972168 3.031982
vt 3.972168 3.063965
vt 3.997559 3.031982
vt 3.997559 3.063965
vt 3.812988 3.033936
vt 3.813232 3.000977
vt 3.826660 3.000488
vt 3.826660 3.033203
vt 3.865234 3.000244
vt 3.864746 3.032959
vt 3.885254 2.992432
vt 3.885254 3.032715
vt 3.925049 2.992432
vt 3.925049 3.032715
vt 3.944580 3.000244
vt 3.945068 3.032959
vt 3.971191 3.000488
vt 3.971191 3.033203
vt 3.996826 3.000977
vt 3.996582 3.033936
vt 3.994141 3.359863
vt 3.995361 3.346191
vt 3.998535 3.357178
vt 3.990234 3.353271
vt 3.961426 3.354736
vt 3.964111 3.363525
vt 3.920166 3.354492
vt 3.927490 3.365234
vt 3.880371 3.366943
vt 3.875244 3.355225
vt 3.887939 3.337402
vt 3.927979 3.339355
vt 3.963135 3.341797
vt 3.760498 3.166748
vt 3.786133 3.182129
vt 3.760986 3.207764
vt 3.779297 3.153809
vt 3.800293 3.131836
vt 3.866943 3.168457
vt 3.832031 3.146484
vt 3.877197 3.159912
vt 3.843994 3.139160
vt 3.824707 3.095703
vt 3.840576 3.092529
vt 3.811768 3.076416
vt 3.880127 3.173096
vt 3.920898 3.170654
vt 3.887695 3.189697
vt 3.873535 3.183594
vt 3.874512 3.198975
vt 3.882568 3.202881
vt 3.924561 3.188232
vt 3.961426 3.186523
vt 3.957764 3.169678
vt 3.987793 3.169434
vt 3.992432 3.178467
vt 3.991943 3.191406
vt 3.958496 3.197998
vt 3.922607 3.199219
vt 3.980225 3.270996
vt 3.932617 3.261963
vt 3.988770 3.205078
vt 3.940186 3.277588
vt 3.874268 3.266602
vt 3.878906 3.277100
vt 3.930176 3.328857
vt 3.988281 3.327148
vt 3.993896 3.330811
vt 3.945557 3.336182
vt 3.875244 3.333740
vt 3.819336 3.326416
vt 3.809326 3.272217
vt 3.812500 3.260986
vt 3.876709 3.214355
vt 3.814209 3.204590
vt 3.887451 3.212402
vt 3.943359 3.208984
vt 3.940186 3.200684
vt 3.849121 3.444092
vt 3.824219 3.462646
vt 3.827637 3.448975
vt 3.839355 3.440430
vt 3.806885 3.390137
vt 3.795410 3.406250
vt 3.783203 3.353271
vt 3.775879 3.378662
vt 3.764893 3.355469
vt 3.762207 3.343262
vt 3.765625 3.309570
vt 3.834717 3.385010
vt 3.761230 3.235352
vt 3.757568 3.257080
vt 3.762207 3.272705
vt 3.850098 3.394531
vt 3.998535 3.347412
vt 3.994141 3.359863
vt 3.998535 3.357178
vt 3.991943 3.344727
vt 3.990234 3.353271
vt 3.963135 3.341797
vt 3.961426 3.354736
vt 3.964111 3.363525
vt 3.811768 3.076416
vt 3.824219 3.462646
vt 3.626709 3.924072
vt 3.603027 3.979248
vt 3.671875 3.982422
vt 3.516602 3.927734
vt 3.511475 3.979980
vt 3.460938 3.964600
vt 3.459717 3.937256
vt 3.458008 3.922852
vt 3.518555 3.887939
vt 3.451904 3.887207
vt 3.506348 3.826904
vt 3.447754 3.849365
vt 3.505371 3.770508
vt 3.448242 3.780273
vt 3.505615 3.756592
vt 3.449707 3.760986
vt 3.449463 3.741455
vt 3.497559 3.728271
vt 3.599365 3.730469
vt 3.579346 3.697998
vt 3.642822 3.694336
vt 3.706055 3.726562
vt 3.710205 3.694824
vt 3.757080 3.719238
vt 3.746826 3.775146
vt 3.795898 3.714844
vt 3.794922 3.778076
vt 3.761230 3.807861
vt 3.779297 3.806641
vt 3.798096 3.846924
vt 3.719971 3.817139
vt 3.705811 3.772949
vt 3.613525 3.771973
vt 3.635254 3.811768
vt 3.730957 3.845703
vt 3.768311 3.872070
vt 3.812988 3.906006
vt 3.764648 3.912598
vt 3.820312 3.948242
vt 3.775391 3.942139
vt 3.822266 3.984131
vt 3.786133 3.978027
vt 3.738281 3.971436
vt 3.728516 3.917969
vt 3.640625 3.883545
vt 3.641602 3.843262
vt 3.734619 3.885498
vt 3.940186 3.200684
vt 3.943359 3.208984
vt 3.988770 3.205078
vt 3.932617 3.261963
vt 3.980225 3.270996
vt 3.931152 3.270752
vt 3.929688 3.283447
vt 3.930176 3.328857
vt 3.945557 3.336182
vt 3.988281 3.327148
vt 3.993896 3.330811
vt 3.968750 3.285645
vt 3.992920 3.188232
vt 3.958496 3.197998
vt 3.990967 3.194824
vt 3.961426 3.192139
vt 3.961182 3.180908
vt 3.957764 3.169678
vt 3.992432 3.178467
vt 3.987793 3.169434
vn -0.2078 -0.7594 -0.6165
vn 0.1771 -0.7515 -0.6356
vn 0.1170 -0.9116 -0.3942
vn -0.4527 0.8438 -0.2882
vn -0.6852 0.5777 -0.4436
vn -0.6481 0.7045 -0.2894
vn -0.4633 0.7293 -0.5034
vn -0.5958 0.4845 -0.6406
vn -0.6906 0.5656 -0.4507
vn 0.6795 0.5848 -0.4431
vn 0.4271 0.8558 -0.2921
vn 0.6913 0.6619 -0.2898
vn 0.4979 0.6936 -0.5206
vn 0.5655 0.4990 -0.6567
vn 0.6795 0.5848 -0.4430
vn 0.7086 0.4936 -0.5042
vn -0.0996 0.0938 -0.9906
vn -0.0436 0.1298 -0.9906
vn -0.1089 0.0136 -0.9940
vn -0.0485 0.1929 -0.9800
vn -0.0052 0.2072 -0.9783
vn -0.0412 0.1609 -0.9861
vn 0.0261 0.1944 -0.9806
vn -0.0573 0.1947 -0.9792
vn 0.0521 0.1786 -0.9825
vn 0.0000 0.0000 -1.0000
vn 0.0258 0.1930 -0.9808
vn -0.0096 0.1529 -0.9882
vn 0.0177 0.1627 -0.9865
vn 0.1385 0.0857 -0.9867
vn 0.0984 0.1476 -0.9841
vn 0.1141 0.1654 -0.9796
vn 0.1332 0.2109 -0.9684
vn 0.1397 0.2328 -0.9624
vn -0.2991 0.9369 0.1812
vn -0.6014 0.7977 -0.0439
vn -0.6303 0.6557 0.4156
vn -0.3561 0.4886 0.7965
vn -0.5792 0.2778 0.7664
vn -0.6106 0.1638 0.7748
vn -0.0023 0.0520 0.9986
vn -0.5859 -0.0439 0.8092
vn 0.0126 0.7344 0.6786
vn -0.0308 0.9830 0.1808
vn -0.4873 -0.0873 -0.8689
vn -0.5471 -0.1405 -0.8252
vn -0.0821 -0.2658 -0.9605
vn 0.4523 -0.2563 -0.8543
vn 0.3900 -0.3465 -0.8531
vn -0.5613 0.4144 -0.7164
vn 0.5658 0.1051 -0.8178
vn 0.2748 0.9606 -0.0424
vn 0.4189 0.5641 -0.7115
vn 0.0327 0.9858 -0.1649
vn -0.1074 0.4559 -0.8835
vn -0.1852 0.9813 -0.0523
vn -0.4912 0.5559 -0.6705
vn -0.4505 -0.2385 -0.8603
vn 0.0225 -0.3658 -0.9304
vn 0.4121 -0.1933 -0.8904
vn 0.6974 -0.1374 -0.7034
vn 0.3589 -0.2863 -0.8884
vn 0.4154 0.1420 -0.8985
vn -0.0530 -0.0865 -0.9948
vn -0.3735 -0.1055 -0.9216
vn -0.6765 -0.1578 -0.7194
vn -0.5119 0.1620 -0.8437
vn -0.7321 -0.3470 -0.5862
vn -0.6435 -0.3637 -0.6735
vn -0.5425 -0.8368 -0.0740
vn -0.8119 -0.5677 -0.1361
vn -0.7235 -0.6342 -0.2726
vn -0.9030 -0.4087 0.1328
vn -0.9462 -0.1866 -0.2642
vn -0.9834 -0.1107 -0.1437
vn -0.9323 -0.3289 0.1506
vn -0.9713 -0.1737 -0.1624
vn -0.9198 -0.2023 -0.3362
vn -0.9156 -0.0000 -0.4022
vn -0.9637 -0.0267 -0.2657
vn -0.9590 -0.1478 -0.2419
vn -0.7783 0.4150 -0.4712
vn -0.7019 0.2689 -0.6596
vn -0.5957 0.4845 -0.6406
vn -0.6003 0.0906 -0.7946
vn -0.6936 -0.0464 -0.7189
vn -0.5058 0.2133 -0.8358
vn -0.7162 0.0150 -0.6978
vn -0.4468 -0.3012 -0.8424
vn -0.3165 -0.8309 -0.4577
vn -0.2050 -0.9262 -0.3165
vn -0.7454 -0.2206 -0.6291
vn -0.7613 -0.5084 -0.4025
vn -0.6719 0.3720 -0.6405
vn -0.5258 0.6760 -0.5163
vn -0.3178 0.6444 -0.6955
vn -0.2572 0.7048 -0.6612
vn -0.5431 0.3497 -0.7634
vn -0.4985 0.4057 -0.7661
vn -0.5856 0.0113 -0.8105
vn -0.8039 0.2629 -0.5335
vn -0.7571 -0.1144 -0.6432
vn -0.7648 -0.0233 -0.6438
vn -0.7428 -0.5571 -0.3714
vn -0.2755 -0.6670 -0.6922
vn -0.0072 -0.6341 -0.7732
vn 0.7002 0.0443 -0.7125
vn 0.6253 -0.1155 -0.7718
vn 0.6634 -0.1891 -0.7240
vn 0.7642 -0.3696 -0.5285
vn 0.5302 -0.1616 -0.8323
vn -0.0079 0.2434 -0.9699
vn -0.0501 -0.4324 -0.9003
vn 0.3694 -0.8572 -0.3588
vn 0.4929 -0.8694 0.0345
vn 0.7846 -0.6159 -0.0716
vn 0.6639 -0.7283 -0.1695
vn 0.8970 -0.4315 0.0961
vn 0.9387 -0.3444 0.0134
vn 0.6688 -0.5197 0.5316
vn 0.9381 -0.3406 -0.0630
vn 0.9712 -0.1504 -0.1848
vn 0.9707 -0.1378 -0.1969
vn 0.9554 -0.1888 -0.2270
vn 0.9618 -0.0679 -0.2654
vn 0.9709 0.1469 -0.1892
vn 0.9537 0.0466 -0.2970
vn 0.9708 -0.0055 -0.2397
vn 0.8813 -0.0985 -0.4623
vn 0.9199 -0.0273 -0.3912
vn 0.7232 0.1832 -0.6658
vn 0.8482 0.3650 -0.3837
vn 0.6178 0.1826 -0.7649
vn 0.7159 0.0497 -0.6965
vn 0.8592 -0.1493 -0.4894
vn 0.8836 -0.0343 -0.4669
vn 0.7802 0.2079 -0.5900
vn 0.8037 -0.1563 -0.5741
vn 0.5049 -0.5805 -0.6388
vn 0.6951 -0.0174 -0.7187
vn 0.5288 0.1353 -0.8379
vn 0.0556 0.2623 -0.9634
vn -0.0464 0.5993 -0.7992
vn -0.0978 0.1630 -0.9818
vn 0.4581 -0.2910 -0.8399
vn 0.2973 -0.7730 -0.5604
vn 0.7734 -0.1004 -0.6260
vn 0.4785 -0.7291 -0.4894
vn 0.6918 0.4465 -0.5674
vn 0.5949 0.4702 -0.6519
vn 0.1264 0.7273 -0.6746
vn 0.4982 0.1130 -0.8597
vn 0.4721 0.5124 -0.7173
vn 0.6347 0.2788 -0.7208
vn 0.8471 0.0605 -0.5279
vn 0.9041 -0.2426 -0.3518
vn 0.9241 -0.2136 -0.3167
vn 0.5604 0.2910 -0.7754
vn 0.4707 0.2979 -0.8305
vn 0.7604 0.0882 -0.6435
vn 0.7884 0.1486 -0.5969
vn 0.5669 -0.5058 -0.6503
vn 0.1615 0.1879 -0.9688
vn -0.0971 0.4290 -0.8981
vn -0.1815 0.0310 -0.9829
vn -0.1778 -0.1244 -0.9762
vn 0.7230 0.2524 -0.6431
vn 0.7871 0.1783 -0.5906
vn -0.3608 -0.8331 -0.4193
vn -0.0580 -0.9717 -0.2291
vn 0.0402 -0.9986 -0.0333
vn 0.0453 -0.7525 -0.6571
vn -0.1443 -0.2725 -0.9513
vn -0.5948 -0.1099 -0.7963
vn -0.2546 -0.0473 -0.9659
vn 0.5169 -0.1101 -0.8489
vn 0.8410 0.1026 -0.5312
vn 0.0316 0.1810 -0.9830
vn 0.6468 0.3245 -0.6902
vn 0.8458 0.4773 0.2383
vn 0.5854 0.8104 -0.0227
vn 0.0477 0.6472 0.7609
vn -0.0168 0.3229 0.9463
vn 0.7770 -0.1019 0.6212
vn 0.8001 -0.2931 0.5233
vn 0.6663 -0.1834 0.7227
vn 0.8544 -0.1208 0.5054
vn 0.8462 -0.0839 0.5262
vn 0.8216 0.1285 0.5554
vn 0.8966 0.3254 0.3003
vn 0.8129 0.3806 0.4408
vn 0.8388 0.5105 0.1894
vn 0.8795 0.3210 -0.3513
vn 0.6608 0.7336 0.1586
vn 0.6241 0.6111 0.4869
vn 0.5614 0.4388 0.7016
vn 0.5752 0.1572 0.8028
vn 0.5716 0.0074 0.8205
vn 0.3667 -0.2757 0.8886
vn -0.0126 -0.1145 0.9933
vn -0.0103 -0.2640 0.9645
vn 0.5751 0.1572 0.8028
vn 0.3975 0.4989 0.7701
vn 0.2406 0.9186 0.3136
vn 0.8528 0.2430 0.4623
vn 0.7436 -0.2745 0.6096
vn 0.5760 -0.7890 0.2137
vn 0.9425 0.3299 0.0545
vn -0.5993 0.1276 -0.7903
vn -0.4026 0.4307 -0.8077
vn -0.8116 0.5758 0.0990
vn -0.2153 0.7460 -0.6301
vn -0.3646 0.9306 -0.0312
vn -0.7401 -0.1265 0.6605
vn -0.4312 -0.2677 0.8616
vn -0.8425 -0.1374 0.5209
vn -0.8471 0.0478 0.5293
vn -0.8921 0.2183 0.3956
vn -0.6304 0.6557 0.4156
vn -0.8640 0.5017 0.0424
vn -0.6481 0.7044 -0.2894
vn -0.8846 0.3398 -0.3195
vn -0.9639 0.1787 0.1974
vn -0.9776 -0.0206 -0.2097
vn -0.7760 0.0591 0.6279
vn -0.9863 -0.1647 0.0065
vn -0.5426 -0.0438 0.8389
vn -0.9846 0.0277 -0.1725
vn -0.7801 0.2615 0.5684
vn -0.8151 -0.4180 0.4011
vn -0.6715 -0.3661 0.6443
vn -0.8027 -0.2555 0.5389
vn -0.9871 -0.1478 -0.0610
vn -0.8228 -0.3361 0.4583
vn -0.4033 0.3115 -0.8604
vn -0.6483 0.3875 -0.6554
vn -0.6478 0.1989 -0.7354
vn -0.8331 -0.0006 -0.5531
vn -0.5439 0.4875 -0.6831
vn -0.7365 -0.2683 -0.6210
vn -0.8770 -0.1356 -0.4610
vn -0.8629 -0.1862 -0.4698
vn -0.8942 -0.0619 -0.4433
vn -0.8827 -0.0095 -0.4698
vn -0.9617 0.0471 -0.2702
vn -0.1618 0.9865 -0.0236
vn -0.9328 -0.2999 -0.1998
vn 0.3781 -0.7909 -0.4811
vn 0.6072 -0.7835 -0.1318
vn -0.0114 -0.9999 -0.0026
vn -0.2933 -0.7506 -0.5920
vn -0.5858 -0.7330 -0.3456
vn 0.0434 -0.3365 -0.9407
vn -0.1940 0.6204 -0.7599
vn 0.0254 0.8414 -0.5398
vn -0.4935 0.4493 -0.7447
vn -0.6856 0.2131 -0.6961
vn -0.8022 0.0698 -0.5929
vn -0.5425 -0.0438 0.8389
vn 0.7895 0.1412 0.5973
vn 0.7071 0.0000 0.7071
vn -0.7760 0.0592 0.6279
vn 0.7626 0.2302 0.6045
vn -0.9639 0.1786 0.1973
vn -0.9031 0.1013 0.4173
vn 0.6663 -0.1834 0.7228
vn -0.9389 0.0868 0.3331
vn 0.8966 0.3254 0.3004
vn -0.8729 0.2182 0.4364
vn -0.4633 0.7293 -0.5035
vn 0.0030 0.9543 -0.2987
vn 0.4270 0.8558 -0.2921
vn 0.4979 0.6936 -0.5207
vn 0.0031 0.9543 -0.2987
vn 0.0254 0.8414 -0.5397
vn -0.0464 0.5993 -0.7991
vn 0.4979 0.6935 -0.5207
vn 0.6912 0.6619 -0.2899
vn 0.9732 0.1102 0.2020
vn 0.9595 0.1108 0.2589
vn 0.8684 0.1301 0.4785
vn 0.8508 -0.0845 0.5187
vn 0.8309 -0.2106 0.5150
vn -0.9213 -0.0719 -0.3820
vn -0.8068 0.2805 -0.5200
vn -0.5675 0.6280 -0.5326
vn -0.2923 0.7944 -0.5324
vn -0.1911 0.8281 -0.5270
vn 0.8212 -0.0376 -0.5694
vn 0.7774 0.2608 -0.5724
vn 0.6913 0.6619 -0.2899
vn 0.6052 0.5360 -0.5885
vn 0.3102 0.7978 -0.5169
vn 0.2104 0.8417 -0.4973
vn 0.2256 0.5478 -0.8056
vn 0.3267 0.5429 -0.7737
vn 0.6464 0.3429 -0.6816
vn 0.6795 0.5849 -0.4430
vn 0.7596 0.2720 -0.5908
vn 0.5984 0.0065 0.8011
vn 0.5716 0.0073 0.8205
vn 0.7100 0.1183 0.6942
vn 0.6951 0.3827 0.6086
vn 0.7896 0.5080 0.3443
vn 0.8152 0.5790 -0.0152
vn 0.7038 0.6314 -0.3256
vn 0.7393 0.5712 -0.3565
vn 0.7551 0.5692 -0.3253
vn -0.9154 -0.0304 -0.4014
vn -0.7542 0.4331 -0.4936
vn -0.6939 0.6267 -0.3548
vn -0.7662 0.5449 -0.3406
vn 0.8179 0.2337 -0.5258
vn 0.7914 0.3196 -0.5210
vn 0.7256 0.5094 -0.4625
vn 0.7531 0.5368 -0.3804
vn 0.4271 0.8558 -0.2920
vn -0.5261 -0.1633 0.8346
vn -0.6873 0.0884 0.7210
vn -0.6826 0.3406 0.6466
vn -0.6121 0.5613 0.5570
vn -0.6874 0.7262 0.0091
vn -0.7199 0.6724 -0.1722
vn -0.7361 0.5945 -0.3236
vn -0.7388 0.5970 -0.3126
vn -0.7218 0.2163 -0.6575
vn -0.5901 0.2524 -0.7668
vn 0.1814 0.3366 -0.9240
vn 0.6563 0.2563 -0.7097
vn 0.7442 0.2481 -0.6202
vn -0.9549 0.2122 0.2079
vn -0.9253 0.1066 0.3639
vn -0.8690 -0.0515 0.4920
vn -0.8760 -0.1349 0.4630
vn -0.8937 -0.1452 0.4245
vn 0.0188 0.1440 0.9894
vn 0.0051 0.2158 0.9764
vn -0.0261 0.3052 0.9519
vn -0.0849 0.5481 0.8321
vn -0.1377 0.7116 0.6890
vn -0.1739 0.9108 0.3745
vn -0.1650 0.9645 0.2063
vn -0.1495 0.9847 -0.0896
vn -0.1266 0.9738 -0.1888
vn -0.1096 0.9027 -0.4161
vn -0.0909 0.8569 -0.5074
vn -0.0716 0.7522 -0.6550
vn -0.0710 0.6970 -0.7136
vn -0.0636 0.6131 -0.7874
vn -0.0561 0.5907 -0.8049
vn -0.0464 0.5718 -0.8191
vn -0.0339 0.5960 -0.8022
vn -0.0059 0.2103 0.9776
vn -0.0008 0.2380 0.9713
vn 0.0398 0.3056 0.9513
vn 0.1060 0.5375 0.8366
vn 0.1492 0.7091 0.6892
vn 0.1689 0.9104 0.3776
vn 0.1524 0.9642 0.2169
vn 0.1423 0.9861 -0.0852
vn 0.1287 0.9723 -0.1949
vn 0.1208 0.8994 -0.4200
vn 0.1067 0.8558 -0.5062
vn 0.0794 0.7476 -0.6594
vn 0.0573 0.6949 -0.7168
vn 0.0384 0.6008 -0.7985
vn 0.0309 0.5777 -0.8157
vn 0.0245 0.5517 -0.8337
vn -0.1288 -0.0336 0.9911
vn -0.0860 -0.0225 0.9960
vn -0.1560 -0.0840 0.9842
vn -0.0337 0.0056 0.9994
vn 0.0103 0.0138 0.9999
vn -0.0475 0.0524 0.9975
vn -0.0713 0.0786 0.9944
vn -0.1726 0.1151 0.9782
vn -0.0838 -0.0395 0.9957
vn -0.1105 -0.0731 0.9912
vn -0.0112 0.0613 0.9981
vn -0.1230 -0.1716 0.9775
vn -0.0148 -0.1469 0.9890
vn 0.0400 -0.0995 0.9942
vn 0.0849 -0.0309 0.9959
vn 0.0000 -0.0000 1.0000
vn -0.2929 -0.1185 -0.9488
vn -0.1946 0.0608 -0.9790
vn -0.0810 -0.1883 -0.9788
vn 0.0421 -0.2532 -0.9665
vn 0.2230 -0.1843 -0.9572
vn 0.1608 -0.1242 -0.9791
vn 0.1650 -0.1210 -0.9788
vn 0.0701 0.0204 -0.9973
vn 0.0899 0.0479 -0.9948
vn 0.0468 0.0136 -0.9988
vn 0.0566 -0.0365 -0.9977
vn 0.1117 -0.0422 -0.9928
vn 0.2586 -0.0753 -0.9630
vn 0.3269 -0.0611 -0.9431
vn 0.4344 -0.0975 -0.8954
vn 0.3916 0.1165 -0.9127
vn 0.5927 0.1552 -0.7903
vn 0.3228 0.0888 -0.9423
vn 0.2027 0.0572 -0.9776
vn 0.2300 0.0633 -0.9711
vn 0.2583 0.0861 -0.9622
vn 0.2592 0.0956 -0.9611
vn 0.2684 0.1018 -0.9579
vn -0.3017 0.0864 -0.9495
vn -0.3151 0.0840 -0.9453
vn -0.3083 0.0530 -0.9498
vn -0.3101 0.0203 -0.9505
vn -0.3056 0.0348 -0.9515
vn -0.3270 0.0808 -0.9416
vn -0.3291 0.1279 -0.9356
vn -0.3836 0.1233 -0.9152
vn 0.8082 -0.3376 0.4826
vn 0.2018 -0.8325 0.5159
vn -0.3084 -0.8457 0.4355
vn -0.8975 -0.3747 0.2325
vn -0.0420 -0.3346 0.9414
vn -0.6561 0.0336 -0.7539
vn 0.3648 0.3836 -0.8484
vn -0.9487 0.0000 -0.3162
vn -0.4320 0.3370 -0.8366
vn -0.6943 -0.0137 -0.7195
vn -0.5273 -0.3835 -0.7582
vn -0.0103 -0.0742 -0.9972
vn 0.0699 0.2120 -0.9748
vn 0.4051 0.0816 -0.9106
vn 0.3251 0.3250 -0.8881
vn 0.7004 0.1374 -0.7004
vn 0.4292 -0.3270 -0.8420
vn 0.0000 -0.4472 -0.8944
vn 0.9490 -0.1861 -0.2543
vn 0.5049 -0.5805 -0.6389
vn 0.4652 0.3174 -0.8263
vn 0.4721 -0.5561 -0.6840
vn 0.0310 -0.0905 -0.9954
vn 0.2208 -0.0821 -0.9719
vn -0.3626 -0.2592 -0.8952
vn -0.1355 -0.6295 -0.7651
vn -0.6969 -0.1691 -0.6969
vn -0.4292 -0.3270 -0.8420
vn 0.8239 0.5315 0.1966
vn 0.6525 0.6602 -0.3719
vn 0.0040 1.0000 0.0066
vn 0.4031 0.5715 0.7148
vn 0.0009 0.5445 0.8388
vn -0.2631 0.5584 0.7868
vn -0.6785 0.5742 0.4582
vn -0.6629 0.7357 -0.1387
vn 0.0119 0.8032 -0.5956
vn 0.3427 0.3299 -0.8796
vn -0.5246 0.3425 -0.7794
vn -0.7480 0.2761 0.6035
vn -0.9918 0.0708 0.1063
vn -0.9981 0.0552 0.0285
vn -0.7972 0.1379 0.5878
vn -0.9996 -0.0277 -0.0000
vn -0.8750 0.0216 0.4837
vn -0.8907 -0.4527 -0.0419
vn -0.5712 -0.6130 0.5458
vn -0.0694 -0.9943 -0.0805
vn 0.1488 -0.7283 0.6690
vn 0.5685 -0.8128 -0.1275
vn 0.8767 -0.4002 0.2671
vn 0.9965 -0.0730 -0.0417
vn 0.7348 0.0384 0.6772
vn 0.9999 0.0159 -0.0035
vn 0.8845 0.1114 0.4530
vn 0.9988 0.0472 -0.0115
vn 0.5778 0.3091 0.7554
vn 0.0502 0.2590 0.9646
vn 0.0000 0.4472 0.8944
vn -0.0514 0.0706 0.9962
vn 0.0817 0.0173 -0.9965
vn 0.0472 0.0528 -0.9975
vn 0.0227 0.0133 -0.9997
vn 0.0101 0.0093 -0.9999
vn -0.2934 0.0419 -0.9551
vn -0.4193 0.0320 -0.9073
vn -0.8256 0.0790 -0.5586
vn -0.8816 0.0576 -0.4685
vn -0.9875 0.0632 0.1441
vn -0.9531 0.0369 0.3004
vn -0.5399 -0.0150 0.8416
vn -0.4737 -0.0118 0.8806
vn -0.0497 -0.0447 0.9978
vn 0.0408 -0.0173 0.9990
vn 0.4467 -0.0101 0.8946
vn 0.5428 0.0215 0.8396
vn 0.8904 0.0443 0.4531
vn 0.9511 0.0707 0.3007
vn 0.9626 0.0668 -0.2624
vn 0.9304 0.0723 -0.3594
vn 0.6728 0.0617 -0.7373
vn 0.5682 0.0665 -0.8202
vn 0.1935 0.0746 -0.9783
vn 0.1595 0.0411 -0.9863
vn 0.0929 0.0484 -0.9945
vn -0.0522 0.0689 -0.9963
vn -0.5330 0.0940 -0.8409
vn -0.9155 0.0808 -0.3941
vn -0.8952 0.0452 0.4435
vn -0.3941 0.0372 0.9183
vn 0.1425 0.0352 0.9892
vn 0.6393 0.0682 0.7659
vn 0.9821 0.1226 0.1433
vn 0.8845 0.1110 -0.4531
vn 0.5025 0.0785 -0.8610
vn 0.2223 0.0459 -0.9739
vn 0.1616 0.0689 -0.9844
vn 0.0490 0.1001 -0.9938
vn -0.0371 0.1024 -0.9940
vn -0.4571 0.0900 -0.8849
vn -0.8788 0.0668 -0.4725
vn -0.9634 0.1009 0.2485
vn -0.4662 0.1140 0.8773
vn 0.0125 0.1246 0.9921
vn 0.5670 0.0626 0.8214
vn 0.9629 0.1215 0.2411
vn 0.9159 0.1632 -0.3666
vn 0.5371 0.0822 -0.8395
vn 0.6668 0.0765 -0.7413
vn 0.9330 0.1509 -0.3266
vn 0.9262 0.0707 0.3704
vn 0.3933 0.1370 0.9091
vn -0.0929 0.2199 0.9711
vn -0.5648 0.1506 0.8113
vn -0.9934 0.0857 0.0767
vn -0.8265 -0.0014 -0.5630
vn -0.3462 0.0753 -0.9351
vn -0.0413 0.1609 -0.9861
vn 0.9188 0.1032 -0.3810
vn 0.5267 0.7951 -0.3007
vn 0.1070 0.9400 -0.3241
vn 0.9423 0.1743 -0.2857
vn 0.2463 0.5872 -0.7711
vn 0.7796 -0.5649 -0.2705
vn 0.3247 0.2318 -0.9170
vn 0.4763 -0.4232 -0.7708
vn 0.2616 0.3422 -0.9025
vn 0.2446 -0.5872 -0.7716
vn 0.0579 0.0346 -0.9977
vn 0.2003 0.8670 -0.4563
vn 0.0353 0.9330 -0.3580
vn 0.2017 0.9351 0.2913
vn 0.0899 0.9224 0.3756
vn 0.0517 -0.0294 0.9982
vn 0.6795 0.6319 -0.3728
vn 0.3607 0.9207 0.1491
vn 0.4712 0.8705 -0.1422
vn -0.0492 0.9985 0.0236
vn 0.3045 0.9455 -0.1151
vn 0.2912 0.9456 -0.1451
vn 0.0206 0.6849 0.7283
vn -0.0032 0.9259 0.3778
vn 0.0034 0.9876 -0.1568
vn -0.0325 0.9315 0.3623
vn -0.0902 0.9272 -0.3636
vn -0.2333 0.5730 -0.7856
vn -0.2337 0.3872 -0.8919
vn -0.4019 -0.1265 -0.9069
vn -0.6688 -0.0088 -0.7434
vn -0.3957 0.6834 -0.6135
vn -0.7898 0.1210 -0.6013
vn -0.8173 0.3952 -0.4192
vn -0.0876 0.8376 -0.5392
vn 0.2128 0.9105 -0.3545
vn -0.0600 0.5078 0.8594
vn -0.1273 0.5974 0.7918
vn -0.1387 -0.1993 0.9701
vn -0.1144 -0.3427 0.9325
vn -0.0197 -0.8973 0.4409
vn -0.0658 -0.8501 0.5225
vn 0.0456 -0.9504 0.3077
vn -0.1342 -0.9822 0.1311
vn -0.4307 -0.8999 -0.0679
vn -0.4459 -0.7766 -0.4450
vn -0.4137 -0.8507 -0.3243
vn -0.7181 -0.6705 -0.1865
vn 0.5504 -0.8292 0.0971
vn 0.1134 -0.8757 -0.4694
vn 0.7044 -0.6373 -0.3124
vn 0.5863 -0.8099 -0.0188
vn 0.1572 -0.9470 0.2801
vn 0.0409 -0.8791 0.4749
vn 0.0210 -0.9791 0.2024
vn -0.0196 -0.5601 0.8282
vn 0.5003 -0.8586 -0.1121
vn 0.5468 -0.8368 0.0264
vn 0.3736 -0.9240 -0.0812
vn 0.2475 -0.9529 0.1751
vn 0.0185 -0.9701 -0.2419
vn -0.0271 -0.4427 -0.8963
vn 0.1632 -0.9619 -0.2195
vn 0.1936 -0.4364 -0.8787
vn 0.2225 -0.9742 -0.0367
vn 0.1963 -0.4497 -0.8714
vn 0.2560 -0.9662 0.0293
vn 0.1458 -0.9842 -0.1001
vn 0.1583 -0.1580 -0.9747
vn 0.1883 0.7858 -0.5891
vn 0.1669 0.9561 -0.2409
vn 0.0957 0.8844 0.4568
vn 0.0964 0.7540 0.6498
vn 0.0726 0.4025 0.9126
vn 0.0476 0.1370 0.9894
vn 0.1865 -0.5359 0.8234
vn 0.0939 -0.5818 0.8079
vn 0.1898 -0.6798 0.7084
vn 0.0606 -0.7901 0.6100
vn -0.0036 -0.4299 0.9029
vn 0.0220 0.3849 0.9227
vn -0.0087 0.8925 0.4509
vn -0.1471 0.7692 -0.6218
vn 0.1225 0.5893 -0.7986
vn 0.0688 0.9418 0.3289
vn 0.0323 0.0965 0.9948
vn -0.6043 -0.1637 -0.7797
vn -0.7319 -0.2413 -0.6372
vn 0.0720 0.1500 -0.9861
vn 0.9037 0.3348 0.2669
vn 0.2639 0.9645 0.0041
vn 0.8101 -0.3851 -0.4421
vn 0.9701 0.0000 -0.2425
vn 0.9499 0.0000 -0.3124
vn 0.8779 0.0597 -0.4751
vn 0.7024 0.1359 -0.6987
vn 0.5290 0.2058 -0.8233
vn 0.2977 0.2315 -0.9262
vn 0.1488 0.2398 -0.9593
vn -0.1488 0.2398 -0.9593
vn -0.1498 0.1582 -0.9760
vn -0.3033 0.0749 -0.9499
vn -0.4030 0.0614 -0.9131
vn -0.7626 0.0801 -0.6418
vn -0.9072 0.0499 -0.4178
vn -0.9664 -0.0150 -0.2566
vn -0.9457 -0.0788 -0.3152
vn 0.9767 0.2125 0.0286
vn 0.9806 0.1961 0.0000
vn 0.9592 0.2778 0.0530
vn 0.9247 0.3590 0.1264
vn 0.7709 0.5832 0.2561
vn 0.5897 0.7224 0.3612
vn 0.3681 0.8316 0.4158
vn 0.2358 0.8403 0.4881
vn -0.1232 0.8297 0.5444
vn -0.2230 0.8550 0.4682
vn -0.5424 0.7806 0.3105
vn -0.6734 0.7025 0.2302
vn -0.9260 0.3438 0.1560
vn -0.9612 0.2434 0.1303
vn -0.9781 0.1921 0.0804
vn -0.9718 0.2287 0.0572
vn -0.5892 -0.2154 -0.7788
vn -0.5657 -0.2876 0.7728
vn -0.7496 0.6619 -0.0000
vn -0.4913 -0.8706 0.0256
vn -0.0478 -0.9970 0.0612
vn -0.0817 -0.1179 -0.9897
vn -0.0581 -0.9973 -0.0445
vn -0.0960 0.3358 -0.9370
vn -0.3836 -0.4151 -0.8249
vn -0.4984 -0.8502 0.1692
vn -0.9491 0.3043 -0.0818
vn -0.0388 -0.1851 0.9819
vn -0.1217 0.1673 0.9784
vn 0.3784 -0.1172 -0.9182
vn 0.2867 0.7010 -0.6531
vn 0.0799 0.8944 -0.4401
vn 0.7093 -0.0597 -0.7024
vn 0.7265 0.3738 -0.5766
vn -0.1527 0.5886 -0.7939
vn -0.1330 0.8353 -0.5335
vn -0.9504 -0.0973 -0.2954
vn -0.5883 0.7303 -0.3472
vn -0.8501 0.0409 -0.5250
vn 0.4113 0.5124 -0.7538
vn -0.1486 0.5142 -0.8447
vn -0.2948 0.9323 -0.2095
vn -0.2124 0.8849 -0.4146
vn -0.3130 0.9255 -0.2132
vn -0.0895 0.9770 0.1935
vn -0.1084 0.9862 -0.1248
vn -0.0487 -0.8734 0.4846
vn -0.3601 0.5545 0.7502
vn -0.6700 0.1231 -0.7320
vn 0.1934 -0.7313 0.6541
vn -0.1179 0.4787 0.8700
vn -0.0272 -0.9546 0.2966
vn 0.2280 -0.7450 -0.6269
vn 0.0888 -0.9110 -0.4028
vn -0.0816 0.1671 -0.9826
vn -0.4138 -0.8911 -0.1862
vn -0.2448 -0.9314 0.2693
vn 0.0659 -0.3697 0.9268
vn 0.0568 0.7938 0.6055
vn -0.1493 0.9765 0.1552
vn 0.0347 0.9890 -0.1439
vn -0.4398 0.8167 -0.3737
vn -0.3900 0.9018 -0.1861
vn -0.1344 -0.7106 -0.6907
vn -0.6471 -0.7440 -0.1664
vn 0.4361 -0.8979 -0.0599
vn 0.5390 -0.7892 -0.2944
vn 0.3155 -0.8584 -0.4046
vn 0.0173 -0.9260 0.3770
vn -0.4822 -0.8634 0.1482
vn 0.0154 0.9435 0.3311
vn 0.0834 0.4830 0.8717
vn 0.0488 -0.6491 0.7591
vn 0.6899 0.1698 0.7037
vn 0.7581 -0.4725 -0.4495
vn 0.4438 0.8054 -0.3930
vn 0.6178 -0.5666 0.5453
vn 0.3308 -0.9397 -0.0869
vn 0.0724 -0.3058 0.9493
vn 0.0282 -0.9969 0.0738
vn 0.0976 -0.1874 -0.9774
vn -0.4350 0.5457 -0.7163
vn -0.0158 -0.0094 0.9998
vn -0.2066 -0.7768 0.5949
vn 0.0374 -0.8754 0.4820
vn -0.0784 -0.0095 0.9969
vn -0.2002 -0.9073 0.3698
vn -0.0578 0.8970 0.4383
vn -0.0440 0.9349 -0.3523
vn -0.0726 0.1484 -0.9863
vn -0.0990 -0.8340 -0.5428
vn -0.1287 -0.8788 -0.4596
vn 0.1080 -0.7008 -0.7051
vn 0.1473 -0.9002 0.4098
vn 0.1883 -0.9133 -0.3611
vn 0.0839 -0.0681 -0.9941
vn -0.0755 -0.9080 -0.4122
vn -0.1994 0.2724 -0.9413
vn 0.0176 0.8376 -0.5460
vn -0.0746 0.9247 -0.3732
vn 0.1190 0.9499 0.2889
vn 0.1699 0.7654 -0.6207
vn 0.0773 0.0717 -0.9944
vn -0.0807 -0.1787 -0.9806
vn -0.1032 0.7193 -0.6870
vn 0.0269 0.9312 0.3636
vn -0.0059 0.6225 0.7826
vn -0.0514 0.3800 0.9236
vn -0.0865 0.1248 0.9884
vn -0.1254 -0.5957 0.7933
vn -0.0011 -0.7639 0.6453
vn 0.0144 -0.0296 0.9995
vn -0.0163 0.6398 0.7684
vn -0.1208 0.9805 0.1550
vn 0.0141 0.5402 0.8414
vn 0.0066 -0.0319 -0.9995
vn 0.3970 0.8009 -0.4484
vn 0.9233 -0.0942 -0.3725
vn 0.3803 0.7309 0.5667
vn 0.1566 -0.4509 0.8787
vn 0.0289 -0.1384 0.9899
vn -0.2693 -0.9325 0.2409
vn -0.1799 -0.7045 -0.6865
vn -0.1917 -0.8135 -0.5490
vn -0.0036 -0.9788 0.2049
vn 0.1573 0.7464 0.6467
vn 0.1203 0.9183 -0.3772
usemtl Head
s 1
f 1087/691/536 528/692/537 1086/693/538
f 718/694/539 776/695/540 774/696/541
f 776/695/540 718/694/539 758/697/542
f 776/695/540 756/698/543 507/699/544
f 756/698/543 776/695/540 758/697/542
f 752/700/545 735/701/546 640/702/547
f 735/701/546 752/700/545 740/703/548
f 763/704/549 752/700/550 508/705/551
f 752/700/550 763/704/549 740/703/548
f 509/706/552 511/707/553 510/708/554
f 511/707/553 509/706/552 512/709/555
f 512/709/555 517/710/556 511/707/553
f 517/710/556 512/709/555 998/711/557
f 998/711/557 513/712/558 517/710/556
f 514/713/559 998/711/557 512/709/555
f 511/714/553 516/715/560 515/716/561
f 516/715/560 511/714/553 517/717/556
f 517/717/556 518/718/562 516/715/560
f 517/717/556 519/719/563 518/718/562
f 519/719/563 517/717/556 513/720/558
f 520/721/564 518/718/562 519/719/563
f 521/722/565 1091/723/566 522/724/567
f 522/724/567 520/725/564 521/722/565
f 522/724/567 518/726/562 520/725/564
f 518/726/562 522/724/567 523/727/568
f 523/727/568 516/728/560 518/726/562
f 516/728/560 523/727/568 524/729/569
f 527/730/570 525/731/571 666/732/572
f 666/732/572 526/733/573 527/730/570
f 526/733/573 666/732/572 665/734/574
f 526/733/573 665/734/574 769/735/575
f 769/735/575 648/736/576 526/733/573
f 648/736/576 769/735/575 766/737/577
f 526/733/573 648/736/576 652/738/578
f 652/738/578 527/730/570 526/733/573
f 527/730/570 652/738/578 651/739/579
f 1080/740/580 1087/741/536 1079/742/581
f 1087/741/536 1080/740/580 561/743/582
f 561/743/582 528/744/537 1087/741/536
f 528/744/537 561/743/582 529/745/583
f 529/745/583 1086/746/538 528/744/537
f 1086/746/538 529/745/583 530/747/584
f 530/747/584 701/748/585 1086/746/538
f 701/748/585 530/747/584 536/749/586
f 536/749/586 699/750/587 701/748/585
f 699/750/587 536/749/586 531/751/588
f 531/751/588 532/752/589 699/750/587
f 532/752/589 531/751/588 533/753/590
f 533/753/590 698/754/591 532/752/589
f 533/753/590 1076/755/592 698/754/591
f 533/753/590 539/756/593 1076/755/592
f 533/753/590 534/757/594 539/756/593
f 534/757/594 533/753/590 531/751/588
f 531/751/588 535/758/595 534/757/594
f 535/758/595 531/751/588 536/749/586
f 535/758/595 536/749/586 563/759/596
f 563/759/596 537/760/597 535/758/595
f 537/760/597 563/759/596 564/761/598
f 537/760/597 564/761/598 565/762/599
f 565/762/599 535/758/595 537/760/597
f 565/762/599 534/757/594 535/758/595
f 534/757/594 565/762/599 538/763/600
f 538/763/600 539/756/593 534/757/594
f 538/763/600 540/764/601 539/756/593
f 540/764/601 538/763/600 541/765/602
f 541/765/602 1075/766/603 540/764/601
f 1075/766/603 541/765/602 542/767/604
f 1075/766/603 542/767/604 627/768/605
f 627/768/605 543/769/606 1075/766/603
f 543/769/606 627/768/605 628/770/607
f 543/769/606 628/770/607 545/771/608
f 545/771/608 544/772/609 543/769/606
f 545/771/608 546/773/610 544/772/609
f 546/773/610 545/771/608 547/774/611
f 546/773/610 547/774/611 548/775/612
f 548/775/612 544/772/609 546/773/610
f 548/775/612 1073/776/613 544/772/609
f 548/775/612 1072/777/614 1073/776/613
f 548/775/612 695/778/615 1072/777/614
f 548/775/612 697/779/616 695/778/615
f 697/779/616 548/775/612 547/774/611
f 691/780/617 776/695/540 507/699/544
f 507/699/544 549/781/618 691/780/617
f 549/781/618 507/699/544 756/698/619
f 549/781/618 756/698/619 587/782/620
f 587/782/620 550/783/621 549/781/618
f 550/783/621 587/782/620 551/784/622
f 551/784/622 688/785/623 550/783/621
f 688/785/623 551/784/622 552/786/624
f 552/786/624 877/787/625 688/785/623
f 552/786/624 553/788/626 877/787/625
f 553/788/626 552/786/624 610/789/627
f 610/789/627 878/790/628 553/788/626
f 878/790/628 610/789/627 554/791/629
f 554/791/629 555/792/630 878/790/628
f 555/792/630 554/791/629 556/793/631
f 556/793/631 685/794/632 555/792/630
f 556/793/631 684/795/633 685/794/632
f 556/793/631 682/796/634 684/795/633
f 682/796/634 556/793/631 554/791/629
f 682/796/634 554/791/629 610/789/627
f 610/789/627 1082/797/635 682/796/634
f 1082/797/635 610/789/627 608/798/636
f 608/798/636 560/799/637 1082/797/635
f 560/799/637 608/798/636 557/800/638
f 557/800/638 558/801/639 560/799/637
f 558/801/639 557/800/638 559/802/640
f 559/802/640 560/799/637 558/801/639
f 560/799/637 559/802/640 606/803/641
f 606/803/641 1080/740/580 560/799/637
f 606/803/641 561/743/582 1080/740/580
f 561/743/582 606/803/641 605/804/642
f 605/804/642 529/745/583 561/743/582
f 529/745/583 605/804/642 604/805/643
f 604/805/643 530/747/584 529/745/583
f 530/747/584 604/805/643 601/806/644
f 601/806/644 536/749/586 530/747/584
f 536/749/586 601/806/644 562/807/645
f 562/807/645 563/759/596 536/749/586
f 563/759/596 562/807/645 567/808/646
f 567/808/646 564/761/598 563/759/596
f 564/761/598 567/808/646 566/809/647
f 566/809/647 565/762/599 564/761/598
f 566/809/647 538/763/600 565/762/599
f 566/809/647 541/765/602 538/763/600
f 566/809/647 621/810/648 541/765/602
f 621/810/648 566/809/647 567/808/646
f 567/808/646 568/811/649 621/810/648
f 568/811/649 567/808/646 562/807/645
f 562/807/645 623/812/650 568/811/649
f 623/812/650 562/807/645 599/813/651
f 599/813/651 624/814/652 623/812/650
f 624/814/652 599/813/651 569/815/653
f 569/815/653 570/816/654 624/814/652
f 569/815/653 571/817/655 570/816/654
f 569/815/653 656/818/656 571/817/655
f 656/818/656 569/815/653 572/819/657
f 572/819/657 574/820/658 656/818/656
f 574/820/658 572/819/657 573/821/659
f 574/820/658 573/821/659 575/822/660
f 575/822/660 658/823/661 574/820/658
f 658/823/661 575/822/660 579/824/662
f 579/824/662 659/825/663 658/823/661
f 659/825/663 579/824/662 578/826/664
f 578/826/664 576/827/665 659/825/663
f 576/827/665 578/826/664 577/828/666
f 577/828/666 743/829/667 576/827/665
f 743/829/667 577/828/666 508/705/551
f 508/705/551 752/700/550 743/829/667
f 763/704/549 508/705/551 577/828/666
f 577/828/666 585/830/668 763/704/549
f 577/828/666 584/831/669 585/830/668
f 584/831/669 577/828/666 578/826/664
f 578/826/664 582/832/670 584/831/669
f 582/832/670 578/826/664 579/824/662
f 579/824/662 580/833/671 582/832/670
f 580/833/671 579/824/662 575/822/660
f 580/833/671 575/822/660 581/834/672
f 580/833/671 581/834/672 596/835/673
f 596/835/673 582/832/670 580/833/671
f 582/832/670 596/835/673 885/836/674
f 582/832/670 885/836/674 583/837/675
f 583/837/675 584/831/669 582/832/670
f 584/831/669 583/837/675 590/838/676
f 590/838/676 585/830/668 584/831/669
f 585/830/668 590/838/676 588/839/677
f 588/839/677 763/704/549 585/830/668
f 588/839/677 586/840/678 763/704/549
f 588/839/677 756/698/619 586/840/678
f 588/839/677 587/782/620 756/698/619
f 588/839/677 589/841/679 587/782/620
f 589/841/679 588/839/677 590/838/676
f 590/838/676 591/842/680 589/841/679
f 591/842/680 590/838/676 583/837/675
f 591/842/680 583/837/675 885/836/674
f 591/842/680 885/836/674 592/843/681
f 592/843/681 612/844/682 591/842/680
f 612/844/682 592/843/681 884/845/683
f 612/844/682 884/845/683 882/846/684
f 882/846/684 593/847/685 612/844/682
f 593/847/685 882/846/684 594/848/686
f 594/848/686 595/849/687 593/847/685
f 595/849/687 594/848/686 881/850/688
f 881/850/688 618/851/689 595/849/687
f 618/851/689 881/850/688 596/835/673
f 618/851/689 596/835/673 581/834/672
f 581/834/672 597/852/690 618/851/689
f 597/852/690 581/834/672 575/822/660
f 575/822/660 598/853/691 597/852/690
f 598/853/691 575/822/660 573/821/659
f 573/821/659 600/854/692 598/853/691
f 600/854/692 573/821/659 572/819/657
f 600/854/692 572/819/657 569/815/653
f 600/854/692 569/815/653 599/813/651
f 600/854/692 599/813/651 562/807/645
f 600/854/692 562/807/645 601/806/644
f 601/806/644 598/853/691 600/854/692
f 598/853/691 601/806/644 604/805/643
f 604/805/643 597/852/690 598/853/691
f 597/852/690 604/805/643 602/855/693
f 602/855/693 618/851/689 597/852/690
f 602/855/693 603/856/694 618/851/689
f 603/856/694 602/855/693 604/805/643
f 604/805/643 619/857/695 603/856/694
f 619/857/695 604/805/643 605/804/642
f 605/804/642 614/858/696 619/857/695
f 605/804/642 615/859/697 614/858/696
f 615/859/697 605/804/642 606/803/641
f 615/859/697 606/803/641 559/802/640
f 559/802/640 613/860/698 615/859/697
f 613/860/698 559/802/640 557/800/638
f 557/800/638 607/861/699 613/860/698
f 607/861/699 557/800/638 608/798/636
f 608/798/636 609/862/700 607/861/699
f 609/862/700 608/798/636 610/789/627
f 610/789/627 611/863/701 609/862/700
f 611/863/701 610/789/627 552/786/624
f 552/786/624 589/841/679 611/863/701
f 589/841/679 552/786/624 551/784/622
f 551/784/622 587/782/620 589/841/679
f 611/863/701 589/841/679 591/842/680
f 591/842/680 609/862/700 611/863/701
f 609/862/700 591/842/680 612/844/682
f 612/844/682 607/861/699 609/862/700
f 607/861/699 612/844/682 616/864/702
f 616/864/702 613/860/698 607/861/699
f 613/860/698 616/864/702 614/858/696
f 614/858/696 615/859/697 613/860/698
f 619/857/695 614/858/696 616/864/702
f 616/864/702 617/865/703 619/857/695
f 617/865/703 616/864/702 612/844/682
f 617/865/703 612/844/682 593/847/685
f 593/847/685 603/856/694 617/865/703
f 603/856/694 593/847/685 595/849/687
f 595/849/687 618/851/689 603/856/694
f 617/865/703 603/856/694 619/857/695
f 621/810/648 542/767/604 541/765/602
f 542/767/604 621/810/648 620/866/704
f 620/866/704 627/768/605 542/767/604
f 620/866/704 622/867/705 627/768/605
f 622/867/705 620/866/704 621/810/648
f 622/867/705 621/810/648 568/811/649
f 568/811/649 625/868/706 622/867/705
f 625/868/706 568/811/649 623/812/650
f 625/868/706 623/812/650 624/814/652
f 625/868/706 624/814/652 626/869/707
f 625/868/706 626/869/707 627/768/605
f 627/768/605 622/867/705 625/868/706
f 626/869/707 628/770/607 627/768/605
f 628/770/607 626/869/707 630/870/708
f 630/870/708 629/871/709 628/770/607
f 630/870/708 631/872/710 629/871/709
f 630/870/708 632/873/711 631/872/710
f 632/873/711 630/870/708 626/869/707
f 632/873/711 626/869/707 624/874/652
f 632/873/711 624/874/652 570/875/654
f 632/873/711 570/875/654 633/876/712
f 633/876/712 1094/877/713 632/873/711
f 633/876/712 1092/878/714 1094/877/713
f 1092/878/714 633/876/712 634/879/715
f 634/879/715 1093/880/716 1092/878/714
f 634/879/715 661/881/717 1093/880/716
f 634/879/715 635/882/718 661/881/717
f 634/879/715 636/883/719 635/882/718
f 636/883/719 634/879/715 633/876/712
f 636/883/719 633/876/712 570/875/654
f 636/883/719 570/875/654 571/884/655
f 571/884/655 725/885/720 636/883/719
f 725/885/720 571/884/655 714/886/721
f 714/886/721 644/887/722 725/885/720
f 644/887/722 714/886/721 653/888/723
f 653/888/723 637/889/724 644/887/722
f 637/889/724 653/888/723 638/890/725
f 638/890/725 641/891/726 637/889/724
f 638/890/725 639/892/727 641/891/726
f 639/892/727 638/890/725 732/893/728
f 639/892/727 732/893/728 640/894/547
f 639/892/727 640/894/547 719/895/729
f 719/895/729 641/891/726 639/892/727
f 641/891/726 719/895/729 748/896/730
f 641/891/726 748/896/730 642/897/731
f 642/897/731 637/889/724 641/891/726
f 637/889/724 642/897/731 643/898/732
f 643/898/732 644/887/722 637/889/724
f 644/887/722 643/898/732 745/899/733
f 745/899/733 725/885/720 644/887/722
f 725/885/720 745/899/733 647/900/734
f 647/900/734 636/883/719 725/885/720
f 636/883/719 647/900/734 646/901/735
f 646/901/735 635/882/718 636/883/719
f 645/902/736 646/901/735 647/900/734
f 647/900/734 648/903/576 645/902/736
f 648/903/576 647/900/734 745/899/733
f 648/903/576 745/899/733 643/898/737
f 643/898/737 649/904/738 648/903/576
f 649/904/738 643/898/737 642/897/731
f 642/897/731 650/905/739 649/904/738
f 650/905/739 642/897/731 748/896/730
f 748/896/730 719/895/729 650/905/739
f 650/905/739 651/906/579 652/907/578
f 652/907/578 649/904/738 650/905/739
f 649/904/738 652/907/578 648/903/576
f 638/890/725 659/908/663 732/893/728
f 659/908/663 638/890/725 653/888/723
f 653/888/723 654/909/740 659/908/663
f 654/909/740 653/888/723 714/886/721
f 714/886/721 657/910/741 654/909/740
f 657/910/741 714/886/721 571/884/655
f 571/884/655 655/911/742 657/910/741
f 655/911/742 571/884/655 656/912/656
f 656/912/656 657/910/741 655/911/742
f 657/910/741 656/912/656 574/913/658
f 657/910/741 574/913/658 660/914/743
f 660/914/743 654/909/740 657/910/741
f 654/909/740 660/914/743 658/915/661
f 658/915/661 659/908/663 654/909/740
f 658/915/661 660/914/743 574/913/658
f 631/872/710 632/873/711 1094/877/713
f 1094/877/713 681/916/744 631/872/710
f 681/916/744 1094/877/713 1095/917/745
f 1095/917/745 662/918/746 681/916/744
f 662/918/746 1095/917/745 1096/919/747
f 662/918/746 1096/919/747 1089/920/748
f 662/918/746 1089/920/748 661/921/717
f 662/918/746 661/921/717 635/922/718
f 635/922/718 679/923/749 662/918/746
f 679/923/749 635/922/718 646/924/735
f 646/924/735 663/925/750 679/923/749
f 663/925/750 646/924/735 645/926/736
f 663/925/750 645/926/736 648/927/576
f 663/925/750 648/927/576 766/737/577
f 766/737/577 664/928/751 663/925/750
f 664/928/751 766/737/577 769/735/575
f 769/735/575 785/929/752 664/928/751
f 785/929/752 769/735/575 665/734/574
f 665/734/574 675/930/753 785/929/752
f 675/930/753 665/734/574 666/732/754
f 666/732/754 667/931/755 675/930/753
f 667/931/755 666/732/754 525/731/571
f 667/931/755 525/731/571 774/932/756
f 667/931/755 774/932/756 668/933/757
f 668/933/757 712/934/758 667/931/755
f 712/934/758 668/933/757 696/935/759
f 696/935/759 674/936/760 712/934/758
f 674/936/760 696/935/759 669/937/761
f 669/937/761 670/938/762 674/936/760
f 670/938/762 669/937/761 671/939/763
f 671/939/763 673/940/764 670/938/762
f 673/940/764 671/939/763 697/941/616
f 697/941/616 672/942/765 673/940/764
f 672/942/765 697/941/616 547/774/611
f 672/942/765 547/774/611 678/943/766
f 678/943/766 673/940/764 672/942/765
f 678/943/766 670/938/762 673/940/764
f 670/938/762 678/943/766 664/928/751
f 664/928/751 674/936/760 670/938/762
f 674/936/760 664/928/751 785/929/752
f 785/929/752 712/934/758 674/936/760
f 712/934/758 785/929/752 675/930/753
f 675/930/753 667/931/755 712/934/758
f 678/943/766 676/944/767 664/928/751
f 676/944/767 678/943/766 679/923/749
f 676/944/767 679/923/749 663/925/750
f 663/925/750 664/928/751 676/944/767
f 681/916/744 629/871/709 631/872/710
f 629/871/709 681/916/744 680/945/768
f 680/945/768 628/770/607 629/871/709
f 680/945/768 545/771/608 628/770/607
f 545/771/608 680/945/768 677/946/769
f 677/946/769 547/774/611 545/771/608
f 677/946/769 678/943/766 547/774/611
f 677/946/769 679/923/749 678/943/766
f 679/923/749 677/946/769 680/945/768
f 680/945/768 662/918/746 679/923/749
f 662/918/746 680/945/768 681/916/744
f 684/795/633 682/796/634 1083/947/770
f 1083/947/770 683/948/771 684/795/633
f 683/948/771 1083/947/770 1071/949/772
f 683/948/771 1071/949/772 1072/777/614
f 683/948/771 1072/777/614 695/778/615
f 683/948/771 695/778/615 694/950/773
f 683/948/771 694/950/773 880/951/774
f 880/951/774 684/795/633 683/948/771
f 684/795/633 880/951/774 685/794/632
f 694/950/773 686/952/775 880/951/774
f 686/952/775 694/950/773 693/953/776
f 686/952/775 693/953/776 687/954/777
f 687/954/777 877/787/625 686/952/775
f 687/954/777 688/785/623 877/787/625
f 688/785/623 687/954/777 689/955/778
f 689/955/778 550/783/621 688/785/623
f 550/783/621 689/955/778 690/956/779
f 690/956/779 549/781/618 550/783/621
f 690/956/779 691/780/617 549/781/618
f 691/780/617 690/956/779 668/957/757
f 668/957/757 776/695/540 691/780/617
f 776/695/540 668/957/757 774/696/756
f 690/956/779 696/935/759 668/957/757
f 696/935/759 690/956/779 689/955/778
f 689/955/778 692/958/780 696/935/759
f 692/958/780 689/955/778 687/954/777
f 692/958/780 687/954/777 693/953/776
f 692/958/780 693/953/776 694/950/773
f 692/958/780 694/950/773 695/778/615
f 692/958/780 695/778/615 671/939/763
f 671/939/763 696/935/759 692/958/780
f 696/935/759 671/939/763 669/937/761
f 697/779/616 671/939/763 695/778/615
f 532/959/589 698/960/591 700/961/781
f 700/961/781 699/962/587 532/959/589
f 700/961/781 701/963/585 699/962/587
f 701/963/585 700/961/781 1084/964/782
f 1084/964/782 1086/693/538 701/963/585
f 915/965/783 913/966/784 702/967/785
f 702/967/785 703/968/786 915/965/783
f 703/968/786 702/967/785 918/969/787
f 916/970/788 915/965/783 703/968/786
f 704/971/789 705/972/790 758/973/542
f 758/973/542 706/974/791 704/971/789
f 706/974/791 758/973/542 776/975/540
f 776/975/540 707/976/792 706/974/791
f 707/976/792 776/975/540 691/977/617
f 691/977/617 708/978/793 707/976/792
f 670/979/794 710/980/795 709/981/796
f 710/980/795 670/979/794 674/982/797
f 674/982/797 711/983/798 710/980/795
f 711/983/798 674/982/797 712/984/799
f 713/985/800 653/986/723 714/987/801
f 653/986/723 713/985/800 715/988/802
f 715/988/802 638/989/803 653/986/723
f 638/989/803 715/988/802 716/990/804
f 758/697/805 718/694/539 717/991/806
f 717/991/806 705/992/790 758/697/805
f 705/992/790 717/991/806 735/701/807
f 735/701/807 740/703/808 705/992/790
f 774/993/756 525/731/571 527/994/570
f 527/994/570 718/995/539 774/993/756
f 718/995/539 527/994/570 651/996/579
f 651/996/579 717/997/809 718/995/539
f 756/698/619 758/697/542 705/992/810
f 705/992/810 586/840/811 756/698/619
f 586/840/811 705/992/810 740/703/812
f 740/703/812 763/704/549 586/840/811
f 659/998/663 576/999/665 743/829/667
f 743/829/667 732/1000/728 659/998/663
f 732/1000/728 743/829/667 752/700/550
f 752/700/550 640/702/547 732/1000/728
f 719/895/729 640/1001/813 735/1002/807
f 735/1002/807 650/1003/739 719/895/729
f 650/1003/739 735/1002/807 717/1004/809
f 717/1004/809 651/1005/579 650/1003/739
f 639/1006/727 720/1007/814 721/1008/815
f 721/1008/815 641/1009/726 639/1006/727
f 641/1009/726 721/1008/815 722/1010/816
f 722/1010/816 637/1011/724 641/1009/726
f 637/1011/724 722/1010/816 723/1012/817
f 723/1012/817 644/1013/722 637/1011/724
f 644/1013/722 723/1012/817 724/1014/818
f 724/1014/818 725/1015/720 644/1013/722
f 726/1016/819 668/1017/757 696/1018/759
f 668/1017/757 726/1016/819 727/1019/820
f 727/1019/820 774/1020/756 668/1017/757
f 774/1020/756 727/1019/820 728/1021/821
f 728/1021/821 718/1022/539 774/1020/756
f 718/1022/539 728/1021/821 729/1023/822
f 729/1023/822 717/1024/809 718/1022/539
f 717/1024/809 729/1023/822 730/1025/823
f 731/1026/824 659/1027/663 732/1028/728
f 732/1028/728 733/1029/825 731/1026/824
f 733/1029/825 732/1028/728 640/1030/826
f 640/1030/826 734/1031/827 733/1029/825
f 734/1031/827 640/1030/826 735/1032/807
f 735/1032/807 736/1033/828 734/1031/827
f 736/1033/828 735/1032/807 717/1034/809
f 717/1034/809 737/1035/829 736/1033/828
f 705/1036/790 738/1037/830 739/1038/831
f 739/1038/831 740/1039/548 705/1036/790
f 740/1039/548 739/1038/831 741/1040/832
f 741/1040/832 752/1041/833 740/1039/548
f 752/1041/833 741/1040/832 742/1042/834
f 742/1042/834 743/1043/667 752/1041/833
f 744/1044/835 745/1045/836 643/1046/732
f 643/1046/732 746/1047/837 744/1044/835
f 746/1047/837 643/1046/732 642/1048/731
f 642/1048/731 747/1049/838 746/1047/837
f 747/1049/838 642/1048/731 748/1050/730
f 748/1050/730 749/1051/839 747/1049/838
f 749/1051/839 748/1050/730 719/1052/729
f 719/1052/729 750/1053/840 749/1051/839
f 750/1053/840 719/1052/729 640/1054/547
f 640/1054/547 751/1055/841 750/1053/840
f 751/1055/841 640/1054/547 752/1056/550
f 752/1056/550 753/1057/842 751/1055/841
f 753/1057/842 752/1056/550 508/1058/551
f 508/1058/551 754/1059/843 753/1057/842
f 755/1060/844 587/1061/620 756/1062/619
f 756/1062/619 757/1063/845 755/1060/844
f 757/1063/845 756/1062/619 758/1064/542
f 758/1064/542 759/1065/846 757/1063/845
f 759/1065/846 758/1064/542 718/1066/539
f 718/1066/539 760/1067/847 759/1065/846
f 585/1068/668 761/1069/848 762/1070/849
f 762/1070/849 763/1071/549 585/1068/668
f 763/1071/549 762/1070/849 764/1072/850
f 764/1072/850 740/1073/548 763/1071/549
f 740/1073/548 764/1072/850 765/1074/851
f 765/1074/851 735/1075/852 740/1073/548
f 766/1076/577 767/1077/853 768/1078/854
f 768/1078/854 769/1079/575 766/1076/577
f 769/1079/575 768/1078/854 770/1080/855
f 770/1080/855 665/1081/574 769/1079/575
f 665/1081/574 770/1080/855 771/1082/856
f 771/1082/856 666/1083/754 665/1081/574
f 666/1083/754 771/1082/856 772/1084/857
f 772/1084/857 525/1085/571 666/1083/754
f 525/1085/571 772/1084/857 773/1086/858
f 773/1086/858 774/1087/756 525/1085/571
f 774/1087/756 773/1086/858 775/1088/859
f 775/1088/859 776/1089/540 774/1087/756
f 776/1089/540 775/1088/859 777/1090/860
f 777/1090/860 507/1091/544 776/1089/540
f 778/1092/861 756/1093/619 507/1094/544
f 756/1093/619 778/1092/861 779/1095/862
f 779/1095/862 586/1096/678 756/1093/619
f 586/1096/678 779/1095/862 780/1097/863
f 780/1097/863 763/1098/549 586/1096/678
f 763/1098/549 780/1097/863 781/1099/864
f 781/1099/864 508/1100/551 763/1098/549
f 508/1100/551 781/1099/864 782/1101/865
f 783/1102/866 667/1103/755 675/1104/753
f 675/1104/753 784/1105/867 783/1102/866
f 784/1105/867 675/1104/753 785/1106/752
f 785/1106/752 786/1107/868 784/1105/867
f 786/1107/868 785/1106/752 664/1108/751
f 664/1108/751 787/1109/869 786/1107/868
f 787/1109/869 664/1108/751 676/1110/767
f 676/1110/767 788/1111/870 787/1109/869
f 789/1112/871 790/1113/871 791/1114/872
f 791/1114/872 792/1115/873 789/1112/871
f 792/1115/873 791/1114/872 793/1116/874
f 793/1116/874 794/1117/875 792/1115/873
f 794/1117/875 793/1116/874 795/1118/876
f 795/1118/876 797/1119/877 794/1117/875
f 797/1119/877 795/1118/876 796/1120/878
f 796/1120/878 798/1121/879 797/1119/877
f 798/1121/879 796/1120/878 799/1122/880
f 799/1122/880 800/1123/881 798/1121/879
f 800/1123/881 799/1122/880 801/1124/882
f 801/1124/882 802/1125/883 800/1123/881
f 802/1125/883 801/1124/882 803/1126/884
f 803/1126/884 804/1127/885 802/1125/883
f 804/1127/885 803/1126/884 805/1128/886
f 805/1128/886 806/1129/887 804/1127/885
f 807/1130/888 809/1131/889 808/1132/888
f 809/1131/889 807/1130/888 810/1133/890
f 810/1133/890 811/1134/891 809/1131/889
f 811/1134/891 810/1133/890 812/1135/892
f 812/1135/892 813/1136/893 811/1134/891
f 813/1136/893 812/1135/892 814/1137/894
f 814/1137/894 815/1138/895 813/1136/893
f 815/1138/895 814/1137/894 816/1139/896
f 816/1139/896 817/1140/897 815/1138/895
f 817/1140/897 816/1139/896 818/1141/898
f 818/1141/898 819/1142/899 817/1140/897
f 819/1142/899 818/1141/898 820/1143/900
f 820/1143/900 821/1144/901 819/1142/899
f 821/1144/901 820/1143/900 822/1145/902
f 822/1145/902 823/1146/903 821/1144/901
f 823/1146/903 822/1145/902 824/1147/903
f 825/1148/904 827/1149/905 826/1150/906
f 827/1149/905 825/1148/904 828/1151/907
f 828/1151/907 829/1152/908 827/1149/905
f 829/1152/908 828/1151/907 830/1153/909
f 830/1153/909 831/1154/910 829/1152/908
f 831/1154/910 830/1153/909 832/1155/911
f 833/1156/912 835/1157/913 834/1158/914
f 835/1157/913 833/1156/912 836/1159/915
f 836/1159/915 837/1160/916 835/1157/913
f 837/1160/916 836/1159/915 838/1161/917
f 838/1161/917 839/1162/918 837/1160/916
f 839/1162/918 838/1161/917 840/1163/919
f 841/1164/920 842/1165/921 843/1166/922
f 843/1166/922 844/1167/923 841/1164/920
f 844/1167/923 843/1166/922 845/1168/924
f 845/1168/924 846/1169/925 844/1167/923
f 846/1169/925 845/1168/924 847/1170/926
f 847/1170/926 848/1171/926 846/1169/925
f 849/1172/927 850/1173/928 851/1174/929
f 851/1174/929 852/1175/930 849/1172/927
f 852/1175/930 851/1174/929 853/1176/931
f 853/1176/931 855/1177/932 852/1175/930
f 855/1177/932 853/1176/931 854/1178/933
f 854/1178/933 856/1179/934 855/1177/932
f 857/1180/935 858/1181/936 859/1182/937
f 859/1182/937 860/1183/938 857/1180/935
f 860/1183/938 859/1182/937 861/1184/939
f 861/1184/939 862/1185/940 860/1183/938
f 862/1185/940 861/1184/939 863/1186/941
f 863/1186/941 864/1187/942 862/1185/940
f 865/1188/943 866/1189/944 867/1190/945
f 867/1190/945 868/1191/946 865/1188/943
f 868/1191/946 867/1190/945 869/1192/947
f 869/1192/947 870/1193/948 868/1191/946
f 870/1193/948 869/1192/947 871/1194/949
f 871/1194/949 872/1195/950 870/1193/948
f 913/1196/784 873/1197/951 874/1198/952
f 874/1198/952 702/967/785 913/1196/784
f 702/967/785 874/1198/952 876/1199/953
f 876/1199/953 918/1200/787 702/967/785
f 918/1200/787 876/1199/953 875/1201/954
f 919/1202/955 876/1199/953 874/1198/952
f 686/1203/775 879/1204/956 880/1205/774
f 879/1204/956 686/1203/775 877/1206/625
f 879/1204/956 877/1206/625 553/1207/626
f 879/1204/956 553/1207/626 878/1208/628
f 879/1204/956 878/1208/628 555/1209/630
f 879/1204/956 555/1209/630 685/1210/632
f 685/1210/632 880/1205/774 879/1204/956
f 881/1211/688 883/1212/957 596/1213/673
f 883/1212/957 881/1211/688 594/1214/686
f 883/1212/957 594/1214/686 882/1215/684
f 883/1212/957 882/1215/684 884/1216/683
f 883/1212/957 884/1216/683 885/1217/674
f 885/1217/674 596/1213/673 883/1212/957
f 592/1218/681 885/1217/674 884/1216/683
f 888/1219/958 886/1220/959 887/1221/960
f 887/1221/960 889/1222/961 888/1219/958
f 887/1221/960 890/1223/962 889/1222/961
f 890/1223/962 887/1221/960 886/1220/959
f 890/1223/962 886/1220/959 891/1224/963
f 891/1224/963 892/1225/964 890/1223/962
f 892/1225/964 891/1224/963 893/1226/965
f 892/1225/964 893/1226/965 894/1227/966
f 892/1225/964 894/1227/966 895/1228/967
f 895/1228/967 890/1223/962 892/1225/964
f 890/1223/962 895/1228/967 896/1229/968
f 896/1229/968 889/1222/961 890/1223/962
f 897/1230/969 885/1231/970 899/1232/971
f 885/1231/970 897/1230/969 898/1233/972
f 885/1231/970 898/1233/972 905/1234/973
f 905/1234/973 899/1232/971 885/1231/970
f 905/1234/973 900/1235/974 899/1232/971
f 900/1235/974 905/1234/973 902/1236/975
f 902/1236/975 901/1237/976 900/1235/974
f 902/1236/975 903/1238/977 901/1237/976
f 902/1236/975 904/1239/978 903/1238/977
f 904/1239/978 902/1236/975 905/1234/973
f 905/1234/973 906/1240/968 904/1239/978
f 906/1240/968 905/1234/973 898/1233/972
f 922/1241/979 914/1242/980 908/1243/981
f 908/1243/981 921/1244/982 922/1241/979
f 908/1243/981 920/1245/983 921/1244/982
f 908/1243/981 907/1246/984 920/1245/983
f 908/1243/981 909/1247/985 907/1246/984
f 908/1243/981 911/1248/986 909/1247/985
f 908/1243/981 912/1249/987 911/1248/986
f 912/1249/987 908/1243/981 914/1242/980
f 914/1242/980 910/1250/988 912/1249/987
f 917/1251/989 911/1248/986 912/1249/987
f 922/1252/979 873/1253/951 913/1254/784
f 913/1254/784 914/1255/980 922/1252/979
f 914/1255/980 913/1254/784 915/1256/783
f 915/1256/783 910/1257/988 914/1255/980
f 910/1257/988 915/1256/783 916/1258/788
f 916/1258/788 912/1259/987 910/1257/988
f 912/1259/987 916/1258/788 703/1260/786
f 703/1260/786 917/1261/989 912/1259/987
f 917/1261/989 703/1260/786 918/1262/787
f 918/1262/787 911/1263/986 917/1261/989
f 911/1263/986 918/1262/787 875/1264/954
f 875/1264/954 909/1265/985 911/1263/986
f 909/1265/985 875/1264/954 876/1266/953
f 876/1266/953 907/1267/984 909/1265/985
f 907/1267/984 876/1266/953 919/1268/955
f 919/1268/955 920/1269/983 907/1267/984
f 920/1269/983 919/1268/955 874/1270/952
f 874/1270/952 921/1271/982 920/1269/983
f 921/1271/982 874/1270/952 873/1253/951
f 873/1253/951 922/1252/979 921/1271/982
f 923/1272/990 924/1273/991 925/1274/992
f 925/1274/992 938/1275/993 923/1272/990
f 938/1275/993 925/1274/992 926/1276/994
f 926/1276/994 927/1277/995 938/1275/993
f 927/1277/995 926/1276/994 928/1278/996
f 928/1278/996 940/1279/997 927/1277/995
f 940/1279/997 928/1278/996 929/1280/998
f 929/1280/998 941/1281/999 940/1279/997
f 941/1281/999 929/1280/998 930/1282/1000
f 930/1282/1000 943/1283/1001 941/1281/999
f 943/1283/1001 930/1282/1000 931/1284/1002
f 931/1284/1002 942/1285/1003 943/1283/1001
f 942/1285/1003 931/1284/1002 932/1286/1004
f 932/1286/1004 933/1287/1005 942/1285/1003
f 933/1287/1005 932/1286/1004 934/1288/1006
f 933/1287/1005 934/1288/1006 935/1289/1007
f 935/1289/1007 937/1290/1008 933/1287/1005
f 937/1290/1008 935/1289/1007 936/1291/1009
f 937/1290/1008 936/1291/1009 923/1272/990
f 937/1290/1008 923/1272/990 938/1275/993
f 938/1275/993 939/1292/1010 937/1290/1008
f 939/1292/1010 938/1275/993 927/1277/995
f 939/1292/1010 927/1277/995 940/1279/997
f 939/1292/1010 940/1279/997 941/1281/999
f 939/1292/1010 941/1281/999 942/1285/1003
f 942/1285/1003 937/1290/1008 939/1292/1010
f 937/1290/1008 942/1285/1003 933/1287/1005
f 943/1283/1001 942/1285/1003 941/1281/999
f 945/1293/1011 961/1294/1012 944/1295/1013
f 944/1295/1013 963/1296/1014 945/1293/1011
f 963/1296/1014 944/1295/1013 946/1297/1015
f 946/1297/1015 947/1298/1016 963/1296/1014
f 947/1298/1016 946/1297/1015 948/1299/1017
f 948/1299/1017 965/1300/1018 947/1298/1016
f 965/1300/1018 948/1299/1017 949/1301/1019
f 949/1301/1019 950/1302/1020 965/1300/1018
f 950/1302/1020 949/1301/1019 951/1303/1021
f 951/1303/1021 968/1304/1022 950/1302/1020
f 968/1304/1022 951/1303/1021 952/1305/1023
f 952/1305/1023 953/1306/1024 968/1304/1022
f 953/1306/1024 952/1305/1023 954/1307/1025
f 954/1307/1025 955/1308/1026 953/1306/1024
f 955/1308/1026 954/1307/1025 956/1309/1027
f 956/1309/1027 972/1310/1028 955/1308/1026
f 972/1310/1028 956/1309/1027 957/1311/1029
f 957/1311/1029 958/1312/1030 972/1310/1028
f 958/1312/1030 957/1311/1029 959/1313/1031
f 959/1313/1031 975/1314/1032 958/1312/1030
f 975/1314/1032 959/1313/1031 960/1315/1033
f 960/1315/1033 962/1316/1034 975/1314/1032
f 962/1316/1034 960/1315/1033 961/1294/1012
f 962/1316/1034 961/1294/1012 945/1293/1011
f 945/1293/1011 976/1317/1035 962/1316/1034
f 976/1317/1035 945/1293/1011 963/1296/1014
f 963/1296/1014 979/1318/1036 976/1317/1035
f 979/1318/1036 963/1296/1014 947/1298/1016
f 947/1298/1016 964/1319/1037 979/1318/1036
f 964/1319/1037 947/1298/1016 965/1300/1018
f 965/1300/1018 966/1320/1038 964/1319/1037
f 966/1320/1038 965/1300/1018 950/1302/1020
f 950/1302/1020 967/1321/1039 966/1320/1038
f 967/1321/1039 950/1302/1020 968/1304/1022
f 968/1304/1022 969/1322/1040 967/1321/1039
f 969/1322/1040 968/1304/1022 953/1306/1024
f 953/1306/1024 970/1323/1041 969/1322/1040
f 970/1323/1041 953/1306/1024 955/1308/1026
f 955/1308/1026 971/1324/1042 970/1323/1041
f 971/1324/1042 955/1308/1026 972/1310/1028
f 972/1310/1028 973/1325/1043 971/1324/1042
f 973/1325/1043 972/1310/1028 958/1312/1030
f 958/1312/1030 974/1326/1044 973/1325/1043
f 974/1326/1044 958/1312/1030 975/1314/1032
f 975/1314/1032 987/1327/1045 974/1326/1044
f 987/1327/1045 975/1314/1032 962/1316/1034
f 962/1316/1034 989/1328/1046 987/1327/1045
f 989/1328/1046 962/1316/1034 976/1317/1035
f 976/1317/1035 990/1329/1047 989/1328/1046
f 990/1329/1047 976/1317/1035 977/1330/1048
f 977/1330/1048 521/1331/565 990/1329/1047
f 977/1330/1048 519/1332/563 521/1331/565
f 977/1330/1048 978/1333/1049 519/1332/563
f 978/1333/1049 977/1330/1048 976/1317/1035
f 978/1333/1049 976/1317/1035 979/1318/1036
f 979/1318/1036 980/1334/1050 978/1333/1049
f 980/1334/1050 979/1318/1036 964/1319/1037
f 964/1319/1037 981/1335/1051 980/1334/1050
f 981/1335/1051 964/1319/1037 966/1320/1038
f 966/1320/1038 982/1336/1052 981/1335/1051
f 982/1336/1052 966/1320/1038 967/1321/1039
f 967/1321/1039 983/1337/1053 982/1336/1052
f 983/1337/1053 967/1321/1039 969/1322/1040
f 969/1322/1040 995/1338/1054 983/1337/1053
f 995/1338/1054 969/1322/1040 970/1323/1041
f 970/1323/1041 984/1339/1055 995/1338/1054
f 984/1339/1055 970/1323/1041 971/1324/1042
f 971/1324/1042 985/1340/1056 984/1339/1055
f 985/1340/1056 971/1324/1042 973/1325/1043
f 973/1325/1043 986/1341/1057 985/1340/1056
f 986/1341/1057 973/1325/1043 974/1326/1044
f 974/1326/1044 988/1342/1058 986/1341/1057
f 988/1342/1058 974/1326/1044 987/1327/1045
f 988/1342/1058 987/1327/1045 989/1328/1046
f 988/1342/1058 989/1328/1046 990/1329/1047
f 988/1342/1058 990/1329/1047 521/1331/565
f 988/1342/1058 521/1331/565 991/1343/1059
f 991/1343/1059 986/1341/1057 988/1342/1058
f 986/1341/1057 991/1343/1059 992/1344/1060
f 992/1344/1060 985/1340/1056 986/1341/1057
f 985/1340/1056 992/1344/1060 993/1345/1061
f 993/1345/1061 984/1339/1055 985/1340/1056
f 984/1339/1055 993/1345/1061 994/1346/1062
f 994/1346/1062 995/1338/1054 984/1339/1055
f 995/1338/1054 994/1346/1062 996/1347/1063
f 996/1347/1063 983/1337/1053 995/1338/1054
f 983/1337/1053 996/1347/1063 1098/1348/1064
f 1098/1348/1064 982/1336/1052 983/1337/1053
f 982/1336/1052 1098/1348/1064 1090/1349/1065
f 1090/1349/1065 981/1335/1051 982/1336/1052
f 981/1335/1051 1090/1349/1065 1097/1350/1066
f 1097/1350/1066 980/1334/1050 981/1335/1051
f 980/1334/1050 1097/1350/1066 997/1351/1067
f 997/1351/1067 978/1333/1049 980/1334/1050
f 978/1333/1049 997/1351/1067 998/1352/1068
f 998/1352/1068 519/1332/563 978/1333/1049
f 1195/1353/1069 1192/1354/1070 1194/1355/1071
f 1194/1355/1071 1030/1356/1072 1195/1353/1069
f 1030/1356/1072 1194/1355/1071 1013/1357/1073
f 1013/1357/1073 1032/1358/1074 1030/1356/1072
f 1032/1358/1074 1013/1357/1073 1018/1359/1075
f 1018/1359/1075 1043/1360/1076 1032/1358/1074
f 1043/1360/1076 1018/1359/1075 1017/1361/1077
f 1017/1361/1077 999/1362/1078 1043/1360/1076
f 1017/1361/1077 1248/1363/1079 999/1362/1078
f 1248/1363/1079 1017/1361/1077 1016/1364/1080
f 1016/1364/1080 1000/1365/1081 1248/1363/1079
f 1000/1365/1081 1016/1364/1080 1001/1366/1082
f 1001/1366/1082 1002/1367/1083 1000/1365/1081
f 1001/1366/1082 1189/1368/1084 1002/1367/1083
f 1001/1366/1082 1233/1369/1085 1189/1368/1084
f 1233/1369/1085 1001/1366/1082 1003/1370/1086
f 1003/1370/1086 1004/1371/1087 1233/1369/1085
f 1004/1371/1087 1003/1370/1086 1006/1372/1088
f 1004/1371/1087 1006/1372/1088 1005/1373/1089
f 1005/1373/1089 1233/1369/1085 1004/1371/1087
f 1005/1373/1089 1238/1374/1090 1233/1369/1085
f 1005/1373/1089 1020/1375/1091 1238/1374/1090
f 1020/1375/1091 1005/1373/1089 1006/1372/1088
f 1006/1372/1088 1007/1376/1092 1020/1375/1091
f 1007/1376/1092 1006/1372/1088 1008/1377/1093
f 1008/1377/1093 1059/1378/1094 1007/1376/1092
f 1008/1377/1093 1009/1379/1095 1059/1378/1094
f 1009/1379/1095 1008/1377/1093 1010/1380/1096
f 1010/1380/1096 1060/1381/1097 1009/1379/1095
f 1010/1380/1096 1024/1382/1098 1060/1381/1097
f 1010/1380/1096 1011/1383/1099 1024/1382/1098
f 1011/1383/1099 1010/1380/1096 1012/1384/1100
f 1012/1384/1100 1026/1385/1101 1011/1383/1099
f 1012/1384/1100 1197/1386/1102 1026/1385/1101
f 1012/1384/1100 1194/1355/1071 1197/1386/1102
f 1012/1384/1100 1013/1357/1073 1194/1355/1071
f 1013/1357/1073 1012/1384/1100 1010/1380/1096
f 1010/1380/1096 1014/1387/1103 1013/1357/1073
f 1014/1387/1103 1010/1380/1096 1008/1377/1093
f 1014/1387/1103 1008/1377/1093 1006/1372/1088
f 1006/1372/1088 1015/1388/1104 1014/1387/1103
f 1015/1388/1104 1006/1372/1088 1003/1370/1086
f 1015/1388/1104 1003/1370/1086 1001/1366/1082
f 1015/1388/1104 1001/1366/1082 1016/1364/1080
f 1015/1388/1104 1016/1364/1080 1017/1361/1077
f 1015/1388/1104 1017/1361/1077 1018/1359/1075
f 1018/1359/1075 1014/1387/1103 1015/1388/1104
f 1014/1387/1103 1018/1359/1075 1013/1357/1073
f 1059/1378/1094 1058/1389/1105 1019/1390/1106
f 1019/1390/1106 1007/1376/1092 1059/1378/1094
f 1019/1390/1106 1020/1375/1091 1007/1376/1092
f 1019/1390/1106 1021/1391/1107 1020/1375/1091
f 1021/1391/1107 1019/1390/1106 1058/1389/1105
f 1021/1391/1107 1058/1389/1105 1057/1392/1108
f 1057/1392/1108 1037/1393/1109 1021/1391/1107
f 1037/1393/1109 1057/1392/1108 1022/1394/1110
f 1022/1394/1110 1036/1395/1111 1037/1393/1109
f 1036/1395/1111 1022/1394/1110 1055/1396/1112
f 1055/1396/1112 1025/1397/1113 1036/1395/1111
f 1025/1397/1113 1055/1396/1112 1023/1398/1114
f 1025/1397/1113 1023/1398/1114 1024/1399/1098
f 1025/1397/1113 1024/1399/1098 1011/1400/1099
f 1011/1400/1099 1027/1401/1115 1025/1397/1113
f 1027/1401/1115 1011/1400/1099 1026/1402/1101
f 1027/1401/1115 1026/1402/1101 1197/1403/1102
f 1027/1401/1115 1197/1403/1102 1028/1404/1116
f 1028/1404/1116 1031/1405/1117 1027/1401/1115
f 1031/1405/1117 1028/1404/1116 1196/1406/1118
f 1031/1405/1117 1196/1406/1118 1029/1407/1119
f 1031/1405/1117 1029/1407/1119 1195/1408/1069
f 1031/1405/1117 1195/1408/1069 1030/1409/1072
f 1031/1405/1117 1030/1409/1072 1032/1410/1074
f 1031/1405/1117 1032/1410/1074 1033/1411/1120
f 1033/1411/1120 1027/1401/1115 1031/1405/1117
f 1027/1401/1115 1033/1411/1120 1034/1412/1121
f 1034/1412/1121 1025/1397/1113 1027/1401/1115
f 1025/1397/1113 1034/1412/1121 1035/1413/1122
f 1035/1413/1122 1036/1395/1111 1025/1397/1113
f 1035/1413/1122 1037/1393/1109 1036/1395/1111
f 1037/1393/1109 1035/1413/1122 1038/1414/1123
f 1038/1414/1123 1021/1391/1107 1037/1393/1109
f 1021/1391/1107 1038/1414/1123 1239/1415/1124
f 1239/1415/1124 1020/1375/1091 1021/1391/1107
f 1038/1414/1123 1035/1413/1122 1034/1412/1121
f 1034/1412/1121 1242/1416/1125 1038/1414/1123
f 1242/1416/1125 1034/1412/1121 1033/1411/1120
f 1033/1411/1120 1039/1417/1126 1242/1416/1125
f 1039/1417/1126 1033/1411/1120 1032/1410/1074
f 1039/1417/1126 1032/1410/1074 1042/1418/1127
f 1042/1418/1127 1242/1416/1125 1039/1417/1126
f 1242/1416/1125 1042/1418/1127 1041/1419/1128
f 1041/1419/1128 1233/1420/1085 1242/1416/1125
f 1041/1419/1128 1189/1421/1084 1233/1420/1085
f 1041/1419/1128 1040/1422/1129 1189/1421/1084
f 1041/1419/1128 1248/1423/1079 1040/1422/1129
f 1041/1419/1128 999/1424/1078 1248/1423/1079
f 999/1424/1078 1041/1419/1128 1042/1418/1127
f 1042/1418/1127 1043/1425/1076 999/1424/1078
f 1043/1425/1076 1042/1418/1127 1032/1410/1074
f 1023/1426/1114 1044/1427/1130 1024/1428/1098
f 1044/1427/1130 1023/1426/1114 1055/1429/1112
f 1044/1427/1130 1055/1429/1112 1045/1430/1131
f 1045/1430/1131 1061/1431/1132 1044/1427/1130
f 1061/1431/1132 1045/1430/1131 1046/1432/1133
f 1046/1432/1133 1062/1433/1134 1061/1431/1132
f 1062/1433/1134 1046/1432/1133 1052/1434/1135
f 1062/1433/1134 1052/1434/1135 1047/1435/1136
f 1062/1433/1134 1047/1435/1136 1048/1436/1137
f 1048/1436/1137 1049/1437/1138 1062/1433/1134
f 1049/1437/1138 1048/1436/1137 1253/1438/1139
f 1253/1438/1139 1070/1439/1140 1049/1437/1138
f 1070/1439/1140 1253/1438/1139 1254/1440/1141
f 1254/1440/1141 1068/1441/1142 1070/1439/1140
f 1068/1441/1142 1254/1440/1141 1255/1442/1143
f 1255/1442/1143 1051/1443/1144 1068/1441/1142
f 1051/1443/1144 1255/1442/1143 1050/1444/1145
f 1051/1443/1144 1050/1444/1145 1047/1445/1136
f 1051/1443/1144 1047/1445/1136 1052/1446/1135
f 1052/1446/1135 1053/1447/1146 1051/1443/1144
f 1053/1447/1146 1052/1446/1135 1046/1448/1133
f 1046/1448/1133 1054/1449/1147 1053/1447/1146
f 1054/1449/1147 1046/1448/1133 1045/1450/1131
f 1054/1449/1147 1045/1450/1131 1055/1451/1112
f 1054/1449/1147 1055/1451/1112 1022/1452/1110
f 1022/1452/1110 1056/1453/1148 1054/1449/1147
f 1056/1453/1148 1022/1452/1110 1057/1454/1108
f 1057/1454/1108 1066/1455/1149 1056/1453/1148
f 1066/1455/1149 1057/1454/1108 1058/1456/1105
f 1058/1456/1105 1065/1457/1150 1066/1455/1149
f 1065/1457/1150 1058/1456/1105 1059/1458/1094
f 1059/1458/1094 1064/1459/1151 1065/1457/1150
f 1064/1459/1151 1059/1458/1094 1009/1460/1095
f 1064/1459/1151 1009/1460/1095 1060/1461/1097
f 1064/1459/1151 1060/1461/1097 1024/1428/1098
f 1064/1459/1151 1024/1428/1098 1044/1427/1130
f 1044/1427/1130 1063/1462/1152 1064/1459/1151
f 1063/1462/1152 1044/1427/1130 1061/1431/1132
f 1063/1462/1152 1061/1431/1132 1062/1433/1134
f 1063/1462/1152 1062/1433/1134 1049/1437/1138
f 1063/1462/1152 1049/1437/1138 1069/1463/1153
f 1069/1463/1153 1064/1459/1151 1063/1462/1152
f 1069/1463/1153 1065/1457/1150 1064/1459/1151
f 1065/1457/1150 1069/1463/1153 1067/1464/1154
f 1067/1464/1154 1066/1455/1149 1065/1457/1150
f 1067/1464/1154 1056/1453/1148 1066/1455/1149
f 1067/1464/1154 1054/1449/1147 1056/1453/1148
f 1067/1464/1154 1053/1447/1146 1054/1449/1147
f 1067/1464/1154 1051/1443/1144 1053/1447/1146
f 1067/1464/1154 1068/1441/1142 1051/1443/1144
f 1068/1441/1142 1067/1464/1154 1069/1463/1153
f 1069/1463/1153 1070/1439/1140 1068/1441/1142
f 1070/1439/1140 1069/1463/1153 1049/1437/1138
f 1071/949/772 1083/947/770 1081/1465/1155
f 1081/1465/1155 1072/777/614 1071/949/772
f 1081/1465/1155 1073/776/613 1072/777/614
f 1073/776/613 1081/1465/1155 1074/1466/1156
f 1074/1466/1156 544/772/609 1073/776/613
f 1074/1466/1156 543/769/606 544/772/609
f 1074/1466/1156 1075/766/603 543/769/606
f 1075/766/603 1074/1466/1156 1078/1467/1157
f 1078/1467/1157 540/764/601 1075/766/603
f 1078/1467/1157 539/756/593 540/764/601
f 1078/1467/1157 1076/755/592 539/756/593
f 1078/1467/1157 698/754/591 1076/755/592
f 1078/1467/1157 1077/1468/1158 698/754/591
f 1078/1467/1157 1087/741/536 1077/1468/1158
f 1078/1467/1157 1079/742/581 1087/741/536
f 1079/742/581 1078/1467/1157 1074/1466/1156
f 1079/742/581 1074/1466/1156 1081/1465/1155
f 1081/1465/1155 1080/740/580 1079/742/581
f 1081/1465/1155 560/799/637 1080/740/580
f 1081/1465/1155 1082/797/635 560/799/637
f 1082/797/635 1081/1465/1155 1083/947/770
f 1083/947/770 682/796/634 1082/797/635
f 698/960/591 1077/1469/1158 1088/1470/1159
f 1088/1470/1159 700/961/781 698/960/591
f 700/961/781 1088/1470/1159 1085/1471/1160
f 1085/1471/1160 1084/964/782 700/961/781
f 1085/1471/1160 1086/693/538 1084/964/782
f 1085/1471/1160 1087/691/536 1086/693/538
f 1085/1471/1160 1077/1469/1158 1087/691/536
f 1077/1469/1158 1085/1471/1160 1088/1470/1159
f 1101/1472/1161 1102/1473/1161 1103/1474/1162
f 1103/1474/1162 1104/1475/1163 1101/1472/1161
f 1104/1475/1163 1103/1474/1162 1105/1476/1164
f 1105/1476/1164 1106/1477/1165 1104/1475/1163
f 1106/1477/1165 1105/1476/1164 1107/1478/1166
f 1107/1478/1166 1108/1479/1167 1106/1477/1165
f 1108/1479/1167 1107/1478/1166 1109/1480/1168
f 1109/1480/1168 1110/1481/1169 1108/1479/1167
f 1110/1481/1169 1109/1480/1168 1111/1482/1170
f 1111/1482/1170 1112/1483/1171 1110/1481/1169
f 1112/1483/1171 1111/1482/1170 1113/1484/1172
f 1113/1484/1172 1114/1485/1173 1112/1483/1171
f 1114/1485/1173 1113/1484/1172 1115/1486/1174
f 1115/1486/1174 1116/1487/1175 1114/1485/1173
f 1117/1488/1176 1118/1489/1177 1119/1490/1178
f 1119/1490/1178 1120/1491/1179 1117/1488/1176
f 1120/1491/1179 1119/1490/1178 1121/1492/1180
f 1121/1492/1180 1122/1493/1181 1120/1491/1179
f 1122/1493/1181 1121/1492/1180 1123/1494/1182
f 1123/1494/1182 1124/1495/1183 1122/1493/1181
f 1124/1495/1183 1123/1494/1182 1125/1496/1184
f 1125/1496/1184 1126/1497/1185 1124/1495/1183
f 1126/1497/1185 1125/1496/1184 1127/1498/1186
f 1127/1498/1186 1128/1499/1187 1126/1497/1185
f 1128/1499/1187 1127/1498/1186 1129/1500/1188
f 1129/1500/1188 1130/1501/1189 1128/1499/1187
f 1130/1501/1189 1129/1500/1188 1131/1502/1190
f 1131/1502/1190 1132/1503/1191 1130/1501/1189
f 1133/1504/1192 1156/1505/1193 1134/1506/1194
f 1156/1505/1193 1133/1504/1192 1135/1507/1195
f 1135/1507/1195 1136/1508/1196 1156/1505/1193
f 1136/1508/1196 1135/1507/1195 1133/1504/1192
f 1136/1508/1196 1133/1504/1192 1155/1509/1197
f 1155/1509/1197 1137/1510/1198 1136/1508/1196
f 1137/1510/1198 1155/1509/1197 1153/1511/1199
f 1137/1510/1198 1153/1511/1199 1142/1512/1200
f 1137/1510/1198 1142/1512/1200 1184/1513/1201
f 1137/1510/1198 1184/1513/1201 1183/1514/1202
f 1137/1510/1198 1183/1514/1202 1138/1515/1203
f 1138/1515/1203 1136/1508/1196 1137/1510/1198
f 1136/1508/1196 1138/1515/1203 1139/1516/1204
f 1139/1516/1204 1156/1505/1193 1136/1508/1196
f 1140/1517/1205 1175/1518/1206 1177/1519/1207
f 1175/1518/1206 1140/1517/1205 1171/1520/1208
f 1175/1518/1206 1171/1520/1208 1148/1521/1209
f 1148/1521/1209 1141/1522/1210 1175/1518/1206
f 1141/1522/1210 1148/1521/1209 1143/1523/1211
f 1143/1523/1211 1142/1524/1200 1141/1522/1210
f 1143/1523/1211 1144/1525/1212 1142/1524/1200
f 1144/1525/1212 1143/1523/1211 1145/1526/1213
f 1145/1526/1213 1146/1527/1214 1144/1525/1212
f 1145/1526/1213 1147/1528/1215 1146/1527/1214
f 1147/1528/1215 1145/1526/1213 1143/1523/1211
f 1143/1523/1211 1148/1521/1209 1147/1528/1215
f 1142/1524/1200 1149/1529/1216 1141/1522/1210
f 1149/1529/1216 1142/1524/1200 1153/1530/1199
f 1149/1529/1216 1153/1530/1199 1150/1531/1217
f 1150/1531/1217 1141/1522/1210 1149/1529/1216
f 1150/1531/1217 1151/1532/1218 1141/1522/1210
f 1150/1531/1217 1176/1533/1219 1151/1532/1218
f 1150/1531/1217 1183/1534/1202 1176/1533/1219
f 1150/1531/1217 1152/1535/1220 1183/1534/1202
f 1152/1535/1220 1150/1531/1217 1153/1530/1199
f 1153/1530/1199 1154/1536/1221 1152/1535/1220
f 1154/1536/1221 1153/1530/1199 1155/1537/1197
f 1154/1536/1221 1155/1537/1197 1133/1538/1192
f 1154/1536/1221 1133/1538/1192 1134/1539/1194
f 1154/1536/1221 1134/1539/1194 1156/1540/1193
f 1154/1536/1221 1156/1540/1193 1139/1541/1204
f 1139/1541/1204 1152/1535/1220 1154/1536/1221
f 1152/1535/1220 1139/1541/1204 1138/1542/1203
f 1138/1542/1203 1183/1534/1202 1152/1535/1220
f 1157/1543/1222 1168/1544/1223 1160/1545/1224
f 1168/1544/1223 1157/1543/1222 1158/1546/1225
f 1158/1546/1225 1164/1547/1226 1168/1544/1223
f 1158/1546/1225 1163/1548/1227 1164/1547/1226
f 1158/1546/1225 1162/1549/1228 1163/1548/1227
f 1162/1549/1228 1158/1546/1225 1157/1543/1222
f 1157/1543/1222 1159/1550/1229 1162/1549/1228
f 1159/1550/1229 1157/1543/1222 1160/1551/1224
f 1160/1551/1224 1162/1549/1228 1159/1550/1229
f 1162/1549/1228 1160/1551/1224 1161/1552/1230
f 1162/1549/1228 1161/1552/1230 1183/1514/1202
f 1162/1549/1228 1183/1514/1202 1182/1553/1231
f 1182/1553/1231 1163/1548/1227 1162/1549/1228
f 1163/1548/1227 1182/1553/1231 1185/1554/1232
f 1163/1548/1227 1185/1554/1232 1180/1555/1233
f 1180/1555/1233 1164/1547/1226 1163/1548/1227
f 1164/1547/1226 1180/1555/1233 1178/1556/1234
f 1178/1556/1234 1166/1557/1235 1164/1547/1226
f 1166/1557/1235 1178/1556/1234 1165/1558/1236
f 1166/1557/1235 1165/1558/1236 1176/1533/1219
f 1166/1557/1235 1176/1533/1219 1167/1559/1237
f 1167/1559/1237 1164/1547/1226 1166/1557/1235
f 1164/1547/1226 1167/1559/1237 1169/1560/1238
f 1169/1560/1238 1168/1544/1223 1164/1547/1226
f 1169/1560/1238 1160/1545/1224 1168/1544/1223
f 1169/1560/1238 1161/1561/1230 1160/1545/1224
f 1161/1561/1230 1169/1560/1238 1167/1559/1237
f 1167/1559/1237 1183/1534/1202 1161/1561/1230
f 1183/1534/1202 1167/1559/1237 1176/1533/1219
f 1146/1562/1214 1147/1563/1215 1170/1564/1239
f 1170/1564/1239 1174/1565/1240 1146/1562/1214
f 1170/1564/1239 1173/1566/1241 1174/1565/1240
f 1173/1566/1241 1170/1564/1239 1147/1563/1215
f 1173/1566/1241 1147/1563/1215 1148/1567/1209
f 1148/1567/1209 1172/1568/1242 1173/1566/1241
f 1172/1568/1242 1148/1567/1209 1171/1569/1208
f 1172/1568/1242 1171/1569/1208 1140/1570/1205
f 1172/1568/1242 1140/1570/1205 1204/1571/1243
f 1172/1568/1242 1204/1571/1243 1181/1572/1244
f 1172/1568/1242 1181/1572/1244 1185/1554/1232
f 1185/1554/1232 1173/1566/1241 1172/1568/1242
f 1173/1566/1241 1185/1554/1232 1186/1573/1245
f 1186/1573/1245 1174/1565/1240 1173/1566/1241
f 1151/1532/1218 1175/1518/1206 1141/1522/1210
f 1175/1518/1206 1151/1532/1218 1176/1533/1219
f 1175/1518/1206 1176/1533/1219 1165/1558/1236
f 1165/1558/1236 1177/1519/1207 1175/1518/1206
f 1177/1519/1207 1165/1558/1236 1178/1556/1234
f 1178/1556/1234 1179/1574/1246 1177/1519/1207
f 1178/1556/1234 1200/1575/1247 1179/1574/1246
f 1200/1575/1247 1178/1556/1234 1180/1555/1233
f 1180/1555/1233 1199/1576/1248 1200/1575/1247
f 1199/1576/1248 1180/1555/1233 1185/1554/1232
f 1185/1554/1232 1181/1572/1244 1199/1576/1248
f 1182/1553/1231 1183/1514/1202 1184/1513/1201
f 1184/1513/1201 1185/1554/1232 1182/1553/1231
f 1184/1513/1201 1186/1573/1245 1185/1554/1232
f 1186/1573/1245 1184/1513/1201 1144/1577/1212
f 1144/1577/1212 1174/1565/1240 1186/1573/1245
f 1174/1565/1240 1144/1577/1212 1146/1562/1214
f 1142/1512/1200 1144/1577/1212 1184/1513/1201
f 1252/1578/1249 1187/1579/1250 1251/1580/1251
f 1187/1579/1250 1252/1578/1249 1188/1581/1252
f 1188/1581/1252 1191/1582/1253 1187/1579/1250
f 1191/1582/1253 1188/1581/1252 1246/1583/1254
f 1246/1583/1254 1190/1584/1255 1191/1582/1253
f 1190/1584/1255 1246/1583/1254 1189/1421/1084
f 1190/1584/1255 1189/1421/1084 1040/1422/1129
f 1190/1584/1255 1040/1422/1129 1249/1585/1256
f 1249/1585/1256 1191/1582/1253 1190/1584/1255
f 1191/1582/1253 1249/1585/1256 1187/1579/1250
f 1248/1423/1079 1249/1585/1256 1040/1422/1129
f 1192/1354/1070 1195/1353/1069 1193/1586/1257
f 1193/1586/1257 1194/1355/1071 1192/1354/1070
f 1194/1355/1071 1193/1586/1257 1197/1386/1102
f 1195/1408/1069 1029/1407/1119 1196/1406/1118
f 1196/1406/1118 1193/1587/1257 1195/1408/1069
f 1193/1587/1257 1196/1406/1118 1028/1404/1116
f 1028/1404/1116 1197/1403/1102 1193/1587/1257
f 1227/1588/1258 1207/1589/1259 1225/1590/1260
f 1207/1589/1259 1227/1588/1258 1198/1591/1261
f 1198/1591/1261 1206/1592/1262 1207/1589/1259
f 1198/1591/1261 1181/1593/1244 1206/1592/1262
f 1198/1591/1261 1199/1594/1248 1181/1593/1244
f 1198/1591/1261 1200/1595/1247 1199/1594/1248
f 1200/1595/1247 1198/1591/1261 1201/1596/1263
f 1201/1596/1263 1179/1597/1246 1200/1595/1247
f 1179/1597/1246 1201/1596/1263 1202/1598/1264
f 1202/1598/1264 1177/1599/1207 1179/1597/1246
f 1177/1599/1207 1202/1598/1264 1203/1600/1265
f 1203/1600/1265 1140/1601/1205 1177/1599/1207
f 1140/1601/1205 1203/1600/1265 1205/1602/1266
f 1205/1602/1266 1204/1603/1243 1140/1601/1205
f 1205/1602/1266 1181/1604/1244 1204/1603/1243
f 1205/1602/1266 1206/1605/1262 1181/1604/1244
f 1206/1605/1262 1205/1602/1266 1208/1606/1267
f 1208/1606/1267 1207/1607/1259 1206/1605/1262
f 1208/1606/1267 1225/1608/1260 1207/1607/1259
f 1225/1608/1260 1208/1606/1267 1212/1609/1268
f 1212/1609/1268 1224/1610/1269 1225/1608/1260
f 1212/1609/1268 1222/1611/1270 1224/1610/1269
f 1222/1611/1270 1212/1609/1268 1210/1612/1271
f 1210/1612/1271 1221/1613/1272 1222/1611/1270
f 1210/1612/1271 1099/1614/1273 1221/1613/1272
f 1099/1614/1273 1210/1612/1271 1209/1615/1274
f 1209/1615/1274 1100/1616/1275 1099/1614/1273
f 1209/1615/1274 1217/1617/1276 1100/1616/1275
f 1209/1615/1274 1215/1618/1277 1217/1617/1276
f 1215/1618/1277 1209/1615/1274 1210/1612/1271
f 1210/1612/1271 1211/1619/1278 1215/1618/1277
f 1211/1619/1278 1210/1612/1271 1212/1609/1268
f 1212/1609/1268 1213/1620/1279 1211/1619/1278
f 1213/1620/1279 1212/1609/1268 1208/1606/1267
f 1213/1620/1279 1208/1606/1267 1205/1602/1266
f 1213/1620/1279 1205/1602/1266 1203/1600/1265
f 1213/1620/1279 1203/1600/1265 1214/1621/1280
f 1214/1621/1280 1211/1619/1278 1213/1620/1279
f 1214/1621/1280 1215/1618/1277 1211/1619/1278
f 1215/1618/1277 1214/1621/1280 1216/1622/1281
f 1216/1622/1281 1217/1617/1276 1215/1618/1277
f 1217/1617/1276 1216/1622/1281 1231/1623/1282
f 1231/1623/1282 1219/1624/1283 1217/1617/1276
f 1219/1624/1283 1231/1623/1282 1218/1625/1284
f 1218/1625/1284 1220/1626/1285 1219/1624/1283
f 1220/1626/1285 1218/1625/1284 1223/1627/1286
f 1223/1627/1286 1221/1628/1272 1220/1626/1285
f 1223/1627/1286 1222/1629/1270 1221/1628/1272
f 1223/1627/1286 1224/1630/1269 1222/1629/1270
f 1224/1630/1269 1223/1627/1286 1226/1631/1287
f 1226/1631/1287 1225/1590/1260 1224/1630/1269
f 1226/1631/1287 1227/1588/1258 1225/1590/1260
f 1227/1588/1258 1226/1631/1287 1228/1632/1288
f 1228/1632/1288 1198/1591/1261 1227/1588/1258
f 1228/1632/1288 1201/1596/1263 1198/1591/1261
f 1201/1596/1263 1228/1632/1288 1229/1633/1289
f 1229/1633/1289 1202/1598/1264 1201/1596/1263
f 1202/1598/1264 1229/1633/1289 1214/1621/1280
f 1214/1621/1280 1203/1600/1265 1202/1598/1264
f 1229/1633/1289 1216/1622/1281 1214/1621/1280
f 1216/1622/1281 1229/1633/1289 1228/1632/1288
f 1228/1632/1288 1230/1634/1290 1216/1622/1281
f 1230/1634/1290 1228/1632/1288 1226/1631/1287
f 1226/1631/1287 1218/1625/1284 1230/1634/1290
f 1218/1625/1284 1226/1631/1287 1223/1627/1286
f 1230/1634/1290 1218/1625/1284 1231/1623/1282
f 1231/1623/1282 1216/1622/1281 1230/1634/1290
f 1232/1635/1291 1234/1636/1292 1236/1637/1293
f 1234/1636/1292 1232/1635/1291 1233/1369/1085
f 1234/1636/1292 1233/1369/1085 1238/1374/1090
f 1234/1636/1292 1238/1374/1090 1235/1638/1294
f 1235/1638/1294 1236/1637/1293 1234/1636/1292
f 1235/1638/1294 1244/1639/1295 1236/1637/1293
f 1235/1638/1294 1237/1640/1296 1244/1639/1295
f 1235/1638/1294 1020/1375/1091 1237/1640/1296
f 1020/1375/1091 1235/1638/1294 1238/1374/1090
f 1237/1640/1296 1020/1375/1091 1239/1415/1124
f 1239/1415/1124 1240/1641/1297 1237/1640/1296
f 1240/1641/1297 1239/1415/1124 1038/1414/1123
f 1038/1414/1123 1241/1642/1298 1240/1641/1297
f 1241/1642/1298 1038/1414/1123 1242/1416/1125
f 1241/1642/1298 1242/1416/1125 1233/1420/1085
f 1241/1642/1298 1233/1420/1085 1232/1643/1291
f 1232/1643/1291 1243/1644/1299 1241/1642/1298
f 1243/1644/1299 1232/1643/1291 1236/1645/1293
f 1236/1645/1293 1245/1646/1300 1243/1644/1299
f 1245/1646/1300 1236/1645/1293 1244/1639/1295
f 1245/1646/1300 1244/1639/1295 1240/1641/1297
f 1240/1641/1297 1243/1644/1299 1245/1646/1300
f 1243/1644/1299 1240/1641/1297 1241/1642/1298
f 1237/1640/1296 1240/1641/1297 1244/1639/1295
f 1252/1647/1249 1246/1648/1254 1188/1649/1252
f 1246/1648/1254 1252/1647/1249 1247/1650/1301
f 1247/1650/1301 1189/1368/1084 1246/1648/1254
f 1247/1650/1301 1002/1367/1083 1189/1368/1084
f 1002/1367/1083 1247/1650/1301 1250/1651/1302
f 1250/1651/1302 1000/1365/1081 1002/1367/1083
f 1250/1651/1302 1248/1363/1079 1000/1365/1081
f 1250/1651/1302 1249/1652/1256 1248/1363/1079
f 1250/1651/1302 1251/1653/1251 1249/1652/1256
f 1251/1653/1251 1250/1651/1302 1247/1650/1301
f 1247/1650/1301 1252/1647/1249 1251/1653/1251
f 1187/1654/1250 1249/1652/1256 1251/1653/1251
