# Blender v2.79 (sub 0) OBJ File: ''
# www.blender.org
mtllib MDL_perseus.mtl
o p08g00o05g._0p.005
v 0.437500 33.099991 -1.631432
v 0.312500 32.507729 -1.659496
v 0.250000 33.177090 -1.588206
v -0.250000 33.177090 -1.588206
v -0.312500 32.507729 -1.659496
v -0.437500 33.099991 -1.631432
v 0.437500 33.530479 -1.947403
v 0.000000 33.539833 -2.144823
v 0.250000 33.771126 -2.015145
v 0.125000 33.333057 -1.956757
v 0.875000 32.661922 -1.573044
v 0.750000 33.133862 -1.511109
v -0.437500 33.530479 -1.947403
v -0.250000 33.771126 -2.015145
v -0.125000 33.333057 -1.956757
v -0.875000 32.661922 -1.573044
v -0.750000 33.133862 -1.511109
v -0.250000 33.555965 2.525534
v -0.250000 32.809509 2.411018
v -0.250000 33.649998 2.628922
v -0.250000 33.719513 2.414566
v -0.250000 34.535488 2.314725
v -0.250000 34.588070 2.040207
v -0.250000 35.593884 1.692139
v -0.250000 35.482914 1.528590
v -0.250000 36.259209 0.595840
v -0.250000 35.941467 0.620357
v -0.250000 36.289047 -0.451426
v -0.250000 35.928078 -0.349812
v -0.250000 36.145981 -1.190302
v -0.250000 35.879044 -0.985300
v -0.250000 35.890175 -1.637725
v -0.250000 35.623238 -1.432723
v -0.250000 35.591137 -2.008050
v -0.250000 35.324200 -1.803048
v -0.250000 35.128555 -2.267406
v -0.250000 34.998875 -2.036114
v -0.250000 34.519356 -2.355632
v -0.250000 34.526936 -2.098050
v -0.250000 33.944031 -2.323535
v -1.250000 34.055969 1.995207
v -1.187500 34.744038 1.671656
v -1.437500 34.315327 1.532623
v -1.000000 35.234688 1.338750
v -0.937500 35.700817 0.688099
v -0.875000 35.661140 -0.144810
v -0.875000 35.629044 -0.720137
v -0.875000 35.433395 -1.184495
v -0.812500 35.211460 -1.511594
v -0.875000 34.886135 -1.744660
v -0.875000 34.491291 -1.763370
v -1.125000 34.147255 -1.601594
v -1.187500 33.855804 -1.714337
v -1.375000 34.042095 -1.052558
v -1.437500 33.952579 2.089240
v -1.687500 34.240002 1.034393
v 1.437500 34.315327 1.532623
v 1.437500 33.952579 2.089240
v 1.687500 34.240002 1.034393
v 1.250000 34.055969 1.995207
v 0.250000 33.555965 2.525534
v 0.250000 33.719513 2.414566
v 1.187500 34.744038 1.671656
v 0.250000 34.588070 2.040207
v 1.000000 35.234688 1.338750
v 0.250000 35.482914 1.528590
v 0.937500 35.700817 0.688099
v 0.250000 35.941467 0.620357
v 0.875000 35.661140 -0.144810
v 0.250000 35.928078 -0.349812
v 0.875000 35.629044 -0.720137
v 0.250000 35.879044 -0.985300
v 0.875000 35.433395 -1.184495
v 0.250000 35.623238 -1.432723
v 0.812500 35.211460 -1.511594
v 0.250000 35.324200 -1.803048
v 0.875000 34.886135 -1.744660
v 0.250000 34.998875 -2.036114
v 0.875000 34.491291 -1.763370
v 0.250000 34.526936 -2.098050
v 1.125000 34.147255 -1.601594
v 1.187500 33.855804 -1.714337
v 1.375000 34.042095 -1.052558
v 0.125000 33.152573 -1.905950
v 0.187500 32.586601 -2.071274
v 0.000000 33.359348 -2.094017
v 0.250000 33.649998 2.628922
v 0.250000 32.809509 2.411018
v 0.250000 34.535488 2.314725
v 0.250000 35.593884 1.692139
v 0.250000 36.259209 0.595840
v 0.250000 36.289047 -0.451426
v 0.250000 36.145981 -1.190302
v 0.250000 35.890175 -1.637725
v 0.250000 35.591137 -2.008050
v 0.250000 35.128555 -2.267406
v 0.250000 34.519356 -2.355632
v 0.250000 33.944031 -2.323535
v -0.125000 33.152573 -1.905950
v -0.187500 32.586601 -2.071274
v 1.562500 33.028702 -0.962072
v 0.937500 33.244831 -1.347559
v 0.750000 33.374508 -1.578851
v 0.375000 33.263542 -1.742401
v 1.875000 33.188702 -0.163034
v 1.750000 34.185162 -0.313681
v 1.937500 33.234188 1.382461
v 1.437500 33.102737 2.068757
v -1.562500 33.028702 -0.962072
v -0.937500 33.244831 -1.347559
v -0.750000 33.374508 -1.578851
v -0.375000 33.263542 -1.742401
v -1.875000 33.188702 -0.163034
v -1.750000 34.185162 -0.313681
v -1.937500 33.234188 1.382461
v -1.437500 33.102737 2.068757
v 0.000000 33.101765 -2.086436
v 0.000000 32.552727 -2.191597
v 0.000000 33.712738 -2.453213
v 0.000000 34.562580 -2.432730
v 0.000000 35.171780 -2.344504
v 0.000000 35.694527 -2.102083
v 0.000000 35.993561 -1.731758
v 0.000000 36.283241 -1.164012
v 0.000000 36.409370 -0.485297
v 0.000000 36.396469 0.622131
v 0.000000 35.670982 1.735365
v 0.000000 34.509197 2.451984
v 0.000000 33.666935 2.689084
v 0.000000 32.766281 2.488115
vt 3.894287 3.694092
vt 3.864502 3.688232
vt 3.897461 3.686279
vt 3.897461 3.686279
vt 3.864502 3.688232
vt 3.894287 3.694092
vt 3.922852 3.703369
vt 3.928955 3.688232
vt 3.945068 3.710693
vt 3.922119 3.689697
vt 3.865967 3.707275
vt 3.893799 3.702393
vt 3.922852 3.703369
vt 3.945068 3.710693
vt 3.922119 3.689697
vt 3.865967 3.707275
vt 3.893799 3.702393
vt 3.855225 3.916992
vt 3.860840 3.923828
vt 3.897461 3.923828
vt 3.907959 3.895264
vt 3.945068 3.895996
vt 3.928467 3.879639
vt 3.968750 3.865967
vt 3.945801 3.852783
vt 3.983643 3.834229
vt 3.956055 3.827148
vt 3.989014 3.807861
vt 3.961670 3.808594
vt 3.990234 3.781982
vt 3.964844 3.788574
vt 3.989502 3.771973
vt 3.964355 3.779053
vt 3.989014 3.762207
vt 3.963623 3.769775
vt 3.984131 3.738037
vt 3.961914 3.759521
vt 3.979248 3.713867
vt 3.960205 3.749512
vt 3.948486 3.665283
vt 3.901855 3.876221
vt 3.909912 3.854248
vt 3.903320 3.864258
vt 3.920898 3.837646
vt 3.929932 3.821533
vt 3.936768 3.806641
vt 3.938721 3.789062
vt 3.939209 3.781738
vt 3.939453 3.774414
vt 3.938721 3.767334
vt 3.938232 3.760742
vt 3.934326 3.746338
vt 3.923340 3.714355
vt 3.928467 3.744629
vt 3.881104 3.892090
vt 3.911377 3.847900
vt 3.903320 3.864258
vt 3.881104 3.892090
vt 3.911377 3.847900
vt 3.901855 3.876221
vt 3.855225 3.916992
vt 3.907959 3.895264
vt 3.909912 3.854248
vt 3.928467 3.879639
vt 3.920898 3.837646
vt 3.945801 3.852783
vt 3.929932 3.821533
vt 3.956055 3.827148
vt 3.936768 3.806641
vt 3.961670 3.808594
vt 3.938721 3.789062
vt 3.964844 3.788574
vt 3.939209 3.781738
vt 3.964355 3.779053
vt 3.939453 3.774414
vt 3.963623 3.769775
vt 3.938721 3.767334
vt 3.961914 3.759521
vt 3.938232 3.760742
vt 3.960205 3.749512
vt 3.934326 3.746338
vt 3.923340 3.714355
vt 3.928467 3.744629
vt 3.911133 3.678711
vt 3.869629 3.647949
vt 3.925537 3.679199
vt 3.897461 3.923828
vt 3.860840 3.923828
vt 3.945068 3.895996
vt 3.968750 3.865967
vt 3.983643 3.834229
vt 3.989014 3.807861
vt 3.990234 3.781982
vt 3.989502 3.771973
vt 3.989014 3.762207
vt 3.984131 3.738037
vt 3.979248 3.713867
vt 3.948486 3.665283
vt 3.911133 3.678711
vt 3.869629 3.647949
vt 3.864258 3.743652
vt 3.896240 3.713135
vt 3.901367 3.704590
vt 3.901367 3.691895
vt 3.860840 3.770508
vt 3.929688 3.790283
vt 3.849609 3.852051
vt 3.834473 3.888916
vt 3.823242 3.919189
vt 3.864258 3.743652
vt 3.896240 3.713135
vt 3.901367 3.704590
vt 3.901367 3.691895
vt 3.860840 3.770508
vt 3.929688 3.790283
vt 3.849609 3.852051
vt 3.834473 3.888916
vt 3.823242 3.919189
vt 3.921631 3.663818
vt 3.889893 3.639648
vt 3.974854 3.929932
vt 3.981689 3.929932
vt 3.984619 3.946289
vt 3.978760 3.946289
vt 3.981689 3.929932
vt 3.974854 3.929932
vt 3.953613 3.946289
vt 3.952393 3.929932
vt 3.942627 3.946289
vt 3.941406 3.929932
vt 3.931396 3.946289
vt 3.930420 3.929932
vt 3.921143 3.946289
vt 3.920898 3.929932
vt 3.911133 3.946289
vt 3.911133 3.929932
vt 3.896973 3.946289
vt 3.897217 3.929932
vt 3.882324 3.946289
vt 3.883057 3.929932
vt 3.864258 3.946289
vt 3.865967 3.929932
vt 3.847412 3.946289
vt 3.849121 3.929932
vt 3.835449 3.946289
vt 3.838135 3.929932
vt 3.827393 3.929932
vt 3.824707 3.946289
vt 3.827393 3.929932
vt 3.838135 3.929932
vt 3.849121 3.929932
vt 3.865967 3.929932
vt 3.883057 3.929932
vt 3.897217 3.929932
vt 3.911133 3.929932
vt 3.920898 3.929932
vt 3.930420 3.929932
vt 3.941406 3.929932
vt 3.952393 3.929932
vn 0.0992 0.1065 -0.9894
vn 0.3770 0.0907 -0.9218
vn 0.7394 -0.1611 -0.6537
vn -0.7394 -0.1611 -0.6537
vn -0.3770 0.0907 -0.9218
vn -0.0992 0.1065 -0.9894
vn 0.4215 -0.4036 -0.8121
vn 0.1107 -0.4668 -0.8774
vn 0.6219 -0.0519 -0.7814
vn 0.5896 -0.4616 -0.6627
vn 0.3562 0.1628 -0.9201
vn 0.4911 0.2278 -0.8408
vn -0.4215 -0.4036 -0.8121
vn -0.6629 -0.1471 -0.7341
vn -0.5896 -0.4616 -0.6627
vn -0.3562 0.1628 -0.9201
vn -0.4911 0.2278 -0.8408
vn -0.6908 0.3000 0.6578
vn -0.5011 -0.1402 0.8540
vn -0.8167 0.0669 0.5732
vn -0.8676 0.2394 0.4358
vn -0.8292 0.2567 0.4966
vn -0.7287 0.3360 0.5967
vn -0.8332 0.4141 0.3665
vn -0.8256 0.4319 0.3630
vn -0.8612 0.4989 0.0975
vn -0.8242 0.5616 0.0728
vn -0.8515 0.5210 -0.0602
vn -0.8366 0.5471 -0.0267
vn -0.8534 0.4811 -0.2005
vn -0.8495 0.4990 -0.1713
vn -0.8622 0.4106 -0.2967
vn -0.8461 0.4326 -0.3113
vn -0.8499 0.3009 -0.4325
vn -0.8514 0.3533 -0.3876
vn -0.8166 0.1512 -0.5571
vn -0.8579 0.1348 -0.4958
vn -0.8845 0.0204 -0.4661
vn -0.8577 -0.0111 -0.5140
vn -0.8352 -0.1522 -0.5285
vn -0.2998 0.5679 0.7666
vn -0.4525 0.4741 0.7553
vn -0.6448 0.5867 0.4900
vn -0.3217 0.6233 0.7127
vn -0.3390 0.8902 0.3044
vn -0.3798 0.9240 -0.0445
vn -0.4289 0.8897 -0.1563
vn -0.4442 0.7725 -0.4538
vn -0.4465 0.6614 -0.6026
vn -0.4586 0.3933 -0.7969
vn -0.4582 0.0277 -0.8884
vn -0.5608 0.1486 -0.8145
vn -0.6049 -0.1586 -0.7803
vn -0.9125 0.1622 -0.3754
vn -0.5414 0.3788 0.7506
vn -0.9039 0.2955 0.3092
vn 0.6448 0.5867 0.4900
vn 0.5414 0.3787 0.7507
vn 0.9041 0.2948 0.3094
vn 0.3000 0.6042 0.7382
vn 0.6909 0.3000 0.6578
vn 0.7826 0.2919 0.5499
vn 0.3992 0.4531 0.7971
vn 0.8028 0.3017 0.5143
vn 0.3217 0.6233 0.7127
vn 0.8256 0.4319 0.3630
vn 0.3390 0.8902 0.3044
vn 0.8242 0.5616 0.0728
vn 0.3798 0.9240 -0.0445
vn 0.8366 0.5471 -0.0267
vn 0.4289 0.8897 -0.1563
vn 0.8495 0.4990 -0.1713
vn 0.4442 0.7725 -0.4538
vn 0.8461 0.4326 -0.3113
vn 0.4465 0.6614 -0.6026
vn 0.8514 0.3533 -0.3876
vn 0.4586 0.3933 -0.7969
vn 0.8579 0.1348 -0.4958
vn 0.4582 0.0277 -0.8884
vn 0.8577 -0.0111 -0.5140
vn 0.5608 0.1486 -0.8145
vn 0.6049 -0.1586 -0.7803
vn 0.9125 0.1622 -0.3754
vn 0.8478 0.0325 -0.5293
vn 0.8169 0.1947 -0.5429
vn 0.0000 -0.2031 -0.9792
vn 0.8802 0.0202 0.4743
vn 0.5011 -0.1402 0.8540
vn 0.8271 0.2098 0.5214
vn 0.8253 0.3649 0.4310
vn 0.8524 0.4834 0.1992
vn 0.8538 0.5199 -0.0264
vn 0.8495 0.5040 -0.1560
vn 0.8530 0.4433 -0.2754
vn 0.8641 0.3483 -0.3633
vn 0.8322 0.1952 -0.5190
vn 0.8088 0.0452 -0.5863
vn 0.8306 -0.2438 -0.5007
vn -0.8065 0.0532 -0.5888
vn -0.8265 0.2194 -0.5184
vn 0.7303 0.0393 -0.6820
vn 0.4638 -0.3436 -0.8166
vn 0.4536 -0.5992 -0.6597
vn 0.3356 -0.7282 -0.5976
vn 0.9484 0.1000 -0.3010
vn 0.9769 0.1414 -0.1604
vn 0.9421 0.2652 0.2053
vn 0.7350 0.1318 0.6651
vn -0.7303 0.0392 -0.6820
vn -0.4638 -0.3436 -0.8166
vn -0.4536 -0.5992 -0.6597
vn -0.3356 -0.7282 -0.5976
vn -0.9484 0.1000 -0.3010
vn -0.9769 0.1414 -0.1604
vn -0.9421 0.2652 0.2053
vn -0.7350 0.1318 0.6651
vn 0.1450 0.1544 -0.9773
vn -0.3131 0.2319 -0.9210
vn -0.2153 -0.5183 -0.8276
vn -0.0479 0.0527 -0.9975
vn -0.0262 0.2953 -0.9550
vn -0.0277 0.6219 -0.7826
vn 0.0150 0.8350 -0.5500
vn 0.0032 0.9433 -0.3320
vn -0.0034 0.9964 -0.0844
vn 0.0187 0.9565 0.2912
vn 0.0150 0.6977 0.7163
vn 0.0130 0.4093 0.9123
vn 0.0691 -0.0113 0.9975
vn 0.0000 -0.2178 0.9760
usemtl mask
s 1
f 1/1/1 2/2/2 3/3/3
f 4/4/4 5/5/5 6/6/6
f 7/7/7 8/8/8 9/9/9
f 8/8/8 7/7/7 10/10/10
f 1/1/1 11/11/11 2/2/2
f 11/11/11 1/1/1 12/12/12
f 8/8/8 13/13/13 14/14/14
f 13/13/13 8/8/8 15/15/15
f 16/16/16 6/6/6 5/5/5
f 6/6/6 16/16/16 17/17/17
f 18/18/18 19/19/19 20/20/20
f 20/20/20 21/21/21 18/18/18
f 21/21/21 20/20/20 22/22/22
f 22/22/22 23/23/23 21/21/21
f 23/23/23 22/22/22 24/24/24
f 24/24/24 25/25/25 23/23/23
f 25/25/25 24/24/24 26/26/26
f 26/26/26 27/27/27 25/25/25
f 27/27/27 26/26/26 28/28/28
f 28/28/28 29/29/29 27/27/27
f 29/29/29 28/28/28 30/30/30
f 30/30/30 31/31/31 29/29/29
f 31/31/31 30/30/30 32/32/32
f 32/32/32 33/33/33 31/31/31
f 33/33/33 32/32/32 34/34/34
f 34/34/34 35/35/35 33/33/33
f 35/35/35 34/34/34 36/36/36
f 36/36/36 37/37/37 35/35/35
f 37/37/37 36/36/36 38/38/38
f 38/38/38 39/39/39 37/37/37
f 39/39/39 38/38/38 40/40/40
f 40/40/40 14/14/14 39/39/39
f 41/41/41 42/42/42 43/43/43
f 42/42/42 41/41/41 23/23/23
f 23/23/23 44/44/44 42/42/42
f 44/44/44 23/23/23 25/25/25
f 25/25/25 45/45/45 44/44/44
f 45/45/45 25/25/25 27/27/27
f 27/27/27 46/46/46 45/45/45
f 46/46/46 27/27/27 29/29/29
f 29/29/29 47/47/47 46/46/46
f 47/47/47 29/29/29 31/31/31
f 31/31/31 48/48/48 47/47/47
f 48/48/48 31/31/31 33/33/33
f 33/33/33 49/49/49 48/48/48
f 49/49/49 33/33/33 35/35/35
f 35/35/35 50/50/50 49/49/49
f 50/50/50 35/35/35 37/37/37
f 37/37/37 51/51/51 50/50/50
f 51/51/51 37/37/37 39/39/39
f 39/39/39 52/52/52 51/51/51
f 52/52/52 39/39/39 14/14/14
f 52/52/52 14/14/14 53/53/53
f 53/53/53 54/54/54 52/52/52
f 13/13/13 53/53/53 14/14/14
f 21/21/21 23/23/23 41/41/41
f 41/41/41 18/18/18 21/21/21
f 41/41/41 55/55/55 18/18/18
f 55/55/55 41/41/41 43/43/43
f 43/43/43 56/56/56 55/55/55
f 57/57/57 58/58/58 59/59/59
f 58/58/58 57/57/57 60/60/60
f 60/60/60 61/61/61 58/58/58
f 60/60/60 62/62/62 61/61/61
f 60/60/60 63/63/63 62/62/62
f 63/63/63 60/60/60 57/57/57
f 63/63/63 64/64/64 62/62/62
f 64/64/64 63/63/63 65/65/65
f 65/65/65 66/66/66 64/64/64
f 66/66/66 65/65/65 67/67/67
f 67/67/67 68/68/68 66/66/66
f 68/68/68 67/67/67 69/69/69
f 69/69/69 70/70/70 68/68/68
f 70/70/70 69/69/69 71/71/71
f 71/71/71 72/72/72 70/70/70
f 72/72/72 71/71/71 73/73/73
f 73/73/73 74/74/74 72/72/72
f 74/74/74 73/73/73 75/75/75
f 75/75/75 76/76/76 74/74/74
f 76/76/76 75/75/75 77/77/77
f 77/77/77 78/78/78 76/76/76
f 78/78/78 77/77/77 79/79/79
f 79/79/79 80/80/80 78/78/78
f 80/80/80 79/79/79 81/81/81
f 81/81/81 9/9/9 80/80/80
f 81/81/81 82/82/82 9/9/9
f 82/82/82 81/81/81 83/83/83
f 7/7/7 9/9/9 82/82/82
f 84/84/84 10/10/10 3/3/3
f 3/3/3 85/85/85 84/84/84
f 85/85/85 3/3/3 2/2/2
f 86/86/86 8/8/8 10/10/10
f 8/8/8 86/86/86 15/15/15
f 61/61/61 87/87/87 88/88/88
f 87/87/87 61/61/61 62/62/62
f 62/62/62 89/89/89 87/87/87
f 89/89/89 62/62/62 64/64/64
f 64/64/64 90/90/90 89/89/89
f 90/90/90 64/64/64 66/66/66
f 66/66/66 91/91/91 90/90/90
f 91/91/91 66/66/66 68/68/68
f 68/68/68 92/92/92 91/91/91
f 92/92/92 68/68/68 70/70/70
f 70/70/70 93/93/93 92/92/92
f 93/93/93 70/70/70 72/72/72
f 72/72/72 94/94/94 93/93/93
f 94/94/94 72/72/72 74/74/74
f 74/74/74 95/95/95 94/94/94
f 95/95/95 74/74/74 76/76/76
f 76/76/76 96/96/96 95/95/95
f 96/96/96 76/76/76 78/78/78
f 78/78/78 97/97/97 96/96/96
f 97/97/97 78/78/78 80/80/80
f 80/80/80 98/98/98 97/97/97
f 98/98/98 80/80/80 9/9/9
f 99/99/99 4/4/4 15/15/15
f 4/4/4 99/99/99 100/100/100
f 100/100/100 5/5/5 4/4/4
f 12/12/12 101/101/101 11/11/11
f 101/101/101 12/12/12 102/102/102
f 102/102/102 82/82/82 101/101/101
f 82/82/82 102/102/102 103/103/103
f 103/103/103 7/7/7 82/82/82
f 7/7/7 103/103/103 104/104/104
f 104/104/104 10/10/10 7/7/7
f 10/10/10 104/104/104 3/3/3
f 101/101/101 82/82/82 83/83/83
f 83/83/83 105/105/105 101/101/101
f 105/105/105 83/83/83 106/106/106
f 106/106/106 107/107/107 105/105/105
f 107/107/107 106/106/106 59/59/59
f 59/59/59 108/108/108 107/107/107
f 108/108/108 59/59/59 58/58/58
f 58/58/58 88/109/88 108/108/108
f 88/109/88 58/58/58 61/61/61
f 17/17/17 16/16/16 109/110/109
f 109/110/109 110/111/110 17/17/17
f 110/111/110 109/110/109 53/53/53
f 53/53/53 111/112/111 110/111/110
f 111/112/111 53/53/53 13/13/13
f 13/13/13 112/113/112 111/112/111
f 112/113/112 13/13/13 15/15/15
f 15/15/15 4/4/4 112/113/112
f 109/110/109 54/54/54 53/53/53
f 54/54/54 109/110/109 113/114/113
f 113/114/113 114/115/114 54/54/54
f 114/115/114 113/114/113 115/116/115
f 115/116/115 56/56/56 114/115/114
f 56/56/56 115/116/115 116/117/116
f 116/117/116 55/55/55 56/56/56
f 55/55/55 116/117/116 19/118/19
f 19/118/19 18/18/18 55/55/55
f 86/86/86 10/10/10 84/84/84
f 84/84/84 117/119/117 86/86/86
f 117/119/117 84/84/84 85/85/85
f 117/119/117 85/85/85 118/120/118
f 117/119/117 118/120/118 99/99/99
f 99/99/99 86/86/86 117/119/117
f 86/86/86 99/99/99 15/15/15
f 100/100/100 99/99/99 118/120/118
f 98/121/98 9/122/9 8/123/8
f 8/123/8 119/124/119 98/121/98
f 119/124/119 8/123/8 14/125/14
f 119/124/119 14/125/14 40/126/40
f 119/124/119 40/126/40 120/127/120
f 120/127/120 98/121/98 119/124/119
f 120/127/120 97/128/97 98/121/98
f 97/128/97 120/127/120 121/129/121
f 121/129/121 96/130/96 97/128/97
f 96/130/96 121/129/121 122/131/122
f 122/131/122 95/132/95 96/130/96
f 95/132/95 122/131/122 123/133/123
f 123/133/123 94/134/94 95/132/95
f 94/134/94 123/133/123 124/135/124
f 124/135/124 93/136/93 94/134/94
f 93/136/93 124/135/124 125/137/125
f 125/137/125 92/138/92 93/136/93
f 92/138/92 125/137/125 126/139/126
f 126/139/126 91/140/91 92/138/92
f 91/140/91 126/139/126 127/141/127
f 127/141/127 90/142/90 91/140/91
f 90/142/90 127/141/127 128/143/128
f 128/143/128 89/144/89 90/142/90
f 89/144/89 128/143/128 129/145/129
f 129/145/129 87/146/87 89/144/89
f 129/145/129 88/147/88 87/146/87
f 129/145/129 130/148/130 88/147/88
f 129/145/129 19/149/19 130/148/130
f 129/145/129 20/150/20 19/149/19
f 20/150/20 129/145/129 128/143/128
f 128/143/128 22/151/22 20/150/20
f 22/151/22 128/143/128 127/141/127
f 127/141/127 24/152/24 22/151/22
f 24/152/24 127/141/127 126/139/126
f 126/139/126 26/153/26 24/152/24
f 26/153/26 126/139/126 125/137/125
f 125/137/125 28/154/28 26/153/26
f 28/154/28 125/137/125 124/135/124
f 124/135/124 30/155/30 28/154/28
f 30/155/30 124/135/124 123/133/123
f 123/133/123 32/156/32 30/155/30
f 32/156/32 123/133/123 122/131/122
f 122/131/122 34/157/34 32/156/32
f 34/157/34 122/131/122 121/129/121
f 121/129/121 36/158/36 34/157/34
f 36/158/36 121/129/121 120/127/120
f 120/127/120 38/159/38 36/158/36
f 38/159/38 120/127/120 40/126/40
o p08g00o05g._0p.001
v -0.687500 4.312500 1.562502
v -0.937500 5.500000 2.187502
v -0.937500 4.312500 2.000002
v -0.562500 5.562500 1.562502
v -1.562500 5.500000 2.437502
v -1.437500 4.312500 2.250002
v -2.875000 28.875000 -0.937490
v -2.812500 30.062500 -0.249990
v -2.500000 28.750000 -1.374990
v -2.687500 27.625000 -1.874990
v -2.375000 27.500000 -2.124990
v -2.750000 26.750000 -1.999992
v -2.375000 26.625000 -2.312492
v -2.687500 26.375000 -1.749992
v -2.312500 26.187500 -2.187492
v -3.062500 26.187500 -0.812492
v -3.125000 26.750000 -1.124992
v -3.250000 27.125000 -1.312492
v -3.062500 28.125000 -1.374990
v -2.250000 25.625000 -2.187492
v -2.937500 25.187500 -1.249992
v -3.437500 25.562500 -0.124992
v -2.750000 24.000000 -1.124992
v -3.062500 24.250000 -0.187492
v -3.000000 22.875000 -0.812492
v -3.312500 23.062500 0.000008
v -2.937500 22.250000 0.437508
v -3.000000 22.187500 -0.624992
v -2.750000 22.687500 -1.062492
v -2.375000 23.625000 -1.749992
v -2.312500 24.687500 -1.999992
v -1.937500 24.562500 -2.249992
v -2.687500 25.000000 2.625008
v -2.500000 24.625000 2.562508
v -2.125000 25.000000 2.812508
v -2.375000 26.250000 3.250008
v -0.937500 26.250000 3.125008
v -0.750000 27.625000 3.437510
v -0.562500 26.875000 3.125008
v 0.000000 27.750000 2.937510
v -0.750000 29.125000 2.812510
v -1.250000 29.125000 3.125010
v -1.062500 30.312500 2.000010
v -1.437500 30.312500 2.500010
v -1.187500 30.687500 1.500010
v -1.687500 30.812500 1.500010
v -1.250000 30.562500 0.875010
v -1.750000 30.875000 0.875010
v -1.250000 30.500000 0.375010
v -1.687500 30.687500 0.312510
v -1.187500 30.312500 -0.124990
v -1.687500 30.562500 -0.187490
v -0.750000 29.687500 -0.999990
v -1.562500 30.375000 -0.687490
v -0.687500 29.500000 -1.249990
v -1.187500 29.562500 -1.374990
v -0.437500 28.625000 -1.687490
v -0.937500 28.687500 -1.874990
v -0.312500 27.875000 -2.062490
v -0.750000 27.562500 -2.499990
v -0.250000 27.500000 -2.249990
v -0.875000 26.500000 -2.749992
v -1.812500 26.562500 -2.562492
v -1.062500 26.062500 -2.624992
v -1.812500 26.125000 -2.437492
v -1.375000 25.625000 -2.562492
v -2.000000 25.625000 -2.312492
v -1.937500 27.375000 -2.437490
v -2.000000 28.687500 -1.749990
v -2.187500 29.812500 -1.187490
v -2.375000 30.375000 -0.624990
v -2.437500 30.500000 -0.124990
v -2.375000 30.625000 0.312510
v -2.437500 30.750000 0.875010
v -2.437500 30.750000 1.562510
v -2.500000 30.250000 2.312510
v -2.500000 29.125000 2.937510
v -2.562500 28.000000 3.312510
v -3.000000 26.125000 2.812508
v -3.250000 28.000000 2.875010
v -3.062500 29.000000 2.750010
v -2.937500 29.937500 2.000010
v -2.812500 30.187500 1.500010
v -2.812500 30.250000 0.875010
v -2.750000 30.187500 0.312510
v 0.000000 24.937500 2.562508
v 0.000000 26.250000 2.875008
v -0.875000 24.937500 2.750008
v -0.750000 23.250000 3.000008
v -1.937500 23.625000 2.437508
v -1.750000 23.125000 2.375008
v -0.750000 21.937500 2.625008
v -1.437500 21.937500 2.625008
v -1.187500 21.625000 2.187508
v -0.437500 21.625000 2.250008
v 0.000000 21.625000 2.312508
v 0.250000 21.937500 3.125008
v 0.187500 23.125000 2.812508
v -2.500000 21.625000 1.937508
v -3.000000 21.750000 1.250008
v -3.062500 21.375000 0.437506
v -2.562500 21.937500 2.187508
v -2.562500 22.687500 1.937508
v -2.250000 23.062500 2.187508
v 0.062500 14.687500 -1.812496
v 0.250000 14.937500 -1.499996
v 0.250000 14.937500 0.000004
v 0.062500 14.687500 0.000004
v 0.375000 14.937500 1.812504
v 0.062500 14.687500 2.437504
v 1.187500 15.000000 2.250004
v 0.937500 14.812500 2.500004
v 2.187500 15.125000 2.250004
v 2.062500 14.875000 2.562504
v 2.750000 15.187500 2.000004
v 2.875000 14.937500 2.312504
v 3.062500 15.187500 1.375005
v 3.250000 14.937500 1.562504
v 3.375000 15.187500 0.500005
v 3.625000 14.937500 0.562504
v 3.187500 15.125000 -0.749996
v 3.437500 14.937500 -0.812496
v 2.937500 15.125000 -1.437495
v 3.062500 14.937500 -1.749996
v 2.187500 15.187500 -1.812495
v 2.250000 14.937500 -2.124996
v 1.000000 14.937500 -1.687496
v 1.125000 14.687500 -2.062496
v 0.937500 4.312500 2.000002
v 0.937500 5.500000 2.187502
v 0.562500 5.562500 1.562502
v 0.687500 4.312500 1.562502
v 0.437500 5.562500 0.875002
v 0.625000 4.312500 1.187502
v 1.000000 5.500000 0.250002
v 1.000000 4.312500 0.562502
v 1.687500 5.500000 0.000002
v 1.625000 4.312500 0.187502
v 2.375000 5.500000 0.250002
v 2.062500 4.312500 0.500002
v 1.437500 4.312500 2.250002
v 1.562500 5.500000 2.437502
v 2.125000 4.312500 2.125002
v 2.312500 5.500000 2.312502
v -0.250000 14.937500 -1.499996
v -0.062500 14.687500 -1.812496
v -0.062500 14.687500 0.000004
v -0.250000 14.937500 0.000004
v -0.062500 14.687500 2.437504
v -0.375000 14.937500 1.812504
v -1.187500 15.000000 2.250004
v -0.937500 14.812500 2.500004
v -2.187500 15.125000 2.250004
v -2.062500 14.875000 2.562504
v -2.750000 15.187500 2.000004
v -2.875000 14.937500 2.312504
v -3.062500 15.187500 1.375005
v -3.250000 14.937500 1.562504
v -3.375000 15.187500 0.500005
v -3.625000 14.937500 0.562504
v -3.187500 15.125000 -0.749996
v -3.437500 14.937500 -0.812496
v -2.937500 15.125000 -1.437495
v -3.062500 14.937500 -1.749996
v -2.187500 15.187500 -1.812495
v -2.250000 14.937500 -2.124996
v -1.000000 14.937500 -1.687496
v -1.125000 14.687500 -2.062496
v -1.000000 4.312500 0.562502
v -1.687500 5.500000 0.000002
v -1.000000 5.500000 0.250002
v -1.625000 4.312500 0.187502
v -2.375000 5.500000 0.250002
v -2.062500 4.312500 0.500002
v -2.625000 5.562500 0.937502
v -2.375000 4.312500 1.125002
v -1.937500 32.687500 0.687510
v -1.875000 32.625000 0.375010
v -1.875000 32.312500 0.437510
v -1.875000 32.312500 0.937510
v -2.062500 31.750000 0.500010
v -2.187500 31.687500 1.187510
v 1.625000 32.187500 1.687510
v 1.750000 31.625000 1.437510
v 1.750000 32.125000 1.312510
v 1.562500 31.625000 2.000010
v 1.937500 31.000000 1.562510
v 1.875000 30.937500 2.250010
v 1.000000 32.062500 2.187510
v 1.687500 31.625000 2.125010
v 1.375000 32.250000 1.875010
v 1.312500 31.500000 2.500010
v 1.937500 30.875000 2.187510
v 1.562500 30.812500 2.625010
v 0.750000 31.875000 2.312510
v 1.312500 31.250000 2.437510
v 0.812500 31.187500 2.500010
v 1.500000 30.562500 2.750010
v 0.937500 30.500000 2.812510
v 0.312500 31.812500 2.375010
v 0.875000 31.062500 2.437510
v 0.312500 31.062500 2.500010
v 0.875000 30.375000 2.625010
v 0.312500 30.375000 2.750010
v 0.000000 31.875000 2.375010
v 0.562500 31.062500 2.687510
v 0.000000 31.062500 2.687510
v 0.562500 30.375000 2.812510
v 0.000000 30.375000 2.812510
v 1.375000 31.687500 1.500010
v 1.500000 31.437500 0.937510
v 1.437500 31.812500 0.875010
v 1.375000 31.250000 1.625010
v 1.750000 30.875000 1.000010
v 1.750000 30.812500 1.687510
v 1.250000 32.000000 0.625010
v 1.250000 31.625000 0.437510
v 1.187500 32.000000 0.312510
v 1.250000 31.687500 0.937510
v 1.500000 31.187500 0.687510
v 1.625000 31.062500 1.125010
v -1.437500 32.000000 0.937510
v -1.437500 32.000000 0.625010
v -1.500000 31.687500 0.750010
v -1.375000 31.687500 1.500010
v -1.687500 31.062500 1.000010
v -1.812500 30.937500 1.687510
v -1.250000 32.000000 0.625010
v -1.187500 32.000000 0.312510
v -1.312500 31.625000 0.437510
v -1.187500 31.687500 0.937510
v -1.500000 31.187500 0.687510
v -1.625000 31.062500 1.125010
v -1.687500 32.187500 1.500010
v -1.750000 32.250000 1.000010
v -1.875000 31.812500 1.062510
v -1.812500 31.875000 1.562510
v -2.062500 31.250000 1.125010
v -2.187500 31.125000 1.812510
v -1.562500 32.187500 1.875010
v -1.750000 31.625000 1.500010
v -1.562500 31.625000 2.000010
v -2.000000 31.000000 1.687510
v -1.875000 30.937500 2.375010
v -0.875000 32.000000 2.187510
v -1.687500 31.625000 2.187510
v -1.250000 32.125000 2.250010
v -1.312500 31.500000 2.625010
v -1.937500 30.875000 2.312510
v -1.562500 30.812500 2.750010
v -0.562500 31.875000 2.312510
v -1.375000 31.250000 2.500010
v -0.812500 31.187500 2.625010
v -1.500000 30.562500 2.812510
v -0.937500 30.500000 2.937510
v -0.250000 31.812500 2.312510
v -0.875000 31.062500 2.500010
v -0.312500 31.062500 2.625010
v -0.875000 30.375000 2.750010
v -0.312500 30.375000 2.812510
v -0.562500 31.062500 2.812510
v 0.000000 31.062500 2.812510
v -0.562500 30.375000 2.937510
v 0.000000 30.375000 2.937510
v 1.812500 32.687500 0.687510
v 1.687500 32.187500 0.437510
v 1.625000 32.562500 0.312510
v 1.875000 32.187500 0.937510
v 1.750000 31.625000 0.437510
v 2.062500 31.562500 1.062510
v -3.812500 27.187500 2.500010
v -3.750000 25.625000 1.562508
v -3.625000 25.687500 2.375008
v -3.125000 24.750000 2.250008
v -2.937500 23.687500 2.062508
v -3.187500 24.562500 1.500008
v -3.187500 24.437500 0.687508
v -3.437500 25.187500 0.812508
v -3.250000 23.125000 0.750008
v -3.062500 23.125000 1.500008
v 0.750000 26.312500 3.375008
v 0.687500 27.500000 3.187510
v 0.750000 24.937500 2.687508
v 1.187500 23.312500 2.687508
v 1.000000 21.937500 2.625008
v 0.437500 21.625000 2.250008
v 2.000000 21.812500 2.687508
v 1.187500 21.625000 2.187508
v 2.937500 21.812500 2.125008
v 2.500000 21.625000 1.937508
v 3.125000 21.750000 1.437508
v 3.062500 21.375000 0.437506
v 3.375000 21.625000 0.375008
v 3.062500 21.375000 -0.562494
v 3.312500 21.750000 -0.562492
v 2.437500 21.625000 -1.374992
v 2.812500 21.812500 -1.249992
v 1.687500 21.625000 -1.874992
v 2.312500 21.875000 -2.187492
v 0.625000 21.625000 -1.999992
v 1.312500 21.875000 -2.187492
v 0.000000 21.625000 -1.999992
v 0.000000 21.937500 -2.624992
v -0.625000 21.625000 -1.999992
v -0.750000 21.937500 -2.312492
v -0.687500 22.562500 -2.249992
v -1.125000 22.562500 -2.249992
v -0.812500 23.437500 -2.124992
v -1.625000 23.500000 -2.187492
v -0.687500 24.500000 -2.437492
v -1.062500 24.500000 -2.499992
v -0.562500 25.500000 -2.624992
v 0.000000 25.437500 -2.687492
v 0.000000 26.750000 -2.374992
v 1.375000 25.562500 -2.562492
v 0.000000 24.500000 -2.624992
v 0.000000 23.375000 -2.499992
v 0.000000 22.500000 -2.437492
v 1.375000 22.562500 -2.187492
v 2.312500 22.562500 -2.062492
v 2.750000 22.375000 -1.499992
v 3.187500 22.437500 -0.624992
v 3.312500 22.500000 0.000008
v 3.312500 22.375000 0.687508
v 3.312500 22.500000 1.312508
v 3.000000 23.312500 2.375008
v 2.375000 23.375000 2.875008
v 1.937500 24.875000 2.812508
v 2.000000 26.250000 3.312508
v 1.875000 26.937500 3.125008
v 3.562500 25.687500 2.812508
v 3.375000 26.500000 2.812508
v 3.812500 25.062500 1.687508
v 3.812500 25.812500 1.812508
v 3.625000 24.625000 0.687508
v 3.437500 25.562500 0.875008
v 3.562500 24.500000 -0.124992
v 3.375000 25.312500 0.000008
v 3.125000 24.500000 -0.999992
v 3.125000 25.312500 -0.874992
v 2.625000 24.500000 -1.874992
v 2.250000 25.375000 -2.062492
v 1.875000 24.625000 -2.624992
v 1.375000 24.562500 -2.374992
v 1.250000 23.437500 -2.312492
v 1.937500 23.437500 -2.187492
v 2.625000 23.500000 -1.687492
v 2.875000 23.500000 -0.624992
v 3.062500 23.562500 -0.124992
v 3.000000 23.625000 0.625008
v 3.000000 23.937500 1.375008
v 3.062500 24.562500 2.375008
v -1.687500 22.562500 -2.249992
v -2.125000 22.500000 -1.812492
v -1.812500 21.937500 -2.312492
v -1.687500 21.625000 -1.874992
v -2.437500 21.937500 -1.562492
v -2.437500 21.625000 -1.374992
v 0.062500 16.687500 2.687506
v 0.000000 16.812500 0.062506
v 0.000000 17.125000 2.750006
v 0.000000 17.812500 0.187506
v 0.062500 17.125000 -1.874994
v 0.000000 18.000000 -1.874994
v 0.812500 16.750000 3.062506
v 2.000000 16.875000 3.000006
v 2.812500 17.000000 2.750006
v 3.312500 17.562500 1.750006
v 3.562500 18.000000 0.625006
v 3.437500 18.375000 -0.624994
v 2.937500 18.437500 -1.562494
v 2.250000 18.250000 -1.874994
v 1.062500 17.812500 -1.874994
v 1.125000 18.687500 -1.812494
v 0.937500 19.562500 -1.812494
v 2.062500 20.125000 -1.812494
v 2.875000 20.250000 -1.437494
v 3.250000 20.250000 -0.562494
v 3.187500 20.062500 0.687506
v 3.000000 19.750000 1.875006
v 2.500000 19.437500 2.562506
v 1.625000 19.000000 2.875006
v 0.625000 18.375000 2.937506
v -0.625000 18.375000 2.937506
v -0.750000 17.500000 3.125006
v -0.062500 16.687500 2.687506
v -0.812500 16.750000 3.062506
v -2.000000 16.875000 3.000006
v -2.812500 17.000000 2.750006
v -3.312500 17.562500 1.750006
v -3.562500 18.000000 0.625006
v -3.437500 18.375000 -0.624994
v -2.937500 18.437500 -1.562494
v -2.250000 18.250000 -1.874994
v -1.062500 17.812500 -1.874994
v -0.062500 17.125000 -1.874994
v -1.125000 18.687500 -1.812494
v -0.937500 19.562500 -1.812494
v -2.062500 20.125000 -1.812494
v -2.875000 20.250000 -1.437494
v -3.250000 20.250000 -0.562494
v -3.062500 21.375000 -0.562494
v -3.187500 20.062500 0.687506
v -3.000000 19.750000 1.875006
v -2.500000 19.437500 2.562506
v -1.625000 19.000000 2.875006
v -1.875000 17.812500 3.062506
v -2.812500 18.062500 2.812506
v -3.312500 18.562500 1.812506
v -3.500000 18.937500 0.687506
v -3.437500 19.312500 -0.562494
v -3.000000 19.375000 -1.437494
v -2.250000 19.250000 -1.749994
v 0.750000 17.500000 3.125006
v 1.875000 17.812500 3.062506
v 2.812500 18.062500 2.812506
v 3.312500 18.562500 1.812506
v 3.500000 18.937500 0.687506
v 3.437500 19.312500 -0.562494
v 3.000000 19.375000 -1.437494
v 2.250000 19.250000 -1.749994
v 3.187500 9.999998 4.312502
v 3.250000 11.624998 4.187504
v 1.625000 11.624998 4.562504
v 1.625000 9.999998 4.750002
v 0.312500 9.999998 4.937502
v 0.187500 11.624998 4.687504
v 1.625000 13.687498 4.250004
v 3.187500 13.687498 3.937504
v 1.312500 16.562500 4.125006
v 3.125000 16.562500 3.750006
v 0.812500 18.812500 3.625006
v 2.625000 18.812500 3.500006
v 2.187500 19.875000 3.250006
v 0.500000 19.875000 3.312506
v -1.250000 19.875000 3.125006
v -1.000000 18.812500 3.437506
v -0.375000 16.562500 4.062506
v 0.000000 13.687498 4.375004
v 4.250000 11.625000 2.875004
v 4.812500 11.625000 0.875004
v 4.812500 13.687500 0.750004
v 4.375000 13.687500 2.687504
v 4.625000 16.562500 0.687506
v 4.187500 16.562500 2.562506
v 4.062500 18.812500 0.562506
v 3.750000 18.812500 2.375006
v 3.750000 19.875000 0.437506
v 3.312500 19.875000 2.312506
v 3.250000 20.562500 1.437506
v 3.000000 20.562500 2.375006
v 3.500000 20.562500 0.312506
v 1.125000 20.562500 2.875006
v 0.187500 20.562500 2.937506
v 1.937500 20.562500 2.812506
v -0.375000 20.562500 2.875006
v -1.312500 20.562500 2.750006
v 4.125000 10.000000 2.812504
v 0.437500 31.664021 -0.990751
v 0.250000 31.927027 -1.518467
v 0.437500 31.942492 -1.014813
v 0.250000 31.660587 -1.355170
v 0.000000 31.927027 -1.518467
v 0.000000 31.627928 -1.408458
v -0.250000 31.927027 -1.518467
v -0.250000 31.660587 -1.355170
v -0.437500 31.942492 -1.014813
v -0.437500 31.664021 -0.990751
v 2.937500 11.625000 -2.312496
v 1.500000 10.000002 -3.124996
v 1.312500 11.625002 -3.062496
v 2.875000 10.000000 -2.499996
v 4.250000 16.562500 -0.937494
v 2.687500 16.562500 -2.187494
v 2.187500 18.812500 -2.124994
v 3.812500 18.812500 -1.062494
v 1.812500 19.875000 -2.374994
v 3.312500 19.875000 -1.312494
v 2.187500 20.562500 -1.937494
v 2.937500 20.562500 -1.499994
v 1.375000 20.562500 -2.312494
v -15.687500 28.062500 -0.749990
v -15.562500 28.000000 -0.312490
v -15.875000 28.062500 -0.374990
v -16.437500 28.812500 0.375010
v -16.375000 28.250000 0.437510
v -16.437500 28.812500 0.500010
v -16.375000 28.250000 0.375010
v -16.125000 28.875000 0.437510
v -16.062500 28.812500 -0.062490
v -16.437500 28.812500 -0.062490
v -16.437500 28.812500 -0.124990
v -16.312500 28.250000 -0.062490
v -16.375000 28.312500 -0.062490
v -15.937500 28.687500 -0.562490
v -15.687500 28.687500 -0.749990
v -15.687500 28.250000 -0.812490
v -16.000000 28.312500 -0.562490
v -16.000000 28.062500 0.437510
v -16.312500 28.125000 0.125010
v -16.000000 28.062500 0.000010
v -16.250000 28.125000 -0.312490
v -15.625000 28.375000 -1.124990
v -15.625000 28.625000 -1.312490
v -15.625000 28.625000 -1.374990
v -15.687500 28.312500 -1.624990
v -15.687500 28.500000 -1.749990
v -15.687500 28.500000 -1.812490
v -15.750000 28.312500 -1.874990
v -15.750000 28.500000 -1.999990
v -15.875000 28.187500 -2.187490
v -15.937500 28.312500 -2.249990
v -15.625000 28.250000 -2.374990
v -15.625000 28.125000 -2.312490
v -15.750000 28.062500 -2.062490
v -15.625000 28.062500 -1.749990
v -15.437500 28.187500 -1.937490
v -15.437500 28.375000 -2.124990
v -15.312500 28.375000 -1.937490
v -15.312500 28.375000 -1.874990
v -15.062500 28.562500 -1.437490
v -15.062500 28.562500 -1.374990
v -15.000000 28.312500 -1.187490
v -15.312500 28.187500 -1.749990
v -15.562500 28.125000 -1.562490
v -15.312500 28.125000 -0.937490
v -15.250000 28.000000 -0.687490
v -17.812500 28.312500 0.312510
v -17.937500 28.562500 0.312510
v -18.062500 28.500000 0.312510
v -17.062500 28.437500 0.312510
v -17.312500 28.687500 0.312510
v -17.187500 28.687500 0.312510
v -16.875000 28.250000 0.125010
v -17.062500 28.375000 -0.062490
v -17.187500 28.687500 -0.062490
v -17.312500 28.625000 -0.062490
v -17.812500 28.250000 -0.124990
v -17.687500 28.187500 0.062510
v -18.062500 28.250000 0.250010
v -18.312500 28.437500 0.250010
v -18.625000 28.187500 0.125010
v -18.687500 28.312500 0.187510
v -18.687500 28.312500 -0.062490
v -18.562500 28.187500 -0.062490
v -18.437500 28.062500 0.062510
v -18.000000 28.062500 0.062510
v -18.062500 28.187500 -0.124990
v -18.250000 28.437500 -0.124990
v -18.062500 28.500000 -0.124990
v -17.937500 28.500000 -0.124990
v -17.625000 28.312500 -0.187490
v -17.750000 28.562500 -0.249990
v -17.812500 28.562500 -0.249990
v -16.937500 28.437500 -0.187490
v -17.062500 28.625000 -0.187490
v -17.000000 28.687500 -0.187490
v -16.812500 28.187500 -0.374990
v -17.437500 28.125000 -0.437490
v -16.875000 28.375000 -0.624990
v -17.562500 28.250000 -0.687490
v -17.875000 28.000000 -0.437490
v -17.875000 28.187500 -0.249990
v -18.000000 28.437500 -0.249990
v -18.312500 28.125000 -0.374990
v -18.375000 28.312500 -0.374990
v -18.312500 28.312500 -0.624990
v -18.312500 28.125000 -0.624990
v -18.187500 28.000000 -0.437490
v -17.812500 28.125000 -0.687490
v -18.000000 28.375000 -0.687490
v -17.812500 28.500000 -0.687490
v -17.687500 28.500000 -0.687490
v -17.062500 28.625000 -0.624990
v -17.000000 28.625000 -0.624990
v -16.250000 28.375000 -0.562490
v -16.312500 28.687500 -0.624990
v 0.437500 32.119572 -1.024783
v 0.437500 31.869572 -1.024783
v 0.250000 31.869572 -1.524783
v 0.250000 32.119572 -1.399783
v 0.000000 31.869572 -1.587283
v 0.000000 32.119572 -1.524783
v -0.250000 31.869572 -1.524783
v -0.250000 32.119572 -1.399783
v -0.437500 31.869572 -1.024783
v -0.437500 32.119572 -1.024783
v 4.187500 10.000000 -0.999996
v 4.375000 11.625000 -0.937496
v 2.937500 13.687500 -2.249996
v 4.437500 13.687500 -0.937496
v 3.312500 20.562500 -0.562494
v -16.312500 28.125000 0.687510
v -15.937500 28.000000 0.937510
v -16.312500 28.312500 0.937510
v -16.312500 28.250000 1.062510
v -16.250000 28.187500 1.250010
v -15.875000 28.187500 1.562510
v -16.187500 28.250000 1.500010
v -16.062500 28.750000 1.500010
v -16.312500 28.687500 1.437510
v -16.062500 28.812500 1.000010
v -16.375000 28.750000 1.062510
v -16.375000 28.750000 0.937510
v -15.000000 28.812500 1.125010
v -15.000000 28.750000 1.437510
v -15.000000 28.125000 1.500010
v -14.937500 28.000000 1.062510
v -14.875000 28.062500 0.500010
v -15.375000 28.000000 0.125010
v -15.000000 27.875000 -0.187490
v -14.875000 27.937500 0.250010
v -14.125000 28.312500 -0.062490
v -14.125000 28.062500 0.250010
v -14.125000 28.125000 0.562510
v -14.125000 28.250000 0.937510
v -14.125000 28.312500 1.250010
v -14.125000 28.750000 1.250010
v -14.125000 28.875000 1.000010
v -14.937500 28.875000 0.625010
v -14.937500 28.875000 0.125010
v -14.125000 28.937500 0.625010
v -14.125000 29.000000 0.250010
v -14.937500 28.875000 -0.249990
v -14.125000 28.875000 -0.062490
v -14.625000 28.750000 -0.624990
v -14.125000 28.625000 -0.124990
v -14.500000 28.437500 -0.624990
v -14.875000 28.062500 -0.687490
v -16.875000 28.375000 0.437510
v -16.812500 28.187500 0.625010
v -16.937500 28.312500 0.875010
v -16.750000 28.312500 1.062510
v -16.687500 28.187500 1.187510
v -16.812500 28.312500 1.375010
v -16.875000 28.562500 1.437510
v -1.312500 -0.000000 2.500000
v -1.812500 -0.000000 1.000000
v -0.812500 -0.000000 2.000000
v -2.375000 -0.000000 2.375000
v -2.937500 -0.000000 1.750000
v -2.000000 0.000000 -0.437500
v -3.000000 -0.000000 0.437500
v -3.250000 0.000000 -0.312500
v -1.750000 0.000000 -1.187500
v -3.187500 0.000000 -1.312500
v -3.000000 0.000000 -2.000000
v -1.625000 0.000000 -2.750000
v -0.875000 0.000000 -2.625000
v -0.437500 0.000000 -1.625000
v -0.625000 0.000000 -0.500000
v -0.875000 -0.000000 0.312500
v -0.750000 -0.000000 1.625000
v -0.625000 4.312500 1.187502
v -0.437500 5.562500 0.875002
v -0.625000 2.250000 1.562500
v -0.750000 2.250000 1.875000
v -0.437500 1.562500 1.625000
v -0.812500 1.187500 1.937500
v -0.750000 0.375000 1.625000
v -0.875000 0.375000 2.187500
v -0.875000 0.375000 0.375000
v -0.625000 0.375000 -0.500000
v -0.437500 0.375000 -1.625000
v -0.937500 0.375000 -2.625000
v -1.625000 0.375000 -2.750000
v -2.937500 0.375000 -2.000000
v -3.125000 0.375000 -1.312500
v -3.250000 0.375000 -0.312500
v -2.937500 0.375000 0.562500
v -2.937500 0.375000 1.750000
v -2.375000 0.375000 2.500000
v -1.312500 0.375000 2.625000
v -1.312500 1.187500 2.437500
v -1.312500 2.250000 2.250000
v -2.125000 4.312500 2.125002
v -2.312500 5.500000 2.312502
v -2.375000 4.312500 1.687502
v -2.562500 5.562500 1.750002
v -2.312500 2.250000 1.312500
v -2.000000 2.312500 0.750000
v -2.437500 1.312500 0.625000
v -2.625000 1.062500 -0.500000
v -2.875000 0.750000 -1.500000
v -2.687500 0.750000 -1.875000
v -1.625000 0.750000 -2.500000
v -0.937500 0.750000 -2.437500
v -0.500000 0.750000 -1.562500
v -0.562500 1.062500 -0.625000
v -0.625000 1.375000 0.625000
v -0.500000 2.312500 1.312500
v -0.875000 2.312500 0.812500
v -0.812500 1.375000 -0.687500
v -0.812500 0.875000 -1.687500
v -1.562500 0.937500 -1.750000
v -2.562500 0.812500 -1.562500
v -2.312500 1.312500 -0.562500
v -1.437500 2.312500 0.562500
v -1.562500 1.500000 -0.687500
v -2.562500 1.250000 1.625000
v -2.250000 1.250000 2.250000
v -2.125000 2.250000 2.062500
v -2.312500 2.250000 1.687500
v 0.812500 -0.000000 2.000000
v 1.812500 -0.000000 1.000000
v 1.312500 -0.000000 2.500000
v 0.750000 -0.000000 1.625000
v 0.875000 -0.000000 0.312500
v 2.000000 0.000000 -0.437500
v 0.625000 0.000000 -0.500000
v 1.750000 0.000000 -1.187500
v 0.437500 0.000000 -1.625000
v 0.875000 0.000000 -2.625000
v 1.625000 0.000000 -2.750000
v 3.000000 0.000000 -2.000000
v 3.187500 0.000000 -1.312500
v 3.250000 0.000000 -0.312500
v 3.000000 -0.000000 0.437500
v 2.937500 -0.000000 1.750000
v 2.375000 -0.000000 2.375000
v 2.562500 5.562500 1.750002
v 2.375000 4.312500 1.687502
v 2.625000 5.562500 0.937502
v 2.375000 4.312500 1.125002
v 2.000000 2.312500 0.750000
v 1.437500 2.312500 0.562500
v 0.875000 2.312500 0.812500
v 0.500000 2.312500 1.312500
v 0.625000 2.250000 1.562500
v 0.750000 2.250000 1.875000
v 0.437500 1.562500 1.625000
v 0.812500 1.187500 1.937500
v 0.750000 0.375000 1.625000
v 0.875000 0.375000 2.187500
v 0.875000 0.375000 0.375000
v 0.625000 0.375000 -0.500000
v 0.437500 0.375000 -1.625000
v 0.937500 0.375000 -2.625000
v 1.625000 0.375000 -2.750000
v 2.937500 0.375000 -2.000000
v 3.125000 0.375000 -1.312500
v 3.250000 0.375000 -0.312500
v 2.937500 0.375000 0.562500
v 2.937500 0.375000 1.750000
v 2.375000 0.375000 2.500000
v 1.312500 0.375000 2.625000
v 1.312500 1.187500 2.437500
v 1.312500 2.250000 2.250000
v 2.125000 2.250000 2.062500
v 2.312500 2.250000 1.687500
v 2.312500 2.250000 1.312500
v 2.437500 1.312500 0.625000
v 2.562500 1.250000 1.625000
v 2.250000 1.250000 2.250000
v 2.625000 1.062500 -0.500000
v 2.875000 0.750000 -1.500000
v 2.687500 0.750000 -1.875000
v 1.625000 0.750000 -2.500000
v 0.937500 0.750000 -2.437500
v 0.500000 0.750000 -1.562500
v 0.812500 0.875000 -1.687500
v 1.562500 0.937500 -1.750000
v 2.562500 0.812500 -1.562500
v 2.312500 1.312500 -0.562500
v 1.562500 1.500000 -0.687500
v 0.812500 1.375000 -0.687500
v 0.562500 1.062500 -0.625000
v 0.625000 1.375000 0.625000
v 1.125000 13.687502 -2.937496
v 0.750000 16.562500 -2.624994
v 0.250000 18.812500 -2.374994
v -0.062500 19.875000 -2.562494
v 0.437500 20.562500 -2.437494
v -0.312500 20.562500 -2.499994
v 4.750000 10.000000 0.937504
v -16.937500 28.562500 1.437510
v -17.375000 28.437500 1.375010
v -17.312500 28.250000 1.375010
v -17.437500 28.437500 1.375010
v -17.562500 28.125000 1.312510
v -17.687500 28.437500 1.375010
v -17.875000 28.125000 1.187510
v -18.000000 28.250000 1.250010
v -17.937500 28.312500 1.062510
v -17.875000 28.187500 1.062510
v -17.750000 28.125000 1.125010
v -17.562500 28.062500 1.125010
v -17.562500 28.125000 1.000010
v -17.625000 28.437500 1.000010
v -17.437500 28.500000 1.062510
v -17.375000 28.500000 1.062510
v -16.937500 28.562500 1.062510
v -16.875000 28.625000 1.062510
v -17.312500 28.250000 1.000010
v -17.250000 28.125000 1.187510
v -17.000000 28.625000 0.937510
v -17.062500 28.625000 0.937510
v -17.500000 28.250000 0.875010
v -17.687500 28.500000 0.875010
v -17.750000 28.500000 0.875010
v -17.750000 28.187500 0.812510
v -17.937500 28.437500 0.875010
v -18.187500 28.187500 0.750010
v -18.250000 28.312500 0.750010
v -18.250000 28.312500 0.500010
v -18.187500 28.187500 0.500010
v -18.000000 28.062500 0.625010
v -17.750000 28.000000 0.625010
v -17.750000 28.187500 0.375010
v -17.937500 28.437500 0.437510
v -17.750000 28.562500 0.437510
v -17.625000 28.562500 0.437510
v -17.062500 28.625000 0.437510
v -17.000000 28.687500 0.437510
v -17.500000 28.250000 0.437510
v -17.375000 28.062500 0.625010
vt 2.751953 3.256836
vt 2.731445 3.308838
vt 2.728760 3.254639
vt 2.751465 3.308838
vt 2.995605 3.254639
vt 2.961182 3.308838
vt 2.966309 3.251221
vt 2.993164 3.308838
vt 2.566162 3.557861
vt 2.557373 3.605469
vt 2.542969 3.547119
vt 2.552490 3.505859
vt 2.535645 3.500488
vt 2.552246 3.477051
vt 2.532959 3.472412
vt 2.559814 3.465332
vt 2.535156 3.458984
vt 2.603760 3.444824
vt 2.590576 3.476318
vt 2.587402 3.490967
vt 2.574463 3.527100
vt 2.532715 3.440430
vt 2.578613 3.424805
vt 2.624756 3.426270
vt 2.576416 3.387695
vt 2.616455 3.395264
vt 2.593750 3.354248
vt 2.623291 3.361328
vt 2.639404 3.330078
vt 2.603271 3.324951
vt 2.575439 3.347412
vt 2.546631 3.377197
vt 2.539795 3.411621
vt 2.519043 3.406982
vt 2.563965 3.855957
vt 2.556152 3.873535
vt 2.534912 3.857422
vt 2.542725 3.812500
vt 2.481689 3.818848
vt 2.472900 3.773926
vt 2.461182 3.802002
vt 2.437012 3.777100
vt 2.466309 3.733154
vt 2.492188 3.736084
vt 2.477783 3.689697
vt 2.499756 3.706543
vt 2.479492 3.670410
vt 2.501953 3.688965
vt 2.479248 3.650146
vt 2.503174 3.673340
vt 2.479492 3.632080
vt 2.501465 3.655762
vt 2.476807 3.613770
vt 2.500244 3.619141
vt 2.463867 3.580322
vt 2.498291 3.598877
vt 2.460938 3.569580
vt 2.484131 3.568848
vt 2.453857 3.537842
vt 2.475342 3.536865
vt 2.448242 3.512939
vt 2.468262 3.499268
vt 2.445801 3.500732
vt 2.472412 3.467285
vt 2.510010 3.468750
vt 2.481689 3.454346
vt 2.513916 3.455078
vt 2.493896 3.439209
vt 2.520996 3.440186
vt 2.513916 3.495117
vt 2.519043 3.540527
vt 2.522461 3.578613
vt 2.528076 3.601562
vt 2.531494 3.621094
vt 2.529541 3.654541
vt 2.528809 3.672363
vt 2.528809 3.687988
vt 2.536133 3.699707
vt 2.544434 3.727295
vt 2.547607 3.758057
vt 2.574219 3.818359
vt 2.583984 3.753418
vt 2.569824 3.726074
vt 2.561035 3.686279
vt 2.556396 3.669189
vt 2.554688 3.648682
vt 2.554199 3.628906
vt 2.434570 3.864502
vt 2.438477 3.828613
vt 2.477051 3.864258
vt 2.477295 3.922363
vt 2.526855 3.908447
vt 2.527344 3.922363
vt 2.481445 3.965576
vt 2.509766 3.964355
vt 2.505859 3.994629
vt 2.473877 3.994629
vt 2.456299 3.994629
vt 2.434570 3.965332
vt 2.434570 3.928711
vt 2.559570 3.994629
vt 2.595947 3.975342
vt 2.624512 3.994629
vt 2.556641 3.964111
vt 2.561768 3.941406
vt 2.547363 3.925537
vt 2.997314 3.777100
vt 2.997314 3.758789
vt 2.990723 3.758789
vt 2.990723 3.777100
vt 2.983887 3.758789
vt 2.983887 3.777100
vt 2.960938 3.758789
vt 2.966553 3.777100
vt 2.934326 3.758789
vt 2.939209 3.777100
vt 2.913818 3.758789
vt 2.916504 3.777100
vt 2.893311 3.758789
vt 2.893311 3.777100
vt 2.866211 3.758789
vt 2.866211 3.777100
vt 2.834473 3.758789
vt 2.834473 3.777100
vt 2.809814 3.758789
vt 2.809814 3.777100
vt 2.784424 3.758789
vt 2.784424 3.777100
vt 2.757568 3.758789
vt 2.757568 3.777100
vt 2.736816 3.758789
vt 2.736816 3.777100
vt 2.728760 3.254639
vt 2.731445 3.308838
vt 2.751465 3.308838
vt 2.751953 3.256836
vt 2.776367 3.308838
vt 2.777344 3.259277
vt 2.802979 3.308838
vt 2.802002 3.256836
vt 2.824463 3.308838
vt 2.831543 3.256836
vt 2.848633 3.308838
vt 2.863281 3.256836
vt 2.993164 3.308838
vt 2.995605 3.254639
vt 2.966309 3.251221
vt 2.961182 3.308838
vt 2.942139 3.256836
vt 2.934082 3.308838
vt 2.997314 3.758789
vt 2.997314 3.777100
vt 2.990723 3.777100
vt 2.990723 3.758789
vt 2.983887 3.777100
vt 2.983887 3.758789
vt 2.960938 3.758789
vt 2.966553 3.777100
vt 2.934326 3.758789
vt 2.939209 3.777100
vt 2.913818 3.758789
vt 2.916504 3.777100
vt 2.893311 3.758789
vt 2.893311 3.777100
vt 2.866211 3.758789
vt 2.866211 3.777100
vt 2.834473 3.758789
vt 2.834473 3.777100
vt 2.809814 3.758789
vt 2.809814 3.777100
vt 2.784424 3.758789
vt 2.784424 3.777100
vt 2.757568 3.758789
vt 2.757568 3.777100
vt 2.736816 3.758789
vt 2.736816 3.777100
vt 2.802002 3.256836
vt 2.824463 3.308838
vt 2.802979 3.308838
vt 2.831543 3.256836
vt 2.848633 3.308838
vt 2.863281 3.256836
vt 2.873291 3.308838
vt 2.889404 3.256836
vt 2.133545 3.994385
vt 2.009766 3.994385
vt 2.009766 3.869385
vt 2.133545 3.869385
vt 2.009766 3.699463
vt 2.133545 3.699463
vt 2.133545 3.994385
vt 2.009766 3.869385
vt 2.009766 3.994385
vt 2.133545 3.869385
vt 2.009766 3.699463
vt 2.133545 3.699463
vt 2.133545 3.994385
vt 2.009766 3.869385
vt 2.009766 3.994385
vt 2.133545 3.869385
vt 2.009766 3.699463
vt 2.133545 3.699463
vt 2.133545 3.994385
vt 2.009766 3.869385
vt 2.009766 3.994385
vt 2.133545 3.869385
vt 2.009766 3.699463
vt 2.133545 3.699463
vt 2.133545 3.994385
vt 2.009766 3.869385
vt 2.009766 3.994385
vt 2.133545 3.869385
vt 2.009766 3.699463
vt 2.133545 3.699463
vt 2.133545 3.994385
vt 2.009766 3.869385
vt 2.009766 3.994385
vt 2.133545 3.869385
vt 2.009766 3.699463
vt 2.133545 3.699463
vt 2.133545 3.994385
vt 2.009766 3.869385
vt 2.009766 3.994385
vt 2.133545 3.869385
vt 2.009766 3.699463
vt 2.133545 3.699463
vt 2.133545 3.994385
vt 2.009766 3.869385
vt 2.009766 3.994385
vt 2.133545 3.869385
vt 2.009766 3.699463
vt 2.133545 3.699463
vt 2.133545 3.994385
vt 2.009766 3.994385
vt 2.009766 3.869385
vt 2.133545 3.869385
vt 2.009766 3.699463
vt 2.133545 3.699463
vt 2.133545 3.994385
vt 2.009766 3.994385
vt 2.009766 3.869385
vt 2.133545 3.869385
vt 2.009766 3.699463
vt 2.133545 3.699463
vt 2.133545 3.994385
vt 2.009766 3.994385
vt 2.009766 3.869385
vt 2.133545 3.869385
vt 2.009766 3.699463
vt 2.133545 3.699463
vt 2.133545 3.994385
vt 2.009766 3.994385
vt 2.009766 3.869385
vt 2.133545 3.869385
vt 2.009766 3.699463
vt 2.133545 3.699463
vt 2.133545 3.994385
vt 2.009766 3.869385
vt 2.009766 3.994385
vt 2.133545 3.869385
vt 2.009766 3.699463
vt 2.133545 3.699463
vt 2.133545 3.994385
vt 2.009766 3.994385
vt 2.009766 3.869385
vt 2.133545 3.869385
vt 2.009766 3.699463
vt 2.133545 3.699463
vt 2.133545 3.994385
vt 2.009766 3.994385
vt 2.009766 3.869385
vt 2.133545 3.869385
vt 2.009766 3.699463
vt 2.133545 3.699463
vt 2.009766 3.994385
vt 2.009766 3.869385
vt 2.133545 3.869385
vt 2.009766 3.699463
vt 2.133545 3.699463
vt 2.133545 3.994385
vt 2.009766 3.869385
vt 2.009766 3.994385
vt 2.133545 3.869385
vt 2.009766 3.699463
vt 2.133545 3.699463
vt 2.618896 3.786865
vt 2.635986 3.844482
vt 2.604736 3.832031
vt 2.591309 3.865967
vt 2.582031 3.906006
vt 2.620117 3.878906
vt 2.653564 3.892578
vt 2.661377 3.869873
vt 2.695801 3.871338
vt 2.688232 3.907715
vt 2.635742 3.933105
vt 2.663086 3.941895
vt 2.633789 3.965576
vt 2.601318 3.928711
vt 2.007812 3.465576
vt 2.052002 3.468994
vt 2.041992 3.499512
vt 2.006592 3.435059
vt 2.049805 3.425049
vt 2.006592 3.369629
vt 2.069092 3.375977
vt 2.006592 3.330322
vt 2.069092 3.334473
vt 2.006592 3.297852
vt 2.052734 3.297852
vt 2.106934 3.337891
vt 2.081543 3.297852
vt 2.143555 3.336182
vt 2.135254 3.297852
vt 2.169678 3.330078
vt 2.206055 3.297852
vt 2.212891 3.320557
vt 2.255859 3.297852
vt 2.254150 3.318115
vt 2.304688 3.297852
vt 2.291260 3.317871
vt 2.351074 3.297852
vt 2.333008 3.322754
vt 2.402100 3.297852
vt 2.373047 3.317139
vt 2.434570 3.297852
vt 2.434570 3.319580
vt 2.469482 3.297852
vt 2.470947 3.318604
vt 2.469238 3.339844
vt 2.486816 3.340820
vt 2.475098 3.368408
vt 2.507568 3.372314
vt 2.466553 3.403809
vt 2.482910 3.404785
vt 2.460449 3.435059
vt 2.434570 3.433594
vt 2.433838 3.474365
vt 2.374756 3.432861
vt 2.434570 3.404297
vt 2.434570 3.367920
vt 2.434570 3.338379
vt 2.371338 3.340576
vt 2.332764 3.343750
vt 2.302246 3.337891
vt 2.260254 3.341553
vt 2.235596 3.343994
vt 2.203857 3.344971
vt 2.180908 3.349609
vt 2.144775 3.377930
vt 2.114014 3.380615
vt 2.097900 3.424805
vt 2.097412 3.466553
vt 2.093018 3.485107
vt 2.152832 3.453369
vt 2.149170 3.467773
vt 2.184082 3.432373
vt 2.186768 3.449219
vt 2.217529 3.415283
vt 2.218018 3.431396
vt 2.247070 3.407471
vt 2.241455 3.429688
vt 2.281250 3.405518
vt 2.278564 3.429688
vt 2.320557 3.405029
vt 2.334717 3.431152
vt 2.359131 3.407959
vt 2.378662 3.405762
vt 2.380127 3.370605
vt 2.349121 3.371826
vt 2.312744 3.374268
vt 2.267822 3.375000
vt 2.244385 3.377197
vt 2.211914 3.383057
vt 2.183350 3.392822
vt 2.146484 3.416260
vt 2.511719 3.342529
vt 2.537842 3.341064
vt 2.515625 3.323730
vt 2.519775 3.297852
vt 2.553955 3.323486
vt 2.562500 3.297852
vt 2.983887 3.834717
vt 2.990723 3.834717
vt 2.983887 3.848633
vt 2.990723 3.848633
vt 2.997314 3.834717
vt 2.997314 3.848633
vt 2.969238 3.834717
vt 2.942627 3.834717
vt 2.923340 3.834717
vt 2.893311 3.852783
vt 2.866211 3.866211
vt 2.834473 3.880127
vt 2.809814 3.881348
vt 2.784424 3.875977
vt 2.757568 3.862793
vt 2.736816 3.841064
vt 2.757568 3.895752
vt 2.736816 3.870850
vt 2.757568 3.918457
vt 2.736816 3.991211
vt 2.757568 3.991211
vt 2.784424 3.936035
vt 2.784424 3.991211
vt 2.809814 3.938965
vt 2.809814 3.991211
vt 2.834473 3.939453
vt 2.834473 3.991211
vt 2.866211 3.933594
vt 2.866211 3.991211
vt 2.893311 3.917969
vt 2.910889 3.991211
vt 2.923096 3.912598
vt 2.946777 3.991211
vt 2.945312 3.899658
vt 2.968018 3.991211
vt 2.972168 3.885254
vt 2.979492 3.991211
vt 2.968018 3.991211
vt 2.972168 3.885254
vt 2.970947 3.855713
vt 2.983887 3.834717
vt 2.969238 3.834717
vt 2.942627 3.834717
vt 2.923340 3.834717
vt 2.893311 3.852783
vt 2.866211 3.866211
vt 2.834473 3.880127
vt 2.809814 3.881348
vt 2.784424 3.875977
vt 2.757568 3.862793
vt 2.736816 3.841064
vt 2.757568 3.895752
vt 2.757568 3.918457
vt 2.757568 3.991211
vt 2.784424 3.936035
vt 2.784424 3.991211
vt 2.809814 3.938965
vt 2.809814 3.991211
vt 2.834473 3.939453
vt 2.834473 3.991211
vt 2.866211 3.933594
vt 2.866211 3.991211
vt 2.893311 3.917969
vt 2.910889 3.991211
vt 2.923096 3.912598
vt 2.946777 3.991211
vt 2.945312 3.899658
vt 2.944092 3.864258
vt 2.922852 3.870605
vt 2.893311 3.885742
vt 2.866211 3.899902
vt 2.834473 3.912354
vt 2.809814 3.914307
vt 2.784424 3.912842
vt 2.970947 3.855713
vt 2.944092 3.864258
vt 2.922852 3.870605
vt 2.893311 3.885742
vt 2.866211 3.899902
vt 2.834473 3.912354
vt 2.809814 3.914307
vt 2.784424 3.912842
vt 2.997314 3.834717
vt 2.170898 3.005371
vt 2.170898 3.041260
vt 2.087891 3.041260
vt 2.087891 3.005371
vt 2.008057 3.005371
vt 2.008057 3.041260
vt 2.087891 3.084473
vt 2.170898 3.084473
vt 2.087891 3.151611
vt 2.170898 3.151611
vt 2.087891 3.205811
vt 2.170898 3.205811
vt 2.170898 3.233398
vt 2.087891 3.233398
vt 2.008057 3.233398
vt 2.008057 3.205811
vt 2.008057 3.151611
vt 2.008057 3.084473
vt 2.232422 3.041260
vt 2.322510 3.041260
vt 2.322510 3.084473
vt 2.232422 3.084473
vt 2.322510 3.151611
vt 2.232422 3.151611
vt 2.322510 3.205811
vt 2.232422 3.205811
vt 2.322510 3.233398
vt 2.232422 3.233398
vt 2.284424 3.253418
vt 2.232422 3.253418
vt 2.232422 3.289307
vt 2.322510 3.253418
vt 2.322510 3.289307
vt 2.132812 3.253418
vt 2.087891 3.253418
vt 2.132812 3.289307
vt 2.170898 3.253418
vt 2.170898 3.289307
vt 2.087891 3.289307
vt 2.053955 3.289307
vt 2.053955 3.253418
vt 2.008057 3.289307
vt 2.008057 3.253418
vt 2.232422 3.005371
vt 2.246826 3.996826
vt 2.207031 3.961914
vt 2.246826 3.961914
vt 2.207031 3.996826
vt 2.145264 3.961914
vt 2.145264 3.996826
vt 2.207031 3.961914
vt 2.207031 3.996826
vt 2.246826 3.961914
vt 2.246826 3.996826
vt 2.494629 3.041260
vt 2.572266 3.005371
vt 2.572266 3.041260
vt 2.494629 3.005371
vt 2.412354 3.151611
vt 2.494629 3.151611
vt 2.494629 3.205811
vt 2.412354 3.205811
vt 2.494629 3.233398
vt 2.412354 3.233398
vt 2.455566 3.253418
vt 2.412354 3.253418
vt 2.412354 3.289307
vt 2.455566 3.289307
vt 2.494629 3.253418
vt 2.494629 3.289307
vt 2.648193 3.042725
vt 2.641846 3.065430
vt 2.660156 3.060791
vt 2.676758 3.216553
vt 2.684082 3.211914
vt 2.676758 3.211914
vt 2.684082 3.216553
vt 2.665283 3.214600
vt 2.664307 3.236572
vt 2.676758 3.235107
vt 2.676758 3.238281
vt 2.684082 3.235107
vt 2.684082 3.238281
vt 2.662842 3.256348
vt 2.653564 3.264893
vt 2.657471 3.277344
vt 2.668945 3.270020
vt 2.656494 3.288086
vt 2.674316 3.286621
vt 2.679443 3.097412
vt 2.661865 3.098389
vt 2.679688 3.100586
vt 2.675293 3.088135
vt 2.661865 3.077148
vt 2.679688 3.079102
vt 2.675293 3.068604
vt 2.681152 3.077637
vt 2.663818 3.291260
vt 2.663818 3.345215
vt 2.668213 3.291260
vt 2.653564 3.291260
vt 2.653564 3.345215
vt 2.653564 3.345215
vt 2.663818 3.405762
vt 2.653564 3.405762
vt 2.653564 3.405762
vt 2.663818 3.439453
vt 2.653564 3.439453
vt 2.663818 3.447754
vt 2.653564 3.467285
vt 2.691650 3.467285
vt 2.682373 3.447754
vt 2.672607 3.439453
vt 2.672607 3.432861
vt 2.682373 3.439453
vt 2.691650 3.439453
vt 2.722412 3.467285
vt 2.722412 3.439453
vt 2.691650 3.405762
vt 2.722412 3.405762
vt 2.691650 3.405762
vt 2.722412 3.405762
vt 2.691650 3.345215
vt 2.722412 3.345215
vt 2.722412 3.345215
vt 2.691650 3.345215
vt 2.682373 3.345215
vt 2.682373 3.405762
vt 2.672607 3.405762
vt 2.672607 3.345215
vt 2.672607 3.291260
vt 2.663818 3.405762
vt 2.653564 3.405762
vt 2.653564 3.415527
vt 2.663818 3.345215
vt 2.653564 3.345215
vt 2.653564 3.345215
vt 2.653564 3.291260
vt 2.663818 3.291260
vt 2.672607 3.345215
vt 2.672607 3.291260
vt 2.682373 3.345215
vt 2.682373 3.291260
vt 2.691650 3.345215
vt 2.691650 3.291260
vt 2.722412 3.291260
vt 2.722412 3.345215
vt 2.691650 3.345215
vt 2.682373 3.405762
vt 2.672607 3.405762
vt 2.663818 3.439453
vt 2.653564 3.439453
vt 2.663818 3.447754
vt 2.653564 3.467285
vt 2.691650 3.467285
vt 2.682373 3.447754
vt 2.672607 3.439453
vt 2.672607 3.432861
vt 2.682373 3.439453
vt 2.691650 3.439453
vt 2.722412 3.467285
vt 2.722412 3.439453
vt 2.691650 3.415527
vt 2.722412 3.415527
vt 2.691650 3.405762
vt 2.722412 3.405762
vt 2.722412 3.345215
vt 2.663818 3.405762
vt 2.653564 3.405762
vt 2.653564 3.415527
vt 2.663818 3.345215
vt 2.653564 3.345215
vt 2.653564 3.345215
vt 2.653564 3.291260
vt 2.663818 3.291260
vt 2.672607 3.291260
vt 2.672607 3.345215
vt 2.672607 3.405762
vt 2.682373 3.345215
vt 2.682373 3.405762
vt 2.672607 3.432861
vt 2.663818 3.439453
vt 2.653564 3.439453
vt 2.663818 3.447754
vt 2.653564 3.467285
vt 2.691650 3.467285
vt 2.682373 3.447754
vt 2.672607 3.439453
vt 2.682373 3.439453
vt 2.691650 3.439453
vt 2.691650 3.415527
vt 2.722412 3.439453
vt 2.722412 3.467285
vt 2.722412 3.415527
vt 2.691650 3.405762
vt 2.691650 3.345215
vt 2.691650 3.345215
vt 2.682373 3.291260
vt 2.691650 3.291260
vt 2.722412 3.291260
vt 2.722412 3.345215
vt 2.722412 3.345215
vt 2.722412 3.405762
vt 2.246826 3.996826
vt 2.246826 3.961914
vt 2.207031 3.961914
vt 2.207031 3.996826
vt 2.145264 3.961914
vt 2.145264 3.996826
vt 2.207031 3.961914
vt 2.207031 3.996826
vt 2.246826 3.961914
vt 2.246826 3.996826
vt 2.412354 3.005371
vt 2.412354 3.041260
vt 2.494629 3.084473
vt 2.412354 3.084473
vt 2.370605 3.253418
vt 2.370605 3.289307
vt 2.675537 3.109619
vt 2.660156 3.118896
vt 2.679932 3.121826
vt 2.677490 3.127197
vt 2.674072 3.137939
vt 2.657715 3.148682
vt 2.671875 3.149658
vt 2.663574 3.171143
vt 2.676758 3.171631
vt 2.665283 3.193848
vt 2.676758 3.189941
vt 2.676758 3.194336
vt 2.684082 3.189941
vt 2.684082 3.194336
vt 2.621582 3.190430
vt 2.623535 3.171631
vt 2.625000 3.146973
vt 2.619629 3.126221
vt 2.617920 3.101807
vt 2.628906 3.084473
vt 2.681641 3.054443
vt 2.623291 3.070068
vt 2.617920 3.086914
vt 2.581055 3.080566
vt 2.581299 3.095215
vt 2.581543 3.110596
vt 2.581787 3.132812
vt 2.585449 3.149170
vt 2.583740 3.174805
vt 2.580811 3.190430
vt 2.620361 3.210449
vt 2.621094 3.231201
vt 2.580566 3.210205
vt 2.583252 3.229980
vt 2.622803 3.249268
vt 2.587402 3.246094
vt 2.615967 3.267578
vt 2.585449 3.259521
vt 2.608154 3.273438
vt 2.580811 3.269531
vt 2.606934 3.289307
vt 2.676758 3.252686
vt 2.680176 3.263428
vt 2.682373 3.345215
vt 2.682373 3.291260
vt 2.672607 3.291260
vt 2.672607 3.345215
vt 2.663818 3.291260
vt 2.663818 3.345215
vt 2.682373 3.345215
vt 2.682373 3.291260
vt 2.672607 3.291260
vt 2.672607 3.345215
vt 2.663818 3.291260
vt 2.663818 3.345215
vt 2.653564 3.291260
vt 2.653564 3.345215
vt 2.995605 3.040283
vt 2.968994 3.031738
vt 2.987061 3.048096
vt 2.993408 3.021729
vt 2.982178 3.011719
vt 2.942383 3.028320
vt 2.958740 3.010986
vt 2.943848 3.005859
vt 2.927734 3.032227
vt 2.926270 3.006592
vt 2.914062 3.010254
vt 2.900635 3.034668
vt 2.902832 3.047607
vt 2.920166 3.055420
vt 2.940674 3.052246
vt 2.956787 3.047363
vt 2.980225 3.050293
vt 2.777344 3.259277
vt 2.776367 3.308838
vt 2.747314 3.166260
vt 2.731934 3.165039
vt 2.747070 3.107666
vt 2.732422 3.111328
vt 2.746582 3.071045
vt 2.734619 3.071045
vt 2.734619 3.059814
vt 2.744873 3.059814
vt 2.756592 3.071045
vt 2.754395 3.059326
vt 2.770752 3.066406
vt 2.765381 3.059814
vt 2.781738 3.039307
vt 2.776855 3.036621
vt 2.798340 3.019531
vt 2.794922 3.014648
vt 2.821777 3.010986
vt 2.822021 3.004150
vt 2.861084 3.024658
vt 2.863525 3.019287
vt 2.868652 3.035156
vt 2.878662 3.029297
vt 2.886963 3.049316
vt 2.894043 3.039551
vt 2.897705 3.071045
vt 2.900879 3.059814
vt 2.916748 3.071045
vt 2.916260 3.059814
vt 2.937988 3.071045
vt 2.937012 3.059814
vt 2.963623 3.071045
vt 2.962891 3.059814
vt 2.995605 3.059814
vt 2.995605 3.071045
vt 2.964844 3.107666
vt 2.995605 3.111328
vt 2.963135 3.156250
vt 2.995605 3.165039
vt 2.942139 3.256836
vt 2.934082 3.308838
vt 2.913818 3.256836
vt 2.904053 3.308838
vt 2.892578 3.140869
vt 2.857666 3.140381
vt 2.881592 3.107666
vt 2.866211 3.067871
vt 2.858154 3.046143
vt 2.854980 3.038574
vt 2.822510 3.031494
vt 2.803955 3.037109
vt 2.794189 3.054688
vt 2.791016 3.077148
vt 2.769287 3.107666
vt 2.768311 3.158203
vt 2.799561 3.148926
vt 2.802490 3.082275
vt 2.801758 3.057861
vt 2.821777 3.057861
vt 2.847168 3.052002
vt 2.847900 3.078613
vt 2.826172 3.143799
vt 2.822754 3.083496
vt 2.913574 3.107666
vt 2.935547 3.107666
vt 2.938721 3.146484
vt 2.911133 3.143311
vt 2.987061 3.048096
vt 2.968994 3.031738
vt 2.995605 3.040283
vt 2.980225 3.050293
vt 2.956787 3.047363
vt 2.942383 3.028320
vt 2.940674 3.052246
vt 2.927734 3.032227
vt 2.920166 3.055420
vt 2.902832 3.047607
vt 2.900635 3.034668
vt 2.914062 3.010254
vt 2.926270 3.006592
vt 2.943848 3.005859
vt 2.958740 3.010986
vt 2.982178 3.011719
vt 2.993408 3.021729
vt 2.904053 3.308838
vt 2.913818 3.256836
vt 2.873291 3.308838
vt 2.889404 3.256836
vt 2.857666 3.140381
vt 2.826172 3.143799
vt 2.799561 3.148926
vt 2.768311 3.158203
vt 2.747314 3.166260
vt 2.731934 3.165039
vt 2.747070 3.107666
vt 2.732422 3.111328
vt 2.746582 3.071045
vt 2.734619 3.071045
vt 2.734619 3.059814
vt 2.744873 3.059814
vt 2.756592 3.071045
vt 2.754395 3.059326
vt 2.770752 3.066406
vt 2.765381 3.059814
vt 2.781738 3.039307
vt 2.776855 3.036621
vt 2.798340 3.019531
vt 2.794922 3.014648
vt 2.821777 3.010986
vt 2.822021 3.004150
vt 2.861084 3.024658
vt 2.863525 3.019287
vt 2.868652 3.035156
vt 2.878662 3.029297
vt 2.886963 3.049316
vt 2.894043 3.039551
vt 2.897705 3.071045
vt 2.900879 3.059814
vt 2.916748 3.071045
vt 2.916260 3.059814
vt 2.937988 3.071045
vt 2.937012 3.059814
vt 2.963623 3.071045
vt 2.962891 3.059814
vt 2.995605 3.059814
vt 2.995605 3.071045
vt 2.964844 3.107666
vt 2.995605 3.111328
vt 2.963135 3.156250
vt 2.995605 3.165039
vt 2.938721 3.146240
vt 2.911133 3.143311
vt 2.892578 3.140869
vt 2.881592 3.107666
vt 2.913574 3.107666
vt 2.935547 3.107666
vt 2.866211 3.067871
vt 2.858154 3.046143
vt 2.854980 3.038574
vt 2.822510 3.031494
vt 2.803955 3.037109
vt 2.794189 3.054688
vt 2.801758 3.057861
vt 2.821777 3.057861
vt 2.847168 3.052002
vt 2.847900 3.078613
vt 2.822754 3.083496
vt 2.802490 3.082275
vt 2.791016 3.077148
vt 2.769287 3.107666
vt 2.572266 3.084473
vt 2.572266 3.151611
vt 2.572266 3.205811
vt 2.572266 3.233398
vt 2.534912 3.253418
vt 2.534912 3.289307
vt 2.572266 3.253418
vt 2.572266 3.289307
vt 2.322510 3.005371
vt 2.653564 3.345215
vt 2.653564 3.405762
vt 2.663818 3.405762
vt 2.653564 3.415527
vt 2.663818 3.439453
vt 2.653564 3.439453
vt 2.663818 3.447754
vt 2.653564 3.467285
vt 2.691650 3.467285
vt 2.682373 3.447754
vt 2.672607 3.439453
vt 2.672607 3.432861
vt 2.682373 3.439453
vt 2.691650 3.439453
vt 2.722412 3.467285
vt 2.722412 3.439453
vt 2.691650 3.415527
vt 2.722412 3.415527
vt 2.691650 3.405762
vt 2.722412 3.405762
vt 2.691650 3.345215
vt 2.722412 3.345215
vt 2.691650 3.345215
vt 2.722412 3.345215
vt 2.722412 3.291260
vt 2.691650 3.291260
vt 2.682373 3.405762
vt 2.672607 3.405762
vt 2.677490 3.291260
vt 2.682373 3.291260
vt 2.691650 3.291260
vt 2.722412 3.291260
vt 2.632812 3.045166
vt 2.614014 3.045898
vt 2.653564 3.291260
vt 2.653564 3.345215
vt 2.653564 3.345215
vt 2.663818 3.405762
vt 2.653564 3.405762
vt 2.653564 3.415527
vt 2.663818 3.439453
vt 2.653564 3.439453
vt 2.663818 3.447754
vt 2.653564 3.467285
vt 2.691650 3.467285
vt 2.682373 3.447754
vt 2.672607 3.439453
vt 2.672607 3.432861
vt 2.682373 3.439453
vt 2.691650 3.439453
vt 2.722412 3.467285
vt 2.722412 3.439453
vt 2.691650 3.415527
vt 2.722412 3.415527
vt 2.691650 3.405762
vt 2.722412 3.405762
vt 2.691650 3.345215
vt 2.722412 3.345215
vt 2.691650 3.345215
vt 2.722412 3.345215
vt 2.722412 3.291260
vt 2.691650 3.291260
vt 2.682373 3.405762
vt 2.672607 3.405762
vn 0.9276 -0.0419 0.3713
vn 0.6204 -0.1436 0.7710
vn 0.6743 -0.0304 0.7378
vn 0.9243 -0.1778 0.3378
vn 0.0841 -0.2400 0.9671
vn 0.1420 -0.0658 0.9877
vn -0.5556 0.4872 -0.6737
vn -0.7856 0.3984 -0.4733
vn -0.5938 0.3799 -0.7093
vn -0.6011 0.3017 -0.7400
vn -0.5286 0.2896 -0.7979
vn -0.7619 -0.1539 -0.6291
vn -0.5954 -0.1137 -0.7953
vn -0.7849 -0.4066 -0.4676
vn -0.6536 -0.2642 -0.7092
vn -0.8577 -0.0439 -0.5122
vn -0.8298 -0.4305 -0.3551
vn -0.7856 -0.2093 -0.5823
vn -0.4217 0.5031 -0.7543
vn -0.6525 -0.0502 -0.7561
vn -0.8652 -0.0545 -0.4984
vn -0.9309 -0.1857 -0.3147
vn -0.8954 -0.0965 -0.4347
vn -0.9808 -0.0045 -0.1948
vn -0.9173 -0.0789 -0.3903
vn -0.9837 -0.1403 -0.1129
vn -0.9846 -0.1549 0.0811
vn -0.9891 0.0920 -0.1151
vn -0.7750 -0.0913 -0.6253
vn -0.8252 -0.0714 -0.5603
vn -0.6939 -0.1112 -0.7114
vn -0.5396 -0.1227 -0.8330
vn -0.4250 -0.3217 0.8461
vn -0.4362 -0.2460 0.8656
vn -0.2118 -0.3254 0.9215
vn -0.2228 -0.2311 0.9471
vn 0.0916 -0.2281 0.9693
vn 0.2994 0.0218 0.9539
vn 0.5070 -0.1547 0.8480
vn 0.5029 0.1499 0.8513
vn 0.4588 0.4011 0.7929
vn 0.2465 0.4133 0.8766
vn 0.5516 0.7007 0.4525
vn 0.1979 0.7168 0.6686
vn 0.2492 0.9682 -0.0232
vn 0.1355 0.9615 0.2390
vn 0.4124 0.9109 0.0111
vn 0.1869 0.9776 -0.0969
vn 0.4265 0.8670 -0.2577
vn 0.1625 0.9502 -0.2660
vn 0.4532 0.8128 -0.3661
vn 0.2152 0.9356 -0.2798
vn 0.4647 0.7515 -0.4682
vn 0.2057 0.8537 -0.4785
vn 0.2868 0.6300 -0.7217
vn 0.1401 0.6035 -0.7850
vn 0.3130 0.4656 -0.8278
vn 0.1506 0.4951 -0.8557
vn 0.4047 0.4853 -0.7751
vn 0.1271 0.3648 -0.9224
vn 0.4476 0.3653 -0.8162
vn -0.1585 -0.0078 -0.9873
vn -0.2919 -0.0791 -0.9532
vn -0.2608 -0.0846 -0.9617
vn -0.3741 -0.1138 -0.9204
vn -0.3107 0.0013 -0.9505
vn -0.4085 -0.0759 -0.9096
vn -0.3271 0.2577 -0.9092
vn -0.3155 0.4187 -0.8516
vn -0.3848 0.4670 -0.7961
vn -0.3306 0.7477 -0.5759
vn -0.4376 0.8695 -0.2291
vn -0.4626 0.8608 -0.2120
vn -0.5200 0.8442 -0.1298
vn -0.4929 0.8463 0.2020
vn -0.3793 0.6719 0.6362
vn -0.2854 0.3680 0.8849
vn -0.3236 0.1013 0.9408
vn -0.5102 -0.1954 0.8376
vn -0.4911 0.0050 0.8711
vn -0.3094 0.3705 0.8758
vn -0.7159 0.5768 0.3933
vn -0.8110 0.5801 0.0757
vn -0.7621 0.6454 -0.0515
vn -0.7412 0.6645 -0.0947
vn -0.0391 -0.0775 0.9962
vn -0.3708 -0.2178 0.9028
vn 0.0878 0.0277 0.9958
vn -0.1813 -0.0145 0.9833
vn -0.3729 -0.0854 0.9239
vn -0.3595 -0.1473 0.9214
vn -0.2048 -0.5784 0.7896
vn -0.2428 -0.3427 0.9075
vn -0.1248 -0.1009 0.9870
vn -0.0058 0.0807 0.9967
vn -0.0674 -0.3029 0.9506
vn 0.0882 -0.3604 0.9286
vn 0.0939 0.1666 0.9815
vn -0.6368 -0.3418 0.6911
vn -0.7304 -0.5289 0.4322
vn -0.9863 -0.0347 0.1610
vn -0.6649 -0.2072 0.7176
vn -0.4739 0.0687 0.8779
vn -0.2960 -0.3229 0.8989
vn 0.2104 -0.7982 -0.5645
vn 0.0756 -0.8429 0.5327
vn 0.2330 -0.8269 0.5118
vn -0.6564 -0.7539 -0.0257
vn 0.0348 -0.9798 -0.1969
vn -0.0202 -0.9960 0.0872
vn -0.0329 -0.9344 -0.3548
vn -0.0473 -0.9345 0.3529
vn -0.1630 -0.8998 -0.4047
vn 0.0257 -0.9471 0.3198
vn -0.2265 -0.9698 -0.0900
vn 0.0445 -0.9249 0.3776
vn -0.5988 -0.7723 -0.2122
vn 0.3140 -0.9340 0.1704
vn -0.4671 -0.8813 0.0716
vn 0.3865 -0.9065 0.1697
vn -0.4930 -0.8590 0.1379
vn 0.4527 -0.8910 -0.0340
vn -0.2031 -0.9551 0.2157
vn 0.4261 -0.8812 -0.2047
vn -0.0985 -0.9267 0.3627
vn 0.3639 -0.8370 -0.4086
vn 0.3938 -0.8316 0.3917
vn 0.0646 -0.8724 -0.4845
vn -0.7420 -0.0286 0.6698
vn -0.6491 -0.1746 0.7404
vn -0.9303 -0.1100 0.3499
vn -0.9435 -0.0281 0.3301
vn -0.9315 -0.2216 -0.2884
vn -0.9349 -0.0780 -0.3463
vn -0.5254 -0.2678 -0.8076
vn -0.6015 -0.1202 -0.7898
vn -0.0061 -0.2020 -0.9794
vn 0.1424 -0.1915 -0.9711
vn 0.6841 -0.2949 -0.6671
vn 0.7429 -0.2132 -0.6346
vn -0.1194 -0.0764 0.9899
vn -0.0636 -0.2229 0.9728
vn 0.6441 -0.1236 0.7549
vn 0.5416 -0.2355 0.8070
vn -0.6496 -0.7601 0.0181
vn 0.5352 -0.5928 -0.6018
vn 0.3066 -0.9518 0.0115
vn -0.3909 -0.7999 0.4553
vn -0.0751 -0.9569 0.2807
vn 0.3917 -0.8822 -0.2615
vn -0.2851 -0.9049 -0.3160
vn -0.0991 -0.9268 0.3623
vn 0.2141 -0.8436 -0.4925
vn -0.1033 -0.9422 0.3188
vn 0.4524 -0.8625 -0.2268
vn -0.2683 -0.9389 0.2156
vn 0.6483 -0.7273 -0.2251
vn -0.3573 -0.9302 0.0835
vn 0.6015 -0.7930 0.0973
vn -0.4073 -0.9123 0.0419
vn 0.5599 -0.8086 0.1809
vn -0.4165 -0.8916 -0.1779
vn 0.2564 -0.8943 0.3668
vn -0.2458 -0.8884 -0.3878
vn -0.1590 -0.8935 0.4200
vn -0.2017 -0.8668 -0.4561
vn -0.3802 -0.8433 0.3800
vn -0.0821 -0.9917 -0.0991
vn 0.6390 -0.1184 -0.7601
vn 0.0033 -0.1950 -0.9808
vn 0.5299 -0.2746 -0.8024
vn -0.0061 -0.1901 -0.9817
vn -0.7243 -0.2804 -0.6299
vn -0.7491 -0.2013 -0.6311
vn -0.9571 -0.2458 -0.1537
vn -0.9642 -0.1375 -0.2269
vn -0.9964 -0.0812 -0.0259
vn -0.8434 -0.4133 -0.3432
vn -0.9972 0.0390 -0.0645
vn -0.9806 0.1911 -0.0443
vn -0.9306 0.3603 -0.0643
vn -0.9066 0.4020 -0.1283
vn 0.9161 -0.0566 0.3969
vn 0.9378 0.1594 0.3084
vn 0.9603 -0.2353 0.1497
vn 0.9250 0.2867 0.2493
vn 0.8963 0.3900 0.2112
vn 0.8863 0.4469 0.1212
vn 0.4300 0.1777 0.8852
vn 0.4992 0.4700 0.7279
vn 0.6699 0.1416 0.7288
vn 0.5974 0.4223 0.6818
vn 0.6590 0.3182 0.6816
vn 0.6811 0.3633 0.6357
vn 0.2075 0.0878 0.9743
vn 0.1127 0.3517 0.9293
vn 0.0667 0.3735 0.9252
vn 0.0566 0.4238 0.9040
vn 0.0538 0.4213 0.9053
vn 0.0939 0.0189 0.9954
vn 0.1106 0.1980 0.9739
vn 0.1405 0.2541 0.9569
vn 0.1558 0.2987 0.9415
vn 0.2044 0.3345 0.9199
vn -0.0779 0.1415 0.9869
vn 0.0273 0.3166 0.9482
vn 0.0000 0.2398 0.9708
vn 0.0000 0.1789 0.9839
vn 0.9791 0.1202 0.1642
vn 0.9539 0.2217 0.2024
vn 0.9736 0.1846 0.1343
vn 0.9025 0.3905 0.1818
vn 0.8228 0.5431 0.1678
vn 0.7537 0.6545 0.0595
vn 0.9940 0.0491 -0.0982
vn 0.9771 0.1940 -0.0869
vn 0.9759 0.0976 -0.1952
vn 0.9428 0.3285 -0.0573
vn 0.8739 0.4788 -0.0835
vn 0.8664 0.4874 -0.1083
vn -0.9856 0.1478 0.0822
vn -0.9806 0.1961 0.0000
vn -0.9711 0.2132 0.1069
vn -0.9451 0.3157 0.0848
vn -0.9070 0.4189 0.0432
vn -0.8691 0.4897 -0.0690
vn -0.9880 0.1524 0.0245
vn -0.9487 0.2530 -0.1897
vn -0.9623 0.2623 0.0715
vn -0.9233 0.3679 0.1105
vn -0.8564 0.5146 0.0414
vn -0.8275 0.5560 -0.0776
vn -0.9831 -0.1156 0.1419
vn -0.9017 -0.4295 -0.0488
vn -0.9377 0.3328 0.1000
vn -0.9259 0.3772 0.0193
vn -0.9273 0.3743 -0.0049
vn -0.9023 0.4221 -0.0873
vn -0.9387 0.0913 0.3324
vn -0.9201 0.2080 0.3318
vn -0.8928 0.3413 0.2939
vn -0.8474 0.4640 0.2582
vn -0.8468 0.4934 0.1988
vn 0.1576 -0.1532 -0.9755
vn 0.3679 -0.3570 -0.8586
vn -0.0943 0.2043 -0.9744
vn 0.5878 -0.5066 -0.6307
vn 0.6740 -0.3483 -0.6514
vn 0.6811 -0.3633 -0.6357
vn -0.1464 0.1134 0.9827
vn 0.1576 -0.1531 -0.9756
vn -0.1517 0.4510 0.8795
vn -0.1482 0.4387 0.8863
vn -0.1497 0.4316 0.8896
vn -0.1689 0.4187 0.8923
vn -0.1220 0.3148 0.9413
vn -0.1707 0.3299 0.9284
vn -0.1558 0.2987 0.9415
vn -0.1066 0.2616 0.9593
vn -0.1149 0.4383 0.8914
vn 0.0000 0.2803 0.9599
vn 0.9473 -0.1186 -0.2977
vn 0.9233 0.0151 -0.3837
vn 0.9247 -0.2955 -0.2400
vn 0.9230 0.0758 -0.3772
vn 0.9106 0.1425 -0.3879
vn 0.8868 0.1810 -0.4253
vn -0.3749 -0.0786 0.9237
vn -0.9231 -0.3568 0.1437
vn -0.7513 -0.3046 0.5855
vn -0.6686 -0.3412 0.6607
vn -0.9275 -0.1298 0.3504
vn -0.9536 -0.2548 0.1604
vn -0.9741 -0.2086 -0.0874
vn -0.9298 -0.3322 -0.1583
vn -0.9921 -0.0946 0.0826
vn -0.9634 -0.1593 0.2157
vn -0.2498 -0.1782 0.9518
vn -0.1471 0.1184 0.9820
vn -0.0677 -0.1902 0.9794
vn 0.0564 0.0208 0.9982
vn 0.0914 -0.5131 0.8534
vn 0.0559 0.0482 0.9973
vn 0.2053 -0.6117 0.7640
vn 0.1907 -0.0485 0.9804
vn 0.5929 -0.6429 0.4849
vn 0.7717 -0.0083 0.6359
vn 0.7973 -0.5557 0.2357
vn 0.9841 -0.0964 0.1494
vn 0.9310 -0.3610 0.0538
vn 0.9581 -0.1194 -0.2604
vn 0.8858 -0.2644 -0.3814
vn 0.7322 0.0321 -0.6803
vn 0.7244 -0.4283 -0.5402
vn 0.3920 -0.1483 -0.9079
vn 0.4304 -0.4718 -0.7695
vn 0.0569 -0.1417 -0.9883
vn 0.1030 -0.3636 -0.9258
vn 0.0213 -0.1665 -0.9858
vn -0.0523 -0.3233 -0.9448
vn -0.0706 -0.4224 -0.9037
vn -0.1451 -0.2508 -0.9571
vn -0.1743 0.1584 -0.9719
vn 0.0141 0.1030 -0.9946
vn -0.1668 -0.0360 -0.9853
vn -0.0769 -0.0659 -0.9949
vn -0.1042 -0.2070 -0.9728
vn 0.1610 -0.3310 -0.9298
vn -0.0516 -0.1305 -0.9901
vn -0.0631 0.0336 -0.9974
vn 0.0863 0.1227 -0.9887
vn 0.1175 0.0912 -0.9889
vn 0.0154 -0.1024 -0.9946
vn -0.1667 -0.1164 -0.9791
vn -0.0715 0.0827 -0.9940
vn 0.1850 -0.0069 -0.9827
vn 0.4136 0.1011 -0.9048
vn 0.8278 0.0206 -0.5607
vn 0.9248 0.1243 -0.3595
vn 0.9776 0.1624 -0.1339
vn 0.9939 0.0928 0.0589
vn 0.9932 0.0239 0.1139
vn 0.8498 -0.0679 0.5227
vn 0.2200 -0.0435 0.9745
vn 0.0575 -0.1165 0.9915
vn 0.1430 -0.1190 0.9825
vn 0.2164 0.2488 0.9441
vn 0.5979 -0.0810 0.7975
vn 0.4732 -0.0792 0.8774
vn 0.9329 -0.2808 0.2256
vn 0.9793 -0.0316 0.2000
vn 0.9746 -0.2130 -0.0686
vn 0.9193 0.2442 -0.3086
vn 0.9761 -0.1292 -0.1746
vn 0.9544 0.1929 -0.2277
vn 0.9028 -0.1311 -0.4096
vn 0.9163 0.0226 -0.3999
vn 0.8376 -0.0172 -0.5460
vn 0.6866 0.2345 -0.6882
vn 0.3378 -0.0802 -0.9378
vn -0.0562 -0.1752 -0.9829
vn 0.1709 -0.0927 -0.9809
vn 0.3295 -0.1054 -0.9382
vn 0.8255 -0.0351 -0.5633
vn 0.9506 -0.0048 -0.3104
vn 0.9826 -0.1051 -0.1533
vn 0.9876 -0.1494 0.0490
vn 0.9604 -0.2497 0.1239
vn 0.6433 -0.2982 0.7051
vn -0.4724 0.1211 -0.8730
vn -0.6503 0.1072 -0.7521
vn -0.2684 -0.3869 -0.8822
vn -0.4060 -0.3394 -0.8485
vn -0.5629 -0.4045 -0.7208
vn -0.6793 -0.0615 -0.7313
vn -0.7455 -0.1524 0.6489
vn 0.0395 -0.9828 -0.1805
vn -0.1648 -0.0138 0.9862
vn 0.9602 -0.2656 -0.0864
vn 0.9602 -0.2655 -0.0864
vn -0.7916 -0.0085 -0.6109
vn 0.0000 -0.0304 -0.9995
vn -0.1165 -0.1748 0.9777
vn 0.2115 -0.1366 0.9678
vn 0.6514 -0.0752 0.7550
vn 0.9369 -0.0251 0.3486
vn 0.9983 0.0262 0.0515
vn 0.9650 0.0320 -0.2602
vn 0.6831 0.0559 -0.7282
vn 0.1732 0.0921 -0.9806
vn -0.0518 0.0596 -0.9969
vn 0.0243 0.0340 -0.9991
vn 0.0495 -0.0421 -0.9979
vn 0.0213 -0.1666 -0.9858
vn 0.2070 -0.0146 -0.9782
vn 0.6267 0.1381 -0.7669
vn 0.7323 0.0322 -0.6803
vn 0.9409 0.1898 -0.2806
vn 0.9581 -0.1194 -0.2603
vn 0.9775 0.1862 0.0987
vn 0.9032 0.2061 0.3764
vn 0.7717 -0.0082 0.6360
vn 0.5160 0.2477 0.8200
vn 0.1907 -0.0486 0.9804
vn 0.1024 0.2208 0.9699
vn -0.1536 0.1677 0.9738
vn -0.0674 -0.3028 0.9507
vn 0.2331 0.1695 0.9576
vn 0.2540 -0.0095 0.9671
vn 0.8838 -0.0971 0.4577
vn 0.1185 -0.1569 0.9805
vn -0.1652 -0.1394 0.9764
vn -0.5923 -0.1142 0.7976
vn -0.9319 -0.0366 0.3610
vn -0.9912 0.0182 0.1312
vn -0.9752 0.0274 -0.2194
vn -0.7725 0.0475 -0.6332
vn -0.2554 0.0924 -0.9624
vn 0.0550 0.0617 -0.9966
vn 0.6968 -0.0036 -0.7173
vn -0.0243 0.0340 -0.9991
vn -0.0495 -0.0421 -0.9979
vn -0.2070 -0.0146 -0.9782
vn -0.6267 0.1381 -0.7669
vn -0.9409 0.1898 -0.2806
vn -0.8964 0.0460 -0.4409
vn -0.9775 0.1862 0.0987
vn -0.9032 0.2062 0.3764
vn -0.5160 0.2477 0.8200
vn -0.1024 0.2208 0.9699
vn -0.0960 0.0657 0.9932
vn -0.5638 0.0878 0.8212
vn -0.9166 0.1187 0.3817
vn -0.9843 0.1509 0.0912
vn -0.9680 0.1166 -0.2220
vn -0.6844 0.1025 -0.7218
vn -0.1771 0.0486 -0.9830
vn -0.2540 -0.0095 0.9672
vn 0.1265 0.0489 0.9908
vn 0.6070 0.1082 0.7873
vn 0.9166 0.1187 0.3817
vn 0.9843 0.1510 0.0913
vn 0.9680 0.1166 -0.2220
vn 0.6844 0.1025 -0.7218
vn 0.1771 0.0486 -0.9830
vn 0.0395 -0.9828 -0.1804
vn 0.5711 0.0287 0.8204
vn 0.5218 0.0819 0.8491
vn 0.1716 0.1243 0.9773
vn 0.2048 0.1122 0.9723
vn 0.1131 0.1358 0.9843
vn 0.0826 0.1546 0.9845
vn 0.1167 0.1143 0.9866
vn 0.4867 0.0871 0.8692
vn 0.0709 0.1482 0.9864
vn 0.4110 0.1572 0.8980
vn 0.0090 0.2347 0.9720
vn 0.4700 0.2614 0.8431
vn 0.3145 0.4126 0.8549
vn -0.0290 0.4109 0.9112
vn -0.1043 0.3582 0.9278
vn -0.0788 0.2375 0.9682
vn 0.0012 0.1392 0.9903
vn 0.0760 0.1368 0.9877
vn 0.9121 -0.0285 0.4090
vn 0.9993 -0.0205 -0.0298
vn 0.9996 0.0265 0.0090
vn 0.8888 0.0502 0.4556
vn 0.9892 0.1462 0.0124
vn 0.8560 0.1611 0.4912
vn 0.9613 0.2753 0.0045
vn 0.8328 0.3125 0.4570
vn 0.9463 0.3227 0.0172
vn 0.8254 0.3417 0.4493
vn 0.8816 0.4211 0.2134
vn 0.5714 0.5017 0.6495
vn 0.9020 0.4285 0.0533
vn 0.0550 0.5274 0.8478
vn -0.0140 0.4990 0.8665
vn 0.0559 0.0483 0.9973
vn 0.1618 0.5749 0.8021
vn -0.0992 0.4723 0.8759
vn -0.1166 0.4711 0.8743
vn 0.9014 -0.0857 0.4244
vn 0.9054 -0.1508 -0.3969
vn 0.6995 -0.3202 -0.6389
vn 0.9370 -0.0301 -0.3479
vn 0.4049 -0.4163 -0.8141
vn 0.0802 -0.4053 -0.9107
vn 0.1439 -0.4819 -0.8643
vn -0.4427 -0.4032 -0.8009
vn -0.7540 -0.2767 -0.5957
vn -0.9088 -0.1233 -0.3985
vn -0.8887 -0.0395 -0.4569
vn 0.5440 0.0451 -0.8379
vn 0.4151 0.0857 -0.9058
vn 0.4174 0.0881 -0.9044
vn 0.5954 0.0695 -0.8004
vn 0.8345 0.0987 -0.5421
vn 0.4243 0.0903 -0.9010
vn 0.3572 -0.0105 -0.9340
vn 0.8202 0.1708 -0.5460
vn 0.3582 0.1025 -0.9280
vn 0.8136 0.2450 -0.5272
vn 0.4834 0.2399 -0.8419
vn 0.7130 0.3112 -0.6283
vn 0.7323 0.0321 -0.6803
vn 0.2361 0.2947 -0.9260
vn -0.4781 -0.7860 -0.3919
vn -0.2076 -0.9782 0.0053
vn -0.2732 -0.9164 -0.2926
vn -0.4941 0.8081 0.3207
vn -0.6151 -0.5615 -0.5535
vn -0.4481 0.8722 -0.1963
vn -0.5076 -0.7295 0.4584
vn -0.1095 0.9933 0.0380
vn -0.0254 0.9939 -0.1069
vn -0.3612 0.8771 -0.3167
vn -0.2463 0.8911 0.3812
vn -0.5831 -0.7213 -0.3738
vn -0.3373 -0.4171 0.8440
vn -0.1773 0.8375 -0.5168
vn -0.7416 0.5710 -0.3520
vn -0.8122 -0.0166 -0.5832
vn -0.3795 -0.3107 -0.8715
vn -0.2299 -0.9722 -0.0442
vn -0.2843 -0.9485 -0.1398
vn -0.2302 -0.9731 0.0052
vn -0.3621 -0.9314 0.0378
vn -0.9205 -0.3495 -0.1748
vn -0.4083 0.9053 -0.1172
vn -0.7943 0.6070 -0.0231
vn -0.9649 -0.1872 0.1843
vn -0.4461 0.8729 -0.1978
vn -0.5065 0.8543 0.1167
vn -0.9350 -0.1085 0.3375
vn -0.5517 0.8294 0.0877
vn -0.8803 -0.4590 -0.1199
vn -0.5808 0.5415 -0.6078
vn 0.2752 -0.2265 -0.9343
vn 0.1962 -0.8569 -0.4766
vn -0.6088 -0.7868 0.1013
vn -0.1346 -0.9733 0.1861
vn 0.6755 -0.6882 -0.2649
vn 0.6687 0.3125 -0.6746
vn 0.7273 0.6516 -0.2153
vn 0.8005 0.5221 -0.2944
vn 0.4927 0.8306 -0.2594
vn 0.7117 0.5927 -0.3772
vn 0.6782 -0.6217 -0.3919
vn 0.7326 -0.6202 -0.2804
vn -0.2221 -0.9627 0.1547
vn -0.3565 -0.9285 -0.1036
vn 0.0445 -0.9344 -0.3535
vn 0.0137 -0.4463 0.8948
vn -0.2092 0.7234 0.6580
vn -0.2742 0.6251 0.7308
vn -0.0412 -0.3371 0.9406
vn -0.0750 0.7573 0.6488
vn -0.2001 0.8224 0.5326
vn -0.0783 -0.9961 0.0414
vn -0.0171 -0.4586 -0.8885
vn -0.1838 0.6792 -0.7106
vn -0.1250 0.7459 -0.6542
vn 0.1092 -0.4008 -0.9096
vn 0.1913 -0.9661 0.1735
vn -0.0462 -0.5323 0.8453
vn -0.3473 0.5469 0.7618
vn -0.5360 -0.6920 0.4835
vn -0.7454 0.5132 0.4254
vn -0.8440 -0.1217 -0.5223
vn -0.3777 -0.5739 -0.7266
vn -0.2108 -0.9771 0.0275
vn 0.1853 -0.9782 0.0940
vn 0.0501 -0.5310 -0.8459
vn -0.2681 0.6292 -0.7295
vn -0.1311 0.6850 -0.7167
vn -0.1435 0.7811 -0.6077
vn 0.0314 -0.3661 0.9301
vn -0.0565 0.6684 0.7417
vn -0.1994 0.7581 0.6209
vn -0.1059 -0.2476 0.9631
vn -0.3156 0.7758 0.5465
vn -0.3060 0.7985 0.5184
vn 0.0388 -0.9976 0.0580
vn 0.1968 -0.9761 -0.0919
vn 0.1092 -0.4332 -0.8946
vn 0.1495 -0.3488 -0.9252
vn 0.2131 -0.9633 0.1635
vn -0.0895 -0.3685 0.9253
vn -0.4820 0.5994 0.6391
vn -0.7341 -0.3970 0.5510
vn -0.7217 0.6532 0.2290
vn -0.7229 0.1617 -0.6718
vn -0.6576 -0.5399 -0.5254
vn -0.2390 -0.9605 0.1424
vn 0.0128 -0.5383 -0.8427
vn -0.2741 0.6011 -0.7507
vn -0.2960 0.7101 -0.6389
vn -0.0388 0.8536 -0.5196
vn -0.1724 0.6543 -0.7363
vn -0.0380 0.6194 -0.7842
vn -0.0403 -0.4862 -0.8729
vn 0.0218 0.4012 -0.9157
vn 0.9113 0.1099 -0.3967
vn 0.9363 0.0000 -0.3511
vn 0.7506 0.2424 -0.6147
vn 0.5450 0.3114 -0.7785
vn 0.1463 0.3110 -0.9391
vn -0.0747 0.3104 -0.9477
vn -0.5699 0.2973 -0.7661
vn -0.7927 0.2070 -0.5734
vn -0.9130 0.0869 -0.3986
vn -0.8944 0.0000 -0.4472
vn 0.8222 -0.0358 -0.5681
vn 0.8583 -0.0392 -0.5116
vn 0.5007 0.0496 -0.8642
vn 0.8546 0.0202 -0.5188
vn 0.8985 0.3483 -0.2672
vn -0.3179 -0.9447 -0.0802
vn -0.3114 -0.9454 0.0958
vn -0.4707 -0.6579 0.5879
vn -0.6429 -0.5385 -0.5447
vn -0.2105 -0.9766 -0.0443
vn -0.1277 -0.5442 0.8292
vn -0.2262 -0.5326 0.8156
vn -0.1406 0.6777 0.7218
vn -0.2376 0.7035 0.6698
vn -0.1457 0.9828 0.1132
vn -0.4862 0.8532 -0.1887
vn -0.5256 0.8078 0.2668
vn -0.0068 0.9819 0.1891
vn 0.1327 0.4639 0.8759
vn 0.1753 -0.7526 0.6347
vn 0.1247 -0.9879 0.0923
vn -0.0110 -0.9830 0.1835
vn -0.1854 -0.9629 0.1960
vn 0.0330 -0.9968 -0.0726
vn 0.0763 -0.9920 0.1005
vn 0.3520 -0.7314 -0.5841
vn 0.1073 -0.9741 -0.1989
vn 0.1213 -0.9774 0.1734
vn 0.2882 -0.9107 0.2958
vn 0.1423 -0.3278 0.9340
vn 0.0074 0.6909 0.7229
vn -0.0640 0.9552 0.2888
vn -0.0439 0.9979 0.0471
vn -0.1103 0.9938 -0.0141
vn -0.1300 0.9826 0.1329
vn -0.1618 0.9862 -0.0339
vn -0.0512 0.9776 -0.2042
vn 0.2702 0.7933 -0.5456
vn 0.3274 0.8362 -0.4399
vn 0.7428 0.0886 -0.6636
vn 0.7816 -0.1642 -0.6017
vn 0.4448 -0.8222 -0.3551
vn -0.0165 -0.4272 -0.9040
vn 0.0612 -0.9981 -0.0053
vn -0.0050 -0.5245 0.8514
vn 0.0430 -0.4232 -0.9050
vn 0.0579 -0.9979 -0.0280
vn -0.0432 -0.3638 0.9305
vn -0.0601 0.5449 0.8363
vn 0.1877 -0.8269 0.5302
vn -0.0000 -1.0000 -0.0000
vn 0.6568 -0.6700 0.3459
vn -0.2411 -0.7243 0.6460
vn -0.5882 -0.7498 0.3030
vn -0.8497 -0.5166 0.1053
vn -0.6927 -0.7072 0.1415
vn -0.8603 -0.4928 -0.1305
vn -0.7463 -0.5021 -0.4369
vn -0.2356 -0.5592 -0.7948
vn 0.3860 -0.5623 -0.7313
vn 0.6893 -0.7047 -0.1680
vn 0.6909 -0.7078 0.1469
vn 0.6885 -0.7165 0.1120
vn 0.9494 -0.3139 -0.0095
vn 0.9816 -0.0675 -0.1786
vn 0.9294 -0.3001 -0.2149
vn 0.9102 0.1265 0.3943
vn 0.7457 0.0757 0.6620
vn 0.9326 0.0211 0.3602
vn 0.7432 0.0186 0.6688
vn 0.9862 -0.0924 0.1374
vn 0.8480 0.0291 0.5291
vn 0.9925 -0.1115 0.0503
vn 0.9751 -0.0805 0.2066
vn 0.9962 0.0560 -0.0661
vn 0.7208 0.1964 -0.6647
vn -0.0627 0.2759 -0.9591
vn -0.6525 0.3405 -0.6770
vn -0.9140 0.3303 -0.2356
vn -0.9301 0.3641 0.0476
vn -0.9321 0.3227 0.1644
vn -0.9477 0.2511 0.1972
vn -0.6281 0.0745 0.7746
vn 0.2568 -0.0685 0.9640
vn 0.2863 0.1958 0.9379
vn 0.2553 0.0463 0.9658
vn -0.5300 -0.1014 0.8419
vn -0.6317 -0.2017 0.7486
vn -0.9700 -0.1179 0.2124
vn -0.9622 -0.1743 0.2091
vn -0.9715 0.0959 -0.2168
vn -0.7371 0.4102 -0.5371
vn -0.9146 0.3954 -0.0847
vn -0.7732 0.6338 -0.0220
vn -0.6341 0.7467 -0.2010
vn -0.5279 0.7669 -0.3650
vn -0.1861 0.8222 -0.5379
vn 0.3212 0.7788 -0.5388
vn 0.8027 0.5174 -0.2966
vn 0.9217 0.3806 -0.0752
vn 0.9913 0.0494 -0.1219
vn 0.9828 0.1590 -0.0942
vn 0.7262 0.1968 -0.6587
vn 0.5596 0.7386 -0.3759
vn 0.3515 0.8792 -0.3217
vn -0.0689 0.9401 -0.3340
vn -0.1843 0.9485 -0.2575
vn -0.3620 0.8395 -0.4053
vn -0.1064 0.5047 -0.8567
vn -0.0363 0.8696 -0.4924
vn -0.9282 0.2774 0.2482
vn -0.4917 0.2559 0.8323
vn -0.6076 0.1323 0.7832
vn -0.9551 0.0755 0.2864
vn -0.7461 -0.5375 0.3929
vn -0.1464 -0.8986 0.4136
vn -0.8321 -0.5546 -0.0084
vn -0.6885 -0.7165 0.1120
vn -0.6910 -0.7078 0.1470
vn -0.8166 -0.5418 -0.1990
vn -0.3860 -0.5623 -0.7313
vn 0.2356 -0.5592 -0.7948
vn 0.7463 -0.5021 -0.4369
vn 0.7335 -0.6705 -0.1113
vn 0.8174 -0.5514 0.1670
vn 0.7225 -0.6856 0.0895
vn 0.5882 -0.7498 0.3030
vn 0.2889 -0.5631 0.7742
vn 0.9432 -0.2340 0.2359
vn 0.9780 -0.1010 0.1825
vn 0.9559 -0.2603 -0.1359
vn 0.9447 -0.1586 -0.2871
vn 0.7190 0.2927 -0.6303
vn -0.1649 0.4323 -0.8865
vn -0.7741 0.3033 -0.5557
vn -0.9987 0.0143 -0.0491
vn -0.9477 0.0462 0.3157
vn -0.7457 0.0757 0.6620
vn -0.9461 0.0172 0.3235
vn -0.7432 0.0186 0.6688
vn -0.9862 -0.0924 0.1374
vn -0.8480 0.0291 0.5291
vn -0.9925 -0.1115 0.0503
vn -0.9751 -0.0805 0.2066
vn -0.9892 0.0810 -0.1225
vn -0.5903 0.2668 -0.7618
vn 0.1584 0.2937 -0.9427
vn 0.7186 0.3330 -0.6105
vn 0.9145 0.3709 -0.1617
vn 0.9377 0.3423 0.0600
vn 0.9532 0.2619 0.1511
vn 0.9324 0.2188 0.2878
vn 0.5601 0.0068 0.8284
vn -0.2568 -0.0685 0.9640
vn -0.2863 0.1958 0.9379
vn -0.3288 0.0586 0.9426
vn 0.5495 0.1112 0.8281
vn 0.9712 0.0871 0.2217
vn 0.9784 0.0856 -0.1881
vn 0.8845 0.4624 -0.0622
vn 0.9243 0.3306 0.1909
vn 0.5391 0.2918 0.7901
vn 0.7212 0.6911 -0.0479
vn 0.6232 0.7556 -0.2018
vn 0.3776 0.8246 -0.4213
vn 0.0423 0.8164 -0.5759
vn -0.5474 0.6585 -0.5164
vn -0.7668 0.5906 -0.2515
vn -0.3306 0.9001 -0.2836
vn 0.0204 0.9413 -0.3369
vn 0.2218 0.9295 -0.2948
vn 0.5318 0.8020 -0.2721
vn 0.1116 0.8627 -0.4933
vn -0.3842 0.8039 -0.4541
vn -0.9297 0.3550 -0.0980
vn -0.9974 -0.0534 -0.0493
vn 0.3748 0.0893 -0.9228
vn 0.2638 0.1144 -0.9578
vn 0.1587 0.0253 -0.9870
vn 0.1025 -0.0261 -0.9944
vn 0.0860 0.2601 -0.9617
vn 0.0534 0.3209 -0.9456
vn 0.9976 -0.0670 0.0192
vn -0.3284 0.6752 0.6605
vn -0.1103 0.6155 0.7804
vn 0.0455 -0.4665 0.8833
vn -0.0414 0.5944 0.8031
vn -0.0806 -0.7221 0.6871
vn -0.3385 0.5091 0.7913
vn -0.5167 -0.8419 0.1559
vn -0.8592 0.4136 0.3014
vn -0.6975 -0.0551 -0.7145
vn -0.4262 -0.7270 -0.5383
vn -0.2163 -0.9695 -0.1149
vn -0.1053 -0.9870 -0.1213
vn -0.0076 -0.5059 -0.8626
vn -0.2564 0.7061 -0.6600
vn -0.0270 0.9133 -0.4064
vn -0.0469 0.9283 -0.3690
vn -0.2517 0.7057 -0.6623
vn -0.2560 0.7969 -0.5471
vn 0.1253 -0.1883 -0.9741
vn 0.2296 -0.9730 -0.0244
vn -0.0818 0.4359 0.8962
vn -0.2468 0.5684 0.7849
vn 0.0076 -0.4487 0.8936
vn -0.1062 0.7834 0.6124
vn -0.1042 0.5988 0.7941
vn -0.0548 -0.5537 0.8309
vn -0.4103 0.5105 0.7556
vn -0.5944 -0.6161 0.5168
vn -0.7798 0.5014 0.3748
vn -0.8098 -0.0083 -0.5866
vn -0.4964 -0.7179 -0.4881
vn -0.3029 -0.9225 0.2392
vn -0.0786 -0.9937 -0.0798
vn -0.0111 -0.3591 -0.9332
vn -0.3079 0.6954 -0.6493
vn -0.2576 0.8196 -0.5117
vn -0.0325 0.8806 -0.4727
vn -0.2498 0.6595 -0.7090
vn -0.2249 0.8033 -0.5514
vn 0.1026 -0.2083 -0.9727
vn 0.2152 -0.9760 -0.0347
usemtl None.007
s 1
f 131/160/131 132/161/132 133/162/133
f 132/161/132 131/160/131 134/163/134
f 133/164/133 135/165/135 136/166/136
f 135/165/135 133/164/133 132/167/132
f 137/168/137 138/169/138 139/170/139
f 139/170/139 140/171/140 137/168/137
f 140/171/140 139/170/139 141/172/141
f 141/172/141 142/173/142 140/171/140
f 142/173/142 141/172/141 143/174/143
f 143/174/143 144/175/144 142/173/142
f 144/175/144 143/174/143 145/176/145
f 144/175/144 145/176/145 146/177/146
f 144/175/144 146/177/146 147/178/147
f 147/178/147 142/173/142 144/175/144
f 142/173/142 147/178/147 148/179/148
f 148/179/148 140/171/140 142/173/142
f 140/171/140 148/179/148 149/180/149
f 149/180/149 137/168/137 140/171/140
f 150/181/150 146/177/146 145/176/145
f 146/177/146 150/181/150 151/182/151
f 151/182/151 152/183/152 146/177/146
f 152/183/152 151/182/151 153/184/153
f 153/184/153 154/185/154 152/183/152
f 154/185/154 153/184/153 155/186/155
f 155/186/155 156/187/156 154/185/154
f 155/186/155 157/188/157 156/187/156
f 155/186/155 158/189/158 157/188/157
f 155/186/155 159/190/159 158/189/158
f 159/190/159 155/186/155 153/184/153
f 153/184/153 160/191/160 159/190/159
f 160/191/160 153/184/153 151/182/151
f 151/182/151 161/192/161 160/191/160
f 161/192/161 151/182/151 150/181/150
f 161/192/161 150/181/150 162/193/162
f 162/193/162 160/191/160 161/192/161
f 163/194/163 164/195/164 165/196/165
f 165/196/165 166/197/166 163/194/163
f 166/197/166 165/196/165 167/198/167
f 167/198/167 168/199/168 166/197/166
f 168/199/168 167/198/167 169/200/169
f 168/199/168 169/200/169 170/201/170
f 168/199/168 170/201/170 171/202/171
f 171/202/171 172/203/172 168/199/168
f 172/203/172 171/202/171 173/204/173
f 173/204/173 174/205/174 172/203/172
f 174/205/174 173/204/173 175/206/175
f 175/206/175 176/207/176 174/205/174
f 176/207/176 175/206/175 177/208/177
f 177/208/177 178/209/178 176/207/176
f 178/209/178 177/208/177 179/210/179
f 179/210/179 180/211/180 178/209/178
f 180/211/180 179/210/179 181/212/181
f 181/212/181 182/213/182 180/211/180
f 182/213/182 181/212/181 183/214/183
f 183/214/183 184/215/184 182/213/182
f 184/215/184 183/214/183 185/216/185
f 185/216/185 186/217/186 184/215/184
f 186/217/186 185/216/185 187/218/187
f 187/218/187 188/219/188 186/217/186
f 188/219/188 187/218/187 189/220/189
f 189/220/189 190/221/190 188/219/188
f 190/221/190 189/220/189 191/222/191
f 190/221/190 191/222/191 192/223/192
f 192/223/192 193/224/193 190/221/190
f 193/224/193 192/223/192 194/225/194
f 194/225/194 195/226/195 193/224/193
f 195/226/195 194/225/194 196/227/196
f 196/227/196 197/228/197 195/226/195
f 197/228/197 196/227/196 162/193/162
f 197/228/197 162/193/162 150/181/150
f 150/181/150 195/226/195 197/228/197
f 195/226/195 150/181/150 145/176/145
f 145/176/145 193/224/193 195/226/195
f 193/224/193 145/176/145 143/174/143
f 193/224/193 143/174/143 198/229/198
f 198/229/198 190/221/190 193/224/193
f 190/221/190 198/229/198 199/230/199
f 199/230/199 188/219/188 190/221/190
f 188/219/188 199/230/199 200/231/200
f 200/231/200 186/217/186 188/219/188
f 186/217/186 200/231/200 201/232/201
f 201/232/201 184/215/184 186/217/186
f 184/215/184 201/232/201 202/233/202
f 202/233/202 182/213/182 184/215/184
f 182/213/182 202/233/202 203/234/203
f 203/234/203 180/211/180 182/213/182
f 180/211/180 203/234/203 204/235/204
f 204/235/204 178/209/178 180/211/180
f 178/209/178 204/235/204 205/236/205
f 205/236/205 176/207/176 178/209/178
f 176/207/176 205/236/205 206/237/206
f 206/237/206 174/205/174 176/207/176
f 174/205/174 206/237/206 207/238/207
f 207/238/207 172/203/172 174/205/174
f 172/203/172 207/238/207 208/239/208
f 208/239/208 168/199/168 172/203/172
f 208/239/208 166/197/166 168/199/168
f 166/197/166 208/239/208 209/240/209
f 209/240/209 163/194/163 166/197/166
f 208/239/208 210/241/210 209/240/209
f 210/241/210 208/239/208 207/238/207
f 207/238/207 211/242/211 210/241/210
f 211/242/211 207/238/207 206/237/206
f 206/237/206 212/243/212 211/242/211
f 212/243/212 206/237/206 205/236/205
f 205/236/205 213/244/213 212/243/212
f 213/244/213 205/236/205 204/235/204
f 204/235/204 214/245/214 213/244/213
f 214/245/214 204/235/204 203/234/203
f 203/234/203 215/246/215 214/245/214
f 215/246/215 203/234/203 202/233/202
f 202/233/202 138/169/138 215/246/215
f 138/169/138 202/233/202 201/232/201
f 138/169/138 201/232/201 200/231/200
f 200/231/200 139/170/139 138/169/138
f 139/170/139 200/231/200 199/230/199
f 199/230/199 141/172/141 139/170/139
f 141/172/141 199/230/199 198/229/198
f 198/229/198 143/174/143 141/172/141
f 216/247/216 217/248/217 218/249/218
f 218/249/218 219/250/219 216/247/216
f 219/250/219 218/249/218 220/251/220
f 219/250/219 220/251/220 221/252/221
f 221/252/221 222/253/222 219/250/219
f 222/253/222 221/252/221 223/254/223
f 222/253/222 223/254/223 224/255/224
f 222/253/222 224/255/224 225/256/225
f 222/253/222 225/256/225 226/257/226
f 222/253/222 226/257/226 227/258/227
f 227/258/227 219/250/219 222/253/222
f 219/250/219 227/258/227 228/259/228
f 228/259/228 216/247/216 219/250/219
f 229/260/229 230/261/230 231/262/231
f 230/261/230 229/260/229 232/263/232
f 232/263/232 233/264/233 230/261/230
f 232/263/232 223/254/223 233/264/233
f 223/254/223 232/263/232 229/260/229
f 229/260/229 224/255/224 223/254/223
f 233/264/233 223/254/223 221/252/221
f 221/252/221 234/265/234 233/264/233
f 234/265/234 221/252/221 220/251/220
f 235/266/235 236/267/236 237/268/237
f 237/268/237 238/269/238 235/266/235
f 238/269/238 237/268/237 239/270/239
f 239/270/239 240/271/240 238/269/238
f 240/271/240 239/270/239 241/272/241
f 241/272/241 242/273/242 240/271/240
f 242/273/242 241/272/241 243/274/243
f 243/274/243 244/275/244 242/273/242
f 244/275/244 243/274/243 245/276/245
f 245/276/245 246/277/246 244/275/244
f 246/277/246 245/276/245 247/278/247
f 247/278/247 248/279/248 246/277/246
f 248/279/248 247/278/247 249/280/249
f 249/280/249 250/281/250 248/279/248
f 250/281/250 249/280/249 251/282/251
f 251/282/251 252/283/252 250/281/250
f 252/283/252 251/282/251 253/284/253
f 253/284/253 254/285/254 252/283/252
f 254/285/254 253/284/253 255/286/255
f 255/286/255 256/287/256 254/285/254
f 256/287/256 255/286/255 257/288/257
f 257/288/257 258/289/258 256/287/256
f 258/289/258 257/288/257 236/290/236
f 236/290/236 235/291/235 258/289/258
f 259/292/259 260/293/260 261/294/261
f 261/294/261 262/295/262 259/292/259
f 262/295/262 261/294/261 263/296/263
f 263/296/263 264/297/264 262/295/262
f 264/297/264 263/296/263 265/298/265
f 265/298/265 266/299/266 264/297/264
f 266/299/266 265/298/265 267/300/267
f 267/300/267 268/301/268 266/299/266
f 268/301/268 267/300/267 269/302/269
f 269/302/269 270/303/270 268/301/268
f 260/304/260 259/305/259 271/306/271
f 271/306/271 272/307/272 260/304/260
f 272/307/272 271/306/271 273/308/273
f 273/308/273 274/309/274 272/307/272
f 275/310/275 276/311/276 277/312/277
f 277/312/277 278/313/278 275/310/275
f 278/313/278 277/312/277 279/314/279
f 279/314/279 280/315/280 278/313/278
f 279/314/279 281/316/281 280/315/280
f 281/316/281 279/314/279 282/317/282
f 282/317/282 283/318/283 281/316/281
f 283/318/283 282/317/282 284/319/284
f 284/319/284 285/320/285 283/318/283
f 285/320/285 284/319/284 286/321/286
f 286/321/286 287/322/287 285/320/285
f 287/322/287 286/321/286 288/323/288
f 288/323/288 289/324/289 287/322/287
f 289/324/289 288/323/288 290/325/290
f 290/325/290 291/326/291 289/324/289
f 291/326/291 290/325/290 292/327/292
f 292/327/292 293/328/293 291/326/291
f 293/328/293 292/327/292 294/329/294
f 294/329/294 295/330/295 293/328/293
f 295/330/295 294/329/294 296/331/296
f 296/331/296 297/332/297 295/330/295
f 297/332/297 296/331/296 298/333/298
f 298/333/298 275/334/275 297/332/297
f 275/334/275 298/333/298 276/335/276
f 299/336/299 300/337/300 301/338/301
f 300/337/300 299/336/299 302/339/302
f 302/339/302 303/340/303 300/337/300
f 303/340/303 302/339/302 304/341/304
f 304/341/304 305/342/305 303/340/303
f 305/342/305 304/341/304 306/343/306
f 307/344/307 308/345/308 309/346/309
f 309/346/309 310/347/310 307/344/307
f 310/347/310 309/346/309 311/348/311
f 311/348/311 312/349/312 310/347/310
f 313/350/313 314/351/314 315/352/315
f 314/351/314 313/350/313 316/353/316
f 316/353/316 317/354/317 314/351/314
f 317/354/317 316/353/316 318/355/318
f 319/356/319 320/357/320 321/358/321
f 320/357/320 319/356/319 322/359/322
f 322/359/322 323/360/323 320/357/320
f 323/360/323 322/359/322 324/361/324
f 325/362/325 326/363/326 319/364/319
f 326/363/326 325/362/325 327/365/327
f 327/365/327 328/366/328 326/363/326
f 328/366/328 327/365/327 329/367/329
f 330/368/330 331/369/331 325/370/325
f 331/369/331 330/368/330 332/371/332
f 332/371/332 333/372/333 331/369/331
f 333/372/333 332/371/332 334/373/334
f 335/374/335 336/375/336 330/376/330
f 336/375/336 335/374/335 337/377/337
f 337/377/337 338/378/338 336/375/336
f 338/378/338 337/377/337 339/379/338
f 340/380/339 341/381/340 342/382/341
f 341/381/340 340/380/339 343/383/342
f 343/383/342 344/384/343 341/381/340
f 344/384/343 343/383/342 345/385/344
f 346/386/345 347/387/346 348/388/347
f 347/387/346 346/386/345 349/389/348
f 349/389/348 350/390/349 347/387/346
f 350/390/349 349/389/348 351/391/350
f 352/392/351 353/393/352 354/394/353
f 354/394/353 355/395/354 352/392/351
f 355/395/354 354/394/353 356/396/355
f 356/396/355 357/397/356 355/395/354
f 358/398/357 359/399/358 360/400/359
f 360/400/359 361/401/360 358/398/357
f 361/401/360 360/400/359 362/402/361
f 362/402/361 363/403/362 361/401/360
f 364/404/363 365/405/364 366/406/365
f 366/406/365 367/407/366 364/404/363
f 367/407/366 366/406/365 368/408/367
f 368/408/367 369/409/368 367/407/366
f 370/410/369 364/411/363 371/412/370
f 371/412/370 372/413/371 370/410/369
f 372/413/371 371/412/370 373/414/372
f 373/414/372 374/415/373 372/413/371
f 375/416/374 376/417/375 377/418/376
f 376/417/375 375/416/374 378/419/377
f 378/419/377 379/420/378 376/417/375
f 379/420/378 378/419/377 380/421/379
f 381/422/380 375/423/381 382/424/382
f 382/424/382 383/425/383 381/422/380
f 383/425/383 382/424/382 384/426/384
f 384/426/384 385/427/384 383/425/383
f 386/428/385 381/429/380 387/430/386
f 387/430/386 388/431/387 386/428/385
f 388/431/387 387/430/386 389/432/388
f 389/432/388 390/433/389 388/431/387
f 335/374/335 386/434/385 391/435/390
f 391/435/390 392/436/391 335/374/335
f 392/436/391 391/435/390 393/437/338
f 393/437/338 394/438/338 392/436/391
f 395/439/392 396/440/393 397/441/394
f 396/440/393 395/439/392 398/442/395
f 398/442/395 399/443/396 396/440/393
f 399/443/396 398/442/395 400/444/397
f 401/445/398 402/446/399 403/447/400
f 403/447/400 210/241/210 401/445/398
f 403/447/400 209/240/209 210/241/210
f 209/240/209 403/447/400 404/448/401
f 404/448/401 163/194/163 209/240/209
f 404/448/401 164/195/164 163/194/163
f 404/448/401 405/449/402 164/195/164
f 404/448/401 406/450/403 405/449/402
f 406/450/403 404/448/401 403/447/400
f 406/450/403 403/447/400 402/446/399
f 402/446/399 407/451/404 406/450/403
f 407/451/404 402/446/399 408/452/405
f 407/451/404 408/452/405 152/453/152
f 407/451/404 152/453/152 154/454/154
f 154/454/154 409/455/406 407/451/404
f 409/455/406 154/454/154 156/456/156
f 409/455/406 156/456/156 157/457/157
f 409/455/406 157/457/157 410/458/407
f 410/458/407 406/450/403 409/455/406
f 406/450/403 410/458/407 405/449/402
f 407/451/404 409/455/406 406/450/403
f 217/459/217 411/460/408 412/461/409
f 411/460/408 217/459/217 216/462/216
f 216/462/216 413/463/410 411/460/408
f 413/463/410 216/462/216 228/464/228
f 228/464/228 414/465/411 413/463/410
f 414/465/411 228/464/228 227/466/227
f 227/466/227 415/467/412 414/465/411
f 415/467/412 227/466/227 226/468/226
f 415/467/412 226/468/226 416/469/413
f 416/469/413 417/470/414 415/467/412
f 417/470/414 416/469/413 418/471/415
f 418/471/415 419/472/416 417/470/414
f 419/472/416 418/471/415 420/473/417
f 420/473/417 421/474/418 419/472/416
f 421/474/418 420/473/417 422/475/419
f 422/475/419 423/476/420 421/474/418
f 423/476/420 422/475/419 424/477/421
f 424/477/421 425/478/422 423/476/420
f 425/478/422 424/477/421 426/479/423
f 426/479/423 427/480/424 425/478/422
f 427/480/424 426/479/423 428/481/425
f 428/481/425 429/482/426 427/480/424
f 429/482/426 428/481/425 430/483/427
f 430/483/427 431/484/428 429/482/426
f 431/484/428 430/483/427 432/485/429
f 432/485/429 433/486/430 431/484/428
f 433/486/430 432/485/429 434/487/431
f 433/486/430 434/487/431 435/488/432
f 435/488/432 436/489/433 433/486/430
f 436/489/433 435/488/432 437/490/434
f 437/490/434 438/491/435 436/489/433
f 438/491/435 437/490/434 439/492/436
f 439/492/436 440/493/437 438/491/435
f 440/493/437 439/492/436 441/494/438
f 440/493/437 441/494/438 442/495/439
f 442/495/439 443/496/440 440/493/437
f 443/496/440 442/495/439 444/497/441
f 443/496/440 444/497/441 445/498/442
f 443/496/440 445/498/442 446/499/443
f 446/499/443 440/493/437 443/496/440
f 440/493/437 446/499/443 447/500/444
f 447/500/444 438/491/435 440/493/437
f 438/491/435 447/500/444 448/501/445
f 448/501/445 436/489/433 438/491/435
f 448/501/445 433/486/430 436/489/433
f 433/486/430 448/501/445 449/502/446
f 449/502/446 431/484/428 433/486/430
f 431/484/428 449/502/446 450/503/447
f 450/503/447 429/482/426 431/484/428
f 429/482/426 450/503/447 451/504/448
f 451/504/448 427/480/424 429/482/426
f 427/480/424 451/504/448 452/505/449
f 452/505/449 425/478/422 427/480/424
f 425/478/422 452/505/449 453/506/450
f 453/506/450 423/476/420 425/478/422
f 423/476/420 453/506/450 454/507/451
f 454/507/451 421/474/418 423/476/420
f 421/474/418 454/507/451 455/508/452
f 455/508/452 419/472/416 421/474/418
f 419/472/416 455/508/452 456/509/453
f 456/509/453 417/470/414 419/472/416
f 417/470/414 456/509/453 457/510/454
f 457/510/454 415/467/412 417/470/414
f 457/510/454 414/465/411 415/467/412
f 414/465/411 457/510/454 458/511/455
f 458/511/455 413/463/410 414/465/411
f 413/463/410 458/511/455 459/512/456
f 459/512/456 411/460/408 413/463/410
f 459/512/456 412/461/409 411/460/408
f 459/512/456 460/513/457 412/461/409
f 460/513/457 459/512/456 461/514/458
f 461/514/458 462/515/459 460/513/457
f 462/515/459 461/514/458 463/516/460
f 463/516/460 464/517/461 462/515/459
f 464/517/461 463/516/460 465/518/462
f 465/518/462 466/519/463 464/517/461
f 466/519/463 465/518/462 467/520/464
f 467/520/464 468/521/465 466/519/463
f 468/521/465 467/520/464 469/522/466
f 469/522/466 470/523/467 468/521/465
f 470/523/467 469/522/466 471/524/468
f 471/524/468 472/525/469 470/523/467
f 472/525/469 471/524/468 473/526/470
f 473/526/470 445/498/442 472/525/469
f 445/498/442 473/526/470 474/527/471
f 474/527/471 446/499/443 445/498/442
f 446/499/443 474/527/471 475/528/472
f 475/528/472 447/500/444 446/499/443
f 475/528/472 448/501/445 447/500/444
f 475/528/472 449/502/446 448/501/445
f 475/528/472 476/529/473 449/502/446
f 476/529/473 475/528/472 474/527/471
f 476/529/473 474/527/471 473/526/470
f 473/526/470 477/530/474 476/529/473
f 477/530/474 473/526/470 471/524/468
f 471/524/468 478/531/475 477/530/474
f 478/531/475 471/524/468 469/522/466
f 469/522/466 479/532/476 478/531/475
f 479/532/476 469/522/466 467/520/464
f 467/520/464 480/533/477 479/532/476
f 480/533/477 467/520/464 465/518/462
f 465/518/462 481/534/478 480/533/477
f 481/534/478 465/518/462 463/516/460
f 463/516/460 482/535/479 481/534/478
f 482/535/479 463/516/460 461/514/458
f 482/535/479 461/514/458 459/512/456
f 482/535/479 459/512/456 458/511/455
f 482/535/479 458/511/455 457/510/454
f 482/535/479 457/510/454 456/509/453
f 456/509/453 481/534/478 482/535/479
f 481/534/478 456/509/453 455/508/452
f 455/508/452 480/533/477 481/534/478
f 480/533/477 455/508/452 454/507/451
f 454/507/451 479/532/476 480/533/477
f 479/532/476 454/507/451 453/506/450
f 453/506/450 478/531/475 479/532/476
f 478/531/475 453/506/450 452/505/449
f 452/505/449 477/530/474 478/531/475
f 477/530/474 452/505/449 451/504/448
f 451/504/448 476/529/473 477/530/474
f 476/529/473 451/504/448 450/503/447
f 450/503/447 449/502/446 476/529/473
f 439/492/436 483/536/480 484/537/481
f 483/536/480 439/492/436 437/490/434
f 437/490/434 485/538/482 483/536/480
f 485/538/482 437/490/434 435/488/432
f 485/538/482 435/488/432 434/487/431
f 485/538/482 434/487/431 486/539/483
f 485/538/482 486/539/483 487/540/484
f 487/540/484 483/536/480 485/538/482
f 483/536/480 487/540/484 484/537/481
f 488/541/485 487/540/484 486/539/483
f 238/269/238 240/271/240 489/542/486
f 489/542/486 490/543/487 238/269/238
f 490/543/487 489/542/486 491/544/488
f 490/543/487 491/544/488 492/545/489
f 490/543/487 492/545/490 493/546/491
f 493/546/491 238/269/238 490/543/487
f 238/269/238 493/546/491 235/266/235
f 494/547/492 493/546/491 492/545/490
f 489/542/486 240/271/240 242/273/242
f 242/273/242 495/548/493 489/542/486
f 495/548/493 242/273/242 244/275/244
f 244/275/244 496/549/494 495/548/493
f 496/549/494 244/275/244 246/277/246
f 246/277/246 497/550/495 496/549/494
f 497/550/495 246/277/246 248/279/248
f 248/279/248 498/551/496 497/550/495
f 498/551/496 248/279/248 250/281/250
f 250/281/250 499/552/497 498/551/496
f 499/552/497 250/281/250 252/283/252
f 252/283/252 500/553/498 499/552/497
f 500/553/498 252/283/252 254/285/254
f 254/285/254 501/554/499 500/553/498
f 501/554/499 254/285/254 256/287/256
f 256/287/256 502/555/500 501/554/499
f 502/555/500 256/287/256 258/289/258
f 258/289/258 503/556/501 502/555/500
f 503/556/501 258/289/258 235/291/235
f 503/556/501 235/291/235 493/557/491
f 493/557/491 504/558/502 503/556/501
f 504/558/502 493/557/491 494/559/492
f 494/559/492 505/560/503 504/558/502
f 505/560/503 494/559/492 432/561/504
f 505/560/503 432/561/504 430/562/427
f 430/562/427 506/563/505 505/560/503
f 506/563/505 430/562/427 428/564/425
f 428/564/425 507/565/506 506/563/505
f 507/565/506 428/564/425 426/566/507
f 426/566/507 508/567/508 507/565/506
f 508/567/508 426/566/507 424/568/509
f 424/568/509 509/569/510 508/567/508
f 509/569/510 424/568/509 422/570/419
f 422/570/419 510/571/511 509/569/510
f 510/571/511 422/570/419 420/572/512
f 420/572/512 511/573/513 510/571/511
f 511/573/513 420/572/512 418/574/514
f 418/574/514 512/575/515 511/573/513
f 512/575/515 418/574/514 416/576/413
f 416/576/413 513/577/516 512/575/515
f 513/577/516 416/576/413 226/578/517
f 226/578/517 491/544/488 513/577/516
f 491/544/488 226/578/517 225/579/225
f 491/544/488 225/579/225 514/580/518
f 491/544/488 514/580/518 515/581/519
f 515/581/519 516/582/520 491/544/488
f 516/582/520 515/581/519 517/583/521
f 517/583/521 279/314/279 516/582/520
f 517/583/521 282/317/282 279/314/279
f 282/317/282 517/583/521 518/584/522
f 518/584/522 284/319/284 282/317/282
f 284/319/284 518/584/522 519/585/523
f 519/585/523 286/321/286 284/319/284
f 286/321/286 519/585/523 520/586/524
f 520/586/524 288/323/288 286/321/286
f 288/323/288 520/586/524 521/587/525
f 521/587/525 290/325/290 288/323/288
f 290/325/290 521/587/525 522/588/526
f 522/588/526 292/327/292 290/325/290
f 292/327/292 522/588/526 523/589/527
f 523/589/527 294/329/294 292/327/292
f 294/329/294 523/589/527 524/590/528
f 524/590/528 296/331/296 294/329/294
f 296/331/296 524/590/528 525/591/529
f 525/591/529 298/333/298 296/331/296
f 525/591/529 276/335/276 298/333/298
f 525/591/529 526/592/530 276/335/276
f 526/592/530 525/591/529 527/593/531
f 527/593/531 494/559/492 526/592/530
f 494/559/492 527/593/531 528/594/532
f 528/594/532 432/561/504 494/559/492
f 528/594/532 434/595/431 432/561/504
f 434/595/431 528/594/532 529/596/533
f 529/596/533 486/597/483 434/595/431
f 486/597/483 529/596/533 530/598/534
f 530/598/534 488/599/485 486/597/483
f 488/599/485 530/598/534 531/600/535
f 531/600/535 532/601/536 488/599/485
f 532/601/536 531/600/535 533/602/537
f 533/602/537 231/603/231 532/601/536
f 231/603/231 533/602/537 534/604/538
f 534/604/538 229/605/229 231/603/231
f 229/605/229 534/604/538 535/606/539
f 535/606/539 224/607/224 229/605/229
f 224/607/224 535/606/539 536/608/540
f 536/608/540 225/579/225 224/607/224
f 536/608/540 514/580/518 225/579/225
f 514/580/518 536/608/540 537/609/541
f 537/609/541 515/581/519 514/580/518
f 537/609/541 517/583/521 515/581/519
f 537/609/541 518/584/522 517/583/521
f 537/609/541 538/610/542 518/584/522
f 538/610/542 537/609/541 536/608/540
f 538/610/542 536/608/540 535/606/539
f 535/606/539 539/611/543 538/610/542
f 539/611/543 535/606/539 534/604/538
f 534/604/538 540/612/544 539/611/543
f 540/612/544 534/604/538 533/602/537
f 533/602/537 541/613/545 540/612/544
f 541/613/545 533/602/537 531/600/535
f 531/600/535 542/614/546 541/613/545
f 542/614/546 531/600/535 530/598/534
f 530/598/534 543/615/547 542/614/546
f 543/615/547 530/598/534 529/596/533
f 543/615/547 529/596/533 528/594/532
f 543/615/547 528/594/532 527/593/531
f 543/615/547 527/593/531 525/591/529
f 543/615/547 525/591/529 524/590/528
f 524/590/528 542/614/546 543/615/547
f 542/614/546 524/590/528 523/589/527
f 523/589/527 541/613/545 542/614/546
f 541/613/545 523/589/527 522/588/526
f 522/588/526 540/612/544 541/613/545
f 540/612/544 522/588/526 521/587/525
f 521/587/525 539/611/543 540/612/544
f 539/611/543 521/587/525 520/586/524
f 520/586/524 538/610/542 539/611/543
f 538/610/542 520/586/524 519/585/523
f 519/585/523 518/584/522 538/610/542
f 491/544/488 544/616/548 513/577/516
f 544/616/548 491/544/488 489/542/486
f 544/616/548 489/542/486 495/548/493
f 544/616/548 495/548/493 545/617/549
f 545/617/549 513/577/516 544/616/548
f 545/617/549 512/575/515 513/577/516
f 512/575/515 545/617/549 546/618/550
f 546/618/550 511/573/513 512/575/515
f 511/573/513 546/618/550 547/619/551
f 547/619/551 510/571/511 511/573/513
f 510/571/511 547/619/551 548/620/552
f 548/620/552 509/569/510 510/571/511
f 509/569/510 548/620/552 549/621/553
f 549/621/553 508/567/508 509/569/510
f 508/567/508 549/621/553 550/622/554
f 550/622/554 507/565/506 508/567/508
f 507/565/506 550/622/554 551/623/555
f 551/623/555 506/563/505 507/565/506
f 551/623/555 505/560/503 506/563/505
f 551/623/555 504/558/502 505/560/503
f 551/623/555 503/556/501 504/558/502
f 551/623/555 502/555/500 503/556/501
f 502/555/500 551/623/555 550/622/554
f 550/622/554 501/554/499 502/555/500
f 501/554/499 550/622/554 549/621/553
f 549/621/553 500/553/498 501/554/499
f 500/553/498 549/621/553 548/620/552
f 548/620/552 499/552/497 500/553/498
f 499/552/497 548/620/552 547/619/551
f 547/619/551 498/551/496 499/552/497
f 498/551/496 547/619/551 546/618/550
f 546/618/550 497/550/495 498/551/496
f 497/550/495 546/618/550 545/617/549
f 545/617/549 496/549/494 497/550/495
f 496/549/494 545/617/549 495/548/493
f 516/582/520 279/314/279 277/312/277
f 277/312/277 490/543/556 516/582/520
f 490/543/556 277/312/277 276/311/276
f 490/543/556 276/311/276 526/624/530
f 490/543/556 526/624/530 492/545/490
f 492/545/489 516/582/520 490/543/556
f 516/582/520 492/545/489 491/544/488
f 494/547/492 492/545/490 526/624/530
f 552/625/557 553/626/558 554/627/559
f 554/627/559 555/628/560 552/625/557
f 554/627/559 556/629/561 555/628/560
f 554/627/559 557/630/562 556/629/561
f 554/627/559 558/631/563 557/630/562
f 558/631/563 554/627/559 553/626/558
f 558/631/563 553/626/558 559/632/564
f 559/632/564 560/633/565 558/631/563
f 560/633/565 559/632/564 561/634/566
f 561/634/566 562/635/567 560/633/565
f 562/635/567 561/634/566 563/636/568
f 562/635/567 563/636/568 564/637/569
f 562/635/567 564/637/569 565/638/570
f 562/635/567 565/638/570 566/639/571
f 562/635/567 566/639/571 567/640/572
f 567/640/572 560/633/565 562/635/567
f 560/633/565 567/640/572 568/641/573
f 568/641/573 558/631/563 560/633/565
f 558/631/563 568/641/573 569/642/574
f 569/642/574 557/630/562 558/631/563
f 570/643/575 571/644/576 572/645/577
f 572/645/577 573/646/578 570/643/575
f 573/646/578 572/645/577 574/647/579
f 574/647/579 575/648/580 573/646/578
f 575/648/580 574/647/579 576/649/581
f 576/649/581 577/650/582 575/648/580
f 577/650/582 576/649/581 578/651/583
f 578/651/583 579/652/584 577/650/582
f 579/652/584 578/651/583 580/653/585
f 580/653/585 581/654/586 579/652/584
f 580/653/585 420/655/512 581/654/586
f 580/653/585 582/656/587 420/655/512
f 582/656/587 580/653/585 578/651/583
f 422/657/419 420/655/512 582/656/587
f 565/638/570 564/637/569 583/658/588
f 583/658/588 584/659/589 565/638/570
f 583/658/588 416/660/590 584/659/589
f 416/660/590 583/658/588 585/661/591
f 585/661/591 418/662/514 416/660/590
f 226/663/226 584/659/589 416/660/590
f 584/659/589 226/663/226 225/664/225
f 225/664/225 586/665/592 584/659/589
f 586/665/592 225/664/225 224/666/224
f 586/665/592 224/666/224 587/667/593
f 586/665/592 587/667/593 566/639/571
f 586/665/592 566/639/571 565/638/570
f 565/638/570 584/659/589 586/665/592
f 552/625/557 588/668/594 570/643/575
f 570/643/575 553/626/558 552/625/557
f 553/626/558 570/643/575 573/646/578
f 573/646/578 559/632/564 553/626/558
f 559/632/564 573/646/578 575/648/580
f 575/648/580 561/634/566 559/632/564
f 589/669/595 590/670/596 591/671/597
f 590/670/596 589/669/595 592/672/598
f 592/672/598 593/673/599 590/670/596
f 593/673/599 592/672/598 594/674/600
f 594/674/600 595/675/601 593/673/599
f 595/675/601 594/674/600 596/676/602
f 596/676/602 597/677/603 595/675/601
f 597/677/603 596/676/602 598/678/604
f 599/679/605 600/680/606 601/681/607
f 600/680/606 599/679/605 602/682/608
f 603/683/609 604/684/610 605/685/611
f 605/685/611 606/686/612 603/683/609
f 606/686/612 605/685/611 607/687/613
f 607/687/613 608/688/614 606/686/612
f 608/688/614 607/687/613 609/689/615
f 609/689/615 610/690/616 608/688/614
f 609/689/615 426/691/617 610/690/616
f 609/689/615 428/692/425 426/691/617
f 609/689/615 611/693/618 428/692/425
f 611/693/618 609/689/615 607/687/613
f 430/694/427 428/692/425 611/693/618
f 612/695/619 613/696/620 614/697/621
f 615/698/622 616/699/623 617/700/624
f 616/699/623 615/698/622 618/701/625
f 615/698/622 619/702/626 620/703/627
f 620/703/627 621/704/628 615/698/622
f 621/704/628 620/703/627 622/705/629
f 622/705/629 623/706/630 621/704/628
f 623/706/630 622/705/629 624/707/631
f 625/708/632 626/709/633 627/710/634
f 627/710/634 628/711/635 625/708/632
f 628/711/635 627/710/634 612/712/619
f 612/712/619 614/713/621 628/711/635
f 618/714/625 629/715/636 616/716/623
f 629/715/636 618/714/625 630/717/637
f 630/717/637 631/718/638 629/715/636
f 631/718/638 630/717/637 623/719/630
f 623/719/630 632/720/639 631/718/638
f 632/720/639 623/719/630 624/721/631
f 627/722/634 633/723/640 612/724/619
f 633/723/640 627/722/634 626/725/633
f 633/723/640 626/725/633 634/726/641
f 633/723/640 634/726/641 635/727/642
f 635/727/642 636/728/643 633/723/640
f 636/728/643 635/727/642 637/729/644
f 636/728/643 637/729/644 638/730/645
f 638/730/645 639/731/646 636/728/643
f 639/731/646 638/730/645 640/732/647
f 640/732/647 641/733/648 639/731/646
f 641/733/648 640/732/647 642/734/649
f 641/733/648 642/734/649 643/735/650
f 641/733/648 643/735/650 644/736/651
f 641/733/648 644/736/651 645/737/652
f 645/737/652 639/731/646 641/733/648
f 645/737/652 646/738/653 639/731/646
f 646/738/653 645/737/652 644/736/651
f 644/736/651 647/739/654 646/738/653
f 647/739/654 644/736/651 643/735/650
f 643/735/650 648/740/655 647/739/654
f 648/740/655 643/735/650 642/741/649
f 648/740/655 642/741/649 640/742/647
f 640/742/647 649/743/656 648/740/655
f 649/743/656 640/742/647 638/744/645
f 638/744/645 650/745/657 649/743/656
f 650/745/657 638/744/645 637/746/644
f 637/746/644 651/747/658 650/745/657
f 651/747/658 637/746/644 635/748/642
f 651/747/658 635/748/642 634/749/641
f 651/747/658 634/749/641 652/750/659
f 651/747/658 652/750/659 653/751/660
f 653/751/660 650/745/657 651/747/658
f 650/745/657 653/751/660 654/752/661
f 654/752/661 649/743/656 650/745/657
f 654/752/661 648/740/655 649/743/656
f 654/752/661 647/739/654 648/740/655
f 647/739/654 654/752/661 655/753/662
f 655/753/662 646/738/653 647/739/654
f 655/753/662 639/731/646 646/738/653
f 655/753/662 636/728/643 639/731/646
f 636/728/643 655/753/662 656/754/663
f 656/754/663 633/723/640 636/728/643
f 633/723/640 656/754/663 657/755/664
f 657/755/664 612/724/619 633/723/640
f 655/753/662 653/751/660 656/754/663
f 653/751/660 655/753/662 654/752/661
f 658/756/665 659/757/666 660/758/667
f 659/757/666 658/756/665 661/759/668
f 661/759/668 662/760/669 659/757/666
f 661/759/668 663/761/670 662/760/669
f 661/759/668 615/762/622 663/761/670
f 661/759/668 618/763/625 615/762/622
f 618/763/625 661/759/668 664/764/671
f 664/764/671 630/765/637 618/763/625
f 630/765/637 664/764/671 665/766/672
f 665/766/672 623/767/630 630/765/637
f 623/767/630 665/766/672 666/768/673
f 666/768/673 621/769/628 623/767/630
f 666/768/673 615/770/622 621/769/628
f 666/768/673 663/771/670 615/770/622
f 666/768/673 667/772/674 663/771/670
f 667/772/674 666/768/673 665/766/672
f 665/766/672 668/773/675 667/772/674
f 668/773/675 665/766/672 664/764/671
f 664/764/671 669/774/676 668/773/675
f 669/774/676 664/764/671 661/759/668
f 669/774/676 661/759/668 658/756/665
f 658/756/665 670/775/677 669/774/676
f 670/775/677 658/756/665 660/758/667
f 670/775/677 660/758/667 671/776/678
f 671/776/678 672/777/679 670/775/677
f 672/777/679 671/776/678 673/778/680
f 672/777/679 673/778/680 674/779/681
f 672/777/679 674/779/681 675/780/682
f 672/777/679 675/780/682 676/781/683
f 676/781/683 670/775/677 672/777/679
f 670/775/677 676/781/683 677/782/684
f 677/782/684 669/774/676 670/775/677
f 677/782/684 678/783/685 669/774/676
f 678/783/685 677/782/684 676/781/683
f 678/783/685 676/781/683 675/780/682
f 675/780/682 679/784/686 678/783/685
f 679/784/686 675/780/682 674/779/681
f 679/784/686 674/779/681 673/785/680
f 679/784/686 673/785/680 671/786/678
f 671/786/678 680/787/687 679/784/686
f 680/787/687 671/786/678 660/788/667
f 660/788/667 681/789/688 680/787/687
f 681/789/688 660/788/667 659/790/666
f 659/790/666 667/772/674 681/789/688
f 667/772/674 659/790/666 662/791/669
f 662/791/669 663/771/670 667/772/674
f 681/789/688 667/772/674 668/773/675
f 668/773/675 680/787/687 681/789/688
f 668/773/675 678/783/685 680/787/687
f 678/783/685 668/773/675 669/774/676
f 679/784/686 680/787/687 678/783/685
f 682/792/689 683/793/690 684/794/691
f 683/793/690 682/792/689 685/795/692
f 685/795/692 686/796/693 683/793/690
f 685/795/692 687/797/694 686/796/693
f 685/795/692 622/798/629 687/797/694
f 685/795/692 624/799/631 622/798/629
f 685/795/692 632/800/639 624/799/631
f 685/795/692 688/801/695 632/800/639
f 688/801/695 685/795/692 682/792/689
f 688/801/695 682/792/689 689/802/696
f 689/802/696 690/803/697 688/801/695
f 689/802/696 691/804/698 690/803/697
f 689/802/696 692/805/699 691/804/698
f 692/805/699 689/802/696 682/792/689
f 682/792/689 693/806/700 692/805/699
f 693/806/700 682/792/689 684/794/691
f 693/806/700 684/794/691 694/807/701
f 694/807/701 695/808/702 693/806/700
f 695/808/702 694/807/701 696/809/703
f 695/808/702 696/809/703 697/810/704
f 695/808/702 697/810/704 698/811/705
f 695/808/702 698/811/705 699/812/706
f 699/812/706 693/806/700 695/808/702
f 699/812/706 692/805/699 693/806/700
f 692/805/699 699/812/706 700/813/707
f 700/813/707 691/804/698 692/805/699
f 691/804/698 700/813/707 701/814/708
f 701/814/708 702/815/709 691/804/698
f 701/814/708 694/816/701 702/815/709
f 701/814/708 696/817/703 694/816/701
f 701/814/708 697/810/704 696/817/703
f 697/810/704 701/814/708 700/813/707
f 700/813/707 698/811/705 697/810/704
f 698/811/705 700/813/707 699/812/706
f 684/818/691 702/815/709 694/816/701
f 702/815/709 684/818/691 703/819/710
f 703/819/710 691/804/698 702/815/709
f 691/804/698 703/819/710 704/820/711
f 704/820/711 690/803/697 691/804/698
f 690/803/697 704/820/711 705/821/712
f 705/821/712 706/822/713 690/803/697
f 705/821/712 707/823/714 706/822/713
f 705/821/712 622/824/629 707/823/714
f 705/821/712 687/825/694 622/824/629
f 687/825/694 705/821/712 704/820/711
f 704/820/711 686/826/693 687/825/694
f 686/826/693 704/820/711 703/819/710
f 703/819/710 683/827/690 686/826/693
f 683/827/690 703/819/710 684/818/691
f 708/828/715 709/829/716 710/830/717
f 710/830/717 711/831/718 708/828/715
f 711/831/718 710/830/717 712/832/719
f 712/832/719 713/833/720 711/831/718
f 713/833/720 712/832/719 714/834/721
f 714/834/721 715/835/722 713/833/720
f 715/835/722 714/834/721 716/836/723
f 716/836/723 717/837/724 715/835/722
f 718/838/725 602/682/608 599/679/605
f 599/679/605 719/839/726 718/838/725
f 719/839/726 599/679/605 720/840/727
f 720/840/727 721/841/728 719/839/726
f 721/841/728 720/840/727 604/684/610
f 604/684/610 603/683/609 721/841/728
f 582/656/587 578/651/583 722/842/729
f 722/842/729 422/657/419 582/656/587
f 722/842/729 424/843/509 422/657/419
f 722/842/729 426/691/617 424/843/509
f 722/842/729 610/690/616 426/691/617
f 722/842/729 608/688/614 610/690/616
f 608/688/614 722/842/729 578/651/583
f 688/801/695 706/822/713 632/800/639
f 706/822/713 688/801/695 690/803/697
f 629/715/636 723/844/730 616/716/623
f 723/844/730 629/715/636 724/845/731
f 724/845/731 725/846/732 723/844/730
f 724/845/731 726/847/733 725/846/732
f 724/845/731 727/848/734 726/847/733
f 727/848/734 724/845/731 728/849/735
f 728/849/735 729/850/736 727/848/734
f 729/850/736 728/849/735 730/851/737
f 730/851/737 731/852/738 729/850/736
f 731/852/738 730/851/737 732/853/739
f 732/853/739 733/854/740 731/852/738
f 733/854/740 732/853/739 734/855/741
f 734/855/741 726/856/733 733/854/740
f 726/856/733 734/855/741 725/857/732
f 617/700/624 619/702/626 615/698/622
f 619/702/626 617/700/624 734/855/741
f 619/702/626 734/855/741 732/853/739
f 732/853/739 735/858/742 619/702/626
f 735/858/742 732/853/739 730/851/737
f 730/851/737 736/859/743 735/858/742
f 736/859/743 730/851/737 728/849/735
f 728/849/735 737/860/744 736/859/743
f 737/860/744 728/849/735 724/845/731
f 724/845/731 738/861/745 737/860/744
f 738/861/745 724/845/731 629/715/636
f 629/715/636 739/862/746 738/861/745
f 739/862/746 629/715/636 631/718/638
f 631/718/638 740/863/747 739/862/746
f 631/718/638 614/697/621 740/863/747
f 614/697/621 631/718/638 632/720/639
f 632/720/639 706/864/713 614/697/621
f 613/696/620 740/863/747 614/697/621
f 740/863/747 613/696/620 741/865/748
f 741/865/748 742/866/749 740/863/747
f 742/866/749 741/865/748 743/867/750
f 742/866/749 743/867/750 744/868/751
f 742/866/749 744/868/751 739/862/746
f 739/862/746 740/863/747 742/866/749
f 739/862/746 744/868/751 745/869/752
f 745/869/752 738/861/745 739/862/746
f 738/861/745 745/869/752 746/870/753
f 746/870/753 737/860/744 738/861/745
f 737/860/744 746/870/753 747/871/754
f 747/871/754 736/859/743 737/860/744
f 736/859/743 747/871/754 748/872/755
f 748/872/755 735/858/742 736/859/743
f 735/858/742 748/872/755 749/873/756
f 735/858/742 749/873/756 750/874/757
f 750/874/757 619/702/626 735/858/742
f 750/874/757 620/703/627 619/702/626
f 750/874/757 751/875/758 620/703/627
f 750/874/757 752/876/759 751/875/758
f 752/876/759 750/874/757 749/873/756
f 751/875/758 752/876/759 753/877/760
f 753/877/760 754/878/761 751/875/758
f 754/878/761 753/877/760 755/879/762
f 755/879/762 756/880/763 754/878/761
f 756/880/763 755/879/762 757/881/764
f 757/881/764 758/882/765 756/880/763
f 758/882/765 757/881/764 743/883/750
f 743/883/750 759/884/766 758/882/765
f 756/880/763 626/709/633 625/708/632
f 625/708/632 754/878/761 756/880/763
f 625/708/632 751/875/758 754/878/761
f 625/708/632 620/703/627 751/875/758
f 625/708/632 622/705/629 620/703/627
f 625/708/632 707/885/714 622/705/629
f 707/885/714 625/708/632 628/711/635
f 628/711/635 706/886/713 707/885/714
f 706/886/713 628/711/635 614/713/621
f 760/887/767 616/888/623 723/889/730
f 723/889/730 761/890/768 760/887/767
f 761/890/768 723/889/730 725/891/732
f 725/891/732 762/892/769 761/890/768
f 763/893/770 726/894/733 727/895/734
f 727/895/734 764/896/771 763/893/770
f 764/896/771 727/895/734 729/897/736
f 729/897/736 765/898/772 764/896/771
f 765/898/772 729/897/736 731/899/738
f 731/899/738 766/900/773 765/898/772
f 767/901/774 768/902/775 769/903/776
f 768/902/775 767/901/774 770/904/777
f 768/902/775 770/904/777 771/905/778
f 771/905/778 772/906/775 768/902/775
f 772/906/775 771/905/778 773/907/779
f 772/906/775 773/907/779 774/908/780
f 774/908/780 775/909/775 772/906/775
f 775/909/775 774/908/780 776/910/781
f 775/909/775 776/910/781 777/911/782
f 775/909/775 777/911/782 778/912/783
f 775/909/775 778/912/783 779/913/784
f 775/909/775 779/913/784 780/914/785
f 780/914/785 772/906/775 775/909/775
f 772/906/775 780/914/785 781/915/786
f 781/915/786 768/902/775 772/906/775
f 768/902/775 781/915/786 782/916/787
f 782/916/787 769/903/776 768/902/775
f 769/903/776 782/916/787 783/917/788
f 301/338/301 784/918/789 299/336/299
f 784/918/789 301/338/301 785/919/790
f 784/918/789 785/919/790 134/163/134
f 784/918/789 134/163/134 131/160/131
f 131/160/131 786/920/791 784/918/789
f 786/920/791 131/160/131 133/162/133
f 786/920/791 133/162/133 787/921/792
f 787/921/792 788/922/793 786/920/791
f 788/922/793 787/921/792 789/923/794
f 789/923/794 790/924/795 788/922/793
f 790/924/795 789/923/794 791/925/796
f 790/924/795 791/925/796 769/926/776
f 790/924/795 769/926/776 783/927/788
f 783/927/788 792/928/797 790/924/795
f 792/928/797 783/927/788 782/929/787
f 782/929/787 793/930/798 792/928/797
f 793/930/798 782/929/787 781/931/786
f 781/931/786 794/932/799 793/930/798
f 794/932/799 781/931/786 780/933/785
f 780/933/785 795/934/800 794/932/799
f 795/934/800 780/933/785 779/935/784
f 779/935/784 796/936/801 795/934/800
f 796/936/801 779/935/784 778/937/783
f 778/937/783 797/938/802 796/936/801
f 797/938/802 778/937/783 777/939/782
f 777/939/782 798/940/803 797/938/802
f 798/940/803 777/939/782 776/941/781
f 776/941/781 799/942/804 798/940/803
f 799/942/804 776/941/781 774/943/780
f 774/943/780 800/944/805 799/942/804
f 800/944/805 774/943/780 773/945/779
f 773/945/779 801/946/806 800/944/805
f 801/946/806 773/945/779 771/947/778
f 771/947/778 802/948/807 801/946/806
f 802/948/807 771/947/778 770/949/777
f 770/949/777 803/950/808 802/948/807
f 803/950/808 770/949/777 767/951/774
f 803/950/808 767/951/774 769/952/776
f 803/950/808 769/952/776 791/953/796
f 791/953/796 804/954/809 803/950/808
f 804/954/809 791/953/796 789/955/794
f 789/955/794 805/956/810 804/954/809
f 805/956/810 789/955/794 787/957/792
f 805/956/810 787/957/792 133/164/133
f 805/956/810 133/164/133 136/166/136
f 136/166/136 806/958/811 805/956/810
f 806/958/811 136/166/136 135/165/135
f 806/958/811 135/165/135 807/959/812
f 807/959/812 808/960/813 806/958/811
f 808/960/813 807/959/812 809/961/814
f 808/960/813 809/961/814 305/342/305
f 808/960/813 305/342/305 306/343/306
f 306/343/306 810/962/815 808/960/813
f 810/962/815 306/343/306 304/341/304
f 810/962/815 304/341/304 811/963/816
f 811/963/816 812/964/817 810/962/815
f 812/964/817 811/963/816 813/965/818
f 813/965/818 800/944/805 812/964/817
f 813/965/818 799/942/804 800/944/805
f 799/942/804 813/965/818 814/966/819
f 814/966/819 798/940/803 799/942/804
f 798/940/803 814/966/819 815/967/820
f 815/967/820 797/938/802 798/940/803
f 797/938/802 815/967/820 816/968/821
f 816/968/821 796/936/801 797/938/802
f 796/936/801 816/968/821 817/969/822
f 817/969/822 795/934/800 796/936/801
f 795/934/800 817/969/822 818/970/823
f 818/970/823 794/932/799 795/934/800
f 794/932/799 818/970/823 819/971/824
f 819/971/824 793/930/798 794/932/799
f 793/930/798 819/971/824 820/972/825
f 820/972/825 792/928/797 793/930/798
f 820/972/825 790/924/795 792/928/797
f 820/972/825 788/922/793 790/924/795
f 788/922/793 820/972/825 821/973/826
f 821/973/826 786/920/791 788/922/793
f 821/973/826 784/918/789 786/920/791
f 821/973/826 822/974/827 784/918/789
f 822/974/827 821/973/826 820/972/825
f 820/972/825 823/975/828 822/974/827
f 823/975/828 820/972/825 819/971/824
f 819/971/824 824/976/829 823/975/828
f 824/976/829 819/971/824 818/970/823
f 824/976/829 818/970/823 817/969/822
f 817/969/822 825/977/830 824/976/829
f 825/977/830 817/969/822 816/968/821
f 816/968/821 826/978/831 825/977/830
f 826/978/831 816/968/821 815/967/820
f 826/978/831 815/967/820 814/966/819
f 814/966/819 827/979/832 826/978/831
f 827/979/832 814/966/819 813/965/818
f 827/979/832 813/965/818 811/963/816
f 811/963/816 828/980/833 827/979/832
f 828/980/833 811/963/816 304/341/304
f 828/980/833 304/341/304 302/339/302
f 302/339/302 822/974/827 828/980/833
f 822/974/827 302/339/302 299/336/299
f 299/336/299 784/918/789 822/974/827
f 828/980/833 822/974/827 823/975/828
f 823/975/828 829/981/834 828/980/833
f 829/981/834 823/975/828 824/976/829
f 829/981/834 824/976/829 825/977/830
f 829/981/834 825/977/830 827/979/832
f 827/979/832 828/980/833 829/981/834
f 826/978/831 827/979/832 825/977/830
f 812/964/817 800/944/805 801/946/806
f 801/946/806 830/982/835 812/964/817
f 830/982/835 801/946/806 802/948/807
f 802/948/807 831/983/836 830/982/835
f 831/983/836 802/948/807 803/950/808
f 831/983/836 803/950/808 804/954/809
f 804/954/809 832/984/837 831/983/836
f 832/984/837 804/954/809 805/956/810
f 832/984/837 805/956/810 806/958/811
f 806/958/811 833/985/838 832/984/837
f 833/985/838 806/958/811 808/960/813
f 833/985/838 808/960/813 810/962/815
f 833/985/838 810/962/815 830/982/835
f 830/982/835 832/984/837 833/985/838
f 832/984/837 830/982/835 831/983/836
f 812/964/817 830/982/835 810/962/815
f 834/986/839 835/987/775 836/988/840
f 835/987/775 834/986/839 837/989/841
f 835/987/775 837/989/841 838/990/842
f 838/990/842 839/991/775 835/987/775
f 839/991/775 838/990/842 840/992/843
f 840/992/843 841/993/775 839/991/775
f 841/993/775 840/992/843 842/994/844
f 841/993/775 842/994/844 843/995/845
f 841/993/775 843/995/845 844/996/846
f 841/993/775 844/996/846 845/997/847
f 841/993/775 845/997/847 846/998/848
f 846/998/848 839/991/775 841/993/775
f 839/991/775 846/998/848 847/999/849
f 839/991/775 847/999/849 848/1000/850
f 848/1000/850 835/987/775 839/991/775
f 835/987/775 848/1000/850 849/1001/851
f 849/1001/851 836/988/840 835/987/775
f 836/988/840 849/1001/851 850/1002/852
f 273/308/273 851/1003/853 274/309/274
f 851/1003/853 273/308/273 852/1004/854
f 852/1004/854 853/1005/855 851/1003/853
f 853/1005/855 852/1004/854 854/1006/856
f 854/1006/856 269/302/269 853/1005/855
f 854/1006/856 270/303/270 269/302/269
f 270/303/270 854/1006/856 855/1007/857
f 855/1007/857 268/301/268 270/303/270
f 268/301/268 855/1007/857 856/1008/858
f 856/1008/858 266/299/266 268/301/268
f 266/299/266 856/1008/858 857/1009/859
f 857/1009/859 264/297/264 266/299/266
f 264/297/264 857/1009/859 858/1010/860
f 858/1010/860 262/295/262 264/297/264
f 262/295/262 858/1010/860 859/1011/861
f 859/1011/861 259/292/259 262/295/262
f 859/1011/861 860/1012/862 259/292/259
f 860/1012/862 859/1011/861 861/1013/863
f 861/1013/863 862/1014/864 860/1012/862
f 862/1014/864 861/1013/863 863/1015/865
f 863/1015/865 864/1016/866 862/1014/864
f 863/1015/865 834/1017/839 864/1016/866
f 863/1015/865 837/1018/841 834/1017/839
f 837/1018/841 863/1015/865 865/1019/867
f 865/1019/867 838/1020/842 837/1018/841
f 838/1020/842 865/1019/867 866/1021/868
f 866/1021/868 840/1022/843 838/1020/842
f 840/1022/843 866/1021/868 867/1023/869
f 867/1023/869 842/1024/844 840/1022/843
f 842/1024/844 867/1023/869 868/1025/870
f 868/1025/870 843/1026/845 842/1024/844
f 843/1026/845 868/1025/870 869/1027/871
f 869/1027/871 844/1028/846 843/1026/845
f 844/1028/846 869/1027/871 870/1029/872
f 870/1029/872 845/1030/847 844/1028/846
f 845/1030/847 870/1029/872 871/1031/873
f 871/1031/873 846/1032/848 845/1030/847
f 846/1032/848 871/1031/873 872/1033/874
f 872/1033/874 847/1034/849 846/1032/848
f 847/1034/849 872/1033/874 873/1035/875
f 873/1035/875 848/1036/850 847/1034/849
f 848/1036/850 873/1035/875 874/1037/876
f 874/1037/876 849/1038/851 848/1036/850
f 849/1038/851 874/1037/876 875/1039/877
f 875/1039/877 850/1040/852 849/1038/851
f 850/1040/852 875/1039/877 876/1041/878
f 876/1041/878 836/1042/840 850/1040/852
f 876/1041/878 834/1043/839 836/1042/840
f 876/1041/878 864/1044/866 834/1043/839
f 864/1044/866 876/1041/878 877/1045/879
f 877/1045/879 862/1046/864 864/1044/866
f 862/1046/864 877/1045/879 878/1047/880
f 878/1047/880 860/1048/862 862/1046/864
f 878/1047/880 259/305/259 860/1048/862
f 878/1047/880 271/306/271 259/305/259
f 271/306/271 878/1047/880 879/1049/881
f 879/1049/881 273/308/273 271/306/271
f 273/308/273 879/1049/881 880/1050/882
f 880/1050/882 852/1004/854 273/308/273
f 852/1004/854 880/1050/882 881/1051/883
f 881/1051/883 854/1006/856 852/1004/854
f 881/1051/883 855/1007/857 854/1006/856
f 881/1051/883 882/1052/884 855/1007/857
f 882/1052/884 881/1051/883 880/1050/882
f 882/1052/884 880/1050/882 883/1053/885
f 883/1053/885 873/1035/875 882/1052/884
f 883/1053/885 874/1037/876 873/1035/875
f 874/1037/876 883/1053/885 884/1054/886
f 884/1054/886 875/1039/877 874/1037/876
f 884/1054/886 876/1041/878 875/1039/877
f 884/1054/886 877/1045/879 876/1041/878
f 884/1054/886 879/1049/881 877/1045/879
f 879/1049/881 884/1054/886 883/1053/885
f 883/1053/885 880/1050/882 879/1049/881
f 878/1047/880 877/1045/879 879/1049/881
f 882/1052/884 873/1035/875 872/1033/874
f 872/1033/874 885/1055/887 882/1052/884
f 885/1055/887 872/1033/874 871/1031/873
f 871/1031/873 886/1056/888 885/1055/887
f 886/1056/888 871/1031/873 870/1029/872
f 870/1029/872 887/1057/889 886/1056/888
f 887/1057/889 870/1029/872 869/1027/871
f 869/1027/871 888/1058/890 887/1057/889
f 888/1058/890 869/1027/871 868/1025/870
f 868/1025/870 889/1059/891 888/1058/890
f 889/1059/891 868/1025/870 867/1023/869
f 889/1059/891 867/1023/869 890/1060/892
f 889/1059/891 890/1060/892 891/1061/893
f 891/1061/893 888/1058/890 889/1059/891
f 888/1058/890 891/1061/893 892/1062/894
f 892/1062/894 887/1057/889 888/1058/890
f 887/1057/889 892/1062/894 893/1063/895
f 893/1063/895 886/1056/888 887/1057/889
f 886/1056/888 893/1063/895 894/1064/896
f 894/1064/896 885/1055/887 886/1056/888
f 894/1064/896 882/1052/884 885/1055/887
f 894/1064/896 855/1007/857 882/1052/884
f 894/1064/896 895/1065/897 855/1007/857
f 895/1065/897 894/1064/896 893/1063/895
f 895/1065/897 893/1063/895 892/1062/894
f 892/1062/894 896/1066/898 895/1065/897
f 896/1066/898 892/1062/894 891/1061/893
f 891/1061/893 897/1067/899 896/1066/898
f 897/1067/899 891/1061/893 890/1060/892
f 897/1067/899 890/1060/892 867/1023/869
f 897/1067/899 867/1023/869 866/1021/868
f 866/1021/868 898/1068/900 897/1067/899
f 898/1068/900 866/1021/868 865/1019/867
f 898/1068/900 865/1019/867 863/1015/865
f 898/1068/900 863/1015/865 861/1013/863
f 898/1068/900 861/1013/863 859/1011/861
f 898/1068/900 859/1011/861 858/1010/860
f 898/1068/900 858/1010/860 857/1009/859
f 857/1009/859 897/1067/899 898/1068/900
f 857/1009/859 896/1066/898 897/1067/899
f 896/1066/898 857/1009/859 856/1008/858
f 856/1008/858 895/1065/897 896/1066/898
f 895/1065/897 856/1008/858 855/1007/857
f 599/679/605 601/681/607 899/1069/901
f 899/1069/901 720/840/727 599/679/605
f 720/840/727 899/1069/901 900/1070/902
f 900/1070/902 604/684/610 720/840/727
f 604/684/610 900/1070/902 901/1071/903
f 901/1071/903 605/685/611 604/684/610
f 605/685/611 901/1071/903 902/1072/904
f 902/1072/904 607/687/613 605/685/611
f 607/687/613 902/1072/904 903/1073/905
f 903/1073/905 611/693/618 607/687/613
f 903/1073/905 430/694/427 611/693/618
f 903/1073/905 432/1074/504 430/694/427
f 903/1073/905 904/1075/906 432/1074/504
f 904/1075/906 903/1073/905 902/1072/904
f 434/1076/431 432/1074/504 904/1075/906
f 570/643/575 905/1077/907 571/644/576
f 905/1077/907 570/643/575 588/668/594
f 564/637/569 585/661/591 583/658/588
f 585/661/591 564/637/569 581/654/586
f 581/654/586 418/662/514 585/661/591
f 418/662/514 581/654/586 420/655/512
f 579/652/584 581/654/586 564/637/569
f 564/637/569 577/650/582 579/652/584
f 577/650/582 564/637/569 563/636/568
f 563/636/568 575/648/580 577/650/582
f 575/648/580 563/636/568 561/634/566
f 905/1077/907 718/838/725 719/839/726
f 719/839/726 571/644/576 905/1077/907
f 571/644/576 719/839/726 721/841/728
f 721/841/728 572/645/577 571/644/576
f 572/645/577 721/841/728 603/683/609
f 603/683/609 574/647/579 572/645/577
f 574/647/579 603/683/609 606/686/612
f 606/686/612 576/649/581 574/647/579
f 576/649/581 606/686/612 608/688/614
f 608/688/614 578/651/583 576/649/581
f 906/1078/908 765/898/772 766/900/773
f 765/898/772 906/1078/908 907/1079/909
f 907/1079/909 908/1080/910 765/898/772
f 908/1080/910 907/1079/909 909/1081/911
f 909/1081/911 910/1082/912 908/1080/910
f 910/1082/912 909/1081/911 911/1083/913
f 911/1083/913 912/1084/914 910/1082/912
f 912/1084/914 911/1083/913 913/1085/915
f 912/1084/914 913/1085/915 914/1086/916
f 912/1084/914 914/1086/916 915/1087/917
f 912/1084/914 915/1087/917 916/1088/918
f 916/1088/918 910/1082/912 912/1084/914
f 916/1088/918 917/1089/919 910/1082/912
f 917/1089/919 916/1088/918 915/1087/917
f 915/1087/917 918/1090/920 917/1089/919
f 918/1090/920 915/1087/917 914/1086/916
f 914/1086/916 919/1091/921 918/1090/920
f 919/1091/921 914/1086/916 913/1092/915
f 919/1091/921 913/1092/915 911/1093/913
f 911/1093/913 920/1094/922 919/1091/921
f 920/1094/922 911/1093/913 909/1095/911
f 909/1095/911 921/1096/923 920/1094/922
f 921/1096/923 909/1095/911 907/1097/909
f 907/1097/909 922/1098/924 921/1096/923
f 922/1098/924 907/1097/909 906/1099/908
f 906/1099/908 923/1100/925 922/1098/924
f 923/1100/925 906/1099/908 766/1101/773
f 923/1100/925 766/1101/773 731/1102/738
f 923/1100/925 731/1102/738 733/1103/740
f 923/1100/925 733/1103/740 726/894/733
f 923/1100/925 726/894/733 763/893/770
f 763/893/770 922/1098/924 923/1100/925
f 922/1098/924 763/893/770 924/1104/926
f 924/1104/926 921/1096/923 922/1098/924
f 924/1104/926 920/1094/922 921/1096/923
f 924/1104/926 919/1091/921 920/1094/922
f 924/1104/926 918/1090/920 919/1091/921
f 918/1090/920 924/1104/926 925/1105/927
f 925/1105/927 917/1089/919 918/1090/920
f 925/1105/927 910/1082/912 917/1089/919
f 925/1105/927 908/1080/910 910/1082/912
f 925/1105/927 764/896/771 908/1080/910
f 764/896/771 925/1105/927 924/1104/926
f 924/1104/926 763/893/770 764/896/771
f 765/898/772 908/1080/910 764/896/771
f 657/755/664 656/754/663 653/751/660
f 653/751/660 759/1106/766 657/755/664
f 653/751/660 758/1107/765 759/1106/766
f 758/1107/765 653/751/660 652/750/659
f 652/750/659 756/1108/763 758/1107/765
f 756/1108/763 652/750/659 634/749/641
f 634/749/641 626/1109/633 756/1108/763
f 612/695/619 741/865/748 613/696/620
f 741/865/748 612/695/619 657/1110/664
f 657/1110/664 743/867/750 741/865/748
f 743/867/750 657/1110/664 759/1111/766
f 725/891/732 734/1112/741 926/1113/928
f 926/1113/928 762/892/769 725/891/732
f 762/892/769 926/1113/928 927/1114/929
f 927/1114/929 928/1115/930 762/892/769
f 928/1115/930 927/1114/929 929/1116/931
f 928/1115/930 929/1116/931 930/1117/932
f 930/1117/932 931/1118/933 928/1115/930
f 931/1118/933 930/1117/932 932/1119/934
f 932/1119/934 933/1120/935 931/1118/933
f 933/1120/935 932/1119/934 934/1121/936
f 933/1120/935 934/1121/936 935/1122/937
f 933/1120/935 935/1122/937 936/1123/938
f 933/1120/935 936/1123/938 937/1124/939
f 937/1124/939 931/1118/933 933/1120/935
f 937/1124/939 938/1125/940 931/1118/933
f 938/1125/940 937/1124/939 936/1123/938
f 936/1123/938 939/1126/941 938/1125/940
f 939/1126/941 936/1123/938 935/1122/937
f 935/1122/937 940/1127/942 939/1126/941
f 940/1127/942 935/1122/937 934/1128/936
f 940/1127/942 934/1128/936 932/1129/934
f 932/1129/934 941/1130/943 940/1127/942
f 941/1130/943 932/1129/934 930/1131/932
f 930/1131/932 942/1132/944 941/1130/943
f 942/1132/944 930/1131/932 929/1133/931
f 929/1133/931 943/1134/945 942/1132/944
f 943/1134/945 929/1133/931 927/1135/929
f 927/1135/929 944/1136/946 943/1134/945
f 944/1136/946 927/1135/929 926/1137/928
f 944/1136/946 926/1137/928 734/1138/741
f 944/1136/946 734/1138/741 617/1139/624
f 944/1136/946 617/1139/624 616/888/623
f 944/1136/946 616/888/623 760/887/767
f 760/887/767 943/1134/945 944/1136/946
f 943/1134/945 760/887/767 945/1140/947
f 945/1140/947 942/1132/944 943/1134/945
f 945/1140/947 941/1130/943 942/1132/944
f 945/1140/947 940/1127/942 941/1130/943
f 945/1140/947 939/1126/941 940/1127/942
f 939/1126/941 945/1140/947 946/1141/948
f 946/1141/948 938/1125/940 939/1126/941
f 946/1141/948 931/1118/933 938/1125/940
f 946/1141/948 928/1115/930 931/1118/933
f 946/1141/948 761/890/768 928/1115/930
f 761/890/768 946/1141/948 945/1140/947
f 945/1140/947 760/887/767 761/890/768
f 762/892/769 928/1115/930 761/890/768
o p08g00o05g._0p.004
v 0.000000 0.312498 5.000000
v -0.375000 -0.312502 4.875000
v -0.375000 0.312498 4.875000
v 0.000000 -0.312502 5.000000
v 1.312500 0.187498 4.187500
v 0.687500 -0.125002 4.187500
v 0.687500 0.187498 4.187500
v 1.312500 -0.125002 4.187500
v 0.625000 -0.312502 4.625000
v 0.625000 0.312498 4.625000
v -0.625000 0.312498 4.625000
v -0.625000 -0.125002 4.187500
v -0.625000 0.187498 4.187500
v -0.625000 -0.312502 4.625000
v -1.312500 -0.125002 4.187500
v -1.312500 0.187498 4.187500
v 0.375000 0.312498 4.875000
v 0.375000 -0.312502 4.875000
v 0.937500 0.312498 4.937500
v 0.937500 -0.312502 4.937500
v 0.875000 0.312498 5.437500
v 0.875000 -0.312502 5.437500
v 0.000000 0.312498 5.625000
v 0.000000 -0.312502 5.625000
v -0.875000 0.312498 5.437500
v -0.875000 -0.312502 5.437500
v -0.937500 0.312498 4.937500
v -0.937500 -0.312502 4.937500
v -0.687500 -0.312502 8.625000
v -0.687500 -0.312502 8.437500
v 0.000000 -0.625002 8.687500
v 0.000000 -0.625002 8.875000
v 0.687500 -0.312502 8.437500
v 0.687500 -0.312502 8.625000
v 0.687500 0.312498 8.625000
v 0.687500 0.312498 8.437500
v 0.000000 0.624998 8.687500
v 0.000000 0.624998 8.875000
v -0.687500 0.312498 8.437500
v -0.687500 0.312498 8.625000
v 0.312500 0.249998 7.812500
v 0.500000 -0.250002 7.875000
v 0.312500 -0.250002 7.812500
v 0.500000 0.249998 7.875000
v 0.500000 -0.250002 8.250000
v 0.500000 0.249998 8.250000
v 0.312500 -0.187502 5.437500
v 0.312500 0.187498 5.437500
v 0.000000 0.312498 5.437500
v 0.000000 0.374998 7.937500
v -0.312500 0.187498 5.437500
v -0.312500 0.249998 7.812500
v -0.312500 -0.187502 5.437500
v -0.312500 -0.250002 7.812500
v -0.437500 -0.250002 7.875000
v -0.437500 0.249998 7.875000
v -0.437500 -0.250002 8.250000
v -0.437500 0.249998 8.250000
v 0.000000 -0.312502 5.437500
v 0.000000 -0.375002 7.937500
v 0.000000 0.000002 -8.875000
v 0.625000 0.000002 -7.375000
v 0.000000 -0.249998 -7.687500
v -0.625000 0.000002 -7.375000
v 0.000000 -0.249998 -3.875000
v 0.625000 0.000002 -3.812500
v 0.000000 -0.250000 -0.937500
v 0.500000 0.000000 -0.937500
v 0.000000 -0.250000 1.125000
v 0.500000 -0.000000 1.062500
v 0.500000 -0.000002 5.375000
v 0.000000 -0.250002 5.437500
v -0.437500 -0.000002 5.375000
v -0.437500 -0.000000 1.062500
v -0.500000 0.000000 -0.937500
v -0.625000 0.000002 -3.812500
v 0.000000 0.250002 -7.687500
v 0.000000 0.250002 -3.875000
v 0.000000 0.250000 -0.937500
v 0.000000 0.250000 1.125000
v 0.000000 0.249998 5.437500
v 0.000000 -0.500002 8.125000
v 0.000000 -0.500002 8.437500
v 0.000000 0.499998 8.125000
v 0.000000 0.499998 8.437500
vt 3.883545 3.115967
vt 3.908936 3.105957
vt 3.883545 3.105957
vt 3.908936 3.115967
vt 3.883545 3.150879
vt 3.908936 3.134521
vt 3.883545 3.134521
vt 3.908936 3.150879
vt 3.908936 3.133545
vt 3.883545 3.133545
vt 3.883545 3.099365
vt 3.908936 3.097900
vt 3.883545 3.097900
vt 3.908936 3.099365
vt 3.908936 3.081055
vt 3.883545 3.081055
vt 3.883545 3.125977
vt 3.908936 3.125977
vt 3.907959 3.150879
vt 3.883789 3.150879
vt 3.883789 3.147705
vt 3.907959 3.147705
vt 3.883789 3.135010
vt 3.907959 3.135010
vt 3.883789 3.115723
vt 3.907959 3.115723
vt 3.883789 3.096436
vt 3.907959 3.096436
vt 3.883789 3.083740
vt 3.907959 3.083740
vt 3.883789 3.080566
vt 3.907959 3.080566
vt 3.946777 3.225098
vt 3.896729 3.178223
vt 3.918945 3.137695
vt 3.983887 3.159668
vt 3.919434 3.094727
vt 3.988281 3.079590
vt 3.891846 3.047852
vt 3.939209 3.001709
vt 3.919434 3.094971
vt 3.988281 3.079834
vt 3.918945 3.137695
vt 3.983887 3.159912
vt 3.896729 3.178223
vt 3.947021 3.225098
vt 3.896729 3.178223
vt 3.946777 3.225098
vt 3.983887 3.159668
vt 3.918945 3.137695
vt 3.988281 3.079590
vt 3.919434 3.094727
vt 3.939209 3.001709
vt 3.891846 3.047852
vt 3.988281 3.079834
vt 3.919434 3.094971
vt 3.983887 3.159912
vt 3.918945 3.137695
vt 3.947021 3.225098
vt 3.896729 3.178223
vt 3.880371 3.002686
vt 3.880127 3.015625
vt 3.834229 3.015381
vt 3.834229 3.002686
vt 3.879883 3.015625
vt 3.880127 3.002686
vt 3.880127 3.002686
vt 3.879883 3.015625
vt 3.834229 3.015381
vt 3.834229 3.002686
vt 3.880127 3.015625
vt 3.880371 3.002686
vt 3.860107 3.063232
vt 3.834229 3.055908
vt 3.834229 3.063232
vt 3.860107 3.055908
vt 3.834229 3.029053
vt 3.860107 3.029053
vt 3.834229 3.015381
vt 3.864258 3.015381
vt 3.834229 3.002686
vt 3.864258 3.002686
vt 3.812256 3.179199
vt 3.761719 3.214844
vt 3.777588 3.179199
vt 3.828125 3.214844
vt 3.777588 3.250244
vt 3.812256 3.250244
vt 3.830078 3.068115
vt 3.830078 3.244873
vt 3.877197 3.244873
vt 3.877197 3.068115
vt 3.852783 3.244873
vt 3.852783 3.068115
vt 3.877197 3.244873
vt 3.877197 3.068115
vt 3.830078 3.244873
vt 3.830078 3.068115
vt 3.860107 3.063232
vt 3.834229 3.063232
vt 3.834229 3.055908
vt 3.860107 3.055908
vt 3.834229 3.029053
vt 3.860107 3.029053
vt 3.834229 3.015381
vt 3.864258 3.015381
vt 3.834229 3.002686
vt 3.864258 3.002686
vt 3.852783 3.244873
vt 3.877197 3.244873
vt 3.877197 3.068115
vt 3.852783 3.068115
vt 3.877197 3.244873
vt 3.877197 3.068115
vt 3.004883 3.002930
vt 3.100098 3.032227
vt 3.082031 3.002930
vt 3.100098 3.032227
vt 3.316650 3.002930
vt 3.318115 3.032227
vt 3.468262 3.002930
vt 3.468506 3.032227
vt 3.596191 3.002930
vt 3.593262 3.032227
vt 3.824463 3.032227
vt 3.824463 3.002930
vt 3.824463 3.032227
vt 3.593262 3.032227
vt 3.468506 3.032227
vt 3.318115 3.032227
vt 3.082031 3.002930
vt 3.316650 3.002930
vt 3.468262 3.002930
vt 3.596191 3.002930
vt 3.824463 3.002930
vt 3.868896 3.055908
vt 3.834229 3.063232
vt 3.858887 3.063232
vt 3.834229 3.055908
vt 3.859131 3.063232
vt 3.869141 3.055908
vt 3.834229 3.028809
vt 3.869141 3.028809
vt 3.868896 3.028809
vt 3.868896 3.055908
vt 3.858887 3.063232
vt 3.834229 3.063232
vt 3.834229 3.055908
vt 3.859131 3.063232
vt 3.869141 3.055908
vt 3.834229 3.028809
vt 3.869141 3.028809
vt 3.868896 3.028809
vn 0.0763 0.7234 -0.6862
vn 0.3195 -0.7155 -0.6212
vn 0.4127 0.7155 -0.5636
vn -0.0763 -0.7234 -0.6862
vn 0.3432 0.6662 -0.6621
vn -0.1965 -0.5528 -0.8098
vn -0.7343 0.3566 -0.5777
vn 0.8665 -0.4699 -0.1686
vn -0.5962 -0.7298 -0.3344
vn -0.5449 0.7005 -0.4608
vn 0.6208 0.7440 -0.2471
vn 0.7676 -0.3528 -0.5350
vn 0.2312 0.6020 -0.7643
vn 0.5411 -0.6950 -0.4734
vn -0.3494 -0.6258 -0.6974
vn -0.8681 0.4787 -0.1310
vn -0.3195 0.7155 -0.6212
vn -0.4127 -0.7155 -0.5636
vn 0.6793 0.7021 0.2135
vn 0.7471 -0.6641 0.0283
vn 0.5606 0.7666 0.3132
vn 0.3606 -0.7665 0.5314
vn 0.0499 0.7141 0.6983
vn -0.0499 -0.7141 0.6983
vn -0.3606 0.7665 0.5314
vn -0.5606 -0.7666 0.3132
vn -0.7321 0.6784 0.0619
vn -0.6892 -0.6963 0.2005
vn -0.8018 -0.4158 0.4292
vn -0.6428 -0.5403 -0.5430
vn -0.0318 -0.9685 -0.2471
vn 0.1890 -0.6832 0.7053
vn 0.7249 -0.5608 -0.4001
vn 0.9033 -0.2985 0.3081
vn 0.6924 0.5020 0.5183
vn 0.8427 0.4450 -0.3030
vn 0.1183 0.9622 -0.2455
vn -0.1890 0.6832 0.7053
vn -0.7034 0.6323 -0.3247
vn -0.8018 0.4158 0.4292
vn 0.5695 0.6150 -0.5454
vn 0.5201 -0.5663 -0.6394
vn 0.7757 -0.4918 -0.3954
vn 0.6852 0.5792 -0.4416
vn 0.7265 -0.6231 -0.2899
vn 0.6690 0.6182 -0.4126
vn 0.5312 -0.5696 -0.6272
vn 0.8639 0.3382 -0.3732
vn 0.0873 0.6696 -0.7376
vn -0.0335 0.9547 -0.2957
vn -0.5312 0.5696 -0.6272
vn -0.6827 0.4968 -0.5358
vn -0.8639 -0.3382 -0.3732
vn -0.5287 -0.7436 -0.4093
vn -0.6721 -0.5599 -0.4847
vn -0.7817 0.5530 -0.2882
vn -0.8388 -0.4223 -0.3436
vn -0.7301 0.4180 -0.5406
vn -0.0872 -0.6696 -0.7376
vn 0.0994 -0.9505 -0.2944
vn -0.0000 0.0000 -1.0000
vn 0.9881 0.0000 -0.1539
vn -0.0000 -0.9948 -0.1017
vn -0.9881 -0.0000 -0.1539
vn -0.0688 -0.9976 0.0025
vn 0.9999 -0.0000 0.0163
vn -0.0232 -0.9997 0.0062
vn 0.9999 -0.0000 0.0145
vn 0.0485 -0.9988 0.0000
vn 1.0000 0.0000 0.0000
vn -0.0277 -0.9996 -0.0000
vn -1.0000 -0.0000 -0.0000
vn -1.0000 -0.0000 0.0097
vn -0.9997 0.0000 0.0237
vn -0.9998 0.0000 0.0218
vn 0.0000 0.9948 -0.1017
vn -0.0688 0.9976 0.0025
vn -0.0232 0.9997 0.0062
vn 0.0485 0.9988 -0.0000
vn -0.0277 0.9996 0.0000
vn 0.0364 -0.9567 -0.2887
vn -0.1353 -0.9552 -0.2633
vn 0.0364 0.9567 -0.2887
vn -0.1353 0.9552 -0.2634
usemtl sword.001
s 1
f 947/1142/949 948/1143/950 949/1144/951
f 948/1143/950 947/1142/949 950/1145/952
f 951/1146/953 952/1147/954 953/1148/955
f 952/1147/954 951/1146/953 954/1149/956
f 953/1148/955 955/1150/957 956/1151/958
f 955/1150/957 953/1148/955 952/1147/954
f 957/1152/959 958/1153/960 959/1154/961
f 958/1153/960 957/1152/959 960/1155/962
f 959/1154/961 961/1156/963 962/1157/964
f 961/1156/963 959/1154/961 958/1153/960
f 949/1144/951 960/1155/962 957/1152/959
f 960/1155/962 949/1144/951 948/1143/950
f 950/1145/952 947/1142/949 963/1158/965
f 963/1158/965 964/1159/966 950/1145/952
f 964/1159/966 963/1158/965 956/1151/958
f 956/1151/958 955/1150/957 964/1159/966
f 954/1160/956 951/1161/953 965/1162/967
f 965/1162/967 966/1163/968 954/1160/956
f 966/1163/968 965/1162/967 967/1164/969
f 967/1164/969 968/1165/970 966/1163/968
f 968/1165/970 967/1164/969 969/1166/971
f 969/1166/971 970/1167/972 968/1165/970
f 970/1167/972 969/1166/971 971/1168/973
f 971/1168/973 972/1169/974 970/1167/972
f 972/1169/974 971/1168/973 973/1170/975
f 973/1170/975 974/1171/976 972/1169/974
f 974/1171/976 973/1170/975 962/1172/964
f 962/1172/964 961/1173/963 974/1171/976
f 951/1174/953 953/1175/955 956/1176/958
f 956/1176/958 965/1177/967 951/1174/953
f 965/1177/967 956/1176/958 963/1178/965
f 963/1178/965 967/1179/969 965/1177/967
f 967/1179/969 963/1178/965 947/1180/949
f 947/1180/949 969/1181/971 967/1179/969
f 969/1181/971 947/1180/949 949/1182/951
f 949/1182/951 971/1183/973 969/1181/971
f 971/1183/973 949/1182/951 957/1184/959
f 957/1184/959 973/1185/975 971/1183/973
f 973/1185/975 957/1184/959 959/1186/961
f 959/1186/961 962/1187/964 973/1185/975
f 952/1188/954 954/1189/956 966/1190/968
f 966/1190/968 955/1191/957 952/1188/954
f 955/1191/957 966/1190/968 968/1192/970
f 968/1192/970 964/1193/966 955/1191/957
f 964/1193/966 968/1192/970 970/1194/972
f 970/1194/972 950/1195/952 964/1193/966
f 950/1195/952 970/1194/972 972/1196/974
f 972/1196/974 948/1197/950 950/1195/952
f 948/1197/950 972/1196/974 974/1198/976
f 974/1198/976 960/1199/962 948/1197/950
f 960/1199/962 974/1198/976 961/1200/963
f 961/1200/963 958/1201/960 960/1199/962
f 975/1202/977 976/1203/978 977/1204/979
f 977/1204/979 978/1205/980 975/1202/977
f 978/1205/980 977/1204/979 979/1206/981
f 979/1206/981 980/1207/982 978/1205/980
f 981/1208/983 982/1209/984 983/1210/985
f 983/1210/985 984/1211/986 981/1208/983
f 984/1211/986 983/1210/985 985/1212/987
f 985/1212/987 986/1213/988 984/1211/986
f 987/1214/989 988/1215/990 989/1216/991
f 988/1215/990 987/1214/989 990/1217/992
f 990/1217/992 991/1218/993 988/1215/990
f 991/1218/993 990/1217/992 992/1219/994
f 992/1219/994 979/1220/981 991/1218/993
f 979/1220/981 992/1219/994 982/1221/984
f 982/1221/984 980/1222/982 979/1220/981
f 980/1222/982 982/1221/984 981/1223/983
f 981/1224/983 978/1225/980 980/1226/982
f 978/1225/980 981/1224/983 984/1227/986
f 984/1227/986 975/1228/977 978/1225/980
f 975/1228/977 984/1227/986 986/1229/988
f 989/1230/991 993/1231/995 994/1232/996
f 994/1232/996 987/1233/989 989/1230/991
f 987/1233/989 994/1232/996 995/1234/997
f 995/1234/997 996/1235/998 987/1233/989
f 996/1235/998 995/1234/997 997/1236/999
f 997/1236/999 998/1237/1000 996/1235/998
f 998/1237/1000 997/1236/999 999/1238/1001
f 999/1238/1001 1000/1239/1002 998/1237/1000
f 998/1240/1000 1000/1241/1002 1001/1242/1003
f 1001/1242/1003 1002/1243/1004 998/1240/1000
f 1002/1243/1004 1001/1242/1003 1003/1244/1005
f 1003/1244/1005 1004/1245/1006 1002/1243/1004
f 1004/1245/1006 1003/1244/1005 976/1246/978
f 976/1246/978 985/1247/987 1004/1245/1006
f 985/1247/987 976/1246/978 975/1248/977
f 975/1248/977 986/1249/988 985/1247/987
f 997/1236/999 995/1234/997 1005/1250/1007
f 1005/1250/1007 999/1251/1001 997/1236/999
f 1005/1250/1007 1000/1252/1002 999/1251/1001
f 1005/1250/1007 1006/1253/1008 1000/1252/1002
f 1005/1250/1007 993/1254/995 1006/1253/1008
f 993/1254/995 1005/1250/1007 995/1234/997
f 995/1234/997 994/1232/996 993/1254/995
f 989/1255/991 1006/1253/1008 993/1254/995
f 1007/1256/1009 1008/1257/1010 1009/1258/1011
f 1009/1258/1011 1010/1259/1012 1007/1256/1009
f 1009/1258/1011 1011/1260/1013 1010/1259/1012
f 1011/1260/1013 1009/1258/1011 1008/1257/1010
f 1011/1260/1013 1008/1257/1010 1012/1261/1014
f 1012/1261/1014 1013/1262/1015 1011/1260/1013
f 1013/1262/1015 1012/1261/1014 1014/1263/1016
f 1014/1263/1016 1015/1264/1017 1013/1262/1015
f 1015/1264/1017 1014/1263/1016 1016/1265/1018
f 1015/1264/1017 1016/1265/1018 1017/1266/1018
f 1015/1264/1017 1017/1266/1018 1018/1267/1019
f 1015/1264/1017 1018/1267/1019 1019/1268/1020
f 1015/1264/1017 1019/1268/1020 1020/1269/1021
f 1020/1269/1021 1013/1262/1015 1015/1264/1017
f 1013/1262/1015 1020/1269/1021 1021/1270/1022
f 1021/1270/1022 1011/1260/1013 1013/1262/1015
f 1011/1260/1013 1021/1270/1022 1022/1271/1023
f 1022/1271/1023 1010/1259/1012 1011/1260/1013
f 1007/1256/1009 1023/1272/1024 1008/1257/1010
f 1023/1272/1024 1007/1256/1009 1010/1259/1012
f 1023/1272/1024 1010/1259/1012 1024/1273/1025
f 1024/1273/1025 1008/1257/1010 1023/1272/1024
f 1024/1273/1025 1012/1261/1014 1008/1257/1010
f 1012/1261/1014 1024/1273/1025 1025/1274/1026
f 1025/1274/1026 1014/1263/1016 1012/1261/1014
f 1014/1263/1016 1025/1274/1026 1026/1275/1027
f 1026/1275/1027 1016/1265/1018 1014/1263/1016
f 1026/1275/1027 1017/1266/1018 1016/1265/1018
f 1026/1275/1027 1027/1276/1028 1017/1266/1018
f 1026/1275/1027 1019/1268/1020 1027/1276/1028
f 1026/1275/1027 1020/1269/1021 1019/1268/1020
f 1020/1269/1021 1026/1275/1027 1025/1274/1026
f 1025/1274/1026 1021/1270/1022 1020/1269/1021
f 1021/1270/1022 1025/1274/1026 1024/1273/1025
f 1024/1273/1025 1022/1271/1023 1021/1270/1022
f 1022/1271/1023 1024/1273/1025 1010/1259/1012
f 988/1277/990 1006/1278/1008 989/1279/991
f 1006/1278/1008 988/1277/990 1028/1280/1029
f 1028/1280/1029 1000/1281/1002 1006/1278/1008
f 1028/1280/1029 1001/1282/1003 1000/1281/1002
f 1001/1282/1003 1028/1280/1029 1029/1283/1030
f 1029/1283/1030 1003/1284/1005 1001/1282/1003
f 1029/1283/1030 976/1203/978 1003/1284/1005
f 1029/1283/1030 977/1204/979 976/1203/978
f 1029/1283/1030 991/1285/993 977/1204/979
f 991/1285/993 1029/1283/1030 1028/1280/1029
f 1028/1280/1029 988/1277/990 991/1285/993
f 979/1206/981 977/1204/979 991/1285/993
f 990/1286/992 987/1287/989 996/1288/998
f 996/1288/998 1030/1289/1031 990/1286/992
f 1030/1289/1031 996/1288/998 998/1290/1000
f 1030/1289/1031 998/1290/1000 1002/1291/1004
f 1002/1291/1004 1031/1292/1032 1030/1289/1031
f 1031/1292/1032 1002/1291/1004 1004/1293/1006
f 1031/1292/1032 1004/1293/1006 985/1212/987
f 1031/1292/1032 985/1212/987 983/1210/985
f 1031/1292/1032 983/1210/985 992/1294/994
f 992/1294/994 1030/1289/1031 1031/1292/1032
f 1030/1289/1031 992/1294/994 990/1286/992
f 982/1209/984 992/1294/994 983/1210/985
o p08g00o05g._0p.003
v 16.375000 28.250000 0.437510
v 16.437500 28.812500 0.375010
v 16.437500 28.812500 0.500010
v 16.375000 28.250000 0.375010
v 16.062500 28.812500 1.000010
v 16.375000 28.750000 0.937510
v 16.125000 28.875000 0.437510
v 16.875000 28.375000 0.437510
v 16.312500 28.125000 0.687510
v 16.812500 28.187500 0.625010
v 16.312500 28.312500 0.937510
v 16.937500 28.312500 0.875010
v 16.437500 28.812500 -0.062490
v 16.062500 28.812500 -0.062490
v 16.437500 28.812500 -0.124990
v 16.312500 28.250000 -0.062490
v 16.375000 28.312500 -0.062490
v 16.812500 28.187500 -0.374990
v 16.250000 28.125000 -0.312490
v 16.937500 28.437500 -0.187490
v 17.000000 28.687500 -0.187490
v 16.000000 28.062500 0.437510
v 16.312500 28.125000 0.125010
v 16.000000 28.062500 0.000010
v 0.375000 14.437500 -1.249996
v 0.250000 14.937500 -1.499996
v 1.000000 14.937500 -1.687496
v 0.187500 13.875000 -0.124996
v 0.250000 14.937500 0.000004
v 0.375000 14.937500 1.812504
v 0.375000 13.812500 1.687504
v 0.312500 12.500000 0.437504
v 0.562500 12.312500 1.312504
v 0.375000 10.812500 0.625004
v 0.625000 10.937500 1.437504
v 0.687500 10.375000 1.562504
v 0.437500 10.312500 0.750004
v 0.312500 10.750000 0.000004
v 0.375000 10.000000 0.062504
v 0.750000 11.000000 -0.562496
v 0.750000 10.375000 -0.312496
v 1.000000 10.500000 -0.999996
v 0.875000 9.562500 -0.062496
v 1.187500 9.937500 -0.812496
v 2.000000 10.500000 -0.999996
v 1.937500 9.937500 -0.812496
v 2.250000 10.437500 -0.312496
v 2.312500 9.687500 -0.187496
v 2.562500 10.500000 0.375004
v 2.562500 9.937500 0.375004
v 2.437500 10.000000 1.312504
v 2.375000 10.437500 1.187504
v 2.375000 10.937500 1.125004
v 2.187500 10.437500 1.625004
v 2.187500 10.937500 1.562504
v 1.500000 10.437500 1.750004
v 1.500000 10.937500 1.687504
v 1.312500 12.062500 1.812504
v 1.250000 13.812500 2.187504
v 1.187500 15.000000 2.250004
v 2.125000 13.812500 2.250004
v 2.187500 15.125000 2.250004
v 2.750000 13.812500 2.062504
v 2.750000 15.187500 2.000004
v 3.062500 13.812500 1.437504
v 3.062500 15.187500 1.375005
v 3.312500 13.812500 0.562504
v 3.375000 15.187500 0.500005
v 3.125000 13.875000 -0.749996
v 3.187500 15.125000 -0.749996
v 2.750000 13.937500 -1.499996
v 2.937500 15.125000 -1.437495
v 2.000000 13.937500 -1.812496
v 2.187500 15.187500 -1.812495
v 1.062500 13.937500 -1.749996
v 0.375000 13.875000 -1.124996
v 0.250000 12.500000 -0.624996
v 0.250000 12.062500 -0.437496
v 0.375000 11.562500 -0.187496
v 0.812500 11.312500 -0.624996
v 1.062500 10.937500 -0.937496
v 1.937500 10.937500 -0.937496
v 2.250000 10.937500 -0.562496
v 2.625000 10.937500 0.375004
v 2.937500 12.062500 0.500004
v 2.687500 12.062500 1.312504
v 2.375000 12.062500 1.750004
v 2.062500 12.062500 1.875004
v 2.812500 12.062500 -0.562496
v 2.437500 12.062500 -1.062496
v 1.687500 11.875000 -1.312496
v 1.562500 11.375000 -1.124996
v 0.750000 11.875000 -1.062496
v 0.875000 12.437500 -1.312496
v 18.062500 28.500000 0.312510
v 17.937500 28.562500 0.312510
v 17.812500 28.312500 0.312510
v 18.312500 28.437500 0.250010
v 18.062500 28.250000 0.250010
v 18.687500 28.312500 0.187510
v 18.625000 28.187500 0.125010
v 18.687500 28.312500 -0.062490
v 18.562500 28.187500 -0.062490
v 18.437500 28.062500 0.062510
v 18.000000 28.062500 0.062510
v 17.687500 28.187500 0.062510
v 17.062500 28.437500 0.312510
v 17.312500 28.687500 0.312510
v 17.187500 28.687500 0.312510
v 16.875000 28.250000 0.125010
v 17.812500 28.250000 -0.124990
v 18.062500 28.187500 -0.124990
v 18.250000 28.437500 -0.124990
v 18.062500 28.500000 -0.124990
v 17.937500 28.500000 -0.124990
v 17.312500 28.625000 -0.062490
v 17.187500 28.687500 -0.062490
v 17.062500 28.375000 -0.062490
v -0.312500 27.875000 -2.062490
v 0.000000 28.062500 -1.999990
v -0.250000 27.500000 -2.249990
v 0.000000 28.625000 -1.749990
v 0.250000 28.625000 -1.874990
v 0.000000 29.312500 -1.374990
v 0.625000 29.500000 -1.249990
v 0.750000 29.687500 -0.999990
v 0.000000 29.500000 -1.124990
v -0.687500 29.500000 -1.249990
v -0.437500 28.625000 -1.687490
v -0.750000 29.687500 -0.999990
v -0.750000 29.937500 -0.624990
v -1.187500 30.312500 -0.124990
v -1.062500 30.562500 0.062510
v -1.250000 30.500000 0.375010
v -1.125000 30.875000 0.500010
v -1.250000 30.562500 0.875010
v -1.000000 31.000000 0.937510
v -0.750000 30.812500 1.562510
v -1.187500 30.687500 1.500010
v -0.750000 30.375000 2.000010
v -1.062500 30.312500 2.000010
v -0.750000 29.125000 2.812510
v 0.000000 29.125000 2.562510
v 0.000000 27.750000 2.937510
v 0.500000 29.187500 2.812510
v 0.750000 30.375000 2.000010
v 1.000000 30.312500 2.000010
v 0.750000 30.812500 1.562510
v 1.187500 30.750000 1.500010
v 1.250000 30.562500 0.875010
v 1.000000 31.000000 0.937510
v 1.250000 30.500000 0.437510
v 1.125000 30.875000 0.500010
v 1.187500 30.312500 -0.124990
v 1.062500 30.562500 0.062510
v 0.750000 29.937500 -0.624990
v 0.437500 29.812500 -0.749990
v 0.000000 29.625000 -0.749990
v -0.437500 29.812500 -0.749990
v -0.812500 30.875000 -0.187490
v -1.000000 31.000000 0.000010
v -1.000000 31.250000 0.437510
v -0.937500 31.375000 0.812510
v -1.000000 31.687500 0.562510
v -0.937500 31.625000 0.062510
v -0.812500 31.437500 -0.312490
v -0.562500 30.812500 -0.312490
v 0.000000 30.687500 -0.562490
v 0.562500 30.812500 -0.312490
v 0.812500 30.875000 -0.187490
v 1.000000 31.000000 0.000010
v 1.000000 31.250000 0.437510
v 0.937500 31.375000 0.812510
v 1.000000 31.687500 0.562510
v 0.937500 31.625000 0.062510
v 0.812500 31.437500 -0.124990
v 0.562500 31.375000 -0.249990
v 0.000000 31.062500 -0.687490
v -0.562500 31.375000 -0.437490
v 0.875000 31.812500 0.875010
v 0.562500 31.437500 1.250010
v 0.500000 31.875000 1.187510
v 0.000000 31.437500 1.250010
v 0.000000 31.875000 1.125010
v -0.562500 31.437500 1.250010
v -0.500000 31.875000 1.187510
v -0.937500 31.812500 0.875010
v -3.125000 26.125000 0.125008
v -3.062500 26.187500 -0.812492
v -3.437500 25.562500 -0.124992
v -3.000000 26.937500 -0.562492
v -3.125000 26.750000 -1.124992
v -3.250000 27.125000 -1.312492
v -3.875000 27.875000 -0.999990
v -3.062500 28.125000 -1.374990
v -3.687500 28.625000 -1.312490
v -2.875000 28.875000 -0.937490
v -3.375000 29.375000 -0.874990
v -2.812500 30.062500 -0.249990
v -3.312500 29.875000 -0.374990
v -2.750000 30.187500 0.312510
v -3.250000 30.000000 0.187510
v -2.812500 30.250000 0.875010
v -3.250000 30.000000 0.875010
v -2.812500 30.187500 1.500010
v -3.312500 29.875000 1.437510
v -2.937500 29.937500 2.000010
v -3.375000 29.625000 2.000010
v -3.062500 29.000000 2.750010
v -3.500000 29.000000 2.687510
v -3.250000 28.000000 2.875010
v -3.750000 28.250000 2.625010
v -3.812500 27.187500 2.500010
v -4.125000 27.375000 2.062510
v -4.312500 28.500000 2.437510
v -4.500000 27.750000 1.875010
v -5.187500 28.125000 1.687510
v -5.562500 28.875000 1.937510
v -4.750000 29.000000 2.312510
v -5.812500 29.500000 1.500010
v -5.000000 29.500000 1.875010
v -6.000000 29.625000 1.125010
v -5.125000 29.875000 1.375010
v -6.250000 29.625000 0.687510
v -5.187500 30.125000 0.875010
v -6.312500 29.625000 0.250010
v -5.250000 30.187500 0.312510
v -6.062500 29.437500 -0.187490
v -5.125000 29.937500 -0.312490
v -5.687500 28.875000 -0.562490
v -4.875000 29.375000 -0.687490
v -5.062500 28.500000 -0.437490
v -4.375000 28.937500 -0.999990
v -4.187500 29.500000 -0.687490
v -4.000000 27.625000 -0.499990
v -3.187500 26.875000 0.250008
v -3.937500 27.437500 0.312508
v -4.937500 28.125000 -0.062490
v -4.875000 27.937500 0.500010
v -4.187500 30.062500 -0.187490
v -4.125000 30.250000 0.312510
v -4.000000 30.187500 0.875010
v -4.062500 30.000000 1.437510
v -4.125000 29.562500 2.000010
v -4.250000 29.000000 2.500010
v -7.875000 27.875000 0.562510
v -7.125000 27.750000 0.562510
v -7.125000 27.812500 1.250010
v -7.875000 27.937500 1.250010
v -7.125000 27.812500 1.750010
v -7.875000 28.000000 1.687510
v -7.125000 28.687500 2.000010
v -7.937500 28.687500 1.875010
v -7.375000 29.437500 1.812510
v -8.062500 29.312500 1.687510
v -7.437500 29.625000 1.437510
v -8.062500 29.500000 1.312510
v -7.437500 29.500000 0.875010
v -8.062500 29.437500 0.875010
v -7.437500 29.625000 0.375010
v -8.125000 29.500000 0.375010
v -7.437500 29.375000 -0.249990
v -8.125000 29.312500 -0.124990
v -7.312500 28.812500 -0.624990
v -8.062500 28.812500 -0.499990
v -7.250000 28.250000 -0.624990
v -8.000000 28.250000 -0.437490
v -7.187500 28.000000 -0.187490
v -7.937500 28.062500 -0.062490
v -3.062500 21.375000 -0.562494
v -3.062500 21.375000 0.437506
v -3.437500 21.312500 0.375006
v -3.375000 21.312500 -0.562494
v -3.437500 21.750000 -0.624992
v -3.125000 21.687500 -0.624992
v -3.312500 22.250000 -0.624992
v -3.000000 22.187500 -0.624992
v -2.937500 22.250000 0.437508
v -3.312500 22.312500 0.437508
v -3.500000 21.812500 0.437508
v -3.125000 21.750000 0.437508
v -4.250000 27.500000 1.437510
v -3.562500 26.875000 1.000008
v -3.375000 26.250000 1.000008
v -3.750000 25.625000 1.562508
v -3.437500 25.187500 0.812508
v -0.687500 31.125000 1.375010
v 0.000000 31.125000 1.437510
v 0.687500 31.125000 1.375010
v 0.000000 30.812500 1.625010
v 0.000000 30.375000 2.000010
v 4.062500 29.500000 -0.687490
v 4.875000 29.375000 -0.687490
v 4.312500 28.937500 -0.999990
v 4.125000 30.062500 -0.187490
v 5.125000 29.937500 -0.312490
v 5.250000 30.187500 0.312510
v 6.062500 29.437500 -0.312490
v 6.312500 29.625000 0.250010
v 5.187500 30.125000 0.875010
v 6.250000 29.625000 0.687510
v 5.125000 29.875000 1.375010
v 6.000000 29.625000 1.125010
v 5.000000 29.500000 1.875010
v 5.812500 29.500000 1.500010
v 4.750000 29.000000 2.312510
v 5.562500 28.875000 1.937510
v 4.312500 28.500000 2.437510
v 5.187500 28.125000 1.687510
v 4.500000 27.750000 1.875010
v 4.250000 27.562500 1.437510
v 4.875000 27.937500 0.500010
v 3.937500 27.437500 0.312508
v 3.562500 26.875000 1.000008
v 3.187500 26.875000 0.250008
v 3.375000 26.250000 1.000008
v 3.187500 26.125000 0.125008
v 3.375000 25.312500 0.000008
v 3.437500 25.562500 0.875008
v 4.000000 27.062500 2.375008
v 3.812500 25.812500 1.812508
v 3.375000 26.500000 2.812508
v 2.750000 27.812500 2.937510
v 1.875000 26.937500 3.125008
v 1.687500 27.562500 3.125010
v 0.687500 27.500000 3.187510
v 1.375000 29.125000 2.875010
v 2.437500 28.875000 2.625010
v 1.875000 30.125000 2.000010
v 2.125000 30.000000 2.000010
v 2.000000 30.312500 1.562510
v 2.625000 30.000000 1.500010
v 2.062500 30.250000 0.875010
v 2.625000 30.062500 0.875010
v 2.062500 30.250000 0.312510
v 2.625000 30.000000 0.312510
v 2.000000 30.125000 0.000010
v 2.187500 29.937500 -0.562490
v 1.687500 29.875000 -0.937490
v 1.812500 28.625000 -1.812490
v 1.062500 28.625000 -1.937490
v 1.187500 27.562500 -2.437490
v 0.625000 27.750000 -2.187490
v 1.312500 26.625000 -2.437492
v 0.000000 26.750000 -2.374992
v 1.312500 26.375000 -2.374992
v 1.375000 25.562500 -2.562492
v 2.062500 26.375000 -2.124992
v 2.250000 25.375000 -2.062492
v 2.687500 26.562500 -1.562492
v 3.125000 25.312500 -0.874992
v 3.187500 27.187500 -0.812492
v 3.937500 27.687500 -0.499990
v 4.937500 28.125000 -0.062490
v 3.875000 27.937500 -0.937490
v 5.062500 28.500000 -0.437490
v 3.625000 28.437500 -1.062490
v 3.312500 29.375000 -0.874990
v 3.187500 29.875000 -0.374990
v 4.000000 30.250000 0.312510
v 3.937500 30.187500 0.875010
v 3.937500 30.000000 1.437510
v 4.062500 29.562500 2.000010
v 4.250000 28.812500 2.437510
v 3.812500 28.250000 2.625010
v 4.187500 27.375000 2.062510
v 3.312500 28.000000 2.875010
v 3.000000 28.812500 2.750010
v 2.687500 29.750000 2.000010
v 3.187500 29.625000 2.000010
v 3.125000 29.875000 1.437510
v 3.125000 30.000000 0.875010
v 3.187500 30.000000 0.187510
v 2.687500 29.937500 -0.249990
v 2.500000 28.812500 -1.499990
v 1.937500 27.500000 -2.374990
v 2.062500 26.687500 -2.312492
v 2.750000 26.875000 -1.812492
v 3.437500 27.500000 -1.312490
v 3.187500 28.000000 -1.562490
v 2.875000 28.937500 -1.187490
v 2.687500 27.625000 -1.999990
v 3.562500 28.687500 2.687510
v 0.000000 26.250000 2.875008
v 0.000000 27.062500 3.187508
v -0.500000 26.250000 3.125008
v -0.875000 24.937500 2.750008
v -1.500000 24.937500 3.000008
v -1.937500 23.625000 2.437508
v -2.250000 24.125000 2.687508
v -2.125000 25.000000 2.812508
v -0.937500 26.250000 3.125008
v -0.562500 26.875000 3.125008
v -2.500000 24.625000 2.562508
v -2.875000 23.125000 2.187508
v -2.250000 23.062500 2.187508
v -2.562500 22.687500 1.937508
v -3.062500 21.937500 0.875008
v -3.000000 21.750000 1.250008
v -3.062500 23.125000 1.500008
v -2.937500 23.687500 2.062508
v 0.000000 27.250000 -2.437490
v -0.312500 26.625000 -2.687492
v -0.875000 26.500000 -2.749992
v -1.062500 26.062500 -2.624992
v -1.000000 25.500000 -2.687492
v -1.375000 25.625000 -2.562492
v -1.562500 24.562500 -2.499992
v -1.937500 24.562500 -2.249992
v -2.062500 23.625000 -2.124992
v -2.375000 23.625000 -1.749992
v -2.562500 22.562500 -1.624992
v -2.750000 22.687500 -1.062492
v -2.875000 22.000000 -1.374992
v -2.437500 21.625000 -1.374992
v -2.437500 21.937500 -1.562492
v -2.125000 22.500000 -1.812492
v -1.625000 23.500000 -2.187492
v -1.062500 24.500000 -2.499992
v -0.562500 25.500000 -2.624992
v 0.250000 27.875000 -2.249990
v 0.625000 28.625000 -1.999990
v 1.187500 29.687500 -1.124990
v 1.437500 30.062500 -0.687490
v 1.625000 30.312500 -0.062490
v 1.750000 30.437500 0.375010
v 1.750000 30.500000 0.875010
v 1.687500 30.625000 1.562510
v 1.375000 30.375000 2.000010
v 0.312500 27.687500 3.187510
v 0.937500 29.125000 3.000010
v -2.437500 30.562500 -0.312490
v -1.937500 30.562500 -0.312490
v -2.312500 30.437500 -0.624990
v -2.250000 30.687500 0.000010
v -1.937500 30.750000 0.062510
v -1.625000 30.687500 0.000010
v -1.500000 30.562500 -0.312490
v -1.625000 30.437500 -0.624990
v -1.937500 30.437500 -0.749990
v -2.750000 30.437500 -0.249990
v -1.937500 30.437500 -0.249990
v -2.500000 30.625000 0.187510
v -2.500000 30.250000 -0.812490
v -1.937500 30.187500 -0.999990
v -1.375000 30.250000 -0.812490
v -1.125000 30.437500 -0.249990
v -1.375000 30.625000 0.187510
v -1.937500 30.687500 0.437510
v -1.937500 30.812500 0.187510
v -2.375000 30.750000 0.000010
v -2.562500 30.625000 -0.312490
v -2.375000 30.500000 -0.749990
v -1.937500 30.437500 -0.937490
v -1.500000 30.500000 -0.749990
v -1.312500 30.625000 -0.312490
v -1.500000 30.750000 0.000010
v 16.937500 28.562500 1.437510
v 16.875000 28.562500 1.437510
v 16.812500 28.312500 1.375010
v 17.375000 28.437500 1.375010
v 17.312500 28.250000 1.375010
v 17.437500 28.437500 1.375010
v 17.562500 28.125000 1.312510
v 17.687500 28.437500 1.375010
v 17.875000 28.125000 1.187510
v 18.000000 28.250000 1.250010
v 17.937500 28.312500 1.062510
v 17.875000 28.187500 1.062510
v 17.750000 28.125000 1.125010
v 17.562500 28.062500 1.125010
v 17.250000 28.125000 1.187510
v 16.687500 28.187500 1.187510
v 16.750000 28.312500 1.062510
v 17.312500 28.250000 1.000010
v 17.562500 28.125000 1.000010
v 17.625000 28.437500 1.000010
v 17.437500 28.500000 1.062510
v 17.375000 28.500000 1.062510
v 16.937500 28.562500 1.062510
v 16.875000 28.625000 1.062510
v 16.312500 28.250000 1.062510
v 16.375000 28.750000 1.062510
v 16.312500 28.687500 1.437510
v 17.000000 28.625000 0.937510
v 17.062500 28.625000 0.937510
v 17.500000 28.250000 0.875010
v 17.687500 28.500000 0.875010
v 17.750000 28.500000 0.875010
v 17.750000 28.187500 0.812510
v 17.937500 28.437500 0.875010
v 18.187500 28.187500 0.750010
v 18.250000 28.312500 0.750010
v 18.250000 28.312500 0.500010
v 18.187500 28.187500 0.500010
v 18.000000 28.062500 0.625010
v 17.750000 28.000000 0.625010
v 17.375000 28.062500 0.625010
v 17.500000 28.250000 0.437510
v 17.750000 28.187500 0.375010
v 17.937500 28.437500 0.437510
v 17.750000 28.562500 0.437510
v 17.625000 28.562500 0.437510
v 17.062500 28.625000 0.437510
v 17.000000 28.687500 0.437510
v 17.062500 28.625000 -0.187490
v 17.750000 28.562500 -0.249990
v 17.625000 28.312500 -0.187490
v 17.812500 28.562500 -0.249990
v 17.875000 28.187500 -0.249990
v 18.000000 28.437500 -0.249990
v 18.312500 28.125000 -0.374990
v 18.375000 28.312500 -0.374990
v 18.312500 28.312500 -0.624990
v 18.312500 28.125000 -0.624990
v 18.187500 28.000000 -0.437490
v 17.875000 28.000000 -0.437490
v 17.437500 28.125000 -0.437490
v 16.875000 28.375000 -0.624990
v 17.562500 28.250000 -0.687490
v 17.812500 28.125000 -0.687490
v 18.000000 28.375000 -0.687490
v 17.812500 28.500000 -0.687490
v 17.687500 28.500000 -0.687490
v 17.062500 28.625000 -0.624990
v 17.000000 28.625000 -0.624990
v 16.250000 28.375000 -0.562490
v 16.312500 28.687500 -0.624990
v 15.562500 28.000000 -0.312490
v 15.687500 28.062500 -0.749990
v 15.875000 28.062500 -0.374990
v 15.000000 27.875000 -0.187490
v 15.250000 28.000000 -0.687490
v 14.875000 28.062500 -0.687490
v 14.125000 28.312500 -0.062490
v 14.875000 27.937500 0.250010
v 15.375000 28.000000 0.125010
v 14.125000 28.062500 0.250010
v 15.937500 28.000000 0.937510
v 16.250000 28.187500 1.250010
v 15.875000 28.187500 1.562510
v 16.187500 28.250000 1.500010
v 16.062500 28.750000 1.500010
v 15.000000 28.125000 1.500010
v 15.000000 28.750000 1.437510
v 15.000000 28.812500 1.125010
v 14.125000 28.625000 -0.124990
v 14.500000 28.437500 -0.624990
v 14.125000 28.875000 -0.062490
v 14.625000 28.750000 -0.624990
v 14.937500 28.875000 -0.249990
v 15.687500 28.687500 -0.749990
v 15.937500 28.687500 -0.562490
v 15.687500 28.250000 -0.812490
v 16.000000 28.312500 -0.562490
v 15.625000 28.375000 -1.124990
v 15.625000 28.625000 -1.312490
v 15.625000 28.625000 -1.374990
v 15.687500 28.312500 -1.624990
v 15.687500 28.500000 -1.749990
v 15.687500 28.500000 -1.812490
v 15.750000 28.312500 -1.874990
v 15.750000 28.500000 -1.999990
v 15.875000 28.187500 -2.187490
v 15.937500 28.312500 -2.249990
v 15.625000 28.250000 -2.374990
v 15.625000 28.125000 -2.312490
v 15.750000 28.062500 -2.062490
v 15.625000 28.062500 -1.749990
v 15.562500 28.125000 -1.562490
v 15.312500 28.125000 -0.937490
v 15.000000 28.312500 -1.187490
v 15.062500 28.562500 -1.374990
v 15.062500 28.562500 -1.437490
v 15.312500 28.187500 -1.749990
v 15.437500 28.187500 -1.937490
v 15.437500 28.375000 -2.124990
v 15.312500 28.375000 -1.937490
v 15.312500 28.375000 -1.874990
v 14.937500 28.875000 0.125010
v 14.125000 29.000000 0.250010
v 14.937500 28.875000 0.625010
v 14.125000 28.937500 0.625010
v 14.125000 28.875000 1.000010
v 14.125000 28.750000 1.250010
v 14.125000 28.312500 1.250010
v 14.937500 28.000000 1.062510
v 14.875000 28.062500 0.500010
v 14.125000 28.125000 0.562510
v 14.125000 28.250000 0.937510
v 5.687500 28.875000 -0.562490
v -0.625000 10.937500 1.437504
v -0.687500 10.375000 1.562504
v -0.437500 10.312500 0.750004
v -0.375000 10.812500 0.625004
v -0.375000 10.250000 0.062504
v -0.312500 10.750000 0.000004
v -0.750000 10.375000 -0.312496
v -0.750000 11.000000 -0.562496
v -1.000000 10.500000 -0.999996
v -1.062500 10.937500 -0.937496
v -2.000000 10.500000 -0.999996
v -1.937500 10.937500 -0.937496
v -2.250000 10.437500 -0.312496
v -2.250000 10.937500 -0.562496
v -2.562500 10.500000 0.375004
v -2.625000 10.937500 0.375004
v -2.375000 10.437500 1.187504
v -2.375000 10.937500 1.125004
v -2.187500 10.437500 1.625004
v -2.187500 10.937500 1.562504
v -1.500000 10.437500 1.750004
v -1.500000 10.937500 1.687504
v 1.312500 9.437500 -0.374996
v 1.625000 9.375000 -0.499996
v 1.562500 8.500000 -0.499998
v 1.000000 8.375000 0.062502
v 0.625000 9.250000 0.187504
v 0.687500 9.750000 0.812504
v 0.875000 9.937500 1.687504
v 0.687500 8.375000 1.250002
v 0.875000 8.437500 2.125002
v 0.437500 7.375000 1.500002
v 0.750000 7.187500 2.562502
v 0.375000 6.437500 1.437502
v 0.750000 6.125000 2.625002
v 0.937500 5.500000 2.187502
v 0.562500 5.562500 1.562502
v 0.312500 6.625000 0.687502
v 0.437500 5.562500 0.875002
v 1.000000 6.937500 0.125002
v 1.000000 5.500000 0.250002
v 1.750000 7.125000 -0.374998
v 1.687500 5.500000 0.000002
v 2.625000 7.250000 -0.062498
v 2.375000 5.500000 0.250002
v 3.062500 7.187500 0.625002
v 2.625000 5.562500 0.937502
v 2.937500 7.062500 1.687502
v 2.562500 5.562500 1.750002
v 2.437500 6.687500 2.625002
v 2.312500 5.500000 2.312502
v 1.625000 6.250000 2.875002
v 1.562500 5.500000 2.437502
v 1.625000 7.375000 2.750002
v 1.625000 8.625000 2.375002
v 1.562500 9.937500 1.937504
v 2.187500 10.000000 1.687504
v 2.250000 8.875000 2.000002
v 2.437500 7.625000 2.562502
v 2.937500 7.875000 1.562502
v 3.062500 7.937500 0.562502
v 2.625000 7.937500 -0.124998
v 1.687500 7.875000 -0.437498
v 1.000000 7.750000 0.062502
v 0.375000 7.562500 0.625002
v 0.562500 8.375000 0.562502
v 2.562500 8.875000 -0.187498
v 2.812500 9.000000 0.500003
v 2.750000 8.937500 1.437502
v -0.375000 14.437500 -1.249996
v -1.000000 14.937500 -1.687496
v -0.250000 14.937500 -1.499996
v -0.187500 13.875000 -0.124996
v -0.250000 14.937500 0.000004
v -0.375000 14.937500 1.812504
v -0.375000 13.812500 1.687504
v -0.312500 12.500000 0.437504
v -0.562500 12.312500 1.312504
v -0.375000 11.562500 -0.187496
v -0.812500 11.312500 -0.624996
v -1.562500 11.375000 -1.124996
v -1.687500 11.875000 -1.312496
v -0.750000 11.875000 -1.062496
v -0.250000 12.062500 -0.437496
v -0.250000 12.500000 -0.624996
v -0.375000 13.875000 -1.124996
v -1.062500 13.937500 -1.749996
v -2.000000 13.937500 -1.812496
v -2.187500 15.187500 -1.812495
v -2.750000 13.937500 -1.499996
v -2.937500 15.125000 -1.437495
v -3.125000 13.875000 -0.749996
v -3.187500 15.125000 -0.749996
v -3.312500 13.812500 0.562504
v -3.375000 15.187500 0.500005
v -3.062500 13.812500 1.437504
v -3.062500 15.187500 1.375005
v -2.750000 13.812500 2.062504
v -2.750000 15.187500 2.000004
v -2.125000 13.812500 2.250004
v -2.187500 15.125000 2.250004
v -1.250000 13.812500 2.187504
v -1.187500 15.000000 2.250004
v -1.312500 12.062500 1.812504
v -2.062500 12.062500 1.875004
v -2.375000 12.062500 1.750004
v -2.687500 12.062500 1.312504
v -2.937500 12.062500 0.500004
v -2.812500 12.062500 -0.562496
v -2.437500 12.062500 -1.062496
v -0.875000 12.437500 -1.312496
v -0.875000 9.937500 1.687504
v -0.687500 9.750000 0.812504
v -0.875000 8.437500 2.125002
v -0.687500 8.375000 1.250002
v -0.750000 7.187500 2.562502
v -0.437500 7.375000 1.500002
v -0.750000 6.125000 2.625002
v -0.375000 6.437500 1.437502
v -0.937500 5.500000 2.187502
v -0.562500 5.562500 1.562502
v -0.312500 6.625000 0.687502
v -0.437500 5.562500 0.875002
v -1.000000 6.937500 0.125002
v -1.000000 5.500000 0.250002
v -1.750000 7.125000 -0.374998
v -1.687500 5.500000 0.000002
v -2.625000 7.250000 -0.062498
v -2.375000 5.500000 0.250002
v -3.062500 7.187500 0.625002
v -2.625000 5.562500 0.937502
v -2.937500 7.062500 1.687502
v -2.562500 5.562500 1.750002
v -2.437500 6.687500 2.625002
v -2.312500 5.500000 2.312502
v -1.625000 6.250000 2.875002
v -1.562500 5.500000 2.437502
v -1.625000 7.375000 2.750002
v -1.625000 8.625000 2.375002
v -1.562500 9.937500 1.937504
v -2.187500 10.000000 1.687504
v -2.437500 10.000000 1.312504
v -2.562500 9.937500 0.375004
v -2.312500 9.687500 -0.187496
v -1.937500 9.937500 -0.812496
v -1.187500 9.937500 -0.812496
v -0.875000 9.562500 -0.062496
v -0.625000 9.250000 0.187504
v -0.562500 8.375000 0.562502
v -0.375000 7.562500 0.625002
v -1.000000 7.750000 0.062502
v -1.687500 7.875000 -0.437498
v -2.625000 7.937500 -0.124998
v -3.062500 7.937500 0.562502
v -2.937500 7.875000 1.562502
v -2.437500 7.625000 2.562502
v -2.250000 8.875000 2.000002
v -2.750000 8.937500 1.437502
v -2.812500 9.000000 0.500003
v -2.562500 8.875000 -0.187498
v -1.562500 8.500000 -0.499998
v -1.000000 8.375000 0.062502
v -1.312500 9.437500 -0.374996
v -1.625000 9.375000 -0.499996
vt 2.684082 3.211914
vt 2.676758 3.216553
vt 2.676758 3.211914
vt 2.684082 3.216553
vt 2.665283 3.193848
vt 2.676758 3.194336
vt 2.665283 3.214600
vt 2.682373 3.345215
vt 2.672607 3.291260
vt 2.682373 3.291260
vt 2.672607 3.345215
vt 2.663818 3.291260
vt 2.663818 3.345215
vt 2.676758 3.235107
vt 2.664307 3.236572
vt 2.676758 3.238281
vt 2.684082 3.235107
vt 2.684082 3.238281
vt 2.672607 3.345215
vt 2.663818 3.291260
vt 2.672607 3.291260
vt 2.663818 3.345215
vt 2.653564 3.291260
vt 2.653564 3.345215
vt 2.679443 3.097412
vt 2.679688 3.100586
vt 2.661865 3.098389
vt 2.675293 3.088135
vt 2.661865 3.077148
vt 2.679688 3.079102
vt 2.675293 3.068604
vt 2.681152 3.077637
vt 2.782471 3.693115
vt 2.778076 3.750732
vt 2.796143 3.750732
vt 2.757812 3.660156
vt 2.758789 3.750732
vt 2.735840 3.750732
vt 2.735840 3.666992
vt 2.758301 3.596191
vt 2.735840 3.598877
vt 2.764404 3.543701
vt 2.735840 3.548340
vt 2.735840 3.529541
vt 2.764404 3.527832
vt 2.786865 3.546875
vt 2.787354 3.522217
vt 2.802490 3.558594
vt 2.801025 3.537598
vt 2.814941 3.545410
vt 2.800537 3.503418
vt 2.815918 3.523682
vt 2.835938 3.546143
vt 2.835693 3.521973
vt 2.853271 3.538818
vt 2.850098 3.506836
vt 2.879883 3.535156
vt 2.875977 3.511230
vt 2.903076 3.504883
vt 2.903809 3.527832
vt 2.903564 3.550049
vt 2.924316 3.524902
vt 2.926758 3.547607
vt 2.960938 3.523438
vt 2.959961 3.544189
vt 2.990723 3.529541
vt 2.990723 3.548340
vt 2.958496 3.586914
vt 2.990723 3.598877
vt 2.965576 3.669922
vt 2.990723 3.666992
vt 2.990723 3.750732
vt 2.965088 3.750732
vt 2.943359 3.674561
vt 2.947998 3.750732
vt 2.928711 3.677490
vt 2.931885 3.750732
vt 2.912109 3.678955
vt 2.914551 3.750732
vt 2.887451 3.681152
vt 2.887695 3.750732
vt 2.861084 3.683105
vt 2.860352 3.750732
vt 2.841553 3.685059
vt 2.841797 3.750732
vt 2.824219 3.681396
vt 2.822266 3.750732
vt 2.803711 3.677490
vt 2.784180 3.670166
vt 2.787109 3.607422
vt 2.786133 3.593262
vt 2.785645 3.574463
vt 2.801514 3.570801
vt 2.814941 3.559814
vt 2.834229 3.561523
vt 2.848145 3.562256
vt 2.882324 3.554688
vt 2.884033 3.600830
vt 2.909180 3.597412
vt 2.929688 3.594727
vt 2.939941 3.592041
vt 2.859863 3.605469
vt 2.845215 3.606445
vt 2.825928 3.603516
vt 2.822754 3.578125
vt 2.802734 3.594727
vt 2.806396 3.614258
vt 2.653564 3.415527
vt 2.653564 3.405762
vt 2.663818 3.405762
vt 2.653564 3.439453
vt 2.663818 3.439453
vt 2.653564 3.467285
vt 2.663818 3.447754
vt 2.691650 3.467285
vt 2.682373 3.447754
vt 2.672607 3.439453
vt 2.672607 3.432861
vt 2.672607 3.405762
vt 2.663818 3.345215
vt 2.653564 3.345215
vt 2.653564 3.345215
vt 2.653564 3.291260
vt 2.663818 3.291260
vt 2.672607 3.345215
vt 2.682373 3.405762
vt 2.682373 3.439453
vt 2.691650 3.439453
vt 2.722412 3.467285
vt 2.722412 3.439453
vt 2.691650 3.415527
vt 2.691650 3.405762
vt 2.722412 3.415527
vt 2.722412 3.405762
vt 2.691650 3.345215
vt 2.722412 3.345215
vt 2.691650 3.345215
vt 2.722412 3.345215
vt 2.722412 3.291260
vt 2.691650 3.291260
vt 2.682373 3.345215
vt 2.672607 3.291260
vt 2.682373 3.291260
vt 2.448242 3.512939
vt 2.434570 3.517090
vt 2.445801 3.500732
vt 2.434570 3.538818
vt 2.421387 3.536865
vt 2.434570 3.562744
vt 2.406738 3.570068
vt 2.401855 3.580322
vt 2.434570 3.572754
vt 2.460938 3.569580
vt 2.453857 3.537842
vt 2.463867 3.580322
vt 2.463623 3.593750
vt 2.476807 3.613770
vt 2.473145 3.623047
vt 2.479492 3.632080
vt 2.468262 3.638672
vt 2.479248 3.650146
vt 2.464844 3.650879
vt 2.463135 3.671875
vt 2.479492 3.670410
vt 2.466064 3.689697
vt 2.477783 3.689697
vt 2.466309 3.733154
vt 2.434570 3.733887
vt 2.437012 3.777100
vt 2.413330 3.737061
vt 2.407715 3.692383
vt 2.391602 3.693359
vt 2.408447 3.673340
vt 2.387695 3.671875
vt 2.383789 3.651611
vt 2.404541 3.652100
vt 2.384033 3.636475
vt 2.400146 3.639893
vt 2.386719 3.614990
vt 2.394775 3.624268
vt 2.404297 3.594238
vt 2.415039 3.588623
vt 2.434570 3.583252
vt 2.452881 3.588379
vt 2.455566 3.622803
vt 2.459229 3.630371
vt 2.456055 3.642334
vt 2.453369 3.650879
vt 2.441895 3.642578
vt 2.442383 3.636475
vt 2.442871 3.631592
vt 2.449707 3.615479
vt 2.434570 3.611572
vt 2.418945 3.616211
vt 2.413086 3.623535
vt 2.409424 3.631348
vt 2.412842 3.643311
vt 2.416016 3.651855
vt 2.427002 3.643066
vt 2.426514 3.636963
vt 2.426270 3.632080
vt 2.427246 3.629639
vt 2.434570 3.622314
vt 2.441650 3.629150
vt 2.428467 3.646729
vt 2.424316 3.661133
vt 2.431396 3.651611
vt 2.434570 3.663818
vt 2.434570 3.653320
vt 2.445801 3.660645
vt 2.438232 3.651611
vt 2.440674 3.646240
vt 2.636963 3.447754
vt 2.603760 3.444824
vt 2.624756 3.426270
vt 2.615723 3.475342
vt 2.590576 3.476318
vt 2.587402 3.490967
vt 2.619873 3.522461
vt 2.574463 3.527100
vt 2.600586 3.547119
vt 2.566162 3.557861
vt 2.587402 3.574951
vt 2.557373 3.605469
vt 2.579346 3.600586
vt 2.554199 3.628906
vt 2.578369 3.624512
vt 2.554688 3.648682
vt 2.577393 3.647217
vt 2.556396 3.669189
vt 2.579102 3.669189
vt 2.561035 3.686279
vt 2.583252 3.690674
vt 2.569824 3.726074
vt 2.590332 3.724121
vt 2.583984 3.753418
vt 2.606689 3.739258
vt 2.618896 3.786865
vt 2.645508 3.770508
vt 2.632324 3.732422
vt 2.666016 3.753662
vt 2.689453 3.739014
vt 2.688477 3.705566
vt 2.648682 3.710449
vt 2.697510 3.676514
vt 2.656250 3.687500
vt 2.704590 3.660156
vt 2.660400 3.666016
vt 2.715820 3.642090
vt 2.662842 3.647705
vt 2.718506 3.623047
vt 2.665039 3.628906
vt 2.706543 3.599121
vt 2.660400 3.605713
vt 2.693604 3.571045
vt 2.652344 3.579102
vt 2.670410 3.550537
vt 2.632080 3.562256
vt 2.620605 3.584229
vt 2.640137 3.508301
vt 2.649658 3.466309
vt 2.668457 3.489746
vt 2.676270 3.533447
vt 2.701660 3.512695
vt 2.621094 3.609375
vt 2.615723 3.628418
vt 2.611084 3.648438
vt 2.612793 3.668213
vt 2.617676 3.691162
vt 2.623047 3.717529
vt 2.129395 3.618896
vt 2.129395 3.654541
vt 2.118896 3.654541
vt 2.117188 3.618896
vt 2.114014 3.654541
vt 2.112305 3.618896
vt 2.101318 3.654541
vt 2.099609 3.618896
vt 2.088623 3.654541
vt 2.089111 3.618896
vt 2.083008 3.654541
vt 2.081787 3.618896
vt 2.075684 3.654541
vt 2.075928 3.618896
vt 2.065918 3.654541
vt 2.066406 3.618896
vt 2.054932 3.654541
vt 2.055664 3.618896
vt 2.045898 3.654541
vt 2.046631 3.618896
vt 2.038086 3.654541
vt 2.038818 3.618896
vt 2.030518 3.654541
vt 2.031738 3.618896
vt 2.011963 3.654541
vt 2.011963 3.618896
vt 2.615234 3.287109
vt 2.641357 3.287842
vt 2.640869 3.294922
vt 2.614746 3.293945
vt 2.614502 3.303223
vt 2.607666 3.297852
vt 2.607666 3.307129
vt 2.612793 3.315186
vt 2.603271 3.324951
vt 2.639404 3.330078
vt 2.641357 3.317627
vt 2.640625 3.305176
vt 2.645996 3.305176
vt 2.645996 3.318115
vt 2.645996 3.295654
vt 2.678223 3.772461
vt 2.731934 3.760010
vt 2.720215 3.795166
vt 2.681641 3.809570
vt 2.672119 3.830566
vt 2.635986 3.844482
vt 2.661377 3.869873
vt 2.695801 3.871338
vt 2.704590 3.846924
vt 2.710938 3.823486
vt 2.454346 3.665283
vt 2.434570 3.669922
vt 2.416260 3.666260
vt 2.434570 3.677979
vt 2.434570 3.691895
vt 2.250488 3.583496
vt 2.213623 3.577637
vt 2.239502 3.560791
vt 2.248535 3.610107
vt 2.203125 3.605469
vt 2.196777 3.630127
vt 2.151367 3.596191
vt 2.136963 3.622070
vt 2.198730 3.650879
vt 2.138428 3.643066
vt 2.200928 3.670654
vt 2.149902 3.663818
vt 2.206055 3.694580
vt 2.157471 3.682373
vt 2.215576 3.719727
vt 2.167725 3.715576
vt 2.229736 3.746826
vt 2.173096 3.750977
vt 2.200195 3.773682
vt 2.187500 3.793457
vt 2.148682 3.783936
vt 2.151611 3.820312
vt 2.188477 3.832764
vt 2.164795 3.850586
vt 2.202393 3.852539
vt 2.181396 3.874512
vt 2.193604 3.895996
vt 2.211914 3.874023
vt 2.241943 3.799072
vt 2.246338 3.849365
vt 2.278076 3.818115
vt 2.309082 3.772705
vt 2.347412 3.802734
vt 2.356934 3.783203
vt 2.399414 3.783203
vt 2.374023 3.733398
vt 2.326172 3.733887
vt 2.355469 3.690186
vt 2.342529 3.692139
vt 2.351562 3.673096
vt 2.321045 3.674805
vt 2.345703 3.651123
vt 2.320557 3.651855
vt 2.347900 3.631104
vt 2.319580 3.630127
vt 2.349609 3.618164
vt 2.341309 3.596436
vt 2.362793 3.585449
vt 2.358887 3.537842
vt 2.389893 3.534180
vt 2.382568 3.499268
vt 2.406250 3.506348
vt 2.376709 3.471924
vt 2.433838 3.474365
vt 2.375977 3.462402
vt 2.374756 3.432861
vt 2.343018 3.462891
vt 2.334717 3.431152
vt 2.305908 3.468506
vt 2.278564 3.429688
vt 2.241455 3.429688
vt 2.239258 3.447998
vt 2.266602 3.487549
vt 2.227295 3.467285
vt 2.234619 3.508057
vt 2.208984 3.489014
vt 2.174316 3.510010
vt 2.191895 3.529053
vt 2.251465 3.520996
vt 2.193604 3.547607
vt 2.270020 3.538818
vt 2.285645 3.574463
vt 2.292969 3.602295
vt 2.253418 3.630371
vt 2.258301 3.651855
vt 2.256592 3.673096
vt 2.251709 3.697998
vt 2.239746 3.729736
vt 2.260742 3.753418
vt 2.220703 3.788086
vt 2.282227 3.765137
vt 2.299316 3.736816
vt 2.316406 3.694336
vt 2.292480 3.696289
vt 2.297607 3.673340
vt 2.295654 3.650146
vt 2.294189 3.626465
vt 2.317871 3.605713
vt 2.328613 3.546875
vt 2.353760 3.498535
vt 2.347412 3.474121
vt 2.313721 3.482910
vt 2.278809 3.504883
vt 2.295898 3.519531
vt 2.307373 3.556885
vt 2.321777 3.504883
vt 2.272949 3.738037
vt 2.438477 3.828613
vt 2.437744 3.802490
vt 2.460938 3.823730
vt 2.477051 3.864258
vt 2.502441 3.861328
vt 2.526855 3.908447
vt 2.536377 3.892090
vt 2.534912 3.857422
vt 2.481689 3.818848
vt 2.461182 3.802002
vt 2.556152 3.873535
vt 2.569092 3.926025
vt 2.547363 3.925537
vt 2.561768 3.941406
vt 2.614258 3.967773
vt 2.595947 3.975342
vt 2.624512 3.994629
vt 2.629883 3.977783
vt 2.633789 3.965576
vt 2.601318 3.928711
vt 2.582031 3.906006
vt 2.433350 3.489502
vt 2.447266 3.469727
vt 2.472412 3.467285
vt 2.481689 3.454346
vt 2.477051 3.436523
vt 2.493896 3.439209
vt 2.500488 3.404541
vt 2.519043 3.406982
vt 2.525391 3.375977
vt 2.546631 3.377197
vt 2.558838 3.342773
vt 2.575439 3.347412
vt 2.572266 3.326660
vt 2.562500 3.297852
vt 2.553955 3.323486
vt 2.537842 3.341064
vt 2.507568 3.372314
vt 2.482910 3.404785
vt 2.460449 3.435059
vt 2.419189 3.510010
vt 2.407471 3.533936
vt 2.386719 3.577148
vt 2.376953 3.595703
vt 2.369385 3.617432
vt 2.367432 3.634521
vt 2.365479 3.650146
vt 2.367676 3.666992
vt 2.374268 3.687988
vt 2.008545 3.493896
vt 2.021729 3.511230
vt 2.007812 3.518311
vt 2.007812 3.465576
vt 2.041992 3.499512
vt 2.057861 3.562988
vt 2.077637 3.560303
vt 2.104980 3.610840
vt 2.085693 3.614258
vt 2.039062 3.567383
vt 2.061279 3.613037
vt 2.398438 3.906494
vt 2.333252 3.906494
vt 2.375732 3.862793
vt 2.378662 3.952637
vt 2.333252 3.972656
vt 2.287354 3.952393
vt 2.270996 3.906494
vt 2.290283 3.862549
vt 2.333252 3.844971
vt 2.423340 3.906494
vt 2.333252 3.906494
vt 2.395752 3.970215
vt 2.396240 3.842529
vt 2.333252 3.816406
vt 2.270508 3.842773
vt 2.245850 3.906494
vt 2.270508 3.970215
vt 2.333252 3.996826
vt 2.333496 3.983154
vt 2.386230 3.960449
vt 2.409180 3.906738
vt 2.384033 3.854736
vt 2.333252 3.832275
vt 2.281738 3.854004
vt 2.260742 3.906738
vt 2.280029 3.960449
vt 2.653564 3.345215
vt 2.653564 3.345215
vt 2.663818 3.345215
vt 2.653564 3.405762
vt 2.663818 3.405762
vt 2.653564 3.415527
vt 2.663818 3.439453
vt 2.653564 3.439453
vt 2.663818 3.447754
vt 2.653564 3.467285
vt 2.691650 3.467285
vt 2.682373 3.447754
vt 2.672607 3.439453
vt 2.672607 3.432861
vt 2.672607 3.405762
vt 2.672607 3.345215
vt 2.682373 3.345215
vt 2.682373 3.405762
vt 2.682373 3.439453
vt 2.691650 3.439453
vt 2.722412 3.467285
vt 2.722412 3.439453
vt 2.691650 3.415527
vt 2.691650 3.405762
vt 2.691650 3.345215
vt 2.691650 3.345215
vt 2.682373 3.291260
vt 2.691650 3.291260
vt 2.722412 3.291260
vt 2.722412 3.345215
vt 2.722412 3.345215
vt 2.722412 3.405762
vt 2.722412 3.415527
vt 2.653564 3.291260
vt 2.653564 3.345215
vt 2.653564 3.345215
vt 2.663818 3.405762
vt 2.653564 3.405762
vt 2.653564 3.415527
vt 2.663818 3.439453
vt 2.653564 3.439453
vt 2.663818 3.447754
vt 2.653564 3.467285
vt 2.691650 3.467285
vt 2.682373 3.447754
vt 2.672607 3.439453
vt 2.672607 3.432861
vt 2.672607 3.405762
vt 2.682373 3.405762
vt 2.682373 3.439453
vt 2.691650 3.439453
vt 2.722412 3.467285
vt 2.722412 3.439453
vt 2.691650 3.415527
vt 2.691650 3.405762
vt 2.691650 3.345215
vt 2.691650 3.345215
vt 2.691650 3.291260
vt 2.722412 3.291260
vt 2.722412 3.345215
vt 2.722412 3.345215
vt 2.722412 3.405762
vt 2.722412 3.415527
vt 2.653564 3.345215
vt 2.653564 3.405762
vt 2.663818 3.405762
vt 2.653564 3.415527
vt 2.663818 3.439453
vt 2.653564 3.439453
vt 2.663818 3.447754
vt 2.653564 3.467285
vt 2.691650 3.467285
vt 2.682373 3.447754
vt 2.672607 3.439453
vt 2.672607 3.432861
vt 2.672607 3.405762
vt 2.682373 3.345215
vt 2.682373 3.405762
vt 2.682373 3.439453
vt 2.691650 3.439453
vt 2.722412 3.467285
vt 2.722412 3.439453
vt 2.691650 3.415527
vt 2.691650 3.405762
vt 2.691650 3.345215
vt 2.691650 3.345215
vt 2.682373 3.291260
vt 2.691650 3.291260
vt 2.722412 3.291260
vt 2.722412 3.345215
vt 2.722412 3.345215
vt 2.722412 3.405762
vt 2.722412 3.415527
vt 2.641846 3.065430
vt 2.648193 3.042725
vt 2.660156 3.060791
vt 2.623291 3.070068
vt 2.632812 3.045166
vt 2.614014 3.045898
vt 2.581055 3.080566
vt 2.617920 3.086914
vt 2.628906 3.084473
vt 2.581299 3.095215
vt 2.675537 3.109619
vt 2.660156 3.118896
vt 2.679932 3.121826
vt 2.677490 3.127197
vt 2.674072 3.137939
vt 2.657715 3.148682
vt 2.671875 3.149658
vt 2.663574 3.171143
vt 2.625000 3.146973
vt 2.623535 3.171631
vt 2.621582 3.190430
vt 2.676758 3.171631
vt 2.676758 3.189941
vt 2.684082 3.189941
vt 2.684082 3.194336
vt 2.606934 3.289307
vt 2.580811 3.269531
vt 2.585449 3.259521
vt 2.608154 3.273438
vt 2.587402 3.246094
vt 2.615967 3.267578
vt 2.622803 3.249268
vt 2.653564 3.264893
vt 2.662842 3.256348
vt 2.657471 3.277344
vt 2.668945 3.270020
vt 2.656494 3.288086
vt 2.674316 3.286621
vt 2.672607 3.291260
vt 2.663818 3.291260
vt 2.653564 3.291260
vt 2.663818 3.291260
vt 2.668213 3.291260
vt 2.663818 3.345215
vt 2.653564 3.291260
vt 2.653564 3.345215
vt 2.653564 3.345215
vt 2.663818 3.405762
vt 2.653564 3.405762
vt 2.653564 3.405762
vt 2.663818 3.439453
vt 2.653564 3.439453
vt 2.663818 3.447754
vt 2.653564 3.467285
vt 2.691650 3.467285
vt 2.682373 3.447754
vt 2.672607 3.439453
vt 2.672607 3.432861
vt 2.672607 3.405762
vt 2.672607 3.345215
vt 2.672607 3.291260
vt 2.682373 3.345215
vt 2.677490 3.291260
vt 2.682373 3.291260
vt 2.691650 3.345215
vt 2.691650 3.291260
vt 2.722412 3.291260
vt 2.722412 3.345215
vt 2.691650 3.345215
vt 2.682373 3.405762
vt 2.682373 3.439453
vt 2.691650 3.439453
vt 2.722412 3.467285
vt 2.722412 3.439453
vt 2.691650 3.405762
vt 2.691650 3.405762
vt 2.722412 3.345215
vt 2.722412 3.405762
vt 2.722412 3.405762
vt 2.680176 3.263428
vt 2.676758 3.252686
vt 2.621094 3.231201
vt 2.583252 3.229980
vt 2.620361 3.210449
vt 2.580566 3.210205
vt 2.580811 3.190430
vt 2.583740 3.174805
vt 2.585449 3.149170
vt 2.619629 3.126221
vt 2.617920 3.101807
vt 2.681641 3.054443
vt 2.581543 3.110596
vt 2.581787 3.132812
vt 2.168945 3.566895
vt 2.013184 3.655029
vt 2.013184 3.618896
vt 2.026123 3.618896
vt 2.025879 3.655029
vt 2.036377 3.618896
vt 2.036133 3.655029
vt 2.042480 3.618896
vt 2.043213 3.655029
vt 2.048828 3.618896
vt 2.048828 3.655029
vt 2.058350 3.618896
vt 2.057617 3.655029
vt 2.066162 3.618896
vt 2.063965 3.655029
vt 2.078125 3.618896
vt 2.079346 3.655029
vt 2.089111 3.618896
vt 2.088867 3.655029
vt 2.098389 3.618896
vt 2.099609 3.655029
vt 2.114990 3.618896
vt 2.114502 3.655029
vt 2.128418 3.618896
vt 2.128418 3.655029
vt 2.820801 3.499023
vt 2.832031 3.497803
vt 2.826172 3.450439
vt 2.799316 3.444824
vt 2.788086 3.490234
vt 2.764160 3.506836
vt 2.735840 3.505859
vt 2.755127 3.442383
vt 2.738037 3.447998
vt 2.752686 3.389648
vt 2.738037 3.390137
vt 2.755615 3.340088
vt 2.737305 3.345215
vt 2.731445 3.308838
vt 2.751465 3.308838
vt 2.775146 3.345703
vt 2.776367 3.308838
vt 2.800049 3.384277
vt 2.802979 3.308838
vt 2.825928 3.384033
vt 2.824463 3.308838
vt 2.849365 3.381836
vt 2.848633 3.308838
vt 2.870850 3.368164
vt 2.873291 3.308838
vt 2.899658 3.361328
vt 2.904053 3.308838
vt 2.932373 3.353760
vt 2.934082 3.308838
vt 2.961182 3.343994
vt 2.961182 3.308838
vt 2.993164 3.308838
vt 2.990723 3.345215
vt 2.964600 3.387939
vt 2.990723 3.390137
vt 2.965088 3.441406
vt 2.990723 3.447998
vt 2.962402 3.500488
vt 2.990723 3.505859
vt 2.923340 3.502197
vt 2.934814 3.447510
vt 2.934814 3.389648
vt 2.903564 3.399170
vt 2.874023 3.406738
vt 2.850830 3.414795
vt 2.825684 3.418945
vt 2.800049 3.411377
vt 2.775879 3.399658
vt 2.776855 3.440430
vt 2.853516 3.460693
vt 2.877441 3.458740
vt 2.907227 3.451660
vt 2.782471 3.693115
vt 2.796143 3.750732
vt 2.778076 3.750732
vt 2.757812 3.660156
vt 2.758789 3.750732
vt 2.735840 3.750732
vt 2.735840 3.666992
vt 2.758301 3.596191
vt 2.735840 3.598877
vt 2.735840 3.548340
vt 2.764404 3.543701
vt 2.785645 3.574463
vt 2.786865 3.546875
vt 2.801514 3.570801
vt 2.802490 3.558594
vt 2.814941 3.559814
vt 2.822754 3.578125
vt 2.834229 3.561523
vt 2.825928 3.603516
vt 2.802734 3.594727
vt 2.786133 3.593262
vt 2.787109 3.607422
vt 2.784180 3.670166
vt 2.803711 3.677490
vt 2.824219 3.681396
vt 2.822266 3.750732
vt 2.841553 3.685059
vt 2.841797 3.750732
vt 2.861084 3.683105
vt 2.860352 3.750732
vt 2.887451 3.681152
vt 2.887695 3.750732
vt 2.912109 3.678955
vt 2.914551 3.750732
vt 2.928711 3.677490
vt 2.931885 3.750732
vt 2.943359 3.674561
vt 2.947998 3.750732
vt 2.965576 3.669922
vt 2.965088 3.750732
vt 2.990723 3.750732
vt 2.990723 3.666992
vt 2.958496 3.586914
vt 2.990723 3.598877
vt 2.990723 3.548340
vt 2.959961 3.544189
vt 2.939941 3.592041
vt 2.929688 3.594727
vt 2.909180 3.597412
vt 2.884033 3.600830
vt 2.859863 3.605469
vt 2.845215 3.606445
vt 2.806396 3.614258
vt 2.926758 3.547607
vt 2.903564 3.550049
vt 2.882324 3.554688
vt 2.848145 3.562256
vt 2.764404 3.527832
vt 2.735840 3.529541
vt 2.735840 3.505859
vt 2.764160 3.506836
vt 2.738037 3.447998
vt 2.755127 3.442383
vt 2.738037 3.390137
vt 2.752686 3.389648
vt 2.737305 3.345215
vt 2.755615 3.340088
vt 2.731445 3.308838
vt 2.751465 3.308838
vt 2.775146 3.345703
vt 2.776367 3.308838
vt 2.800049 3.384277
vt 2.802979 3.308838
vt 2.825928 3.384033
vt 2.824463 3.308838
vt 2.849365 3.381836
vt 2.848633 3.308838
vt 2.870850 3.368164
vt 2.873291 3.308838
vt 2.899658 3.361328
vt 2.904053 3.308838
vt 2.932373 3.353760
vt 2.934082 3.308838
vt 2.961182 3.343994
vt 2.961182 3.308838
vt 2.993164 3.308838
vt 2.990723 3.345215
vt 2.964600 3.387939
vt 2.990723 3.390137
vt 2.965088 3.441406
vt 2.990723 3.447998
vt 2.962402 3.500488
vt 2.990723 3.505859
vt 2.990723 3.529541
vt 2.960938 3.523438
vt 2.923340 3.502197
vt 2.924316 3.524902
vt 2.903076 3.504883
vt 2.903809 3.527832
vt 2.875977 3.511230
vt 2.879883 3.535156
vt 2.850098 3.506836
vt 2.853271 3.538818
vt 2.835693 3.521973
vt 2.835938 3.546143
vt 2.815918 3.523682
vt 2.814941 3.545410
vt 2.800537 3.503418
vt 2.801025 3.537598
vt 2.788086 3.490234
vt 2.787354 3.522217
vt 2.776855 3.440430
vt 2.775879 3.399658
vt 2.800049 3.411377
vt 2.825684 3.418945
vt 2.850830 3.414795
vt 2.874023 3.406738
vt 2.903564 3.399170
vt 2.934814 3.389648
vt 2.934814 3.447510
vt 2.907227 3.451660
vt 2.877441 3.458740
vt 2.853516 3.460693
vt 2.826172 3.450439
vt 2.799316 3.444824
vt 2.820801 3.499023
vt 2.832031 3.497803
vn 0.6152 -0.5615 -0.5535
vn 0.5681 0.7231 0.3931
vn 0.4046 0.9063 -0.1220
vn 0.5076 -0.7295 0.4584
vn 0.1338 0.9836 0.1211
vn 0.5719 0.6735 0.4684
vn 0.0943 0.9955 -0.0010
vn -0.0080 -0.4075 -0.9132
vn 0.3179 -0.9447 -0.0802
vn -0.0309 -0.9992 0.0261
vn 0.5383 -0.7078 0.4574
vn -0.0298 -0.4908 0.8708
vn 0.2967 0.8305 -0.4714
vn 0.0216 0.9940 -0.1069
vn 0.2463 0.8911 0.3812
vn 0.6209 -0.7682 -0.1561
vn 0.2960 -0.4792 0.8263
vn 0.0619 -0.9979 0.0210
vn 0.3535 -0.9308 -0.0928
vn 0.0833 -0.2423 0.9666
vn 0.3060 0.7985 0.5184
vn 0.2457 -0.9693 -0.0069
vn 0.2843 -0.9485 -0.1398
vn 0.2546 -0.9652 -0.0591
vn -0.7275 -0.2324 -0.6455
vn 0.1365 -0.7621 -0.6329
vn -0.4869 -0.2663 -0.8318
vn -0.9974 -0.0535 -0.0476
vn -0.6981 -0.5123 -0.5002
vn -0.4267 -0.5266 0.7353
vn -0.8697 -0.1340 0.4751
vn -0.9902 -0.0694 0.1212
vn -0.8032 -0.1088 0.5857
vn -0.9813 -0.0212 0.1913
vn -0.6682 0.0056 0.7439
vn -0.6967 -0.0033 0.7173
vn -0.9568 -0.1915 0.2188
vn -0.9558 -0.0453 -0.2905
vn -0.9045 -0.2866 -0.3159
vn -0.7683 -0.0558 -0.6376
vn -0.6831 -0.2843 -0.6727
vn -0.5602 -0.1110 -0.8209
vn -0.6668 -0.3313 -0.6676
vn -0.2860 -0.5092 -0.8117
vn 0.5175 -0.1377 -0.8445
vn 0.3873 -0.4258 -0.8177
vn 0.9076 -0.1197 -0.4023
vn 0.7758 -0.0179 -0.6307
vn 0.9989 -0.0039 -0.0476
vn 0.9816 0.1528 -0.1147
vn 0.8994 0.2144 0.3810
vn 0.9244 0.1224 0.3613
vn 0.9212 -0.1418 0.3623
vn 0.7014 0.0938 0.7065
vn 0.5066 -0.0707 0.8593
vn 0.0648 0.2038 0.9769
vn -0.0871 -0.0168 0.9961
vn -0.3232 -0.1289 0.9375
vn -0.3312 -0.1619 0.9296
vn -0.0768 -0.2276 0.9707
vn 0.1346 -0.1211 0.9835
vn 0.3521 -0.2696 0.8963
vn 0.5922 -0.0956 0.8001
vn 0.6874 -0.5358 0.4903
vn 0.9046 -0.1083 0.4123
vn 0.9315 -0.1098 0.3469
vn 0.9852 -0.1299 0.1118
vn 0.9157 -0.4018 0.0029
vn 0.9353 -0.1318 -0.3283
vn 0.9448 -0.1855 -0.2701
vn 0.6835 -0.1752 -0.7087
vn 0.5859 -0.4393 -0.6810
vn 0.1659 -0.0869 -0.9823
vn 0.3472 -0.3507 -0.8698
vn -0.3867 -0.1237 -0.9139
vn -0.8446 -0.1023 -0.5255
vn -0.9517 -0.0990 -0.2906
vn -0.9227 -0.2036 -0.3274
vn -0.9446 -0.1998 -0.2604
vn -0.6990 -0.1701 -0.6946
vn -0.4165 -0.0395 -0.9083
vn 0.3352 0.0986 -0.9370
vn 0.7706 -0.1942 -0.6070
vn 0.9631 -0.2478 -0.1055
vn 0.9576 -0.2564 0.1315
vn 0.8824 -0.2531 0.3967
vn 0.6579 -0.2488 0.7109
vn 0.1135 -0.2055 0.9721
vn 0.9055 -0.2799 -0.3189
vn 0.6524 -0.3152 -0.6892
vn 0.0120 -0.3272 -0.9449
vn 0.3028 -0.2215 -0.9270
vn -0.5878 -0.4170 -0.6932
vn -0.5810 -0.2220 -0.7830
vn 0.2615 0.7915 0.5524
vn 0.2092 0.7234 0.6580
vn -0.0152 -0.4456 0.8951
vn 0.3504 0.5866 0.7301
vn 0.0935 -0.4954 0.8636
vn 0.6598 0.3122 0.6835
vn 0.5987 -0.7400 0.3066
vn 0.8441 -0.1217 -0.5223
vn 0.3777 -0.5739 -0.7266
vn 0.2108 -0.9771 0.0275
vn -0.1768 -0.9818 0.0700
vn -0.2060 -0.9560 0.2089
vn 0.0412 -0.3371 0.9406
vn 0.1883 0.8448 0.5009
vn 0.0861 0.6958 0.7130
vn 0.0783 -0.9961 0.0414
vn -0.1433 -0.5264 -0.8381
vn 0.0019 -0.4557 -0.8901
vn 0.2681 0.6292 -0.7295
vn 0.1311 0.6850 -0.7167
vn 0.1047 0.6718 -0.7333
vn 0.1898 0.7521 -0.6311
vn 0.1720 0.8607 -0.4792
vn -0.0000 -0.3326 -0.9431
vn -0.0760 0.4227 -0.9031
vn -0.2794 0.4200 -0.8635
vn -0.1573 0.4357 -0.8862
vn -0.1967 0.4278 -0.8822
vn -0.2345 0.5119 -0.8264
vn -0.0988 0.6757 -0.7305
vn -0.1048 0.7358 -0.6691
vn -0.1182 0.8283 -0.5476
vn 0.0131 0.8514 -0.5244
vn 0.0750 0.6925 -0.7175
vn -0.0944 0.4553 -0.8853
vn 0.1217 0.8503 -0.5120
vn -0.1759 0.6884 -0.7037
vn -0.3549 0.7293 -0.5849
vn -0.7722 0.3574 -0.5253
vn -0.8569 0.4535 -0.2450
vn -0.9378 0.3342 -0.0942
vn -0.8118 0.5838 0.0129
vn -0.8822 0.3635 0.2992
vn -0.3323 0.6866 0.6466
vn -0.2182 0.9021 0.3722
vn -0.0486 0.6228 0.7809
vn -0.0807 0.6248 0.7766
vn 0.2862 0.4703 0.8348
vn -0.0541 0.4245 0.9038
vn -0.3960 0.2722 0.8770
vn -0.2956 0.4692 0.8321
vn -0.0095 0.6129 0.7901
vn 0.0603 0.7141 0.6974
vn 0.3255 0.7046 0.6305
vn 0.1888 0.9525 0.2391
vn 0.4301 0.8984 -0.0885
vn 0.8972 0.3579 0.2586
vn 0.5942 0.7930 -0.1347
vn 0.9022 0.4028 -0.1540
vn 0.3626 0.7980 -0.4814
vn 0.6698 0.5235 -0.5266
vn 0.2017 0.6358 -0.7450
vn -0.0239 0.6299 -0.7763
vn 0.0636 0.5947 -0.8014
vn -0.0575 0.5497 -0.8334
vn -0.6395 0.1282 -0.7580
vn -0.9303 0.1145 -0.3484
vn -0.9860 0.1567 0.0577
vn -0.8805 0.1502 0.4495
vn -0.9901 -0.0700 0.1216
vn -0.9896 -0.0550 -0.1326
vn -0.8449 -0.1508 -0.5133
vn -0.4413 -0.0294 -0.8969
vn 0.1408 0.0502 -0.9888
vn 0.3063 0.2089 -0.9287
vn 0.5138 0.2364 -0.8247
vn 0.9096 0.1374 -0.3921
vn 0.9890 0.1476 0.0104
vn 0.8992 0.1801 0.3988
vn 0.9898 -0.0372 0.1378
vn 0.9569 -0.0615 -0.2839
vn 0.7173 -0.0468 -0.6952
vn 0.5343 0.0345 -0.8446
vn 0.3310 -0.4647 -0.8213
vn -0.3898 -0.3689 -0.8438
vn 0.8673 0.0412 0.4961
vn 0.4636 0.2679 0.8446
vn -0.0571 -0.7138 0.6980
vn -0.0070 0.3522 0.9359
vn -0.3075 0.1224 0.9436
vn -0.2596 0.3667 0.8934
vn -0.9738 -0.0557 0.2203
vn -0.4597 -0.1272 0.8789
vn -0.9624 0.1480 -0.2279
vn -0.9825 0.1649 0.0870
vn -0.9132 0.4059 -0.0367
vn -0.9270 -0.3696 -0.0638
vn -0.9729 -0.0469 0.2266
vn -0.9194 -0.3698 -0.1340
vn -0.5827 -0.4739 -0.6602
vn -0.2203 -0.0042 -0.9754
vn -0.1698 0.1777 -0.9693
vn 0.2375 0.3889 -0.8902
vn 0.0622 0.5934 -0.8025
vn -0.1530 0.9540 -0.2580
vn -0.1165 0.8999 -0.4202
vn -0.3304 0.9289 -0.1671
vn -0.0852 0.9833 -0.1606
vn -0.4972 0.8676 0.0010
vn -0.1404 0.9859 0.0909
vn -0.5541 0.8174 0.1576
vn -0.1959 0.9341 0.2983
vn -0.5513 0.7266 0.4101
vn -0.1846 0.7951 0.5777
vn -0.2893 0.4329 0.8538
vn -0.2046 0.4277 0.8804
vn -0.4253 0.0406 0.9042
vn -0.4713 -0.0781 0.8785
vn -0.9148 -0.3241 0.2409
vn -0.8118 -0.4543 0.3670
vn -0.4530 -0.2758 0.8478
vn -0.6471 -0.6735 0.3573
vn -0.5463 -0.5790 0.6053
vn -0.4514 0.0811 0.8886
vn -0.3859 0.2606 0.8850
vn -0.1603 0.7057 0.6901
vn -0.2570 0.6983 0.6680
vn -0.2608 0.9014 0.3457
vn -0.2625 0.8271 0.4971
vn -0.3936 0.9015 0.1797
vn -0.2723 0.9250 0.2651
vn -0.3700 0.9242 -0.0942
vn -0.2626 0.9503 -0.1673
vn -0.3595 0.6929 -0.6250
vn -0.2260 0.7160 -0.6605
vn -0.2271 0.1783 -0.9574
vn -0.2052 0.3210 -0.9246
vn -0.4912 -0.3344 -0.8043
vn -0.3653 0.1781 -0.9137
vn -0.1087 0.5787 -0.8083
vn -0.5679 -0.7566 -0.3241
vn -0.8001 -0.5270 -0.2865
vn -0.5718 -0.8010 -0.1775
vn -0.5242 -0.8005 -0.2906
vn -0.3735 -0.9270 -0.0333
vn 0.0192 0.8064 -0.5911
vn 0.0930 0.9831 -0.1574
vn 0.0805 0.9770 0.1973
vn -0.0118 0.8876 0.4605
vn -0.1220 0.7442 0.6567
vn -0.2801 0.3128 0.9076
vn -0.1628 -0.9822 -0.0939
vn -0.1718 -0.9783 -0.1160
vn -0.1662 -0.9851 0.0446
vn -0.1891 -0.9785 0.0820
vn -0.2465 -0.7556 0.6068
vn -0.2160 -0.7096 0.6707
vn -0.1649 -0.0609 0.9844
vn -0.1703 -0.0058 0.9854
vn -0.2750 0.4713 0.8380
vn -0.2422 0.6293 0.7385
vn -0.2171 0.9549 0.2025
vn -0.1855 0.9775 0.1000
vn -0.1256 0.9917 0.0269
vn -0.1194 0.9926 0.0222
vn -0.1806 0.9803 -0.0798
vn -0.1616 0.9808 -0.1090
vn -0.1929 0.7123 -0.6748
vn -0.1537 0.7895 -0.5942
vn -0.2367 0.2678 -0.9339
vn -0.1780 0.3052 -0.9355
vn -0.3108 -0.4423 -0.8413
vn -0.2056 -0.5679 -0.7970
vn -0.1639 -0.8990 -0.4062
vn -0.1335 -0.9166 -0.3769
vn -0.3533 -0.7262 -0.5897
vn -0.5182 -0.5371 0.6656
vn -0.5098 -0.6767 0.5312
vn -0.4213 -0.7005 -0.5760
vn -0.7751 -0.0033 -0.6318
vn -0.4603 -0.0550 -0.8861
vn -0.1947 0.7038 -0.6832
vn -0.6222 0.5369 -0.5698
vn -0.7478 0.5745 0.3329
vn -0.5816 0.5274 0.6193
vn -0.7215 0.0393 0.6913
vn -0.4469 0.0079 0.8946
vn -0.5915 -0.8063 -0.0025
vn -0.8208 -0.5266 -0.2212
vn -0.9712 -0.0448 -0.2340
vn -0.8811 0.1672 -0.4424
vn -0.9730 0.1379 -0.1851
vn -0.5365 0.4659 0.7037
vn -0.0007 0.5019 0.8649
vn 0.4506 0.4813 0.7519
vn -0.0009 0.6106 0.7920
vn -0.0128 0.5727 0.8197
vn 0.0756 0.6165 -0.7837
vn 0.1666 0.4564 -0.8740
vn 0.1986 0.0852 -0.9764
vn 0.0155 0.8065 -0.5910
vn 0.1886 0.7310 -0.6558
vn 0.2286 0.9566 -0.1808
vn 0.3753 0.6322 -0.6779
vn 0.4120 0.9000 -0.1426
vn 0.2692 0.9256 0.2659
vn 0.3481 0.9216 0.1716
vn 0.2565 0.8295 0.4961
vn 0.2788 0.9206 0.2736
vn 0.1940 0.7026 0.6846
vn 0.1300 0.7106 0.6915
vn 0.2897 0.3208 0.9017
vn 0.3403 -0.0069 0.9403
vn 0.4068 -0.2394 0.8816
vn 0.4868 -0.8019 0.3463
vn 0.6393 -0.5887 0.4947
vn 0.6262 -0.7776 -0.0564
vn 0.3932 -0.9149 -0.0916
vn 0.5862 -0.7868 -0.1931
vn 0.7924 -0.5388 -0.2861
vn 0.8495 -0.4605 -0.2573
vn 0.9543 -0.0770 -0.2889
vn 0.9770 0.0489 -0.2074
vn 0.9468 0.2321 -0.2229
vn 0.9647 0.1165 -0.2363
vn 0.9082 -0.1352 0.3961
vn 0.9848 -0.0406 -0.1687
vn 0.5808 0.0786 0.8102
vn 0.1741 0.1026 0.9794
vn 0.1760 0.0499 0.9831
vn 0.1014 0.1046 0.9893
vn 0.0080 0.0638 0.9979
vn 0.2193 0.3209 0.9214
vn 0.1372 0.4729 0.8704
vn 0.3573 0.6278 0.6915
vn 0.3525 0.7183 0.5999
vn 0.5631 0.7986 0.2126
vn 0.3124 0.9166 0.2497
vn 0.4784 0.8781 -0.0099
vn 0.2592 0.9658 -0.0035
vn 0.4243 0.8792 -0.2170
vn 0.1668 0.9730 -0.1597
vn 0.3378 0.8717 -0.3551
vn 0.2615 0.8389 -0.4774
vn 0.1809 0.7588 -0.6256
vn 0.2150 0.5266 -0.8224
vn 0.0585 0.4777 -0.8766
vn -0.0328 0.2073 -0.9777
vn -0.0282 0.1751 -0.9841
vn -0.0367 -0.0654 -0.9972
vn 0.3789 -0.0021 -0.9254
vn 0.1602 -0.1078 -0.9812
vn 0.3623 0.1588 -0.9184
vn 0.5362 -0.1981 -0.8205
vn 0.6585 0.0195 -0.7524
vn 0.8794 -0.2067 -0.4288
vn 0.9097 0.1800 -0.3741
vn 0.8319 -0.5307 -0.1622
vn 0.5928 -0.7513 -0.2901
vn 0.4590 -0.7614 -0.4579
vn 0.6553 -0.3223 -0.6831
vn 0.3581 -0.3867 -0.8498
vn 0.3898 0.1143 -0.9138
vn 0.0661 0.4991 -0.8640
vn -0.0669 0.8632 -0.5004
vn -0.1188 0.9812 -0.1521
vn -0.1012 0.9828 0.1543
vn -0.0344 0.9026 0.4291
vn 0.0862 0.7207 0.6879
vn 0.2033 0.3327 0.9209
vn 0.4743 -0.1174 0.8725
vn 0.8754 -0.4131 0.2509
vn 0.3735 0.0116 0.9276
vn 0.0510 0.4317 0.9006
vn 0.1840 0.7305 0.6577
vn 0.1689 0.7858 0.5949
vn 0.0677 0.9248 0.3744
vn -0.0115 0.9946 0.1029
vn -0.1693 0.9826 -0.0761
vn 0.1703 0.8587 -0.4834
vn 0.3449 0.5388 -0.7686
vn 0.3261 0.1944 -0.9251
vn 0.3305 -0.2031 -0.9217
vn 0.6436 -0.3009 -0.7037
vn 0.7679 -0.3993 -0.5009
vn 0.5730 0.2423 -0.7829
vn 0.2290 0.5652 -0.7925
vn 0.5349 0.0996 -0.8390
vn 0.2358 0.3696 0.8988
vn 0.3336 -0.2414 0.9113
vn 0.0283 -0.0027 0.9996
vn 0.1219 -0.1761 0.9768
vn 0.3260 -0.3878 0.8622
vn 0.0377 -0.2567 0.9657
vn 0.0163 -0.4763 0.8791
vn -0.2742 -0.2254 0.9349
vn -0.3053 -0.0606 0.9503
vn 0.0460 -0.2028 0.9781
vn -0.1425 -0.0140 0.9897
vn -0.5404 -0.1017 0.8352
vn -0.6361 -0.3077 0.7076
vn -0.0448 -0.4348 0.8994
vn -0.5002 -0.5505 0.6684
vn -0.9768 -0.0121 0.2140
vn -0.9717 0.1478 0.1845
vn -0.8992 -0.3316 0.2855
vn -0.8363 0.0005 0.5482
vn 0.1454 0.2840 -0.9477
vn 0.2298 0.0451 -0.9722
vn 0.2079 -0.0607 -0.9763
vn -0.1018 -0.0239 -0.9945
vn -0.0861 -0.0502 -0.9950
vn -0.3406 -0.0003 -0.9402
vn -0.2921 -0.1235 -0.9484
vn -0.5808 -0.0030 -0.8140
vn -0.5091 -0.1219 -0.8520
vn -0.8064 0.0375 -0.5902
vn -0.6872 -0.0103 -0.7264
vn -0.9181 0.2416 -0.3143
vn -0.8145 -0.1109 -0.5694
vn -0.5174 -0.4813 -0.7076
vn -0.4666 -0.2355 -0.8525
vn -0.4572 -0.2270 -0.8599
vn -0.1799 -0.2475 -0.9520
vn -0.0119 -0.2015 -0.9794
vn 0.1749 -0.0197 -0.9844
vn 0.0581 0.2494 -0.9667
vn -0.0831 0.4399 -0.8942
vn -0.0404 0.6812 -0.7310
vn 0.0002 0.8714 -0.4905
vn 0.1941 0.8888 -0.4152
vn 0.3102 0.9281 -0.2060
vn 0.4023 0.9094 -0.1057
vn 0.3274 0.9041 0.2745
vn 0.0306 0.7117 0.7018
vn -0.1779 0.0831 0.9805
vn 0.0462 0.3943 0.9178
vn 0.2116 0.9028 -0.3744
vn 0.0023 0.9302 -0.3670
vn 0.2446 0.9662 -0.0809
vn 0.1729 0.7749 -0.6080
vn 0.0000 0.7443 -0.6678
vn -0.1519 0.7928 -0.5902
vn -0.2339 0.9251 -0.2991
vn -0.1400 0.9839 -0.1114
vn 0.0600 0.9977 -0.0324
vn -0.9962 -0.0545 -0.0684
vn 0.0000 -0.9397 0.3421
vn -0.6665 0.4615 0.5855
vn -0.5866 -0.3539 -0.7284
vn 0.1390 -0.4537 -0.8802
vn 0.7899 -0.2440 -0.5626
vn 0.9790 0.0642 0.1934
vn 0.6291 -0.1507 0.7626
vn 0.1409 0.3391 0.9301
vn -0.0621 0.9949 0.0798
vn -0.0918 0.9212 -0.3780
vn -0.0351 0.9616 -0.2723
vn -0.1899 0.9311 -0.3114
vn -0.0755 0.8339 -0.5467
vn 0.0619 0.8549 -0.5150
vn 0.2365 0.8852 -0.4007
vn 0.2500 0.9528 -0.1724
vn 0.1526 0.7428 0.6518
vn 0.2672 0.6773 0.6855
vn 0.0255 -0.4341 0.9005
vn 0.0801 0.5941 0.8004
vn -0.0655 -0.5123 0.8563
vn 0.0490 0.4400 0.8967
vn 0.0963 -0.7027 0.7049
vn 0.3385 0.5091 0.7913
vn 0.5167 -0.8419 0.1559
vn 0.8591 0.4136 0.3014
vn 0.8270 -0.0481 -0.5601
vn 0.4118 -0.5580 -0.7205
vn 0.2235 -0.9541 -0.1992
vn -0.1006 -0.9935 -0.0533
vn -0.1566 -0.9870 -0.0355
vn -0.0136 -0.9992 -0.0372
vn -0.0400 -0.4138 -0.9095
vn -0.1670 -0.3440 -0.9240
vn 0.0284 -0.4946 -0.8687
vn 0.2908 0.6558 -0.6966
vn 0.0202 0.8806 -0.4734
vn 0.0838 0.7982 -0.5966
vn 0.2487 0.7937 -0.5551
vn 0.3025 0.6860 -0.6618
vn 0.6429 -0.5385 -0.5447
vn 0.4862 0.8532 -0.1887
vn 0.2376 0.7035 0.6698
vn 0.2631 0.7005 0.6634
vn 0.0957 0.6316 0.7693
vn 0.0069 -0.4146 0.9100
vn 0.0777 0.7685 0.6352
vn 0.1226 0.4290 0.8949
vn 0.0917 -0.5055 0.8579
vn 0.4103 0.5105 0.7556
vn 0.5944 -0.6161 0.5168
vn 0.7798 0.5014 0.3748
vn 0.9208 -0.0190 -0.3895
vn 0.5281 -0.5503 -0.6468
vn 0.2893 -0.9563 0.0431
vn -0.0452 -0.9984 0.0331
vn -0.1773 -0.9794 -0.0971
vn -0.1427 -0.3531 -0.9246
vn 0.0416 -0.3945 -0.9179
vn 0.4144 0.6299 -0.6569
vn 0.1596 0.8388 -0.5205
vn 0.0780 0.7301 -0.6789
vn 0.2392 0.7922 -0.5614
vn 0.2661 0.6998 -0.6630
vn 0.3156 0.7758 0.5465
vn 0.0479 0.8021 0.5953
vn -0.0397 -0.3136 0.9487
vn 0.2326 0.6011 0.7646
vn 0.0895 -0.3685 0.9253
vn 0.4820 0.5994 0.6391
vn 0.7340 -0.3970 0.5510
vn 0.7217 0.6532 0.2289
vn 0.8519 0.2454 -0.4627
vn 0.5735 -0.4522 -0.6831
vn 0.2390 -0.9605 0.1424
vn -0.2131 -0.9632 0.1635
vn -0.1936 -0.9756 0.1034
vn -0.1079 -0.3628 -0.9256
vn -0.1846 -0.4830 -0.8559
vn -0.0465 -0.5312 -0.8460
vn 0.3043 0.6011 -0.7389
vn 0.2128 0.7018 -0.6799
vn 0.0228 0.6819 -0.7311
vn 0.2288 0.7681 -0.5981
vn 0.0380 0.6194 -0.7842
vn 0.0403 -0.4862 -0.8729
vn -0.0218 0.4012 -0.9157
vn 0.1982 -0.9794 0.0376
vn 0.4463 -0.8006 -0.3998
vn 0.2732 -0.9164 -0.2926
vn -0.0881 -0.9907 -0.1033
vn -0.0541 -0.9232 -0.3804
vn -0.5065 -0.7368 -0.4479
vn -0.3895 -0.7300 -0.5616
vn -0.0206 -0.9950 0.0978
vn 0.1308 -0.9836 0.1241
vn -0.0280 -0.9926 -0.1185
vn 0.3052 -0.9512 0.0446
vn 0.2105 -0.9766 -0.0443
vn 0.1431 -0.7461 0.6503
vn 0.2262 -0.5326 0.8156
vn 0.1052 0.5968 0.7955
vn -0.1608 -0.3968 0.9037
vn -0.1438 0.5383 0.8304
vn 0.0142 0.9805 0.1962
vn -0.6573 -0.1528 -0.7379
vn -0.7987 -0.1405 -0.5851
vn -0.2673 0.7863 -0.5571
vn -0.3468 0.8094 -0.4740
vn 0.0399 0.9839 -0.1742
vn 0.5169 0.7708 -0.3724
vn 0.2172 0.7425 -0.6336
vn 0.8122 -0.0166 -0.5832
vn 0.3795 -0.3107 -0.8715
vn 0.9575 -0.2752 -0.0862
vn 0.4984 0.8649 -0.0598
vn 0.6494 0.7496 -0.1276
vn 0.9735 -0.1233 0.1928
vn 0.3699 0.9268 -0.0652
vn 0.6889 0.7118 0.1366
vn 0.9428 -0.0556 0.3286
vn 0.5517 0.8294 0.0877
vn 0.8803 -0.4590 -0.1199
vn 0.5808 0.5415 -0.6078
vn 0.0239 -0.1244 -0.9919
vn -0.3220 -0.7530 -0.5739
vn 0.3732 -0.9259 0.0589
vn 0.4897 -0.8282 0.2727
vn 0.3049 -0.9389 0.1599
vn 0.0301 -0.9621 -0.2710
vn -0.6856 -0.5884 -0.4286
vn -0.6014 0.7281 -0.3289
vn -0.7148 0.6330 -0.2973
vn -0.7233 -0.6386 -0.2629
vn -0.5998 -0.7616 -0.2453
vn -0.6754 0.3673 -0.6395
vn -0.7653 0.5873 -0.2633
vn -0.6626 0.6810 -0.3116
vn 0.0706 0.9947 -0.0749
vn 0.1237 0.9837 -0.1304
vn 0.0535 0.9970 0.0562
vn 0.0757 0.9865 0.1454
vn 0.0374 0.9522 0.3032
vn -0.0802 0.6082 0.7897
vn -0.3418 -0.5485 0.7631
vn -0.1377 -0.9763 0.1669
vn -0.0142 -0.9906 0.1358
vn -0.1188 -0.9780 0.1717
vn -0.3171 -0.9168 0.2429
vn 0.2093 -0.0277 -0.9775
vn 0.7832 -0.0040 0.6218
vn 0.5569 0.0750 0.8272
vn 0.9456 -0.2063 0.2517
vn 0.9890 -0.0336 0.1438
vn 0.9483 -0.1922 -0.2524
vn 0.8885 -0.0934 -0.4494
vn 0.7334 -0.2431 -0.6348
vn 0.8021 -0.0303 -0.5964
vn 0.6435 -0.1552 -0.7495
vn 0.3801 0.0743 -0.9220
vn -0.3738 -0.0790 -0.9241
vn -0.4832 -0.1544 -0.8618
vn -0.8913 -0.0933 -0.4437
vn -0.8168 -0.2800 -0.5044
vn -0.9766 -0.0801 -0.1997
vn -0.9811 -0.1815 0.0672
vn -0.9586 0.0609 0.2783
vn -0.9101 -0.1163 0.3977
vn -0.7234 0.1249 0.6791
vn -0.5066 -0.0707 0.8593
vn -0.0648 0.2038 0.9769
vn 0.0871 -0.0168 0.9961
vn -0.4714 -0.3133 -0.8244
vn 0.0574 -0.2598 -0.9639
vn -0.2154 -0.0386 -0.9758
vn -0.6854 -0.0695 -0.7249
vn -0.8145 -0.2273 -0.5338
vn -0.9617 -0.1607 0.2221
vn -0.8153 0.0443 0.5773
vn -0.9709 0.1488 0.1879
vn -0.7322 0.2663 0.6269
vn -0.9635 0.1846 0.1940
vn -0.6981 0.1775 0.6937
vn -0.9728 -0.0759 0.2190
vn -0.6037 -0.1957 0.7728
vn -0.6750 -0.3851 0.6294
vn -0.9366 -0.1048 0.3344
vn -0.9515 -0.0996 -0.2912
vn -0.9527 -0.0996 -0.2870
vn -0.6169 -0.0788 -0.7831
vn -0.6182 -0.0853 -0.7814
vn -0.2362 -0.1328 -0.9626
vn -0.0185 -0.2124 -0.9770
vn 0.5266 -0.1456 -0.8376
vn 0.6903 -0.2237 -0.6881
vn 0.9421 -0.1479 -0.3009
vn 0.9702 -0.2172 -0.1074
vn 0.9703 -0.0999 0.2203
vn 0.9544 -0.1594 0.2525
vn 0.7629 -0.0909 0.6401
vn 0.7238 -0.3182 0.6122
vn 0.0390 -0.2416 0.9696
vn -0.1395 -0.4279 0.8930
vn -0.0909 0.1713 0.9810
vn -0.0239 0.3381 0.9408
vn -0.0345 0.2922 0.9557
vn 0.6053 0.2335 0.7610
vn 0.5587 0.3218 0.7644
vn 0.5175 0.2345 0.8230
vn 0.9453 0.1276 0.3002
vn 0.9793 0.0763 -0.1874
vn 0.6699 -0.0425 -0.7413
vn 0.0305 -0.0953 -0.9950
vn -0.6202 -0.0719 -0.7811
vn -0.9054 0.0672 -0.4193
vn -0.9841 0.1012 -0.1457
vn 0.6477 0.0904 -0.7565
vn 0.9611 0.2277 -0.1564
vn 0.8913 0.2820 0.3549
vn 0.7275 -0.2324 -0.6455
vn 0.4727 -0.2824 -0.8347
vn 0.6883 -0.6531 -0.3158
vn 0.9974 -0.0535 -0.0476
vn 0.8259 -0.3714 -0.4243
vn -0.0244 -0.7556 0.6545
vn 0.8314 -0.1469 0.5360
vn 0.9877 -0.0629 0.1429
vn 0.8185 -0.1098 0.5639
vn 0.9446 -0.1998 -0.2604
vn 0.6635 -0.1528 -0.7324
vn 0.2829 -0.1746 -0.9431
vn -0.0982 -0.3354 -0.9369
vn 0.6166 -0.3935 -0.6819
vn 0.9497 -0.2192 -0.2236
vn 0.9331 -0.0996 -0.3456
vn 0.8446 -0.1023 -0.5255
vn 0.4284 -0.1049 -0.8975
vn -0.0638 -0.1277 -0.9898
vn -0.0606 -0.3365 -0.9397
vn -0.5833 -0.1737 -0.7935
vn -0.5675 -0.2355 -0.7890
vn -0.9218 -0.1425 -0.3606
vn -0.9572 -0.0691 -0.2809
vn -0.9922 -0.1245 -0.0014
vn -0.9752 -0.2146 -0.0542
vn -0.9324 -0.1085 0.3448
vn -0.9352 -0.0252 0.3533
vn -0.7231 -0.1133 0.6814
vn -0.8019 -0.2336 0.5498
vn -0.2050 -0.1050 0.9731
vn -0.3791 -0.1838 0.9069
vn 0.2447 -0.1226 0.9618
vn 0.3830 -0.2472 0.8901
vn 0.3539 -0.1545 0.9224
vn -0.1135 -0.2055 0.9721
vn -0.6113 -0.2534 0.7497
vn -0.8726 -0.2695 0.4073
vn -0.9611 -0.2728 0.0441
vn -0.9042 -0.2901 -0.3135
vn -0.6524 -0.3152 -0.6892
vn 0.4563 -0.2232 -0.8614
vn 0.7961 -0.0519 0.6029
vn 0.9741 -0.0764 0.2130
vn 0.7556 0.2216 0.6165
vn 0.9623 0.1838 0.2007
vn 0.7004 0.2212 0.6786
vn 0.9635 0.1407 0.2277
vn 0.6950 -0.1547 0.7021
vn 0.9739 -0.0922 0.2076
vn 0.6851 -0.4308 0.5874
vn 0.9377 -0.0389 0.3452
vn 0.9174 -0.0936 -0.3867
vn 0.9320 -0.0281 -0.3613
vn 0.5990 -0.0964 -0.7949
vn 0.6133 -0.0782 -0.7860
vn 0.0708 -0.1370 -0.9880
vn 0.0206 -0.2203 -0.9752
vn -0.6219 -0.1453 -0.7695
vn -0.6567 -0.2640 -0.7064
vn -0.9731 -0.1367 -0.1854
vn -0.9596 -0.2601 -0.1076
vn -0.9561 -0.0974 0.2763
vn -0.9411 -0.2040 0.2698
vn -0.7297 -0.1260 0.6721
vn -0.6362 -0.3222 0.7010
vn -0.0390 -0.2416 0.9696
vn 0.1283 -0.4222 0.8974
vn 0.0133 0.2143 0.9767
vn 0.0392 0.3147 0.9484
vn 0.0345 0.2922 0.9557
vn -0.5584 0.2425 0.7933
vn -0.9245 0.2301 0.3039
vn -0.9774 0.1570 -0.1413
vn -0.7990 -0.0462 -0.5996
vn -0.5331 -0.3822 -0.7548
vn 0.3056 -0.5069 -0.8060
vn 0.6668 -0.3313 -0.6676
vn 0.8769 -0.2398 -0.4165
vn 0.9775 0.0609 -0.2018
vn 0.9567 0.1207 -0.2648
vn 0.6251 -0.0256 -0.7801
vn 0.3219 -0.0866 -0.9428
vn -0.5232 -0.0420 -0.8512
vn -0.9508 0.0642 -0.3031
vn -0.9636 0.1230 0.2372
vn -0.6018 0.2031 0.7724
vn -0.4496 0.3214 0.8334
vn -0.8611 0.2749 0.4277
vn -0.9708 0.2332 -0.0560
vn -0.6955 0.1106 -0.7099
vn 0.1503 -0.0690 -0.9862
vn 0.6695 -0.0868 -0.7377
vn 0.5563 -0.3162 -0.7685
vn -0.0884 -0.3175 -0.9441
usemtl None.007
s 1
f 1032/1295/1033 1033/1296/1034 1034/1297/1035
f 1033/1296/1034 1032/1295/1033 1035/1298/1036
f 1034/1297/1035 1036/1299/1037 1037/1300/1038
f 1036/1299/1037 1034/1297/1035 1038/1301/1039
f 1039/1302/1040 1040/1303/1041 1032/1304/1033
f 1040/1303/1041 1039/1302/1040 1041/1305/1042
f 1041/1305/1042 1042/1306/1043 1040/1303/1041
f 1042/1306/1043 1041/1305/1042 1043/1307/1044
f 1038/1301/1039 1033/1296/1034 1044/1308/1045
f 1044/1308/1045 1045/1309/1046 1038/1301/1039
f 1044/1308/1045 1046/1310/1047 1045/1309/1046
f 1046/1310/1047 1044/1308/1045 1047/1311/1048
f 1047/1311/1048 1048/1312/1049 1046/1310/1047
f 1049/1313/1050 1048/1314/1049 1050/1315/1051
f 1048/1314/1049 1049/1313/1050 1051/1316/1052
f 1051/1316/1052 1046/1317/1047 1048/1314/1049
f 1046/1317/1047 1051/1316/1052 1052/1318/1053
f 1035/1319/1036 1032/1320/1033 1053/1321/1054
f 1053/1321/1054 1054/1322/1055 1035/1319/1036
f 1054/1322/1055 1053/1321/1054 1055/1323/1056
f 1055/1323/1056 1047/1324/1048 1054/1322/1055
f 1047/1324/1048 1055/1323/1056 1050/1325/1051
f 1050/1325/1051 1048/1326/1049 1047/1324/1048
f 1056/1327/1057 1057/1328/1058 1058/1329/1059
f 1057/1328/1058 1056/1327/1057 1059/1330/1060
f 1059/1330/1060 1060/1331/1061 1057/1328/1058
f 1059/1330/1060 1061/1332/1062 1060/1331/1061
f 1059/1330/1060 1062/1333/1063 1061/1332/1062
f 1062/1333/1063 1059/1330/1060 1063/1334/1064
f 1063/1334/1064 1064/1335/1065 1062/1333/1063
f 1064/1335/1065 1063/1334/1064 1065/1336/1066
f 1065/1336/1066 1066/1337/1067 1064/1335/1065
f 1065/1336/1066 1067/1338/1068 1066/1337/1067
f 1065/1336/1066 1068/1339/1069 1067/1338/1068
f 1068/1339/1069 1065/1336/1066 1069/1340/1070
f 1069/1340/1070 1070/1341/1071 1068/1339/1069
f 1070/1341/1071 1069/1340/1070 1071/1342/1072
f 1071/1342/1072 1072/1343/1073 1070/1341/1071
f 1072/1343/1073 1071/1342/1072 1073/1344/1074
f 1073/1344/1074 1074/1345/1075 1072/1343/1073
f 1073/1344/1074 1075/1346/1076 1074/1345/1075
f 1075/1346/1076 1073/1344/1074 1076/1347/1077
f 1076/1347/1077 1077/1348/1078 1075/1346/1076
f 1077/1348/1078 1076/1347/1077 1078/1349/1079
f 1078/1349/1079 1079/1350/1080 1077/1348/1078
f 1079/1350/1080 1078/1349/1079 1080/1351/1081
f 1080/1351/1081 1081/1352/1082 1079/1350/1080
f 1080/1351/1081 1082/1353/1083 1081/1352/1082
f 1080/1351/1081 1083/1354/1084 1082/1353/1083
f 1083/1354/1084 1080/1351/1081 1084/1355/1085
f 1084/1355/1085 1085/1356/1086 1083/1354/1084
f 1085/1356/1086 1084/1355/1085 1086/1357/1087
f 1086/1357/1087 1087/1358/1088 1085/1356/1086
f 1087/1358/1088 1086/1357/1087 1088/1359/1089
f 1088/1359/1089 1067/1360/1068 1087/1358/1088
f 1088/1359/1089 1066/1361/1067 1067/1360/1068
f 1066/1361/1067 1088/1359/1089 1089/1362/1090
f 1089/1362/1090 1064/1363/1065 1066/1361/1067
f 1064/1363/1065 1089/1362/1090 1090/1364/1091
f 1090/1364/1091 1062/1365/1063 1064/1363/1065
f 1090/1364/1091 1061/1366/1062 1062/1365/1063
f 1090/1364/1091 1091/1367/1092 1061/1366/1062
f 1091/1367/1092 1090/1364/1091 1092/1368/1093
f 1092/1368/1093 1093/1369/1094 1091/1367/1092
f 1093/1369/1094 1092/1368/1093 1094/1370/1095
f 1094/1370/1095 1095/1371/1096 1093/1369/1094
f 1095/1371/1096 1094/1370/1095 1096/1372/1097
f 1096/1372/1097 1097/1373/1098 1095/1371/1096
f 1097/1373/1098 1096/1372/1097 1098/1374/1099
f 1098/1374/1099 1099/1375/1100 1097/1373/1098
f 1099/1375/1100 1098/1374/1099 1100/1376/1101
f 1100/1376/1101 1101/1377/1102 1099/1375/1100
f 1101/1377/1102 1100/1376/1101 1102/1378/1103
f 1102/1378/1103 1103/1379/1104 1101/1377/1102
f 1103/1379/1104 1102/1378/1103 1104/1380/1105
f 1104/1380/1105 1105/1381/1106 1103/1379/1104
f 1104/1380/1105 1058/1329/1059 1105/1381/1106
f 1058/1329/1059 1104/1380/1105 1106/1382/1107
f 1106/1382/1107 1056/1327/1057 1058/1329/1059
f 1056/1327/1057 1106/1382/1107 1107/1383/1108
f 1107/1383/1108 1059/1330/1060 1056/1327/1057
f 1059/1330/1060 1107/1383/1108 1108/1384/1109
f 1108/1384/1109 1063/1334/1064 1059/1330/1060
f 1063/1334/1064 1108/1384/1109 1109/1385/1110
f 1063/1334/1064 1109/1385/1110 1110/1386/1111
f 1110/1386/1111 1065/1336/1066 1063/1334/1064
f 1110/1386/1111 1069/1340/1070 1065/1336/1066
f 1069/1340/1070 1110/1386/1111 1111/1387/1112
f 1111/1387/1112 1071/1342/1072 1069/1340/1070
f 1071/1342/1072 1111/1387/1112 1112/1388/1113
f 1112/1388/1113 1073/1344/1074 1071/1342/1072
f 1073/1344/1074 1112/1388/1113 1113/1389/1114
f 1113/1389/1114 1076/1347/1077 1073/1344/1074
f 1076/1347/1077 1113/1389/1114 1114/1390/1115
f 1114/1390/1115 1078/1349/1079 1076/1347/1077
f 1078/1349/1079 1114/1390/1115 1115/1391/1116
f 1115/1391/1116 1080/1351/1081 1078/1349/1079
f 1115/1391/1116 1084/1355/1085 1080/1351/1081
f 1084/1355/1085 1115/1391/1116 1116/1392/1117
f 1116/1392/1117 1117/1393/1118 1084/1355/1085
f 1117/1393/1118 1116/1392/1117 1098/1374/1099
f 1117/1393/1118 1098/1374/1099 1096/1372/1097
f 1117/1393/1118 1096/1372/1097 1118/1394/1119
f 1118/1394/1119 1084/1355/1085 1117/1393/1118
f 1118/1394/1119 1086/1357/1087 1084/1355/1085
f 1086/1357/1087 1118/1394/1119 1119/1395/1120
f 1119/1395/1120 1088/1359/1089 1086/1357/1087
f 1119/1395/1120 1089/1362/1090 1088/1359/1089
f 1119/1395/1120 1090/1364/1091 1089/1362/1090
f 1119/1395/1120 1092/1368/1093 1090/1364/1091
f 1092/1368/1093 1119/1395/1120 1118/1394/1119
f 1118/1394/1119 1094/1370/1095 1092/1368/1093
f 1094/1370/1095 1118/1394/1119 1096/1372/1097
f 1098/1374/1099 1120/1396/1121 1100/1376/1101
f 1120/1396/1121 1098/1374/1099 1116/1392/1117
f 1120/1396/1121 1116/1392/1117 1115/1391/1116
f 1120/1396/1121 1115/1391/1116 1114/1390/1115
f 1120/1396/1121 1114/1390/1115 1121/1397/1122
f 1121/1397/1122 1100/1376/1101 1120/1396/1121
f 1121/1397/1122 1102/1378/1103 1100/1376/1101
f 1121/1397/1122 1122/1398/1123 1102/1378/1103
f 1122/1398/1123 1121/1397/1122 1114/1390/1115
f 1114/1390/1115 1123/1399/1124 1122/1398/1123
f 1123/1399/1124 1114/1390/1115 1113/1389/1114
f 1123/1399/1124 1113/1389/1114 1112/1388/1113
f 1112/1388/1113 1122/1398/1123 1123/1399/1124
f 1122/1398/1123 1112/1388/1113 1111/1387/1112
f 1111/1387/1112 1124/1400/1125 1122/1398/1123
f 1124/1400/1125 1111/1387/1112 1110/1386/1111
f 1124/1400/1125 1110/1386/1111 1109/1385/1110
f 1109/1385/1110 1125/1401/1126 1124/1400/1125
f 1125/1401/1126 1109/1385/1110 1108/1384/1109
f 1125/1401/1126 1108/1384/1109 1107/1383/1108
f 1125/1401/1126 1107/1383/1108 1106/1382/1107
f 1106/1382/1107 1122/1398/1123 1125/1401/1126
f 1122/1398/1123 1106/1382/1107 1104/1380/1105
f 1104/1380/1105 1102/1378/1103 1122/1398/1123
f 1124/1400/1125 1125/1401/1126 1122/1398/1123
f 1126/1402/1127 1127/1403/1128 1128/1404/1129
f 1128/1404/1129 1129/1405/1130 1126/1402/1127
f 1129/1405/1130 1128/1404/1129 1130/1406/1131
f 1130/1406/1131 1131/1407/1132 1129/1405/1130
f 1131/1407/1132 1130/1406/1131 1132/1408/1133
f 1132/1408/1133 1133/1409/1134 1131/1407/1132
f 1132/1408/1133 1134/1410/1135 1133/1409/1134
f 1132/1408/1133 1135/1411/1136 1134/1410/1135
f 1135/1411/1136 1132/1408/1133 1130/1406/1131
f 1130/1406/1131 1136/1412/1137 1135/1411/1136
f 1136/1412/1137 1130/1406/1131 1128/1404/1129
f 1128/1404/1129 1137/1413/1138 1136/1412/1137
f 1128/1404/1129 1138/1414/1139 1137/1413/1138
f 1138/1414/1139 1128/1404/1129 1127/1403/1128
f 1138/1414/1139 1127/1403/1128 1139/1415/1140
f 1138/1414/1139 1139/1415/1140 1140/1416/1141
f 1138/1414/1139 1140/1416/1141 1033/1417/1034
f 1138/1414/1139 1033/1417/1034 1035/1418/1036
f 1138/1414/1139 1035/1418/1036 1141/1419/1142
f 1141/1419/1142 1137/1413/1138 1138/1414/1139
f 1137/1413/1138 1141/1419/1142 1142/1420/1143
f 1142/1420/1143 1136/1412/1137 1137/1413/1138
f 1136/1412/1137 1142/1420/1143 1143/1421/1144
f 1143/1421/1144 1135/1411/1136 1136/1412/1137
f 1143/1421/1144 1134/1410/1135 1135/1411/1136
f 1134/1410/1135 1143/1421/1144 1144/1422/1145
f 1144/1422/1145 1133/1409/1134 1134/1410/1135
f 1144/1422/1145 1131/1423/1132 1133/1409/1134
f 1144/1422/1145 1129/1424/1130 1131/1423/1132
f 1144/1422/1145 1145/1425/1146 1129/1424/1130
f 1145/1425/1146 1144/1422/1145 1143/1421/1144
f 1145/1425/1146 1143/1421/1144 1142/1420/1143
f 1145/1425/1146 1142/1420/1143 1146/1426/1147
f 1145/1425/1146 1146/1426/1147 1126/1427/1127
f 1126/1427/1127 1129/1424/1130 1145/1425/1146
f 1146/1426/1147 1127/1428/1128 1126/1427/1127
f 1127/1428/1128 1146/1426/1147 1147/1429/1148
f 1147/1429/1148 1139/1430/1140 1127/1428/1128
f 1139/1430/1140 1147/1429/1148 1148/1431/1149
f 1148/1431/1149 1140/1432/1141 1139/1430/1140
f 1148/1431/1149 1033/1433/1034 1140/1432/1141
f 1148/1431/1149 1044/1434/1045 1033/1433/1034
f 1148/1431/1149 1149/1435/1150 1044/1434/1045
f 1149/1435/1150 1148/1431/1149 1147/1429/1148
f 1149/1435/1150 1147/1429/1148 1146/1426/1147
f 1149/1435/1150 1146/1426/1147 1142/1420/1143
f 1149/1435/1150 1142/1420/1143 1141/1419/1142
f 1141/1419/1142 1054/1436/1055 1149/1435/1150
f 1054/1436/1055 1141/1419/1142 1035/1418/1036
f 1149/1435/1150 1054/1436/1055 1047/1437/1048
f 1047/1437/1048 1044/1434/1045 1149/1435/1150
f 1150/1438/1151 1151/1439/1152 1152/1440/1153
f 1151/1439/1152 1150/1438/1151 1153/1441/1154
f 1153/1441/1154 1154/1442/1155 1151/1439/1152
f 1154/1442/1155 1153/1441/1154 1155/1443/1156
f 1155/1443/1156 1156/1444/1157 1154/1442/1155
f 1155/1443/1156 1157/1445/1158 1156/1444/1157
f 1155/1443/1156 1158/1446/1159 1157/1445/1158
f 1155/1443/1156 1159/1447/1160 1158/1446/1159
f 1159/1447/1160 1155/1443/1156 1153/1441/1154
f 1153/1441/1154 1160/1448/1161 1159/1447/1160
f 1160/1448/1161 1153/1441/1154 1150/1438/1151
f 1158/1446/1159 1159/1447/1160 1161/1449/1162
f 1161/1449/1162 1162/1450/1163 1158/1446/1159
f 1162/1450/1163 1161/1449/1162 1163/1451/1164
f 1163/1451/1164 1164/1452/1165 1162/1450/1163
f 1164/1452/1165 1163/1451/1164 1165/1453/1166
f 1165/1453/1166 1166/1454/1167 1164/1452/1165
f 1166/1454/1167 1165/1453/1166 1167/1455/1168
f 1167/1455/1168 1168/1456/1169 1166/1454/1167
f 1167/1455/1168 1169/1457/1170 1168/1456/1169
f 1169/1457/1170 1167/1455/1168 1170/1458/1171
f 1170/1458/1171 1171/1459/1172 1169/1457/1170
f 1171/1459/1172 1170/1458/1171 1172/1460/1173
f 1171/1459/1172 1172/1460/1173 1173/1461/1174
f 1173/1461/1174 1174/1462/1175 1171/1459/1172
f 1174/1462/1175 1173/1461/1174 1175/1463/1176
f 1174/1462/1175 1175/1463/1176 1176/1464/1177
f 1176/1464/1177 1177/1465/1178 1174/1462/1175
f 1177/1465/1178 1176/1464/1177 1178/1466/1179
f 1178/1466/1179 1179/1467/1180 1177/1465/1178
f 1179/1467/1180 1178/1466/1179 1180/1468/1181
f 1179/1467/1180 1180/1468/1181 1181/1469/1182
f 1181/1469/1182 1182/1470/1183 1179/1467/1180
f 1182/1470/1183 1181/1469/1182 1183/1471/1184
f 1183/1471/1184 1184/1472/1185 1182/1470/1183
f 1184/1472/1185 1183/1471/1184 1185/1473/1186
f 1185/1473/1186 1186/1474/1187 1184/1472/1185
f 1186/1474/1187 1185/1473/1186 1157/1445/1158
f 1157/1445/1158 1187/1475/1188 1186/1474/1187
f 1187/1475/1188 1157/1445/1158 1158/1446/1159
f 1158/1446/1159 1188/1476/1189 1187/1475/1188
f 1158/1446/1159 1189/1477/1190 1188/1476/1189
f 1158/1446/1159 1190/1478/1191 1189/1477/1190
f 1190/1478/1191 1158/1446/1159 1162/1450/1163
f 1162/1450/1163 1191/1479/1192 1190/1478/1191
f 1191/1479/1192 1162/1450/1163 1164/1452/1165
f 1164/1452/1165 1192/1480/1193 1191/1479/1192
f 1192/1480/1193 1164/1452/1165 1166/1454/1167
f 1166/1454/1167 1193/1481/1194 1192/1480/1193
f 1193/1481/1194 1166/1454/1167 1168/1456/1169
f 1193/1481/1194 1168/1456/1169 1194/1482/1195
f 1193/1481/1194 1194/1482/1195 1195/1483/1196
f 1195/1483/1196 1192/1480/1193 1193/1481/1194
f 1192/1480/1193 1195/1483/1196 1196/1484/1197
f 1196/1484/1197 1191/1479/1192 1192/1480/1193
f 1191/1479/1192 1196/1484/1197 1197/1485/1198
f 1191/1479/1192 1197/1485/1198 1198/1486/1199
f 1198/1486/1199 1190/1478/1191 1191/1479/1192
f 1190/1478/1191 1198/1486/1199 1199/1487/1200
f 1199/1487/1200 1189/1477/1190 1190/1478/1191
f 1189/1477/1190 1199/1487/1200 1200/1488/1201
f 1200/1488/1201 1188/1476/1189 1189/1477/1190
f 1188/1476/1189 1200/1488/1201 1201/1489/1202
f 1201/1489/1202 1187/1475/1188 1188/1476/1189
f 1187/1475/1188 1201/1489/1202 1202/1490/1203
f 1202/1490/1203 1186/1474/1187 1187/1475/1188
f 1186/1474/1187 1202/1490/1203 1203/1491/1204
f 1203/1491/1204 1184/1472/1185 1186/1474/1187
f 1203/1491/1204 1182/1470/1183 1184/1472/1185
f 1203/1491/1204 1204/1492/1205 1182/1470/1183
f 1203/1491/1204 1205/1493/1206 1204/1492/1205
f 1205/1493/1206 1203/1491/1204 1202/1490/1203
f 1202/1490/1203 1206/1494/1207 1205/1493/1206
f 1206/1494/1207 1202/1490/1203 1201/1489/1202
f 1201/1489/1202 1207/1495/1208 1206/1494/1207
f 1207/1495/1208 1201/1489/1202 1200/1488/1201
f 1200/1488/1201 1208/1496/1209 1207/1495/1208
f 1208/1496/1209 1200/1488/1201 1199/1487/1200
f 1199/1487/1200 1209/1497/1210 1208/1496/1209
f 1209/1497/1210 1199/1487/1200 1198/1486/1199
f 1198/1486/1199 1210/1498/1211 1209/1497/1210
f 1210/1498/1211 1198/1486/1199 1197/1485/1198
f 1204/1492/1205 1205/1493/1206 1211/1499/1212
f 1211/1499/1212 1212/1500/1213 1204/1492/1205
f 1212/1500/1213 1211/1499/1212 1213/1501/1214
f 1213/1501/1214 1214/1502/1215 1212/1500/1213
f 1214/1502/1215 1213/1501/1214 1215/1503/1216
f 1215/1503/1216 1216/1504/1217 1214/1502/1215
f 1216/1504/1217 1215/1503/1216 1217/1505/1218
f 1217/1505/1218 1194/1482/1195 1216/1504/1217
f 1194/1482/1195 1217/1505/1218 1218/1506/1219
f 1218/1506/1219 1195/1483/1196 1194/1482/1195
f 1219/1507/1220 1220/1508/1221 1221/1509/1222
f 1220/1508/1221 1219/1507/1220 1222/1510/1223
f 1222/1510/1223 1223/1511/1224 1220/1508/1221
f 1222/1510/1223 1224/1512/1225 1223/1511/1224
f 1224/1512/1225 1222/1510/1223 1225/1513/1226
f 1225/1513/1226 1226/1514/1227 1224/1512/1225
f 1226/1514/1227 1225/1513/1226 1227/1515/1228
f 1227/1515/1228 1228/1516/1229 1226/1514/1227
f 1228/1516/1229 1227/1515/1228 1229/1517/1230
f 1229/1517/1230 1230/1518/1231 1228/1516/1229
f 1230/1518/1231 1229/1517/1230 1231/1519/1232
f 1231/1519/1232 1232/1520/1233 1230/1518/1231
f 1232/1520/1233 1231/1519/1232 1233/1521/1234
f 1233/1521/1234 1234/1522/1235 1232/1520/1233
f 1234/1522/1235 1233/1521/1234 1235/1523/1236
f 1235/1523/1236 1236/1524/1237 1234/1522/1235
f 1236/1524/1237 1235/1523/1236 1237/1525/1238
f 1237/1525/1238 1238/1526/1239 1236/1524/1237
f 1238/1526/1239 1237/1525/1238 1239/1527/1240
f 1239/1527/1240 1240/1528/1241 1238/1526/1239
f 1240/1528/1241 1239/1527/1240 1241/1529/1242
f 1241/1529/1242 1242/1530/1243 1240/1528/1241
f 1242/1530/1243 1241/1529/1242 1243/1531/1244
f 1243/1531/1244 1244/1532/1245 1242/1530/1243
f 1243/1531/1244 1245/1533/1246 1244/1532/1245
f 1245/1533/1246 1243/1531/1244 1246/1534/1247
f 1246/1534/1247 1247/1535/1248 1245/1533/1246
f 1246/1534/1247 1248/1536/1249 1247/1535/1248
f 1246/1534/1247 1249/1537/1250 1248/1536/1249
f 1249/1537/1250 1246/1534/1247 1250/1538/1251
f 1250/1538/1251 1251/1539/1252 1249/1537/1250
f 1251/1539/1252 1250/1538/1251 1252/1540/1253
f 1252/1540/1253 1253/1541/1254 1251/1539/1252
f 1253/1541/1254 1252/1540/1253 1254/1542/1255
f 1254/1542/1255 1255/1543/1256 1253/1541/1254
f 1255/1543/1256 1254/1542/1255 1256/1544/1257
f 1256/1544/1257 1257/1545/1258 1255/1543/1256
f 1257/1545/1258 1256/1544/1257 1258/1546/1259
f 1258/1546/1259 1259/1547/1260 1257/1545/1258
f 1259/1547/1260 1258/1546/1259 1260/1548/1261
f 1260/1548/1261 1261/1549/1262 1259/1547/1260
f 1261/1549/1262 1260/1548/1261 1262/1550/1263
f 1262/1550/1263 1263/1551/1264 1261/1549/1262
f 1262/1550/1263 1264/1552/1265 1263/1551/1264
f 1264/1552/1265 1262/1550/1263 1265/1553/1266
f 1264/1552/1265 1265/1553/1266 1227/1515/1228
f 1227/1515/1228 1263/1551/1264 1264/1552/1265
f 1263/1551/1264 1227/1515/1228 1225/1513/1226
f 1225/1513/1226 1266/1554/1267 1263/1551/1264
f 1266/1554/1267 1225/1513/1226 1222/1510/1223
f 1222/1510/1223 1267/1555/1268 1266/1554/1267
f 1267/1555/1268 1222/1510/1223 1219/1507/1220
f 1268/1556/1269 1266/1554/1267 1267/1555/1268
f 1266/1554/1267 1268/1556/1269 1269/1557/1270
f 1269/1557/1270 1263/1551/1264 1266/1554/1267
f 1270/1558/1271 1269/1557/1270 1268/1556/1269
f 1229/1517/1230 1227/1515/1228 1265/1553/1266
f 1265/1553/1266 1271/1559/1272 1229/1517/1230
f 1271/1559/1272 1265/1553/1266 1262/1550/1263
f 1271/1559/1272 1262/1550/1263 1260/1548/1261
f 1260/1548/1261 1272/1560/1273 1271/1559/1272
f 1272/1560/1273 1260/1548/1261 1258/1546/1259
f 1258/1546/1259 1273/1561/1274 1272/1560/1273
f 1273/1561/1274 1258/1546/1259 1256/1544/1257
f 1256/1544/1257 1274/1562/1275 1273/1561/1274
f 1274/1562/1275 1256/1544/1257 1254/1542/1255
f 1254/1542/1255 1275/1563/1276 1274/1562/1275
f 1275/1563/1276 1254/1542/1255 1252/1540/1253
f 1252/1540/1253 1276/1564/1277 1275/1563/1276
f 1276/1564/1277 1252/1540/1253 1250/1538/1251
f 1276/1564/1277 1250/1538/1251 1246/1534/1247
f 1276/1564/1277 1246/1534/1247 1243/1531/1244
f 1276/1564/1277 1243/1531/1244 1241/1529/1242
f 1241/1529/1242 1275/1563/1276 1276/1564/1277
f 1275/1563/1276 1241/1529/1242 1239/1527/1240
f 1239/1527/1240 1274/1562/1275 1275/1563/1276
f 1274/1562/1275 1239/1527/1240 1237/1525/1238
f 1237/1525/1238 1273/1561/1274 1274/1562/1275
f 1273/1561/1274 1237/1525/1238 1235/1523/1236
f 1235/1523/1236 1272/1560/1273 1273/1561/1274
f 1272/1560/1273 1235/1523/1236 1233/1521/1234
f 1233/1521/1234 1271/1559/1272 1272/1560/1273
f 1271/1559/1272 1233/1521/1234 1231/1519/1232
f 1231/1519/1232 1229/1517/1230 1271/1559/1272
f 1277/1565/1278 1278/1566/1279 1279/1567/1280
f 1279/1567/1280 1280/1568/1281 1277/1565/1278
f 1280/1568/1281 1279/1567/1280 1281/1569/1282
f 1281/1569/1282 1282/1570/1283 1280/1568/1281
f 1282/1570/1283 1281/1569/1282 1283/1571/1284
f 1283/1571/1284 1284/1572/1285 1282/1570/1283
f 1284/1572/1285 1283/1571/1284 1285/1573/1286
f 1285/1573/1286 1286/1574/1287 1284/1572/1285
f 1286/1574/1287 1285/1573/1286 1287/1575/1288
f 1287/1575/1288 1288/1576/1289 1286/1574/1287
f 1288/1576/1289 1287/1575/1288 1289/1577/1290
f 1289/1577/1290 1290/1578/1291 1288/1576/1289
f 1290/1578/1291 1289/1577/1290 1291/1579/1292
f 1291/1579/1292 1292/1580/1293 1290/1578/1291
f 1292/1580/1293 1291/1579/1292 1293/1581/1294
f 1293/1581/1294 1294/1582/1295 1292/1580/1293
f 1294/1582/1295 1293/1581/1294 1295/1583/1296
f 1295/1583/1296 1296/1584/1297 1294/1582/1295
f 1296/1584/1297 1295/1583/1296 1297/1585/1298
f 1297/1585/1298 1298/1586/1299 1296/1584/1297
f 1298/1586/1299 1297/1585/1298 1299/1587/1300
f 1299/1587/1300 1300/1588/1301 1298/1586/1299
f 1300/1588/1301 1299/1587/1300 1278/1589/1279
f 1278/1589/1279 1277/1590/1278 1300/1588/1301
f 1301/1591/1302 1302/1592/1303 1303/1593/1304
f 1303/1593/1304 1304/1594/1305 1301/1591/1302
f 1304/1594/1305 1303/1593/1304 1305/1595/1306
f 1305/1595/1306 1301/1596/1302 1304/1594/1305
f 1305/1595/1306 1306/1597/1307 1301/1596/1302
f 1306/1597/1307 1305/1595/1306 1307/1598/1308
f 1307/1598/1308 1308/1599/1309 1306/1597/1307
f 1307/1598/1308 1309/1600/1310 1308/1599/1309
f 1307/1598/1308 1310/1601/1311 1309/1600/1310
f 1310/1601/1311 1307/1598/1308 1305/1595/1306
f 1305/1595/1306 1311/1602/1312 1310/1601/1311
f 1311/1602/1312 1305/1595/1306 1303/1593/1304
f 1311/1602/1312 1303/1593/1304 1312/1603/1313
f 1312/1603/1313 1310/1601/1311 1311/1602/1312
f 1310/1601/1311 1312/1603/1313 1309/1604/1310
f 1302/1605/1303 1312/1603/1313 1303/1593/1304
f 1248/1536/1249 1313/1606/1314 1247/1535/1248
f 1313/1606/1314 1248/1536/1249 1270/1607/1271
f 1313/1606/1314 1270/1607/1271 1268/1608/1269
f 1313/1606/1314 1268/1608/1269 1314/1609/1315
f 1314/1609/1315 1247/1535/1248 1313/1606/1314
f 1314/1609/1315 1245/1533/1246 1247/1535/1248
f 1245/1533/1246 1314/1609/1315 1315/1610/1316
f 1315/1610/1316 1244/1532/1245 1245/1533/1246
f 1315/1610/1316 1316/1611/1317 1244/1532/1245
f 1315/1610/1316 1317/1612/1318 1316/1611/1317
f 1315/1610/1316 1221/1613/1222 1317/1612/1318
f 1315/1610/1316 1219/1614/1220 1221/1613/1222
f 1219/1614/1220 1315/1610/1316 1314/1609/1315
f 1314/1609/1315 1267/1615/1268 1219/1614/1220
f 1267/1615/1268 1314/1609/1315 1268/1608/1269
f 1194/1482/1195 1318/1616/1319 1216/1504/1217
f 1318/1616/1319 1194/1482/1195 1168/1456/1169
f 1318/1616/1319 1168/1456/1169 1169/1457/1170
f 1318/1616/1319 1169/1457/1170 1319/1617/1320
f 1319/1617/1320 1216/1504/1217 1318/1616/1319
f 1319/1617/1320 1214/1502/1215 1216/1504/1217
f 1214/1502/1215 1319/1617/1320 1320/1618/1321
f 1320/1618/1321 1212/1500/1213 1214/1502/1215
f 1320/1618/1321 1204/1492/1205 1212/1500/1213
f 1320/1618/1321 1182/1470/1183 1204/1492/1205
f 1320/1618/1321 1179/1467/1180 1182/1470/1183
f 1179/1467/1180 1320/1618/1321 1319/1617/1320
f 1319/1617/1320 1321/1619/1322 1179/1467/1180
f 1321/1619/1322 1319/1617/1320 1169/1457/1170
f 1169/1457/1170 1322/1620/1323 1321/1619/1322
f 1322/1620/1323 1169/1457/1170 1171/1459/1172
f 1322/1620/1323 1171/1459/1172 1174/1462/1175
f 1322/1620/1323 1174/1462/1175 1177/1465/1178
f 1177/1465/1178 1321/1619/1322 1322/1620/1323
f 1321/1619/1322 1177/1465/1178 1179/1467/1180
f 1323/1621/1324 1324/1622/1325 1325/1623/1326
f 1324/1622/1325 1323/1621/1324 1326/1624/1327
f 1326/1624/1327 1327/1625/1328 1324/1622/1325
f 1327/1625/1328 1326/1624/1327 1328/1626/1329
f 1328/1626/1329 1329/1627/1330 1327/1625/1328
f 1328/1626/1329 1330/1628/1331 1329/1627/1330
f 1330/1628/1331 1328/1626/1329 1331/1629/1332
f 1331/1629/1332 1332/1630/1333 1330/1628/1331
f 1332/1630/1333 1331/1629/1332 1333/1631/1334
f 1333/1631/1334 1334/1632/1335 1332/1630/1333
f 1334/1632/1335 1333/1631/1334 1335/1633/1336
f 1335/1633/1336 1336/1634/1337 1334/1632/1335
f 1336/1634/1337 1335/1633/1336 1337/1635/1338
f 1337/1635/1338 1338/1636/1339 1336/1634/1337
f 1338/1636/1339 1337/1635/1338 1339/1637/1340
f 1339/1637/1340 1340/1638/1341 1338/1636/1339
f 1340/1638/1341 1339/1637/1340 1341/1639/1342
f 1340/1638/1341 1341/1639/1342 1342/1640/1343
f 1342/1640/1343 1343/1641/1344 1340/1638/1341
f 1342/1640/1343 1344/1642/1345 1343/1641/1344
f 1344/1642/1345 1342/1640/1343 1345/1643/1346
f 1345/1643/1346 1346/1644/1347 1344/1642/1345
f 1346/1644/1347 1345/1643/1346 1347/1645/1348
f 1347/1645/1348 1348/1646/1349 1346/1644/1347
f 1347/1645/1348 1349/1647/1350 1348/1646/1349
f 1347/1645/1348 1350/1648/1351 1349/1647/1350
f 1350/1648/1351 1347/1645/1348 1351/1649/1352
f 1351/1649/1352 1352/1650/1353 1350/1648/1351
f 1351/1649/1352 1353/1651/1354 1352/1650/1353
f 1353/1651/1354 1351/1649/1352 1354/1652/1355
f 1354/1652/1355 1355/1653/1356 1353/1651/1354
f 1355/1653/1356 1354/1652/1355 1356/1654/1357
f 1356/1654/1357 1357/1655/1358 1355/1653/1356
f 1356/1654/1357 1358/1656/1359 1357/1655/1358
f 1358/1656/1359 1356/1654/1357 1354/1652/1355
f 1358/1656/1359 1354/1652/1355 1359/1657/1360
f 1359/1657/1360 1360/1658/1361 1358/1656/1359
f 1360/1658/1361 1359/1657/1360 1361/1659/1362
f 1361/1659/1362 1362/1660/1363 1360/1658/1361
f 1362/1660/1363 1361/1659/1362 1363/1661/1364
f 1363/1661/1364 1364/1662/1365 1362/1660/1363
f 1364/1662/1365 1363/1661/1364 1365/1663/1366
f 1365/1663/1366 1366/1664/1367 1364/1662/1365
f 1366/1664/1367 1365/1663/1366 1367/1665/1368
f 1367/1665/1368 1368/1666/1369 1366/1664/1367
f 1368/1666/1369 1367/1665/1368 1369/1667/1370
f 1369/1667/1370 1370/1668/1371 1368/1666/1369
f 1370/1668/1371 1369/1667/1370 1371/1669/1372
f 1371/1669/1372 1372/1670/1373 1370/1668/1371
f 1372/1670/1373 1371/1669/1372 1373/1671/1374
f 1373/1671/1374 1374/1672/1375 1372/1670/1373
f 1374/1672/1375 1373/1671/1374 1375/1673/1376
f 1375/1673/1376 1376/1674/1377 1374/1672/1375
f 1376/1674/1377 1375/1673/1376 1377/1675/1378
f 1377/1675/1378 1378/1676/1379 1376/1674/1377
f 1378/1676/1379 1377/1675/1378 1379/1677/1380
f 1379/1677/1380 1380/1678/1381 1378/1676/1379
f 1380/1678/1381 1379/1677/1380 1381/1679/1382
f 1381/1679/1382 1382/1680/1383 1380/1678/1381
f 1381/1679/1382 1349/1681/1350 1382/1680/1383
f 1381/1679/1382 1348/1682/1349 1349/1681/1350
f 1348/1682/1349 1381/1679/1382 1383/1683/1384
f 1383/1683/1384 1346/1684/1347 1348/1682/1349
f 1346/1684/1347 1383/1683/1384 1384/1685/1385
f 1384/1685/1385 1344/1686/1345 1346/1684/1347
f 1384/1685/1385 1343/1687/1344 1344/1686/1345
f 1384/1685/1385 1385/1688/1386 1343/1687/1344
f 1385/1688/1386 1384/1685/1385 1386/1689/1387
f 1386/1689/1387 1387/1690/1388 1385/1688/1386
f 1387/1690/1388 1386/1689/1387 1388/1691/1389
f 1388/1691/1389 1325/1623/1326 1387/1690/1388
f 1325/1623/1326 1388/1691/1389 1389/1692/1390
f 1389/1692/1390 1323/1621/1324 1325/1623/1326
f 1323/1621/1324 1389/1692/1390 1390/1693/1391
f 1390/1693/1391 1326/1624/1327 1323/1621/1324
f 1326/1624/1327 1390/1693/1391 1391/1694/1392
f 1391/1694/1392 1328/1626/1329 1326/1624/1327
f 1328/1626/1329 1391/1694/1392 1392/1695/1393
f 1392/1695/1393 1331/1629/1332 1328/1626/1329
f 1331/1629/1332 1392/1695/1393 1393/1696/1394
f 1393/1696/1394 1333/1631/1334 1331/1629/1332
f 1333/1631/1334 1393/1696/1394 1394/1697/1395
f 1394/1697/1395 1335/1633/1336 1333/1631/1334
f 1335/1633/1336 1394/1697/1395 1395/1698/1396
f 1395/1698/1396 1337/1635/1338 1335/1633/1336
f 1395/1698/1396 1339/1637/1340 1337/1635/1338
f 1339/1637/1340 1395/1698/1396 1396/1699/1397
f 1396/1699/1397 1341/1639/1342 1339/1637/1340
f 1341/1639/1342 1396/1699/1397 1397/1700/1398
f 1397/1700/1398 1342/1640/1343 1341/1639/1342
f 1397/1700/1398 1345/1643/1346 1342/1640/1343
f 1397/1700/1398 1347/1645/1348 1345/1643/1346
f 1397/1700/1398 1351/1649/1352 1347/1645/1348
f 1351/1649/1352 1397/1700/1398 1398/1701/1399
f 1398/1701/1399 1354/1652/1355 1351/1649/1352
f 1354/1652/1355 1398/1701/1399 1399/1702/1400
f 1399/1702/1400 1359/1657/1360 1354/1652/1355
f 1359/1657/1360 1399/1702/1400 1400/1703/1401
f 1400/1703/1401 1361/1659/1362 1359/1657/1360
f 1400/1703/1401 1363/1661/1364 1361/1659/1362
f 1363/1661/1364 1400/1703/1401 1401/1704/1402
f 1401/1704/1402 1402/1705/1403 1363/1661/1364
f 1402/1705/1403 1401/1704/1402 1394/1697/1395
f 1402/1705/1403 1394/1697/1395 1393/1696/1394
f 1402/1705/1403 1393/1696/1394 1403/1706/1404
f 1403/1706/1404 1363/1661/1364 1402/1705/1403
f 1403/1706/1404 1365/1663/1366 1363/1661/1364
f 1403/1706/1404 1367/1665/1368 1365/1663/1366
f 1403/1706/1404 1404/1707/1405 1367/1665/1368
f 1403/1706/1404 1392/1695/1393 1404/1707/1405
f 1392/1695/1393 1403/1706/1404 1393/1696/1394
f 1391/1694/1392 1404/1707/1405 1392/1695/1393
f 1404/1707/1405 1391/1694/1392 1390/1693/1391
f 1390/1693/1391 1367/1665/1368 1404/1707/1405
f 1367/1665/1368 1390/1693/1391 1405/1708/1406
f 1405/1708/1406 1369/1667/1370 1367/1665/1368
f 1369/1667/1370 1405/1708/1406 1406/1709/1407
f 1406/1709/1407 1371/1669/1372 1369/1667/1370
f 1371/1669/1372 1406/1709/1407 1407/1710/1408
f 1407/1710/1408 1373/1671/1374 1371/1669/1372
f 1373/1671/1374 1407/1710/1408 1408/1711/1409
f 1408/1711/1409 1375/1673/1376 1373/1671/1374
f 1408/1711/1409 1377/1675/1378 1375/1673/1376
f 1408/1711/1409 1379/1677/1380 1377/1675/1378
f 1379/1677/1380 1408/1711/1409 1409/1712/1410
f 1409/1712/1410 1381/1679/1382 1379/1677/1380
f 1381/1679/1382 1409/1712/1410 1410/1713/1411
f 1410/1713/1411 1383/1683/1384 1381/1679/1382
f 1410/1713/1411 1384/1685/1385 1383/1683/1384
f 1410/1713/1411 1386/1689/1387 1384/1685/1385
f 1386/1689/1387 1410/1713/1411 1411/1714/1412
f 1411/1714/1412 1388/1691/1389 1386/1689/1387
f 1388/1691/1389 1411/1714/1412 1412/1715/1413
f 1412/1715/1413 1389/1692/1390 1388/1691/1389
f 1412/1715/1413 1390/1693/1391 1389/1692/1390
f 1412/1715/1413 1405/1708/1406 1390/1693/1391
f 1412/1715/1413 1406/1709/1407 1405/1708/1406
f 1406/1709/1407 1412/1715/1413 1411/1714/1412
f 1411/1714/1412 1413/1716/1414 1406/1709/1407
f 1413/1716/1414 1411/1714/1412 1410/1713/1411
f 1413/1716/1414 1410/1713/1411 1409/1712/1410
f 1413/1716/1414 1409/1712/1410 1407/1710/1408
f 1407/1710/1408 1406/1709/1407 1413/1716/1414
f 1408/1711/1409 1407/1710/1408 1409/1712/1410
f 1398/1701/1399 1397/1700/1398 1396/1699/1397
f 1396/1699/1397 1414/1717/1415 1398/1701/1399
f 1414/1717/1415 1396/1699/1397 1395/1698/1396
f 1414/1717/1415 1395/1698/1396 1394/1697/1395
f 1414/1717/1415 1394/1697/1395 1401/1704/1402
f 1414/1717/1415 1401/1704/1402 1399/1702/1400
f 1399/1702/1400 1398/1701/1399 1414/1717/1415
f 1400/1703/1401 1399/1702/1400 1401/1704/1402
f 1415/1718/1416 1416/1719/1417 1417/1720/1418
f 1417/1720/1418 1418/1721/1419 1415/1718/1416
f 1418/1721/1419 1417/1720/1418 1419/1722/1420
f 1419/1722/1420 1420/1723/1421 1418/1721/1419
f 1419/1722/1420 1421/1724/1422 1420/1723/1421
f 1419/1722/1420 1422/1725/1423 1421/1724/1422
f 1422/1725/1423 1419/1722/1420 1417/1720/1418
f 1417/1720/1418 1423/1726/1424 1422/1725/1423
f 1417/1720/1418 1424/1727/1425 1423/1726/1424
f 1424/1727/1425 1417/1720/1418 1416/1719/1417
f 1416/1719/1417 1175/1463/1176 1424/1727/1425
f 1425/1728/1426 1421/1724/1422 1422/1725/1423
f 1421/1724/1422 1425/1728/1426 1426/1729/1427
f 1426/1729/1427 1420/1723/1421 1421/1724/1422
f 1426/1729/1427 1427/1730/1428 1420/1723/1421
f 1426/1729/1427 1428/1731/1429 1427/1730/1428
f 1428/1731/1429 1426/1729/1427 1429/1732/1430
f 1429/1732/1430 1430/1733/1431 1428/1731/1429
f 1429/1732/1430 1302/1734/1303 1430/1733/1431
f 1429/1732/1430 1312/1735/1313 1302/1734/1303
f 1429/1732/1430 1309/1736/1310 1312/1735/1313
f 1309/1736/1310 1429/1732/1430 1426/1729/1427
f 1426/1729/1427 1431/1737/1432 1309/1736/1310
f 1426/1729/1427 1432/1738/1433 1431/1737/1432
f 1432/1738/1433 1426/1729/1427 1425/1728/1426
f 1433/1739/1434 1152/1440/1153 1151/1439/1152
f 1152/1440/1153 1433/1739/1434 1434/1740/1435
f 1434/1740/1435 1435/1741/1436 1152/1440/1153
f 1434/1740/1435 1436/1742/1437 1435/1741/1436
f 1436/1742/1437 1434/1740/1435 1437/1743/1438
f 1437/1743/1438 1438/1744/1439 1436/1742/1437
f 1438/1744/1439 1437/1743/1438 1439/1745/1440
f 1439/1745/1440 1440/1746/1441 1438/1744/1439
f 1440/1746/1441 1439/1745/1440 1441/1747/1442
f 1441/1747/1442 1442/1748/1443 1440/1746/1441
f 1442/1748/1443 1441/1747/1442 1443/1749/1444
f 1443/1749/1444 1444/1750/1445 1442/1748/1443
f 1444/1750/1445 1443/1749/1444 1445/1751/1446
f 1445/1751/1446 1308/1599/1309 1444/1750/1445
f 1445/1751/1446 1306/1597/1307 1308/1599/1309
f 1445/1751/1446 1301/1596/1302 1306/1597/1307
f 1445/1751/1446 1446/1752/1447 1301/1596/1302
f 1445/1751/1446 1447/1753/1448 1446/1752/1447
f 1447/1753/1448 1445/1751/1446 1443/1749/1444
f 1443/1749/1444 1448/1754/1449 1447/1753/1448
f 1448/1754/1449 1443/1749/1444 1441/1747/1442
f 1441/1747/1442 1449/1755/1450 1448/1754/1449
f 1449/1755/1450 1441/1747/1442 1439/1745/1440
f 1439/1745/1440 1450/1756/1451 1449/1755/1450
f 1450/1756/1451 1439/1745/1440 1437/1743/1438
f 1437/1743/1438 1451/1757/1452 1450/1756/1451
f 1451/1757/1452 1437/1743/1438 1434/1740/1435
f 1434/1740/1435 1376/1674/1377 1451/1757/1452
f 1376/1674/1377 1434/1740/1435 1433/1739/1434
f 1433/1739/1434 1452/1758/1453 1376/1674/1377
f 1452/1758/1453 1433/1739/1434 1151/1439/1152
f 1151/1439/1152 1453/1759/1454 1452/1758/1453
f 1453/1759/1454 1151/1439/1152 1154/1442/1155
f 1154/1442/1155 1454/1760/1455 1453/1759/1454
f 1454/1760/1455 1154/1442/1155 1156/1444/1157
f 1156/1444/1157 1455/1761/1456 1454/1760/1455
f 1455/1761/1456 1156/1444/1157 1157/1445/1158
f 1157/1445/1158 1456/1762/1457 1455/1761/1456
f 1456/1762/1457 1157/1445/1158 1185/1473/1186
f 1185/1473/1186 1457/1763/1458 1456/1762/1457
f 1457/1763/1458 1185/1473/1186 1183/1471/1184
f 1183/1471/1184 1458/1764/1459 1457/1763/1458
f 1458/1764/1459 1183/1471/1184 1181/1469/1182
f 1181/1469/1182 1459/1765/1460 1458/1764/1459
f 1459/1765/1460 1181/1469/1182 1180/1468/1181
f 1459/1765/1460 1180/1468/1181 1178/1466/1179
f 1459/1765/1460 1178/1466/1179 1460/1766/1461
f 1459/1765/1460 1460/1766/1461 1360/1658/1361
f 1459/1765/1460 1360/1658/1361 1362/1660/1363
f 1362/1660/1363 1458/1764/1459 1459/1765/1460
f 1458/1764/1459 1362/1660/1363 1364/1662/1365
f 1364/1662/1365 1457/1763/1458 1458/1764/1459
f 1457/1763/1458 1364/1662/1365 1366/1664/1367
f 1366/1664/1367 1456/1762/1457 1457/1763/1458
f 1456/1762/1457 1366/1664/1367 1368/1666/1369
f 1368/1666/1369 1455/1761/1456 1456/1762/1457
f 1455/1761/1456 1368/1666/1369 1370/1668/1371
f 1370/1668/1371 1454/1760/1455 1455/1761/1456
f 1454/1760/1455 1370/1668/1371 1372/1670/1373
f 1372/1670/1373 1453/1759/1454 1454/1760/1455
f 1453/1759/1454 1372/1670/1373 1374/1672/1375
f 1374/1672/1375 1452/1758/1453 1453/1759/1454
f 1452/1758/1453 1374/1672/1375 1376/1674/1377
f 1416/1767/1417 1461/1768/1462 1175/1769/1176
f 1461/1768/1462 1416/1767/1417 1415/1770/1416
f 1461/1768/1462 1415/1770/1416 1357/1771/1358
f 1357/1771/1358 1462/1772/1463 1461/1768/1462
f 1462/1772/1463 1357/1771/1358 1358/1773/1359
f 1462/1772/1463 1358/1773/1359 1360/1774/1361
f 1462/1772/1463 1360/1774/1361 1460/1775/1461
f 1462/1772/1463 1460/1775/1461 1176/1776/1177
f 1176/1776/1177 1461/1768/1462 1462/1772/1463
f 1461/1768/1462 1176/1776/1177 1175/1769/1176
f 1178/1777/1179 1176/1776/1177 1460/1775/1461
f 1463/1778/1464 1464/1779/1465 1465/1780/1466
f 1464/1779/1465 1463/1778/1464 1466/1781/1467
f 1464/1779/1465 1466/1781/1467 1467/1782/1468
f 1464/1779/1465 1467/1782/1468 1468/1783/1469
f 1464/1779/1465 1468/1783/1469 1469/1784/1470
f 1464/1779/1465 1469/1784/1470 1470/1785/1471
f 1464/1779/1465 1470/1785/1471 1471/1786/1472
f 1471/1786/1472 1465/1780/1466 1464/1779/1465
f 1472/1787/1473 1473/1788/1474 1474/1789/1475
f 1473/1788/1474 1472/1787/1473 1475/1790/1476
f 1473/1788/1474 1475/1790/1476 1476/1791/1477
f 1473/1788/1474 1476/1791/1477 1477/1792/1478
f 1473/1788/1474 1477/1792/1478 1478/1793/1479
f 1473/1788/1474 1478/1793/1479 1479/1794/1480
f 1473/1788/1474 1479/1794/1480 1480/1795/1481
f 1480/1795/1481 1474/1789/1475 1473/1788/1474
f 1474/1789/1475 1480/1795/1481 1481/1796/1482
f 1481/1796/1482 1482/1797/1483 1474/1789/1475
f 1482/1797/1483 1481/1796/1482 1467/1782/1468
f 1482/1797/1483 1467/1782/1468 1466/1781/1467
f 1482/1797/1483 1466/1781/1467 1483/1798/1484
f 1483/1798/1484 1474/1789/1475 1482/1797/1483
f 1483/1798/1484 1472/1787/1473 1474/1789/1475
f 1472/1787/1473 1483/1798/1484 1484/1799/1485
f 1484/1799/1485 1475/1790/1476 1472/1787/1473
f 1475/1790/1476 1484/1799/1485 1485/1800/1486
f 1485/1800/1486 1476/1791/1477 1475/1790/1476
f 1476/1791/1477 1485/1800/1486 1486/1801/1487
f 1486/1801/1487 1477/1792/1478 1476/1791/1477
f 1477/1792/1478 1486/1801/1487 1487/1802/1488
f 1487/1802/1488 1478/1793/1479 1477/1792/1478
f 1478/1793/1479 1487/1802/1488 1488/1803/1489
f 1488/1803/1489 1479/1794/1480 1478/1793/1479
f 1488/1803/1489 1480/1795/1481 1479/1794/1480
f 1488/1803/1489 1481/1796/1482 1480/1795/1481
f 1488/1803/1489 1467/1782/1468 1481/1796/1482
f 1488/1803/1489 1468/1783/1469 1467/1782/1468
f 1468/1783/1469 1488/1803/1489 1487/1802/1488
f 1487/1802/1488 1469/1784/1470 1468/1783/1469
f 1469/1784/1470 1487/1802/1488 1486/1801/1487
f 1486/1801/1487 1470/1785/1471 1469/1784/1470
f 1470/1785/1471 1486/1801/1487 1485/1800/1486
f 1485/1800/1486 1471/1786/1472 1470/1785/1471
f 1471/1786/1472 1485/1800/1486 1484/1799/1485
f 1484/1799/1485 1465/1780/1466 1471/1786/1472
f 1465/1780/1466 1484/1799/1485 1483/1798/1484
f 1483/1798/1484 1463/1778/1464 1465/1780/1466
f 1463/1778/1464 1483/1798/1484 1466/1781/1467
f 1489/1804/1490 1490/1805/1491 1491/1806/1492
f 1491/1806/1492 1492/1807/1493 1489/1804/1490
f 1492/1807/1493 1491/1806/1492 1493/1808/1494
f 1493/1808/1494 1494/1809/1495 1492/1807/1493
f 1494/1809/1495 1493/1808/1494 1495/1810/1496
f 1495/1810/1496 1496/1811/1497 1494/1809/1495
f 1496/1811/1497 1495/1810/1496 1497/1812/1498
f 1497/1812/1498 1498/1813/1499 1496/1811/1497
f 1497/1812/1498 1499/1814/1500 1498/1813/1499
f 1497/1812/1498 1500/1815/1501 1499/1814/1500
f 1497/1812/1498 1501/1816/1502 1500/1815/1501
f 1501/1816/1502 1497/1812/1498 1495/1810/1496
f 1495/1810/1496 1502/1817/1503 1501/1816/1502
f 1502/1817/1503 1495/1810/1496 1493/1808/1494
f 1493/1808/1494 1503/1818/1504 1502/1817/1503
f 1503/1818/1504 1493/1808/1494 1491/1806/1492
f 1503/1818/1504 1491/1806/1492 1504/1819/1505
f 1503/1818/1504 1504/1819/1505 1505/1820/1506
f 1503/1818/1504 1505/1820/1506 1506/1821/1507
f 1506/1821/1507 1502/1817/1503 1503/1818/1504
f 1502/1817/1503 1506/1821/1507 1507/1822/1508
f 1507/1822/1508 1501/1816/1502 1502/1817/1503
f 1507/1822/1508 1500/1815/1501 1501/1816/1502
f 1500/1815/1501 1507/1822/1508 1508/1823/1509
f 1508/1823/1509 1499/1814/1500 1500/1815/1501
f 1508/1823/1509 1498/1824/1499 1499/1814/1500
f 1508/1823/1509 1496/1825/1497 1498/1824/1499
f 1508/1823/1509 1509/1826/1510 1496/1825/1497
f 1509/1826/1510 1508/1823/1509 1507/1822/1508
f 1509/1826/1510 1507/1822/1508 1506/1821/1507
f 1506/1821/1507 1510/1827/1511 1509/1826/1510
f 1510/1827/1511 1506/1821/1507 1505/1820/1506
f 1505/1820/1506 1511/1828/1512 1510/1827/1511
f 1505/1820/1506 1512/1829/1513 1511/1828/1512
f 1512/1829/1513 1505/1820/1506 1513/1830/1514
f 1512/1829/1513 1513/1830/1514 1514/1831/1515
f 1512/1829/1513 1514/1831/1515 1515/1832/1516
f 1512/1829/1513 1515/1832/1516 1490/1833/1491
f 1490/1833/1491 1511/1828/1512 1512/1829/1513
f 1511/1828/1512 1490/1833/1491 1489/1834/1490
f 1489/1834/1490 1510/1827/1511 1511/1828/1512
f 1510/1827/1511 1489/1834/1490 1492/1835/1493
f 1492/1835/1493 1509/1826/1510 1510/1827/1511
f 1509/1826/1510 1492/1835/1493 1494/1836/1495
f 1494/1836/1495 1496/1825/1497 1509/1826/1510
f 1037/1837/1038 1042/1306/1043 1043/1307/1044
f 1043/1307/1044 1516/1838/1517 1037/1837/1038
f 1043/1307/1044 1517/1839/1518 1516/1838/1517
f 1517/1839/1518 1043/1307/1044 1518/1840/1519
f 1518/1840/1519 1519/1841/1520 1517/1839/1518
f 1518/1840/1519 1520/1842/1521 1519/1841/1520
f 1520/1842/1521 1518/1840/1519 1521/1843/1522
f 1521/1843/1522 1522/1844/1523 1520/1842/1521
f 1522/1844/1523 1521/1843/1522 1523/1845/1524
f 1523/1845/1524 1524/1846/1525 1522/1844/1523
f 1523/1845/1524 1525/1847/1526 1524/1846/1525
f 1523/1845/1524 1526/1848/1527 1525/1847/1526
f 1523/1845/1524 1527/1849/1528 1526/1848/1527
f 1527/1849/1528 1523/1845/1524 1521/1843/1522
f 1521/1843/1522 1528/1850/1529 1527/1849/1528
f 1528/1850/1529 1521/1843/1522 1518/1840/1519
f 1518/1840/1519 1529/1851/1530 1528/1850/1529
f 1529/1851/1530 1518/1840/1519 1043/1307/1044
f 1529/1851/1530 1043/1307/1044 1041/1305/1042
f 1529/1851/1530 1041/1305/1042 1039/1302/1040
f 1529/1851/1530 1039/1302/1040 1530/1852/1531
f 1530/1852/1531 1528/1850/1529 1529/1851/1530
f 1528/1850/1529 1530/1852/1531 1531/1853/1532
f 1531/1853/1532 1527/1849/1528 1528/1850/1529
f 1531/1853/1532 1526/1848/1527 1527/1849/1528
f 1526/1848/1527 1531/1853/1532 1532/1854/1533
f 1532/1854/1533 1525/1847/1526 1526/1848/1527
f 1532/1854/1533 1524/1855/1525 1525/1847/1526
f 1532/1854/1533 1522/1856/1523 1524/1855/1525
f 1532/1854/1533 1533/1857/1534 1522/1856/1523
f 1533/1857/1534 1532/1854/1533 1531/1853/1532
f 1533/1857/1534 1531/1853/1532 1530/1852/1531
f 1530/1852/1531 1534/1858/1535 1533/1857/1534
f 1534/1858/1535 1530/1852/1531 1039/1302/1040
f 1039/1302/1040 1535/1859/1536 1534/1858/1535
f 1039/1302/1040 1536/1860/1537 1535/1859/1536
f 1536/1860/1537 1039/1302/1040 1032/1304/1033
f 1536/1860/1537 1032/1304/1033 1034/1861/1035
f 1536/1860/1537 1034/1861/1035 1037/1862/1038
f 1536/1860/1537 1037/1862/1038 1516/1863/1517
f 1516/1863/1517 1535/1859/1536 1536/1860/1537
f 1535/1859/1536 1516/1863/1517 1517/1864/1518
f 1517/1864/1518 1534/1858/1535 1535/1859/1536
f 1534/1858/1535 1517/1864/1518 1519/1865/1520
f 1519/1865/1520 1533/1857/1534 1534/1858/1535
f 1533/1857/1534 1519/1865/1520 1520/1866/1521
f 1520/1866/1521 1522/1856/1523 1533/1857/1534
f 1033/1296/1034 1038/1301/1039 1034/1297/1035
f 1537/1867/1538 1052/1318/1053 1051/1316/1052
f 1051/1316/1052 1538/1868/1539 1537/1867/1538
f 1538/1868/1539 1051/1316/1052 1539/1869/1540
f 1539/1869/1540 1540/1870/1541 1538/1868/1539
f 1540/1870/1541 1539/1869/1540 1541/1871/1542
f 1541/1871/1542 1542/1872/1543 1540/1870/1541
f 1542/1872/1543 1541/1871/1542 1543/1873/1544
f 1543/1873/1544 1544/1874/1545 1542/1872/1543
f 1543/1873/1544 1545/1875/1546 1544/1874/1545
f 1543/1873/1544 1546/1876/1547 1545/1875/1546
f 1543/1873/1544 1547/1877/1548 1546/1876/1547
f 1547/1877/1548 1543/1873/1544 1541/1871/1542
f 1541/1871/1542 1548/1878/1549 1547/1877/1548
f 1548/1878/1549 1541/1871/1542 1539/1869/1540
f 1539/1869/1540 1549/1879/1550 1548/1878/1549
f 1549/1879/1550 1539/1869/1540 1051/1316/1052
f 1549/1879/1550 1051/1316/1052 1049/1313/1050
f 1549/1879/1550 1049/1313/1050 1550/1880/1551
f 1549/1879/1550 1550/1880/1551 1551/1881/1552
f 1551/1881/1552 1548/1878/1549 1549/1879/1550
f 1548/1878/1549 1551/1881/1552 1552/1882/1553
f 1552/1882/1553 1547/1877/1548 1548/1878/1549
f 1552/1882/1553 1546/1876/1547 1547/1877/1548
f 1546/1876/1547 1552/1882/1553 1553/1883/1554
f 1553/1883/1554 1545/1875/1546 1546/1876/1547
f 1553/1883/1554 1544/1884/1545 1545/1875/1546
f 1553/1883/1554 1542/1885/1543 1544/1884/1545
f 1553/1883/1554 1554/1886/1555 1542/1885/1543
f 1554/1886/1555 1553/1883/1554 1552/1882/1553
f 1554/1886/1555 1552/1882/1553 1551/1881/1552
f 1551/1881/1552 1555/1887/1556 1554/1886/1555
f 1555/1887/1556 1551/1881/1552 1550/1880/1551
f 1550/1880/1551 1556/1888/1557 1555/1887/1556
f 1550/1880/1551 1557/1889/1558 1556/1888/1557
f 1557/1889/1558 1550/1880/1551 1558/1890/1559
f 1557/1889/1558 1558/1890/1559 1559/1891/1560
f 1557/1889/1558 1559/1891/1560 1046/1892/1047
f 1557/1889/1558 1046/1892/1047 1052/1893/1053
f 1052/1893/1053 1556/1888/1557 1557/1889/1558
f 1556/1888/1557 1052/1893/1053 1537/1894/1538
f 1537/1894/1538 1555/1887/1556 1556/1888/1557
f 1555/1887/1556 1537/1894/1538 1538/1895/1539
f 1538/1895/1539 1554/1886/1555 1555/1887/1556
f 1554/1886/1555 1538/1895/1539 1540/1896/1541
f 1540/1896/1541 1542/1885/1543 1554/1886/1555
f 1560/1897/1561 1561/1898/1562 1562/1899/1563
f 1561/1898/1562 1560/1897/1561 1563/1900/1564
f 1563/1900/1564 1564/1901/1565 1561/1898/1562
f 1563/1900/1564 1565/1902/1566 1564/1901/1565
f 1563/1900/1564 1566/1903/1567 1565/1902/1566
f 1563/1900/1564 1567/1904/1568 1566/1903/1567
f 1567/1904/1568 1563/1900/1564 1560/1897/1561
f 1560/1897/1561 1568/1905/1569 1567/1904/1568
f 1569/1906/1570 1566/1903/1567 1567/1904/1568
f 1053/1321/1054 1032/1320/1033 1040/1907/1041
f 1040/1907/1041 1570/1908/1571 1053/1321/1054
f 1570/1908/1571 1040/1907/1041 1042/1909/1043
f 1570/1908/1571 1042/1909/1043 1513/1910/1514
f 1570/1908/1571 1513/1910/1514 1571/1911/1572
f 1571/1911/1572 1572/1912/1573 1570/1908/1571
f 1572/1912/1573 1571/1911/1572 1573/1913/1574
f 1572/1912/1573 1573/1913/1574 1574/1914/1575
f 1574/1914/1575 1575/1915/1576 1572/1912/1573
f 1574/1914/1575 1576/1916/1577 1575/1915/1576
f 1574/1914/1575 1577/1917/1578 1576/1916/1577
f 1574/1914/1575 1036/1299/1037 1577/1917/1578
f 1574/1914/1575 1515/1918/1516 1036/1299/1037
f 1515/1918/1516 1574/1914/1575 1573/1913/1574
f 1036/1299/1037 1515/1918/1516 1514/1919/1515
f 1514/1919/1515 1037/1300/1038 1036/1299/1037
f 1037/1300/1038 1514/1919/1515 1513/1920/1514
f 1513/1920/1514 1042/1921/1043 1037/1300/1038
f 1565/1922/1566 1566/1923/1567 1578/1924/1579
f 1578/1924/1579 1579/1925/1580 1565/1922/1566
f 1579/1925/1580 1578/1924/1579 1580/1926/1581
f 1580/1926/1581 1581/1927/1582 1579/1925/1580
f 1581/1927/1582 1580/1926/1581 1582/1928/1583
f 1582/1928/1583 1583/1929/1584 1581/1927/1582
f 1583/1929/1584 1582/1928/1583 1584/1930/1585
f 1584/1930/1585 1585/1931/1586 1583/1929/1584
f 1585/1931/1586 1584/1930/1585 1586/1932/1587
f 1586/1932/1587 1561/1933/1562 1585/1931/1586
f 1561/1933/1562 1586/1932/1587 1562/1934/1563
f 1505/1820/1506 1571/1935/1572 1513/1830/1514
f 1571/1935/1572 1505/1820/1506 1504/1819/1505
f 1504/1819/1505 1573/1936/1574 1571/1935/1572
f 1573/1936/1574 1504/1819/1505 1491/1806/1492
f 1491/1806/1492 1515/1937/1516 1573/1936/1574
f 1515/1937/1516 1491/1806/1492 1490/1805/1491
f 1585/1938/1586 1561/1939/1562 1587/1940/1588
f 1587/1940/1588 1583/1941/1584 1585/1938/1586
f 1587/1940/1588 1588/1942/1589 1583/1941/1584
f 1587/1940/1588 1589/1943/1590 1588/1942/1589
f 1589/1943/1590 1587/1940/1588 1590/1944/1591
f 1590/1944/1591 1591/1945/1592 1589/1943/1590
f 1590/1944/1591 1592/1946/1593 1591/1945/1592
f 1592/1946/1593 1590/1944/1591 1593/1947/1594
f 1593/1947/1594 1594/1948/1595 1592/1946/1593
f 1594/1948/1595 1593/1947/1594 1595/1949/1596
f 1595/1949/1596 1596/1950/1597 1594/1948/1595
f 1595/1949/1596 1597/1951/1598 1596/1950/1597
f 1595/1949/1596 1598/1952/1599 1597/1951/1598
f 1595/1949/1596 1599/1953/1600 1598/1952/1599
f 1599/1953/1600 1595/1949/1596 1593/1947/1594
f 1593/1947/1594 1600/1954/1601 1599/1953/1600
f 1600/1954/1601 1593/1947/1594 1590/1944/1591
f 1590/1944/1591 1601/1955/1602 1600/1954/1601
f 1601/1955/1602 1590/1944/1591 1587/1940/1588
f 1587/1940/1588 1602/1956/1603 1601/1955/1602
f 1602/1956/1603 1587/1940/1588 1561/1939/1562
f 1602/1956/1603 1561/1939/1562 1564/1957/1565
f 1564/1957/1565 1603/1958/1604 1602/1956/1603
f 1603/1958/1604 1564/1957/1565 1565/1959/1566
f 1603/1958/1604 1565/1959/1566 1579/1960/1580
f 1579/1960/1580 1604/1961/1605 1603/1958/1604
f 1604/1961/1605 1579/1960/1580 1581/1962/1582
f 1604/1961/1605 1581/1962/1582 1583/1963/1584
f 1604/1961/1605 1583/1963/1584 1588/1964/1589
f 1604/1961/1605 1588/1964/1589 1605/1965/1606
f 1605/1965/1606 1603/1958/1604 1604/1961/1605
f 1603/1958/1604 1605/1965/1606 1606/1966/1607
f 1606/1966/1607 1602/1956/1603 1603/1958/1604
f 1606/1966/1607 1601/1955/1602 1602/1956/1603
f 1601/1955/1602 1606/1966/1607 1607/1967/1608
f 1607/1967/1608 1600/1954/1601 1601/1955/1602
f 1607/1967/1608 1599/1953/1600 1600/1954/1601
f 1607/1967/1608 1598/1952/1599 1599/1953/1600
f 1598/1952/1599 1607/1967/1608 1608/1968/1609
f 1608/1968/1609 1597/1951/1598 1598/1952/1599
f 1608/1968/1609 1596/1969/1597 1597/1951/1598
f 1608/1968/1609 1594/1970/1595 1596/1969/1597
f 1608/1968/1609 1609/1971/1610 1594/1970/1595
f 1609/1971/1610 1608/1968/1609 1607/1967/1608
f 1609/1971/1610 1607/1967/1608 1606/1966/1607
f 1606/1966/1607 1610/1972/1611 1609/1971/1610
f 1610/1972/1611 1606/1966/1607 1605/1965/1606
f 1605/1965/1606 1589/1973/1590 1610/1972/1611
f 1589/1973/1590 1605/1965/1606 1588/1964/1589
f 1610/1972/1611 1589/1973/1590 1591/1974/1592
f 1591/1974/1592 1609/1971/1610 1610/1972/1611
f 1609/1971/1610 1591/1974/1592 1592/1975/1593
f 1592/1975/1593 1594/1970/1595 1609/1971/1610
f 1558/1890/1559 1049/1313/1050 1050/1315/1051
f 1049/1313/1050 1558/1890/1559 1550/1880/1551
f 1558/1976/1559 1562/1934/1563 1586/1932/1587
f 1586/1932/1587 1559/1977/1560 1558/1976/1559
f 1559/1977/1560 1586/1932/1587 1584/1930/1585
f 1584/1930/1585 1046/1310/1047 1559/1977/1560
f 1584/1930/1585 1045/1309/1046 1046/1310/1047
f 1045/1309/1046 1584/1930/1585 1582/1928/1583
f 1582/1928/1583 1611/1978/1612 1045/1309/1046
f 1611/1978/1612 1582/1928/1583 1580/1926/1581
f 1611/1978/1612 1580/1926/1581 1612/1979/1613
f 1611/1978/1612 1612/1979/1613 1613/1980/1614
f 1613/1980/1614 1045/1309/1046 1611/1978/1612
f 1613/1980/1614 1038/1301/1039 1045/1309/1046
f 1613/1980/1614 1036/1299/1037 1038/1301/1039
f 1613/1980/1614 1577/1917/1578 1036/1299/1037
f 1613/1980/1614 1614/1981/1615 1577/1917/1578
f 1614/1981/1615 1613/1980/1614 1612/1979/1613
f 1615/1982/1616 1577/1917/1578 1614/1981/1615
f 1577/1917/1578 1615/1982/1616 1616/1983/1617
f 1616/1983/1617 1576/1916/1577 1577/1917/1578
f 1576/1916/1577 1616/1983/1617 1617/1984/1618
f 1617/1984/1618 1575/1915/1576 1576/1916/1577
f 1575/1915/1576 1617/1984/1618 1618/1985/1619
f 1618/1985/1619 1572/1912/1573 1575/1915/1576
f 1618/1985/1619 1570/1908/1571 1572/1912/1573
f 1570/1908/1571 1618/1985/1619 1619/1986/1620
f 1619/1986/1620 1053/1321/1054 1570/1908/1571
f 1053/1321/1054 1619/1986/1620 1568/1905/1569
f 1568/1905/1569 1055/1323/1056 1053/1321/1054
f 1055/1323/1056 1568/1905/1569 1562/1899/1563
f 1562/1899/1563 1050/1325/1051 1055/1323/1056
f 1050/1325/1051 1562/1899/1563 1558/1987/1559
f 1560/1897/1561 1562/1899/1563 1568/1905/1569
f 1567/1904/1568 1568/1905/1569 1619/1986/1620
f 1619/1986/1620 1569/1906/1570 1567/1904/1568
f 1619/1986/1620 1620/1988/1621 1569/1906/1570
f 1620/1988/1621 1619/1986/1620 1618/1985/1619
f 1618/1985/1619 1621/1989/1622 1620/1988/1621
f 1621/1989/1622 1618/1985/1619 1617/1984/1618
f 1325/1623/1326 1622/1990/1623 1387/1690/1388
f 1622/1990/1623 1325/1623/1326 1324/1622/1325
f 1324/1622/1325 1329/1627/1330 1622/1990/1623
f 1329/1627/1330 1324/1622/1325 1327/1625/1328
f 1623/1991/1624 1624/1992/1625 1625/1993/1626
f 1625/1993/1626 1626/1994/1627 1623/1991/1624
f 1626/1994/1627 1625/1993/1626 1627/1995/1628
f 1627/1995/1628 1628/1996/1629 1626/1994/1627
f 1628/1996/1629 1627/1995/1628 1629/1997/1630
f 1629/1997/1630 1630/1998/1631 1628/1996/1629
f 1630/1998/1631 1629/1997/1630 1631/1999/1632
f 1631/1999/1632 1632/2000/1633 1630/1998/1631
f 1632/2000/1633 1631/1999/1632 1633/2001/1634
f 1633/2001/1634 1634/2002/1635 1632/2000/1633
f 1634/2002/1635 1633/2001/1634 1635/2003/1636
f 1635/2003/1636 1636/2004/1637 1634/2002/1635
f 1636/2004/1637 1635/2003/1636 1637/2005/1638
f 1637/2005/1638 1638/2006/1639 1636/2004/1637
f 1638/2006/1639 1637/2005/1638 1639/2007/1640
f 1639/2007/1640 1640/2008/1641 1638/2006/1639
f 1640/2008/1641 1639/2007/1640 1641/2009/1642
f 1641/2009/1642 1642/2010/1643 1640/2008/1641
f 1642/2010/1643 1641/2009/1642 1643/2011/1644
f 1643/2011/1644 1644/2012/1645 1642/2010/1643
f 1644/2012/1645 1643/2011/1644 1624/2013/1625
f 1624/2013/1625 1623/2014/1624 1644/2012/1645
f 1075/1346/1076 1645/2015/1646 1074/1345/1075
f 1645/2015/1646 1075/1346/1076 1077/1348/1078
f 1077/1348/1078 1646/2016/1647 1645/2015/1646
f 1646/2016/1647 1077/1348/1078 1079/1350/1080
f 1646/2016/1647 1079/1350/1080 1647/2017/1648
f 1647/2017/1648 1645/2015/1646 1646/2016/1647
f 1645/2015/1646 1647/2017/1648 1648/2018/1649
f 1648/2018/1649 1074/1345/1075 1645/2015/1646
f 1074/1345/1075 1648/2018/1649 1649/2019/1650
f 1649/2019/1650 1072/1343/1073 1074/1345/1075
f 1649/2019/1650 1070/1341/1071 1072/1343/1073
f 1070/1341/1071 1649/2019/1650 1650/2020/1651
f 1650/2020/1651 1068/1339/1069 1070/1341/1071
f 1650/2020/1651 1067/1338/1068 1068/1339/1069
f 1650/2020/1651 1651/2021/1652 1067/1338/1068
f 1651/2021/1652 1650/2020/1651 1652/2022/1653
f 1652/2022/1653 1653/2023/1654 1651/2021/1652
f 1653/2023/1654 1652/2022/1653 1654/2024/1655
f 1654/2024/1655 1655/2025/1656 1653/2023/1654
f 1655/2025/1656 1654/2024/1655 1656/2026/1657
f 1656/2026/1657 1657/2027/1658 1655/2025/1656
f 1656/2026/1657 1658/2028/1659 1657/2027/1658
f 1656/2026/1657 1659/2029/1660 1658/2028/1659
f 1659/2029/1660 1656/2026/1657 1660/2030/1661
f 1660/2030/1661 1661/2031/1662 1659/2029/1660
f 1661/2031/1662 1660/2030/1661 1662/2032/1663
f 1662/2032/1663 1663/2033/1664 1661/2031/1662
f 1663/2033/1664 1662/2032/1663 1664/2034/1665
f 1664/2034/1665 1665/2035/1666 1663/2033/1664
f 1665/2035/1666 1664/2034/1665 1666/2036/1667
f 1666/2036/1667 1667/2037/1668 1665/2035/1666
f 1667/2037/1668 1666/2036/1667 1668/2038/1669
f 1668/2038/1669 1669/2039/1670 1667/2037/1668
f 1669/2039/1670 1668/2038/1669 1670/2040/1671
f 1670/2040/1671 1671/2041/1672 1669/2039/1670
f 1671/2041/1672 1670/2040/1671 1672/2042/1673
f 1672/2042/1673 1673/2043/1674 1671/2041/1672
f 1673/2043/1674 1672/2042/1673 1674/2044/1675
f 1674/2044/1675 1675/2045/1676 1673/2043/1674
f 1674/2044/1675 1658/2046/1659 1675/2045/1676
f 1674/2044/1675 1657/2047/1658 1658/2046/1659
f 1657/2047/1658 1674/2044/1675 1676/2048/1677
f 1676/2048/1677 1655/2049/1656 1657/2047/1658
f 1655/2049/1656 1676/2048/1677 1677/2050/1678
f 1677/2050/1678 1653/2051/1654 1655/2049/1656
f 1653/2051/1654 1677/2050/1678 1678/2052/1679
f 1678/2052/1679 1651/2053/1652 1653/2051/1654
f 1678/2052/1679 1067/1360/1068 1651/2053/1652
f 1678/2052/1679 1087/1358/1088 1067/1360/1068
f 1087/1358/1088 1678/2052/1679 1679/2054/1680
f 1679/2054/1680 1085/1356/1086 1087/1358/1088
f 1679/2054/1680 1083/1354/1084 1085/1356/1086
f 1679/2054/1680 1082/1353/1083 1083/1354/1084
f 1679/2054/1680 1680/2055/1681 1082/1353/1083
f 1680/2055/1681 1679/2054/1680 1678/2052/1679
f 1680/2055/1681 1678/2052/1679 1677/2050/1678
f 1677/2050/1678 1681/2056/1682 1680/2055/1681
f 1681/2056/1682 1677/2050/1678 1676/2048/1677
f 1681/2056/1682 1676/2048/1677 1674/2044/1675
f 1681/2056/1682 1674/2044/1675 1672/2042/1673
f 1672/2042/1673 1682/2057/1683 1681/2056/1682
f 1682/2057/1683 1672/2042/1673 1670/2040/1671
f 1670/2040/1671 1683/2058/1684 1682/2057/1683
f 1683/2058/1684 1670/2040/1671 1668/2038/1669
f 1668/2038/1669 1684/2059/1685 1683/2058/1684
f 1684/2059/1685 1668/2038/1669 1666/2036/1667
f 1666/2036/1667 1685/2060/1686 1684/2059/1685
f 1685/2060/1686 1666/2036/1667 1664/2034/1665
f 1664/2034/1665 1686/2061/1687 1685/2060/1686
f 1686/2061/1687 1664/2034/1665 1662/2032/1663
f 1662/2032/1663 1687/2062/1688 1686/2061/1687
f 1687/2062/1688 1662/2032/1663 1660/2030/1661
f 1687/2062/1688 1660/2030/1661 1656/2026/1657
f 1687/2062/1688 1656/2026/1657 1654/2024/1655
f 1654/2024/1655 1688/2063/1689 1687/2062/1688
f 1688/2063/1689 1654/2024/1655 1652/2022/1653
f 1688/2063/1689 1652/2022/1653 1650/2020/1651
f 1688/2063/1689 1650/2020/1651 1649/2019/1650
f 1688/2063/1689 1649/2019/1650 1648/2018/1649
f 1648/2018/1649 1687/2062/1688 1688/2063/1689
f 1648/2018/1649 1686/2061/1687 1687/2062/1688
f 1686/2061/1687 1648/2018/1649 1647/2017/1648
f 1647/2017/1648 1685/2060/1686 1686/2061/1687
f 1647/2017/1648 1689/2064/1690 1685/2060/1686
f 1689/2064/1690 1647/2017/1648 1079/1350/1080
f 1079/1350/1080 1690/2065/1691 1689/2064/1690
f 1690/2065/1691 1079/1350/1080 1081/1352/1082
f 1081/1352/1082 1691/2066/1692 1690/2065/1691
f 1691/2066/1692 1081/1352/1082 1082/1353/1083
f 1691/2066/1692 1082/1353/1083 1680/2055/1681
f 1691/2066/1692 1680/2055/1681 1681/2056/1682
f 1691/2066/1692 1681/2056/1682 1682/2057/1683
f 1682/2057/1683 1690/2065/1691 1691/2066/1692
f 1690/2065/1691 1682/2057/1683 1683/2058/1684
f 1683/2058/1684 1689/2064/1690 1690/2065/1691
f 1689/2064/1690 1683/2058/1684 1684/2059/1685
f 1684/2059/1685 1685/2060/1686 1689/2064/1690
f 1692/2067/1693 1693/2068/1694 1694/2069/1695
f 1694/2069/1695 1695/2070/1696 1692/2067/1693
f 1695/2070/1696 1694/2069/1695 1696/2071/1697
f 1695/2070/1696 1696/2071/1697 1697/2072/1698
f 1695/2070/1696 1697/2072/1698 1698/2073/1699
f 1698/2073/1699 1699/2074/1700 1695/2070/1696
f 1699/2074/1700 1698/2073/1699 1700/2075/1701
f 1699/2074/1700 1700/2075/1701 1623/2076/1624
f 1699/2074/1700 1623/2076/1624 1626/2077/1627
f 1626/2077/1627 1701/2078/1702 1699/2074/1700
f 1701/2078/1702 1626/2077/1627 1628/2079/1629
f 1628/2079/1629 1702/2080/1703 1701/2078/1702
f 1702/2080/1703 1628/2079/1629 1630/2081/1631
f 1702/2080/1703 1630/2081/1631 1632/2082/1633
f 1632/2082/1633 1703/2083/1704 1702/2080/1703
f 1703/2083/1704 1632/2082/1633 1634/2084/1635
f 1703/2083/1704 1634/2084/1635 1704/2085/1705
f 1704/2085/1705 1702/2080/1703 1703/2083/1704
f 1702/2080/1703 1704/2085/1705 1705/2086/1706
f 1705/2086/1706 1701/2078/1702 1702/2080/1703
f 1701/2078/1702 1705/2086/1706 1706/2087/1707
f 1706/2087/1707 1699/2074/1700 1701/2078/1702
f 1699/2074/1700 1706/2087/1707 1707/2088/1708
f 1707/2088/1708 1695/2070/1696 1699/2074/1700
f 1695/2070/1696 1707/2088/1708 1708/2089/1709
f 1708/2089/1709 1692/2067/1693 1695/2070/1696
f 1692/2067/1693 1708/2089/1709 1709/2090/1710
f 1709/2090/1710 1693/2068/1694 1692/2067/1693
f 1693/2068/1694 1709/2090/1710 1710/2091/1711
f 1710/2091/1711 1711/2092/1712 1693/2068/1694
f 1711/2092/1712 1710/2091/1711 1712/2093/1713
f 1712/2093/1713 1713/2094/1714 1711/2092/1712
f 1713/2094/1714 1712/2093/1713 1714/2095/1715
f 1714/2095/1715 1715/2096/1716 1713/2094/1714
f 1715/2096/1716 1714/2095/1715 1716/2097/1717
f 1716/2097/1717 1717/2098/1718 1715/2096/1716
f 1717/2098/1718 1716/2097/1717 1718/2099/1719
f 1718/2099/1719 1719/2100/1720 1717/2098/1718
f 1719/2100/1720 1718/2099/1719 1720/2101/1721
f 1720/2101/1721 1721/2102/1722 1719/2100/1720
f 1721/2102/1722 1720/2101/1721 1722/2103/1723
f 1722/2103/1723 1723/2104/1724 1721/2102/1722
f 1723/2104/1724 1722/2103/1723 1724/2105/1725
f 1724/2105/1725 1725/2106/1726 1723/2104/1724
f 1724/2105/1725 1697/2107/1698 1725/2106/1726
f 1724/2105/1725 1698/2108/1699 1697/2107/1698
f 1698/2108/1699 1724/2105/1725 1726/2109/1727
f 1726/2109/1727 1700/2110/1701 1698/2108/1699
f 1726/2109/1727 1623/2111/1624 1700/2110/1701
f 1726/2109/1727 1644/2112/1645 1623/2111/1624
f 1726/2109/1727 1727/2113/1728 1644/2112/1645
f 1727/2113/1728 1726/2109/1727 1724/2105/1725
f 1727/2113/1728 1724/2105/1725 1722/2103/1723
f 1722/2103/1723 1728/2114/1729 1727/2113/1728
f 1728/2114/1729 1722/2103/1723 1720/2101/1721
f 1720/2101/1721 1729/2115/1730 1728/2114/1729
f 1729/2115/1730 1720/2101/1721 1718/2099/1719
f 1718/2099/1719 1730/2116/1731 1729/2115/1730
f 1730/2116/1731 1718/2099/1719 1716/2097/1717
f 1716/2097/1717 1731/2117/1732 1730/2116/1731
f 1731/2117/1732 1716/2097/1717 1714/2095/1715
f 1714/2095/1715 1732/2118/1733 1731/2117/1732
f 1732/2118/1733 1714/2095/1715 1712/2093/1713
f 1712/2093/1713 1704/2085/1705 1732/2118/1733
f 1704/2085/1705 1712/2093/1713 1710/2091/1711
f 1710/2091/1711 1733/2119/1734 1704/2085/1705
f 1733/2119/1734 1710/2091/1711 1709/2090/1710
f 1733/2119/1734 1709/2090/1710 1708/2089/1709
f 1733/2119/1734 1708/2089/1709 1707/2088/1708
f 1733/2119/1734 1707/2088/1708 1705/2086/1706
f 1705/2086/1706 1704/2085/1705 1733/2119/1734
f 1706/2087/1707 1705/2086/1706 1707/2088/1708
f 1727/2113/1728 1642/2120/1643 1644/2112/1645
f 1642/2120/1643 1727/2113/1728 1728/2114/1729
f 1728/2114/1729 1640/2121/1641 1642/2120/1643
f 1640/2121/1641 1728/2114/1729 1729/2115/1730
f 1729/2115/1730 1638/2122/1639 1640/2121/1641
f 1638/2122/1639 1729/2115/1730 1730/2116/1731
f 1730/2116/1731 1636/2123/1637 1638/2122/1639
f 1636/2123/1637 1730/2116/1731 1731/2117/1732
f 1636/2123/1637 1731/2117/1732 1732/2118/1733
f 1636/2123/1637 1732/2118/1733 1704/2085/1705
f 1704/2085/1705 1634/2084/1635 1636/2123/1637
f 1625/2124/1626 1624/2125/1625 1734/2126/1735
f 1734/2126/1735 1735/2127/1736 1625/2124/1626
f 1735/2127/1736 1734/2126/1735 1736/2128/1737
f 1736/2128/1737 1737/2129/1738 1735/2127/1736
f 1737/2129/1738 1736/2128/1737 1738/2130/1739
f 1738/2130/1739 1739/2131/1740 1737/2129/1738
f 1739/2131/1740 1738/2130/1739 1740/2132/1741
f 1740/2132/1741 1741/2133/1742 1739/2131/1740
f 1741/2133/1742 1740/2132/1741 1742/2134/1743
f 1741/2133/1742 1742/2134/1743 1743/2135/1744
f 1743/2135/1744 1744/2136/1745 1741/2133/1742
f 1744/2136/1745 1743/2135/1744 1745/2137/1746
f 1745/2137/1746 1746/2138/1747 1744/2136/1745
f 1746/2138/1747 1745/2137/1746 1747/2139/1748
f 1747/2139/1748 1748/2140/1749 1746/2138/1747
f 1748/2140/1749 1747/2139/1748 1749/2141/1750
f 1749/2141/1750 1750/2142/1751 1748/2140/1749
f 1750/2142/1751 1749/2141/1750 1751/2143/1752
f 1751/2143/1752 1752/2144/1753 1750/2142/1751
f 1752/2144/1753 1751/2143/1752 1753/2145/1754
f 1753/2145/1754 1754/2146/1755 1752/2144/1753
f 1754/2146/1755 1753/2145/1754 1755/2147/1756
f 1755/2147/1756 1756/2148/1757 1754/2146/1755
f 1756/2148/1757 1755/2147/1756 1757/2149/1758
f 1757/2149/1758 1758/2150/1759 1756/2148/1757
f 1758/2150/1759 1757/2149/1758 1759/2151/1760
f 1758/2150/1759 1759/2151/1760 1742/2152/1743
f 1758/2150/1759 1742/2152/1743 1740/2153/1741
f 1740/2153/1741 1760/2154/1761 1758/2150/1759
f 1760/2154/1761 1740/2153/1741 1738/2155/1739
f 1738/2155/1739 1761/2156/1762 1760/2154/1761
f 1761/2156/1762 1738/2155/1739 1736/2157/1737
f 1736/2157/1737 1762/2158/1763 1761/2156/1762
f 1762/2158/1763 1736/2157/1737 1734/2159/1735
f 1762/2158/1763 1734/2159/1735 1624/2160/1625
f 1762/2158/1763 1624/2160/1625 1643/2161/1644
f 1643/2161/1644 1763/2162/1764 1762/2158/1763
f 1763/2162/1764 1643/2161/1644 1641/2163/1642
f 1641/2163/1642 1764/2164/1765 1763/2162/1764
f 1764/2164/1765 1641/2163/1642 1639/2165/1640
f 1639/2165/1640 1765/2166/1766 1764/2164/1765
f 1765/2166/1766 1639/2165/1640 1637/2167/1638
f 1637/2167/1638 1766/2168/1767 1765/2166/1766
f 1766/2168/1767 1637/2167/1638 1635/2169/1636
f 1635/2169/1636 1767/2170/1768 1766/2168/1767
f 1767/2170/1768 1635/2169/1636 1633/2171/1634
f 1633/2171/1634 1768/2172/1769 1767/2170/1768
f 1768/2172/1769 1633/2171/1634 1631/2173/1632
f 1631/2173/1632 1769/2174/1770 1768/2172/1769
f 1769/2174/1770 1631/2173/1632 1629/2175/1630
f 1629/2175/1630 1770/2176/1771 1769/2174/1770
f 1770/2176/1771 1629/2175/1630 1627/2177/1628
f 1770/2176/1771 1627/2177/1628 1625/2124/1626
f 1770/2176/1771 1625/2124/1626 1735/2127/1736
f 1735/2127/1736 1771/2178/1772 1770/2176/1771
f 1771/2178/1772 1735/2127/1736 1737/2129/1738
f 1737/2129/1738 1772/2179/1773 1771/2178/1772
f 1772/2179/1773 1737/2129/1738 1739/2131/1740
f 1772/2179/1773 1739/2131/1740 1741/2133/1742
f 1772/2179/1773 1741/2133/1742 1744/2136/1745
f 1744/2136/1745 1773/2180/1774 1772/2179/1773
f 1773/2180/1774 1744/2136/1745 1746/2138/1747
f 1746/2138/1747 1774/2181/1775 1773/2180/1774
f 1774/2181/1775 1746/2138/1747 1748/2140/1749
f 1748/2140/1749 1775/2182/1776 1774/2181/1775
f 1775/2182/1776 1748/2140/1749 1750/2142/1751
f 1750/2142/1751 1776/2183/1777 1775/2182/1776
f 1776/2183/1777 1750/2142/1751 1752/2144/1753
f 1752/2144/1753 1777/2184/1778 1776/2183/1777
f 1777/2184/1778 1752/2144/1753 1754/2146/1755
f 1754/2146/1755 1778/2185/1779 1777/2184/1778
f 1778/2185/1779 1754/2146/1755 1756/2148/1757
f 1778/2185/1779 1756/2148/1757 1758/2150/1759
f 1778/2185/1779 1758/2150/1759 1760/2154/1761
f 1760/2154/1761 1779/2186/1780 1778/2185/1779
f 1779/2186/1780 1760/2154/1761 1761/2156/1762
f 1779/2186/1780 1761/2156/1762 1762/2158/1763
f 1779/2186/1780 1762/2158/1763 1763/2162/1764
f 1779/2186/1780 1763/2162/1764 1780/2187/1781
f 1780/2187/1781 1778/2185/1779 1779/2186/1780
f 1780/2187/1781 1777/2184/1778 1778/2185/1779
f 1777/2184/1778 1780/2187/1781 1781/2188/1782
f 1781/2188/1782 1776/2183/1777 1777/2184/1778
f 1776/2183/1777 1781/2188/1782 1782/2189/1783
f 1782/2189/1783 1775/2182/1776 1776/2183/1777
f 1775/2182/1776 1782/2189/1783 1783/2190/1784
f 1783/2190/1784 1774/2181/1775 1775/2182/1776
f 1774/2181/1775 1783/2190/1784 1784/2191/1785
f 1784/2191/1785 1773/2180/1774 1774/2181/1775
f 1784/2191/1785 1772/2179/1773 1773/2180/1774
f 1784/2191/1785 1771/2178/1772 1772/2179/1773
f 1784/2191/1785 1770/2176/1771 1771/2178/1772
f 1784/2191/1785 1769/2174/1770 1770/2176/1771
f 1769/2174/1770 1784/2191/1785 1785/2192/1786
f 1785/2192/1786 1768/2172/1769 1769/2174/1770
f 1768/2172/1769 1785/2192/1786 1786/2193/1787
f 1786/2193/1787 1767/2170/1768 1768/2172/1769
f 1786/2193/1787 1766/2168/1767 1767/2170/1768
f 1766/2168/1767 1786/2193/1787 1782/2189/1783
f 1782/2189/1783 1765/2166/1766 1766/2168/1767
f 1765/2166/1766 1782/2189/1783 1781/2188/1782
f 1781/2188/1782 1764/2164/1765 1765/2166/1766
f 1764/2164/1765 1781/2188/1782 1780/2187/1781
f 1780/2187/1781 1763/2162/1764 1764/2164/1765
f 1786/2193/1787 1783/2190/1784 1782/2189/1783
f 1783/2190/1784 1786/2193/1787 1785/2192/1786
f 1785/2192/1786 1784/2191/1785 1783/2190/1784
o p08g00o05g._0p
v -4.812500 0.187500 1.562500
v -4.812500 -0.125000 2.437500
v -5.125000 -0.125000 1.625000
v -4.562500 0.187500 2.312500
v -4.375000 -0.125002 3.187500
v -4.125000 0.187500 3.000000
v -3.812500 -0.125002 3.812500
v -3.625000 0.187498 3.625000
v -3.187500 -0.062502 4.375000
v -3.000000 0.187498 4.125000
v -2.437500 -0.062502 4.812500
v -2.312500 0.187498 4.562500
v -1.625000 -0.062502 5.125000
v -1.562500 0.187498 4.812500
v -0.812500 -0.062502 5.375000
v -0.750000 0.187498 5.062500
v 0.000000 -0.062502 5.437500
v 0.000000 0.187498 5.062500
v 0.812500 -0.062502 5.375000
v 0.750000 0.187498 5.062500
v 1.625000 -0.062502 5.125000
v 1.562500 0.187498 4.812500
v 2.437500 -0.062502 4.812500
v 2.312500 0.187498 4.562500
v 3.187500 -0.062502 4.375000
v 3.000000 0.187498 4.125000
v 3.812500 -0.125002 3.812500
v 3.625000 0.187498 3.625000
v 4.375000 -0.125002 3.187500
v 4.125000 0.187500 3.000000
v 4.812500 -0.125000 2.437500
v 4.562500 0.187500 2.312500
v 5.125000 -0.125000 1.625000
v 4.812500 0.187500 1.562500
v 5.375000 -0.125000 0.812500
v 5.062500 0.187500 0.750000
v 5.437500 -0.125000 -0.000000
v 5.125000 0.187500 0.000000
v 5.375000 -0.125000 -0.812500
v 5.062500 0.187500 -0.750000
v 5.125000 -0.125000 -1.625000
v 4.812500 0.125000 -1.562500
v 4.812500 -0.125000 -2.437500
v 4.562500 0.125000 -2.312500
v 4.375000 -0.124998 -3.187500
v 4.125000 0.125000 -3.000000
v 3.812500 -0.187498 -3.812500
v 3.625000 0.125002 -3.625000
v 3.187500 -0.187498 -4.375000
v 3.000000 0.125002 -4.125000
v 2.437500 -0.187498 -4.812500
v 2.312500 0.125002 -4.562500
v 1.625000 -0.187498 -5.125000
v 1.562500 0.125002 -4.875000
v 0.812500 -0.187498 -5.375000
v 0.750000 0.125002 -5.062500
v 0.000000 -0.187498 -5.437500
v 0.000000 0.125002 -5.125000
v -0.812500 -0.187498 -5.375000
v -0.750000 0.125002 -5.062500
v -1.625000 -0.187498 -5.125000
v -1.562500 0.125002 -4.875000
v -2.437500 -0.187498 -4.812500
v -2.312500 0.125002 -4.562500
v -3.187500 -0.187498 -4.375000
v -3.000000 0.125002 -4.125000
v -3.812500 -0.187498 -3.812500
v -3.625000 0.125002 -3.625000
v -4.375000 -0.124998 -3.187500
v -4.125000 0.125000 -3.000000
v -4.812500 -0.125000 -2.437500
v -4.562500 0.125000 -2.312500
v -5.125000 -0.125000 -1.625000
v -4.812500 0.125000 -1.562500
v -5.375000 -0.125000 -0.812500
v -5.062500 0.125000 -0.750000
v -5.437500 -0.125000 -0.000000
v -5.125000 0.187500 0.000000
v -5.375000 -0.125000 0.812500
v -5.062500 0.187500 0.750000
v -6.062500 -0.062500 3.062500
v -6.437500 -0.062500 2.062500
v -5.500000 -0.000002 4.000000
v -4.812500 -0.000002 4.812500
v -4.000000 -0.000002 5.500000
v -3.062500 -0.000002 6.062500
v -2.062500 -0.000002 6.437500
v -1.062500 -0.000002 6.750000
v 0.000000 -0.000002 6.812500
v 1.062500 -0.000002 6.750000
v 2.062500 -0.000002 6.437500
v 3.062500 -0.000002 6.062500
v 4.000000 -0.000002 5.500000
v 4.812500 -0.000002 4.812500
v 5.500000 -0.000002 4.000000
v 6.062500 -0.062500 3.062500
v 6.437500 -0.062500 2.062500
v 6.750000 -0.062500 1.062500
v 6.812500 -0.062500 -0.000000
v 6.750000 -0.062500 -1.062500
v 6.437500 -0.062500 -2.062500
v 6.062500 -0.062500 -3.062500
v 5.500000 -0.062498 -4.000000
v 4.812500 -0.124998 -4.812500
v 4.000000 -0.124998 -5.500000
v 3.062500 -0.124998 -6.062500
v 2.062500 -0.124998 -6.437500
v 1.062500 -0.124998 -6.750000
v 0.000000 -0.124998 -6.812500
v -1.062500 -0.124998 -6.750000
v -2.062500 -0.124998 -6.437500
v -3.062500 -0.124998 -6.062500
v -4.000000 -0.124998 -5.500000
v -4.812500 -0.124998 -4.812500
v -5.500000 -0.124998 -4.000000
v -6.062500 -0.062500 -3.062500
v -6.437500 -0.062500 -2.062500
v -6.750000 -0.062500 -1.062500
v -6.812500 -0.062500 -0.000000
v -6.750000 -0.062500 1.062500
v -6.062500 0.062500 3.062500
v -6.437500 0.062500 2.062500
v -5.500000 0.062498 4.000000
v -4.812500 0.062498 4.812500
v -4.000000 0.062498 5.500000
v -3.062500 0.062498 6.062500
v -2.062500 0.062498 6.437500
v -1.062500 0.062498 6.750000
v 0.000000 0.062498 6.812500
v 1.062500 0.062498 6.750000
v 2.062500 0.062498 6.437500
v 3.062500 0.062498 6.062500
v 4.000000 0.062498 5.500000
v 4.812500 0.062498 4.812500
v 5.500000 0.062498 4.000000
v 6.062500 0.062500 3.062500
v 6.437500 0.062500 2.062500
v 6.750000 0.062500 1.062500
v 6.812500 0.062500 0.000000
v 6.750000 0.000000 -1.062500
v 6.437500 0.000000 -2.062500
v 6.062500 0.000000 -3.062500
v 5.500000 0.000002 -4.000000
v 4.812500 0.000002 -4.812500
v 4.000000 0.000002 -5.500000
v 3.062500 0.000002 -6.062500
v 2.062500 0.000002 -6.437500
v 1.062500 0.000002 -6.750000
v 0.000000 0.000002 -6.812500
v -1.062500 0.000002 -6.750000
v -2.062500 0.000002 -6.437500
v -3.062500 0.000002 -6.062500
v -4.000000 0.000002 -5.500000
v -4.812500 0.000002 -4.812500
v -5.500000 0.000002 -4.000000
v -6.062500 0.000000 -3.062500
v -6.437500 0.000000 -2.062500
v -6.750000 0.000000 -1.062500
v -6.812500 0.062500 0.000000
v -6.750000 0.062500 1.062500
v -4.812500 0.437500 2.437500
v -5.125000 0.375000 1.625000
v -4.375000 0.437498 3.187500
v -3.812500 0.437498 3.812500
v -3.187500 0.437498 4.375000
v -2.437500 0.437498 4.812500
v -1.625000 0.437498 5.125000
v -0.812500 0.437498 5.375000
v 0.000000 0.437498 5.437500
v 0.812500 0.437498 5.375000
v 1.625000 0.437498 5.125000
v 2.437500 0.437498 4.812500
v 3.187500 0.437498 4.375000
v 3.812500 0.437498 3.812500
v 4.375000 0.437498 3.187500
v 4.812500 0.437500 2.437500
v 5.125000 0.375000 1.625000
v 5.375000 0.375000 0.812500
v 5.437500 0.375000 0.000000
v 5.375000 0.375000 -0.812500
v 5.125000 0.375000 -1.687500
v 4.812500 0.375000 -2.437500
v 4.375000 0.375002 -3.187500
v 3.812500 0.375002 -3.812500
v 3.187500 0.375002 -4.375000
v 2.437500 0.375002 -4.875000
v 1.625000 0.312502 -5.187500
v 0.812500 0.375002 -5.375000
v 0.000000 0.312502 -5.437500
v -0.812500 0.312502 -5.375000
v -1.625000 0.312502 -5.187500
v -2.437500 0.375002 -4.875000
v -3.187500 0.375002 -4.375000
v -3.812500 0.375002 -3.812500
v -4.375000 0.375002 -3.187500
v -4.812500 0.375000 -2.437500
v -5.125000 0.375000 -1.687500
v -5.375000 0.375000 -0.812500
v -5.437500 0.375000 0.000000
v -5.375000 0.375000 0.812500
v 1.812500 0.187500 1.375000
v 2.562500 -0.562500 1.250000
v 2.562500 0.187500 1.375000
v 1.812500 -0.562500 1.250000
v 2.562500 -1.375000 0.437500
v 1.812500 -1.375000 0.437500
v 2.562500 -1.375000 -0.437500
v 1.812500 -1.375000 -0.437500
v 2.562500 -0.625000 -1.250000
v 1.812500 -0.625000 -1.250000
v 2.562500 0.187500 -1.375000
v 1.812500 0.187500 -1.375000
v -2.500000 0.187500 -1.375000
v -1.687500 0.187500 -1.375000
v -1.687500 -0.625000 -1.250000
v -2.500000 -0.625000 -1.250000
v -1.687500 -1.375000 -0.437500
v -2.500000 -1.375000 -0.437500
v -1.687500 -1.375000 0.437500
v -2.500000 -1.375000 0.437500
v -1.687500 -0.562500 1.250000
v -2.500000 -0.562500 1.250000
v -1.687500 0.187500 1.375000
v -2.500000 0.187500 1.375000
v 0.000000 -0.125000 -0.000000
v 0.000000 1.375000 0.000000
vt 3.573975 3.182861
vt 3.548584 3.183594
vt 3.571045 3.192139
vt 3.552979 3.175049
vt 3.526123 3.169189
vt 3.531738 3.161377
vt 3.508301 3.154297
vt 3.515137 3.147461
vt 3.490479 3.133545
vt 3.498291 3.127930
vt 3.479004 3.117188
vt 3.487549 3.112793
vt 3.463379 3.093750
vt 3.476807 3.092041
vt 3.463623 3.077148
vt 3.473145 3.075684
vt 3.459717 3.053467
vt 3.469238 3.053467
vt 3.463623 3.076904
vt 3.473145 3.075439
vt 3.463379 3.093262
vt 3.476807 3.091309
vt 3.479004 3.116699
vt 3.487549 3.112305
vt 3.490479 3.133057
vt 3.498291 3.127197
vt 3.508301 3.153809
vt 3.515137 3.146973
vt 3.526123 3.168701
vt 3.531738 3.160889
vt 3.548584 3.183105
vt 3.552979 3.174561
vt 3.571045 3.191650
vt 3.573975 3.182373
vt 3.595947 3.198486
vt 3.597412 3.188965
vt 3.620850 3.199463
vt 3.620850 3.189697
vt 3.645752 3.198486
vt 3.644287 3.188965
vt 3.670898 3.191650
vt 3.667725 3.182373
vt 3.693115 3.183105
vt 3.688965 3.174561
vt 3.715820 3.168701
vt 3.709961 3.160889
vt 3.733643 3.153809
vt 3.726807 3.146973
vt 3.751465 3.133057
vt 3.743652 3.127197
vt 3.762939 3.116699
vt 3.754395 3.112305
vt 3.774414 3.094482
vt 3.765137 3.091309
vt 3.778320 3.076904
vt 3.768799 3.075439
vt 3.782227 3.053467
vt 3.772461 3.053467
vt 3.778320 3.077148
vt 3.768799 3.075684
vt 3.774414 3.094971
vt 3.765137 3.092041
vt 3.762939 3.117188
vt 3.754395 3.112793
vt 3.751465 3.133545
vt 3.743652 3.127930
vt 3.733643 3.154297
vt 3.726807 3.147461
vt 3.715820 3.169189
vt 3.709961 3.161377
vt 3.693115 3.183594
vt 3.688965 3.175049
vt 3.670898 3.192139
vt 3.667725 3.182861
vt 3.645752 3.198975
vt 3.644287 3.189453
vt 3.620850 3.199951
vt 3.620850 3.190430
vt 3.595947 3.198975
vt 3.597412 3.189453
vt 3.530518 3.219238
vt 3.558594 3.230469
vt 3.502441 3.201904
vt 3.480225 3.182617
vt 3.457764 3.157227
vt 3.445068 3.137451
vt 3.432129 3.111572
vt 3.425781 3.085449
vt 3.419189 3.053467
vt 3.425781 3.085205
vt 3.432129 3.111084
vt 3.445068 3.136719
vt 3.457764 3.156738
vt 3.480225 3.181885
vt 3.502441 3.201416
vt 3.530518 3.218506
vt 3.558594 3.229980
vt 3.589844 3.237793
vt 3.620850 3.239990
vt 3.652100 3.237793
vt 3.683350 3.229980
vt 3.711426 3.218506
vt 3.739502 3.201416
vt 3.761719 3.181885
vt 3.784180 3.156738
vt 3.796875 3.136719
vt 3.809570 3.111084
vt 3.816162 3.085205
vt 3.822754 3.053467
vt 3.816162 3.085449
vt 3.809570 3.111572
vt 3.796875 3.137451
vt 3.784180 3.157227
vt 3.761719 3.182617
vt 3.739502 3.201904
vt 3.711426 3.219238
vt 3.683350 3.230469
vt 3.652100 3.238525
vt 3.620850 3.240479
vt 3.589844 3.238525
vt 3.524170 3.231689
vt 3.554199 3.244141
vt 3.493896 3.213623
vt 3.469971 3.192627
vt 3.446045 3.165771
vt 3.430908 3.143799
vt 3.415527 3.115967
vt 3.410156 3.087646
vt 3.404785 3.053467
vt 3.410156 3.087402
vt 3.415527 3.115479
vt 3.430908 3.143311
vt 3.446045 3.165283
vt 3.469971 3.192139
vt 3.493896 3.212891
vt 3.524170 3.231201
vt 3.554199 3.243652
vt 3.587646 3.251953
vt 3.620850 3.254395
vt 3.654297 3.251953
vt 3.687744 3.243652
vt 3.717773 3.231201
vt 3.748047 3.212891
vt 3.771729 3.192139
vt 3.795654 3.165283
vt 3.811035 3.143311
vt 3.826416 3.115479
vt 3.831543 3.087402
vt 3.836914 3.053467
vt 3.831543 3.087646
vt 3.826416 3.115967
vt 3.811035 3.143799
vt 3.795654 3.165771
vt 3.771729 3.192627
vt 3.748047 3.213623
vt 3.717773 3.231689
vt 3.687744 3.244141
vt 3.654297 3.252441
vt 3.620850 3.254883
vt 3.587646 3.252441
vt 3.457764 3.355713
vt 3.402588 3.367188
vt 3.413818 3.341309
vt 3.445068 3.389893
vt 3.387695 3.392334
vt 3.425537 3.420654
vt 3.370361 3.414551
vt 3.403320 3.448975
vt 3.348633 3.433350
vt 3.375732 3.472168
vt 3.325439 3.449219
vt 3.345947 3.491943
vt 3.298828 3.460693
vt 3.312744 3.505127
vt 3.271484 3.468506
vt 3.278564 3.514648
vt 3.243164 3.469971
vt 3.243164 3.516357
vt 3.214600 3.468506
vt 3.207520 3.514648
vt 3.187256 3.460693
vt 3.173340 3.505127
vt 3.160889 3.450439
vt 3.140137 3.491943
vt 3.136963 3.434326
vt 3.110352 3.472168
vt 3.114990 3.416016
vt 3.082764 3.448975
vt 3.097168 3.393311
vt 3.060547 3.420654
vt 3.081543 3.368652
vt 3.041016 3.389893
vt 3.071533 3.341309
vt 3.028320 3.355713
vt 3.063965 3.313232
vt 3.019287 3.320557
vt 3.062500 3.283936
vt 3.017334 3.283936
vt 3.063965 3.254639
vt 3.019287 3.247314
vt 3.071533 3.226562
vt 3.028320 3.212158
vt 3.081543 3.199219
vt 3.041016 3.177979
vt 3.097168 3.174561
vt 3.060547 3.147217
vt 3.114990 3.151855
vt 3.082764 3.118896
vt 3.136963 3.133545
vt 3.110352 3.095947
vt 3.160889 3.117676
vt 3.140137 3.075928
vt 3.187256 3.107178
vt 3.173340 3.062744
vt 3.214600 3.099609
vt 3.207520 3.053223
vt 3.243164 3.097900
vt 3.243164 3.051514
vt 3.271484 3.099609
vt 3.278564 3.053223
vt 3.298828 3.107178
vt 3.312744 3.062744
vt 3.325439 3.117676
vt 3.345947 3.075928
vt 3.349121 3.133545
vt 3.375732 3.095947
vt 3.371338 3.151855
vt 3.403320 3.118896
vt 3.389160 3.174561
vt 3.425537 3.147217
vt 3.404541 3.199219
vt 3.445068 3.177979
vt 3.414795 3.226562
vt 3.457764 3.212158
vt 3.422119 3.254639
vt 3.466797 3.247314
vt 3.423584 3.283936
vt 3.468750 3.283936
vt 3.421143 3.313232
vt 3.466797 3.320557
vt 3.946289 3.967041
vt 3.932129 3.986328
vt 3.946289 3.986328
vt 3.932129 3.967041
vt 3.896729 3.986328
vt 3.896729 3.967041
vt 3.863281 3.986328
vt 3.863281 3.967041
vt 3.835938 3.986328
vt 3.835938 3.967041
vt 3.820312 3.986328
vt 3.820312 3.967041
vt 3.820312 3.967529
vt 3.820312 3.986572
vt 3.835938 3.986572
vt 3.835938 3.967529
vt 3.863281 3.986572
vt 3.863281 3.967529
vt 3.896729 3.986572
vt 3.896729 3.967529
vt 3.932129 3.986572
vt 3.932129 3.967529
vt 3.946289 3.986572
vt 3.946289 3.967529
vt 3.620850 3.039551
vt 3.243164 3.283936
vn 0.4217 -0.8952 -0.1445
vn 0.3470 -0.9281 -0.1347
vn 0.3407 -0.9334 -0.1129
vn 0.4066 -0.8897 -0.2076
vn 0.2879 -0.9371 -0.1975
vn 0.3569 -0.8920 -0.2775
vn 0.2927 -0.9261 -0.2380
vn 0.3183 -0.8955 -0.3110
vn 0.2235 -0.9408 -0.2548
vn 0.2134 -0.9228 -0.3207
vn 0.1545 -0.9449 -0.2885
vn 0.1600 -0.9196 -0.3589
vn 0.1028 -0.9486 -0.2993
vn 0.1116 -0.9289 -0.3532
vn 0.0698 -0.9524 -0.2969
vn 0.0450 -0.9357 -0.3498
vn 0.0013 -0.9598 -0.2806
vn -0.0090 -0.9400 -0.3409
vn -0.0345 -0.9562 -0.2906
vn -0.0740 -0.9297 -0.3609
vn -0.0965 -0.9518 -0.2913
vn -0.1244 -0.9235 -0.3628
vn -0.1274 -0.9452 -0.3005
vn -0.1793 -0.9189 -0.3514
vn -0.1936 -0.9510 -0.2412
vn -0.2620 -0.9119 -0.3159
vn -0.2535 -0.9368 -0.2412
vn -0.3347 -0.8848 -0.3241
vn -0.2926 -0.9330 -0.2097
vn -0.3724 -0.8943 -0.2480
vn -0.3342 -0.9254 -0.1788
vn -0.4156 -0.8905 -0.1851
vn -0.3485 -0.9297 -0.1195
vn -0.4126 -0.9015 -0.1304
vn -0.3475 -0.9342 -0.0814
vn -0.4278 -0.9016 -0.0647
vn -0.3602 -0.9328 -0.0111
vn -0.4349 -0.9004 0.0118
vn -0.3544 -0.9336 0.0526
vn -0.3944 -0.9111 0.1199
vn -0.3053 -0.9457 0.1116
vn -0.3593 -0.9207 0.1526
vn -0.3005 -0.9452 0.1274
vn -0.3553 -0.9170 0.1812
vn -0.2401 -0.9485 0.2068
vn -0.3194 -0.9100 0.2644
vn -0.2554 -0.9288 0.2685
vn -0.3270 -0.8827 0.3376
vn -0.2264 -0.9275 0.2975
vn -0.2504 -0.8922 0.3758
vn -0.1788 -0.9254 0.3342
vn -0.2044 -0.8776 0.4336
vn -0.1394 -0.9161 0.3758
vn -0.1444 -0.8803 0.4519
vn -0.0769 -0.9280 0.3646
vn -0.0556 -0.8992 0.4339
vn -0.0111 -0.9328 0.3602
vn 0.0117 -0.8983 0.4391
vn 0.0526 -0.9336 0.3544
vn 0.0929 -0.8908 0.4449
vn 0.1132 -0.9208 0.3732
vn 0.1574 -0.8739 0.4599
vn 0.1628 -0.9192 0.3587
vn 0.2194 -0.8874 0.4055
vn 0.2103 -0.9291 0.3043
vn 0.2798 -0.8899 0.3603
vn 0.2533 -0.9176 0.3064
vn 0.3139 -0.8935 0.3212
vn 0.2602 -0.9352 0.2401
vn 0.3243 -0.9210 0.2160
vn 0.2885 -0.9449 0.1545
vn 0.3628 -0.9177 0.1619
vn 0.2993 -0.9486 0.1028
vn 0.3574 -0.9271 0.1129
vn 0.2969 -0.9524 0.0698
vn 0.3880 -0.9174 0.0882
vn 0.3423 -0.9394 0.0205
vn 0.4349 -0.9003 0.0191
vn 0.3544 -0.9336 -0.0526
vn 0.4197 -0.9024 -0.0978
vn -0.6350 -0.6920 0.3434
vn -0.6815 -0.6911 0.2405
vn -0.5784 -0.6797 0.4511
vn -0.5083 -0.6761 0.5334
vn -0.3956 -0.6861 0.6105
vn -0.2953 -0.6924 0.6583
vn -0.2290 -0.6911 0.6855
vn -0.1030 -0.6934 0.7131
vn 0.0128 -0.6915 0.7223
vn 0.1561 -0.6934 0.7035
vn 0.2405 -0.6911 0.6816
vn 0.3316 -0.6924 0.6408
vn 0.4345 -0.6921 0.5764
vn 0.5189 -0.6813 0.5163
vn 0.6011 -0.6758 0.4265
vn 0.6563 -0.6880 0.3098
vn 0.6855 -0.6911 0.2290
vn 0.7131 -0.6934 0.1030
vn 0.7223 -0.6915 -0.0128
vn 0.7035 -0.6934 -0.1561
vn 0.6816 -0.6911 -0.2405
vn 0.6408 -0.6924 -0.3316
vn 0.5846 -0.6920 -0.4236
vn 0.5182 -0.6929 -0.5013
vn 0.4058 -0.6921 -0.5969
vn 0.2953 -0.6924 -0.6583
vn 0.2290 -0.6911 -0.6855
vn 0.1030 -0.6934 -0.7131
vn -0.0127 -0.6914 -0.7223
vn -0.1561 -0.6934 -0.7034
vn -0.2405 -0.6911 -0.6815
vn -0.3315 -0.6924 -0.6409
vn -0.4345 -0.6921 -0.5765
vn -0.5233 -0.6923 -0.4969
vn -0.6066 -0.7015 -0.3741
vn -0.6608 -0.6961 -0.2808
vn -0.6855 -0.6911 -0.2290
vn -0.7131 -0.6934 -0.1030
vn -0.7223 -0.6914 0.0127
vn -0.7034 -0.6934 0.1561
vn -0.7203 0.6095 0.3312
vn -0.7489 0.6188 0.2373
vn -0.6510 0.6094 0.4526
vn -0.5705 0.6101 0.5498
vn -0.4713 0.6090 0.6379
vn -0.3576 0.6095 0.7075
vn -0.2618 0.6078 0.7497
vn -0.1620 0.6103 0.7755
vn -0.0081 0.6078 0.7941
vn 0.1235 0.6105 0.7823
vn 0.2543 0.6079 0.7522
vn 0.3312 0.6095 0.7203
vn 0.4526 0.6094 0.6510
vn 0.5498 0.6101 0.5705
vn 0.6379 0.6090 0.4713
vn 0.7101 0.6146 0.3435
vn 0.7372 0.6246 0.2579
vn 0.7622 0.6270 0.1609
vn 0.7845 0.6201 -0.0036
vn 0.7808 0.6102 -0.1344
vn 0.7525 0.6068 -0.2560
vn 0.7203 0.6095 -0.3312
vn 0.6510 0.6094 -0.4526
vn 0.5705 0.6101 -0.5498
vn 0.4744 0.6077 -0.6369
vn 0.3448 0.6104 -0.7131
vn 0.2711 0.6163 -0.7394
vn 0.1470 0.6155 -0.7743
vn 0.0089 0.6246 -0.7809
vn -0.1169 0.6260 -0.7710
vn -0.2385 0.6147 -0.7518
vn -0.3352 0.6068 -0.7208
vn -0.4526 0.6094 -0.6510
vn -0.5498 0.6101 -0.5705
vn -0.6379 0.6090 -0.4713
vn -0.7073 0.6090 -0.3590
vn -0.7507 0.6069 -0.2610
vn -0.7696 0.6144 -0.1742
vn -0.7809 0.6243 -0.0211
vn -0.7696 0.6272 0.1198
vn -0.2075 0.9761 0.0641
vn -0.2031 0.9784 0.0391
vn -0.1841 0.9745 0.1286
vn -0.1612 0.9747 0.1551
vn -0.1349 0.9746 0.1787
vn -0.1016 0.9744 0.2004
vn -0.0750 0.9742 0.2128
vn -0.0477 0.9746 0.2189
vn -0.0030 0.9743 0.2254
vn 0.0352 0.9745 0.2217
vn 0.0723 0.9742 0.2139
vn 0.0930 0.9744 0.2045
vn 0.1286 0.9745 0.1841
vn 0.1551 0.9747 0.1612
vn 0.1787 0.9746 0.1349
vn 0.2130 0.9741 0.0765
vn 0.2116 0.9763 0.0451
vn 0.1990 0.9791 0.0430
vn 0.2048 0.9788 0.0026
vn 0.2159 0.9754 -0.0449
vn 0.2189 0.9729 -0.0748
vn 0.2083 0.9732 -0.0975
vn 0.1876 0.9734 -0.1312
vn 0.1643 0.9736 -0.1582
vn 0.1418 0.9736 -0.1791
vn 0.0845 0.9724 -0.2173
vn 0.0706 0.9744 -0.2134
vn 0.0399 0.9755 -0.2165
vn -0.0265 0.9752 -0.2198
vn -0.0274 0.9780 -0.2066
vn -0.0358 0.9767 -0.2115
vn -0.0730 0.9741 -0.2139
vn -0.1368 0.9729 -0.1865
vn -0.1582 0.9736 -0.1643
vn -0.1822 0.9736 -0.1375
vn -0.2032 0.9734 -0.1057
vn -0.2176 0.9730 -0.0773
vn -0.2242 0.9734 -0.0470
vn -0.2130 0.9769 -0.0146
vn -0.2014 0.9790 0.0325
vn 0.0000 -0.1644 0.9864
vn 0.0000 -0.3606 0.9327
vn 0.0000 -0.5495 0.8355
vn 0.0000 -0.8629 0.5055
vn 0.0000 -0.9675 0.2527
vn 0.0000 -0.9706 -0.2407
vn 0.0000 -0.8765 -0.4815
vn 0.0000 -0.5688 -0.8225
vn 0.0000 -0.3644 -0.9313
vn 0.0000 -0.1521 -0.9884
vn 0.0000 -0.3644 -0.9312
vn 0.0000 -0.8765 -0.4814
vn -0.0001 -0.9675 0.2527
vn 0.0000 -0.8628 0.5055
vn 0.0000 -0.5494 0.8355
vn 0.0000 -0.3605 0.9327
vn 0.0006 -1.0000 0.0078
vn -0.0001 1.0000 -0.0083
usemtl mask
s 1
f 1787/2194/1788 1788/2195/1789 1789/2196/1790
f 1788/2195/1789 1787/2194/1788 1790/2197/1791
f 1790/2197/1791 1791/2198/1792 1788/2195/1789
f 1791/2198/1792 1790/2197/1791 1792/2199/1793
f 1792/2199/1793 1793/2200/1794 1791/2198/1792
f 1793/2200/1794 1792/2199/1793 1794/2201/1795
f 1794/2201/1795 1795/2202/1796 1793/2200/1794
f 1795/2202/1796 1794/2201/1795 1796/2203/1797
f 1796/2203/1797 1797/2204/1798 1795/2202/1796
f 1797/2204/1798 1796/2203/1797 1798/2205/1799
f 1798/2205/1799 1799/2206/1800 1797/2204/1798
f 1799/2206/1800 1798/2205/1799 1800/2207/1801
f 1800/2207/1801 1801/2208/1802 1799/2206/1800
f 1801/2208/1802 1800/2207/1801 1802/2209/1803
f 1802/2209/1803 1803/2210/1804 1801/2208/1802
f 1803/2210/1804 1802/2209/1803 1804/2211/1805
f 1804/2211/1805 1805/2212/1806 1803/2210/1804
f 1805/2212/1806 1804/2211/1805 1806/2213/1807
f 1806/2213/1807 1807/2214/1808 1805/2212/1806
f 1807/2214/1808 1806/2213/1807 1808/2215/1809
f 1808/2215/1809 1809/2216/1810 1807/2214/1808
f 1809/2216/1810 1808/2215/1809 1810/2217/1811
f 1810/2217/1811 1811/2218/1812 1809/2216/1810
f 1811/2218/1812 1810/2217/1811 1812/2219/1813
f 1812/2219/1813 1813/2220/1814 1811/2218/1812
f 1813/2220/1814 1812/2219/1813 1814/2221/1815
f 1814/2221/1815 1815/2222/1816 1813/2220/1814
f 1815/2222/1816 1814/2221/1815 1816/2223/1817
f 1816/2223/1817 1817/2224/1818 1815/2222/1816
f 1817/2224/1818 1816/2223/1817 1818/2225/1819
f 1818/2225/1819 1819/2226/1820 1817/2224/1818
f 1819/2226/1820 1818/2225/1819 1820/2227/1821
f 1820/2227/1821 1821/2228/1822 1819/2226/1820
f 1821/2228/1822 1820/2227/1821 1822/2229/1823
f 1822/2229/1823 1823/2230/1824 1821/2228/1822
f 1823/2230/1824 1822/2229/1823 1824/2231/1825
f 1824/2231/1825 1825/2232/1826 1823/2230/1824
f 1825/2232/1826 1824/2231/1825 1826/2233/1827
f 1826/2233/1827 1827/2234/1828 1825/2232/1826
f 1827/2234/1828 1826/2233/1827 1828/2235/1829
f 1828/2235/1829 1829/2236/1830 1827/2234/1828
f 1829/2236/1830 1828/2235/1829 1830/2237/1831
f 1830/2237/1831 1831/2238/1832 1829/2236/1830
f 1831/2238/1832 1830/2237/1831 1832/2239/1833
f 1832/2239/1833 1833/2240/1834 1831/2238/1832
f 1833/2240/1834 1832/2239/1833 1834/2241/1835
f 1834/2241/1835 1835/2242/1836 1833/2240/1834
f 1835/2242/1836 1834/2241/1835 1836/2243/1837
f 1836/2243/1837 1837/2244/1838 1835/2242/1836
f 1837/2244/1838 1836/2243/1837 1838/2245/1839
f 1838/2245/1839 1839/2246/1840 1837/2244/1838
f 1839/2246/1840 1838/2245/1839 1840/2247/1841
f 1840/2247/1841 1841/2248/1842 1839/2246/1840
f 1841/2248/1842 1840/2247/1841 1842/2249/1843
f 1842/2249/1843 1843/2250/1844 1841/2248/1842
f 1843/2250/1844 1842/2249/1843 1844/2251/1845
f 1844/2251/1845 1845/2252/1846 1843/2250/1844
f 1845/2252/1846 1844/2251/1845 1846/2253/1847
f 1846/2253/1847 1847/2254/1848 1845/2252/1846
f 1847/2254/1848 1846/2253/1847 1848/2255/1849
f 1848/2255/1849 1849/2256/1850 1847/2254/1848
f 1849/2256/1850 1848/2255/1849 1850/2257/1851
f 1850/2257/1851 1851/2258/1852 1849/2256/1850
f 1851/2258/1852 1850/2257/1851 1852/2259/1853
f 1852/2259/1853 1853/2260/1854 1851/2258/1852
f 1853/2260/1854 1852/2259/1853 1854/2261/1855
f 1854/2261/1855 1855/2262/1856 1853/2260/1854
f 1855/2262/1856 1854/2261/1855 1856/2263/1857
f 1856/2263/1857 1857/2264/1858 1855/2262/1856
f 1857/2264/1858 1856/2263/1857 1858/2265/1859
f 1858/2265/1859 1859/2266/1860 1857/2264/1858
f 1859/2266/1860 1858/2265/1859 1860/2267/1861
f 1860/2267/1861 1861/2268/1862 1859/2266/1860
f 1861/2268/1862 1860/2267/1861 1862/2269/1863
f 1862/2269/1863 1863/2270/1864 1861/2268/1862
f 1863/2270/1864 1862/2269/1863 1864/2271/1865
f 1864/2271/1865 1865/2272/1866 1863/2270/1864
f 1865/2272/1866 1864/2271/1865 1866/2273/1867
f 1866/2273/1867 1789/2196/1790 1865/2272/1866
f 1789/2196/1790 1866/2273/1867 1787/2194/1788
f 1789/2196/1790 1867/2274/1868 1868/2275/1869
f 1867/2274/1868 1789/2196/1790 1788/2195/1789
f 1788/2195/1789 1869/2276/1870 1867/2274/1868
f 1869/2276/1870 1788/2195/1789 1791/2198/1792
f 1791/2198/1792 1870/2277/1871 1869/2276/1870
f 1870/2277/1871 1791/2198/1792 1793/2200/1794
f 1793/2200/1794 1871/2278/1872 1870/2277/1871
f 1871/2278/1872 1793/2200/1794 1795/2202/1796
f 1795/2202/1796 1872/2279/1873 1871/2278/1872
f 1872/2279/1873 1795/2202/1796 1797/2204/1798
f 1797/2204/1798 1873/2280/1874 1872/2279/1873
f 1873/2280/1874 1797/2204/1798 1799/2206/1800
f 1799/2206/1800 1874/2281/1875 1873/2280/1874
f 1874/2281/1875 1799/2206/1800 1801/2208/1802
f 1801/2208/1802 1875/2282/1876 1874/2281/1875
f 1875/2282/1876 1801/2208/1802 1803/2210/1804
f 1803/2210/1804 1876/2283/1877 1875/2282/1876
f 1876/2283/1877 1803/2210/1804 1805/2212/1806
f 1805/2212/1806 1877/2284/1878 1876/2283/1877
f 1877/2284/1878 1805/2212/1806 1807/2214/1808
f 1807/2214/1808 1878/2285/1879 1877/2284/1878
f 1878/2285/1879 1807/2214/1808 1809/2216/1810
f 1809/2216/1810 1879/2286/1880 1878/2285/1879
f 1879/2286/1880 1809/2216/1810 1811/2218/1812
f 1811/2218/1812 1880/2287/1881 1879/2286/1880
f 1880/2287/1881 1811/2218/1812 1813/2220/1814
f 1813/2220/1814 1881/2288/1882 1880/2287/1881
f 1881/2288/1882 1813/2220/1814 1815/2222/1816
f 1815/2222/1816 1882/2289/1883 1881/2288/1882
f 1882/2289/1883 1815/2222/1816 1817/2224/1818
f 1817/2224/1818 1883/2290/1884 1882/2289/1883
f 1883/2290/1884 1817/2224/1818 1819/2226/1820
f 1819/2226/1820 1884/2291/1885 1883/2290/1884
f 1884/2291/1885 1819/2226/1820 1821/2228/1822
f 1821/2228/1822 1885/2292/1886 1884/2291/1885
f 1885/2292/1886 1821/2228/1822 1823/2230/1824
f 1823/2230/1824 1886/2293/1887 1885/2292/1886
f 1886/2293/1887 1823/2230/1824 1825/2232/1826
f 1825/2232/1826 1887/2294/1888 1886/2293/1887
f 1887/2294/1888 1825/2232/1826 1827/2234/1828
f 1827/2234/1828 1888/2295/1889 1887/2294/1888
f 1888/2295/1889 1827/2234/1828 1829/2236/1830
f 1829/2236/1830 1889/2296/1890 1888/2295/1889
f 1889/2296/1890 1829/2236/1830 1831/2238/1832
f 1831/2238/1832 1890/2297/1891 1889/2296/1890
f 1890/2297/1891 1831/2238/1832 1833/2240/1834
f 1833/2240/1834 1891/2298/1892 1890/2297/1891
f 1891/2298/1892 1833/2240/1834 1835/2242/1836
f 1835/2242/1836 1892/2299/1893 1891/2298/1892
f 1892/2299/1893 1835/2242/1836 1837/2244/1838
f 1837/2244/1838 1893/2300/1894 1892/2299/1893
f 1893/2300/1894 1837/2244/1838 1839/2246/1840
f 1839/2246/1840 1894/2301/1895 1893/2300/1894
f 1894/2301/1895 1839/2246/1840 1841/2248/1842
f 1841/2248/1842 1895/2302/1896 1894/2301/1895
f 1895/2302/1896 1841/2248/1842 1843/2250/1844
f 1843/2250/1844 1896/2303/1897 1895/2302/1896
f 1896/2303/1897 1843/2250/1844 1845/2252/1846
f 1845/2252/1846 1897/2304/1898 1896/2303/1897
f 1897/2304/1898 1845/2252/1846 1847/2254/1848
f 1847/2254/1848 1898/2305/1899 1897/2304/1898
f 1898/2305/1899 1847/2254/1848 1849/2256/1850
f 1849/2256/1850 1899/2306/1900 1898/2305/1899
f 1899/2306/1900 1849/2256/1850 1851/2258/1852
f 1851/2258/1852 1900/2307/1901 1899/2306/1900
f 1900/2307/1901 1851/2258/1852 1853/2260/1854
f 1853/2260/1854 1901/2308/1902 1900/2307/1901
f 1901/2308/1902 1853/2260/1854 1855/2262/1856
f 1855/2262/1856 1902/2309/1903 1901/2308/1902
f 1902/2309/1903 1855/2262/1856 1857/2264/1858
f 1857/2264/1858 1903/2310/1904 1902/2309/1903
f 1903/2310/1904 1857/2264/1858 1859/2266/1860
f 1859/2266/1860 1904/2311/1905 1903/2310/1904
f 1904/2311/1905 1859/2266/1860 1861/2268/1862
f 1861/2268/1862 1905/2312/1906 1904/2311/1905
f 1905/2312/1906 1861/2268/1862 1863/2270/1864
f 1863/2270/1864 1906/2313/1907 1905/2312/1906
f 1906/2313/1907 1863/2270/1864 1865/2272/1866
f 1865/2272/1866 1868/2275/1869 1906/2313/1907
f 1868/2275/1869 1865/2272/1866 1789/2196/1790
f 1868/2275/1869 1907/2314/1908 1908/2315/1909
f 1907/2314/1908 1868/2275/1869 1867/2274/1868
f 1867/2274/1868 1909/2316/1910 1907/2314/1908
f 1909/2316/1910 1867/2274/1868 1869/2276/1870
f 1869/2276/1870 1910/2317/1911 1909/2316/1910
f 1910/2317/1911 1869/2276/1870 1870/2277/1871
f 1870/2277/1871 1911/2318/1912 1910/2317/1911
f 1911/2318/1912 1870/2277/1871 1871/2278/1872
f 1871/2278/1872 1912/2319/1913 1911/2318/1912
f 1912/2319/1913 1871/2278/1872 1872/2279/1873
f 1872/2279/1873 1913/2320/1914 1912/2319/1913
f 1913/2320/1914 1872/2279/1873 1873/2280/1874
f 1873/2280/1874 1914/2321/1915 1913/2320/1914
f 1914/2321/1915 1873/2280/1874 1874/2281/1875
f 1874/2281/1875 1915/2322/1916 1914/2321/1915
f 1915/2322/1916 1874/2281/1875 1875/2282/1876
f 1875/2282/1876 1916/2323/1917 1915/2322/1916
f 1916/2323/1917 1875/2282/1876 1876/2283/1877
f 1876/2283/1877 1917/2324/1918 1916/2323/1917
f 1917/2324/1918 1876/2283/1877 1877/2284/1878
f 1877/2284/1878 1918/2325/1919 1917/2324/1918
f 1918/2325/1919 1877/2284/1878 1878/2285/1879
f 1878/2285/1879 1919/2326/1920 1918/2325/1919
f 1919/2326/1920 1878/2285/1879 1879/2286/1880
f 1879/2286/1880 1920/2327/1921 1919/2326/1920
f 1920/2327/1921 1879/2286/1880 1880/2287/1881
f 1880/2287/1881 1921/2328/1922 1920/2327/1921
f 1921/2328/1922 1880/2287/1881 1881/2288/1882
f 1881/2288/1882 1922/2329/1923 1921/2328/1922
f 1922/2329/1923 1881/2288/1882 1882/2289/1883
f 1882/2289/1883 1923/2330/1924 1922/2329/1923
f 1923/2330/1924 1882/2289/1883 1883/2290/1884
f 1883/2290/1884 1924/2331/1925 1923/2330/1924
f 1924/2331/1925 1883/2290/1884 1884/2291/1885
f 1884/2291/1885 1925/2332/1926 1924/2331/1925
f 1925/2332/1926 1884/2291/1885 1885/2292/1886
f 1885/2292/1886 1926/2333/1927 1925/2332/1926
f 1926/2333/1927 1885/2292/1886 1886/2293/1887
f 1886/2293/1887 1927/2334/1928 1926/2333/1927
f 1927/2334/1928 1886/2293/1887 1887/2294/1888
f 1887/2294/1888 1928/2335/1929 1927/2334/1928
f 1928/2335/1929 1887/2294/1888 1888/2295/1889
f 1888/2295/1889 1929/2336/1930 1928/2335/1929
f 1929/2336/1930 1888/2295/1889 1889/2296/1890
f 1889/2296/1890 1930/2337/1931 1929/2336/1930
f 1930/2337/1931 1889/2296/1890 1890/2297/1891
f 1890/2297/1891 1931/2338/1932 1930/2337/1931
f 1931/2338/1932 1890/2297/1891 1891/2298/1892
f 1891/2298/1892 1932/2339/1933 1931/2338/1932
f 1932/2339/1933 1891/2298/1892 1892/2299/1893
f 1892/2299/1893 1933/2340/1934 1932/2339/1933
f 1933/2340/1934 1892/2299/1893 1893/2300/1894
f 1893/2300/1894 1934/2341/1935 1933/2340/1934
f 1934/2341/1935 1893/2300/1894 1894/2301/1895
f 1894/2301/1895 1935/2342/1936 1934/2341/1935
f 1935/2342/1936 1894/2301/1895 1895/2302/1896
f 1895/2302/1896 1936/2343/1937 1935/2342/1936
f 1936/2343/1937 1895/2302/1896 1896/2303/1897
f 1896/2303/1897 1937/2344/1938 1936/2343/1937
f 1937/2344/1938 1896/2303/1897 1897/2304/1898
f 1897/2304/1898 1938/2345/1939 1937/2344/1938
f 1938/2345/1939 1897/2304/1898 1898/2305/1899
f 1898/2305/1899 1939/2346/1940 1938/2345/1939
f 1939/2346/1940 1898/2305/1899 1899/2306/1900
f 1899/2306/1900 1940/2347/1941 1939/2346/1940
f 1940/2347/1941 1899/2306/1900 1900/2307/1901
f 1900/2307/1901 1941/2348/1942 1940/2347/1941
f 1941/2348/1942 1900/2307/1901 1901/2308/1902
f 1901/2308/1902 1942/2349/1943 1941/2348/1942
f 1942/2349/1943 1901/2308/1902 1902/2309/1903
f 1902/2309/1903 1943/2350/1944 1942/2349/1943
f 1943/2350/1944 1902/2309/1903 1903/2310/1904
f 1903/2310/1904 1944/2351/1945 1943/2350/1944
f 1944/2351/1945 1903/2310/1904 1904/2311/1905
f 1904/2311/1905 1945/2352/1946 1944/2351/1945
f 1945/2352/1946 1904/2311/1905 1905/2312/1906
f 1905/2312/1906 1946/2353/1947 1945/2352/1946
f 1946/2353/1947 1905/2312/1906 1906/2313/1907
f 1906/2313/1907 1908/2315/1909 1946/2353/1947
f 1908/2315/1909 1906/2313/1907 1868/2275/1869
f 1908/2354/1909 1947/2355/1948 1948/2356/1949
f 1947/2355/1948 1908/2354/1909 1907/2357/1908
f 1907/2357/1908 1949/2358/1950 1947/2355/1948
f 1949/2358/1950 1907/2357/1908 1909/2359/1910
f 1909/2359/1910 1950/2360/1951 1949/2358/1950
f 1950/2360/1951 1909/2359/1910 1910/2361/1911
f 1910/2361/1911 1951/2362/1952 1950/2360/1951
f 1951/2362/1952 1910/2361/1911 1911/2363/1912
f 1911/2363/1912 1952/2364/1953 1951/2362/1952
f 1952/2364/1953 1911/2363/1912 1912/2365/1913
f 1912/2365/1913 1953/2366/1954 1952/2364/1953
f 1953/2366/1954 1912/2365/1913 1913/2367/1914
f 1913/2367/1914 1954/2368/1955 1953/2366/1954
f 1954/2368/1955 1913/2367/1914 1914/2369/1915
f 1914/2369/1915 1955/2370/1956 1954/2368/1955
f 1955/2370/1956 1914/2369/1915 1915/2371/1916
f 1915/2371/1916 1956/2372/1957 1955/2370/1956
f 1956/2372/1957 1915/2371/1916 1916/2373/1917
f 1916/2373/1917 1957/2374/1958 1956/2372/1957
f 1957/2374/1958 1916/2373/1917 1917/2375/1918
f 1917/2375/1918 1958/2376/1959 1957/2374/1958
f 1958/2376/1959 1917/2375/1918 1918/2377/1919
f 1918/2377/1919 1959/2378/1960 1958/2376/1959
f 1959/2378/1960 1918/2377/1919 1919/2379/1920
f 1919/2379/1920 1960/2380/1961 1959/2378/1960
f 1960/2380/1961 1919/2379/1920 1920/2381/1921
f 1920/2381/1921 1961/2382/1962 1960/2380/1961
f 1961/2382/1962 1920/2381/1921 1921/2383/1922
f 1921/2383/1922 1962/2384/1963 1961/2382/1962
f 1962/2384/1963 1921/2383/1922 1922/2385/1923
f 1922/2385/1923 1963/2386/1964 1962/2384/1963
f 1963/2386/1964 1922/2385/1923 1923/2387/1924
f 1923/2387/1924 1964/2388/1965 1963/2386/1964
f 1964/2388/1965 1923/2387/1924 1924/2389/1925
f 1924/2389/1925 1965/2390/1966 1964/2388/1965
f 1965/2390/1966 1924/2389/1925 1925/2391/1926
f 1925/2391/1926 1966/2392/1967 1965/2390/1966
f 1966/2392/1967 1925/2391/1926 1926/2393/1927
f 1926/2393/1927 1967/2394/1968 1966/2392/1967
f 1967/2394/1968 1926/2393/1927 1927/2395/1928
f 1927/2395/1928 1968/2396/1969 1967/2394/1968
f 1968/2396/1969 1927/2395/1928 1928/2397/1929
f 1928/2397/1929 1969/2398/1970 1968/2396/1969
f 1969/2398/1970 1928/2397/1929 1929/2399/1930
f 1929/2399/1930 1970/2400/1971 1969/2398/1970
f 1970/2400/1971 1929/2399/1930 1930/2401/1931
f 1930/2401/1931 1971/2402/1972 1970/2400/1971
f 1971/2402/1972 1930/2401/1931 1931/2403/1932
f 1931/2403/1932 1972/2404/1973 1971/2402/1972
f 1972/2404/1973 1931/2403/1932 1932/2405/1933
f 1932/2405/1933 1973/2406/1974 1972/2404/1973
f 1973/2406/1974 1932/2405/1933 1933/2407/1934
f 1933/2407/1934 1974/2408/1975 1973/2406/1974
f 1974/2408/1975 1933/2407/1934 1934/2409/1935
f 1934/2409/1935 1975/2410/1976 1974/2408/1975
f 1975/2410/1976 1934/2409/1935 1935/2411/1936
f 1935/2411/1936 1976/2412/1977 1975/2410/1976
f 1976/2412/1977 1935/2411/1936 1936/2413/1937
f 1936/2413/1937 1977/2414/1978 1976/2412/1977
f 1977/2414/1978 1936/2413/1937 1937/2415/1938
f 1937/2415/1938 1978/2416/1979 1977/2414/1978
f 1978/2416/1979 1937/2415/1938 1938/2417/1939
f 1938/2417/1939 1979/2418/1980 1978/2416/1979
f 1979/2418/1980 1938/2417/1939 1939/2419/1940
f 1939/2419/1940 1980/2420/1981 1979/2418/1980
f 1980/2420/1981 1939/2419/1940 1940/2421/1941
f 1940/2421/1941 1981/2422/1982 1980/2420/1981
f 1981/2422/1982 1940/2421/1941 1941/2423/1942
f 1941/2423/1942 1982/2424/1983 1981/2422/1982
f 1982/2424/1983 1941/2423/1942 1942/2425/1943
f 1942/2425/1943 1983/2426/1984 1982/2424/1983
f 1983/2426/1984 1942/2425/1943 1943/2427/1944
f 1943/2427/1944 1984/2428/1985 1983/2426/1984
f 1984/2428/1985 1943/2427/1944 1944/2429/1945
f 1944/2429/1945 1985/2430/1986 1984/2428/1985
f 1985/2430/1986 1944/2429/1945 1945/2431/1946
f 1945/2431/1946 1986/2432/1987 1985/2430/1986
f 1986/2432/1987 1945/2431/1946 1946/2433/1947
f 1946/2433/1947 1948/2356/1949 1986/2432/1987
f 1948/2356/1949 1946/2433/1947 1908/2354/1909
f 1987/2434/1988 1988/2435/1989 1989/2436/1988
f 1988/2435/1989 1987/2434/1988 1990/2437/1990
f 1990/2437/1990 1991/2438/1991 1988/2435/1989
f 1991/2438/1991 1990/2437/1990 1992/2439/1992
f 1992/2439/1992 1993/2440/1993 1991/2438/1991
f 1993/2440/1993 1992/2439/1992 1994/2441/1994
f 1994/2441/1994 1995/2442/1995 1993/2440/1993
f 1995/2442/1995 1994/2441/1994 1996/2443/1996
f 1996/2443/1996 1997/2444/1997 1995/2442/1995
f 1997/2444/1997 1996/2443/1996 1998/2445/1997
f 1999/2446/1997 2000/2447/1997 2001/2448/1998
f 2001/2448/1998 2002/2449/1995 1999/2446/1997
f 2002/2449/1995 2001/2448/1998 2003/2450/1999
f 2003/2450/1999 2004/2451/1993 2002/2449/1995
f 2004/2451/1993 2003/2450/1999 2005/2452/2000
f 2005/2452/2000 2006/2453/2001 2004/2451/1993
f 2006/2453/2001 2005/2452/2000 2007/2454/2002
f 2007/2454/2002 2008/2455/2003 2006/2453/2001
f 2008/2455/2003 2007/2454/2002 2009/2456/1988
f 2009/2456/1988 2010/2457/1988 2008/2455/2003
f 1810/2217/1811 1808/2215/1809 2011/2458/2004
f 2011/2458/2004 1812/2219/1813 1810/2217/1811
f 2011/2458/2004 1814/2221/1815 1812/2219/1813
f 2011/2458/2004 1816/2223/1817 1814/2221/1815
f 2011/2458/2004 1818/2225/1819 1816/2223/1817
f 2011/2458/2004 1820/2227/1821 1818/2225/1819
f 2011/2458/2004 1822/2229/1823 1820/2227/1821
f 2011/2458/2004 1824/2231/1825 1822/2229/1823
f 2011/2458/2004 1826/2233/1827 1824/2231/1825
f 2011/2458/2004 1828/2235/1829 1826/2233/1827
f 2011/2458/2004 1830/2237/1831 1828/2235/1829
f 2011/2458/2004 1832/2239/1833 1830/2237/1831
f 2011/2458/2004 1834/2241/1835 1832/2239/1833
f 2011/2458/2004 1836/2243/1837 1834/2241/1835
f 2011/2458/2004 1838/2245/1839 1836/2243/1837
f 2011/2458/2004 1840/2247/1841 1838/2245/1839
f 2011/2458/2004 1842/2249/1843 1840/2247/1841
f 2011/2458/2004 1844/2251/1845 1842/2249/1843
f 2011/2458/2004 1846/2253/1847 1844/2251/1845
f 2011/2458/2004 1848/2255/1849 1846/2253/1847
f 2011/2458/2004 1850/2257/1851 1848/2255/1849
f 2011/2458/2004 1852/2259/1853 1850/2257/1851
f 2011/2458/2004 1854/2261/1855 1852/2259/1853
f 2011/2458/2004 1856/2263/1857 1854/2261/1855
f 2011/2458/2004 1858/2265/1859 1856/2263/1857
f 2011/2458/2004 1860/2267/1861 1858/2265/1859
f 2011/2458/2004 1862/2269/1863 1860/2267/1861
f 2011/2458/2004 1864/2271/1865 1862/2269/1863
f 2011/2458/2004 1866/2273/1867 1864/2271/1865
f 2011/2458/2004 1787/2194/1788 1866/2273/1867
f 2011/2458/2004 1790/2197/1791 1787/2194/1788
f 2011/2458/2004 1792/2199/1793 1790/2197/1791
f 2011/2458/2004 1794/2201/1795 1792/2199/1793
f 2011/2458/2004 1796/2203/1797 1794/2201/1795
f 2011/2458/2004 1798/2205/1799 1796/2203/1797
f 2011/2458/2004 1800/2207/1801 1798/2205/1799
f 2011/2458/2004 1802/2209/1803 1800/2207/1801
f 2011/2458/2004 1804/2211/1805 1802/2209/1803
f 2011/2458/2004 1806/2213/1807 1804/2211/1805
f 1806/2213/1807 2011/2458/2004 1808/2215/1809
f 1958/2376/1959 2012/2459/2005 1957/2374/1958
f 2012/2459/2005 1958/2376/1959 1959/2378/1960
f 2012/2459/2005 1959/2378/1960 1960/2380/1961
f 2012/2459/2005 1960/2380/1961 1961/2382/1962
f 2012/2459/2005 1961/2382/1962 1962/2384/1963
f 2012/2459/2005 1962/2384/1963 1963/2386/1964
f 2012/2459/2005 1963/2386/1964 1964/2388/1965
f 2012/2459/2005 1964/2388/1965 1965/2390/1966
f 2012/2459/2005 1965/2390/1966 1966/2392/1967
f 2012/2459/2005 1966/2392/1967 1967/2394/1968
f 2012/2459/2005 1967/2394/1968 1968/2396/1969
f 2012/2459/2005 1968/2396/1969 1969/2398/1970
f 2012/2459/2005 1969/2398/1970 1970/2400/1971
f 2012/2459/2005 1970/2400/1971 1971/2402/1972
f 2012/2459/2005 1971/2402/1972 1972/2404/1973
f 2012/2459/2005 1972/2404/1973 1973/2406/1974
f 2012/2459/2005 1973/2406/1974 1974/2408/1975
f 2012/2459/2005 1974/2408/1975 1975/2410/1976
f 2012/2459/2005 1975/2410/1976 1976/2412/1977
f 2012/2459/2005 1976/2412/1977 1977/2414/1978
f 2012/2459/2005 1977/2414/1978 1978/2416/1979
f 2012/2459/2005 1978/2416/1979 1979/2418/1980
f 2012/2459/2005 1979/2418/1980 1980/2420/1981
f 2012/2459/2005 1980/2420/1981 1981/2422/1982
f 2012/2459/2005 1981/2422/1982 1982/2424/1983
f 2012/2459/2005 1982/2424/1983 1983/2426/1984
f 2012/2459/2005 1983/2426/1984 1984/2428/1985
f 2012/2459/2005 1984/2428/1985 1985/2430/1986
f 2012/2459/2005 1985/2430/1986 1986/2432/1987
f 2012/2459/2005 1986/2432/1987 1948/2356/1949
f 2012/2459/2005 1948/2356/1949 1947/2355/1948
f 2012/2459/2005 1947/2355/1948 1949/2358/1950
f 2012/2459/2005 1949/2358/1950 1950/2360/1951
f 2012/2459/2005 1950/2360/1951 1951/2362/1952
f 2012/2459/2005 1951/2362/1952 1952/2364/1953
f 2012/2459/2005 1952/2364/1953 1953/2366/1954
f 2012/2459/2005 1953/2366/1954 1954/2368/1955
f 2012/2459/2005 1954/2368/1955 1955/2370/1956
f 2012/2459/2005 1955/2370/1956 1956/2372/1957
f 1956/2372/1957 1957/2374/1958 2012/2459/2005
o p08g00o05g._0p.002
v 0.250000 -0.000004 10.312500
v 0.312500 0.437498 8.125000
v 0.000000 -0.000004 10.312500
v 0.562500 0.312498 8.125000
v 0.500000 0.624998 5.875000
v 0.875000 0.437498 5.875000
v 0.500000 0.937498 3.687500
v 1.000000 0.687498 3.687500
v 0.500000 1.312500 1.125000
v 1.125000 0.937500 1.875000
v 0.812500 -0.000000 0.250000
v 1.312500 -0.000000 0.937500
v 0.500000 -1.375000 1.125000
v 1.125000 -1.000000 1.812500
v 0.500000 -1.000002 3.687500
v 1.000000 -0.750002 3.687500
v 0.500000 -0.687502 5.875000
v 0.875000 -0.500002 5.875000
v 0.312500 -0.437502 8.062500
v 0.562500 -0.375002 8.062500
v -0.625000 0.312498 8.125000
v -0.312500 -0.000004 10.312500
v -0.312500 0.437498 8.125000
v -0.937500 0.437498 5.875000
v -0.562500 0.624998 5.875000
v -1.062500 0.687498 3.687500
v -0.562500 0.937498 3.687500
v -1.187500 0.937500 1.875000
v -0.562500 1.312500 1.125000
v -1.375000 -0.000000 0.937500
v -0.875000 -0.000000 0.250000
v 0.000000 1.187500 0.812500
v 0.000000 0.000000 0.000000
v 0.000000 -1.250000 0.812500
v -0.562500 -1.375000 1.125000
v -1.187500 -1.000000 1.812500
v -0.562500 -1.000002 3.687500
v -1.062500 -0.750002 3.687500
v -0.562500 -0.687502 5.875000
v -0.937500 -0.500002 5.875000
v -0.312500 -0.437502 8.062500
v -0.625000 -0.375002 8.062500
v 5.750000 27.875000 1.000010
v 4.875000 27.937500 0.500010
v 5.750000 27.812500 0.500010
v 6.937500 27.812500 1.250010
v 7.062500 27.750000 0.562510
v 8.937500 28.125000 1.187510
v 8.750000 28.000000 0.562510
v 9.125000 28.187500 1.125010
v 8.937500 28.062500 0.562510
v 9.812500 28.062500 1.437510
v 9.812500 27.875000 0.625010
v 10.937500 28.125000 1.437510
v 10.937500 27.875000 0.562510
v 12.000000 28.062500 0.625010
v 12.000000 28.312500 1.250010
v 10.937500 28.687500 1.625010
v 12.000000 28.625000 1.437510
v 10.937500 29.250000 1.437510
v 12.000000 29.000000 1.312510
v 11.000000 29.500000 0.875010
v 12.000000 29.312500 0.812510
v 11.000000 29.562500 0.250010
v 12.000000 29.312500 0.375010
v 11.000000 29.250000 -0.249990
v 12.000000 29.062500 0.000010
v 11.000000 28.750000 -0.374990
v 12.000000 28.750000 -0.124990
v 11.000000 28.312500 -0.249990
v 12.000000 28.375000 0.000010
v 10.937500 27.937500 0.000010
v 12.000000 28.125000 0.187510
v 9.812500 27.937500 0.000010
v 8.875000 28.187500 0.062510
v 8.750000 28.125000 0.000010
v 7.187500 28.000000 -0.187490
v 5.875000 28.000000 -0.312490
v 4.937500 28.125000 -0.062490
v 5.937500 28.250000 -0.624990
v 5.062500 28.500000 -0.437490
v 6.000000 28.875000 -0.624990
v 5.687500 28.875000 -0.562490
v 6.062500 29.437500 -0.312490
v 7.437500 29.375000 -0.249990
v 6.312500 29.625000 0.250010
v 7.437500 29.625000 0.375010
v 6.250000 29.625000 0.687510
v 7.437500 29.500000 0.875010
v 6.000000 29.625000 1.125010
v 7.437500 29.625000 1.437510
v 6.187500 29.500000 1.750010
v 5.812500 29.500000 1.500010
v 5.875000 28.750000 2.000010
v 5.562500 28.875000 1.937510
v 5.687500 27.875000 1.812510
v 5.187500 28.125000 1.687510
v 6.937500 27.812500 1.750010
v 9.062500 28.187500 1.562510
v 9.250000 28.250000 1.437510
v 9.437500 28.312500 1.437510
v 9.562500 28.375000 1.375010
v 9.937500 28.687500 1.625010
v 9.750000 29.312500 1.312510
v 9.750000 29.625000 0.937510
v 9.750000 29.687500 0.312510
v 9.750000 29.375000 -0.249990
v 9.750000 28.750000 -0.249990
v 9.812500 28.187500 -0.249990
v 9.125000 28.375000 -0.124990
v 9.187500 28.750000 -0.124990
v 9.125000 29.125000 0.000010
v 9.000000 29.437500 0.437510
v 9.000000 29.312500 0.875010
v 9.000000 29.187500 1.125010
v 9.562500 29.000000 1.312510
v 9.750000 28.625000 1.500010
v 9.500000 28.625000 1.562510
v 9.312500 28.625000 1.562510
v 9.125000 28.687500 1.687510
v 7.125000 28.687500 2.000010
v 7.375000 29.437500 1.812510
v 9.000000 29.187500 1.500010
v 9.187500 29.125000 1.437510
v 9.375000 29.062500 1.375010
v 8.750000 29.375000 1.187510
v 8.625000 29.312500 0.875010
v 8.625000 29.437500 0.437510
v 8.687500 29.250000 -0.062490
v 8.750000 28.812500 -0.374990
v 8.750000 28.312500 -0.249990
v 7.250000 28.250000 -0.624990
v 7.312500 28.812500 -0.624990
v 12.875000 28.875000 1.187510
v 12.875000 28.625000 1.312510
v 13.562500 28.812500 1.187510
v 13.562500 28.500000 1.250010
v 13.562500 28.250000 1.000010
v 12.875000 28.250000 1.062510
v 12.875000 28.062500 0.625010
v 13.562500 28.062500 0.562510
v 14.125000 28.125000 0.562510
v 14.125000 28.250000 0.937510
v 14.125000 28.312500 1.250010
v 14.125000 28.750000 1.250010
v 14.125000 28.875000 1.000010
v 13.562500 29.062500 0.687510
v 14.125000 28.937500 0.625010
v 13.562500 29.062500 0.250010
v 14.125000 29.000000 0.250010
v 13.562500 28.937500 0.000010
v 14.125000 28.875000 -0.062490
v 13.562500 28.625000 -0.062490
v 14.125000 28.625000 -0.124990
v 13.562500 28.375000 0.000010
v 14.125000 28.312500 -0.062490
v 13.562500 28.125000 0.250010
v 14.125000 28.062500 0.250010
v 12.875000 28.125000 0.250010
v 12.875000 28.375000 0.000010
v 12.875000 28.687500 -0.062490
v 12.875000 29.000000 0.000010
v 12.875000 29.187500 0.312510
v 12.875000 29.125000 0.750010
v -0.250000 31.937500 -1.562490
v -0.312500 31.812500 -1.374990
v -0.437500 31.937500 -1.499990
v -0.125000 31.937500 -1.624990
v 0.000000 31.812500 -1.374990
v 0.000000 31.937500 -1.687490
v 0.125000 31.937500 -1.624990
v 0.312500 31.812500 -1.374990
v 0.250000 31.937500 -1.562490
v 0.437500 31.937500 -1.499990
v 0.250000 31.875000 -1.624990
v 0.250000 31.812500 -1.562490
v 0.375000 31.750000 -1.437490
v 0.250000 31.687500 -1.499990
v 0.437500 31.562500 -1.437490
v 0.312500 31.500000 -1.499990
v 0.125000 31.687500 -1.562490
v 0.187500 31.500000 -1.624990
v 0.000000 31.687500 -1.562490
v 0.000000 31.500000 -1.624990
v -0.125000 31.687500 -1.562490
v -0.187500 31.500000 -1.624990
v -0.250000 31.687500 -1.499990
v -0.375000 31.500000 -1.499990
v -0.500000 31.562500 -1.437490
v -0.375000 31.750000 -1.437490
v -0.250000 31.812500 -1.562490
v -0.250000 31.875000 -1.624990
v -0.187500 31.875000 -1.749990
v 0.000000 31.875000 -1.749990
v 0.125000 31.875000 -1.749990
v 0.125000 31.812500 -1.687490
v 0.000000 31.812500 -1.749990
v -0.187500 31.812500 -1.687490
v -5.750000 27.812500 0.500010
v -4.875000 27.937500 0.500010
v -5.750000 27.875000 1.000010
v -7.125000 27.750000 0.562510
v -7.125000 27.812500 1.250010
v -5.687500 27.875000 1.812510
v -5.187500 28.125000 1.687510
v -5.875000 28.750000 2.000010
v -5.562500 28.875000 1.937510
v -6.187500 29.500000 1.750010
v -5.812500 29.500000 1.500010
v -6.000000 29.625000 1.125010
v -7.437500 29.625000 1.437510
v -6.250000 29.625000 0.687510
v -7.437500 29.500000 0.875010
v -6.312500 29.625000 0.250010
v -7.437500 29.625000 0.375010
v -6.062500 29.437500 -0.187490
v -7.437500 29.375000 -0.249990
v -6.000000 28.875000 -0.624990
v -5.687500 28.875000 -0.562490
v -5.937500 28.250000 -0.624990
v -5.062500 28.500000 -0.437490
v -5.875000 28.000000 -0.312490
v -4.937500 28.125000 -0.062490
v -7.187500 28.000000 -0.187490
v -7.250000 28.250000 -0.624990
v -7.312500 28.812500 -0.624990
v -7.375000 29.437500 1.812510
v -7.125000 28.687500 2.000010
v -7.125000 27.812500 1.750010
v -14.125000 28.750000 1.250010
v -13.625000 28.812500 1.187510
v -14.125000 28.875000 1.000010
v -14.125000 28.312500 1.250010
v -13.625000 28.500000 1.250010
v -14.125000 28.250000 0.937510
v -13.625000 28.250000 1.000010
v -14.125000 28.125000 0.562510
v -13.625000 28.062500 0.562510
v -12.750000 28.250000 1.062510
v -12.750000 28.062500 0.625010
v -12.000000 28.062500 0.625010
v -12.000000 28.312500 1.250010
v -12.750000 28.625000 1.312510
v -12.750000 28.875000 1.187510
v -12.000000 28.625000 1.437510
v -12.000000 29.000000 1.312510
v -12.750000 29.125000 0.750010
v -12.000000 29.312500 0.812510
v -12.750000 29.187500 0.312510
v -12.000000 29.312500 0.375010
v -12.750000 29.000000 0.000010
v -12.000000 29.062500 0.000010
v -12.750000 28.687500 -0.062490
v -12.000000 28.750000 -0.124990
v -12.750000 28.375000 0.000010
v -12.000000 28.375000 0.000010
v -12.750000 28.125000 0.250010
v -12.000000 28.125000 0.187510
v -13.625000 28.125000 0.250010
v -14.125000 28.062500 0.250010
v -13.625000 28.375000 0.000010
v -13.625000 28.625000 -0.062490
v -13.625000 28.937500 0.000010
v -13.625000 29.062500 0.250010
v -13.625000 29.062500 0.687510
v -14.125000 28.937500 0.625010
v -14.125000 29.000000 0.250010
v -14.125000 28.875000 -0.062490
v -14.125000 28.625000 -0.124990
v -14.125000 28.312500 -0.062490
v -8.750000 28.000000 0.562510
v -7.875000 27.875000 0.562510
v -7.875000 27.937500 1.250010
v -8.937500 28.125000 1.187510
v -7.875000 28.000000 1.687510
v -9.062500 28.187500 1.562510
v -7.937500 28.687500 1.875010
v -9.125000 28.687500 1.687510
v -8.062500 29.312500 1.687510
v -9.000000 29.187500 1.500010
v -8.062500 29.500000 1.312510
v -8.750000 29.375000 1.187510
v -8.062500 29.437500 0.875010
v -8.625000 29.312500 0.875010
v -8.125000 29.500000 0.375010
v -8.625000 29.437500 0.437510
v -8.125000 29.312500 -0.124990
v -8.687500 29.250000 -0.062490
v -8.062500 28.812500 -0.499990
v -8.750000 28.812500 -0.374990
v -8.000000 28.250000 -0.437490
v -8.750000 28.312500 -0.249990
v -7.937500 28.062500 -0.062490
v -8.750000 28.125000 0.000010
v -8.875000 28.187500 0.062510
v -8.937500 28.062500 0.562510
v -9.812500 27.937500 0.000010
v -9.812500 27.875000 0.625010
v -10.937500 27.937500 0.000010
v -10.937500 27.875000 0.562510
v -11.000000 28.312500 -0.249990
v -11.000000 28.750000 -0.374990
v -11.000000 29.250000 -0.249990
v -11.000000 29.562500 0.250010
v -11.000000 29.500000 0.875010
v -10.937500 29.250000 1.437510
v -10.937500 28.687500 1.625010
v -10.937500 28.125000 1.437510
v -9.812500 28.062500 1.437510
v -9.125000 28.187500 1.125010
v -9.250000 28.250000 1.437510
v -9.312500 28.625000 1.562510
v -9.187500 29.125000 1.437510
v -9.000000 29.187500 1.125010
v -9.000000 29.312500 0.875010
v -9.000000 29.437500 0.437510
v -9.125000 29.125000 0.000010
v -9.250000 28.750000 -0.124990
v -9.125000 28.375000 -0.124990
v -9.812500 28.187500 -0.249990
v -9.750000 28.750000 -0.249990
v -9.750000 29.375000 -0.249990
v -9.750000 29.687500 0.312510
v -9.750000 29.625000 0.937510
v -9.750000 29.312500 1.312510
v -9.562500 29.000000 1.312510
v -9.375000 29.062500 1.375010
v -9.500000 28.625000 1.562510
v -9.437500 28.312500 1.437510
v -9.562500 28.375000 1.375010
v -9.937500 28.687500 1.625010
v -9.750000 28.625000 1.500010
v -0.812500 33.812500 -1.374990
v -1.000000 33.500000 -1.124990
v -1.000000 33.625000 -1.187490
v -0.875000 33.500000 -1.374990
v -1.062500 33.312500 -0.874990
v -1.000000 33.312500 -1.187490
v -1.125000 33.125000 -0.749990
v -1.000000 33.125000 -1.124990
v -1.062500 32.750000 -1.062490
v -1.000000 32.937500 -1.249990
v -0.875000 32.625000 -1.312490
v -0.875000 32.812500 -1.374990
v -0.687500 32.562500 -1.499990
v -0.687500 32.812500 -1.562490
v -0.437500 32.562500 -1.562490
v -0.437500 32.812500 -1.562490
v -0.250000 32.625000 -1.562490
v -0.187500 32.937500 -1.562490
v -0.125000 32.625000 -1.749990
v -0.125000 33.000000 -1.687490
v -0.125000 32.625000 -1.937490
v -0.125000 33.062500 -1.812490
v 0.000000 32.687500 -2.062490
v 0.000000 33.062500 -1.874990
v 0.125000 32.625000 -1.937490
v 0.062500 33.062500 -1.812490
v 0.125000 32.625000 -1.749990
v 0.125000 33.000000 -1.687490
v 0.250000 32.625000 -1.562490
v 0.187500 32.937500 -1.562490
v 0.437500 32.562500 -1.562490
v 0.437500 32.812500 -1.562490
v 0.687500 32.562500 -1.499990
v 0.687500 32.812500 -1.437490
v 0.875000 32.625000 -1.312490
v 0.875000 32.812500 -1.374990
v 1.062500 32.750000 -1.062490
v 1.000000 32.937500 -1.249990
v 1.125000 33.125000 -0.749990
v 1.000000 33.125000 -1.124990
v 1.062500 33.312500 -0.937490
v 1.000000 33.312500 -1.187490
v 1.062500 33.500000 -1.187490
v 0.875000 33.500000 -1.374990
v 1.000000 33.750000 -1.187490
v 0.875000 33.750000 -1.374990
v 1.250000 32.375000 -0.062490
v 1.187500 32.375000 -0.374990
v 1.250000 32.562500 -0.187490
v 1.187500 32.187500 -0.124990
v 1.062500 32.125000 -0.624990
v 1.062500 31.750000 -0.312490
v 0.875000 31.875000 -0.937490
v 0.875000 31.625000 -0.874990
v 0.750000 31.625000 -0.999990
v 0.750000 31.437500 -0.874990
v 0.625000 31.500000 -1.124990
v 0.562500 31.312500 -0.999990
v 0.500000 31.437500 -1.374990
v 0.437500 31.250000 -1.312490
v 0.375000 31.375000 -1.499990
v 0.375000 31.187500 -1.437490
v 0.250000 31.312500 -1.624990
v 0.250000 31.125000 -1.499990
v 0.000000 31.312500 -1.624990
v 0.000000 31.125000 -1.562490
v -0.250000 31.312500 -1.624990
v -0.250000 31.125000 -1.499990
v -0.375000 31.375000 -1.499990
v -0.375000 31.187500 -1.437490
v -0.500000 31.437500 -1.374990
v -0.437500 31.250000 -1.312490
v -0.625000 31.500000 -1.312490
v -0.625000 31.312500 -1.187490
v -0.750000 31.625000 -1.187490
v -0.750000 31.437500 -1.062490
v -0.875000 31.875000 -0.937490
v -0.875000 31.625000 -0.874990
v -1.062500 32.125000 -0.624990
v -1.062500 31.750000 -0.312490
v -1.187500 32.375000 -0.374990
v -1.187500 32.187500 -0.124990
v -1.250000 32.562500 -0.249990
v -1.250000 32.375000 -0.062490
v -1.312500 32.562500 -0.187490
v -1.375000 32.562500 -0.124990
v -1.187500 32.750000 -0.437490
v 0.000000 31.812500 -1.249990
v -0.562500 33.812500 -1.499990
v -0.750000 34.000000 -1.499990
v -0.312500 32.125000 -1.374990
v 0.000000 32.125000 -1.374990
v 0.000000 31.937500 -0.437490
v -0.187500 31.937500 -0.437490
v 0.000000 32.062500 -1.249990
v 0.312500 32.062500 -1.374990
v 0.187500 31.937500 -0.437490
v -1.312500 33.625000 -0.749990
v -1.375000 33.875000 -0.562488
v -1.062500 33.875000 -0.999988
v -1.437500 33.437500 -0.624990
v -1.437500 33.250000 -0.562490
v -1.437500 33.062500 -0.437490
v -1.500000 32.812500 -0.187490
v -1.562500 32.562500 0.062510
v -1.437500 32.312500 0.125010
v -1.125000 32.062500 0.000010
v -1.250000 31.937500 0.250010
v -1.062500 31.812500 0.625010
v -1.437500 31.937500 0.625010
v -0.937500 31.812500 0.875010
v -1.437500 31.937500 0.937510
v -1.125000 31.500000 1.500010
v -0.750000 31.375000 1.437510
v -1.000000 30.937500 1.812510
v -0.500000 31.375000 1.562510
v -0.500000 31.875000 1.187510
v 0.000000 31.250000 1.625010
v 0.000000 31.875000 1.125010
v 0.500000 31.625000 1.375010
v 0.500000 31.875000 1.187510
v 0.750000 31.500000 1.250010
v 0.875000 31.812500 0.875010
v 1.062500 31.437500 1.500010
v 1.437500 31.750000 0.875010
v 1.312500 31.500000 1.562510
v 1.750000 32.125000 0.875010
v 1.750000 32.125000 1.312510
v 1.812500 32.687500 0.687510
v 1.875000 32.750000 1.062510
v 1.750000 33.187500 0.562510
v 1.750000 33.250000 0.875010
v 1.750000 33.562500 0.062510
v 1.750000 33.562500 0.750010
v 1.500000 33.812500 -0.124988
v 1.500000 33.875000 0.625012
v 1.687500 33.625000 1.250010
v 1.500000 33.812500 1.187510
v 1.187500 33.500000 2.000010
v 1.187500 33.750000 1.625010
v 0.812500 33.375000 2.187510
v 0.812500 33.687500 1.812510
v 0.312500 33.250000 2.187510
v 0.312500 33.562500 2.000010
v 0.000000 33.187500 2.250010
v 0.000000 33.562500 2.000010
v -0.312500 33.250000 2.250010
v -0.312500 33.625000 2.000010
v -0.812500 33.437500 2.187510
v -0.875000 33.750000 1.875010
v -1.187500 33.625000 1.937510
v -1.250000 33.875000 1.687510
v -1.687500 33.625000 1.375010
v -1.500000 33.812500 1.312510
v -1.812500 33.562500 0.812510
v -1.500000 33.937500 0.687512
v -1.750000 33.562500 0.312510
v -1.500000 33.937500 0.000012
v -1.625000 33.500000 -0.437490
v -1.625000 33.250000 -0.312490
v -1.812500 33.000000 -0.124990
v -1.875000 32.625000 0.375010
v -1.687500 32.250000 0.562510
v -1.750000 32.250000 1.000010
v -1.937500 32.687500 0.687510
v -1.750000 33.187500 0.562510
v -1.812500 33.250000 1.125010
v -1.625000 33.312500 1.562510
v -1.250000 33.250000 1.875010
v -0.875000 33.062500 2.062510
v -0.312500 32.875000 2.250010
v 0.000000 32.812500 2.250010
v 0.312500 32.812500 2.250010
v 0.812500 33.000000 2.125010
v 1.187500 33.125000 1.937510
v 1.625000 33.187500 1.437510
v 1.687500 32.812500 1.562510
v 1.625000 32.187500 1.687510
v 1.500000 31.687500 1.937510
v 1.375000 32.250000 1.875010
v 1.375000 32.687500 2.062510
v 0.875000 32.437500 2.375010
v 0.375000 32.375000 2.500010
v 0.000000 32.375000 2.500010
v -0.312500 32.312500 2.500010
v -0.812500 32.437500 2.312510
v -1.375000 32.562500 2.062510
v -1.625000 32.687500 1.750010
v -1.875000 32.750000 1.250010
v -1.687500 32.187500 1.500010
v -1.375000 31.625000 1.500010
v -1.562500 31.125000 1.875010
v -1.437500 31.187500 2.312510
v -1.500000 31.625000 2.062510
v -1.562500 32.125000 1.875010
v -1.250000 32.062500 2.250010
v -0.875000 31.937500 2.187510
v -0.562500 31.875000 2.312510
v -0.250000 31.750000 2.312510
v 0.000000 31.875000 2.375010
v 0.312500 31.812500 2.375010
v 0.750000 31.875000 2.312510
v 1.000000 32.062500 2.187510
v 1.312500 31.250000 2.375010
v 1.437500 31.062500 1.875010
v 1.000000 31.000000 1.937510
v 0.500000 30.812500 2.125010
v 0.000000 30.937500 2.125010
v -0.500000 30.937500 2.125010
v -1.000000 30.937500 2.500010
v -0.437500 31.062500 2.375010
v 0.000000 30.812500 2.375010
v 0.437500 31.000000 2.375010
v 1.000000 30.937500 2.375010
v -0.875000 34.000000 -1.374990
v -1.125000 34.000000 -0.937488
v -1.312500 34.000000 -0.687488
v -1.500000 34.125000 0.000012
v -1.500000 34.125000 0.625012
v -1.500000 34.062500 1.187512
v -1.250000 34.000000 1.625010
v -0.875000 33.875000 1.812510
v -0.312500 33.750000 1.937510
v 0.000000 33.750000 1.937510
v 0.312500 33.750000 1.937510
v 0.750000 33.812500 1.812510
v 1.187500 33.937500 1.562510
v 1.500000 34.000000 1.125010
v 1.500000 34.000000 0.562512
v 1.500000 34.000000 -0.124988
v 1.312500 33.812500 -0.499988
v 1.312500 34.000000 -0.624988
v 1.187500 33.812500 -0.749990
v 1.125000 33.937500 -0.999988
v 0.875000 33.937500 -1.374990
v 0.687500 33.937500 -1.562490
v 0.687500 33.812500 -1.499990
v 0.500000 33.937500 -1.687490
v 1.375000 33.437500 -0.624990
v 1.500000 33.187500 -0.562490
v 1.500000 33.062500 -0.312490
v 1.250000 32.687500 -0.312490
v 1.562500 32.875000 -0.124990
v 1.750000 33.000000 -0.062490
v 1.687500 33.250000 -0.312490
v 1.625000 33.500000 -0.437490
v 1.812500 33.000000 0.312510
v 1.625000 32.562500 0.312510
v 1.500000 32.187500 0.375010
v 1.375000 31.875000 0.625010
v 1.062500 31.812500 0.625010
v 1.375000 32.000000 0.250010
v 1.125000 32.062500 0.000010
v 1.437500 32.250000 0.125010
v 1.500000 32.562500 0.000010
v 1.375000 32.562500 -0.062490
v 0.375000 33.750000 -1.624990
v 0.250000 33.750000 -1.687490
v 0.187500 33.937500 -1.749990
v 0.000000 33.750000 -1.749990
v 0.000000 33.937500 -1.749990
v -0.187500 33.750000 -1.687490
v -0.250000 33.937500 -1.749990
v 1.062500 32.562500 -0.937490
v 0.875000 32.375000 -1.249990
v 0.687500 32.250000 -1.374990
v 0.937500 32.125000 -1.124990
v 0.750000 31.875000 -1.249990
v 0.625000 31.750000 -1.374990
v -0.625000 31.750000 -1.374990
v -0.750000 31.875000 -1.249990
v -0.937500 32.125000 -1.124990
v -1.062500 32.375000 -0.812490
v -1.187500 32.625000 -0.562490
v -1.062500 32.562500 -0.937490
v -0.875000 32.375000 -1.249990
v -0.687500 32.250000 -1.374990
v -0.562500 32.125000 -1.374990
v -0.562500 31.875000 -1.437490
v -0.312500 31.937500 -1.687490
v -0.187500 32.000000 -1.687490
v 0.000000 32.000000 -1.812490
v -0.125000 32.062500 -1.749990
v -0.125000 32.187500 -1.624990
v 0.000000 32.187500 -1.749990
v 0.000000 32.312500 -1.749990
v 0.125000 32.187500 -1.624990
v 0.125000 32.375000 -1.624990
v 0.125000 32.437500 -1.812490
v 0.250000 32.375000 -1.562490
v 0.187500 32.500000 -1.749990
v 0.125000 32.500000 -1.937490
v 0.000000 32.375000 -1.874990
v -0.125000 32.375000 -1.624990
v -0.250000 32.375000 -1.562490
v -0.312500 32.187500 -1.562490
v -0.312500 32.000000 -1.624990
v -0.437500 32.125000 -1.499990
v -0.500000 32.062500 -1.437490
v -0.437500 32.312500 -1.437490
v 0.000000 32.562500 -2.124990
v -0.125000 32.500000 -1.937490
v -0.187500 32.500000 -1.749990
v -0.125000 32.437500 -1.812490
v 0.437500 32.312500 -1.437490
v 0.562500 32.125000 -1.374990
v 0.500000 31.875000 -1.437490
v 0.500000 32.062500 -1.437490
v 0.437500 32.125000 -1.499990
v 0.437500 33.000000 -1.437490
v 0.250000 33.125000 -1.374990
v 0.437500 33.125000 -1.437490
v 0.625000 33.000000 -1.374990
v 0.625000 33.125000 -1.437490
v 0.812500 33.062500 -1.249990
v 0.687500 33.125000 -1.312490
v 0.875000 33.187500 -1.187490
v 0.750000 33.187500 -1.249990
v 0.812500 33.312500 -1.374990
v 0.812500 33.375000 -1.437490
v 0.187500 33.187500 -1.562490
v 0.125000 33.250000 -1.624990
v 0.000000 33.250000 -1.749990
v -0.125000 33.250000 -1.624990
v -0.187500 33.187500 -1.562490
v -0.250000 33.125000 -1.374990
v -0.437500 33.000000 -1.437490
v -0.625000 33.000000 -1.374990
v -0.812500 33.062500 -1.249990
v -0.875000 33.187500 -1.187490
v -0.812500 33.312500 -1.374990
v -0.812500 33.375000 -1.437490
v -0.750000 33.187500 -1.249990
v -0.687500 33.125000 -1.312490
v -0.625000 33.125000 -1.437490
v -0.437500 33.125000 -1.437490
v -0.187500 33.312500 -1.687490
v 0.000000 33.375000 -1.812490
v -0.187500 33.312500 -1.749990
v 0.187500 33.312500 -1.749990
v 0.437500 33.375000 -1.687490
v 0.187500 33.312500 -1.687490
v 0.375000 33.312500 -1.624990
v 0.375000 33.312500 -1.499990
v 0.375000 33.250000 -1.437490
v 0.250000 34.125000 -1.749988
v 0.000000 34.250000 -1.749988
v -0.437500 34.250000 -1.687488
v -0.500000 33.937500 -1.687490
v -0.625000 34.125000 -1.562488
v -0.250000 34.437500 -1.749988
v -0.062500 34.750000 -1.624988
v 0.125000 34.312500 -1.749988
v -1.000000 31.687500 0.562510
v -0.937500 31.625000 0.062510
v -1.062500 31.750000 0.062510
v -0.812500 31.437500 -0.312490
v -0.937500 31.500000 -0.374990
v -1.062500 31.687500 -0.249990
v -1.125000 31.937500 -0.062490
v -0.937500 31.500000 -0.624990
v -0.750000 31.375000 -0.812490
v -0.562500 31.250000 -0.999990
v -0.437500 31.125000 -1.124990
v -0.375000 31.125000 -1.187490
v -0.187500 31.062500 -1.249990
v 0.000000 31.062500 -1.312490
v 0.187500 31.062500 -1.249990
v 0.312500 31.125000 -1.187490
v 0.437500 31.125000 -1.124990
v 0.562500 31.250000 -0.874990
v 0.750000 31.375000 -0.687490
v 0.937500 31.500000 -0.499990
v 1.062500 31.687500 -0.249990
v 1.125000 31.937500 -0.062490
v 1.062500 31.750000 0.062510
v 0.937500 31.500000 -0.374990
v 0.812500 31.375000 -0.499990
v 0.562500 31.250000 -0.687490
v 0.375000 31.125000 -0.999990
v 0.125000 31.062500 -1.124990
v 0.000000 31.062500 -1.124990
v -0.125000 31.062500 -1.124990
v -0.375000 31.125000 -0.999990
v -0.562500 31.250000 -0.812490
v -0.812500 31.375000 -0.687490
v -0.562500 31.375000 -0.437490
v 0.000000 31.062500 -0.687490
v 0.000000 31.062500 -0.937490
v 0.562500 31.375000 -0.249990
v 0.812500 31.437500 -0.124990
v 0.937500 31.625000 0.062510
v 1.000000 31.687500 0.562510
v 0.000000 32.437500 -2.062490
v 1.062500 32.375000 -0.812490
v 1.187500 32.625000 -0.562490
v 1.375000 32.562500 -0.124990
v 0.625000 34.125000 -1.749988
v 0.437500 34.375000 -1.874988
v 0.187500 34.562500 -1.812488
v 0.000000 34.937500 -1.499988
v -0.250000 34.750000 -1.749988
v -0.562500 34.500000 -1.687488
v -0.812500 34.312500 -1.562488
v -0.937500 34.125000 -1.437488
v -1.375000 34.437500 -1.062488
v -1.375000 34.187500 -0.812488
v -1.625000 34.312500 -0.312488
v -1.750000 34.312500 0.375012
v -1.687500 34.250000 1.000012
v -1.437500 34.187500 1.562512
v -0.937500 34.125000 2.062510
v -0.375000 34.000000 2.062510
v 0.000000 34.000000 2.000010
v 0.437500 34.000000 2.062510
v 0.937500 34.062500 1.875012
v 1.375000 34.250000 1.500012
v 1.625000 34.312500 1.000012
v 1.625000 34.312500 0.437512
v 1.687500 34.250000 -0.249988
v 1.375000 34.125000 -0.687488
v 1.062500 34.187500 -1.249988
v 0.937500 34.312500 -1.499988
v 0.812500 34.562500 -1.624988
v 0.625000 34.937500 -1.687488
v 0.250000 34.937500 -1.687488
v 0.000000 35.250000 -1.062488
v -0.375000 35.187500 -1.374988
v -0.625000 34.937500 -1.312488
v -0.937500 34.937500 -1.312488
v -1.125000 34.812500 -1.187488
v -1.500000 34.812500 -0.499988
v -1.500000 34.812500 0.125012
v -1.437500 34.812500 0.625012
v -1.437500 34.750000 1.125012
v -1.187500 35.000000 1.312512
v -0.812500 35.062500 1.312512
v -0.375000 35.312500 1.500012
v 0.000000 35.250000 1.500012
v 0.312500 35.312500 1.500012
v 0.625000 35.125000 1.312512
v 1.062500 34.875000 1.312512
v 1.437500 34.812500 0.812512
v 1.437500 34.875000 0.125012
v 1.375000 34.750000 -0.437488
v 1.187500 34.500000 -0.874988
v 1.000000 34.687500 -1.187488
v 0.812500 35.000000 -1.249988
v 0.625000 35.312500 -1.374988
v 0.250000 35.187500 -1.312488
v 0.000000 35.437500 -0.687488
v -0.562500 35.562500 -0.687488
v -0.937500 35.500000 -0.687488
v -1.312500 35.125000 -0.562488
v -1.187500 35.250000 0.125012
v -1.187500 35.375000 0.812512
v -0.812500 35.625000 0.750012
v -0.437500 35.750000 0.750012
v 0.000000 35.625000 0.750012
v 0.312500 35.812500 0.750012
v 0.687500 35.625000 0.687512
v 1.062500 35.312500 0.812512
v 1.187500 35.375000 0.062512
v 1.125000 35.250000 -0.749988
v 0.812500 35.562500 -0.687488
v 0.562500 35.687500 -0.749988
v 0.250000 35.687500 -0.687488
v 0.312500 35.750000 0.062512
v 0.812500 35.687500 0.062512
v 0.000000 35.562500 0.062512
v -0.500000 35.750000 0.062512
v -0.812500 35.562500 0.000012
v 0.625000 33.250000 -0.999990
v 0.625000 33.250000 -1.437490
v 0.750000 33.187500 -0.937490
v 0.687500 33.125000 -0.937490
v 0.562500 33.062500 -0.999990
v 0.437500 33.125000 -1.124990
v 0.312500 33.187500 -1.124990
v 0.312500 33.187500 -1.187490
v -0.750000 33.187500 -0.937490
v -0.625000 33.250000 -1.437490
v -0.625000 33.250000 -1.124990
v -0.375000 33.250000 -1.437490
v -0.312500 33.187500 -1.187490
v -0.312500 33.187500 -1.124990
v -0.437500 33.125000 -1.124990
v -0.562500 33.062500 -0.999990
v -0.687500 33.125000 -0.937490
v -0.437500 33.750000 -1.624990
v 0.312500 31.937500 -1.687490
v 0.187500 32.000000 -1.687490
v 0.125000 32.062500 -1.749990
v 0.312500 32.187500 -1.562490
v 0.250000 32.000000 -1.624990
v 0.625000 33.312500 -1.437490
v 0.625000 33.375000 -1.562490
v 0.625000 33.437500 -1.562490
v -0.625000 33.312500 -1.437490
v -0.625000 33.375000 -1.562490
v -0.625000 33.437500 -1.562490
v -0.437500 33.375000 -1.687490
v -0.375000 33.312500 -1.624990
v -0.375000 33.312500 -1.499990
v -0.723451 33.222073 -1.237471
v -0.660951 33.356007 -1.197568
v -0.723451 33.232899 -1.175915
v -0.660951 33.345184 -1.259124
v -0.535951 33.479118 -1.219221
v -0.535951 33.406738 -1.269950
v -0.410951 33.479118 -1.219221
v -0.410951 33.406738 -1.269950
v -0.285951 33.356007 -1.197568
v -0.285951 33.345184 -1.259124
v -0.223451 33.232899 -1.175915
v -0.285951 33.222073 -1.237471
v -0.285951 33.109787 -1.154262
v -0.285951 33.098965 -1.215818
v -0.410951 32.986679 -1.132609
v -0.410951 33.037407 -1.204991
v -0.535951 32.986679 -1.132609
v -0.535951 33.037407 -1.204991
v -0.660951 33.109787 -1.154262
v -0.660951 33.098965 -1.215818
v -0.660951 33.211246 -1.299026
v -0.598451 33.334358 -1.320679
v -0.535951 33.385086 -1.393060
v -0.473451 33.385086 -1.393060
v -0.348451 33.323528 -1.382233
v -0.285951 33.200420 -1.360581
v -0.348451 33.077309 -1.338927
v -0.473451 33.015755 -1.328101
v -0.535951 33.015755 -1.328101
v -0.598451 33.088139 -1.277372
v -0.598451 33.189594 -1.422136
v -0.535951 33.251148 -1.432962
v -0.473451 33.251148 -1.432962
v -0.410951 33.251148 -1.432962
v -0.410951 33.189594 -1.422136
v -0.410951 33.128036 -1.411309
v -0.473451 33.128036 -1.411309
v -0.535951 33.128036 -1.411309
v -0.660951 33.222073 -1.237471
v -0.223451 33.222073 -1.237471
v -0.660951 33.200420 -1.360581
v -0.598451 33.323528 -1.382233
v -0.410951 33.385086 -1.393060
v -0.348451 33.334358 -1.320679
v -0.285951 33.211246 -1.299026
v -0.348451 33.088139 -1.277372
v -0.410951 33.015755 -1.328101
v -0.598451 33.077309 -1.338927
v -0.535951 33.189594 -1.422136
v -0.348451 33.189594 -1.422136
v 0.252712 33.222073 -1.237471
v 0.315212 33.356007 -1.197568
v 0.252712 33.232899 -1.175915
v 0.315212 33.345184 -1.259124
v 0.440212 33.479118 -1.219221
v 0.440212 33.406738 -1.269950
v 0.565212 33.479118 -1.219221
v 0.565212 33.406738 -1.269950
v 0.690212 33.356007 -1.197568
v 0.690212 33.345184 -1.259124
v 0.752712 33.232899 -1.175915
v 0.690212 33.222073 -1.237471
v 0.690212 33.109787 -1.154262
v 0.690212 33.098965 -1.215818
v 0.565212 32.986679 -1.132609
v 0.565212 33.037407 -1.204991
v 0.440212 32.986679 -1.132609
v 0.440212 33.037407 -1.204991
v 0.315212 33.109787 -1.154262
v 0.315212 33.098965 -1.215818
v 0.315212 33.211246 -1.299026
v 0.377712 33.334358 -1.320679
v 0.440212 33.385086 -1.393060
v 0.502712 33.385086 -1.393060
v 0.627712 33.323528 -1.382233
v 0.690212 33.200420 -1.360581
v 0.627712 33.077309 -1.338928
v 0.502712 33.015755 -1.328101
v 0.440212 33.015755 -1.328101
v 0.377712 33.088139 -1.277372
v 0.377712 33.189594 -1.422136
v 0.440212 33.251148 -1.432962
v 0.502712 33.251148 -1.432962
v 0.565212 33.251148 -1.432962
v 0.565212 33.189594 -1.422136
v 0.565212 33.128036 -1.411309
v 0.502712 33.128036 -1.411309
v 0.440212 33.128036 -1.411309
v 0.315212 33.222073 -1.237471
v 0.752712 33.222073 -1.237471
v 0.315212 33.200420 -1.360581
v 0.377712 33.323528 -1.382233
v 0.565212 33.385086 -1.393060
v 0.627712 33.334358 -1.320679
v 0.690212 33.211246 -1.299026
v 0.627712 33.088139 -1.277372
v 0.565212 33.015755 -1.328101
v 0.377712 33.077309 -1.338928
v 0.440212 33.189594 -1.422136
v 0.627712 33.189594 -1.422136
vt 3.654053 3.821289
vt 3.694336 3.821777
vt 3.654053 3.809082
vt 3.694336 3.833008
vt 3.735107 3.829590
vt 3.735107 3.844238
vt 3.775635 3.830566
vt 3.775635 3.849121
vt 3.822510 3.830078
vt 3.809570 3.854004
vt 3.838623 3.841553
vt 3.825928 3.860596
vt 3.822998 3.830078
vt 3.810059 3.854004
vt 3.776123 3.830566
vt 3.776123 3.849121
vt 3.735352 3.829590
vt 3.735352 3.844238
vt 3.694824 3.821777
vt 3.694824 3.833008
vt 3.694336 3.784668
vt 3.654053 3.796387
vt 3.694336 3.796143
vt 3.735107 3.773438
vt 3.735107 3.788330
vt 3.775635 3.768799
vt 3.775635 3.787109
vt 3.809570 3.763916
vt 3.822510 3.787598
vt 3.825928 3.757324
vt 3.838623 3.776367
vt 3.828613 3.809814
vt 3.844238 3.809814
vt 3.829102 3.809814
vt 3.822998 3.787598
vt 3.810059 3.763916
vt 3.776123 3.787109
vt 3.776123 3.768799
vt 3.735352 3.788330
vt 3.735352 3.773438
vt 3.694824 3.796143
vt 3.694824 3.784668
vt 3.253906 3.951172
vt 3.280273 3.986572
vt 3.280273 3.946045
vt 3.255859 3.890381
vt 3.280273 3.887939
vt 3.246338 3.816162
vt 3.280273 3.813477
vt 3.235596 3.801758
vt 3.280273 3.805908
vt 3.229004 3.771240
vt 3.280273 3.760742
vt 3.220459 3.714111
vt 3.280273 3.708008
vt 3.280273 3.654053
vt 3.234375 3.654053
vt 3.196533 3.715820
vt 3.208740 3.654053
vt 3.173340 3.718018
vt 3.186279 3.654053
vt 3.155762 3.717773
vt 3.156006 3.654053
vt 3.138672 3.718018
vt 3.134033 3.654053
vt 3.114258 3.716797
vt 3.109619 3.654053
vt 3.094238 3.713379
vt 3.088135 3.654053
vt 3.077393 3.712158
vt 3.066162 3.654053
vt 3.060059 3.710449
vt 3.039551 3.654053
vt 3.005615 3.654053
vt 3.005615 3.707031
vt 3.057129 3.766602
vt 3.005615 3.763672
vt 3.055664 3.815918
vt 3.005615 3.810791
vt 3.054932 3.824951
vt 3.005615 3.818115
vt 3.049072 3.896729
vt 3.005615 3.892578
vt 3.044434 3.949707
vt 3.005615 3.948242
vt 3.005615 3.987305
vt 3.044678 3.988770
vt 3.063232 3.949219
vt 3.061279 3.987061
vt 3.083008 3.948730
vt 3.081055 3.965332
vt 3.104492 3.954346
vt 3.105957 3.894775
vt 3.128662 3.946045
vt 3.131836 3.892822
vt 3.148193 3.950684
vt 3.154541 3.891602
vt 3.166016 3.962158
vt 3.171875 3.892334
vt 3.187012 3.949463
vt 3.183350 3.968018
vt 3.214844 3.958740
vt 3.213867 3.975586
vt 3.242676 3.959473
vt 3.244141 3.982666
vt 3.244141 3.890869
vt 3.235107 3.816650
vt 3.221680 3.803223
vt 3.222168 3.792969
vt 3.222168 3.783203
vt 3.210205 3.762207
vt 3.182129 3.766602
vt 3.155518 3.774902
vt 3.138184 3.773926
vt 3.113770 3.773682
vt 3.089355 3.776611
vt 3.068848 3.768555
vt 3.069580 3.801025
vt 3.088623 3.806641
vt 3.113037 3.806152
vt 3.135498 3.814453
vt 3.155762 3.815430
vt 3.167969 3.803955
vt 3.196533 3.777832
vt 3.209961 3.774414
vt 3.208252 3.785645
vt 3.206055 3.798584
vt 3.203369 3.808838
vt 3.214600 3.902344
vt 3.185059 3.896729
vt 3.187256 3.811279
vt 3.189453 3.800293
vt 3.193359 3.790039
vt 3.165283 3.817871
vt 3.155762 3.833984
vt 3.134033 3.834473
vt 3.109375 3.832520
vt 3.088135 3.831787
vt 3.069580 3.829834
vt 3.066406 3.899658
vt 3.085205 3.898193
vt 3.188965 3.612549
vt 3.208496 3.612793
vt 3.193115 3.569336
vt 3.213623 3.569336
vt 3.240967 3.569580
vt 3.240967 3.611084
vt 3.280273 3.607422
vt 3.280273 3.572754
vt 3.280273 3.531982
vt 3.236328 3.531982
vt 3.219727 3.531982
vt 3.192871 3.531982
vt 3.176025 3.531982
vt 3.156250 3.569092
vt 3.153809 3.531982
vt 3.129150 3.569336
vt 3.130127 3.531982
vt 3.110107 3.568604
vt 3.108887 3.531982
vt 3.088379 3.568115
vt 3.091797 3.531982
vt 3.070068 3.568115
vt 3.077148 3.531982
vt 3.037598 3.569580
vt 3.053711 3.531982
vt 3.005615 3.531982
vt 3.005615 3.572754
vt 3.037109 3.609619
vt 3.005615 3.607422
vt 3.071045 3.610596
vt 3.090088 3.611328
vt 3.112793 3.612061
vt 3.133301 3.612061
vt 3.159424 3.614014
vt 3.970215 3.484131
vt 3.956543 3.498047
vt 3.953857 3.488525
vt 3.981689 3.480957
vt 3.997070 3.495117
vt 3.997070 3.478516
vt 3.981689 3.480957
vt 3.956543 3.498047
vt 3.970215 3.484131
vt 3.953857 3.488525
vt 3.674072 3.408203
vt 3.681641 3.413574
vt 3.656006 3.409180
vt 3.677734 3.392822
vt 3.657471 3.389648
vt 3.677246 3.379883
vt 3.647461 3.368164
vt 3.664795 3.358154
vt 3.691895 3.379150
vt 3.688232 3.360107
vt 3.718018 3.385254
vt 3.718018 3.359863
vt 3.744141 3.379150
vt 3.747803 3.360107
vt 3.758789 3.379883
vt 3.771240 3.358154
vt 3.788574 3.368164
vt 3.778320 3.389648
vt 3.758301 3.392822
vt 3.779785 3.409180
vt 3.761963 3.408203
vt 3.754395 3.413574
vt 3.744385 3.407959
vt 3.740234 3.414551
vt 3.718018 3.407227
vt 3.718018 3.413818
vt 3.691406 3.407959
vt 3.695801 3.414551
vt 3.691406 3.389648
vt 3.718018 3.389648
vt 3.744629 3.389648
vt 3.280273 3.946045
vt 3.280273 3.986572
vt 3.253906 3.951172
vt 3.280273 3.887939
vt 3.255859 3.890381
vt 3.242676 3.959473
vt 3.244141 3.982666
vt 3.214844 3.958740
vt 3.213867 3.975586
vt 3.187012 3.949463
vt 3.183350 3.968018
vt 3.166016 3.962158
vt 3.171875 3.892334
vt 3.148193 3.950684
vt 3.154541 3.891602
vt 3.128662 3.946045
vt 3.131836 3.892822
vt 3.104492 3.954346
vt 3.105957 3.894775
vt 3.083008 3.948730
vt 3.081055 3.965332
vt 3.063232 3.949219
vt 3.061279 3.987061
vt 3.044434 3.949707
vt 3.044678 3.988770
vt 3.005615 3.987305
vt 3.005615 3.948242
vt 3.005615 3.892578
vt 3.049072 3.896729
vt 3.066406 3.899658
vt 3.085205 3.898193
vt 3.185059 3.896729
vt 3.214600 3.902344
vt 3.244141 3.890869
vt 3.192871 3.531982
vt 3.192871 3.563232
vt 3.176025 3.531982
vt 3.219727 3.531982
vt 3.213379 3.563477
vt 3.236328 3.531982
vt 3.240723 3.565186
vt 3.280273 3.531982
vt 3.280273 3.572754
vt 3.240967 3.615967
vt 3.280273 3.607422
vt 3.280273 3.654053
vt 3.233643 3.654053
vt 3.208252 3.618896
vt 3.188721 3.618652
vt 3.208252 3.654053
vt 3.186279 3.654053
vt 3.159180 3.620361
vt 3.156006 3.654053
vt 3.133301 3.618408
vt 3.134033 3.654053
vt 3.112793 3.619141
vt 3.110352 3.654053
vt 3.090332 3.618408
vt 3.089111 3.654053
vt 3.071533 3.617188
vt 3.067139 3.654053
vt 3.037842 3.614014
vt 3.040283 3.654053
vt 3.005615 3.654053
vt 3.005615 3.607422
vt 3.038086 3.566162
vt 3.005615 3.572754
vt 3.005615 3.531982
vt 3.053711 3.531982
vt 3.070557 3.562744
vt 3.088867 3.562256
vt 3.110596 3.562256
vt 3.129150 3.562744
vt 3.156494 3.562744
vt 3.153809 3.531982
vt 3.130127 3.531982
vt 3.108887 3.531982
vt 3.091797 3.531982
vt 3.077148 3.531982
vt 3.280273 3.813477
vt 3.280273 3.850586
vt 3.251709 3.857422
vt 3.246338 3.816162
vt 3.240479 3.860352
vt 3.235107 3.816650
vt 3.210449 3.867676
vt 3.203369 3.808838
vt 3.186035 3.864990
vt 3.187256 3.811279
vt 3.168945 3.858398
vt 3.165283 3.817871
vt 3.155029 3.862793
vt 3.155762 3.833984
vt 3.133057 3.858887
vt 3.134033 3.834473
vt 3.107910 3.860352
vt 3.109375 3.832520
vt 3.086670 3.864990
vt 3.088135 3.831787
vt 3.068115 3.864746
vt 3.069580 3.829834
vt 3.052002 3.860840
vt 3.054932 3.824951
vt 3.005615 3.855225
vt 3.005615 3.818115
vt 3.055664 3.815918
vt 3.005615 3.810791
vt 3.057129 3.766602
vt 3.005615 3.763672
vt 3.060059 3.710449
vt 3.005615 3.707031
vt 3.077393 3.712158
vt 3.094238 3.713379
vt 3.114258 3.716797
vt 3.138672 3.718018
vt 3.155762 3.717773
vt 3.173340 3.718018
vt 3.196533 3.715820
vt 3.220459 3.714111
vt 3.280273 3.708008
vt 3.229004 3.771240
vt 3.280273 3.760742
vt 3.235596 3.801758
vt 3.280273 3.805908
vt 3.221680 3.803223
vt 3.206055 3.798584
vt 3.189453 3.800293
vt 3.167969 3.803955
vt 3.155762 3.815430
vt 3.135498 3.814453
vt 3.113037 3.806152
vt 3.088867 3.804199
vt 3.069580 3.801025
vt 3.068848 3.768555
vt 3.089355 3.776611
vt 3.113770 3.773682
vt 3.138184 3.773926
vt 3.155518 3.774902
vt 3.182129 3.766602
vt 3.196533 3.777832
vt 3.193359 3.790039
vt 3.208252 3.785645
vt 3.222168 3.792969
vt 3.222168 3.783203
vt 3.210205 3.762207
vt 3.209961 3.774414
vt 3.842041 3.645996
vt 3.882080 3.625000
vt 3.873779 3.633789
vt 3.835449 3.619873
vt 3.893311 3.599854
vt 3.871582 3.594727
vt 3.903564 3.559326
vt 3.871582 3.569824
vt 3.872559 3.520020
vt 3.862793 3.547363
vt 3.850586 3.502930
vt 3.847900 3.531006
vt 3.824463 3.493164
vt 3.820557 3.523926
vt 3.780518 3.498779
vt 3.781982 3.530273
vt 3.760254 3.510742
vt 3.749023 3.545898
vt 3.742920 3.515869
vt 3.742432 3.552979
vt 3.736572 3.521484
vt 3.735596 3.558350
vt 3.718018 3.525391
vt 3.718018 3.562744
vt 3.699463 3.521484
vt 3.700439 3.558350
vt 3.693115 3.515869
vt 3.693359 3.552979
vt 3.679688 3.510742
vt 3.687012 3.545898
vt 3.655518 3.498779
vt 3.654053 3.530273
vt 3.611572 3.493164
vt 3.615479 3.523926
vt 3.585205 3.502930
vt 3.588135 3.531006
vt 3.563232 3.520020
vt 3.573242 3.547363
vt 3.535400 3.557129
vt 3.567383 3.568359
vt 3.545410 3.599365
vt 3.570068 3.598389
vt 3.560791 3.625000
vt 3.589600 3.617676
vt 3.558594 3.643799
vt 3.588867 3.649414
vt 3.488525 3.476318
vt 3.532471 3.479492
vt 3.515137 3.492676
vt 3.498779 3.455322
vt 3.554443 3.441406
vt 3.524658 3.400635
vt 3.585205 3.408936
vt 3.580811 3.379150
vt 3.614014 3.378662
vt 3.611328 3.355957
vt 3.635254 3.362549
vt 3.639404 3.343506
vt 3.654297 3.352783
vt 3.660156 3.330566
vt 3.670166 3.344482
vt 3.675781 3.328125
vt 3.688721 3.342529
vt 3.688232 3.327881
vt 3.718262 3.335449
vt 3.718506 3.326172
vt 3.747803 3.342285
vt 3.749023 3.327637
vt 3.766602 3.343994
vt 3.761719 3.327637
vt 3.783691 3.351318
vt 3.778076 3.329590
vt 3.804199 3.360107
vt 3.800049 3.341553
vt 3.832764 3.371582
vt 3.830322 3.352783
vt 3.853027 3.406006
vt 3.859619 3.376953
vt 3.882568 3.440430
vt 3.912598 3.400391
vt 3.905029 3.478027
vt 3.939697 3.448730
vt 3.931641 3.492920
vt 3.956055 3.471924
vt 3.937500 3.496338
vt 3.947021 3.501709
vt 3.917725 3.513184
vt 3.997070 3.501709
vt 3.812500 3.641602
vt 3.811279 3.684326
vt 3.961670 3.567383
vt 3.968994 3.577393
vt 3.947754 3.573975
vt 3.997070 3.570557
vt 3.981689 3.579834
vt 3.997070 3.582275
vt 3.997070 3.533447
vt 3.956543 3.533447
vt 3.997070 3.564209
vt 3.961914 3.567383
vt 3.956543 3.533447
vt 3.948486 3.564209
vt 3.933594 3.564209
vt 3.948486 3.564209
vt 3.933594 3.564209
vt 3.518555 3.929199
vt 3.503906 3.917236
vt 3.544434 3.913574
vt 3.558350 3.931396
vt 3.583740 3.909668
vt 3.545166 3.943848
vt 3.506104 3.941650
vt 3.531738 3.960205
vt 3.499268 3.958252
vt 3.505371 3.983398
vt 3.487793 3.966309
vt 3.476318 3.995850
vt 3.454590 3.971680
vt 3.439697 3.991455
vt 3.423828 3.960938
vt 3.416992 3.991455
vt 3.404541 3.967285
vt 3.385498 3.987549
vt 3.375000 3.967041
vt 3.332275 3.946045
vt 3.364990 3.938721
vt 3.312744 3.916016
vt 3.356201 3.914062
vt 3.324707 3.885742
vt 3.312012 3.869141
vt 3.313965 3.876465
vt 3.308350 3.853027
vt 3.296387 3.876953
vt 3.296875 3.813477
vt 3.289551 3.813965
vt 3.297119 3.761230
vt 3.291260 3.760254
vt 3.298096 3.720947
vt 3.291992 3.695557
vt 3.314209 3.723145
vt 3.329834 3.688965
vt 3.327637 3.720703
vt 3.352539 3.679932
vt 3.354004 3.706055
vt 3.382568 3.672607
vt 3.379150 3.693604
vt 3.408691 3.675537
vt 3.401855 3.694092
vt 3.442383 3.671875
vt 3.415771 3.694336
vt 3.464355 3.678223
vt 3.429688 3.699707
vt 3.404053 3.714355
vt 3.408936 3.718750
vt 3.384521 3.742188
vt 3.391846 3.739746
vt 3.385254 3.765869
vt 3.395508 3.766113
vt 3.386475 3.784912
vt 3.399414 3.783447
vt 3.383789 3.800049
vt 3.400391 3.798828
vt 3.389160 3.813721
vt 3.399658 3.812988
vt 3.392578 3.832520
vt 3.400391 3.835449
vt 3.396240 3.847900
vt 3.401855 3.853027
vt 3.415283 3.874512
vt 3.422363 3.872559
vt 3.430176 3.892822
vt 3.444092 3.885498
vt 3.449951 3.906006
vt 3.469971 3.901367
vt 3.488037 3.933838
vt 3.474609 3.943115
vt 3.453125 3.947021
vt 3.413574 3.934570
vt 3.391113 3.932373
vt 3.378174 3.909668
vt 3.404785 3.916504
vt 3.429199 3.911377
vt 3.412598 3.887939
vt 3.401855 3.870361
vt 3.392578 3.853271
vt 3.385498 3.836914
vt 3.379150 3.814209
vt 3.375977 3.800781
vt 3.375488 3.785156
vt 3.376953 3.764404
vt 3.379639 3.742920
vt 3.389648 3.718018
vt 3.375977 3.714844
vt 3.355713 3.724365
vt 3.343994 3.737793
vt 3.357666 3.737305
vt 3.368896 3.740234
vt 3.364258 3.766602
vt 3.362793 3.786621
vt 3.364502 3.802002
vt 3.363770 3.814941
vt 3.367920 3.834473
vt 3.375244 3.855469
vt 3.380859 3.869873
vt 3.390137 3.886230
vt 3.368164 3.887207
vt 3.340576 3.888184
vt 3.331787 3.875488
vt 3.339111 3.857666
vt 3.349121 3.864990
vt 3.364502 3.869873
vt 3.360596 3.852783
vt 3.356689 3.840332
vt 3.353516 3.828369
vt 3.349854 3.817139
vt 3.351318 3.804443
vt 3.349365 3.790771
vt 3.351074 3.772705
vt 3.354492 3.758789
vt 3.336670 3.755615
vt 3.327393 3.741211
vt 3.322266 3.753906
vt 3.322266 3.781738
vt 3.311279 3.812988
vt 3.318359 3.843262
vt 3.333496 3.848389
vt 3.332275 3.829590
vt 3.327637 3.808350
vt 3.330811 3.787354
vt 3.331787 3.765381
vt 3.573486 3.894043
vt 3.601318 3.886963
vt 3.537354 3.906006
vt 3.513672 3.907959
vt 3.474609 3.897461
vt 3.451172 3.882080
vt 3.431152 3.869629
vt 3.409180 3.853271
vt 3.405762 3.835693
vt 3.406738 3.812500
vt 3.406738 3.798340
vt 3.405518 3.782959
vt 3.401611 3.766357
vt 3.400146 3.743896
vt 3.416504 3.722168
vt 3.438721 3.705322
vt 3.470947 3.685303
vt 3.493652 3.659424
vt 3.503418 3.669434
vt 3.511719 3.642578
vt 3.539307 3.667480
vt 3.562988 3.652832
vt 3.574951 3.694092
vt 3.596924 3.681396
vt 3.590576 3.709473
vt 3.614014 3.695068
vt 3.621826 3.720703
vt 3.546143 3.632812
vt 3.500732 3.622803
vt 3.534424 3.606689
vt 3.479248 3.607422
vt 3.483643 3.570557
vt 3.457520 3.599121
vt 3.435303 3.555420
vt 3.427979 3.597168
vt 3.432861 3.626709
vt 3.453857 3.633301
vt 3.473633 3.640625
vt 3.408447 3.652832
vt 3.382812 3.635742
vt 3.351318 3.642578
vt 3.328613 3.662354
vt 3.297119 3.666748
vt 3.333984 3.627197
vt 3.320801 3.598633
vt 3.359863 3.610352
vt 3.392822 3.598145
vt 3.402344 3.565186
vt 3.363770 3.573242
vt 3.651855 3.645020
vt 3.645752 3.674561
vt 3.615479 3.651611
vt 3.674316 3.639893
vt 3.673584 3.671387
vt 3.718018 3.629883
vt 3.719727 3.673584
vt 3.761475 3.639893
vt 3.766602 3.675293
vt 3.561035 3.498779
vt 3.587402 3.474121
vt 3.610352 3.455566
vt 3.588623 3.437744
vt 3.612305 3.407715
vt 3.623779 3.394043
vt 3.812256 3.394043
vt 3.829834 3.405518
vt 3.846924 3.436279
vt 3.871582 3.477783
vt 3.900879 3.504883
vt 3.874756 3.498779
vt 3.848633 3.474121
vt 3.825684 3.455566
vt 3.806152 3.437256
vt 3.794922 3.401855
vt 3.763428 3.423340
vt 3.757812 3.415283
vt 3.746826 3.430420
vt 3.740234 3.416016
vt 3.718018 3.416016
vt 3.718018 3.428223
vt 3.741943 3.441650
vt 3.718018 3.435791
vt 3.742676 3.464844
vt 3.718018 3.462158
vt 3.718018 3.476562
vt 3.693359 3.464844
vt 3.694580 3.480957
vt 3.695801 3.491211
vt 3.676025 3.488525
vt 3.684814 3.496826
vt 3.694092 3.502197
vt 3.718018 3.487061
vt 3.741455 3.480957
vt 3.764160 3.488525
vt 3.764404 3.456055
vt 3.762207 3.433350
vt 3.777344 3.419434
vt 3.781738 3.441650
vt 3.792969 3.428955
vt 3.787109 3.463135
vt 3.718018 3.513672
vt 3.741943 3.502197
vt 3.751221 3.496826
vt 3.740234 3.491211
vt 3.648926 3.463135
vt 3.629883 3.437256
vt 3.641113 3.401855
vt 3.658691 3.419434
vt 3.643066 3.428955
vt 3.654297 3.441650
vt 3.653320 3.552734
vt 3.678711 3.572266
vt 3.655273 3.567627
vt 3.627441 3.551270
vt 3.627930 3.566895
vt 3.598877 3.559570
vt 3.612305 3.571533
vt 3.589355 3.577637
vt 3.603027 3.575195
vt 3.598877 3.591309
vt 3.594971 3.601562
vt 3.689209 3.582520
vt 3.697021 3.586182
vt 3.718018 3.586914
vt 3.739014 3.586182
vt 3.746826 3.582520
vt 3.757080 3.572266
vt 3.782715 3.552734
vt 3.808594 3.551270
vt 3.837158 3.559570
vt 3.852783 3.577637
vt 3.837158 3.591309
vt 3.841064 3.601562
vt 3.838135 3.578125
vt 3.824951 3.570312
vt 3.808105 3.566162
vt 3.781006 3.567871
vt 3.750488 3.591309
vt 3.718018 3.596191
vt 3.757812 3.606934
vt 3.678223 3.606934
vt 3.647705 3.606201
vt 3.685303 3.591309
vt 3.653809 3.596924
vt 3.658447 3.591064
vt 3.660645 3.587158
vt 3.673584 3.684326
vt 3.720703 3.703369
vt 3.771484 3.699463
vt 3.790527 3.677490
vt 3.789551 3.689209
vt 3.745361 3.714111
vt 3.721680 3.740723
vt 3.694580 3.693115
vt 3.986572 3.403809
vt 3.983154 3.424805
vt 3.973145 3.416016
vt 3.964111 3.376953
vt 3.959717 3.398193
vt 3.919678 3.331055
vt 3.906250 3.356201
vt 3.935791 3.390381
vt 3.947998 3.425537
vt 3.964355 3.432129
vt 3.878174 3.360107
vt 3.843018 3.338867
vt 3.803223 3.325439
vt 3.772217 3.315186
vt 3.762451 3.315430
vt 3.745361 3.312256
vt 3.718750 3.312744
vt 3.692383 3.312500
vt 3.675781 3.315918
vt 3.666260 3.315918
vt 3.636230 3.326660
vt 3.597412 3.341064
vt 3.561035 3.362061
vt 3.501953 3.389404
vt 3.488037 3.425293
vt 3.469727 3.431641
vt 3.477295 3.396240
vt 3.533203 3.356201
vt 3.575195 3.330078
vt 3.625732 3.314941
vt 3.670898 3.309570
vt 3.699951 3.304932
vt 3.718750 3.302246
vt 3.737793 3.304932
vt 3.767578 3.308838
vt 3.813721 3.313965
vt 3.865234 3.326904
vt 3.870850 3.276367
vt 3.718994 3.258301
vt 3.718994 3.283691
vt 3.568604 3.277100
vt 3.520020 3.330322
vt 3.473633 3.374756
vt 3.460693 3.414062
vt 3.457275 3.396973
vt 3.452148 3.421631
vt 3.718018 3.502197
vt 3.564209 3.477783
vt 3.536865 3.505127
vt 3.516602 3.522949
vt 3.507080 3.499756
vt 3.500244 3.507568
vt 3.603271 3.729980
vt 3.604492 3.754883
vt 3.629883 3.752686
vt 3.606689 3.775146
vt 3.632324 3.771240
vt 3.586914 3.802734
vt 3.609619 3.807373
vt 3.597168 3.822021
vt 3.618408 3.832031
vt 3.598389 3.846924
vt 3.613037 3.850830
vt 3.589355 3.865967
vt 3.608887 3.867676
vt 3.576660 3.884766
vt 3.533691 3.880127
vt 3.524414 3.897705
vt 3.493652 3.885254
vt 3.464844 3.875977
vt 3.444580 3.867432
vt 3.422852 3.855225
vt 3.418457 3.832520
vt 3.423340 3.813721
vt 3.422607 3.797119
vt 3.414551 3.780518
vt 3.411865 3.762207
vt 3.417725 3.744141
vt 3.433594 3.726807
vt 3.453125 3.713867
vt 3.482422 3.696777
vt 3.510010 3.684326
vt 3.556152 3.698975
vt 3.567627 3.715576
vt 3.574707 3.736816
vt 3.569824 3.761230
vt 3.581787 3.782227
vt 3.547363 3.800293
vt 3.558105 3.818115
vt 3.559814 3.836182
vt 3.552490 3.848389
vt 3.543701 3.858154
vt 3.511230 3.864990
vt 3.482666 3.859619
vt 3.465576 3.854248
vt 3.450195 3.849854
vt 3.452637 3.837158
vt 3.454590 3.824463
vt 3.456055 3.808594
vt 3.454346 3.796875
vt 3.454102 3.785645
vt 3.450928 3.772705
vt 3.443604 3.757080
vt 3.454102 3.740723
vt 3.476807 3.731445
vt 3.502686 3.721191
vt 3.526123 3.710449
vt 3.543945 3.728760
vt 3.546143 3.742920
vt 3.548828 3.766602
vt 3.554932 3.782471
vt 3.528320 3.798584
vt 3.521240 3.818848
vt 3.520752 3.835938
vt 3.512451 3.851562
vt 3.489258 3.843018
vt 3.470703 3.835205
vt 3.474121 3.823242
vt 3.478760 3.810303
vt 3.476807 3.796143
vt 3.476807 3.784424
vt 3.472168 3.770264
vt 3.465332 3.758545
vt 3.487793 3.750488
vt 3.518311 3.744385
vt 3.520264 3.759766
vt 3.521484 3.773438
vt 3.523193 3.782715
vt 3.495117 3.782227
vt 3.491211 3.766357
vt 3.497314 3.795410
vt 3.495605 3.814209
vt 3.497803 3.829102
vt 3.628174 3.581299
vt 3.622070 3.588623
vt 3.619141 3.579102
vt 3.621582 3.576660
vt 3.630371 3.574951
vt 3.654297 3.575439
vt 3.663818 3.578125
vt 3.657715 3.581299
vt 3.817627 3.576416
vt 3.811035 3.588867
vt 3.808838 3.579834
vt 3.774414 3.587158
vt 3.781494 3.580811
vt 3.774170 3.577148
vt 3.787109 3.574707
vt 3.801758 3.574463
vt 3.811768 3.573975
vt 3.947754 3.573975
vt 3.968994 3.577393
vt 3.981689 3.579834
vt 3.784180 3.645752
vt 3.672607 3.423340
vt 3.678223 3.415283
vt 3.689209 3.430420
vt 3.695801 3.416016
vt 3.693848 3.441650
vt 3.671631 3.456055
vt 3.673828 3.433350
vt 3.624512 3.596191
vt 3.624023 3.603760
vt 3.621094 3.612305
vt 3.811523 3.596191
vt 3.812012 3.603760
vt 3.814941 3.612305
vt 3.788086 3.606201
vt 3.782715 3.597412
vt 3.775635 3.592285
vt 3.995117 3.298340
vt 3.990234 3.323730
vt 3.998535 3.298340
vt 3.987549 3.321533
vt 3.968750 3.339355
vt 3.967773 3.335938
vt 3.942139 3.339355
vt 3.943115 3.336426
vt 3.920410 3.323730
vt 3.923340 3.321533
vt 3.912354 3.298340
vt 3.915771 3.298340
vt 3.920410 3.272949
vt 3.923340 3.274902
vt 3.942139 3.257324
vt 3.943115 3.260254
vt 3.968750 3.257324
vt 3.967773 3.260498
vt 3.990234 3.272949
vt 3.987549 3.274902
vt 3.989502 3.298340
vt 3.982910 3.318359
vt 3.966064 3.330811
vt 3.944824 3.330811
vt 3.927734 3.318359
vt 3.921387 3.298340
vt 3.927734 3.278320
vt 3.944824 3.265869
vt 3.966064 3.265869
vt 3.982910 3.278320
vt 3.977295 3.298340
vt 3.973145 3.311279
vt 3.962158 3.319092
vt 3.948730 3.319092
vt 3.937744 3.311279
vt 3.933594 3.298340
vt 3.937744 3.285400
vt 3.948730 3.277344
vt 3.962158 3.277344
vt 3.973145 3.285400
vt 3.994873 3.298340
vt 3.987305 3.321533
vt 3.941895 3.339355
vt 3.942871 3.336426
vt 3.967529 3.335938
vt 3.911865 3.298340
vt 3.915527 3.298340
vt 3.923096 3.321533
vt 3.920166 3.272949
vt 3.923096 3.274902
vt 3.987305 3.274902
vt 3.989258 3.298340
vt 3.982910 3.318359
vt 3.965820 3.330811
vt 3.944580 3.330811
vt 3.927734 3.318359
vt 3.921143 3.298340
vt 3.927734 3.278320
vt 3.942871 3.260254
vt 3.944580 3.265869
vt 3.967529 3.260498
vt 3.965820 3.265869
vt 3.982910 3.278320
vt 3.977051 3.298340
vt 3.972900 3.311279
vt 3.961914 3.319092
vt 3.948486 3.319092
vt 3.937500 3.311279
vt 3.933350 3.298340
vt 3.937500 3.285400
vt 3.948486 3.277344
vt 3.961914 3.277344
vt 3.972900 3.285400
vt 3.995117 3.298340
vt 3.990234 3.323730
vt 3.998535 3.298340
vt 3.987549 3.321533
vt 3.968750 3.339355
vt 3.967773 3.335938
vt 3.942139 3.339355
vt 3.943115 3.336426
vt 3.920410 3.323730
vt 3.923340 3.321533
vt 3.912354 3.298340
vt 3.915771 3.298340
vt 3.920410 3.272949
vt 3.923340 3.274902
vt 3.942139 3.257324
vt 3.943115 3.260254
vt 3.968750 3.257324
vt 3.967773 3.260498
vt 3.990234 3.272949
vt 3.987549 3.274902
vt 3.989502 3.298340
vt 3.982910 3.318359
vt 3.966064 3.330811
vt 3.944824 3.330811
vt 3.927734 3.318359
vt 3.921387 3.298340
vt 3.927734 3.278320
vt 3.944824 3.265869
vt 3.966064 3.265869
vt 3.982910 3.278320
vt 3.977295 3.298340
vt 3.973145 3.311279
vt 3.962158 3.319092
vt 3.948730 3.319092
vt 3.937744 3.311279
vt 3.933594 3.298340
vt 3.937744 3.285400
vt 3.948730 3.277344
vt 3.962158 3.277344
vt 3.973145 3.285400
vt 3.994873 3.298340
vt 3.987305 3.321533
vt 3.941895 3.339355
vt 3.942871 3.336426
vt 3.967529 3.335938
vt 3.911865 3.298340
vt 3.915527 3.298340
vt 3.923096 3.321533
vt 3.920166 3.272949
vt 3.923096 3.274902
vt 3.987305 3.274902
vt 3.989258 3.298340
vt 3.982910 3.318359
vt 3.965820 3.330811
vt 3.944580 3.330811
vt 3.927734 3.318359
vt 3.921143 3.298340
vt 3.927734 3.278320
vt 3.942871 3.260254
vt 3.944580 3.265869
vt 3.967529 3.260498
vt 3.965820 3.265869
vt 3.982910 3.278320
vt 3.977051 3.298340
vt 3.972900 3.311279
vt 3.961914 3.319092
vt 3.948486 3.319092
vt 3.937500 3.311279
vt 3.933350 3.298340
vt 3.937500 3.285400
vt 3.948486 3.277344
vt 3.961914 3.277344
vt 3.972900 3.285400
vn 0.3920 0.7788 0.4898
vn 0.3017 0.9383 0.1692
vn -0.1865 -0.5924 0.7837
vn 0.4430 0.8860 0.1369
vn 0.4442 0.8884 0.1163
vn 0.4439 0.8878 0.1216
vn 0.4435 0.8871 0.1280
vn 0.4187 0.8978 0.1363
vn 0.5007 0.7740 -0.3875
vn 0.6473 0.7145 -0.2656
vn 0.6533 0.1485 -0.7424
vn 0.8239 -0.1529 -0.5457
vn 0.5450 -0.6552 -0.5231
vn 0.5707 -0.8198 -0.0477
vn 0.4283 -0.8934 0.1357
vn 0.4432 -0.8864 0.1337
vn 0.4434 -0.8867 0.1310
vn 0.3781 -0.9181 0.1192
vn 0.3091 -0.9392 0.1496
vn 0.1607 -0.9742 0.1583
vn -0.1865 -0.5925 0.7837
vn -0.2478 0.9552 0.1615
vn 0.0000 0.0117 0.9999
vn -0.3924 0.9070 0.1531
vn -0.4193 0.9002 0.1176
vn -0.4437 0.8873 0.1258
vn -0.4431 0.8862 0.1353
vn -0.4244 0.8950 0.1376
vn -0.5654 0.8242 -0.0311
vn -0.5894 0.6931 -0.4149
vn -0.8505 0.0114 -0.5258
vn -0.5087 0.0113 -0.8609
vn -0.0604 0.5771 -0.8145
vn 0.1528 0.0121 -0.9882
vn -0.0612 -0.5583 -0.8274
vn -0.5965 -0.6770 -0.4311
vn -0.5707 -0.8198 -0.0477
vn -0.4283 -0.8934 0.1357
vn -0.4432 -0.8864 0.1337
vn -0.4431 -0.8862 0.1350
vn -0.3633 -0.9237 0.1217
vn -0.2789 -0.9484 0.1508
vn -0.1298 -0.9794 0.1546
vn -0.0781 -0.9958 0.0476
vn -0.0785 -0.9882 -0.1314
vn -0.0899 -0.9955 -0.0294
vn 0.0513 -0.9960 0.0729
vn 0.0658 -0.9944 -0.0824
vn 0.2467 -0.9645 0.0946
vn 0.2304 -0.9710 -0.0633
vn 0.1649 -0.9569 0.2389
vn 0.0813 -0.9966 -0.0116
vn -0.2608 -0.6823 0.6830
vn -0.1041 -0.9932 0.0527
vn 0.1096 -0.7601 0.6405
vn 0.0695 -0.9965 0.0465
vn 0.1003 -0.9889 0.1096
vn 0.1474 -0.6563 0.7399
vn 0.0794 -0.0113 0.9968
vn 0.1624 -0.0189 0.9865
vn 0.1119 0.6270 0.7710
vn 0.2019 0.6368 0.7441
vn 0.1617 0.9463 0.2799
vn 0.2043 0.9440 0.2591
vn 0.1666 0.9582 -0.2324
vn 0.1871 0.9118 -0.3656
vn 0.1508 0.5426 -0.8263
vn 0.1682 0.4932 -0.8535
vn 0.0994 0.0495 -0.9938
vn 0.1507 -0.0622 -0.9866
vn 0.1634 -0.4015 -0.9012
vn 0.1471 -0.4832 -0.8631
vn 0.1407 -0.8319 -0.5368
vn 0.1067 -0.8276 -0.5511
vn -0.1399 -0.8811 -0.4517
vn 0.1394 -0.8890 -0.4362
vn 0.3444 -0.8631 -0.3693
vn 0.1028 -0.9103 -0.4011
vn -0.0838 -0.9041 -0.4190
vn -0.1928 -0.8828 -0.4284
vn -0.1468 -0.3854 -0.9110
vn -0.2158 -0.6478 -0.7306
vn -0.0839 0.2682 -0.9597
vn -0.1405 0.2285 -0.9634
vn 0.0211 0.6742 -0.7382
vn 0.0988 0.7414 -0.6638
vn 0.0447 0.9674 -0.2494
vn 0.0963 0.9902 -0.1014
vn 0.1276 0.9915 0.0234
vn 0.1106 0.9918 0.0644
vn 0.0139 0.9909 0.1340
vn 0.1168 0.9858 0.1206
vn -0.1577 0.8029 0.5749
vn -0.1275 0.9021 0.4122
vn -0.1285 0.2176 0.9675
vn 0.0311 0.2987 0.9538
vn -0.2047 -0.6505 0.7315
vn -0.3870 -0.4780 0.7885
vn 0.0596 -0.8808 0.4697
vn 0.3154 -0.7573 0.5718
vn 0.4179 -0.7399 0.5272
vn 0.3377 -0.7077 0.6206
vn -0.0522 -0.4762 0.8778
vn -0.3117 0.0089 0.9501
vn -0.1961 0.4752 0.8577
vn -0.1508 0.9042 0.3997
vn -0.1314 0.9889 -0.0691
vn -0.2045 0.6091 -0.7663
vn -0.1704 0.0758 -0.9825
vn -0.0890 -0.3986 -0.9128
vn 0.0345 -0.3828 -0.9232
vn 0.1535 0.1584 -0.9754
vn 0.0018 0.5080 -0.8614
vn -0.1505 0.9553 -0.2543
vn -0.1765 0.9369 0.3017
vn 0.1203 0.9483 0.2938
vn -0.1440 0.5248 0.8390
vn -0.0706 0.1380 0.9879
vn 0.2237 -0.1133 0.9681
vn 0.2830 -0.0021 0.9591
vn 0.4214 0.0449 0.9058
vn 0.1004 -0.0383 0.9942
vn 0.0956 0.5458 0.8324
vn 0.2938 0.6637 0.6878
vn 0.5118 0.7148 0.4765
vn 0.3203 0.6929 0.6460
vn 0.3844 0.9223 -0.0408
vn 0.1678 0.9853 0.0312
vn 0.0791 0.9946 0.0666
vn 0.1845 0.8247 -0.5346
vn 0.3157 0.1998 -0.9276
vn 0.3123 -0.6494 -0.6933
vn 0.1158 -0.5198 -0.8464
vn 0.0717 0.2209 -0.9727
vn 0.1495 0.7156 0.6823
vn 0.1082 -0.1321 0.9853
vn 0.0587 0.6822 0.7288
vn -0.0575 -0.2248 0.9727
vn -0.0036 -0.8511 0.5250
vn 0.0516 -0.8297 0.5558
vn 0.0054 -0.9928 0.1196
vn 0.0465 -0.9930 0.1088
vn -0.0292 -0.9749 0.2207
vn 0.0266 -0.9643 0.2635
vn -0.0470 -0.6475 0.7606
vn -0.0361 0.4841 0.8743
vn 0.0992 0.9315 0.3499
vn 0.1453 0.9657 0.2153
vn 0.1820 0.9736 0.1375
vn 0.1426 0.9846 -0.1013
vn 0.0686 0.9927 -0.0992
vn 0.0534 0.7261 -0.6855
vn -0.0555 0.6850 -0.7264
vn -0.0491 0.0589 -0.9971
vn -0.2529 0.1389 -0.9575
vn -0.0717 -0.3946 -0.9161
vn -0.2721 -0.3718 -0.8875
vn -0.0371 -0.8925 -0.4495
vn -0.2042 -0.9259 -0.3180
vn 0.0079 -0.9322 -0.3619
vn 0.0157 -0.5070 -0.8618
vn 0.0272 0.0219 -0.9994
vn 0.0494 0.5683 -0.8213
vn 0.1456 0.9671 -0.2087
vn 0.1557 0.9443 0.2900
vn -0.3581 -0.0023 -0.9337
vn -0.2135 -0.9591 -0.1861
vn -0.6615 -0.1409 -0.7366
vn -0.3789 -0.0040 -0.9254
vn 0.0000 -0.9606 -0.2780
vn -0.0205 -0.2206 -0.9751
vn 0.4040 -0.1554 -0.9015
vn 0.3528 -0.9265 -0.1310
vn 0.3448 0.0609 -0.9367
vn 0.7006 -0.1034 -0.7060
vn 0.6418 -0.1179 -0.7578
vn 0.7006 -0.1034 -0.7061
vn 0.5864 -0.4604 -0.6664
vn 0.3978 -0.2263 -0.8891
vn 0.4951 -0.1716 -0.8517
vn 0.4988 -0.0480 -0.8654
vn 0.5569 0.2004 -0.8060
vn 0.3592 -0.2620 -0.8957
vn 0.3499 0.2890 -0.8911
vn -0.0000 -0.1780 -0.9840
vn 0.0000 0.1602 -0.9871
vn -0.1926 -0.2682 -0.9439
vn -0.2585 0.2198 -0.9407
vn -0.5407 -0.0201 -0.8410
vn -0.5225 0.1543 -0.8386
vn -0.4878 -0.0390 -0.8721
vn -0.3578 -0.2015 -0.9118
vn -0.6892 -0.4107 -0.5970
vn -0.6616 -0.1409 -0.7365
vn -0.7922 -0.0723 -0.6059
vn -0.3582 -0.0022 -0.9336
vn -0.5752 0.3485 -0.7401
vn -0.3791 -0.0040 -0.9253
vn -0.1357 0.3262 -0.9355
vn 0.3755 0.3485 -0.8588
vn 0.4043 -0.1554 -0.9013
vn 0.4788 -0.5919 -0.6484
vn 0.0221 -0.5967 -0.8022
vn -0.5358 -0.5192 -0.6658
vn 0.0922 -0.9941 -0.0575
vn 0.0232 -0.9810 -0.1925
vn 0.0733 -0.9951 0.0658
vn 0.0407 -0.9967 -0.0703
vn 0.0537 -0.9978 0.0398
vn 0.1897 -0.8717 0.4518
vn 0.4696 -0.6976 0.5412
vn 0.1019 -0.0288 0.9944
vn 0.2062 0.1274 0.9702
vn 0.1107 0.6987 0.7068
vn 0.1794 0.9314 0.3166
vn -0.0028 0.9971 0.0762
vn -0.0498 0.9919 0.1172
vn -0.0750 0.9955 -0.0585
vn -0.0690 0.9971 -0.0329
vn -0.0629 0.9298 -0.3626
vn 0.0259 0.9981 -0.0553
vn -0.0138 0.6826 -0.7307
vn -0.0152 0.8032 -0.5955
vn 0.0585 0.3173 -0.9465
vn 0.2350 0.1697 -0.9571
vn 0.1282 -0.4389 -0.8893
vn 0.3068 -0.5390 -0.7844
vn 0.1344 -0.8788 -0.4579
vn 0.2096 -0.8015 -0.5600
vn 0.0139 -0.9179 -0.3965
vn 0.1307 -0.5384 -0.8325
vn 0.0479 0.2691 -0.9619
vn 0.0601 0.7133 0.6983
vn 0.0285 0.0100 0.9995
vn 0.0605 -0.8263 0.5600
vn 0.1735 0.3463 0.9219
vn -0.0406 0.5612 0.8267
vn -0.0945 0.9280 0.3604
vn 0.4939 -0.7630 0.4169
vn 0.0338 -0.4795 0.8769
vn 0.0834 -0.9411 0.3276
vn -0.0480 -0.8165 0.5753
vn 0.0195 -0.9765 0.2145
vn -0.0582 -0.9846 0.1649
vn -0.0504 -0.8299 0.5556
vn -0.0029 -0.9985 0.0548
vn -0.1008 -0.9888 0.1096
vn -0.1632 -0.7136 0.6813
vn -0.0960 -0.2015 0.9748
vn -0.1356 0.6710 0.7290
vn -0.1937 -0.0474 0.9799
vn -0.2294 0.6055 0.7621
vn -0.1835 0.9143 0.3612
vn -0.2220 0.9366 0.2710
vn -0.1433 0.9811 -0.1301
vn -0.1775 0.9484 -0.2629
vn -0.0630 0.6909 -0.7202
vn -0.1829 0.5984 -0.7801
vn -0.0347 0.0966 -0.9947
vn -0.1633 0.0248 -0.9863
vn -0.0090 -0.4080 -0.9130
vn -0.1330 -0.4753 -0.8697
vn -0.0118 -0.8587 -0.5123
vn -0.1612 -0.8034 -0.5731
vn 0.0182 -0.9487 -0.3157
vn 0.1590 -0.9521 -0.2613
vn 0.0788 -0.5328 -0.8425
vn 0.0579 -0.0081 -0.9983
vn -0.0327 0.6171 -0.7862
vn -0.1330 0.9675 -0.2152
vn -0.1375 0.9592 0.2470
vn -0.1951 0.9727 0.1253
vn -0.0343 0.9919 -0.1222
vn 0.1087 0.6096 -0.7852
vn 0.1720 -0.0006 -0.9851
vn 0.4039 -0.4362 -0.8041
vn -0.2823 -0.9586 -0.0362
vn -0.1304 -0.9882 -0.0800
vn -0.1720 -0.9763 0.1314
vn -0.2578 -0.9615 0.0956
vn -0.2074 -0.7507 0.6272
vn -0.3668 -0.6002 0.7107
vn -0.1533 -0.0345 0.9876
vn -0.3568 0.1531 0.9216
vn -0.2162 0.5954 0.7738
vn -0.3696 0.8043 0.4653
vn -0.2008 0.9634 0.1778
vn -0.3223 0.9465 0.0185
vn -0.1983 0.9800 -0.0157
vn -0.0876 0.9924 0.0866
vn -0.1760 0.9795 -0.0977
vn -0.1219 0.9761 -0.1800
vn -0.1670 0.7817 -0.6009
vn -0.2124 0.7508 -0.6255
vn -0.1792 0.1990 -0.9635
vn -0.3200 0.1319 -0.9382
vn -0.2232 -0.6171 -0.7546
vn -0.2573 -0.6248 -0.7372
vn -0.1391 -0.9274 -0.3473
vn -0.2895 -0.8917 -0.3479
vn -0.1042 -0.8892 -0.4455
vn 0.0144 -0.9992 -0.0384
vn 0.1475 -0.9130 -0.3804
vn 0.1167 -0.9906 0.0708
vn -0.1035 -0.8961 -0.4316
vn -0.0796 -0.9905 0.1125
vn -0.1181 -0.3891 -0.9136
vn -0.1099 -0.0777 -0.9909
vn -0.1343 0.5297 -0.8375
vn -0.1844 0.9565 -0.2259
vn -0.1673 0.9635 0.2089
vn -0.1125 0.7155 0.6895
vn -0.0760 0.1334 0.9881
vn -0.1314 -0.6726 0.7282
vn 0.2110 -0.6982 0.6841
vn -0.1154 -0.9652 0.2345
vn -0.3951 -0.8147 0.4246
vn -0.3240 -0.1347 0.9364
vn -0.4006 0.6510 0.6448
vn -0.2802 0.9135 0.2951
vn 0.0695 0.9458 0.3172
vn 0.2446 0.9625 -0.1172
vn 0.0122 0.5904 -0.8070
vn -0.1088 0.1602 -0.9811
vn -0.1503 -0.4032 -0.9027
vn 0.1125 -0.4331 -0.8943
vn 0.1562 0.0336 -0.9872
vn 0.2605 0.5384 -0.8014
vn 0.0857 0.9582 -0.2728
vn 0.1130 0.9365 0.3320
vn 0.2204 0.5430 0.8103
vn 0.0754 0.5051 0.8598
vn -0.4132 0.7943 0.4454
vn -0.2945 0.0565 0.9540
vn -0.3377 -0.7077 0.6206
vn 0.0522 -0.4762 0.8778
vn 0.3119 0.0092 0.9501
vn 0.2154 0.0236 0.9762
vn -0.6708 -0.0781 -0.7375
vn -0.7541 -0.2311 -0.6148
vn -0.7406 -0.0625 -0.6691
vn -0.7805 0.0716 -0.6210
vn -0.8290 -0.1524 -0.5381
vn -0.8819 -0.0710 -0.4660
vn -0.9118 -0.1215 -0.3923
vn -0.8209 -0.1017 -0.5619
vn -0.9327 -0.0789 -0.3520
vn -0.6960 0.1853 -0.6937
vn -0.7577 -0.2057 -0.6193
vn -0.6810 0.0793 -0.7280
vn -0.4792 -0.2953 -0.8266
vn -0.3393 0.2883 -0.8954
vn -0.0633 -0.2303 -0.9711
vn -0.0950 0.3157 -0.9441
vn -0.5006 0.0180 -0.8655
vn -0.5953 0.2935 -0.7480
vn -0.9236 0.2241 -0.3109
vn -0.9754 -0.0265 -0.2190
vn -0.9475 0.1132 -0.2992
vn -0.8161 0.2733 -0.5093
vn -0.2823 0.3345 -0.8991
vn 0.1417 0.5237 -0.8400
vn 0.8844 0.1815 -0.4300
vn 0.8351 0.2552 -0.4873
vn 0.9314 0.1943 -0.3079
vn 0.8765 0.1006 -0.4707
vn 0.6543 0.0366 -0.7553
vn 0.6147 0.1607 -0.7722
vn 0.0650 -0.1823 -0.9811
vn 0.2573 0.3341 -0.9068
vn 0.4441 -0.1491 -0.8835
vn 0.4142 0.2425 -0.8773
vn 0.7385 -0.1555 -0.6561
vn 0.5441 0.1152 -0.8311
vn 0.9065 -0.1583 -0.3915
vn 0.7142 0.2399 -0.6576
vn 0.8904 -0.1992 -0.4093
vn 0.8326 0.0627 -0.5503
vn 0.8392 -0.2503 -0.4828
vn 0.7387 -0.3312 -0.5871
vn 0.8485 -0.0812 -0.5230
vn 0.7089 -0.0046 -0.7053
vn 0.8470 0.0246 -0.5311
vn 0.6782 -0.0628 -0.7322
vn 0.8596 -0.3847 -0.3364
vn 0.9571 -0.1961 -0.2133
vn 0.7543 -0.4166 -0.5075
vn 0.9591 -0.2358 -0.1567
vn 0.9363 -0.2498 -0.2470
vn 0.9425 -0.2114 -0.2590
vn 0.8777 -0.2926 -0.3796
vn 0.8345 -0.3086 -0.4565
vn 0.7870 -0.3536 -0.5056
vn 0.7270 -0.5530 -0.4070
vn 0.8113 -0.3598 -0.4608
vn 0.7778 -0.5461 -0.3113
vn 0.7999 -0.1743 -0.5743
vn 0.8699 -0.3683 -0.3279
vn 0.7565 0.0140 -0.6538
vn 0.6997 -0.5705 -0.4301
vn 0.3632 -0.1884 -0.9125
vn 0.3463 -0.7650 -0.5430
vn 0.0396 -0.2022 -0.9785
vn 0.0197 -0.7677 -0.6405
vn -0.4054 -0.1934 -0.8934
vn -0.3980 -0.7567 -0.5187
vn -0.6696 -0.1963 -0.7163
vn -0.7080 -0.5850 -0.3957
vn -0.7202 -0.3118 -0.6197
vn -0.6790 -0.5615 -0.4730
vn -0.6855 -0.2908 -0.6675
vn -0.7361 -0.5657 -0.3717
vn -0.8489 -0.2563 -0.4622
vn -0.8550 -0.4434 -0.2690
vn -0.9267 -0.2242 -0.3015
vn -0.9026 -0.2581 -0.3445
vn -0.9298 -0.2013 -0.3083
vn -0.9539 -0.1932 -0.2295
vn -0.9557 -0.2019 -0.2142
vn -0.9624 -0.2283 -0.1473
vn -0.8980 -0.2594 -0.3554
vn -0.7805 -0.4605 -0.4228
vn -0.6108 -0.5038 -0.6108
vn -0.6070 -0.5043 -0.6142
vn -0.7815 -0.3122 -0.5402
vn -0.0000 -0.9971 0.0762
vn -0.5979 -0.1522 -0.7870
vn -0.5597 -0.3026 -0.7715
vn -0.2575 0.9535 -0.1564
vn 0.0477 0.9389 -0.3409
vn -0.0206 -0.2206 -0.9751
vn 0.4005 -0.7858 0.4713
vn -0.7910 0.4245 0.4406
vn 0.0731 0.9579 0.2777
vn 0.4977 0.8672 -0.0172
vn 0.3528 -0.9265 -0.1309
vn 0.8151 -0.5174 0.2606
vn -0.7761 0.0892 -0.6243
vn -0.8552 0.1594 -0.4932
vn -0.8300 0.0183 -0.5575
vn -0.7098 -0.2175 -0.6700
vn -0.6609 -0.2643 -0.7024
vn -0.5523 -0.4877 -0.6761
vn -0.5864 -0.5135 -0.6264
vn -0.6363 -0.5002 -0.5873
vn -0.6490 -0.4723 -0.5964
vn -0.7772 -0.5559 -0.2948
vn -0.4827 -0.7662 -0.4242
vn -0.7045 -0.7094 0.0185
vn -0.4955 -0.8655 -0.0736
vn -0.3005 -0.7507 -0.5884
vn -0.5483 -0.8051 -0.2261
vn -0.3171 -0.6823 -0.6587
vn -0.0045 -0.7254 -0.6883
vn -0.1146 -0.8910 -0.4394
vn 0.2373 -0.6961 -0.6776
vn 0.8742 -0.2737 -0.4010
vn 0.0272 -0.7303 -0.6826
vn 0.2920 -0.6913 -0.6609
vn -0.1425 -0.6703 -0.7283
vn 0.0322 -0.9768 -0.2118
vn -0.1903 -0.7073 -0.6808
vn -0.1281 -0.9267 -0.3534
vn 0.2449 -0.8091 -0.5342
vn 0.3421 -0.8575 -0.3844
vn 0.7101 -0.6271 -0.3203
vn 0.8406 -0.4808 -0.2493
vn 0.9271 -0.2797 0.2494
vn 0.9601 -0.0987 -0.2618
vn 0.9924 0.0551 0.1098
vn 0.9955 0.0691 -0.0641
vn 0.9813 0.1504 0.1205
vn 0.9674 0.2298 -0.1065
vn 0.9352 0.3493 0.0584
vn 0.9050 0.3892 -0.1717
vn 0.9371 0.3490 0.0084
vn 0.8418 0.4608 0.2810
vn 0.7905 0.4607 0.4035
vn 0.5991 0.4069 0.6896
vn 0.4209 0.5428 0.7268
vn 0.2002 0.3771 0.9043
vn 0.1986 0.4694 0.8604
vn 0.0836 0.3365 0.9380
vn 0.0885 0.4237 0.9015
vn 0.0599 0.3045 0.9506
vn 0.0521 0.4598 0.8865
vn 0.0349 0.2891 0.9567
vn 0.0177 0.5299 0.8479
vn -0.2143 0.2936 0.9316
vn -0.1581 0.5732 0.8040
vn -0.5114 0.2945 0.8073
vn -0.6026 0.4971 0.6243
vn -0.7843 0.3959 0.4776
vn -0.8855 0.4271 0.1831
vn -0.9162 0.3885 0.0979
vn -0.9460 0.3240 0.0061
vn -0.9655 0.2324 -0.1171
vn -0.9423 0.2944 -0.1591
vn -0.9043 0.1100 -0.4125
vn -0.8967 0.0284 -0.4418
vn -0.8662 -0.1232 -0.4843
vn -0.8786 -0.3785 -0.2910
vn -0.7507 -0.5879 -0.3012
vn -0.8146 -0.5799 -0.0151
vn -0.9964 -0.0812 -0.0259
vn -0.9828 0.1660 -0.0813
vn -0.9932 0.0912 0.0723
vn -0.8393 0.2053 0.5035
vn -0.5777 0.1918 0.7934
vn -0.3937 0.0885 0.9150
vn -0.1471 0.1589 0.9763
vn -0.0031 0.2399 0.9708
vn 0.0664 0.3031 0.9507
vn 0.2117 0.2038 0.9558
vn 0.5295 0.1525 0.8345
vn 0.8812 0.1537 0.4471
vn 0.8720 0.1308 0.4717
vn 0.8866 0.0449 0.4604
vn 0.9764 -0.0163 0.2151
vn 0.6043 0.0313 0.7961
vn 0.6977 0.0845 0.7114
vn 0.3618 0.0656 0.9300
vn 0.0757 0.1291 0.9887
vn -0.0284 0.1254 0.9917
vn -0.1275 0.0882 0.9879
vn -0.3398 0.0959 0.9356
vn -0.4070 0.2201 0.8865
vn -0.7785 0.1317 0.6137
vn -0.9688 0.0524 0.2422
vn -0.9291 -0.2034 0.3090
vn -0.8373 -0.4661 -0.2857
vn -0.6527 -0.5844 -0.4822
vn -0.7684 -0.2317 0.5965
vn -0.9636 -0.0833 0.2539
vn -0.8782 0.0041 0.4783
vn -0.5082 0.1733 0.8436
vn -0.1585 0.1290 0.9789
vn -0.1464 0.1134 0.9827
vn -0.0982 -0.1288 0.9868
vn -0.3362 -0.1666 0.9269
vn 0.0816 0.0349 0.9961
vn 0.1447 0.0012 0.9895
vn 0.5848 -0.2220 0.7802
vn 0.6649 -0.0005 0.7469
vn 0.7215 -0.6653 -0.1920
vn 0.2057 -0.8270 -0.5232
vn -0.1402 -0.9705 -0.1962
vn 0.0638 -0.9184 -0.3904
vn 0.0140 -0.9765 -0.2149
vn -0.1410 -0.5306 0.8358
vn -0.0499 -0.2601 0.9643
vn -0.0208 -0.6880 0.7254
vn 0.0483 -0.5363 0.8427
vn 0.2426 -0.6196 0.7465
vn -0.7516 -0.4029 -0.5223
vn -0.7683 -0.3609 -0.5287
vn -0.8877 -0.2944 -0.3539
vn -0.9167 -0.3899 -0.0875
vn -0.8993 -0.4369 -0.0195
vn -0.9197 -0.2577 0.2963
vn -0.6577 -0.1269 0.7425
vn -0.2903 -0.1128 0.9503
vn -0.0278 0.0124 0.9995
vn -0.0242 0.0033 0.9997
vn 0.2148 -0.1260 0.9685
vn 0.4632 -0.1028 0.8803
vn 0.7363 0.0020 0.6767
vn 0.9718 -0.1150 0.2060
vn 0.9745 -0.2236 0.0198
vn 0.9000 -0.3603 -0.2453
vn 0.8923 0.1629 -0.4211
vn 0.8509 -0.3889 -0.3532
vn 0.8718 0.0455 -0.4877
vn 0.8480 -0.2935 -0.4413
vn 0.7808 -0.1649 -0.6026
vn 0.6022 -0.3049 -0.7378
vn 0.4661 -0.2438 -0.8505
vn 0.2832 -0.3960 -0.8735
vn 0.7395 -0.0228 -0.6727
vn 0.6208 -0.4253 -0.6586
vn 0.5029 -0.6389 -0.5821
vn 0.8134 -0.3049 -0.4955
vn 0.5884 -0.4300 -0.6848
vn 0.8275 -0.3389 -0.4477
vn 0.9128 -0.0216 -0.4078
vn 0.7981 0.3217 -0.5095
vn 0.9930 -0.0988 0.0650
vn 0.8872 -0.3061 -0.3453
vn 0.8355 -0.4082 -0.3680
vn 0.5430 -0.7821 -0.3057
vn 0.6223 -0.7828 0.0013
vn 0.5206 -0.7482 -0.4113
vn 0.8421 -0.4936 -0.2173
vn 0.7052 -0.4196 -0.5716
vn 0.6691 -0.4799 -0.5675
vn 0.7333 -0.3770 -0.5658
vn 0.4019 -0.0811 -0.9121
vn 0.3099 -0.1725 -0.9350
vn 0.1048 -0.0934 -0.9901
vn 0.0361 0.0310 -0.9989
vn -0.0643 -0.0643 -0.9959
vn -0.2434 -0.0154 -0.9698
vn -0.1428 -0.1552 -0.9775
vn 0.9266 -0.1592 -0.3408
vn 0.8030 -0.1700 -0.5713
vn 0.5254 -0.2532 -0.8123
vn 0.8543 -0.2333 -0.4645
vn 0.7318 -0.2685 -0.6263
vn 0.6904 -0.2171 -0.6901
vn -0.6980 -0.0906 -0.7103
vn -0.6542 -0.1324 -0.7447
vn -0.8547 -0.2065 -0.4762
vn -0.9509 -0.1787 -0.2526
vn -0.9683 -0.0613 -0.2421
vn -0.9538 -0.1220 -0.2744
vn -0.7843 -0.1684 -0.5971
vn -0.4824 -0.2396 -0.8425
vn -0.5883 0.0321 -0.8080
vn -0.5388 0.0161 -0.8423
vn -0.3741 -0.4320 -0.8206
vn -0.3034 -0.6109 -0.7313
vn -0.0205 -0.2206 -0.9752
vn -0.0792 -0.2070 -0.9751
vn -0.4124 0.2276 -0.8821
vn -0.4830 0.2700 -0.8330
vn 0.0508 0.2950 -0.9541
vn 0.1165 -0.4915 -0.8630
vn 0.5510 0.2748 -0.7880
vn 0.5439 -0.3721 -0.7522
vn 0.6126 -0.7039 -0.3597
vn 0.6843 -0.1794 -0.7068
vn 0.9132 -0.0101 -0.4074
vn 0.8750 -0.3056 -0.3755
vn -0.1135 -0.9139 -0.3897
vn -0.5853 -0.5605 -0.5859
vn -0.6333 -0.1592 -0.7574
vn -0.5128 0.2561 -0.8194
vn -0.6169 0.2661 -0.7407
vn -0.6203 0.1307 -0.7734
vn -0.7103 0.1569 -0.6862
vn -0.3775 -0.1018 -0.9204
vn 0.2517 -0.0197 -0.9676
vn -0.8204 -0.3266 -0.4693
vn -0.9388 -0.0050 -0.3445
vn -0.6064 -0.7082 -0.3615
vn 0.3915 -0.0745 -0.9172
vn 0.5177 -0.0630 -0.8533
vn 0.4761 -0.0700 -0.8766
vn 0.7071 0.0000 -0.7071
vn 0.6219 0.1046 -0.7761
vn 0.1645 0.3113 -0.9360
vn 0.5810 0.1811 -0.7935
vn 0.1233 0.6717 -0.7305
vn 0.3417 0.0842 -0.9360
vn 0.1956 0.8463 -0.4955
vn 0.4738 0.3573 -0.8049
vn 0.0084 0.8913 -0.4533
vn 0.4759 -0.0410 -0.8785
vn -0.1611 -0.7338 -0.6600
vn 0.4190 -0.6308 -0.6530
vn 0.6232 -0.2535 -0.7398
vn 0.6872 -0.4738 -0.5508
vn 0.6642 -0.3585 -0.6560
vn 0.1898 0.1817 -0.9649
vn -0.5746 -0.0684 -0.8156
vn -0.7241 -0.4996 -0.4755
vn -0.7158 -0.1997 -0.6691
vn -0.1583 0.3738 -0.9139
vn -0.2725 0.2295 -0.9344
vn -0.4801 0.4196 -0.7703
vn -0.3888 -0.0455 -0.9202
vn -0.3700 -0.5990 -0.7101
vn -0.5431 -0.4636 -0.7001
vn 0.3416 -0.2586 -0.9036
vn -0.0184 0.9080 -0.4185
vn -0.3429 0.8235 -0.4519
vn -0.0959 0.6228 -0.7765
vn -0.0147 -0.8982 -0.4393
vn -0.0452 -0.4726 -0.8801
vn -0.1629 -0.7129 -0.6821
vn 0.4027 -0.3952 -0.8256
vn 0.4222 -0.4544 -0.7844
vn 0.3022 -0.8477 -0.4360
vn 0.3284 -0.8672 -0.3743
vn 0.3587 -0.8443 -0.3981
vn 0.1435 -0.6602 -0.7373
vn -0.0860 -0.1409 -0.9863
vn -0.0251 0.0527 -0.9983
vn -0.2978 -0.0775 -0.9515
vn -0.5332 -0.1882 -0.8248
vn -0.4624 -0.1046 -0.8805
vn 0.0424 -0.0069 -0.9991
vn 0.3274 0.2601 -0.9084
vn -0.1783 0.1195 -0.9767
vn -0.9105 -0.4104 0.0509
vn -0.7820 -0.6218 -0.0432
vn -0.8030 -0.5836 0.1211
vn -0.4219 -0.8980 0.1249
vn -0.7670 -0.6412 0.0230
vn -0.9334 -0.3568 -0.0388
vn -0.9681 -0.2346 0.0883
vn -0.8613 -0.4672 -0.1995
vn -0.8097 -0.5164 -0.2788
vn -0.6761 -0.7308 -0.0940
vn -0.5097 -0.8497 -0.1349
vn -0.4290 -0.8848 -0.1817
vn -0.2463 -0.9662 -0.0764
vn -0.0092 -0.9929 -0.1190
vn 0.1696 -0.9833 -0.0663
vn 0.2952 -0.9539 -0.0550
vn 0.5378 -0.8349 -0.1170
vn 0.7017 -0.7050 -0.1028
vn 0.6469 -0.7357 -0.2006
vn 0.8172 -0.5449 -0.1879
vn 0.9293 -0.3661 -0.0479
vn 0.9606 -0.2410 0.1385
vn 0.8816 -0.4538 0.1298
vn 0.7342 -0.6704 0.1071
vn 0.5242 -0.8512 0.0250
vn 0.4326 -0.8970 0.0906
vn 0.2827 -0.9571 0.0630
vn 0.1696 -0.9846 0.0425
vn 0.0000 -1.0000 0.0000
vn -0.0761 -0.9961 0.0442
vn -0.2334 -0.9676 0.0962
vn -0.4368 -0.8820 0.1770
vn -0.6060 -0.7944 -0.0404
vn -0.4382 -0.8812 0.1773
vn -0.2241 -0.9742 -0.0278
vn 0.0000 -0.9992 0.0411
vn 0.1954 -0.9702 0.1432
vn 0.6325 -0.7711 0.0734
vn 0.8155 -0.5681 0.1106
vn 0.8960 -0.4209 0.1416
vn 0.0000 -0.7770 -0.6294
vn 0.9369 -0.1664 -0.3075
vn 0.9585 -0.1036 -0.2655
vn 0.7878 -0.3583 -0.5009
vn 0.5299 -0.2176 -0.8197
vn 0.0511 -0.0495 -0.9975
vn -0.4358 0.0799 -0.8965
vn -0.1788 0.5507 -0.8153
vn 0.1460 0.4463 -0.8829
vn -0.4528 0.1957 -0.8699
vn -0.4510 0.0085 -0.8925
vn -0.6152 -0.1896 -0.7652
vn -0.8347 -0.2293 -0.5007
vn -0.8479 -0.3449 -0.4027
vn -0.9528 -0.2157 -0.2136
vn -0.9781 -0.2075 -0.0162
vn -0.9710 -0.1717 0.1664
vn -0.8405 -0.0876 0.5347
vn -0.4256 -0.0470 0.9037
vn -0.1100 -0.0575 0.9923
vn 0.0169 0.0418 0.9990
vn 0.0532 -0.0160 0.9985
vn 0.5057 0.0460 0.8615
vn 0.7627 0.0468 0.6451
vn 0.9647 0.0439 0.2596
vn 1.0000 0.0025 -0.0028
vn 0.9595 -0.1284 -0.2509
vn 0.8458 -0.3082 -0.4354
vn 0.8708 -0.0677 -0.4869
vn 0.8036 -0.0074 -0.5951
vn 0.7822 0.1166 -0.6120
vn 0.3046 0.4360 -0.8468
vn -0.2319 0.6003 -0.7654
vn -0.0599 0.8327 -0.5505
vn -0.1882 0.7458 -0.6390
vn -0.3674 0.5858 -0.7224
vn -0.5102 0.4468 -0.7349
vn -0.7227 0.3277 -0.6086
vn -0.9263 0.3108 -0.2132
vn -0.8953 0.4454 -0.0080
vn -0.8965 0.4332 0.0925
vn -0.8627 0.4174 0.2855
vn -0.4950 0.5948 0.6334
vn -0.2489 0.6374 0.7293
vn -0.0946 0.6584 0.7467
vn -0.1148 0.6529 0.7487
vn 0.3240 0.6201 0.7145
vn 0.4825 0.6049 0.6335
vn 0.5298 0.5550 0.6413
vn 0.8226 0.4947 0.2803
vn 0.9309 0.3590 -0.0669
vn 0.9077 0.3246 -0.2658
vn 0.8549 0.1793 -0.4869
vn 0.8002 0.3018 -0.5182
vn 0.7986 0.4207 -0.4304
vn 0.3781 0.7048 -0.6002
vn -0.3127 0.7610 -0.5685
vn -0.1509 0.9327 -0.3276
vn -0.1891 0.9036 -0.3844
vn -0.3760 0.8287 -0.4146
vn -0.7623 0.6063 -0.2266
vn -0.7640 0.6439 -0.0407
vn -0.7679 0.6294 0.1189
vn -0.3846 0.8616 0.3312
vn -0.0491 0.9567 0.2870
vn -0.0719 0.9643 0.2549
vn -0.1502 0.9610 0.2324
vn 0.4639 0.8239 0.3257
vn 0.6032 0.7001 0.3822
vn 0.7888 0.6143 0.0185
vn 0.8093 0.4718 -0.3499
vn 0.5991 0.6683 -0.4409
vn 0.3392 0.8925 -0.2972
vn -0.3874 0.8467 -0.3647
vn -0.1668 0.9849 -0.0466
vn 0.4861 0.8739 0.0030
vn -0.1037 0.9891 -0.1049
vn -0.0708 0.9904 -0.1190
vn -0.5408 0.8384 -0.0685
vn -0.2445 -0.9697 0.0000
vn 0.1076 -0.7920 -0.6009
vn -0.9632 0.2689 0.0000
vn -0.4139 0.9101 0.0216
vn -0.0081 0.9974 0.0722
vn 0.3009 0.9473 -0.1098
vn 0.4240 0.8480 -0.3180
vn -0.3740 -0.9103 -0.1775
vn 0.8287 -0.5597 0.0000
vn -0.0163 -0.8019 -0.5972
vn 0.0766 -0.9950 -0.0636
vn -0.2813 -0.8954 -0.3451
vn -0.5682 -0.8204 -0.0630
vn -0.6749 0.7245 -0.1402
vn -0.2524 0.9658 0.0600
vn 0.1299 0.9865 0.0999
vn 0.6277 0.7785 -0.0000
vn -0.4544 -0.1927 -0.8697
vn 0.1438 -0.6830 -0.7162
vn 0.0958 -0.8299 -0.5497
vn 0.4928 0.2469 -0.8344
vn 0.4923 0.2115 -0.8443
vn 0.6408 0.3893 -0.6617
vn 0.1712 -0.5646 -0.8074
vn 0.3898 -0.6924 -0.6071
vn 0.5311 0.0686 -0.8445
vn -0.2679 -0.5521 -0.7896
vn -0.4254 -0.5401 -0.7262
vn -0.5220 -0.0471 -0.8516
vn -0.4796 -0.1945 -0.8557
vn -0.3440 -0.8455 -0.4084
vn -0.3411 -0.7783 -0.5271
vn 0.9438 -0.0492 0.3268
vn -0.6507 0.0317 -0.7587
vn -0.3285 -0.2399 -0.9135
vn -0.8893 0.4246 0.1697
vn -0.8894 0.4246 0.1696
vn -0.6508 0.0315 -0.7586
vn -0.3851 0.6705 -0.6342
vn -0.0291 0.6091 -0.7926
vn 0.2008 0.5622 -0.8022
vn 0.3899 0.7466 -0.5391
vn 0.6916 0.6451 -0.3247
vn 0.7753 0.6316 -0.0031
vn 0.6381 0.4905 0.5934
vn 0.6381 0.4906 0.5934
vn 0.7753 0.6316 -0.0032
vn -0.9428 0.0371 0.3311
vn 0.5009 -0.6847 0.5293
vn 0.1552 -0.8432 -0.5146
vn 0.1551 -0.8433 -0.5146
vn 0.5010 -0.6848 0.5292
vn 0.3851 -0.8466 -0.3673
vn 0.2036 -0.7730 -0.6008
vn -0.2008 -0.8022 -0.5622
vn -0.3598 -0.8464 -0.3926
vn -0.6916 -0.7172 -0.0852
vn -0.6547 -0.6664 0.3567
vn -0.3285 -0.2398 -0.9136
vn -0.6547 -0.6664 0.3568
vn 0.7770 0.1091 0.6200
vn 0.7007 -0.4603 0.5451
vn -0.0291 0.6091 -0.7925
vn 0.3171 -0.7161 0.6218
vn 0.3899 0.7466 -0.5390
vn -0.9907 0.0877 0.1036
vn -0.9907 0.0876 0.1037
vn -0.7023 -0.2924 0.6491
vn -0.8571 0.0801 0.5089
vn -0.5810 0.6413 0.5012
vn 0.2036 -0.7730 -0.6009
vn -0.8930 0.3817 0.2386
vn -0.3598 -0.8464 -0.3927
vn 0.4926 0.7162 0.4944
vn 0.6417 0.5150 0.5683
vn 0.4230 0.1570 0.8924
vn 0.6263 -0.5790 -0.5220
vn -0.0003 0.2855 -0.9584
vn -0.0000 0.2858 -0.9583
vn 0.6264 0.5790 0.5220
vn 0.6264 -0.6144 0.4798
vn 0.0000 0.8944 0.4472
vn 0.6264 0.6143 -0.4798
vn -0.4052 0.1584 0.9004
vn 0.6264 -0.3661 0.6882
vn 0.1439 -0.1311 -0.9809
vn 0.1439 -0.1310 -0.9809
vn -0.1496 0.7899 -0.5947
vn 0.6263 -0.6144 -0.4798
vn -0.1495 0.4489 0.8810
vn 0.1439 0.9887 0.0408
vn -0.9515 0.0196 -0.3069
vn 0.9194 -0.0901 -0.3829
vn 0.1552 -0.8432 -0.5148
vn -0.8693 -0.0856 -0.4868
vn -0.5810 0.4318 -0.6899
vn -0.9908 0.0876 0.1036
vn 0.4138 0.5256 -0.7433
vn 0.7232 0.2174 -0.6555
vn 0.7882 -0.1771 -0.5893
vn 0.7007 -0.6187 -0.3553
vn 0.3171 -0.8853 -0.3401
vn -0.3597 -0.8464 -0.3926
vn -0.4927 -0.6141 -0.6165
vn -0.3043 -0.1650 -0.9382
vn 0.0000 0.2855 -0.9584
vn 0.6264 0.5790 0.5219
vn 0.5746 -0.1418 -0.8061
vn 0.6264 -0.3662 0.6882
vn -0.1494 0.7899 -0.5947
vn -0.8893 0.4246 0.1696
vn -0.6547 -0.6663 0.3568
usemtl mask
s 1
f 2013/2460/2006 2014/2461/2007 2015/2462/2008
f 2014/2461/2007 2013/2460/2006 2016/2463/2009
f 2016/2463/2009 2017/2464/2010 2014/2461/2007
f 2017/2464/2010 2016/2463/2009 2018/2465/2011
f 2018/2465/2011 2019/2466/2012 2017/2464/2010
f 2019/2466/2012 2018/2465/2011 2020/2467/2013
f 2020/2467/2013 2021/2468/2014 2019/2466/2012
f 2021/2468/2014 2020/2467/2013 2022/2469/2015
f 2022/2469/2015 2023/2470/2016 2021/2468/2014
f 2023/2470/2016 2022/2469/2015 2024/2471/2017
f 2024/2471/2017 2025/2472/2018 2023/2470/2016
f 2025/2472/2018 2024/2471/2017 2026/2473/2019
f 2026/2473/2019 2027/2474/2020 2025/2472/2018
f 2027/2474/2020 2026/2473/2019 2028/2475/2021
f 2028/2475/2021 2029/2476/2022 2027/2474/2020
f 2029/2476/2022 2028/2475/2021 2030/2477/2023
f 2030/2477/2023 2031/2478/2024 2029/2476/2022
f 2031/2478/2024 2030/2477/2023 2032/2479/2025
f 2032/2479/2025 2015/2462/2008 2031/2478/2024
f 2015/2462/2008 2032/2479/2025 2013/2460/2006
f 2015/2462/2026 2033/2480/2027 2034/2481/2028
f 2033/2480/2027 2015/2462/2026 2035/2482/2029
f 2035/2482/2029 2036/2483/2030 2033/2480/2027
f 2036/2483/2030 2035/2482/2029 2037/2484/2031
f 2037/2484/2031 2038/2485/2032 2036/2483/2030
f 2038/2485/2032 2037/2484/2031 2039/2486/2033
f 2039/2486/2033 2040/2487/2034 2038/2485/2032
f 2040/2487/2034 2039/2486/2033 2041/2488/2035
f 2041/2488/2035 2042/2489/2036 2040/2487/2034
f 2041/2488/2035 2043/2490/2037 2042/2489/2036
f 2043/2490/2037 2041/2488/2035 2044/2491/2038
f 2044/2491/2038 2045/2492/2039 2043/2490/2037
f 2045/2492/2039 2044/2491/2038 2021/2468/2014
f 2045/2492/2039 2021/2468/2014 2023/2470/2016
f 2045/2492/2039 2023/2470/2016 2025/2472/2018
f 2045/2492/2039 2025/2472/2018 2046/2493/2040
f 2046/2493/2040 2043/2490/2037 2045/2492/2039
f 2043/2490/2037 2046/2493/2040 2047/2494/2041
f 2047/2494/2041 2042/2489/2036 2043/2490/2037
f 2047/2494/2041 2048/2495/2042 2042/2489/2036
f 2048/2495/2042 2047/2494/2041 2049/2496/2043
f 2049/2496/2043 2050/2497/2044 2048/2495/2042
f 2050/2497/2044 2049/2496/2043 2051/2498/2045
f 2051/2498/2045 2052/2499/2046 2050/2497/2044
f 2052/2499/2046 2051/2498/2045 2053/2500/2047
f 2053/2500/2047 2054/2501/2048 2052/2499/2046
f 2054/2501/2048 2053/2500/2047 2015/2462/2026
f 2015/2462/2026 2034/2481/2028 2054/2501/2048
f 2055/2502/2049 2056/2503/2050 2057/2504/2051
f 2057/2504/2051 2058/2505/2052 2055/2502/2049
f 2058/2505/2052 2057/2504/2051 2059/2506/2053
f 2059/2506/2053 2060/2507/2054 2058/2505/2052
f 2060/2507/2054 2059/2506/2053 2061/2508/2055
f 2061/2508/2055 2062/2509/2056 2060/2507/2054
f 2062/2509/2056 2061/2508/2055 2063/2510/2057
f 2063/2510/2057 2064/2511/2058 2062/2509/2056
f 2064/2511/2058 2063/2510/2057 2065/2512/2059
f 2065/2512/2059 2066/2513/2060 2064/2511/2058
f 2066/2513/2060 2065/2512/2059 2067/2514/2061
f 2066/2513/2060 2067/2514/2061 2068/2515/2062
f 2066/2513/2060 2068/2515/2062 2069/2516/2063
f 2069/2516/2063 2070/2517/2064 2066/2513/2060
f 2070/2517/2064 2069/2516/2063 2071/2518/2065
f 2071/2518/2065 2072/2519/2066 2070/2517/2064
f 2072/2519/2066 2071/2518/2065 2073/2520/2067
f 2073/2520/2067 2074/2521/2068 2072/2519/2066
f 2074/2521/2068 2073/2520/2067 2075/2522/2069
f 2075/2522/2069 2076/2523/2070 2074/2521/2068
f 2076/2523/2070 2075/2522/2069 2077/2524/2071
f 2077/2524/2071 2078/2525/2072 2076/2523/2070
f 2078/2525/2072 2077/2524/2071 2079/2526/2073
f 2079/2526/2073 2080/2527/2074 2078/2525/2072
f 2080/2527/2074 2079/2526/2073 2081/2528/2075
f 2081/2528/2075 2082/2529/2076 2080/2527/2074
f 2082/2529/2076 2081/2528/2075 2083/2530/2077
f 2083/2530/2077 2084/2531/2078 2082/2529/2076
f 2084/2531/2078 2083/2530/2077 2085/2532/2079
f 2084/2531/2078 2085/2532/2079 2068/2533/2062
f 2084/2531/2078 2068/2533/2062 2067/2534/2061
f 2067/2534/2061 2086/2535/2080 2084/2531/2078
f 2086/2535/2080 2067/2534/2061 2065/2536/2059
f 2065/2536/2059 2087/2537/2081 2086/2535/2080
f 2087/2537/2081 2065/2536/2059 2063/2538/2057
f 2063/2538/2057 2088/2539/2082 2087/2537/2081
f 2088/2539/2082 2063/2538/2057 2061/2540/2055
f 2061/2540/2055 2089/2541/2083 2088/2539/2082
f 2089/2541/2083 2061/2540/2055 2059/2542/2053
f 2059/2542/2053 2090/2543/2084 2089/2541/2083
f 2090/2543/2084 2059/2542/2053 2057/2544/2051
f 2090/2543/2084 2057/2544/2051 2056/2545/2050
f 2090/2543/2084 2056/2545/2050 2091/2546/2085
f 2091/2546/2085 2092/2547/2086 2090/2543/2084
f 2092/2547/2086 2091/2546/2085 2093/2548/2087
f 2093/2548/2087 2094/2549/2088 2092/2547/2086
f 2094/2549/2088 2093/2548/2087 2095/2550/2089
f 2094/2549/2088 2095/2550/2089 2096/2551/2090
f 2096/2551/2090 2097/2552/2091 2094/2549/2088
f 2097/2552/2091 2096/2551/2090 2098/2553/2092
f 2098/2553/2092 2099/2554/2093 2097/2552/2091
f 2099/2554/2093 2098/2553/2092 2100/2555/2094
f 2100/2555/2094 2101/2556/2095 2099/2554/2093
f 2101/2556/2095 2100/2555/2094 2102/2557/2096
f 2102/2557/2096 2103/2558/2097 2101/2556/2095
f 2102/2557/2096 2104/2559/2098 2103/2558/2097
f 2104/2559/2098 2102/2557/2096 2105/2560/2099
f 2105/2560/2099 2106/2561/2100 2104/2559/2098
f 2106/2561/2100 2105/2560/2099 2107/2562/2101
f 2107/2562/2101 2108/2563/2102 2106/2561/2100
f 2108/2563/2102 2107/2562/2101 2109/2564/2103
f 2108/2563/2102 2109/2564/2103 2056/2503/2050
f 2108/2563/2102 2056/2503/2050 2055/2502/2049
f 2055/2502/2049 2110/2565/2104 2108/2563/2102
f 2110/2565/2104 2055/2502/2049 2058/2505/2052
f 2058/2505/2052 2111/2566/2105 2110/2565/2104
f 2111/2566/2105 2058/2505/2052 2060/2507/2054
f 2060/2507/2054 2112/2567/2106 2111/2566/2105
f 2112/2567/2106 2060/2507/2054 2062/2509/2056
f 2062/2509/2056 2113/2568/2107 2112/2567/2106
f 2062/2509/2056 2114/2569/2108 2113/2568/2107
f 2114/2569/2108 2062/2509/2056 2064/2511/2058
f 2064/2511/2058 2115/2570/2109 2114/2569/2108
f 2115/2570/2109 2064/2511/2058 2066/2513/2060
f 2115/2570/2109 2066/2513/2060 2070/2517/2064
f 2070/2517/2064 2116/2571/2110 2115/2570/2109
f 2116/2571/2110 2070/2517/2064 2072/2519/2066
f 2072/2519/2066 2117/2572/2111 2116/2571/2110
f 2117/2572/2111 2072/2519/2066 2074/2521/2068
f 2074/2521/2068 2118/2573/2112 2117/2572/2111
f 2118/2573/2112 2074/2521/2068 2076/2523/2070
f 2076/2523/2070 2119/2574/2113 2118/2573/2112
f 2119/2574/2113 2076/2523/2070 2078/2525/2072
f 2078/2525/2072 2120/2575/2114 2119/2574/2113
f 2120/2575/2114 2078/2525/2072 2080/2527/2074
f 2080/2527/2074 2121/2576/2115 2120/2575/2114
f 2121/2576/2115 2080/2527/2074 2082/2529/2076
f 2121/2576/2115 2082/2529/2076 2084/2531/2078
f 2121/2576/2115 2084/2531/2078 2086/2535/2080
f 2121/2576/2115 2086/2535/2080 2122/2577/2116
f 2122/2577/2116 2120/2575/2114 2121/2576/2115
f 2120/2575/2114 2122/2577/2116 2123/2578/2117
f 2120/2575/2114 2123/2578/2117 2124/2579/2118
f 2124/2579/2118 2119/2574/2113 2120/2575/2114
f 2119/2574/2113 2124/2579/2118 2125/2580/2119
f 2125/2580/2119 2118/2573/2112 2119/2574/2113
f 2118/2573/2112 2125/2580/2119 2126/2581/2120
f 2126/2581/2120 2117/2572/2111 2118/2573/2112
f 2117/2572/2111 2126/2581/2120 2127/2582/2121
f 2127/2582/2121 2116/2571/2110 2117/2572/2111
f 2116/2571/2110 2127/2582/2121 2128/2583/2122
f 2128/2583/2122 2115/2570/2109 2116/2571/2110
f 2115/2570/2109 2128/2583/2122 2129/2584/2123
f 2129/2584/2123 2114/2569/2108 2115/2570/2109
f 2114/2569/2108 2129/2584/2123 2130/2585/2124
f 2130/2585/2124 2113/2568/2107 2114/2569/2108
f 2113/2568/2107 2130/2585/2124 2131/2586/2125
f 2131/2586/2125 2112/2567/2106 2113/2568/2107
f 2112/2567/2106 2131/2586/2125 2132/2587/2126
f 2132/2587/2126 2111/2566/2105 2112/2567/2106
f 2111/2566/2105 2132/2587/2126 2133/2588/2127
f 2133/2588/2127 2110/2565/2104 2111/2566/2105
f 2133/2588/2127 2108/2563/2102 2110/2565/2104
f 2133/2588/2127 2106/2561/2100 2108/2563/2102
f 2106/2561/2100 2133/2588/2127 2134/2589/2128
f 2134/2589/2128 2104/2559/2098 2106/2561/2100
f 2134/2589/2128 2103/2558/2097 2104/2559/2098
f 2134/2589/2128 2135/2590/2129 2103/2558/2097
f 2135/2590/2129 2134/2589/2128 2133/2588/2127
f 2135/2590/2129 2133/2588/2127 2132/2587/2126
f 2132/2587/2126 2136/2591/2130 2135/2590/2129
f 2136/2591/2130 2132/2587/2126 2131/2586/2125
f 2131/2586/2125 2137/2592/2131 2136/2591/2130
f 2137/2592/2131 2131/2586/2125 2130/2585/2124
f 2137/2592/2131 2130/2585/2124 2129/2584/2123
f 2137/2592/2131 2129/2584/2123 2128/2583/2122
f 2137/2592/2131 2128/2583/2122 2127/2582/2121
f 2127/2582/2121 2136/2591/2130 2137/2592/2131
f 2136/2591/2130 2127/2582/2121 2138/2593/2132
f 2138/2593/2132 2135/2590/2129 2136/2591/2130
f 2138/2593/2132 2103/2558/2097 2135/2590/2129
f 2138/2593/2132 2139/2594/2133 2103/2558/2097
f 2139/2594/2133 2138/2593/2132 2127/2582/2121
f 2139/2594/2133 2127/2582/2121 2126/2581/2120
f 2126/2581/2120 2140/2595/2134 2139/2594/2133
f 2140/2595/2134 2126/2581/2120 2125/2580/2119
f 2125/2580/2119 2141/2596/2135 2140/2595/2134
f 2141/2596/2135 2125/2580/2119 2124/2579/2118
f 2124/2579/2118 2142/2597/2136 2141/2596/2135
f 2142/2597/2136 2124/2579/2118 2123/2578/2117
f 2142/2597/2136 2123/2578/2117 2122/2577/2116
f 2122/2577/2116 2143/2598/2137 2142/2597/2136
f 2122/2577/2116 2087/2537/2081 2143/2598/2137
f 2087/2537/2081 2122/2577/2116 2086/2535/2080
f 2088/2539/2082 2143/2598/2137 2087/2537/2081
f 2143/2598/2137 2088/2539/2082 2089/2541/2083
f 2089/2541/2083 2144/2599/2138 2143/2598/2137
f 2144/2599/2138 2089/2541/2083 2090/2543/2084
f 2144/2599/2138 2090/2543/2084 2092/2547/2086
f 2092/2547/2086 2145/2600/2139 2144/2599/2138
f 2145/2600/2139 2092/2547/2086 2094/2549/2088
f 2145/2600/2139 2094/2549/2088 2097/2552/2091
f 2145/2600/2139 2097/2552/2091 2142/2597/2136
f 2142/2597/2136 2144/2599/2138 2145/2600/2139
f 2144/2599/2138 2142/2597/2136 2143/2598/2137
f 2097/2552/2091 2141/2596/2135 2142/2597/2136
f 2141/2596/2135 2097/2552/2091 2099/2554/2093
f 2099/2554/2093 2140/2595/2134 2141/2596/2135
f 2140/2595/2134 2099/2554/2093 2101/2556/2095
f 2101/2556/2095 2139/2594/2133 2140/2595/2134
f 2139/2594/2133 2101/2556/2095 2103/2558/2097
f 2073/2520/2067 2146/2601/2140 2075/2522/2069
f 2146/2601/2140 2073/2520/2067 2147/2602/2141
f 2147/2602/2141 2148/2603/2142 2146/2601/2140
f 2147/2602/2141 2149/2604/2143 2148/2603/2142
f 2147/2602/2141 2150/2605/2144 2149/2604/2143
f 2147/2602/2141 2151/2606/2145 2150/2605/2144
f 2151/2606/2145 2147/2602/2141 2069/2516/2063
f 2151/2606/2145 2069/2516/2063 2068/2515/2062
f 2151/2606/2145 2068/2515/2062 2152/2607/2146
f 2151/2606/2145 2152/2607/2146 2153/2608/2147
f 2153/2608/2147 2150/2605/2144 2151/2606/2145
f 2150/2605/2144 2153/2608/2147 2154/2609/2148
f 2150/2605/2144 2154/2609/2148 2155/2610/2149
f 2150/2605/2144 2155/2610/2149 2156/2611/2150
f 2156/2611/2150 2149/2604/2143 2150/2605/2144
f 2149/2604/2143 2156/2611/2150 2157/2612/2151
f 2157/2612/2151 2148/2603/2142 2149/2604/2143
f 2148/2603/2142 2157/2612/2151 2158/2613/2152
f 2158/2613/2152 2159/2614/2153 2148/2603/2142
f 2159/2614/2153 2158/2613/2152 2160/2615/2154
f 2160/2615/2154 2161/2616/2155 2159/2614/2153
f 2161/2616/2155 2160/2615/2154 2162/2617/2156
f 2162/2617/2156 2163/2618/2157 2161/2616/2155
f 2163/2618/2157 2162/2617/2156 2164/2619/2158
f 2164/2619/2158 2165/2620/2159 2163/2618/2157
f 2165/2620/2159 2164/2619/2158 2166/2621/2160
f 2166/2621/2160 2167/2622/2161 2165/2620/2159
f 2167/2622/2161 2166/2621/2160 2168/2623/2162
f 2168/2623/2162 2169/2624/2163 2167/2622/2161
f 2169/2624/2163 2168/2623/2162 2170/2625/2164
f 2169/2624/2163 2170/2625/2164 2154/2626/2148
f 2169/2624/2163 2154/2626/2148 2153/2627/2147
f 2153/2627/2147 2171/2628/2165 2169/2624/2163
f 2171/2628/2165 2153/2627/2147 2152/2629/2146
f 2171/2628/2165 2152/2629/2146 2068/2533/2062
f 2171/2628/2165 2068/2533/2062 2085/2532/2079
f 2171/2628/2165 2085/2532/2079 2172/2630/2166
f 2172/2630/2166 2169/2624/2163 2171/2628/2165
f 2172/2630/2166 2167/2622/2161 2169/2624/2163
f 2167/2622/2161 2172/2630/2166 2173/2631/2167
f 2173/2631/2167 2165/2620/2159 2167/2622/2161
f 2165/2620/2159 2173/2631/2167 2174/2632/2168
f 2174/2632/2168 2163/2618/2157 2165/2620/2159
f 2163/2618/2157 2174/2632/2168 2175/2633/2169
f 2175/2633/2169 2161/2616/2155 2163/2618/2157
f 2161/2616/2155 2175/2633/2169 2176/2634/2170
f 2176/2634/2170 2159/2614/2153 2161/2616/2155
f 2176/2634/2170 2148/2603/2142 2159/2614/2153
f 2176/2634/2170 2146/2601/2140 2148/2603/2142
f 2176/2634/2170 2075/2522/2069 2146/2601/2140
f 2075/2522/2069 2176/2634/2170 2175/2633/2169
f 2175/2633/2169 2077/2524/2071 2075/2522/2069
f 2077/2524/2071 2175/2633/2169 2174/2632/2168
f 2174/2632/2168 2079/2526/2073 2077/2524/2071
f 2079/2526/2073 2174/2632/2168 2173/2631/2167
f 2173/2631/2167 2081/2528/2075 2079/2526/2073
f 2081/2528/2075 2173/2631/2167 2172/2630/2166
f 2172/2630/2166 2083/2530/2077 2081/2528/2075
f 2083/2530/2077 2172/2630/2166 2085/2532/2079
f 2147/2602/2141 2073/2520/2067 2071/2518/2065
f 2071/2518/2065 2069/2516/2063 2147/2602/2141
f 2177/2635/2171 2178/2636/2172 2179/2637/2173
f 2178/2636/2172 2177/2635/2171 2180/2638/2174
f 2180/2638/2174 2181/2639/2175 2178/2636/2172
f 2181/2639/2175 2180/2638/2174 2182/2640/2176
f 2181/2639/2175 2182/2640/2176 2183/2641/2177
f 2183/2641/2177 2184/2642/2178 2181/2639/2175
f 2184/2642/2178 2183/2641/2177 2185/2643/2179
f 2185/2643/2179 2186/2644/2180 2184/2642/2178
f 2187/2645/2181 2185/2646/2179 2186/2647/2182
f 2186/2647/2182 2188/2648/2183 2187/2645/2181
f 2188/2648/2183 2186/2647/2182 2189/2649/2184
f 2189/2649/2184 2190/2650/2185 2188/2648/2183
f 2190/2650/2185 2189/2649/2184 2191/2651/2186
f 2190/2650/2185 2191/2651/2186 2192/2652/2187
f 2192/2652/2187 2193/2653/2188 2190/2650/2185
f 2193/2653/2188 2192/2652/2187 2194/2654/2189
f 2194/2654/2189 2195/2655/2190 2193/2653/2188
f 2195/2655/2190 2194/2654/2189 2196/2656/2191
f 2196/2656/2191 2197/2657/2192 2195/2655/2190
f 2197/2657/2192 2196/2656/2191 2198/2658/2193
f 2198/2658/2193 2199/2659/2194 2197/2657/2192
f 2199/2659/2194 2198/2658/2193 2200/2660/2195
f 2199/2659/2194 2200/2660/2195 2201/2661/2196
f 2199/2659/2194 2201/2661/2196 2202/2662/2197
f 2202/2662/2197 2203/2663/2198 2199/2659/2194
f 2203/2663/2198 2202/2662/2197 2179/2664/2199
f 2179/2664/2199 2204/2665/2200 2203/2663/2198
f 2204/2665/2200 2179/2664/2199 2177/2666/2201
f 2177/2666/2201 2205/2667/2202 2204/2665/2200
f 2205/2667/2202 2177/2666/2201 2180/2668/2203
f 2180/2668/2203 2206/2669/2204 2205/2667/2202
f 2206/2669/2204 2180/2668/2203 2182/2670/2176
f 2182/2670/2176 2207/2671/2205 2206/2669/2204
f 2207/2671/2205 2182/2670/2176 2183/2672/2206
f 2207/2671/2205 2183/2672/2206 2185/2646/2179
f 2207/2671/2205 2185/2646/2179 2187/2645/2181
f 2187/2645/2181 2208/2673/2207 2207/2671/2205
f 2208/2673/2207 2187/2645/2181 2188/2648/2183
f 2208/2673/2207 2188/2648/2183 2190/2650/2185
f 2208/2673/2207 2190/2650/2185 2193/2653/2188
f 2208/2673/2207 2193/2653/2188 2209/2674/2208
f 2209/2674/2208 2207/2671/2205 2208/2673/2207
f 2209/2674/2208 2206/2669/2204 2207/2671/2205
f 2206/2669/2204 2209/2674/2208 2210/2675/2209
f 2210/2675/2209 2205/2667/2202 2206/2669/2204
f 2210/2675/2209 2204/2665/2200 2205/2667/2202
f 2210/2675/2209 2203/2663/2198 2204/2665/2200
f 2210/2675/2209 2199/2659/2194 2203/2663/2198
f 2210/2675/2209 2197/2657/2192 2199/2659/2194
f 2197/2657/2192 2210/2675/2209 2209/2674/2208
f 2209/2674/2208 2195/2655/2190 2197/2657/2192
f 2195/2655/2190 2209/2674/2208 2193/2653/2188
f 2211/2676/2210 2212/2677/2211 2213/2678/2212
f 2213/2678/2212 2214/2679/2213 2211/2676/2210
f 2213/2678/2212 2215/2680/2214 2214/2679/2213
f 2213/2678/2212 2216/2681/2215 2215/2680/2214
f 2216/2681/2215 2213/2678/2212 2212/2677/2211
f 2216/2681/2215 2212/2677/2211 2217/2682/2216
f 2217/2682/2216 2218/2683/2217 2216/2681/2215
f 2218/2683/2217 2217/2682/2216 2219/2684/2218
f 2219/2684/2218 2220/2685/2219 2218/2683/2217
f 2220/2685/2219 2219/2684/2218 2221/2686/2220
f 2220/2685/2219 2221/2686/2220 2222/2687/2221
f 2222/2687/2221 2223/2688/2222 2220/2685/2219
f 2223/2688/2222 2222/2687/2221 2224/2689/2223
f 2224/2689/2223 2225/2690/2224 2223/2688/2222
f 2225/2690/2224 2224/2689/2223 2226/2691/2225
f 2226/2691/2225 2227/2692/2226 2225/2690/2224
f 2227/2692/2226 2226/2691/2225 2228/2693/2227
f 2228/2693/2227 2229/2694/2228 2227/2692/2226
f 2228/2693/2227 2230/2695/2229 2229/2694/2228
f 2230/2695/2229 2228/2693/2227 2231/2696/2230
f 2231/2696/2230 2232/2697/2231 2230/2695/2229
f 2232/2697/2231 2231/2696/2230 2233/2698/2232
f 2233/2698/2232 2234/2699/2233 2232/2697/2231
f 2234/2699/2233 2233/2698/2232 2235/2700/2234
f 2234/2699/2233 2235/2700/2234 2212/2701/2211
f 2234/2699/2233 2212/2701/2211 2211/2702/2210
f 2234/2699/2233 2211/2702/2210 2214/2703/2213
f 2234/2699/2233 2214/2703/2213 2236/2704/2235
f 2236/2704/2235 2232/2697/2231 2234/2699/2233
f 2232/2697/2231 2236/2704/2235 2237/2705/2236
f 2237/2705/2236 2230/2695/2229 2232/2697/2231
f 2230/2695/2229 2237/2705/2236 2238/2706/2237
f 2238/2706/2237 2229/2694/2228 2230/2695/2229
f 2239/2707/2238 2220/2685/2219 2223/2688/2222
f 2220/2685/2219 2239/2707/2238 2240/2708/2239
f 2240/2708/2239 2218/2683/2217 2220/2685/2219
f 2218/2683/2217 2240/2708/2239 2241/2709/2240
f 2241/2709/2240 2216/2681/2215 2218/2683/2217
f 2216/2681/2215 2241/2709/2240 2215/2680/2214
f 2242/2710/2241 2243/2711/2242 2244/2712/2243
f 2243/2711/2242 2242/2710/2241 2245/2713/2244
f 2245/2713/2244 2246/2714/2245 2243/2711/2242
f 2246/2714/2245 2245/2713/2244 2247/2715/2246
f 2247/2715/2246 2248/2716/2247 2246/2714/2245
f 2248/2716/2247 2247/2715/2246 2249/2717/2248
f 2248/2716/2247 2249/2717/2248 2250/2718/2249
f 2250/2718/2249 2251/2719/2250 2248/2716/2247
f 2251/2719/2250 2250/2718/2249 2252/2720/2251
f 2251/2719/2250 2252/2720/2251 2253/2721/2252
f 2251/2719/2250 2253/2721/2252 2254/2722/2253
f 2251/2719/2250 2254/2722/2253 2255/2723/2254
f 2255/2723/2254 2248/2716/2247 2251/2719/2250
f 2255/2723/2254 2246/2714/2245 2248/2716/2247
f 2255/2723/2254 2243/2711/2242 2246/2714/2245
f 2255/2723/2254 2256/2724/2255 2243/2711/2242
f 2255/2723/2254 2257/2725/2256 2256/2724/2255
f 2257/2725/2256 2255/2723/2254 2254/2722/2253
f 2256/2724/2255 2257/2725/2256 2258/2726/2257
f 2258/2726/2257 2259/2727/2258 2256/2724/2255
f 2259/2727/2258 2258/2726/2257 2260/2728/2259
f 2260/2728/2259 2261/2729/2260 2259/2727/2258
f 2261/2729/2260 2260/2728/2259 2262/2730/2261
f 2262/2730/2261 2263/2731/2262 2261/2729/2260
f 2263/2731/2262 2262/2730/2261 2264/2732/2263
f 2264/2732/2263 2265/2733/2264 2263/2731/2262
f 2265/2733/2264 2264/2732/2263 2266/2734/2265
f 2266/2734/2265 2267/2735/2266 2265/2733/2264
f 2267/2735/2266 2266/2734/2265 2268/2736/2267
f 2268/2736/2267 2269/2737/2268 2267/2735/2266
f 2269/2737/2268 2268/2736/2267 2270/2738/2269
f 2269/2737/2268 2270/2738/2269 2253/2739/2252
f 2269/2737/2268 2253/2739/2252 2252/2740/2251
f 2252/2740/2251 2271/2741/2270 2269/2737/2268
f 2271/2741/2270 2252/2740/2251 2250/2742/2249
f 2271/2741/2270 2250/2742/2249 2249/2743/2248
f 2271/2741/2270 2249/2743/2248 2272/2744/2271
f 2271/2741/2270 2272/2744/2271 2273/2745/2272
f 2273/2745/2272 2269/2737/2268 2271/2741/2270
f 2273/2745/2272 2267/2735/2266 2269/2737/2268
f 2267/2735/2266 2273/2745/2272 2274/2746/2273
f 2274/2746/2273 2265/2733/2264 2267/2735/2266
f 2265/2733/2264 2274/2746/2273 2275/2747/2274
f 2275/2747/2274 2263/2731/2262 2265/2733/2264
f 2263/2731/2262 2275/2747/2274 2276/2748/2275
f 2276/2748/2275 2261/2729/2260 2263/2731/2262
f 2261/2729/2260 2276/2748/2275 2277/2749/2276
f 2277/2749/2276 2259/2727/2258 2261/2729/2260
f 2277/2749/2276 2256/2724/2255 2259/2727/2258
f 2277/2749/2276 2243/2711/2242 2256/2724/2255
f 2277/2749/2276 2244/2712/2243 2243/2711/2242
f 2277/2749/2276 2278/2750/2277 2244/2712/2243
f 2278/2750/2277 2277/2749/2276 2276/2748/2275
f 2276/2748/2275 2279/2751/2278 2278/2750/2277
f 2279/2751/2278 2276/2748/2275 2275/2747/2274
f 2275/2747/2274 2280/2752/2279 2279/2751/2278
f 2280/2752/2279 2275/2747/2274 2274/2746/2273
f 2274/2746/2273 2281/2753/2280 2280/2752/2279
f 2281/2753/2280 2274/2746/2273 2273/2745/2272
f 2273/2745/2272 2282/2754/2281 2281/2753/2280
f 2282/2754/2281 2273/2745/2272 2272/2744/2271
f 2283/2755/2282 2284/2756/2283 2285/2757/2284
f 2285/2757/2284 2286/2758/2285 2283/2755/2282
f 2286/2758/2285 2285/2757/2284 2287/2759/2286
f 2287/2759/2286 2288/2760/2287 2286/2758/2285
f 2288/2760/2287 2287/2759/2286 2289/2761/2288
f 2289/2761/2288 2290/2762/2289 2288/2760/2287
f 2290/2762/2289 2289/2761/2288 2291/2763/2290
f 2291/2763/2290 2292/2764/2291 2290/2762/2289
f 2292/2764/2291 2291/2763/2290 2293/2765/2292
f 2293/2765/2292 2294/2766/2293 2292/2764/2291
f 2294/2766/2293 2293/2765/2292 2295/2767/2294
f 2295/2767/2294 2296/2768/2295 2294/2766/2293
f 2296/2768/2295 2295/2767/2294 2297/2769/2296
f 2297/2769/2296 2298/2770/2297 2296/2768/2295
f 2298/2770/2297 2297/2769/2296 2299/2771/2298
f 2299/2771/2298 2300/2772/2299 2298/2770/2297
f 2300/2772/2299 2299/2771/2298 2301/2773/2300
f 2301/2773/2300 2302/2774/2301 2300/2772/2299
f 2302/2774/2301 2301/2773/2300 2303/2775/2302
f 2303/2775/2302 2304/2776/2303 2302/2774/2301
f 2304/2776/2303 2303/2775/2302 2305/2777/2304
f 2305/2777/2304 2306/2778/2305 2304/2776/2303
f 2306/2778/2305 2305/2777/2304 2284/2779/2283
f 2306/2778/2305 2284/2779/2283 2283/2780/2282
f 2283/2780/2282 2307/2781/2306 2306/2778/2305
f 2307/2781/2306 2283/2780/2282 2308/2782/2307
f 2308/2782/2307 2309/2783/2308 2307/2781/2306
f 2309/2783/2308 2308/2782/2307 2310/2784/2309
f 2310/2784/2309 2311/2785/2310 2309/2783/2308
f 2311/2785/2310 2310/2784/2309 2312/2786/2311
f 2311/2785/2310 2312/2786/2311 2253/2739/2252
f 2311/2785/2310 2253/2739/2252 2270/2738/2269
f 2270/2738/2269 2313/2787/2312 2311/2785/2310
f 2313/2787/2312 2270/2738/2269 2268/2736/2267
f 2268/2736/2267 2314/2788/2313 2313/2787/2312
f 2314/2788/2313 2268/2736/2267 2266/2734/2265
f 2266/2734/2265 2315/2789/2314 2314/2788/2313
f 2315/2789/2314 2266/2734/2265 2264/2732/2263
f 2264/2732/2263 2316/2790/2315 2315/2789/2314
f 2316/2790/2315 2264/2732/2263 2262/2730/2261
f 2262/2730/2261 2317/2791/2316 2316/2790/2315
f 2317/2791/2316 2262/2730/2261 2260/2728/2259
f 2260/2728/2259 2318/2792/2317 2317/2791/2316
f 2318/2792/2317 2260/2728/2259 2258/2726/2257
f 2258/2726/2257 2319/2793/2318 2318/2792/2317
f 2319/2793/2318 2258/2726/2257 2257/2725/2256
f 2257/2725/2256 2320/2794/2319 2319/2793/2318
f 2320/2794/2319 2257/2725/2256 2254/2722/2253
f 2320/2794/2319 2254/2722/2253 2253/2721/2252
f 2320/2794/2319 2253/2721/2252 2312/2795/2311
f 2312/2795/2311 2321/2796/2320 2320/2794/2319
f 2321/2796/2320 2312/2795/2311 2310/2797/2309
f 2310/2797/2309 2322/2798/2321 2321/2796/2320
f 2322/2798/2321 2310/2797/2309 2308/2799/2307
f 2322/2798/2321 2308/2799/2307 2283/2755/2282
f 2322/2798/2321 2283/2755/2282 2286/2758/2285
f 2286/2758/2285 2323/2800/2322 2322/2798/2321
f 2323/2800/2322 2286/2758/2285 2288/2760/2287
f 2288/2760/2287 2324/2801/2323 2323/2800/2322
f 2324/2801/2323 2288/2760/2287 2290/2762/2289
f 2290/2762/2289 2325/2802/2324 2324/2801/2323
f 2325/2802/2324 2290/2762/2289 2292/2764/2291
f 2292/2764/2291 2326/2803/2325 2325/2802/2324
f 2326/2803/2325 2292/2764/2291 2294/2766/2293
f 2294/2766/2293 2327/2804/2326 2326/2803/2325
f 2327/2804/2326 2294/2766/2293 2296/2768/2295
f 2296/2768/2295 2328/2805/2327 2327/2804/2326
f 2328/2805/2327 2296/2768/2295 2298/2770/2297
f 2298/2770/2297 2329/2806/2328 2328/2805/2327
f 2329/2806/2328 2298/2770/2297 2300/2772/2299
f 2329/2806/2328 2300/2772/2299 2302/2774/2301
f 2302/2774/2301 2330/2807/2329 2329/2806/2328
f 2302/2774/2301 2331/2808/2330 2330/2807/2329
f 2331/2808/2330 2302/2774/2301 2304/2776/2303
f 2331/2808/2330 2304/2776/2303 2306/2778/2305
f 2331/2808/2330 2306/2778/2305 2307/2781/2306
f 2307/2781/2306 2332/2809/2331 2331/2808/2330
f 2332/2809/2331 2307/2781/2306 2309/2783/2308
f 2332/2809/2331 2309/2783/2308 2311/2785/2310
f 2332/2809/2331 2311/2785/2310 2313/2787/2312
f 2332/2809/2331 2313/2787/2312 2333/2810/2332
f 2333/2810/2332 2331/2808/2330 2332/2809/2331
f 2333/2810/2332 2330/2807/2329 2331/2808/2330
f 2333/2810/2332 2329/2806/2328 2330/2807/2329
f 2329/2806/2328 2333/2810/2332 2334/2811/2333
f 2334/2811/2333 2328/2805/2327 2329/2806/2328
f 2334/2811/2333 2335/2812/2334 2328/2805/2327
f 2334/2811/2333 2315/2789/2314 2335/2812/2334
f 2315/2789/2314 2334/2811/2333 2333/2810/2332
f 2333/2810/2332 2314/2788/2313 2315/2789/2314
f 2314/2788/2313 2333/2810/2332 2313/2787/2312
f 2316/2790/2315 2335/2812/2334 2315/2789/2314
f 2335/2812/2334 2316/2790/2315 2336/2813/2335
f 2336/2813/2335 2328/2805/2327 2335/2812/2334
f 2336/2813/2335 2327/2804/2326 2328/2805/2327
f 2327/2804/2326 2336/2813/2335 2337/2814/2336
f 2337/2814/2336 2326/2803/2325 2327/2804/2326
f 2326/2803/2325 2337/2814/2336 2338/2815/2337
f 2326/2803/2325 2338/2815/2337 2339/2816/2338
f 2339/2816/2338 2325/2802/2324 2326/2803/2325
f 2325/2802/2324 2339/2816/2338 2340/2817/2339
f 2340/2817/2339 2324/2801/2323 2325/2802/2324
f 2324/2801/2323 2340/2817/2339 2341/2818/2340
f 2341/2818/2340 2323/2800/2322 2324/2801/2323
f 2341/2818/2340 2322/2798/2321 2323/2800/2322
f 2322/2798/2321 2341/2818/2340 2342/2819/2341
f 2342/2819/2341 2321/2796/2320 2322/2798/2321
f 2321/2796/2320 2342/2819/2341 2343/2820/2342
f 2343/2820/2342 2320/2794/2319 2321/2796/2320
f 2343/2820/2342 2319/2793/2318 2320/2794/2319
f 2319/2793/2318 2343/2820/2342 2337/2814/2336
f 2337/2814/2336 2318/2792/2317 2319/2793/2318
f 2318/2792/2317 2337/2814/2336 2336/2813/2335
f 2336/2813/2335 2317/2791/2316 2318/2792/2317
f 2317/2791/2316 2336/2813/2335 2316/2790/2315
f 2338/2815/2337 2337/2814/2336 2343/2820/2342
f 2343/2820/2342 2344/2821/2343 2338/2815/2337
f 2344/2821/2343 2343/2820/2342 2342/2819/2341
f 2344/2821/2343 2342/2819/2341 2340/2817/2339
f 2340/2817/2339 2338/2815/2337 2344/2821/2343
f 2338/2815/2337 2340/2817/2339 2339/2816/2338
f 2341/2818/2340 2340/2817/2339 2342/2819/2341
f 2345/2822/2344 2346/2823/2345 2347/2824/2346
f 2346/2823/2345 2345/2822/2344 2348/2825/2347
f 2348/2825/2347 2349/2826/2348 2346/2823/2345
f 2349/2826/2348 2348/2825/2347 2350/2827/2349
f 2350/2827/2349 2351/2828/2350 2349/2826/2348
f 2351/2828/2350 2350/2827/2349 2352/2829/2351
f 2352/2829/2351 2353/2830/2352 2351/2828/2350
f 2353/2830/2352 2352/2829/2351 2354/2831/2353
f 2354/2831/2353 2355/2832/2354 2353/2830/2352
f 2355/2832/2354 2354/2831/2353 2356/2833/2355
f 2356/2833/2355 2357/2834/2356 2355/2832/2354
f 2357/2834/2356 2356/2833/2355 2358/2835/2357
f 2358/2835/2357 2359/2836/2358 2357/2834/2356
f 2359/2836/2358 2358/2835/2357 2360/2837/2359
f 2360/2837/2359 2361/2838/2360 2359/2836/2358
f 2361/2838/2360 2360/2837/2359 2362/2839/2361
f 2362/2839/2361 2363/2840/2362 2361/2838/2360
f 2363/2840/2362 2362/2839/2361 2364/2841/2363
f 2364/2841/2363 2365/2842/2364 2363/2840/2362
f 2365/2842/2364 2364/2841/2363 2366/2843/2365
f 2366/2843/2365 2367/2844/2366 2365/2842/2364
f 2367/2844/2366 2366/2843/2365 2368/2845/2367
f 2368/2845/2367 2369/2846/2368 2367/2844/2366
f 2369/2846/2368 2368/2845/2367 2370/2847/2369
f 2370/2847/2369 2371/2848/2370 2369/2846/2368
f 2371/2848/2370 2370/2847/2369 2372/2849/2371
f 2372/2849/2371 2373/2850/2372 2371/2848/2370
f 2373/2850/2372 2372/2849/2371 2374/2851/2373
f 2374/2851/2373 2375/2852/2374 2373/2850/2372
f 2375/2852/2374 2374/2851/2373 2376/2853/2375
f 2376/2853/2375 2377/2854/2376 2375/2852/2374
f 2377/2854/2376 2376/2853/2375 2378/2855/2377
f 2378/2855/2377 2379/2856/2378 2377/2854/2376
f 2379/2856/2378 2378/2855/2377 2380/2857/2379
f 2380/2857/2379 2381/2858/2380 2379/2856/2378
f 2381/2858/2380 2380/2857/2379 2382/2859/2381
f 2382/2859/2381 2383/2860/2382 2381/2858/2380
f 2383/2860/2382 2382/2859/2381 2384/2861/2383
f 2384/2861/2383 2385/2862/2384 2383/2860/2382
f 2385/2862/2384 2384/2861/2383 2386/2863/2385
f 2386/2863/2385 2387/2864/2386 2385/2862/2384
f 2387/2864/2386 2386/2863/2385 2388/2865/2387
f 2388/2865/2387 2389/2866/2388 2387/2864/2386
f 2389/2866/2388 2388/2865/2387 2390/2867/2389
f 2391/2868/2390 2392/2869/2391 2393/2870/2392
f 2392/2869/2391 2391/2868/2390 2394/2871/2393
f 2394/2871/2393 2395/2872/2394 2392/2869/2391
f 2395/2872/2394 2394/2871/2393 2396/2873/2395
f 2396/2873/2395 2397/2874/2396 2395/2872/2394
f 2397/2874/2396 2396/2873/2395 2398/2875/2397
f 2398/2875/2397 2399/2876/2398 2397/2874/2396
f 2399/2876/2398 2398/2875/2397 2400/2877/2399
f 2400/2877/2399 2401/2878/2400 2399/2876/2398
f 2401/2878/2400 2400/2877/2399 2402/2879/2401
f 2402/2879/2401 2403/2880/2402 2401/2878/2400
f 2403/2880/2402 2402/2879/2401 2404/2881/2403
f 2404/2881/2403 2405/2882/2404 2403/2880/2402
f 2405/2882/2404 2404/2881/2403 2406/2883/2405
f 2406/2883/2405 2407/2884/2406 2405/2882/2404
f 2407/2884/2406 2406/2883/2405 2408/2885/2407
f 2408/2885/2407 2409/2886/2408 2407/2884/2406
f 2409/2886/2408 2408/2885/2407 2410/2887/2409
f 2410/2887/2409 2411/2888/2410 2409/2886/2408
f 2411/2888/2410 2410/2887/2409 2412/2889/2411
f 2412/2889/2411 2413/2890/2412 2411/2888/2410
f 2413/2890/2412 2412/2889/2411 2414/2891/2413
f 2414/2891/2413 2415/2892/2414 2413/2890/2412
f 2415/2892/2414 2414/2891/2413 2416/2893/2415
f 2416/2893/2415 2417/2894/2416 2415/2892/2414
f 2417/2894/2416 2416/2893/2415 2418/2895/2417
f 2418/2895/2417 2419/2896/2418 2417/2894/2416
f 2419/2896/2418 2418/2895/2417 2420/2897/2419
f 2420/2897/2419 2421/2898/2420 2419/2896/2418
f 2421/2898/2420 2420/2897/2419 2422/2899/2421
f 2422/2899/2421 2423/2900/2422 2421/2898/2420
f 2423/2900/2422 2422/2899/2421 2424/2901/2423
f 2424/2901/2423 2425/2902/2424 2423/2900/2422
f 2425/2902/2424 2424/2901/2423 2426/2903/2425
f 2426/2903/2425 2427/2904/2426 2425/2902/2424
f 2427/2904/2426 2426/2903/2425 2428/2905/2427
f 2428/2905/2427 2429/2906/2428 2427/2904/2426
f 2429/2906/2428 2428/2905/2427 2430/2907/2429
f 2429/2906/2428 2430/2907/2429 2431/2908/2430
f 2431/2908/2430 2427/2904/2426 2429/2906/2428
f 2181/2639/2175 2432/2909/2431 2178/2636/2172
f 2433/2910/2432 2345/2822/2344 2434/2911/2433
f 2435/2912/2434 2177/2913/2171 2179/2914/2173
f 2177/2913/2171 2435/2912/2434 2436/2915/2435
f 2436/2915/2435 2180/2916/2203 2177/2913/2171
f 2180/2916/2203 2436/2915/2435 2182/2917/2436
f 2184/2642/2178 2432/2909/2431 2181/2639/2175
f 2432/2909/2431 2184/2642/2178 2437/2918/2437
f 2437/2918/2437 2178/2636/2172 2432/2909/2431
f 2437/2918/2437 2438/2919/2438 2178/2636/2172
f 2438/2919/2438 2437/2918/2437 2439/2920/2439
f 2439/2920/2439 2435/2912/2434 2438/2919/2438
f 2439/2920/2439 2436/2915/2435 2435/2912/2434
f 2439/2920/2439 2440/2921/2440 2436/2915/2435
f 2440/2921/2440 2439/2920/2439 2437/2918/2437
f 2437/2918/2437 2184/2642/2441 2440/2921/2440
f 2184/2642/2178 2441/2922/2442 2437/2918/2437
f 2441/2922/2442 2186/2923/2180 2440/2921/2440
f 2186/2923/2180 2441/2922/2442 2184/2924/2178
f 2438/2919/2438 2435/2912/2434 2179/2925/2173
f 2179/2925/2173 2178/2926/2172 2438/2919/2438
f 2442/2927/2443 2443/2928/2444 2444/2929/2445
f 2444/2929/2445 2347/2930/2346 2442/2927/2443
f 2347/2930/2346 2444/2929/2445 2345/2931/2344
f 2442/2927/2443 2347/2930/2346 2346/2932/2345
f 2346/2932/2345 2445/2933/2446 2442/2927/2443
f 2445/2933/2446 2346/2932/2345 2349/2934/2348
f 2349/2934/2348 2446/2935/2447 2445/2933/2446
f 2446/2935/2447 2349/2934/2348 2351/2936/2350
f 2351/2936/2350 2447/2937/2448 2446/2935/2447
f 2447/2937/2448 2351/2936/2350 2431/2938/2430
f 2431/2938/2430 2448/2939/2449 2447/2937/2448
f 2448/2939/2449 2431/2938/2430 2430/2940/2429
f 2430/2940/2429 2449/2941/2450 2448/2939/2449
f 2449/2941/2450 2430/2940/2429 2428/2942/2427
f 2428/2942/2427 2450/2943/2451 2449/2941/2450
f 2450/2943/2451 2428/2942/2427 2451/2944/2452
f 2451/2944/2452 2452/2945/2453 2450/2943/2451
f 2452/2945/2453 2451/2944/2452 2453/2946/2454
f 2453/2946/2454 2454/2947/2455 2452/2945/2453
f 2454/2947/2455 2453/2946/2454 2455/2948/2456
f 2455/2948/2456 2456/2949/2457 2454/2947/2455
f 2455/2948/2456 2457/2950/2458 2456/2949/2457
f 2457/2950/2458 2455/2948/2456 2458/2951/2459
f 2458/2951/2459 2459/2952/2460 2457/2950/2458
f 2458/2951/2459 2460/2953/2461 2459/2952/2460
f 2460/2953/2461 2458/2951/2459 2455/2948/2456
f 2460/2953/2461 2455/2948/2456 2461/2954/2462
f 2461/2954/2462 2462/2955/2463 2460/2953/2461
f 2462/2955/2463 2461/2954/2462 2463/2956/2464
f 2463/2956/2464 2464/2957/2465 2462/2955/2463
f 2464/2957/2465 2463/2956/2464 2465/2958/2466
f 2465/2958/2466 2466/2959/2467 2464/2957/2465
f 2466/2959/2467 2465/2958/2466 2467/2960/2468
f 2467/2960/2468 2468/2961/2469 2466/2959/2467
f 2468/2961/2469 2467/2960/2468 2469/2962/2470
f 2469/2962/2470 2470/2963/2471 2468/2961/2469
f 2470/2963/2471 2469/2962/2470 2471/2964/2472
f 2471/2964/2472 2472/2965/2473 2470/2963/2471
f 2472/2965/2473 2471/2964/2472 2473/2966/2474
f 2473/2966/2474 2474/2967/2475 2472/2965/2473
f 2474/2967/2475 2473/2966/2474 2475/2968/2476
f 2475/2968/2476 2476/2969/2477 2474/2967/2475
f 2476/2969/2477 2475/2968/2476 2477/2970/2478
f 2477/2970/2478 2478/2971/2479 2476/2969/2477
f 2478/2971/2479 2477/2970/2478 2479/2972/2480
f 2478/2971/2479 2479/2972/2480 2480/2973/2481
f 2480/2973/2481 2481/2974/2482 2478/2971/2479
f 2481/2974/2482 2480/2973/2481 2482/2975/2483
f 2482/2975/2483 2483/2976/2484 2481/2974/2482
f 2483/2976/2484 2482/2975/2483 2484/2977/2485
f 2484/2977/2485 2485/2978/2486 2483/2976/2484
f 2485/2978/2486 2484/2977/2485 2486/2979/2487
f 2486/2979/2487 2487/2980/2488 2485/2978/2486
f 2487/2980/2488 2486/2979/2487 2488/2981/2489
f 2488/2981/2489 2489/2982/2490 2487/2980/2488
f 2489/2982/2490 2488/2981/2489 2490/2983/2491
f 2490/2983/2491 2491/2984/2492 2489/2982/2490
f 2491/2984/2492 2490/2983/2491 2492/2985/2493
f 2492/2985/2493 2493/2986/2494 2491/2984/2492
f 2493/2986/2494 2492/2985/2493 2494/2987/2495
f 2494/2987/2495 2495/2988/2496 2493/2986/2494
f 2495/2988/2496 2494/2987/2495 2496/2989/2497
f 2496/2989/2497 2497/2990/2498 2495/2988/2496
f 2497/2990/2498 2496/2989/2497 2498/2991/2499
f 2498/2991/2499 2499/2992/2500 2497/2990/2498
f 2499/2992/2500 2498/2991/2499 2500/2993/2501
f 2500/2993/2501 2501/2994/2502 2499/2992/2500
f 2501/2994/2502 2500/2993/2501 2502/2995/2503
f 2502/2995/2503 2503/2996/2504 2501/2994/2502
f 2503/2996/2504 2502/2995/2503 2443/2928/2444
f 2503/2996/2504 2443/2928/2444 2442/2927/2443
f 2503/2996/2504 2442/2927/2443 2445/2933/2446
f 2445/2933/2446 2504/2997/2505 2503/2996/2504
f 2504/2997/2505 2445/2933/2446 2446/2935/2447
f 2446/2935/2447 2505/2998/2506 2504/2997/2505
f 2505/2998/2506 2446/2935/2447 2447/2937/2448
f 2505/2998/2506 2447/2937/2448 2448/2939/2449
f 2448/2939/2449 2506/2999/2507 2505/2998/2506
f 2506/2999/2507 2448/2939/2449 2449/2941/2450
f 2449/2941/2450 2507/3000/2508 2506/2999/2507
f 2507/3000/2508 2449/2941/2450 2450/2943/2451
f 2507/3000/2508 2450/2943/2451 2452/2945/2453
f 2507/3000/2508 2452/2945/2453 2454/2947/2455
f 2507/3000/2508 2454/2947/2455 2456/2949/2457
f 2507/3000/2508 2456/2949/2457 2508/3001/2509
f 2508/3001/2509 2506/2999/2507 2507/3000/2508
f 2506/2999/2507 2508/3001/2509 2509/3002/2510
f 2509/3002/2510 2505/2998/2506 2506/2999/2507
f 2505/2998/2506 2509/3002/2510 2510/3003/2511
f 2510/3003/2511 2504/2997/2505 2505/2998/2506
f 2510/3003/2511 2503/2996/2504 2504/2997/2505
f 2510/3003/2511 2501/2994/2502 2503/2996/2504
f 2501/2994/2502 2510/3003/2511 2511/3004/2512
f 2511/3004/2512 2499/2992/2500 2501/2994/2502
f 2499/2992/2500 2511/3004/2512 2512/3005/2513
f 2512/3005/2513 2497/2990/2498 2499/2992/2500
f 2497/2990/2498 2512/3005/2513 2513/3006/2514
f 2513/3006/2514 2495/2988/2496 2497/2990/2498
f 2495/2988/2496 2513/3006/2514 2514/3007/2515
f 2514/3007/2515 2493/2986/2494 2495/2988/2496
f 2493/2986/2494 2514/3007/2515 2515/3008/2516
f 2515/3008/2516 2491/2984/2492 2493/2986/2494
f 2491/2984/2492 2515/3008/2516 2516/3009/2517
f 2516/3009/2517 2489/2982/2490 2491/2984/2492
f 2489/2982/2490 2516/3009/2517 2517/3010/2518
f 2517/3010/2518 2487/2980/2488 2489/2982/2490
f 2487/2980/2488 2517/3010/2518 2518/3011/2519
f 2518/3011/2519 2485/2978/2486 2487/2980/2488
f 2485/2978/2486 2518/3011/2519 2519/3012/2520
f 2519/3012/2520 2483/2976/2484 2485/2978/2486
f 2483/2976/2484 2519/3012/2520 2520/3013/2521
f 2520/3013/2521 2481/2974/2482 2483/2976/2484
f 2520/3013/2521 2478/2971/2479 2481/2974/2482
f 2520/3013/2521 2476/2969/2477 2478/2971/2479
f 2476/2969/2477 2520/3013/2521 2521/3014/2522
f 2521/3014/2522 2474/2967/2475 2476/2969/2477
f 2474/2967/2475 2521/3014/2522 2522/3015/2523
f 2522/3015/2523 2472/2965/2473 2474/2967/2475
f 2522/3015/2523 2470/2963/2471 2472/2965/2473
f 2522/3015/2523 2523/3016/2524 2470/2963/2471
f 2522/3015/2523 2524/3017/2525 2523/3016/2524
f 2524/3017/2525 2522/3015/2523 2521/3014/2522
f 2521/3014/2522 2525/3018/2526 2524/3017/2525
f 2525/3018/2526 2521/3014/2522 2520/3013/2521
f 2525/3018/2526 2520/3013/2521 2519/3012/2520
f 2519/3012/2520 2526/3019/2527 2525/3018/2526
f 2526/3019/2527 2519/3012/2520 2518/3011/2519
f 2518/3011/2519 2527/3020/2528 2526/3019/2527
f 2527/3020/2528 2518/3011/2519 2517/3010/2518
f 2517/3010/2518 2528/3021/2529 2527/3020/2528
f 2528/3021/2529 2517/3010/2518 2516/3009/2517
f 2516/3009/2517 2529/3022/2530 2528/3021/2529
f 2529/3022/2530 2516/3009/2517 2515/3008/2516
f 2515/3008/2516 2530/3023/2531 2529/3022/2530
f 2530/3023/2531 2515/3008/2516 2514/3007/2515
f 2514/3007/2515 2531/3024/2532 2530/3023/2531
f 2531/3024/2532 2514/3007/2515 2513/3006/2514
f 2513/3006/2514 2532/3025/2533 2531/3024/2532
f 2532/3025/2533 2513/3006/2514 2512/3005/2513
f 2512/3005/2513 2533/3026/2534 2532/3025/2533
f 2533/3026/2534 2512/3005/2513 2511/3004/2512
f 2533/3026/2534 2511/3004/2512 2510/3003/2511
f 2533/3026/2534 2510/3003/2511 2509/3002/2510
f 2509/3002/2510 2534/3027/2535 2533/3026/2534
f 2534/3027/2535 2509/3002/2510 2508/3001/2509
f 2508/3001/2509 2535/3028/2536 2534/3027/2535
f 2535/3028/2536 2508/3001/2509 2456/2949/2457
f 2535/3028/2536 2456/2949/2457 2457/2950/2458
f 2457/2950/2458 2536/3029/2537 2535/3028/2536
f 2536/3029/2537 2457/2950/2458 2459/2952/2460
f 2536/3029/2537 2459/2952/2460 2537/3030/2538
f 2537/3030/2538 2535/3028/2536 2536/3029/2537
f 2535/3028/2536 2537/3030/2538 2538/3031/2539
f 2538/3031/2539 2534/3027/2535 2535/3028/2536
f 2534/3027/2535 2538/3031/2539 2539/3032/2540
f 2539/3032/2540 2533/3026/2534 2534/3027/2535
f 2539/3032/2540 2532/3025/2533 2533/3026/2534
f 2539/3032/2540 2540/3033/2541 2532/3025/2533
f 2540/3033/2541 2539/3032/2540 2538/3031/2539
f 2540/3033/2541 2538/3031/2539 2537/3030/2538
f 2540/3033/2541 2537/3030/2538 2541/3034/2542
f 2540/3033/2541 2541/3034/2542 2531/3024/2532
f 2531/3024/2532 2532/3025/2533 2540/3033/2541
f 2541/3034/2542 2530/3023/2531 2531/3024/2532
f 2530/3023/2531 2541/3034/2542 2542/3035/2543
f 2542/3035/2543 2529/3022/2530 2530/3023/2531
f 2529/3022/2530 2542/3035/2543 2543/3036/2544
f 2543/3036/2544 2528/3021/2529 2529/3022/2530
f 2528/3021/2529 2543/3036/2544 2544/3037/2545
f 2544/3037/2545 2527/3020/2528 2528/3021/2529
f 2527/3020/2528 2544/3037/2545 2545/3038/2546
f 2545/3038/2546 2526/3019/2527 2527/3020/2528
f 2526/3019/2527 2545/3038/2546 2546/3039/2547
f 2526/3019/2527 2546/3039/2547 2547/3040/2548
f 2547/3040/2548 2525/3018/2526 2526/3019/2527
f 2547/3040/2548 2524/3017/2525 2525/3018/2526
f 2524/3017/2525 2547/3040/2548 2548/3041/2549
f 2548/3041/2549 2523/3016/2524 2524/3017/2525
f 2523/3016/2524 2548/3041/2549 2549/3042/2550
f 2549/3042/2550 2470/2963/2471 2523/3016/2524
f 2470/2963/2471 2549/3042/2550 2550/3043/2551
f 2550/3043/2551 2468/2961/2469 2470/2963/2471
f 2550/3043/2551 2466/2959/2467 2468/2961/2469
f 2466/2959/2467 2550/3043/2551 2551/3044/2552
f 2551/3044/2552 2464/2957/2465 2466/2959/2467
f 2464/2957/2465 2551/3044/2552 2552/3045/2553
f 2552/3045/2553 2462/2955/2463 2464/2957/2465
f 2462/2955/2463 2552/3045/2553 2553/3046/2554
f 2553/3046/2554 2460/2953/2461 2462/2955/2463
f 2553/3046/2554 2459/2952/2460 2460/2953/2461
f 2459/2952/2460 2553/3046/2554 2554/3047/2555
f 2554/3047/2555 2537/3030/2538 2459/2952/2460
f 2554/3047/2555 2541/3034/2542 2537/3030/2538
f 2554/3047/2555 2542/3035/2543 2541/3034/2542
f 2554/3047/2555 2555/3048/2556 2542/3035/2543
f 2555/3048/2556 2554/3047/2555 2553/3046/2554
f 2553/3046/2554 2556/3049/2557 2555/3048/2556
f 2556/3049/2557 2553/3046/2554 2552/3045/2553
f 2552/3045/2553 2557/3050/2558 2556/3049/2557
f 2557/3050/2558 2552/3045/2553 2551/3044/2552
f 2551/3044/2552 2558/3051/2559 2557/3050/2558
f 2558/3051/2559 2551/3044/2552 2550/3043/2551
f 2558/3051/2559 2550/3043/2551 2549/3042/2550
f 2558/3051/2559 2549/3042/2550 2548/3041/2549
f 2558/3051/2559 2548/3041/2549 2547/3040/2548
f 2558/3051/2559 2547/3040/2548 2546/3039/2547
f 2546/3039/2547 2557/3050/2558 2558/3051/2559
f 2557/3050/2558 2546/3039/2547 2545/3038/2546
f 2545/3038/2546 2556/3049/2557 2557/3050/2558
f 2556/3049/2557 2545/3038/2546 2544/3037/2545
f 2544/3037/2545 2555/3048/2556 2556/3049/2557
f 2555/3048/2556 2544/3037/2545 2543/3036/2544
f 2543/3036/2544 2542/3035/2543 2555/3048/2556
f 2345/2931/2344 2559/3052/2560 2434/3053/2433
f 2559/3052/2560 2345/2931/2344 2444/2929/2445
f 2444/2929/2445 2560/3054/2561 2559/3052/2560
f 2560/3054/2561 2444/2929/2445 2443/2928/2444
f 2443/2928/2444 2561/3055/2562 2560/3054/2561
f 2561/3055/2562 2443/2928/2444 2502/2995/2503
f 2502/2995/2503 2562/3056/2563 2561/3055/2562
f 2562/3056/2563 2502/2995/2503 2500/2993/2501
f 2500/2993/2501 2563/3057/2564 2562/3056/2563
f 2563/3057/2564 2500/2993/2501 2498/2991/2499
f 2498/2991/2499 2564/3058/2565 2563/3057/2564
f 2564/3058/2565 2498/2991/2499 2496/2989/2497
f 2496/2989/2497 2565/3059/2566 2564/3058/2565
f 2565/3059/2566 2496/2989/2497 2494/2987/2495
f 2494/2987/2495 2566/3060/2567 2565/3059/2566
f 2566/3060/2567 2494/2987/2495 2492/2985/2493
f 2492/2985/2493 2567/3061/2568 2566/3060/2567
f 2567/3061/2568 2492/2985/2493 2490/2983/2491
f 2490/2983/2491 2568/3062/2569 2567/3061/2568
f 2568/3062/2569 2490/2983/2491 2488/2981/2489
f 2488/2981/2489 2569/3063/2570 2568/3062/2569
f 2569/3063/2570 2488/2981/2489 2486/2979/2487
f 2486/2979/2487 2570/3064/2571 2569/3063/2570
f 2570/3064/2571 2486/2979/2487 2484/2977/2485
f 2484/2977/2485 2571/3065/2572 2570/3064/2571
f 2571/3065/2572 2484/2977/2485 2482/2975/2483
f 2482/2975/2483 2572/3066/2573 2571/3065/2572
f 2572/3066/2573 2482/2975/2483 2480/2973/2481
f 2480/2973/2481 2573/3067/2574 2572/3066/2573
f 2573/3067/2574 2480/2973/2481 2479/2972/2480
f 2479/2972/2480 2574/3068/2575 2573/3067/2574
f 2574/3068/2575 2479/2972/2480 2575/3069/2576
f 2575/3069/2576 2576/3070/2577 2574/3068/2575
f 2576/3070/2577 2575/3069/2576 2577/3071/2578
f 2577/3071/2578 2578/3072/2579 2576/3070/2577
f 2578/3072/2579 2577/3071/2578 2389/3073/2388
f 2389/3073/2388 2579/3074/2580 2578/3072/2579
f 2579/3074/2580 2389/3073/2388 2390/3075/2389
f 2390/3075/2389 2580/3076/2581 2579/3074/2580
f 2580/3076/2581 2390/3075/2389 2581/3077/2582
f 2581/3077/2582 2582/3078/2583 2580/3076/2581
f 2577/3071/2578 2387/3079/2386 2389/3073/2388
f 2387/3079/2386 2577/3071/2578 2583/3080/2584
f 2583/3080/2584 2385/3081/2384 2387/3079/2386
f 2385/3081/2384 2583/3080/2584 2584/3082/2585
f 2584/3082/2585 2383/3083/2382 2385/3081/2384
f 2383/3083/2382 2584/3082/2585 2585/3084/2586
f 2585/3084/2586 2586/3085/2587 2383/3083/2382
f 2585/3084/2586 2587/3086/2588 2586/3085/2587
f 2585/3084/2586 2588/3087/2589 2587/3086/2588
f 2588/3087/2589 2585/3084/2586 2584/3082/2585
f 2584/3082/2585 2589/3088/2590 2588/3087/2589
f 2589/3088/2590 2584/3082/2585 2583/3080/2584
f 2583/3080/2584 2590/3089/2591 2589/3088/2590
f 2590/3089/2591 2583/3080/2584 2577/3071/2578
f 2590/3089/2591 2577/3071/2578 2575/3069/2576
f 2590/3089/2591 2575/3069/2576 2479/2972/2480
f 2590/3089/2591 2479/2972/2480 2477/2970/2478
f 2477/2970/2478 2589/3088/2590 2590/3089/2591
f 2589/3088/2590 2477/2970/2478 2475/2968/2476
f 2475/2968/2476 2588/3087/2589 2589/3088/2590
f 2588/3087/2589 2475/2968/2476 2591/3090/2592
f 2591/3090/2592 2592/3091/2593 2588/3087/2589
f 2592/3091/2593 2591/3090/2592 2475/2968/2476
f 2592/3091/2593 2475/2968/2476 2473/2966/2474
f 2473/2966/2474 2593/3092/2594 2592/3091/2593
f 2593/3092/2594 2473/2966/2474 2471/2964/2472
f 2471/2964/2472 2594/3093/2595 2593/3092/2594
f 2594/3093/2595 2471/2964/2472 2469/2962/2470
f 2594/3093/2595 2469/2962/2470 2467/2960/2468
f 2594/3093/2595 2467/2960/2468 2595/3094/2596
f 2595/3094/2596 2596/3095/2597 2594/3093/2595
f 2596/3095/2597 2595/3094/2596 2597/3096/2598
f 2596/3095/2597 2597/3096/2598 2598/3097/2599
f 2598/3097/2599 2594/3093/2595 2596/3095/2597
f 2598/3097/2599 2593/3092/2594 2594/3093/2595
f 2593/3092/2594 2598/3097/2599 2599/3098/2600
f 2599/3098/2600 2592/3091/2593 2593/3092/2594
f 2599/3098/2600 2588/3087/2589 2592/3091/2593
f 2599/3098/2600 2587/3086/2588 2588/3087/2589
f 2599/3098/2600 2586/3085/2587 2587/3086/2588
f 2599/3098/2600 2600/3099/2601 2586/3085/2587
f 2600/3099/2601 2599/3098/2600 2598/3097/2599
f 2598/3097/2599 2391/3100/2390 2600/3099/2601
f 2391/3100/2390 2598/3097/2599 2597/3096/2598
f 2601/3101/2602 2582/3102/2583 2581/3103/2582
f 2582/3102/2583 2601/3101/2602 2602/3104/2603
f 2602/3104/2603 2603/3105/2604 2582/3102/2583
f 2603/3105/2604 2602/3104/2603 2604/3106/2605
f 2604/3106/2605 2605/3107/2606 2603/3105/2604
f 2605/3107/2606 2604/3106/2605 2606/3108/2607
f 2606/3108/2607 2607/3109/2608 2605/3107/2606
f 2381/2858/2380 2383/2860/2382 2608/3110/2609
f 2608/3110/2609 2379/2856/2378 2381/2858/2380
f 2379/2856/2378 2608/3110/2609 2609/3111/2610
f 2609/3111/2610 2377/2854/2376 2379/2856/2378
f 2609/3111/2610 2610/3112/2611 2377/2854/2376
f 2610/3112/2611 2609/3111/2610 2611/3113/2612
f 2611/3113/2612 2612/3114/2613 2610/3112/2611
f 2612/3114/2613 2611/3113/2612 2397/2874/2396
f 2612/3114/2613 2397/2874/2396 2399/2876/2398
f 2399/2876/2398 2613/3115/2614 2612/3114/2613
f 2613/3115/2614 2399/2876/2398 2401/2878/2400
f 2401/2878/2400 2191/2651/2186 2613/3115/2614
f 2191/2651/2186 2401/2878/2400 2403/2880/2402
f 2403/2880/2402 2192/2652/2187 2191/2651/2186
f 2192/2652/2187 2403/2880/2402 2405/2882/2404
f 2405/2882/2404 2194/2654/2189 2192/2652/2187
f 2194/2654/2189 2405/2882/2404 2407/2884/2406
f 2407/2884/2406 2196/2656/2191 2194/2654/2189
f 2196/2656/2191 2407/2884/2406 2409/2886/2408
f 2409/2886/2408 2198/2658/2193 2196/2656/2191
f 2198/2658/2193 2409/2886/2408 2411/2888/2410
f 2411/2888/2410 2200/2660/2195 2198/2658/2193
f 2200/2660/2195 2411/2888/2410 2413/2890/2412
f 2413/2890/2412 2201/2661/2196 2200/2660/2195
f 2201/2661/2196 2413/2890/2412 2415/2892/2414
f 2415/2892/2414 2614/3116/2615 2201/2661/2196
f 2614/3116/2615 2415/2892/2414 2417/2894/2416
f 2417/2894/2416 2615/3117/2616 2614/3116/2615
f 2615/3117/2616 2417/2894/2416 2419/2896/2418
f 2419/2896/2418 2616/3118/2617 2615/3117/2616
f 2616/3118/2617 2419/2896/2418 2421/2898/2420
f 2421/2898/2420 2617/3119/2618 2616/3118/2617
f 2617/3119/2618 2421/2898/2420 2423/2900/2422
f 2423/2900/2422 2618/3120/2619 2617/3119/2618
f 2618/3120/2619 2423/2900/2422 2425/2902/2424
f 2618/3120/2619 2425/2902/2424 2427/2904/2426
f 2618/3120/2619 2427/2904/2426 2431/2908/2430
f 2618/3120/2619 2431/2908/2430 2351/2828/2350
f 2351/2828/2350 2617/3119/2618 2618/3120/2619
f 2617/3119/2618 2351/2828/2350 2619/3121/2620
f 2619/3121/2620 2616/3118/2617 2617/3119/2618
f 2619/3121/2620 2620/3122/2621 2616/3118/2617
f 2619/3121/2620 2353/2830/2352 2620/3122/2621
f 2353/2830/2352 2619/3121/2620 2351/2828/2350
f 2355/2832/2354 2620/3122/2621 2353/2830/2352
f 2620/3122/2621 2355/2832/2354 2621/3123/2622
f 2621/3123/2622 2616/3118/2617 2620/3122/2621
f 2621/3123/2622 2615/3117/2616 2616/3118/2617
f 2615/3117/2616 2621/3123/2622 2622/3124/2623
f 2622/3124/2623 2614/3116/2615 2615/3117/2616
f 2614/3116/2615 2622/3124/2623 2623/3125/2624
f 2623/3125/2624 2201/2661/2196 2614/3116/2615
f 2623/3125/2624 2202/2662/2197 2201/2661/2196
f 2623/3125/2624 2179/2664/2199 2202/2662/2197
f 2624/3126/2625 2177/3127/2201 2179/2664/2199
f 2177/3127/2201 2624/3126/2625 2625/3128/2626
f 2625/3128/2626 2180/3129/2203 2177/3127/2201
f 2625/3128/2626 2182/3130/2627 2180/3129/2203
f 2625/3128/2626 2626/3131/2628 2182/3130/2627
f 2626/3131/2628 2625/3128/2626 2627/3132/2629
f 2626/3133/2628 2627/3132/2629 2628/3134/2630
f 2628/3134/2630 2629/3135/2631 2626/3133/2628
f 2629/3135/2631 2628/3134/2630 2630/3136/2632
f 2630/3136/2632 2631/3137/2633 2629/3135/2631
f 2630/3136/2632 2632/3138/2634 2631/3137/2633
f 2632/3138/2634 2630/3136/2632 2633/3139/2635
f 2633/3139/2635 2634/3140/2636 2632/3138/2634
f 2634/3140/2636 2633/3139/2635 2635/3141/2637
f 2635/3141/2637 2373/2850/2372 2634/3140/2636
f 2635/3141/2637 2371/2848/2370 2373/2850/2372
f 2635/3141/2637 2636/3142/2638 2371/2848/2370
f 2636/3142/2638 2635/3141/2637 2633/3139/2635
f 2633/3139/2635 2637/3143/2639 2636/3142/2638
f 2637/3143/2639 2633/3139/2635 2630/3136/2632
f 2630/3136/2632 2638/3144/2640 2637/3143/2639
f 2638/3144/2640 2630/3136/2632 2628/3134/2630
f 2628/3134/2630 2639/3145/2641 2638/3144/2640
f 2628/3134/2630 2640/3146/2642 2639/3145/2641
f 2640/3146/2642 2628/3134/2630 2627/3132/2629
f 2627/3132/2629 2641/3147/2643 2640/3146/2642
f 2641/3147/2643 2627/3132/2629 2625/3128/2626
f 2641/3147/2643 2625/3128/2626 2624/3126/2625
f 2641/3147/2643 2624/3126/2625 2179/3148/2199
f 2179/3148/2199 2640/3146/2642 2641/3147/2643
f 2179/3148/2199 2642/3149/2644 2640/3146/2642
f 2642/3149/2644 2179/3148/2199 2623/3125/2624
f 2623/3125/2624 2643/3150/2645 2642/3149/2644
f 2643/3150/2645 2623/3125/2624 2622/3124/2623
f 2622/3124/2623 2642/3149/2644 2643/3150/2645
f 2642/3149/2644 2622/3124/2623 2644/3151/2646
f 2644/3151/2646 2640/3146/2642 2642/3149/2644
f 2644/3151/2646 2639/3145/2641 2640/3146/2642
f 2644/3151/2646 2361/2838/2360 2639/3145/2641
f 2644/3151/2646 2359/2836/2358 2361/2838/2360
f 2644/3151/2646 2357/2834/2356 2359/2836/2358
f 2357/2834/2356 2644/3151/2646 2621/3123/2622
f 2621/3123/2622 2355/2832/2354 2357/2834/2356
f 2622/3124/2623 2621/3123/2622 2644/3151/2646
f 2636/3142/2638 2369/2846/2368 2371/2848/2370
f 2369/2846/2368 2636/3142/2638 2645/3152/2647
f 2645/3152/2647 2367/2844/2366 2369/2846/2368
f 2367/2844/2366 2645/3152/2647 2646/3153/2648
f 2646/3153/2648 2365/2842/2364 2367/2844/2366
f 2365/2842/2364 2646/3153/2648 2647/3154/2649
f 2647/3154/2649 2363/2840/2362 2365/2842/2364
f 2647/3154/2649 2361/2838/2360 2363/2840/2362
f 2647/3154/2649 2639/3145/2641 2361/2838/2360
f 2639/3145/2641 2647/3154/2649 2648/3155/2650
f 2648/3155/2650 2638/3144/2640 2639/3145/2641
f 2648/3155/2650 2637/3143/2639 2638/3144/2640
f 2648/3155/2650 2646/3153/2648 2637/3143/2639
f 2646/3153/2648 2648/3155/2650 2647/3154/2649
f 2373/2850/2372 2649/3156/2651 2634/3140/2636
f 2649/3156/2651 2373/2850/2372 2375/2852/2374
f 2649/3156/2651 2375/2852/2374 2377/2854/2376
f 2377/2854/2376 2650/3157/2652 2649/3156/2651
f 2650/3157/2652 2377/2854/2376 2610/3112/2611
f 2650/3157/2652 2610/3112/2611 2612/3114/2613
f 2650/3157/2652 2612/3114/2613 2613/3115/2614
f 2613/3115/2614 2651/3158/2653 2650/3157/2652
f 2651/3158/2653 2613/3115/2614 2191/2651/2186
f 2651/3158/2653 2191/2651/2186 2189/2649/2184
f 2651/3158/2653 2189/2649/2184 2186/2647/2182
f 2186/3159/2182 2652/3160/2654 2651/3158/2653
f 2652/3160/2654 2186/3159/2182 2653/3161/2655
f 2652/3160/2654 2653/3161/2655 2650/3157/2652
f 2650/3157/2652 2651/3158/2653 2652/3160/2654
f 2649/3156/2651 2650/3157/2652 2653/3161/2655
f 2654/3162/2656 2655/3163/2657 2656/3164/2658
f 2656/3164/2658 2657/3165/2659 2654/3162/2656
f 2657/3165/2659 2656/3164/2658 2658/3166/2660
f 2658/3166/2660 2659/3167/2661 2657/3165/2659
f 2659/3167/2661 2658/3166/2660 2660/3168/2662
f 2660/3168/2662 2661/3169/2663 2659/3167/2661
f 2661/3169/2663 2660/3168/2662 2662/3170/2664
f 2661/3169/2663 2662/3170/2664 2663/3171/2665
f 2663/3171/2665 2386/2863/2385 2661/3169/2663
f 2386/2863/2385 2663/3171/2665 2664/3172/2666
f 2664/3172/2666 2388/2865/2387 2386/2863/2385
f 2384/2861/2383 2661/3169/2663 2386/2863/2385
f 2661/3169/2663 2384/2861/2383 2382/2859/2381
f 2382/2859/2381 2659/3167/2661 2661/3169/2663
f 2659/3167/2661 2382/2859/2381 2380/2857/2379
f 2380/2857/2379 2657/3165/2659 2659/3167/2661
f 2657/3165/2659 2380/2857/2379 2378/2855/2377
f 2378/2855/2377 2654/3162/2656 2657/3165/2659
f 2654/3162/2656 2378/2855/2377 2376/2853/2375
f 2376/2853/2375 2655/3163/2657 2654/3162/2656
f 2655/3163/2657 2376/2853/2375 2374/2851/2373
f 2374/2851/2373 2665/3173/2667 2655/3163/2657
f 2665/3173/2667 2374/2851/2373 2372/2849/2371
f 2372/2849/2371 2666/3174/2668 2665/3173/2667
f 2666/3174/2668 2372/2849/2371 2370/2847/2369
f 2370/2847/2369 2667/3175/2669 2666/3174/2668
f 2667/3175/2669 2370/2847/2369 2368/2845/2367
f 2368/2845/2367 2668/3176/2670 2667/3175/2669
f 2668/3176/2670 2368/2845/2367 2366/2843/2365
f 2366/2843/2365 2669/3177/2671 2668/3176/2670
f 2669/3177/2671 2366/2843/2365 2364/2841/2363
f 2364/2841/2363 2670/3178/2672 2669/3177/2671
f 2670/3178/2672 2364/2841/2363 2362/2839/2361
f 2362/2839/2361 2671/3179/2673 2670/3178/2672
f 2671/3179/2673 2362/2839/2361 2360/2837/2359
f 2360/2837/2359 2672/3180/2674 2671/3179/2673
f 2672/3180/2674 2360/2837/2359 2358/2835/2357
f 2358/2835/2357 2673/3181/2675 2672/3180/2674
f 2673/3181/2675 2358/2835/2357 2356/2833/2355
f 2673/3181/2675 2356/2833/2355 2354/2831/2353
f 2354/2831/2353 2674/3182/2676 2673/3181/2675
f 2674/3182/2676 2354/2831/2353 2352/2829/2351
f 2352/2829/2351 2675/3183/2677 2674/3182/2676
f 2675/3183/2677 2352/2829/2351 2350/2827/2349
f 2350/2827/2349 2676/3184/2678 2675/3183/2677
f 2676/3184/2678 2350/2827/2349 2348/2825/2347
f 2677/3185/2679 2674/3182/2676 2675/3183/2677
f 2674/3182/2676 2677/3185/2679 2678/3186/2680
f 2678/3186/2680 2673/3181/2675 2674/3182/2676
f 2673/3181/2675 2678/3186/2680 2679/3187/2681
f 2679/3187/2681 2672/3180/2674 2673/3181/2675
f 2672/3180/2674 2679/3187/2681 2680/3188/2682
f 2680/3188/2682 2671/3179/2673 2672/3180/2674
f 2671/3179/2673 2680/3188/2682 2670/3178/2672
f 2668/3176/2670 2669/3177/2671 2681/3189/2683
f 2681/3189/2683 2682/3190/2684 2668/3176/2670
f 2682/3190/2684 2681/3189/2683 2683/3191/2685
f 2682/3190/2684 2683/3191/2685 2606/3108/2607
f 2682/3190/2684 2606/3108/2607 2604/3106/2605
f 2604/3106/2605 2684/3192/2686 2682/3190/2684
f 2684/3192/2686 2604/3106/2605 2602/3104/2603
f 2684/3192/2686 2602/3104/2603 2601/3101/2602
f 2684/3192/2686 2601/3101/2602 2685/3193/2687
f 2685/3193/2687 2686/3194/2688 2684/3192/2686
f 2686/3194/2688 2685/3193/2687 2687/3195/2689
f 2687/3195/2689 2665/3173/2667 2686/3194/2688
f 2665/3173/2667 2687/3195/2689 2688/3196/2690
f 2688/3196/2690 2655/3163/2657 2665/3173/2667
f 2655/3163/2657 2688/3196/2690 2689/3197/2691
f 2686/3194/2688 2665/3173/2667 2666/3174/2668
f 2666/3174/2668 2684/3192/2686 2686/3194/2688
f 2666/3174/2668 2682/3190/2684 2684/3192/2686
f 2682/3190/2684 2666/3174/2668 2667/3175/2669
f 2667/3175/2669 2668/3176/2670 2682/3190/2684
f 2690/3198/2692 2582/3102/2583 2603/3105/2604
f 2603/3105/2604 2691/3199/2693 2690/3198/2692
f 2691/3199/2693 2603/3105/2604 2605/3107/2606
f 2691/3199/2693 2605/3107/2606 2607/3109/2608
f 2607/3109/2608 2692/3200/2694 2691/3199/2693
f 2692/3200/2694 2607/3109/2608 2693/3201/2695
f 2693/3201/2695 2694/3202/2696 2692/3200/2694
f 2694/3202/2696 2693/3201/2695 2434/2911/2433
f 2695/3203/2697 2691/3199/2693 2692/3200/2694
f 2691/3199/2693 2695/3203/2697 2696/3204/2698
f 2691/3199/2693 2696/3204/2698 2697/3205/2699
f 2697/3205/2699 2690/3198/2692 2691/3199/2693
f 2698/3206/2700 2455/3207/2456 2453/3208/2454
f 2453/3208/2454 2699/3209/2701 2698/3206/2700
f 2699/3209/2701 2453/3208/2454 2700/3210/2702
f 2700/3210/2702 2701/3211/2703 2699/3209/2701
f 2700/3210/2702 2702/3212/2704 2701/3211/2703
f 2700/3210/2702 2703/3213/2705 2702/3212/2704
f 2700/3210/2702 2704/3214/2706 2703/3213/2705
f 2704/3214/2706 2700/3210/2702 2453/3208/2454
f 2704/3214/2706 2453/3208/2454 2451/3215/2452
f 2704/3214/2706 2451/3215/2452 2428/2905/2427
f 2704/3214/2706 2428/2905/2427 2426/2903/2425
f 2426/2903/2425 2703/3213/2705 2704/3214/2706
f 2703/3213/2705 2426/2903/2425 2424/2901/2423
f 2424/2901/2423 2705/3216/2707 2703/3213/2705
f 2705/3216/2707 2424/2901/2423 2422/2899/2421
f 2422/2899/2421 2706/3217/2708 2705/3216/2707
f 2706/3217/2708 2422/2899/2421 2420/2897/2419
f 2420/2897/2419 2707/3218/2709 2706/3217/2708
f 2707/3218/2709 2420/2897/2419 2418/2895/2417
f 2418/2895/2417 2708/3219/2710 2707/3218/2709
f 2708/3219/2710 2418/2895/2417 2416/2893/2415
f 2416/2893/2415 2709/3220/2711 2708/3219/2710
f 2709/3220/2711 2416/2893/2415 2414/2891/2413
f 2414/2891/2413 2710/3221/2712 2709/3220/2711
f 2710/3221/2712 2414/2891/2413 2412/2889/2411
f 2412/2889/2411 2711/3222/2713 2710/3221/2712
f 2711/3222/2713 2412/2889/2411 2410/2887/2409
f 2410/2887/2409 2712/3223/2714 2711/3222/2713
f 2712/3223/2714 2410/2887/2409 2408/2885/2407
f 2408/2885/2407 2713/3224/2715 2712/3223/2714
f 2713/3224/2715 2408/2885/2407 2406/2883/2405
f 2406/2883/2405 2714/3225/2716 2713/3224/2715
f 2714/3225/2716 2406/2883/2405 2404/2881/2403
f 2404/2881/2403 2715/3226/2717 2714/3225/2716
f 2715/3226/2717 2404/2881/2403 2402/2879/2401
f 2402/2879/2401 2716/3227/2718 2715/3226/2717
f 2716/3227/2718 2402/2879/2401 2400/2877/2399
f 2400/2877/2399 2717/3228/2719 2716/3227/2718
f 2717/3228/2719 2400/2877/2399 2398/2875/2397
f 2717/3228/2719 2398/2875/2397 2396/2873/2395
f 2396/2873/2395 2718/3229/2720 2717/3228/2719
f 2718/3229/2720 2396/2873/2395 2394/2871/2393
f 2394/2871/2393 2719/3230/2721 2718/3229/2720
f 2719/3230/2721 2394/2871/2393 2391/2868/2390
f 2719/3230/2721 2391/2868/2390 2597/3231/2598
f 2719/3230/2721 2597/3231/2598 2720/3232/2722
f 2720/3232/2722 2718/3229/2720 2719/3230/2721
f 2718/3229/2720 2720/3232/2722 2721/3233/2723
f 2721/3233/2723 2717/3228/2719 2718/3229/2720
f 2717/3228/2719 2721/3233/2723 2722/3234/2724
f 2722/3234/2724 2716/3227/2718 2717/3228/2719
f 2716/3227/2718 2722/3234/2724 2723/3235/2725
f 2723/3235/2725 2715/3226/2717 2716/3227/2718
f 2715/3226/2717 2723/3235/2725 2724/3236/2726
f 2724/3236/2726 2714/3225/2716 2715/3226/2717
f 2724/3236/2726 2713/3224/2715 2714/3225/2716
f 2713/3224/2715 2724/3236/2726 2725/3237/2727
f 2725/3237/2727 2712/3223/2714 2713/3224/2715
f 2712/3223/2714 2725/3237/2727 2726/3238/2728
f 2726/3238/2728 2711/3222/2713 2712/3223/2714
f 2711/3222/2713 2726/3238/2728 2727/3239/2729
f 2727/3239/2729 2710/3221/2712 2711/3222/2713
f 2710/3221/2712 2727/3239/2729 2728/3240/2730
f 2728/3240/2730 2709/3220/2711 2710/3221/2712
f 2728/3240/2730 2708/3219/2710 2709/3220/2711
f 2708/3219/2710 2728/3240/2730 2729/3241/2731
f 2729/3241/2731 2707/3218/2709 2708/3219/2710
f 2707/3218/2709 2729/3241/2731 2730/3242/2732
f 2730/3242/2732 2706/3217/2708 2707/3218/2709
f 2706/3217/2708 2730/3242/2732 2702/3212/2704
f 2702/3212/2704 2705/3216/2707 2706/3217/2708
f 2705/3216/2707 2702/3212/2704 2703/3213/2705
f 2701/3211/2703 2702/3212/2704 2730/3242/2732
f 2730/3242/2732 2731/3243/2733 2701/3211/2703
f 2731/3243/2733 2730/3242/2732 2729/3241/2731
f 2729/3241/2731 2732/3244/2734 2731/3243/2733
f 2732/3244/2734 2729/3241/2731 2728/3240/2730
f 2728/3240/2730 2733/3245/2735 2732/3244/2734
f 2733/3245/2735 2728/3240/2730 2727/3239/2729
f 2733/3245/2735 2727/3239/2729 2726/3238/2728
f 2733/3245/2735 2726/3238/2728 2725/3237/2727
f 2733/3245/2735 2725/3237/2727 2724/3236/2726
f 2724/3236/2726 2732/3244/2734 2733/3245/2735
f 2732/3244/2734 2724/3236/2726 2723/3235/2725
f 2723/3235/2725 2734/3246/2736 2732/3244/2734
f 2734/3246/2736 2723/3235/2725 2722/3234/2724
f 2722/3234/2724 2735/3247/2737 2734/3246/2736
f 2735/3247/2737 2722/3234/2724 2721/3233/2723
f 2721/3233/2723 2736/3248/2738 2735/3247/2737
f 2736/3248/2738 2721/3233/2723 2720/3232/2722
f 2720/3232/2722 2595/3249/2596 2736/3248/2738
f 2595/3249/2596 2720/3232/2722 2597/3231/2598
f 2737/3250/2739 2736/3248/2738 2595/3249/2596
f 2595/3249/2596 2467/3251/2468 2737/3250/2739
f 2646/3153/2648 2738/3252/2740 2637/3143/2639
f 2738/3252/2740 2646/3153/2648 2645/3152/2647
f 2738/3252/2740 2645/3152/2647 2636/3142/2638
f 2636/3142/2638 2637/3143/2639 2738/3252/2740
f 2395/2872/2394 2397/2874/2396 2611/3113/2612
f 2611/3113/2612 2739/3253/2741 2395/2872/2394
f 2739/3253/2741 2611/3113/2612 2609/3111/2610
f 2739/3253/2741 2609/3111/2610 2608/3110/2609
f 2608/3110/2609 2740/3254/2742 2739/3253/2741
f 2740/3254/2742 2608/3110/2609 2383/2860/2382
f 2740/3254/2742 2383/2860/2382 2586/3255/2587
f 2740/3254/2742 2586/3255/2587 2392/2869/2391
f 2392/2869/2391 2739/3253/2741 2740/3254/2742
f 2739/3253/2741 2392/2869/2391 2395/2872/2394
f 2586/3255/2587 2393/2870/2392 2392/2869/2391
f 2393/2870/2392 2586/3255/2587 2741/3256/2743
f 2741/3256/2743 2391/2868/2390 2393/2870/2392
f 2741/3256/2743 2600/3257/2601 2391/2868/2390
f 2600/3257/2601 2741/3256/2743 2586/3255/2587
f 2742/3258/2744 2580/3076/2581 2582/3078/2583
f 2582/3078/2583 2743/3259/2745 2742/3258/2744
f 2743/3259/2745 2582/3078/2583 2690/3260/2692
f 2690/3260/2692 2744/3261/2746 2743/3259/2745
f 2744/3261/2746 2690/3260/2692 2697/3262/2699
f 2697/3262/2699 2745/3263/2747 2744/3261/2746
f 2745/3263/2747 2697/3262/2699 2696/3264/2698
f 2696/3264/2698 2746/3265/2748 2745/3263/2747
f 2746/3265/2748 2696/3264/2698 2695/3266/2697
f 2695/3266/2697 2747/3267/2749 2746/3265/2748
f 2747/3267/2749 2695/3266/2697 2692/3268/2694
f 2692/3268/2694 2748/3269/2750 2747/3267/2749
f 2748/3269/2750 2692/3268/2694 2694/3270/2696
f 2694/3270/2696 2749/3271/2751 2748/3269/2750
f 2749/3271/2751 2694/3270/2696 2434/3053/2433
f 2749/3271/2751 2434/3053/2433 2559/3052/2560
f 2559/3052/2560 2750/3272/2752 2749/3271/2751
f 2750/3272/2752 2559/3052/2560 2560/3054/2561
f 2560/3054/2561 2751/3273/2753 2750/3272/2752
f 2751/3273/2753 2560/3054/2561 2561/3055/2562
f 2561/3055/2562 2752/3274/2754 2751/3273/2753
f 2752/3274/2754 2561/3055/2562 2562/3056/2563
f 2562/3056/2563 2753/3275/2755 2752/3274/2754
f 2753/3275/2755 2562/3056/2563 2563/3057/2564
f 2563/3057/2564 2754/3276/2756 2753/3275/2755
f 2754/3276/2756 2563/3057/2564 2564/3058/2565
f 2564/3058/2565 2755/3277/2757 2754/3276/2756
f 2755/3277/2757 2564/3058/2565 2565/3059/2566
f 2565/3059/2566 2756/3278/2758 2755/3277/2757
f 2756/3278/2758 2565/3059/2566 2566/3060/2567
f 2566/3060/2567 2757/3279/2759 2756/3278/2758
f 2757/3279/2759 2566/3060/2567 2567/3061/2568
f 2567/3061/2568 2758/3280/2760 2757/3279/2759
f 2758/3280/2760 2567/3061/2568 2568/3062/2569
f 2568/3062/2569 2759/3281/2761 2758/3280/2760
f 2759/3281/2761 2568/3062/2569 2569/3063/2570
f 2569/3063/2570 2760/3282/2762 2759/3281/2761
f 2760/3282/2762 2569/3063/2570 2570/3064/2571
f 2570/3064/2571 2761/3283/2763 2760/3282/2762
f 2761/3283/2763 2570/3064/2571 2571/3065/2572
f 2571/3065/2572 2762/3284/2764 2761/3283/2763
f 2762/3284/2764 2571/3065/2572 2572/3066/2573
f 2572/3066/2573 2763/3285/2765 2762/3284/2764
f 2763/3285/2765 2572/3066/2573 2573/3067/2574
f 2573/3067/2574 2764/3286/2766 2763/3285/2765
f 2764/3286/2766 2573/3067/2574 2574/3068/2575
f 2574/3068/2575 2765/3287/2767 2764/3286/2766
f 2765/3287/2767 2574/3068/2575 2576/3070/2577
f 2765/3287/2767 2576/3070/2577 2578/3072/2579
f 2578/3072/2579 2766/3288/2768 2765/3287/2767
f 2766/3288/2768 2578/3072/2579 2579/3074/2580
f 2579/3074/2580 2767/3289/2769 2766/3288/2768
f 2767/3289/2769 2579/3074/2580 2580/3076/2581
f 2580/3076/2581 2768/3290/2770 2767/3289/2769
f 2768/3290/2770 2580/3076/2581 2742/3258/2744
f 2742/3258/2744 2769/3291/2771 2768/3290/2770
f 2769/3291/2771 2742/3258/2744 2743/3259/2745
f 2743/3259/2745 2770/3292/2772 2769/3291/2771
f 2770/3292/2772 2743/3259/2745 2744/3261/2746
f 2770/3292/2772 2744/3261/2746 2745/3263/2747
f 2745/3263/2747 2771/3293/2773 2770/3292/2772
f 2771/3293/2773 2745/3263/2747 2746/3265/2748
f 2746/3265/2748 2772/3294/2774 2771/3293/2773
f 2772/3294/2774 2746/3265/2748 2747/3267/2749
f 2747/3267/2749 2773/3295/2775 2772/3294/2774
f 2773/3295/2775 2747/3267/2749 2748/3269/2750
f 2748/3269/2750 2774/3296/2776 2773/3295/2775
f 2774/3296/2776 2748/3269/2750 2749/3271/2751
f 2749/3271/2751 2775/3297/2777 2774/3296/2776
f 2775/3297/2777 2749/3271/2751 2750/3272/2752
f 2750/3272/2752 2776/3298/2778 2775/3297/2777
f 2776/3298/2778 2750/3272/2752 2751/3273/2753
f 2776/3298/2778 2751/3273/2753 2752/3274/2754
f 2752/3274/2754 2777/3299/2779 2776/3298/2778
f 2777/3299/2779 2752/3274/2754 2753/3275/2755
f 2753/3275/2755 2778/3300/2780 2777/3299/2779
f 2778/3300/2780 2753/3275/2755 2754/3276/2756
f 2754/3276/2756 2779/3301/2781 2778/3300/2780
f 2779/3301/2781 2754/3276/2756 2755/3277/2757
f 2755/3277/2757 2780/3302/2782 2779/3301/2781
f 2780/3302/2782 2755/3277/2757 2756/3278/2758
f 2756/3278/2758 2781/3303/2783 2780/3302/2782
f 2781/3303/2783 2756/3278/2758 2757/3279/2759
f 2757/3279/2759 2782/3304/2784 2781/3303/2783
f 2782/3304/2784 2757/3279/2759 2758/3280/2760
f 2758/3280/2760 2783/3305/2785 2782/3304/2784
f 2783/3305/2785 2758/3280/2760 2759/3281/2761
f 2759/3281/2761 2784/3306/2786 2783/3305/2785
f 2784/3306/2786 2759/3281/2761 2760/3282/2762
f 2760/3282/2762 2785/3307/2787 2784/3306/2786
f 2760/3282/2762 2786/3308/2788 2785/3307/2787
f 2786/3308/2788 2760/3282/2762 2761/3283/2763
f 2761/3283/2763 2787/3309/2789 2786/3308/2788
f 2787/3309/2789 2761/3283/2763 2762/3284/2764
f 2762/3284/2764 2788/3310/2790 2787/3309/2789
f 2788/3310/2790 2762/3284/2764 2763/3285/2765
f 2763/3285/2765 2789/3311/2791 2788/3310/2790
f 2789/3311/2791 2763/3285/2765 2764/3286/2766
f 2764/3286/2766 2790/3312/2792 2789/3311/2791
f 2790/3312/2792 2764/3286/2766 2765/3287/2767
f 2790/3312/2792 2765/3287/2767 2766/3288/2768
f 2766/3288/2768 2791/3313/2793 2790/3312/2792
f 2791/3313/2793 2766/3288/2768 2767/3289/2769
f 2767/3289/2769 2792/3314/2794 2791/3313/2793
f 2792/3314/2794 2767/3289/2769 2768/3290/2770
f 2768/3290/2770 2793/3315/2795 2792/3314/2794
f 2793/3315/2795 2768/3290/2770 2769/3291/2771
f 2769/3291/2771 2794/3316/2796 2793/3315/2795
f 2794/3316/2796 2769/3291/2771 2770/3292/2772
f 2794/3316/2796 2770/3292/2772 2771/3293/2773
f 2771/3293/2773 2795/3317/2797 2794/3316/2796
f 2795/3317/2797 2771/3293/2773 2772/3294/2774
f 2772/3294/2774 2796/3318/2798 2795/3317/2797
f 2796/3318/2798 2772/3294/2774 2773/3295/2775
f 2773/3295/2775 2797/3319/2799 2796/3318/2798
f 2797/3319/2799 2773/3295/2775 2774/3296/2776
f 2774/3296/2776 2798/3320/2800 2797/3319/2799
f 2798/3320/2800 2774/3296/2776 2775/3297/2777
f 2798/3320/2800 2775/3297/2777 2776/3298/2778
f 2776/3298/2778 2799/3321/2801 2798/3320/2800
f 2799/3321/2801 2776/3298/2778 2777/3299/2779
f 2777/3299/2779 2800/3322/2802 2799/3321/2801
f 2800/3322/2802 2777/3299/2779 2778/3300/2780
f 2800/3322/2802 2778/3300/2780 2779/3301/2781
f 2800/3322/2802 2779/3301/2781 2780/3302/2782
f 2780/3302/2782 2801/3323/2803 2800/3322/2802
f 2801/3323/2803 2780/3302/2782 2781/3303/2783
f 2781/3303/2783 2802/3324/2804 2801/3323/2803
f 2802/3324/2804 2781/3303/2783 2782/3304/2784
f 2782/3304/2784 2803/3325/2805 2802/3324/2804
f 2803/3325/2805 2782/3304/2784 2783/3305/2785
f 2783/3305/2785 2804/3326/2806 2803/3325/2805
f 2804/3326/2806 2783/3305/2785 2784/3306/2786
f 2784/3306/2786 2805/3327/2807 2804/3326/2806
f 2805/3327/2807 2784/3306/2786 2785/3307/2787
f 2785/3307/2787 2806/3328/2808 2805/3327/2807
f 2806/3328/2808 2785/3307/2787 2786/3308/2788
f 2806/3328/2808 2786/3308/2788 2787/3309/2789
f 2787/3309/2789 2807/3329/2809 2806/3328/2808
f 2807/3329/2809 2787/3309/2789 2788/3310/2790
f 2788/3310/2790 2808/3330/2810 2807/3329/2809
f 2808/3330/2810 2788/3310/2790 2789/3311/2791
f 2808/3330/2810 2789/3311/2791 2790/3312/2792
f 2808/3330/2810 2790/3312/2792 2791/3313/2793
f 2791/3313/2793 2809/3331/2811 2808/3330/2810
f 2809/3331/2811 2791/3313/2793 2792/3314/2794
f 2792/3314/2794 2810/3332/2812 2809/3331/2811
f 2810/3332/2812 2792/3314/2794 2793/3315/2795
f 2793/3315/2795 2811/3333/2813 2810/3332/2812
f 2811/3333/2813 2793/3315/2795 2794/3316/2796
f 2811/3333/2813 2794/3316/2796 2795/3317/2797
f 2811/3333/2813 2795/3317/2797 2812/3334/2814
f 2812/3334/2814 2810/3332/2812 2811/3333/2813
f 2810/3332/2812 2812/3334/2814 2813/3335/2815
f 2813/3335/2815 2809/3331/2811 2810/3332/2812
f 2813/3335/2815 2808/3330/2810 2809/3331/2811
f 2813/3335/2815 2807/3329/2809 2808/3330/2810
f 2813/3335/2815 2806/3328/2808 2807/3329/2809
f 2813/3335/2815 2805/3327/2807 2806/3328/2808
f 2805/3327/2807 2813/3335/2815 2812/3334/2814
f 2812/3334/2814 2804/3326/2806 2805/3327/2807
f 2812/3334/2814 2814/3336/2816 2804/3326/2806
f 2814/3336/2816 2812/3334/2814 2795/3317/2797
f 2795/3317/2797 2815/3337/2817 2814/3336/2816
f 2815/3337/2817 2795/3317/2797 2796/3318/2798
f 2796/3318/2798 2816/3338/2818 2815/3337/2817
f 2816/3338/2818 2796/3318/2798 2797/3319/2799
f 2816/3338/2818 2797/3319/2799 2798/3320/2800
f 2816/3338/2818 2798/3320/2800 2799/3321/2801
f 2816/3338/2818 2799/3321/2801 2800/3322/2802
f 2816/3338/2818 2800/3322/2802 2801/3323/2803
f 2801/3323/2803 2815/3337/2817 2816/3338/2818
f 2815/3337/2817 2801/3323/2803 2802/3324/2804
f 2802/3324/2804 2814/3336/2816 2815/3337/2817
f 2814/3336/2816 2802/3324/2804 2803/3325/2805
f 2803/3325/2805 2804/3326/2806 2814/3336/2816
f 2817/3339/2819 2818/3340/2820 2662/3170/2664
f 2662/3170/2664 2819/3341/2821 2817/3339/2819
f 2819/3341/2821 2662/3170/2664 2660/3168/2662
f 2660/3168/2662 2820/3342/2822 2819/3341/2821
f 2820/3342/2822 2660/3168/2662 2658/3166/2660
f 2658/3166/2660 2821/3343/2823 2820/3342/2822
f 2821/3343/2823 2658/3166/2660 2656/3164/2658
f 2656/3164/2658 2822/3344/2824 2821/3343/2823
f 2822/3344/2824 2656/3164/2658 2655/3163/2657
f 2655/3163/2657 2823/3345/2825 2822/3344/2824
f 2823/3345/2825 2655/3163/2657 2689/3197/2691
f 2689/3197/2691 2824/3346/2826 2823/3345/2825
f 2824/3346/2826 2689/3197/2691 2818/3340/2820
f 2818/3340/2820 2817/3339/2819 2824/3346/2826
f 2825/3347/2827 2677/3185/2679 2826/3348/2828
f 2826/3348/2828 2827/3349/2829 2825/3347/2827
f 2827/3349/2829 2826/3348/2828 2828/3350/2830
f 2828/3350/2830 2829/3351/2831 2827/3349/2829
f 2829/3351/2831 2828/3350/2830 2670/3178/2672
f 2670/3178/2672 2830/3352/2832 2829/3351/2831
f 2830/3352/2832 2670/3178/2672 2680/3188/2682
f 2680/3188/2682 2831/3353/2833 2830/3352/2832
f 2831/3353/2833 2680/3188/2682 2679/3187/2681
f 2679/3187/2681 2832/3354/2834 2831/3353/2833
f 2832/3354/2834 2679/3187/2681 2678/3186/2680
f 2678/3186/2680 2833/3355/2835 2832/3354/2834
f 2833/3355/2835 2678/3186/2680 2677/3185/2679
f 2677/3185/2679 2825/3347/2827 2833/3355/2835
f 2440/2921/2440 2186/3356/2180 2185/3357/2179
f 2185/3357/2179 2436/2915/2435 2440/2921/2440
f 2436/2915/2435 2185/3357/2179 2183/3358/2206
f 2183/3358/2206 2182/2917/2436 2436/2915/2435
f 2433/2910/2432 2434/2911/2433 2693/3201/2695
f 2693/3201/2695 2834/3359/2836 2433/2910/2432
f 2834/3359/2836 2693/3201/2695 2607/3109/2608
f 2607/3109/2608 2606/3108/2607 2834/3359/2836
f 2835/3360/2837 2186/2647/2182 2185/3361/2179
f 2185/3361/2179 2836/3362/2838 2835/3360/2837
f 2836/3362/2838 2185/3361/2179 2183/3363/2206
f 2836/3362/2838 2183/3363/2206 2182/3130/2627
f 2836/3362/2838 2182/3130/2627 2626/3131/2628
f 2626/3131/2628 2837/3364/2839 2836/3362/2838
f 2837/3364/2839 2626/3133/2628 2629/3135/2631
f 2837/3364/2839 2629/3135/2631 2631/3137/2633
f 2631/3137/2633 2838/3365/2840 2837/3364/2839
f 2838/3365/2840 2631/3137/2633 2632/3138/2634
f 2838/3365/2840 2632/3138/2634 2634/3140/2636
f 2838/3365/2840 2634/3140/2636 2649/3156/2651
f 2838/3365/2840 2649/3156/2651 2653/3161/2655
f 2653/3161/2655 2839/3366/2841 2838/3365/2840
f 2839/3366/2841 2653/3161/2655 2186/3159/2182
f 2839/3366/2841 2186/2647/2182 2835/3360/2837
f 2839/3366/2841 2835/3360/2837 2837/3364/2839
f 2837/3364/2839 2838/3365/2840 2839/3366/2841
f 2836/3362/2838 2837/3364/2839 2835/3360/2837
f 2663/3171/2665 2662/3170/2664 2818/3340/2820
f 2818/3340/2820 2840/3367/2842 2663/3171/2665
f 2840/3367/2842 2818/3340/2820 2689/3197/2691
f 2840/3367/2842 2689/3197/2691 2688/3196/2690
f 2840/3367/2842 2688/3196/2690 2841/3368/2843
f 2841/3368/2843 2663/3171/2665 2840/3367/2842
f 2841/3368/2843 2664/3172/2666 2663/3171/2665
f 2664/3172/2666 2841/3368/2843 2842/3369/2844
f 2842/3369/2844 2388/2865/2387 2664/3172/2666
f 2842/3369/2844 2390/2867/2389 2388/2865/2387
f 2842/3369/2844 2581/3103/2582 2390/2867/2389
f 2842/3369/2844 2601/3101/2602 2581/3103/2582
f 2842/3369/2844 2685/3193/2687 2601/3101/2602
f 2685/3193/2687 2842/3369/2844 2841/3368/2843
f 2841/3368/2843 2687/3195/2689 2685/3193/2687
f 2687/3195/2689 2841/3368/2843 2688/3196/2690
f 2826/3348/2828 2677/3185/2679 2675/3183/2677
f 2675/3183/2677 2843/3370/2845 2826/3348/2828
f 2843/3370/2845 2675/3183/2677 2676/3184/2678
f 2676/3184/2678 2844/3371/2846 2843/3370/2845
f 2844/3371/2846 2676/3184/2678 2348/2825/2347
f 2348/2825/2347 2845/3372/2847 2844/3371/2846
f 2845/3372/2847 2348/2825/2347 2345/2822/2344
f 2845/3372/2847 2345/2822/2344 2433/2910/2432
f 2433/2910/2432 2846/3373/2848 2845/3372/2847
f 2846/3373/2848 2433/2910/2432 2834/3359/2836
f 2846/3373/2848 2834/3359/2836 2606/3108/2607
f 2846/3373/2848 2606/3108/2607 2683/3191/2685
f 2846/3373/2848 2683/3191/2685 2847/3374/2849
f 2847/3374/2849 2845/3372/2847 2846/3373/2848
f 2847/3374/2849 2844/3371/2846 2845/3372/2847
f 2844/3371/2846 2847/3374/2849 2848/3375/2850
f 2848/3375/2850 2843/3370/2845 2844/3371/2846
f 2848/3375/2850 2826/3348/2828 2843/3370/2845
f 2848/3375/2850 2828/3350/2830 2826/3348/2828
f 2848/3375/2850 2670/3178/2672 2828/3350/2830
f 2848/3375/2850 2669/3177/2671 2670/3178/2672
f 2669/3177/2671 2848/3375/2850 2847/3374/2849
f 2847/3374/2849 2681/3189/2683 2669/3177/2671
f 2681/3189/2683 2847/3374/2849 2683/3191/2685
f 2849/3376/2851 2850/3377/2852 2851/3378/2853
f 2850/3377/2852 2849/3376/2851 2852/3379/2854
f 2852/3379/2855 2850/3377/2856 2853/3380/2857
f 2853/3380/2857 2854/3381/2858 2852/3379/2855
f 2854/3381/2858 2853/3380/2857 2855/3382/2859
f 2856/3383/2860 2855/3382/2859 2857/3384/2861
f 2857/3384/2861 2858/3385/2862 2856/3383/2860
f 2858/3385/2862 2857/3384/2861 2859/3386/2863
f 2859/3386/2864 2858/3385/2865 2860/3387/2866
f 2860/3387/2866 2861/3388/2867 2859/3386/2864
f 2861/3388/2867 2860/3387/2866 2862/3389/2868
f 2862/3389/2869 2861/3388/2870 2863/3390/2871
f 2863/3390/2871 2864/3391/2872 2862/3389/2869
f 2864/3391/2872 2863/3390/2871 2865/3392/2873
f 2865/3392/2873 2866/3393/2874 2864/3391/2872
f 2866/3393/2874 2865/3392/2873 2867/3394/2875
f 2867/3394/2875 2868/3395/2876 2866/3393/2874
f 2868/3395/2876 2867/3394/2875 2851/3378/2877
f 2868/3395/2878 2849/3376/2851 2851/3378/2853
f 2849/3376/2851 2868/3395/2878 2869/3396/2879
f 2869/3396/2879 2852/3379/2854 2849/3376/2851
f 2852/3379/2854 2869/3396/2879 2870/3397/2880
f 2870/3397/2880 2854/3381/2881 2852/3379/2854
f 2854/3381/2881 2870/3397/2880 2871/3398/2882
f 2871/3398/2882 2856/3383/2883 2854/3381/2881
f 2856/3383/2883 2871/3398/2882 2872/3399/2884
f 2872/3399/2885 2858/3385/2865 2856/3383/2883
f 2858/3385/2865 2872/3399/2885 2873/3400/2886
f 2873/3400/2886 2860/3387/2866 2858/3385/2865
f 2860/3387/2866 2873/3400/2886 2874/3401/2887
f 2874/3401/2887 2862/3389/2868 2860/3387/2866
f 2862/3389/2868 2874/3401/2887 2875/3402/2888
f 2875/3402/2888 2864/3391/2889 2862/3389/2868
f 2864/3391/2889 2875/3402/2888 2876/3403/2890
f 2876/3403/2890 2866/3393/2891 2864/3391/2889
f 2866/3393/2874 2876/3403/2890 2877/3404/2892
f 2877/3404/2892 2868/3395/2878 2866/3393/2874
f 2868/3395/2878 2877/3404/2892 2878/3405/2893
f 2878/3405/2893 2869/3396/2879 2868/3395/2878
f 2869/3396/2879 2878/3405/2893 2879/3406/2894
f 2879/3406/2894 2870/3397/2880 2869/3396/2879
f 2870/3397/2880 2879/3406/2894 2880/3407/2895
f 2880/3407/2895 2871/3398/2882 2870/3397/2880
f 2871/3398/2882 2880/3407/2895 2881/3408/2896
f 2881/3408/2896 2872/3399/2884 2871/3398/2882
f 2881/3409/2897 2882/3410/2898 2872/3399/2885
f 2882/3410/2899 2881/3408/2900 2880/3407/2901
f 2882/3410/2898 2880/3407/2895 2879/3406/2894
f 2882/3410/2898 2879/3406/2894 2883/3411/2902
f 2882/3410/2898 2883/3411/2902 2873/3400/2886
f 2873/3400/2886 2872/3399/2885 2882/3410/2898
f 2874/3401/2887 2873/3400/2886 2883/3411/2902
f 2883/3411/2902 2875/3402/2888 2874/3401/2887
f 2875/3402/2888 2883/3411/2902 2884/3412/2903
f 2884/3412/2903 2876/3403/2890 2875/3402/2888
f 2876/3403/2890 2884/3412/2903 2885/3413/2904
f 2885/3413/2905 2877/3404/2892 2876/3403/2890
f 2885/3414/2905 2878/3405/2893 2877/3404/2892
f 2878/3405/2893 2885/3414/2905 2886/3415/2906
f 2886/3415/2906 2879/3406/2894 2878/3405/2893
f 2886/3415/2906 2884/3412/2903 2879/3406/2894
f 2884/3412/2907 2886/3415/2908 2885/3414/2909
f 2883/3411/2902 2879/3406/2894 2884/3412/2903
f 2887/3416/2910 2851/3378/2853 2850/3377/2852
f 2850/3377/2852 2852/3417/2855 2887/3416/2910
f 2855/3418/2859 2856/3419/2860 2854/3420/2858
f 2859/3421/2864 2888/3422/2911 2858/3423/2865
f 2888/3422/2911 2859/3421/2864 2861/3424/2867
f 2861/3424/2867 2862/3425/2912 2888/3422/2911
f 2868/3426/2876 2851/3378/2853 2887/3416/2910
f 2887/3416/2910 2889/3427/2913 2868/3426/2876
f 2889/3427/2913 2887/3416/2910 2852/3417/2855
f 2852/3417/2855 2890/3428/2914 2889/3427/2913
f 2890/3428/2914 2852/3417/2855 2854/3420/2858
f 2854/3420/2858 2872/3429/2915 2890/3428/2914
f 2872/3429/2915 2854/3420/2858 2856/3419/2883
f 2856/3419/2883 2891/3430/2916 2872/3429/2885
f 2891/3430/2916 2856/3419/2883 2858/3423/2865
f 2858/3423/2865 2892/3431/2917 2891/3430/2916
f 2892/3431/2917 2858/3423/2865 2888/3422/2911
f 2888/3422/2911 2893/3432/2918 2892/3431/2917
f 2893/3432/2918 2888/3422/2911 2862/3425/2912
f 2862/3425/2912 2894/3433/2919 2893/3432/2918
f 2894/3433/2919 2862/3425/2912 2864/3434/2889
f 2864/3434/2889 2895/3435/2920 2894/3433/2919
f 2895/3435/2920 2864/3434/2889 2866/3436/2921
f 2866/3436/2921 2876/3437/2890 2895/3435/2920
f 2876/3437/2890 2866/3436/2874 2868/3426/2876
f 2868/3426/2876 2896/3438/2922 2876/3437/2890
f 2896/3438/2922 2868/3426/2876 2889/3427/2913
f 2889/3427/2913 2897/3439/2923 2896/3438/2922
f 2897/3439/2923 2889/3427/2913 2890/3428/2914
f 2890/3428/2914 2880/3440/2895 2897/3439/2923
f 2880/3440/2895 2890/3428/2914 2872/3429/2915
f 2872/3429/2915 2881/3441/2924 2880/3440/2895
f 2881/3441/2924 2872/3429/2885 2891/3430/2916
f 2881/3442/2924 2891/3430/2916 2882/3443/2925
f 2882/3443/2925 2897/3439/2923 2880/3440/2895
f 2882/3443/2925 2898/3444/2926 2897/3439/2923
f 2882/3443/2925 2892/3431/2917 2898/3444/2926
f 2892/3431/2917 2882/3443/2925 2891/3430/2916
f 2893/3432/2918 2898/3444/2926 2892/3431/2917
f 2898/3444/2926 2893/3432/2918 2894/3433/2919
f 2894/3433/2919 2884/3445/2927 2898/3444/2926
f 2884/3445/2927 2894/3433/2919 2895/3435/2920
f 2895/3435/2920 2885/3446/2904 2884/3445/2927
f 2885/3446/2904 2895/3435/2920 2876/3437/2890
f 2885/3447/2904 2876/3437/2890 2896/3438/2922
f 2896/3438/2922 2886/3448/2928 2885/3447/2904
f 2886/3448/2928 2896/3438/2922 2897/3439/2923
f 2886/3448/2928 2897/3439/2923 2884/3445/2927
f 2898/3444/2926 2884/3445/2927 2897/3439/2923
f 2899/3449/2851 2900/3450/2852 2901/3451/2853
f 2900/3450/2852 2899/3449/2851 2902/3452/2929
f 2902/3452/2855 2900/3450/2856 2903/3453/2857
f 2903/3453/2857 2904/3454/2858 2902/3452/2855
f 2904/3454/2858 2903/3453/2857 2905/3455/2859
f 2906/3456/2860 2905/3455/2859 2907/3457/2861
f 2907/3457/2861 2908/3458/2862 2906/3456/2860
f 2908/3458/2862 2907/3457/2861 2909/3459/2863
f 2909/3459/2864 2908/3458/2865 2910/3460/2866
f 2910/3460/2866 2911/3461/2867 2909/3459/2864
f 2911/3461/2867 2910/3460/2866 2912/3462/2868
f 2912/3462/2869 2911/3461/2870 2913/3463/2871
f 2913/3463/2871 2914/3464/2872 2912/3462/2869
f 2914/3464/2872 2913/3463/2871 2915/3465/2873
f 2915/3465/2873 2916/3466/2874 2914/3464/2872
f 2916/3466/2874 2915/3465/2873 2917/3467/2875
f 2917/3467/2875 2918/3468/2876 2916/3466/2874
f 2918/3468/2876 2917/3467/2875 2901/3451/2877
f 2918/3468/2930 2899/3449/2851 2901/3451/2853
f 2899/3449/2851 2918/3468/2930 2919/3469/2879
f 2919/3469/2879 2902/3452/2929 2899/3449/2851
f 2902/3452/2929 2919/3469/2879 2920/3470/2880
f 2920/3470/2880 2904/3454/2881 2902/3452/2929
f 2904/3454/2881 2920/3470/2880 2921/3471/2882
f 2921/3471/2882 2906/3456/2883 2904/3454/2881
f 2906/3456/2883 2921/3471/2882 2922/3472/2884
f 2922/3472/2885 2908/3458/2865 2906/3456/2883
f 2908/3458/2865 2922/3472/2885 2923/3473/2886
f 2923/3473/2886 2910/3460/2866 2908/3458/2865
f 2910/3460/2866 2923/3473/2886 2924/3474/2887
f 2924/3474/2887 2912/3462/2868 2910/3460/2866
f 2912/3462/2868 2924/3474/2887 2925/3475/2888
f 2925/3475/2888 2914/3464/2889 2912/3462/2868
f 2914/3464/2889 2925/3475/2888 2926/3476/2890
f 2926/3476/2890 2916/3466/2891 2914/3464/2889
f 2916/3466/2874 2926/3476/2890 2927/3477/2892
f 2927/3477/2892 2918/3468/2930 2916/3466/2874
f 2918/3468/2930 2927/3477/2892 2928/3478/2893
f 2928/3478/2893 2919/3469/2879 2918/3468/2930
f 2919/3469/2879 2928/3478/2893 2929/3479/2894
f 2929/3479/2894 2920/3470/2880 2919/3469/2879
f 2920/3470/2880 2929/3479/2894 2930/3480/2895
f 2930/3480/2895 2921/3471/2882 2920/3470/2880
f 2921/3471/2882 2930/3480/2895 2931/3481/2896
f 2931/3481/2896 2922/3472/2884 2921/3471/2882
f 2931/3482/2897 2932/3483/2898 2922/3472/2885
f 2932/3483/2899 2931/3481/2900 2930/3480/2901
f 2932/3483/2898 2930/3480/2895 2929/3479/2894
f 2932/3483/2898 2929/3479/2894 2933/3484/2902
f 2932/3483/2898 2933/3484/2902 2923/3473/2886
f 2923/3473/2886 2922/3472/2885 2932/3483/2898
f 2924/3474/2887 2923/3473/2886 2933/3484/2902
f 2933/3484/2902 2925/3475/2888 2924/3474/2887
f 2925/3475/2888 2933/3484/2902 2934/3485/2903
f 2934/3485/2903 2926/3476/2890 2925/3475/2888
f 2926/3476/2890 2934/3485/2903 2935/3486/2904
f 2935/3486/2905 2927/3477/2892 2926/3476/2890
f 2935/3487/2905 2928/3478/2893 2927/3477/2892
f 2928/3478/2893 2935/3487/2905 2936/3488/2906
f 2936/3488/2906 2929/3479/2894 2928/3478/2893
f 2936/3488/2906 2934/3485/2903 2929/3479/2894
f 2934/3485/2907 2936/3488/2908 2935/3487/2909
f 2933/3484/2902 2929/3479/2894 2934/3485/2903
f 2937/3489/2910 2901/3451/2853 2900/3450/2852
f 2900/3450/2852 2902/3490/2855 2937/3489/2910
f 2905/3491/2859 2906/3492/2860 2904/3493/2858
f 2909/3494/2864 2938/3495/2911 2908/3496/2865
f 2938/3495/2911 2909/3494/2864 2911/3497/2867
f 2911/3497/2867 2912/3498/2912 2938/3495/2911
f 2918/3499/2876 2901/3451/2853 2937/3489/2910
f 2937/3489/2910 2939/3500/2913 2918/3499/2876
f 2939/3500/2913 2937/3489/2910 2902/3490/2855
f 2902/3490/2855 2940/3501/2914 2939/3500/2913
f 2940/3501/2914 2902/3490/2855 2904/3493/2858
f 2904/3493/2858 2922/3502/2915 2940/3501/2914
f 2922/3502/2915 2904/3493/2858 2906/3492/2883
f 2906/3492/2883 2941/3503/2916 2922/3502/2885
f 2941/3503/2916 2906/3492/2883 2908/3496/2865
f 2908/3496/2865 2942/3504/2917 2941/3503/2916
f 2942/3504/2917 2908/3496/2865 2938/3495/2911
f 2938/3495/2911 2943/3505/2918 2942/3504/2917
f 2943/3505/2918 2938/3495/2911 2912/3498/2912
f 2912/3498/2912 2944/3506/2919 2943/3505/2918
f 2944/3506/2919 2912/3498/2912 2914/3507/2889
f 2914/3507/2889 2945/3508/2920 2944/3506/2919
f 2945/3508/2920 2914/3507/2889 2916/3509/2921
f 2916/3509/2921 2926/3510/2890 2945/3508/2920
f 2926/3510/2890 2916/3509/2874 2918/3499/2876
f 2918/3499/2876 2946/3511/2922 2926/3510/2890
f 2946/3511/2922 2918/3499/2876 2939/3500/2913
f 2939/3500/2913 2947/3512/2923 2946/3511/2922
f 2947/3512/2923 2939/3500/2913 2940/3501/2914
f 2940/3501/2914 2930/3513/2895 2947/3512/2923
f 2930/3513/2895 2940/3501/2914 2922/3502/2915
f 2922/3502/2915 2931/3514/2924 2930/3513/2895
f 2931/3514/2924 2922/3502/2885 2941/3503/2916
f 2931/3515/2924 2941/3503/2916 2932/3516/2925
f 2932/3516/2925 2947/3512/2923 2930/3513/2895
f 2932/3516/2925 2948/3517/2926 2947/3512/2923
f 2932/3516/2925 2942/3504/2917 2948/3517/2926
f 2942/3504/2917 2932/3516/2925 2941/3503/2916
f 2943/3505/2918 2948/3517/2926 2942/3504/2917
f 2948/3517/2926 2943/3505/2918 2944/3506/2919
f 2944/3506/2919 2934/3518/2927 2948/3517/2926
f 2934/3518/2927 2944/3506/2919 2945/3508/2920
f 2945/3508/2920 2935/3519/2904 2934/3518/2927
f 2935/3519/2904 2945/3508/2920 2926/3510/2890
f 2935/3520/2904 2926/3510/2890 2946/3511/2922
f 2946/3511/2922 2936/3521/2928 2935/3520/2904
f 2936/3521/2928 2946/3511/2922 2947/3512/2923
f 2936/3521/2928 2947/3512/2923 2934/3518/2927
f 2948/3517/2926 2934/3518/2927 2947/3512/2923
