# Blender v2.79 (sub 0) OBJ File: ''
# www.blender.org
mtllib MDL_hero.mtl
o head.021
v -0.937500 32.312500 0.375020
v 0.000000 32.312500 0.562520
v 0.000000 33.125000 0.312520
v -0.562500 33.062500 0.062520
v 0.000000 33.187500 0.312520
v -0.500000 33.250000 0.125020
v 0.000000 33.437500 0.312520
v -0.500000 33.437500 0.125020
v 0.000000 33.750000 0.875021
v -0.625000 33.750000 0.562521
v 0.000000 34.187500 1.375024
v -0.625000 34.187500 1.125024
v 0.000000 34.875000 1.500024
v -0.750000 34.875000 1.250024
v 0.000000 35.562500 1.375024
v -0.812500 35.500000 1.187524
v 0.000000 36.000000 1.312524
v -0.875000 36.062500 1.062524
v -0.437500 36.125000 1.187524
v -0.937500 36.312500 1.000024
v -0.375000 36.375000 1.750024
v -0.750000 36.625000 1.437524
v -0.437500 36.937500 1.625024
v -0.875000 36.937500 1.375024
v -0.500000 37.687500 1.312524
v -1.000000 37.312500 0.937524
v -0.500000 38.250000 0.500024
v -0.750000 37.937500 0.312524
v 0.000000 38.375000 0.437524
v 0.000000 38.125000 0.000024
v 0.500000 38.250000 0.500024
v 0.750000 37.937500 0.312524
v 0.500000 37.687500 1.312524
v 1.000000 37.312500 0.937524
v 0.500000 36.937500 1.687524
v 0.812500 36.937500 1.375024
v 0.437500 36.375000 1.750024
v 0.750000 36.625000 1.437524
v 0.437500 36.125000 1.187524
v 0.937500 36.312500 1.000024
v 0.875000 36.062500 1.062524
v 0.812500 35.500000 1.187524
v 0.750000 34.875000 1.250024
v 0.625000 34.187500 1.125024
v 0.625000 33.750000 0.562521
v 0.437500 33.437500 0.125020
v 0.500000 33.250000 0.125020
v 0.562500 33.062500 0.062520
v 0.937500 32.312500 0.375020
v -0.250000 34.437500 -2.937476
v -0.062500 34.375000 -2.937479
v -0.187500 34.437500 -2.874976
v -0.125000 34.437500 -2.937476
v 0.000000 34.375000 -3.062479
v -0.062500 34.437500 -2.999976
v 0.000000 34.375000 -3.187479
v -0.062500 34.437500 -3.124976
v 0.000000 34.437500 -3.312476
v -0.062500 34.437500 -3.249976
v 0.000000 34.500000 -3.374976
v -0.125000 34.500000 -3.312476
v 0.000000 34.625000 -3.437476
v -0.125000 34.625000 -3.374976
v 0.000000 34.750000 -3.374976
v -0.062500 34.750000 -3.312476
v 0.000000 34.812500 -3.249976
v -0.062500 34.812500 -3.249976
v 0.000000 34.875000 -3.187476
v -0.062500 34.875000 -3.187476
v 0.000000 35.062500 -3.124976
v -0.062500 35.062500 -3.062476
v 0.000000 35.250000 -3.062476
v -0.062500 35.250000 -2.999976
v 0.000000 35.375000 -3.062476
v -0.125000 35.375000 -2.999976
v 0.000000 35.437500 -3.062476
v -0.187500 35.500000 -3.062476
v 0.000000 35.750000 -3.062476
v -0.250000 35.750000 -3.062476
v 0.000000 36.250000 -2.999976
v -0.187500 36.250000 -2.937476
v 0.000000 36.562500 -2.812476
v -0.187500 36.562500 -2.812476
v 0.000000 36.687500 -2.937476
v -0.375000 36.687500 -2.937476
v 0.000000 36.812500 -3.062476
v -0.375000 36.812500 -2.999976
v 0.000000 37.125000 -3.062476
v -0.437500 37.062500 -2.999976
v 0.000000 37.312500 -2.937476
v -0.437500 37.250000 -2.874976
v 0.000000 37.687500 -2.124976
v -0.500000 37.625000 -1.999976
v -1.437500 34.312500 -0.937476
v -1.437500 34.625000 -1.062476
v -1.312500 34.375000 -1.124976
v -1.687500 34.625000 -0.687476
v -1.625000 35.062500 -1.062476
v -1.750000 35.000000 -0.562476
v -1.687500 35.187500 -0.937476
v -1.875000 35.187500 -0.687476
v -1.750000 35.312500 -0.937476
v -1.875000 35.312500 -0.687476
v -1.687500 35.437500 -0.937476
v -1.937500 35.437500 -0.374976
v -1.687500 35.812500 -0.937476
v -1.875000 35.812500 -0.437476
v -1.562500 36.437500 -1.124976
v -1.750000 36.500000 -0.624976
v -1.437500 37.000000 -1.499976
v -1.625000 37.062500 -0.749976
v -1.125000 37.437500 -1.812476
v -1.250000 37.437500 -0.874976
v -0.625000 37.687500 -0.999976
v 0.000000 37.812500 -1.124976
v 0.500000 37.625000 -1.999976
v 0.625000 37.687500 -0.999976
v 1.062500 37.437500 -1.812476
v 1.250000 37.437500 -0.874976
v 1.437500 37.000000 -1.499976
v 1.562500 37.062500 -0.749976
v 1.562500 36.437500 -1.124976
v 1.812500 36.500000 -0.624976
v 1.687500 35.812500 -0.937476
v 1.875000 35.812500 -0.437476
v -1.125000 36.812500 0.937524
v -1.125000 37.062500 0.750024
v -1.625000 37.062500 0.750024
v -1.625000 36.812500 0.937524
v -0.937500 37.375000 0.125024
v -1.562500 37.375000 0.125024
v 1.000000 34.250000 -2.374979
v 1.125000 34.687500 -2.312476
v 1.187500 34.500000 -2.187476
v 0.875000 34.500000 -2.624976
v 2.125000 36.500000 0.000024
v 2.187500 35.812500 0.187524
v -2.000000 36.437500 0.000024
v -2.250000 35.812500 0.187524
v -0.437500 34.062500 -2.624979
v -0.312500 33.937500 -2.812479
v -0.312500 33.937500 -2.874979
v -0.312500 34.312500 -2.687479
v -0.250000 34.000000 -2.874979
v -0.125000 34.375000 -2.687479
v -0.125000 34.000000 -2.937479
v 0.000000 34.312500 -2.687479
v 0.000000 33.937500 -2.999979
v 1.375000 35.187500 -1.624976
v 1.375000 34.625000 -1.499976
v 1.312500 34.750000 -1.749976
v 1.375000 34.687500 -1.249976
v 1.187500 34.187500 -1.749976
v 1.187500 34.125000 -1.562476
v 1.250000 34.312500 -1.187476
v 1.000000 33.750000 -1.749979
v 0.937500 33.812500 -2.062479
v 0.750000 33.500000 -1.937479
v 0.687500 33.562500 -2.374979
v 0.562500 33.375000 -2.187479
v 0.437500 33.437500 -2.687479
v 0.375000 33.250000 -2.562479
v 0.187500 33.375000 -2.874979
v 0.187500 33.187500 -2.749979
v 0.000000 33.375000 -2.937479
v 0.000000 33.187500 -2.812479
v -0.187500 33.375000 -2.874979
v -0.187500 33.187500 -2.749979
v 0.000000 33.125000 -2.437479
v 0.187500 33.187500 -2.249979
v 0.375000 33.250000 -1.999980
v 0.625000 33.312500 -1.687479
v 0.937500 33.625000 -1.437479
v 1.062500 33.812500 -1.374979
v 1.062500 33.875000 -1.124979
v 1.000000 33.937500 -0.874976
v 0.937500 33.750000 -0.937479
v 1.062500 33.750000 -0.499976
v 1.062500 33.375000 -0.624980
v 0.937500 33.500000 -0.249980
v 0.937500 33.187500 -0.437480
v 0.937500 33.250000 -0.249980
v 0.937500 32.812500 -0.187480
v 1.187500 32.062500 -0.062480
v 1.000000 32.687500 -0.499980
v 1.000000 33.125000 -0.749980
v 0.875000 33.437500 -0.999980
v 0.750000 33.437500 -1.374979
v 0.687500 33.187500 -1.374980
v 0.500000 33.125000 -1.499980
v 0.562500 32.375000 -1.312480
v 0.250000 33.125000 -1.812480
v 0.000000 33.062500 -1.937480
v -0.187500 33.187500 -2.249979
v -0.375000 33.250000 -2.562479
v -0.437500 33.437500 -2.687479
v -0.687500 33.562500 -2.374979
v -0.562500 33.375000 -2.187479
v -0.375000 33.250000 -1.999980
v -0.250000 33.125000 -1.812480
v 0.000000 32.125000 -1.624980
v -0.312500 32.187500 -1.437480
v 0.000000 31.375000 -1.499980
v -0.375000 31.375000 -1.374980
v -0.562500 32.375000 -1.312480
v -0.750000 31.375000 -1.437480
v -0.812500 32.562500 -1.124980
v -0.937500 31.687500 -0.999980
v -1.000000 32.625000 -0.874980
v -1.250000 31.812500 -0.624980
v -1.000000 32.687500 -0.499980
v -1.187500 32.062500 -0.062480
v -0.937500 32.812500 -0.187480
v -0.937500 33.250000 -0.249980
v -0.937500 33.500000 -0.249980
v -1.000000 33.875000 0.187524
v -1.125000 34.250000 0.687524
v -1.250000 34.875000 0.875024
v -1.375000 35.500000 0.812524
v -1.375000 36.062500 0.687524
v -1.375000 36.750000 0.500024
v 0.000000 37.812500 -0.249976
v 0.937500 37.375000 0.125024
v 1.375000 36.750000 0.500024
v 1.375000 36.062500 0.687524
v 1.312500 35.500000 0.812524
v 1.250000 34.875000 0.875024
v 1.125000 34.250000 0.687524
v 1.000000 33.875000 0.187524
v 1.187500 34.125000 -0.437476
v 1.187500 34.187500 -0.812476
v 1.250000 34.312500 -1.062476
v 1.312500 34.312500 -0.937476
v 1.375000 34.437500 -0.437476
v 1.312500 34.312500 0.250024
v 1.687500 34.875000 0.250024
v 1.750000 35.500000 0.250024
v 1.750000 36.000000 0.125024
v 1.750000 36.562500 0.000024
v 1.937500 35.250000 -0.374976
v 1.625000 35.062500 -0.499976
v 1.750000 35.312500 -0.687476
v 1.812500 35.187500 -0.687476
v 1.625000 35.312500 -0.937476
v 1.687500 35.187500 -0.937476
v 1.625000 35.062500 -1.062476
v 1.750000 35.000000 -0.562476
v 1.562500 34.625000 -0.624976
v 1.625000 34.625000 -0.687476
v 1.437500 34.625000 -1.062476
v 1.500000 35.125000 -1.312476
v 1.500000 35.312500 -1.374976
v 1.687500 35.437500 -0.937476
v 1.562500 35.812500 -1.499976
v 1.437500 36.312500 -1.749976
v 1.187500 36.812500 -2.249976
v 0.937500 37.187500 -2.562476
v 0.500000 37.250000 -2.874976
v 0.437500 37.062500 -2.999976
v 0.375000 36.812500 -2.999976
v 0.312500 36.687500 -2.937476
v 0.187500 36.562500 -2.812476
v 0.187500 36.250000 -2.937476
v 0.375000 36.562500 -2.749976
v 0.437500 36.187500 -2.874976
v 0.625000 36.187500 -2.749976
v 0.562500 36.500000 -2.687476
v -0.687500 37.562500 -0.124976
v 0.687500 37.562500 -0.124976
v 1.312500 37.250000 -0.062476
v 1.187500 31.812500 -0.624980
v 1.000000 32.625000 -0.874980
v 0.875000 33.187500 -1.062480
v 0.812500 32.562500 -1.124980
v 0.937500 31.687500 -0.999980
v 0.750000 31.375000 -1.437480
v 0.375000 31.375000 -1.374980
v 0.312500 32.187500 -1.437480
v 0.187500 34.687500 -2.874976
v 0.250000 34.625000 -2.874976
v 0.250000 34.687500 -2.937476
v 0.187500 34.687500 -3.124976
v 0.312500 34.562500 -2.937476
v 0.187500 34.562500 -3.187476
v 0.125000 34.562500 -3.249976
v 0.187500 34.500000 -3.187476
v 0.125000 34.500000 -3.249976
v 0.125000 34.500000 -3.187476
v 0.062500 34.437500 -3.249976
v 0.062500 34.437500 -3.187476
v 0.062500 34.437500 -3.124976
v 0.062500 34.500000 -2.999976
v 0.062500 34.437500 -2.999976
v 0.062500 34.500000 -3.312476
v 0.125000 34.625000 -3.374976
v 0.062500 34.750000 -3.312476
v 0.062500 34.812500 -3.249976
v 0.062500 34.875000 -3.187476
v 0.062500 35.062500 -3.062476
v 0.125000 34.875000 -3.062476
v 0.125000 35.062500 -2.999976
v 0.187500 34.875000 -2.937476
v 0.250000 34.812500 -2.874976
v 0.125000 34.750000 -3.124976
v 0.125000 34.750000 -3.187476
v 0.062500 34.375000 -2.937479
v 0.125000 34.437500 -2.937476
v 0.125000 34.500000 -2.937476
v 0.187500 34.500000 -2.999976
v 0.125000 34.562500 -3.187476
v 0.062500 34.500000 -3.187476
v -0.312500 35.187500 -2.687476
v -0.125000 35.187500 -2.249976
v -0.375000 35.187500 -2.687476
v -0.437500 35.187500 -2.687476
v -0.250000 35.062500 -2.249976
v -0.250000 34.937500 -2.062476
v -0.125000 35.125000 -2.062476
v -0.312500 35.312500 -2.437476
v -0.375000 35.375000 -2.124976
v -0.375000 35.187500 -1.937476
v -0.375000 34.937500 -2.062476
v -0.625000 35.187500 -1.874976
v -0.562500 34.875000 -1.937476
v -0.687500 35.000000 -1.937476
v -0.562500 34.937500 -2.187476
v -0.687500 34.937500 -2.187476
v -0.750000 35.187500 -2.187476
v -0.812500 35.062500 -1.937476
v -0.812500 35.187500 -1.937476
v -0.812500 35.312500 -2.249976
v -0.875000 35.187500 -2.437476
v -0.187500 35.375000 -2.937476
v -0.125000 35.250000 -2.937476
v -0.125000 35.062500 -2.999976
v -0.125000 34.875000 -3.062476
v -0.125000 34.750000 -3.124976
v -0.125000 34.750000 -3.187476
v -0.125000 34.562500 -3.249976
v -0.125000 34.500000 -3.249976
v -0.062500 34.437500 -3.187476
v -0.062500 34.500000 -2.999976
v -0.125000 34.500000 -2.937476
v -0.187500 34.500000 -2.999976
v -0.250000 34.500000 -2.999976
v -0.125000 34.500000 -3.187476
v -0.187500 34.500000 -3.187476
v -0.125000 34.562500 -3.187476
v -0.062500 34.500000 -3.187476
v 0.437500 34.062500 -2.374979
v 0.437500 33.812500 -2.374979
v 0.250000 33.750000 -2.687479
v 0.250000 34.062500 -2.624979
v 0.000000 33.750000 -2.749979
v 0.000000 34.062500 -2.749979
v -0.187500 33.750000 -2.687479
v -0.187500 34.062500 -2.687479
v -0.375000 33.812500 -2.437479
v -0.437500 34.062500 -2.374979
v 1.250000 37.687500 -2.187476
v 0.562500 37.812500 -2.374976
v 0.000000 37.875000 -2.499976
v -0.500000 37.687500 -2.374976
v -0.937500 37.187500 -2.624976
v -0.937500 37.500000 -2.249976
v 0.312500 34.937500 -2.749976
v 0.500000 34.875000 -2.749976
v 0.437500 34.750000 -2.812476
v 0.625000 34.812500 -2.687476
v 0.625000 34.625000 -2.749976
v 0.875000 34.875000 -2.562476
v -0.500000 35.812500 -2.937476
v -0.437500 36.187500 -2.874976
v -0.437500 36.562500 -2.749976
v -0.562500 36.500000 -2.687476
v -0.625000 36.187500 -2.749976
v -0.875000 36.187500 -2.437476
v -1.000000 36.437500 -2.374976
v -0.687500 36.687500 -2.812476
v -0.750000 36.812500 -2.812476
v -0.812500 37.000000 -2.812476
v -1.187500 36.812500 -2.249976
v -1.062500 36.562500 -2.374976
v -1.437500 36.312500 -1.749976
v -1.562500 35.812500 -1.499976
v -1.500000 35.312500 -1.374976
v -1.437500 35.750000 -1.749976
v -1.437500 35.187500 -1.624976
v -1.312500 35.625000 -1.937476
v -1.375000 35.187500 -1.874976
v -1.250000 35.500000 -2.124976
v -1.125000 36.000000 -2.249976
v -1.062500 35.750000 -2.374976
v -1.062500 35.562500 -2.499976
v -1.125000 35.437500 -2.249976
v -1.125000 35.187500 -2.187476
v -1.062500 35.312500 -2.374976
v -1.000000 35.187500 -2.374976
v -0.937500 35.250000 -2.437476
v -0.875000 35.312500 -2.499976
v -0.875000 35.250000 -2.562476
v -0.937500 35.125000 -2.374976
v -1.125000 35.062500 -2.249976
v -1.062500 34.937500 -2.374976
v -1.125000 34.687500 -2.312476
v -0.875000 34.875000 -2.562476
v -0.875000 34.500000 -2.624976
v -0.687500 34.812500 -2.687476
v -0.625000 34.625000 -2.749976
v -0.500000 34.875000 -2.749976
v -0.437500 34.750000 -2.812476
v -0.312500 34.937500 -2.749976
v -0.250000 34.812500 -2.874976
v -0.187500 35.062500 -2.812476
v -0.187500 34.875000 -2.937476
v -0.187500 34.687500 -2.874976
v -0.187500 34.687500 -3.124976
v -0.187500 34.562500 -3.187476
v -0.312500 34.562500 -2.937476
v -0.250000 34.500000 -2.874976
v -0.375000 34.437500 -2.874976
v -0.312500 34.250000 -2.937479
v -0.062500 34.312500 -2.999979
v 0.000000 34.312500 -3.062479
v 0.062500 34.312500 -2.999979
v 0.000000 34.187500 -3.124979
v 0.125000 34.250000 -3.062479
v 0.000000 34.062500 -3.062479
v 0.125000 34.125000 -3.062479
v 0.125000 34.000000 -2.937479
v -0.125000 34.125000 -3.062479
v -0.250000 34.062500 -2.937479
v -0.312500 34.000000 -2.937479
v -0.375000 33.937500 -2.874979
v -0.437500 34.000000 -2.812479
v -0.375000 34.062500 -2.937479
v -0.312500 34.125000 -2.999979
v -0.125000 34.250000 -3.062479
v -0.437500 34.187500 -2.874979
v -0.500000 34.062500 -2.749979
v -0.500000 34.000000 -2.749979
v -0.687500 34.000000 -2.624979
v -0.625000 34.125000 -2.687479
v -0.500000 34.312500 -2.812479
v -0.562500 34.437500 -2.749976
v -0.375000 34.562500 -2.812476
v -1.250000 34.937500 -2.124976
v -1.187500 34.500000 -2.187476
v -1.000000 34.250000 -2.374979
v -0.750000 34.250000 -2.687479
v -0.812500 34.000000 -2.562479
v -0.625000 33.812500 -2.624979
v -0.750000 33.812500 -2.499979
v -0.312500 35.250000 -2.687476
v -0.312500 35.125000 -2.687476
v -0.312500 35.250000 -2.749976
v -0.187500 35.250000 -2.874976
v -0.250000 35.312500 -2.874976
v 1.312500 37.500000 -0.437476
v 0.687500 37.750000 -0.499976
v 0.000000 37.875000 -0.562476
v -0.687500 37.750000 -0.562476
v -1.312500 37.500000 -0.499976
v 0.500000 34.250000 -2.374979
v 0.500000 34.000000 -2.374979
v 0.250000 34.000000 -2.749979
v 0.250000 34.187500 -2.624979
v 0.000000 34.000000 -2.812479
v 0.000000 34.187500 -2.749979
v -0.187500 34.000000 -2.749979
v -0.187500 34.187500 -2.687479
v -0.375000 34.000000 -2.499979
v -0.375000 34.187500 -2.499979
v -0.937500 34.000000 -2.249979
v -1.187500 34.375000 -1.999976
v -1.312500 34.875000 -1.937476
v -1.250000 35.187500 -2.062476
v -1.312500 34.750000 -1.749976
v -1.187500 34.187500 -1.749976
v -0.937500 33.812500 -2.062479
v -0.750000 33.500000 -1.937479
v -0.625000 33.312500 -1.687479
v -0.500000 33.125000 -1.499980
v -0.687500 33.187500 -1.374980
v -0.875000 33.187500 -1.062480
v -1.062500 33.125000 -0.749980
v -0.937500 33.187500 -0.437480
v -1.062500 33.375000 -0.624980
v -1.062500 33.750000 -0.499976
v -1.250000 34.125000 -0.437476
v -1.312500 34.375000 0.250024
v -1.687500 34.875000 0.250024
v -1.750000 35.500000 0.250024
v -1.750000 36.000000 0.125024
v -1.750000 36.562500 0.000024
v -1.312500 37.250000 -0.062476
v -1.875000 35.000000 -0.374976
v -1.625000 35.062500 -0.499976
v -1.562500 34.625000 -0.624976
v -1.312500 34.312500 -0.937476
v -1.250000 34.312500 -1.187476
v -1.375000 34.687500 -1.249976
v -1.500000 35.125000 -1.312476
v -1.375000 34.625000 -1.499976
v -1.187500 34.125000 -1.562476
v -1.000000 33.750000 -1.749979
v -1.062500 33.812500 -1.374979
v -1.250000 34.312500 -1.062476
v -1.187500 34.187500 -0.812476
v -1.375000 34.437500 -0.437476
v -1.000000 33.937500 -0.874976
v -0.937500 33.750000 -0.937479
v -0.875000 33.437500 -0.999980
v -0.750000 33.437500 -1.374979
v -0.937500 33.625000 -1.437479
v -1.062500 33.875000 -1.124979
v -0.250000 34.625000 -2.874976
v -0.250000 34.687500 -2.937476
v -0.562500 35.375000 -2.499976
v -0.562500 35.437500 -2.187476
v 0.687500 36.687500 -2.812476
v 0.750000 36.750000 -2.812476
v 0.812500 37.000000 -2.749976
v 1.062500 36.562500 -2.374976
v 1.000000 36.437500 -2.374976
v 1.250000 36.187500 -2.124976
v 1.437500 35.750000 -1.749976
v 1.312500 35.625000 -1.937476
v 1.062500 36.000000 -2.249976
v 1.375000 35.187500 -1.874976
v 1.312500 34.375000 -1.124976
v 1.375000 34.312500 -0.937476
v -0.125000 34.437500 -2.062476
v -0.312500 34.375000 -2.124979
v -0.187500 33.687500 -1.999979
v -0.375000 33.625000 -1.999979
v -0.500000 34.062500 -2.187479
v -0.437500 33.625000 -2.062479
v 0.000000 37.687500 1.437524
v 0.000000 36.937500 1.687524
v 0.000000 36.312500 1.812524
v 0.437500 33.812500 -2.624979
v 0.375000 33.937500 -2.812479
v 0.250000 34.000000 -2.812479
v 0.250000 33.750000 -2.812479
v 0.187500 33.562500 -2.874979
v 0.125000 33.687500 -2.874979
v 0.375000 33.562500 -2.749979
v 0.312500 33.937500 -2.812479
v 0.250000 33.875000 -2.874979
v -11.812500 22.187500 -1.187484
v -11.500000 22.812500 -1.062484
v -11.937500 22.250000 -1.312484
v -11.687500 22.125000 -0.874984
v -11.312500 22.687500 -0.687484
v -11.687500 22.125000 -0.499984
v -11.312500 22.625000 -0.312484
v -11.812500 22.125000 -0.249984
v -12.000000 22.187500 -0.187484
v -11.625000 22.687500 0.000016
v -12.125000 21.625000 -1.812484
v -12.250000 22.062500 -1.562484
v -12.062500 22.000000 -1.374984
v -12.687500 21.687500 -1.687484
v -12.437500 22.125000 -1.499984
v -12.687500 22.187500 -1.374984
v -13.000000 21.687500 -1.437484
v -12.875000 22.250000 -1.187484
v -13.125000 21.625000 -0.999985
v -12.937500 22.250000 -0.687484
v -12.937500 21.500000 -0.749985
v -12.812500 22.187500 -0.499984
v -12.812500 21.312500 -0.437488
v -13.187500 20.750000 -0.937488
v -13.062500 20.687500 -0.687488
v -12.625000 22.125000 -0.312484
v -12.312500 22.000000 -0.187484
v -12.562500 21.250000 -0.437488
v -12.125000 22.000000 -0.437484
v -12.250000 21.312500 -0.562488
v -11.937500 22.000000 -0.624984
v -12.062500 21.437500 -0.937485
v -11.812500 21.500000 -1.437488
v -12.437500 21.062500 -1.124988
v -11.937500 21.062500 -1.562488
v -12.000000 21.000000 -1.999988
v -12.125000 20.875000 -1.812488
v -12.625000 20.687500 -1.624988
v -12.625000 20.750000 -1.749988
v -12.500000 20.625000 -1.937488
v -12.187500 20.625000 -1.999988
v -12.000000 20.812500 -2.374988
v -11.937500 21.187500 -2.187488
v -12.375000 20.812500 -2.437488
v -12.312500 21.125000 -2.312488
v -11.875000 22.000000 -1.062484
v -12.625000 20.687500 -2.124988
v -12.625000 21.125000 -2.187488
v -13.125000 21.062500 -1.999988
v -12.812500 21.062500 -2.062488
v -12.812500 22.187500 -0.249984
v -12.500000 22.375000 -0.124984
v -12.687500 22.437500 -0.249984
v -13.000000 22.250000 -0.437484
v -12.812500 22.500000 -0.624984
v -13.062500 22.312500 -0.812484
v -12.750000 22.500000 -1.062484
v -12.937500 22.312500 -1.249984
v -12.562500 22.437500 -1.312484
v -12.750000 22.312500 -1.437484
v -12.312500 22.375000 -1.437484
v -12.500000 22.250000 -1.562484
v -13.062500 22.062500 -0.249984
v -13.250000 22.125000 -0.562484
v -13.312500 22.125000 -0.937484
v -13.250000 22.125000 -1.374984
v -13.000000 22.062500 -1.562484
v -12.875000 22.062500 -1.624984
v -12.687500 22.125000 -1.687484
v -11.937500 22.187500 -0.562484
v -11.875000 22.187500 -0.937484
v -12.187500 22.250000 -0.124984
v -11.812500 22.812500 0.062516
v -10.562500 23.750000 0.312516
v -10.250000 23.625000 0.000016
v -9.437500 24.750000 0.687516
v -9.125000 24.562500 0.187516
v -8.375000 25.437500 0.937516
v -7.937500 25.250000 0.437516
v -7.875000 26.000000 1.000016
v -7.562500 25.812500 0.500016
v -7.625000 26.250000 1.000016
v -7.312500 26.187500 0.500016
v -7.687500 26.625000 0.937516
v -7.062500 26.625000 0.562516
v -6.437500 27.437500 1.000016
v -6.250000 27.312500 0.437516
v -3.875000 29.437500 0.500020
v -4.187500 29.437500 0.937520
v -6.812500 27.812500 1.187520
v -4.375000 30.187500 1.125020
v -7.125000 28.250000 1.000020
v -4.687500 30.562500 0.750020
v -7.375000 28.562500 0.250020
v -5.312500 30.562500 0.312520
v -7.250000 28.187500 -0.374980
v -4.812500 30.750000 -0.374980
v -6.812500 27.812500 -0.687480
v -4.562500 30.000000 -0.812480
v -6.437500 27.562500 -0.499981
v -4.250000 29.687500 -0.624980
v -6.187500 27.375000 -0.187484
v -4.125000 29.375000 -0.312480
v -6.937500 26.750000 0.062516
v -7.125000 26.187500 0.062516
v -7.375000 25.750000 0.000016
v -7.812500 25.250000 0.000016
v -9.000000 24.562500 -0.187484
v -10.250000 23.687500 -0.374984
v -10.312500 23.812500 -0.749984
v -10.625000 24.000000 -0.937484
v -11.687500 22.875000 -1.249984
v -12.125000 22.312500 -1.437484
v -11.875000 22.937500 -1.187484
v -12.125000 23.000000 -0.999984
v -12.312500 23.000000 -0.687484
v -12.375000 23.000000 -0.374984
v -12.250000 22.937500 0.000016
v -12.062500 22.875000 0.125016
v -10.875000 23.937500 0.500016
v -9.875000 25.000000 0.812516
v -8.687500 25.687500 1.000016
v -8.187500 26.250000 1.000016
v -8.000000 26.500000 1.000016
v -8.062500 26.687500 1.125016
v -7.625000 26.937500 1.312516
v -7.937500 27.187500 1.250016
v -8.375000 27.062500 1.062516
v -8.375000 27.312500 0.812516
v -8.312500 27.625000 0.625020
v -7.750000 28.062500 0.312520
v -7.687500 27.687500 -0.124980
v -7.125000 27.437500 -0.374984
v -7.000000 27.000000 -0.187484
v -7.187500 26.500000 -0.249984
v -7.437500 25.937500 -0.374984
v -7.937500 25.375000 -0.499984
v -9.062500 24.625000 -0.624984
v -9.500000 24.937500 -0.937484
v -10.062500 25.250000 -0.624984
v -10.937500 24.187500 -0.812484
v -11.125000 24.250000 -0.562484
v -11.250000 24.250000 0.000016
v -11.125000 24.125000 0.250016
v -10.437500 25.312500 0.437516
v -10.562500 25.375000 0.000016
v -10.437500 25.312500 -0.374984
v -9.062500 26.437500 -0.562484
v -8.562500 26.000000 -0.812484
v -8.125000 25.562500 -0.812484
v -7.625000 26.187500 -0.687484
v -7.312500 26.687500 -0.499984
v -7.625000 27.000000 -0.374984
v -7.937500 27.500000 -0.312484
v -8.500000 27.687500 0.187520
v -8.625000 27.500000 0.437516
v -8.562500 27.187500 0.625016
v -8.562500 27.000000 0.875016
v -8.187500 26.562500 1.125016
v -8.375000 26.437500 1.125016
v -8.875000 25.875000 1.125016
v -8.875000 27.000000 0.750016
v -8.937500 27.062500 0.625016
v -8.937500 27.187500 0.375016
v -9.000000 27.312500 0.125016
v -9.500000 26.625000 0.000016
v -9.500000 26.562500 0.375016
v -9.375000 26.375000 0.750016
v -8.750000 26.875000 0.875016
v -8.437500 27.125000 -0.499984
v -8.000000 26.562500 -0.687484
v 0.375000 33.937500 -2.874979
v 0.312500 33.937500 -2.874979
v 0.312500 34.000000 -2.937479
v 0.250000 34.000000 -2.874979
v 0.250000 34.062500 -2.937479
v 0.375000 34.062500 -2.937479
v 0.437500 34.000000 -2.812479
v 0.312500 34.125000 -2.999979
v 0.437500 34.062500 -2.624979
v -0.375000 33.687500 -2.687479
v -0.250000 34.000000 -2.812479
v -0.437500 33.812500 -2.624979
v 0.375000 34.562500 -2.812476
v 0.562500 34.437500 -2.749976
v 0.250000 34.500000 -2.874976
v 0.187500 34.437500 -2.874976
v 0.187500 34.437500 -2.937476
v 0.312500 34.437500 -2.874976
v 0.312500 34.250000 -2.937479
v 0.500000 34.062500 -2.749979
v 0.500000 34.000000 -2.749979
v 0.437500 34.187500 -2.874979
v 0.500000 34.312500 -2.812479
v 0.625000 34.125000 -2.687479
v 0.750000 34.250000 -2.687479
v -0.750000 35.187500 -2.624976
v -0.625000 35.125000 -2.687476
v -0.312500 35.000000 -2.249976
v -0.500000 35.125000 -2.687476
v 0.500000 35.312500 -2.749976
v 0.500000 35.312500 -2.687476
v 0.375000 35.187500 -2.687476
v 0.312500 35.250000 -2.687476
v 0.312500 35.187500 -2.687476
v 0.312500 35.125000 -2.687476
v 0.437500 35.187500 -2.687476
v 0.375000 35.062500 -2.687476
v 0.500000 35.125000 -2.687476
v 0.500000 35.000000 -2.687476
v 0.625000 35.125000 -2.687476
v 0.625000 35.000000 -2.624976
v 0.750000 35.187500 -2.624976
v 0.812500 35.062500 -2.562476
v 0.875000 35.187500 -2.437476
v 0.937500 35.125000 -2.374976
v 0.937500 35.187500 -2.374976
v 0.875000 35.250000 -2.437476
v 0.937500 35.250000 -2.437476
v 1.125000 35.187500 -2.187476
v 1.062500 35.312500 -2.374976
v 1.125000 35.437500 -2.249976
v 1.250000 35.187500 -2.062476
v 1.250000 35.500000 -2.124976
v 1.062500 35.750000 -2.374976
v 1.312500 34.875000 -1.937476
v 1.187500 34.375000 -1.999976
v 1.187500 34.937500 -2.124976
v 1.062500 35.062500 -2.249976
v 1.062500 34.937500 -2.374976
v 0.187500 35.062500 -2.812476
v 0.250000 35.250000 -2.749976
v 0.187500 35.250000 -2.874976
v 0.250000 35.312500 -2.874976
v 0.125000 35.250000 -2.937476
v 0.187500 35.375000 -2.937476
v 0.125000 35.375000 -2.999976
v 0.187500 35.500000 -3.062476
v 0.062500 35.250000 -2.999976
v 0.750000 35.187500 -2.187476
v 0.687500 34.937500 -2.187476
v 0.562500 34.937500 -2.187476
v 0.312500 35.000000 -2.249976
v 0.250000 35.062500 -2.249976
v 0.125000 35.187500 -2.249976
v 0.312500 35.312500 -2.437476
v 0.562500 35.375000 -2.499976
v 0.687500 35.312500 -2.687476
v 0.812500 35.312500 -2.249976
v 0.750000 35.250000 -2.624976
v 0.812500 35.250000 -2.562476
v 0.812500 35.062500 -1.937476
v 0.687500 35.000000 -1.937476
v 0.562500 34.875000 -1.937476
v 0.375000 34.937500 -2.062476
v 0.250000 34.937500 -2.062476
v 0.125000 35.125000 -2.062476
v 0.312500 35.375000 -2.124976
v 0.562500 35.437500 -2.187476
v 0.812500 35.187500 -1.937476
v 0.625000 35.187500 -1.874976
v 0.375000 35.187500 -1.937476
v 1.937500 35.437500 -0.374976
v -0.375000 35.062500 -2.687476
v -0.500000 35.000000 -2.687476
v -0.625000 35.000000 -2.624976
v -0.812500 35.062500 -2.562476
v -12.812500 20.625000 -1.937488
v -12.937500 20.500000 -2.187488
v -12.875000 20.375000 -1.999988
v -13.062500 20.375000 -1.749988
v -12.750000 20.562500 -1.312488
v -12.500000 20.750000 -0.749988
v -12.750000 20.687500 -0.499988
v -13.312500 20.250000 -0.812488
v -13.375000 20.312500 -0.937488
v -13.312500 20.312500 -1.062488
v -13.437500 20.312500 -1.124988
v -13.375000 20.062500 -1.124988
v -13.437500 20.062500 -1.124988
v -13.125000 19.437500 -1.249988
v -13.375000 19.437500 -1.312488
v -12.937500 18.812500 -1.499988
v -13.062500 18.750000 -1.562488
v -12.875000 18.562500 -1.624988
v -13.000000 18.437500 -1.687488
v -12.750000 18.250000 -1.749988
v -12.812500 18.125000 -1.812488
v -13.000000 18.437500 -1.874988
v -12.875000 18.187500 -1.937488
v -12.812500 18.250000 -1.937488
v -12.875000 18.562500 -1.937488
v -13.125000 18.812500 -1.749988
v -13.375000 19.500000 -1.499988
v -13.437500 20.125000 -1.312488
v -13.500000 20.375000 -1.312488
v -13.375000 20.812500 -1.249988
v -13.375000 20.875000 -1.499988
v -13.250000 20.937500 -1.687488
v -13.437500 20.500000 -2.124988
v -13.062500 20.562500 -2.249988
v -12.875000 20.812500 -1.999988
v -12.562500 20.625000 -2.062488
v -12.437500 20.437500 -2.124988
v -12.500000 20.437500 -2.437488
v -12.375000 20.250000 -2.249988
v -12.500000 20.125000 -2.749988
v -12.375000 20.000000 -2.562488
v -12.375000 20.062500 -3.062488
v -12.375000 20.500000 -2.562488
v -13.250000 20.375000 -2.312488
v -13.062500 20.312500 -2.312488
v -13.437500 19.937500 -2.562488
v -13.500000 20.312500 -2.187488
v -13.500000 20.500000 -1.874988
v -13.437500 20.437500 -1.812488
v -13.562500 20.500000 -1.562488
v -13.500000 20.437500 -1.437488
v -13.250000 20.125000 -1.437488
v -13.125000 19.500000 -1.624988
v -13.000000 18.875000 -1.812488
v -13.250000 19.437500 -1.187488
v -13.062500 20.187500 -1.124988
v -13.375000 20.062500 -0.999988
v -13.312500 20.062500 -0.874988
v -13.062500 20.187500 -0.687488
v -12.812500 20.312500 -0.874988
v -12.875000 20.500000 -0.999988
v -13.000000 20.375000 -1.249988
v -13.062500 20.250000 -1.249988
v -13.062500 19.562500 -1.437488
v -13.062500 19.437500 -1.437488
v -13.062500 20.250000 -1.374988
v -12.937500 20.312500 -1.562488
v -13.125000 20.250000 -1.562488
v -12.937500 19.625000 -1.812488
v -13.000000 19.500000 -1.812488
v -13.000000 18.875000 -1.874988
v -12.875000 19.000000 -1.999988
v -12.812500 18.875000 -2.062488
v -13.062500 18.937500 -2.187488
v -13.187500 19.625000 -1.999988
v -13.375000 20.250000 -1.812488
v -13.000000 20.250000 -1.999988
v -13.250000 19.875000 -2.312488
v -13.562500 19.812500 -2.187488
v -13.312500 19.750000 -2.374988
v -13.562500 19.250000 -2.437488
v -13.375000 19.437500 -2.562488
v -13.375000 19.312500 -2.624988
v -13.500000 19.375000 -2.749988
v -12.750000 18.250000 -1.437488
v -12.812500 18.312500 -1.562488
v -12.750000 18.437500 -1.562488
v -12.687500 18.312500 -1.374988
v -12.625000 18.562500 -1.499988
v -12.875000 18.625000 -1.499988
v -12.687500 18.687500 -1.437488
v -12.937500 18.812500 -1.437488
v -12.812500 18.750000 -1.374988
v -12.812500 18.875000 -1.312488
v -12.812500 18.750000 -1.187488
v -12.750000 18.562500 -1.249988
v -12.875000 18.500000 -1.374988
v -12.937500 18.500000 -1.437488
v -13.062500 18.687500 -1.374988
v -13.437500 19.375000 -1.124988
v -13.375000 19.375000 -0.999988
v -13.000000 18.687500 -1.312488
v -13.187500 19.312500 -0.937488
v -13.125000 20.000000 -0.749988
v -12.937500 20.187500 -0.937488
v -13.000000 19.500000 -1.062488
v -13.000000 19.375000 -1.124988
v -12.750000 18.375000 -1.874988
v -12.750000 18.562500 -1.749988
v -12.875000 18.812500 -1.687488
v -12.875000 18.937500 -1.624988
v -12.812500 18.187500 -2.187488
v -12.937500 18.187500 -2.312488
v -12.812500 18.312500 -2.374988
v -12.750000 18.250000 -2.124988
v -12.687500 18.375000 -2.249988
v -12.687500 18.625000 -2.187488
v -12.937500 18.625000 -2.312488
v -12.812500 18.562500 -1.999988
v -13.500000 18.750000 -2.687488
v -13.562500 18.750000 -2.874988
v -13.437500 18.875000 -2.874988
v -13.375000 18.812500 -2.624988
v -13.312500 18.937500 -2.749988
v -13.375000 19.187500 -2.687488
v -13.500000 19.187500 -2.812488
v -13.500000 19.062500 -2.499988
v -13.250000 18.875000 -2.062488
v -13.437500 19.562500 -1.874988
v -13.500000 20.187500 -1.687488
v -13.500000 20.125000 -1.562488
v -13.375000 19.500000 -1.687488
v -13.187500 18.812500 -1.937488
v -13.062500 18.437500 -2.062488
v -13.062500 18.500000 -2.249988
v -13.500000 20.250000 -1.999988
v -13.687500 19.875000 -2.437488
v -13.687500 19.312500 -2.687488
v -13.625000 19.062500 -2.749988
v -13.625000 19.000000 -2.562488
v -13.687500 19.250000 -2.499988
v -13.687500 19.812500 -2.249988
v -12.187500 20.437500 -2.187488
v -12.125000 20.250000 -2.312488
v -12.062500 20.562500 -2.499988
v -12.062500 20.062500 -2.812488
v -12.125000 20.062500 -2.562488
v 13.437500 20.125000 -1.124988
v 13.250000 19.500000 -1.437488
v 13.125000 20.187500 -1.124988
v 13.437500 20.125000 -1.062488
v 13.375000 19.375000 -1.312488
v 13.375000 20.000000 -0.874988
v 13.250000 19.375000 -1.187488
v 13.187500 19.937500 -0.812488
v 13.062500 19.375000 -1.187488
v 13.000000 19.562500 -1.312488
v 13.000000 19.437500 -1.312488
v 13.000000 20.125000 -0.999988
v 13.125000 20.125000 -0.749988
v 13.375000 20.250000 -0.812488
v 13.437500 20.312500 -0.999988
v 13.375000 20.312500 -1.124988
v 13.250000 20.875000 -0.999988
v 13.500000 20.375000 -1.187488
v 13.500000 20.125000 -1.187488
v 13.250000 19.437500 -1.437488
v 13.500000 19.375000 -1.437488
v 13.500000 20.187500 -1.437488
v 13.562500 19.437500 -1.624988
v 13.375000 19.562500 -1.812488
v 13.375000 20.250000 -1.499988
v 13.562500 20.437500 -1.374988
v 13.375000 20.937500 -1.249988
v 13.625000 20.437500 -1.437488
v 13.562500 20.312500 -1.562488
v 13.625000 19.500000 -1.874988
v 13.562500 20.375000 -1.749988
v 13.687500 19.562500 -1.999988
v 13.562500 19.687500 -2.124988
v 13.437500 20.437500 -1.874988
v 13.625000 20.562500 -1.687488
v 13.375000 21.062500 -1.499988
v 13.062500 21.750000 -0.999985
v 12.875000 21.562500 -0.749985
v 12.875000 22.187500 -0.687484
v 12.750000 22.125000 -0.499984
v 12.812500 21.437500 -0.499988
v 12.562500 22.000000 -0.312484
v 12.500000 21.312500 -0.437488
v 12.250000 21.875000 -0.249984
v 12.250000 21.375000 -0.624988
v 12.062500 21.937500 -0.499984
v 12.000000 21.500000 -0.999985
v 11.875000 21.937500 -0.687484
v 12.000000 21.687500 -1.624984
v 11.812500 22.000000 -1.124984
v 12.062500 22.125000 -1.437484
v 12.500000 21.937500 -1.874984
v 12.437500 21.625000 -2.374985
v 12.750000 21.687500 -2.437485
v 12.625000 21.312500 -2.749985
v 12.875000 21.437500 -2.687485
v 12.750000 21.125000 -2.937488
v 13.000000 21.187500 -2.937488
v 12.937500 20.875000 -3.374988
v 13.187500 20.937500 -3.437488
v 12.875000 20.750000 -3.187488
v 13.125000 20.750000 -3.124988
v 12.750000 20.812500 -2.874988
v 12.687500 20.937500 -2.624988
v 12.625000 21.000000 -2.437488
v 13.000000 20.937500 -2.562488
v 13.000000 20.812500 -2.749988
v 12.687500 21.000000 -2.249988
v 12.687500 20.875000 -1.937488
v 12.750000 20.875000 -2.187488
v 12.937500 20.500000 -2.062488
v 13.000000 20.625000 -2.249988
v 13.062500 20.375000 -2.124988
v 13.125000 20.437500 -2.312488
v 13.312500 19.937500 -2.312488
v 13.500000 19.937500 -2.562488
v 13.375000 19.812500 -2.374988
v 13.625000 19.437500 -2.749988
v 13.437500 19.437500 -2.499988
v 13.625000 19.812500 -2.187488
v 13.125000 20.500000 -1.812488
v 12.625000 20.812500 -1.687488
v 12.437500 21.187500 -2.187488
v 12.312500 21.375000 -2.374985
v 12.187500 21.312500 -1.687488
v 12.812500 20.687500 -1.374988
v 13.000000 20.375000 -1.624988
v 13.187500 20.312500 -1.687488
v 13.250000 19.687500 -1.937488
v 13.250000 19.625000 -1.999988
v 13.125000 20.375000 -1.374988
v 13.062500 20.312500 -1.249988
v 13.187500 20.187500 -1.312488
v 13.187500 19.625000 -1.562488
v 13.187500 19.500000 -1.624988
v 12.875000 20.437500 -1.062488
v 12.437500 21.125000 -1.187488
v 12.500000 20.812500 -0.749988
v 12.937500 20.187500 -0.937488
v 12.812500 20.750000 -0.562488
v 13.125000 20.750000 -0.687488
v 13.625000 19.312500 -2.437488
v 13.437500 19.375000 -2.562488
v 13.437500 19.250000 -2.624988
v 13.562500 19.187500 -2.437488
v 13.375000 19.000000 -2.687488
v 13.437500 18.937500 -2.562488
v 13.500000 18.937500 -2.812488
v 13.562500 18.875000 -2.687488
v 13.625000 18.875000 -2.812488
v 13.562500 19.312500 -2.812488
v 11.812500 22.312500 -1.249984
v 11.937500 22.375000 -1.374984
v 11.500000 22.937500 -1.249984
v 11.687500 22.312500 -0.937484
v 11.312500 22.750000 -0.874984
v 11.687500 22.250000 -0.562484
v 11.312500 22.687500 -0.499984
v 11.812500 22.312500 -0.312484
v 11.562500 22.812500 -0.187484
v 12.000000 22.375000 -0.249984
v 12.187500 22.187500 -1.624984
v 12.375000 22.250000 -1.562484
v 12.750000 21.812500 -1.749984
v 12.625000 22.312500 -1.374984
v 13.000000 21.812500 -1.437484
v 12.812500 22.312500 -1.187484
v 13.250000 21.125000 -1.749988
v 13.500000 20.625000 -1.812488
v 13.500000 20.625000 -1.937488
v 13.187500 21.125000 -1.999988
v 12.875000 21.562500 -2.062485
v 13.000000 21.250000 -2.374985
v 13.125000 21.062500 -2.812488
v 13.250000 20.937500 -3.187488
v 13.000000 21.000000 -2.374988
v 12.937500 20.875000 -2.249988
v 13.125000 20.750000 -2.312488
v 13.250000 20.562500 -2.312488
v 13.750000 19.937500 -2.437488
v 13.812500 19.312500 -2.624988
v 13.750000 19.187500 -2.687488
v 13.687500 19.125000 -2.499988
v 13.750000 19.312500 -2.499988
v 13.750000 19.875000 -2.249988
v 13.562500 20.437500 -1.999988
v 13.437500 20.687500 -2.124988
v 13.062500 21.375000 -2.124985
v 12.500000 22.562500 -0.124984
v 12.687500 22.062500 -0.249984
v 12.875000 22.125000 -0.437484
v 12.687500 22.625000 -0.312484
v 12.937500 22.250000 -0.749984
v 12.812500 22.625000 -0.687484
v 12.875000 22.312500 -1.187484
v 12.750000 22.625000 -1.124984
v 12.562500 22.562500 -1.312484
v 12.437500 22.250000 -1.562484
v 12.312500 22.500000 -1.437484
v 12.937500 21.500000 -0.437484
v 13.187500 21.687500 -0.687485
v 13.250000 21.750000 -0.999985
v 13.187500 21.875000 -1.374984
v 12.937500 21.875000 -1.562484
v 12.750000 21.875000 -1.687484
v 12.562500 22.000000 -1.687484
v 11.937500 22.375000 -0.624984
v 11.875000 22.375000 -0.999984
v 12.187500 22.437500 -0.124984
v 11.812500 22.937500 -0.062484
v 10.687500 23.687500 0.062516
v 10.437500 23.562500 -0.187484
v 9.437500 24.625000 0.562516
v 9.187500 24.437500 0.125016
v 8.375000 25.375000 0.875016
v 8.000000 25.187500 0.375016
v 7.937500 25.937500 1.000016
v 7.562500 25.750000 0.500016
v 7.687500 26.187500 1.000016
v 7.375000 26.125000 0.500016
v 7.750000 26.562500 1.062516
v 6.937500 26.562500 0.625016
v 6.562500 27.375000 1.000016
v 6.312500 27.250000 0.437516
v 3.687500 29.437500 0.500020
v 3.875000 29.937500 1.062520
v 6.875000 27.750000 1.187520
v 4.437500 29.875000 1.125020
v 7.187500 28.187500 1.000020
v 4.687500 30.125000 1.000020
v 7.500000 28.500000 0.312520
v 5.500000 30.187500 0.312520
v 7.312500 28.187500 -0.374980
v 5.000000 30.250000 -0.437480
v 6.875000 27.812500 -0.687480
v 4.687500 30.000000 -0.874980
v 6.500000 27.500000 -0.499984
v 4.125000 29.812500 -0.687480
v 6.250000 27.312500 -0.187484
v 3.875000 29.625000 -0.374980
v 6.875000 26.750000 0.125016
v 7.125000 26.187500 0.062516
v 7.437500 25.750000 0.000016
v 7.875000 25.187500 -0.062484
v 9.062500 24.375000 -0.249984
v 10.375000 23.625000 -0.624984
v 10.500000 23.750000 -1.062484
v 10.750000 24.000000 -1.187484
v 11.625000 23.000000 -1.437484
v 12.125000 22.437500 -1.499984
v 11.812500 23.125000 -1.374984
v 11.062500 24.187500 -1.062484
v 10.000000 25.250000 -0.687484
v 9.500000 24.875000 -0.937484
v 9.125000 24.500000 -0.687484
v 7.937500 25.312500 -0.562484
v 7.500000 25.937500 -0.374984
v 7.250000 26.437500 -0.249984
v 7.062500 26.937500 -0.124984
v 7.250000 27.437500 -0.312484
v 7.750000 27.625000 -0.187481
v 7.812500 28.000000 0.437520
v 8.375000 27.625000 0.625020
v 8.437500 27.250000 0.812516
v 8.062500 27.125000 1.250016
v 7.687500 26.875000 1.312516
v 8.125000 26.687500 1.125016
v 8.437500 27.000000 1.062516
v 8.625000 27.187500 0.687516
v 8.687500 27.437500 0.500016
v 8.625000 27.625000 0.187519
v 8.062500 27.437500 -0.249984
v 7.687500 26.937500 -0.374984
v 7.375000 26.625000 -0.499984
v 7.687500 26.125000 -0.687484
v 8.187500 25.562500 -0.874984
v 8.625000 25.937500 -0.812484
v 9.125000 26.375000 -0.624984
v 10.312500 25.375000 -0.437484
v 11.250000 24.250000 -0.749984
v 12.062500 23.187500 -1.124984
v 12.187500 23.250000 -0.874984
v 12.312500 23.250000 -0.562484
v 12.187500 23.187500 -0.187484
v 12.000000 23.062500 0.000016
v 11.000000 23.937500 0.250016
v 9.812500 25.000000 0.687516
v 8.750000 25.687500 0.937516
v 8.187500 26.187500 1.000016
v 8.062500 26.437500 1.000016
v 8.312500 26.625000 1.125016
v 8.625000 26.937500 0.812516
v 9.000000 27.000000 0.625016
v 9.000000 27.125000 0.375016
v 9.062500 27.250000 0.125016
v 8.562500 27.062500 -0.437484
v 8.062500 26.500000 -0.687484
v 9.562500 26.562500 -0.062484
v 10.437500 25.437500 -0.062484
v 11.375000 24.250000 -0.249984
v 11.250000 24.125000 0.062516
v 10.312500 25.375000 0.250016
v 9.562500 26.500000 0.375016
v 8.937500 26.937500 0.812516
v 8.812500 26.812500 0.937516
v 8.437500 26.375000 1.125016
v 8.937500 25.812500 1.062516
v 9.437500 26.312500 0.750016
v 13.500000 20.500000 -2.187488
v 0.312500 33.687500 -2.687479
v 0.375000 33.625000 -1.999979
v 0.125000 33.687500 -2.749979
v 0.187500 33.687500 -1.999979
v 0.125000 34.437500 -2.062476
v 0.000000 33.687500 -1.937479
v 0.000000 34.375000 -2.062479
v 0.312500 34.375000 -2.124979
v 0.500000 34.062500 -2.187479
v 0.437500 33.625000 -2.062479
v -0.500000 33.875000 -2.749979
v -0.562500 33.687500 -2.624979
v -0.375000 33.562500 -2.749979
v -0.187500 33.562500 -2.874979
v 0.562500 33.687500 -2.624979
v 0.437500 33.812500 -2.749979
v 0.250000 33.812500 -2.874979
v 0.312500 33.875000 -2.749979
v 0.375000 33.937500 -2.749979
v 0.500000 33.875000 -2.749979
v 0.687500 34.000000 -2.624979
v 0.812500 34.000000 -2.562479
v 0.937500 34.000000 -2.249979
v 0.750000 33.812500 -2.499979
v 0.625000 33.812500 -2.624979
v -0.187500 33.687500 -2.749979
v -0.812500 35.250000 -2.562476
v -0.750000 35.250000 -2.624976
v -0.687500 35.312500 -2.687476
v -0.500000 35.312500 -2.687476
v -0.812500 35.312500 -2.687476
v -0.687500 35.312500 -2.749976
v -0.500000 35.312500 -2.749976
v -0.500000 35.375000 -2.812476
v -0.437500 35.437500 -2.874976
v -0.437500 35.562500 -2.937476
v -0.687500 35.875000 -2.812476
v -0.937500 35.812500 -2.624976
v -1.250000 36.187500 -2.124976
v -0.875000 35.625000 -2.687476
v -0.687500 35.625000 -2.812476
v -0.687500 35.500000 -2.812476
v -0.687500 35.375000 -2.749976
v -0.812500 35.375000 -2.624976
v -1.000000 35.437500 -2.499976
v -0.875000 35.437500 -2.687476
v -0.250000 33.750000 -2.812479
v -0.437500 33.812500 -2.749979
v -0.312500 33.875000 -2.749979
v -0.375000 33.937500 -2.749979
v -0.250000 33.812500 -2.874979
v -0.250000 33.875000 -2.874979
v 0.000000 33.562500 -2.937479
v 0.000000 33.687500 -2.874979
v 0.125000 33.812500 -2.999979
v 0.125000 33.875000 -2.999979
v 0.000000 34.000000 -2.937479
v 0.000000 33.875000 -2.999979
v 0.000000 33.750000 -2.999979
v 0.000000 33.687500 -2.749979
v 0.250000 35.750000 -3.062476
v 0.437500 35.812500 -2.937476
v 0.437500 35.562500 -2.937476
v 0.437500 35.437500 -2.874976
v 0.500000 35.375000 -2.812476
v 0.687500 35.312500 -2.749976
v 0.750000 35.312500 -2.687476
v 0.875000 35.250000 -2.562476
v 0.875000 35.312500 -2.499976
v 1.000000 35.437500 -2.499976
v 1.062500 35.562500 -2.499976
v 0.875000 35.812500 -2.624976
v 0.875000 36.187500 -2.437476
v 0.875000 35.625000 -2.687476
v 0.875000 35.437500 -2.687476
v 0.812500 35.375000 -2.624976
v 0.687500 35.375000 -2.749976
v 0.687500 35.500000 -2.812476
v -0.375000 33.937500 -2.812479
v -0.125000 33.875000 -2.999979
v -0.125000 33.812500 -2.999979
v -0.125000 33.687500 -2.874979
v 0.250000 34.500000 -2.999976
v 0.687500 35.875000 -2.812476
v 0.687500 35.625000 -2.812476
v 0.125000 34.375000 -2.687479
v 0.312500 34.312500 -2.687479
v 12.812500 18.562500 -1.624988
v 12.812500 18.687500 -1.812488
v 12.875000 18.562500 -1.749988
v 12.750000 18.625000 -1.624988
v 12.687500 18.812500 -1.687488
v 12.937500 18.875000 -1.749988
v 12.687500 18.875000 -1.687488
v 12.812500 18.812500 -1.499988
v 12.937500 18.750000 -1.562488
v 13.000000 18.750000 -1.624988
v 13.062500 18.875000 -1.562488
v 12.937500 18.937500 -1.687488
v 13.000000 18.875000 -1.499988
v 12.812500 18.937500 -1.499988
v 12.750000 19.000000 -1.624988
v 12.750000 19.062500 -1.562488
v 13.000000 18.437500 -2.187488
v 12.875000 18.437500 -2.062488
v 12.812500 18.562500 -1.999988
v 12.937500 18.562500 -2.187488
v 12.812500 18.625000 -2.124988
v 12.875000 18.875000 -1.999988
v 12.937500 18.812500 -1.874988
v 13.000000 19.000000 -1.937488
v 13.062500 18.875000 -1.749988
v 13.000000 19.062500 -1.874988
v 13.187500 19.000000 -2.062488
v 13.062500 18.812500 -2.124988
v 13.062500 18.437500 -2.562488
v 13.000000 18.437500 -2.437488
v 12.875000 18.562500 -2.374988
v 13.000000 18.562500 -2.624988
v 12.875000 18.687500 -2.499988
v 12.937500 18.937500 -2.374988
v 13.000000 18.875000 -2.249988
v 13.062500 19.062500 -2.312488
v 13.125000 19.000000 -2.124988
v 13.062500 19.125000 -2.249988
v 13.312500 19.062500 -2.374988
v 13.187500 18.875000 -2.499988
v 13.062500 18.625000 -1.874988
v 13.125000 18.687500 -2.062488
v 13.250000 18.875000 -1.937488
v 13.187500 18.812500 -1.812488
v 13.187500 18.687500 -2.249988
v 13.250000 18.687500 -2.437488
v 13.437500 18.937500 -2.249988
v 13.375000 18.937500 -2.124988
v 0.000000 35.750000 -3.187476
v -0.312500 35.750000 -3.187476
v 0.000000 36.250000 -3.124976
v 0.312500 36.250000 -3.062476
v 0.687500 36.250000 -2.937476
v 1.062500 36.187500 -2.499976
v 1.000000 35.875000 -2.562476
v 0.687500 35.812500 -3.062476
v 0.687500 35.562500 -3.062476
v 0.312500 35.750000 -3.187476
v 0.312500 35.437500 -3.187476
v 0.000000 35.437500 -3.187476
v -0.312500 35.437500 -3.187476
v -0.687500 35.812500 -3.062476
v -0.687500 35.562500 -3.062476
v -1.000000 35.875000 -2.562476
v -0.687500 36.250000 -2.937476
v -1.062500 36.187500 -2.499976
v -0.375000 36.250000 -3.062476
vt 3.399170 3.350586
vt 3.467773 3.356445
vt 3.463623 3.410400
vt 3.398926 3.412354
vt 3.464600 3.422363
vt 3.398926 3.430176
vt 3.466553 3.447510
vt 3.400146 3.455322
vt 3.471680 3.484863
vt 3.400146 3.484131
vt 3.471191 3.540283
vt 3.403076 3.548096
vt 3.473877 3.614258
vt 3.406006 3.624756
vt 3.472656 3.692383
vt 3.402344 3.694336
vt 3.471191 3.728271
vt 3.397461 3.745117
vt 3.425781 3.749756
vt 3.395264 3.765869
vt 3.448242 3.777100
vt 3.412354 3.793701
vt 3.437256 3.840332
vt 3.400635 3.832520
vt 3.422119 3.910645
vt 3.389893 3.870361
vt 3.396729 3.958008
vt 3.375732 3.930176
vt 3.368164 3.997559
vt 3.338379 3.973389
vt 3.396729 3.958008
vt 3.375732 3.930176
vt 3.422119 3.910645
vt 3.389893 3.870361
vt 3.437256 3.840332
vt 3.400635 3.832520
vt 3.448242 3.777100
vt 3.412354 3.793701
vt 3.425781 3.749756
vt 3.395264 3.765869
vt 3.397461 3.745117
vt 3.402344 3.694336
vt 3.406006 3.624756
vt 3.403076 3.548096
vt 3.400146 3.484131
vt 3.400146 3.455322
vt 3.398926 3.430176
vt 3.398926 3.412354
vt 3.399170 3.350586
vt 3.038818 3.561035
vt 3.022949 3.556152
vt 3.036133 3.558105
vt 3.028809 3.558350
vt 3.008301 3.555664
vt 3.021484 3.557373
vt 3.008301 3.560059
vt 3.019043 3.561035
vt 3.008301 3.563477
vt 3.020264 3.564941
vt 3.008301 3.566162
vt 3.022705 3.568604
vt 3.008057 3.579590
vt 3.026123 3.578613
vt 3.008057 3.592773
vt 3.021729 3.592285
vt 3.008057 3.600342
vt 3.019531 3.599365
vt 3.008057 3.611816
vt 3.019775 3.611328
vt 3.008057 3.635254
vt 3.019531 3.634766
vt 3.008057 3.654541
vt 3.020264 3.654297
vt 3.008057 3.667725
vt 3.026367 3.667969
vt 3.008057 3.677734
vt 3.038574 3.680420
vt 3.008057 3.706299
vt 3.042480 3.707031
vt 3.005615 3.754395
vt 3.038818 3.753906
vt 3.003662 3.789795
vt 3.036621 3.788330
vt 3.003662 3.806396
vt 3.057373 3.801758
vt 3.005859 3.824707
vt 3.072021 3.817139
vt 3.006592 3.845703
vt 3.068604 3.838867
vt 3.007324 3.866455
vt 3.065186 3.860840
vt 3.006348 3.930908
vt 3.080811 3.915039
vt 3.263428 3.564941
vt 3.255859 3.591064
vt 3.250732 3.562012
vt 3.286865 3.597656
vt 3.256836 3.637695
vt 3.295410 3.631104
vt 3.266357 3.653809
vt 3.288818 3.645996
vt 3.267090 3.661377
vt 3.286621 3.653564
vt 3.268311 3.685791
vt 3.295410 3.685547
vt 3.264404 3.721191
vt 3.295898 3.729980
vt 3.248535 3.784668
vt 3.284424 3.790771
vt 3.212158 3.837646
vt 3.275635 3.835938
vt 3.161377 3.893066
vt 3.264404 3.882324
vt 3.159912 3.935547
vt 3.256836 3.926758
vt 3.160645 3.980957
vt 3.249023 3.973877
vt 3.159912 3.935547
vt 3.256836 3.926758
vt 3.161377 3.893066
vt 3.264404 3.882324
vt 3.212158 3.837646
vt 3.275635 3.835938
vt 3.248535 3.784668
vt 3.284424 3.790771
vt 3.264404 3.721191
vt 3.295898 3.729980
vt 3.803711 3.427246
vt 3.802734 3.392578
vt 3.877441 3.390381
vt 3.875488 3.427246
vt 3.801270 3.310791
vt 3.874023 3.310791
vt 3.150146 3.545654
vt 3.168945 3.600586
vt 3.176758 3.576416
vt 3.133057 3.573975
vt 3.955566 3.277100
vt 3.913818 3.217285
vt 3.893066 3.286621
vt 3.983643 3.213867
vt 3.913818 3.217285
vt 3.955566 3.279297
vt 3.893066 3.286621
vt 3.983643 3.215820
vt 3.085205 3.941162
vt 3.119141 3.948242
vt 3.124756 3.952637
vt 3.103027 3.954834
vt 3.131348 3.963135
vt 3.107178 3.980957
vt 3.138184 3.980225
vt 3.110840 3.999023
vt 3.143311 3.999023
vt 3.220459 3.644531
vt 3.225098 3.589111
vt 3.210938 3.599609
vt 3.242676 3.592041
vt 3.208496 3.537598
vt 3.224854 3.528320
vt 3.241943 3.556396
vt 3.202148 3.491211
vt 3.164307 3.493896
vt 3.169189 3.469238
vt 3.128906 3.473877
vt 3.126709 3.460449
vt 3.072998 3.463867
vt 3.065186 3.446289
vt 3.038086 3.459473
vt 3.035156 3.435791
vt 3.007568 3.459961
vt 3.007812 3.427734
vt 3.038086 3.459473
vt 3.035156 3.435791
vt 3.023926 3.395508
vt 3.052979 3.414551
vt 3.081543 3.422119
vt 3.126221 3.432861
vt 3.214844 3.484619
vt 3.234863 3.516602
vt 3.248535 3.528320
vt 3.268066 3.539307
vt 3.255127 3.507812
vt 3.284424 3.534424
vt 3.285889 3.500488
vt 3.320801 3.509033
vt 3.309326 3.466309
vt 3.330078 3.468262
vt 3.338867 3.413818
vt 3.343262 3.345947
vt 3.312012 3.411621
vt 3.287598 3.454102
vt 3.243652 3.478271
vt 3.210693 3.459229
vt 3.189941 3.423584
vt 3.149658 3.411133
vt 3.163330 3.348877
vt 3.102295 3.388672
vt 3.065186 3.380127
vt 3.052979 3.414551
vt 3.065186 3.446289
vt 3.072998 3.463867
vt 3.128906 3.473877
vt 3.126709 3.460449
vt 3.081543 3.422119
vt 3.102295 3.388672
vt 3.075684 3.328857
vt 3.124512 3.341797
vt 3.098145 3.284668
vt 3.139893 3.276123
vt 3.163330 3.348877
vt 3.159912 3.275879
vt 3.221680 3.394043
vt 3.257812 3.297607
vt 3.268066 3.407715
vt 3.304688 3.320068
vt 3.312012 3.411621
vt 3.343262 3.345947
vt 3.338867 3.413818
vt 3.330078 3.468262
vt 3.320801 3.509033
vt 3.340332 3.539551
vt 3.363770 3.586426
vt 3.367676 3.635254
vt 3.361328 3.696533
vt 3.360352 3.750977
vt 3.350098 3.802002
vt 3.378662 3.819336
vt 3.371582 3.838623
vt 3.334229 3.872314
vt 3.306396 3.942139
vt 3.334229 3.872314
vt 3.350098 3.802002
vt 3.360352 3.750977
vt 3.361328 3.696533
vt 3.367676 3.635254
vt 3.363770 3.586426
vt 3.340332 3.539551
vt 3.295654 3.567627
vt 3.278320 3.558838
vt 3.257324 3.556152
vt 3.271240 3.561035
vt 3.301758 3.601074
vt 3.329590 3.591309
vt 3.328369 3.633545
vt 3.331543 3.690674
vt 3.330078 3.742676
vt 3.320801 3.795654
vt 3.298584 3.673340
vt 3.298828 3.634277
vt 3.286621 3.653564
vt 3.288818 3.645996
vt 3.267090 3.661377
vt 3.266357 3.653809
vt 3.256836 3.637695
vt 3.295410 3.631104
vt 3.292236 3.600342
vt 3.286865 3.597656
vt 3.255859 3.591064
vt 3.240967 3.644043
vt 3.238770 3.667725
vt 3.268311 3.685791
vt 3.234863 3.717285
vt 3.202148 3.770508
vt 3.165527 3.813232
vt 3.108154 3.848145
vt 3.065186 3.860840
vt 3.080811 3.915039
vt 3.064697 3.838867
vt 3.005371 3.845703
vt 3.063965 3.817139
vt 3.003662 3.824707
vt 3.057373 3.801758
vt 3.036621 3.788330
vt 3.038818 3.753906
vt 3.066406 3.786377
vt 3.068604 3.753418
vt 3.098389 3.753174
vt 3.090088 3.782227
vt 3.311279 3.886963
vt 3.311279 3.886963
vt 3.313232 3.850830
vt 3.304688 3.320068
vt 3.268066 3.407715
vt 3.249512 3.444824
vt 3.221680 3.394043
vt 3.257812 3.297607
vt 3.159912 3.275879
vt 3.139893 3.276123
vt 3.124512 3.341797
vt 3.044189 3.596436
vt 3.048096 3.586914
vt 3.044922 3.589844
vt 3.033691 3.591553
vt 3.048828 3.573730
vt 3.035156 3.578613
vt 3.029785 3.577148
vt 3.032471 3.568604
vt 3.025391 3.568848
vt 3.027344 3.563721
vt 3.020264 3.564941
vt 3.021973 3.562744
vt 3.019287 3.561035
vt 3.021484 3.559082
vt 3.021484 3.557373
vt 3.022705 3.568604
vt 3.026123 3.578613
vt 3.021729 3.592285
vt 3.019531 3.599365
vt 3.019775 3.611328
vt 3.019531 3.634766
vt 3.027588 3.610840
vt 3.027100 3.635742
vt 3.034424 3.620850
vt 3.046631 3.605469
vt 3.026367 3.598389
vt 3.027588 3.593506
vt 3.022949 3.556152
vt 3.028809 3.558350
vt 3.027344 3.559814
vt 3.033936 3.562988
vt 3.025879 3.561035
vt 3.021729 3.560791
vt 3.052979 3.360107
vt 3.016357 3.366699
vt 3.054688 3.357910
vt 3.057129 3.354980
vt 3.021484 3.357422
vt 3.006592 3.349365
vt 3.000488 3.362793
vt 3.038818 3.356445
vt 3.016846 3.342773
vt 3.005615 3.332275
vt 3.010010 3.338135
vt 3.009033 3.303467
vt 3.013916 3.310547
vt 3.012207 3.292969
vt 3.033447 3.321777
vt 3.033203 3.308594
vt 3.041992 3.301270
vt 3.021484 3.282471
vt 3.020996 3.289062
vt 3.049316 3.300537
vt 3.057617 3.296875
vt 3.039062 3.667969
vt 3.027588 3.654053
vt 3.027100 3.635742
vt 3.027588 3.610840
vt 3.026367 3.598389
vt 3.027588 3.593506
vt 3.029785 3.577148
vt 3.025391 3.568848
vt 3.021973 3.562744
vt 3.021484 3.559082
vt 3.027344 3.559814
vt 3.033936 3.562988
vt 3.040771 3.565430
vt 3.027344 3.563721
vt 3.032471 3.568604
vt 3.025879 3.561035
vt 3.021729 3.560791
vt 3.707520 3.253174
vt 3.707764 3.222168
vt 3.749023 3.221191
vt 3.748779 3.252197
vt 3.822266 3.221191
vt 3.822266 3.251953
vt 3.853760 3.221436
vt 3.854004 3.252441
vt 3.885254 3.222168
vt 3.885010 3.253174
vt 3.780273 3.434082
vt 3.713867 3.408447
vt 3.722656 3.359863
vt 3.788086 3.373535
vt 3.726318 3.305664
vt 3.790527 3.302979
vt 3.722656 3.359863
vt 3.788086 3.373535
vt 3.713867 3.408447
vt 3.780273 3.434082
vt 3.054443 3.622559
vt 3.073975 3.616943
vt 3.070312 3.595703
vt 3.099609 3.612793
vt 3.099121 3.588135
vt 3.131836 3.615967
vt 3.074707 3.711426
vt 3.068604 3.753418
vt 3.066406 3.786377
vt 3.090088 3.782227
vt 3.098389 3.753174
vt 3.126221 3.748047
vt 3.141113 3.778076
vt 3.103271 3.798584
vt 3.104492 3.811035
vt 3.106201 3.829590
vt 3.108154 3.848145
vt 3.165527 3.813232
vt 3.151367 3.794189
vt 3.202148 3.770508
vt 3.234863 3.717285
vt 3.238770 3.667725
vt 3.213867 3.709473
vt 3.220459 3.644531
vt 3.198975 3.699219
vt 3.203857 3.644531
vt 3.183838 3.684082
vt 3.163818 3.733643
vt 3.160156 3.707275
vt 3.156250 3.684570
vt 3.168457 3.670654
vt 3.164551 3.646729
vt 3.156250 3.660156
vt 3.141846 3.649414
vt 3.137207 3.655762
vt 3.128906 3.660156
vt 3.124023 3.656738
vt 3.130859 3.653320
vt 3.127197 3.649414
vt 3.135986 3.641357
vt 3.163086 3.635742
vt 3.154053 3.625732
vt 3.168945 3.600586
vt 3.131836 3.615967
vt 3.133057 3.573975
vt 3.099609 3.612793
vt 3.099121 3.588135
vt 3.073975 3.616943
vt 3.070312 3.595703
vt 3.054443 3.622559
vt 3.046631 3.605469
vt 3.039795 3.633057
vt 3.034424 3.620850
vt 3.044189 3.596436
vt 3.033691 3.591553
vt 3.035156 3.578613
vt 3.048828 3.573730
vt 3.051758 3.570312
vt 3.057373 3.564697
vt 3.049316 3.546631
vt 3.022461 3.549316
vt 3.008301 3.548096
vt 3.022461 3.549316
vt 3.007568 3.539062
vt 3.028564 3.542969
vt 3.006836 3.526855
vt 3.026855 3.531006
vt 3.024902 3.518311
vt 3.006592 3.517090
vt 3.026855 3.531006
vt 3.024902 3.518311
vt 3.047363 3.525635
vt 3.043213 3.517334
vt 3.056641 3.521240
vt 3.052734 3.515869
vt 3.055664 3.515381
vt 3.059814 3.516357
vt 3.067139 3.518066
vt 3.061035 3.526611
vt 3.050049 3.534668
vt 3.028564 3.542969
vt 3.067383 3.537842
vt 3.080322 3.523926
vt 3.082031 3.517578
vt 3.101562 3.517334
vt 3.097168 3.533447
vt 3.077881 3.551514
vt 3.090088 3.568604
vt 3.064697 3.579102
vt 3.184326 3.621338
vt 3.176758 3.576416
vt 3.150146 3.545654
vt 3.113037 3.547119
vt 3.119873 3.522217
vt 3.100098 3.500977
vt 3.128906 3.498291
vt 3.054443 3.646729
vt 3.057617 3.654053
vt 3.052246 3.655273
vt 3.048828 3.639648
vt 3.045654 3.657471
vt 3.033447 3.638428
vt 3.034424 3.653809
vt 3.044434 3.663330
vt 3.962891 3.460205
vt 3.895264 3.438232
vt 3.895020 3.375000
vt 3.962646 3.386475
vt 3.887695 3.295410
vt 3.953857 3.293457
vt 3.895020 3.375000
vt 3.962646 3.386475
vt 3.895264 3.438232
vt 3.962891 3.460205
vt 3.705566 3.282715
vt 3.705566 3.250488
vt 3.757812 3.250488
vt 3.758057 3.282715
vt 3.822998 3.250488
vt 3.822998 3.282715
vt 3.850586 3.250488
vt 3.851318 3.282715
vt 3.888428 3.250488
vt 3.888428 3.282715
vt 3.157227 3.523193
vt 3.190674 3.556641
vt 3.196045 3.611572
vt 3.190430 3.645020
vt 3.210938 3.599609
vt 3.208496 3.537598
vt 3.164307 3.493896
vt 3.169189 3.469238
vt 3.126221 3.432861
vt 3.149658 3.411133
vt 3.189941 3.423584
vt 3.249512 3.444824
vt 3.287598 3.454102
vt 3.309326 3.466309
vt 3.285889 3.500488
vt 3.284424 3.534424
vt 3.295654 3.567627
vt 3.329590 3.591309
vt 3.328369 3.644531
vt 3.331543 3.690674
vt 3.330078 3.742676
vt 3.320801 3.795654
vt 3.313232 3.850830
vt 3.297607 3.673340
vt 3.298828 3.634277
vt 3.292236 3.600342
vt 3.271240 3.561035
vt 3.241943 3.556396
vt 3.242676 3.592041
vt 3.240967 3.644043
vt 3.225098 3.589111
vt 3.224854 3.528320
vt 3.202148 3.491211
vt 3.234863 3.516602
vt 3.257324 3.556152
vt 3.278320 3.558838
vt 3.301758 3.601074
vt 3.268066 3.539307
vt 3.255127 3.507812
vt 3.243652 3.478271
vt 3.210693 3.459229
vt 3.214844 3.484619
vt 3.248535 3.528320
vt 3.048096 3.586914
vt 3.044922 3.589844
vt 3.052490 3.333008
vt 3.031738 3.321289
vt 3.103271 3.798584
vt 3.104492 3.811035
vt 3.106201 3.829590
vt 3.151367 3.794189
vt 3.141113 3.778076
vt 3.168213 3.754639
vt 3.213867 3.709473
vt 3.198975 3.699219
vt 3.163818 3.733643
vt 3.203857 3.644531
vt 3.250732 3.562012
vt 3.263428 3.564941
vt 3.046631 3.980225
vt 3.051514 3.953613
vt 3.006836 3.973633
vt 3.010742 3.952148
vt 3.052246 3.939697
vt 3.010254 3.939697
vt 3.462158 3.985352
vt 3.472656 3.904541
vt 3.478760 3.841064
vt 3.480225 3.778809
vt 3.078125 3.940430
vt 3.112305 3.944092
vt 3.121094 3.957275
vt 3.047607 3.492432
vt 3.031982 3.476074
vt 3.026855 3.490234
vt 3.064697 3.477783
vt 3.055420 3.511963
vt 3.042725 3.518311
vt 3.060059 3.514160
vt 3.041016 3.510254
vt 3.721924 3.472168
vt 3.718018 3.507080
vt 3.713379 3.472900
vt 3.737061 3.471436
vt 3.741455 3.504883
vt 3.762695 3.471191
vt 3.761475 3.502930
vt 3.577393 3.469971
vt 3.588379 3.472168
vt 3.586914 3.506836
vt 3.558838 3.466553
vt 3.557617 3.508057
vt 3.524170 3.218262
vt 3.503174 3.234619
vt 3.506592 3.225830
vt 3.525391 3.242676
vt 3.499512 3.244141
vt 3.500000 3.253418
vt 3.523438 3.260498
vt 3.500488 3.260010
vt 3.519287 3.280273
vt 3.496582 3.282959
vt 3.517090 3.295166
vt 3.493164 3.291992
vt 3.516113 3.307129
vt 3.559570 3.305176
vt 3.554199 3.317383
vt 3.490234 3.300293
vt 3.491455 3.313965
vt 3.514404 3.318115
vt 3.493408 3.337891
vt 3.512207 3.335449
vt 3.483643 3.352295
vt 3.505127 3.356445
vt 3.496582 3.384277
vt 3.527100 3.361328
vt 3.520752 3.385010
vt 3.519775 3.404785
vt 3.533691 3.405273
vt 3.550781 3.385010
vt 3.550781 3.400146
vt 3.544189 3.418701
vt 3.535156 3.423584
vt 3.511475 3.426270
vt 3.506592 3.402832
vt 3.501221 3.434082
vt 3.492432 3.416748
vt 3.486328 3.404053
vt 3.480469 3.372559
vt 3.480957 3.383057
vt 3.561768 3.220459
vt 3.539551 3.213135
vt 3.546143 3.203125
vt 3.542236 3.229980
vt 3.566650 3.247314
vt 3.554932 3.234619
vt 3.620117 3.465820
vt 3.624268 3.482422
vt 3.633789 3.483398
vt 3.637939 3.465088
vt 3.646484 3.485107
vt 3.647217 3.464844
vt 3.658936 3.484863
vt 3.670410 3.464844
vt 3.673828 3.482666
vt 3.677490 3.465088
vt 3.687744 3.480469
vt 3.690918 3.465576
vt 3.618896 3.441650
vt 3.620117 3.466064
vt 3.637939 3.465332
vt 3.634033 3.437012
vt 3.647217 3.465332
vt 3.646729 3.436768
vt 3.670410 3.465088
vt 3.671387 3.436523
vt 3.677734 3.465332
vt 3.681152 3.438965
vt 3.689209 3.440918
vt 3.691406 3.452148
vt 3.521729 3.577393
vt 3.508057 3.561768
vt 3.506592 3.574707
vt 3.523438 3.564453
vt 3.509521 3.550049
vt 3.525879 3.552979
vt 3.511475 3.520508
vt 3.527832 3.520752
vt 3.510742 3.506592
vt 3.528564 3.509033
vt 3.510010 3.495850
vt 3.529297 3.498535
vt 3.588135 3.423584
vt 3.605713 3.453369
vt 3.587158 3.450439
vt 3.611816 3.426758
vt 3.587158 3.450439
vt 3.588623 3.422852
vt 3.567383 3.447510
vt 3.566406 3.421875
vt 3.560059 3.455566
vt 3.557861 3.464355
vt 3.588379 3.470215
vt 3.588379 3.459473
vt 3.601807 3.477783
vt 3.602539 3.465088
vt 3.620117 3.465820
vt 3.600830 3.512207
vt 3.573486 3.560059
vt 3.557617 3.505371
vt 3.543701 3.560791
vt 3.544922 3.646729
vt 3.513916 3.645996
vt 3.525635 3.702148
vt 3.493164 3.701416
vt 3.520996 3.747559
vt 3.492188 3.746338
vt 3.520020 3.770508
vt 3.493408 3.774170
vt 3.536621 3.790283
vt 3.497803 3.808350
vt 3.523438 3.857666
vt 3.494629 3.856689
vt 3.474609 3.969971
vt 3.505615 3.987549
vt 3.553955 3.863281
vt 3.544678 3.992676
vt 3.596436 3.874756
vt 3.595947 3.992920
vt 3.636963 3.874023
vt 3.635986 3.979736
vt 3.691162 3.862793
vt 3.690674 3.955811
vt 3.716064 3.868652
vt 3.722656 3.961914
vt 3.759521 3.872314
vt 3.770752 3.969482
vt 3.790527 3.870850
vt 3.799316 3.972656
vt 3.834229 3.980957
vt 3.822754 3.865234
vt 3.788818 3.823730
vt 3.823242 3.815430
vt 3.806641 3.789551
vt 3.834717 3.780518
vt 3.812744 3.753418
vt 3.838379 3.750244
vt 3.813965 3.704590
vt 3.841553 3.703857
vt 3.791504 3.646484
vt 3.820557 3.649170
vt 3.757324 3.559814
vt 3.785400 3.559570
vt 3.761475 3.501953
vt 3.733643 3.561279
vt 3.700195 3.564697
vt 3.702148 3.512939
vt 3.701172 3.476562
vt 3.701904 3.463379
vt 3.690918 3.465576
vt 3.688721 3.513916
vt 3.668945 3.515381
vt 3.651855 3.514893
vt 3.646484 3.486328
vt 3.642090 3.514404
vt 3.626465 3.516357
vt 3.617432 3.515625
vt 3.595703 3.562012
vt 3.574707 3.646484
vt 3.552002 3.703125
vt 3.545166 3.748779
vt 3.547119 3.769775
vt 3.561035 3.780762
vt 3.559570 3.795654
vt 3.586914 3.796387
vt 3.587646 3.783203
vt 3.598389 3.798096
vt 3.618164 3.815186
vt 3.649414 3.842773
vt 3.681885 3.827148
vt 3.713623 3.840576
vt 3.760498 3.828125
vt 3.778076 3.796631
vt 3.783691 3.756592
vt 3.789062 3.705566
vt 3.770752 3.645996
vt 3.723633 3.646484
vt 3.683350 3.642090
vt 3.683594 3.563721
vt 3.650146 3.562988
vt 3.637451 3.565186
vt 3.617432 3.563721
vt 3.618164 3.639160
vt 3.636963 3.635986
vt 3.665283 3.635498
vt 3.687988 3.709961
vt 3.711670 3.711670
vt 3.757812 3.707764
vt 3.755859 3.759277
vt 3.752441 3.802002
vt 3.711670 3.804932
vt 3.684570 3.810791
vt 3.649170 3.801270
vt 3.625977 3.793701
vt 3.605957 3.781738
vt 3.594482 3.773438
vt 3.563232 3.769531
vt 3.561768 3.750732
vt 3.565430 3.706543
vt 3.711914 3.461670
vt 3.737305 3.471436
vt 3.736084 3.459717
vt 3.762695 3.469727
vt 3.761719 3.458984
vt 3.610840 3.757324
vt 3.619141 3.759766
vt 3.630615 3.761719
vt 3.647705 3.760986
vt 3.653564 3.709229
vt 3.628174 3.711670
vt 3.612061 3.709717
vt 3.599365 3.756104
vt 3.690430 3.767578
vt 3.714844 3.762939
vt 3.059814 3.516357
vt 3.055664 3.515381
vt 3.052734 3.515869
vt 3.056641 3.521240
vt 3.043213 3.517334
vt 3.047363 3.525635
vt 3.061035 3.526611
vt 3.067139 3.518066
vt 3.050049 3.534668
vt 3.085205 3.941162
vt 3.124756 3.952637
vt 3.119141 3.948242
vt 3.096924 3.952881
vt 3.121094 3.957275
vt 3.078125 3.940430
vt 3.064697 3.579102
vt 3.090088 3.568604
vt 3.051758 3.570312
vt 3.036133 3.558105
vt 3.038818 3.561035
vt 3.057373 3.564697
vt 3.049316 3.546631
vt 3.080322 3.523926
vt 3.082031 3.517578
vt 3.067383 3.537842
vt 3.077881 3.551514
vt 3.097168 3.533447
vt 3.113037 3.547119
vt 3.062744 3.313965
vt 3.062256 3.334229
vt 3.027588 3.347656
vt 3.059570 3.347900
vt 3.074707 3.663574
vt 3.074951 3.661377
vt 3.057617 3.654053
vt 3.052246 3.655273
vt 3.054443 3.646729
vt 3.048828 3.639648
vt 3.062012 3.648193
vt 3.058350 3.633057
vt 3.077393 3.645264
vt 3.075439 3.630127
vt 3.090576 3.642822
vt 3.092285 3.628174
vt 3.113525 3.646484
vt 3.117432 3.631592
vt 3.127197 3.649414
vt 3.135986 3.641357
vt 3.141846 3.649414
vt 3.130859 3.653320
vt 3.137207 3.655762
vt 3.164551 3.646729
vt 3.156250 3.660156
vt 3.168457 3.670654
vt 3.190430 3.645020
vt 3.183838 3.684082
vt 3.160156 3.707275
vt 3.196045 3.611572
vt 3.190674 3.556641
vt 3.184326 3.621338
vt 3.163086 3.635742
vt 3.154053 3.625732
vt 3.039795 3.633057
vt 3.045654 3.657471
vt 3.034424 3.653809
vt 3.044434 3.663330
vt 3.027588 3.654053
vt 3.039062 3.667969
vt 3.026367 3.667969
vt 3.038574 3.680420
vt 3.020264 3.654297
vt 3.033447 3.638428
vt 3.041992 3.301270
vt 3.057617 3.296875
vt 3.062744 3.313965
vt 3.033203 3.308594
vt 3.062256 3.334229
vt 3.033447 3.321777
vt 3.027588 3.347656
vt 3.059570 3.347900
vt 3.021484 3.357422
vt 3.057129 3.354980
vt 3.016357 3.366699
vt 3.052979 3.360107
vt 3.054688 3.357910
vt 3.038818 3.356445
vt 3.065186 3.349609
vt 3.052490 3.333008
vt 3.066895 3.333984
vt 3.049316 3.300537
vt 3.067871 3.318604
vt 3.062988 3.307861
vt 3.021484 3.282471
vt 3.012207 3.292969
vt 3.013916 3.310547
vt 3.010010 3.338135
vt 3.006592 3.349365
vt 3.000488 3.362793
vt 3.016846 3.342773
vt 3.031738 3.321289
vt 3.020996 3.289062
vt 3.009033 3.303467
vt 3.005615 3.332275
vt 3.295410 3.685547
vt 3.062012 3.648193
vt 3.058350 3.633057
vt 3.075439 3.630127
vt 3.077393 3.645264
vt 3.092285 3.628174
vt 3.090576 3.642822
vt 3.117432 3.631592
vt 3.113525 3.646484
vt 3.553467 3.411377
vt 3.569336 3.411621
vt 3.573486 3.399658
vt 3.574707 3.387695
vt 3.556641 3.367676
vt 3.542969 3.337891
vt 3.547119 3.323730
vt 3.585449 3.326416
vt 3.588379 3.317383
vt 3.588623 3.312500
vt 3.591064 3.306152
vt 3.597900 3.314209
vt 3.602295 3.309082
vt 3.628662 3.318359
vt 3.631836 3.315918
vt 3.653564 3.323486
vt 3.653076 3.319580
vt 3.665283 3.325195
vt 3.664795 3.322021
vt 3.677979 3.325195
vt 3.682861 3.320801
vt 3.666992 3.311279
vt 3.683838 3.313477
vt 3.680420 3.311523
vt 3.664551 3.305420
vt 3.654785 3.310303
vt 3.633057 3.306885
vt 3.603760 3.301025
vt 3.593262 3.299316
vt 3.564697 3.290527
vt 3.566895 3.277344
vt 3.567383 3.264160
vt 3.597900 3.257324
vt 3.594727 3.243896
vt 3.579102 3.238281
vt 3.570801 3.222900
vt 3.581543 3.220947
vt 3.574463 3.210693
vt 3.564941 3.198730
vt 3.577393 3.202881
vt 3.571045 3.177002
vt 3.584717 3.176758
vt 3.563232 3.158936
vt 3.555420 3.183350
vt 3.587402 3.229004
vt 3.599609 3.235596
vt 3.604736 3.249756
vt 3.609375 3.240967
vt 3.639160 3.254150
vt 3.609131 3.260742
vt 3.596680 3.267578
vt 3.595703 3.272949
vt 3.595703 3.283691
vt 3.594727 3.292725
vt 3.597168 3.294922
vt 3.632812 3.299561
vt 3.654785 3.304199
vt 3.621582 3.317627
vt 3.589355 3.312500
vt 3.598145 3.319336
vt 3.596924 3.327881
vt 3.583740 3.330322
vt 3.579346 3.339111
vt 3.567383 3.348389
vt 3.585449 3.349365
vt 3.575928 3.356934
vt 3.593994 3.350342
vt 3.582764 3.357666
vt 3.623535 3.355469
vt 3.616943 3.364014
vt 3.622314 3.364502
vt 3.622314 3.374023
vt 3.587402 3.366699
vt 3.578125 3.364990
vt 3.573730 3.375977
vt 3.580078 3.377441
vt 3.614990 3.384277
vt 3.622559 3.375244
vt 3.620605 3.385010
vt 3.644287 3.379883
vt 3.637207 3.388184
vt 3.641113 3.388916
vt 3.641357 3.395996
vt 3.619385 3.393311
vt 3.585693 3.387451
vt 3.582764 3.400635
vt 3.580322 3.409668
vt 3.606689 3.406250
vt 3.618652 3.395264
vt 3.613037 3.406982
vt 3.639648 3.401611
vt 3.630371 3.411133
vt 3.638184 3.412842
vt 3.638672 3.419434
vt 3.614258 3.416748
vt 3.673340 3.352539
vt 3.671387 3.357666
vt 3.665771 3.361328
vt 3.670166 3.345459
vt 3.660889 3.357178
vt 3.649902 3.357910
vt 3.648193 3.354492
vt 3.635498 3.355713
vt 3.634766 3.351318
vt 3.628662 3.350098
vt 3.638672 3.340088
vt 3.652588 3.342529
vt 3.655273 3.333984
vt 3.674072 3.336182
vt 3.656250 3.328613
vt 3.673828 3.330811
vt 3.669678 3.325684
vt 3.653564 3.323730
vt 3.641602 3.325928
vt 3.639160 3.321045
vt 3.624023 3.323242
vt 3.621338 3.330322
vt 3.640869 3.332275
vt 3.618408 3.336426
vt 3.595215 3.332275
vt 3.585693 3.340576
vt 3.611084 3.345947
vt 3.617676 3.347656
vt 3.617676 3.353271
vt 3.676758 3.370117
vt 3.675293 3.377197
vt 3.671631 3.378174
vt 3.671875 3.367676
vt 3.668945 3.372803
vt 3.656494 3.369629
vt 3.654541 3.378662
vt 3.645996 3.369385
vt 3.645020 3.376709
vt 3.635742 3.367188
vt 3.647949 3.359863
vt 3.656006 3.361816
vt 3.677979 3.390137
vt 3.676758 3.396973
vt 3.672852 3.399658
vt 3.673828 3.386963
vt 3.670654 3.394531
vt 3.657471 3.392090
vt 3.655029 3.399170
vt 3.656738 3.382324
vt 3.676025 3.413086
vt 3.674561 3.420898
vt 3.670410 3.422607
vt 3.670898 3.409668
vt 3.668213 3.416504
vt 3.654053 3.414551
vt 3.651123 3.422607
vt 3.655273 3.404053
vt 3.657959 3.283691
vt 3.671631 3.286133
vt 3.656738 3.290283
vt 3.636230 3.279297
vt 3.638428 3.287842
vt 3.602295 3.274902
vt 3.604980 3.283447
vt 3.603760 3.291504
vt 3.637451 3.295898
vt 3.655518 3.298340
vt 3.672607 3.301514
vt 3.673340 3.291992
vt 3.688721 3.291504
vt 3.691650 3.295166
vt 3.690674 3.302246
vt 3.685303 3.305420
vt 3.667725 3.304199
vt 3.655029 3.302002
vt 3.633057 3.299316
vt 3.608154 3.268799
vt 3.640137 3.264648
vt 3.663330 3.268311
vt 3.663330 3.258789
vt 3.678711 3.269531
vt 3.676270 3.259521
vt 3.694824 3.263428
vt 3.697266 3.271973
vt 3.677002 3.280518
vt 3.696045 3.280029
vt 3.693604 3.285156
vt 3.674316 3.283691
vt 3.662109 3.276123
vt 3.638916 3.273926
vt 3.635986 3.278076
vt 3.658203 3.281494
vt 3.542480 3.436768
vt 3.533447 3.434082
vt 3.541992 3.448730
vt 3.533936 3.446533
vt 3.516113 3.441895
vt 3.506592 3.452881
vt 3.518311 3.470703
vt 3.513184 3.481445
vt 3.529297 3.465332
vt 3.536865 3.469971
vt 3.597900 3.314209
vt 3.621582 3.317627
vt 3.589355 3.312500
vt 3.598145 3.319336
vt 3.624023 3.323242
vt 3.596924 3.327881
vt 3.621338 3.330322
vt 3.595215 3.332275
vt 3.618408 3.336426
vt 3.611084 3.345947
vt 3.617676 3.347656
vt 3.617676 3.353271
vt 3.585693 3.340576
vt 3.583740 3.330322
vt 3.585449 3.326416
vt 3.588379 3.317383
vt 3.588623 3.312500
vt 3.559570 3.305176
vt 3.591064 3.306152
vt 3.602295 3.309082
vt 3.628662 3.318359
vt 3.631836 3.315918
vt 3.603760 3.301025
vt 3.633057 3.306885
vt 3.632812 3.299561
vt 3.597168 3.294922
vt 3.593262 3.299316
vt 3.564697 3.290527
vt 3.594727 3.292725
vt 3.603760 3.291504
vt 3.633057 3.299316
vt 3.637451 3.295898
vt 3.604980 3.283447
vt 3.638428 3.287842
vt 3.636230 3.279297
vt 3.602295 3.274902
vt 3.595703 3.283691
vt 3.566895 3.277344
vt 3.519287 3.280273
vt 3.517090 3.295166
vt 3.496582 3.282959
vt 3.493164 3.291992
vt 3.516113 3.307129
vt 3.490234 3.300293
vt 3.514404 3.318115
vt 3.491455 3.313965
vt 3.512207 3.335449
vt 3.493408 3.337891
vt 3.505127 3.356445
vt 3.483643 3.352295
vt 3.496582 3.384277
vt 3.480469 3.372559
vt 3.480957 3.383057
vt 3.486328 3.404053
vt 3.506592 3.402832
vt 3.492432 3.416748
vt 3.511475 3.426270
vt 3.501221 3.434082
vt 3.516113 3.441895
vt 3.506592 3.452881
vt 3.518311 3.470703
vt 3.513184 3.481445
vt 3.529297 3.465332
vt 3.536865 3.469971
vt 3.533936 3.446533
vt 3.533447 3.434082
vt 3.535156 3.423584
vt 3.542480 3.436768
vt 3.541992 3.448730
vt 3.544189 3.418701
vt 3.550781 3.400146
vt 3.553467 3.411377
vt 3.573486 3.399658
vt 3.569336 3.411621
vt 3.582764 3.400635
vt 3.580322 3.409668
vt 3.606689 3.406250
vt 3.614258 3.416748
vt 3.613037 3.406982
vt 3.638672 3.419434
vt 3.630371 3.411133
vt 3.618652 3.395264
vt 3.585693 3.387451
vt 3.574707 3.387695
vt 3.550781 3.385010
vt 3.533691 3.405273
vt 3.519775 3.404785
vt 3.520752 3.385010
vt 3.556641 3.367676
vt 3.573730 3.375977
vt 3.580078 3.377441
vt 3.619385 3.393311
vt 3.614990 3.384277
vt 3.620605 3.385010
vt 3.622559 3.375244
vt 3.587402 3.366699
vt 3.578125 3.364990
vt 3.575928 3.356934
vt 3.582764 3.357666
vt 3.622314 3.374023
vt 3.616943 3.364014
vt 3.622314 3.364502
vt 3.623535 3.355469
vt 3.593994 3.350342
vt 3.585449 3.349365
vt 3.567383 3.348389
vt 3.527100 3.361328
vt 3.542969 3.337891
vt 3.579346 3.339111
vt 3.547119 3.323730
vt 3.554199 3.317383
vt 3.639648 3.401611
vt 3.638184 3.412842
vt 3.654053 3.414551
vt 3.655273 3.404053
vt 3.668213 3.416504
vt 3.670898 3.409668
vt 3.670410 3.422607
vt 3.676025 3.413086
vt 3.674561 3.420898
vt 3.651123 3.422607
vt 3.721924 3.472168
vt 3.713379 3.472900
vt 3.718018 3.507080
vt 3.737061 3.471436
vt 3.741455 3.504883
vt 3.762695 3.471191
vt 3.761475 3.502930
vt 3.577393 3.469971
vt 3.586914 3.506836
vt 3.588379 3.472168
vt 3.558838 3.466553
vt 3.557617 3.508057
vt 3.503174 3.234619
vt 3.524170 3.218262
vt 3.506592 3.225830
vt 3.499512 3.244141
vt 3.525391 3.242676
vt 3.500000 3.253418
vt 3.523438 3.260498
vt 3.500488 3.260010
vt 3.567383 3.264160
vt 3.595703 3.272949
vt 3.596680 3.267578
vt 3.566650 3.247314
vt 3.542236 3.229980
vt 3.539551 3.213135
vt 3.561768 3.220459
vt 3.546143 3.203125
vt 3.564941 3.198730
vt 3.555420 3.183350
vt 3.571045 3.177002
vt 3.563232 3.158936
vt 3.584717 3.176758
vt 3.577393 3.202881
vt 3.574463 3.210693
vt 3.570801 3.222900
vt 3.581543 3.220947
vt 3.579102 3.238281
vt 3.587402 3.229004
vt 3.594727 3.243896
vt 3.599609 3.235596
vt 3.604736 3.249756
vt 3.609375 3.240967
vt 3.639160 3.254150
vt 3.640137 3.264648
vt 3.663330 3.258789
vt 3.663330 3.268311
vt 3.676270 3.259521
vt 3.678711 3.269531
vt 3.694824 3.263428
vt 3.697266 3.271973
vt 3.677002 3.280518
vt 3.696045 3.280029
vt 3.693604 3.285156
vt 3.674316 3.283691
vt 3.662109 3.276123
vt 3.638916 3.273926
vt 3.658203 3.281494
vt 3.635986 3.278076
vt 3.608154 3.268799
vt 3.597900 3.257324
vt 3.554932 3.234619
vt 3.624268 3.482422
vt 3.620117 3.465820
vt 3.637939 3.465088
vt 3.633789 3.483398
vt 3.647217 3.464844
vt 3.646484 3.485107
vt 3.670410 3.464844
vt 3.658936 3.484863
vt 3.677490 3.465088
vt 3.673828 3.482666
vt 3.690918 3.465576
vt 3.687744 3.480469
vt 3.618896 3.441650
vt 3.637939 3.465332
vt 3.620117 3.466064
vt 3.634033 3.437012
vt 3.647217 3.465332
vt 3.646729 3.436768
vt 3.670410 3.465088
vt 3.671387 3.436523
vt 3.677734 3.465332
vt 3.681152 3.438965
vt 3.689209 3.440918
vt 3.691406 3.452148
vt 3.521729 3.577393
vt 3.506592 3.574707
vt 3.508057 3.561768
vt 3.523438 3.564453
vt 3.509521 3.550049
vt 3.525879 3.552979
vt 3.511475 3.520508
vt 3.527832 3.520752
vt 3.510742 3.506592
vt 3.528564 3.509033
vt 3.510010 3.495850
vt 3.529297 3.498535
vt 3.588135 3.423584
vt 3.587158 3.450439
vt 3.605713 3.453369
vt 3.611816 3.426758
vt 3.587158 3.450439
vt 3.588623 3.422852
vt 3.567383 3.447510
vt 3.566406 3.421875
vt 3.557861 3.464355
vt 3.560059 3.455566
vt 3.588379 3.459473
vt 3.588379 3.470215
vt 3.602539 3.465088
vt 3.601807 3.477783
vt 3.620117 3.465820
vt 3.600830 3.512207
vt 3.573486 3.560059
vt 3.557617 3.505371
vt 3.543701 3.560791
vt 3.544922 3.646729
vt 3.513916 3.645996
vt 3.525635 3.702148
vt 3.493164 3.701416
vt 3.520996 3.747559
vt 3.492188 3.746338
vt 3.520020 3.770508
vt 3.493408 3.774170
vt 3.536621 3.790283
vt 3.497803 3.808350
vt 3.523438 3.857666
vt 3.494629 3.856689
vt 3.474609 3.969971
vt 3.505615 3.987549
vt 3.553955 3.863281
vt 3.544678 3.992676
vt 3.596436 3.874756
vt 3.595947 3.992920
vt 3.636963 3.874023
vt 3.635986 3.979736
vt 3.691162 3.862793
vt 3.690674 3.955811
vt 3.716064 3.868652
vt 3.722656 3.961914
vt 3.759521 3.872314
vt 3.770752 3.969482
vt 3.790527 3.870850
vt 3.799316 3.972656
vt 3.834229 3.980957
vt 3.822754 3.865234
vt 3.788818 3.823730
vt 3.823242 3.815430
vt 3.806641 3.789551
vt 3.834717 3.780518
vt 3.812744 3.753418
vt 3.838379 3.750244
vt 3.813965 3.704590
vt 3.841553 3.703857
vt 3.791504 3.646484
vt 3.820557 3.649170
vt 3.757324 3.559814
vt 3.785400 3.559570
vt 3.761475 3.501953
vt 3.733643 3.561279
vt 3.700195 3.564697
vt 3.702148 3.512939
vt 3.701172 3.476562
vt 3.701904 3.463379
vt 3.690918 3.465576
vt 3.688721 3.513916
vt 3.683594 3.563721
vt 3.683350 3.642090
vt 3.723633 3.646484
vt 3.770752 3.645996
vt 3.789062 3.705566
vt 3.783691 3.756592
vt 3.778076 3.796631
vt 3.760498 3.828125
vt 3.713623 3.840576
vt 3.681885 3.827148
vt 3.649414 3.842773
vt 3.618164 3.815186
vt 3.598389 3.798096
vt 3.586914 3.796387
vt 3.559570 3.795654
vt 3.561035 3.780762
vt 3.587646 3.783203
vt 3.605957 3.781738
vt 3.625977 3.793701
vt 3.649170 3.801270
vt 3.684570 3.810791
vt 3.711670 3.804932
vt 3.752441 3.802002
vt 3.755859 3.759277
vt 3.757812 3.707764
vt 3.711670 3.711670
vt 3.687988 3.709961
vt 3.665283 3.635498
vt 3.650146 3.562988
vt 3.668945 3.515381
vt 3.651855 3.514893
vt 3.642090 3.514404
vt 3.646484 3.486328
vt 3.626465 3.516357
vt 3.617432 3.515625
vt 3.595703 3.562012
vt 3.574707 3.646484
vt 3.552002 3.703125
vt 3.545166 3.748779
vt 3.547119 3.769775
vt 3.563232 3.769531
vt 3.594482 3.773438
vt 3.619141 3.759766
vt 3.630615 3.761719
vt 3.647705 3.760986
vt 3.690430 3.767578
vt 3.714844 3.762939
vt 3.653564 3.709229
vt 3.636963 3.635986
vt 3.637451 3.565186
vt 3.617432 3.563721
vt 3.618164 3.639160
vt 3.628174 3.711670
vt 3.610840 3.757324
vt 3.599365 3.756104
vt 3.561768 3.750732
vt 3.565430 3.706543
vt 3.711914 3.461670
vt 3.737305 3.471436
vt 3.736084 3.459717
vt 3.762695 3.469727
vt 3.761719 3.458984
vt 3.612061 3.709717
vt 3.609131 3.260742
vt 3.096924 3.952881
vt 3.010742 3.952148
vt 3.102539 3.974121
vt 3.006836 3.973633
vt 3.046631 3.980225
vt 3.003174 3.999023
vt 3.043457 3.999023
vt 3.051514 3.953613
vt 3.052246 3.939697
vt 3.010254 3.939697
vt 3.078613 3.507080
vt 3.090576 3.487549
vt 3.064697 3.477783
vt 3.031982 3.476074
vt 3.090576 3.487549
vt 3.070801 3.499756
vt 3.041260 3.502197
vt 3.057129 3.506348
vt 3.061768 3.511475
vt 3.078613 3.507080
vt 3.101562 3.517334
vt 3.119873 3.522217
vt 3.157227 3.523193
vt 3.128906 3.498291
vt 3.100098 3.500977
vt 3.102539 3.974121
vt 3.062988 3.307861
vt 3.067871 3.318604
vt 3.066895 3.333984
vt 3.065186 3.349609
vt 3.117920 3.654541
vt 3.114258 3.659180
vt 3.110596 3.657227
vt 3.095459 3.664551
vt 3.093750 3.661377
vt 3.074707 3.663574
vt 3.074951 3.661377
vt 3.071045 3.667725
vt 3.069336 3.673828
vt 3.072510 3.685791
vt 3.106445 3.716064
vt 3.135498 3.715332
vt 3.168213 3.754639
vt 3.134033 3.691650
vt 3.105469 3.691895
vt 3.102051 3.680420
vt 3.098145 3.670410
vt 3.118164 3.664551
vt 3.146484 3.672119
vt 3.128662 3.677979
vt 3.047607 3.492432
vt 3.070801 3.499756
vt 3.057129 3.506348
vt 3.061768 3.511475
vt 3.055420 3.511963
vt 3.041260 3.502197
vt 3.041016 3.510254
vt 3.007568 3.477051
vt 3.007324 3.489258
vt 3.026367 3.499512
vt 3.026611 3.508545
vt 3.027100 3.518799
vt 3.006592 3.518311
vt 3.006592 3.507568
vt 3.006592 3.497314
vt 3.101807 3.999023
vt 3.132568 3.975342
vt 3.135010 3.999023
vt 3.042480 3.707031
vt 3.074707 3.711426
vt 3.072510 3.685791
vt 3.069336 3.673828
vt 3.071045 3.667725
vt 3.095459 3.664551
vt 3.093750 3.661377
vt 3.114258 3.659180
vt 3.110596 3.657227
vt 3.124023 3.656738
vt 3.117920 3.654541
vt 3.128906 3.660156
vt 3.146484 3.672119
vt 3.156250 3.684570
vt 3.135498 3.715332
vt 3.126221 3.748047
vt 3.134033 3.691650
vt 3.128662 3.677979
vt 3.118164 3.664551
vt 3.098145 3.670410
vt 3.102051 3.680420
vt 3.112305 3.944092
vt 3.060059 3.514160
vt 3.042725 3.518311
vt 3.026611 3.508545
vt 3.027100 3.518799
vt 3.026367 3.499512
vt 3.026855 3.490234
vt 3.040771 3.565430
vt 3.106445 3.716064
vt 3.105469 3.691895
vt 3.132568 3.975342
vt 3.107178 3.980957
vt 3.138184 3.980225
vt 3.103027 3.954834
vt 3.131348 3.963135
vt 3.673340 3.352539
vt 3.665771 3.361328
vt 3.671387 3.357666
vt 3.670166 3.345459
vt 3.660889 3.357178
vt 3.649902 3.357910
vt 3.648193 3.354492
vt 3.652588 3.342529
vt 3.674072 3.336182
vt 3.655273 3.333984
vt 3.673828 3.330811
vt 3.656250 3.328613
vt 3.669678 3.325684
vt 3.653564 3.323730
vt 3.641602 3.325928
vt 3.639160 3.321045
vt 3.640869 3.332275
vt 3.638672 3.340088
vt 3.634766 3.351318
vt 3.635498 3.355713
vt 3.628662 3.350098
vt 3.675293 3.377197
vt 3.676758 3.370117
vt 3.671875 3.367676
vt 3.671631 3.378174
vt 3.668945 3.372803
vt 3.656494 3.369629
vt 3.656006 3.361816
vt 3.645996 3.369385
vt 3.647949 3.359863
vt 3.635742 3.367188
vt 3.645020 3.376709
vt 3.654541 3.378662
vt 3.676758 3.396973
vt 3.677979 3.390137
vt 3.673828 3.386963
vt 3.672852 3.399658
vt 3.670654 3.394531
vt 3.657471 3.392090
vt 3.656738 3.382324
vt 3.641113 3.388916
vt 3.644287 3.379883
vt 3.637207 3.388184
vt 3.641357 3.395996
vt 3.655029 3.399170
vt 3.665283 3.325195
vt 3.677979 3.325195
vt 3.682861 3.320801
vt 3.664795 3.322021
vt 3.683838 3.313477
vt 3.666992 3.311279
vt 3.680420 3.311523
vt 3.664551 3.305420
vt 3.654785 3.310303
vt 3.654785 3.304199
vt 3.653076 3.319580
vt 3.653564 3.323486
vt 3.667725 3.304199
vt 3.685303 3.305420
vt 3.690674 3.302246
vt 3.672607 3.301514
vt 3.691650 3.295166
vt 3.673340 3.291992
vt 3.688721 3.291504
vt 3.671631 3.286133
vt 3.656738 3.290283
vt 3.657959 3.283691
vt 3.655518 3.298340
vt 3.655029 3.302002
vt 3.839600 3.488037
vt 3.896240 3.491699
vt 3.840820 3.562012
vt 3.897705 3.560547
vt 3.841553 3.625977
vt 3.898682 3.624268
vt 3.948975 3.618896
vt 3.947998 3.556641
vt 3.993652 3.607910
vt 3.992676 3.552002
vt 3.992188 3.506836
vt 3.947510 3.496826
vt 3.947021 3.466309
vt 3.896240 3.491699
vt 3.895508 3.449463
vt 3.838867 3.445557
vt 3.895752 3.449463
vt 3.947510 3.496826
vt 3.947021 3.466309
vt 3.992188 3.506836
vt 3.947998 3.556641
vt 3.992920 3.552002
vt 3.993896 3.607910
vt 3.948975 3.618896
vt 3.897949 3.560547
vt 3.898926 3.624268
vt 3.841797 3.625977
vn -0.5816 0.4579 0.6724
vn 0.1393 0.3482 0.9270
vn 0.0299 0.1659 0.9857
vn -0.5497 0.1688 0.8181
vn -0.0073 -0.0127 0.9999
vn -0.5119 -0.0371 0.8583
vn -0.0071 -0.5142 0.8577
vn -0.4786 -0.5767 0.6621
vn 0.0063 -0.8190 0.5737
vn -0.4321 -0.7467 0.5056
vn 0.0019 -0.5156 0.8568
vn -0.4695 -0.4222 0.7754
vn -0.0222 -0.0273 0.9994
vn -0.4423 -0.0409 0.8959
vn -0.0073 0.1513 0.9885
vn -0.4101 0.1211 0.9040
vn -0.0457 -0.3109 0.9493
vn -0.4768 0.1097 0.8721
vn -0.3748 -0.5401 0.7536
vn -0.7048 -0.2767 0.6533
vn -0.4545 -0.3113 0.8346
vn -0.7143 -0.1545 0.6825
vn -0.3775 0.1990 0.9044
vn -0.7563 0.1643 0.6332
vn -0.4344 0.4980 0.7505
vn -0.8673 0.4275 0.2550
vn -0.5072 0.8266 0.2441
vn -0.6294 0.6191 -0.4696
vn -0.0492 0.9988 0.0049
vn 0.1515 0.7116 -0.6861
vn 0.5048 0.8614 -0.0559
vn 0.7893 0.5869 -0.1806
vn 0.4361 0.6002 0.6705
vn 0.7822 0.4156 0.4641
vn 0.3961 0.2686 0.8780
vn 0.7637 0.1101 0.6361
vn 0.5918 -0.3357 0.7329
vn 0.7592 -0.3185 0.5676
vn 0.4252 -0.8664 0.2619
vn 0.6640 -0.2676 0.6982
vn 0.4331 0.1302 0.8919
vn 0.4388 0.0975 0.8933
vn 0.4801 -0.1546 0.8635
vn 0.4763 -0.5820 0.6591
vn 0.4037 -0.7798 0.4784
vn 0.5326 -0.3260 0.7811
vn 0.4846 0.0229 0.8744
vn 0.4638 0.2082 0.8611
vn 0.6322 0.4861 0.6034
vn -0.4973 -0.7665 -0.4064
vn -0.6169 -0.0158 -0.7869
vn -0.4674 -0.3107 -0.8277
vn -0.2991 -0.2991 -0.9061
vn -0.3083 -0.5408 -0.7826
vn -0.8717 -0.2718 -0.4077
vn 0.0634 -0.9886 -0.1367
vn -0.8410 -0.5372 -0.0640
vn 0.0388 -0.8608 -0.5075
vn -0.4962 -0.8332 -0.2442
vn 0.0602 -0.6505 -0.7571
vn -0.6598 -0.5497 -0.5124
vn -0.0990 -0.0990 -0.9902
vn -0.8875 0.1942 -0.4179
vn -0.0000 0.7071 -0.7071
vn -0.6845 0.5745 -0.4488
vn 0.0000 0.7744 -0.6327
vn -0.4723 0.6882 -0.5507
vn 0.0000 0.5909 -0.8068
vn -0.6211 0.4278 -0.6567
vn 0.1204 0.3803 -0.9170
vn -0.7151 0.2742 -0.6430
vn -0.1905 0.1905 -0.9630
vn -0.6683 0.0236 -0.7435
vn 0.0000 -0.0879 -0.9961
vn -0.5149 -0.3422 -0.7860
vn -0.0000 -0.1547 -0.9880
vn -0.3051 -0.3311 -0.8929
vn 0.0529 0.0816 -0.9953
vn -0.2844 0.0940 -0.9541
vn 0.0053 0.3266 -0.9451
vn -0.2361 0.3471 -0.9076
vn -0.0681 -0.0083 -0.9976
vn -0.0901 -0.3593 -0.9289
vn 0.0035 -0.3433 -0.9392
vn -0.1728 -0.4741 -0.8633
vn -0.0009 -0.4175 -0.9087
vn -0.2962 -0.1952 -0.9350
vn 0.0000 0.1796 -0.9837
vn -0.3252 0.3346 -0.8844
vn 0.0192 0.6691 -0.7429
vn -0.3010 0.7252 -0.6193
vn -0.0343 0.9582 -0.2840
vn -0.2896 0.9287 -0.2315
vn -0.5955 -0.7628 -0.2518
vn -0.8134 -0.2958 -0.5008
vn -0.6690 -0.5795 -0.4654
vn -0.7892 -0.5775 0.2088
vn -0.8895 -0.2182 -0.4016
vn -0.8664 -0.3279 0.3765
vn -0.8333 -0.3502 -0.4277
vn -0.9680 -0.2452 0.0541
vn -0.8569 -0.0078 -0.5154
vn -0.9597 0.0134 -0.2806
vn -0.9032 0.1378 -0.4066
vn -0.9931 0.0866 -0.0794
vn -0.9529 0.0738 -0.2942
vn -0.9612 0.1341 -0.2411
vn -0.9521 0.0669 -0.2982
vn -0.9791 0.1024 -0.1756
vn -0.9347 0.1891 -0.3009
vn -0.8706 0.4919 0.0107
vn -0.7206 0.6452 -0.2539
vn -0.4670 0.8837 -0.0315
vn -0.2700 0.9609 -0.0610
vn 0.0749 0.9951 -0.0648
vn 0.2679 0.9392 -0.2146
vn 0.3107 0.9482 -0.0663
vn 0.5446 0.8051 -0.2350
vn 0.5803 0.8137 -0.0341
vn 0.8998 0.3522 -0.2576
vn 0.8852 0.4644 -0.0254
vn 0.9407 0.1323 -0.3123
vn 0.9519 0.1384 -0.2733
vn 0.9466 0.0563 -0.3175
vn 0.9924 0.0546 -0.1105
vn -0.7079 0.1906 0.6801
vn -0.7167 0.5581 0.4182
vn 0.0000 0.7677 0.6408
vn 0.0000 0.6000 0.8000
vn -0.6661 0.7456 -0.0193
vn 0.0000 0.8944 0.4472
vn 0.8347 -0.2503 -0.4906
vn 0.8472 -0.0187 -0.5310
vn 0.9031 -0.1755 -0.3920
vn 0.6483 -0.0363 -0.7605
vn 0.8937 -0.0406 -0.4468
vn 0.9924 0.0546 -0.1106
vn -0.8903 0.1279 -0.4371
vn -0.8426 0.1854 -0.5056
vn 0.9066 -0.2160 0.3626
vn -0.4890 -0.8447 -0.2178
vn 0.8447 -0.3085 0.4373
vn 0.6151 -0.6611 0.4297
vn 0.4753 -0.8638 0.1670
vn 0.0346 -0.7893 0.6130
vn -0.2823 -0.5089 0.8132
vn -0.0667 -0.8645 0.4981
vn -0.0022 -0.9992 0.0406
vn 0.9673 -0.1195 -0.2237
vn 0.9748 -0.1833 -0.1271
vn 0.9659 -0.1650 -0.1994
vn 0.9278 -0.3039 -0.2162
vn 0.9248 -0.3317 -0.1864
vn 0.9294 -0.3678 -0.0311
vn 0.8573 -0.4988 -0.1271
vn 0.8663 -0.4850 -0.1198
vn 0.8494 -0.4360 -0.2973
vn 0.7491 -0.6379 -0.1786
vn 0.7651 -0.4655 -0.4449
vn 0.6654 -0.7243 -0.1806
vn 0.7478 -0.3798 -0.5446
vn 0.6030 -0.7543 -0.2595
vn 0.5072 -0.2400 -0.8278
vn 0.3649 -0.8186 -0.4435
vn 0.0581 -0.3486 -0.9355
vn -0.0593 -0.7928 -0.6065
vn -0.4645 -0.3093 -0.8298
vn -0.3760 -0.8582 -0.3494
vn -0.0000 -0.9953 -0.0972
vn 0.3599 -0.9320 -0.0426
vn 0.4388 -0.8879 -0.1378
vn 0.6558 -0.7186 -0.2315
vn 0.7804 -0.6227 0.0574
vn 0.8872 -0.4609 0.0219
vn 0.8408 -0.5098 0.1823
vn 0.8716 -0.4902 -0.0001
vn 0.9526 -0.2394 -0.1876
vn 0.9661 -0.2433 -0.0858
vn 0.9915 -0.1245 -0.0369
vn 0.8945 -0.2632 0.3613
vn 0.9851 -0.0714 0.1565
vn 0.8902 0.0872 0.4472
vn 0.8459 0.2238 0.4841
vn 0.9488 0.3026 0.0910
vn 0.9885 0.1469 0.0351
vn 0.9916 -0.0129 -0.1284
vn 0.9250 -0.0088 -0.3798
vn 0.9151 -0.3354 -0.2238
vn 0.7757 -0.2714 -0.5698
vn 0.6449 -0.4705 -0.6023
vn 0.5160 -0.0622 -0.8543
vn 0.5854 -0.5245 -0.6182
vn 0.0000 -0.9069 -0.4214
vn -0.3975 -0.9166 -0.0430
vn -0.6356 -0.7143 -0.2929
vn -0.6865 -0.2468 -0.6840
vn -0.7823 -0.4752 -0.4027
vn -0.5912 -0.7968 -0.1251
vn -0.4523 -0.8620 -0.2289
vn -0.5580 -0.5422 -0.6282
vn -0.0000 -0.2730 -0.9620
vn -0.5343 -0.1459 -0.8326
vn -0.0000 -0.1048 -0.9945
vn -0.2146 0.0039 -0.9767
vn -0.4525 -0.0376 -0.8910
vn -0.4710 0.1372 -0.8714
vn -0.7708 0.0134 -0.6370
vn -0.8242 0.0434 -0.5647
vn -0.9075 0.0376 -0.4185
vn -0.9453 0.2090 -0.2503
vn -0.9833 0.1581 0.0905
vn -0.9402 0.3194 0.1182
vn -0.9118 0.2560 0.3212
vn -0.8606 0.0169 0.5090
vn -0.8730 -0.2074 0.4415
vn -0.7644 -0.5841 0.2730
vn -0.7206 -0.5438 0.4301
vn -0.7202 -0.1921 0.6666
vn -0.7138 0.0541 0.6982
vn -0.6898 0.1571 0.7067
vn -0.8470 0.3184 0.4257
vn -0.7080 0.1906 0.6801
vn -0.7167 0.5580 0.4182
vn -0.6660 0.7457 -0.0193
vn -0.0944 0.9773 -0.1898
vn 0.6129 0.7803 -0.1244
vn 0.8580 0.3109 0.4088
vn 0.7307 0.1123 0.6734
vn 0.7082 0.0684 0.7027
vn 0.7073 -0.1222 0.6962
vn 0.7058 -0.4843 0.5170
vn 0.6990 -0.6400 0.3190
vn 0.9002 -0.4348 0.0236
vn 0.8036 -0.5791 -0.1371
vn 0.6987 -0.7154 -0.0091
vn 0.4682 -0.8796 0.0848
vn 0.8356 -0.5481 -0.0376
vn 0.8229 -0.5597 0.0978
vn 0.8780 -0.3785 0.2930
vn 0.9076 0.0306 0.4187
vn 0.8993 0.0812 0.4297
vn 0.9164 0.2654 0.2997
vn 0.9183 -0.3145 -0.2405
vn 0.8681 -0.2325 0.4385
vn 0.9595 -0.0455 -0.2781
vn 0.9774 0.2113 0.0004
vn 0.9022 0.0256 -0.4305
vn 0.8146 0.2541 -0.5215
vn 0.8840 -0.1470 -0.4438
vn 0.9056 -0.3059 0.2939
vn 0.6339 -0.5314 0.5620
vn 0.8018 -0.5834 0.1297
vn 0.8573 -0.3057 -0.4143
vn 0.9079 -0.1287 -0.3989
vn 0.9177 -0.2095 -0.3375
vn 0.9219 -0.2144 -0.3226
vn 0.9435 -0.0559 -0.3267
vn 0.9093 0.0388 -0.4142
vn 0.8769 0.0431 -0.4787
vn 0.7250 0.4033 -0.5583
vn 0.3767 0.6574 -0.6526
vn 0.3399 0.2566 -0.9048
vn 0.3041 -0.1930 -0.9329
vn 0.1537 -0.4992 -0.8527
vn 0.1640 -0.2030 -0.9653
vn 0.2543 0.2835 -0.9246
vn 0.3297 -0.0672 -0.9417
vn 0.4432 0.2506 -0.8607
vn 0.5914 0.2674 -0.7608
vn 0.4678 -0.3310 -0.8195
vn -0.4645 0.8728 0.1497
vn 0.3288 0.9271 0.1799
vn 0.6291 0.7291 0.2697
vn 0.9581 0.1573 -0.2394
vn 0.9260 0.0571 -0.3732
vn 0.8954 -0.0014 -0.4453
vn 0.7708 0.0134 -0.6370
vn 0.8446 0.0379 -0.5340
vn 0.4710 0.1372 -0.8714
vn 0.2146 0.0039 -0.9767
vn 0.4920 -0.1560 -0.8565
vn 0.7479 0.4373 -0.4994
vn 0.7608 0.3783 -0.5274
vn 0.7621 0.5835 0.2807
vn 0.7463 0.5831 -0.3211
vn 0.9777 -0.1976 -0.0714
vn 0.8450 0.0302 -0.5339
vn 0.8277 -0.0008 -0.5612
vn 0.6663 -0.5640 -0.4879
vn 0.6650 -0.5629 -0.4908
vn 0.0930 -0.8817 0.4626
vn 0.6436 -0.7150 -0.2731
vn 0.9111 -0.2380 0.3366
vn 0.9239 -0.3827 0.0000
vn 0.9495 -0.2561 -0.1811
vn 0.8385 -0.3853 -0.3853
vn 0.6602 -0.4917 -0.5678
vn 0.7966 0.0040 -0.6044
vn 0.4957 0.7455 -0.4454
vn 0.5142 0.5884 -0.6240
vn 0.5205 0.4823 -0.7046
vn 0.7151 0.2742 -0.6430
vn 0.8673 0.1836 -0.4626
vn 0.8456 0.1877 -0.4998
vn 0.8350 0.2755 -0.4764
vn 0.5954 0.1870 -0.7814
vn 0.8017 0.5735 -0.1683
vn 0.7746 0.5892 -0.2299
vn 0.6953 0.0205 -0.7184
vn 0.2566 -0.6359 -0.7279
vn 0.3042 -0.6875 -0.6594
vn -0.4338 -0.7699 -0.4680
vn -0.2522 -0.8468 0.4683
vn 0.5627 -0.5627 0.6056
vn 0.0000 -0.0000 -1.0000
vn -0.9127 -0.0075 0.4086
vn -0.3481 -0.8026 -0.4844
vn -0.3125 0.5601 -0.7672
vn -0.6346 0.6346 0.4411
vn -0.6966 0.6883 -0.2024
vn -0.7230 -0.5014 -0.4753
vn -0.4332 -0.8854 0.1688
vn -0.4274 -0.7367 -0.5240
vn -0.4243 -0.0374 -0.9047
vn -0.2562 0.7897 -0.5574
vn -0.0186 -0.1916 -0.9813
vn 0.0166 0.9365 -0.3502
vn 0.5647 0.7439 -0.3575
vn 0.0824 0.9777 0.1930
vn 0.6179 0.7800 0.0992
vn 0.8550 0.5132 0.0754
vn 0.7550 0.4385 -0.4876
vn 0.7933 -0.4919 -0.3588
vn 0.7563 -0.6539 -0.0178
vn -0.3240 -0.3223 -0.8895
vn -0.5001 -0.4648 -0.7307
vn -0.7026 -0.1126 -0.7026
vn -0.8097 0.1714 -0.5613
vn -0.8800 0.1435 -0.4527
vn -0.8584 0.4846 -0.1681
vn -0.8194 0.4388 -0.3689
vn -0.9178 0.1624 -0.3623
vn -0.8503 -0.4794 -0.2172
vn -0.8125 -0.3365 0.4760
vn -0.9495 -0.2561 -0.1811
vn -0.3042 -0.6875 -0.6594
vn 0.4338 -0.7699 -0.4680
vn -0.5250 -0.8263 -0.2039
vn 0.0613 -0.9406 0.3339
vn -0.6373 -0.6721 -0.3770
vn 0.1905 -0.6400 0.7444
vn -0.6686 -0.6686 0.3255
vn 0.8285 0.0598 -0.5568
vn 0.8575 0.0000 -0.5145
vn 0.6714 0.1100 -0.7328
vn 0.5151 0.1078 -0.8503
vn 0.1306 0.0674 -0.9891
vn -0.0662 -0.0001 -0.9978
vn -0.4975 0.0000 -0.8674
vn -0.6575 -0.0135 -0.7533
vn -0.7904 -0.0195 -0.6123
vn -0.7803 -0.0390 -0.6242
vn 0.4626 0.4275 -0.7767
vn 0.2405 0.6185 -0.7480
vn -0.1269 0.6455 -0.7532
vn -0.3010 0.7251 -0.6193
vn -0.4205 0.6707 -0.6110
vn -0.5619 0.5866 -0.5832
vn -0.4558 0.6838 -0.5698
vn 0.4544 0.3842 -0.8037
vn 0.3738 0.3716 -0.8498
vn 0.3520 0.0444 -0.9349
vn 0.4199 0.2452 -0.8738
vn 0.4054 0.1019 -0.9084
vn 0.5634 0.2279 -0.7941
vn -0.4918 0.0444 -0.8696
vn -0.4434 0.2598 -0.8579
vn -0.2657 -0.1829 -0.9465
vn -0.4913 -0.2482 -0.8349
vn -0.6376 0.2993 -0.7099
vn -0.7184 0.1572 -0.6777
vn -0.6704 -0.2266 -0.7066
vn -0.5270 -0.2047 -0.8248
vn -0.5317 -0.2680 -0.8034
vn -0.6487 -0.0269 -0.7606
vn -0.8827 0.0890 -0.4615
vn -0.7617 -0.1464 -0.6312
vn -0.9173 0.0342 -0.3968
vn -0.9365 -0.0465 -0.3475
vn -0.9430 -0.1305 -0.3061
vn -0.9034 -0.0903 -0.4192
vn -0.9621 -0.1153 -0.2470
vn -0.8964 0.0016 -0.4433
vn -0.9342 -0.0610 -0.3516
vn -0.8482 -0.0529 -0.5271
vn -0.7826 0.0726 -0.6182
vn -0.8295 0.1882 -0.5258
vn -0.8269 -0.1216 -0.5490
vn -0.8420 -0.2474 -0.4794
vn -0.8049 -0.0106 -0.5933
vn -0.7686 -0.2435 -0.5916
vn -0.5872 -0.2838 -0.7581
vn -0.6232 -0.3238 -0.7119
vn -0.7870 -0.0802 -0.6117
vn -0.7773 -0.3410 -0.5287
vn -0.6316 0.0493 -0.7738
vn -0.7421 0.1263 -0.6583
vn -0.7119 0.2346 -0.6620
vn -0.7945 0.0231 -0.6068
vn -0.5675 0.1665 -0.8063
vn -0.6730 -0.0208 -0.7394
vn -0.4377 0.2815 -0.8539
vn -0.3629 0.0389 -0.9310
vn -0.3020 0.3334 -0.8931
vn -0.3107 0.1436 -0.9396
vn -0.3619 0.3788 -0.8518
vn -0.5874 0.1696 -0.7913
vn -0.7784 0.1143 -0.6173
vn -0.8509 0.0554 -0.5224
vn -0.7594 0.3699 -0.5353
vn -0.7289 0.6560 -0.1958
vn -0.8148 0.1557 -0.5584
vn -0.9853 -0.1485 -0.0842
vn -0.9546 -0.2543 -0.1552
vn -0.3239 0.1984 -0.9251
vn -0.4223 0.3358 -0.8420
vn -0.5778 0.5647 -0.5893
vn 0.1853 0.4981 -0.8471
vn 0.4406 0.6196 -0.6496
vn 0.1171 0.1916 -0.9745
vn 0.3783 0.1121 -0.9189
vn 0.1081 -0.3567 -0.9279
vn 0.3756 -0.4400 -0.8157
vn 0.0852 -0.3461 0.9343
vn -0.2975 -0.4468 -0.8437
vn -0.0527 -0.6280 -0.7764
vn -0.1544 -0.5456 -0.8237
vn -0.3693 -0.8528 -0.3693
vn -0.7053 -0.4937 -0.5087
vn -0.5368 -0.1999 -0.8197
vn -0.5023 -0.0036 -0.8647
vn -0.4217 0.3365 -0.8420
vn -0.6799 -0.0783 -0.7291
vn -0.6381 -0.1615 -0.7528
vn -0.4987 -0.1830 -0.8472
vn -0.5259 -0.1254 -0.8412
vn -0.4958 -0.2567 -0.8296
vn -0.5323 0.0435 -0.8454
vn -0.4200 0.1119 -0.9006
vn -0.4316 0.1899 -0.8819
vn -0.8533 0.0830 -0.5147
vn -0.8914 -0.1831 -0.4145
vn -0.8403 -0.3058 -0.4476
vn -0.5078 -0.1391 -0.8502
vn -0.6113 -0.2886 -0.7369
vn -0.6032 -0.2868 -0.7443
vn -0.7832 -0.3999 -0.4761
vn -0.3822 -0.5143 -0.7678
vn -0.5566 0.0466 -0.8295
vn -0.6758 -0.5240 -0.5184
vn -0.7035 -0.2522 -0.6644
vn -0.4490 -0.5482 -0.7055
vn 0.3886 0.9050 -0.1733
vn 0.2645 0.9542 -0.1400
vn -0.0695 0.9892 -0.1289
vn -0.3199 0.9285 -0.1886
vn -0.4670 0.8837 -0.0316
vn -0.3812 0.8995 -0.2134
vn 0.7281 0.2368 -0.6433
vn 0.8321 0.0000 -0.5547
vn 0.5752 0.3579 -0.7356
vn 0.4089 0.4370 -0.8012
vn 0.1167 0.3990 -0.9095
vn -0.0619 0.3156 -0.9469
vn -0.4813 0.2772 -0.8316
vn -0.6223 0.1727 -0.7635
vn -0.7513 0.0988 -0.6525
vn -0.7071 0.0000 -0.7071
vn -0.8696 -0.3684 -0.3287
vn -0.9233 -0.3107 -0.2260
vn -0.9554 -0.1162 -0.2716
vn -0.8202 -0.0119 -0.5720
vn -0.9549 -0.1994 -0.2199
vn -0.9182 -0.3220 -0.2308
vn -0.8494 -0.4361 -0.2973
vn -0.7608 -0.6278 -0.1648
vn -0.6726 -0.7254 -0.1462
vn -0.6691 -0.4490 -0.5922
vn -0.7181 -0.1424 -0.6813
vn -0.8695 -0.0071 -0.4938
vn -0.9989 -0.0209 -0.0422
vn -0.9822 -0.0135 0.1873
vn -0.9955 -0.0192 -0.0929
vn -0.9534 -0.2929 -0.0724
vn -0.9001 -0.4352 -0.0192
vn -0.8400 -0.5310 0.1118
vn -0.8612 -0.4155 0.2928
vn -0.9036 -0.0365 0.4269
vn -0.9255 0.1288 0.3562
vn -0.9391 0.2591 0.2259
vn -0.6046 0.7325 0.3128
vn -0.8807 -0.4164 -0.2259
vn -0.8157 -0.3816 0.4347
vn -0.6110 -0.5644 0.5551
vn -0.3945 -0.9127 0.1068
vn -0.8474 -0.5071 -0.1572
vn -0.9283 -0.3081 -0.2082
vn -0.9042 -0.1290 -0.4071
vn -0.9615 -0.2409 -0.1324
vn -0.9250 -0.3798 -0.0112
vn -0.8673 -0.4849 -0.1126
vn -0.8740 -0.4859 -0.0086
vn -0.7444 -0.6670 -0.0306
vn -0.8135 -0.5770 -0.0733
vn -0.8564 -0.5134 -0.0543
vn -0.8566 -0.5155 0.0226
vn -0.9526 -0.2394 -0.1876
vn -0.9147 0.0396 -0.4022
vn -0.8784 -0.3782 -0.2922
vn -0.7882 -0.6123 0.0619
vn -0.8080 -0.5568 0.1928
vn -0.7603 0.4279 -0.4887
vn -0.8399 0.5235 0.1431
vn 0.2105 -0.9727 0.0978
vn 0.0672 -0.9796 -0.1896
vn 0.4703 -0.2384 -0.8497
vn 0.5671 -0.2533 -0.7838
vn 0.6414 0.1117 -0.7590
vn 0.7164 -0.2272 -0.6597
vn 0.6825 -0.1118 -0.7223
vn 0.7688 -0.0342 -0.6386
vn 0.8914 -0.1118 -0.4392
vn 0.8967 0.0151 -0.4423
vn 0.7791 0.0940 -0.6198
vn 0.9563 -0.0186 -0.2917
vn 0.7261 -0.5487 -0.4143
vn 0.4009 -0.9156 0.0306
vn 0.0031 -0.9282 -0.3721
vn 0.5493 -0.5041 -0.6665
vn 0.0785 0.5314 -0.8435
vn 0.2704 0.7054 -0.6552
vn 0.9552 -0.2036 -0.2150
vn 0.8584 0.4914 -0.1474
vn -0.0288 0.6548 0.7553
vn -0.0579 0.2935 0.9542
vn -0.0061 -0.5181 0.8553
vn -0.7922 0.4424 0.4204
vn 0.2608 0.6290 -0.7324
vn 0.3191 0.8253 -0.4658
vn 0.5274 -0.2864 -0.7999
vn 0.3571 0.1211 -0.9262
vn 0.2685 -0.3139 -0.9107
vn 0.6329 -0.0552 -0.7723
vn 0.2838 -0.6139 -0.7366
vn 0.7518 0.0718 -0.6555
vn -0.7655 0.2656 0.5860
vn 0.5246 -0.5291 -0.6670
vn 0.7571 -0.2398 -0.6076
vn -0.8464 0.4294 0.3151
vn 0.4942 -0.8195 -0.2901
vn -0.7793 0.5769 -0.2447
vn 0.5568 -0.7981 0.2302
vn -0.5191 0.4856 -0.7034
vn 0.4811 -0.6769 0.5571
vn -0.2655 -0.3757 0.8879
vn 0.5210 0.5255 -0.6726
vn 0.2914 0.3548 -0.8884
vn 0.8371 0.1499 -0.5261
vn -0.3559 0.5663 -0.7434
vn -0.1938 0.4123 -0.8902
vn -0.4828 0.4754 -0.7354
vn -0.7491 0.4230 -0.5097
vn -0.8184 0.4610 -0.3430
vn -0.9607 0.2435 0.1336
vn -0.9318 0.1717 0.3199
vn -0.8507 0.0519 0.5230
vn -0.7893 -0.1050 0.6050
vn -0.6041 -0.0235 0.7966
vn -0.8514 0.2182 0.4769
vn -0.7080 0.1035 0.6986
vn -0.5034 -0.1472 0.8514
vn 0.1408 -0.3131 0.9392
vn 0.3054 -0.2746 0.9118
vn 0.5180 -0.5407 0.6628
vn 0.6850 -0.3589 0.6341
vn 0.8914 -0.2953 0.3437
vn 0.8276 -0.5338 0.1736
vn 0.9977 -0.0655 -0.0165
vn 0.7630 -0.6095 0.2154
vn 0.6961 -0.6710 0.2554
vn 0.9103 -0.4054 0.0841
vn 0.4985 -0.8116 0.3047
vn 0.5462 -0.8366 -0.0411
vn 0.6373 -0.7670 -0.0739
vn -0.1199 -0.8850 0.4499
vn 0.6469 -0.5588 0.5189
vn 0.9288 -0.0537 -0.3666
vn 0.6934 0.3376 -0.6366
vn -0.1795 0.4024 -0.8977
vn -0.0925 0.5450 -0.8333
vn 0.9649 0.1917 -0.1793
vn -0.7841 -0.1286 -0.6072
vn -0.4383 0.1914 -0.8782
vn -0.3967 0.5046 -0.7668
vn -0.3967 0.5045 -0.7668
vn -0.3199 0.0940 -0.9428
vn -0.5031 0.4370 0.7456
vn -0.4202 -0.1991 0.8853
vn -0.7479 0.2662 0.6081
vn -0.5853 0.6774 0.4456
vn -0.7734 0.6288 0.0804
vn -0.6015 0.7985 0.0256
vn -0.6108 0.7059 -0.3586
vn -0.4575 0.8482 -0.2671
vn -0.3724 0.6460 -0.6663
vn -0.2633 0.7680 -0.5838
vn -0.1178 0.5147 -0.8492
vn -0.2414 0.7913 -0.5618
vn -0.4690 0.6978 0.5414
vn -0.5838 0.7647 0.2728
vn -0.5594 0.8279 -0.0404
vn -0.4126 0.8270 -0.3820
vn -0.3333 0.6667 -0.6667
vn -0.3171 0.7510 -0.5792
vn -0.3885 0.8742 -0.2914
vn 0.4812 -0.6769 0.5571
vn 0.5573 -0.7976 0.2306
vn -0.2655 -0.3758 0.8879
vn 0.8727 -0.4782 0.0985
vn 0.4943 -0.8195 -0.2901
vn 0.9017 -0.3727 -0.2191
vn 0.5247 -0.5290 -0.6670
vn 0.7571 -0.2398 -0.6077
vn 0.0215 -0.4631 0.8860
vn 0.0859 -0.4094 0.9083
vn 0.2653 -0.5372 0.8007
vn 0.5653 -0.7469 0.3501
vn 0.2276 -0.5565 0.7991
vn 0.4928 -0.8082 0.3224
vn 0.2274 -0.4612 0.8577
vn 0.5666 -0.7154 0.4088
vn 0.3146 -0.3114 0.8967
vn 0.7125 -0.5476 0.4388
vn 0.5292 -0.1524 0.8347
vn 0.7768 -0.3822 0.5005
vn 0.4512 -0.4146 0.7903
vn 0.6952 -0.5920 0.4077
vn 0.4948 -0.5832 0.6443
vn 0.6514 -0.7463 0.1370
vn 0.6640 -0.7298 0.1628
vn 0.3770 -0.3922 0.8391
vn 0.0788 -0.0093 0.9968
vn -0.1386 0.1949 0.9710
vn -0.3925 0.4982 0.7731
vn -0.4933 0.5549 0.6699
vn -0.7255 0.6880 0.0200
vn -0.7077 0.7053 -0.0419
vn -0.6477 0.4579 -0.6089
vn -0.5046 0.4738 -0.7218
vn -0.2917 -0.0876 -0.9525
vn 0.0363 -0.0960 -0.9947
vn 0.2024 -0.4964 -0.8442
vn 0.4026 -0.4621 -0.7902
vn 0.5428 -0.7065 -0.4541
vn 0.6050 -0.6524 -0.4564
vn 0.7787 -0.5607 -0.2816
vn 0.9075 -0.4135 -0.0743
vn 0.8142 -0.5806 -0.0081
vn 0.6606 -0.7503 -0.0258
vn 0.5270 -0.8497 0.0177
vn 0.6403 -0.7528 -0.1526
vn 0.5170 -0.5248 -0.6762
vn 0.5247 -0.5291 -0.6670
vn 0.1321 0.0217 -0.9910
vn 0.2324 0.1362 -0.9630
vn 0.2410 0.2020 -0.9493
vn -0.3170 0.5523 -0.7710
vn -0.5408 0.6894 -0.4819
vn -0.6108 0.7060 -0.3586
vn -0.6659 0.7130 -0.2193
vn -0.7650 0.6018 0.2294
vn -0.6535 0.3205 0.6857
vn -0.3043 -0.0675 0.9502
vn -0.2051 -0.1299 0.9701
vn -0.0854 -0.2325 0.9688
vn 0.1184 -0.3029 0.9456
vn 0.1780 -0.1689 0.9694
vn 0.2349 -0.2169 0.9475
vn -0.1001 -0.3279 0.9394
vn 0.0880 -0.2511 0.9639
vn -0.3013 0.1212 0.9458
vn -0.6235 0.3088 0.7182
vn -0.6385 0.4662 0.6123
vn -0.6121 0.7098 0.3486
vn -0.5591 0.6891 -0.4611
vn -0.3418 0.3139 -0.8858
vn -0.1321 -0.2895 -0.9480
vn 0.4435 -0.3279 -0.8341
vn 0.8269 -0.2548 -0.5013
vn 0.7740 -0.3583 -0.5221
vn 0.6376 -0.5711 -0.5170
vn 0.4959 -0.6976 -0.5172
vn 0.0259 -0.0282 -0.9993
vn -0.3389 0.3826 -0.8595
vn -0.3633 0.4638 -0.8080
vn -0.6775 0.5850 -0.4458
vn -0.7976 0.5967 0.0882
vn -0.6464 0.3819 0.6606
vn -0.6559 0.3672 0.6595
vn -0.8067 0.5903 -0.0281
vn -0.6032 0.5380 -0.5888
vn -0.4196 0.4346 -0.7969
vn -0.0348 0.1916 -0.9809
vn 0.3457 -0.2792 -0.8958
vn 0.4473 -0.1064 -0.8880
vn 0.5540 0.1104 -0.8252
vn 0.2000 0.3064 -0.9307
vn 0.0260 0.5848 -0.8108
vn -0.5373 0.8390 -0.0858
vn -0.6140 0.5918 0.5222
vn -0.5057 0.5955 0.6242
vn -0.4277 0.3913 0.8148
vn 0.0066 0.0046 1.0000
vn 0.1092 -0.1034 0.9886
vn -0.1333 -0.0126 0.9910
vn -0.5323 0.5431 0.6495
vn -0.5693 0.5184 0.6381
vn -0.7922 0.5429 0.2786
vn -0.6848 0.6924 -0.2274
vn -0.7500 0.6392 -0.1702
vn -0.7259 0.6056 0.3261
vn -0.5500 0.3948 0.7360
vn -0.3211 0.3443 0.8823
vn -0.2610 0.5044 -0.8231
vn 0.1418 0.3025 -0.9425
vn 0.5073 -0.6893 -0.5172
vn 0.0000 0.0000 0.0000
vn -0.7420 -0.6701 0.0198
vn -0.1702 -0.5175 -0.8386
vn -0.3570 -0.9043 -0.2340
vn 0.0602 -0.5007 -0.8635
vn 0.5654 -0.2852 -0.7739
vn 0.6426 -0.4867 -0.5918
vn 0.4518 0.0573 -0.8903
vn -0.9521 0.0050 0.3059
vn 0.5545 0.6158 0.5597
vn -0.2685 0.9446 -0.1889
vn 0.9514 0.1585 0.2640
vn 0.4314 0.1753 -0.8850
vn 0.3782 -0.0289 -0.9253
vn 0.8716 -0.3390 -0.3542
vn 0.3738 -0.3811 -0.8456
vn 0.4077 -0.8717 -0.2718
vn 0.2444 0.1705 -0.9546
vn 0.3536 0.3924 -0.8491
vn 0.6926 -0.1343 -0.7087
vn 0.6340 0.0000 -0.7733
vn 0.7087 0.0550 -0.7034
vn 0.5751 0.0798 -0.8142
vn 0.4569 -0.1884 -0.8693
vn 0.4063 -0.1639 -0.8989
vn 0.0861 0.8802 -0.4667
vn -0.1748 0.8888 -0.4236
vn -0.2584 0.9001 0.3508
vn -0.5803 0.6031 -0.5473
vn 0.1142 -0.8131 -0.5709
vn 0.2917 -0.9394 0.1802
vn 0.4982 -0.8207 -0.2797
vn 0.3048 -0.3620 -0.8809
vn -0.0001 -0.0014 -1.0000
vn 0.3250 0.1322 -0.9364
vn 0.3786 0.6786 -0.6294
vn 0.2141 0.1737 -0.9612
vn 0.4019 0.7081 -0.5806
vn 0.2044 0.1440 -0.9682
vn 0.1780 0.9020 -0.3933
vn 0.4469 -0.0087 -0.8945
vn 0.1001 0.6333 -0.7674
vn 0.5985 0.1387 -0.7890
vn 0.5762 0.0197 -0.8170
vn 0.7284 0.2258 -0.6468
vn 0.6201 -0.2339 -0.7489
vn 0.7280 -0.3803 -0.5705
vn 0.3714 -0.5935 -0.7140
vn 0.7317 -0.2482 -0.6348
vn 0.7668 -0.3308 -0.5500
vn 0.8272 -0.2256 -0.5146
vn 0.7974 -0.0562 -0.6008
vn 0.8803 -0.0517 -0.4715
vn 0.8463 0.2622 -0.4638
vn 0.9462 -0.1187 -0.3010
vn 0.9342 -0.2921 -0.2049
vn 0.8498 0.0998 -0.5175
vn 0.7524 0.1537 -0.6405
vn 0.7665 0.2654 -0.5848
vn 0.7733 0.1120 -0.6240
vn 0.6531 -0.5656 -0.5036
vn 0.7340 -0.4223 -0.5319
vn 0.4796 -0.5822 -0.6566
vn 0.7220 -0.1558 -0.6741
vn 0.4923 -0.4622 -0.7376
vn 0.5149 -0.3422 -0.7860
vn 0.4033 -0.3333 -0.8522
vn 0.6683 0.0236 -0.7435
vn -0.8326 0.5469 0.0875
vn -0.5787 0.8070 0.1178
vn -0.0824 0.9777 0.1930
vn 0.3166 0.9055 0.2824
vn 0.5681 0.7140 0.4092
vn 0.9280 0.1250 0.3510
vn 0.5536 -0.8078 0.2024
vn 0.0208 -0.9782 0.2064
vn -0.2123 -0.9771 -0.0133
vn -0.8124 -0.5785 0.0733
vn -0.1601 -0.9588 -0.2346
vn -0.2796 -0.9593 -0.0389
vn -0.8291 0.4623 -0.3145
vn -0.3725 0.7545 -0.5403
vn 0.0571 0.8640 -0.5003
vn 0.3912 0.8953 -0.2130
vn 0.5505 0.8139 -0.1858
vn 0.8126 -0.3545 -0.4626
vn 0.4034 -0.8634 -0.3031
vn -0.1729 -0.9487 -0.2646
vn -0.6319 -0.5044 -0.5884
vn -0.0713 -0.2635 -0.9620
vn 0.3596 0.0009 -0.9331
vn 0.9707 -0.0516 -0.2347
vn -0.2572 0.2087 -0.9436
vn -0.2371 0.2416 -0.9410
vn -0.3528 0.0102 -0.9356
vn -0.6296 0.0785 -0.7730
vn 0.4762 0.1731 -0.8621
vn 0.6180 0.1188 -0.7771
vn 0.7786 -0.6198 -0.0983
vn 0.5843 -0.8107 -0.0368
vn 0.7088 -0.7044 -0.0381
vn 0.8031 -0.5958 0.0095
vn 0.1341 -0.3326 0.9335
vn -0.7014 0.0440 0.7114
vn -0.9846 0.1277 0.1197
vn -0.9611 0.1271 0.2452
vn -0.6641 0.0379 0.7467
vn -0.3991 -0.3102 0.8628
vn -0.6984 -0.1843 0.6915
vn 0.5765 -0.1152 0.8090
vn -0.7652 -0.3614 0.5328
vn 0.4695 -0.2965 0.8317
vn -0.6572 -0.4688 0.5902
vn 0.4069 -0.2019 0.8909
vn -0.6205 -0.4800 0.6202
vn 0.8158 -0.3411 0.4671
vn -0.1366 -0.9861 0.0947
vn -0.8023 -0.2397 -0.5467
vn -0.2628 -0.5291 -0.8068
vn 0.4746 -0.0785 -0.8767
vn 0.1960 0.2952 -0.9351
vn -0.8867 -0.1240 -0.4455
vn -0.8483 -0.0664 -0.5253
vn -0.8597 -0.0391 -0.5093
vn -0.9920 -0.1005 -0.0759
vn -0.9066 0.2137 0.3640
vn -0.8819 0.4131 -0.2273
vn -0.8576 0.4763 -0.1942
vn -0.7171 0.4865 -0.4991
vn 0.1790 0.4146 -0.8922
vn -0.1796 -0.3438 -0.9217
vn -0.6846 -0.7160 0.1365
vn -0.3807 -0.7028 0.6010
vn -0.9878 -0.1104 -0.1096
vn -0.4426 -0.6089 0.6583
vn -0.9493 -0.3128 0.0328
vn -0.2246 -0.9187 0.3249
vn -0.5853 -0.4577 -0.6693
vn -0.3241 0.5286 -0.7845
vn -0.0515 0.4641 -0.8843
vn 0.6949 -0.0465 -0.7176
vn 0.1145 0.3291 -0.9373
vn -0.7457 0.4757 -0.4665
vn -0.9664 0.1674 0.1953
vn -0.9932 0.0213 0.1146
vn -0.9877 0.0920 -0.1266
vn -0.9443 -0.1770 0.2775
vn 0.2090 -0.9192 0.3338
vn 0.9974 0.0201 -0.0693
vn 0.1672 0.3381 -0.9261
vn -0.1184 0.2078 -0.9710
vn 0.5782 -0.3353 -0.7438
vn -0.9946 0.0488 -0.0918
vn -0.7334 -0.1181 0.6695
vn 0.1278 -0.4958 0.8590
vn 0.7894 -0.6124 -0.0431
vn 0.7738 -0.4994 -0.3897
vn 0.6319 -0.7732 -0.0532
vn 0.9923 -0.0721 0.1003
vn 0.9998 0.0052 -0.0190
vn 0.9852 0.1671 0.0373
vn 0.2089 -0.9192 0.3338
vn 0.5299 -0.8266 0.1894
vn 0.6102 -0.7444 -0.2711
vn 0.6788 -0.6870 -0.2594
vn 0.9978 0.0117 -0.0652
vn 0.9974 0.0202 -0.0693
vn 0.9971 -0.0210 -0.0725
vn 0.4268 -0.1866 0.8849
vn 0.9389 0.3441 0.0004
vn 0.8991 0.3971 0.1844
vn 0.2634 0.4342 -0.8615
vn 0.0812 0.1580 -0.9841
vn -0.6103 -0.7645 -0.2074
vn 0.6995 -0.7082 0.0956
vn 0.7810 -0.6156 0.1053
vn 0.0131 -0.5284 0.8489
vn 0.9592 -0.2744 0.0677
vn 0.3737 -0.3754 0.8482
vn 0.9960 -0.0843 -0.0285
vn 0.9887 0.0179 0.1486
vn 0.3903 0.2884 -0.8743
vn -0.1227 -0.9674 0.2216
vn -0.3378 -0.4596 -0.8214
vn 0.2959 -0.1471 -0.9438
vn 0.6215 -0.6773 0.3938
vn 0.8640 0.2027 -0.4608
vn -0.2364 0.2029 -0.9502
vn 0.6841 0.6972 -0.2141
vn 0.0966 0.4459 -0.8899
vn 0.7316 0.6447 -0.2217
vn 0.8775 0.3192 -0.3580
vn 0.6053 -0.0195 0.7958
vn 0.3369 -0.2666 0.9030
vn -0.5129 -0.4994 0.6983
vn -0.8789 -0.4613 -0.1211
vn -0.8751 -0.4152 -0.2488
vn -0.9349 -0.0280 -0.3539
vn -0.5980 -0.4270 0.6783
vn -0.4931 -0.5416 0.6808
vn 0.1570 -0.2812 0.9467
vn 0.3116 -0.2962 0.9029
vn 0.9188 -0.3806 -0.1045
vn 0.9909 -0.0852 -0.1042
vn 0.9031 0.3765 -0.2065
vn 0.8236 0.1172 -0.5550
vn 0.9327 0.3437 -0.1090
vn 0.9604 0.2743 -0.0487
vn 0.9740 0.2215 -0.0468
vn -0.1019 -0.9843 0.1440
vn -0.4175 -0.7613 -0.4961
vn 0.4128 -0.2626 -0.8721
vn 0.7080 -0.5333 0.4630
vn 0.9267 -0.2377 -0.2911
vn 0.9001 0.3074 -0.3088
vn -0.1734 0.2393 -0.9553
vn 0.5220 -0.1292 0.8431
vn 0.1035 -0.9711 0.2152
vn -0.6984 -0.5469 -0.4618
vn 0.4861 -0.2363 -0.8413
vn 0.6303 -0.5646 0.5329
vn 0.9593 -0.1143 -0.2583
vn 0.9561 0.2011 -0.2133
vn 0.0794 0.2654 -0.9609
vn 0.3151 -0.2811 0.9065
vn -0.8529 -0.1113 -0.5100
vn -0.9469 -0.1063 -0.3035
vn -0.9702 -0.0308 -0.2404
vn -0.8739 -0.2117 0.4376
vn -0.6217 -0.3450 0.7031
vn -0.6275 -0.4152 0.6586
vn -0.5410 -0.5646 0.6233
vn -0.8180 -0.2793 -0.5029
vn -0.9439 0.0317 0.3288
vn -0.8839 0.3710 -0.2846
vn -0.8398 0.1201 -0.5294
vn -0.7907 0.0238 -0.6118
vn -0.6927 -0.4585 0.5567
vn -0.7671 -0.3246 0.5533
vn -0.8912 -0.0959 0.4433
vn 0.5636 -0.4377 0.7005
vn 0.6738 -0.4790 0.5627
vn 0.9212 0.1446 -0.3611
vn 0.9169 -0.0803 -0.3909
vn 0.3980 -0.8943 0.2045
vn 0.8432 -0.3914 0.3684
vn 0.1418 0.2767 -0.9504
vn -0.6281 -0.3157 -0.7112
vn 0.9963 -0.0819 0.0276
vn 0.9129 -0.3860 0.1324
vn 0.6737 -0.2834 0.6826
vn 0.3363 -0.5501 0.7644
vn -0.3790 -0.4207 0.8242
vn -0.5663 -0.3003 0.7675
vn -0.9931 0.0366 -0.1116
vn -0.9702 0.2364 0.0538
vn -0.9467 -0.2113 -0.2433
vn -0.1241 -0.4231 0.8976
vn 0.7689 -0.0356 0.6383
vn 0.9789 0.1983 0.0503
vn 0.9186 0.2183 0.3294
vn 0.8647 0.2290 0.4471
vn 0.7268 0.0714 0.6831
vn 0.8370 -0.2006 0.5090
vn -0.5405 -0.2938 0.7884
vn 0.7051 -0.3685 0.6058
vn 0.9184 0.0837 -0.3866
vn 0.9628 -0.2023 -0.1791
vn -0.9905 -0.0147 0.1365
vn -0.2336 -0.9487 -0.2129
vn 0.9644 -0.0572 0.2581
vn 0.8783 0.2405 0.4132
vn 0.8963 -0.1993 0.3961
vn 0.8029 -0.4145 0.4283
vn -0.9905 -0.0146 0.1365
vn 0.7379 -0.2921 0.6085
vn 0.9599 0.0725 -0.2707
vn 0.9860 -0.1600 -0.0465
vn 0.1059 0.3852 -0.9167
vn 0.6430 -0.7649 -0.0381
vn 0.9238 0.1166 -0.3647
vn 0.9052 0.4246 -0.0194
vn 0.9138 0.2632 0.3094
vn 0.8610 0.0950 0.4997
vn 0.9536 0.1319 0.2706
vn 0.8141 -0.0501 0.5786
vn 0.7176 0.0748 0.6925
vn 0.4081 -0.1650 0.8979
vn -0.0085 -0.2837 0.9589
vn -0.4081 -0.3584 0.8396
vn -0.7025 -0.4311 0.5662
vn -0.8021 -0.3354 0.4941
vn -0.8315 -0.5378 0.1394
vn -0.9074 -0.2783 0.3150
vn -0.9390 -0.1285 -0.3190
vn -0.9864 0.0684 -0.1493
vn -0.8278 0.0106 -0.5610
vn -0.0489 0.7669 -0.6399
vn -0.6716 0.5151 -0.5325
vn 0.3739 0.8136 -0.4453
vn -0.6794 0.2371 -0.6944
vn 0.4227 0.7476 -0.5123
vn -0.6955 0.3648 -0.6191
vn 0.2812 0.8588 -0.4282
vn -0.6943 0.1849 -0.6955
vn 0.5314 -0.3041 -0.7907
vn -0.2497 -0.8871 -0.3883
vn 0.5088 -0.8572 0.0796
vn -0.6489 -0.7579 0.0678
vn -0.7778 -0.6283 -0.0183
vn -0.4924 -0.8568 -0.1533
vn 0.2171 -0.9143 0.3420
vn 0.4496 -0.7966 0.4041
vn -0.1478 -0.9213 -0.3598
vn -0.6385 -0.7146 -0.2858
vn -0.6079 -0.4057 -0.6825
vn -0.7462 -0.6447 -0.1658
vn -0.5487 -0.2700 -0.7912
vn -0.7126 -0.7005 0.0391
vn -0.6585 -0.1273 -0.7417
vn -0.8463 -0.5189 0.1203
vn -0.3945 0.1613 -0.9046
vn -0.9603 -0.2622 -0.0949
vn -0.3689 0.3820 -0.8474
vn -0.9318 -0.2153 0.2921
vn -0.1878 -0.4703 0.8623
vn -0.5530 -0.8328 -0.0247
vn -0.6801 -0.7304 -0.0638
vn -0.7182 -0.6712 -0.1834
vn -0.8973 -0.2397 -0.3708
vn -0.8757 -0.4780 -0.0680
vn -0.7626 -0.6256 -0.1645
vn -0.5818 -0.7514 -0.3113
vn -0.8660 -0.3848 -0.3193
vn -0.9729 0.0912 -0.2127
vn -0.9374 0.3067 -0.1651
vn -0.6144 -0.7683 -0.1795
vn -0.6126 -0.6600 -0.4348
vn -0.9779 -0.1760 -0.1127
vn -0.9757 0.0936 -0.1980
vn -0.9535 0.2690 -0.1359
vn -0.7476 -0.5282 -0.4025
vn -0.7785 -0.6138 -0.1314
vn -0.7996 -0.5839 0.1401
vn -0.8126 -0.5788 -0.0688
vn -0.3097 -0.3956 0.8646
vn 0.6019 0.0852 0.7940
vn -0.1794 -0.3463 0.9208
vn -0.9971 -0.0432 0.0622
vn -0.9621 0.2654 -0.0622
vn -0.3063 -0.0585 0.9501
vn -0.9933 -0.0928 0.0686
vn -0.4135 -0.7608 0.5002
vn -0.4982 -0.3964 -0.7711
vn 0.0170 -0.9760 0.2172
vn 0.6075 -0.7365 -0.2976
vn 0.0276 0.2369 -0.9711
vn 0.7421 0.3710 0.5583
vn -0.7974 -0.3139 -0.5154
vn -0.5308 -0.5670 -0.6298
vn 0.7748 0.5281 0.3475
vn -0.4449 -0.8400 -0.3107
vn 0.7460 0.6189 -0.2458
vn -0.5017 -0.8250 0.2600
vn 0.4944 0.4353 -0.7524
vn 0.0337 -0.5880 0.8082
vn -0.6625 -0.5136 0.5454
vn -0.4746 0.2068 -0.8556
vn 0.2984 0.5574 -0.7748
vn 0.6154 0.6413 -0.4582
vn 0.5451 0.4868 -0.6825
vn 0.8192 0.4892 -0.2994
vn 0.8877 0.3244 -0.3268
vn 0.8458 0.4659 -0.2598
vn 0.9250 0.1588 -0.3453
vn 0.9588 0.2814 0.0379
vn 0.7630 0.5331 -0.3656
vn 0.8001 0.5839 -0.1376
vn 0.9497 0.2662 0.1649
vn 0.9824 0.0301 0.1843
vn 0.9865 0.1626 0.0195
vn 0.7699 -0.6226 0.1399
vn 0.3880 -0.0627 -0.9195
vn 0.0494 0.2238 -0.9734
vn 0.1834 0.3236 -0.9283
vn 0.8490 0.3551 -0.3913
vn 0.9201 -0.0333 -0.3903
vn 0.8782 -0.2202 -0.4246
vn 0.6397 -0.4958 0.5873
vn 0.7696 -0.2608 0.5828
vn 0.7856 -0.1488 0.6006
vn 0.9479 0.2585 0.1864
vn 0.7516 0.4488 -0.4834
vn 0.6704 0.4086 -0.6193
vn 0.4810 -0.0637 0.8744
vn 0.6926 0.0745 0.7175
vn 0.7785 0.1690 0.6045
vn 0.8154 0.2144 0.5377
vn 0.9075 0.3793 0.1806
vn 0.9224 0.3784 0.0769
vn 0.8154 0.5043 -0.2842
vn 0.7485 0.4781 -0.4596
vn 0.4647 0.4827 -0.7423
vn 0.7484 0.4781 -0.4596
vn 0.4647 0.4826 -0.7424
vn 0.4325 0.5134 -0.7412
vn 0.2778 0.4358 -0.8561
vn 0.6867 0.0687 0.7237
vn 0.8321 0.3115 0.4590
vn 0.8530 0.5141 0.0900
vn 0.6342 0.6393 -0.4347
vn 0.4592 0.6063 -0.6492
vn 0.4246 0.5871 -0.6892
vn 0.3714 0.5571 -0.7428
vn 0.2777 0.4358 -0.8561
vn -0.6624 -0.5136 0.5454
vn -0.5017 -0.8250 0.2601
vn -0.8698 -0.4481 0.2067
vn -0.4448 -0.8400 -0.3108
vn -0.8903 -0.3990 -0.2197
vn -0.5309 -0.5670 -0.6298
vn -0.7974 -0.3139 -0.5155
vn -0.0990 -0.2594 0.9607
vn -0.1725 -0.3558 0.9185
vn 0.0336 -0.5880 0.8082
vn -0.2282 -0.5483 0.8046
vn -0.4992 -0.7724 0.3927
vn -0.1553 -0.5711 0.8061
vn -0.4416 -0.8164 0.3721
vn -0.2037 -0.4842 0.8509
vn -0.5524 -0.7183 0.4231
vn -0.2824 -0.3342 0.8992
vn -0.7299 -0.5463 0.4108
vn -0.4737 -0.2465 0.8455
vn -0.7544 -0.4697 0.4585
vn -0.2757 -0.4434 0.8529
vn -0.6880 -0.6318 0.3571
vn -0.4843 -0.5064 0.7135
vn -0.6868 -0.7138 0.1374
vn -0.6445 -0.7357 0.2083
vn -0.3017 -0.3240 0.8967
vn -0.0578 0.0345 0.9977
vn 0.0981 0.1421 0.9850
vn 0.3772 0.4836 0.7898
vn 0.4232 0.5280 0.7363
vn 0.7309 0.6820 -0.0273
vn 0.6529 0.7541 -0.0710
vn 0.6461 0.4829 -0.5910
vn 0.5244 0.5317 -0.6650
vn 0.3233 -0.0801 -0.9429
vn 0.0473 -0.0388 -0.9981
vn -0.1484 -0.5026 -0.8517
vn -0.3919 -0.4668 -0.7928
vn -0.5245 -0.7127 -0.4659
vn -0.5794 -0.6364 -0.5092
vn -0.7140 -0.6046 -0.3531
vn -0.8498 -0.4752 -0.2280
vn -0.8436 -0.5271 -0.1021
vn -0.7321 -0.6787 -0.0576
vn -0.5361 -0.8438 -0.0237
vn -0.6108 -0.7802 -0.1351
vn -0.4978 -0.4557 -0.7379
vn -0.1303 0.1255 -0.9835
vn -0.2652 -0.0617 -0.9622
vn -0.1262 0.2592 -0.9575
vn 0.3638 0.4588 -0.8107
vn 0.3833 0.5508 -0.7414
vn 0.2478 0.4009 -0.8820
vn -0.0944 0.0196 -0.9953
vn -0.4743 -0.6148 -0.6301
vn -0.6446 -0.5954 -0.4795
vn -0.7771 -0.3876 -0.4959
vn -0.8032 -0.2739 -0.5290
vn -0.4917 -0.2911 -0.8207
vn 0.1049 -0.3120 -0.9443
vn 0.3791 0.3629 -0.8512
vn 0.6394 0.6741 -0.3698
vn 0.6584 0.6285 0.4141
vn 0.5364 0.5354 0.6524
vn 0.3442 0.2312 0.9100
vn -0.0817 -0.3198 0.9439
vn 0.2819 -0.2251 0.9327
vn 0.6591 0.1698 0.7326
vn 0.5523 0.4442 0.7054
vn 0.5990 0.6673 0.4426
vn 0.5396 0.8257 -0.1644
vn 0.1837 0.5483 -0.8158
vn -0.1406 0.3313 -0.9330
vn -0.5124 0.1974 -0.8358
vn -0.5675 -0.1072 -0.8164
vn -0.3372 -0.1565 -0.9284
vn 0.1019 0.2466 -0.9637
vn 0.3788 0.4321 -0.8184
vn 0.5804 0.5865 -0.5650
vn 0.6621 0.6361 -0.3961
vn 0.5565 0.6157 -0.5579
vn 0.5892 0.6886 -0.4228
vn 0.7515 0.6530 0.0940
vn 0.6917 0.5066 0.5147
vn 0.8154 0.2145 0.5377
vn 0.3622 0.1191 0.9245
vn 0.1975 -0.1002 0.9752
vn 0.1610 -0.2403 0.9573
vn -0.0810 -0.3587 0.9299
vn -0.1303 -0.2029 0.9705
vn -0.1014 -0.1790 0.9786
vn 0.0075 0.0988 0.9951
vn 0.3392 0.5388 0.7711
vn 0.3912 0.6163 0.6835
vn 0.7461 0.5642 0.3536
vn 0.6616 0.7270 -0.1837
vn 0.2033 0.5101 -0.8357
vn -0.0988 0.3205 -0.9421
vn 0.7008 0.6138 -0.3634
vn 0.7909 0.6120 0.0056
vn 0.7580 0.6507 0.0448
vn 0.6253 0.4217 0.6566
vn 0.6615 0.3446 0.6660
vn 0.7457 0.5260 0.4089
vn 0.3602 0.6297 0.6883
vn 0.3475 0.4035 0.8464
vn -0.0672 -0.0728 0.9951
vn 0.1709 -0.1185 0.9781
vn 0.6072 0.3251 0.7250
vn 0.7396 0.4720 -0.4798
vn -0.5479 0.5874 0.5956
vn -0.3992 0.6537 -0.6429
vn 0.0024 0.9145 0.4046
vn -0.0079 0.8143 -0.5804
vn -0.1048 -0.5459 -0.8313
vn 0.0265 0.4758 -0.8791
vn 0.1941 -0.7465 -0.6365
vn -0.6049 -0.7055 -0.3693
vn -0.9552 -0.2036 -0.2150
vn -0.8055 0.5568 -0.2031
vn -0.3336 -0.1396 -0.9323
vn -0.5830 -0.3369 -0.7393
vn -0.6074 -0.0341 -0.7936
vn -0.4718 0.0584 -0.8798
vn 0.5985 -0.2974 -0.7439
vn 0.4307 -0.2046 -0.8790
vn 0.7088 -0.0912 -0.6995
vn 0.5540 -0.0506 -0.8310
vn 0.2073 -0.5566 -0.8045
vn 0.3356 -0.1953 -0.9215
vn 0.5259 -0.1254 -0.8412
vn 0.6654 -0.2976 -0.6846
vn 0.8663 -0.3790 -0.3255
vn 0.7755 -0.4168 -0.4742
vn 0.5970 -0.3458 -0.7239
vn -0.0009 0.9089 0.4171
vn 0.1377 -0.9631 -0.2311
vn 0.2485 -0.9594 -0.1335
vn 0.1854 -0.9807 0.0616
vn -0.4916 -0.8428 0.2192
vn -0.5616 -0.4534 -0.6922
vn -0.1719 -0.5271 -0.8322
vn -0.1270 -0.7861 -0.6049
vn -0.2589 -0.7256 -0.6375
vn -0.3118 -0.5199 -0.7953
vn -0.4532 -0.2387 -0.8589
vn -0.5542 0.1042 -0.8259
vn -0.7371 0.1668 -0.6549
vn -0.8053 0.0099 -0.5928
vn -0.7031 0.0717 -0.7075
vn -0.5276 0.0154 -0.8494
vn -0.4346 -0.3452 -0.8319
vn -0.3936 -0.3561 -0.8475
vn -0.7373 -0.1905 -0.6482
vn -0.6820 -0.4549 -0.5727
vn -0.6000 -0.3658 -0.7115
vn -0.5036 -0.3297 -0.7986
vn -0.3828 -0.1692 -0.9082
vn -0.4745 -0.0348 -0.8796
vn -0.3254 -0.5160 -0.7923
vn -0.7059 -0.2236 -0.6721
vn -0.7132 0.0149 -0.7008
vn -0.0041 0.1572 -0.9876
vn 0.1498 -0.3328 -0.9310
vn 0.3727 -0.4397 -0.8172
vn 0.4310 0.2449 -0.8685
vn -0.0000 0.8342 -0.5515
vn -0.0000 0.1527 -0.9883
vn 0.0177 -0.5594 -0.8287
vn 0.0000 0.8702 0.4927
vn 0.2434 0.0880 -0.9659
vn 0.4928 0.0652 -0.8677
vn 0.4534 -0.2494 -0.8557
vn 0.3438 -0.3867 -0.8557
vn 0.2567 -0.6073 -0.7519
vn 0.2267 -0.8213 -0.5235
vn 0.5024 -0.4858 -0.7153
vn 0.7863 -0.4504 -0.4230
vn 0.7212 -0.3471 -0.5995
vn 0.5984 -0.5063 -0.6210
vn 0.8248 -0.0786 -0.5599
vn 0.7616 0.2692 -0.5894
vn 0.7103 0.0859 -0.6987
vn 0.6616 0.0881 -0.7447
vn 0.6000 -0.3658 -0.7115
vn 0.6847 -0.3570 -0.6354
vn 0.5608 -0.1593 -0.8125
vn 0.3961 -0.3591 -0.8451
vn -0.4802 -0.8572 0.1859
vn -0.3730 0.2854 -0.8829
vn -0.4343 -0.2324 -0.8703
vn -0.4159 -0.2758 -0.8666
vn 0.2608 0.6289 -0.7324
vn 0.5072 -0.6894 -0.5172
vn 0.5181 -0.8010 -0.3000
vn 0.5599 0.1269 -0.8188
vn 0.4827 -0.0663 -0.8733
vn 0.0456 -0.8894 0.4548
vn -0.6269 -0.5697 0.5315
vn -0.2811 -0.8673 0.4109
vn -0.2877 -0.3663 -0.8849
vn 0.5425 -0.8349 -0.0932
vn -0.8670 -0.3894 0.3110
vn -0.8154 0.0306 -0.5781
vn 0.2728 0.3248 -0.9056
vn -0.9808 0.1949 0.0070
vn -0.4763 -0.1678 0.8631
vn 0.4296 -0.4927 0.7568
vn 0.8666 -0.4967 -0.0488
vn 0.9245 -0.2217 -0.3102
vn 0.2746 0.5380 -0.7969
vn 0.3021 -0.5894 0.7492
vn -0.5626 -0.1861 0.8055
vn -0.8189 0.5081 -0.2670
vn -0.7645 0.5290 -0.3685
vn 0.1070 -0.6828 -0.7227
vn -0.3472 -0.7020 0.6218
vn -0.9538 -0.2995 -0.0226
vn -0.2061 -0.0285 -0.9781
vn -0.8354 -0.0343 -0.5486
vn -0.7927 0.5381 -0.2865
vn -0.6355 -0.0244 0.7717
vn -0.8095 0.5600 -0.1762
vn -0.5865 -0.2280 0.7772
vn -0.9194 0.3578 -0.1636
vn 0.0479 0.3871 -0.9208
vn 0.1908 0.2624 -0.9459
vn 0.1741 -0.9210 -0.3484
vn -0.1538 -0.7540 0.6387
vn -0.9253 -0.3667 0.0972
vn -0.2276 -0.0280 -0.9734
vn -0.8898 0.1013 -0.4449
vn -0.7923 0.5455 -0.2733
vn -0.6048 -0.0378 0.7955
vn -0.7470 0.6182 -0.2447
vn -0.6367 -0.1925 0.7467
vn -0.8855 0.3951 -0.2444
vn 0.1790 0.4266 -0.8865
vn 0.2652 0.3349 -0.9042
vn 0.3952 -0.6920 0.6041
vn 0.8197 -0.2309 -0.5241
vn 0.8751 -0.3282 -0.3557
vn 0.5384 -0.6133 0.5779
vn 0.3228 -0.6846 0.6536
vn 0.8209 -0.3621 -0.4416
vn 0.8849 -0.3254 -0.3332
vn 0.4325 -0.5620 0.7051
vn 0.0326 0.0819 -0.9961
vn -0.1609 0.1151 -0.9802
vn 0.0130 0.2536 -0.9672
vn 0.1869 0.2572 -0.9481
vn 0.5989 0.1906 -0.7778
vn 0.7163 -0.2272 -0.6597
vn 0.7625 0.0933 -0.6402
vn 0.8160 0.0444 -0.5764
vn 0.6049 0.1121 -0.7884
vn 0.5207 -0.0000 -0.8537
vn 0.2046 0.1253 -0.9708
vn 0.1067 0.0000 -0.9943
vn -0.2133 -0.0000 -0.9770
vn -0.5495 0.0893 -0.8307
vn -0.6186 -0.0000 -0.7857
vn -0.8160 0.0444 -0.5764
vn -0.6123 0.1816 -0.7695
vn -0.7625 0.0933 -0.6402
vn -0.2353 0.2666 -0.9346
vn -0.1729 -0.4741 -0.8633
usemtl head.024
s 1
f 1/1/1 2/2/2 3/3/3
f 3/3/3 4/4/4 1/1/1
f 4/4/4 3/3/3 5/5/5
f 5/5/5 6/6/6 4/4/4
f 6/6/6 5/5/5 7/7/7
f 7/7/7 8/8/8 6/6/6
f 8/8/8 7/7/7 9/9/9
f 9/9/9 10/10/10 8/8/8
f 10/10/10 9/9/9 11/11/11
f 11/11/11 12/12/12 10/10/10
f 12/12/12 11/11/11 13/13/13
f 13/13/13 14/14/14 12/12/12
f 14/14/14 13/13/13 15/15/15
f 15/15/15 16/16/16 14/14/14
f 16/16/16 15/15/15 17/17/17
f 17/17/17 18/18/18 16/16/16
f 18/18/18 17/17/17 19/19/19
f 19/19/19 20/20/20 18/18/18
f 20/20/20 19/19/19 21/21/21
f 21/21/21 22/22/22 20/20/20
f 22/22/22 21/21/21 23/23/23
f 23/23/23 24/24/24 22/22/22
f 24/24/24 23/23/23 25/25/25
f 25/25/25 26/26/26 24/24/24
f 26/26/26 25/25/25 27/27/27
f 27/27/27 28/28/28 26/26/26
f 28/28/28 27/27/27 29/29/29
f 29/29/29 30/30/30 28/28/28
f 30/30/30 29/29/29 31/31/31
f 31/31/31 32/32/32 30/30/30
f 32/32/32 31/31/31 33/33/33
f 33/33/33 34/34/34 32/32/32
f 34/34/34 33/33/33 35/35/35
f 35/35/35 36/36/36 34/34/34
f 36/36/36 35/35/35 37/37/37
f 37/37/37 38/38/38 36/36/36
f 38/38/38 37/37/37 39/39/39
f 39/39/39 40/40/40 38/38/38
f 40/40/40 39/39/39 17/17/17
f 17/17/17 41/41/41 40/40/40
f 41/41/41 17/17/17 15/15/15
f 15/15/15 42/42/42 41/41/41
f 42/42/42 15/15/15 13/13/13
f 13/13/13 43/43/43 42/42/42
f 43/43/43 13/13/13 11/11/11
f 11/11/11 44/44/44 43/43/43
f 44/44/44 11/11/11 9/9/9
f 9/9/9 45/45/45 44/44/44
f 45/45/45 9/9/9 7/7/7
f 7/7/7 46/46/46 45/45/45
f 46/46/46 7/7/7 5/5/5
f 5/5/5 47/47/47 46/46/46
f 47/47/47 5/5/5 3/3/3
f 3/3/3 48/48/48 47/47/47
f 48/48/48 3/3/3 2/2/2
f 2/2/2 49/49/49 48/48/48
f 50/50/50 51/51/51 52/52/52
f 51/51/51 50/50/50 53/53/53
f 53/53/53 54/54/54 51/51/51
f 54/54/54 53/53/53 55/55/55
f 55/55/55 56/56/56 54/54/54
f 56/56/56 55/55/55 57/57/57
f 57/57/57 58/58/58 56/56/56
f 58/58/58 57/57/57 59/59/59
f 59/59/59 60/60/60 58/58/58
f 60/60/60 59/59/59 61/61/61
f 61/61/61 62/62/62 60/60/60
f 62/62/62 61/61/61 63/63/63
f 63/63/63 64/64/64 62/62/62
f 64/64/64 63/63/63 65/65/65
f 65/65/65 66/66/66 64/64/64
f 66/66/66 65/65/65 67/67/67
f 67/67/67 68/68/68 66/66/66
f 68/68/68 67/67/67 69/69/69
f 69/69/69 70/70/70 68/68/68
f 70/70/70 69/69/69 71/71/71
f 71/71/71 72/72/72 70/70/70
f 72/72/72 71/71/71 73/73/73
f 73/73/73 74/74/74 72/72/72
f 74/74/74 73/73/73 75/75/75
f 75/75/75 76/76/76 74/74/74
f 76/76/76 75/75/75 77/77/77
f 77/77/77 78/78/78 76/76/76
f 78/78/78 77/77/77 79/79/79
f 79/79/79 80/80/80 78/78/78
f 80/80/80 79/79/79 81/81/81
f 81/81/81 82/82/82 80/80/80
f 82/82/82 81/81/81 83/83/83
f 83/83/83 84/84/84 82/82/82
f 84/84/84 83/83/83 85/85/85
f 85/85/85 86/86/86 84/84/84
f 86/86/86 85/85/85 87/87/87
f 87/87/87 88/88/88 86/86/86
f 88/88/88 87/87/87 89/89/89
f 89/89/89 90/90/90 88/88/88
f 90/90/90 89/89/89 91/91/91
f 91/91/91 92/92/92 90/90/90
f 92/92/92 91/91/91 93/93/93
f 94/94/94 95/95/95 96/96/96
f 95/95/95 94/94/94 97/97/97
f 97/97/97 98/98/98 95/95/95
f 98/98/98 97/97/97 99/99/99
f 99/99/99 100/100/100 98/98/98
f 100/100/100 99/99/99 101/101/101
f 101/101/101 102/102/102 100/100/100
f 102/102/102 101/101/101 103/103/103
f 103/103/103 104/104/104 102/102/102
f 104/104/104 103/103/103 105/105/105
f 105/105/105 106/106/106 104/104/104
f 106/106/106 105/105/105 107/107/107
f 107/107/107 108/108/108 106/106/106
f 108/108/108 107/107/107 109/109/109
f 109/109/109 110/110/110 108/108/108
f 110/110/110 109/109/109 111/111/111
f 111/111/111 112/112/112 110/110/110
f 112/112/112 111/111/111 113/113/113
f 113/113/113 93/114/93 112/112/112
f 93/114/93 113/113/113 114/115/114
f 114/115/114 92/116/92 93/114/93
f 92/116/92 114/115/114 115/117/115
f 115/117/115 116/118/116 92/116/92
f 116/118/116 115/117/115 117/119/117
f 117/119/117 118/120/118 116/118/116
f 118/120/118 117/119/117 119/121/119
f 119/121/119 120/122/120 118/120/118
f 120/122/120 119/121/119 121/123/121
f 121/123/121 122/124/122 120/122/120
f 122/124/122 121/123/121 123/125/123
f 123/125/123 124/126/124 122/124/122
f 124/126/124 123/125/123 125/127/125
f 126/128/126 127/129/127 128/130/128
f 128/130/128 129/131/129 126/128/126
f 130/132/130 128/130/128 127/129/127
f 128/130/128 130/132/130 131/133/131
f 132/134/132 133/135/133 134/136/134
f 133/135/133 132/134/132 135/137/135
f 136/138/136 125/139/137 123/140/123
f 125/139/137 136/138/136 137/141/136
f 107/142/107 138/143/138 109/144/109
f 138/143/138 107/142/107 139/145/139
f 140/146/140 141/147/141 142/148/142
f 142/148/142 143/149/143 140/146/140
f 143/149/143 142/148/142 144/150/144
f 144/150/144 145/151/145 143/149/143
f 145/151/145 144/150/144 146/152/146
f 146/152/146 147/153/147 145/151/145
f 147/153/147 146/152/146 148/154/148
f 149/155/149 150/156/150 151/157/151
f 150/156/150 149/155/149 152/158/152
f 152/158/152 153/159/153 150/156/150
f 152/158/152 154/160/154 153/159/153
f 154/160/154 152/158/152 155/161/155
f 154/160/154 155/161/155 156/162/156
f 156/162/156 153/159/153 154/160/154
f 156/162/156 157/163/157 153/159/153
f 157/163/157 156/162/156 158/164/158
f 158/164/158 159/165/159 157/163/157
f 159/165/159 158/164/158 160/166/160
f 160/166/160 161/167/161 159/165/159
f 161/167/161 160/166/160 162/168/162
f 162/168/162 163/169/163 161/167/161
f 163/169/163 162/168/162 164/170/164
f 164/170/164 165/171/165 163/169/163
f 165/171/165 164/170/164 166/172/166
f 166/172/166 167/173/167 165/171/165
f 166/172/166 168/174/168 167/173/167
f 166/172/166 169/175/169 168/174/168
f 169/175/169 166/172/166 164/170/164
f 164/170/164 170/176/170 169/175/169
f 170/176/170 164/170/164 162/168/162
f 162/168/162 171/177/171 170/176/170
f 171/177/171 162/168/162 160/166/160
f 160/166/160 172/178/172 171/177/171
f 172/178/172 160/166/160 158/164/158
f 158/164/158 173/179/173 172/178/172
f 173/179/173 158/164/158 156/162/156
f 156/162/156 174/180/174 173/179/173
f 174/180/174 156/162/156 155/161/155
f 174/180/174 155/161/155 175/181/175
f 175/181/175 173/179/173 174/180/174
f 173/179/173 175/181/175 176/182/176
f 176/182/176 177/183/177 173/179/173
f 177/183/177 176/182/176 178/184/178
f 178/184/178 179/185/179 177/183/177
f 179/185/179 178/184/178 180/186/180
f 180/186/180 181/187/181 179/185/179
f 180/186/180 182/188/182 181/187/181
f 182/188/182 180/186/180 46/46/46
f 182/188/182 46/46/46 47/47/47
f 47/47/47 183/189/183 182/188/182
f 183/189/183 47/47/47 48/48/48
f 183/189/183 48/48/48 49/49/49
f 183/189/183 49/49/49 184/190/184
f 183/189/183 184/190/184 185/191/185
f 185/191/185 182/188/182 183/189/183
f 185/191/185 181/187/181 182/188/182
f 181/187/181 185/191/185 186/192/186
f 186/192/186 179/185/179 181/187/181
f 179/185/179 186/192/186 187/193/187
f 187/193/187 177/183/177 179/185/179
f 177/183/177 187/193/187 188/194/188
f 188/194/188 173/179/173 177/183/177
f 188/194/188 172/178/172 173/179/173
f 172/178/172 188/194/188 189/195/189
f 189/195/189 190/196/190 172/178/172
f 190/196/190 189/195/189 191/197/191
f 190/196/190 191/197/191 192/198/192
f 192/198/192 172/178/172 190/196/190
f 192/198/192 171/177/171 172/178/172
f 171/177/171 192/198/192 193/199/193
f 193/199/193 170/176/170 171/177/171
f 193/199/193 169/175/169 170/176/170
f 169/175/169 193/199/193 194/200/194
f 194/200/194 168/174/168 169/175/169
f 168/174/168 194/200/194 195/201/195
f 195/201/195 167/173/167 168/174/168
f 195/201/195 196/202/196 167/173/167
f 195/201/195 197/203/197 196/202/196
f 195/201/195 198/204/198 197/203/197
f 198/204/198 195/201/195 194/200/194
f 194/200/194 199/205/199 198/204/198
f 199/205/199 194/200/194 193/199/193
f 193/199/193 200/206/200 199/205/199
f 200/206/200 193/199/193 201/207/201
f 201/207/201 202/208/202 200/206/200
f 202/208/202 201/207/201 203/209/203
f 202/208/202 203/209/203 204/210/204
f 204/210/204 205/211/205 202/208/202
f 205/211/205 204/210/204 206/212/206
f 206/212/206 207/213/207 205/211/205
f 207/213/207 206/212/206 208/214/208
f 208/214/208 209/215/209 207/213/207
f 209/215/209 208/214/208 210/216/210
f 210/216/210 211/217/211 209/215/209
f 211/217/211 210/216/210 212/218/212
f 212/218/212 213/219/213 211/217/211
f 213/219/213 212/218/212 1/1/1
f 213/219/213 1/1/1 4/4/4
f 4/4/4 214/220/214 213/219/213
f 214/220/214 4/4/4 6/6/6
f 6/6/6 215/221/215 214/220/214
f 215/221/215 6/6/6 8/8/8
f 8/8/8 216/222/216 215/221/215
f 216/222/216 8/8/8 10/10/10
f 10/10/10 217/223/217 216/222/216
f 217/223/217 10/10/10 12/12/12
f 12/12/12 218/224/218 217/223/217
f 218/224/218 12/12/12 14/14/14
f 14/14/14 219/225/219 218/224/218
f 219/225/219 14/14/14 16/16/16
f 16/16/16 220/226/220 219/225/219
f 220/226/220 16/16/16 18/18/18
f 18/18/18 221/227/221 220/226/220
f 221/227/221 18/18/18 20/20/20
f 20/20/20 126/228/222 221/227/221
f 126/228/222 20/20/20 22/22/22
f 126/228/222 22/22/22 24/24/24
f 24/24/24 127/229/223 126/228/222
f 127/229/223 24/24/24 26/26/26
f 26/26/26 130/230/224 127/229/223
f 130/230/224 26/26/26 28/28/28
f 28/28/28 222/231/225 130/230/224
f 222/231/225 28/28/28 30/30/30
f 30/30/30 223/232/226 222/231/225
f 223/232/226 30/30/30 32/32/32
f 32/32/32 224/233/227 223/232/226
f 224/233/227 32/32/32 34/34/34
f 224/233/227 34/34/34 36/36/36
f 224/233/227 36/36/36 38/38/38
f 224/233/227 38/38/38 40/40/40
f 40/40/40 225/234/228 224/233/227
f 225/234/228 40/40/40 41/41/41
f 41/41/41 226/235/229 225/234/228
f 226/235/229 41/41/41 42/42/42
f 42/42/42 227/236/230 226/235/229
f 227/236/230 42/42/42 43/43/43
f 43/43/43 228/237/231 227/236/230
f 228/237/231 43/43/43 44/44/44
f 44/44/44 229/238/232 228/237/231
f 229/238/232 44/44/44 45/45/45
f 229/238/232 45/45/45 46/46/46
f 229/238/232 46/46/46 180/186/180
f 180/186/180 230/239/233 229/238/232
f 230/239/233 180/186/180 178/184/178
f 178/184/178 231/240/234 230/239/233
f 231/240/234 178/184/178 176/182/176
f 176/182/176 232/241/235 231/240/234
f 232/241/235 176/182/176 175/181/175
f 232/241/235 175/181/175 155/161/155
f 232/241/235 155/161/155 233/242/236
f 233/242/236 231/240/234 232/241/235
f 231/240/234 233/242/236 234/243/237
f 234/243/237 230/239/233 231/240/234
f 230/239/233 234/243/237 235/244/238
f 235/244/238 229/238/232 230/239/233
f 235/244/238 228/237/231 229/238/232
f 228/237/231 235/244/238 236/245/239
f 236/245/239 227/236/230 228/237/231
f 227/236/230 236/245/239 237/246/240
f 237/246/240 226/235/229 227/236/230
f 226/235/229 237/246/240 238/247/241
f 238/247/241 225/234/228 226/235/229
f 238/247/241 239/248/242 225/234/228
f 239/248/242 238/247/241 125/127/125
f 239/248/242 125/127/125 123/125/123
f 239/248/242 123/125/123 121/123/121
f 239/248/242 121/123/121 224/233/227
f 224/233/227 225/234/228 239/248/242
f 236/245/239 235/244/238 234/243/237
f 234/243/237 240/249/243 236/245/239
f 240/249/243 234/243/237 241/250/244
f 241/250/244 242/251/245 240/249/243
f 242/251/245 241/250/244 243/252/246
f 243/252/246 244/253/247 242/251/245
f 244/253/247 243/252/246 245/254/248
f 245/254/248 246/255/249 244/253/247
f 246/255/249 245/254/248 243/252/246
f 243/252/246 247/256/250 246/255/249
f 247/256/250 243/252/246 241/250/244
f 241/250/244 248/257/251 247/256/250
f 248/257/251 241/250/244 234/243/237
f 248/257/251 234/243/237 233/242/236
f 248/257/251 233/242/236 249/258/252
f 249/258/252 247/256/250 248/257/251
f 247/256/250 249/258/252 250/259/253
f 250/259/253 246/255/249 247/256/250
f 246/255/249 250/259/253 152/158/152
f 152/158/152 251/260/254 246/255/249
f 251/260/254 152/158/152 149/155/149
f 251/260/254 149/155/149 252/261/255
f 251/260/254 252/261/255 244/253/247
f 244/253/247 246/255/249 251/260/254
f 252/261/255 253/262/256 244/253/247
f 253/262/256 252/261/255 254/263/257
f 254/263/257 124/126/124 253/262/256
f 124/126/124 254/263/257 255/264/258
f 255/264/258 122/124/122 124/126/124
f 122/124/122 255/264/258 256/265/259
f 256/265/259 120/122/120 122/124/122
f 120/122/120 256/265/259 257/266/260
f 257/266/260 118/120/118 120/122/120
f 118/120/118 257/266/260 258/267/261
f 258/267/261 116/268/116 118/120/118
f 258/267/261 92/92/92 116/268/116
f 258/267/261 90/90/90 92/92/92
f 90/90/90 258/267/261 259/269/262
f 259/269/262 88/270/88 90/90/90
f 88/270/88 259/269/262 260/271/263
f 260/271/263 86/272/86 88/270/88
f 86/272/86 260/271/263 261/273/264
f 261/273/264 84/84/84 86/272/86
f 84/84/84 261/273/264 262/274/265
f 262/274/265 82/82/82 84/84/84
f 262/274/265 80/80/80 82/82/82
f 262/274/265 263/275/266 80/80/80
f 263/275/266 262/274/265 264/276/267
f 264/276/267 265/277/268 263/275/266
f 264/276/267 266/278/269 265/277/268
f 264/276/267 267/279/270 266/278/269
f 264/276/267 261/273/264 267/279/270
f 261/273/264 264/276/267 262/274/265
f 127/229/127 221/227/221 126/228/222
f 221/227/221 127/229/127 130/230/224
f 130/230/224 268/280/271 221/227/221
f 268/280/271 130/230/224 222/231/225
f 222/231/225 114/115/114 268/280/271
f 222/231/225 115/117/115 114/115/114
f 222/231/225 269/281/272 115/117/115
f 269/281/272 222/231/225 223/232/226
f 223/232/226 270/282/273 269/281/272
f 270/282/273 223/232/226 224/233/227
f 270/282/273 224/233/227 121/123/121
f 270/282/273 121/123/121 119/121/119
f 119/121/119 269/281/272 270/282/273
f 269/281/272 119/121/119 117/119/117
f 117/119/117 115/117/115 269/281/272
f 271/283/274 185/191/185 184/190/184
f 185/191/185 271/283/274 272/284/275
f 272/284/275 186/192/186 185/191/185
f 186/192/186 272/284/275 273/285/276
f 273/285/276 187/193/187 186/192/186
f 273/285/276 188/194/188 187/193/187
f 273/285/276 189/195/189 188/194/188
f 273/285/276 274/286/277 189/195/189
f 274/286/277 273/285/276 272/284/275
f 272/284/275 275/287/278 274/286/277
f 275/287/278 272/284/275 271/283/274
f 276/288/279 274/286/277 275/287/278
f 274/286/277 276/288/279 191/197/191
f 191/197/191 189/195/189 274/286/277
f 191/197/191 276/288/279 277/289/280
f 277/289/280 278/290/281 191/197/191
f 278/290/281 277/289/280 203/209/203
f 278/290/281 203/209/203 201/207/201
f 278/290/281 201/207/201 192/198/192
f 192/198/192 191/197/191 278/290/281
f 193/199/193 192/198/192 201/207/201
f 279/291/282 280/292/283 281/293/284
f 281/293/284 282/294/285 279/291/282
f 282/294/285 281/293/284 283/295/286
f 282/294/285 283/295/286 284/296/287
f 284/296/287 285/297/288 282/294/285
f 285/297/288 284/296/287 286/298/289
f 286/298/289 287/299/290 285/297/288
f 287/299/290 286/298/289 288/300/291
f 288/300/291 289/301/292 287/299/290
f 289/301/292 288/300/291 290/302/293
f 290/302/293 291/303/294 289/301/292
f 291/303/294 290/302/293 292/304/295
f 291/303/294 292/304/295 293/305/296
f 291/303/294 293/305/296 56/56/56
f 56/56/56 289/301/292 291/303/294
f 289/301/292 56/56/56 58/58/58
f 289/301/292 58/58/58 294/306/297
f 294/306/297 287/299/290 289/301/292
f 294/306/297 285/297/288 287/299/290
f 294/306/297 295/307/298 285/297/288
f 294/306/297 60/60/60 295/307/298
f 60/60/60 294/306/297 58/58/58
f 62/62/62 295/307/298 60/60/60
f 295/307/298 62/62/62 64/64/64
f 64/64/64 296/308/299 295/307/298
f 296/308/299 64/64/64 66/66/66
f 66/66/66 297/309/300 296/308/299
f 297/309/300 66/66/66 68/68/68
f 68/68/68 298/310/301 297/309/300
f 298/310/301 68/68/68 70/70/70
f 298/310/301 70/70/70 299/311/302
f 299/311/302 300/312/303 298/310/301
f 300/312/303 299/311/302 301/313/304
f 300/312/303 301/313/304 302/314/305
f 300/312/303 302/314/305 303/315/306
f 300/312/303 303/315/306 279/291/282
f 279/291/282 304/316/307 300/312/303
f 304/316/307 279/291/282 282/294/285
f 282/294/285 305/317/308 304/316/307
f 305/317/308 282/294/285 285/297/288
f 305/317/308 285/297/288 295/307/298
f 305/317/308 295/307/298 296/308/299
f 296/308/299 304/316/307 305/317/308
f 304/316/307 296/308/299 297/309/300
f 297/309/300 300/312/303 304/316/307
f 300/312/303 297/309/300 298/310/301
f 54/54/54 56/56/56 293/305/296
f 293/305/296 306/318/309 54/54/54
f 293/305/296 307/319/310 306/318/309
f 307/319/310 293/305/296 308/320/311
f 308/320/311 309/321/312 307/319/310
f 309/321/312 308/320/311 310/322/313
f 310/322/313 288/300/291 309/321/312
f 288/300/291 310/322/313 311/323/314
f 311/323/314 290/302/293 288/300/291
f 311/323/314 292/304/295 290/302/293
f 292/304/295 311/323/314 308/320/311
f 308/320/311 293/305/296 292/304/295
f 310/322/313 308/320/311 311/323/314
f 312/324/315 313/325/316 314/326/317
f 313/325/316 312/324/315 315/327/318
f 313/325/316 315/327/318 316/328/319
f 313/325/316 316/328/319 317/329/320
f 313/325/316 317/329/320 318/330/321
f 318/330/321 319/331/322 313/325/316
f 318/330/321 320/332/323 319/331/322
f 320/332/323 318/330/321 317/329/320
f 317/329/320 321/333/324 320/332/323
f 321/333/324 317/329/320 322/334/325
f 322/334/325 323/335/326 321/333/324
f 323/335/326 322/334/325 324/336/327
f 324/336/327 325/337/328 323/335/326
f 325/337/328 324/336/327 326/338/329
f 325/337/328 326/338/329 327/339/330
f 325/337/328 327/339/330 328/340/331
f 325/337/328 328/340/331 329/341/332
f 329/341/332 323/335/326 325/337/328
f 329/341/332 330/342/333 323/335/326
f 330/342/333 329/341/332 328/340/331
f 328/340/331 331/343/334 330/342/333
f 331/343/334 328/340/331 332/344/335
f 333/345/336 77/77/77 75/75/75
f 75/75/75 334/346/337 333/345/336
f 334/346/337 75/75/75 73/73/73
f 73/73/73 335/347/338 334/346/337
f 335/347/338 73/73/73 71/71/71
f 71/71/71 336/348/339 335/347/338
f 336/348/339 71/71/71 69/69/69
f 69/69/69 337/349/340 336/348/339
f 337/349/340 69/69/69 67/67/67
f 67/67/67 338/350/341 337/349/340
f 338/350/341 67/67/67 65/65/65
f 65/65/65 339/351/342 338/350/341
f 339/351/342 65/65/65 63/63/63
f 63/63/63 340/352/343 339/351/342
f 340/352/343 63/63/63 61/61/61
f 340/352/343 61/61/61 59/59/59
f 59/59/59 341/353/344 340/352/343
f 341/353/344 59/59/59 57/57/57
f 57/57/57 342/354/345 341/353/344
f 342/354/345 57/57/57 55/55/55
f 55/55/55 343/355/346 342/354/345
f 343/355/346 55/55/55 53/53/53
f 53/53/53 344/356/347 343/355/346
f 344/356/347 53/53/53 50/50/50
f 344/356/347 50/50/50 345/357/348
f 345/357/348 346/358/349 344/356/347
f 346/358/349 345/357/348 347/359/350
f 346/358/349 347/359/350 340/352/343
f 346/358/349 340/352/343 341/353/344
f 346/358/349 341/353/344 348/360/351
f 348/360/351 344/356/347 346/358/349
f 348/360/351 343/355/346 344/356/347
f 343/355/346 348/360/351 349/361/352
f 349/361/352 342/354/345 343/355/346
f 349/361/352 341/353/344 342/354/345
f 341/353/344 349/361/352 348/360/351
f 350/362/353 351/363/354 352/364/355
f 352/364/355 353/365/356 350/362/353
f 353/365/356 352/364/355 354/366/357
f 354/366/357 355/367/358 353/365/356
f 355/367/358 354/366/357 356/368/359
f 356/368/359 357/369/360 355/367/358
f 357/369/360 356/368/359 358/370/361
f 358/370/361 359/371/362 357/369/360
f 360/372/363 257/373/260 258/374/261
f 258/374/261 361/375/364 360/372/363
f 361/375/364 258/374/261 90/376/90
f 90/376/90 362/377/365 361/375/364
f 362/377/365 90/376/90 91/378/366
f 91/378/366 363/379/367 362/377/365
f 363/379/367 91/378/366 364/380/368
f 364/380/368 365/381/369 363/379/367
f 303/315/306 366/382/370 367/383/371
f 367/383/371 368/384/372 303/315/306
f 368/384/372 367/383/371 369/385/373
f 369/385/373 370/386/374 368/384/372
f 370/386/374 369/385/373 371/387/375
f 371/387/375 135/137/135 370/386/374
f 79/79/79 372/388/376 373/389/377
f 373/389/377 81/81/81 79/79/79
f 81/81/81 373/389/377 374/390/378
f 374/390/378 83/83/83 81/81/81
f 374/390/378 85/85/85 83/83/83
f 374/390/378 375/391/379 85/85/85
f 375/391/379 374/390/378 373/389/377
f 375/391/379 373/389/377 376/392/380
f 375/391/379 376/392/380 377/393/381
f 375/391/379 377/393/381 378/394/382
f 375/391/379 378/394/382 379/395/383
f 379/395/383 85/85/85 375/391/379
f 85/85/85 379/395/383 380/396/384
f 380/396/384 87/87/87 85/85/85
f 87/87/87 380/396/384 381/397/385
f 381/397/385 89/89/89 87/87/87
f 89/89/89 381/397/385 364/398/368
f 364/398/368 91/91/91 89/89/89
f 364/398/368 93/93/93 91/91/91
f 364/398/368 112/112/112 93/93/93
f 364/398/368 382/399/386 112/112/112
f 382/399/386 364/398/368 381/397/385
f 381/397/385 383/400/387 382/399/386
f 383/400/387 381/397/385 380/396/384
f 383/400/387 380/396/384 379/395/383
f 379/395/383 378/394/382 383/400/387
f 384/401/388 382/399/386 383/400/387
f 382/399/386 384/401/388 110/110/110
f 110/110/110 112/112/112 382/399/386
f 108/108/108 110/110/110 384/401/388
f 384/401/388 106/106/106 108/108/108
f 106/106/106 384/401/388 385/402/389
f 385/402/389 104/104/104 106/106/106
f 385/402/389 386/403/390 104/104/104
f 386/403/390 385/402/389 387/404/391
f 387/404/391 388/405/392 386/403/390
f 388/405/392 387/404/391 389/406/393
f 389/406/393 390/407/394 388/405/392
f 389/406/393 391/408/395 390/407/394
f 391/408/395 389/406/393 392/409/396
f 391/408/395 392/409/396 393/410/397
f 391/408/395 393/410/397 394/411/398
f 391/408/395 394/411/398 395/412/399
f 395/412/399 396/413/400 391/408/395
f 396/413/400 395/412/399 397/414/401
f 397/414/401 398/415/402 396/413/400
f 398/415/402 397/414/401 399/416/403
f 400/417/404 401/418/405 399/419/403
f 332/420/335 398/415/402 399/419/403
f 398/415/402 332/420/335 402/421/406
f 402/421/406 403/422/407 398/415/402
f 403/422/407 402/421/406 404/423/408
f 404/423/408 405/424/409 403/422/407
f 405/424/409 404/423/408 406/425/410
f 406/425/410 407/426/411 405/424/409
f 407/426/411 406/425/410 408/427/412
f 408/427/412 409/428/413 407/426/411
f 409/428/413 408/427/412 410/429/414
f 410/429/414 411/430/415 409/428/413
f 411/430/415 410/429/414 412/431/416
f 412/431/416 413/432/417 411/430/415
f 413/432/417 412/431/416 414/433/418
f 414/433/418 415/434/419 413/432/417
f 415/434/419 414/433/418 335/347/338
f 415/434/419 335/347/338 336/348/339
f 336/348/339 416/435/420 415/434/419
f 416/435/420 336/348/339 337/349/340
f 337/349/340 417/436/421 416/435/420
f 417/436/421 337/349/340 338/350/341
f 338/350/341 418/437/422 417/436/421
f 418/437/422 338/350/341 339/351/342
f 418/437/422 339/351/342 340/352/343
f 418/437/422 340/352/343 347/359/350
f 347/359/350 419/438/423 418/437/422
f 419/438/423 347/359/350 345/357/348
f 345/357/348 420/439/424 419/438/423
f 420/439/424 345/357/348 50/50/50
f 420/439/424 50/50/50 52/52/52
f 52/52/52 421/440/425 420/439/424
f 52/52/52 422/441/426 421/440/425
f 422/441/426 52/52/52 51/51/51
f 51/51/51 423/442/427 422/441/426
f 423/442/427 51/51/51 54/54/54
f 54/54/54 424/443/428 423/442/427
f 424/443/428 54/54/54 306/318/309
f 424/443/428 306/318/309 425/444/429
f 425/444/429 426/445/430 424/443/428
f 426/445/430 425/444/429 427/446/431
f 427/446/431 428/447/432 426/445/430
f 428/447/432 427/446/431 429/448/433
f 428/447/432 429/448/433 430/449/434
f 428/447/432 430/449/434 148/450/148
f 148/450/148 431/451/435 428/447/432
f 431/451/435 148/450/148 146/452/146
f 146/452/146 432/453/436 431/451/435
f 432/453/436 146/452/146 144/454/144
f 144/454/144 433/455/437 432/453/436
f 433/455/437 144/454/144 142/456/142
f 433/455/437 142/456/142 141/457/141
f 433/455/437 141/457/141 434/458/438
f 433/455/437 434/458/438 435/459/439
f 433/455/437 435/459/439 436/460/440
f 436/460/440 432/453/436 433/455/437
f 432/453/436 436/460/440 437/461/441
f 437/461/441 431/451/435 432/453/436
f 431/451/435 437/461/441 438/462/442
f 438/462/442 428/447/432 431/451/435
f 438/462/442 426/445/430 428/447/432
f 438/462/442 424/443/428 426/445/430
f 438/462/442 423/442/427 424/443/428
f 423/442/427 438/462/442 437/461/441
f 437/461/441 422/441/426 423/442/427
f 422/441/426 437/461/441 436/460/440
f 436/460/440 439/463/443 422/441/426
f 439/463/443 436/460/440 435/459/439
f 435/459/439 440/464/444 439/463/443
f 440/464/444 435/459/439 441/465/445
f 440/464/444 441/465/445 442/466/446
f 440/464/444 442/466/446 443/467/447
f 443/467/447 439/463/443 440/464/444
f 439/463/443 443/467/447 444/468/448
f 444/468/448 422/441/426 439/463/443
f 444/468/448 421/440/425 422/441/426
f 421/440/425 444/468/448 445/469/449
f 445/469/449 446/470/450 421/440/425
f 446/470/450 445/469/449 409/428/413
f 446/470/450 409/428/413 411/430/415
f 411/430/415 416/435/420 446/470/450
f 416/435/420 411/430/415 413/432/417
f 413/432/417 415/434/419 416/435/420
f 396/413/400 398/415/402 403/422/407
f 403/422/407 447/471/451 396/413/400
f 447/471/451 403/422/407 405/424/409
f 405/424/409 448/472/452 447/471/451
f 448/472/452 405/424/409 407/426/411
f 407/426/411 449/473/453 448/472/452
f 407/426/411 450/474/454 449/473/453
f 450/474/454 407/426/411 409/428/413
f 450/474/454 409/428/413 445/469/449
f 450/474/454 445/469/449 444/468/448
f 450/474/454 444/468/448 443/467/447
f 443/467/447 451/475/455 450/474/454
f 451/475/455 443/467/447 442/466/446
f 451/475/455 442/466/446 452/476/456
f 451/475/455 452/476/456 453/477/457
f 451/475/455 453/477/457 449/473/453
f 449/473/453 450/474/454 451/475/455
f 312/478/315 314/479/317 454/480/458
f 454/480/458 455/481/459 312/478/315
f 455/481/459 454/480/458 456/482/460
f 456/482/460 414/433/418 455/481/459
f 335/347/338 414/483/418 457/484/461
f 457/484/461 334/346/337 335/347/338
f 457/484/461 333/345/336 334/346/337
f 457/484/461 458/485/462 333/345/336
f 457/484/461 456/482/460 458/485/462
f 456/482/460 457/484/461 414/483/418
f 459/486/463 119/487/119 117/488/117
f 117/488/117 460/489/464 459/486/463
f 460/489/464 117/488/117 115/490/115
f 115/490/115 461/491/465 460/489/464
f 461/491/465 115/490/115 114/492/114
f 114/492/114 462/493/466 461/491/465
f 462/493/466 114/492/114 113/494/467
f 113/494/467 463/495/468 462/493/466
f 464/496/469 465/497/470 466/498/471
f 466/498/471 467/499/472 464/496/469
f 467/499/472 466/498/471 468/500/473
f 468/500/473 469/501/474 467/499/472
f 469/501/474 468/500/473 470/502/475
f 470/502/475 471/503/476 469/501/474
f 471/503/476 470/502/475 472/504/477
f 472/504/477 473/505/478 471/503/476
f 474/506/479 449/473/453 453/477/457
f 449/473/453 474/506/479 475/507/480
f 475/507/480 448/472/452 449/473/453
f 448/472/452 475/507/480 476/508/481
f 476/508/481 447/471/451 448/472/452
f 447/471/451 476/508/481 477/509/482
f 477/509/482 396/413/400 447/471/451
f 477/509/482 391/408/395 396/413/400
f 477/509/482 390/407/394 391/408/395
f 390/407/394 477/509/482 476/508/481
f 476/508/481 478/510/483 390/407/394
f 478/510/483 476/508/481 475/507/480
f 475/507/480 479/511/484 478/510/483
f 479/511/484 475/507/480 474/506/479
f 474/506/479 480/512/485 479/511/484
f 480/512/485 474/506/479 453/477/457
f 480/512/485 453/477/457 197/203/197
f 197/203/197 481/513/486 480/512/485
f 481/513/486 197/203/197 198/204/198
f 198/204/198 482/514/487 481/513/486
f 482/514/487 198/204/198 199/205/199
f 199/205/199 483/515/488 482/514/487
f 483/515/488 199/205/199 200/206/200
f 483/515/488 200/206/200 202/208/202
f 483/515/488 202/208/202 205/211/205
f 205/211/205 484/516/489 483/515/488
f 484/516/489 205/211/205 207/213/207
f 207/213/207 485/517/490 484/516/489
f 485/517/490 207/213/207 209/215/209
f 209/215/209 486/518/491 485/517/490
f 486/518/491 209/215/209 211/217/211
f 211/217/211 487/519/492 486/518/491
f 487/519/492 211/217/211 213/219/213
f 487/519/492 213/219/213 214/220/214
f 487/519/492 214/220/214 215/221/215
f 215/221/215 486/518/491 487/519/492
f 215/221/215 488/520/493 486/518/491
f 215/221/215 489/521/494 488/520/493
f 489/521/494 215/221/215 216/222/216
f 216/222/216 490/522/495 489/521/494
f 216/222/216 491/523/496 490/522/495
f 491/523/496 216/222/216 217/223/217
f 217/223/217 492/524/497 491/523/496
f 492/524/497 217/223/217 218/224/218
f 218/224/218 493/525/498 492/524/497
f 493/525/498 218/224/218 219/225/219
f 219/225/219 494/526/499 493/525/498
f 494/526/499 219/225/219 220/226/220
f 494/526/499 220/226/220 221/227/221
f 494/526/499 221/227/221 495/527/500
f 495/527/500 109/109/109 494/526/499
f 495/527/500 111/111/111 109/109/109
f 111/111/111 495/527/500 221/227/221
f 221/227/221 496/528/501 111/111/111
f 496/528/501 221/227/221 268/280/271
f 496/528/501 268/280/271 113/113/113
f 113/113/113 111/111/111 496/528/501
f 114/115/114 113/113/113 268/280/271
f 107/107/107 494/526/499 109/109/109
f 494/526/499 107/107/107 105/105/105
f 105/105/105 493/525/498 494/526/499
f 105/105/105 497/529/502 493/525/498
f 497/529/502 105/105/105 103/103/103
f 103/103/103 498/530/503 497/529/502
f 498/530/503 103/103/103 101/101/101
f 498/530/503 101/101/101 99/99/99
f 99/99/99 499/531/504 498/530/503
f 499/531/504 99/99/99 97/97/97
f 97/97/97 500/532/505 499/531/504
f 500/532/505 97/97/97 94/94/94
f 500/532/505 94/94/94 96/96/96
f 96/96/96 501/533/506 500/532/505
f 501/533/506 96/96/96 95/95/95
f 95/95/95 502/534/507 501/533/506
f 502/534/507 95/95/95 98/98/98
f 98/98/98 503/535/508 502/534/507
f 503/535/508 98/98/98 100/100/100
f 503/535/508 100/100/100 102/102/102
f 503/535/508 102/102/102 104/104/104
f 503/535/508 104/104/104 386/403/390
f 503/535/508 386/403/390 388/405/392
f 388/405/392 502/534/507 503/535/508
f 388/405/392 504/536/509 502/534/507
f 388/405/392 478/510/483 504/536/509
f 478/510/483 388/405/392 390/407/394
f 479/511/484 504/536/509 478/510/483
f 504/536/509 479/511/484 505/537/510
f 505/537/510 502/534/507 504/536/509
f 505/537/510 501/533/506 502/534/507
f 505/537/510 506/538/511 501/533/506
f 506/538/511 505/537/510 479/511/484
f 506/538/511 479/511/484 480/512/485
f 506/538/511 480/512/485 481/513/486
f 506/538/511 481/513/486 507/539/512
f 507/539/512 501/533/506 506/538/511
f 501/533/506 507/539/512 508/540/513
f 508/540/513 500/532/505 501/533/506
f 500/532/505 508/540/513 509/541/514
f 509/541/514 499/531/504 500/532/505
f 499/531/504 509/541/514 510/542/515
f 510/542/515 498/530/503 499/531/504
f 510/542/515 497/529/502 498/530/503
f 497/529/502 510/542/515 492/524/497
f 492/524/497 493/525/498 497/529/502
f 491/523/496 492/524/497 510/542/515
f 510/542/515 490/522/495 491/523/496
f 490/522/495 510/542/515 509/541/514
f 509/541/514 489/521/494 490/522/495
f 489/521/494 509/541/514 511/543/516
f 489/521/494 511/543/516 512/544/517
f 512/544/517 488/520/493 489/521/494
f 488/520/493 512/544/517 513/545/518
f 513/545/518 486/518/491 488/520/493
f 513/545/518 485/517/490 486/518/491
f 485/517/490 513/545/518 514/546/519
f 514/546/519 484/516/489 485/517/490
f 514/546/519 483/515/488 484/516/489
f 514/546/519 482/514/487 483/515/488
f 482/514/487 514/546/519 515/547/520
f 515/547/520 481/513/486 482/514/487
f 515/547/520 507/539/512 481/513/486
f 507/539/512 515/547/520 516/548/521
f 516/548/521 508/540/513 507/539/512
f 516/548/521 509/541/514 508/540/513
f 516/548/521 511/543/516 509/541/514
f 511/543/516 516/548/521 515/547/520
f 515/547/520 512/544/517 511/543/516
f 512/544/517 515/547/520 514/546/519
f 514/546/519 513/545/518 512/544/517
f 446/470/450 416/435/420 517/549/522
f 517/549/522 421/440/425 446/470/450
f 517/549/522 420/439/424 421/440/425
f 420/439/424 517/549/522 518/550/523
f 518/550/523 419/438/423 420/439/424
f 518/550/523 418/437/422 419/438/423
f 518/550/523 417/436/421 418/437/422
f 518/550/523 416/435/420 417/436/421
f 416/435/420 518/550/523 517/549/522
f 330/342/333 331/343/334 519/551/524
f 519/551/524 520/552/525 330/342/333
f 520/552/525 519/551/524 319/331/322
f 520/552/525 319/331/322 320/332/323
f 520/552/525 320/332/323 323/335/326
f 323/335/326 330/342/333 520/552/525
f 321/333/324 323/335/326 320/332/323
f 521/553/526 267/279/270 261/273/264
f 261/273/264 522/554/527 521/553/526
f 522/554/527 261/273/264 260/271/263
f 260/271/263 523/555/528 522/554/527
f 523/555/528 260/271/263 259/269/262
f 523/555/528 259/269/262 258/267/261
f 523/555/528 258/267/261 257/266/260
f 523/555/528 257/266/260 256/265/259
f 256/265/259 522/554/527 523/555/528
f 522/554/527 256/265/259 524/556/529
f 524/556/529 521/553/526 522/554/527
f 524/556/529 267/279/270 521/553/526
f 524/556/529 525/557/530 267/279/270
f 524/556/529 255/264/258 525/557/530
f 255/264/258 524/556/529 256/265/259
f 526/558/531 525/557/530 255/264/258
f 255/264/258 527/559/532 526/558/531
f 527/559/532 255/264/258 254/263/257
f 527/559/532 254/263/257 252/261/255
f 527/559/532 252/261/255 149/155/149
f 527/559/532 149/155/149 528/560/533
f 528/560/533 526/558/531 527/559/532
f 526/558/531 528/560/533 529/561/534
f 530/562/535 528/560/533 149/155/149
f 250/259/253 155/161/155 152/158/152
f 155/161/155 250/259/253 531/563/536
f 531/563/536 233/242/236 155/161/155
f 233/242/236 531/563/536 532/564/537
f 532/564/537 249/258/252 233/242/236
f 249/258/252 532/564/537 531/563/536
f 531/563/536 250/259/253 249/258/252
f 143/149/143 145/151/145 533/565/538
f 533/565/538 534/566/539 143/149/143
f 534/566/539 533/565/538 535/567/540
f 534/566/539 535/567/540 536/568/541
f 534/566/539 536/568/541 537/569/542
f 537/569/542 143/149/143 534/566/539
f 143/149/143 537/569/542 140/146/140
f 538/570/543 537/569/542 536/568/541
f 33/33/33 31/31/31 29/571/29
f 29/571/29 539/572/544 33/33/33
f 539/572/544 29/571/29 27/27/27
f 539/572/544 27/27/27 25/25/25
f 539/572/544 25/25/25 540/573/545
f 540/573/545 33/33/33 539/572/544
f 540/573/545 35/35/35 33/33/33
f 35/35/35 540/573/545 541/574/546
f 541/574/546 37/37/37 35/35/35
f 541/574/546 39/39/39 37/37/37
f 541/574/546 17/17/17 39/39/39
f 541/574/546 19/19/19 17/17/17
f 541/574/546 21/21/21 19/19/19
f 21/21/21 541/574/546 540/573/545
f 540/573/545 23/23/23 21/21/21
f 23/23/23 540/573/545 25/25/25
f 542/575/547 543/576/548 544/577/549
f 545/578/550 546/579/551 547/580/552
f 546/579/551 545/578/550 548/581/553
f 549/582/554 544/583/549 543/584/548
f 544/583/549 549/582/554 550/585/555
f 551/586/556 552/587/557 553/588/558
f 552/587/557 551/586/556 554/589/559
f 554/589/559 555/590/560 552/587/557
f 555/590/560 554/589/559 556/591/561
f 556/591/561 557/592/562 555/590/560
f 558/593/563 559/594/564 560/595/565
f 560/595/565 556/596/561 558/593/563
f 556/596/561 560/595/565 557/597/562
f 561/598/566 562/599/567 563/600/568
f 562/599/567 561/598/566 564/601/569
f 564/601/569 565/602/570 562/599/567
f 564/601/569 566/603/571 565/602/570
f 566/603/571 564/601/569 567/604/572
f 567/604/572 568/605/573 566/603/571
f 568/605/573 567/604/572 569/606/574
f 569/606/574 570/607/575 568/605/573
f 570/607/575 569/606/574 571/608/576
f 571/608/576 572/609/577 570/607/575
f 571/608/576 573/610/578 572/609/577
f 573/610/578 571/608/576 574/611/579
f 574/611/579 575/612/580 573/610/578
f 576/613/581 572/609/577 573/610/578
f 573/610/578 577/614/582 576/613/581
f 577/614/582 573/610/578 578/615/583
f 578/615/583 579/616/584 577/614/582
f 579/616/584 578/615/583 580/617/585
f 580/617/585 581/618/586 579/616/584
f 581/618/586 580/617/585 582/619/587
f 582/619/587 583/620/588 581/618/586
f 583/620/588 582/619/587 584/621/589
f 583/620/588 584/621/589 585/622/590
f 585/622/590 586/623/591 583/620/588
f 585/622/590 587/624/592 586/623/591
f 587/624/592 585/622/590 588/625/593
f 587/624/592 588/625/593 589/626/594
f 587/624/592 589/626/594 590/627/595
f 587/624/592 590/627/595 591/628/596
f 591/628/596 586/623/591 587/624/592
f 586/623/591 591/628/596 592/629/597
f 592/629/597 593/630/598 586/623/591
f 593/630/598 592/629/597 594/631/599
f 593/630/598 594/631/599 595/632/600
f 593/630/598 595/632/600 583/620/588
f 583/620/588 586/623/591 593/630/598
f 561/633/566 583/620/588 595/632/600
f 583/620/588 561/633/566 596/634/601
f 596/634/601 581/618/586 583/620/588
f 563/635/568 596/634/601 561/633/566
f 597/636/602 595/637/600 594/638/599
f 595/637/600 597/636/602 598/639/603
f 598/639/603 564/601/569 595/637/600
f 564/601/569 598/639/603 599/640/604
f 599/640/605 564/601/569 600/641/606
f 561/598/566 595/637/600 564/601/569
f 601/642/607 602/643/608 603/644/609
f 603/644/609 604/645/610 601/642/607
f 604/645/610 603/644/609 605/646/611
f 605/646/611 606/647/612 604/645/610
f 606/647/612 605/646/611 607/648/613
f 607/648/613 608/649/614 606/647/612
f 608/649/614 607/648/613 609/650/615
f 609/650/615 610/651/616 608/649/614
f 610/651/616 609/650/615 611/652/617
f 611/652/617 612/653/618 610/651/616
f 613/654/619 601/655/607 604/656/610
f 604/656/610 614/657/620 613/654/619
f 614/657/620 604/656/610 606/658/612
f 606/658/612 615/659/621 614/657/620
f 615/659/621 606/658/612 608/660/614
f 608/660/614 616/661/622 615/659/621
f 616/661/622 608/660/614 610/662/616
f 610/662/616 617/663/623 616/661/622
f 610/662/616 618/664/624 617/663/623
f 618/664/624 610/662/616 612/653/618
f 612/653/618 619/665/625 618/664/624
f 565/666/570 609/667/615 611/668/617
f 609/667/615 565/666/570 566/669/571
f 566/669/571 607/670/613 609/667/615
f 607/670/613 566/669/571 568/671/573
f 568/671/573 605/672/611 607/670/613
f 605/672/611 568/671/573 570/673/575
f 570/673/575 603/674/609 605/672/611
f 603/674/609 570/673/575 572/675/577
f 572/675/577 602/676/608 603/674/609
f 602/676/608 572/675/577 576/677/581
f 559/678/626 557/679/627 560/680/628
f 557/679/627 559/678/626 620/681/629
f 620/681/629 555/682/630 557/679/627
f 555/682/630 620/681/629 621/683/631
f 621/683/631 552/684/632 555/682/630
f 552/684/632 621/683/631 553/685/633
f 581/686/586 620/687/629 559/688/626
f 559/688/626 579/689/584 581/686/586
f 579/689/584 559/688/626 622/690/634
f 622/690/634 577/691/582 579/689/584
f 622/690/634 576/692/581 577/691/582
f 622/690/634 602/643/608 576/692/581
f 622/690/634 623/693/635 602/643/608
f 623/693/635 622/690/634 559/688/626
f 623/693/635 559/688/626 560/595/628
f 560/595/628 624/694/636 623/693/635
f 624/694/636 560/595/628 557/695/562
f 624/694/636 557/695/562 625/696/637
f 625/696/637 626/697/638 624/694/636
f 626/697/638 625/696/637 627/698/639
f 627/698/639 628/699/640 626/697/638
f 628/699/640 627/698/639 629/700/641
f 629/700/641 630/701/642 628/699/640
f 630/701/642 629/700/641 631/702/643
f 631/702/643 632/703/644 630/701/642
f 632/703/644 631/702/643 633/704/645
f 633/704/645 634/705/646 632/703/644
f 634/705/646 633/704/645 635/706/647
f 635/706/647 636/707/648 634/705/646
f 636/707/648 635/706/647 637/708/649
f 636/707/648 637/708/649 638/709/650
f 636/707/648 638/709/650 639/710/651
f 639/710/651 640/711/652 636/707/648
f 640/711/652 639/710/651 641/712/653
f 641/712/653 642/713/654 640/711/652
f 642/713/654 641/712/653 643/714/655
f 643/714/655 644/715/656 642/713/654
f 644/715/656 643/714/655 645/716/657
f 645/716/657 646/717/658 644/715/656
f 646/717/658 645/716/657 647/718/659
f 647/718/659 648/719/660 646/717/658
f 648/719/660 647/718/659 649/720/661
f 649/720/661 650/721/662 648/719/660
f 650/721/662 649/720/661 651/722/663
f 651/722/663 652/723/664 650/721/662
f 652/723/664 651/722/663 653/724/665
f 652/723/664 653/724/665 638/725/650
f 652/723/664 638/725/650 637/726/649
f 637/726/649 654/727/666 652/723/664
f 654/727/666 637/726/649 635/728/647
f 635/728/647 655/729/667 654/727/666
f 655/729/667 635/728/647 633/730/645
f 633/730/645 656/731/668 655/729/667
f 656/731/668 633/730/645 631/732/643
f 631/732/643 657/733/669 656/731/668
f 657/733/669 631/732/643 629/734/641
f 629/734/641 658/735/670 657/733/669
f 658/735/670 629/734/641 627/736/639
f 627/736/639 659/737/671 658/735/670
f 659/737/671 627/736/639 625/738/637
f 659/737/671 625/738/637 557/739/562
f 659/737/671 557/739/562 555/590/630
f 555/590/630 660/740/672 659/737/671
f 660/740/672 555/590/630 552/587/673
f 552/587/673 661/741/674 660/740/672
f 552/587/673 662/742/675 661/741/674
f 662/742/675 552/587/673 553/588/633
f 553/588/633 663/743/676 662/742/675
f 663/743/676 553/588/633 562/744/567
f 663/743/676 562/744/567 565/745/570
f 663/743/676 565/745/570 611/652/617
f 611/652/617 662/742/675 663/743/676
f 611/652/617 664/746/677 662/742/675
f 664/746/677 611/652/617 609/650/615
f 609/650/615 665/747/678 664/746/677
f 665/747/678 609/650/615 607/648/679
f 607/648/679 666/748/680 665/747/678
f 666/748/680 607/648/679 605/749/611
f 605/749/611 667/750/681 666/748/680
f 667/750/681 605/749/611 603/644/609
f 603/644/609 668/751/682 667/750/681
f 668/751/682 603/644/609 602/643/608
f 602/643/608 669/752/683 668/751/682
f 669/752/683 602/643/608 623/693/635
f 623/693/635 670/753/684 669/752/683
f 670/753/684 623/693/635 624/694/636
f 624/694/636 671/754/685 670/753/684
f 671/754/685 624/694/636 626/697/638
f 626/697/638 672/755/686 671/754/685
f 672/755/686 626/697/638 628/699/640
f 628/699/640 673/756/687 672/755/686
f 673/756/687 628/699/640 630/701/642
f 630/701/642 674/757/688 673/756/687
f 674/757/688 630/701/642 632/703/644
f 674/757/688 632/703/644 634/705/646
f 634/705/646 675/758/689 674/757/688
f 634/705/646 676/759/690 675/758/689
f 676/759/690 634/705/646 636/707/648
f 676/759/690 636/707/648 640/711/652
f 676/759/690 640/711/652 642/713/654
f 676/759/690 642/713/654 677/760/691
f 677/760/691 675/758/689 676/759/690
f 677/760/691 678/761/692 675/758/689
f 678/761/692 677/760/691 642/713/654
f 642/713/654 679/762/693 678/761/692
f 642/713/654 680/763/694 679/762/693
f 680/763/694 642/713/654 644/715/656
f 644/715/656 681/764/695 680/763/694
f 681/764/695 644/715/656 646/717/658
f 646/717/658 682/765/696 681/764/695
f 682/765/696 646/717/658 648/719/660
f 648/719/660 683/766/697 682/765/696
f 683/766/697 648/719/660 650/721/662
f 650/721/662 684/767/698 683/766/697
f 684/767/698 650/721/662 652/723/664
f 684/767/698 652/723/664 654/727/666
f 654/727/666 685/768/699 684/767/698
f 685/768/699 654/727/666 655/729/667
f 655/729/667 686/769/700 685/768/699
f 686/769/700 655/729/667 656/731/668
f 656/731/668 687/770/701 686/769/700
f 687/770/701 656/731/668 657/733/669
f 657/733/669 688/771/702 687/770/701
f 688/771/702 657/733/669 658/735/670
f 688/771/702 658/735/670 659/737/671
f 688/771/702 659/737/671 660/740/672
f 660/740/672 689/772/703 688/771/702
f 689/772/703 660/740/672 661/741/674
f 661/741/674 690/773/704 689/772/703
f 661/741/674 691/774/705 690/773/704
f 691/774/705 661/741/674 662/742/675
f 691/774/705 662/742/675 664/746/677
f 664/746/677 692/775/706 691/774/705
f 692/775/706 664/746/677 665/747/678
f 665/747/678 693/776/707 692/775/706
f 693/776/707 665/747/678 666/748/680
f 693/776/707 666/748/680 667/750/681
f 667/750/681 694/777/708 693/776/707
f 694/777/708 667/750/681 668/751/682
f 694/777/708 668/751/682 669/752/683
f 694/777/708 669/752/683 670/753/684
f 694/777/708 670/753/684 695/778/709
f 695/778/709 693/776/707 694/777/708
f 693/776/707 695/778/709 696/779/710
f 696/779/710 692/775/706 693/776/707
f 692/775/706 696/779/710 697/780/711
f 697/780/711 691/774/705 692/775/706
f 697/780/711 690/773/704 691/774/705
f 690/773/704 697/780/711 698/781/712
f 698/781/712 689/772/703 690/773/704
f 689/772/703 698/781/712 699/782/713
f 689/772/703 699/782/713 700/783/714
f 700/783/714 688/771/702 689/772/703
f 700/783/714 687/770/701 688/771/702
f 687/770/701 700/783/714 701/784/715
f 701/784/715 686/769/700 687/770/701
f 686/769/700 701/784/715 702/785/716
f 702/785/716 685/768/699 686/769/700
f 702/785/716 684/767/698 685/768/699
f 684/767/698 702/785/716 703/786/717
f 703/786/717 683/766/697 684/767/698
f 703/786/717 682/765/696 683/766/697
f 682/765/696 703/786/717 704/787/718
f 704/787/718 681/764/695 682/765/696
f 681/764/695 704/787/718 705/788/719
f 705/788/719 680/763/694 681/764/695
f 680/763/694 705/788/719 706/789/720
f 706/789/720 679/762/693 680/763/694
f 679/762/693 706/789/720 707/790/721
f 707/790/721 678/761/692 679/762/693
f 678/761/692 707/790/721 708/791/722
f 708/791/722 675/758/689 678/761/692
f 675/758/689 708/791/722 709/792/723
f 709/792/723 674/757/688 675/758/689
f 674/757/688 709/792/723 710/793/724
f 710/793/724 673/756/687 674/757/688
f 673/756/687 710/793/724 711/794/725
f 711/794/725 672/755/686 673/756/687
f 711/794/725 671/754/685 672/755/686
f 671/754/685 711/794/725 695/778/709
f 695/778/709 670/753/684 671/754/685
f 553/588/633 563/795/568 562/744/567
f 563/795/568 553/588/633 621/796/631
f 621/796/631 596/797/601 563/795/568
f 596/797/601 621/796/631 620/798/629
f 620/798/629 581/799/586 596/797/601
f 712/800/726 713/801/727 714/802/728
f 713/801/727 712/800/726 707/790/721
f 713/801/727 707/790/721 706/789/720
f 706/789/720 714/802/728 713/801/727
f 714/802/728 706/789/720 705/788/719
f 714/802/728 705/788/719 715/803/729
f 714/802/728 715/803/729 716/804/730
f 714/802/728 716/804/730 717/805/731
f 717/805/731 712/800/726 714/802/728
f 712/800/726 717/805/731 718/806/732
f 712/800/726 718/806/732 719/807/733
f 719/807/733 708/791/722 712/800/726
f 719/807/733 709/792/723 708/791/722
f 719/807/733 710/793/724 709/792/723
f 719/807/733 711/794/725 710/793/724
f 711/794/725 719/807/733 718/806/732
f 718/806/732 695/778/709 711/794/725
f 695/778/709 718/806/732 717/805/731
f 717/805/731 696/779/710 695/778/709
f 696/779/710 717/805/731 716/804/730
f 716/804/730 697/780/711 696/779/710
f 716/804/730 698/781/712 697/780/711
f 698/781/712 716/804/730 715/803/729
f 715/803/729 720/808/734 698/781/712
f 720/808/734 715/803/729 705/788/719
f 720/808/734 705/788/719 704/787/718
f 704/787/718 721/809/735 720/808/734
f 721/809/735 704/787/718 703/786/717
f 721/809/735 703/786/717 702/785/716
f 721/809/735 702/785/716 701/784/715
f 721/809/735 701/784/715 699/782/713
f 699/782/713 720/808/734 721/809/735
f 720/808/734 699/782/713 698/781/712
f 708/791/722 707/790/721 712/800/726
f 700/783/714 699/782/713 701/784/715
f 722/810/736 549/811/737 723/812/738
f 723/812/738 724/813/739 722/810/736
f 724/813/739 723/812/738 725/814/740
f 724/813/739 725/814/740 726/815/741
f 724/813/739 726/815/741 727/816/742
f 727/816/742 722/810/736 724/813/739
f 722/810/736 727/816/742 728/817/743
f 729/818/744 727/816/742 726/815/741
f 730/819/745 723/820/738 549/821/737
f 731/822/746 732/823/747 733/824/748
f 279/291/282 734/825/749 280/292/283
f 734/825/749 279/291/282 368/384/372
f 368/384/372 735/826/750 734/825/749
f 735/826/750 368/384/372 370/386/374
f 303/315/306 368/384/372 279/291/282
f 736/827/751 737/828/752 738/829/753
f 737/828/752 736/827/751 739/830/754
f 739/830/754 740/831/755 737/828/752
f 728/817/743 741/832/756 742/833/757
f 741/832/756 728/817/743 727/816/742
f 727/816/742 743/834/758 741/832/756
f 743/834/758 727/816/742 729/818/744
f 729/818/744 740/831/755 743/834/758
f 741/832/756 743/834/758 744/835/759
f 744/835/759 745/836/760 741/832/756
f 745/836/760 744/835/759 735/826/750
f 735/826/750 746/837/761 745/836/760
f 328/340/331 747/838/762 332/344/335
f 747/838/762 328/340/331 327/339/330
f 327/339/330 748/839/763 747/838/762
f 748/839/763 327/339/330 326/338/329
f 326/338/329 749/840/764 748/839/763
f 749/840/764 326/338/329 324/336/327
f 749/840/764 324/336/327 322/334/325
f 749/840/764 322/334/325 317/329/320
f 749/840/764 317/329/320 316/328/319
f 316/328/319 750/841/765 749/840/764
f 750/841/765 316/328/319 315/327/318
f 748/839/763 749/840/764 750/841/765
f 751/842/766 752/843/767 753/844/768
f 753/844/768 754/845/769 751/842/766
f 754/845/769 753/844/768 755/846/770
f 755/846/770 756/847/771 754/845/769
f 756/847/771 755/846/770 757/848/772
f 757/848/772 758/849/773 756/847/771
f 758/849/773 757/848/772 759/850/774
f 759/850/774 760/851/775 758/849/773
f 760/851/775 759/850/774 761/852/776
f 761/852/776 762/853/777 760/851/775
f 762/853/777 761/852/776 763/854/778
f 763/854/778 764/855/779 762/853/777
f 764/855/779 763/854/778 765/856/780
f 765/856/780 766/857/781 764/855/779
f 765/856/780 767/858/782 766/857/781
f 767/858/782 765/856/780 768/859/783
f 767/858/782 768/859/783 769/860/784
f 769/860/784 770/861/785 767/858/782
f 770/861/785 769/860/784 771/862/786
f 770/861/785 771/862/786 772/863/787
f 772/863/787 773/864/788 770/861/785
f 773/864/788 772/863/787 774/865/789
f 774/865/789 528/560/533 773/864/788
f 528/560/533 774/865/789 775/866/790
f 775/866/790 529/561/534 528/560/533
f 773/864/788 528/560/533 530/562/535
f 530/562/535 776/867/791 773/864/788
f 776/867/791 530/562/535 149/155/149
f 776/867/791 149/155/149 151/157/151
f 776/867/791 151/157/151 777/868/792
f 776/867/791 777/868/792 134/136/134
f 776/867/791 134/136/134 778/869/793
f 778/869/793 773/864/788 776/867/791
f 773/864/788 778/869/793 779/870/794
f 779/870/794 770/861/785 773/864/788
f 779/870/794 767/858/782 770/861/785
f 779/870/794 766/857/781 767/858/782
f 766/857/781 779/870/794 780/871/795
f 780/871/795 371/387/375 766/857/781
f 780/871/795 135/137/135 371/387/375
f 780/871/795 133/135/133 135/137/135
f 133/135/133 780/871/795 778/869/793
f 778/869/793 134/136/134 133/135/133
f 779/870/794 778/869/793 780/871/795
f 371/387/375 764/855/779 766/857/781
f 764/855/779 371/387/375 369/385/373
f 369/385/373 762/853/777 764/855/779
f 762/853/777 369/385/373 367/383/371
f 367/383/371 760/851/775 762/853/777
f 760/851/775 367/383/371 366/382/370
f 366/382/370 758/849/773 760/851/775
f 758/849/773 366/382/370 781/872/796
f 781/872/796 756/847/771 758/849/773
f 781/872/796 754/845/769 756/847/771
f 781/872/796 782/873/797 754/845/769
f 782/873/797 781/872/796 783/874/798
f 783/874/798 784/875/799 782/873/797
f 784/875/799 783/874/798 785/876/800
f 785/876/800 786/877/801 784/875/799
f 786/877/801 785/876/800 787/878/802
f 787/878/802 788/879/803 786/877/801
f 787/878/802 76/76/76 788/879/803
f 787/878/802 74/74/74 76/76/76
f 74/74/74 787/878/802 789/880/804
f 789/880/804 72/72/72 74/74/74
f 789/880/804 70/70/70 72/72/72
f 789/880/804 299/311/302 70/70/70
f 789/880/804 785/876/800 299/311/302
f 785/876/800 789/880/804 787/878/802
f 301/313/304 299/311/302 785/876/800
f 785/876/800 781/881/796 301/313/304
f 781/881/796 785/876/800 783/874/798
f 302/314/305 781/872/796 366/382/370
f 366/382/370 303/315/306 302/314/305
f 301/313/304 781/881/796 302/314/305
f 790/882/805 765/883/780 763/884/778
f 763/884/778 791/885/806 790/882/805
f 791/885/806 763/884/778 761/886/776
f 761/886/776 792/887/807 791/885/806
f 761/886/776 793/888/808 792/887/807
f 793/888/808 761/886/776 759/889/774
f 759/889/774 794/890/809 793/888/808
f 794/890/809 759/889/774 757/891/772
f 757/891/772 795/892/810 794/890/809
f 795/892/810 757/891/772 755/893/770
f 795/892/810 755/893/770 753/894/768
f 753/894/768 796/895/811 795/892/810
f 796/895/811 753/894/768 752/896/767
f 752/896/767 797/897/812 796/895/811
f 797/897/812 752/896/767 798/898/813
f 798/898/813 799/899/814 797/897/812
f 799/899/814 798/898/813 800/900/815
f 799/899/814 800/900/815 801/901/816
f 799/899/814 801/901/816 765/883/780
f 799/899/814 765/883/780 790/882/805
f 790/882/805 802/902/817 799/899/814
f 802/902/817 790/882/805 791/885/806
f 791/885/806 803/903/818 802/902/817
f 803/903/818 791/885/806 792/887/807
f 792/887/807 804/904/819 803/903/818
f 804/904/819 792/887/807 793/888/808
f 793/888/808 805/905/820 804/904/819
f 805/905/820 793/888/808 794/890/809
f 794/890/809 806/906/821 805/905/820
f 806/906/821 794/890/809 795/892/810
f 795/892/810 807/907/822 806/906/821
f 807/907/822 795/892/810 796/895/811
f 796/895/811 808/908/823 807/907/822
f 808/908/823 796/895/811 797/897/812
f 797/897/812 809/909/824 808/908/823
f 809/909/824 797/897/812 799/899/814
f 799/899/814 810/910/825 809/909/824
f 810/910/825 799/899/814 802/902/817
f 802/902/817 811/911/826 810/910/825
f 811/911/826 802/902/817 803/903/818
f 811/911/826 803/903/818 804/904/819
f 804/904/819 812/912/827 811/911/826
f 812/912/827 804/904/819 805/905/820
f 812/912/827 805/905/820 806/906/821
f 812/912/827 806/906/821 807/907/822
f 812/912/827 807/907/822 808/908/823
f 808/908/823 811/911/826 812/912/827
f 811/911/826 808/908/823 809/909/824
f 809/909/824 810/910/825 811/911/826
f 242/251/245 813/913/828 240/249/243
f 813/913/828 242/251/245 244/253/247
f 813/913/828 244/253/247 253/262/256
f 813/913/828 253/262/256 124/126/124
f 813/913/828 124/126/124 125/127/125
f 813/913/828 125/127/125 237/246/240
f 237/246/240 240/249/243 813/913/828
f 240/249/243 237/246/240 236/245/239
f 238/247/241 237/246/240 125/127/125
f 315/914/318 312/478/315 455/481/459
f 455/481/459 814/915/829 315/914/318
f 814/915/829 455/481/459 414/433/418
f 814/915/829 414/433/418 412/431/416
f 814/915/829 412/431/416 815/916/830
f 815/916/830 315/914/318 814/915/829
f 815/916/830 750/917/765 315/914/318
f 750/917/765 815/916/830 816/918/831
f 816/918/831 748/919/763 750/917/765
f 748/919/763 816/918/831 817/920/832
f 817/920/832 747/921/762 748/919/763
f 817/920/832 332/420/335 747/921/762
f 817/920/832 402/421/406 332/420/335
f 817/920/832 404/423/408 402/421/406
f 817/920/832 406/425/410 404/423/408
f 406/425/410 817/920/832 816/918/831
f 816/918/831 408/427/412 406/425/410
f 408/427/412 816/918/831 815/916/830
f 815/916/830 410/429/414 408/427/412
f 410/429/414 815/916/830 412/431/416
f 818/922/833 590/627/595 589/626/594
f 589/626/594 819/923/834 818/922/833
f 589/626/594 820/924/835 819/923/834
f 820/924/835 589/626/594 588/625/593
f 588/625/593 821/925/836 820/924/835
f 588/625/593 822/926/837 821/925/836
f 822/926/837 588/625/593 585/622/590
f 822/926/837 585/622/590 584/621/589
f 584/621/589 823/927/838 822/926/837
f 823/927/838 584/621/589 582/619/587
f 823/927/838 582/619/587 580/617/585
f 580/617/585 824/928/839 823/927/838
f 824/928/839 580/617/585 578/615/583
f 824/928/839 578/615/583 573/610/578
f 824/928/839 573/610/578 575/612/580
f 575/612/580 825/929/840 824/928/839
f 825/929/840 575/612/580 574/611/579
f 574/611/579 826/930/841 825/929/840
f 574/611/579 827/931/842 826/930/841
f 827/931/842 574/611/579 828/932/843
f 828/932/843 829/933/844 827/931/842
f 829/933/844 828/932/843 830/934/845
f 830/934/845 831/935/846 829/933/844
f 831/935/846 830/934/845 832/936/847
f 832/936/847 833/937/848 831/935/846
f 833/937/848 832/936/847 834/938/849
f 834/938/849 835/939/850 833/937/848
f 835/939/850 834/938/849 836/940/851
f 836/940/851 837/941/852 835/939/850
f 836/940/851 838/942/853 837/941/852
f 838/942/853 836/940/851 839/943/854
f 839/943/854 840/944/855 838/942/853
f 839/943/854 841/945/856 840/944/855
f 839/943/854 842/946/857 841/945/856
f 839/943/854 843/947/858 842/946/857
f 843/947/858 839/943/854 836/940/851
f 843/947/858 836/940/851 834/938/849
f 834/938/849 844/948/859 843/947/858
f 844/948/859 834/938/849 832/936/847
f 832/936/847 845/949/860 844/948/859
f 845/949/860 832/936/847 830/934/845
f 830/934/845 846/950/861 845/949/860
f 846/950/861 830/934/845 828/932/843
f 828/932/843 847/951/862 846/950/861
f 847/951/862 828/932/843 574/611/579
f 847/951/862 574/611/579 571/608/576
f 847/951/862 571/608/576 569/606/574
f 569/606/574 848/952/863 847/951/862
f 848/952/863 569/606/574 567/604/572
f 567/604/572 849/953/864 848/952/863
f 849/953/864 567/604/572 564/601/569
f 849/953/864 564/601/569 599/640/605
f 599/640/605 850/954/865 849/953/864
f 599/640/605 851/955/866 850/954/865
f 599/640/605 852/956/867 851/955/866
f 852/956/867 599/640/605 600/641/606
f 852/956/867 600/641/606 598/639/603
f 852/956/867 598/639/603 597/636/602
f 852/956/867 597/636/602 853/957/868
f 853/957/868 590/958/595 852/956/867
f 853/957/868 854/959/869 590/958/595
f 854/959/869 853/957/868 855/960/870
f 855/960/870 856/961/871 854/959/869
f 856/961/871 855/960/870 857/962/872
f 857/962/872 858/963/873 856/961/871
f 857/962/872 859/964/874 858/963/873
f 859/964/874 857/962/872 855/960/870
f 855/960/870 860/965/875 859/964/874
f 855/960/870 597/636/602 860/965/875
f 597/636/602 855/960/870 853/957/868
f 594/638/599 860/965/875 597/636/602
f 852/956/867 590/958/595 818/966/833
f 818/966/833 851/955/866 852/956/867
f 851/955/866 818/966/833 819/967/834
f 819/967/834 861/968/876 851/955/866
f 861/968/876 819/967/834 862/969/877
f 861/968/876 862/969/877 863/970/878
f 861/968/876 863/970/878 864/971/879
f 864/971/879 851/955/866 861/968/876
f 864/971/879 850/954/865 851/955/866
f 850/954/865 864/971/879 865/972/880
f 865/972/880 849/953/864 850/954/865
f 849/953/864 865/972/880 866/973/881
f 866/973/881 848/952/863 849/953/864
f 848/952/863 866/973/881 867/974/882
f 867/974/882 847/951/862 848/952/863
f 847/951/862 867/974/882 868/975/883
f 868/975/883 846/950/861 847/951/862
f 846/950/861 868/975/883 869/976/884
f 869/976/884 845/949/860 846/950/861
f 845/949/860 869/976/884 870/977/885
f 870/977/885 844/948/859 845/949/860
f 844/948/859 870/977/885 871/978/886
f 871/978/886 843/947/858 844/948/859
f 843/947/858 871/978/886 842/946/857
f 872/979/887 829/933/844 873/980/888
f 829/933/844 872/979/887 874/981/889
f 874/981/889 827/931/842 829/933/844
f 874/981/889 826/930/841 827/931/842
f 826/930/841 874/981/889 875/982/890
f 875/982/890 825/929/840 826/930/841
f 825/929/840 875/982/890 876/983/891
f 876/983/891 824/928/839 825/929/840
f 824/928/839 876/983/891 877/984/892
f 877/984/892 823/927/838 824/928/839
f 823/927/838 877/984/892 878/985/893
f 878/985/893 822/926/837 823/927/838
f 822/926/837 878/985/893 873/986/888
f 873/986/888 879/987/894 822/926/837
f 879/987/894 873/986/888 829/988/844
f 829/988/844 880/989/895 879/987/894
f 880/989/895 829/988/844 831/990/846
f 831/990/846 881/991/896 880/989/895
f 881/991/896 831/990/846 882/992/897
f 881/991/896 882/992/897 870/993/885
f 870/993/885 880/989/895 881/991/896
f 880/989/895 870/993/885 869/994/898
f 869/994/898 879/987/894 880/989/895
f 879/987/894 869/994/898 883/995/899
f 883/995/899 822/926/837 879/987/894
f 822/926/837 883/995/899 884/996/900
f 884/996/900 821/925/836 822/926/837
f 884/996/900 885/997/901 821/925/836
f 885/997/901 884/996/900 883/995/899
f 885/997/901 883/995/899 869/994/898
f 869/994/898 886/998/902 885/997/901
f 886/998/902 869/994/898 870/999/903
f 870/999/903 887/1000/904 886/998/902
f 887/1000/904 870/999/903 888/1001/905
f 888/1001/905 889/1002/906 887/1000/904
f 889/1002/906 888/1001/905 890/1003/907
f 889/1002/906 890/1003/907 891/1004/908
f 891/1004/908 887/1000/904 889/1002/906
f 887/1000/904 891/1004/908 892/1005/909
f 892/1005/909 886/998/902 887/1000/904
f 886/998/902 892/1005/909 893/1006/910
f 893/1006/910 885/997/901 886/998/902
f 893/1006/910 821/925/836 885/997/901
f 821/925/836 893/1006/910 894/1007/911
f 894/1007/911 820/924/835 821/925/836
f 894/1007/911 819/923/834 820/924/835
f 894/1007/911 862/1008/877 819/923/834
f 894/1007/911 895/1009/912 862/1008/877
f 895/1009/912 894/1007/911 893/1006/910
f 895/1009/912 893/1006/910 896/1010/913
f 896/1010/913 897/1011/914 895/1009/912
f 897/1011/914 896/1010/913 898/1012/915
f 898/1012/915 899/1013/916 897/1011/914
f 899/1013/916 898/1012/915 900/1014/917
f 899/1013/916 900/1014/917 901/1015/918
f 901/1015/918 897/1011/914 899/1013/916
f 897/1011/914 901/1015/918 863/1016/878
f 863/1016/878 895/1009/912 897/1011/914
f 895/1009/912 863/1016/878 862/1008/877
f 902/1017/919 903/1018/920 904/1019/921
f 904/1019/921 905/1020/922 902/1017/919
f 904/1019/921 906/1021/923 905/1020/922
f 906/1021/923 904/1019/921 907/1022/924
f 907/1022/924 908/1023/925 906/1021/923
f 908/1023/925 907/1022/924 909/1024/926
f 909/1024/926 910/1025/927 908/1023/925
f 910/1025/927 909/1024/926 911/1026/928
f 910/1025/927 911/1026/928 912/1027/929
f 912/1027/929 908/1023/925 910/1025/927
f 908/1023/925 912/1027/929 913/1028/930
f 913/1028/930 906/1021/923 908/1023/925
f 913/1028/930 905/1020/922 906/1021/923
f 905/1020/922 913/1028/930 914/1029/931
f 914/1029/931 902/1030/919 905/1020/922
f 902/1030/919 914/1029/931 915/1031/932
f 915/1031/932 903/1032/920 902/1030/919
f 915/1031/932 904/1033/921 903/1032/920
f 915/1031/932 907/1034/924 904/1033/921
f 907/1034/924 915/1031/932 916/1035/933
f 916/1035/933 909/1036/926 907/1034/924
f 909/1036/926 916/1035/933 917/1037/934
f 917/1037/934 872/979/887 909/1036/926
f 917/1037/934 874/981/889 872/979/887
f 917/1037/934 875/982/890 874/981/889
f 917/1037/934 918/1038/935 875/982/890
f 918/1038/935 917/1037/934 916/1035/933
f 916/1035/933 919/1039/936 918/1038/935
f 919/1039/936 916/1035/933 915/1031/932
f 919/1039/936 915/1031/932 914/1029/931
f 919/1039/936 914/1029/931 913/1028/930
f 919/1039/936 913/1028/930 912/1027/929
f 912/1027/929 918/1038/935 919/1039/936
f 918/1038/935 912/1027/929 920/1040/937
f 920/1040/937 875/982/890 918/1038/935
f 875/982/890 920/1040/937 921/1041/938
f 921/1041/938 876/983/891 875/982/890
f 876/983/891 921/1041/938 922/1042/939
f 922/1042/939 877/984/892 876/983/891
f 922/1042/939 878/985/893 877/984/892
f 922/1042/939 873/986/888 878/985/893
f 922/1042/939 923/1043/940 873/986/888
f 923/1043/940 922/1042/939 921/1041/938
f 923/1043/940 921/1041/938 920/1040/937
f 920/1040/937 924/1044/941 923/1043/940
f 924/1044/941 920/1040/937 912/1027/929
f 924/1044/941 912/1027/929 911/1026/928
f 924/1044/941 911/1026/928 909/1024/926
f 924/1044/941 909/1024/926 872/1045/887
f 872/1045/887 923/1043/940 924/1044/941
f 923/1043/940 872/1045/887 873/986/888
f 838/1046/853 840/1047/855 841/1048/856
f 841/1048/856 837/1049/852 838/1046/853
f 837/1049/852 841/1048/856 925/1050/942
f 925/1050/942 926/1051/943 837/1049/852
f 926/1051/943 925/1050/942 841/1048/856
f 926/1051/943 841/1048/856 842/1052/857
f 842/1052/857 927/1053/944 926/1051/943
f 927/1053/944 842/1052/857 871/1054/886
f 871/1054/886 928/1055/945 927/1053/944
f 928/1055/945 871/1054/886 870/993/885
f 928/1055/945 870/993/885 882/992/897
f 928/1055/945 882/992/897 831/990/846
f 928/1055/945 831/990/846 833/1056/848
f 833/1056/848 927/1053/944 928/1055/945
f 927/1053/944 833/1056/848 835/1057/850
f 835/1057/850 926/1051/943 927/1053/944
f 926/1051/943 835/1057/850 837/1049/852
f 929/1058/946 930/1059/947 931/1060/948
f 931/1060/948 932/1061/949 929/1058/946
f 932/1061/949 931/1060/948 933/1062/950
f 933/1062/950 934/1063/951 932/1061/949
f 934/1063/951 933/1062/950 931/1060/948
f 934/1063/951 931/1060/948 935/1064/952
f 934/1063/951 935/1064/952 891/1004/908
f 934/1063/951 891/1004/908 890/1003/907
f 934/1063/951 890/1003/907 936/1065/953
f 936/1065/953 932/1061/949 934/1063/951
f 888/1001/905 936/1065/953 890/1003/907
f 937/1066/954 938/1067/955 939/1068/956
f 939/1068/956 940/1069/957 937/1066/954
f 940/1069/957 939/1068/956 941/1070/958
f 941/1070/958 942/1071/959 940/1069/957
f 942/1071/959 941/1070/958 939/1068/956
f 942/1071/959 939/1068/956 943/1072/960
f 942/1071/959 943/1072/960 901/1015/918
f 942/1071/959 901/1015/918 900/1014/917
f 942/1071/959 900/1014/917 944/1073/961
f 944/1073/961 940/1069/957 942/1071/959
f 898/1012/915 944/1073/961 900/1014/917
f 891/1074/908 935/1075/952 945/1076/962
f 945/1076/962 892/1077/909 891/1074/908
f 892/1077/909 945/1076/962 946/1078/963
f 946/1078/963 893/1079/910 892/1077/909
f 946/1078/963 947/1080/964 893/1079/910
f 946/1078/963 948/1081/965 947/1080/964
f 946/1078/963 949/1082/966 948/1081/965
f 946/1078/963 950/1083/967 949/1082/966
f 950/1083/967 946/1078/963 945/1076/962
f 945/1076/962 951/1084/968 950/1083/967
f 945/1076/962 952/1085/969 951/1084/968
f 952/1085/969 945/1076/962 935/1075/952
f 952/1085/969 935/1075/952 931/1086/948
f 952/1085/969 931/1086/948 930/1087/947
f 952/1085/969 930/1087/947 929/1088/946
f 929/1088/946 951/1084/968 952/1085/969
f 951/1084/968 929/1088/946 932/1089/949
f 951/1084/968 932/1089/949 936/1090/953
f 951/1084/968 936/1090/953 888/1091/905
f 888/1091/905 950/1083/967 951/1084/968
f 950/1083/967 888/1091/905 870/1092/903
f 870/1092/903 949/1082/966 950/1083/967
f 949/1082/966 870/1092/903 869/976/884
f 869/976/884 948/1081/965 949/1082/966
f 948/1081/965 869/976/884 868/975/883
f 868/975/883 947/1080/964 948/1081/965
f 947/1080/964 868/975/883 867/974/882
f 867/974/882 893/1079/910 947/1080/964
f 893/1079/910 867/974/882 866/973/881
f 866/973/881 953/1093/970 893/1079/910
f 953/1093/970 866/973/881 865/972/880
f 953/1093/970 865/972/880 864/971/879
f 864/971/879 954/1094/971 953/1093/970
f 954/1094/971 864/971/879 863/970/878
f 863/970/878 955/1095/972 954/1094/971
f 955/1095/972 863/970/878 901/1096/918
f 901/1096/918 956/1097/973 955/1095/972
f 956/1097/973 901/1096/918 943/1098/960
f 956/1097/973 943/1098/960 939/1099/956
f 956/1097/973 939/1099/956 938/1100/955
f 938/1100/955 957/1101/974 956/1097/973
f 957/1101/974 938/1100/955 937/1102/954
f 957/1101/974 937/1102/954 940/1103/957
f 957/1101/974 940/1103/957 944/1104/961
f 957/1101/974 944/1104/961 958/1105/975
f 958/1105/975 956/1097/973 957/1101/974
f 958/1105/975 955/1095/972 956/1097/973
f 955/1095/972 958/1105/975 959/1106/976
f 959/1106/976 954/1094/971 955/1095/972
f 959/1106/976 953/1093/970 954/1094/971
f 959/1106/976 893/1079/910 953/1093/970
f 959/1106/976 896/1107/913 893/1079/910
f 896/1107/913 959/1106/976 958/1105/975
f 958/1105/975 898/1108/915 896/1107/913
f 898/1108/915 958/1105/975 944/1104/961
f 591/628/596 590/627/595 854/1109/869
f 854/1109/869 960/1110/977 591/628/596
f 960/1110/977 854/1109/869 856/1111/871
f 960/1110/977 856/1111/871 961/1112/978
f 960/1110/977 961/1112/978 962/1113/979
f 962/1113/979 591/628/596 960/1110/977
f 962/1113/979 592/629/597 591/628/596
f 962/1113/979 594/631/599 592/629/597
f 962/1113/979 860/1114/875 594/631/599
f 860/1114/875 962/1113/979 963/1115/980
f 963/1115/980 859/1116/874 860/1114/875
f 859/1116/874 963/1115/980 964/1117/981
f 964/1117/981 858/1118/873 859/1116/874
f 964/1117/981 961/1112/978 858/1118/873
f 961/1112/978 964/1117/981 963/1115/980
f 963/1115/980 962/1113/979 961/1112/978
f 856/1111/871 858/1118/873 961/1112/978
f 965/1119/982 966/1120/983 967/1121/984
f 966/1120/983 965/1119/982 968/1122/985
f 968/1122/985 969/1123/986 966/1120/983
f 969/1123/986 968/1122/985 970/1124/987
f 970/1124/987 971/1125/988 969/1123/986
f 971/1125/988 970/1124/987 972/1126/989
f 972/1126/989 973/1127/990 971/1125/988
f 973/1127/990 972/1126/989 974/1128/991
f 974/1128/991 975/1129/992 973/1127/990
f 974/1128/991 966/1130/983 975/1129/992
f 974/1128/991 976/1131/993 966/1130/983
f 976/1131/993 974/1128/991 972/1126/989
f 972/1126/989 977/1132/994 976/1131/993
f 977/1132/994 972/1126/989 970/1124/987
f 970/1124/987 978/1133/995 977/1132/994
f 978/1133/995 970/1124/987 968/1122/985
f 968/1122/985 979/1134/996 978/1133/995
f 979/1134/996 968/1122/985 965/1119/982
f 979/1134/996 965/1119/982 980/1135/997
f 980/1135/997 981/1136/998 979/1134/996
f 980/1135/997 982/1137/999 981/1136/998
f 982/1137/999 980/1135/997 965/1119/982
f 965/1119/982 983/1138/1000 982/1137/999
f 983/1138/1000 965/1119/982 984/1139/1001
f 983/1138/1000 984/1139/1001 985/1140/1002
f 985/1140/1002 986/1141/1003 983/1138/1000
f 986/1141/1003 985/1140/1002 987/1142/1004
f 986/1141/1003 987/1142/1004 988/1143/1005
f 986/1141/1003 988/1143/1005 989/1144/1006
f 986/1141/1003 989/1144/1006 990/1145/1007
f 990/1145/1007 983/1138/1000 986/1141/1003
f 990/1145/1007 982/1137/999 983/1138/1000
f 990/1145/1007 981/1136/998 982/1137/999
f 990/1145/1007 991/1146/1008 981/1136/998
f 990/1145/1007 992/1147/1009 991/1146/1008
f 992/1147/1009 990/1145/1007 989/1144/1006
f 989/1144/1006 993/1148/1010 992/1147/1009
f 993/1148/1010 989/1144/1006 988/1149/1011
f 993/1148/1010 988/1149/1011 994/1150/1012
f 994/1150/1012 995/1151/1013 993/1148/1010
f 995/1151/1013 994/1150/1012 996/1152/1014
f 995/1151/1013 996/1152/1014 997/1153/1015
f 995/1151/1013 997/1153/1015 998/1154/1016
f 995/1151/1013 998/1154/1016 999/1155/1017
f 999/1155/1017 993/1148/1010 995/1151/1013
f 999/1155/1017 992/1147/1009 993/1148/1010
f 992/1147/1009 999/1155/1017 1000/1156/1018
f 1000/1156/1018 991/1146/1008 992/1147/1009
f 991/1146/1008 1000/1156/1018 1001/1157/1019
f 1001/1157/1019 981/1136/998 991/1146/1008
f 1001/1157/1019 1002/1158/1020 981/1136/998
f 1002/1158/1020 1001/1157/1019 1003/1159/1021
f 1002/1158/1020 1003/1159/1021 1004/1160/1022
f 1004/1160/1022 1005/1161/1023 1002/1158/1020
f 1005/1161/1023 1004/1160/1022 1006/1162/1024
f 1006/1162/1024 1007/1163/1025 1005/1161/1023
f 1007/1163/1025 1006/1162/1024 1008/1164/1026
f 1008/1164/1026 1009/1165/1027 1007/1163/1025
f 1009/1165/1027 1008/1164/1026 1010/1166/1028
f 1010/1166/1028 1011/1167/1029 1009/1165/1027
f 1011/1167/1029 1010/1166/1028 1012/1168/1030
f 1012/1168/1030 1013/1169/1031 1011/1167/1029
f 1013/1169/1031 1012/1168/1030 1014/1170/1032
f 1013/1169/1031 1014/1170/1032 1015/1171/1033
f 1013/1169/1031 1015/1171/1033 1016/1172/1034
f 1016/1172/1034 1017/1173/1035 1013/1169/1031
f 1017/1173/1035 1016/1172/1034 1018/1174/1036
f 1018/1174/1036 1019/1175/1037 1017/1173/1035
f 1019/1175/1037 1018/1174/1036 1020/1176/1038
f 1020/1176/1038 1021/1177/1039 1019/1175/1037
f 1021/1177/1039 1020/1176/1038 1022/1178/1040
f 1022/1178/1040 1023/1179/1041 1021/1177/1039
f 1023/1179/1041 1022/1178/1040 1024/1180/1042
f 1024/1180/1042 1025/1181/1043 1023/1179/1041
f 1025/1181/1043 1024/1180/1042 1026/1182/1044
f 1025/1181/1043 1026/1182/1044 1027/1183/1045
f 1027/1183/1045 1023/1179/1041 1025/1181/1043
f 1027/1183/1045 1021/1177/1039 1023/1179/1041
f 1021/1177/1039 1027/1183/1045 1028/1184/1046
f 1028/1184/1046 1019/1175/1037 1021/1177/1039
f 1028/1184/1046 1029/1185/1047 1019/1175/1037
f 1028/1184/1046 1030/1186/1048 1029/1185/1047
f 1030/1186/1048 1028/1184/1046 1027/1183/1045
f 1027/1183/1045 1031/1187/1049 1030/1186/1048
f 1031/1187/1049 1027/1183/1045 1026/1182/1044
f 1029/1185/1047 1030/1186/1048 1032/1188/1050
f 1032/1188/1050 1033/1189/1051 1029/1185/1047
f 1033/1189/1051 1032/1188/1050 1034/1190/1052
f 1034/1190/1052 1035/1191/1053 1033/1189/1051
f 1035/1191/1053 1034/1190/1052 1036/1192/1054
f 1036/1192/1054 1037/1193/1055 1035/1191/1053
f 1037/1193/1055 1036/1192/1054 1038/1194/1056
f 1038/1194/1056 1039/1195/1057 1037/1193/1055
f 1039/1195/1057 1038/1194/1056 1040/1196/1058
f 1040/1196/1058 1041/1197/1059 1039/1195/1057
f 1041/1197/1059 1040/1196/1058 1042/1198/1060
f 1041/1197/1059 1042/1198/1060 1043/1199/1061
f 1041/1197/1059 1043/1199/1061 1044/1200/1062
f 1044/1200/1062 1039/1195/1057 1041/1197/1059
f 1039/1195/1057 1044/1200/1062 998/1201/1016
f 998/1201/1016 1037/1193/1055 1039/1195/1057
f 1037/1193/1055 998/1201/1016 1045/1202/1063
f 1045/1202/1063 1035/1191/1053 1037/1193/1055
f 1035/1191/1053 1045/1202/1063 1046/1203/1064
f 1046/1203/1064 1033/1189/1051 1035/1191/1053
f 1033/1189/1051 1046/1203/1064 1047/1204/1065
f 1047/1204/1065 1029/1185/1047 1033/1189/1051
f 1029/1185/1047 1047/1204/1065 1048/1205/1066
f 1048/1205/1066 1019/1175/1037 1029/1185/1047
f 1048/1205/1066 1017/1173/1035 1019/1175/1037
f 1048/1205/1066 1049/1206/1067 1017/1173/1035
f 1049/1206/1067 1048/1205/1066 1047/1204/1065
f 1049/1206/1067 1047/1204/1065 1046/1203/1064
f 1046/1203/1064 1050/1207/1068 1049/1206/1067
f 1050/1207/1068 1046/1203/1064 1045/1202/1063
f 1045/1202/1063 1051/1208/1069 1050/1207/1068
f 1051/1208/1069 1045/1202/1063 998/1201/1016
f 998/1201/1016 1052/1209/1070 1051/1208/1069
f 1052/1209/1070 998/1201/1016 997/1210/1015
f 997/1210/1015 1053/1211/1071 1052/1209/1070
f 1053/1211/1071 997/1210/1015 1054/1212/1072
f 1053/1211/1071 1054/1212/1072 988/1213/1011
f 988/1213/1011 1052/1209/1070 1053/1211/1071
f 1052/1209/1070 988/1213/1011 989/1214/1006
f 989/1214/1006 1051/1208/1069 1052/1209/1070
f 1051/1208/1069 989/1214/1006 1055/1215/1073
f 1055/1215/1073 1050/1207/1068 1051/1208/1069
f 1055/1215/1073 1056/1216/1074 1050/1207/1068
f 1056/1216/1074 1055/1215/1073 989/1214/1006
f 989/1214/1006 1057/1217/1075 1056/1216/1074
f 1057/1217/1075 989/1214/1006 988/1218/1005
f 988/1218/1005 1058/1219/1076 1057/1217/1075
f 1058/1219/1076 988/1218/1005 1059/1220/1077
f 1058/1219/1076 1059/1220/1077 984/1221/1001
f 984/1221/1001 1057/1217/1075 1058/1219/1076
f 1057/1217/1075 984/1221/1001 965/1222/982
f 965/1222/982 1056/1216/1074 1057/1217/1075
f 1056/1216/1074 965/1222/982 967/1223/984
f 967/1223/984 1050/1207/1068 1056/1216/1074
f 1050/1207/1068 967/1223/984 1060/1224/1078
f 1050/1207/1068 1060/1224/1078 1061/1225/1079
f 1061/1225/1079 1049/1206/1067 1050/1207/1068
f 1049/1206/1067 1061/1225/1079 1013/1169/1031
f 1013/1169/1031 1017/1173/1035 1049/1206/1067
f 1011/1167/1029 1013/1169/1031 1061/1225/1079
f 1061/1225/1079 1062/1226/1080 1011/1167/1029
f 1062/1226/1080 1061/1225/1079 1060/1224/1078
f 1060/1224/1078 1063/1227/1081 1062/1226/1080
f 1063/1227/1081 1060/1224/1078 967/1223/984
f 967/1223/984 976/1131/993 1063/1227/1081
f 976/1131/993 967/1223/984 966/1130/983
f 977/1132/994 1063/1227/1081 976/1131/993
f 1063/1227/1081 977/1132/994 1064/1228/1082
f 1064/1228/1082 1062/1226/1080 1063/1227/1081
f 1062/1226/1080 1064/1228/1082 1009/1165/1027
f 1009/1165/1027 1011/1167/1029 1062/1226/1080
f 1007/1163/1025 1009/1165/1027 1064/1228/1082
f 1064/1228/1082 1065/1229/1083 1007/1163/1025
f 1065/1229/1083 1064/1228/1082 977/1132/994
f 1065/1229/1083 977/1132/994 978/1133/995
f 1065/1229/1083 978/1133/995 979/1134/996
f 1065/1229/1083 979/1134/996 981/1136/998
f 1065/1229/1083 981/1136/998 1005/1161/1023
f 1005/1161/1023 1007/1163/1025 1065/1229/1083
f 1002/1158/1020 1005/1161/1023 981/1136/998
f 1066/1230/1084 1044/1200/1062 1043/1199/1061
f 1043/1199/1061 1067/1231/1085 1066/1230/1084
f 1067/1231/1085 1043/1199/1061 1042/1198/1060
f 1067/1231/1085 1042/1198/1060 1068/1232/1086
f 1068/1232/1086 1066/1230/1084 1067/1231/1085
f 1068/1232/1086 1069/1233/1087 1066/1230/1084
f 1069/1233/1087 1068/1232/1086 1070/1234/1088
f 1070/1234/1088 1071/1235/1089 1069/1233/1087
f 1071/1235/1089 1070/1234/1088 1072/1236/1090
f 1072/1236/1090 1073/1237/1091 1071/1235/1089
f 1073/1237/1091 1072/1236/1090 1074/1238/1092
f 1072/1236/1090 1070/1234/1088 1068/1232/1086
f 1068/1232/1086 1075/1239/1093 1072/1236/1090
f 1075/1239/1093 1068/1232/1086 1042/1198/1060
f 1076/1240/1094 1077/1241/1095 1078/1242/1096
f 1078/1242/1096 1079/1243/1097 1076/1240/1094
f 1079/1243/1097 1078/1242/1096 1080/1244/1098
f 1080/1244/1098 1081/1245/1099 1079/1243/1097
f 1081/1245/1099 1080/1244/1098 1082/1246/1100
f 1083/1247/1101 1084/1248/1102 1085/1249/1103
f 1084/1248/1102 1083/1247/1101 1081/1250/1099
f 1081/1250/1099 1082/1251/1100 1084/1248/1102
f 1086/1252/1104 1016/1253/1034 1015/1254/1033
f 1016/1253/1034 1086/1252/1104 1087/1255/1105
f 1087/1255/1105 1088/1256/1106 1016/1253/1034
f 1088/1256/1106 1087/1255/1105 1089/1257/1107
f 1089/1257/1107 1090/1258/1108 1088/1256/1106
f 1090/1258/1108 1089/1257/1107 1091/1259/1109
f 1090/1258/1108 1091/1259/1109 1003/1159/1021
f 1090/1258/1108 1003/1159/1021 1001/1157/1019
f 1090/1258/1108 1001/1157/1019 1000/1156/1018
f 1000/1156/1018 1092/1260/1110 1090/1258/1108
f 1092/1260/1110 1000/1156/1018 999/1155/1017
f 999/1155/1017 1093/1261/1111 1092/1260/1110
f 1093/1261/1111 999/1155/1017 998/1154/1016
f 1093/1261/1111 998/1154/1016 1094/1262/1112
f 1094/1262/1112 1092/1260/1110 1093/1261/1111
f 1092/1260/1110 1094/1262/1112 1095/1263/1113
f 1095/1263/1113 1090/1258/1108 1092/1260/1110
f 1095/1263/1113 1088/1256/1106 1090/1258/1108
f 1088/1256/1106 1095/1263/1113 1096/1264/1114
f 1096/1264/1114 1016/1253/1034 1088/1256/1106
f 1096/1264/1114 1018/1265/1036 1016/1253/1034
f 1018/1265/1036 1096/1264/1114 1097/1266/1115
f 1097/1266/1115 1020/1267/1038 1018/1265/1036
f 1020/1267/1038 1097/1266/1115 1098/1268/1116
f 1098/1268/1116 1022/1269/1040 1020/1267/1038
f 1022/1269/1040 1098/1268/1116 1099/1270/1117
f 1099/1270/1117 1024/1271/1042 1022/1269/1040
f 1099/1270/1117 1026/1272/1044 1024/1271/1042
f 1026/1272/1044 1099/1270/1117 1098/1268/1116
f 1098/1268/1116 1031/1273/1049 1026/1272/1044
f 1098/1268/1116 1030/1274/1048 1031/1273/1049
f 1030/1274/1048 1098/1268/1116 1100/1275/1118
f 1100/1275/1118 1032/1276/1050 1030/1274/1048
f 1032/1276/1050 1100/1275/1118 1101/1277/1119
f 1101/1277/1119 1034/1278/1052 1032/1276/1050
f 1034/1278/1052 1101/1277/1119 1102/1279/1120
f 1102/1279/1120 1036/1280/1054 1034/1278/1052
f 1036/1280/1054 1102/1279/1120 1103/1281/1121
f 1103/1281/1121 1038/1282/1056 1036/1280/1054
f 1103/1281/1121 1040/1283/1058 1038/1282/1056
f 1040/1283/1058 1103/1281/1121 1104/1284/1122
f 1104/1284/1122 1042/1285/1060 1040/1283/1058
f 1042/1285/1060 1104/1284/1122 1105/1286/1123
f 1105/1286/1123 1075/1287/1093 1042/1285/1060
f 1075/1287/1093 1105/1286/1123 1106/1288/1124
f 1106/1288/1124 1072/1289/1090 1075/1287/1093
f 1106/1288/1124 1074/1290/1092 1072/1289/1090
f 1074/1290/1092 1106/1288/1124 1107/1291/1125
f 1107/1291/1125 1073/1292/1091 1074/1290/1092
f 1107/1291/1125 1071/1293/1089 1073/1292/1091
f 1107/1291/1125 1069/1294/1087 1071/1293/1089
f 1107/1291/1125 1108/1295/1126 1069/1294/1087
f 1108/1295/1126 1107/1291/1125 1106/1288/1124
f 1108/1295/1126 1106/1288/1124 1105/1286/1123
f 1108/1295/1126 1105/1286/1123 1104/1284/1122
f 1108/1295/1126 1104/1284/1122 1109/1296/1127
f 1108/1295/1126 1109/1296/1127 1066/1297/1084
f 1066/1297/1084 1069/1294/1087 1108/1295/1126
f 1044/1298/1062 1066/1297/1084 1109/1296/1127
f 1109/1296/1127 998/1154/1016 1044/1298/1062
f 998/1154/1016 1109/1296/1127 1110/1299/1128
f 1110/1299/1128 1094/1262/1112 998/1154/1016
f 1094/1262/1112 1110/1299/1128 1111/1300/1129
f 1111/1300/1129 1095/1263/1113 1094/1262/1112
f 1095/1263/1113 1111/1300/1129 1102/1279/1120
f 1095/1263/1113 1102/1279/1120 1101/1277/1119
f 1095/1263/1113 1101/1277/1119 1112/1301/1130
f 1112/1301/1130 1096/1264/1114 1095/1263/1113
f 1096/1264/1114 1112/1301/1130 1101/1277/1119
f 1101/1277/1119 1097/1266/1115 1096/1264/1114
f 1097/1266/1115 1101/1277/1119 1100/1275/1118
f 1100/1275/1118 1098/1268/1116 1097/1266/1115
f 1113/1302/1131 1114/1303/1132 1115/1304/1133
f 1115/1304/1133 1116/1305/1134 1113/1302/1131
f 1116/1305/1134 1115/1304/1133 1117/1306/1135
f 1117/1306/1135 1118/1307/1136 1116/1305/1134
f 1118/1307/1136 1117/1306/1135 1119/1308/1137
f 1119/1308/1137 1120/1309/1138 1118/1307/1136
f 1120/1309/1138 1119/1308/1137 1089/1310/1107
f 1089/1310/1107 1121/1311/1139 1120/1309/1140
f 1121/1311/1141 1089/1310/1107 1122/1312/1142
f 1122/1312/1142 1123/1313/1143 1121/1311/1141
f 1124/1314/1144 1115/1315/1133 1114/1316/1132
f 1115/1315/1133 1124/1314/1144 1125/1317/1145
f 1125/1317/1145 1117/1318/1135 1115/1315/1133
f 1117/1318/1135 1125/1317/1145 1126/1319/1146
f 1126/1319/1146 1119/1320/1137 1117/1318/1135
f 1119/1320/1137 1126/1319/1146 1127/1321/1147
f 1127/1321/1147 1089/1322/1107 1119/1320/1137
f 1089/1322/1107 1127/1321/1147 1128/1323/1148
f 1089/1322/1107 1128/1323/1148 1129/1324/1149
f 1129/1324/1149 1122/1312/1142 1089/1322/1107
f 1122/1312/1142 1129/1324/1149 1130/1325/1150
f 1087/1326/1105 1123/1327/1151 1121/1328/1139
f 1121/1328/1139 1089/1329/1107 1087/1326/1105
f 1120/1330/1140 1091/1331/1109 1089/1329/1107
f 1091/1331/1109 1120/1330/1140 1118/1332/1136
f 1118/1332/1136 1003/1333/1021 1091/1331/1109
f 1003/1333/1021 1118/1332/1136 1116/1334/1134
f 1116/1334/1134 1004/1335/1022 1003/1333/1021
f 1004/1335/1022 1116/1334/1134 1113/1336/1131
f 1113/1336/1131 1006/1337/1024 1004/1335/1022
f 1085/1338/1152 1084/1339/1102 1082/1340/1153
f 1082/1340/1153 1131/1341/1154 1085/1338/1152
f 1131/1341/1154 1082/1340/1153 1080/1342/1155
f 1080/1342/1155 1132/1343/1156 1131/1341/1154
f 1132/1343/1156 1080/1342/1155 1078/1344/1157
f 1078/1344/1157 1077/1345/1158 1132/1343/1156
f 1131/1346/1154 1012/1347/1030 1010/1348/1028
f 1010/1348/1028 1085/1349/1152 1131/1346/1154
f 1085/1349/1152 1010/1348/1028 1008/1350/1026
f 1008/1350/1026 1133/1351/1159 1085/1349/1152
f 1133/1351/1159 1008/1350/1026 1006/1352/1024
f 1133/1351/1159 1006/1352/1024 1113/1302/1131
f 1133/1351/1159 1113/1302/1131 1134/1353/1160
f 1134/1353/1160 1085/1349/1152 1133/1351/1159
f 1134/1353/1160 1084/1248/1161 1085/1349/1152
f 1084/1248/1161 1134/1353/1160 1135/1354/1162
f 1135/1354/1162 1082/1355/1100 1084/1248/1161
f 1135/1354/1162 1136/1356/1163 1082/1355/1100
f 1136/1356/1163 1135/1354/1162 1137/1357/1164
f 1137/1357/1164 1138/1358/1165 1136/1356/1163
f 1138/1358/1165 1137/1357/1164 1139/1359/1166
f 1139/1359/1166 1140/1360/1167 1138/1358/1165
f 1140/1360/1167 1139/1359/1166 1141/1361/1168
f 1141/1361/1168 1142/1362/1169 1140/1360/1167
f 1142/1362/1169 1141/1361/1168 1143/1363/1170
f 1143/1363/1170 1144/1364/1171 1142/1362/1169
f 1144/1364/1171 1143/1363/1170 1145/1365/1172
f 1145/1365/1172 1146/1366/1173 1144/1364/1171
f 1146/1366/1173 1145/1365/1172 1147/1367/1174
f 1147/1367/1174 1148/1368/1175 1146/1366/1173
f 1147/1367/1174 1149/1369/1176 1148/1368/1175
f 1147/1367/1174 1150/1370/1177 1149/1369/1176
f 1150/1370/1177 1147/1367/1174 1151/1371/1178
f 1151/1371/1178 1152/1372/1179 1150/1370/1177
f 1152/1372/1179 1151/1371/1178 1153/1373/1180
f 1153/1373/1180 1154/1374/1181 1152/1372/1179
f 1154/1374/1181 1153/1373/1180 1155/1375/1182
f 1155/1375/1182 1156/1376/1183 1154/1374/1181
f 1156/1376/1183 1155/1375/1182 1157/1377/1184
f 1157/1377/1184 1158/1378/1185 1156/1376/1183
f 1158/1378/1185 1157/1377/1184 1159/1379/1186
f 1159/1379/1186 1160/1380/1187 1158/1378/1185
f 1160/1380/1187 1159/1379/1186 1161/1381/1188
f 1161/1381/1188 1162/1382/1189 1160/1380/1187
f 1162/1382/1189 1161/1381/1188 1163/1383/1190
f 1163/1383/1190 1164/1384/1191 1162/1382/1189
f 1163/1383/1190 1149/1385/1176 1164/1384/1191
f 1163/1383/1190 1148/1386/1175 1149/1385/1176
f 1148/1386/1175 1163/1383/1190 1165/1387/1192
f 1165/1387/1192 1146/1388/1173 1148/1386/1175
f 1146/1388/1173 1165/1387/1192 1166/1389/1193
f 1166/1389/1193 1144/1390/1171 1146/1388/1173
f 1144/1390/1171 1166/1389/1193 1167/1391/1194
f 1167/1391/1194 1142/1392/1169 1144/1390/1171
f 1142/1392/1169 1167/1391/1194 1168/1393/1195
f 1168/1393/1195 1140/1394/1167 1142/1392/1169
f 1140/1394/1167 1168/1393/1195 1169/1395/1196
f 1169/1395/1196 1138/1396/1165 1140/1394/1167
f 1138/1396/1165 1169/1395/1196 1170/1397/1197
f 1170/1397/1197 1136/1398/1163 1138/1396/1165
f 1170/1397/1197 1082/1399/1100 1136/1398/1163
f 1170/1397/1197 1080/1244/1155 1082/1399/1100
f 1080/1244/1155 1170/1397/1197 1171/1400/1198
f 1171/1400/1198 1078/1242/1157 1080/1244/1155
f 1078/1242/1157 1171/1400/1198 1172/1401/1199
f 1078/1242/1157 1172/1401/1199 1173/1402/1200
f 1173/1402/1200 1077/1241/1158 1078/1242/1157
f 1077/1241/1158 1173/1402/1200 1174/1403/1201
f 1174/1403/1201 1086/1404/1104 1077/1241/1158
f 1174/1403/1201 1087/1405/1105 1086/1404/1104
f 1174/1403/1201 1123/1313/1151 1087/1405/1105
f 1123/1313/1151 1174/1403/1201 1173/1402/1200
f 1173/1402/1200 1175/1406/1202 1123/1313/1151
f 1175/1406/1202 1173/1402/1200 1172/1401/1199
f 1172/1401/1199 1176/1407/1203 1175/1406/1202
f 1172/1401/1199 1177/1408/1204 1176/1407/1203
f 1172/1401/1199 1178/1409/1205 1177/1408/1204
f 1178/1409/1205 1172/1401/1199 1171/1400/1198
f 1171/1400/1198 1179/1410/1206 1178/1409/1205
f 1179/1410/1206 1171/1400/1198 1170/1397/1197
f 1179/1410/1206 1170/1397/1197 1169/1395/1196
f 1169/1395/1196 1180/1411/1207 1179/1410/1206
f 1180/1411/1207 1169/1395/1196 1168/1393/1195
f 1168/1393/1195 1181/1412/1208 1180/1411/1207
f 1181/1412/1208 1168/1393/1195 1167/1391/1194
f 1167/1391/1194 1182/1413/1209 1181/1412/1208
f 1182/1413/1209 1167/1391/1194 1166/1389/1193
f 1166/1389/1193 1183/1414/1210 1182/1413/1209
f 1183/1414/1210 1166/1389/1193 1165/1387/1192
f 1183/1414/1210 1165/1387/1192 1163/1383/1190
f 1183/1414/1210 1163/1383/1190 1161/1381/1188
f 1161/1381/1188 1184/1415/1211 1183/1414/1210
f 1184/1415/1211 1161/1381/1188 1159/1379/1186
f 1159/1379/1186 1185/1416/1212 1184/1415/1211
f 1185/1416/1212 1159/1379/1186 1157/1377/1184
f 1157/1377/1184 1186/1417/1213 1185/1416/1212
f 1186/1417/1213 1157/1377/1184 1155/1375/1182
f 1155/1375/1182 1187/1418/1214 1186/1417/1213
f 1187/1418/1214 1155/1375/1182 1153/1373/1180
f 1153/1373/1180 1188/1419/1215 1187/1418/1214
f 1153/1373/1180 1189/1420/1216 1188/1419/1215
f 1189/1420/1216 1153/1373/1180 1151/1371/1178
f 1151/1371/1178 1190/1421/1217 1189/1420/1216
f 1190/1421/1217 1151/1371/1178 1147/1367/1174
f 1190/1421/1217 1147/1367/1174 1145/1365/1172
f 1190/1421/1217 1145/1365/1172 1191/1422/1218
f 1191/1422/1218 1189/1420/1216 1190/1421/1217
f 1189/1420/1216 1191/1422/1218 1192/1423/1219
f 1192/1423/1219 1188/1419/1215 1189/1420/1216
f 1188/1419/1215 1192/1423/1219 1193/1424/1220
f 1193/1424/1220 1187/1418/1214 1188/1419/1215
f 1187/1418/1214 1193/1424/1220 1194/1425/1221
f 1194/1425/1221 1186/1417/1213 1187/1418/1214
f 1186/1417/1213 1194/1425/1221 1195/1426/1222
f 1195/1426/1222 1185/1416/1212 1186/1417/1213
f 1185/1416/1212 1195/1426/1222 1196/1427/1223
f 1185/1416/1212 1196/1427/1223 1197/1428/1224
f 1197/1428/1224 1184/1415/1211 1185/1416/1212
f 1197/1428/1224 1183/1414/1210 1184/1415/1211
f 1183/1414/1210 1197/1428/1224 1198/1429/1225
f 1198/1429/1225 1182/1413/1209 1183/1414/1210
f 1182/1413/1209 1198/1429/1225 1199/1430/1226
f 1199/1430/1226 1181/1412/1208 1182/1413/1209
f 1181/1412/1208 1199/1430/1226 1200/1431/1227
f 1200/1431/1227 1180/1411/1207 1181/1412/1208
f 1200/1431/1227 1179/1410/1206 1180/1411/1207
f 1200/1431/1227 1178/1409/1205 1179/1410/1206
f 1178/1409/1205 1200/1431/1227 1201/1432/1228
f 1201/1432/1228 1177/1408/1204 1178/1409/1205
f 1177/1408/1204 1201/1432/1228 1202/1433/1229
f 1177/1408/1204 1202/1433/1229 1203/1434/1230
f 1203/1434/1230 1176/1407/1203 1177/1408/1204
f 1176/1407/1203 1203/1434/1230 1204/1435/1231
f 1204/1435/1231 1175/1406/1202 1176/1407/1203
f 1175/1406/1202 1204/1435/1231 1205/1436/1232
f 1205/1436/1232 1123/1313/1151 1175/1406/1202
f 1205/1436/1232 1121/1311/1139 1123/1313/1151
f 1121/1311/1139 1205/1436/1232 1206/1437/1233
f 1206/1437/1233 1120/1309/1140 1121/1311/1139
f 1120/1309/1140 1206/1437/1233 1207/1438/1234
f 1207/1438/1234 1118/1439/1136 1120/1309/1140
f 1118/1439/1136 1207/1438/1234 1208/1440/1235
f 1208/1440/1235 1116/1305/1236 1118/1439/1136
f 1116/1305/1236 1208/1440/1235 1209/1441/1237
f 1209/1441/1237 1113/1302/1131 1116/1305/1236
f 1209/1441/1237 1134/1353/1160 1113/1302/1131
f 1134/1353/1160 1209/1441/1237 1210/1442/1238
f 1210/1442/1238 1135/1354/1162 1134/1353/1160
f 1135/1354/1162 1210/1442/1238 1211/1443/1239
f 1211/1443/1239 1137/1357/1164 1135/1354/1162
f 1137/1357/1164 1211/1443/1239 1212/1444/1240
f 1212/1444/1240 1139/1359/1166 1137/1357/1164
f 1139/1359/1166 1212/1444/1240 1213/1445/1241
f 1213/1445/1241 1141/1361/1168 1139/1359/1166
f 1141/1361/1168 1213/1445/1241 1214/1446/1242
f 1214/1446/1242 1143/1363/1170 1141/1361/1168
f 1214/1446/1242 1145/1365/1172 1143/1363/1170
f 1145/1365/1172 1214/1446/1242 1215/1447/1243
f 1215/1447/1243 1191/1422/1218 1145/1365/1172
f 1191/1422/1218 1215/1447/1243 1216/1448/1244
f 1216/1448/1244 1192/1423/1219 1191/1422/1218
f 1216/1448/1244 1193/1424/1220 1192/1423/1219
f 1193/1424/1220 1216/1448/1244 1217/1449/1245
f 1217/1449/1245 1194/1425/1221 1193/1424/1220
f 1194/1425/1221 1217/1449/1245 1218/1450/1246
f 1218/1450/1246 1195/1426/1222 1194/1425/1221
f 1195/1426/1222 1218/1450/1246 1219/1451/1247
f 1219/1451/1247 1196/1427/1223 1195/1426/1222
f 1196/1427/1223 1219/1451/1247 1220/1452/1248
f 1220/1452/1248 1197/1428/1224 1196/1427/1223
f 1197/1428/1224 1220/1452/1248 1221/1453/1249
f 1221/1453/1249 1198/1429/1225 1197/1428/1224
f 1221/1453/1249 1199/1430/1226 1198/1429/1225
f 1221/1453/1249 1200/1431/1227 1199/1430/1226
f 1221/1453/1249 1201/1432/1228 1200/1431/1227
f 1201/1432/1228 1221/1453/1249 1220/1452/1248
f 1220/1452/1248 1202/1433/1229 1201/1432/1228
f 1202/1433/1229 1220/1452/1248 1222/1454/1250
f 1222/1454/1250 1203/1434/1230 1202/1433/1229
f 1203/1434/1230 1222/1454/1250 1223/1455/1251
f 1223/1455/1251 1204/1435/1231 1203/1434/1230
f 1204/1435/1231 1223/1455/1251 1224/1456/1252
f 1224/1456/1252 1205/1436/1232 1204/1435/1231
f 1224/1456/1252 1206/1437/1233 1205/1436/1232
f 1224/1456/1252 1207/1438/1234 1206/1437/1233
f 1207/1438/1234 1224/1456/1252 1225/1457/1253
f 1225/1457/1253 1208/1440/1235 1207/1438/1234
f 1225/1457/1253 1209/1441/1237 1208/1440/1235
f 1225/1457/1253 1210/1442/1238 1209/1441/1237
f 1225/1457/1253 1226/1458/1254 1210/1442/1238
f 1226/1458/1254 1225/1457/1253 1224/1456/1252
f 1226/1458/1254 1224/1456/1252 1223/1455/1251
f 1223/1455/1251 1227/1459/1255 1226/1458/1254
f 1227/1459/1255 1223/1455/1251 1222/1454/1250
f 1222/1454/1250 1219/1451/1247 1227/1459/1255
f 1219/1451/1247 1222/1454/1250 1220/1452/1248
f 1227/1459/1255 1219/1451/1247 1218/1450/1246
f 1218/1450/1246 1228/1460/1256 1227/1459/1255
f 1228/1460/1256 1218/1450/1246 1217/1449/1245
f 1228/1460/1256 1217/1449/1245 1216/1448/1244
f 1216/1448/1244 1229/1461/1257 1228/1460/1256
f 1229/1461/1257 1216/1448/1244 1215/1447/1243
f 1215/1447/1243 1230/1462/1258 1229/1461/1257
f 1230/1462/1258 1215/1447/1243 1214/1446/1242
f 1230/1462/1258 1214/1446/1242 1213/1445/1241
f 1213/1445/1241 1231/1463/1259 1230/1462/1258
f 1231/1463/1259 1213/1445/1241 1212/1444/1240
f 1231/1463/1259 1212/1444/1240 1211/1443/1239
f 1211/1443/1239 1226/1458/1254 1231/1463/1259
f 1226/1458/1254 1211/1443/1239 1210/1442/1238
f 1077/1241/1158 1086/1404/1104 1015/1464/1033
f 1015/1464/1033 1132/1465/1156 1077/1241/1158
f 1132/1465/1156 1015/1464/1033 1014/1466/1032
f 1014/1466/1032 1131/1467/1154 1132/1465/1156
f 1131/1467/1154 1014/1466/1032 1012/1468/1030
f 1226/1458/1254 1232/1469/1260 1231/1463/1259
f 1232/1469/1260 1226/1458/1254 1227/1459/1255
f 1232/1469/1260 1227/1459/1255 1229/1461/1257
f 1229/1461/1257 1231/1463/1259 1232/1469/1260
f 1231/1463/1259 1229/1461/1257 1230/1462/1258
f 1228/1460/1256 1229/1461/1257 1227/1459/1255
f 1103/1281/1121 1102/1279/1120 1111/1300/1129
f 1111/1300/1129 1233/1470/1261 1103/1281/1121
f 1233/1470/1261 1111/1300/1129 1110/1299/1128
f 1233/1470/1261 1110/1299/1128 1104/1284/1122
f 1104/1284/1122 1103/1281/1121 1233/1470/1261
f 1109/1296/1127 1104/1284/1122 1110/1299/1128
f 542/575/547 544/577/549 1234/1471/1262
f 1234/1471/1262 1235/1472/1263 542/575/547
f 1235/1472/1263 1234/1471/1262 1236/1473/1264
f 1235/1472/1263 1236/1473/1264 1237/1474/1265
f 1237/1474/1265 1238/1475/1266 1235/1472/1263
f 1238/1475/1266 1237/1474/1265 1239/1476/1267
f 1239/1476/1267 1240/1477/1268 1238/1475/1266
f 1240/1477/1268 1239/1476/1267 535/567/540
f 535/567/540 533/565/538 1240/1477/1268
f 1241/1478/1269 1235/1472/1263 1238/1475/1266
f 1235/1472/1263 1241/1478/1269 1242/1479/1270
f 1242/1479/1270 1243/1480/1271 1235/1472/1263
f 1243/1480/1271 1242/1479/1270 542/575/547
f 542/575/547 1235/1472/1263 1243/1480/1271
f 730/819/745 542/575/547 1242/1479/1270
f 442/466/446 441/465/445 1244/1481/1272
f 1244/1481/1272 452/476/456 442/466/446
f 452/476/456 1244/1481/1272 1245/1482/1273
f 1245/1482/1273 453/477/457 452/476/456
f 1245/1482/1273 197/203/197 453/477/457
f 197/203/197 1245/1482/1273 1246/1483/1274
f 1246/1483/1274 196/202/196 197/203/197
f 196/202/196 1246/1483/1274 1247/1484/1275
f 1247/1484/1275 167/173/167 196/202/196
f 163/169/163 546/579/551 548/581/553
f 548/581/553 161/167/161 163/169/163
f 548/581/553 159/165/159 161/167/161
f 548/581/553 1248/1485/1276 159/165/159
f 1248/1485/1276 548/581/553 545/578/550
f 545/578/550 1249/1486/1277 1248/1485/1276
f 1249/1486/1277 545/578/550 1250/1487/1278
f 1250/1487/1278 1251/1488/1279 1249/1486/1277
f 1251/1488/1279 1250/1487/1278 550/585/555
f 1251/1488/1279 550/585/555 549/582/554
f 1251/1488/1279 549/582/554 1252/1489/1280
f 1252/1489/1280 1253/1490/1281 1251/1488/1279
f 1253/1490/1281 1252/1489/1280 728/817/743
f 1253/1490/1281 728/817/743 742/833/757
f 742/833/757 1254/1491/1282 1253/1490/1281
f 1254/1491/1282 742/833/757 741/832/756
f 1254/1491/1282 741/832/756 745/836/760
f 745/836/760 1255/1492/1283 1254/1491/1282
f 1255/1492/1283 745/836/760 746/837/761
f 1255/1492/1283 746/837/761 135/137/135
f 1255/1492/1283 135/137/135 132/134/132
f 132/134/132 1256/1493/1284 1255/1492/1283
f 1256/1493/1284 132/134/132 134/136/134
f 1256/1493/1284 134/136/134 777/868/792
f 777/868/792 153/159/153 1256/1493/1284
f 153/159/153 777/868/792 151/157/151
f 151/157/151 150/156/150 153/159/153
f 157/163/157 1256/1493/1284 153/159/153
f 1256/1493/1284 157/163/157 1257/1494/1285
f 1257/1494/1285 1255/1492/1283 1256/1493/1284
f 1255/1492/1283 1257/1494/1285 1258/1495/1286
f 1258/1495/1286 1254/1491/1282 1255/1492/1283
f 1258/1495/1286 1253/1490/1281 1254/1491/1282
f 1253/1490/1281 1258/1495/1286 1249/1486/1277
f 1249/1486/1277 1251/1488/1279 1253/1490/1281
f 1248/1485/1276 1249/1486/1277 1258/1495/1286
f 1258/1495/1286 159/165/159 1248/1485/1276
f 159/165/159 1258/1495/1286 1257/1494/1285
f 1257/1494/1285 157/163/157 159/165/159
f 537/569/542 733/824/748 140/146/140
f 733/824/748 537/569/542 538/570/543
f 538/570/543 731/822/746 733/824/748
f 731/822/746 538/570/543 536/568/541
f 536/568/541 1259/1496/1287 731/822/746
f 1259/1496/1287 536/568/541 535/567/540
f 1260/1497/1288 331/343/334 332/344/335
f 331/343/334 1260/1497/1288 1261/1498/1289
f 1261/1498/1289 519/551/524 331/343/334
f 519/551/524 1261/1498/1289 1262/1499/1290
f 1262/1499/1290 319/331/322 519/551/524
f 319/331/322 1262/1499/1290 1263/1500/1291
f 1263/1500/1291 313/325/316 319/331/322
f 313/325/316 1263/1500/1291 314/326/317
f 332/420/335 399/419/403 401/418/405
f 401/418/405 1260/1501/1288 332/420/335
f 1260/1501/1288 401/418/405 1264/1502/1292
f 1264/1502/1292 1261/1503/1289 1260/1501/1288
f 1261/1503/1289 1264/1502/1292 1265/1504/1293
f 1265/1504/1293 1262/1505/1290 1261/1503/1289
f 1262/1505/1290 1265/1504/1293 1266/1506/1294
f 1266/1506/1294 1263/1507/1291 1262/1505/1290
f 1266/1506/1294 314/479/317 1263/1507/1291
f 1266/1506/1294 454/480/458 314/479/317
f 454/480/458 1266/1506/1294 1267/1508/1295
f 1267/1508/1295 456/482/460 454/480/458
f 456/482/460 1267/1508/1295 1268/1509/1296
f 1268/1509/1296 458/485/462 456/482/460
f 1268/1509/1296 333/345/336 458/485/462
f 333/345/336 1268/1509/1296 1269/1510/1297
f 1269/1510/1297 77/77/77 333/345/336
f 1269/1510/1297 79/79/79 77/77/77
f 1269/1510/1297 372/388/376 79/79/79
f 372/388/376 1269/1510/1297 1270/1511/1298
f 1270/1511/1298 373/389/377 372/388/376
f 1270/1511/1298 376/392/380 373/389/377
f 376/392/380 1270/1511/1298 1271/1512/1299
f 1271/1512/1299 377/393/381 376/392/380
f 377/393/381 1271/1512/1299 393/410/397
f 377/393/381 393/410/397 392/409/396
f 392/409/396 1272/1513/1300 377/393/381
f 1272/1513/1300 392/409/396 389/406/393
f 1272/1513/1300 389/406/393 387/404/391
f 1272/1513/1300 387/404/391 385/402/389
f 1272/1513/1300 385/402/389 384/401/388
f 1272/1513/1300 384/401/388 378/394/382
f 378/394/382 377/393/381 1272/1513/1300
f 383/400/387 378/394/382 384/401/388
f 393/410/397 1273/1514/1301 394/411/398
f 1273/1514/1301 393/410/397 1271/1512/1299
f 1271/1512/1299 1274/1515/1302 1273/1514/1301
f 1274/1515/1302 1271/1512/1299 1270/1511/1298
f 1274/1515/1302 1270/1511/1298 1269/1510/1297
f 1269/1510/1297 1275/1516/1303 1274/1515/1302
f 1275/1516/1303 1269/1510/1297 1268/1509/1296
f 1268/1509/1296 1276/1517/1304 1275/1516/1303
f 1276/1517/1304 1268/1509/1296 1267/1508/1295
f 1276/1517/1304 1267/1508/1295 1266/1506/1294
f 1276/1517/1304 1266/1506/1294 1265/1504/1293
f 1265/1504/1293 1277/1518/1305 1276/1517/1304
f 1277/1518/1305 1265/1504/1293 1264/1502/1292
f 1277/1518/1305 1264/1502/1292 401/418/405
f 1277/1518/1305 401/418/405 400/417/404
f 400/417/404 1278/1519/1306 1277/1518/1305
f 1278/1519/1306 400/417/404 399/416/403
f 1278/1519/1306 399/416/403 397/414/401
f 1278/1519/1306 397/414/401 395/412/399
f 1278/1519/1306 395/412/399 394/411/398
f 394/411/398 1279/1520/1307 1278/1519/1306
f 1279/1520/1307 394/411/398 1273/1514/1301
f 1279/1520/1307 1273/1514/1301 1274/1515/1302
f 1279/1520/1307 1274/1515/1302 1275/1516/1303
f 1279/1520/1307 1275/1516/1303 1277/1518/1305
f 1277/1518/1305 1278/1519/1306 1279/1520/1307
f 1276/1517/1304 1277/1518/1305 1275/1516/1303
f 1280/1521/1308 1246/1483/1274 1245/1482/1273
f 1245/1482/1273 1281/1522/1309 1280/1521/1308
f 1281/1522/1309 1245/1482/1273 1244/1481/1272
f 1244/1481/1272 1282/1523/1310 1281/1522/1309
f 1282/1523/1310 1244/1481/1272 1283/1524/1311
f 1282/1523/1310 1283/1524/1311 141/1525/141
f 1282/1523/1310 141/1525/141 1284/1526/1312
f 1284/1526/1312 1281/1522/1309 1282/1523/1310
f 1281/1522/1309 1284/1526/1312 1280/1521/1308
f 1285/1527/1313 1284/1526/1312 141/1525/141
f 163/169/163 165/171/165 1286/1528/1314
f 1286/1528/1314 546/579/551 163/169/163
f 546/579/551 1286/1528/1314 1287/1529/1315
f 1287/1529/1315 547/580/552 546/579/551
f 547/580/552 1287/1529/1315 1288/1530/1316
f 1288/1530/1316 545/578/550 547/580/552
f 1288/1530/1316 1250/1487/1278 545/578/550
f 1250/1487/1278 1288/1530/1316 1289/1531/1317
f 1289/1531/1317 550/585/555 1250/1487/1278
f 1289/1531/1317 544/583/549 550/585/555
f 1289/1531/1317 430/1532/434 544/583/549
f 1289/1531/1317 1290/1533/1318 430/1532/434
f 1289/1531/1317 1291/1534/1319 1290/1533/1318
f 1291/1534/1319 1289/1531/1317 1288/1530/1316
f 1288/1530/1316 1292/1535/1320 1291/1534/1319
f 1292/1535/1320 1288/1530/1316 1287/1529/1315
f 1237/1474/1265 1293/1536/1321 1239/1476/1267
f 1293/1536/1321 1237/1474/1265 1236/1473/1264
f 1236/1473/1264 430/1537/434 1293/1536/1321
f 430/1537/434 1236/1473/1264 1234/1471/1262
f 1234/1471/1262 544/577/549 430/1537/434
f 1290/1538/1318 1293/1536/1321 430/1537/434
f 76/76/76 78/78/78 1294/1539/1322
f 1294/1539/1322 788/879/803 76/76/76
f 788/879/803 1294/1539/1322 1295/1540/1323
f 788/879/803 1295/1540/1323 1296/1541/1324
f 1296/1541/1324 786/877/801 788/879/803
f 786/877/801 1296/1541/1324 1297/1542/1325
f 1297/1542/1325 784/875/799 786/877/801
f 784/875/799 1297/1542/1325 1298/1543/1326
f 1298/1543/1326 782/873/797 784/875/799
f 1298/1543/1326 754/845/769 782/873/797
f 1298/1543/1326 751/842/766 754/845/769
f 751/842/766 1298/1543/1326 1299/1544/1327
f 1299/1544/1327 752/843/767 751/842/766
f 1299/1544/1327 798/1545/813 752/843/767
f 798/1545/813 1299/1544/1327 1300/1546/1328
f 1300/1546/1328 800/1547/815 798/1545/813
f 800/1547/815 1300/1546/1328 1301/1548/1329
f 1301/1548/1329 801/1549/816 800/1547/815
f 1301/1548/1329 765/856/780 801/1549/816
f 1301/1548/1329 768/859/783 765/856/780
f 768/859/783 1301/1548/1329 1302/1550/1330
f 1302/1550/1330 769/860/784 768/859/783
f 769/860/784 1302/1550/1330 1303/1551/1331
f 1303/1551/1331 771/862/786 769/860/784
f 771/862/786 1303/1551/1331 1304/1552/1332
f 1304/1552/1332 772/863/787 771/862/786
f 1304/1552/1332 774/865/789 772/863/787
f 1304/1552/1332 775/866/790 774/865/789
f 775/866/790 1304/1552/1332 1305/1553/1333
f 1305/1553/1333 529/561/534 775/866/790
f 529/561/534 1305/1553/1333 1306/1554/1334
f 1307/1555/1335 1305/1553/1333 1304/1552/1332
f 1304/1552/1332 1308/1556/1336 1307/1555/1335
f 1308/1556/1336 1304/1552/1332 1303/1551/1331
f 1303/1551/1331 1309/1557/1337 1308/1556/1336
f 1309/1557/1337 1303/1551/1331 1302/1550/1330
f 1309/1557/1337 1302/1550/1330 1301/1548/1329
f 1309/1557/1337 1301/1548/1329 1300/1546/1328
f 1300/1546/1328 1310/1558/1338 1309/1557/1337
f 1310/1558/1338 1300/1546/1328 1299/1544/1327
f 1310/1558/1338 1299/1544/1327 1298/1543/1326
f 1310/1558/1338 1298/1543/1326 1311/1559/1339
f 1311/1559/1339 1309/1557/1337 1310/1558/1338
f 1309/1557/1337 1311/1559/1339 1308/1556/1336
f 1297/1542/1325 1311/1559/1339 1298/1543/1326
f 542/575/547 549/821/737 543/576/548
f 549/821/737 542/575/547 730/819/745
f 735/826/750 135/137/135 746/837/761
f 135/137/135 735/826/750 370/386/374
f 733/824/748 732/823/747 1312/1560/1340
f 1312/1560/1340 141/147/141 733/824/748
f 141/147/141 140/146/140 1312/1560/1340
f 441/465/445 1283/1524/1311 1244/1481/1272
f 1283/1524/1311 441/465/445 435/459/439
f 435/459/439 141/1525/141 1283/1524/1311
f 141/1525/141 435/459/439 434/458/438
f 1312/1561/1340 1285/1527/1313 141/1525/141
f 1285/1527/1313 1312/1561/1340 732/1562/747
f 732/1562/747 1313/1563/1341 1285/1527/1313
f 1313/1563/1341 732/1562/747 146/1564/146
f 1313/1563/1341 146/1564/146 1290/1533/1318
f 1313/1563/1341 1290/1533/1318 1291/1534/1319
f 1313/1563/1341 1291/1534/1319 1314/1565/1342
f 1314/1565/1342 1285/1527/1313 1313/1563/1341
f 1314/1565/1342 1284/1526/1312 1285/1527/1313
f 1284/1526/1312 1314/1565/1342 1315/1566/1343
f 1315/1566/1343 1280/1521/1308 1284/1526/1312
f 1315/1566/1343 1246/1483/1274 1280/1521/1308
f 1315/1566/1343 1247/1484/1275 1246/1483/1274
f 1247/1484/1275 1315/1566/1343 1286/1528/1314
f 1286/1528/1314 167/173/167 1247/1484/1275
f 167/173/167 1286/1528/1314 165/171/165
f 1287/1529/1315 1286/1528/1314 1315/1566/1343
f 1315/1566/1343 1292/1535/1320 1287/1529/1315
f 1292/1535/1320 1315/1566/1343 1314/1565/1342
f 1314/1565/1342 1291/1534/1319 1292/1535/1320
f 728/817/743 1252/1489/1280 549/582/554
f 549/582/554 722/810/736 728/817/743
f 549/811/554 543/584/1344 722/810/1345
f 725/814/740 430/449/434 429/448/433
f 429/448/433 726/815/741 725/814/740
f 726/815/741 429/448/433 427/446/431
f 427/446/431 729/818/744 726/815/741
f 729/818/744 427/446/431 425/444/429
f 425/444/429 740/831/755 729/818/744
f 740/831/755 425/444/429 306/318/309
f 306/318/309 737/828/752 740/831/755
f 737/828/752 306/318/309 307/319/310
f 307/319/310 738/829/753 737/828/752
f 738/829/753 307/319/310 309/321/312
f 309/321/312 1316/1567/1346 738/829/753
f 1316/1567/1346 309/321/312 288/300/291
f 1316/1567/1346 288/300/291 286/298/289
f 1316/1567/1346 286/298/289 284/296/287
f 1316/1567/1346 284/296/287 283/295/286
f 283/295/286 738/829/753 1316/1567/1346
f 283/295/286 736/827/751 738/829/753
f 736/827/751 283/295/286 281/293/284
f 736/827/751 281/293/284 280/292/283
f 280/292/283 739/830/754 736/827/751
f 739/830/754 280/292/283 734/825/749
f 739/830/754 734/825/749 744/835/759
f 744/835/759 740/831/755 739/830/754
f 740/831/755 744/835/759 743/834/758
f 735/826/750 744/835/759 734/825/749
f 526/558/531 529/561/534 1306/1554/1334
f 1306/1554/1334 525/557/530 526/558/531
f 1306/1554/1334 267/279/270 525/557/530
f 1306/1554/1334 266/278/269 267/279/270
f 266/278/269 1306/1554/1334 1305/1553/1333
f 1305/1553/1333 1317/1568/1347 266/278/269
f 1317/1568/1347 1305/1553/1333 1307/1555/1335
f 1307/1555/1335 1318/1569/1348 1317/1568/1347
f 1318/1569/1348 1307/1555/1335 1308/1556/1336
f 1318/1569/1348 1308/1556/1336 1311/1559/1339
f 1318/1569/1348 1311/1559/1339 1297/1542/1325
f 1318/1569/1348 1297/1542/1325 1296/1541/1324
f 1296/1541/1324 1317/1568/1347 1318/1569/1348
f 1317/1568/1347 1296/1541/1324 1295/1540/1323
f 1295/1540/1323 266/278/269 1317/1568/1347
f 1295/1540/1323 265/277/268 266/278/269
f 265/277/268 1295/1540/1323 1294/1539/1322
f 1294/1539/1322 263/275/266 265/277/268
f 263/275/266 1294/1539/1322 78/78/78
f 78/78/78 80/80/80 263/275/266
f 535/567/540 1239/1476/1267 1293/1536/1321
f 1293/1536/1321 1259/1496/1287 535/567/540
f 1259/1496/1287 1293/1536/1321 146/1570/146
f 146/1570/146 731/822/746 1259/1496/1287
f 731/822/746 146/1570/146 732/823/747
f 1290/1538/1318 146/1570/146 1293/1536/1321
f 533/565/538 145/151/145 147/153/147
f 147/153/147 1240/1477/1268 533/565/538
f 147/153/147 1319/1571/1349 1240/1477/1268
f 1319/1571/1349 147/153/147 148/154/148
f 1319/1571/1349 148/154/148 430/1572/434
f 430/1572/434 1320/1573/1350 1319/1571/1349
f 1320/1573/1350 430/1572/434 725/1574/740
f 1320/1573/1350 725/1574/740 723/820/738
f 1320/1573/1350 723/820/738 730/819/745
f 1320/1573/1350 730/819/745 1242/1479/1270
f 1320/1573/1350 1242/1479/1270 1241/1478/1269
f 1241/1478/1269 1319/1571/1349 1320/1573/1350
f 1319/1571/1349 1241/1478/1269 1238/1475/1266
f 1238/1475/1266 1240/1477/1268 1319/1571/1349
f 1321/1575/1351 1322/1576/1352 1323/1577/1353
f 1322/1576/1352 1321/1575/1351 1324/1578/1354
f 1322/1576/1352 1324/1578/1354 1325/1579/1355
f 1325/1579/1355 1326/1580/1356 1322/1576/1352
f 1325/1579/1355 1327/1581/1357 1326/1580/1356
f 1327/1581/1357 1325/1579/1355 1324/1578/1354
f 1324/1578/1354 1328/1582/1358 1327/1581/1357
f 1328/1582/1358 1324/1578/1354 1321/1583/1351
f 1321/1583/1351 1329/1584/1359 1328/1582/1358
f 1329/1584/1359 1321/1583/1351 1323/1585/1353
f 1323/1585/1353 1330/1586/1360 1329/1584/1359
f 1330/1586/1360 1323/1585/1353 1322/1587/1352
f 1330/1586/1360 1322/1587/1352 1326/1588/1356
f 1326/1588/1356 1331/1589/1361 1330/1586/1360
f 1331/1589/1361 1326/1588/1356 1332/1590/1362
f 1331/1589/1361 1332/1590/1362 966/1120/983
f 1331/1589/1361 966/1120/983 969/1123/986
f 1331/1589/1361 969/1123/986 1333/1591/1363
f 1333/1591/1363 1330/1586/1360 1331/1589/1361
f 1333/1591/1363 1329/1584/1359 1330/1586/1360
f 1329/1584/1359 1333/1591/1363 1334/1592/1364
f 1334/1592/1364 1328/1582/1358 1329/1584/1359
f 1328/1582/1358 1334/1592/1364 1335/1593/1365
f 1335/1593/1365 1327/1581/1357 1328/1582/1358
f 1335/1593/1365 1326/1580/1356 1327/1581/1357
f 1335/1593/1365 1332/1594/1362 1326/1580/1356
f 1332/1594/1362 1335/1593/1365 1336/1595/1366
f 1336/1595/1366 966/1130/983 1332/1594/1362
f 1336/1595/1366 975/1129/992 966/1130/983
f 1336/1595/1366 1334/1592/1364 975/1129/992
f 1334/1592/1364 1336/1595/1366 1335/1593/1365
f 1334/1592/1364 973/1127/990 975/1129/992
f 973/1127/990 1334/1592/1364 1333/1591/1363
f 1333/1591/1363 971/1125/988 973/1127/990
f 971/1125/988 1333/1591/1363 969/1123/986
f 1337/1596/1367 1338/1597/1368 1339/1598/1369
f 1339/1598/1369 1340/1599/1370 1337/1596/1367
f 1340/1599/1370 1339/1598/1369 1341/1600/1371
f 1341/1600/1371 1342/1601/1372 1340/1599/1370
f 1342/1601/1372 1341/1600/1371 1339/1598/1369
f 1342/1601/1372 1339/1598/1369 1343/1602/1373
f 1343/1602/1373 1344/1603/1374 1342/1601/1372
f 1344/1603/1374 1343/1602/1373 1345/1604/1375
f 1345/1604/1375 1346/1605/1376 1344/1603/1374
f 1346/1605/1376 1345/1604/1375 984/1221/1001
f 1346/1605/1376 984/1221/1001 1059/1220/1077
f 1346/1605/1376 1059/1220/1077 988/1218/1005
f 1346/1605/1376 988/1218/1005 1347/1606/1377
f 1347/1606/1377 1344/1603/1374 1346/1605/1376
f 1344/1603/1374 1347/1606/1377 1348/1607/1378
f 1348/1607/1378 1342/1601/1372 1344/1603/1374
f 1342/1601/1372 1348/1607/1378 1340/1599/1370
f 1349/1608/1379 1350/1609/1380 1351/1610/1381
f 1351/1610/1381 1352/1611/1382 1349/1608/1379
f 1352/1611/1382 1351/1610/1381 1353/1612/1383
f 1353/1612/1383 1354/1613/1384 1352/1611/1382
f 1354/1613/1384 1353/1612/1383 1351/1610/1381
f 1354/1613/1384 1351/1610/1381 1355/1614/1385
f 1355/1614/1385 1356/1615/1386 1354/1613/1384
f 1356/1615/1386 1355/1614/1385 1357/1616/1387
f 1357/1616/1387 1358/1617/1388 1356/1615/1386
f 1358/1617/1388 1357/1616/1387 988/1213/1011
f 1358/1617/1388 988/1213/1011 1054/1212/1072
f 1358/1617/1388 1054/1212/1072 997/1210/1015
f 1358/1617/1388 997/1210/1015 1359/1618/1389
f 1359/1618/1389 1356/1615/1386 1358/1617/1388
f 1356/1615/1386 1359/1618/1389 1360/1619/1390
f 1360/1619/1390 1354/1613/1384 1356/1615/1386
f 1354/1613/1384 1360/1619/1390 1352/1611/1382
f 1343/1620/1373 1339/1621/1369 1338/1622/1368
f 1338/1622/1368 1361/1623/1391 1343/1620/1373
f 1361/1623/1391 1338/1622/1368 1337/1624/1367
f 1337/1624/1367 1362/1625/1392 1361/1623/1391
f 1362/1625/1392 1337/1624/1367 1340/1626/1370
f 1362/1625/1392 1340/1626/1370 1348/1627/1378
f 1348/1627/1378 1363/1628/1393 1362/1625/1392
f 1363/1628/1393 1348/1627/1378 1347/1629/1377
f 1363/1628/1393 1347/1629/1377 988/1143/1005
f 1363/1628/1393 988/1143/1005 987/1142/1004
f 987/1142/1004 1364/1630/1394 1363/1628/1393
f 1364/1630/1394 987/1142/1004 985/1140/1002
f 1364/1630/1394 985/1140/1002 984/1139/1001
f 1364/1630/1394 984/1139/1001 1345/1631/1375
f 1364/1630/1394 1345/1631/1375 1361/1623/1391
f 1361/1623/1391 1363/1628/1393 1364/1630/1394
f 1363/1628/1393 1361/1623/1391 1362/1625/1392
f 1343/1620/1373 1361/1623/1391 1345/1631/1375
f 1355/1632/1385 1351/1633/1381 1350/1634/1380
f 1350/1634/1380 1365/1635/1395 1355/1632/1385
f 1365/1635/1395 1350/1634/1380 1349/1636/1379
f 1349/1636/1379 1366/1637/1396 1365/1635/1395
f 1366/1637/1396 1349/1636/1379 1352/1638/1382
f 1366/1637/1396 1352/1638/1382 1360/1639/1390
f 1360/1639/1390 1367/1640/1397 1366/1637/1396
f 1367/1640/1397 1360/1639/1390 1359/1641/1389
f 1367/1640/1397 1359/1641/1389 997/1153/1015
f 1367/1640/1397 997/1153/1015 996/1152/1014
f 996/1152/1014 1368/1642/1398 1367/1640/1397
f 1368/1642/1398 996/1152/1014 994/1150/1012
f 1368/1642/1398 994/1150/1012 988/1149/1011
f 1368/1642/1398 988/1149/1011 1357/1643/1387
f 1368/1642/1398 1357/1643/1387 1365/1635/1395
f 1365/1635/1395 1367/1640/1397 1368/1642/1398
f 1367/1640/1397 1365/1635/1395 1366/1637/1396
f 1355/1632/1385 1365/1635/1395 1357/1643/1387
f 1369/1644/1399 1370/1645/1400 1371/1646/1401
f 1371/1646/1401 1372/1647/1402 1369/1644/1399
f 1372/1647/1402 1371/1646/1401 84/1648/84
f 1372/1647/1402 84/1648/84 261/1649/264
f 1372/1647/1402 261/1649/264 521/1650/526
f 521/1650/526 1373/1651/1403 1372/1647/1402
f 1373/1651/1403 521/1650/526 524/1652/1404
f 1373/1651/1403 524/1652/1404 1374/1653/1405
f 1373/1651/1403 1374/1653/1405 1375/1654/1406
f 1375/1654/1406 1376/1655/1407 1373/1651/1403
f 1376/1655/1407 1375/1654/1406 1377/1656/1408
f 1377/1656/1408 1378/1657/1409 1376/1655/1407
f 1378/1657/1409 1377/1656/1408 1379/1658/1410
f 1379/1658/1410 1369/1644/1399 1378/1657/1409
f 1369/1644/1399 1379/1658/1410 1380/1659/315
f 1380/1659/315 1370/1645/1400 1369/1644/1399
f 1370/1645/1400 1380/1659/315 1381/1660/1411
f 1381/1660/1411 1382/1661/1412 1370/1645/1400
f 1382/1661/1412 1381/1660/1411 1383/1662/1413
f 1382/1661/1412 1383/1662/1413 1384/1663/1414
f 1384/1663/1414 1385/1664/1415 1382/1661/1412
f 1385/1664/1415 1384/1663/1414 1386/1665/1416
f 1385/1664/1415 1386/1665/1416 383/1666/387
f 1385/1664/1415 383/1666/387 379/1667/383
f 379/1667/383 1387/1668/1417 1385/1664/1415
f 1387/1668/1417 379/1667/383 85/1669/1418
f 1387/1668/1417 85/1669/1418 84/1670/84
f 1387/1668/1417 84/1670/84 1371/1646/1401
f 1387/1668/1417 1371/1646/1401 1370/1645/1400
f 1370/1645/1400 1385/1664/1415 1387/1668/1417
f 1385/1664/1415 1370/1645/1400 1382/1661/1412
f 1372/1647/1402 1378/1657/1409 1369/1644/1399
f 1378/1657/1409 1372/1647/1402 1373/1651/1403
f 1373/1651/1403 1376/1655/1407 1378/1657/1409
o body_body.001
v -3.875000 18.062500 -0.937488
v -3.625000 19.500000 -0.812488
v -3.000000 19.250000 -2.749988
v -3.187500 18.062500 -2.749988
v -1.812500 19.062500 -3.312488
v -1.937500 18.062500 -3.374988
v -0.875000 19.000000 -3.437488
v -0.937500 18.062500 -3.437488
v 0.000000 18.937500 -3.312488
v 0.000000 18.062500 -3.374988
v 0.875000 19.000000 -3.374988
v 0.937500 18.062500 -3.312488
v 1.812500 19.062500 -3.312488
v 1.937500 18.062500 -3.312488
v 3.062500 19.250000 -2.374988
v 3.250000 18.062500 -2.562488
v 3.562500 19.500000 -0.812488
v 3.875000 18.062500 -0.937488
v 2.750000 19.625000 0.687512
v 3.062500 18.062500 0.312512
v 1.687500 19.687500 1.687512
v 1.875000 18.062500 1.187512
v 0.000000 19.750000 1.812512
v 0.000000 18.062500 1.562512
v -1.625000 19.687500 1.750012
v -1.875000 18.062500 1.250012
v -2.750000 19.625000 0.750012
v -3.062500 18.062500 0.687512
v -3.375000 20.625000 -0.937488
v -2.937500 20.250000 -2.749988
v -1.812500 19.937500 -3.312488
v -0.875000 19.812500 -3.562488
v 0.000000 19.750000 -3.562488
v 0.875000 19.812500 -3.562488
v 1.875000 19.937500 -3.187488
v 2.937500 20.125000 -2.312488
v 3.312500 20.625000 -0.937488
v 2.562500 20.937500 0.625012
v 1.562500 21.062500 1.437512
v 0.000000 21.062500 1.562512
v -1.500000 21.062500 1.375012
v -2.562500 20.937500 0.562512
v -3.250000 21.375000 -1.124988
v -2.812500 20.750000 -2.812488
v -1.875000 20.562500 -3.374988
v -0.937500 20.312500 -3.624988
v 0.000000 20.250000 -3.687488
v 0.937500 20.312500 -3.562488
v 2.000000 20.437500 -3.187488
v 2.812500 20.750000 -2.437488
v 3.187500 21.375000 -1.124988
v 2.562500 21.687500 0.312516
v 1.500000 21.812500 0.875016
v 0.000000 21.937500 1.000016
v -1.437500 21.812500 0.812516
v -2.500000 21.687500 0.250016
v -3.125000 22.312500 -1.499984
v -2.625000 21.437500 -2.874985
v -1.812500 21.187500 -3.312488
v -0.937500 20.937500 -3.812488
v 0.000000 20.937500 -3.812488
v 0.937500 20.937500 -3.562488
v 2.000000 21.187500 -3.249988
v 2.750000 21.562500 -2.499985
v 3.062500 22.312500 -1.499984
v 2.375000 22.625000 -0.187484
v 1.437500 22.625000 0.187516
v 0.000000 22.625000 0.500016
v -1.375000 22.625000 0.187516
v -2.375000 22.625000 -0.187484
v -2.250000 23.375000 -0.749984
v -3.000000 23.187500 -1.687484
v -2.000000 24.062500 -0.624984
v -2.750000 23.875000 -1.687484
v -2.437500 22.687500 -2.937484
v -1.812500 22.562500 -3.374985
v -1.062500 22.375000 -3.812485
v 0.000000 22.312500 -3.874985
v 1.062500 22.375000 -3.687485
v 2.000000 22.687500 -3.249984
v 2.562500 22.937500 -2.624984
v 2.812500 23.187500 -1.687484
v 2.000000 23.375000 -0.562484
v 1.125000 23.437500 -0.187484
v 0.000000 23.437500 0.000016
v -1.187500 23.437500 -0.187484
v -1.187500 24.062500 -0.249984
v 0.000000 24.062500 0.000016
v 1.125000 24.062500 -0.187484
v 1.812500 24.062500 -0.562484
v 2.687500 23.750000 -1.687484
v 2.312500 23.625000 -2.562484
v 1.937500 23.562500 -3.062484
v 1.125000 23.500000 -3.499984
v 0.000000 23.437500 -3.749984
v -1.125000 23.500000 -3.562484
v -1.750000 23.625000 -3.124984
v -2.187500 23.687500 -2.874984
v 4.000000 2.562500 -0.687500
v 4.062500 1.937500 -1.250000
v 3.562500 1.937500 -1.312500
v 3.500000 2.625000 -0.937500
v 3.062500 2.687500 -0.687500
v 3.187500 1.937500 -1.000000
v 3.125000 1.312500 -1.687500
v 3.000000 1.312500 -1.062500
v 2.625000 1.937500 -0.250000
v 2.750000 1.312500 -0.375000
v 2.812500 0.625000 -1.187500
v 2.812500 0.687500 -0.375000
v 2.937500 0.125000 -0.312500
v 3.000000 0.125000 -1.187500
v 2.687500 0.562500 -2.375000
v 3.000000 0.812500 -2.625000
v 3.500000 1.312500 -2.000000
v 4.125000 1.375000 -1.875000
v 4.375000 1.375000 -1.500000
v 4.187500 1.937500 -1.000000
v 4.312500 1.937500 -0.312500
v 4.437500 1.375000 -0.375000
v 4.687500 0.750000 -1.250000
v 4.562500 0.750000 -0.312500
v 4.687500 0.125000 -1.187500
v 4.625000 0.125000 -0.375000
v 3.750000 0.125000 -1.250000
v 3.687500 0.125000 -0.375000
v 3.750000 0.125000 -2.312500
v 2.562500 0.125000 -2.375000
v 3.625000 0.125004 -3.500000
v 2.562500 0.125004 -3.625000
v 3.062500 0.125004 -4.062500
v 3.562500 0.125004 -4.125000
v 4.375000 0.125004 -3.875000
v 4.875000 0.125004 -3.125000
v 4.875000 0.125000 -2.125000
v 4.812500 0.687500 -2.125000
v 4.625000 0.937500 -2.437500
v 4.187500 0.875000 -2.875000
v 3.562500 0.875000 -2.937500
v 3.500000 0.625004 -3.937500
v 3.062500 0.687504 -3.812500
v 2.687500 0.750004 -3.437500
v 4.250000 0.687504 -3.687500
v 4.812500 0.687500 -3.000000
v 4.250000 2.562500 -0.187500
v 3.875000 2.625000 0.375000
v 4.000000 1.937500 0.375000
v 4.125000 1.375000 0.437500
v 4.312500 0.750000 0.500000
v 4.375000 0.125000 0.500000
v 3.687500 0.125000 1.187500
v 3.062500 0.125000 0.500000
v 3.000000 0.750000 0.500000
v 3.000000 1.375000 0.375000
v 3.000000 1.937500 0.312500
v 2.562500 2.750000 -0.125000
v 3.062500 2.687500 0.312500
v -5.750000 27.500000 -0.999984
v -5.687500 27.500000 -1.124980
v -5.125000 27.062500 -0.187484
v -5.312500 27.187500 -0.062484
v -5.000000 27.187500 0.562516
v -5.187500 27.187500 0.500016
v -5.125000 27.562500 1.562520
v -3.687500 28.937500 0.687520
v -3.812500 29.125000 1.375020
v -5.687500 28.125000 2.125020
v -4.125000 29.875000 1.625020
v -4.562500 30.437500 1.437520
v -6.437500 28.750000 1.875020
v -6.437500 28.562500 1.687520
v -5.750000 28.062500 1.937520
v -5.250000 27.562500 1.437520
v 2.312500 9.250000 -0.749995
v 1.812500 9.187500 0.250006
v 2.062500 9.312500 0.187508
v 2.312500 9.812500 -0.624992
v 2.062500 9.750000 0.187508
v 2.125000 10.500000 -0.437492
v 1.750000 10.437500 0.187508
v 1.937500 11.062500 -0.374992
v 1.625000 11.062500 0.000008
v 1.750000 11.812500 -0.562492
v 1.375000 11.812500 -0.249992
v 1.625000 12.562500 -0.687492
v 1.250000 12.562500 -0.437492
v 1.562500 12.937500 -0.874992
v 1.250000 13.375000 -0.624992
v 1.250000 13.875000 -1.062492
v 0.937500 15.625000 -0.812488
v 1.125000 15.625000 -1.312490
v 1.437500 13.750000 -1.812492
v 1.187500 15.500000 -2.187488
v 2.125000 13.750000 -2.062492
v 1.750000 15.500000 -2.437488
v 2.500000 13.687500 -2.249992
v 2.250000 15.437500 -2.749988
v 3.187500 15.500000 -2.249988
v 3.375000 13.750000 -1.749992
v 3.250000 13.000000 -1.499992
v 3.750000 13.937500 -0.624992
v 3.812500 13.312500 -0.562492
v 3.750000 12.812500 -0.437492
v 3.375000 13.812500 0.312508
v 3.500000 12.875000 0.375008
v 2.375000 13.750000 0.875008
v 2.562500 12.812500 0.875008
v 1.687500 13.562500 0.312508
v 1.812500 12.750000 0.375008
v 1.937500 12.000000 0.437508
v 2.125000 11.125000 0.687508
v 2.187500 10.375000 1.000008
v 2.250000 9.937500 1.187508
v 2.312500 9.312500 1.250008
v 2.312500 8.562500 1.187504
v 1.875000 8.562500 0.125004
v 2.500000 6.812500 1.000004
v 2.125000 6.812500 0.125004
v 2.875000 4.312500 0.500004
v 2.562500 4.312500 0.000004
v 3.375000 4.187500 0.812504
v 3.500000 2.625000 0.625000
v 3.875000 4.125000 0.500004
v 4.125000 4.062500 0.000004
v 4.562500 6.625000 0.125004
v 4.125000 6.687500 1.000004
v 3.375000 6.750000 1.375004
v 3.312500 8.437500 1.625004
v 3.250000 9.250000 1.687508
v 3.125000 10.000000 1.687508
v 3.000000 10.500000 1.437508
v 2.875000 11.187500 1.125008
v 2.687500 12.062500 0.875008
v 3.562500 12.062500 0.500008
v 4.000000 11.875000 -0.249992
v 3.187500 12.562500 -1.249992
v 2.562500 13.000000 -2.062492
v 2.250000 13.062500 -1.749992
v 1.687500 13.000000 -1.499992
v 2.000000 12.500000 -1.187492
v 2.000000 11.750000 -0.874992
v 2.187500 11.000000 -0.687492
v 2.562500 10.437500 -0.937492
v 3.062500 9.937500 -1.062492
v 3.187500 9.250000 -1.187492
v 2.312500 8.437500 -0.812496
v 2.500000 6.812500 -0.812496
v 2.812500 4.312500 -0.624996
v 3.375000 4.187500 -0.937496
v 3.875000 4.125000 -0.624996
v 4.125000 6.687500 -0.812496
v 3.375000 6.750000 -1.249996
v 3.312500 8.312500 -1.374996
v 4.250000 8.250000 -0.812496
v 4.750000 8.312500 0.187504
v 4.250000 8.312500 1.187504
v 4.250000 9.250000 1.187508
v 3.687500 10.000000 1.437508
v 3.750000 10.687500 1.375008
v 3.687500 11.125000 0.687508
v 4.000000 11.062500 0.000008
v 4.000000 10.625000 0.125008
v 3.437500 11.062500 -0.624992
v 3.750000 10.437500 -0.562492
v 3.250000 10.437500 -0.874992
v 3.375000 10.937500 -1.124992
v 2.937500 10.437500 -1.312492
v 2.375000 10.937500 -1.124992
v 2.187500 11.750000 -1.312492
v 2.312500 12.687500 -1.312492
v 2.625000 12.625000 -1.624992
v 2.812500 11.750000 -1.624992
v 2.875000 10.875000 -1.374992
v 3.312500 11.750000 -1.312492
v 3.437500 11.812500 -0.874992
v 3.937500 9.937500 -0.624992
v 4.187500 9.250000 -0.749995
v 4.625000 9.187500 0.187504
v 4.250000 10.000000 1.187508
v 4.187500 10.687500 1.062508
v 4.312500 10.312500 0.250008
v 4.500000 10.000000 0.250008
v 1.312500 15.750000 0.312512
v 0.250000 18.250000 -0.937488
v 0.750000 18.312500 0.500012
v 2.125000 15.812500 0.875012
v 3.125000 15.750000 0.312512
v 3.687500 15.625000 -0.812488
v 3.625000 18.250000 -0.937488
v 2.875000 18.375000 0.500012
v 1.812500 18.437500 1.125012
v -2.375000 9.250000 -0.749995
v -2.062500 9.312500 0.187508
v -1.812500 9.187500 0.250006
v -2.312500 8.437500 -0.812496
v -1.875000 8.562500 0.125004
v -2.562500 6.812500 -0.812496
v -2.125000 6.812500 0.125004
v -2.937500 4.312500 -0.624996
v -2.625000 4.312500 0.000004
v -2.687500 2.750000 -0.125000
v -3.187500 2.687500 -0.687500
v -3.437500 4.187500 -0.937496
v -3.625000 2.625000 -0.937500
v -3.937500 4.125000 -0.624996
v -4.062500 2.562500 -0.687500
v -4.312500 2.562500 -0.187500
v -4.187500 4.062500 0.000004
v -4.562500 6.625000 0.125004
v -4.187500 6.687500 -0.812496
v -3.375000 6.750000 -1.249996
v -3.312500 8.312500 -1.374996
v -3.187500 9.250000 -1.187492
v -2.312500 9.812500 -0.624992
v -2.062500 9.750000 0.187508
v -2.187500 10.500000 -0.437492
v -1.750000 10.437500 0.187508
v -1.937500 11.062500 -0.374992
v -1.625000 11.062500 0.000008
v -1.750000 11.812500 -0.562492
v -1.375000 11.812500 -0.249992
v -1.625000 12.562500 -0.687492
v -1.250000 12.562500 -0.437492
v -1.562500 12.937500 -0.874992
v -1.250000 13.375000 -0.624992
v -1.250000 13.875000 -1.062492
v -1.437500 13.750000 -1.812492
v -1.625000 13.000000 -1.499992
v -1.937500 12.500000 -1.187492
v -2.000000 11.750000 -0.874992
v -2.187500 11.000000 -0.687492
v -2.562500 10.437500 -0.937492
v -3.062500 9.937500 -1.062492
v -4.187500 9.250000 -0.749995
v -4.250000 8.250000 -0.812496
v -4.750000 8.312500 0.187504
v -4.625000 9.187500 0.187504
v -4.250000 8.312500 1.187504
v -4.187500 6.687500 1.000004
v -3.937500 4.125000 0.500004
v -4.000000 2.625000 0.375000
v -3.437500 4.187500 0.812504
v -3.562500 2.625000 0.625000
v -2.937500 4.312500 0.500004
v -3.125000 2.687500 0.312500
v -2.562500 6.812500 1.000004
v -2.312500 8.562500 1.187504
v -2.312500 9.312500 1.250008
v -2.312500 9.937500 1.187508
v -2.187500 10.375000 1.000008
v -2.125000 11.125000 0.687508
v -1.937500 12.000000 0.437508
v -1.812500 12.750000 0.375008
v -1.687500 13.562500 0.312508
v -2.562500 12.812500 0.875008
v -2.375000 13.750000 0.875008
v -3.500000 12.875000 0.375008
v -3.375000 13.812500 0.312508
v -3.812500 13.312500 -0.562492
v -3.750000 13.937500 -0.624992
v -3.375000 13.750000 -1.749992
v -3.687500 15.625000 -0.812488
v -3.187500 15.500000 -2.249988
v -3.625000 18.250000 -0.937488
v -2.937500 18.312500 -2.437488
v -2.250000 15.437500 -2.749988
v -1.875000 18.187500 -3.062488
v -1.750000 15.500000 -2.437488
v -0.750000 18.187500 -2.124988
v -1.125000 15.500000 -2.187488
v -2.062500 13.750000 -2.062492
v -2.250000 13.062500 -1.749992
v -2.312500 12.687500 -1.312492
v -2.187500 11.750000 -1.312492
v -2.375000 10.937500 -1.124992
v -2.937500 10.437500 -1.312492
v -3.250000 10.437500 -0.874992
v -4.000000 9.937500 -0.624992
v -4.500000 10.000000 0.250008
v -4.250000 9.250000 1.187508
v -3.312500 8.437500 1.625004
v -3.375000 6.750000 1.375004
v -3.250000 9.250000 1.687508
v -3.687500 10.000000 1.437508
v -4.250000 10.000000 1.187508
v -4.312500 10.312500 0.250008
v -3.750000 10.437500 -0.562492
v -3.437500 11.062500 -0.624992
v -3.375000 10.937500 -1.124992
v -2.875000 10.875000 -1.374992
v -2.812500 11.750000 -1.624992
v -2.625000 12.625000 -1.624992
v -2.562500 13.000000 -2.062492
v -2.500000 13.687500 -2.249992
v -3.250000 13.000000 -1.499992
v -3.750000 12.812500 -0.437492
v -3.562500 12.062500 0.500008
v -2.687500 12.062500 0.875008
v -2.875000 11.187500 1.125008
v -3.000000 10.500000 1.437508
v -3.125000 10.000000 1.687508
v -3.750000 10.687500 1.375008
v -3.687500 11.125000 0.687508
v -4.000000 11.875000 -0.249992
v -3.187500 12.562500 -1.249992
v -3.312500 11.750000 -1.312492
v -3.437500 11.812500 -0.874992
v -4.000000 11.062500 0.000008
v -4.000000 10.625000 0.125008
v -4.187500 10.687500 1.062508
v 3.625000 0.750000 1.125000
v 3.562500 1.375000 1.000000
v 3.562500 1.937500 0.812500
v -3.125000 0.750000 0.500000
v -3.187500 0.125000 0.500000
v -3.062500 0.125000 -0.312500
v -2.937500 0.687500 -0.375000
v -3.125000 0.125000 -1.187500
v -2.937500 0.625000 -1.187500
v -2.687500 0.125000 -2.375000
v -2.812500 0.562500 -2.375000
v -2.687500 0.125004 -3.625000
v -2.812500 0.750004 -3.437500
v -3.187500 0.125004 -4.062500
v -3.187500 0.687504 -3.812500
v -3.687500 0.125004 -4.125000
v -3.625000 0.625004 -3.937500
v -4.500000 0.125004 -3.875000
v -4.375000 0.687504 -3.687500
v -5.062500 0.125004 -3.125000
v -3.750000 0.125004 -3.500000
v -3.875000 0.125000 -2.312500
v -3.875000 0.125000 -1.250000
v -3.812500 0.125000 -0.375000
v -3.812500 0.125000 1.187500
v -4.750000 0.125000 -0.375000
v -4.500000 0.125000 0.500000
v -4.687500 0.750000 -0.312500
v -4.437500 0.750000 0.500000
v -4.562500 1.375000 -0.375000
v -4.250000 1.375000 0.437500
v -4.437500 1.937500 -0.312500
v -4.125000 1.937500 0.375000
v -4.250000 1.937500 -1.000000
v -4.125000 1.937500 -1.250000
v -3.625000 1.937500 -1.312500
v -3.250000 1.937500 -1.000000
v -2.750000 1.937500 -0.250000
v -3.125000 1.937500 0.312500
v -2.875000 1.312500 -0.375000
v -3.125000 1.375000 0.375000
v -3.125000 1.312500 -1.062500
v -3.125000 0.812500 -2.625000
v -3.625000 0.875000 -2.937500
v -4.312500 0.875000 -2.875000
v -4.937500 0.687500 -3.000000
v -5.000000 0.125000 -2.125000
v -4.812500 0.125000 -1.187500
v -4.812500 0.750000 -1.250000
v -4.500000 1.375000 -1.500000
v -4.250000 1.375000 -1.875000
v -3.625000 1.312500 -2.000000
v -3.187500 1.312500 -1.687500
v -4.750000 0.937500 -2.437500
v -4.937500 0.687500 -2.125000
v -3.750000 0.750000 1.125000
v -3.687500 1.375000 1.000000
v -3.625000 1.937500 0.812500
v 0.250000 35.250000 -2.499976
v 0.187500 35.250000 -2.437476
v 0.250000 35.500000 -2.437476
v 0.312500 35.437500 -2.562476
v 0.500000 35.562500 -2.437476
v 0.562500 35.562500 -2.499976
v 0.750000 35.437500 -2.312476
v 0.750000 35.437500 -2.437476
v 0.875000 35.250000 -2.249976
v 0.875000 35.187500 -2.374976
v 0.750000 35.000000 -2.249976
v 0.750000 35.000000 -2.374976
v 0.500000 34.937500 -2.312476
v 0.500000 34.937500 -2.437476
v 0.250000 35.000000 -2.374976
v 0.312500 35.062500 -2.499976
v 0.312500 35.250000 -2.624976
v 0.437500 35.375000 -2.624976
v 0.562500 35.437500 -2.624976
v 0.750000 35.375000 -2.562476
v 0.812500 35.250000 -2.499976
v 0.750000 35.062500 -2.499976
v 0.562500 35.000000 -2.562476
v 0.375000 35.062500 -2.624976
v 0.437500 35.250000 -2.687476
v 0.500000 35.312500 -2.687476
v 0.625000 35.375000 -2.687476
v 0.687500 35.312500 -2.624976
v 0.687500 35.187500 -2.624976
v 0.687500 35.125000 -2.624976
v 0.562500 35.125000 -2.624976
v 0.500000 35.125000 -2.687476
v 0.562500 35.250000 -2.687476
v 0.000000 24.062500 0.250016
v -1.625000 24.062500 -0.187484
v -2.062500 22.562500 0.750016
v 0.000000 22.562500 1.500016
v -2.187500 21.500000 1.125012
v 0.000000 21.562500 1.937512
v -2.312500 20.000000 1.500012
v 0.000000 20.125000 2.312512
v -2.375000 18.250000 1.875012
v 0.000000 18.312500 2.687512
v 0.000000 15.624996 3.312512
v -2.750000 15.437500 2.625012
v -2.812500 18.187500 1.312512
v -3.062500 19.937500 0.500012
v 2.375000 21.500000 1.125012
v 3.750000 21.312500 -0.937488
v 3.312500 22.437500 -1.187484
v 2.187500 22.562500 0.750016
v 2.687500 23.875000 -1.687484
v 1.625000 24.062500 -0.187484
v 4.750000 14.875000 -0.187492
v 3.937500 14.312500 -2.562492
v 3.625000 17.375000 -2.624988
v 4.312500 17.812500 -0.437488
v 3.375000 19.312500 -2.812488
v 4.062500 19.687500 -0.749988
v -1.375000 22.187500 -3.999985
v -1.625000 20.875000 -4.124987
v -2.500000 22.500000 -3.124985
v -2.125000 23.687500 -2.937484
v -2.625000 23.875000 -1.687484
v -1.125000 23.500000 -3.624984
v -1.000000 19.062500 -4.374987
v 0.000000 20.875000 -4.499987
v 0.000000 19.062500 -4.749987
v 1.625000 20.875000 -4.124987
v 1.750000 19.125000 -4.187487
v -3.312500 21.125000 -0.437488
v -3.500000 21.750000 -1.312484
v -3.187500 22.437500 -1.249984
v 2.750000 15.437500 2.625012
v 2.562500 18.250000 1.875012
v 2.500000 20.000000 1.500012
v 0.000000 22.187500 -4.312484
v 1.375000 22.187500 -4.062484
v 1.125000 23.500000 -3.687484
v 2.750000 22.312500 -3.062485
v 2.187500 23.562500 -2.937484
v 0.000000 23.437500 -3.812484
v -0.250000 13.812504 -5.124991
v -0.625000 17.000000 -4.624988
v 0.000000 17.000000 -4.812488
v 0.000000 13.812504 -5.187491
v 1.937500 13.750004 -4.624991
v 1.812500 17.000000 -4.249988
v 1.937500 32.000000 1.312520
v 2.250000 31.437500 1.625020
v 2.250000 32.062500 1.125020
v 2.875000 30.937500 -1.187480
v 2.437500 31.062500 -1.374980
v 2.812500 31.687500 -0.749980
v 2.250000 30.437500 1.687520
v 1.812500 31.187500 2.062520
v 2.125000 30.437500 1.875020
v 4.000000 30.687500 1.875020
v 3.062500 30.687500 1.625020
v 3.250000 31.437500 1.437520
v 3.062500 30.250000 1.812520
v 2.687500 30.375000 1.562520
v 2.062500 31.375000 -1.249980
v 1.812500 31.937500 -1.437480
v 2.000000 31.250000 -1.624980
v 2.000000 32.000000 -0.624980
v 1.750000 32.687500 -0.749980
v 1.875000 32.250000 -0.124980
v 1.687500 32.812500 -0.062480
v 1.875000 32.437500 0.500020
v 1.687500 32.750000 0.625020
v 1.687500 32.125000 1.750020
v 1.625000 32.500000 1.312520
v 2.312500 30.375000 1.937520
v 2.125000 29.500000 1.562520
v 2.062500 29.312500 1.937520
v 2.312500 30.437500 2.312520
v 2.375000 29.187500 2.187520
v 2.625000 30.375000 2.500020
v 2.937500 29.187500 1.875020
v 3.000000 30.375000 2.312520
v 3.312500 29.187500 1.500020
v 3.187500 30.375000 2.062520
v 3.000000 29.312500 1.312520
v 2.812500 31.187500 -1.874980
v 2.625000 31.750000 -1.499980
v 2.562500 31.187500 -1.687480
v 2.687500 31.875000 -1.687480
v 2.875000 32.500000 -0.749980
v 2.750000 32.687500 -0.812480
v 2.500000 32.000000 -1.812480
v 2.562500 32.812500 -0.749980
v 2.312500 32.062500 -1.812480
v 2.375000 32.750000 -0.749980
v 2.062500 32.000000 -1.687480
v 2.312500 32.562500 -0.687480
v 2.187500 31.875000 -1.499980
v 1.875000 31.250000 -2.249980
v 1.937500 31.125000 -1.562480
v 2.750000 31.250000 -2.124980
v 2.500000 31.250000 -2.249980
v 2.250000 31.250000 -2.312480
v 1.750000 30.312500 -2.812480
v 1.687500 30.125000 -2.624980
v 1.625000 29.625000 -3.624980
v 1.562500 29.500000 -3.437480
v 1.500000 29.000000 -3.999980
v 1.437500 29.000000 -3.999980
v 1.375000 28.375000 -4.249980
v 1.375000 28.625000 -3.999980
v 1.375000 28.312500 -3.874980
v 2.750000 30.125000 -1.812480
v 2.875000 30.125000 -2.062480
v 2.937500 29.375000 -2.124980
v 2.937500 29.437500 -2.187480
v 2.812500 28.750000 -2.312480
v 2.937500 28.750000 -2.312480
v 2.500000 27.625000 -2.562480
v 3.000000 27.875000 -2.249980
v 2.625000 27.437500 -2.562480
v 3.062500 27.187500 -2.437480
v 2.687500 27.062500 -2.499984
v 3.062500 26.187500 -2.687484
v 2.500000 26.125000 -2.624984
v 3.000000 25.250000 -2.812484
v 2.250000 25.312500 -2.749984
v 2.875000 24.687500 -2.937484
v 2.125000 24.562500 -2.937484
v 2.625000 24.312500 -3.124984
v 2.250000 24.187500 -3.124984
v 2.187500 23.812500 -3.374984
v 2.062500 23.625000 -3.312484
v 2.375000 24.250000 -2.749984
v 2.312500 24.625000 -2.624984
v 2.750000 24.562500 -1.687484
v 2.500000 24.812500 -1.624984
v 2.312500 24.687500 -0.374984
v 1.875000 24.875000 -0.437484
v 2.125000 24.687500 -0.249984
v 2.625000 24.625000 0.062516
v 2.125000 25.437500 -0.437484
v 2.687500 25.250000 0.250016
v 2.062500 26.125000 -0.249984
v 3.125000 26.125000 0.625016
v 2.187500 26.937500 0.000016
v 3.187500 26.625000 0.750016
v 2.250000 27.437500 0.250016
v 3.187500 27.125000 0.812516
v 2.375000 28.312500 0.687520
v 3.312500 28.062500 1.125020
v 2.875000 28.187500 1.687520
v 2.187500 28.250000 1.937520
v 1.500000 28.250000 1.562520
v 1.375000 28.250000 1.187520
v 1.312500 27.812500 0.937520
v 1.187500 27.187500 1.250016
v 1.187500 27.312500 0.687516
v 0.875000 26.500000 1.062516
v 0.687500 26.562500 0.437516
v 0.312500 25.937500 0.937516
v -0.062500 25.625000 0.312516
v -0.250000 25.562500 0.562516
v 0.562500 24.937500 0.812516
v -0.250000 24.812500 0.562516
v 0.937500 24.625000 0.937516
v -0.187500 24.437500 0.875016
v 1.125000 24.125000 0.062516
v -0.187500 24.125000 0.250016
v 1.625000 24.062500 -0.374984
v 1.750000 23.375000 -0.499984
v 2.625000 23.875000 -1.687484
v 2.750000 23.187500 -1.687484
v 2.187500 23.562500 -2.812484
v 2.250000 22.875000 -2.999984
v 1.125000 23.500000 -3.562484
v 1.062500 22.375000 -3.624985
v 0.000000 22.312500 -3.812485
v -1.062500 22.375000 -3.624985
v -2.250000 22.875000 -2.999984
v -2.812500 23.187500 -1.687484
v 1.125000 23.562500 -3.624984
v 2.437500 23.750000 -2.812484
v 2.875000 24.062500 -1.687484
v 2.187500 24.187500 -0.312484
v 1.875000 24.187500 -0.249984
v 1.937500 24.312500 -0.124984
v 1.875000 24.687500 0.937516
v 1.312500 25.187500 1.062516
v 1.312500 26.187500 1.312516
v 1.562500 26.687500 1.437516
v 1.812500 27.250000 1.500016
v 2.687500 27.187500 1.500016
v 2.625000 26.750000 1.437516
v 2.562500 26.250000 1.437516
v 2.062500 25.250000 1.125016
v -1.125000 25.187500 0.000016
v -1.562500 25.750000 0.437516
v -1.875000 25.125000 -0.437484
v -2.312500 25.625000 0.000016
v -2.937500 25.687500 -0.437484
v -2.562500 24.875000 -1.624984
v -3.187500 25.562500 -1.499984
v -3.187500 25.500000 -2.437484
v -2.562500 24.875000 -2.187484
v -2.937500 25.312500 -3.624984
v -2.312500 24.812500 -2.687484
v -1.562500 24.625000 -3.562484
v -2.125000 25.187500 -4.312484
v -1.125000 24.750000 -3.999984
v -1.187500 25.187500 -4.687484
v -0.562500 24.750000 -4.187484
v -0.500000 25.375000 -4.874984
v 0.000000 24.937500 -4.249984
v 0.000000 25.750000 -4.937484
v 0.375000 25.375000 -4.249984
v 0.562500 25.750000 -4.312484
v 0.375000 26.250000 -4.812484
v 0.625000 26.187500 -4.374984
v 0.687500 26.937500 -4.687484
v 0.937500 26.937500 -4.187484
v 1.062500 27.750000 -4.374984
v 1.125000 27.562500 -3.999980
v -1.500000 25.500000 0.562516
v -1.375000 24.812500 0.375016
v -1.375000 24.437500 0.562516
v -1.250000 24.125000 0.062516
v -1.625000 24.062500 -0.374984
v -1.750000 23.375000 -0.499984
v -2.250000 24.062500 -0.374984
v -2.125000 24.375000 0.250016
v -2.187500 24.750000 0.125016
v -2.375000 25.375000 0.125016
v -3.062500 25.250000 -0.374984
v -3.250000 25.000000 -1.499984
v -3.125000 24.750000 -2.687484
v -2.750000 24.500000 -3.812484
v -1.625000 24.250000 -4.562484
v -0.562500 24.312500 -4.937484
v 0.125000 24.625000 -4.999984
v 0.875000 25.187500 -4.874984
v 1.875000 25.875000 -4.687484
v 2.000000 26.750000 -4.624984
v 2.000000 27.625000 -4.437484
v 2.000000 28.250000 -4.249980
v 2.062500 28.937500 -3.874980
v 2.125000 29.625000 -3.437480
v 2.187500 30.312500 -2.749980
v 2.500000 30.250000 -2.562480
v 2.812500 30.187500 -2.374980
v 2.937500 29.500000 -2.624980
v 2.937500 28.812500 -2.749980
v 2.875000 28.062500 -2.812480
v 2.937500 27.312500 -2.999980
v 2.937500 26.312500 -3.187484
v 2.812500 25.375000 -3.374984
v 2.625000 24.812500 -3.562484
v 2.375000 24.437500 -3.812484
v 1.875000 24.000000 -3.937484
v 1.250000 23.625000 -3.749984
v 0.125000 22.875000 -3.999984
v -1.062500 22.812500 -4.124984
v -2.062500 23.062500 -3.562484
v -2.562500 23.437500 -2.999984
v -2.937500 24.000000 -1.499984
v -2.812500 24.312500 -0.249984
v -2.750000 24.562500 -0.312484
v -3.000000 24.562500 -1.562484
v -2.812500 24.187500 -2.812484
v -2.312500 24.000000 -3.562484
v -1.312500 23.812500 -4.062484
v 0.125000 23.937500 -4.249984
v 1.375000 24.625000 -4.624984
v 1.687500 25.125000 -4.687484
v 2.312500 25.500000 -3.687484
v 2.500000 26.500000 -3.562484
v 2.687500 27.437500 -3.437480
v 2.625000 28.125000 -3.374980
v 2.562500 28.875000 -3.124980
v 2.500000 29.562500 -2.937480
v 2.125000 25.000000 -3.812484
v 1.687500 24.562500 -3.999984
v 1.187500 24.125000 -4.062484
v 1.187500 23.875000 -4.124984
v 0.000000 23.312500 -4.374984
v -1.187500 23.125000 -4.374984
v -2.375000 23.437500 -3.749984
v -3.000000 23.625000 -2.937484
v -3.187500 24.187500 -1.562484
v 2.937500 18.312500 -2.437488
v 1.875000 18.187500 -3.062488
v 0.750000 18.187500 -2.124988
v 0.750000 19.500000 -2.249988
v 0.187500 19.687500 -0.812488
v 0.375000 19.687500 -2.312488
v 0.125000 20.250000 -0.874988
v 0.000000 19.625000 -2.437488
v 0.000000 20.062500 -0.812488
v -0.375000 19.687500 -2.312488
v -0.125000 20.250000 -0.874988
v -0.187500 19.687500 -0.812488
v -0.750000 19.500000 -2.249988
v -0.250000 18.250000 -0.937488
v -0.937500 15.625000 -0.812488
v -1.062500 15.625000 -1.312490
v 2.375000 32.687500 -0.124980
v 2.562500 32.625000 0.562520
v 2.625000 32.812500 0.562520
v 2.500000 32.875000 -0.124980
v 2.750000 32.812500 0.562520
v 2.687500 32.937500 -0.124980
v 2.937500 32.750000 0.562520
v 2.812500 32.812500 -0.187480
v 3.062500 32.562500 0.562520
v 2.937500 32.625000 -0.124980
v -3.750000 29.062500 -0.249980
v -4.062500 29.312500 -0.999980
v -6.250000 28.000000 -1.374980
v -6.312500 27.937500 -1.187480
v -6.875000 28.437500 -1.187480
v -6.812500 28.375000 -1.062480
v -7.062500 28.875000 -0.437480
v -6.937500 28.750000 -0.374980
v -7.000000 28.875000 0.500020
v -7.125000 29.062500 0.500020
v -5.312500 30.750000 0.625020
v -5.250000 30.750000 -0.187480
v -4.937500 30.437500 -0.937480
v -4.437500 29.812500 -1.249980
v 3.250000 29.500000 1.312520
v 3.187500 30.375000 1.562520
v 3.812500 31.125000 1.437520
v 3.937500 31.625000 1.062520
v 3.250000 31.812500 1.125020
v 4.125000 31.812500 0.500020
v 2.937500 32.125000 0.625020
v 4.062500 31.750000 -0.124980
v 2.750000 32.062500 -0.062480
v 3.937500 31.437500 -0.749980
v 3.625000 30.687500 -1.124980
v 3.437500 30.125000 -1.187480
v 3.000000 30.125000 -1.374980
v 3.375000 29.687500 -0.812480
v 2.937500 29.625000 -0.999980
v 3.312500 29.500000 -0.437480
v 3.000000 29.312500 -0.437480
v 3.312500 29.250000 0.625020
v 2.937500 29.125000 0.625020
v 3.937500 29.250000 1.250020
v 4.437500 29.750000 1.625020
v 4.812500 30.312500 1.375020
v 5.187500 30.500000 1.000020
v 5.375000 30.625000 0.437520
v 5.375000 30.500000 -0.437480
v 5.062500 30.187500 -0.999980
v 4.562500 29.687500 -1.249980
v 4.187500 29.250000 -1.062480
v 3.937500 29.000000 -0.499980
v 3.687500 28.875000 0.625020
v -3.125000 29.500000 1.312520
v -2.500000 29.312500 1.375020
v -2.187500 30.437500 1.562520
v -3.062500 30.437500 1.562520
v -2.375000 31.562500 1.687520
v -3.437500 31.312500 1.562520
v -2.625000 32.000000 1.187520
v -3.437500 31.812500 1.187520
v -2.875000 32.312500 0.625020
v -4.000000 31.937500 0.625020
v -5.062500 30.687500 1.125020
v -3.250000 29.250000 0.625020
v -2.875000 28.937500 0.687520
v -3.437500 29.375000 -0.187480
v -3.062500 29.187500 -0.312480
v -3.437500 29.500000 -0.687480
v -3.125000 29.437500 -1.187480
v -3.500000 30.000000 -1.249980
v -3.125000 30.062500 -1.499980
v -3.687500 30.687500 -1.187480
v -2.937500 31.000000 -1.187480
v -3.875000 31.500000 -0.749980
v -2.875000 31.687500 -0.687480
v -4.000000 31.875000 -0.124980
v -2.812500 32.125000 -0.124980
v -1.812500 19.375000 -2.937488
v -2.875000 19.562500 -2.249988
v -3.437500 19.812500 -0.812488
v -2.875000 18.375000 0.500012
v -3.125000 15.750000 0.312512
v -2.125000 15.812500 0.875012
v -1.312500 15.750000 0.312512
v -0.750000 18.312500 0.500012
v -0.562500 20.062500 1.187512
v -0.312500 20.875000 1.375012
v 0.000000 20.937500 0.687512
v 0.312500 20.875000 1.375012
v 0.500000 20.062500 1.187512
v 1.625000 20.000000 1.562512
v 2.625000 19.937500 0.625012
v 3.437500 19.812500 -0.812488
v 2.875000 19.562500 -2.249988
v 1.812500 19.375000 -2.937488
v 0.937500 19.937500 -2.937488
v 0.500000 19.750000 -3.187488
v 0.000000 19.750000 -3.374988
v -0.500000 19.750000 -3.187488
v -1.000000 19.937500 -2.937488
v -1.812500 19.875000 -2.812488
v -3.000000 20.250000 -2.187488
v -3.250000 20.625000 -0.937488
v -2.625000 19.937500 0.625012
v -1.812500 18.437500 1.125012
v -1.625000 20.000000 1.562512
v -2.562500 20.937500 0.500012
v -3.125000 21.375000 -1.124988
v -2.812500 20.750000 -2.249988
v -1.937500 20.375000 -2.874988
v -2.375000 21.312500 -2.874985
v -3.062500 22.312500 -1.499984
v -2.312500 22.625000 -0.312484
v -1.375000 22.625000 0.125016
v 0.000000 22.625000 0.437516
v 1.375000 22.625000 0.125016
v 2.312500 22.625000 -0.312484
v 2.375000 21.312500 -2.874985
v 1.125000 20.750000 -3.312488
v 0.750000 20.625000 -3.499988
v 0.000000 20.625000 -3.749988
v -0.750000 20.625000 -3.499988
v -1.125000 20.750000 -3.312488
v -1.500000 21.062500 1.312512
v -2.500000 21.687500 0.125016
v -1.437500 21.812500 0.687516
v 0.000000 21.937500 0.937516
v 1.500000 21.062500 1.312512
v 2.562500 20.937500 0.500012
v 3.250000 20.625000 -0.937488
v 3.000000 20.250000 -2.187488
v 1.812500 19.875000 -2.812488
v 1.937500 20.375000 -2.874988
v 2.812500 20.750000 -2.249988
v 3.125000 21.375000 -1.124988
v 2.500000 21.687500 0.125016
v 1.437500 21.812500 0.687516
v 3.875000 29.937500 1.062520
v 4.437500 29.875000 1.125020
v 3.687500 29.437500 0.500020
v 3.875000 29.625000 -0.374980
v 4.125000 29.812500 -0.687480
v 4.687500 30.000000 -0.874980
v 5.000000 30.250000 -0.437480
v 5.500000 30.187500 0.312520
v 4.687500 30.125000 1.000020
v -4.187500 29.437500 0.937520
v -4.375000 30.187500 1.125020
v -4.687500 30.562500 0.750020
v -5.312500 30.562500 0.312520
v -4.812500 30.750000 -0.374980
v -4.562500 30.000000 -0.812480
v -4.250000 29.687500 -0.624980
v -4.125000 29.375000 -0.312480
v -3.875000 29.437500 0.500020
v 2.562500 32.375000 1.250020
v 2.625000 32.437500 1.375020
v 2.875000 32.500000 1.437520
v 3.062500 32.375000 1.375020
v 3.125000 32.312500 1.187520
v 3.187500 31.937500 1.812520
v 3.187500 31.875000 1.687520
v 3.187500 30.812500 2.062520
v 3.250000 30.812500 1.937520
v 3.000000 30.812500 2.250020
v 2.687500 30.875000 2.375020
v 2.437500 30.937500 2.250020
v 2.312500 31.000000 2.000020
v 2.562500 32.062500 2.000020
v 2.500000 31.937500 1.687520
v 2.812500 32.062500 2.062520
v 3.062500 32.000000 1.875020
v -6.875000 28.750000 1.312520
v -6.937500 28.937500 1.375020
v 6.312500 28.062500 -1.374980
v 6.812500 28.500000 -1.187480
v 7.187500 28.750000 -0.499980
v 7.250000 28.937500 0.500020
v 7.125000 28.875000 1.375020
v 7.250000 28.812500 0.500020
v 7.125000 28.625000 -0.374980
v 6.812500 28.375000 -1.062480
v 6.312500 28.000000 -1.187480
v 5.687500 27.500000 -1.124980
v 5.250000 27.125000 -0.499984
v 4.937500 27.125000 0.562516
v 5.187500 27.500000 1.562520
v 5.937500 28.187500 2.125020
v 6.562500 28.687500 1.875020
v 7.062500 28.687500 1.312520
v 6.562500 28.562500 1.687520
v 6.000000 28.062500 1.937520
v 5.375000 27.437500 1.437516
v 5.062500 27.125000 0.500016
v 5.312500 27.187500 -0.312484
v 5.812500 27.500000 -0.999984
v -0.312500 35.437500 -2.562476
v -0.250000 35.500000 -2.437476
v -0.187500 35.250000 -2.374976
v -0.250000 35.250000 -2.499976
v -0.250000 35.000000 -2.374976
v -0.312500 35.062500 -2.499976
v -0.500000 34.937500 -2.312476
v -0.500000 34.937500 -2.437476
v -0.750000 35.000000 -2.249976
v -0.750000 35.000000 -2.374976
v -0.875000 35.250000 -2.249976
v -0.875000 35.187500 -2.437476
v -0.812500 35.437500 -2.312476
v -0.750000 35.437500 -2.437476
v -0.500000 35.562500 -2.437476
v -0.562500 35.562500 -2.562476
v -0.437500 35.375000 -2.624976
v -0.312500 35.250000 -2.624976
v -0.375000 35.062500 -2.624976
v -0.562500 35.000000 -2.562476
v -0.750000 35.062500 -2.499976
v -0.812500 35.250000 -2.499976
v -0.750000 35.375000 -2.562476
v -0.562500 35.437500 -2.624976
v -0.500000 35.312500 -2.687476
v -0.437500 35.250000 -2.687476
v -0.500000 35.125000 -2.687476
v -0.562500 35.125000 -2.624976
v -0.687500 35.125000 -2.624976
v -0.687500 35.187500 -2.624976
v -0.687500 35.312500 -2.624976
v -0.562500 35.375000 -2.687476
v -0.562500 35.250000 -2.687476
v 3.125000 21.062500 -2.937488
v 4.375000 31.625000 1.562520
v 4.375000 32.062500 1.125020
v 4.437500 32.312500 0.375020
v 4.437500 32.312500 -0.249980
v 4.312500 32.250000 -0.874980
v 3.875000 31.500000 -1.624980
v 3.000000 31.125000 -1.687480
v 3.500000 31.812500 1.625020
v 3.500000 32.187500 1.187520
v 3.500000 32.437500 0.437520
v 2.125000 32.625000 -0.624980
v 2.312500 32.875000 -0.687480
v 2.562500 32.937500 -0.749980
v 2.875000 32.812500 -0.749980
v 2.937500 32.500000 -0.687480
v 3.437500 32.375000 -0.812480
v 3.125000 31.625000 -1.562480
v 3.500000 32.500000 -0.187480
v 2.937500 32.562500 -0.499980
v 2.875000 32.812500 -0.499980
v 2.625000 33.000000 -0.499980
v 2.375000 32.937500 -0.437480
v 2.187500 32.687500 -0.374980
v 1.312500 32.500000 0.625020
v 0.687500 32.500000 0.937520
v 1.000000 31.937500 1.437520
v 0.000000 32.437500 1.062520
v 0.000000 31.750000 1.562520
v 1.187500 31.250000 1.750020
v 1.312500 30.250000 1.625020
v 1.375000 29.312500 1.625020
v 0.000000 28.250000 1.500020
v 0.000000 27.687500 1.187520
v 0.000000 26.875000 0.812516
v 0.000000 29.250000 1.750020
v 0.000000 30.062500 1.687520
v 0.000000 31.125000 1.750020
v 1.187500 31.125000 -1.749980
v 1.312500 30.187500 -2.812480
v 1.375000 29.562500 -3.562480
v 0.625000 29.000000 -4.187480
v 0.625000 28.687500 -4.312480
v 0.625000 28.375000 -4.249980
v 0.562500 27.687500 -4.187484
v 0.562500 26.937500 -4.312484
v 0.000000 26.250000 -4.562484
v 0.000000 27.062500 -4.499984
v 0.000000 27.750000 -4.312484
v 0.000000 28.375000 -4.187480
v 0.000000 28.687500 -4.249980
v 0.000000 29.000000 -4.124980
v -0.625000 28.687500 -4.312480
v -0.562500 28.375000 -4.249980
v -0.562500 27.687500 -4.187484
v -0.562500 26.937500 -4.312484
v -0.562500 26.187500 -4.374984
v 0.000000 25.375000 -4.312484
v -0.562500 24.937500 -4.187484
v -1.125000 24.937500 -3.999984
v -1.625000 24.937500 -3.562484
v -2.312500 25.062500 -2.687484
v -2.562500 25.437500 -2.062484
v -2.750000 25.500000 -1.624984
v -2.937500 26.750000 -1.249984
v -2.750000 26.750000 -1.937484
v -2.375000 25.500000 -2.687484
v -1.875000 25.500000 -3.437484
v -1.125000 25.312500 -4.062484
v -0.562500 25.375000 -4.249984
v -1.187500 26.125000 -4.124984
v -1.187500 26.875000 -4.062484
v -1.187500 27.562500 -3.999980
v -1.312500 28.312500 -3.999980
v -1.312500 28.625000 -3.999980
v -0.625000 29.000000 -4.187480
v 0.000000 29.562500 -3.687480
v 0.625000 29.562500 -3.687480
v 0.625000 30.125000 -2.937480
v 0.625000 31.125000 -1.937480
v 0.750000 31.375000 -1.437480
v 0.375000 31.375000 -1.374980
v 0.000000 31.125000 -2.124980
v 0.000000 31.375000 -1.499980
v -0.687500 31.125000 -1.937480
v -0.375000 31.375000 -1.374980
v -0.750000 31.375000 -1.437480
v -1.187500 31.125000 -1.749980
v -0.625000 30.125000 -2.937480
v 0.000000 30.125000 -2.999980
v -0.687500 29.562500 -3.687480
v -1.375000 29.000000 -3.999980
v -2.375000 28.562500 -3.374980
v -2.312500 28.187500 -3.312480
v -2.000000 27.375000 -3.249980
v -1.937500 26.875000 -3.312484
v -2.562500 26.812500 -2.624984
v -1.375000 29.562500 -3.562480
v -2.437500 28.937500 -3.374980
v -2.750000 28.812500 -2.749980
v -2.750000 28.562500 -2.374980
v -2.500000 27.625000 -2.499980
v -2.687500 27.375000 -2.624980
v -2.875000 27.562500 -1.812480
v -3.062500 27.625000 -0.999980
v -2.187500 27.062500 0.062516
v -2.062500 25.937500 -0.374984
v -1.125000 26.000000 0.125016
v -1.187500 26.937500 0.500016
v -2.312500 27.750000 0.375020
v -2.812500 27.812500 -0.874980
v -2.750000 27.750000 -1.749980
v -2.875000 28.500000 -1.624980
v -3.000000 29.125000 -1.562480
v -2.937500 29.375000 -2.062480
v -2.937500 28.500000 -0.624980
v -2.312500 27.937500 0.500020
v -1.250000 27.750000 0.937520
v -1.312500 28.250000 1.187520
v -1.375000 29.312500 1.625020
v -1.312500 30.250000 1.625020
v -1.187500 31.250000 1.750020
v -1.000000 31.937500 1.437520
v -0.687500 32.500000 0.937520
v -1.937500 32.062500 1.375020
v -1.312500 32.500000 0.625020
v -2.062500 32.437500 0.625020
v -2.062500 32.375000 -0.124980
v -2.062500 31.875000 -0.624980
v -2.375000 28.312500 0.687520
v -0.750000 31.937500 -1.624980
v -0.812500 32.187500 -1.874980
v -1.187500 32.500000 -1.437480
v -1.250000 31.812500 -0.624980
v -1.375000 32.687500 -0.749980
v -1.187500 32.062500 -0.062480
v -1.375000 32.812500 -0.312480
v -0.937500 32.312500 0.375020
v -0.937500 33.062500 0.125020
v -0.437500 33.125000 0.437520
v 0.000000 32.312500 0.562520
v 0.000000 33.125000 0.500020
v 0.937500 32.312500 0.375020
v 0.437500 33.125000 0.437520
v 0.937500 33.062500 0.125020
v 1.187500 32.062500 -0.062480
v 1.375000 32.812500 -0.312480
v 1.187500 31.812500 -0.624980
v 1.375000 32.687500 -0.749980
v 0.750000 31.937500 -1.624980
v 1.187500 32.500000 -1.437480
v 0.812500 32.187500 -1.874980
v 0.937500 31.687500 -0.999980
v 0.812500 31.500000 -1.562480
v -0.937500 31.687500 -0.999980
v -0.812500 31.500000 -1.562480
v 2.937500 28.500000 -0.687480
v 3.000000 29.125000 -1.499980
v 2.875000 28.625000 -1.624980
v 2.812500 27.812500 -0.937480
v 3.062500 27.687500 -0.937480
v 3.000000 27.062500 -1.187484
v 2.812500 26.125000 -1.437484
v 2.687500 25.312500 -1.562484
v 2.500000 25.250000 -2.499984
v 2.625000 26.125000 -2.312484
v 2.750000 27.062500 -1.999984
v 2.875000 27.625000 -1.874980
v 2.750000 27.750000 -1.874980
v -0.687500 32.062500 -1.562480
v -1.000000 32.062500 -1.312480
v -0.562500 31.875000 -1.312480
v -0.312500 31.937500 -1.812480
v 0.000000 31.750000 -1.312480
v 0.000000 31.687500 -2.187480
v 0.312500 31.937500 -1.812480
v 0.562500 31.875000 -1.312480
v 0.687500 32.062500 -1.562480
v 1.000000 32.062500 -1.312480
v -1.000000 31.375000 -1.249980
v -0.687500 31.375000 -1.562480
v -0.312500 31.250000 -1.874980
v 0.000000 30.937500 -2.437480
v 0.312500 31.250000 -1.874980
v 0.687500 31.375000 -1.562480
v 1.000000 31.375000 -1.249980
v -0.687500 31.687500 -1.874980
v -1.000000 31.687500 -1.562480
v -0.562500 31.562500 -1.624980
v -0.312500 31.625000 -2.124980
v 0.000000 31.500000 -1.562480
v 0.000000 31.312500 -2.437480
v 0.312500 31.625000 -2.124980
v 0.562500 31.562500 -1.624980
v 0.687500 31.687500 -1.874980
v 1.000000 31.687500 -1.562480
v -1.000000 31.250000 -1.437480
v -0.687500 31.187500 -1.687480
v -0.312500 31.000000 -1.999980
v 0.000000 30.437500 -2.437480
v 0.312500 31.000000 -1.999980
v 0.687500 31.187500 -1.687480
v 1.000000 31.250000 -1.437480
v -1.062500 31.437500 -1.624980
v -1.000000 31.437500 -1.437480
v 0.000000 30.937500 -1.937480
v -0.687500 31.437500 -1.999980
v -0.312500 31.312500 -2.374980
v 0.000000 31.000000 -2.874980
v 0.312500 31.312500 -2.374980
v 0.687500 31.437500 -1.999980
v 1.000000 31.437500 -1.437480
v 1.062500 31.437500 -1.624980
v -1.062500 31.125000 -1.562480
v -0.687500 30.937500 -1.999980
v -0.312500 30.687500 -2.374980
v 0.000000 30.375000 -2.749980
v 0.312500 30.687500 -2.374980
v 0.687500 30.937500 -1.999980
v 1.062500 31.125000 -1.562480
v -2.437500 29.437500 -2.999980
v -1.312500 30.187500 -2.812480
v -2.125000 31.125000 -1.499980
v -1.875000 31.375000 -1.312480
v -2.312500 30.125000 -2.374980
v 2.250000 32.750000 -0.124980
v 2.375000 33.000000 -0.187480
v 2.687500 33.062500 -0.249980
v 2.937500 32.875000 -0.249980
v 3.000000 32.562500 -0.249980
v -2.000000 31.250000 -1.624980
v -2.187500 31.875000 -1.499980
v -1.750000 32.000000 -1.437480
v -3.000000 31.062500 -1.687480
v -3.125000 31.625000 -1.562480
v -3.875000 31.500000 -1.624980
v -3.437500 32.375000 -0.812480
v -4.375000 32.250000 -0.874980
v -3.562500 32.437500 0.437520
v -4.500000 32.250000 0.375020
v -3.500000 31.812500 1.625020
v -4.437500 31.625000 1.562520
v -3.250000 30.812500 1.937520
v -4.000000 30.687500 1.875020
v -3.062500 30.250000 1.812520
v -2.312500 31.000000 2.000020
v -2.125000 30.437500 1.875020
v -1.812500 31.187500 2.062520
v -2.500000 31.937500 1.687520
v -2.562500 32.625000 0.562520
v -2.437500 32.562500 -0.749980
v -1.625000 32.750000 -0.687480
v -1.625000 32.750000 0.625020
v -1.687500 32.125000 1.750020
v -1.062500 31.437500 -1.749980
v -1.625000 31.625000 -1.312480
v -1.750000 32.062500 -0.624980
v -1.625000 32.625000 -0.124980
v -1.125000 32.687500 0.375020
v -0.500000 32.687500 0.625020
v 0.000000 32.687500 0.750020
v 0.500000 32.687500 0.625020
v 1.125000 32.687500 0.375020
v 1.625000 32.625000 -0.124980
v 1.750000 32.062500 -0.624980
v 1.625000 31.625000 -1.312480
v 1.062500 31.437500 -1.749980
v 0.937500 31.875000 -1.812480
v 0.875000 32.125000 -1.937480
v 1.312500 32.437500 -1.624980
v 1.562500 32.750000 -0.749980
v 1.500000 32.937500 -0.312480
v 1.062500 33.187500 0.187520
v 0.500000 33.187500 0.500020
v 0.000000 33.250000 0.687520
v -0.500000 33.187500 0.500020
v -1.062500 33.187500 0.187520
v -1.500000 32.937500 -0.312480
v -1.562500 32.750000 -0.749980
v -1.312500 32.437500 -1.624980
v -0.937500 32.125000 -1.937480
v -0.937500 31.875000 -1.812480
v -1.375000 32.125000 -1.374980
v -1.625000 32.375000 -0.687480
v 1.625000 32.375000 -0.687480
v 1.375000 32.125000 -1.374980
vt 2.980469 3.289307
vt 2.939697 3.292236
vt 2.935547 3.252930
vt 2.979980 3.248291
vt 2.926025 3.233887
vt 2.979980 3.224121
vt 2.912842 3.206299
vt 2.966309 3.187988
vt 2.898193 3.178711
vt 2.939209 3.161621
vt 2.912842 3.206299
vt 2.966309 3.187988
vt 2.926025 3.233887
vt 2.979980 3.224121
vt 2.935547 3.252930
vt 2.979980 3.248291
vt 2.939697 3.292236
vt 2.980469 3.289307
vt 2.940674 3.330566
vt 2.976318 3.330322
vt 2.938477 3.359619
vt 2.977539 3.355957
vt 2.926758 3.384521
vt 2.973389 3.382324
vt 2.938477 3.359619
vt 2.977539 3.355957
vt 2.940674 3.330566
vt 2.976318 3.330322
vt 2.885498 3.296875
vt 2.884521 3.257568
vt 2.880615 3.239502
vt 2.867676 3.220215
vt 2.853271 3.196777
vt 2.867676 3.220215
vt 2.880615 3.239502
vt 2.884521 3.257568
vt 2.885498 3.296875
vt 2.884521 3.342285
vt 2.883057 3.372559
vt 2.876221 3.394531
vt 2.883057 3.372559
vt 2.884521 3.342285
vt 2.816406 3.312988
vt 2.823975 3.269775
vt 2.821777 3.250732
vt 2.821289 3.233154
vt 2.810303 3.208252
vt 2.821289 3.233154
vt 2.821777 3.250732
vt 2.823975 3.269775
vt 2.816406 3.312988
vt 2.814209 3.362549
vt 2.816406 3.390381
vt 2.816162 3.409912
vt 2.816406 3.390381
vt 2.814209 3.362549
vt 2.761963 3.315674
vt 2.763428 3.278320
vt 2.760986 3.263428
vt 2.754883 3.244385
vt 2.752930 3.222412
vt 2.754883 3.244385
vt 2.760986 3.263428
vt 2.763428 3.278320
vt 2.761963 3.315674
vt 2.760010 3.363525
vt 2.756836 3.391357
vt 2.750977 3.419434
vt 2.756836 3.391357
vt 2.760010 3.363525
vt 2.709229 3.364014
vt 2.708496 3.320801
vt 2.649414 3.363281
vt 2.650146 3.332764
vt 2.704834 3.286133
vt 2.702881 3.272461
vt 2.699219 3.257324
vt 2.696533 3.235107
vt 2.699219 3.257324
vt 2.702881 3.272461
vt 2.704834 3.286133
vt 2.708496 3.320801
vt 2.709229 3.364014
vt 2.707764 3.393555
vt 2.702881 3.416504
vt 2.707764 3.393555
vt 2.646973 3.391846
vt 2.646484 3.417236
vt 2.646973 3.391846
vt 2.649414 3.363281
vt 2.650146 3.332764
vt 2.647949 3.304443
vt 2.645752 3.288086
vt 2.643311 3.273926
vt 2.638672 3.257080
vt 2.643311 3.273926
vt 2.645752 3.288086
vt 2.647949 3.304443
vt 3.218262 3.165771
vt 3.216064 3.130859
vt 3.188232 3.130371
vt 3.192139 3.170410
vt 3.169189 3.170654
vt 3.166016 3.130859
vt 3.164307 3.104492
vt 3.152100 3.124756
vt 3.137695 3.166260
vt 3.121582 3.154053
vt 3.124268 3.115234
vt 3.103760 3.144043
vt 3.088135 3.138184
vt 3.108398 3.112793
vt 3.142822 3.073486
vt 3.156982 3.067139
vt 3.184570 3.092773
vt 3.210205 3.092041
vt 3.229004 3.110840
vt 3.226807 3.139648
vt 3.246826 3.157715
vt 3.262451 3.140137
vt 3.258545 3.096191
vt 3.276611 3.126709
vt 3.275635 3.080078
vt 3.297363 3.111084
vt 3.269287 3.086914
vt 3.287354 3.110352
vt 3.299561 3.108887
vt 3.283691 3.083252
vt 3.253174 3.052002
vt 3.248047 3.050781
vt 3.241699 3.023438
vt 3.245605 3.021484
vt 3.216797 3.001953
vt 3.213623 3.003906
vt 3.209961 3.003906
vt 3.239990 3.025146
vt 3.262207 3.055420
vt 3.248047 3.067139
vt 3.231934 3.063477
vt 3.209229 3.051025
vt 3.181152 3.054443
vt 3.177734 3.019775
vt 3.164062 3.026855
vt 3.177734 3.003418
vt 3.159180 3.006104
vt 3.149902 3.040039
vt 3.124023 3.069580
vt 3.139160 3.021973
vt 3.209473 3.022705
vt 3.233398 3.040283
vt 3.231934 3.179199
vt 3.242920 3.195801
vt 3.262939 3.177979
vt 3.282959 3.162354
vt 3.294678 3.154053
vt 3.303955 3.134521
vt 3.303223 3.145752
vt 3.306396 3.133057
vt 3.073242 3.166504
vt 3.088135 3.176025
vt 3.107666 3.181152
vt 3.125732 3.186523
vt 3.158936 3.181885
vt 3.149414 3.197510
vt 3.414551 3.305908
vt 3.414307 3.310547
vt 3.438721 3.310791
vt 3.438232 3.306396
vt 3.474609 3.308105
vt 3.474365 3.303467
vt 3.433350 3.312744
vt 3.476807 3.355225
vt 3.430420 3.371582
vt 3.380371 3.317871
vt 3.380127 3.393799
vt 3.342773 3.402588
vt 3.331543 3.322021
vt 3.329590 3.313477
vt 3.380371 3.312012
vt 3.433838 3.306396
vt 3.050781 3.515625
vt 3.018555 3.512695
vt 3.028564 3.516846
vt 3.053711 3.542480
vt 3.031982 3.538574
vt 3.051514 3.567627
vt 3.025146 3.563232
vt 3.037842 3.590820
vt 3.020020 3.593994
vt 3.035400 3.623535
vt 3.012939 3.626465
vt 3.033936 3.658203
vt 3.010742 3.659424
vt 3.029541 3.676270
vt 3.012451 3.697510
vt 3.024414 3.718506
vt 3.010010 3.795898
vt 3.022949 3.792725
vt 3.035400 3.715088
vt 3.032471 3.788330
vt 3.063232 3.713379
vt 3.057129 3.788818
vt 3.081055 3.712158
vt 3.078613 3.786865
vt 3.116943 3.790039
vt 3.117676 3.715088
vt 3.107910 3.679199
vt 3.150879 3.718262
vt 3.150879 3.687744
vt 3.150879 3.665283
vt 3.184570 3.707520
vt 3.184082 3.661133
vt 3.226318 3.704834
vt 3.224365 3.659424
vt 3.257324 3.696045
vt 3.256592 3.654541
vt 3.287598 3.687744
vt 3.290039 3.649658
vt 3.254883 3.621338
vt 3.287598 3.616699
vt 3.251953 3.593018
vt 3.280518 3.584229
vt 3.250977 3.566162
vt 3.275391 3.553467
vt 3.250244 3.536621
vt 3.268555 3.528564
vt 3.251465 3.507812
vt 3.271973 3.507080
vt 3.255859 3.471680
vt 3.273193 3.502686
vt 3.282471 3.470947
vt 3.255127 3.389648
vt 3.279541 3.389648
vt 3.251465 3.273682
vt 3.268799 3.275391
vt 3.268555 3.210205
vt 3.249023 3.207275
vt 3.230225 3.268555
vt 3.232666 3.202881
vt 3.201416 3.265381
vt 3.207031 3.199707
vt 3.171143 3.197510
vt 3.166504 3.262451
vt 3.150879 3.384277
vt 3.185547 3.382812
vt 3.218750 3.386719
vt 3.212891 3.464844
vt 3.212891 3.504883
vt 3.214355 3.540283
vt 3.215820 3.572754
vt 3.219482 3.598389
vt 3.222412 3.621826
vt 3.184814 3.620361
vt 3.150879 3.625244
vt 3.103027 3.659424
vt 3.079346 3.678711
vt 3.065918 3.681396
vt 3.040527 3.678467
vt 3.052002 3.655518
vt 3.045898 3.623047
vt 3.048584 3.589600
vt 3.069336 3.565186
vt 3.084717 3.547119
vt 3.087646 3.514160
vt 3.045898 3.476562
vt 3.019287 3.480713
vt 3.046631 3.398438
vt 3.022217 3.399414
vt 3.048584 3.277832
vt 3.032959 3.280273
vt 3.033203 3.215088
vt 3.051758 3.211670
vt 3.071533 3.273438
vt 3.069580 3.207275
vt 3.094971 3.269531
vt 3.094971 3.203369
vt 3.126953 3.202148
vt 3.135986 3.267334
vt 3.116211 3.391846
vt 3.082031 3.395020
vt 3.085693 3.469238
vt 3.127197 3.468018
vt 3.150879 3.464844
vt 3.174805 3.461182
vt 3.170898 3.503174
vt 3.190674 3.536133
vt 3.186035 3.576416
vt 3.183594 3.595703
vt 3.150879 3.588867
vt 3.150879 3.578369
vt 3.115723 3.592529
vt 3.118896 3.568604
vt 3.099121 3.565674
vt 3.103271 3.587402
vt 3.083496 3.566406
vt 3.061523 3.587158
vt 3.056885 3.623291
vt 3.067139 3.664307
vt 3.079834 3.662354
vt 3.082275 3.623535
vt 3.083008 3.584717
vt 3.103516 3.622559
vt 3.115723 3.625732
vt 3.121338 3.549316
vt 3.126221 3.513428
vt 3.150879 3.507324
vt 3.168213 3.531982
vt 3.169678 3.572754
vt 3.150879 3.559326
vt 3.150879 3.539795
vt 3.260742 3.791748
vt 3.290039 3.785889
vt 3.306152 3.836426
vt 3.271484 3.839111
vt 3.226562 3.794922
vt 3.184814 3.791748
vt 3.150879 3.791016
vt 3.150879 3.840576
vt 3.183105 3.842285
vt 3.225342 3.842529
vt 3.050781 3.515625
vt 3.028564 3.516846
vt 3.018555 3.512695
vt 3.045898 3.476562
vt 3.019287 3.480713
vt 3.046631 3.398438
vt 3.022217 3.399414
vt 3.048584 3.277832
vt 3.032959 3.280273
vt 3.033203 3.215088
vt 3.051758 3.211670
vt 3.071533 3.273438
vt 3.069580 3.207275
vt 3.094971 3.269531
vt 3.094971 3.203369
vt 3.126953 3.202148
vt 3.135986 3.267334
vt 3.150879 3.384277
vt 3.116211 3.391846
vt 3.082031 3.395020
vt 3.085693 3.469238
vt 3.087646 3.514160
vt 3.053711 3.542480
vt 3.031982 3.538574
vt 3.051514 3.567627
vt 3.025146 3.563232
vt 3.037842 3.590820
vt 3.020020 3.593994
vt 3.035400 3.623535
vt 3.012939 3.626465
vt 3.033936 3.658203
vt 3.010742 3.659424
vt 3.029541 3.676270
vt 3.012451 3.697510
vt 3.024414 3.718506
vt 3.035400 3.715088
vt 3.040527 3.678467
vt 3.052002 3.655518
vt 3.045898 3.623047
vt 3.048584 3.589600
vt 3.069336 3.565186
vt 3.084717 3.547119
vt 3.126221 3.513428
vt 3.127197 3.468018
vt 3.150879 3.464844
vt 3.150879 3.507324
vt 3.174805 3.461182
vt 3.185547 3.382812
vt 3.166504 3.262451
vt 3.201416 3.265381
vt 3.171143 3.197510
vt 3.207031 3.199707
vt 3.230225 3.268555
vt 3.232666 3.202881
vt 3.251465 3.273682
vt 3.249023 3.207275
vt 3.268555 3.210205
vt 3.268799 3.275391
vt 3.255127 3.389648
vt 3.279541 3.389648
vt 3.255859 3.471680
vt 3.282471 3.470947
vt 3.273193 3.502686
vt 3.251465 3.507812
vt 3.271973 3.507080
vt 3.250244 3.536621
vt 3.268555 3.528564
vt 3.250977 3.566162
vt 3.275391 3.553467
vt 3.251953 3.593018
vt 3.280518 3.584229
vt 3.254883 3.621338
vt 3.287598 3.616699
vt 3.256592 3.654541
vt 3.290039 3.649658
vt 3.287598 3.687744
vt 3.257324 3.696045
vt 3.224365 3.659424
vt 3.226318 3.704834
vt 3.184082 3.661133
vt 3.184570 3.707520
vt 3.150879 3.687744
vt 3.150879 3.718262
vt 3.117676 3.715088
vt 3.150879 3.791016
vt 3.116943 3.790039
vt 3.150879 3.840576
vt 3.121094 3.846191
vt 3.078613 3.786865
vt 3.077393 3.843018
vt 3.057129 3.788818
vt 3.029297 3.841309
vt 3.032471 3.788330
vt 3.063232 3.713379
vt 3.065918 3.681396
vt 3.067139 3.664307
vt 3.056885 3.623291
vt 3.061523 3.587158
vt 3.083496 3.566406
vt 3.099121 3.565674
vt 3.121338 3.549316
vt 3.150879 3.539795
vt 3.170898 3.503174
vt 3.212891 3.464844
vt 3.218750 3.386719
vt 3.212891 3.504883
vt 3.190674 3.536133
vt 3.168213 3.531982
vt 3.150879 3.559326
vt 3.118896 3.568604
vt 3.115723 3.592529
vt 3.103271 3.587402
vt 3.083008 3.584717
vt 3.082275 3.623535
vt 3.079834 3.662354
vt 3.079346 3.678711
vt 3.081055 3.712158
vt 3.107910 3.679199
vt 3.150879 3.665283
vt 3.184814 3.620361
vt 3.222412 3.621826
vt 3.219482 3.598389
vt 3.215820 3.572754
vt 3.214355 3.540283
vt 3.186035 3.576416
vt 3.183594 3.595703
vt 3.150879 3.625244
vt 3.103027 3.659424
vt 3.103516 3.622559
vt 3.115723 3.625732
vt 3.150879 3.588867
vt 3.150879 3.578369
vt 3.169678 3.572754
vt 3.277588 3.211182
vt 3.270020 3.186768
vt 3.297363 3.178223
vt 3.305176 3.203369
vt 3.324707 3.169922
vt 3.332764 3.196045
vt 3.312988 3.228516
vt 3.289551 3.236084
vt 3.321289 3.252197
vt 3.300781 3.257812
vt 3.314453 3.287598
vt 3.330566 3.279785
vt 3.347168 3.272705
vt 3.340820 3.246582
vt 3.335938 3.221680
vt 3.088135 3.176025
vt 3.073242 3.166504
vt 3.088135 3.138184
vt 3.103760 3.144043
vt 3.108398 3.112793
vt 3.124268 3.115234
vt 3.124023 3.069580
vt 3.142822 3.073486
vt 3.139160 3.021973
vt 3.149902 3.040039
vt 3.159180 3.006104
vt 3.164062 3.026855
vt 3.177734 3.003418
vt 3.177734 3.019775
vt 3.209961 3.003906
vt 3.209473 3.022705
vt 3.239990 3.025146
vt 3.213623 3.003906
vt 3.241699 3.023438
vt 3.216797 3.001953
vt 3.245605 3.021484
vt 3.253174 3.052002
vt 3.248047 3.050781
vt 3.269287 3.086914
vt 3.283691 3.083252
vt 3.287354 3.110352
vt 3.299561 3.108887
vt 3.306396 3.133057
vt 3.303223 3.145752
vt 3.297363 3.111084
vt 3.303955 3.134521
vt 3.276611 3.126709
vt 3.294678 3.154053
vt 3.262451 3.140137
vt 3.282959 3.162354
vt 3.246826 3.157715
vt 3.262939 3.177979
vt 3.242920 3.195801
vt 3.231934 3.179199
vt 3.226807 3.139648
vt 3.218262 3.165771
vt 3.216064 3.130859
vt 3.192139 3.170410
vt 3.188232 3.130371
vt 3.169189 3.170654
vt 3.166016 3.130859
vt 3.158936 3.181885
vt 3.137695 3.166260
vt 3.149414 3.197510
vt 3.125732 3.186523
vt 3.121582 3.154053
vt 3.107666 3.181152
vt 3.152100 3.124756
vt 3.156982 3.067139
vt 3.181152 3.054443
vt 3.209229 3.051025
vt 3.233398 3.040283
vt 3.262207 3.055420
vt 3.275635 3.080078
vt 3.258545 3.096191
vt 3.229004 3.110840
vt 3.210205 3.092041
vt 3.184570 3.092773
vt 3.164307 3.104492
vt 3.231934 3.063477
vt 3.248047 3.067139
vt 3.277588 3.211182
vt 3.297363 3.178223
vt 3.270020 3.186768
vt 3.305176 3.203369
vt 3.324707 3.169922
vt 3.332764 3.196045
vt 3.312988 3.228516
vt 3.289551 3.236084
vt 3.321289 3.252197
vt 3.300781 3.257812
vt 3.314453 3.287598
vt 3.330566 3.279785
vt 3.347168 3.272705
vt 3.340820 3.246582
vt 3.335938 3.221680
vt 3.116699 3.057617
vt 3.122559 3.059082
vt 3.104004 3.102539
vt 3.099609 3.097900
vt 3.061279 3.120605
vt 3.060059 3.114502
vt 3.017822 3.102539
vt 3.020020 3.097656
vt 3.000244 3.059082
vt 3.003662 3.057617
vt 3.018555 3.016113
vt 3.020752 3.017822
vt 3.062256 2.998291
vt 3.061035 3.001465
vt 3.104736 3.016113
vt 3.100342 3.017822
vt 3.102295 3.056641
vt 3.089844 3.087402
vt 3.059082 3.099854
vt 3.028564 3.087158
vt 3.016113 3.056396
vt 3.029053 3.025879
vt 3.060059 3.013428
vt 3.090332 3.026123
vt 3.086182 3.055908
vt 3.078125 3.075195
vt 3.058594 3.083008
vt 3.039307 3.074951
vt 3.031494 3.055664
vt 3.041016 3.036865
vt 3.059082 3.028564
vt 3.078369 3.036621
vt 3.058594 3.055420
vt 3.630615 3.259277
vt 3.640869 3.325195
vt 3.702881 3.326904
vt 3.687988 3.241455
vt 3.766113 3.324707
vt 3.743408 3.221924
vt 3.821533 3.315430
vt 3.800049 3.206787
vt 3.913574 3.290771
vt 3.889404 3.177490
vt 3.966797 3.152832
vt 3.992676 3.270996
vt 3.913330 3.306885
vt 3.832764 3.354492
vt 3.766113 3.324707
vt 3.757080 3.417969
vt 3.700439 3.413818
vt 3.702881 3.326904
vt 3.628418 3.409424
vt 3.640625 3.325195
vt 3.986572 3.379150
vt 3.994629 3.311523
vt 3.915771 3.329834
vt 3.907227 3.395996
vt 3.825439 3.348389
vt 3.814453 3.414307
vt 3.699463 3.296387
vt 3.760986 3.290771
vt 3.695801 3.347168
vt 3.640137 3.352295
vt 3.628418 3.409424
vt 3.637695 3.305664
vt 3.810791 3.249023
vt 3.743164 3.222900
vt 3.799316 3.205322
vt 3.760986 3.290771
vt 3.818359 3.276855
vt 3.760254 3.385498
vt 3.733643 3.416260
vt 3.700439 3.413818
vt 3.992676 3.270996
vt 3.913574 3.290771
vt 3.821533 3.315430
vt 3.685059 3.241455
vt 3.699463 3.296387
vt 3.637695 3.305664
vt 3.703613 3.351318
vt 3.640137 3.352295
vt 3.631104 3.259277
vt 3.968018 3.166016
vt 3.896973 3.203857
vt 3.889160 3.177246
vt 3.963623 3.154053
vt 3.990234 3.227783
vt 3.910400 3.250732
vt 3.388184 3.933350
vt 3.403320 3.910400
vt 3.411621 3.935059
vt 3.656982 3.917725
vt 3.658203 3.905762
vt 3.667480 3.922852
vt 2.897461 3.908203
vt 2.866211 3.885742
vt 2.897461 3.877441
vt 2.884521 3.908691
vt 2.897461 3.897705
vt 2.896729 3.900146
vt 2.896240 3.899170
vt 2.897461 3.900391
vt 2.896729 3.901367
vt 2.887939 3.886230
vt 2.881348 3.887695
vt 2.885498 3.885010
vt 2.887695 3.889893
vt 2.881348 3.892090
vt 2.888916 3.892090
vt 2.884277 3.894287
vt 2.892578 3.894775
vt 2.889648 3.896240
vt 2.886230 3.891357
vt 2.897461 3.898926
vt 2.886230 3.901367
vt 2.891602 3.885498
vt 2.904541 3.890869
vt 2.900391 3.879883
vt 2.907471 3.883301
vt 3.403320 3.861816
vt 3.408447 3.853271
vt 3.415283 3.869629
vt 3.394287 3.809570
vt 3.408691 3.810303
vt 3.418213 3.853271
vt 3.419434 3.808350
vt 3.424316 3.855225
vt 3.437744 3.809570
vt 3.436279 3.854004
vt 3.452637 3.810547
vt 3.443359 3.855713
vt 3.455078 3.852783
vt 3.466553 3.810547
vt 3.464844 3.850098
vt 3.603027 3.897705
vt 3.605225 3.917725
vt 3.601074 3.901611
vt 3.611572 3.915527
vt 3.602783 3.950195
vt 3.609619 3.956543
vt 3.620850 3.915283
vt 3.617432 3.959229
vt 3.630615 3.916260
vt 3.625732 3.959229
vt 3.641602 3.918945
vt 3.631104 3.956543
vt 3.643555 3.921143
vt 3.652344 3.896240
vt 3.649170 3.885498
vt 3.659424 3.886719
vt 3.657471 3.904541
vt 3.604980 3.885986
vt 3.622803 3.884766
vt 3.633789 3.884521
vt 3.654785 3.843018
vt 3.665039 3.840088
vt 3.660400 3.812256
vt 3.669189 3.812744
vt 3.666260 3.786865
vt 3.675293 3.790039
vt 3.674072 3.759766
vt 3.679199 3.770752
vt 3.679932 3.758301
vt 3.579590 3.884033
vt 3.562256 3.882568
vt 3.568115 3.835205
vt 3.587891 3.883057
vt 3.583008 3.836182
vt 3.553711 3.803955
vt 3.577637 3.804443
vt 3.552002 3.778320
vt 3.571533 3.775879
vt 3.553955 3.730713
vt 3.569824 3.739502
vt 3.559814 3.720703
vt 3.573486 3.696045
vt 3.559326 3.705078
vt 3.577637 3.657959
vt 3.558838 3.666992
vt 3.583740 3.627441
vt 3.561768 3.630859
vt 3.590820 3.603027
vt 3.567139 3.594971
vt 3.598877 3.577637
vt 3.573975 3.567383
vt 3.611816 3.548584
vt 3.578369 3.524902
vt 3.544434 3.558594
vt 3.542969 3.596191
vt 3.502197 3.576172
vt 3.503174 3.597900
vt 3.452881 3.570557
vt 3.460938 3.593750
vt 3.451416 3.573730
vt 3.438721 3.571289
vt 3.465332 3.618408
vt 3.441162 3.602783
vt 3.470703 3.639893
vt 3.444824 3.646240
vt 3.470215 3.679688
vt 3.446533 3.674561
vt 3.468262 3.704346
vt 3.447266 3.699463
vt 3.461670 3.749512
vt 3.447998 3.744385
vt 3.461670 3.795898
vt 3.448730 3.797119
vt 3.429688 3.747559
vt 3.433594 3.796387
vt 3.406006 3.748047
vt 3.416016 3.794922
vt 3.388672 3.740723
vt 3.405273 3.796387
vt 3.375000 3.744141
vt 3.372070 3.721191
vt 3.374756 3.700439
vt 3.368896 3.698486
vt 3.362061 3.657715
vt 3.350098 3.651123
vt 3.342529 3.627441
vt 3.311035 3.618652
vt 3.311523 3.610352
vt 3.353271 3.566650
vt 3.310791 3.556885
vt 3.364990 3.544922
vt 3.310791 3.533447
vt 3.374023 3.515381
vt 3.310791 3.516357
vt 3.416504 3.523926
vt 3.310791 3.504639
vt 3.311279 3.491699
vt 3.408447 3.514893
vt 3.493652 3.541504
vt 3.480713 3.515137
vt 3.550049 3.506348
vt 3.538330 3.483154
vt 3.617676 3.486084
vt 3.613770 3.460205
vt 3.690918 3.480225
vt 3.688232 3.452637
vt 3.729980 3.473877
vt 3.728516 3.447998
vt 3.778076 3.475830
vt 3.785645 3.451904
vt 3.831055 3.487305
vt 3.840332 3.461914
vt 3.618164 3.506348
vt 3.538574 3.536865
vt 3.498535 3.557129
vt 3.443848 3.552490
vt 3.418701 3.530518
vt 3.410645 3.531006
vt 3.400635 3.565430
vt 3.381348 3.591064
vt 3.377197 3.643311
vt 3.383057 3.670410
vt 3.391357 3.697266
vt 3.423340 3.699951
vt 3.422119 3.676758
vt 3.420898 3.653564
vt 3.406006 3.603027
vt 3.383545 3.476807
vt 3.374023 3.492676
vt 3.372559 3.488037
vt 3.397461 3.476318
vt 3.382568 3.492432
vt 3.396484 3.493408
vt 3.422363 3.490234
vt 3.418457 3.501709
vt 3.435059 3.503418
vt 3.431885 3.488770
vt 3.458252 3.501221
vt 3.441895 3.487305
vt 3.459717 3.475586
vt 3.472412 3.486572
vt 3.467529 3.467773
vt 3.480713 3.469971
vt 3.471924 3.458008
vt 3.484619 3.457764
vt 3.474609 3.447266
vt 3.486328 3.448975
vt 3.475342 3.439453
vt 3.476074 3.436768
vt 3.485596 3.441406
vt 3.476807 3.433594
vt 3.483398 3.434814
vt 3.474121 3.429199
vt 3.478760 3.427246
vt 3.468018 3.424561
vt 3.474854 3.420898
vt 3.469482 3.422119
vt 3.959961 3.621826
vt 3.999268 3.621826
vt 3.999268 3.627197
vt 3.956055 3.610596
vt 3.999268 3.582764
vt 3.960205 3.584229
vt 3.999268 3.563477
vt 3.960938 3.564941
vt 3.999268 3.549805
vt 3.962646 3.553467
vt 3.999268 3.544922
vt 3.942627 3.547363
vt 3.999268 3.529053
vt 3.930176 3.529541
vt 3.895752 3.520752
vt 3.894287 3.529541
vt 3.922852 3.556641
vt 3.937744 3.566406
vt 3.938232 3.581543
vt 3.930664 3.605713
vt 3.940430 3.620605
vt 3.914307 3.603271
vt 3.916016 3.618652
vt 3.887939 3.593018
vt 3.887939 3.614502
vt 3.856689 3.585693
vt 3.859619 3.613525
vt 3.832520 3.575439
vt 3.833252 3.607666
vt 3.792969 3.567871
vt 3.803223 3.603516
vt 3.751465 3.572021
vt 3.765137 3.604980
vt 3.721191 3.585205
vt 3.738037 3.613281
vt 3.691162 3.614258
vt 3.718994 3.630859
vt 3.655518 3.648438
vt 3.707275 3.660645
vt 3.649414 3.687744
vt 3.695068 3.696289
vt 3.648682 3.724854
vt 3.683105 3.730957
vt 3.647217 3.753662
vt 3.645020 3.782227
vt 3.641113 3.812256
vt 3.637207 3.842285
vt 3.625488 3.839844
vt 3.599365 3.836914
vt 3.598633 3.805908
vt 3.598389 3.774902
vt 3.600586 3.742432
vt 3.599365 3.711426
vt 3.603027 3.666992
vt 3.607666 3.627686
vt 3.615234 3.602783
vt 3.622070 3.575195
vt 3.636719 3.550293
vt 3.676025 3.521484
vt 3.614502 3.531006
vt 3.673096 3.507324
vt 3.730469 3.500732
vt 3.729492 3.481445
vt 3.780518 3.484131
vt 3.781738 3.499756
vt 3.842529 3.498291
vt 3.820557 3.504639
vt 3.858887 3.523193
vt 3.890137 3.538818
vt 3.917725 3.566162
vt 3.917969 3.579102
vt 3.888184 3.567627
vt 3.854248 3.555420
vt 3.826172 3.550781
vt 3.790771 3.542725
vt 3.727783 3.551270
vt 3.676514 3.583984
vt 3.662842 3.616455
vt 3.626709 3.633789
vt 3.622070 3.674805
vt 3.614258 3.717773
vt 3.623047 3.747559
vt 3.624756 3.778564
vt 3.624756 3.809814
vt 3.638184 3.609863
vt 3.655029 3.579346
vt 3.682617 3.558350
vt 3.689453 3.538574
vt 3.734131 3.518066
vt 3.785645 3.507080
vt 3.828369 3.520264
vt 3.857666 3.532471
vt 3.887939 3.548096
vt 3.121094 3.846191
vt 3.077393 3.843018
vt 3.029297 3.841309
vt 3.009521 3.843506
vt 3.037598 3.873535
vt 3.012451 3.859619
vt 3.023926 3.874023
vt 3.011963 3.859863
vt 3.004639 3.872559
vt 3.004639 3.854492
vt 3.023926 3.874023
vt 3.011963 3.859863
vt 3.012451 3.859619
vt 3.037598 3.873535
vt 3.009521 3.843506
vt 3.010010 3.795898
vt 3.022949 3.792725
vt 3.628418 3.980957
vt 3.620117 3.997070
vt 3.614014 3.998291
vt 3.622803 3.982178
vt 3.606689 3.999512
vt 3.611328 3.981445
vt 3.597412 3.996094
vt 3.603027 3.977783
vt 3.592773 3.993652
vt 3.598389 3.975342
vt 3.443115 3.369385
vt 3.409912 3.384766
vt 3.380615 3.317383
vt 3.380859 3.310547
vt 3.339111 3.322266
vt 3.337891 3.312988
vt 3.316895 3.320312
vt 3.316162 3.311523
vt 3.276611 3.306152
vt 3.281250 3.321777
vt 3.292969 3.388672
vt 3.322266 3.394531
vt 3.349854 3.400146
vt 3.379395 3.393799
vt 3.426514 3.432129
vt 3.424805 3.414795
vt 3.381836 3.422852
vt 3.392334 3.453369
vt 3.375488 3.431396
vt 3.346191 3.458496
vt 3.347412 3.478271
vt 3.327393 3.468018
vt 3.328857 3.484619
vt 3.293213 3.451172
vt 3.293945 3.471436
vt 3.327637 3.465820
vt 3.328857 3.484863
vt 3.350586 3.462158
vt 3.350830 3.478027
vt 3.375488 3.447510
vt 3.374268 3.464600
vt 3.407959 3.425293
vt 3.407471 3.441162
vt 3.434814 3.410889
vt 3.430908 3.430908
vt 3.448975 3.396973
vt 3.451904 3.409424
vt 3.481201 3.380371
vt 3.484131 3.397705
vt 3.439209 3.420898
vt 3.436279 3.404297
vt 3.430420 3.371582
vt 3.380127 3.393799
vt 3.342773 3.402588
vt 3.320068 3.393311
vt 3.292969 3.388672
vt 3.322266 3.394531
vt 3.349854 3.400146
vt 3.379395 3.393799
vt 3.409912 3.384766
vt 3.443115 3.369385
vt 3.476807 3.355225
vt 3.424805 3.414795
vt 3.426514 3.432129
vt 3.392334 3.453369
vt 3.381836 3.422852
vt 3.347412 3.478271
vt 3.346191 3.458496
vt 3.328857 3.484619
vt 3.327393 3.468018
vt 3.293945 3.471436
vt 3.293213 3.451172
vt 3.320068 3.393311
vt 3.436279 3.404297
vt 3.481201 3.380371
vt 3.439209 3.420898
vt 3.484131 3.397705
vt 3.448975 3.396973
vt 3.451904 3.409424
vt 3.434814 3.410889
vt 3.430908 3.430908
vt 3.407959 3.425293
vt 3.407471 3.441162
vt 3.375488 3.447510
vt 3.374268 3.464600
vt 3.350586 3.462158
vt 3.350830 3.478027
vt 3.327637 3.465820
vt 3.328857 3.484863
vt 3.081543 3.870850
vt 3.124756 3.876709
vt 3.150879 3.880371
vt 3.183105 3.842285
vt 3.184814 3.791748
vt 3.226562 3.794922
vt 3.260742 3.791748
vt 3.290039 3.785889
vt 3.271484 3.839111
vt 3.306152 3.836426
vt 3.271240 3.884521
vt 3.300781 3.873779
vt 3.279541 3.910889
vt 3.296143 3.891113
vt 3.307129 3.912842
vt 3.307129 3.885742
vt 3.296143 3.891113
vt 3.279541 3.910889
vt 3.300781 3.873779
vt 3.271240 3.884521
vt 3.225342 3.883789
vt 3.184082 3.882080
vt 3.150879 3.880371
vt 3.124756 3.876709
vt 3.081543 3.870850
vt 3.049561 3.888428
vt 3.029053 3.882324
vt 3.004639 3.881348
vt 3.029053 3.882324
vt 3.049561 3.888428
vt 3.086182 3.885742
vt 3.128418 3.897705
vt 3.150879 3.906982
vt 3.184082 3.882080
vt 3.225342 3.842529
vt 3.225342 3.883789
vt 3.183105 3.912842
vt 3.150879 3.930908
vt 3.128174 3.915283
vt 3.091064 3.901611
vt 3.110107 3.941162
vt 3.150879 3.958740
vt 3.107422 3.991455
vt 3.150879 3.989014
vt 3.193115 3.968018
vt 3.219482 3.992920
vt 3.234131 3.968750
vt 3.307129 3.993652
vt 3.307129 3.967773
vt 3.219482 3.992920
vt 3.234131 3.968750
vt 3.193115 3.968018
vt 3.150879 3.989014
vt 3.150879 3.958740
vt 3.107422 3.991455
vt 3.110107 3.941162
vt 3.056396 3.991455
vt 3.057373 3.930664
vt 3.041016 3.928223
vt 3.004639 3.928955
vt 3.004639 3.991455
vt 3.041016 3.928223
vt 3.056396 3.991455
vt 3.057373 3.930664
vt 3.229004 3.917236
vt 3.185303 3.938232
vt 3.231934 3.942627
vt 3.307129 3.945068
vt 3.229004 3.917236
vt 3.183105 3.912842
vt 3.150879 3.906982
vt 3.128418 3.897705
vt 3.086182 3.885742
vt 3.091064 3.901611
vt 3.128174 3.915283
vt 3.150879 3.930908
vt 3.185303 3.938232
vt 3.231934 3.942627
vt 2.891113 3.907715
vt 2.888428 3.903809
vt 2.891113 3.903564
vt 2.883545 3.906006
vt 2.881836 3.899902
vt 2.877197 3.901367
vt 2.882324 3.891846
vt 2.877197 3.891357
vt 2.884766 3.888428
vt 2.879883 3.885986
vt 2.889160 3.885986
vt 2.885010 3.883545
vt 2.894043 3.888916
vt 2.892822 3.884033
vt 2.898193 3.887695
vt 2.898438 3.894775
vt 2.901611 3.895508
vt 2.894531 3.901855
vt 2.900635 3.900635
vt 2.897705 3.904785
vt 2.890625 3.904541
vt 2.894531 3.897949
vt 2.886963 3.898926
vt 2.882568 3.901611
vt 2.881592 3.895264
vt 2.877686 3.897949
vt 2.877930 3.889893
vt 2.875488 3.892822
vt 2.881592 3.883789
vt 2.877930 3.884766
vt 2.884033 3.878418
vt 2.890381 3.880615
vt 2.893555 3.876709
vt 2.894775 3.882812
vt 2.900146 3.879639
vt 2.897705 3.886230
vt 2.903320 3.887451
vt 2.897461 3.894287
vt 2.903320 3.896484
vt 2.899414 3.902832
vt 3.485840 3.982910
vt 3.492920 3.954102
vt 3.486084 3.955322
vt 3.480225 3.989502
vt 3.475830 3.955322
vt 3.473633 3.990479
vt 3.467529 3.950684
vt 3.466553 3.986084
vt 3.460938 3.979004
vt 3.462646 3.948730
vt 3.468018 3.919922
vt 3.464355 3.918213
vt 3.471680 3.870117
vt 3.466309 3.871094
vt 3.469482 3.850342
vt 3.474609 3.848877
vt 3.478760 3.868408
vt 3.482178 3.846924
vt 3.490967 3.869385
vt 3.495361 3.848389
vt 3.502197 3.875488
vt 3.505615 3.854004
vt 3.510742 3.859131
vt 3.508057 3.882324
vt 3.492432 3.925049
vt 3.499023 3.925049
vt 3.481689 3.922607
vt 3.472656 3.920898
vt 3.281250 3.318848
vt 3.316162 3.311523
vt 3.316406 3.320557
vt 3.380615 3.317383
vt 3.339111 3.322266
vt 3.316895 3.320312
vt 3.281250 3.318848
vt 3.316406 3.320557
vt 3.276611 3.306152
vt 3.316162 3.311523
vt 3.337891 3.312988
vt 3.380859 3.310547
vt 3.414307 3.310547
vt 3.438721 3.310791
vt 3.474609 3.308105
vt 3.433350 3.312744
vt 3.380371 3.317871
vt 3.330566 3.319336
vt 3.316162 3.311523
vt 3.329590 3.313477
vt 3.380371 3.312012
vt 3.433838 3.306396
vt 3.474365 3.303467
vt 3.438232 3.306396
vt 3.414551 3.305908
vt 3.099609 3.097900
vt 3.104004 3.102539
vt 3.122559 3.059082
vt 3.116699 3.057617
vt 3.104736 3.016113
vt 3.100342 3.017822
vt 3.062256 2.998291
vt 3.061035 3.001465
vt 3.018555 3.016113
vt 3.020752 3.017822
vt 3.000244 3.059082
vt 3.003662 3.057617
vt 3.017822 3.102539
vt 3.020020 3.097656
vt 3.061279 3.120605
vt 3.060059 3.114502
vt 3.089844 3.087402
vt 3.102295 3.056641
vt 3.090332 3.026123
vt 3.060059 3.013428
vt 3.029053 3.025879
vt 3.016113 3.056396
vt 3.028564 3.087158
vt 3.059082 3.099854
vt 3.078125 3.075195
vt 3.086182 3.055908
vt 3.078369 3.036621
vt 3.059082 3.028564
vt 3.041016 3.036865
vt 3.031494 3.055664
vt 3.039307 3.074951
vt 3.058594 3.083008
vt 3.058594 3.055420
vt 3.767578 3.354248
vt 2.896484 3.895996
vt 2.895752 3.895508
vt 2.895508 3.898682
vt 2.894531 3.895020
vt 2.894531 3.899170
vt 2.893311 3.895020
vt 2.893311 3.899414
vt 2.892334 3.895264
vt 2.892578 3.899414
vt 2.891602 3.896729
vt 2.891602 3.900879
vt 2.891357 3.899414
vt 2.891357 3.900391
vt 3.438965 3.863037
vt 3.453857 3.915283
vt 3.449219 3.944336
vt 3.444336 3.972900
vt 3.407959 3.963623
vt 3.413818 3.935059
vt 3.419434 3.906006
vt 3.656006 3.926025
vt 3.660156 3.960693
vt 3.635742 3.960693
vt 3.629395 3.964111
vt 3.616211 3.964111
vt 3.604004 3.959717
vt 3.595947 3.954346
vt 3.577881 3.949219
vt 3.583008 3.914062
vt 3.585449 3.898438
vt 3.549561 3.909668
vt 3.537354 3.943848
vt 3.574463 3.968506
vt 3.531982 3.962646
vt 3.528320 3.987549
vt 3.570068 3.993164
vt 3.595703 3.961182
vt 3.602783 3.967041
vt 3.614258 3.971191
vt 3.627441 3.971191
vt 3.634033 3.967041
vt 3.661865 3.979248
vt 3.660645 3.997559
vt 3.386963 3.978027
vt 3.356689 3.987061
vt 3.366699 3.971191
vt 3.336182 3.960449
vt 3.349609 3.920166
vt 3.311279 3.960449
vt 3.311279 3.914062
vt 3.357910 3.889404
vt 3.366211 3.839844
vt 3.398926 3.852295
vt 3.371338 3.796387
vt 3.311279 3.742432
vt 3.311279 3.717285
vt 3.311279 3.682617
vt 3.311279 3.791992
vt 3.311279 3.832031
vt 3.311279 3.881592
vt 3.682617 3.892090
vt 3.672607 3.913574
vt 3.679688 3.840820
vt 3.677490 3.813721
vt 3.708252 3.793701
vt 3.709961 3.774658
vt 3.711182 3.756836
vt 3.689941 3.722656
vt 3.713379 3.720703
vt 3.698486 3.686768
vt 3.712891 3.688721
vt 3.710693 3.661133
vt 3.738037 3.661865
vt 3.737305 3.691162
vt 3.737549 3.722412
vt 3.736328 3.759277
vt 3.736084 3.778320
vt 3.735596 3.794678
vt 3.761719 3.777588
vt 3.761230 3.757080
vt 3.761963 3.717529
vt 3.762207 3.688721
vt 3.762695 3.659912
vt 3.739746 3.627441
vt 3.722168 3.632324
vt 3.713379 3.659424
vt 3.714600 3.649902
vt 3.740234 3.614990
vt 3.764160 3.613281
vt 3.764160 3.607910
vt 3.786377 3.614258
vt 3.786621 3.606689
vt 3.805420 3.614746
vt 3.804443 3.605469
vt 3.835449 3.619873
vt 3.835205 3.612305
vt 3.858154 3.637207
vt 3.855469 3.615723
vt 3.888184 3.655762
vt 3.889160 3.683838
vt 3.866699 3.673096
vt 3.835938 3.639893
vt 3.814697 3.636719
vt 3.786621 3.626221
vt 3.763916 3.627197
vt 3.786133 3.656494
vt 3.786133 3.685303
vt 3.785645 3.716553
vt 3.787354 3.759521
vt 3.790771 3.775391
vt 3.762451 3.795166
vt 3.734375 3.816650
vt 3.706787 3.815186
vt 3.706787 3.841309
vt 3.705078 3.893311
vt 3.693848 3.901123
vt 3.714111 3.902832
vt 3.732910 3.894531
vt 3.732666 3.902344
vt 3.761475 3.894775
vt 3.751465 3.902832
vt 3.771729 3.903320
vt 3.783203 3.894775
vt 3.761230 3.842773
vt 3.734131 3.841797
vt 3.762695 3.816650
vt 3.791260 3.795166
vt 3.832764 3.776367
vt 3.829834 3.753174
vt 3.819092 3.713379
vt 3.821045 3.688721
vt 3.841553 3.686035
vt 3.791016 3.816895
vt 3.835693 3.790771
vt 3.854004 3.786865
vt 3.860107 3.775879
vt 3.843506 3.719482
vt 3.846191 3.711426
vt 3.872070 3.714355
vt 3.867920 3.684326
vt 3.891113 3.738770
vt 3.889648 3.694580
vt 3.916748 3.726562
vt 3.912842 3.666016
vt 3.886230 3.628906
vt 3.913086 3.642334
vt 3.951172 3.666748
vt 3.949951 3.649414
vt 3.995850 3.652100
vt 3.951172 3.713867
vt 3.916992 3.758789
vt 3.891602 3.746338
vt 3.869385 3.721436
vt 3.874756 3.781250
vt 3.874512 3.800781
vt 3.863281 3.811523
vt 3.866699 3.842285
vt 3.880615 3.822021
vt 3.890381 3.786133
vt 3.916504 3.765625
vt 3.950195 3.750732
vt 3.995850 3.706787
vt 3.995850 3.745850
vt 3.949219 3.771484
vt 3.995850 3.767822
vt 3.948486 3.815918
vt 3.995850 3.809814
vt 3.952148 3.852783
vt 3.995850 3.843506
vt 3.958252 3.895020
vt 3.995850 3.885498
vt 3.964355 3.927002
vt 3.995850 3.918457
vt 3.996826 3.962646
vt 3.973877 3.966553
vt 3.932617 3.940674
vt 3.954346 3.971436
vt 3.930420 3.965576
vt 3.929932 3.983398
vt 3.907227 3.972900
vt 3.929443 3.996582
vt 3.905518 3.991699
vt 3.908447 3.961670
vt 3.910645 3.935791
vt 3.912842 3.909912
vt 3.917725 3.862061
vt 3.908447 3.824219
vt 3.915527 3.781006
vt 3.885498 3.808838
vt 3.898193 3.812500
vt 3.840576 3.731445
vt 3.843262 3.726318
vt 3.835205 3.723389
vt 3.823975 3.745117
vt 3.821045 3.724854
vt 3.810547 3.746582
vt 3.811279 3.726807
vt 3.799072 3.741943
vt 3.799805 3.731689
vt 3.792480 3.735840
vt 3.790039 3.754883
vt 3.788574 3.743652
vt 3.799072 3.741943
vt 3.792480 3.735840
vt 3.799805 3.731689
vt 3.810547 3.746582
vt 3.811279 3.726807
vt 3.823975 3.745117
vt 3.821045 3.724854
vt 3.840576 3.731445
vt 3.835205 3.723389
vt 3.843262 3.726318
vt 3.833740 3.745117
vt 3.841797 3.741943
vt 3.843506 3.745117
vt 3.833740 3.745117
vt 3.841797 3.741943
vt 3.843506 3.745117
vt 3.464844 3.772461
vt 3.456787 3.781494
vt 3.478027 3.786621
vt 3.485352 3.768555
vt 3.502686 3.813721
vt 3.514404 3.799561
vt 3.540527 3.838135
vt 3.542969 3.872803
vt 3.513672 3.780518
vt 3.491943 3.736816
vt 3.491943 3.731934
vt 3.497314 3.702637
vt 3.501709 3.656982
vt 3.501953 3.628174
vt 3.541016 3.629883
vt 3.537842 3.666260
vt 3.529053 3.707764
vt 3.519775 3.734375
vt 3.516846 3.740234
vt 3.514893 3.861572
vt 3.524414 3.889893
vt 3.525146 3.934570
vt 3.523438 3.963867
vt 3.521240 3.992676
vt 3.681152 3.439941
vt 3.699951 3.444336
vt 3.676025 3.444336
vt 3.659668 3.434082
vt 3.642822 3.447998
vt 3.637939 3.424316
vt 3.621338 3.439941
vt 3.611084 3.454346
vt 3.603760 3.451660
vt 3.588135 3.461426
vt 3.977295 3.446533
vt 3.994385 3.511230
vt 3.956299 3.520752
vt 3.939209 3.456299
vt 3.910400 3.519775
vt 3.893555 3.455322
vt 3.862061 3.509766
vt 3.844727 3.445068
vt 3.909668 3.520020
vt 3.892822 3.455566
vt 3.955566 3.520996
vt 3.938477 3.456543
vt 3.993652 3.511230
vt 3.976318 3.446777
vt 3.772217 3.441162
vt 3.760254 3.435547
vt 3.774414 3.432861
vt 3.785400 3.445312
vt 3.794434 3.428467
vt 3.798828 3.451172
vt 3.808838 3.440674
vt 3.813965 3.425049
vt 3.819336 3.431641
vt 3.828369 3.421875
vt 3.977295 3.446533
vt 3.994385 3.511230
vt 3.956299 3.520752
vt 3.939209 3.456299
vt 3.910400 3.519775
vt 3.893555 3.455322
vt 3.862061 3.509766
vt 3.844727 3.445068
vt 3.909668 3.520020
vt 3.892822 3.455566
vt 3.955566 3.520996
vt 3.938477 3.456543
vt 3.993652 3.511230
vt 3.976318 3.446777
vt 3.393799 3.473389
vt 3.387695 3.467773
vt 3.431152 3.436035
vt 3.418213 3.468262
vt 3.440918 3.459717
vt 3.469482 3.456787
vt 3.441406 3.458496
vt 3.418701 3.467285
vt 3.388428 3.466553
vt 3.394287 3.472412
vt 3.970703 3.391846
vt 3.985596 3.447998
vt 3.943359 3.458740
vt 3.928711 3.403320
vt 3.892090 3.459473
vt 3.880371 3.413086
vt 3.845947 3.448730
vt 3.836914 3.418701
vt 3.891357 3.459473
vt 3.879639 3.413330
vt 3.942383 3.458984
vt 3.927734 3.403564
vt 3.984619 3.448242
vt 3.969971 3.392090
vt 3.834229 3.814209
vt 3.788330 3.843750
vt 3.819824 3.895508
vt 3.800293 3.906006
vt 3.817139 3.917236
vt 3.855469 3.910889
vt 3.856934 3.892334
vt 3.828369 3.843506
vt 3.631348 3.977295
vt 3.625244 3.979004
vt 3.612061 3.979004
vt 3.602295 3.973633
vt 3.594971 3.968994
vt 3.628906 3.298096
vt 3.600342 3.310547
vt 3.592529 3.280518
vt 3.634521 3.360352
vt 3.610107 3.370605
vt 3.614990 3.418213
vt 3.557373 3.391846
vt 3.564697 3.451416
vt 3.492188 3.405029
vt 3.500732 3.467285
vt 3.556885 3.390381
vt 3.564697 3.451416
vt 3.610107 3.370605
vt 3.614990 3.418213
vt 3.634521 3.360352
vt 3.600342 3.310547
vt 3.628906 3.298096
vt 3.592529 3.280518
vt 3.548584 3.328125
vt 3.483643 3.343018
vt 3.549316 3.329834
vt 3.541992 3.276367
vt 3.475342 3.280762
vt 3.541748 3.274902
vt 3.668457 3.949707
vt 3.667480 3.931396
vt 3.676514 3.915771
vt 3.675293 3.937988
vt 3.715332 3.905273
vt 3.710449 3.928955
vt 3.752441 3.914307
vt 3.756592 3.932617
vt 3.788086 3.930420
vt 3.791748 3.956543
vt 3.826904 3.922119
vt 3.825439 3.947266
vt 3.868652 3.923584
vt 3.868408 3.950195
vt 3.907227 3.945312
vt 3.901367 3.962402
vt 3.868652 3.923584
vt 3.868408 3.950195
vt 3.826904 3.922119
vt 3.825439 3.947266
vt 3.788086 3.930420
vt 3.791748 3.956543
vt 3.752441 3.914307
vt 3.756592 3.932617
vt 3.715332 3.905273
vt 3.710449 3.928955
vt 3.676514 3.915771
vt 3.675293 3.937988
vt 3.667480 3.931396
vt 3.668457 3.949707
vt 3.679932 3.967041
vt 3.674072 3.975586
vt 3.685303 3.984131
vt 3.680908 3.991211
vt 3.715576 3.987061
vt 3.714844 3.994873
vt 3.768311 3.983154
vt 3.771240 3.994385
vt 3.793701 3.980713
vt 3.794922 3.991455
vt 3.825195 3.969971
vt 3.828125 3.979980
vt 3.865723 3.970947
vt 3.865234 3.979736
vt 3.896973 3.979248
vt 3.895264 3.988770
vt 3.865723 3.970947
vt 3.865234 3.979736
vt 3.825195 3.969971
vt 3.828125 3.979980
vt 3.793701 3.980713
vt 3.794922 3.991455
vt 3.768311 3.983154
vt 3.771240 3.994385
vt 3.715576 3.987061
vt 3.714844 3.994873
vt 3.685303 3.984131
vt 3.680908 3.991211
vt 3.679932 3.967041
vt 3.674072 3.975586
vt 3.714600 3.964600
vt 3.764160 3.957275
vt 3.764160 3.957275
vt 3.714600 3.964600
vn -0.9840 0.1649 0.0672
vn -0.9777 0.1940 0.0798
vn -0.8269 0.1187 -0.5497
vn -0.6360 0.1150 -0.7631
vn -0.3364 0.0475 -0.9405
vn -0.2146 0.0654 -0.9745
vn -0.0548 -0.0380 -0.9978
vn 0.0484 0.0220 -0.9986
vn 0.0325 -0.1026 -0.9942
vn 0.0190 0.0269 -0.9995
vn 0.0184 -0.1339 -0.9908
vn 0.0457 -0.0413 -0.9981
vn 0.2901 -0.0052 -0.9570
vn 0.3742 0.0989 -0.9220
vn 0.7213 0.1488 -0.6765
vn 0.8142 0.2235 -0.5359
vn 0.9759 0.2056 -0.0736
vn 0.9588 0.1517 0.2401
vn 0.8209 0.1135 0.5597
vn 0.7125 -0.0602 0.6991
vn 0.4841 0.0016 0.8750
vn 0.2881 -0.2088 0.9346
vn 0.0571 -0.0032 0.9984
vn 0.0011 -0.1884 0.9821
vn -0.2970 0.0303 0.9544
vn -0.4279 -0.1197 0.8959
vn -0.7551 0.1386 0.6407
vn -0.6938 0.1103 0.7116
vn -0.9795 0.1807 0.0888
vn -0.7643 0.0691 -0.6411
vn -0.3547 -0.0685 -0.9325
vn -0.1248 -0.1681 -0.9778
vn -0.0208 -0.2375 -0.9712
vn 0.1595 -0.1092 -0.9811
vn 0.4897 0.0059 -0.8719
vn 0.8268 0.0745 -0.5575
vn 0.9819 0.1816 0.0537
vn 0.7961 0.2003 0.5711
vn 0.3383 0.3586 0.8700
vn -0.0021 0.3960 0.9182
vn -0.3839 0.4183 0.8232
vn -0.7357 0.3084 0.6030
vn -0.9778 0.1954 0.0760
vn -0.7611 0.0607 -0.6458
vn -0.3831 -0.0174 -0.9235
vn -0.2095 -0.1595 -0.9647
vn 0.0217 -0.1920 -0.9812
vn 0.2619 -0.0542 -0.9636
vn 0.5091 -0.0675 -0.8581
vn 0.8479 0.0325 -0.5291
vn 0.9896 0.1403 0.0312
vn 0.7349 0.3723 0.5668
vn 0.2492 0.5869 0.7704
vn -0.0016 0.5868 0.8097
vn -0.3301 0.5541 0.7642
vn -0.6713 0.3893 0.6307
vn -0.9736 0.2257 0.0345
vn -0.6575 0.0889 -0.7482
vn -0.4559 -0.0193 -0.8898
vn -0.2038 -0.1387 -0.9691
vn 0.1397 -0.0927 -0.9858
vn 0.3144 -0.0504 -0.9480
vn 0.5864 -0.0187 -0.8098
vn 0.8838 0.0617 -0.4638
vn 0.9631 0.2593 0.0720
vn 0.5402 0.5404 0.6451
vn 0.2061 0.5585 0.8035
vn -0.0519 0.5505 0.8332
vn -0.2903 0.5082 0.8109
vn -0.5757 0.4682 0.6703
vn -0.6889 0.3019 0.6590
vn -0.9532 0.2426 0.1806
vn -0.6425 0.1481 0.7518
vn -0.9362 0.3141 -0.1575
vn -0.7533 0.1691 -0.6355
vn -0.5176 0.0973 -0.8501
vn -0.2989 0.0680 -0.9519
vn 0.0737 0.0465 -0.9962
vn 0.3157 0.0386 -0.9481
vn 0.5634 0.1019 -0.8199
vn 0.8302 0.1697 -0.5310
vn 0.9666 0.2266 0.1196
vn 0.6461 0.3178 0.6939
vn 0.2700 0.2630 0.9262
vn -0.0154 0.2302 0.9730
vn -0.3098 0.3282 0.8924
vn -0.2616 0.0634 0.9631
vn 0.0176 -0.4629 0.8862
vn 0.3484 0.0437 0.9363
vn 0.7112 0.1802 0.6795
vn 0.9608 0.2720 -0.0527
vn 0.7652 0.2797 -0.5798
vn 0.5444 0.1800 -0.8193
vn 0.2816 0.1286 -0.9509
vn 0.0846 -0.1875 -0.9786
vn -0.4416 -0.2453 -0.8630
vn -0.5093 0.2064 -0.8355
vn -0.6386 -0.6903 -0.3400
vn 0.7081 0.3586 -0.6082
vn 0.5142 0.6468 -0.5633
vn -0.1784 0.6260 -0.7591
vn 0.1205 0.2182 -0.9684
vn -0.6009 0.1029 -0.7927
vn -0.7574 0.2894 -0.5853
vn -0.6513 0.6422 -0.4043
vn -0.9071 0.3323 -0.2583
vn -0.9933 -0.0519 -0.1037
vn -0.9948 -0.0435 0.0924
vn -0.9963 -0.0810 -0.0286
vn -0.9813 -0.1125 0.1561
vn -0.6209 -0.7822 0.0515
vn -0.6249 -0.7759 0.0865
vn -0.9290 0.3574 0.0960
vn -0.3811 0.9024 -0.2013
vn -0.2238 0.8280 -0.5142
vn 0.2441 0.8131 -0.5284
vn 0.7770 0.5833 -0.2366
vn 0.8448 0.4577 -0.2773
vn 0.9697 0.2291 0.0851
vn 0.9485 0.2510 0.1932
vn 0.9494 0.3049 0.0758
vn 0.9654 0.1510 0.2126
vn 0.9051 -0.4064 0.1247
vn 0.7172 -0.6785 0.1589
vn 0.0000 -1.0000 -0.0000
vn -0.7776 -0.6201 0.1044
vn -0.7008 -0.6424 -0.3102
vn -0.4829 -0.3325 -0.8101
vn -0.0202 -0.3174 -0.9481
vn 0.4700 -0.3298 -0.8188
vn 0.8170 -0.5128 -0.2639
vn 0.5768 -0.8149 0.0571
vn 0.9585 0.2766 0.0692
vn 0.6282 0.7666 -0.1330
vn 0.2174 0.9199 -0.3263
vn -0.0837 0.9387 -0.3344
vn 0.0405 0.7698 -0.6370
vn -0.1931 0.7275 -0.6584
vn -0.7536 0.6001 -0.2684
vn 0.4049 0.7468 -0.5276
vn 0.7040 0.6564 -0.2713
vn 0.9962 0.0628 0.0599
vn 0.7462 0.0711 0.6619
vn 0.8118 0.1942 0.5507
vn 0.8383 0.2579 0.4804
vn 0.8372 0.1755 0.5180
vn 0.6947 -0.5064 0.5108
vn -0.2029 -0.7990 0.5660
vn -0.7688 -0.5235 0.3672
vn -0.8678 -0.0174 0.4967
vn -0.8623 0.0717 0.5013
vn -0.7805 -0.0320 0.6243
vn -0.9987 -0.0274 0.0440
vn -0.6188 -0.0304 0.7850
vn -0.5016 -0.8341 -0.2293
vn -0.0217 -0.7586 -0.6512
vn 0.1762 -0.9518 -0.2511
vn -0.3456 -0.9357 0.0707
vn 0.3680 -0.9192 0.1401
vn -0.1513 -0.9618 0.2279
vn 0.1263 -0.8554 0.5024
vn 0.9275 -0.3546 0.1186
vn 0.7869 -0.2976 0.5406
vn -0.1560 -0.3424 0.9265
vn 0.6052 0.2440 0.7578
vn 0.1594 0.5572 0.8149
vn -0.5143 0.0843 0.8534
vn -0.6659 -0.5351 0.5198
vn -0.4857 -0.7678 0.4178
vn -0.3705 -0.8517 0.3705
vn -0.7402 0.2795 -0.6116
vn -0.9178 0.3968 -0.0152
vn -0.9380 0.3395 0.0696
vn -0.7811 0.0426 -0.6230
vn -0.9807 -0.1796 -0.0773
vn -0.7793 -0.2388 -0.5793
vn -0.9660 -0.2442 -0.0853
vn -0.7650 -0.2762 -0.5818
vn -0.9738 -0.2196 -0.0586
vn -0.7136 -0.3145 -0.6260
vn -0.9688 -0.2298 -0.0924
vn -0.6752 -0.3084 -0.6701
vn -0.9758 -0.1928 -0.1032
vn -0.7808 -0.4008 -0.4793
vn -0.9860 -0.1449 0.0824
vn -0.9341 -0.2446 -0.2601
vn -0.9766 -0.1907 -0.0999
vn -0.9664 -0.1556 -0.2044
vn -0.8079 -0.3042 -0.5048
vn -0.7266 -0.2040 -0.6561
vn -0.3821 -0.3560 -0.8528
vn -0.4987 -0.2040 -0.8424
vn -0.0132 -0.3183 -0.9479
vn 0.0892 -0.1614 -0.9829
vn 0.7923 -0.0482 -0.6082
vn 0.7705 -0.2077 -0.6026
vn 0.7651 -0.2646 -0.5871
vn 0.9991 0.0198 -0.0366
vn 0.9991 -0.0162 -0.0393
vn 0.9955 -0.0101 -0.0937
vn 0.8163 0.1017 0.5686
vn 0.7398 0.1727 0.6503
vn 0.1363 0.0275 0.9903
vn -0.0773 0.0183 0.9968
vn -0.7053 -0.0975 0.7022
vn -0.7105 -0.0324 0.7030
vn -0.6883 0.0158 0.7253
vn -0.6665 0.1162 0.7364
vn -0.6992 0.1875 0.6899
vn -0.7748 0.0385 0.6310
vn -0.7885 -0.0381 0.6138
vn -0.7036 0.0184 0.7104
vn -0.9924 -0.1228 -0.0102
vn -0.7033 -0.1801 0.6877
vn -0.9849 -0.1696 0.0354
vn -0.7007 -0.1715 0.6926
vn -0.9919 -0.0920 0.0879
vn -0.0481 -0.1856 0.9815
vn 0.1132 0.0404 0.9928
vn 0.7473 -0.1057 0.6560
vn 0.9979 -0.0465 0.0457
vn 0.9852 -0.1455 0.0902
vn 0.6533 -0.1752 0.7365
vn -0.0153 -0.1883 0.9820
vn 0.0105 -0.0999 0.9949
vn 0.0070 -0.0327 0.9994
vn -0.1180 0.1493 0.9817
vn -0.2211 0.4674 0.8559
vn -0.1313 0.3392 0.9315
vn -0.1340 0.1296 0.9825
vn 0.6255 0.1709 0.7613
vn 0.9881 0.0549 -0.1438
vn 0.7212 -0.1473 -0.6769
vn 0.0576 -0.5637 -0.8240
vn -0.5013 -0.5517 -0.6666
vn -0.5549 -0.5700 -0.6060
vn -0.5508 -0.4802 -0.6827
vn -0.7608 -0.2431 -0.6017
vn -0.8295 -0.3285 -0.4517
vn -0.7293 -0.3994 -0.5556
vn -0.0410 -0.0379 -0.9984
vn -0.0916 0.1581 -0.9832
vn -0.7260 0.0081 -0.6877
vn -0.7334 -0.1146 -0.6701
vn -0.7467 -0.0926 -0.6587
vn 0.0100 -0.0702 -0.9975
vn 0.7744 -0.0066 -0.6327
vn 0.7324 -0.0927 -0.6745
vn 0.0200 -0.0973 -0.9951
vn -0.0921 0.0346 -0.9951
vn 0.6935 0.0549 -0.7183
vn 0.9954 -0.0040 -0.0962
vn 0.7408 -0.0554 0.6695
vn 0.6406 0.0005 0.7679
vn 0.4426 0.0621 0.8946
vn 0.2592 0.4888 0.8330
vn 0.6707 0.5245 0.5245
vn 0.9871 -0.0455 -0.1534
vn 0.8938 0.3457 -0.2856
vn 0.8700 -0.0484 -0.4906
vn 0.7092 0.3811 -0.5931
vn 0.7331 -0.0301 -0.6795
vn 0.7640 -0.2031 -0.6125
vn 0.0640 -0.3852 -0.9206
vn -0.6931 -0.3534 -0.6282
vn -0.7235 -0.1787 -0.6668
vn -0.4921 -0.3745 -0.7858
vn -0.2630 -0.5281 -0.8074
vn 0.0816 -0.0808 -0.9934
vn -0.0971 -0.2332 -0.9676
vn 0.8570 0.0255 -0.5148
vn 0.8751 -0.0560 -0.4807
vn 0.6001 0.3079 -0.7383
vn 0.6703 0.2214 -0.7083
vn 0.9950 0.0983 0.0198
vn 0.8421 0.1744 0.5103
vn 0.7397 0.4376 0.5113
vn 0.8394 0.5187 -0.1621
vn 0.8981 0.3569 -0.2570
vn -0.8290 -0.1706 0.5326
vn -0.9868 -0.1620 0.0057
vn -0.6455 -0.2628 0.7171
vn -0.1233 -0.0790 0.9892
vn 0.7583 0.0601 0.6492
vn 0.9975 0.0351 0.0607
vn 0.9969 0.0740 -0.0279
vn 0.7199 0.0342 0.6932
vn 0.1737 -0.1323 0.9759
vn 0.7341 0.2639 -0.6257
vn 0.9380 0.3430 -0.0499
vn 0.9381 0.3439 -0.0409
vn 0.7247 0.0170 -0.6889
vn 0.9865 -0.1241 -0.1070
vn 0.7271 -0.1288 -0.6743
vn 0.9846 -0.1748 -0.0040
vn 0.7381 -0.1054 -0.6664
vn 0.9797 -0.1484 0.1345
vn 0.9960 -0.0456 -0.0764
vn 0.6060 0.1225 -0.7860
vn 0.0136 -0.0722 -0.9973
vn -0.1351 0.3110 -0.9408
vn -0.7850 0.0006 -0.6195
vn -0.7319 0.3534 -0.5826
vn -0.9876 0.1569 -0.0082
vn -0.9901 -0.0661 0.1238
vn -0.9927 -0.1093 -0.0513
vn -0.6988 -0.0807 -0.7107
vn 0.0099 -0.0965 -0.9953
vn 0.0061 0.0409 -0.9991
vn 0.2105 0.1617 -0.9641
vn 0.7792 -0.0226 -0.6264
vn 0.9835 -0.1759 -0.0416
vn 0.8188 -0.2124 -0.5333
vn 0.9691 -0.2413 -0.0517
vn 0.7566 -0.3136 -0.5738
vn 0.9693 -0.2453 -0.0195
vn 0.7255 -0.3090 -0.6150
vn 0.9643 -0.2483 -0.0917
vn 0.7327 -0.3640 -0.5750
vn 0.9324 -0.2080 -0.2955
vn 0.8628 -0.3196 -0.3916
vn 0.9888 -0.1435 0.0415
vn 0.9511 -0.2349 -0.2004
vn 0.7211 -0.3773 -0.5810
vn 0.6019 -0.5614 -0.5679
vn 0.6590 -0.3517 -0.6649
vn 0.8345 -0.2999 -0.4622
vn 0.8216 -0.3286 -0.4659
vn 0.7172 -0.3241 -0.6169
vn -0.0771 -0.0100 -0.9970
vn -0.6890 0.2000 -0.6966
vn -0.7376 -0.0031 -0.6753
vn -0.9952 0.0315 -0.0928
vn -0.9906 0.1179 0.0690
vn -0.7904 -0.0336 0.6117
vn -0.6938 -0.1528 0.7038
vn -0.7112 -0.1039 0.6952
vn -0.7145 0.0768 0.6954
vn -0.0991 -0.1456 0.9844
vn 0.1723 0.0181 0.9849
vn 0.6561 -0.1745 0.7342
vn 0.6944 -0.0524 0.7176
vn 0.6734 -0.1996 0.7119
vn 0.7382 -0.1278 0.6623
vn 0.7528 0.2164 0.6216
vn 0.7948 0.0136 0.6067
vn 0.7505 0.0703 0.6571
vn 0.6856 0.1466 0.7131
vn 0.6558 0.0231 0.7546
vn 0.7205 -0.0250 0.6930
vn 0.7306 -0.1035 0.6749
vn 0.0773 0.0183 0.9968
vn 0.0705 -0.0043 0.9975
vn -0.7583 0.1083 0.6429
vn -0.7419 0.1128 0.6610
vn -0.9989 -0.0385 -0.0256
vn -0.9892 0.0839 0.1205
vn -0.8309 -0.1336 -0.5402
vn -0.9972 0.0348 0.0660
vn -0.7553 -0.0566 -0.6529
vn -0.9907 0.0764 -0.1127
vn -0.6638 0.0669 -0.7449
vn -0.0892 -0.1614 -0.9829
vn 0.2634 -0.0468 -0.9636
vn 0.4794 -0.1961 -0.8554
vn 0.8322 -0.1337 -0.5381
vn 0.7833 -0.1961 -0.5899
vn 0.3750 -0.3432 -0.8612
vn 0.4364 -0.5230 -0.7321
vn 0.4538 -0.4607 -0.7628
vn 0.6559 -0.1388 -0.7420
vn 0.6925 -0.3408 -0.6358
vn -0.0640 -0.3852 -0.9206
vn -0.7309 -0.0174 -0.6822
vn -0.6351 0.3476 -0.6898
vn -0.9535 0.2847 -0.0987
vn -0.7069 0.0186 0.7071
vn -0.0691 -0.1066 0.9919
vn 0.0167 -0.2030 0.9790
vn 0.0748 -0.0162 0.9971
vn -0.3890 0.1315 0.9118
vn -0.8183 0.1841 0.5445
vn -0.8502 0.4811 -0.2139
vn -0.6929 0.3938 -0.6040
vn -0.8521 -0.0550 -0.5205
vn -0.8440 -0.1791 -0.5055
vn -0.1160 -0.2016 -0.9726
vn 0.0654 -0.1735 -0.9827
vn 0.0673 -0.2385 -0.9688
vn 0.0802 -0.6095 -0.7887
vn -0.0033 -0.3180 -0.9481
vn -0.7234 -0.3174 -0.6132
vn -0.9956 -0.0213 -0.0914
vn -0.6986 0.1968 0.6880
vn 0.0602 0.1264 0.9902
vn 0.1435 0.4017 0.9045
vn 0.1942 0.3313 0.9233
vn 0.1754 0.2195 0.9597
vn -0.2887 0.4793 0.8288
vn -0.7024 0.4694 0.5350
vn -0.9747 0.0415 -0.2196
vn -0.7431 -0.1866 -0.6426
vn -0.7102 0.0130 -0.7039
vn -0.9101 -0.0327 -0.4132
vn -0.9871 -0.0455 -0.1534
vn -0.8712 0.4084 -0.2724
vn -0.7708 0.5022 0.3920
vn 0.1684 0.1334 0.9767
vn 0.1089 0.2713 0.9563
vn -0.1284 0.2164 0.9678
vn 0.8797 -0.0251 0.4748
vn 0.5955 -0.7514 0.2844
vn 0.7552 -0.6508 0.0779
vn 0.9929 -0.1190 0.0053
vn 0.5806 -0.8120 0.0590
vn 0.9940 0.0220 0.1072
vn 0.7059 -0.7006 0.1038
vn 0.8997 0.4358 0.0244
vn 0.7438 -0.6390 -0.1961
vn 0.6769 0.6581 -0.3297
vn 0.4829 -0.3325 -0.8101
vn 0.2043 0.7824 -0.5883
vn 0.0175 -0.5748 -0.8181
vn -0.0780 0.7546 -0.6515
vn -0.4819 0.0294 -0.8757
vn -0.4604 0.6772 -0.5739
vn -0.7146 -0.6219 -0.3203
vn 0.2029 -0.7990 0.5660
vn -0.7149 -0.6893 0.1172
vn -0.8421 -0.1614 0.5145
vn -0.9649 0.1930 0.1779
vn -0.8250 0.2003 0.5284
vn -0.9583 0.2233 0.1785
vn -0.8284 0.2465 0.5030
vn -0.9530 0.2518 0.1685
vn -0.7662 0.2167 0.6050
vn -0.7979 0.4909 -0.3497
vn -0.4026 0.6457 -0.6489
vn 0.3070 0.5768 -0.7570
vn 0.7809 0.2802 -0.5583
vn 0.9957 -0.0624 0.0689
vn 0.8171 -0.0315 0.5757
vn 0.9886 -0.0856 0.1239
vn 0.8343 0.0915 0.5436
vn 0.9531 0.2225 -0.2053
vn 0.4721 0.8608 -0.1901
vn 0.0714 0.9459 -0.3165
vn -0.1348 0.9396 -0.3146
vn -0.7718 0.5998 -0.2108
vn -0.7510 -0.6571 0.0653
vn -0.6056 -0.7913 0.0843
vn -0.9514 0.2928 0.0956
vn -0.8451 0.5171 -0.1353
vn -0.3279 0.8282 -0.4546
vn 0.1653 0.8191 -0.5493
vn 0.6964 0.5965 -0.3990
vn -0.6050 0.7778 -0.1704
vn -0.9470 0.3103 0.0833
vn -0.1684 0.1334 0.9766
vn -0.0940 0.2698 0.9583
vn 0.1758 0.2019 0.9635
vn -0.8234 -0.0145 -0.5673
vn -0.7375 -0.1317 -0.6623
vn -0.6534 0.4170 -0.6318
vn -0.5126 0.5442 -0.6642
vn -0.0949 0.9729 -0.2111
vn 0.1317 0.8974 -0.4210
vn 0.5899 0.8006 0.1054
vn 0.7355 0.6319 -0.2444
vn 0.9808 0.1947 0.0072
vn 0.9771 -0.0672 -0.2020
vn 0.7024 -0.7074 0.0787
vn 0.6064 -0.7658 -0.2142
vn 0.0831 -0.9965 0.0000
vn 0.0073 -0.9466 -0.3223
vn -0.4968 -0.7666 -0.4069
vn -0.6406 -0.5653 -0.5197
vn -0.6925 0.0255 -0.7210
vn -0.3079 0.4939 -0.8132
vn 0.0972 0.7293 -0.6772
vn 0.7466 0.4320 -0.5059
vn 0.8303 -0.1267 -0.5428
vn 0.6893 -0.5599 -0.4598
vn 0.0657 -0.7866 -0.6140
vn -0.3082 -0.6039 -0.7350
vn -0.2855 0.0855 -0.9546
vn -0.1983 0.3107 -0.9296
vn 0.3362 0.2635 -0.9042
vn 0.6298 -0.0542 -0.7748
vn 0.7947 -0.0840 -0.6012
vn 0.4275 -0.4753 -0.7690
vn 0.1278 -0.7955 -0.5923
vn 0.0642 -0.5787 -0.8130
vn 0.2233 -0.0731 -0.9720
vn -0.0043 0.6111 0.7916
vn -0.5106 0.5578 0.6543
vn -0.6388 0.4554 0.6201
vn -0.0774 0.4948 0.8656
vn -0.5499 0.3065 0.7770
vn -0.0139 0.3279 0.9446
vn -0.6242 0.2238 0.7486
vn -0.0083 0.2333 0.9724
vn -0.4848 0.2271 0.8446
vn 0.0564 0.2154 0.9749
vn -0.0055 0.2545 0.9671
vn -0.5414 0.2833 0.7916
vn -0.7873 0.1907 0.5864
vn -0.7868 0.2208 0.5763
vn 0.5956 0.3142 0.7393
vn 0.9539 0.2772 0.1152
vn 0.9179 0.3911 0.0673
vn 0.5151 0.4966 0.6986
vn 0.8704 0.4643 0.1635
vn 0.4876 0.5868 0.6464
vn 0.9899 0.1360 -0.0407
vn 0.8418 0.0750 -0.5345
vn 0.8099 0.0758 -0.5816
vn 0.9782 0.1584 0.1344
vn 0.8189 0.0668 -0.5700
vn 0.9779 0.1662 0.1269
vn -0.3689 0.2721 -0.8887
vn -0.3142 0.1304 -0.9404
vn -0.7789 0.3102 -0.5451
vn -0.6495 0.3277 -0.6861
vn -0.9551 -0.2601 0.1418
vn -0.3232 0.3164 -0.8919
vn -0.3086 0.0783 -0.9480
vn -0.0722 0.1225 -0.9898
vn 0.0212 0.0693 -0.9974
vn 0.4081 0.0973 -0.9077
vn 0.5210 0.0441 -0.8524
vn -0.8096 0.2814 0.5151
vn -0.8947 0.3964 0.2061
vn -0.9176 0.3921 0.0648
vn 0.6572 0.2243 0.7195
vn 0.5761 0.2188 0.7876
vn 0.5958 0.2156 0.7737
vn 0.0007 0.2235 -0.9747
vn 0.4256 0.1958 -0.8834
vn 0.3395 0.3369 -0.8782
vn 0.7631 0.2964 -0.5743
vn 0.7889 0.3378 -0.5134
vn -0.0891 0.3463 -0.9339
vn -0.2633 0.1146 -0.9579
vn -0.3081 0.0648 -0.9491
vn 0.0099 0.0903 -0.9959
vn 0.0206 0.1168 -0.9929
vn 0.4966 0.1034 -0.8618
vn 0.4511 0.0694 -0.8897
vn 0.1438 0.6774 0.7214
vn -0.8800 -0.1625 0.4463
vn -0.7994 0.3193 0.5089
vn 0.4371 0.3618 -0.8235
vn 0.8423 -0.5078 -0.1807
vn 0.8276 -0.0265 -0.5607
vn -0.7863 -0.3413 0.5150
vn -0.8914 -0.1090 0.4398
vn -0.5884 -0.6290 0.5080
vn 0.7796 -0.6135 0.1258
vn 0.7622 -0.6295 0.1508
vn 0.8118 -0.3674 -0.4540
vn 0.8422 -0.0572 -0.5361
vn 0.8673 -0.3651 0.3385
vn -0.4312 0.6579 -0.6175
vn -0.9476 -0.0117 -0.3192
vn -0.9714 0.2308 0.0557
vn -0.7455 0.4479 -0.4937
vn -0.4573 0.7665 -0.4509
vn -0.3661 0.9045 0.2187
vn -0.7818 0.6205 -0.0616
vn -0.9720 0.1897 0.1387
vn -0.8442 0.5194 0.1323
vn -0.4899 0.5334 0.6895
vn -0.8736 0.4866 -0.0068
vn -0.9690 -0.0540 0.2411
vn -0.7984 0.1586 0.5809
vn -0.9197 0.1890 0.3440
vn -0.8288 0.1091 0.5488
vn -0.2586 -0.1812 0.9488
vn -0.0094 -0.0196 0.9998
vn 0.5140 -0.2733 0.8131
vn 0.6135 -0.0757 0.7861
vn 0.9939 0.0182 0.1088
vn 0.9736 0.0569 0.2209
vn 0.9301 -0.3465 -0.1220
vn 0.9568 0.0263 0.2897
vn 0.8431 0.3595 -0.3999
vn 0.9481 -0.2637 -0.1779
vn 0.8906 0.2927 -0.3480
vn 0.6879 0.3664 -0.6266
vn 0.3984 0.3838 -0.8330
vn 0.3993 0.5897 -0.7020
vn -0.0764 0.5127 -0.8552
vn -0.1639 0.7170 -0.6775
vn -0.5265 0.4563 -0.7173
vn -0.8995 0.4121 -0.1449
vn -0.6429 0.5702 -0.5114
vn -0.6177 0.5728 -0.5388
vn -0.8205 0.4827 -0.3063
vn -0.6096 0.7060 -0.3605
vn 0.7649 0.3131 -0.5629
vn 0.4203 0.3753 -0.8261
vn 0.0684 0.4807 -0.8742
vn -0.6495 0.5258 -0.5493
vn -0.3915 0.7477 -0.5363
vn -0.5114 0.6329 -0.5813
vn -0.2232 0.7497 -0.6230
vn -0.0312 0.5240 -0.8511
vn 0.0027 0.5045 -0.8634
vn -0.6398 0.4071 -0.6518
vn -0.3372 0.0386 -0.9407
vn -0.2722 -0.0806 -0.9589
vn 0.9819 0.1797 0.0591
vn 0.9898 0.0853 0.1138
vn 0.9996 -0.0263 0.0137
vn 0.9827 -0.0325 0.1825
vn 0.9221 -0.2397 0.3037
vn 0.6807 -0.1118 0.7240
vn 0.6391 0.2302 0.7339
vn 0.6119 -0.0797 0.7869
vn 0.6635 0.0348 0.7474
vn 0.7133 -0.0490 0.6992
vn 0.7609 -0.0981 0.6415
vn 0.8116 -0.1533 0.5638
vn 0.6718 -0.2585 0.6942
vn 0.8260 -0.2363 0.5118
vn 0.8738 -0.2686 0.4054
vn 0.7592 -0.4771 0.4427
vn 0.9718 -0.1388 0.1904
vn 0.6452 -0.6966 0.3137
vn 0.8386 -0.3334 0.4309
vn 0.6740 -0.7238 -0.1477
vn 0.6739 -0.6535 -0.3446
vn 0.8789 0.2016 -0.4323
vn 0.9002 0.1914 -0.3912
vn 0.8801 0.4586 -0.1225
vn 0.9555 0.2911 0.0475
vn 0.7403 0.4878 0.4626
vn 0.9796 0.1923 -0.0586
vn 0.9686 -0.1264 0.2142
vn 0.8179 -0.4758 -0.3235
vn 0.9854 -0.1115 -0.1284
vn 0.9732 -0.2149 -0.0824
vn 0.9908 -0.0594 -0.1213
vn 0.9789 -0.1526 -0.1361
vn 0.9817 -0.0859 -0.1697
vn 0.9505 0.0503 -0.3065
vn 0.9414 0.2106 -0.2634
vn 0.9858 0.0160 -0.1674
vn 0.9546 -0.1827 -0.2353
vn 0.9850 -0.0084 -0.1721
vn 0.5803 -0.2196 0.7842
vn 0.0223 -0.2656 0.9638
vn -0.7931 0.0883 0.6026
vn -0.3447 -0.2426 0.9068
vn -0.5797 -0.2642 0.7708
vn -0.8527 0.1447 0.5019
vn -0.5544 -0.0741 0.8289
vn -0.7173 0.3516 0.6015
vn -0.5564 0.2808 0.7820
vn -0.6373 0.3547 0.6842
vn -0.4083 0.4476 0.7956
vn -0.2487 0.4481 0.8587
vn -0.3164 -0.1044 0.9429
vn -0.1834 0.1754 0.9673
vn -0.1176 -0.2659 0.9568
vn -0.1120 -0.2416 0.9639
vn 0.1587 -0.8890 0.4296
vn -0.0153 -0.9366 0.3500
vn 0.2910 -0.7081 0.6433
vn 0.5129 0.3364 0.7898
vn 0.8268 -0.4677 0.3126
vn 0.9430 0.3270 0.0610
vn 0.7426 -0.5284 -0.4116
vn 0.7311 0.1254 -0.6707
vn 0.4004 -0.2195 -0.8897
vn 0.3327 -0.0475 -0.9418
vn 0.0846 -0.1876 -0.9786
vn -0.0817 -0.0032 -0.9967
vn -0.4417 -0.2453 -0.8630
vn -0.3881 -0.0276 -0.9212
vn -0.6387 -0.6903 -0.3400
vn -0.7395 0.0828 -0.6681
vn -0.9198 0.3015 0.2512
vn 0.2917 -0.9433 -0.1585
vn 0.8491 -0.3693 -0.3776
vn 0.9419 -0.3322 0.0507
vn 0.4874 -0.5491 0.6789
vn 0.4084 -0.6942 0.5927
vn 0.5383 -0.8346 0.1170
vn 0.2419 -0.6765 0.6956
vn -0.1321 -0.2034 0.9701
vn -0.1857 -0.2011 0.9618
vn -0.2510 0.0164 0.9678
vn -0.2538 -0.1440 0.9565
vn 0.4648 -0.2746 0.8417
vn 0.4889 -0.1398 0.8610
vn 0.3805 -0.3100 0.8713
vn 0.3676 -0.3711 0.8527
vn -0.3547 0.8716 0.3384
vn -0.0817 0.9824 0.1679
vn -0.1528 0.9871 0.0485
vn -0.3079 0.8845 0.3506
vn -0.3025 0.9531 -0.0074
vn -0.0125 0.9863 0.1646
vn -0.7128 0.6955 -0.0907
vn -0.3708 0.8966 -0.2420
vn -0.3511 0.8932 -0.2810
vn -0.0410 0.9424 -0.3320
vn -0.6040 0.6750 -0.4238
vn -0.4210 0.8335 -0.3579
vn -0.1830 0.8693 -0.4591
vn -0.3800 0.8631 -0.3328
vn -0.1512 0.8974 -0.4145
vn -0.2872 0.8726 -0.3950
vn -0.3327 0.8649 -0.3759
vn -0.5415 0.7138 -0.4442
vn -0.7138 0.6862 -0.1402
vn -0.2747 0.0667 -0.9592
vn -0.8940 0.3388 0.2933
vn -0.7564 0.4383 -0.4855
vn -0.5751 0.1929 -0.7950
vn -0.7513 0.4617 -0.4716
vn -0.6455 0.4259 -0.6339
vn -0.7361 0.4491 -0.5065
vn -0.5852 0.3285 -0.7414
vn -0.2210 0.0324 0.9747
vn -0.2691 0.1455 0.9521
vn -0.2787 -0.3326 0.9009
vn -0.0771 -0.9371 0.3405
vn -0.4094 -0.5648 0.7165
vn -0.4950 0.3288 0.8043
vn -0.1725 -0.9422 0.2874
vn -0.4515 -0.3889 0.8030
vn -0.4524 0.1138 0.8845
vn -0.5062 0.0788 0.8588
vn -0.8399 -0.0096 0.5426
vn -0.9807 -0.1772 0.0832
vn -0.9496 -0.2608 -0.1740
vn -0.7754 -0.4267 -0.4655
vn -0.4069 -0.4809 -0.7766
vn -0.1015 -0.4050 -0.9086
vn 0.0585 -0.1246 -0.9905
vn 0.1156 0.0002 -0.9933
vn 0.4340 -0.0131 -0.9008
vn 0.5689 0.0568 -0.8205
vn 0.4982 0.1971 -0.8444
vn 0.4780 0.2707 -0.8356
vn 0.5418 0.3632 -0.7580
vn 0.5589 0.4478 -0.6979
vn 0.4011 0.5269 -0.7493
vn 0.4768 0.3406 -0.8103
vn 0.7755 0.2620 -0.5745
vn 0.8836 0.1966 -0.4249
vn 0.9478 0.0497 -0.3149
vn 0.9588 0.0611 -0.2775
vn 0.9173 0.0898 -0.3880
vn 0.8449 0.0396 -0.5335
vn 0.7838 -0.0093 -0.6210
vn 0.7896 -0.0557 -0.6111
vn 0.5837 -0.1725 -0.7934
vn 0.4791 -0.4528 -0.7519
vn 0.4065 -0.7697 -0.4922
vn 0.3079 -0.8956 0.3211
vn 0.0667 -0.9977 0.0110
vn -0.3385 -0.9409 0.0107
vn -0.1847 -0.9529 0.2405
vn -0.4039 -0.8791 0.2531
vn -0.7101 -0.4844 0.5111
vn -0.8032 0.0739 0.5911
vn -0.9892 -0.1201 0.0837
vn -0.9563 -0.0337 -0.2905
vn -0.7548 -0.1428 -0.6402
vn -0.3721 -0.2453 -0.8952
vn 0.1018 -0.4066 -0.9079
vn 0.3980 -0.6557 -0.6416
vn 0.6143 -0.2979 -0.7307
vn 0.7745 -0.0816 -0.6272
vn 0.8126 -0.0172 -0.5825
vn 0.8573 0.0678 -0.5104
vn 0.8380 0.1597 -0.5218
vn 0.7436 0.2341 -0.6264
vn 0.6345 0.3563 -0.6859
vn 0.6089 -0.0458 -0.7919
vn 0.4946 -0.3868 -0.7783
vn 0.1789 0.0846 -0.9802
vn 0.3126 -0.2984 -0.9018
vn 0.2172 -0.2923 -0.9313
vn -0.2842 -0.2029 -0.9371
vn -0.6617 -0.2857 -0.6932
vn -0.8910 -0.3701 -0.2628
vn -0.9972 0.0051 0.0741
vn 0.6638 0.0669 -0.7449
vn -0.1942 -0.0430 -0.9800
vn -0.7967 -0.1225 -0.5918
vn -0.6930 -0.4816 -0.5365
vn -0.9643 -0.2646 -0.0128
vn -0.2318 -0.9685 -0.0904
vn -0.2990 -0.8979 0.3231
vn 0.1519 -0.9847 0.0849
vn -0.0202 -0.9145 0.4040
vn 0.1334 -0.9909 0.0150
vn 0.4401 -0.8177 0.3710
vn 0.9603 -0.2789 -0.0006
vn 0.6282 -0.5384 -0.5617
vn 0.9885 -0.1438 -0.0465
vn 0.9791 -0.2018 0.0250
vn 0.9786 -0.1449 -0.1460
vn -0.3932 0.7116 0.5823
vn -0.4753 0.8333 0.2823
vn -0.5775 0.7671 0.2795
vn -0.3706 0.7311 0.5729
vn 0.1554 0.9601 0.2324
vn 0.2637 0.8334 0.4856
vn 0.6262 0.7729 0.1027
vn 0.6980 0.6005 0.3901
vn 0.6072 0.7869 0.1098
vn 0.5872 0.7207 0.3685
vn 0.9280 -0.2833 -0.2420
vn 0.7115 -0.2004 -0.6735
vn -0.2560 -0.3839 -0.8872
vn -0.5897 -0.7496 -0.3005
vn -0.8173 -0.1180 -0.5640
vn -0.7482 -0.6559 0.0997
vn -0.9950 -0.0776 -0.0623
vn -0.7329 -0.6677 0.1305
vn -0.7963 -0.6029 0.0488
vn -0.9788 0.1387 0.1510
vn -0.4289 0.8996 0.0823
vn -0.5154 0.7847 -0.3443
vn -0.0933 0.6210 -0.7782
vn 0.3850 0.3266 -0.8632
vn 0.1317 -0.6484 0.7499
vn 0.0350 -0.1906 0.9810
vn 0.2422 0.2623 0.9341
vn 0.4021 0.6300 0.6644
vn 0.9975 -0.0212 -0.0678
vn 0.4836 0.8447 0.2295
vn 0.9391 -0.0119 -0.3434
vn 0.4441 0.8601 -0.2508
vn 0.9305 -0.0654 -0.3605
vn 0.3088 0.6715 -0.6736
vn 0.1381 0.2989 -0.9442
vn 0.0234 -0.1861 -0.9823
vn 0.7613 -0.1374 -0.6337
vn -0.1176 -0.7486 -0.6525
vn 0.8379 -0.4569 -0.2985
vn -0.1313 -0.9176 -0.3753
vn 0.7634 -0.6340 -0.1235
vn 0.0203 -0.9867 0.1611
vn 0.6022 -0.7978 0.0275
vn -0.0512 -0.6573 0.7519
vn 0.2339 -0.2473 0.9403
vn 0.6640 0.0238 0.7474
vn 0.7278 0.4344 0.5306
vn 0.8494 0.5114 0.1299
vn 0.8241 0.3948 -0.4061
vn 0.5291 0.1461 -0.8359
vn 0.1442 -0.3684 -0.9184
vn -0.1180 -0.7808 -0.6136
vn -0.3184 -0.9169 -0.2408
vn -0.3282 -0.9090 0.2569
vn 0.0877 -0.5039 0.8593
vn -0.3323 -0.4319 0.8385
vn -0.0693 -0.1448 0.9870
vn -0.0125 -0.0776 0.9969
vn -0.0945 0.3039 0.9480
vn -0.2372 0.3676 0.8992
vn -0.1949 0.7513 0.6305
vn -0.3029 0.7043 0.6421
vn -0.2259 0.9592 0.1699
vn -0.4997 0.8187 0.2827
vn -0.2928 0.8173 0.4963
vn 0.6051 0.2440 0.7578
vn 0.0199 -0.9623 0.2714
vn -0.6621 -0.7104 0.2387
vn 0.0747 -0.9804 -0.1825
vn -0.7450 -0.6661 -0.0364
vn -0.0154 -0.9035 -0.4282
vn -0.8469 -0.4287 -0.3144
vn -0.2353 -0.3822 -0.8936
vn -0.7280 0.0501 -0.6838
vn -0.2377 0.2529 -0.9378
vn -0.3128 0.5068 -0.8033
vn -0.3058 0.6262 -0.7171
vn -0.1662 0.7328 -0.6598
vn -0.4095 0.8566 -0.3139
vn -0.2056 0.8816 -0.4249
vn -0.5154 0.7847 -0.3444
vn 0.9280 -0.2832 -0.2421
vn -0.1375 0.0228 -0.9902
vn -0.7512 0.0825 -0.6549
vn -0.9904 0.1138 0.0787
vn -0.7866 0.0460 0.6157
vn -0.7345 0.0489 0.6768
vn -0.0815 -0.0269 0.9963
vn 0.7415 -0.1446 0.6552
vn 0.7215 -0.2712 0.6371
vn 0.6761 -0.2036 0.7081
vn 0.6688 -0.0741 0.7397
vn 0.0000 -0.8054 0.5928
vn -0.7525 -0.2130 0.6232
vn -0.6825 -0.1998 0.7030
vn 0.1808 -0.0472 0.9824
vn 0.7724 0.0854 0.6294
vn 0.9904 0.1138 0.0787
vn 0.7512 0.0825 -0.6549
vn 0.0064 -0.0016 -1.0000
vn 0.1955 -0.5486 -0.8129
vn 0.3518 -0.7866 -0.5074
vn -0.0426 -0.8724 -0.4870
vn -0.2401 -0.7667 -0.5955
vn -0.2743 -0.3878 -0.8800
vn -0.4076 0.0165 -0.9130
vn -0.8382 0.0867 -0.5385
vn -0.9678 0.1915 0.1633
vn -0.7724 0.0854 0.6294
vn -0.1143 -0.1269 0.9853
vn -0.1744 -0.0458 0.9836
vn -0.7833 0.2397 0.5736
vn -0.9797 0.1966 -0.0395
vn -0.7439 0.0099 -0.6682
vn -0.3919 -0.1953 -0.8990
vn -0.6677 -0.0976 -0.7380
vn -0.9817 0.1903 -0.0034
vn -0.6043 0.4811 0.6351
vn -0.2576 0.5331 0.8059
vn 0.0500 0.5425 0.8386
vn 0.2563 0.5526 0.7931
vn 0.6046 0.4907 0.6275
vn 0.7009 -0.0732 -0.7095
vn 0.4138 -0.2847 -0.8647
vn 0.4452 -0.3137 -0.8387
vn 0.0264 -0.2624 -0.9646
vn -0.3948 -0.2597 -0.8813
vn -0.4710 -0.2422 -0.8482
vn -0.2488 0.3504 0.9029
vn -0.7094 0.3987 0.5812
vn -0.2655 0.5491 0.7925
vn -0.0022 0.4738 0.8806
vn 0.2487 0.3538 0.9016
vn 0.7833 0.2397 0.5736
vn 0.9678 0.1914 0.1633
vn 0.8381 0.0870 -0.5385
vn 0.4043 0.0169 -0.9145
vn 0.4225 -0.2766 -0.8631
vn 0.7439 0.0099 -0.6682
vn 0.9797 0.1966 -0.0395
vn 0.7094 0.3987 0.5812
vn 0.3260 0.5667 0.7567
vn 0.6749 -0.4814 -0.5592
vn 0.5371 -0.8364 -0.1095
vn -0.0513 -0.6573 0.7519
vn 0.9889 -0.0086 -0.1481
vn -0.3283 -0.9089 0.2570
vn 0.9336 0.0202 0.3577
vn -0.3184 -0.9168 -0.2409
vn 0.7549 -0.2286 0.6147
vn -0.1179 -0.7808 -0.6136
vn 0.3130 -0.6744 0.6687
vn 0.1441 -0.3684 -0.9184
vn 0.3953 -0.9021 0.1730
vn 0.9618 -0.2319 0.1452
vn 0.8495 0.5114 0.1299
vn 0.7108 -0.6368 0.2987
vn 0.6051 0.2441 0.7578
vn 0.8487 0.5263 -0.0529
vn 0.8469 0.5208 -0.1072
vn 0.4634 0.8850 -0.0445
vn 0.8696 0.4868 -0.0825
vn -0.4290 0.8996 0.0822
vn 0.5623 0.7926 -0.2359
vn 0.7589 0.6203 -0.1983
vn 0.8312 0.5528 -0.0589
vn 0.7543 0.6522 -0.0754
vn 0.8295 0.5515 0.0882
vn 0.9275 -0.3546 0.1187
vn 0.7868 -0.2976 0.5407
vn -0.4635 0.7589 0.4575
vn -0.6268 0.6935 0.3553
vn 0.1192 0.8927 0.4345
vn 0.6741 0.6653 0.3208
vn 0.7501 0.6042 0.2689
vn 0.8955 0.3036 0.3254
vn 0.7461 0.4018 0.5309
vn 0.9013 0.0254 0.4325
vn 0.4938 0.0139 0.8695
vn 0.6141 0.1344 0.7777
vn 0.2008 0.2251 0.9534
vn -0.6675 0.2230 0.7104
vn -0.5867 0.0694 0.8068
vn -0.7803 0.4332 0.4510
vn -0.3829 0.4905 0.7828
vn 0.1164 0.6093 0.7843
vn 0.5818 0.3637 0.7275
vn -0.8448 -0.4624 0.2694
vn -0.8447 0.0049 0.5351
vn 0.4220 -0.3600 -0.8320
vn 0.1442 -0.3683 -0.9184
vn 0.7497 0.0081 -0.6617
vn 0.9507 0.2070 -0.2310
vn 0.8667 0.4905 0.0905
vn 0.8919 0.1514 0.4261
vn 0.9756 -0.2127 0.0541
vn 0.8682 -0.4620 -0.1810
vn 0.7532 -0.5427 -0.3717
vn 0.5769 -0.7427 -0.3400
vn 0.0731 -0.6541 -0.7529
vn -0.1557 -0.9235 -0.3506
vn -0.3655 -0.9290 0.0573
vn -0.3283 -0.9090 0.2570
vn -0.3268 -0.7297 0.6006
vn 0.0483 -0.4098 0.9109
vn 0.5510 -0.0428 0.8334
vn 0.7400 -0.5190 0.4278
vn 0.6195 -0.6531 0.4354
vn 0.5554 -0.6397 0.5314
vn 0.1301 -0.8300 0.5423
vn 0.0088 -0.9813 0.1924
vn 0.3548 -0.9341 0.0402
vn 0.4920 -0.8303 -0.2617
vn 0.6329 0.2901 -0.7178
vn 0.5687 0.6915 -0.4454
vn 0.8878 0.0088 -0.4602
vn 0.8331 -0.0146 -0.5529
vn 0.6652 -0.5091 -0.5462
vn 0.6748 -0.6257 -0.3913
vn 0.1489 -0.9731 -0.1760
vn 0.0679 -0.9797 -0.1884
vn -0.5003 -0.8659 -0.0001
vn -0.6223 -0.7679 -0.1519
vn -0.9702 -0.2408 0.0266
vn -0.9331 -0.0386 -0.3575
vn -0.7877 0.5595 -0.2577
vn -0.7293 0.6415 -0.2378
vn -0.2270 0.9729 -0.0432
vn -0.0819 0.8007 -0.5935
vn 0.4046 0.4203 -0.8122
vn 0.6930 0.1455 -0.7061
vn 0.4307 -0.5746 -0.6959
vn -0.3008 -0.7297 -0.6141
vn -0.5423 -0.5839 -0.6042
vn -0.8052 0.0551 -0.5904
vn -0.6885 0.3340 -0.6438
vn -0.0618 0.5494 -0.8333
vn 0.1476 0.2691 -0.9517
vn 0.3188 0.0205 -0.9476
vn -0.1063 -0.4121 -0.9049
vn -0.3125 -0.7664 -0.5612
vn -0.4739 -0.4842 -0.7355
vn -0.6107 0.0000 -0.7918
vn -0.4881 0.1754 -0.8550
vn -0.1341 0.3793 -0.9155
vn -0.3096 0.0298 -0.9504
vn 0.8013 0.1353 -0.5827
vn 0.9871 -0.1493 0.0579
vn 0.9905 0.1092 -0.0831
vn 0.6758 0.7342 -0.0655
vn 0.6255 -0.7801 -0.0141
vn 0.9969 0.0696 0.0372
vn 0.6869 -0.4689 -0.5553
vn 0.0851 -0.5451 -0.8340
vn 0.1926 0.5120 0.8371
vn 0.2349 0.8568 0.4590
vn 0.2329 0.9511 0.2030
vn -0.3340 0.6966 -0.6349
vn -0.5753 0.5698 -0.5868
vn -0.1332 0.6586 -0.7406
vn 0.6665 0.4578 -0.5884
vn 0.7473 0.5815 -0.3216
vn 0.1247 0.8594 -0.4958
vn 0.0194 0.4513 -0.8922
vn 0.1999 0.9780 -0.0597
vn 0.5897 0.7635 -0.2633
vn 0.8879 0.4294 -0.1650
vn 0.2797 0.9300 -0.2384
vn -0.4694 0.8708 -0.1462
vn -0.5912 0.8056 -0.0397
vn 0.2345 0.9176 0.3209
vn 0.1190 0.8104 0.5737
vn 0.0481 0.5669 0.8224
vn -0.0182 0.7169 0.6969
vn -0.0125 0.4396 0.8981
vn 0.0446 0.2426 0.9691
vn 0.0178 -0.0379 0.9991
vn 0.0962 -0.1545 0.9833
vn 0.0273 -0.3940 0.9187
vn 0.0102 -0.4612 0.8872
vn 0.0190 -0.4246 0.9052
vn -0.0081 -0.0657 0.9978
vn 0.0139 -0.0129 0.9998
vn 0.0015 0.1259 0.9920
vn 0.1589 0.5829 -0.7969
vn 0.2230 0.7253 -0.6513
vn 0.2951 0.6926 -0.6582
vn 0.0846 0.4701 -0.8786
vn 0.1548 -0.0368 -0.9873
vn 0.2031 -0.0686 -0.9768
vn 0.2924 0.0876 -0.9523
vn 0.3193 0.1184 -0.9402
vn 0.0169 -0.0655 -0.9977
vn 0.0000 0.1695 -0.9855
vn 0.0014 0.1214 -0.9926
vn 0.0037 -0.0629 -0.9980
vn -0.0193 0.1504 -0.9884
vn 0.0187 0.4728 -0.8810
vn -0.0726 0.0816 -0.9940
vn -0.1712 -0.0701 -0.9827
vn -0.2840 0.0581 -0.9571
vn -0.3441 0.1038 -0.9332
vn -0.3072 -0.0617 -0.9496
vn -0.0483 -0.1872 -0.9811
vn -0.1932 -0.0837 -0.9776
vn -0.4345 -0.0708 -0.8979
vn -0.7072 -0.1276 -0.6954
vn -0.8502 -0.1063 -0.5156
vn -0.9342 -0.0265 -0.3558
vn -0.9696 -0.1936 0.1495
vn -0.9861 -0.1636 0.0300
vn -0.9591 -0.1046 -0.2629
vn -0.9102 -0.1164 -0.3976
vn -0.7470 -0.0687 -0.6612
vn -0.4953 -0.1288 -0.8591
vn -0.2264 -0.1463 -0.9630
vn -0.5429 -0.0188 -0.8396
vn -0.5575 0.0665 -0.8275
vn -0.5175 -0.0176 -0.8555
vn -0.4215 -0.0759 -0.9037
vn -0.4024 -0.0068 -0.9154
vn -0.1182 0.4548 -0.8827
vn 0.0000 0.6872 -0.7265
vn 0.0569 0.7425 -0.6674
vn 0.0682 0.7566 -0.6503
vn 0.1108 0.8001 -0.5895
vn -0.5969 0.4620 -0.6559
vn 0.0535 0.9195 -0.3895
vn 0.0147 0.8228 -0.5682
vn -0.0316 0.9307 -0.3645
vn -0.1304 0.8490 -0.5120
vn -0.0217 0.9180 -0.3959
vn 0.5092 0.6724 -0.5372
vn -0.0041 0.5277 -0.8494
vn -0.1134 0.7388 -0.6643
vn 0.0311 0.7419 -0.6698
vn -0.0830 0.7208 -0.6881
vn -0.3639 0.2863 -0.8864
vn -0.6553 -0.1307 -0.7440
vn -0.7620 -0.2765 -0.5855
vn -0.7642 -0.0253 -0.6445
vn -0.7070 -0.0036 -0.7072
vn -0.8866 -0.1147 -0.4480
vn -0.2683 0.6798 -0.6826
vn -0.6860 0.2497 -0.6834
vn -0.9363 -0.0799 -0.3421
vn -0.9303 -0.2589 -0.2599
vn -0.8860 0.1871 -0.4242
vn -0.8013 0.2919 -0.5222
vn -0.9275 0.2919 -0.2336
vn -0.9805 0.1467 0.1311
vn -0.6911 -0.3452 0.6350
vn -0.6393 -0.2885 0.7128
vn -0.3796 -0.2401 0.8935
vn -0.3506 -0.4046 0.8446
vn -0.6962 -0.2535 0.6715
vn -0.9512 0.2796 0.1305
vn -0.9420 0.2598 -0.2126
vn -0.9725 -0.1728 -0.1559
vn -0.9735 -0.1693 -0.1540
vn -0.9067 0.1773 -0.3827
vn -0.9665 -0.2381 0.0958
vn -0.7421 -0.3841 0.5493
vn -0.3262 -0.4624 0.8245
vn -0.2878 -0.4293 0.8561
vn -0.2085 -0.2656 0.9413
vn -0.1008 -0.0447 0.9939
vn -0.0257 0.0677 0.9974
vn 0.0033 0.5124 0.8588
vn -0.1087 0.8248 0.5548
vn -0.1154 0.7744 0.6221
vn -0.2526 0.9130 0.3202
vn -0.1684 0.9687 0.1824
vn -0.3436 0.8772 -0.3352
vn -0.3150 0.7144 -0.6249
vn -0.6223 -0.4898 0.6106
vn 0.9850 0.1675 0.0421
vn 0.7582 0.1991 -0.6209
vn 0.5853 0.8061 -0.0870
vn 0.9096 0.3352 0.2456
vn 0.7143 0.6807 -0.1626
vn 0.9589 0.1303 -0.2520
vn 0.7694 0.4026 -0.4959
vn 0.6191 -0.1270 -0.7750
vn 0.5472 0.3000 -0.7814
vn 0.3046 0.3520 -0.8850
vn 0.0478 -0.0665 -0.9966
vn -0.0149 0.4297 -0.9028
vn -0.4786 -0.1346 -0.8677
vn -0.2672 0.4959 -0.8263
vn -0.5933 0.3237 -0.7370
vn -0.9052 0.0065 -0.4250
vn -0.7863 0.4170 -0.4559
vn -0.9450 0.2771 0.1740
vn -0.7421 0.6667 -0.0696
vn -0.9930 0.1099 -0.0424
vn -0.4814 0.8672 -0.1273
vn -0.6325 0.6214 -0.4624
vn -0.9307 0.2738 0.2426
vn -0.8980 -0.1156 -0.4246
vn 0.9124 0.3209 0.2540
vn 0.8638 -0.1327 -0.4861
vn 0.9864 -0.1436 0.0803
vn 0.9957 -0.0178 -0.0909
vn 0.9813 -0.1602 -0.1069
vn 0.9672 0.1763 0.1827
vn 0.9008 0.3787 0.2124
vn 0.9675 -0.2098 0.1413
vn 0.9776 -0.1552 0.1425
vn 0.9549 -0.2616 0.1407
vn 0.9009 -0.1304 -0.4140
vn 0.9436 -0.0990 -0.3160
vn 0.9718 -0.0684 -0.2256
vn 0.9052 0.2821 -0.3177
vn 0.9113 0.3519 -0.2140
vn -0.4294 0.6428 -0.6344
vn -0.3105 0.8677 -0.3881
vn 0.3586 0.8684 0.3426
vn -0.1946 0.8211 -0.5366
vn -0.0000 0.9956 0.0940
vn -0.2920 0.6866 -0.6658
vn 0.2277 0.8610 -0.4549
vn -0.3586 0.8684 0.3426
vn 0.3772 0.6736 -0.6356
vn 0.6031 0.4694 -0.6449
vn -0.6666 -0.0355 -0.7446
vn -0.6312 0.0237 -0.7753
vn -0.7343 0.1061 -0.6705
vn 0.3632 0.2380 -0.9008
vn 0.6934 0.0416 -0.7194
vn 0.6579 -0.0214 -0.7528
vn 0.7057 -0.0642 -0.7057
vn -0.5468 0.4557 -0.7024
vn -0.4362 0.7870 -0.4362
vn 0.2450 0.9361 0.2522
vn -0.3263 0.7086 -0.6257
vn 0.0000 1.0000 0.0010
vn -0.3097 0.5075 -0.8041
vn 0.3496 0.7604 -0.5474
vn -0.2450 0.9361 0.2522
vn 0.5555 0.4828 -0.6770
vn 0.6451 0.2764 -0.7123
vn -0.6642 -0.2351 -0.7096
vn -0.6264 -0.2362 -0.7428
vn -0.7544 -0.0910 -0.6501
vn 0.3915 -0.0508 -0.9188
vn 0.7205 -0.1744 -0.6712
vn 0.6708 -0.2409 -0.7014
vn 0.6360 -0.2120 -0.7420
vn 0.1134 0.9682 -0.2230
vn 0.3906 0.9113 -0.1302
vn 0.0605 0.9692 0.2387
vn -0.5158 0.6251 -0.5858
vn -0.4087 0.6113 -0.6777
vn -0.3862 0.5538 -0.7377
vn 0.4626 0.5953 -0.6570
vn 0.3257 0.8118 -0.4847
vn -0.2873 0.9445 0.1596
vn 0.6836 0.4034 -0.6082
vn -0.7320 -0.0702 -0.6776
vn -0.7250 -0.0000 -0.6888
vn -0.7926 -0.0387 -0.6085
vn 0.4358 -0.1114 -0.8931
vn 0.7281 -0.0000 -0.6854
vn 0.7334 -0.0411 -0.6785
vn 0.7789 -0.1230 -0.6149
vn -0.6479 0.5205 -0.5562
vn -0.2234 0.7274 -0.6488
vn -0.2623 0.6936 -0.6709
vn -0.4079 0.5512 -0.7279
vn -0.5552 0.5420 -0.6309
vn -0.6499 -0.1011 0.7533
vn -0.4251 0.6532 0.6266
vn 0.2314 0.9258 0.2989
vn 0.7646 0.5889 0.2619
vn 0.9953 -0.0965 -0.0069
vn 0.0500 0.2103 -0.9764
vn -0.0294 0.4308 -0.9020
vn -0.0486 0.5716 -0.8191
vn 0.0245 0.2158 -0.9761
vn -0.0481 0.5263 -0.8489
vn -0.0195 0.5555 -0.8313
vn -0.1051 0.8654 -0.4900
vn -0.1308 0.9492 -0.2862
vn -0.1897 0.9741 0.1233
vn -0.2053 0.9277 0.3119
vn -0.1736 0.7090 0.6835
vn -0.1592 0.4991 0.8518
vn -0.0892 0.1107 0.9898
vn -0.0857 0.0162 0.9962
vn -0.0276 -0.2256 0.9738
vn -0.0863 -0.0236 0.9960
vn -0.0282 -0.2258 0.9738
vn -0.1389 0.1282 0.9820
vn -0.1680 0.5661 0.8071
vn -0.1794 0.9542 0.2393
vn -0.1549 0.8762 -0.4563
vn -0.1640 0.9489 -0.2697
vn -0.1761 0.9243 0.3385
vn -0.2037 0.6343 0.7458
vn -0.1959 0.0806 -0.9773
vn -0.5976 0.4801 -0.6422
vn -0.6831 0.5356 -0.4965
vn -0.7824 0.6208 0.0502
vn -0.4607 0.6846 0.5648
vn -0.2513 0.6006 0.7590
vn -0.0654 0.5347 0.8425
vn 0.2741 0.5863 0.7623
vn 0.5289 0.5414 0.6535
vn 0.8391 0.5353 0.0965
vn 0.6352 0.5613 -0.5306
vn 0.5861 0.3971 -0.7063
vn -0.0209 -0.0969 -0.9951
vn -0.1782 -0.2791 -0.9436
vn -0.0233 -0.1772 -0.9839
vn 0.5565 0.5232 -0.6454
vn 0.3738 0.8665 -0.3308
vn 0.3460 0.8935 -0.2863
vn 0.2267 0.9724 -0.0556
vn 0.1379 0.9581 0.2510
vn 0.0434 0.9365 0.3479
vn -0.1857 0.9302 0.3165
vn -0.2027 0.9697 0.1360
vn -0.2639 0.9396 -0.2178
vn -0.4289 0.8360 -0.3424
vn -0.5387 0.6244 -0.5657
vn -0.2305 0.1984 -0.9526
vn 0.2657 -0.3275 -0.9067
vn -0.8157 0.0352 -0.5774
vn -0.9526 0.1628 -0.2568
vn 0.9578 0.1909 -0.2148
vn 0.8040 0.0515 -0.5925
usemtl body.025
s 1
f 1388/1671/1419 1389/1672/1420 1390/1673/1421
f 1390/1673/1421 1391/1674/1422 1388/1671/1419
f 1391/1674/1422 1390/1673/1421 1392/1675/1423
f 1392/1675/1423 1393/1676/1424 1391/1674/1422
f 1393/1676/1424 1392/1675/1423 1394/1677/1425
f 1394/1677/1425 1395/1678/1426 1393/1676/1424
f 1395/1678/1426 1394/1677/1425 1396/1679/1427
f 1396/1679/1427 1397/1680/1428 1395/1678/1426
f 1397/1680/1428 1396/1679/1427 1398/1681/1429
f 1398/1681/1429 1399/1682/1430 1397/1680/1428
f 1399/1682/1430 1398/1681/1429 1400/1683/1431
f 1400/1683/1431 1401/1684/1432 1399/1682/1430
f 1401/1684/1432 1400/1683/1431 1402/1685/1433
f 1402/1685/1433 1403/1686/1434 1401/1684/1432
f 1403/1686/1434 1402/1685/1433 1404/1687/1435
f 1404/1687/1435 1405/1688/1436 1403/1686/1434
f 1405/1688/1436 1404/1687/1435 1406/1689/1437
f 1406/1689/1437 1407/1690/1438 1405/1688/1436
f 1407/1690/1438 1406/1689/1437 1408/1691/1439
f 1408/1691/1439 1409/1692/1440 1407/1690/1438
f 1409/1692/1440 1408/1691/1439 1410/1693/1441
f 1410/1693/1441 1411/1694/1442 1409/1692/1440
f 1411/1694/1442 1410/1693/1441 1412/1695/1443
f 1412/1695/1443 1413/1696/1444 1411/1694/1442
f 1413/1696/1444 1412/1695/1443 1414/1697/1445
f 1414/1697/1445 1415/1698/1446 1413/1696/1444
f 1414/1697/1445 1388/1671/1419 1415/1698/1446
f 1414/1697/1445 1389/1672/1420 1388/1671/1419
f 1389/1672/1420 1414/1697/1445 1416/1699/1447
f 1416/1699/1447 1390/1673/1421 1389/1672/1420
f 1390/1673/1421 1416/1699/1447 1417/1700/1448
f 1417/1700/1448 1392/1675/1423 1390/1673/1421
f 1392/1675/1423 1417/1700/1448 1418/1701/1449
f 1418/1701/1449 1394/1677/1425 1392/1675/1423
f 1394/1677/1425 1418/1701/1449 1419/1702/1450
f 1419/1702/1450 1396/1679/1427 1394/1677/1425
f 1396/1679/1427 1419/1702/1450 1420/1703/1451
f 1420/1703/1451 1398/1681/1429 1396/1679/1427
f 1398/1681/1429 1420/1703/1451 1421/1704/1452
f 1421/1704/1452 1400/1683/1431 1398/1681/1429
f 1400/1683/1431 1421/1704/1452 1422/1705/1453
f 1422/1705/1453 1402/1685/1433 1400/1683/1431
f 1402/1685/1433 1422/1705/1453 1423/1706/1454
f 1423/1706/1454 1404/1687/1435 1402/1685/1433
f 1404/1687/1435 1423/1706/1454 1424/1707/1455
f 1424/1707/1455 1406/1689/1437 1404/1687/1435
f 1406/1689/1437 1424/1707/1455 1425/1708/1456
f 1425/1708/1456 1408/1691/1439 1406/1689/1437
f 1408/1691/1439 1425/1708/1456 1426/1709/1457
f 1426/1709/1457 1410/1693/1441 1408/1691/1439
f 1410/1693/1441 1426/1709/1457 1427/1710/1458
f 1427/1710/1458 1412/1695/1443 1410/1693/1441
f 1412/1695/1443 1427/1710/1458 1428/1711/1459
f 1428/1711/1459 1414/1697/1445 1412/1695/1443
f 1414/1697/1445 1428/1711/1459 1429/1712/1460
f 1429/1712/1460 1416/1699/1447 1414/1697/1445
f 1416/1699/1447 1429/1712/1460 1430/1713/1461
f 1430/1713/1461 1417/1700/1448 1416/1699/1447
f 1417/1700/1448 1430/1713/1461 1431/1714/1462
f 1431/1714/1462 1418/1701/1449 1417/1700/1448
f 1418/1701/1449 1431/1714/1462 1432/1715/1463
f 1432/1715/1463 1419/1702/1450 1418/1701/1449
f 1419/1702/1450 1432/1715/1463 1433/1716/1464
f 1433/1716/1464 1420/1703/1451 1419/1702/1450
f 1420/1703/1451 1433/1716/1464 1434/1717/1465
f 1434/1717/1465 1421/1704/1452 1420/1703/1451
f 1421/1704/1452 1434/1717/1465 1435/1718/1466
f 1435/1718/1466 1422/1705/1453 1421/1704/1452
f 1422/1705/1453 1435/1718/1466 1436/1719/1467
f 1436/1719/1467 1423/1706/1454 1422/1705/1453
f 1423/1706/1454 1436/1719/1467 1437/1720/1468
f 1437/1720/1468 1424/1707/1455 1423/1706/1454
f 1424/1707/1455 1437/1720/1468 1438/1721/1469
f 1438/1721/1469 1425/1708/1456 1424/1707/1455
f 1425/1708/1456 1438/1721/1469 1439/1722/1470
f 1439/1722/1470 1426/1709/1457 1425/1708/1456
f 1426/1709/1457 1439/1722/1470 1440/1723/1471
f 1440/1723/1471 1427/1710/1458 1426/1709/1457
f 1427/1710/1458 1440/1723/1471 1441/1724/1472
f 1441/1724/1472 1428/1711/1459 1427/1710/1458
f 1428/1711/1459 1441/1724/1472 1442/1725/1473
f 1442/1725/1473 1429/1712/1460 1428/1711/1459
f 1429/1712/1460 1442/1725/1473 1443/1726/1474
f 1443/1726/1474 1430/1713/1461 1429/1712/1460
f 1430/1713/1461 1443/1726/1474 1444/1727/1475
f 1444/1727/1475 1431/1714/1462 1430/1713/1461
f 1431/1714/1462 1444/1727/1475 1445/1728/1476
f 1445/1728/1476 1432/1715/1463 1431/1714/1462
f 1432/1715/1463 1445/1728/1476 1446/1729/1477
f 1446/1729/1477 1433/1716/1464 1432/1715/1463
f 1433/1716/1464 1446/1729/1477 1447/1730/1478
f 1447/1730/1478 1434/1717/1465 1433/1716/1464
f 1434/1717/1465 1447/1730/1478 1448/1731/1479
f 1448/1731/1479 1435/1718/1466 1434/1717/1465
f 1435/1718/1466 1448/1731/1479 1449/1732/1480
f 1449/1732/1480 1436/1719/1467 1435/1718/1466
f 1436/1719/1467 1449/1732/1480 1450/1733/1481
f 1450/1733/1481 1437/1720/1468 1436/1719/1467
f 1437/1720/1468 1450/1733/1481 1451/1734/1482
f 1451/1734/1482 1438/1721/1469 1437/1720/1468
f 1438/1721/1469 1451/1734/1482 1452/1735/1483
f 1452/1735/1483 1439/1722/1470 1438/1721/1469
f 1439/1722/1470 1452/1735/1483 1453/1736/1484
f 1453/1736/1484 1440/1723/1471 1439/1722/1470
f 1440/1723/1471 1453/1736/1484 1454/1737/1485
f 1454/1737/1485 1441/1724/1472 1440/1723/1471
f 1441/1724/1472 1454/1737/1485 1455/1738/1486
f 1455/1738/1486 1442/1725/1473 1441/1724/1472
f 1442/1725/1473 1455/1738/1486 1456/1739/1487
f 1456/1739/1487 1443/1726/1474 1442/1725/1473
f 1443/1726/1474 1456/1739/1487 1457/1740/1488
f 1457/1740/1488 1444/1727/1475 1443/1726/1474
f 1444/1727/1475 1457/1740/1488 1458/1741/1489
f 1458/1741/1489 1459/1742/1490 1444/1727/1475
f 1459/1742/1490 1458/1741/1489 1460/1743/1491
f 1459/1742/1490 1460/1743/1491 1461/1744/1492
f 1459/1742/1490 1461/1744/1492 1462/1745/1493
f 1462/1745/1493 1444/1727/1475 1459/1742/1490
f 1462/1745/1493 1445/1728/1476 1444/1727/1475
f 1445/1728/1476 1462/1745/1493 1463/1746/1494
f 1463/1746/1494 1446/1729/1477 1445/1728/1476
f 1446/1729/1477 1463/1746/1494 1464/1747/1495
f 1464/1747/1495 1447/1730/1478 1446/1729/1477
f 1447/1730/1478 1464/1747/1495 1465/1748/1496
f 1465/1748/1496 1448/1731/1479 1447/1730/1478
f 1448/1731/1479 1465/1748/1496 1466/1749/1497
f 1466/1749/1497 1449/1732/1480 1448/1731/1479
f 1449/1732/1480 1466/1749/1497 1467/1750/1498
f 1467/1750/1498 1450/1733/1481 1449/1732/1480
f 1450/1733/1481 1467/1750/1498 1468/1751/1499
f 1468/1751/1499 1451/1734/1482 1450/1733/1481
f 1451/1734/1482 1468/1751/1499 1469/1752/1500
f 1469/1752/1500 1452/1735/1483 1451/1734/1482
f 1452/1735/1483 1469/1752/1500 1470/1753/1501
f 1470/1753/1501 1453/1736/1484 1452/1735/1483
f 1453/1736/1484 1470/1753/1501 1471/1754/1502
f 1471/1754/1502 1454/1737/1485 1453/1736/1484
f 1454/1737/1485 1471/1754/1502 1472/1755/1503
f 1472/1755/1503 1455/1738/1486 1454/1737/1485
f 1455/1738/1486 1472/1755/1503 1473/1756/1504
f 1473/1756/1504 1456/1739/1487 1455/1738/1486
f 1473/1756/1504 1457/1740/1488 1456/1739/1487
f 1473/1756/1504 1458/1741/1489 1457/1740/1488
f 1473/1756/1504 1460/1743/1491 1458/1741/1489
f 1473/1756/1504 1474/1757/1505 1460/1743/1491
f 1474/1757/1505 1473/1756/1504 1472/1755/1503
f 1472/1755/1503 1475/1758/1506 1474/1757/1505
f 1475/1758/1506 1472/1755/1503 1471/1754/1502
f 1471/1754/1502 1476/1759/1507 1475/1758/1506
f 1476/1759/1507 1471/1754/1502 1470/1753/1501
f 1470/1753/1501 1477/1760/1508 1476/1759/1507
f 1477/1760/1508 1470/1753/1501 1469/1752/1500
f 1469/1752/1500 1478/1761/1509 1477/1760/1508
f 1478/1761/1509 1469/1752/1500 1468/1751/1499
f 1468/1751/1499 1479/1762/1510 1478/1761/1509
f 1479/1762/1510 1468/1751/1499 1467/1750/1498
f 1467/1750/1498 1480/1763/1511 1479/1762/1510
f 1480/1763/1511 1467/1750/1498 1466/1749/1497
f 1466/1749/1497 1481/1764/1512 1480/1763/1511
f 1481/1764/1512 1466/1749/1497 1465/1748/1496
f 1465/1748/1496 1482/1765/1513 1481/1764/1512
f 1482/1765/1513 1465/1748/1496 1464/1747/1495
f 1464/1747/1495 1483/1766/1514 1482/1765/1513
f 1483/1766/1514 1464/1747/1495 1463/1746/1494
f 1463/1746/1494 1484/1767/1515 1483/1766/1514
f 1484/1767/1515 1463/1746/1494 1462/1745/1493
f 1462/1745/1493 1485/1768/1516 1484/1767/1515
f 1485/1768/1516 1462/1745/1493 1461/1744/1492
f 1486/1769/1517 1487/1770/1518 1488/1771/1519
f 1488/1771/1519 1489/1772/1520 1486/1769/1517
f 1488/1771/1519 1490/1773/1521 1489/1772/1520
f 1488/1771/1519 1491/1774/1522 1490/1773/1521
f 1491/1774/1522 1488/1771/1519 1492/1775/1523
f 1491/1774/1522 1492/1775/1523 1493/1776/1524
f 1493/1776/1524 1494/1777/1525 1491/1774/1522
f 1493/1776/1524 1495/1778/1526 1494/1777/1525
f 1495/1778/1526 1493/1776/1524 1496/1779/1527
f 1496/1779/1527 1497/1780/1528 1495/1778/1526
f 1496/1779/1527 1498/1781/1529 1497/1780/1528
f 1496/1779/1527 1499/1782/1530 1498/1781/1529
f 1496/1779/1527 1500/1783/1531 1499/1782/1530
f 1500/1783/1531 1496/1779/1527 1493/1776/1524
f 1493/1776/1524 1501/1784/1532 1500/1783/1531
f 1501/1784/1532 1493/1776/1524 1492/1775/1523
f 1492/1775/1523 1502/1785/1533 1501/1784/1532
f 1502/1785/1533 1492/1775/1523 1488/1771/1519
f 1488/1771/1519 1503/1786/1534 1502/1785/1533
f 1503/1786/1534 1488/1771/1519 1487/1770/1518
f 1487/1770/1518 1504/1787/1535 1503/1786/1534
f 1504/1787/1535 1487/1770/1518 1505/1788/1536
f 1504/1787/1535 1505/1788/1536 1506/1789/1537
f 1504/1787/1535 1506/1789/1537 1507/1790/1538
f 1507/1790/1538 1508/1791/1539 1504/1787/1535
f 1508/1791/1539 1507/1790/1538 1509/1792/1540
f 1509/1792/1540 1510/1793/1541 1508/1791/1539
f 1510/1793/1541 1509/1792/1540 1511/1794/1542
f 1511/1794/1542 1512/1795/1543 1510/1793/1541
f 1512/1795/1543 1511/1794/1542 1513/1796/1543
f 1512/1795/1543 1513/1796/1543 1498/1797/1529
f 1512/1795/1543 1498/1797/1529 1499/1798/1530
f 1499/1798/1530 1514/1799/1543 1512/1795/1543
f 1514/1799/1543 1499/1798/1530 1515/1800/1544
f 1515/1800/1544 1516/1801/1543 1514/1799/1543
f 1516/1801/1543 1515/1800/1544 1517/1802/1545
f 1516/1801/1543 1517/1802/1545 1518/1803/1546
f 1516/1801/1543 1518/1803/1546 1519/1804/1547
f 1516/1801/1543 1519/1804/1547 1520/1805/1548
f 1516/1801/1543 1520/1805/1548 1521/1806/1549
f 1521/1806/1549 1514/1799/1543 1516/1801/1543
f 1514/1799/1543 1521/1806/1549 1522/1807/1550
f 1522/1807/1550 1512/1795/1543 1514/1799/1543
f 1522/1807/1550 1510/1793/1541 1512/1795/1543
f 1510/1793/1541 1522/1807/1550 1523/1808/1551
f 1523/1808/1551 1508/1791/1539 1510/1793/1541
f 1508/1791/1539 1523/1808/1551 1524/1809/1552
f 1524/1809/1552 1504/1787/1535 1508/1791/1539
f 1504/1787/1535 1524/1809/1552 1525/1810/1553
f 1525/1810/1553 1503/1786/1534 1504/1787/1535
f 1503/1786/1534 1525/1810/1553 1526/1811/1554
f 1526/1811/1554 1502/1785/1533 1503/1786/1534
f 1526/1811/1554 1501/1784/1532 1502/1785/1533
f 1501/1784/1532 1526/1811/1554 1527/1812/1555
f 1527/1812/1555 1528/1813/1556 1501/1784/1532
f 1528/1813/1556 1527/1812/1555 1519/1814/1547
f 1528/1813/1556 1519/1814/1547 1518/1815/1546
f 1528/1813/1556 1518/1815/1546 1529/1816/1557
f 1529/1816/1557 1501/1784/1532 1528/1813/1556
f 1529/1816/1557 1500/1783/1531 1501/1784/1532
f 1500/1783/1531 1529/1816/1557 1515/1817/1544
f 1515/1817/1544 1499/1782/1530 1500/1783/1531
f 1529/1816/1557 1517/1818/1545 1515/1817/1544
f 1517/1818/1545 1529/1816/1557 1518/1815/1546
f 1520/1805/1548 1519/1814/1547 1527/1812/1555
f 1527/1812/1555 1530/1819/1558 1520/1805/1548
f 1530/1819/1558 1527/1812/1555 1526/1811/1554
f 1530/1819/1558 1526/1811/1554 1525/1810/1553
f 1525/1810/1553 1531/1820/1559 1530/1819/1558
f 1531/1820/1559 1525/1810/1553 1524/1809/1552
f 1531/1820/1559 1524/1809/1552 1523/1808/1551
f 1531/1820/1559 1523/1808/1551 1521/1806/1549
f 1521/1806/1549 1530/1819/1558 1531/1820/1559
f 1530/1819/1558 1521/1806/1549 1520/1805/1548
f 1522/1807/1550 1521/1806/1549 1523/1808/1551
f 1505/1788/1536 1487/1770/1518 1486/1769/1517
f 1486/1769/1517 1506/1789/1537 1505/1788/1536
f 1506/1789/1537 1486/1769/1517 1532/1821/1560
f 1506/1789/1537 1532/1821/1560 1533/1822/1561
f 1506/1789/1537 1533/1822/1561 1534/1823/1562
f 1534/1823/1562 1507/1790/1538 1506/1789/1537
f 1507/1790/1538 1534/1823/1562 1535/1824/1563
f 1535/1824/1563 1509/1792/1540 1507/1790/1538
f 1509/1792/1540 1535/1824/1563 1536/1825/1564
f 1536/1825/1564 1511/1794/1542 1509/1792/1540
f 1511/1794/1542 1536/1825/1564 1537/1826/1565
f 1537/1826/1565 1513/1796/1543 1511/1794/1542
f 1513/1796/1543 1537/1826/1565 1538/1827/1566
f 1538/1827/1566 1498/1797/1529 1513/1796/1543
f 1498/1797/1529 1538/1827/1566 1539/1828/1567
f 1498/1781/1529 1539/1829/1567 1540/1830/1568
f 1540/1830/1568 1497/1780/1528 1498/1781/1529
f 1497/1780/1528 1540/1830/1568 1541/1831/1569
f 1541/1831/1569 1495/1778/1526 1497/1780/1528
f 1495/1778/1526 1541/1831/1569 1542/1832/1570
f 1542/1832/1570 1494/1777/1525 1495/1778/1526
f 1494/1777/1525 1542/1832/1570 1543/1833/1571
f 1543/1833/1571 1491/1774/1522 1494/1777/1525
f 1491/1774/1522 1543/1833/1571 1490/1773/1521
f 1544/1834/1572 1543/1833/1571 1542/1832/1570
f 1545/1835/1573 1546/1836/1574 1547/1837/1575
f 1547/1837/1575 1548/1838/1576 1545/1835/1573
f 1548/1838/1576 1547/1837/1575 1549/1839/1577
f 1549/1839/1577 1550/1840/1578 1548/1838/1576
f 1549/1839/1577 1551/1841/1579 1550/1840/1578
f 1551/1841/1579 1549/1839/1577 1552/1842/1580
f 1551/1841/1579 1552/1842/1580 1553/1843/1581
f 1553/1843/1581 1554/1844/1582 1551/1841/1579
f 1554/1844/1582 1553/1843/1581 1555/1845/1583
f 1554/1844/1582 1555/1845/1583 1556/1846/1584
f 1554/1844/1582 1556/1846/1584 1557/1847/1585
f 1554/1844/1582 1557/1847/1585 1558/1848/1586
f 1554/1844/1582 1558/1848/1586 1559/1849/1587
f 1559/1849/1587 1551/1841/1579 1554/1844/1582
f 1551/1841/1579 1559/1849/1587 1560/1850/1588
f 1560/1850/1588 1550/1840/1578 1551/1841/1579
f 1561/1851/1589 1562/1852/1590 1563/1853/1591
f 1563/1853/1591 1564/1854/1592 1561/1851/1589
f 1564/1854/1592 1563/1853/1591 1565/1855/1593
f 1565/1855/1593 1566/1856/1594 1564/1854/1592
f 1566/1856/1594 1565/1855/1593 1567/1857/1595
f 1567/1857/1595 1568/1858/1596 1566/1856/1594
f 1568/1858/1596 1567/1857/1595 1569/1859/1597
f 1569/1859/1597 1570/1860/1598 1568/1858/1596
f 1570/1860/1598 1569/1859/1597 1571/1861/1599
f 1571/1861/1599 1572/1862/1600 1570/1860/1598
f 1572/1862/1600 1571/1861/1599 1573/1863/1601
f 1573/1863/1601 1574/1864/1602 1572/1862/1600
f 1574/1864/1602 1573/1863/1601 1575/1865/1603
f 1575/1865/1603 1576/1866/1604 1574/1864/1602
f 1576/1866/1604 1575/1865/1603 1577/1867/1605
f 1576/1866/1604 1577/1867/1605 1578/1868/1606
f 1578/1868/1606 1579/1869/1607 1576/1866/1604
f 1579/1869/1607 1578/1868/1606 1580/1870/1608
f 1580/1870/1608 1581/1871/1609 1579/1869/1607
f 1581/1871/1609 1580/1870/1608 1582/1872/1610
f 1582/1872/1610 1583/1873/1611 1581/1871/1609
f 1583/1873/1611 1582/1872/1610 1584/1874/1612
f 1583/1873/1611 1584/1874/1612 1585/1875/1613
f 1583/1873/1611 1585/1875/1613 1586/1876/1614
f 1586/1876/1614 1587/1877/1615 1583/1873/1611
f 1587/1877/1615 1586/1876/1614 1588/1878/1616
f 1587/1877/1615 1588/1878/1616 1589/1879/1617
f 1589/1879/1617 1590/1880/1618 1587/1877/1615
f 1590/1880/1618 1589/1879/1617 1591/1881/1619
f 1591/1881/1619 1592/1882/1620 1590/1880/1618
f 1592/1882/1620 1591/1881/1619 1593/1883/1621
f 1593/1883/1621 1594/1884/1622 1592/1882/1620
f 1594/1884/1622 1593/1883/1621 1595/1885/1623
f 1595/1885/1623 1596/1886/1624 1594/1884/1622
f 1596/1886/1624 1595/1885/1623 1575/1887/1603
f 1596/1886/1624 1575/1887/1603 1573/1888/1601
f 1573/1888/1601 1597/1889/1625 1596/1886/1624
f 1597/1889/1625 1573/1888/1601 1571/1890/1599
f 1571/1890/1599 1598/1891/1626 1597/1889/1625
f 1598/1891/1626 1571/1890/1599 1569/1892/1597
f 1569/1892/1597 1599/1893/1627 1598/1891/1626
f 1599/1893/1627 1569/1892/1597 1567/1894/1595
f 1567/1894/1595 1600/1895/1628 1599/1893/1627
f 1600/1895/1628 1567/1894/1595 1565/1896/1593
f 1565/1896/1593 1601/1897/1629 1600/1895/1628
f 1601/1897/1629 1565/1896/1593 1563/1898/1591
f 1563/1898/1591 1602/1899/1630 1601/1897/1629
f 1602/1899/1630 1563/1898/1591 1562/1900/1590
f 1602/1899/1630 1562/1900/1590 1603/1901/1631
f 1603/1901/1631 1604/1902/1632 1602/1899/1630
f 1604/1902/1632 1603/1901/1631 1605/1903/1633
f 1605/1903/1633 1606/1904/1634 1604/1902/1632
f 1606/1904/1634 1605/1903/1633 1607/1905/1635
f 1606/1904/1634 1607/1905/1635 1543/1906/1571
f 1606/1904/1634 1543/1906/1571 1544/1907/1572
f 1544/1907/1572 1608/1908/1636 1606/1904/1634
f 1608/1908/1636 1544/1907/1572 1609/1909/1637
f 1609/1909/1637 1610/1910/1638 1608/1908/1636
f 1610/1910/1638 1609/1909/1637 1533/1911/1561
f 1610/1910/1638 1533/1911/1561 1532/1912/1560
f 1610/1910/1638 1532/1912/1560 1611/1913/1639
f 1610/1910/1638 1611/1913/1639 1612/1914/1640
f 1610/1910/1638 1612/1914/1640 1613/1915/1641
f 1613/1915/1641 1608/1908/1636 1610/1910/1638
f 1608/1908/1636 1613/1915/1641 1614/1916/1642
f 1614/1916/1642 1606/1904/1634 1608/1908/1636
f 1614/1916/1642 1604/1902/1632 1606/1904/1634
f 1604/1902/1632 1614/1916/1642 1615/1917/1643
f 1615/1917/1643 1602/1899/1630 1604/1902/1632
f 1602/1899/1630 1615/1917/1643 1616/1918/1644
f 1616/1918/1644 1601/1897/1629 1602/1899/1630
f 1601/1897/1629 1616/1918/1644 1617/1919/1645
f 1617/1919/1645 1600/1895/1628 1601/1897/1629
f 1600/1895/1628 1617/1919/1645 1618/1920/1646
f 1618/1920/1646 1599/1893/1627 1600/1895/1628
f 1599/1893/1627 1618/1920/1646 1619/1921/1647
f 1619/1921/1647 1598/1891/1626 1599/1893/1627
f 1598/1891/1626 1619/1921/1647 1620/1922/1648
f 1620/1922/1648 1597/1889/1625 1598/1891/1626
f 1620/1922/1648 1596/1886/1624 1597/1889/1625
f 1620/1922/1648 1594/1884/1622 1596/1886/1624
f 1594/1884/1622 1620/1922/1648 1621/1923/1649
f 1621/1923/1649 1592/1882/1620 1594/1884/1622
f 1592/1882/1620 1621/1923/1649 1622/1924/1650
f 1622/1924/1650 1590/1880/1618 1592/1882/1620
f 1590/1880/1618 1622/1924/1650 1623/1925/1651
f 1623/1925/1651 1587/1877/1615 1590/1880/1618
f 1587/1877/1615 1623/1925/1651 1624/1926/1652
f 1624/1926/1652 1583/1873/1611 1587/1877/1615
f 1583/1873/1611 1624/1926/1652 1625/1927/1653
f 1625/1927/1653 1581/1871/1609 1583/1873/1611
f 1581/1871/1609 1625/1927/1653 1626/1928/1654
f 1626/1928/1654 1579/1869/1607 1581/1871/1609
f 1626/1928/1654 1576/1866/1604 1579/1869/1607
f 1626/1928/1654 1574/1864/1602 1576/1866/1604
f 1574/1864/1602 1626/1928/1654 1627/1929/1655
f 1627/1929/1655 1572/1862/1600 1574/1864/1602
f 1572/1862/1600 1627/1929/1655 1628/1930/1656
f 1628/1930/1656 1570/1860/1598 1572/1862/1600
f 1570/1860/1598 1628/1930/1656 1629/1931/1657
f 1629/1931/1657 1568/1858/1596 1570/1860/1598
f 1568/1858/1596 1629/1931/1657 1630/1932/1658
f 1630/1932/1658 1566/1856/1594 1568/1858/1596
f 1566/1856/1594 1630/1932/1658 1631/1933/1659
f 1631/1933/1659 1564/1854/1592 1566/1856/1594
f 1564/1854/1592 1631/1933/1659 1632/1934/1660
f 1632/1934/1660 1561/1851/1589 1564/1854/1592
f 1561/1851/1589 1632/1934/1660 1633/1935/1661
f 1633/1935/1661 1562/1852/1590 1561/1851/1589
f 1633/1935/1661 1603/1936/1631 1562/1852/1590
f 1603/1936/1631 1633/1935/1661 1634/1937/1662
f 1634/1937/1662 1605/1938/1633 1603/1936/1631
f 1605/1938/1633 1634/1937/1662 1635/1939/1663
f 1635/1939/1663 1607/1940/1635 1605/1938/1633
f 1635/1939/1663 1543/1941/1571 1607/1940/1635
f 1635/1939/1663 1490/1942/1521 1543/1941/1571
f 1490/1942/1521 1635/1939/1663 1636/1943/1664
f 1636/1943/1664 1489/1944/1520 1490/1942/1521
f 1489/1944/1520 1636/1943/1664 1637/1945/1665
f 1637/1945/1665 1486/1946/1517 1489/1944/1520
f 1637/1945/1665 1532/1947/1560 1486/1946/1517
f 1637/1945/1665 1611/1948/1639 1532/1947/1560
f 1637/1945/1665 1612/1914/1640 1611/1948/1639
f 1637/1945/1665 1638/1949/1666 1612/1914/1640
f 1638/1949/1666 1637/1945/1665 1636/1943/1664
f 1636/1943/1664 1639/1950/1667 1638/1949/1666
f 1639/1950/1667 1636/1943/1664 1635/1939/1663
f 1639/1950/1667 1635/1939/1663 1634/1937/1662
f 1634/1937/1662 1640/1951/1668 1639/1950/1667
f 1640/1951/1668 1634/1937/1662 1633/1935/1661
f 1640/1951/1668 1633/1935/1661 1632/1934/1660
f 1640/1951/1668 1632/1934/1660 1641/1952/1669
f 1641/1952/1669 1639/1950/1667 1640/1951/1668
f 1641/1952/1669 1638/1949/1666 1639/1950/1667
f 1638/1949/1666 1641/1952/1669 1642/1953/1670
f 1642/1953/1670 1612/1914/1640 1638/1949/1666
f 1612/1914/1640 1642/1953/1670 1643/1954/1671
f 1643/1954/1671 1613/1915/1641 1612/1914/1640
f 1643/1954/1671 1614/1916/1642 1613/1915/1641
f 1643/1954/1671 1615/1917/1643 1614/1916/1642
f 1615/1917/1643 1643/1954/1671 1644/1955/1672
f 1644/1955/1672 1616/1918/1644 1615/1917/1643
f 1616/1918/1644 1644/1955/1672 1645/1956/1673
f 1645/1956/1673 1617/1919/1645 1616/1918/1644
f 1617/1919/1645 1645/1956/1673 1646/1957/1674
f 1646/1957/1674 1618/1920/1646 1617/1919/1645
f 1618/1920/1646 1646/1957/1674 1647/1958/1675
f 1647/1958/1675 1619/1921/1647 1618/1920/1646
f 1647/1958/1675 1620/1922/1648 1619/1921/1647
f 1647/1958/1675 1621/1923/1649 1620/1922/1648
f 1647/1958/1675 1622/1924/1650 1621/1923/1649
f 1647/1958/1675 1648/1959/1676 1622/1924/1650
f 1648/1959/1676 1647/1958/1675 1649/1960/1677
f 1649/1960/1677 1650/1961/1678 1648/1959/1676
f 1650/1961/1678 1649/1960/1677 1651/1962/1679
f 1650/1961/1678 1651/1962/1679 1652/1963/1680
f 1652/1963/1680 1653/1964/1681 1650/1961/1678
f 1652/1963/1680 1654/1965/1682 1653/1964/1681
f 1654/1965/1682 1652/1963/1680 1631/1933/1659
f 1654/1965/1682 1631/1933/1659 1630/1932/1658
f 1630/1932/1658 1655/1966/1683 1654/1965/1682
f 1655/1966/1683 1630/1932/1658 1629/1931/1657
f 1629/1931/1657 1656/1967/1684 1655/1966/1683
f 1656/1967/1684 1629/1931/1657 1628/1930/1656
f 1628/1930/1656 1657/1968/1685 1656/1967/1684
f 1657/1968/1685 1628/1930/1656 1627/1929/1655
f 1657/1968/1685 1627/1929/1655 1626/1928/1654
f 1657/1968/1685 1626/1928/1654 1625/1927/1653
f 1625/1927/1653 1658/1969/1686 1657/1968/1685
f 1658/1969/1686 1625/1927/1653 1624/1926/1652
f 1658/1969/1686 1624/1926/1652 1623/1925/1651
f 1658/1969/1686 1623/1925/1651 1659/1970/1687
f 1659/1970/1687 1657/1968/1685 1658/1969/1686
f 1659/1970/1687 1656/1967/1684 1657/1968/1685
f 1656/1967/1684 1659/1970/1687 1660/1971/1688
f 1660/1971/1688 1655/1966/1683 1656/1967/1684
f 1660/1971/1688 1654/1965/1682 1655/1966/1683
f 1660/1971/1688 1653/1964/1681 1654/1965/1682
f 1653/1964/1681 1660/1971/1688 1659/1970/1687
f 1659/1970/1687 1661/1972/1689 1653/1964/1681
f 1661/1972/1689 1659/1970/1687 1623/1925/1651
f 1623/1925/1651 1662/1973/1690 1661/1972/1689
f 1662/1973/1690 1623/1925/1651 1622/1924/1650
f 1662/1973/1690 1622/1924/1650 1650/1961/1678
f 1650/1961/1678 1661/1972/1689 1662/1973/1690
f 1661/1972/1689 1650/1961/1678 1653/1964/1681
f 1648/1959/1676 1650/1961/1678 1622/1924/1650
f 1652/1963/1680 1651/1962/1679 1663/1974/1691
f 1663/1974/1691 1631/1933/1659 1652/1963/1680
f 1631/1933/1659 1663/1974/1691 1664/1975/1692
f 1664/1975/1692 1632/1934/1660 1631/1933/1659
f 1664/1975/1692 1641/1952/1669 1632/1934/1660
f 1641/1952/1669 1664/1975/1692 1665/1976/1693
f 1665/1976/1693 1642/1953/1670 1641/1952/1669
f 1665/1976/1693 1643/1954/1671 1642/1953/1670
f 1665/1976/1693 1644/1955/1672 1643/1954/1671
f 1644/1955/1672 1665/1976/1693 1666/1977/1694
f 1666/1977/1694 1645/1956/1673 1644/1955/1672
f 1645/1956/1673 1666/1977/1694 1667/1978/1695
f 1667/1978/1695 1646/1957/1674 1645/1956/1673
f 1667/1978/1695 1647/1958/1675 1646/1957/1674
f 1647/1958/1675 1667/1978/1695 1668/1979/1696
f 1668/1979/1696 1649/1960/1677 1647/1958/1675
f 1668/1979/1696 1651/1962/1679 1649/1960/1677
f 1651/1962/1679 1668/1979/1696 1669/1980/1697
f 1669/1980/1697 1663/1974/1691 1651/1962/1679
f 1669/1980/1697 1664/1975/1692 1663/1974/1691
f 1669/1980/1697 1665/1976/1693 1664/1975/1692
f 1669/1980/1697 1666/1977/1694 1665/1976/1693
f 1666/1977/1694 1669/1980/1697 1668/1979/1696
f 1668/1979/1696 1667/1978/1695 1666/1977/1694
f 1575/1887/1603 1595/1885/1623 1670/1981/1698
f 1670/1981/1698 1577/1982/1605 1575/1887/1603
f 1670/1981/1698 1671/1983/1699 1577/1982/1605
f 1670/1981/1698 1672/1984/1700 1671/1983/1699
f 1670/1981/1698 1673/1985/1701 1672/1984/1700
f 1673/1985/1701 1670/1981/1698 1595/1885/1623
f 1673/1985/1701 1595/1885/1623 1593/1883/1621
f 1593/1883/1621 1674/1986/1702 1673/1985/1701
f 1674/1986/1702 1593/1883/1621 1591/1881/1619
f 1674/1986/1702 1591/1881/1619 1588/1878/1616
f 1674/1986/1702 1588/1878/1616 1675/1987/1703
f 1674/1986/1702 1675/1987/1703 1676/1988/1704
f 1674/1986/1702 1676/1988/1704 1677/1989/1705
f 1677/1989/1705 1673/1985/1701 1674/1986/1702
f 1673/1985/1701 1677/1989/1705 1678/1990/1706
f 1678/1990/1706 1672/1984/1700 1673/1985/1701
f 1679/1991/1707 1680/1992/1708 1681/1993/1709
f 1681/1993/1709 1682/1994/1710 1679/1991/1707
f 1682/1994/1710 1681/1993/1709 1683/1995/1711
f 1683/1995/1711 1684/1996/1712 1682/1994/1710
f 1684/1996/1712 1683/1995/1711 1685/1997/1713
f 1685/1997/1713 1686/1998/1714 1684/1996/1712
f 1686/1998/1714 1685/1997/1713 1687/1999/1715
f 1686/1998/1714 1687/1999/1715 1688/2000/1716
f 1686/1998/1714 1688/2000/1716 1689/2001/1717
f 1689/2001/1717 1690/2002/1718 1686/1998/1714
f 1690/2002/1718 1689/2001/1717 1691/2003/1719
f 1691/2003/1719 1692/2004/1720 1690/2002/1718
f 1692/2004/1720 1691/2003/1719 1693/2005/1721
f 1692/2004/1720 1693/2005/1721 1694/2006/1722
f 1692/2004/1720 1694/2006/1722 1695/2007/1723
f 1692/2004/1720 1695/2007/1723 1696/2008/1724
f 1692/2004/1720 1696/2008/1724 1697/2009/1725
f 1697/2009/1725 1690/2002/1718 1692/2004/1720
f 1690/2002/1718 1697/2009/1725 1698/2010/1726
f 1698/2010/1726 1686/1998/1714 1690/2002/1718
f 1698/2010/1726 1684/1996/1712 1686/1998/1714
f 1684/1996/1712 1698/2010/1726 1699/2011/1727
f 1699/2011/1727 1682/1994/1710 1684/1996/1712
f 1682/1994/1710 1699/2011/1727 1700/2012/1728
f 1700/2012/1728 1679/1991/1707 1682/1994/1710
f 1679/1991/1707 1700/2012/1728 1701/2013/1729
f 1701/2013/1729 1680/1992/1708 1679/1991/1707
f 1701/2013/1729 1702/2014/1730 1680/1992/1708
f 1702/2014/1730 1701/2013/1729 1703/2015/1731
f 1703/2015/1731 1704/2016/1732 1702/2014/1730
f 1704/2016/1732 1703/2015/1731 1705/2017/1733
f 1705/2017/1733 1706/2018/1734 1704/2016/1732
f 1706/2018/1734 1705/2017/1733 1707/2019/1735
f 1707/2019/1735 1708/2020/1736 1706/2018/1734
f 1708/2020/1736 1707/2019/1735 1709/2021/1737
f 1709/2021/1737 1710/2022/1738 1708/2020/1736
f 1710/2022/1738 1709/2021/1737 1711/2023/1739
f 1711/2023/1739 1712/2024/1740 1710/2022/1738
f 1711/2023/1739 1713/2025/1741 1712/2024/1740
f 1711/2023/1739 1714/2026/1742 1713/2025/1741
f 1711/2023/1739 1715/2027/1743 1714/2026/1742
f 1715/2027/1743 1711/2023/1739 1709/2021/1737
f 1709/2021/1737 1716/2028/1744 1715/2027/1743
f 1716/2028/1744 1709/2021/1737 1707/2019/1735
f 1707/2019/1735 1717/2029/1745 1716/2028/1744
f 1717/2029/1745 1707/2019/1735 1705/2017/1733
f 1705/2017/1733 1718/2030/1746 1717/2029/1745
f 1718/2030/1746 1705/2017/1733 1703/2015/1731
f 1703/2015/1731 1719/2031/1747 1718/2030/1746
f 1719/2031/1747 1703/2015/1731 1701/2013/1729
f 1701/2013/1729 1720/2032/1748 1719/2031/1747
f 1720/2032/1748 1701/2013/1729 1700/2012/1728
f 1700/2012/1728 1721/2033/1749 1720/2032/1748
f 1721/2033/1749 1700/2012/1728 1699/2011/1727
f 1699/2011/1727 1722/2034/1750 1721/2033/1749
f 1722/2034/1750 1699/2011/1727 1698/2010/1726
f 1722/2034/1750 1698/2010/1726 1697/2009/1725
f 1722/2034/1750 1697/2009/1725 1696/2008/1724
f 1722/2034/1750 1696/2008/1724 1723/2035/1751
f 1723/2035/1751 1721/2033/1749 1722/2034/1750
f 1723/2035/1751 1724/2036/1752 1721/2033/1749
f 1723/2035/1751 1725/2037/1753 1724/2036/1752
f 1725/2037/1753 1723/2035/1751 1696/2008/1724
f 1696/2008/1724 1726/2038/1754 1725/2037/1753
f 1726/2038/1754 1696/2008/1724 1695/2039/1723
f 1695/2039/1723 1727/2040/1755 1726/2038/1754
f 1727/2040/1755 1695/2039/1723 1694/2041/1722
f 1727/2040/1755 1694/2041/1722 1728/2042/1756
f 1728/2042/1756 1729/2043/1757 1727/2040/1755
f 1729/2043/1757 1728/2042/1756 1730/2044/1758
f 1730/2044/1758 1731/2045/1759 1729/2043/1757
f 1731/2045/1759 1730/2044/1758 1732/2046/1760
f 1731/2045/1759 1732/2046/1760 1688/2047/1716
f 1731/2045/1759 1688/2047/1716 1687/2048/1715
f 1687/2048/1715 1733/2049/1761 1731/2045/1759
f 1733/2049/1761 1687/2048/1715 1685/2050/1713
f 1685/2050/1713 1734/2051/1762 1733/2049/1761
f 1734/2051/1762 1685/2050/1713 1683/2052/1711
f 1734/2051/1762 1683/2052/1711 1681/2053/1709
f 1681/2053/1709 1735/2054/1763 1734/2051/1762
f 1735/2054/1763 1681/2053/1709 1680/2055/1708
f 1680/2055/1708 1736/2056/1764 1735/2054/1763
f 1736/2056/1764 1680/2055/1708 1702/2057/1730
f 1702/2057/1730 1737/2058/1765 1736/2056/1764
f 1737/2058/1765 1702/2057/1730 1704/2059/1732
f 1704/2059/1732 1738/2060/1766 1737/2058/1765
f 1738/2060/1766 1704/2059/1732 1706/2061/1734
f 1706/2061/1734 1739/2062/1767 1738/2060/1766
f 1739/2062/1767 1706/2061/1734 1708/2063/1736
f 1708/2063/1736 1740/2064/1768 1739/2062/1767
f 1740/2064/1768 1708/2063/1736 1710/2065/1738
f 1740/2064/1768 1710/2065/1738 1712/2066/1740
f 1740/2064/1768 1712/2066/1740 1741/2067/1769
f 1741/2067/1769 1742/2068/1770 1740/2064/1768
f 1742/2068/1770 1741/2067/1769 1743/2069/1771
f 1743/2069/1771 1744/2070/1772 1742/2068/1770
f 1744/2070/1772 1743/2069/1771 1745/2071/1773
f 1745/2071/1773 1746/2072/1774 1744/2070/1772
f 1746/2072/1774 1745/2071/1773 1747/2073/1775
f 1747/2073/1775 1748/2074/1776 1746/2072/1774
f 1748/2074/1776 1747/2073/1775 1749/2075/1777
f 1749/2075/1777 1750/2076/1778 1748/2074/1776
f 1750/2076/1778 1749/2075/1777 1751/2077/1779
f 1750/2076/1778 1751/2077/1779 1752/2078/1780
f 1752/2078/1780 1753/2079/1781 1750/2076/1778
f 1753/2079/1781 1752/2078/1780 1754/2080/1782
f 1754/2080/1782 1755/2081/1783 1753/2079/1781
f 1755/2081/1783 1754/2080/1782 1756/2082/1784
f 1755/2081/1783 1756/2082/1784 1757/2083/1785
f 1757/2083/1785 1758/2084/1786 1755/2081/1783
f 1758/2084/1786 1757/2083/1785 1714/2026/1742
f 1714/2026/1742 1759/2085/1787 1758/2084/1786
f 1759/2085/1787 1714/2026/1742 1715/2027/1743
f 1715/2027/1743 1760/2086/1788 1759/2085/1787
f 1760/2086/1788 1715/2027/1743 1716/2028/1744
f 1716/2028/1744 1761/2087/1789 1760/2086/1788
f 1761/2087/1789 1716/2028/1744 1717/2029/1745
f 1717/2029/1745 1762/2088/1790 1761/2087/1789
f 1762/2088/1790 1717/2029/1745 1718/2030/1746
f 1762/2088/1790 1718/2030/1746 1719/2031/1747
f 1719/2031/1747 1763/2089/1791 1762/2088/1790
f 1763/2089/1791 1719/2031/1747 1720/2032/1748
f 1720/2032/1748 1764/2090/1792 1763/2089/1791
f 1720/2032/1748 1765/2091/1793 1764/2090/1792
f 1765/2091/1793 1720/2032/1748 1721/2033/1749
f 1721/2033/1749 1766/2092/1794 1765/2091/1793
f 1766/2092/1794 1721/2033/1749 1724/2036/1752
f 1724/2036/1752 1767/2093/1795 1766/2092/1794
f 1767/2093/1795 1724/2036/1752 1725/2037/1753
f 1725/2037/1753 1768/2094/1796 1767/2093/1795
f 1768/2094/1796 1725/2037/1753 1726/2038/1754
f 1726/2038/1754 1769/2095/1797 1768/2094/1796
f 1769/2095/1797 1726/2038/1754 1727/2040/1755
f 1769/2095/1797 1727/2040/1755 1729/2043/1757
f 1769/2095/1797 1729/2043/1757 1731/2045/1759
f 1769/2095/1797 1731/2045/1759 1733/2049/1761
f 1733/2049/1761 1768/2094/1796 1769/2095/1797
f 1768/2094/1796 1733/2049/1761 1734/2051/1762
f 1768/2094/1796 1734/2051/1762 1770/2096/1798
f 1770/2096/1798 1767/2093/1795 1768/2094/1796
f 1767/2093/1795 1770/2096/1798 1771/2097/1799
f 1767/2093/1795 1771/2097/1799 1772/2098/1800
f 1772/2098/1800 1766/2092/1794 1767/2093/1795
f 1766/2092/1794 1772/2098/1800 1773/2099/1801
f 1773/2099/1801 1765/2091/1793 1766/2092/1794
f 1765/2091/1793 1773/2099/1801 1774/2100/1802
f 1774/2100/1802 1764/2090/1792 1765/2091/1793
f 1764/2090/1792 1774/2100/1802 1775/2101/1803
f 1764/2090/1792 1775/2101/1803 1776/2102/1804
f 1776/2102/1804 1763/2089/1791 1764/2090/1792
f 1763/2089/1791 1776/2102/1804 1777/2103/1805
f 1777/2103/1805 1762/2088/1790 1763/2089/1791
f 1762/2088/1790 1777/2103/1805 1778/2104/1806
f 1778/2104/1806 1761/2087/1789 1762/2088/1790
f 1761/2087/1789 1778/2104/1806 1779/2105/1807
f 1779/2105/1807 1760/2086/1788 1761/2087/1789
f 1760/2086/1788 1779/2105/1807 1780/2106/1808
f 1780/2106/1808 1759/2085/1787 1760/2086/1788
f 1759/2085/1787 1780/2106/1808 1781/2107/1809
f 1781/2107/1809 1758/2084/1786 1759/2085/1787
f 1781/2107/1809 1755/2081/1783 1758/2084/1786
f 1781/2107/1809 1753/2079/1781 1755/2081/1783
f 1781/2107/1809 1750/2076/1778 1753/2079/1781
f 1781/2107/1809 1748/2074/1776 1750/2076/1778
f 1748/2074/1776 1781/2107/1809 1782/2108/1810
f 1782/2108/1810 1746/2072/1774 1748/2074/1776
f 1746/2072/1774 1782/2108/1810 1783/2109/1811
f 1783/2109/1811 1744/2070/1772 1746/2072/1774
f 1744/2070/1772 1783/2109/1811 1784/2110/1812
f 1784/2110/1812 1742/2068/1770 1744/2070/1772
f 1742/2068/1770 1784/2110/1812 1785/2111/1813
f 1785/2111/1813 1740/2064/1768 1742/2068/1770
f 1785/2111/1813 1739/2062/1767 1740/2064/1768
f 1739/2062/1767 1785/2111/1813 1786/2112/1814
f 1786/2112/1814 1738/2060/1766 1739/2062/1767
f 1738/2060/1766 1786/2112/1814 1787/2113/1815
f 1787/2113/1815 1737/2058/1765 1738/2060/1766
f 1737/2058/1765 1787/2113/1815 1788/2114/1816
f 1788/2114/1816 1736/2056/1764 1737/2058/1765
f 1736/2056/1764 1788/2114/1816 1770/2096/1798
f 1770/2096/1798 1735/2054/1763 1736/2056/1764
f 1735/2054/1763 1770/2096/1798 1734/2051/1762
f 1788/2114/1816 1771/2097/1799 1770/2096/1798
f 1771/2097/1799 1788/2114/1816 1787/2113/1815
f 1787/2113/1815 1789/2115/1817 1771/2097/1799
f 1789/2115/1817 1787/2113/1815 1786/2112/1814
f 1786/2112/1814 1790/2116/1818 1789/2115/1817
f 1790/2116/1818 1786/2112/1814 1785/2111/1813
f 1790/2116/1818 1785/2111/1813 1784/2110/1812
f 1784/2110/1812 1791/2117/1819 1790/2116/1818
f 1791/2117/1819 1784/2110/1812 1783/2109/1811
f 1783/2109/1811 1792/2118/1820 1791/2117/1819
f 1792/2118/1820 1783/2109/1811 1782/2108/1810
f 1782/2108/1810 1780/2106/1808 1792/2118/1820
f 1780/2106/1808 1782/2108/1810 1781/2107/1809
f 1792/2118/1820 1780/2106/1808 1779/2105/1807
f 1779/2105/1807 1793/2119/1821 1792/2118/1820
f 1793/2119/1821 1779/2105/1807 1778/2104/1806
f 1793/2119/1821 1778/2104/1806 1777/2103/1805
f 1793/2119/1821 1777/2103/1805 1776/2102/1804
f 1793/2119/1821 1776/2102/1804 1794/2120/1822
f 1794/2120/1822 1792/2118/1820 1793/2119/1821
f 1794/2120/1822 1791/2117/1819 1792/2118/1820
f 1794/2120/1822 1775/2101/1803 1791/2117/1819
f 1775/2101/1803 1794/2120/1822 1776/2102/1804
f 1791/2117/1819 1775/2101/1803 1795/2121/1823
f 1795/2121/1823 1790/2116/1818 1791/2117/1819
f 1795/2121/1823 1796/2122/1824 1790/2116/1818
f 1796/2122/1824 1795/2121/1823 1775/2101/1803
f 1796/2122/1824 1775/2101/1803 1774/2100/1802
f 1796/2122/1824 1774/2100/1802 1773/2099/1801
f 1773/2099/1801 1797/2123/1825 1796/2122/1824
f 1797/2123/1825 1773/2099/1801 1772/2098/1800
f 1797/2123/1825 1772/2098/1800 1771/2097/1799
f 1797/2123/1825 1771/2097/1799 1789/2115/1817
f 1797/2123/1825 1789/2115/1817 1790/2116/1818
f 1790/2116/1818 1796/2122/1824 1797/2123/1825
f 1540/2124/1568 1539/2125/1567 1538/2126/1566
f 1538/2126/1566 1798/2127/1826 1540/2124/1568
f 1798/2127/1826 1538/2126/1566 1537/2128/1565
f 1798/2127/1826 1537/2128/1565 1536/2129/1564
f 1798/2127/1826 1536/2129/1564 1799/2130/1827
f 1799/2130/1827 1540/2124/1568 1798/2127/1826
f 1799/2130/1827 1541/2131/1569 1540/2124/1568
f 1541/2131/1569 1799/2130/1827 1800/2132/1828
f 1800/2132/1828 1542/2133/1570 1541/2131/1569
f 1800/2132/1828 1544/2134/1572 1542/2133/1570
f 1800/2132/1828 1609/2135/1637 1544/2134/1572
f 1800/2132/1828 1533/2136/1561 1609/2135/1637
f 1800/2132/1828 1534/2137/1562 1533/2136/1561
f 1534/2137/1562 1800/2132/1828 1799/2130/1827
f 1799/2130/1827 1535/2138/1563 1534/2137/1562
f 1535/2138/1563 1799/2130/1827 1536/2129/1564
f 1801/2139/1829 1802/2140/1830 1803/2141/1831
f 1803/2141/1831 1804/2142/1832 1801/2139/1829
f 1804/2142/1832 1803/2141/1831 1805/2143/1833
f 1805/2143/1833 1806/2144/1834 1804/2142/1832
f 1806/2144/1834 1805/2143/1833 1807/2145/1835
f 1807/2145/1835 1808/2146/1836 1806/2144/1834
f 1808/2146/1836 1807/2145/1835 1809/2147/1837
f 1809/2147/1837 1810/2148/1838 1808/2146/1836
f 1810/2148/1838 1809/2147/1837 1811/2149/1839
f 1811/2149/1839 1812/2150/1840 1810/2148/1838
f 1812/2150/1840 1811/2149/1839 1813/2151/1841
f 1813/2151/1841 1814/2152/1842 1812/2150/1840
f 1814/2152/1842 1813/2151/1841 1815/2153/1843
f 1815/2153/1843 1816/2154/1844 1814/2152/1842
f 1815/2153/1843 1817/2155/1845 1816/2154/1844
f 1817/2155/1845 1815/2153/1843 1813/2156/1841
f 1813/2156/1841 1818/2157/1543 1817/2155/1845
f 1818/2157/1543 1813/2156/1841 1811/2158/1839
f 1818/2157/1543 1811/2158/1839 1809/2159/1837
f 1809/2159/1837 1819/2160/1543 1818/2157/1543
f 1819/2160/1543 1809/2159/1837 1807/2161/1835
f 1807/2161/1835 1820/2162/1543 1819/2160/1543
f 1820/2162/1543 1807/2161/1835 1805/2163/1833
f 1805/2163/1833 1821/2164/1543 1820/2162/1543
f 1821/2164/1543 1805/2163/1833 1803/2165/1831
f 1821/2164/1543 1803/2165/1831 1802/2166/1830
f 1821/2164/1543 1802/2166/1830 1822/2167/1846
f 1822/2167/1846 1823/2168/1847 1821/2164/1543
f 1823/2168/1847 1822/2167/1846 1824/2169/1848
f 1824/2169/1848 1825/2170/1849 1823/2168/1847
f 1825/2170/1849 1824/2169/1848 1826/2171/1850
f 1826/2171/1850 1827/2172/1851 1825/2170/1849
f 1827/2172/1851 1826/2171/1850 1828/2173/1852
f 1828/2173/1852 1829/2174/1853 1827/2172/1851
f 1829/2174/1853 1828/2173/1852 1830/2175/1854
f 1829/2174/1853 1830/2175/1854 1728/2176/1756
f 1829/2174/1853 1728/2176/1756 1694/2177/1722
f 1694/2177/1722 1831/2178/1855 1829/2174/1853
f 1831/2178/1855 1694/2177/1722 1693/2179/1721
f 1693/2179/1721 1832/2180/1856 1831/2178/1855
f 1832/2180/1856 1693/2179/1721 1691/2181/1719
f 1691/2181/1719 1833/2182/1857 1832/2180/1856
f 1833/2182/1857 1691/2181/1719 1689/2183/1717
f 1689/2183/1717 1834/2184/1858 1833/2182/1857
f 1834/2184/1858 1689/2183/1717 1688/2185/1716
f 1688/2185/1716 1835/2186/1859 1834/2184/1858
f 1835/2186/1859 1688/2185/1716 1732/2187/1760
f 1835/2186/1859 1732/2187/1760 1836/2188/1860
f 1836/2188/1860 1837/2189/1861 1835/2186/1859
f 1837/2189/1861 1836/2188/1860 1838/2190/1862
f 1837/2189/1861 1838/2190/1862 1801/2139/1829
f 1837/2189/1861 1801/2139/1829 1804/2142/1832
f 1804/2142/1832 1839/2191/1863 1837/2189/1861
f 1839/2191/1863 1804/2142/1832 1806/2144/1834
f 1839/2191/1863 1806/2144/1834 1808/2146/1836
f 1808/2146/1836 1840/2192/1864 1839/2191/1863
f 1840/2192/1864 1808/2146/1836 1810/2148/1838
f 1840/2192/1864 1810/2148/1838 1812/2150/1840
f 1812/2150/1840 1841/2193/1865 1840/2192/1864
f 1841/2193/1865 1812/2150/1840 1814/2152/1842
f 1814/2152/1842 1842/2194/1866 1841/2193/1865
f 1842/2194/1866 1814/2152/1842 1816/2154/1844
f 1816/2154/1844 1843/2195/1867 1842/2194/1866
f 1843/2195/1867 1816/2154/1844 1817/2155/1845
f 1817/2155/1845 1844/2196/1868 1843/2195/1867
f 1844/2196/1868 1817/2155/1845 1818/2157/1543
f 1844/2196/1868 1818/2157/1543 1819/2160/1543
f 1819/2160/1543 1845/2197/1869 1844/2196/1868
f 1845/2197/1869 1819/2160/1543 1820/2162/1543
f 1845/2197/1869 1820/2162/1543 1821/2164/1543
f 1845/2197/1869 1821/2164/1543 1823/2168/1847
f 1823/2168/1847 1846/2198/1870 1845/2197/1869
f 1846/2198/1870 1823/2168/1847 1825/2170/1849
f 1825/2170/1849 1847/2199/1871 1846/2198/1870
f 1847/2199/1871 1825/2170/1849 1827/2172/1851
f 1847/2199/1871 1827/2172/1851 1829/2174/1853
f 1847/2199/1871 1829/2174/1853 1831/2178/1855
f 1831/2178/1855 1848/2200/1872 1847/2199/1871
f 1848/2200/1872 1831/2178/1855 1832/2180/1856
f 1832/2180/1856 1849/2201/1873 1848/2200/1872
f 1849/2201/1873 1832/2180/1856 1833/2182/1857
f 1833/2182/1857 1850/2202/1874 1849/2201/1873
f 1850/2202/1874 1833/2182/1857 1834/2184/1858
f 1834/2184/1858 1839/2191/1863 1850/2202/1874
f 1839/2191/1863 1834/2184/1858 1835/2186/1859
f 1835/2186/1859 1837/2189/1861 1839/2191/1863
f 1850/2202/1874 1839/2191/1863 1840/2192/1864
f 1840/2192/1864 1849/2201/1873 1850/2202/1874
f 1849/2201/1873 1840/2192/1864 1841/2193/1865
f 1841/2193/1865 1848/2200/1872 1849/2201/1873
f 1848/2200/1872 1841/2193/1865 1842/2194/1866
f 1842/2194/1866 1851/2203/1875 1848/2200/1872
f 1851/2203/1875 1842/2194/1866 1843/2195/1867
f 1843/2195/1867 1852/2204/1876 1851/2203/1875
f 1852/2204/1876 1843/2195/1867 1844/2196/1868
f 1852/2204/1876 1844/2196/1868 1845/2197/1869
f 1852/2204/1876 1845/2197/1869 1846/2198/1870
f 1846/2198/1870 1851/2203/1875 1852/2204/1876
f 1851/2203/1875 1846/2198/1870 1847/2199/1871
f 1847/2199/1871 1848/2200/1872 1851/2203/1875
f 1801/2205/1829 1822/2206/1846 1802/2207/1830
f 1822/2206/1846 1801/2205/1829 1853/2208/1877
f 1853/2208/1877 1824/2209/1848 1822/2206/1846
f 1853/2208/1877 1826/2210/1850 1824/2209/1848
f 1853/2208/1877 1854/2211/1878 1826/2210/1850
f 1854/2211/1878 1853/2208/1877 1801/2205/1829
f 1854/2211/1878 1801/2205/1829 1838/2212/1862
f 1838/2212/1862 1855/2213/1879 1854/2211/1878
f 1855/2213/1879 1838/2212/1862 1836/2214/1860
f 1855/2213/1879 1836/2214/1860 1732/2215/1760
f 1855/2213/1879 1732/2215/1760 1730/2216/1758
f 1855/2213/1879 1730/2216/1758 1728/2217/1756
f 1855/2213/1879 1728/2217/1756 1830/2218/1854
f 1830/2218/1854 1854/2211/1878 1855/2213/1879
f 1854/2211/1878 1830/2218/1854 1828/2219/1852
f 1828/2219/1852 1826/2210/1850 1854/2211/1878
f 1856/2220/1880 1857/2221/1881 1858/2222/1882
f 1858/2222/1882 1859/2223/1883 1856/2220/1880
f 1859/2223/1883 1858/2222/1882 1860/2224/1884
f 1860/2224/1884 1861/2225/1885 1859/2223/1883
f 1861/2225/1885 1860/2224/1884 1862/2226/1886
f 1862/2226/1886 1863/2227/1887 1861/2225/1885
f 1863/2227/1887 1862/2226/1886 1864/2228/1888
f 1864/2228/1888 1865/2229/1889 1863/2227/1887
f 1865/2229/1889 1864/2228/1888 1866/2230/1890
f 1866/2230/1890 1867/2231/1891 1865/2229/1889
f 1867/2231/1891 1866/2230/1890 1868/2232/1892
f 1868/2232/1892 1869/2233/1893 1867/2231/1891
f 1869/2233/1893 1868/2232/1892 1870/2234/1894
f 1870/2234/1894 1871/2235/1895 1869/2233/1893
f 1871/2235/1895 1870/2234/1894 1857/2221/1881
f 1871/2235/1895 1857/2221/1881 1856/2220/1880
f 1856/2220/1880 1872/2236/1896 1871/2235/1895
f 1872/2236/1896 1856/2220/1880 1859/2223/1883
f 1859/2223/1883 1873/2237/1897 1872/2236/1896
f 1873/2237/1897 1859/2223/1883 1861/2225/1885
f 1861/2225/1885 1874/2238/1898 1873/2237/1897
f 1874/2238/1898 1861/2225/1885 1863/2227/1887
f 1863/2227/1887 1875/2239/1899 1874/2238/1898
f 1875/2239/1899 1863/2227/1887 1865/2229/1889
f 1865/2229/1889 1876/2240/1900 1875/2239/1899
f 1876/2240/1900 1865/2229/1889 1867/2231/1891
f 1867/2231/1891 1877/2241/1901 1876/2240/1900
f 1877/2241/1901 1867/2231/1891 1869/2233/1893
f 1869/2233/1893 1878/2242/1902 1877/2241/1901
f 1878/2242/1902 1869/2233/1893 1871/2235/1895
f 1871/2235/1895 1879/2243/1903 1878/2242/1902
f 1879/2243/1903 1871/2235/1895 1872/2236/1896
f 1872/2236/1896 1880/2244/1904 1879/2243/1903
f 1880/2244/1904 1872/2236/1896 1873/2237/1897
f 1873/2237/1897 1881/2245/1905 1880/2244/1904
f 1881/2245/1905 1873/2237/1897 1874/2238/1898
f 1874/2238/1898 1882/2246/1906 1881/2245/1905
f 1882/2246/1906 1874/2238/1898 1875/2239/1899
f 1875/2239/1899 1883/2247/1907 1882/2246/1906
f 1883/2247/1907 1875/2239/1899 1876/2240/1900
f 1876/2240/1900 1884/2248/1908 1883/2247/1907
f 1884/2248/1908 1876/2240/1900 1877/2241/1901
f 1877/2241/1901 1885/2249/1909 1884/2248/1908
f 1885/2249/1909 1877/2241/1901 1878/2242/1902
f 1878/2242/1902 1886/2250/1910 1885/2249/1909
f 1886/2250/1910 1878/2242/1902 1879/2243/1903
f 1879/2243/1903 1887/2251/1911 1886/2250/1910
f 1887/2251/1911 1879/2243/1903 1880/2244/1904
f 1880/2244/1904 1888/2252/1912 1887/2251/1911
f 1888/2252/1912 1880/2244/1904 1881/2245/1905
f 1888/2252/1912 1881/2245/1905 1882/2246/1906
f 1888/2252/1912 1882/2246/1906 1883/2247/1907
f 1888/2252/1912 1883/2247/1907 1885/2249/1909
f 1885/2249/1909 1887/2251/1911 1888/2252/1912
f 1887/2251/1911 1885/2249/1909 1886/2250/1910
f 1884/2248/1908 1885/2249/1909 1883/2247/1907
f 1889/2253/1913 1890/2254/1914 1891/2255/1915
f 1891/2255/1915 1892/2256/1916 1889/2253/1913
f 1892/2256/1916 1891/2255/1915 1893/2257/1917
f 1893/2257/1917 1894/2258/1918 1892/2256/1916
f 1894/2258/1918 1893/2257/1917 1895/2259/1919
f 1895/2259/1919 1896/2260/1920 1894/2258/1918
f 1896/2260/1920 1895/2259/1919 1897/2261/1921
f 1897/2261/1921 1898/2262/1922 1896/2260/1920
f 1897/2261/1921 1899/2263/1923 1898/2262/1922
f 1897/2261/1921 1900/2264/1924 1899/2263/1923
f 1897/2261/1921 1901/2265/1925 1900/2264/1924
f 1901/2265/1925 1897/2261/1921 1895/2259/1919
f 1895/2259/1919 1902/2266/1926 1901/2265/1925
f 1903/2267/1927 1904/2268/1928 1905/2269/1929
f 1905/2269/1929 1906/2270/1930 1903/2267/1927
f 1906/2270/1930 1905/2269/1929 1907/2271/1931
f 1907/2271/1931 1908/2272/1932 1906/2270/1930
f 1909/2273/1933 1910/2274/1934 1911/2275/1935
f 1911/2275/1935 1912/2276/1936 1909/2273/1933
f 1912/2276/1936 1911/2275/1935 1913/2277/1937
f 1913/2277/1937 1914/2278/1938 1912/2276/1936
f 1915/2279/1939 1916/2280/1940 1917/2281/1941
f 1917/2281/1941 1918/2282/1942 1915/2279/1939
f 1918/2282/1942 1917/2281/1941 1919/2283/1943
f 1920/2284/1944 1915/2279/1939 1918/2282/1942
f 1921/2285/1945 1916/2280/1940 1922/2286/1946
f 1922/2286/1946 1923/2287/1947 1921/2285/1945
f 1923/2287/1947 1922/2286/1946 1924/2288/1948
f 1924/2288/1948 1925/2289/1949 1923/2287/1947
f 1895/2259/1919 1926/2290/1950 1902/2266/1926
f 1926/2290/1950 1895/2259/1919 1893/2257/1917
f 1926/2290/1950 1893/2257/1917 1891/2255/1915
f 1891/2255/1915 1927/2291/1951 1926/2290/1950
f 1927/2291/1951 1891/2255/1915 1928/2292/1952
f 1928/2292/1952 1917/2281/1941 1927/2291/1951
f 1928/2292/1952 1919/2283/1943 1917/2281/1941
f 1919/2283/1943 1928/2292/1952 1891/2255/1915
f 1891/2255/1915 1890/2254/1914 1919/2283/1943
f 1899/2263/1923 1929/2293/1953 1930/2294/1954
f 1930/2294/1954 1898/2262/1922 1899/2263/1923
f 1898/2262/1922 1930/2294/1954 1931/2295/1955
f 1931/2295/1955 1896/2260/1920 1898/2262/1922
f 1896/2260/1920 1931/2295/1955 1903/2267/1927
f 1903/2267/1927 1894/2258/1918 1896/2260/1920
f 1894/2258/1918 1903/2267/1927 1906/2270/1930
f 1906/2270/1930 1892/2256/1916 1894/2258/1918
f 1924/2288/1948 1922/2286/1946 1932/2296/1956
f 1932/2296/1956 1933/2297/1957 1924/2288/1948
f 1933/2297/1957 1932/2296/1956 1934/2298/1958
f 1934/2298/1958 1935/2299/1959 1933/2297/1957
f 1935/2299/1959 1934/2298/1958 1936/2300/1960
f 1937/2301/1961 1934/2298/1958 1932/2296/1956
f 1938/2302/1962 1939/2303/1963 1940/2304/1964
f 1940/2304/1964 1941/2305/1965 1938/2302/1962
f 1940/2304/1964 1942/2306/1966 1941/2305/1965
f 1940/2304/1964 1943/2307/1967 1942/2306/1966
f 1940/2304/1964 1923/2287/1947 1943/2307/1967
f 1923/2287/1947 1940/2304/1964 1939/2303/1963
f 1939/2303/1963 1921/2285/1945 1923/2287/1947
f 1925/2289/1949 1943/2307/1967 1923/2287/1947
f 1889/2253/1913 1906/2270/1930 1908/2272/1932
f 1906/2270/1930 1889/2253/1913 1892/2256/1916
f 1929/2293/1953 1909/2273/1933 1912/2276/1936
f 1912/2276/1936 1930/2294/1954 1929/2293/1953
f 1930/2294/1954 1912/2276/1936 1914/2278/1938
f 1914/2278/1938 1931/2295/1955 1930/2294/1954
f 1931/2295/1955 1914/2278/1938 1904/2268/1928
f 1904/2268/1928 1903/2267/1927 1931/2295/1955
f 1591/1881/1619 1589/1879/1617 1588/1878/1616
f 1944/2308/1968 1945/2309/1969 1946/2310/1970
f 1947/2311/1971 1948/2312/1972 1949/2313/1973
f 1950/2314/1974 1951/2315/1975 1945/2316/1969
f 1951/2315/1975 1950/2314/1974 1952/2317/1976
f 1953/2318/1977 1954/2319/1978 1955/2320/1979
f 1954/2319/1978 1953/2318/1977 1956/2321/1980
f 1956/2321/1980 1957/2322/1981 1954/2319/1978
f 1958/2323/1982 1959/2324/1983 1960/2325/1984
f 1959/2324/1983 1958/2323/1982 1961/2326/1985
f 1961/2326/1985 1962/2327/1986 1959/2324/1983
f 1962/2327/1986 1961/2326/1985 1963/2328/1987
f 1963/2328/1987 1964/2329/1988 1962/2327/1986
f 1964/2329/1988 1963/2328/1987 1965/2330/1989
f 1965/2330/1989 1966/2331/1990 1964/2329/1988
f 1967/2332/1991 1945/2333/1969 1951/2334/1975
f 1945/2333/1969 1967/2332/1991 1968/2335/1992
f 1968/2335/1992 1946/2336/1970 1945/2333/1969
f 1946/2336/1970 1968/2335/1992 1966/2337/1990
f 1966/2337/1990 1965/2338/1989 1946/2336/1970
f 1950/2339/1974 1969/2340/1993 1952/2341/1976
f 1969/2340/1993 1950/2339/1974 1970/2342/1994
f 1969/2340/1993 1970/2342/1994 1971/2343/1995
f 1971/2343/1995 1972/2344/1996 1969/2340/1993
f 1972/2344/1996 1971/2343/1995 1973/2345/1997
f 1973/2345/1997 1974/2346/1998 1972/2344/1996
f 1974/2346/1998 1973/2345/1997 1975/2347/1999
f 1975/2347/1999 1976/2348/2000 1974/2346/1998
f 1976/2348/2000 1975/2347/1999 1977/2349/2001
f 1977/2349/2001 1978/2350/2002 1976/2348/2000
f 1977/2349/2001 1956/2351/1980 1978/2350/2002
f 1956/2351/1980 1977/2349/2001 1979/2352/2003
f 1979/2352/2003 1957/2353/1981 1956/2351/1980
f 1980/2354/2004 1981/2355/2005 1982/2356/2006
f 1981/2355/2005 1980/2354/2004 1983/2357/2007
f 1983/2357/2007 1984/2358/2008 1981/2355/2005
f 1983/2357/2007 1985/2359/2009 1984/2358/2008
f 1985/2359/2009 1983/2357/2007 1986/2360/2010
f 1986/2360/2010 1987/2361/2011 1985/2359/2009
f 1987/2361/2011 1986/2360/2010 1988/2362/2012
f 1988/2362/2012 1989/2363/2013 1987/2361/2011
f 1989/2363/2013 1988/2362/2012 1990/2364/2014
f 1990/2364/2014 1991/2365/2015 1989/2363/2013
f 1990/2364/2014 1992/2366/2016 1991/2365/2015
f 1990/2364/2014 1960/2367/1984 1992/2366/2016
f 1960/2367/1984 1990/2364/2014 1993/2368/2017
f 1960/2367/1984 1993/2368/2017 1994/2369/2018
f 1994/2369/2018 1958/2370/1982 1960/2367/1984
f 1995/2371/2019 1983/2357/2007 1980/2354/2004
f 1983/2357/2007 1995/2371/2019 1996/2372/2020
f 1996/2372/2020 1986/2360/2010 1983/2357/2007
f 1986/2360/2010 1996/2372/2020 1997/2373/2021
f 1997/2373/2021 1988/2362/2012 1986/2360/2010
f 1997/2373/2021 1990/2364/2014 1988/2362/2012
f 1997/2373/2021 1993/2368/2017 1990/2364/2014
f 1993/2368/2017 1997/2373/2021 1998/2374/2022
f 1998/2374/2022 1994/2369/2018 1993/2368/2017
f 1998/2374/2022 1999/2375/2023 1994/2369/2018
f 1999/2375/2023 1998/2374/2022 2000/2376/2024
f 2000/2376/2024 2001/2377/2025 1999/2375/2023
f 2001/2377/2025 2000/2376/2024 2002/2378/2026
f 2002/2378/2026 2003/2379/2027 2001/2377/2025
f 2003/2379/2027 2002/2378/2026 2004/2380/2028
f 2004/2380/2028 2005/2381/2029 2003/2379/2027
f 2005/2381/2029 2004/2380/2028 2006/2382/2030
f 1982/2383/2006 1948/2384/1972 2007/2385/2031
f 2007/2385/2031 1980/2386/2004 1982/2383/2006
f 2007/2385/2031 2008/2387/2032 1980/2386/2004
f 2008/2387/2032 2007/2385/2031 2009/2388/2033
f 2009/2388/2033 2010/2389/2034 2008/2387/2032
f 2010/2389/2034 2009/2388/2033 2011/2390/2035
f 2011/2390/2035 2012/2391/2036 2010/2389/2034
f 2012/2391/2036 2011/2390/2035 2013/2392/2037
f 2013/2392/2037 2014/2393/2038 2012/2391/2036
f 2014/2393/2038 2013/2392/2037 2015/2394/2039
f 2015/2394/2039 2016/2395/2040 2014/2393/2038
f 2016/2395/2040 2015/2394/2039 2017/2396/2041
f 2017/2396/2041 2018/2397/2042 2016/2395/2040
f 2018/2397/2042 2017/2396/2041 2019/2398/2043
f 2019/2398/2043 2020/2399/2044 2018/2397/2042
f 2020/2399/2044 2019/2398/2043 2021/2400/2045
f 2021/2400/2045 2022/2401/2046 2020/2399/2044
f 2022/2401/2046 2021/2400/2045 2023/2402/2047
f 2023/2402/2047 2024/2403/2048 2022/2401/2046
f 2024/2403/2048 2023/2402/2047 2025/2404/2049
f 2025/2404/2049 2026/2405/2050 2024/2403/2048
f 2025/2404/2049 2027/2406/2051 2026/2405/2050
f 2025/2404/2049 2028/2407/2052 2027/2406/2051
f 2028/2407/2052 2025/2404/2049 2023/2402/2047
f 2028/2407/2052 2023/2402/2047 2029/2408/2053
f 2029/2408/2053 2030/2409/2054 2028/2407/2052
f 2030/2409/2054 2029/2408/2053 2031/2410/2055
f 2031/2410/2055 2032/2411/2056 2030/2409/2054
f 2032/2411/2056 2031/2410/2055 2033/2412/2057
f 2033/2412/2057 2034/2413/2058 2032/2411/2056
f 2033/2412/2057 2035/2414/2059 2034/2413/2058
f 2035/2414/2059 2033/2412/2057 2036/2415/2060
f 2036/2415/2060 2037/2416/2061 2035/2414/2059
f 2037/2416/2061 2036/2415/2060 2038/2417/2062
f 2038/2417/2062 2039/2418/2063 2037/2416/2061
f 2039/2418/2063 2038/2417/2062 2040/2419/2064
f 2040/2419/2064 2041/2420/2065 2039/2418/2063
f 2041/2420/2065 2040/2419/2064 2042/2421/2066
f 2042/2421/2066 2043/2422/2067 2041/2420/2065
f 2043/2422/2067 2042/2421/2066 2044/2423/2068
f 2044/2423/2068 2045/2424/2069 2043/2422/2067
f 2045/2424/2069 2044/2423/2068 1979/2425/2003
f 2045/2424/2069 1979/2425/2003 1977/2426/2001
f 1977/2426/2001 2046/2427/2070 2045/2424/2069
f 2046/2427/2070 1977/2426/2001 1975/2428/1999
f 1975/2428/1999 2047/2429/2071 2046/2427/2070
f 2047/2429/2071 1975/2428/1999 1973/2430/1997
f 1973/2430/1997 2048/2431/2072 2047/2429/2071
f 2048/2431/2072 1973/2430/1997 1971/2432/1995
f 2048/2431/2072 1971/2432/1995 1970/2342/1994
f 2048/2431/2072 1970/2342/1994 2049/2433/2073
f 2048/2431/2072 2049/2433/2073 2050/2434/2074
f 2050/2434/2074 2051/2435/2075 2048/2431/2072
f 2051/2435/2075 2050/2434/2074 2052/2436/2076
f 2052/2436/2076 2053/2437/2077 2051/2435/2075
f 2053/2437/2077 2052/2436/2076 2054/2438/2078
f 2054/2438/2078 2055/2439/2079 2053/2437/2077
f 2055/2439/2079 2054/2438/2078 2056/2440/2080
f 2055/2439/2079 2056/2440/2080 2057/2441/2081
f 2057/2441/2081 2058/2442/2082 2055/2439/2079
f 2058/2442/2082 2057/2441/2081 2059/2443/2083
f 2059/2443/2083 2060/2444/2084 2058/2442/2082
f 2060/2444/2084 2059/2443/2083 2061/2445/2085
f 2061/2445/2085 2062/2446/2086 2060/2444/2084
f 2062/2446/2086 2061/2445/2085 2063/2447/2087
f 2063/2447/2087 2064/2448/2088 2062/2446/2086
f 2064/2448/2088 2063/2447/2087 1475/2449/1506
f 2064/2448/2088 1475/2449/1506 1472/2450/1503
f 2064/2448/2088 1472/2450/1503 2065/2451/2089
f 2065/2451/2089 2066/2452/2090 2064/2448/2088
f 2066/2452/2090 2065/2451/2089 2067/2453/2091
f 2067/2453/2091 2068/2454/2092 2066/2452/2090
f 2068/2454/2092 2067/2453/2091 2069/2455/2093
f 2069/2455/2093 2070/2456/2094 2068/2454/2092
f 2070/2456/2094 2069/2455/2093 2071/2457/2095
f 2071/2457/2095 1482/2458/2096 2070/2456/2094
f 1482/2458/2096 2071/2457/2095 2072/2459/2097
f 2072/2459/2097 1483/2460/2098 1482/2458/2096
f 1483/2460/2098 2072/2459/2097 2073/2461/2099
f 2073/2461/2099 1485/2462/2100 1483/2460/2098
f 1485/2462/2100 2073/2461/2099 2074/2463/2101
f 2074/2463/2101 1919/2464/1943 1485/2462/2100
f 1919/2464/1943 2074/2463/2101 2075/2465/2102
f 2070/2456/2094 1482/2458/2096 2076/2466/2103
f 2076/2466/2103 2068/2454/2092 2070/2456/2094
f 2068/2454/2092 2076/2466/2103 2027/2406/2051
f 2027/2406/2051 2077/2467/2104 2068/2454/2092
f 2077/2467/2104 2027/2406/2051 2028/2407/2052
f 2077/2467/2104 2028/2407/2052 2078/2468/2105
f 2078/2468/2105 2068/2454/2092 2077/2467/2104
f 2078/2468/2105 2066/2452/2090 2068/2454/2092
f 2066/2452/2090 2078/2468/2105 2079/2469/2106
f 2079/2469/2106 2064/2448/2088 2066/2452/2090
f 2064/2448/2088 2079/2469/2106 2080/2470/2107
f 2080/2470/2107 2062/2446/2086 2064/2448/2088
f 2080/2470/2107 2081/2471/2108 2062/2446/2086
f 2080/2470/2107 2034/2413/2058 2081/2471/2108
f 2034/2413/2058 2080/2470/2107 2079/2469/2106
f 2079/2469/2106 2032/2411/2056 2034/2413/2058
f 2032/2411/2056 2079/2469/2106 2078/2468/2105
f 2078/2468/2105 2030/2409/2054 2032/2411/2056
f 2030/2409/2054 2078/2468/2105 2028/2407/2052
f 2035/2414/2059 2081/2471/2108 2034/2413/2058
f 2081/2471/2108 2035/2414/2059 2082/2472/2109
f 2082/2472/2109 2062/2446/2086 2081/2471/2108
f 2082/2472/2109 2060/2444/2084 2062/2446/2086
f 2060/2444/2084 2082/2472/2109 2083/2473/2110
f 2083/2473/2110 2058/2442/2082 2060/2444/2084
f 2058/2442/2082 2083/2473/2110 2084/2474/2111
f 2084/2474/2111 2055/2439/2079 2058/2442/2082
f 2055/2439/2079 2084/2474/2111 2085/2475/2112
f 2085/2475/2112 2053/2437/2077 2055/2439/2079
f 2053/2437/2077 2085/2475/2112 2086/2476/2113
f 2086/2476/2113 2051/2435/2075 2053/2437/2077
f 2086/2476/2113 2048/2431/2072 2051/2435/2075
f 2086/2476/2113 2047/2429/2071 2048/2431/2072
f 2047/2429/2071 2086/2476/2113 2087/2477/2114
f 2087/2477/2114 2046/2427/2070 2047/2429/2071
f 2087/2477/2114 2045/2424/2069 2046/2427/2070
f 2087/2477/2114 2043/2422/2067 2045/2424/2069
f 2087/2477/2114 2088/2478/2115 2043/2422/2067
f 2088/2478/2115 2087/2477/2114 2086/2476/2113
f 2088/2478/2115 2086/2476/2113 2085/2475/2112
f 2085/2475/2112 2089/2479/2116 2088/2478/2115
f 2089/2479/2116 2085/2475/2112 2084/2474/2111
f 2084/2474/2111 2090/2480/2117 2089/2479/2116
f 2090/2480/2117 2084/2474/2111 2083/2473/2110
f 2090/2480/2117 2083/2473/2110 2082/2472/2109
f 2090/2480/2117 2082/2472/2109 2035/2414/2059
f 2090/2480/2117 2035/2414/2059 2037/2416/2061
f 2037/2416/2061 2089/2479/2116 2090/2480/2117
f 2089/2479/2116 2037/2416/2061 2039/2418/2063
f 2039/2418/2063 2088/2478/2115 2089/2479/2116
f 2088/2478/2115 2039/2418/2063 2041/2420/2065
f 2041/2420/2065 2043/2422/2067 2088/2478/2115
f 2091/2481/2118 2092/2482/2119 2056/2483/2080
f 2092/2482/2119 2091/2481/2118 2093/2484/2120
f 2093/2484/2120 2094/2485/2121 2092/2482/2119
f 2093/2484/2120 2095/2486/2122 2094/2485/2121
f 2095/2486/2122 2093/2484/2120 2096/2487/2123
f 2096/2487/2123 2097/2488/2124 2095/2486/2122
f 2096/2487/2123 2098/2489/2125 2097/2488/2124
f 2098/2489/2125 2096/2487/2123 2099/2490/2126
f 2099/2490/2126 2100/2491/2127 2098/2489/2125
f 2100/2491/2127 2099/2490/2126 2101/2492/2128
f 2100/2491/2127 2101/2492/2128 2102/2493/2129
f 2102/2493/2129 2103/2494/2130 2100/2491/2127
f 2103/2494/2130 2102/2493/2129 2104/2495/2131
f 2104/2495/2131 2105/2496/2132 2103/2494/2130
f 2105/2496/2132 2104/2495/2131 2106/2497/2133
f 2106/2497/2133 2107/2498/2134 2105/2496/2132
f 2107/2498/2134 2106/2497/2133 2108/2499/2135
f 2108/2499/2135 2109/2500/2136 2107/2498/2134
f 2109/2500/2136 2108/2499/2135 2110/2501/2137
f 2109/2500/2136 2110/2501/2137 2111/2502/2138
f 2111/2502/2138 2112/2503/2139 2109/2500/2136
f 2112/2503/2139 2111/2502/2138 2113/2504/2140
f 2113/2504/2140 2114/2505/2141 2112/2503/2139
f 2114/2505/2141 2113/2504/2140 2115/2506/2142
f 2115/2506/2142 2116/2507/2143 2114/2505/2141
f 2116/2507/2143 2115/2506/2142 2117/2508/2144
f 2117/2508/2144 2004/2509/2028 2116/2507/2143
f 2004/2509/2028 2117/2508/2144 2006/2510/2030
f 2092/2511/2119 2057/2512/2081 2056/2513/2080
f 2057/2512/2081 2092/2511/2119 2118/2514/2145
f 2118/2514/2145 2059/2515/2083 2057/2512/2081
f 2059/2515/2083 2118/2514/2145 2119/2516/2146
f 2119/2516/2146 2061/2517/2085 2059/2515/2083
f 2061/2517/2085 2119/2516/2146 2120/2518/2147
f 2120/2518/2147 2063/2519/2087 2061/2517/2085
f 2063/2519/2087 2120/2518/2147 2121/2520/2148
f 2121/2520/2148 1475/2521/1506 2063/2519/2087
f 1475/2521/1506 2121/2520/2148 2122/2522/2149
f 2122/2522/2149 1472/2523/1503 1475/2521/1506
f 2122/2522/2149 2123/2524/2150 1472/2523/1503
f 2122/2522/2149 2075/2525/2102 2123/2524/2150
f 2122/2522/2149 1919/2526/1943 2075/2525/2102
f 2122/2522/2149 2124/2527/2151 1919/2526/1943
f 2124/2527/2151 2122/2522/2149 2121/2520/2148
f 2121/2520/2148 2125/2528/2152 2124/2527/2151
f 2125/2528/2152 2121/2520/2148 2120/2518/2147
f 2120/2518/2147 2126/2529/2153 2125/2528/2152
f 2126/2529/2153 2120/2518/2147 2119/2516/2146
f 2119/2516/2146 2127/2530/2154 2126/2529/2153
f 2127/2530/2154 2119/2516/2146 2118/2514/2145
f 2127/2530/2154 2118/2514/2145 2092/2511/2119
f 2127/2530/2154 2092/2511/2119 2094/2531/2121
f 2094/2531/2121 2128/2532/2155 2127/2530/2154
f 2128/2532/2155 2094/2531/2121 2095/2533/2122
f 2095/2533/2122 2129/2534/2156 2128/2532/2155
f 2129/2534/2156 2095/2533/2122 2097/2535/2124
f 2097/2535/2124 2130/2536/2157 2129/2534/2156
f 2130/2536/2157 2097/2535/2124 2098/2537/2125
f 2098/2537/2125 2131/2538/2158 2130/2536/2157
f 2131/2538/2158 2098/2537/2125 2100/2539/2127
f 2100/2539/2127 2132/2540/2159 2131/2538/2158
f 2132/2540/2159 2100/2539/2127 2103/2541/2130
f 2103/2541/2130 2133/2542/2160 2132/2540/2159
f 2133/2542/2160 2103/2541/2130 2105/2543/2132
f 2105/2543/2132 2134/2544/2161 2133/2542/2160
f 2134/2544/2161 2105/2543/2132 2107/2545/2134
f 2107/2545/2134 2135/2546/2162 2134/2544/2161
f 2135/2546/2162 2107/2545/2134 2109/2547/2136
f 2109/2547/2136 2136/2548/2163 2135/2546/2162
f 2136/2548/2163 2109/2547/2136 2112/2549/2139
f 2112/2549/2139 2137/2550/2164 2136/2548/2163
f 2137/2550/2164 2112/2549/2139 2114/2551/2141
f 2114/2551/2141 2138/2552/2165 2137/2550/2164
f 2138/2552/2165 2114/2551/2141 2116/2553/2143
f 2116/2553/2143 2139/2554/2166 2138/2552/2165
f 2139/2554/2166 2116/2553/2143 2004/2380/2028
f 2004/2380/2028 2140/2555/2167 2139/2554/2166
f 2140/2555/2167 2004/2380/2028 2002/2378/2026
f 2002/2378/2026 2141/2556/2168 2140/2555/2167
f 2141/2556/2168 2002/2378/2026 2000/2376/2024
f 2000/2376/2024 2142/2557/2169 2141/2556/2168
f 2142/2557/2169 2000/2376/2024 1998/2374/2022
f 2142/2557/2169 1998/2374/2022 1997/2373/2021
f 1997/2373/2021 2143/2558/2170 2142/2557/2169
f 2143/2558/2170 1997/2373/2021 1996/2372/2020
f 1996/2372/2020 2144/2559/2171 2143/2558/2170
f 2144/2559/2171 1996/2372/2020 1995/2371/2019
f 2144/2559/2171 1995/2371/2019 1980/2386/2004
f 2144/2559/2171 1980/2386/2004 2008/2387/2032
f 2008/2387/2032 2145/2560/2172 2144/2559/2171
f 2145/2560/2172 2008/2387/2032 2010/2389/2034
f 2010/2389/2034 2146/2561/2173 2145/2560/2172
f 2146/2561/2173 2010/2389/2034 2012/2391/2036
f 2012/2391/2036 2147/2562/2174 2146/2561/2173
f 2147/2562/2174 2012/2391/2036 2014/2393/2038
f 2014/2393/2038 2148/2563/2175 2147/2562/2174
f 2148/2563/2175 2014/2393/2038 2016/2395/2040
f 2016/2395/2040 2149/2564/2176 2148/2563/2175
f 2149/2564/2176 2016/2395/2040 2018/2397/2042
f 2018/2397/2042 2150/2565/2177 2149/2564/2176
f 2150/2565/2177 2018/2397/2042 2020/2399/2044
f 2020/2399/2044 2151/2566/2178 2150/2565/2177
f 2151/2566/2178 2020/2399/2044 2022/2401/2046
f 2022/2401/2046 2152/2567/2179 2151/2566/2178
f 2152/2567/2179 2022/2401/2046 2024/2403/2048
f 2024/2403/2048 2153/2568/2180 2152/2567/2179
f 2153/2568/2180 2024/2403/2048 2026/2405/2050
f 2026/2405/2050 2154/2569/2181 2153/2568/2180
f 2154/2569/2181 2026/2405/2050 2027/2570/2051
f 2154/2569/2181 2027/2570/2051 2076/2571/2103
f 2076/2571/2103 2155/2572/2182 2154/2569/2181
f 2155/2572/2182 2076/2571/2103 1482/2573/2096
f 2155/2572/2182 1482/2573/2096 1483/2574/2098
f 1483/2574/2098 2156/2575/2183 2155/2572/2182
f 2156/2575/2183 1483/2574/2098 1485/2576/2100
f 1485/2576/2100 2157/2577/2184 2156/2575/2183
f 1485/2576/2100 2158/2578/2185 2157/2577/2184
f 2158/2578/2185 1485/2576/2100 1919/2526/1943
f 1919/2526/1943 2159/2579/2186 2158/2578/2185
f 2159/2579/2186 1919/2526/1943 2124/2527/2151
f 2124/2527/2151 2160/2580/2187 2159/2579/2186
f 2160/2580/2187 2124/2527/2151 2125/2528/2152
f 2125/2528/2152 2161/2581/2188 2160/2580/2187
f 2161/2581/2188 2125/2528/2152 2126/2529/2153
f 2161/2581/2188 2126/2529/2153 2127/2530/2154
f 2161/2581/2188 2127/2530/2154 2128/2532/2155
f 2128/2532/2155 2162/2582/2189 2161/2581/2188
f 2162/2582/2189 2128/2532/2155 2129/2534/2156
f 2129/2534/2156 2163/2583/2190 2162/2582/2189
f 2163/2583/2190 2129/2534/2156 2130/2536/2157
f 2130/2536/2157 2164/2584/2191 2163/2583/2190
f 2164/2584/2191 2130/2536/2157 2131/2538/2158
f 2131/2538/2158 2165/2585/2192 2164/2584/2191
f 2165/2585/2192 2131/2538/2158 2132/2540/2159
f 2132/2540/2159 2166/2586/2193 2165/2585/2192
f 2166/2586/2193 2132/2540/2159 2133/2542/2160
f 2133/2542/2160 2167/2587/2194 2166/2586/2193
f 2167/2587/2194 2133/2542/2160 2134/2544/2161
f 2134/2544/2161 2168/2588/2195 2167/2587/2194
f 2168/2588/2195 2134/2544/2161 2135/2546/2162
f 2168/2588/2195 2135/2546/2162 2136/2548/2163
f 2136/2548/2163 2169/2589/2196 2168/2588/2195
f 2169/2589/2196 2136/2548/2163 2137/2550/2164
f 2137/2550/2164 2170/2590/2197 2169/2589/2196
f 2170/2590/2197 2137/2550/2164 2138/2552/2165
f 2138/2552/2165 2171/2591/2198 2170/2590/2197
f 2171/2591/2198 2138/2552/2165 2139/2554/2166
f 2139/2554/2166 2172/2592/2199 2171/2591/2198
f 2172/2592/2199 2139/2554/2166 2140/2555/2167
f 2140/2555/2167 2173/2593/2200 2172/2592/2199
f 2173/2593/2200 2140/2555/2167 2141/2556/2168
f 2141/2556/2168 2174/2594/2201 2173/2593/2200
f 2174/2594/2201 2141/2556/2168 2142/2557/2169
f 2174/2594/2201 2142/2557/2169 2143/2558/2170
f 2174/2594/2201 2143/2558/2170 2144/2559/2171
f 2174/2594/2201 2144/2559/2171 2145/2560/2172
f 2145/2560/2172 2173/2593/2200 2174/2594/2201
f 2173/2593/2200 2145/2560/2172 2146/2561/2173
f 2146/2561/2173 2172/2592/2199 2173/2593/2200
f 2172/2592/2199 2146/2561/2173 2147/2562/2174
f 2147/2562/2174 2171/2591/2198 2172/2592/2199
f 2171/2591/2198 2147/2562/2174 2148/2563/2175
f 2148/2563/2175 2170/2590/2197 2171/2591/2198
f 2170/2590/2197 2148/2563/2175 2149/2564/2176
f 2149/2564/2176 2169/2589/2196 2170/2590/2197
f 2169/2589/2196 2149/2564/2176 2150/2565/2177
f 2169/2589/2196 2150/2565/2177 2175/2595/2202
f 2175/2595/2202 2168/2588/2195 2169/2589/2196
f 2168/2588/2195 2175/2595/2202 2176/2596/2203
f 2176/2596/2203 2167/2587/2194 2168/2588/2195
f 2176/2596/2203 2166/2586/2193 2167/2587/2194
f 2176/2596/2203 2177/2597/2204 2166/2586/2193
f 2176/2596/2203 2152/2567/2179 2177/2597/2204
f 2152/2567/2179 2176/2596/2203 2175/2595/2202
f 2175/2595/2202 2151/2566/2178 2152/2567/2179
f 2151/2566/2178 2175/2595/2202 2150/2565/2177
f 2177/2597/2204 2152/2567/2179 2153/2568/2180
f 2153/2568/2180 2178/2598/2205 2177/2597/2204
f 2178/2598/2205 2153/2568/2180 2154/2569/2181
f 2178/2598/2205 2154/2569/2181 2179/2599/2206
f 2179/2599/2206 2177/2597/2204 2178/2598/2205
f 2179/2599/2206 2166/2586/2193 2177/2597/2204
f 2166/2586/2193 2179/2599/2206 2180/2600/2207
f 2180/2600/2207 2165/2585/2192 2166/2586/2193
f 2165/2585/2192 2180/2600/2207 2181/2601/2208
f 2181/2601/2208 2164/2584/2191 2165/2585/2192
f 2164/2584/2191 2181/2601/2208 2182/2602/2209
f 2182/2602/2209 2163/2583/2190 2164/2584/2191
f 2163/2583/2190 2182/2602/2209 2183/2603/2210
f 2183/2603/2210 2162/2582/2189 2163/2583/2190
f 2183/2603/2210 2161/2581/2188 2162/2582/2189
f 2183/2603/2210 2160/2580/2187 2161/2581/2188
f 2183/2603/2210 2159/2579/2186 2160/2580/2187
f 2159/2579/2186 2183/2603/2210 2182/2602/2209
f 2182/2602/2209 2158/2578/2185 2159/2579/2186
f 2158/2578/2185 2182/2602/2209 2181/2601/2208
f 2181/2601/2208 2157/2577/2184 2158/2578/2185
f 2157/2577/2184 2181/2601/2208 2180/2600/2207
f 2180/2600/2207 2156/2575/2183 2157/2577/2184
f 2156/2575/2183 2180/2600/2207 2179/2599/2206
f 2179/2599/2206 2155/2572/2182 2156/2575/2183
f 2155/2572/2182 2179/2599/2206 2154/2569/2181
f 1588/1878/1616 1586/1876/1614 1585/1875/1613
f 1585/1875/1613 1675/1987/1703 1588/1878/1616
f 1585/1875/1613 1676/1988/1704 1675/1987/1703
f 1585/1875/1613 2184/2604/2211 1676/1988/1704
f 2184/2604/2211 1585/1875/1613 1584/1874/1612
f 1584/1874/1612 2185/2605/2212 2184/2604/2211
f 2185/2605/2212 1584/1874/1612 1582/1872/1610
f 1582/1872/1610 2186/2606/2213 2185/2605/2212
f 2186/2606/2213 1582/1872/1610 1580/1870/1608
f 2186/2606/2213 1580/1870/1608 1578/1868/1606
f 2186/2606/2213 1578/1868/1606 1577/1867/1605
f 2186/2606/2213 1577/1867/1605 1671/2607/1699
f 1671/2607/1699 2187/2608/2214 2186/2606/2213
f 2187/2608/2214 1671/2607/1699 2188/2609/2215
f 2188/2609/2215 2189/2610/2216 2187/2608/2214
f 2189/2610/2216 2188/2609/2215 2190/2611/2217
f 2190/2611/2217 2191/2612/2218 2189/2610/2216
f 2191/2612/2218 2190/2611/2217 2192/2613/2219
f 2192/2613/2219 2193/2614/2220 2191/2612/2218
f 2193/2614/2220 2192/2613/2219 2194/2615/2221
f 2193/2614/2220 2194/2615/2221 2195/2616/2222
f 2195/2616/2222 2196/2617/2223 2193/2614/2220
f 2196/2617/2223 2195/2616/2222 2197/2618/2224
f 2197/2618/2224 1756/2082/1784 2196/2617/2223
f 1756/2082/1784 2197/2618/2224 2198/2619/2225
f 2198/2619/2225 2199/2620/2226 1756/2082/1784
f 2199/2620/2226 2198/2619/2225 1712/2024/1740
f 2199/2620/2226 1712/2024/1740 1713/2025/1741
f 2199/2620/2226 1713/2025/1741 1757/2083/1785
f 1757/2083/1785 1756/2082/1784 2199/2620/2226
f 1714/2026/1742 1757/2083/1785 1713/2025/1741
f 2200/2621/2227 2201/2622/2228 2202/2623/2229
f 2202/2623/2229 2203/2624/2230 2200/2621/2227
f 2203/2624/2230 2202/2623/2229 2204/2625/2231
f 2204/2625/2231 2205/2626/2232 2203/2624/2230
f 2205/2626/2232 2204/2625/2231 2206/2627/2233
f 2206/2627/2233 2207/2628/2234 2205/2626/2232
f 2207/2628/2234 2206/2627/2233 2208/2629/2235
f 2208/2629/2235 2209/2630/2236 2207/2628/2234
f 1549/1839/1577 2210/2631/2237 1552/1842/1580
f 2210/2631/2237 1549/1839/1577 1547/1837/1575
f 1547/1837/1575 2211/2632/2238 2210/2631/2237
f 2211/2632/2238 1547/1837/1575 1546/1836/1574
f 1546/1836/1574 2212/2633/2239 2211/2632/2238
f 2212/2633/2239 1546/1836/1574 1545/1835/1573
f 2212/2633/2239 1545/1835/1573 2213/2634/2240
f 2213/2634/2240 2214/2635/2241 2212/2633/2239
f 2214/2635/2241 2213/2634/2240 2215/2636/2242
f 2215/2636/2242 2216/2637/2243 2214/2635/2241
f 2216/2637/2243 2215/2636/2242 2217/2638/2244
f 2216/2637/2243 2217/2638/2244 2218/2639/2245
f 2216/2637/2243 2218/2639/2245 2219/2640/2246
f 2216/2637/2243 2219/2640/2246 2220/2641/2247
f 2216/2637/2243 2220/2641/2247 2221/2642/2248
f 2221/2642/2248 2214/2635/2241 2216/2637/2243
f 2214/2635/2241 2221/2642/2248 2222/2643/2249
f 2222/2643/2249 2212/2633/2239 2214/2635/2241
f 2212/2633/2239 2222/2643/2249 2223/2644/2250
f 2223/2644/2250 2211/2632/2238 2212/2633/2239
f 1979/2645/2003 2224/2646/2251 2225/2647/2252
f 2225/2647/2252 1957/2648/1981 1979/2645/2003
f 2225/2647/2252 1954/2649/1978 1957/2648/1981
f 1954/2649/1978 2225/2647/2252 2226/2650/2253
f 2226/2650/2253 1955/2651/1979 1954/2649/1978
f 1955/2651/1979 2226/2650/2253 2227/2652/2254
f 2227/2652/2254 2228/2653/2255 1955/2651/1979
f 2228/2653/2255 2227/2652/2254 2229/2654/2256
f 2229/2654/2256 2230/2655/2257 2228/2653/2255
f 2230/2655/2257 2229/2654/2256 2231/2656/2258
f 2231/2656/2258 2232/2657/2259 2230/2655/2257
f 2232/2657/2259 2231/2656/2258 2233/2658/2260
f 2233/2658/2260 1949/2659/1973 2232/2657/2259
f 1949/2659/1973 2233/2658/2260 2234/2660/2261
f 2234/2660/2261 1947/2661/1971 1949/2659/1973
f 1947/2661/1971 2234/2660/2261 2235/2662/2262
f 2235/2662/2262 2236/2663/2263 1947/2661/1971
f 2236/2663/2263 2235/2662/2262 2237/2664/2264
f 2237/2664/2264 2238/2665/2265 2236/2663/2263
f 2238/2665/2265 2237/2664/2264 2239/2666/2266
f 2239/2666/2266 2240/2667/2267 2238/2665/2265
f 2240/2667/2267 2239/2666/2266 2241/2668/2268
f 2241/2668/2268 2242/2669/2269 2240/2667/2267
f 2241/2668/2268 1979/2670/2003 2242/2669/2269
f 2241/2668/2268 2224/2671/2251 1979/2670/2003
f 2224/2671/2251 2241/2668/2268 2243/2672/2270
f 2243/2672/2270 2225/2647/2252 2224/2671/2251
f 2225/2647/2252 2243/2672/2270 2244/2673/2271
f 2244/2673/2271 2226/2650/2253 2225/2647/2252
f 2226/2650/2253 2244/2673/2271 2245/2674/2272
f 2245/2674/2272 2227/2652/2254 2226/2650/2253
f 2227/2652/2254 2245/2674/2272 2246/2675/2273
f 2246/2675/2273 2229/2654/2256 2227/2652/2254
f 2229/2654/2256 2246/2675/2273 2247/2676/2274
f 2247/2676/2274 2231/2656/2258 2229/2654/2256
f 2231/2656/2258 2247/2676/2274 2248/2677/2275
f 2248/2677/2275 2233/2658/2260 2231/2656/2258
f 2233/2658/2260 2248/2677/2275 2249/2678/2276
f 2249/2678/2276 2234/2660/2261 2233/2658/2260
f 2234/2660/2261 2249/2678/2276 2250/2679/2277
f 2250/2679/2277 2235/2662/2262 2234/2660/2261
f 2235/2662/2262 2250/2679/2277 2251/2680/2278
f 2251/2680/2278 2237/2664/2264 2235/2662/2262
f 2237/2664/2264 2251/2680/2278 2252/2681/2279
f 2252/2681/2279 2239/2666/2266 2237/2664/2264
f 2239/2666/2266 2252/2681/2279 2253/2682/2280
f 2253/2682/2280 2241/2668/2268 2239/2666/2266
f 2241/2668/2268 2253/2682/2280 2243/2672/2270
f 2254/2683/2281 2255/2684/2282 2256/2685/2283
f 2256/2685/2283 2257/2686/2284 2254/2683/2281
f 2257/2686/2284 2256/2685/2283 2258/2687/2285
f 2258/2687/2285 2259/2688/2286 2257/2686/2284
f 2259/2688/2286 2258/2687/2285 2260/2689/2287
f 2260/2689/2287 2261/2690/2288 2259/2688/2286
f 2261/2690/2288 2260/2689/2287 2262/2691/2289
f 2261/2690/2288 2262/2691/2289 2263/2692/2290
f 2261/2690/2288 2263/2692/2290 2264/2693/2291
f 2264/2693/2291 2259/2688/2286 2261/2690/2288
f 2259/2688/2286 2264/2693/2291 1556/1846/1584
f 1556/1846/1584 2257/2686/2284 2259/2688/2286
f 2257/2686/2284 1556/1846/1584 1555/1845/2292
f 1555/1845/2292 2254/2694/2281 2257/2686/2284
f 2254/2694/2281 1555/1845/2292 1553/1843/1581
f 2254/2694/2281 1553/1843/1581 2265/2695/2293
f 2265/2695/2293 2255/2696/2282 2254/2694/2281
f 2265/2695/2293 2266/2697/2294 2255/2696/2282
f 2266/2697/2294 2265/2695/2293 2267/2698/2295
f 2267/2698/2295 2268/2699/2296 2266/2697/2294
f 2268/2699/2296 2267/2698/2295 2269/2700/2297
f 2269/2700/2297 2270/2701/2298 2268/2699/2296
f 2270/2701/2298 2269/2700/2297 2271/2702/2299
f 2271/2702/2299 2272/2703/2300 2270/2701/2298
f 2272/2703/2300 2271/2702/2299 2273/2704/2301
f 2273/2704/2301 2274/2705/2302 2272/2703/2300
f 2274/2705/2302 2273/2704/2301 2275/2706/2303
f 2275/2706/2303 2276/2707/2304 2274/2705/2302
f 2276/2707/2304 2275/2706/2303 2277/2708/2305
f 2277/2708/2305 2278/2709/2306 2276/2707/2304
f 2277/2708/2305 2262/2691/2289 2278/2709/2306
f 2277/2708/2305 2263/2692/2290 2262/2691/2289
f 2263/2692/2290 2277/2708/2305 2220/2641/2247
f 2220/2641/2247 2264/2693/2291 2263/2692/2290
f 2277/2708/2305 2221/2642/2307 2220/2641/2247
f 2221/2642/2307 2277/2708/2305 2275/2706/2303
f 2275/2706/2303 2222/2643/2249 2221/2642/2307
f 2222/2643/2249 2275/2706/2303 2273/2704/2301
f 2273/2704/2301 2223/2644/2250 2222/2643/2249
f 2223/2644/2250 2273/2704/2301 2271/2702/2299
f 2271/2702/2299 2211/2632/2238 2223/2644/2250
f 2211/2632/2238 2271/2702/2299 2269/2700/2297
f 2269/2700/2297 2210/2631/2308 2211/2632/2238
f 2210/2631/2308 2269/2700/2297 2267/2698/2295
f 2267/2698/2295 1552/1842/1580 2210/2631/2308
f 1552/1842/1580 2267/2698/2295 2265/2695/2293
f 2265/2695/2293 1553/1843/1581 1552/1842/1580
f 2196/2617/2223 1756/2082/1784 1754/2080/1782
f 1754/2080/1782 2279/2710/2309 2196/2617/2223
f 2279/2710/2309 1754/2080/1782 1752/2078/1780
f 1752/2078/1780 2280/2711/2310 2279/2710/2309
f 2280/2711/2310 1752/2078/1780 1751/2077/1779
f 1751/2077/1779 2281/2712/2311 2280/2711/2310
f 1751/2077/1779 2282/2713/2312 2281/2712/2311
f 2282/2713/2312 1751/2077/1779 1749/2075/1777
f 1749/2075/1777 2283/2714/2313 2282/2713/2312
f 2283/2714/2313 1749/2075/1777 1747/2073/1775
f 2283/2714/2313 1747/2073/1775 1745/2071/1773
f 1745/2071/1773 2284/2715/2314 2283/2714/2313
f 2284/2715/2314 1745/2071/1773 1743/2069/1771
f 1743/2069/1771 2285/2716/2315 2284/2715/2314
f 2285/2716/2315 1743/2069/1771 1741/2067/1769
f 2285/2716/2315 1741/2067/1769 1712/2066/1740
f 2285/2716/2315 1712/2066/1740 2198/2717/2225
f 2198/2717/2225 2286/2718/2316 2285/2716/2315
f 2286/2718/2316 2198/2717/2225 2197/2719/2224
f 2197/2719/2224 2287/2720/2317 2286/2718/2316
f 2287/2720/2317 2197/2719/2224 2195/2721/2222
f 2195/2721/2222 2288/2722/2318 2287/2720/2317
f 2288/2722/2318 2195/2721/2222 2194/2723/2221
f 2194/2723/2221 2289/2724/2319 2288/2722/2318
f 2289/2724/2319 2194/2723/2221 2192/2725/2219
f 2289/2724/2319 2192/2725/2219 2190/2726/2217
f 2190/2726/2217 2290/2727/2320 2289/2724/2319
f 2290/2727/2320 2190/2726/2217 2188/2728/2215
f 2188/2728/2215 2291/2729/2321 2290/2727/2320
f 2291/2729/2321 2188/2728/2215 1671/1983/1699
f 2291/2729/2321 1671/1983/1699 1672/1984/1700
f 1672/1984/1700 2292/2730/2322 2291/2729/2321
f 2292/2730/2322 1672/1984/1700 1678/1990/1706
f 1678/1990/1706 2293/2731/2323 2292/2730/2322
f 2293/2731/2323 1678/1990/1706 1677/1989/1705
f 1677/1989/1705 2294/2732/2324 2293/2731/2323
f 2294/2732/2324 1677/1989/1705 1676/1988/1704
f 1676/1988/1704 2295/2733/2325 2294/2732/2324
f 2295/2733/2325 1676/1988/1704 2184/2604/2211
f 2184/2604/2211 2296/2734/2326 2295/2733/2325
f 2296/2734/2326 2184/2604/2211 2185/2605/2212
f 2296/2734/2326 2185/2605/2212 2186/2606/2213
f 2296/2734/2326 2186/2606/2213 2187/2608/2214
f 2187/2608/2214 2297/2735/2327 2296/2734/2326
f 2297/2735/2327 2187/2608/2214 2189/2610/2216
f 2189/2610/2216 2298/2736/2328 2297/2735/2327
f 2298/2736/2328 2189/2610/2216 2191/2612/2218
f 2191/2612/2218 2299/2737/2329 2298/2736/2328
f 2299/2737/2329 2191/2612/2218 2193/2614/2220
f 2193/2614/2220 2300/2738/2330 2299/2737/2329
f 2300/2738/2330 2193/2614/2220 2196/2617/2223
f 2196/2617/2223 2301/2739/2331 2300/2738/2330
f 2301/2739/2331 2196/2617/2223 2279/2710/2309
f 2279/2710/2309 2302/2740/2332 2301/2739/2331
f 2302/2740/2332 2279/2710/2309 2280/2711/2310
f 2280/2711/2310 2303/2741/2333 2302/2740/2332
f 2303/2741/2333 2280/2711/2310 2281/2712/2311
f 2281/2712/2311 2304/2742/2334 2303/2741/2333
f 2281/2712/2311 2305/2743/2335 2304/2742/2334
f 2305/2743/2335 2281/2712/2311 2282/2713/2312
f 2282/2713/2312 2306/2744/2336 2305/2743/2335
f 2306/2744/2336 2282/2713/2312 2283/2714/2313
f 2306/2744/2336 2283/2714/2313 2284/2715/2314
f 2306/2744/2336 2284/2715/2314 2285/2716/2315
f 2306/2744/2336 2285/2716/2315 2286/2718/2316
f 2306/2744/2336 2286/2718/2316 2307/2745/2337
f 2307/2745/2337 2305/2743/2335 2306/2744/2336
f 2305/2743/2335 2307/2745/2337 2308/2746/2338
f 2308/2746/2338 2304/2742/2334 2305/2743/2335
f 2304/2742/2334 2308/2746/2338 2309/2747/2339
f 2309/2747/2339 2303/2741/2333 2304/2742/2334
f 2303/2741/2333 2309/2747/2339 2310/2748/2340
f 2310/2748/2340 2302/2740/2332 2303/2741/2333
f 2302/2740/2332 2310/2748/2340 2311/2749/2341
f 2311/2749/2341 2301/2739/2331 2302/2740/2332
f 2311/2749/2341 2312/2750/2342 2301/2739/2331
f 2312/2750/2342 2311/2749/2341 2310/2748/2340
f 2312/2750/2342 2310/2748/2340 2309/2747/2339
f 2312/2750/2342 2309/2747/2339 2313/2751/2343
f 2313/2751/2343 2074/2752/2101 2312/2750/2342
f 2313/2751/2343 2075/2753/2102 2074/2752/2101
f 2075/2753/2102 2313/2751/2343 2314/2754/2344
f 2314/2754/2344 2123/2755/2150 2075/2753/2102
f 2123/2755/2150 2314/2754/2344 2315/2756/2345
f 2315/2756/2345 1472/2757/1503 2123/2755/2150
f 1472/2757/1503 2315/2756/2345 2316/2758/2346
f 2316/2758/2346 2065/2759/2089 1472/2757/1503
f 2065/2759/2089 2316/2758/2346 2317/2760/2347
f 2065/2759/2089 2317/2760/2347 2318/2761/2348
f 2318/2761/2348 2067/2762/2091 2065/2759/2089
f 2067/2762/2091 2318/2761/2348 1452/2763/1483
f 1452/2763/1483 2069/2764/2093 2067/2762/2091
f 2069/2764/2093 1452/2763/1483 2319/2765/2349
f 2319/2765/2349 2071/2766/2095 2069/2764/2093
f 2071/2766/2095 2319/2765/2349 2320/2767/2350
f 2320/2767/2350 2321/2768/2351 2071/2766/2095
f 2321/2768/2351 2320/2767/2350 2297/2735/2327
f 2321/2768/2351 2297/2735/2327 2298/2736/2328
f 2321/2768/2351 2298/2736/2328 2322/2769/2352
f 2322/2769/2352 2071/2766/2095 2321/2768/2351
f 2322/2769/2352 2072/2770/2097 2071/2766/2095
f 2072/2770/2097 2322/2769/2352 2323/2771/2353
f 2323/2771/2353 2073/2772/2099 2072/2770/2097
f 2073/2772/2099 2323/2771/2353 2324/2773/2354
f 2324/2773/2354 2074/2752/2101 2073/2772/2099
f 2324/2773/2354 2312/2750/2342 2074/2752/2101
f 2324/2773/2354 2301/2739/2331 2312/2750/2342
f 2301/2739/2331 2324/2773/2354 2323/2771/2353
f 2323/2771/2353 2300/2738/2330 2301/2739/2331
f 2300/2738/2330 2323/2771/2353 2322/2769/2352
f 2322/2769/2352 2299/2737/2329 2300/2738/2330
f 2299/2737/2329 2322/2769/2352 2298/2736/2328
f 2287/2720/2317 2307/2745/2337 2286/2718/2316
f 2307/2745/2337 2287/2720/2317 2325/2774/2355
f 2325/2774/2355 2308/2746/2338 2307/2745/2337
f 2308/2746/2338 2325/2774/2355 2326/2775/2356
f 2326/2775/2356 2309/2747/2339 2308/2746/2338
f 2326/2775/2356 2313/2751/2343 2309/2747/2339
f 2326/2775/2356 2314/2754/2344 2313/2751/2343
f 2326/2775/2356 2327/2776/2357 2314/2754/2344
f 2327/2776/2357 2326/2775/2356 2325/2774/2355
f 2325/2774/2355 2288/2722/2318 2327/2776/2357
f 2288/2722/2318 2325/2774/2355 2287/2720/2317
f 2315/2756/2345 2314/2754/2344 2327/2776/2357
f 2327/2776/2357 2328/2777/2358 2315/2756/2345
f 2328/2777/2358 2327/2776/2357 2288/2722/2318
f 2328/2777/2358 2288/2722/2318 2289/2724/2319
f 2328/2777/2358 2289/2724/2319 2290/2727/2320
f 2290/2727/2320 2329/2778/2359 2328/2777/2358
f 2329/2778/2359 2290/2727/2320 2291/2729/2321
f 2329/2778/2359 2291/2729/2321 2292/2730/2322
f 2292/2730/2322 2330/2779/2360 2329/2778/2359
f 2330/2779/2360 2292/2730/2322 2293/2731/2323
f 2293/2731/2323 2331/2780/2361 2330/2779/2360
f 2331/2780/2361 2293/2731/2323 2294/2732/2324
f 2294/2732/2324 2332/2781/2362 2331/2780/2361
f 2332/2781/2362 2294/2732/2324 2295/2733/2325
f 2295/2733/2325 2333/2782/2363 2332/2781/2362
f 2333/2782/2363 2295/2733/2325 2296/2734/2326
f 2333/2782/2363 2296/2734/2326 2297/2735/2327
f 2297/2735/2327 2334/2783/2364 2333/2782/2363
f 2334/2783/2364 2297/2735/2327 2320/2767/2350
f 2334/2783/2364 2320/2767/2350 2319/2765/2349
f 2334/2783/2364 2319/2765/2349 2335/2784/2365
f 2335/2784/2365 2333/2782/2363 2334/2783/2364
f 2335/2784/2365 2332/2781/2362 2333/2782/2363
f 2335/2784/2365 2336/2785/2366 2332/2781/2362
f 2336/2785/2366 2335/2784/2365 2319/2765/2349
f 2336/2785/2366 2319/2765/2349 1452/2763/1483
f 1452/2763/1483 2337/2786/2367 2336/2785/2366
f 2337/2786/2367 1452/2763/1483 2318/2761/2348
f 2318/2761/2348 2338/2787/2368 2337/2786/2367
f 2338/2787/2368 2318/2761/2348 2317/2760/2347
f 2317/2760/2347 2328/2777/2358 2338/2787/2368
f 2328/2777/2358 2317/2760/2347 2316/2758/2346
f 2316/2758/2346 2315/2756/2345 2328/2777/2358
f 2338/2787/2368 2328/2777/2358 2329/2778/2359
f 2329/2778/2359 2337/2786/2367 2338/2787/2368
f 2337/2786/2367 2329/2778/2359 2330/2779/2360
f 2330/2779/2360 2336/2785/2366 2337/2786/2367
f 2336/2785/2366 2330/2779/2360 2331/2780/2361
f 2331/2780/2361 2332/2781/2362 2336/2785/2366
f 2244/2788/2271 2339/2789/2369 2340/2790/2370
f 2339/2789/2369 2244/2788/2271 2243/2791/2371
f 2243/2791/2371 2341/2792/2372 2339/2789/2369
f 2341/2792/2372 2243/2791/2371 2253/2793/2373
f 2253/2793/2373 2342/2794/2374 2341/2792/2372
f 2342/2794/2374 2253/2793/2373 2252/2795/2375
f 2252/2795/2375 2343/2796/2376 2342/2794/2374
f 2343/2796/2376 2252/2795/2375 2251/2797/2377
f 2251/2797/2377 2344/2798/2378 2343/2796/2376
f 2344/2798/2378 2251/2797/2377 2250/2799/2379
f 2250/2799/2379 2345/2800/2380 2344/2798/2378
f 2345/2800/2380 2250/2799/2379 2249/2801/2276
f 2345/2800/2380 2249/2801/2276 2248/2802/2275
f 2248/2802/2275 2346/2803/2381 2345/2800/2380
f 2346/2803/2381 2248/2802/2275 2247/2804/2382
f 2247/2804/2382 2347/2805/2383 2346/2803/2381
f 2347/2805/2383 2247/2804/2382 2246/2806/2273
f 2347/2805/2383 2246/2806/2273 2245/2807/2272
f 2245/2807/2272 2340/2790/2370 2347/2805/2383
f 2340/2790/2370 2245/2807/2272 2244/2788/2271
f 1555/2808/2384 2348/2809/2385 2349/2810/2386
f 2349/2810/2386 1556/2811/1584 1555/2808/2384
f 1556/2811/1584 2349/2810/2386 2350/2812/2387
f 2350/2812/2387 2264/2813/2291 1556/2811/1584
f 2264/2813/2291 2350/2812/2387 2351/2814/2388
f 2351/2814/2388 2220/2815/2389 2264/2813/2291
f 2220/2815/2389 2351/2814/2388 2352/2816/2390
f 2352/2816/2390 2221/2817/2248 2220/2815/2389
f 2352/2816/2390 2222/2818/2249 2221/2817/2248
f 2222/2818/2249 2352/2816/2390 2353/2819/2391
f 2353/2819/2391 2223/2820/2250 2222/2818/2249
f 2223/2820/2250 2353/2819/2391 2354/2821/2392
f 2354/2821/2392 2211/2822/2238 2223/2820/2250
f 2211/2822/2238 2354/2821/2392 2355/2823/2393
f 2355/2823/2393 2210/2824/2237 2211/2822/2238
f 2210/2824/2237 2355/2823/2393 2356/2825/2394
f 2356/2825/2394 1552/2826/2395 2210/2824/2237
f 1552/2826/2395 2356/2825/2394 2348/2809/2385
f 2348/2809/2385 1553/2827/2396 1552/2826/2395
f 1553/2827/2396 2348/2809/2385 1555/2808/2384
f 2201/2828/2228 2357/2829/2397 2358/2830/2398
f 2358/2830/2398 2202/2831/2229 2201/2828/2228
f 2202/2831/2229 2358/2830/2398 2359/2832/2399
f 2359/2832/2399 2204/2833/2231 2202/2831/2229
f 2204/2833/2231 2359/2832/2399 2360/2834/2400
f 2360/2834/2400 2206/2835/2233 2204/2833/2231
f 2360/2834/2400 2208/2836/2235 2206/2835/2233
f 2360/2834/2400 2361/2837/2401 2208/2836/2235
f 2361/2837/2401 2360/2834/2400 2362/2838/2402
f 2362/2838/2402 2363/2839/2403 2361/2837/2401
f 2363/2839/2403 2362/2838/2402 2364/2840/2404
f 2364/2840/2404 2365/2841/2405 2363/2839/2403
f 2364/2840/2404 1956/2842/1980 2365/2841/2405
f 2364/2840/2404 1978/2843/2002 1956/2842/1980
f 1978/2843/2002 2364/2840/2404 2366/2844/2406
f 2366/2844/2406 1976/2845/2000 1978/2843/2002
f 1976/2845/2000 2366/2844/2406 2367/2846/2407
f 2367/2846/2407 1974/2847/1998 1976/2845/2000
f 1974/2847/1998 2367/2846/2407 2368/2848/2408
f 2368/2848/2408 1972/2849/1996 1974/2847/1998
f 2368/2848/2408 1969/2850/1993 1972/2849/1996
f 2368/2848/2408 2369/2851/2409 1969/2850/1993
f 2369/2851/2409 2368/2848/2408 2370/2852/2410
f 2370/2852/2410 2371/2853/2411 2369/2851/2409
f 2370/2852/2410 2357/2829/2397 2371/2853/2411
f 2370/2852/2410 2358/2830/2398 2357/2829/2397
f 2370/2852/2410 2372/2854/2412 2358/2830/2398
f 2372/2854/2412 2370/2852/2410 2368/2848/2408
f 2372/2854/2412 2368/2848/2408 2367/2846/2407
f 2367/2846/2407 2373/2855/2413 2372/2854/2412
f 2373/2855/2413 2367/2846/2407 2366/2844/2406
f 2373/2855/2413 2366/2844/2406 2364/2840/2404
f 2373/2855/2413 2364/2840/2404 2362/2838/2402
f 2373/2855/2413 2362/2838/2402 2360/2834/2400
f 2360/2834/2400 2372/2854/2412 2373/2855/2413
f 2372/2854/2412 2360/2834/2400 2359/2832/2399
f 2359/2832/2399 2358/2830/2398 2372/2854/2412
f 2219/2856/2246 2218/2639/2245 2374/2857/2414
f 2374/2857/2414 2375/2858/2415 2219/2856/2246
f 2375/2858/2415 2374/2857/2414 1558/1848/1586
f 2375/2858/2415 1558/1848/1586 1557/1847/1585
f 2375/2858/2415 1557/1847/1585 2264/2693/2291
f 2264/2693/2291 2219/2856/2246 2375/2858/2415
f 2219/2856/2246 2264/2693/2291 2220/2641/2247
f 1556/1846/1584 2264/2693/2291 1557/1847/1585
f 2376/2859/2416 2250/2679/2417 2249/2678/2276
f 2249/2678/2276 2377/2860/2418 2376/2859/2416
f 2377/2860/2418 2249/2678/2276 2248/2677/2275
f 2248/2677/2275 2378/2861/2419 2377/2860/2418
f 2378/2861/2419 2248/2677/2275 2247/2676/2382
f 2247/2676/2382 2379/2862/2420 2378/2861/2419
f 2379/2862/2420 2247/2676/2382 2246/2675/2273
f 2379/2862/2420 2246/2675/2273 2380/2863/2421
f 2379/2862/2420 2380/2863/2421 2381/2864/2422
f 2381/2864/2422 2378/2861/2419 2379/2862/2420
f 2378/2861/2419 2381/2864/2422 2382/2865/2423
f 2382/2865/2423 2377/2860/2418 2378/2861/2419
f 2377/2860/2418 2382/2865/2423 2383/2866/2424
f 2383/2866/2424 2376/2859/2416 2377/2860/2418
f 2376/2859/2416 2383/2866/2424 2384/2867/2425
f 2376/2859/2416 2384/2867/2425 2385/2868/2426
f 2385/2868/2426 2250/2679/2417 2376/2859/2416
f 2385/2868/2426 2251/2680/2278 2250/2679/2417
f 2251/2680/2278 2385/2868/2426 2386/2869/2427
f 2386/2869/2427 2252/2681/2279 2251/2680/2278
f 2252/2681/2279 2386/2869/2427 2387/2870/2428
f 2387/2870/2428 2253/2682/2429 2252/2681/2279
f 2253/2682/2429 2387/2870/2428 2388/2871/2430
f 2388/2871/2430 2243/2672/2270 2253/2682/2429
f 2243/2672/2270 2388/2871/2430 2389/2872/2431
f 2389/2872/2431 2244/2673/2271 2243/2672/2270
f 2244/2673/2271 2389/2872/2431 2390/2873/2432
f 2390/2873/2432 2245/2674/2272 2244/2673/2271
f 2390/2873/2432 2246/2675/2273 2245/2674/2272
f 2390/2873/2432 2380/2863/2421 2246/2675/2273
f 2380/2863/2421 2390/2873/2432 2391/2874/2433
f 2391/2874/2433 2381/2864/2422 2380/2863/2421
f 2392/2875/2434 2391/2874/2433 2390/2873/2432
f 2390/2873/2432 2393/2876/2435 2392/2875/2434
f 2393/2876/2435 2390/2873/2432 2389/2872/2431
f 2389/2872/2431 2394/2877/2436 2393/2876/2435
f 2394/2877/2436 2389/2872/2431 2388/2871/2430
f 2388/2871/2430 2395/2878/2437 2394/2877/2436
f 2395/2878/2437 2388/2871/2430 2387/2870/2428
f 2387/2870/2428 2396/2879/2438 2395/2878/2437
f 2396/2879/2438 2387/2870/2428 2386/2869/2427
f 2386/2869/2427 2397/2880/2439 2396/2879/2438
f 2397/2880/2439 2386/2869/2427 2385/2868/2426
f 2385/2868/2426 2384/2867/2425 2397/2880/2439
f 2398/2881/2440 2399/2882/2441 2400/2883/2442
f 2400/2883/2442 2401/2884/2443 2398/2881/2440
f 2401/2884/2443 2400/2883/2442 2402/2885/2444
f 2402/2885/2444 2403/2886/2445 2401/2884/2443
f 2403/2886/2445 2402/2885/2444 2404/2887/2446
f 2404/2887/2446 2405/2888/2447 2403/2886/2445
f 2405/2888/2447 2404/2887/2446 2406/2889/2448
f 2406/2889/2448 2407/2890/2449 2405/2888/2447
f 2407/2890/2449 2406/2889/2448 2408/2891/2450
f 2408/2891/2450 2409/2892/2451 2407/2890/2449
f 2409/2892/2451 2408/2891/2450 2410/2893/2452
f 2410/2893/2452 2411/2894/2453 2409/2892/2451
f 2411/2894/2453 2410/2893/2452 2412/2895/2454
f 2412/2895/2454 2413/2896/2455 2411/2894/2453
f 2413/2896/2455 2412/2895/2454 2399/2882/2441
f 2413/2896/2455 2399/2882/2441 2398/2881/2440
f 2398/2881/2440 2414/2897/2456 2413/2896/2455
f 2414/2897/2456 2398/2881/2440 2401/2884/2443
f 2401/2884/2443 2415/2898/2457 2414/2897/2456
f 2415/2898/2457 2401/2884/2443 2403/2886/2445
f 2403/2886/2445 2416/2899/2458 2415/2898/2457
f 2416/2899/2458 2403/2886/2445 2405/2888/2447
f 2405/2888/2447 2417/2900/2459 2416/2899/2458
f 2417/2900/2459 2405/2888/2447 2407/2890/2449
f 2407/2890/2449 2418/2901/2460 2417/2900/2459
f 2418/2901/2460 2407/2890/2449 2409/2892/2451
f 2409/2892/2451 2419/2902/2461 2418/2901/2460
f 2419/2902/2461 2409/2892/2451 2411/2894/2453
f 2411/2894/2453 2420/2903/2462 2419/2902/2461
f 2420/2903/2462 2411/2894/2453 2413/2896/2455
f 2413/2896/2455 2421/2904/2463 2420/2903/2462
f 2421/2904/2463 2413/2896/2455 2414/2897/2456
f 2414/2897/2456 2422/2905/2464 2421/2904/2463
f 2422/2905/2464 2414/2897/2456 2415/2898/2457
f 2415/2898/2457 2423/2906/2465 2422/2905/2464
f 2423/2906/2465 2415/2898/2457 2416/2899/2458
f 2416/2899/2458 2424/2907/2466 2423/2906/2465
f 2424/2907/2466 2416/2899/2458 2417/2900/2459
f 2417/2900/2459 2425/2908/2467 2424/2907/2466
f 2425/2908/2467 2417/2900/2459 2418/2901/2460
f 2418/2901/2460 2426/2909/2468 2425/2908/2467
f 2426/2909/2468 2418/2901/2460 2419/2902/2461
f 2419/2902/2461 2427/2910/2469 2426/2909/2468
f 2427/2910/2469 2419/2902/2461 2420/2903/2462
f 2420/2903/2462 2428/2911/2470 2427/2910/2469
f 2428/2911/2470 2420/2903/2462 2421/2904/2463
f 2421/2904/2463 2429/2912/2471 2428/2911/2470
f 2429/2912/2471 2421/2904/2463 2422/2905/2464
f 2422/2905/2464 2428/2911/2470 2429/2912/2471
f 2428/2911/2470 2422/2905/2464 2430/2913/2472
f 2430/2913/2472 2427/2910/2469 2428/2911/2470
f 2430/2913/2472 2426/2909/2468 2427/2910/2469
f 2430/2913/2472 2424/2907/2466 2426/2909/2468
f 2424/2907/2466 2430/2913/2472 2422/2905/2464
f 2422/2905/2464 2423/2906/2465 2424/2907/2466
f 2425/2908/2467 2426/2909/2468 2424/2907/2466
f 1911/2275/1935 1943/2307/1967 1925/2289/1949
f 1925/2289/1949 1913/2277/1937 1911/2275/1935
f 1913/2277/1937 1925/2289/1949 1924/2288/1948
f 1924/2288/1948 2431/2914/2473 1913/2277/1937
f 2431/2914/2473 1924/2288/1948 1933/2297/1957
f 1933/2297/1957 1935/2299/1959 2431/2914/2473
f 1916/2280/1940 1932/2296/1956 1922/2286/1946
f 1932/2296/1956 1916/2280/1940 1915/2279/1939
f 1915/2279/1939 1937/2301/1961 1932/2296/1956
f 1937/2301/1961 1915/2279/1939 1920/2284/1944
f 1911/2275/1935 1942/2306/1966 1943/2307/1967
f 1942/2306/1966 1911/2275/1935 1910/2274/1934
f 1914/2278/1938 1913/2277/1937 2431/2914/2473
f 2431/2914/2473 1904/2268/1928 1914/2278/1938
f 1904/2268/1928 2431/2914/2473 1935/2299/1959
f 1935/2299/1959 1905/2269/1929 1904/2268/1928
f 1905/2269/1929 1935/2299/1959 1936/2300/1960
f 1936/2300/1960 1907/2271/1931 1905/2269/1929
f 2432/2915/2474 1953/2318/1977 1955/2320/1979
f 1955/2320/1979 2433/2916/2475 2432/2915/2474
f 2433/2916/2475 1955/2320/1979 2228/2917/2255
f 2228/2917/2255 2434/2918/2476 2433/2916/2475
f 2434/2918/2476 2228/2917/2255 2230/2919/2257
f 2230/2919/2257 2435/2920/2477 2434/2918/2476
f 2435/2920/2477 2230/2919/2257 2232/2921/2259
f 2232/2921/2259 2436/2922/2478 2435/2920/2477
f 2436/2922/2478 2232/2921/2259 1949/2923/1973
f 1949/2923/1973 2437/2924/2479 2436/2922/2478
f 2437/2924/2479 1949/2923/1973 1948/2925/1972
f 1948/2925/1972 2438/2926/2480 2437/2924/2479
f 2438/2926/2480 1948/2925/1972 1982/2927/2006
f 1953/2928/1977 2365/2841/2405 1956/2842/1980
f 2365/2841/2405 1953/2928/1977 2439/2929/2481
f 2439/2929/2481 2363/2839/2403 2365/2841/2405
f 2363/2839/2403 2439/2929/2481 2440/2930/2482
f 2440/2930/2482 2361/2837/2401 2363/2839/2403
f 2440/2930/2482 2208/2836/2235 2361/2837/2401
f 2440/2930/2482 2441/2931/2483 2208/2836/2235
f 2440/2930/2482 2434/2932/2476 2441/2931/2483
f 2440/2930/2482 2433/2933/2475 2434/2932/2476
f 2433/2933/2475 2440/2930/2482 2439/2929/2481
f 2439/2929/2481 2432/2934/2474 2433/2933/2475
f 2432/2934/2474 2439/2929/2481 1953/2928/1977
f 1959/2935/1983 1992/2366/2016 1960/2367/1984
f 1992/2366/2016 1959/2935/1983 1962/2936/1986
f 1962/2936/1986 1991/2365/2015 1992/2366/2016
f 1991/2365/2015 1962/2936/1986 2442/2937/2484
f 2442/2937/2484 1989/2363/2013 1991/2365/2015
f 1989/2363/2013 2442/2937/2484 2443/2938/2485
f 2443/2938/2485 1987/2361/2011 1989/2363/2013
f 1987/2361/2011 2443/2938/2485 2444/2939/2486
f 2444/2939/2486 1985/2359/2009 1987/2361/2011
f 1985/2359/2009 2444/2939/2486 2445/2940/2487
f 2445/2940/2487 1984/2358/2008 1985/2359/2009
f 1984/2358/2008 2445/2940/2487 2446/2941/2488
f 1984/2358/2008 2446/2941/2488 2447/2942/2489
f 2447/2942/2489 1981/2355/2005 1984/2358/2008
f 1981/2355/2005 2447/2942/2489 2448/2943/2490
f 2448/2943/2490 1982/2356/2006 1981/2355/2005
f 2448/2943/2490 2438/2944/2480 1982/2356/2006
f 2448/2943/2490 2437/2945/2479 2438/2944/2480
f 2437/2945/2479 2448/2943/2490 2447/2942/2489
f 2447/2942/2489 2436/2946/2478 2437/2945/2479
f 2436/2946/2478 2447/2942/2489 2449/2947/2491
f 2449/2947/2491 2435/2948/2477 2436/2946/2478
f 2449/2947/2491 2434/2949/2476 2435/2948/2477
f 2449/2947/2491 2441/2950/2483 2434/2949/2476
f 2449/2947/2491 2208/2629/2235 2441/2950/2483
f 2449/2947/2491 2209/2630/2236 2208/2629/2235
f 2449/2947/2491 2450/2951/2492 2209/2630/2236
f 2450/2951/2492 2449/2947/2491 2447/2942/2489
f 2450/2951/2492 2447/2942/2489 2446/2941/2488
f 2446/2941/2488 2451/2952/2493 2450/2951/2492
f 2451/2952/2493 2446/2941/2488 2445/2940/2487
f 2445/2940/2487 2452/2953/2494 2451/2952/2493
f 2452/2953/2494 2445/2940/2487 2444/2939/2486
f 2444/2939/2486 2453/2954/2495 2452/2953/2494
f 2453/2954/2495 2444/2939/2486 2443/2938/2485
f 2443/2938/2485 2454/2955/2496 2453/2954/2495
f 2454/2955/2496 2443/2938/2485 2442/2937/2484
f 2454/2955/2496 2442/2937/2484 1962/2936/1986
f 2454/2955/2496 1962/2936/1986 1964/2956/1988
f 1964/2956/1988 2200/2621/2227 2454/2955/2496
f 2200/2621/2227 1964/2956/1988 1966/2957/1990
f 1966/2957/1990 2201/2622/2228 2200/2621/2227
f 1965/2958/1989 1963/2959/1987 2455/2960/2497
f 2455/2960/2497 1946/2310/1970 1965/2958/1989
f 2455/2960/2497 1944/2308/1968 1946/2310/1970
f 1944/2308/1968 2455/2960/2497 2456/2961/2498
f 2456/2961/2498 2457/2962/2499 1944/2308/1968
f 2457/2962/2499 2456/2961/2498 2458/2963/2500
f 2457/2962/2499 2458/2963/2500 2459/2964/2501
f 2457/2962/2499 2459/2964/2501 2460/2965/2502
f 2460/2965/2502 1944/2308/1968 2457/2962/2499
f 2460/2965/2502 1945/2309/1969 1944/2308/1968
f 1945/2309/1969 2460/2965/2502 2461/2966/2503
f 2461/2966/2503 1950/2967/1974 1945/2309/1969
f 1950/2967/1974 2461/2966/2503 2462/2968/2504
f 2462/2968/2504 1970/2342/1994 1950/2967/1974
f 2462/2968/2504 2049/2433/2073 1970/2342/1994
f 2049/2433/2073 2462/2968/2504 2463/2969/2505
f 2463/2969/2505 2050/2434/2074 2049/2433/2073
f 2050/2434/2074 2463/2969/2505 2464/2970/2506
f 2464/2970/2506 2052/2436/2076 2050/2434/2074
f 2052/2436/2076 2464/2970/2506 2465/2971/2507
f 2465/2971/2507 2054/2438/2078 2052/2436/2076
f 2054/2438/2078 2465/2971/2507 2056/2440/2080
f 2466/2972/2508 2463/2969/2505 2462/2968/2504
f 2462/2968/2504 2467/2973/2509 2466/2972/2508
f 2467/2973/2509 2462/2968/2504 2461/2966/2503
f 2461/2966/2503 2468/2974/2510 2467/2973/2509
f 2468/2974/2510 2461/2966/2503 2460/2965/2502
f 2460/2965/2502 2459/2964/2501 2468/2974/2510
f 2469/2975/2511 1958/2976/1982 1994/2369/2018
f 1994/2369/2018 2470/2977/2512 2469/2975/2511
f 2470/2977/2512 1994/2369/2018 1999/2375/2023
f 1999/2375/2023 2471/2978/2513 2470/2977/2512
f 2471/2978/2513 1999/2375/2023 2001/2377/2025
f 2471/2978/2513 2001/2377/2025 2003/2379/2027
f 2003/2379/2027 2472/2979/2514 2471/2978/2513
f 2472/2979/2514 2003/2379/2027 2005/2381/2029
f 2005/2381/2029 2473/2980/2515 2472/2979/2514
f 2473/2980/2515 2005/2381/2029 2006/2382/2030
f 2006/2382/2030 2474/2981/2516 2473/2980/2515
f 2474/2981/2516 2006/2382/2030 2117/2982/2144
f 2117/2982/2144 2475/2983/2517 2474/2981/2516
f 2475/2983/2517 2117/2982/2144 2115/2984/2142
f 2115/2984/2142 2476/2985/2518 2475/2983/2517
f 2476/2985/2518 2115/2984/2142 2113/2986/2140
f 2476/2985/2518 2113/2986/2140 2477/2987/2519
f 2476/2985/2518 2477/2987/2519 2478/2988/2520
f 2478/2988/2520 2475/2983/2517 2476/2985/2518
f 2475/2983/2517 2478/2988/2520 2479/2989/2521
f 2479/2989/2521 2474/2981/2516 2475/2983/2517
f 2474/2981/2516 2479/2989/2521 2480/2990/2522
f 2480/2990/2522 2473/2980/2515 2474/2981/2516
f 2473/2980/2515 2480/2990/2522 2481/2991/2523
f 2481/2991/2523 2472/2979/2514 2473/2980/2515
f 2481/2991/2523 2482/2992/2524 2472/2979/2514
f 2481/2991/2523 2483/2993/2525 2482/2992/2524
f 2483/2993/2525 2481/2991/2523 2480/2990/2522
f 2480/2990/2522 2484/2994/2526 2483/2993/2525
f 2484/2994/2526 2480/2990/2522 2479/2989/2521
f 2479/2989/2521 2485/2995/2527 2484/2994/2526
f 2485/2995/2527 2479/2989/2521 2478/2988/2520
f 2478/2988/2520 2486/2996/2528 2485/2995/2527
f 2486/2996/2528 2478/2988/2520 2477/2987/2519
f 2477/2987/2519 2487/2997/2529 2486/2996/2528
f 2477/2987/2519 2488/2998/2530 2487/2997/2529
f 2477/2987/2519 2110/2999/2137 2488/2998/2530
f 2110/2999/2137 2477/2987/2519 2113/3000/2140
f 2113/3000/2140 2111/3001/2138 2110/2999/2137
f 2488/2998/2530 2110/2999/2137 2108/3002/2135
f 2108/3002/2135 2489/3003/2531 2488/2998/2530
f 2489/3003/2531 2108/3002/2135 2106/3004/2133
f 2106/3004/2133 2490/3005/2532 2489/3003/2531
f 2490/3005/2532 2106/3004/2133 2104/3006/2131
f 2104/3006/2131 2491/3007/2533 2490/3005/2532
f 2491/3007/2533 2104/3006/2131 2102/3008/2129
f 2102/3008/2129 2492/3009/2534 2491/3007/2533
f 2492/3009/2534 2102/3008/2129 2101/3010/2128
f 2101/3010/2128 2493/3011/2535 2492/3009/2534
f 2493/3011/2535 2101/3010/2128 2099/3012/2126
f 2493/3011/2535 2099/3012/2126 2494/3013/2536
f 2493/3011/2535 2494/3013/2536 2495/3014/2537
f 2493/3011/2535 2495/3014/2537 2496/3015/2538
f 2493/3011/2535 2496/3015/2538 2497/3016/2539
f 2497/3016/2539 2492/3009/2534 2493/3011/2535
f 2492/3009/2534 2497/3016/2539 2498/3017/2540
f 2498/3017/2540 2491/3007/2533 2492/3009/2534
f 2491/3007/2533 2498/3017/2540 2499/3018/2541
f 2499/3018/2541 2490/3005/2532 2491/3007/2533
f 2490/3005/2532 2499/3018/2541 2500/3019/2542
f 2500/3019/2542 2489/3003/2531 2490/3005/2532
f 2500/3019/2542 2488/2998/2530 2489/3003/2531
f 2500/3019/2542 2487/2997/2529 2488/2998/2530
f 2487/2997/2529 2500/3019/2542 2499/3018/2541
f 2499/3018/2541 2501/3020/2543 2487/2997/2529
f 2501/3020/2543 2499/3018/2541 2498/3017/2540
f 2501/3020/2543 2498/3017/2540 2502/3021/2544
f 2502/3021/2544 2487/2997/2529 2501/3020/2543
f 2502/3021/2544 2486/2996/2528 2487/2997/2529
f 2486/2996/2528 2502/3021/2544 2503/3022/2545
f 2503/3022/2545 2485/2995/2527 2486/2996/2528
f 2485/2995/2527 2503/3022/2545 2504/3023/2546
f 2504/3023/2546 2484/2994/2526 2485/2995/2527
f 2484/2994/2526 2504/3023/2546 2505/3024/2547
f 2505/3024/2547 2483/2993/2525 2484/2994/2526
f 2483/2993/2525 2505/3024/2547 2506/3025/2548
f 2506/3025/2548 2482/2992/2524 2483/2993/2525
f 2482/2992/2524 2506/3025/2548 2507/3026/2549
f 2507/3026/2549 2472/2979/2514 2482/2992/2524
f 2472/2979/2514 2507/3026/2549 2508/3027/2550
f 2508/3027/2550 2471/2978/2513 2472/2979/2514
f 2471/2978/2513 2508/3027/2550 2509/3028/2551
f 2509/3028/2551 2470/2977/2512 2471/2978/2513
f 2470/2977/2512 2509/3028/2551 2510/3029/2552
f 2510/3029/2552 2469/2975/2511 2470/2977/2512
f 2510/3029/2552 2511/3030/2553 2469/2975/2511
f 2510/3029/2552 2512/3031/2554 2511/3030/2553
f 2512/3031/2554 2510/3029/2552 2513/3032/2555
f 2513/3032/2555 2514/3033/2556 2512/3031/2554
f 2514/3033/2556 2513/3032/2555 2515/3034/2557
f 2515/3034/2557 2516/3035/2558 2514/3033/2556
f 2515/3034/2557 2517/3036/2559 2516/3035/2558
f 2515/3034/2557 2518/3037/2560 2517/3036/2559
f 2515/3034/2557 2519/3038/2561 2518/3037/2560
f 2519/3038/2561 2515/3034/2557 2513/3032/2555
f 2513/3032/2555 2520/3039/2562 2519/3038/2561
f 2520/3039/2562 2513/3032/2555 2510/3029/2552
f 2520/3039/2562 2510/3029/2552 2509/3028/2551
f 2520/3039/2562 2509/3028/2551 2508/3027/2550
f 2520/3039/2562 2508/3027/2550 2507/3026/2549
f 2507/3026/2549 2521/3040/2563 2520/3039/2562
f 2521/3040/2563 2507/3026/2549 2506/3025/2548
f 2506/3025/2548 2522/3041/2564 2521/3040/2563
f 2522/3041/2564 2506/3025/2548 2505/3024/2547
f 2505/3024/2547 2523/3042/2565 2522/3041/2564
f 2523/3042/2565 2505/3024/2547 2504/3023/2546
f 2504/3023/2546 2524/3043/2566 2523/3042/2565
f 2524/3043/2566 2504/3023/2546 2503/3022/2545
f 2503/3022/2545 2525/3044/2567 2524/3043/2566
f 2503/3022/2545 2526/3045/2568 2525/3044/2567
f 2526/3045/2568 2503/3022/2545 2502/3021/2544
f 2526/3045/2568 2502/3021/2544 2498/3017/2540
f 2498/3017/2540 2527/3046/2569 2526/3045/2568
f 2527/3046/2569 2498/3017/2540 2497/3016/2539
f 2497/3016/2539 2496/3015/2538 2527/3046/2569
f 2519/3038/2561 2520/3039/2562 2521/3040/2563
f 2521/3040/2563 2528/3047/2570 2519/3038/2561
f 2528/3047/2570 2521/3040/2563 2522/3041/2564
f 2522/3041/2564 2529/3048/2571 2528/3047/2570
f 2529/3048/2571 2522/3041/2564 2523/3042/2565
f 2523/3042/2565 2530/3049/2572 2529/3048/2571
f 2530/3049/2572 2523/3042/2565 2524/3043/2566
f 2524/3043/2566 2531/3050/2573 2530/3049/2572
f 2531/3050/2573 2524/3043/2566 2525/3044/2567
f 2525/3044/2567 2532/3051/2574 2531/3050/2573
f 2525/3044/2567 2533/3052/2575 2532/3051/2574
f 2533/3052/2575 2525/3044/2567 2526/3045/2568
f 2533/3052/2575 2526/3045/2568 2527/3046/2569
f 2527/3046/2569 2534/3053/2576 2533/3052/2575
f 2534/3053/2576 2527/3046/2569 2496/3054/2538
f 2496/3054/2538 2535/3055/2577 2534/3053/2576
f 2535/3055/2577 2496/3054/2538 2495/3056/2537
f 2495/3056/2537 2536/3057/2578 2535/3055/2577
f 2536/3057/2578 2495/3056/2537 2494/3013/2536
f 2494/3013/2536 2537/3058/2579 2536/3057/2578
f 2494/3013/2536 2096/3059/2123 2537/3058/2579
f 2096/3059/2123 2494/3013/2536 2099/3012/2126
f 2537/3058/2579 2096/3059/2123 2093/3060/2120
f 2093/3060/2120 2538/3061/2580 2537/3058/2579
f 2538/3061/2580 2093/3060/2120 2091/3062/2118
f 2538/3061/2580 2091/3062/2118 2056/3063/2080
f 2538/3061/2580 2056/3063/2080 2539/3064/2581
f 2539/3064/2581 2537/3058/2579 2538/3061/2580
f 2539/3064/2581 2536/3057/2578 2537/3058/2579
f 2536/3057/2578 2539/3064/2581 2540/3065/2582
f 2540/3065/2582 2535/3055/2577 2536/3057/2578
f 2535/3055/2577 2540/3065/2582 2541/3066/2583
f 2541/3066/2583 2534/3053/2576 2535/3055/2577
f 2534/3053/2576 2541/3066/2583 2542/3067/2584
f 2542/3067/2584 2533/3052/2575 2534/3053/2576
f 2542/3067/2584 2532/3051/2574 2533/3052/2575
f 2532/3051/2574 2542/3067/2584 2543/3068/2585
f 2543/3068/2585 2531/3050/2573 2532/3051/2574
f 2531/3050/2573 2543/3068/2585 2544/3069/2586
f 2544/3069/2586 2530/3049/2572 2531/3050/2573
f 2544/3069/2586 2545/3070/2587 2530/3049/2572
f 2544/3069/2586 2272/3071/2300 2545/3070/2587
f 2544/3069/2586 2270/3072/2298 2272/3071/2300
f 2544/3069/2586 2546/3073/2588 2270/3072/2298
f 2546/3073/2588 2544/3069/2586 2543/3068/2585
f 2546/3073/2588 2543/3068/2585 2542/3067/2584
f 2546/3073/2588 2542/3067/2584 2541/3066/2583
f 2541/3066/2583 2547/3074/2589 2546/3073/2588
f 2547/3074/2589 2541/3066/2583 2540/3065/2582
f 2540/3065/2582 2548/3075/2590 2547/3074/2589
f 2548/3075/2590 2540/3065/2582 2539/3064/2581
f 2539/3064/2581 2465/3076/2507 2548/3075/2590
f 2465/3076/2507 2539/3064/2581 2056/3063/2080
f 2548/3075/2590 2465/3076/2507 2464/3077/2506
f 2464/3077/2506 2549/3078/2591 2548/3075/2590
f 2549/3078/2591 2464/3077/2506 2463/3079/2505
f 2463/3079/2505 2550/3080/2592 2549/3078/2591
f 2550/3080/2592 2463/3079/2505 2466/3081/2508
f 2466/3081/2508 2551/3082/2593 2550/3080/2592
f 2551/3082/2593 2466/3081/2508 2467/3083/2509
f 2467/3083/2509 2552/3084/2594 2551/3082/2593
f 2552/3084/2594 2467/3083/2509 2468/3085/2510
f 2468/3085/2510 2553/3086/2595 2552/3084/2594
f 2553/3086/2595 2468/3085/2510 2459/3087/2501
f 2553/3086/2595 2459/3087/2501 2458/3088/2500
f 2553/3086/2595 2458/3088/2500 2554/3089/2596
f 2554/3089/2596 2555/3090/2597 2553/3086/2595
f 2555/3090/2597 2554/3089/2596 2556/3091/2598
f 2556/3091/2598 2557/3092/2599 2555/3090/2597
f 2557/3092/2599 2556/3091/2598 2558/3093/2600
f 2558/3093/2600 2278/3094/2306 2557/3092/2599
f 2278/3094/2306 2558/3093/2600 2559/3095/2601
f 2559/3095/2601 2276/3096/2304 2278/3094/2306
f 2262/3097/2289 2557/3092/2599 2278/3094/2306
f 2557/3092/2599 2262/3097/2289 2260/3098/2287
f 2260/3098/2287 2555/3090/2597 2557/3092/2599
f 2555/3090/2597 2260/3098/2287 2258/3099/2285
f 2258/3099/2285 2553/3086/2595 2555/3090/2597
f 2258/3099/2285 2552/3084/2594 2553/3086/2595
f 2552/3084/2594 2258/3099/2285 2256/3100/2283
f 2256/3100/2283 2551/3082/2593 2552/3084/2594
f 2551/3082/2593 2256/3100/2283 2255/3101/2282
f 2255/3101/2282 2550/3080/2592 2551/3082/2593
f 2550/3080/2592 2255/3101/2282 2560/3102/2602
f 2560/3102/2602 2549/3078/2591 2550/3080/2592
f 2560/3102/2602 2548/3075/2590 2549/3078/2591
f 2560/3102/2602 2547/3074/2589 2548/3075/2590
f 2560/3102/2602 2546/3073/2588 2547/3074/2589
f 2546/3073/2588 2560/3102/2602 2268/3103/2296
f 2268/3103/2296 2270/3072/2298 2546/3073/2588
f 2266/3104/2294 2268/3103/2296 2560/3102/2602
f 2560/3102/2602 2255/3101/2282 2266/3104/2294
f 2561/3105/2603 2562/3106/2604 2563/3107/2605
f 2563/3107/2605 2564/3108/2606 2561/3105/2603
f 2564/3108/2606 2563/3107/2605 2565/3109/2607
f 2565/3109/2607 2566/3110/2608 2564/3108/2606
f 2566/3110/2608 2565/3109/2607 2567/3111/2609
f 2567/3111/2609 2568/3112/2610 2566/3110/2608
f 2568/3112/2610 2567/3111/2609 2569/3113/2611
f 2568/3112/2610 2569/3113/2611 2570/3114/2612
f 2570/3114/2612 2571/3115/2613 2568/3112/2610
f 2571/3115/2613 2570/3114/2612 2572/3116/2614
f 2572/3116/2614 2573/3117/2615 2571/3115/2613
f 2573/3117/2615 2572/3116/2614 2574/3118/2616
f 2573/3117/2615 2574/3118/2616 2575/3119/2617
f 2575/3119/2617 2576/3120/2618 2573/3117/2615
f 2576/3120/2618 2575/3119/2617 2577/3121/2619
f 2577/3121/2619 2578/3122/2620 2576/3120/2618
f 2578/3122/2620 2577/3121/2619 2579/3123/2621
f 2579/3123/2621 2580/3124/2622 2578/3122/2620
f 2580/3124/2622 2579/3123/2621 2581/3125/2623
f 2581/3125/2623 2582/3126/2624 2580/3124/2622
f 2580/3124/2622 2583/3127/2625 2578/3122/2620
f 2583/3127/2625 2580/3124/2622 2584/3128/2626
f 2584/3128/2626 2511/3129/2553 2583/3127/2625
f 2561/3105/2603 2564/3108/2606 2585/3130/2627
f 2585/3130/2627 2586/3131/2628 2561/3105/2603
f 2586/3131/2628 2585/3130/2627 2517/3132/2559
f 2242/3133/2269 1979/3134/2003 2044/2423/2068
f 2044/2423/2068 2240/3135/2267 2242/3133/2269
f 2240/3135/2267 2044/2423/2068 2587/3136/2629
f 2587/3136/2629 2238/3137/2265 2240/3135/2267
f 2238/3137/2265 2587/3136/2629 2588/3138/2630
f 2588/3138/2630 2236/3139/2263 2238/3137/2265
f 2236/3139/2263 2588/3138/2630 2007/2385/2031
f 2007/2385/2031 1947/3140/1971 2236/3139/2263
f 1947/3140/1971 2007/2385/2031 1948/2384/1972
f 2009/2388/2033 2007/2385/2031 2588/3138/2630
f 2588/3138/2630 2589/3141/2631 2009/2388/2033
f 2589/3141/2631 2588/3138/2630 2587/3136/2629
f 2587/3136/2629 2590/3142/2632 2589/3141/2631
f 2590/3142/2632 2587/3136/2629 2044/2423/2068
f 2590/3142/2632 2044/2423/2068 2042/2421/2066
f 2042/2421/2066 2591/3143/2633 2590/3142/2632
f 2591/3143/2633 2042/2421/2066 2040/2419/2064
f 2040/2419/2064 2592/3144/2634 2591/3143/2633
f 2592/3144/2634 2040/2419/2064 2038/2417/2062
f 2038/2417/2062 2593/3145/2635 2592/3144/2634
f 2593/3145/2635 2038/2417/2062 2036/2415/2060
f 2036/2415/2060 2594/3146/2636 2593/3145/2635
f 2594/3146/2636 2036/2415/2060 2033/2412/2057
f 2594/3146/2636 2033/2412/2057 2031/2410/2055
f 2031/2410/2055 2595/3147/2637 2594/3146/2636
f 2595/3147/2637 2031/2410/2055 2029/2408/2053
f 2595/3147/2637 2029/2408/2053 2023/2402/2047
f 2595/3147/2637 2023/2402/2047 2021/2400/2045
f 2595/3147/2637 2021/2400/2045 2596/3148/2638
f 2596/3148/2638 2594/3146/2636 2595/3147/2637
f 2596/3148/2638 2593/3145/2635 2594/3146/2636
f 2593/3145/2635 2596/3148/2638 2597/3149/2639
f 2597/3149/2639 2592/3144/2634 2593/3145/2635
f 2592/3144/2634 2597/3149/2639 2598/3150/2640
f 2598/3150/2640 2591/3143/2633 2592/3144/2634
f 2591/3143/2633 2598/3150/2640 2599/3151/2641
f 2599/3151/2641 2590/3142/2632 2591/3143/2633
f 2599/3151/2641 2589/3141/2631 2590/3142/2632
f 2589/3141/2631 2599/3151/2641 2011/2390/2035
f 2011/2390/2035 2009/2388/2033 2589/3141/2631
f 2599/3151/2641 2013/2392/2037 2011/2390/2035
f 2013/2392/2037 2599/3151/2641 2598/3150/2640
f 2598/3150/2640 2015/2394/2039 2013/2392/2037
f 2015/2394/2039 2598/3150/2640 2597/3149/2639
f 2597/3149/2639 2017/2396/2041 2015/2394/2039
f 2017/2396/2041 2597/3149/2639 2596/3148/2638
f 2596/3148/2638 2019/2398/2043 2017/2396/2041
f 2019/2398/2043 2596/3148/2638 2021/2400/2045
f 1952/3152/1976 1969/2850/1993 2369/2851/2409
f 2369/2851/2409 1951/3153/1975 1952/3152/1976
f 1951/3153/1975 2369/2851/2409 2371/2853/2411
f 2371/2853/2411 1967/3154/1991 1951/3153/1975
f 1967/3154/1991 2371/2853/2411 2357/2829/2397
f 2357/2829/2397 1968/3155/1992 1967/3154/1991
f 1968/3155/1992 2357/2829/2397 2201/2828/2228
f 2201/2828/2228 1966/3156/1990 1968/3155/1992
f 2600/3157/2642 2601/3158/2643 2602/3159/2644
f 2602/3159/2644 2603/3160/2645 2600/3157/2642
f 2603/3160/2645 2602/3159/2644 2604/3161/2646
f 2604/3161/2646 2605/3162/2647 2603/3160/2645
f 2604/3161/2646 2606/3163/2648 2605/3162/2647
f 2606/3163/2648 2604/3161/2646 2607/3164/2649
f 2607/3164/2649 2608/3165/2650 2606/3163/2648
f 2608/3165/2650 2607/3164/2649 2609/3166/2651
f 2610/3167/2652 2601/3168/2643 2600/3169/2642
f 2600/3169/2642 2611/3170/2653 2610/3167/2652
f 2611/3170/2653 2600/3169/2642 2603/3171/2645
f 2603/3171/2645 2612/3172/2654 2611/3170/2653
f 2612/3172/2654 2603/3171/2645 2605/3173/2647
f 2605/3173/2647 2613/3174/2655 2612/3172/2654
f 2613/3174/2655 2605/3173/2647 2606/3175/2648
f 2606/3175/2648 2614/3176/2656 2613/3174/2655
f 2614/3176/2656 2606/3175/2648 2608/3177/2650
f 2608/3177/2650 2615/3178/2657 2614/3176/2656
f 2615/3178/2657 2608/3177/2650 2609/3179/2651
f 2609/3179/2651 2616/3180/2658 2615/3178/2657
f 2617/3181/2659 2618/3182/2660 2619/3183/2661
f 2619/3183/2661 2620/3184/2662 2617/3181/2659
f 2620/3184/2662 2619/3183/2661 2621/3185/2663
f 2621/3185/2663 2622/3186/2664 2620/3184/2662
f 2621/3185/2663 2623/3187/2665 2622/3186/2664
f 2623/3187/2665 2621/3185/2663 2624/3188/2666
f 2624/3188/2666 2625/3189/2667 2623/3187/2665
f 2625/3189/2667 2624/3188/2666 2626/3190/2668
f 2627/3191/2669 2618/3192/2660 2617/3193/2659
f 2617/3193/2659 2628/3194/2670 2627/3191/2669
f 2628/3194/2670 2617/3193/2659 2620/3195/2662
f 2620/3195/2662 2629/3196/2671 2628/3194/2670
f 2629/3196/2671 2620/3195/2662 2622/3197/2664
f 2622/3197/2664 2630/3198/2672 2629/3196/2671
f 2630/3198/2672 2622/3197/2664 2623/3199/2665
f 2623/3199/2665 2631/3200/2673 2630/3198/2672
f 2631/3200/2673 2623/3199/2665 2625/3201/2667
f 2625/3201/2667 2632/3202/2674 2631/3200/2673
f 2632/3202/2674 2625/3201/2667 2626/3203/2668
f 2626/3203/2668 2633/3204/2675 2632/3202/2674
f 2634/3205/2676 2635/3206/2677 2636/3207/2678
f 2636/3207/2678 2637/3208/2679 2634/3205/2676
f 2636/3207/2678 2638/3209/2680 2637/3208/2679
f 2636/3207/2678 2639/3210/2681 2638/3209/2680
f 2636/3207/2678 2640/3211/2682 2639/3210/2681
f 2636/3207/2678 2641/3212/2683 2640/3211/2682
f 2641/3212/2683 2636/3207/2678 2642/3213/2684
f 2642/3213/2684 2643/3214/2685 2641/3212/2683
f 2644/3215/2686 2634/3216/2676 2637/3217/2679
f 2637/3217/2679 2645/3218/2687 2644/3215/2686
f 2645/3218/2687 2637/3217/2679 2638/3219/2680
f 2638/3219/2680 2646/3220/2688 2645/3218/2687
f 2646/3220/2688 2638/3219/2680 2639/3221/2681
f 2639/3221/2681 2647/3222/2689 2646/3220/2688
f 2647/3222/2689 2639/3221/2681 2640/3223/2682
f 2640/3223/2682 2648/3224/2690 2647/3222/2689
f 2648/3224/2690 2640/3223/2682 2641/3225/2683
f 2641/3225/2683 2649/3226/2691 2648/3224/2690
f 2649/3226/2691 2641/3225/2683 2643/3227/2685
f 2643/3227/2685 2650/3228/2692 2649/3226/2691
f 2530/3049/2572 2545/3070/2587 2651/3229/2693
f 2651/3229/2693 2529/3048/2571 2530/3049/2572
f 2651/3229/2693 2528/3047/2570 2529/3048/2571
f 2528/3047/2570 2651/3229/2693 2652/3230/2694
f 2652/3230/2694 2519/3038/2561 2528/3047/2570
f 2652/3230/2694 2518/3037/2560 2519/3038/2561
f 2518/3037/2560 2652/3230/2694 2653/3231/2695
f 2653/3231/2695 2654/3232/2696 2518/3037/2560
f 2653/3231/2695 2559/3233/2601 2654/3232/2696
f 2653/3231/2695 2276/3234/2304 2559/3233/2601
f 2653/3231/2695 2274/3235/2302 2276/3234/2304
f 2274/3235/2302 2653/3231/2695 2655/3236/2697
f 2655/3236/2697 2272/3071/2300 2274/3235/2302
f 2655/3236/2697 2545/3070/2587 2272/3071/2300
f 2655/3236/2697 2651/3229/2693 2545/3070/2587
f 2655/3236/2697 2652/3230/2694 2651/3229/2693
f 2652/3230/2694 2655/3236/2697 2653/3231/2695
f 2200/2621/2227 2656/3237/2698 2454/2955/2496
f 2656/3237/2698 2200/2621/2227 2657/3238/2699
f 2657/3238/2699 2454/2955/2496 2656/3237/2698
f 2657/3238/2699 2453/2954/2495 2454/2955/2496
f 2453/2954/2495 2657/3238/2699 2658/3239/2700
f 2658/3239/2700 2452/2953/2494 2453/2954/2495
f 2452/2953/2494 2658/3239/2700 2659/3240/2701
f 2659/3240/2701 2451/2952/2493 2452/2953/2494
f 2451/2952/2493 2659/3240/2701 2660/3241/2702
f 2660/3241/2702 2450/2951/2492 2451/2952/2493
f 2660/3241/2702 2209/2630/2236 2450/2951/2492
f 2209/2630/2236 2660/3241/2702 2659/3240/2701
f 2659/3240/2701 2207/2628/2234 2209/2630/2236
f 2207/2628/2234 2659/3240/2701 2658/3239/2700
f 2658/3239/2700 2205/2626/2232 2207/2628/2234
f 2205/2626/2232 2658/3239/2700 2657/3238/2699
f 2657/3238/2699 2203/2624/2230 2205/2626/2232
f 2203/2624/2230 2657/3238/2699 2200/2621/2227
f 2661/3242/2703 2662/3243/2704 2663/3244/2705
f 2662/3243/2704 2661/3242/2703 2664/3245/2706
f 2664/3245/2706 2665/3246/2707 2662/3243/2704
f 2665/3246/2707 2664/3245/2706 2666/3247/2708
f 2666/3247/2708 2667/3248/2709 2665/3246/2707
f 2667/3248/2709 2666/3247/2708 2668/3249/2710
f 2668/3249/2710 2669/3250/2711 2667/3248/2709
f 2669/3250/2711 2668/3249/2710 2670/3251/2712
f 2670/3251/2712 2671/3252/2713 2669/3250/2711
f 2671/3252/2713 2670/3251/2712 2672/3253/2714
f 2672/3253/2714 2673/3254/2715 2671/3252/2713
f 2673/3254/2715 2672/3253/2714 2674/3255/2716
f 2673/3254/2715 2674/3255/2716 2675/3256/2717
f 2675/3256/2717 2676/3257/2718 2673/3254/2715
f 2676/3257/2718 2675/3256/2717 2677/3258/2719
f 2676/3257/2718 2677/3258/2719 2678/3259/2720
f 2676/3257/2718 2678/3259/2720 2679/3260/2721
f 2679/3260/2721 2673/3254/2715 2676/3257/2718
f 2679/3260/2721 2671/3252/2713 2673/3254/2715
f 2671/3252/2713 2679/3260/2721 2680/3261/2722
f 2680/3261/2722 2669/3250/2711 2671/3252/2713
f 2669/3250/2711 2680/3261/2722 2681/3262/2723
f 2681/3262/2723 2667/3248/2709 2669/3250/2711
f 2681/3262/2723 2665/3246/2707 2667/3248/2709
f 2681/3262/2723 2662/3243/2704 2665/3246/2707
f 2681/3262/2723 2663/3244/2705 2662/3243/2704
f 2681/3262/2723 2682/3263/2724 2663/3244/2705
f 2682/3263/2724 2681/3262/2723 2680/3261/2722
f 2680/3261/2722 2683/3264/2725 2682/3263/2724
f 2683/3264/2725 2680/3261/2722 2679/3260/2721
f 2679/3260/2721 2684/3265/2726 2683/3264/2725
f 2684/3265/2726 2679/3260/2721 2678/3259/2720
f 2586/3266/2628 2517/3267/2559 2518/3268/2560
f 2518/3268/2560 2685/3269/2727 2586/3266/2628
f 2685/3269/2727 2518/3268/2560 2654/3270/2696
f 2654/3270/2696 2686/3271/2728 2685/3269/2727
f 2686/3271/2728 2654/3270/2696 2559/3272/2601
f 2559/3272/2601 2687/3273/2729 2686/3271/2728
f 2687/3273/2729 2559/3272/2601 2558/3274/2600
f 2558/3274/2600 2688/3275/2730 2687/3273/2729
f 2688/3275/2730 2558/3274/2600 2556/3276/2598
f 2556/3276/2598 2689/3277/2731 2688/3275/2730
f 2689/3277/2731 2556/3276/2598 2554/3278/2596
f 2554/3278/2596 2690/3279/2732 2689/3277/2731
f 2690/3279/2732 2554/3278/2596 2458/3280/2500
f 2458/3280/2500 2691/3281/2733 2690/3279/2732
f 2691/3281/2733 2458/3280/2500 2456/3282/2498
f 2456/3282/2498 2692/3283/2734 2691/3281/2733
f 2692/3283/2734 2456/3282/2498 2455/3284/2497
f 2455/3284/2497 2693/3285/2735 2692/3283/2734
f 2693/3285/2735 2455/3284/2497 1963/3286/1987
f 1963/3286/1987 2694/3287/2736 2693/3285/2735
f 2694/3287/2736 1963/3286/1987 1961/3288/1985
f 1961/3288/1985 2695/3289/2737 2694/3287/2736
f 2695/3289/2737 1961/3288/1985 1958/3290/1982
f 1958/3290/1982 2696/3291/2738 2695/3289/2737
f 2696/3291/2738 1958/3290/1982 2469/3292/2511
f 2469/3292/2511 2697/3293/2739 2696/3291/2738
f 2697/3293/2739 2469/3292/2511 2511/3294/2553
f 2697/3293/2739 2511/3294/2553 2584/3295/2626
f 2584/3295/2626 2698/3296/2740 2697/3293/2739
f 2698/3296/2740 2584/3295/2626 2580/3297/2622
f 2580/3297/2622 2699/3298/2741 2698/3296/2740
f 2699/3298/2741 2580/3297/2622 2582/3299/2624
f 2582/3299/2624 2700/3300/2742 2699/3298/2741
f 2700/3300/2742 2582/3299/2624 2581/3301/2623
f 2581/3301/2623 2701/3302/2743 2700/3300/2742
f 2701/3302/2743 2581/3301/2623 2579/3303/2621
f 2579/3303/2621 2702/3304/2744 2701/3302/2743
f 2702/3304/2744 2579/3303/2621 2577/3305/2619
f 2577/3305/2619 2703/3306/2745 2702/3304/2744
f 2703/3306/2745 2577/3305/2619 2575/3307/2617
f 2575/3307/2617 2704/3308/2746 2703/3306/2745
f 2704/3308/2746 2575/3307/2617 2574/3309/2616
f 2574/3309/2616 2705/3310/2747 2704/3308/2746
f 2705/3310/2747 2574/3309/2616 2572/3311/2614
f 2572/3311/2614 2706/3312/2748 2705/3310/2747
f 2706/3312/2748 2572/3311/2614 2570/3313/2612
f 2570/3313/2612 2707/3314/2749 2706/3312/2748
f 2707/3314/2749 2570/3313/2612 2569/3315/2611
f 2569/3315/2611 2708/3316/2750 2707/3314/2749
f 2708/3316/2750 2569/3315/2611 2567/3317/2609
f 2567/3317/2609 2709/3318/2751 2708/3316/2750
f 2709/3318/2751 2567/3317/2609 2565/3319/2607
f 2565/3319/2607 2710/3320/2752 2709/3318/2751
f 2710/3320/2752 2565/3319/2607 2563/3321/2605
f 2563/3321/2605 2711/3322/2753 2710/3320/2752
f 2711/3322/2753 2563/3321/2605 2562/3323/2604
f 2562/3323/2604 2712/3324/2754 2711/3322/2753
f 2712/3324/2754 2562/3323/2604 2561/3325/2603
f 2712/3324/2754 2561/3325/2603 2586/3266/2628
f 2712/3324/2754 2586/3266/2628 2685/3269/2727
f 2712/3324/2754 2685/3269/2727 2713/3326/2755
f 2713/3326/2755 2711/3322/2753 2712/3324/2754
f 2713/3326/2755 2710/3320/2752 2711/3322/2753
f 2710/3320/2752 2713/3326/2755 2714/3327/2756
f 2714/3327/2756 2709/3318/2751 2710/3320/2752
f 2709/3318/2751 2714/3327/2756 2688/3275/2730
f 2688/3275/2730 2708/3316/2750 2709/3318/2751
f 2708/3316/2750 2688/3275/2730 2689/3277/2731
f 2689/3277/2731 2707/3314/2749 2708/3316/2750
f 2707/3314/2749 2689/3277/2731 2690/3279/2732
f 2690/3279/2732 2706/3312/2748 2707/3314/2749
f 2706/3312/2748 2690/3279/2732 2691/3281/2733
f 2691/3281/2733 2705/3310/2747 2706/3312/2748
f 2705/3310/2747 2691/3281/2733 2692/3283/2734
f 2692/3283/2734 2704/3308/2746 2705/3310/2747
f 2704/3308/2746 2692/3283/2734 2693/3285/2735
f 2693/3285/2735 2703/3306/2745 2704/3308/2746
f 2703/3306/2745 2693/3285/2735 2694/3287/2736
f 2694/3287/2736 2702/3304/2744 2703/3306/2745
f 2694/3287/2736 2715/3328/2757 2702/3304/2744
f 2715/3328/2757 2694/3287/2736 2695/3289/2737
f 2695/3289/2737 2716/3329/2758 2715/3328/2757
f 2716/3329/2758 2695/3289/2737 2696/3291/2738
f 2716/3329/2758 2696/3291/2738 2697/3293/2739
f 2716/3329/2758 2697/3293/2739 2698/3296/2740
f 2716/3329/2758 2698/3296/2740 2699/3298/2741
f 2716/3329/2758 2699/3298/2741 2700/3300/2742
f 2700/3300/2742 2715/3328/2757 2716/3329/2758
f 2715/3328/2757 2700/3300/2742 2701/3302/2743
f 2701/3302/2743 2702/3304/2744 2715/3328/2757
f 2714/3327/2756 2687/3273/2729 2688/3275/2730
f 2687/3273/2729 2714/3327/2756 2713/3326/2755
f 2713/3326/2755 2686/3271/2728 2687/3273/2729
f 2686/3271/2728 2713/3326/2755 2685/3269/2727
