# Blender v2.79 (sub 0) OBJ File: ''
# www.blender.org
mtllib MDL_zeusbig.mtl
o head.001
v -3.375000 36.062500 3.312518
v -2.937500 36.500000 3.187518
v -3.250000 37.250000 2.687518
v -3.375000 34.937500 3.562518
v -2.937500 34.750000 3.625018
v -3.437500 34.062500 3.500015
v -3.000000 33.562500 3.625015
v -3.625000 32.812500 3.250015
v -3.187500 32.125000 3.437515
v -4.125000 31.500000 3.125015
v -3.562500 30.625000 3.250015
v -2.625000 31.625000 3.437515
v -2.687500 30.187500 3.375015
v -1.687500 31.125000 3.500015
v -1.625000 29.750000 3.500015
v -0.875000 29.625000 3.750015
v -0.937500 30.750000 3.687515
v -1.750000 32.750000 3.687515
v -1.000000 32.625000 3.687515
v -1.812500 34.437500 3.687518
v -0.937500 34.250000 3.687515
v -1.812500 35.562500 3.562518
v -0.875000 35.500000 3.375018
v -1.000000 36.500000 3.875018
v -1.937500 36.375000 3.750018
v -2.687500 36.125000 3.375018
v -2.562500 36.562500 3.562518
v -2.875000 37.062500 3.187518
v -2.687500 34.625000 3.687518
v -2.562500 33.000000 3.750015
v -1.125000 40.062500 0.000021
v -1.375000 40.500000 -0.187479
v -1.375000 40.437500 -0.312479
v -1.312500 40.062500 -0.562479
v 1.312500 40.062500 0.000021
v 1.312500 40.437500 -0.312479
v 1.375000 40.500000 -0.187479
v 1.312500 40.062500 -0.562479
v 0.875000 40.937500 1.625021
v 0.562500 41.125000 1.625021
v 0.750000 40.687500 1.750021
v 1.062500 39.687500 2.375018
v 0.812500 39.750000 2.062518
v 1.187500 38.937500 3.000018
v 0.875000 38.875000 2.500018
v 0.812500 38.375000 2.625018
v 1.062500 37.625000 3.625018
v 0.687500 37.562500 3.187518
v 1.000000 36.500000 3.875018
v 0.687500 36.625000 3.375018
v 0.812500 35.500000 3.375018
v 0.812500 35.937500 3.250018
v -0.875000 40.937500 1.625021
v -0.687500 40.687500 1.750021
v -0.562500 41.125000 1.625021
v -1.000000 39.687500 2.375018
v -0.750000 39.750000 2.062518
v -1.250000 38.937500 3.000018
v -0.812500 38.875000 2.500018
v -0.750000 38.375000 2.625018
v -1.062500 37.625000 3.625018
v -0.750000 37.562500 3.187518
v -0.750000 36.625000 3.375018
v -0.812500 35.937500 3.250018
v -1.500000 38.937500 0.437518
v -0.875000 39.937500 0.812519
v -0.750000 39.250000 0.937518
v 0.000000 40.000000 1.000021
v 0.000000 39.375000 1.062518
v 0.937500 39.937500 0.812519
v 0.687500 39.250000 0.937518
v 1.437500 38.937500 0.437518
v -3.187500 39.250000 0.625018
v -1.937500 39.125000 0.312518
v -2.000000 38.125000 0.937518
v -3.312500 38.312500 1.312518
v -2.187500 37.375000 2.062518
v -2.375000 36.812500 2.750018
v -2.000000 36.687500 2.812518
v -1.062500 36.625000 3.000018
v -0.500000 36.500000 3.062518
v -0.500000 37.375000 2.750018
v 0.000000 36.437500 3.000018
v 0.000000 37.312500 2.625018
v -0.500000 38.250000 2.000018
v 0.000000 38.187500 1.937518
v -0.562500 39.312500 1.500018
v 0.000000 39.187500 1.500018
v -1.437500 39.312500 1.125018
v -1.875000 38.250000 1.375018
v -1.875000 37.437500 2.375018
v -1.062500 37.375000 2.687518
v -1.062500 38.250000 1.875018
v 4.437500 37.500000 0.937518
v 3.125000 37.937500 1.125018
v 4.062500 37.375000 1.562518
v 3.437500 37.937500 0.500018
v 2.875000 38.812500 0.687518
v 3.062500 38.750000 0.187518
v 2.625000 39.875000 0.250019
v 2.187500 39.562500 -0.062482
v 2.000000 40.500000 -0.187479
v 1.875000 40.375000 -0.499979
v 2.000000 39.125000 0.312518
v 3.375000 39.312500 0.625018
v 3.000000 38.312500 1.375018
v 2.000000 38.125000 0.687518
v 3.250000 37.125000 2.375018
v 2.187500 37.375000 2.062518
v 2.875000 36.500000 2.750018
v 2.312500 36.875000 2.562518
v 2.687500 36.125000 3.000018
v 2.000000 36.687500 2.750018
v 1.812500 35.750000 3.250018
v 1.062500 36.625000 3.000018
v 0.500000 36.500000 3.062518
v 0.500000 37.375000 2.750018
v 0.500000 38.250000 2.000018
v 0.625000 39.312500 1.500018
v 1.312500 39.312500 0.937518
v 1.687500 38.250000 1.375018
v 1.875000 37.437500 2.375018
v 1.062500 37.375000 2.687518
v 1.062500 38.250000 1.875018
v -0.687500 42.125000 1.375021
v -0.562500 41.562500 1.500021
v -0.312500 41.687500 1.750021
v -0.375000 42.125000 1.812521
v 0.000000 41.687500 1.875021
v 0.000000 42.125000 1.875021
v 0.500000 41.562500 1.500021
v 0.625000 42.125000 1.375021
v 0.312500 42.125000 1.812521
v 0.312500 41.687500 1.750021
v -1.812500 40.625000 1.375021
v -2.187500 39.750000 2.000018
v -2.375000 38.875000 2.812518
v -2.062500 37.625000 3.312518
v -2.562500 35.312500 3.812518
v -3.062500 35.562500 3.625018
v -3.062500 33.687500 3.750015
v -2.687500 33.187500 4.000015
v -1.812500 35.125000 4.000018
v -2.062500 32.937500 4.125015
v -1.062500 32.875000 4.375015
v -0.937500 35.062500 4.062518
v -3.187500 37.562500 2.687518
v -3.250000 38.562500 2.000018
v -3.437500 39.500000 1.312518
v -2.750000 40.437500 0.812521
v -1.375000 41.312500 1.125021
v -1.937500 41.250000 0.437521
v -2.562500 40.312500 0.375021
v -1.875000 41.062500 0.000021
v 1.625000 40.625000 1.375021
v 1.812500 39.750000 2.125018
v 2.062500 38.875000 2.812518
v 2.062500 37.625000 3.312518
v 1.937500 36.375000 3.562518
v 0.875000 35.062500 4.062518
v 1.812500 35.000000 3.750018
v 1.062500 33.125000 4.375015
v 2.125000 33.187500 4.125015
v 2.625000 35.312500 3.562518
v 2.687500 33.437500 3.875015
v 3.062500 33.937500 3.562515
v 3.062500 35.562500 3.312518
v 2.500000 36.562500 3.250018
v 2.875000 37.062500 2.937518
v 3.062500 37.562500 2.687518
v 3.125000 38.562500 2.000018
v 3.187500 39.500000 1.312518
v 2.812500 40.437500 0.812521
v 1.375000 41.312500 1.125021
v 1.937500 41.250000 0.437521
v 3.000000 40.312500 0.187521
v 1.875000 41.062500 0.000021
v -0.500000 30.312500 4.000015
v -0.562500 30.187500 3.750015
v -0.187500 29.000000 3.562515
v -0.375000 30.312500 4.187515
v 0.000000 28.812500 3.562515
v 0.000000 30.312500 4.125015
v -0.437500 33.437500 4.625015
v 0.000000 33.437500 4.687515
v -0.500000 36.500000 4.125018
v 0.000000 36.500000 4.375018
v -0.500000 37.500000 3.812518
v 0.000000 37.500000 4.000018
v 0.000000 38.500000 3.375018
v -0.437500 38.437500 3.187518
v -0.687500 33.375000 4.375015
v -0.750000 33.437500 3.687515
v -0.437500 30.000000 3.437515
v 0.000000 29.875000 3.375015
v -0.500000 33.562500 3.375015
v 0.000000 33.562500 3.250015
v 0.500000 30.312500 4.000015
v 0.125000 29.000000 3.562515
v 0.562500 30.187500 3.750015
v 0.687500 33.375000 4.375015
v 0.750000 33.437500 3.687515
v 0.500000 36.500000 4.125018
v 0.500000 37.500000 3.812518
v 0.500000 38.437500 3.187518
v 0.437500 33.437500 4.625015
v 0.375000 30.312500 4.187515
v 0.437500 30.000000 3.437515
v 0.437500 33.562500 3.375015
v 3.125000 30.875000 3.250015
v 3.875000 31.625000 3.125015
v 3.687500 32.812500 3.062515
v 3.125000 32.187500 3.250015
v 3.625000 34.062500 3.250015
v 3.125000 33.500000 3.375015
v 3.437500 35.437500 3.062518
v 3.000000 35.125000 3.187518
v 2.625000 36.500000 3.187518
v 1.937500 36.312500 3.437518
v 1.750000 34.312500 3.500015
v 0.875000 34.250000 3.562515
v 1.750000 32.750000 3.562515
v 0.937500 32.625000 3.562515
v 1.625000 31.062500 3.500015
v 0.875000 30.812500 3.687515
v 0.875000 29.625000 3.750015
v 1.562500 29.750000 3.500015
v 2.625000 31.625000 3.437515
v 2.437500 30.187500 3.375015
v 2.625000 33.000000 3.562515
v 2.625000 34.687500 3.312518
v 3.437500 38.312500 2.375018
v 2.812500 38.375000 2.687518
v 2.937500 37.562500 2.812518
v 3.687500 37.500000 2.562518
v 3.187500 36.937500 3.250018
v 4.125000 36.875000 3.125018
v 4.187500 37.437500 1.875018
v 3.875000 38.187500 1.687518
v 4.625000 36.750000 2.250018
v -3.000000 37.562500 2.812518
v -2.937500 38.375000 2.687518
v -3.625000 38.312500 2.375018
v -3.687500 37.500000 2.625018
v -4.187500 38.187500 1.875018
v -4.250000 37.437500 2.062518
v -4.125000 36.875000 2.937518
v -3.312500 36.937500 3.000018
v -4.687500 36.750000 2.437518
v -2.562500 39.562500 2.125018
v -1.812500 40.687500 1.687521
v -2.437500 40.562500 1.500021
v -3.187500 39.437500 2.062518
v -3.687500 39.312500 1.375018
v -2.812500 40.437500 0.875021
v -1.937500 41.250000 0.937521
v -1.437500 41.312500 1.250021
v -2.125000 41.125000 0.312521
v 2.437500 39.562500 2.000018
v 3.250000 39.437500 1.750018
v 2.750000 40.562500 1.125021
v 1.875000 40.687500 1.437521
v 1.437500 41.312500 1.250021
v 1.937500 41.250000 0.875021
v 3.062500 40.437500 0.687521
v 3.625000 39.312500 1.187518
v 2.375000 41.125000 0.312521
v 0.312500 41.125000 1.875021
v 0.500000 40.750000 2.125021
v 0.000000 41.187500 2.062521
v 0.000000 40.750000 2.375021
v -0.312500 41.125000 1.875021
v -0.375000 40.750000 2.125021
v -0.500000 39.812500 2.500018
v -0.562500 39.000000 3.000018
v 0.000000 39.812500 2.750018
v 0.000000 39.062500 3.187518
v 0.562500 39.812500 2.500018
v 0.562500 39.000000 3.000018
v -1.375000 39.687500 -0.499982
v -0.375000 39.812500 -2.562482
v -0.562500 39.812500 -2.437482
v -0.437500 39.875000 -2.624982
v -0.562500 39.750000 -2.374982
v -0.312500 40.375000 -2.624979
v -0.187500 40.312500 -2.999979
v -0.125000 40.312500 -2.687479
v -0.312500 40.375000 -2.874979
v -0.375000 39.750000 -2.624982
v -0.375000 39.687500 -2.624982
v -0.562500 39.687500 -2.374982
v -0.562500 39.375000 -2.249982
v -0.437500 39.312500 -2.437482
v -0.687500 39.062500 -2.312482
v -0.437500 39.000000 -2.624982
v -0.875000 38.625000 -2.437482
v -0.750000 38.125000 -2.749982
v -0.625000 38.125000 -2.937482
v -0.625000 39.500000 -2.312482
v -0.812500 39.437500 -2.187482
v -0.937500 39.312500 -2.062482
v -0.937500 38.937500 -2.249982
v -1.125000 38.875000 -2.249982
v -1.312500 39.312500 -1.749982
v -1.062500 40.000000 -2.062482
v -1.312500 39.875000 -1.812482
v -1.000000 40.375000 -2.187479
v -1.187500 40.500000 -2.249979
v -0.875000 40.375000 -2.312479
v -1.000000 40.625000 -2.437479
v -0.750000 40.625000 -2.437479
v -0.625000 40.375000 -2.499979
v -0.937500 40.062500 -2.249982
v -0.812500 40.000000 -2.374982
v -0.750000 40.000000 -2.374982
v -0.375000 39.437500 -2.437482
v -0.625000 39.625000 -1.999982
v -0.375000 39.937500 -2.374982
v -0.437500 39.500000 -1.874982
v -0.375000 39.625000 -1.499982
v -0.375000 40.000000 -1.812479
v -0.187500 40.062500 -1.749979
v -0.187500 40.062500 -2.437482
v 0.000000 40.062500 -2.437482
v 0.000000 40.125000 -1.749979
v -0.187500 39.625000 -1.312482
v 0.000000 39.625000 -1.312482
v -0.500000 39.812500 -2.812482
v -0.375000 39.875000 -2.874982
v -0.687500 39.625000 -2.749982
v -0.500000 41.187500 -2.562479
v -0.375000 41.125000 -2.562479
v -0.500000 41.187500 -2.312479
v -0.625000 41.187500 -2.562479
v -0.625000 41.187500 -2.312479
v -0.812500 41.250000 -2.499979
v -0.812500 41.187500 -2.312479
v -0.875000 41.250000 -2.374979
v -0.750000 39.437500 -2.499982
v -0.812500 39.250000 -2.374982
v -0.812500 39.250000 -2.562482
v -0.875000 38.812500 -2.437482
v -0.250000 41.187500 -2.812479
v -0.500000 41.250000 -2.812479
v -0.500000 41.312500 -2.812479
v -0.250000 41.437500 -2.874979
v -0.437500 41.437500 -2.812479
v -0.875000 41.187500 -2.374979
v -1.062500 41.250000 -2.249979
v -1.062500 41.125000 -2.249979
v -1.187500 41.250000 -2.124979
v -1.187500 41.187500 -2.124979
v -0.812500 41.312500 -2.499979
v -0.625000 41.250000 -2.624979
v -0.437500 41.187500 -2.624979
v -0.250000 41.187500 -2.562479
v -0.250000 41.125000 -2.624979
v -1.562500 40.500000 -1.124979
v -1.437500 40.875000 -1.562479
v -1.437500 40.687500 -1.624979
v -1.250000 40.875000 -2.249979
v -1.625000 40.187500 -1.187479
v -0.125000 41.500000 -2.749979
v -0.500000 41.562500 -2.749979
v -0.500000 41.937500 -2.624979
v -0.125000 41.187500 -2.749979
v -0.562500 41.312500 -2.749979
v -3.125000 39.000000 0.437518
v -2.312500 40.000000 -0.187479
v -2.687500 38.875000 0.000018
v -2.625000 40.187500 0.312521
v -2.062500 40.875000 -0.312479
v -2.187500 41.000000 0.125021
v -1.125000 39.312500 -2.249982
v -1.000000 39.687500 -2.312482
v -0.875000 40.000000 -2.499982
v -0.562500 40.187500 -2.562482
v -0.562500 40.062500 -2.749982
v -0.375000 40.125000 -2.874982
v -0.437500 39.812500 -2.874982
v -0.625000 39.687500 -2.874982
v -1.125000 39.687500 -2.437482
v -1.250000 39.312500 -2.374982
v -0.812500 39.437500 -2.749982
v -0.875000 39.312500 -2.687482
v -0.250000 40.875000 -2.749979
v -0.187500 40.812500 -2.999979
v -0.187500 40.625000 -2.937479
v -0.312500 40.625000 -2.749979
v -0.187500 40.562500 -2.874979
v -0.312500 40.562500 -2.749979
v -0.437500 40.625000 -2.687479
v -0.375000 40.500000 -2.687479
v -0.500000 40.312500 -2.562479
v -0.312500 40.500000 -2.874979
v -0.375000 40.562500 -2.749979
v -0.375000 40.375000 -2.749979
v -0.187500 40.437500 -3.062479
v -0.625000 41.000000 -2.437479
v -0.500000 41.062500 -2.499979
v -0.625000 40.937500 -2.249979
v -0.437500 41.000000 -2.249979
v -0.437500 41.187500 -2.499979
v -0.500000 41.312500 -2.499979
v -0.625000 41.375000 -2.437479
v -0.437500 41.375000 -2.249979
v -0.375000 41.187500 -2.312479
v -0.625000 41.437500 -2.249979
v -0.750000 41.312500 -2.499979
v -0.812500 41.187500 -2.499979
v -0.812500 41.375000 -2.249979
v -0.875000 41.187500 -2.312479
v -0.437500 38.125000 -3.124982
v -0.312500 38.875000 -2.687482
v 0.125000 38.875000 -2.812482
v 0.000000 38.875000 -2.874982
v 0.000000 39.312500 -2.687482
v 0.062500 39.312500 -2.687482
v 0.000000 39.500000 -2.687482
v 0.125000 39.500000 -2.624982
v 0.187500 39.625000 -2.749982
v 0.000000 39.625000 -2.749982
v -0.125000 39.500000 -2.624982
v -0.187500 39.625000 -2.749982
v -0.187500 39.375000 -2.562482
v -0.125000 39.312500 -2.687482
v -1.500000 38.500000 -0.312482
v -1.312500 39.562500 -0.812482
v -1.250000 38.375000 -0.499982
v -1.062500 39.062500 -0.999982
v -1.187500 38.187500 -0.999982
v -0.687500 38.562500 -1.374982
v -0.875000 37.937500 -1.374982
v -0.437500 38.500000 -1.374982
v -0.500000 37.875000 -1.374982
v 0.000000 38.312500 -1.499982
v 0.000000 37.812500 -1.562482
v 0.375000 38.500000 -1.374982
v 0.437500 37.875000 -1.374982
v 0.687500 38.562500 -1.374982
v 0.875000 37.937500 -1.374982
v 1.062500 39.062500 -0.999982
v 1.187500 38.187500 -0.999982
v 1.250000 39.562500 -0.874982
v 1.250000 38.375000 -0.499982
v 1.500000 39.687500 -0.499982
v 1.437500 38.500000 -0.312482
v -0.187500 39.687500 -2.624982
v -0.187500 39.437500 -2.437482
v 0.000000 39.437500 -2.499982
v 0.000000 39.687500 -2.624982
v 0.125000 39.437500 -2.437482
v 0.187500 39.687500 -2.624982
v 0.000000 39.812500 -2.687482
v -0.187500 39.812500 -2.624982
v 0.125000 39.812500 -2.624982
v 0.000000 39.750000 -2.749982
v -0.187500 39.750000 -2.687482
v 0.125000 39.750000 -2.687482
v 0.750000 40.000000 -2.374982
v 0.625000 39.562500 -2.312482
v 0.937500 39.625000 -2.312482
v -1.687500 41.125000 -0.874979
v -1.750000 41.375000 -0.687479
v -1.625000 41.500000 -0.999979
v -1.625000 41.437500 -1.562479
v -1.312500 41.187500 -1.624979
v -1.187500 41.437500 -2.312479
v -0.187500 39.937500 -2.749982
v 0.000000 40.062500 -2.874982
v 0.000000 39.937500 -2.749982
v -0.125000 39.937500 -2.937482
v -0.187500 39.812500 -2.687482
v 0.687500 39.312500 -2.562482
v 0.937500 38.937500 -2.249982
v 0.812500 39.125000 -2.249982
v 0.750000 38.812500 -2.499982
v 1.000000 39.250000 -2.312482
v 1.062500 38.812500 -2.312482
v 0.562500 39.812500 -2.437482
v 0.750000 39.500000 -2.749982
v 0.687500 39.437500 -2.499982
v 0.625000 39.625000 -2.749982
v 0.812500 40.000000 -2.374982
v 0.812500 39.437500 -2.187482
v 0.437500 41.187500 -2.562479
v 0.437500 41.187500 -2.312479
v 0.312500 41.125000 -2.562479
v 0.562500 41.187500 -2.562479
v 0.625000 41.187500 -2.312479
v 0.750000 41.250000 -2.499979
v 0.750000 41.187500 -2.312479
v 0.875000 41.250000 -2.374979
v 0.937500 39.312500 -2.062482
v 1.312500 39.250000 -1.749982
v 1.125000 40.000000 -2.187482
v 1.312500 39.875000 -1.937482
v 1.062500 40.375000 -2.187479
v 1.187500 40.500000 -2.249979
v 1.000000 40.625000 -2.437479
v 0.937500 40.375000 -2.312479
v 1.000000 40.062500 -2.249982
v 0.562500 40.375000 -2.499979
v 0.562500 39.375000 -2.312482
v 0.625000 39.062500 -2.312482
v -0.125000 40.187500 -2.749982
v -0.125000 40.062500 -2.874982
v 0.000000 40.125000 -2.749982
v 0.000000 40.000000 -2.874982
v -0.187500 39.875000 -2.937482
v -0.125000 40.625000 -3.062479
v 0.000000 40.625000 -3.124979
v 0.000000 40.875000 -3.062479
v 0.187500 40.812500 -2.999979
v 0.125000 41.062500 -2.937479
v 0.000000 41.062500 -2.937479
v -0.125000 41.062500 -2.937479
v -0.375000 40.875000 -2.624979
v -0.500000 41.000000 -2.562479
v -0.687500 40.937500 -2.562479
v -0.750000 40.812500 -2.562479
v -0.937500 41.000000 -2.374979
v -1.000000 40.812500 -2.437479
v 0.125000 40.625000 -3.062479
v 0.125000 40.500000 -3.124979
v 0.000000 40.500000 -3.124979
v 0.062500 40.312500 -3.124979
v 0.000000 40.312500 -3.187479
v 0.062500 40.250000 -3.062479
v 0.000000 40.187500 -3.124982
v 0.062500 40.187500 -2.937482
v 0.000000 40.187500 -2.937482
v 0.062500 40.187500 -2.749982
v -0.062500 40.187500 -2.937482
v -0.062500 40.250000 -3.062479
v -0.125000 40.312500 -3.124979
v -0.187500 40.500000 -3.124979
v 0.875000 41.187500 -2.374979
v 1.000000 41.125000 -2.249979
v 1.000000 41.250000 -2.249979
v 0.812500 41.312500 -2.499979
v 0.562500 41.250000 -2.624979
v 0.437500 41.187500 -2.624979
v 0.625000 39.625000 -1.999982
v 0.437500 39.500000 -1.874982
v 0.375000 39.625000 -1.499982
v 0.312500 40.000000 -1.812479
v 0.125000 39.625000 -1.312482
v 0.187500 40.062500 -1.749979
v 3.312500 38.875000 0.125018
v 2.750000 38.687500 -0.187482
v 2.437500 39.937500 -0.249979
v 2.750000 40.062500 0.125021
v 2.187500 40.875000 -0.499979
v 2.187500 41.062500 0.000021
v 1.187500 39.312500 -2.562482
v 1.062500 39.625000 -2.562482
v 0.812500 39.312500 -2.687482
v 0.500000 39.750000 -2.437482
v 0.500000 39.750000 -2.374982
v 0.312500 39.500000 -2.437482
v 0.312500 39.812500 -2.562482
v 0.250000 39.625000 -2.249982
v -1.187500 41.437500 -2.437479
v -1.000000 41.562500 -2.562479
v -1.000000 41.437500 -2.624979
v -1.125000 41.750000 -2.437479
v -0.937500 41.750000 -2.624979
v 0.875000 39.937500 -2.499982
v 0.750000 38.625000 -2.437482
v 0.437500 39.000000 -2.624982
v 0.750000 38.125000 -2.749982
v 0.562500 38.125000 -2.937482
v 0.437500 38.125000 -3.124982
v 0.312500 38.875000 -2.687482
v 0.187500 39.375000 -2.562482
v 0.375000 39.312500 -2.437482
v 0.375000 39.687500 -2.624982
v 0.500000 39.687500 -2.374982
v 0.375000 39.750000 -2.624982
v -1.437500 40.500000 -0.937479
v -1.437500 40.812500 -0.937479
v -1.562500 41.125000 -1.062479
v -1.375000 41.125000 -0.687479
v -1.562500 40.000000 -0.749981
v -1.687500 40.375000 -0.499979
v -1.937500 40.687500 -0.249979
v -0.500000 42.312500 -2.562479
v -0.812500 42.062500 -2.437479
v -0.812500 42.375000 -2.374979
v -1.062500 42.000000 -2.124979
v -1.000000 42.375000 -1.999979
v -1.062500 42.437500 -1.937479
v -1.250000 41.562500 -1.687479
v -1.187500 41.625000 -2.249979
v -0.875000 41.750000 -2.562479
v -0.875000 41.500000 -2.624979
v 0.562500 41.000000 -2.437479
v 0.437500 41.062500 -2.499979
v 0.562500 40.937500 -2.249979
v 0.375000 41.000000 -2.249979
v 0.375000 41.125000 -2.499979
v 0.437500 41.312500 -2.499979
v 0.562500 41.375000 -2.437479
v 0.375000 41.375000 -2.249979
v 0.312500 41.187500 -2.312479
v 0.562500 41.437500 -2.249979
v 0.750000 41.375000 -2.249979
v 0.687500 41.312500 -2.499979
v 0.875000 41.187500 -2.312479
v 0.750000 41.187500 -2.499979
v 1.125000 41.437500 -2.499979
v 0.937500 41.625000 -2.562479
v 1.062500 41.750000 -2.437479
v 1.000000 41.500000 -2.562479
v 0.625000 41.312500 -2.749979
v 0.625000 41.375000 -2.749979
v 0.875000 41.812500 -2.562479
v 0.625000 41.500000 -2.749979
v 0.437500 41.937500 -2.624979
v 0.875000 41.750000 -2.562479
v 0.500000 41.562500 -2.749979
v 0.812500 42.062500 -2.437479
v 1.062500 42.000000 -2.124979
v 1.125000 41.625000 -2.249979
v 0.875000 41.500000 -2.624979
v 1.125000 41.437500 -2.312479
v 0.562500 41.312500 -2.749979
v 0.562500 40.187500 -2.562482
v 1.562500 40.500000 -1.124979
v 1.375000 40.687500 -1.624979
v 1.437500 40.875000 -1.562479
v 0.500000 40.062500 -2.749982
v 0.500000 39.812500 -2.812482
v 0.750000 41.062500 -2.499979
v 0.625000 41.000000 -2.562479
v 0.250000 41.250000 -2.812479
v 0.437500 41.312500 -2.812479
v 0.500000 41.250000 -2.812479
v 0.187500 41.437500 -2.874979
v 0.437500 41.437500 -2.812479
v -0.812500 41.062500 -2.499979
v -0.625000 41.062500 -2.562479
v 0.187500 41.125000 -2.624979
v 0.187500 41.187500 -2.562479
v 0.437500 41.000000 -2.562479
v 0.375000 40.875000 -2.624979
v 0.250000 40.875000 -2.749979
v 0.125000 41.187500 -2.749979
v 0.437500 41.250000 -2.812479
v 0.062500 41.500000 -2.749979
v 0.187500 40.625000 -2.937479
v 0.187500 40.437500 -3.062479
v 0.125000 40.312500 -2.999979
v 0.125000 40.312500 -2.687479
v 0.250000 40.375000 -2.874979
v 0.312500 40.375000 -2.624979
v 0.375000 40.375000 -2.749979
v 0.125000 40.562500 -2.874979
v 0.250000 40.625000 -2.749979
v 0.437500 40.625000 -2.687479
v 0.250000 40.562500 -2.749979
v 0.312500 40.500000 -2.687479
v 0.500000 40.312500 -2.562479
v 1.562500 41.125000 -1.062479
v 1.562500 41.437500 -1.562479
v 1.312500 41.187500 -1.624979
v 0.312500 40.125000 -2.812482
v 0.062500 40.062500 -2.874982
v 0.125000 39.937500 -2.937482
v 0.125000 39.875000 -2.937482
v 0.375000 39.875000 -2.874982
v 0.375000 39.812500 -2.937482
v 1.187500 41.250000 -2.124979
v 1.250000 41.562500 -1.687479
v 1.000000 42.437500 -1.937479
v 1.000000 42.375000 -1.999979
v 0.750000 42.375000 -2.374979
v 0.500000 42.312500 -2.562479
v 0.000000 41.812500 -2.687479
v 0.000000 42.312500 -2.562479
v 0.375000 39.875000 -2.624982
v 0.125000 39.937500 -2.749982
v 0.125000 39.812500 -2.687482
v 0.312500 39.812500 -2.624982
v 0.312500 39.937500 -2.437482
v 0.125000 40.062500 -2.437482
v 1.187500 41.187500 -2.124979
v 0.875000 41.000000 -2.374979
v 0.687500 40.937500 -2.562479
v 0.687500 40.812500 -2.562479
v 0.750000 40.625000 -2.437479
v 1.000000 40.875000 -2.437479
v 1.187500 40.812500 -2.249979
v 0.250000 40.500000 -2.874979
v 0.312500 40.562500 -2.749979
v -0.750000 41.062500 -2.499979
v -0.812500 41.000000 -2.249979
v 0.687500 41.062500 -2.499979
v 0.750000 41.000000 -2.249979
v -0.250000 39.625000 -2.249982
v 0.562500 39.625000 -2.812482
v -0.687500 41.312500 -2.749979
v -0.687500 41.375000 -2.749979
v -0.687500 41.500000 -2.812479
v -0.125000 38.875000 -2.812482
v 0.000000 41.437500 -2.749979
v 0.000000 41.250000 -2.812479
v -2.500000 37.000000 -2.124982
v -2.562500 38.312500 -0.999982
v -2.375000 37.125000 -2.312482
v -1.437500 40.125000 -0.874979
v -1.625000 39.375000 -0.749982
v 2.375000 37.125000 -2.249982
v 2.562500 38.312500 -0.937482
v 2.500000 36.937500 -1.937482
v 1.500000 39.375000 -0.749982
v 1.375000 40.125000 -0.874979
v -1.875000 40.687500 -0.937479
v -1.812500 40.812500 -1.249979
v -1.875000 40.875000 -1.062479
v -1.750000 40.625000 -1.312479
v 1.875000 40.812500 -1.249979
v 2.000000 40.687500 -0.937479
v 2.000000 40.875000 -1.062479
v 1.875000 40.625000 -1.312479
v -1.250000 34.437500 -4.187482
v -1.312500 35.062500 -3.562482
v -1.187500 35.750000 -3.874982
v -1.250000 34.312500 -3.937485
v 1.312500 35.062500 -3.562482
v 1.250000 34.437500 -4.124982
v 1.125000 35.750000 -3.812482
v 1.187500 34.312500 -3.874985
v 3.125000 35.437500 -2.562482
v 2.125000 36.687500 -1.937482
v 3.125000 35.500000 -2.874982
v 2.125000 36.500000 -2.187482
v 2.875000 35.437500 -2.687482
v 3.187500 34.687500 -3.312482
v 3.062500 34.625000 -3.187482
v 3.062500 34.375000 -3.249985
v 3.187500 34.375000 -3.374985
v 3.250000 34.625000 -3.124982
v 3.250000 34.312500 -3.187485
v -2.937500 35.437500 -2.937482
v -2.187500 36.687500 -1.999982
v -2.937500 35.500000 -3.187482
v -2.125000 36.500000 -2.249982
v -2.687500 35.437500 -3.062482
v -3.062500 34.687500 -3.749982
v -3.062500 34.625000 -3.562482
v -3.062500 34.000000 -4.124982
v -3.125000 33.937500 -3.937485
v -3.062500 33.500000 -4.249985
v -3.187500 33.437500 -4.124985
v -3.250000 33.125000 -4.312485
v -3.000000 33.062500 -4.437485
v -2.750000 33.125000 -4.312485
v -2.875000 33.500000 -4.187485
v -2.937500 33.937500 -3.999985
v -2.875000 34.625000 -3.624982
v 0.812500 38.187500 -2.812482
v 1.250000 37.250000 -2.999982
v 1.250000 38.250000 -2.562482
v 1.625000 37.312500 -2.812482
v 1.500000 38.500000 -1.812482
v 1.750000 39.187500 -1.124982
v 1.625000 39.812500 -1.187482
v 1.625000 40.187500 -1.187479
v 1.437500 40.500000 -0.937479
v 2.375000 38.125000 -0.437482
v -1.937500 40.875000 -1.249979
v -2.062500 40.687500 -1.187479
v -1.937500 40.875000 -1.124979
v -2.125000 39.937500 -1.124979
v -1.937500 39.875000 -1.187482
v -2.250000 39.187500 -1.124982
v -2.000000 39.187500 -1.187482
v -2.500000 38.437500 -1.249982
v -2.312500 38.375000 -1.374982
v -2.875000 37.750000 -1.687482
v -3.000000 37.812500 -1.437482
v -3.062500 37.687500 -1.124982
v -2.562500 38.375000 -1.124982
v -2.125000 39.187500 -0.999982
v -2.062500 39.875000 -0.937481
v -0.375000 42.812500 -2.187479
v -0.375000 42.812500 -2.562479
v 0.000000 42.687500 -2.312479
v -0.625000 42.750000 -2.124979
v -0.750000 42.812500 -2.187479
v -0.687500 42.687500 -2.499979
v -1.187500 42.375000 -2.312479
v -1.062500 42.312500 -2.562479
v -1.312500 41.750000 -2.187479
v -1.250000 41.625000 -2.499979
v -1.375000 41.250000 -2.187479
v -1.375000 41.187500 -2.437479
v -1.500000 40.812500 -2.062479
v -1.500000 40.750000 -2.187479
v -1.687500 40.125000 -1.812479
v -1.625000 40.062500 -1.937479
v -0.937500 42.750000 -2.187479
v -1.125000 42.625000 -2.062479
v -0.937500 42.875000 -1.937479
v -1.000000 42.437500 -2.187479
v -1.500000 42.000000 -2.062479
v -1.250000 41.875000 -2.187479
v -1.750000 41.062500 -1.937479
v -1.437500 41.000000 -2.124979
v -2.000000 40.312500 -1.749979
v -1.625000 40.187500 -1.874979
v -0.125000 42.937500 -2.312479
v -0.062500 43.000000 -2.374979
v -0.250000 43.187500 -2.249979
v -0.125000 43.312500 -2.312479
v -0.312500 43.375000 -1.937479
v -0.187500 43.500000 -2.062479
v -0.500000 43.687500 -1.312479
v -0.375000 43.875000 -1.374979
v -0.625000 43.875000 -0.374979
v -0.500000 44.062500 -0.437479
v -0.625000 43.687500 0.125021
v -0.437500 43.937500 0.250021
v 0.000000 44.250000 -0.437479
v 0.000000 44.000000 -1.437479
v 0.000000 43.562500 -2.062479
v 0.000000 43.312500 -2.312479
v 0.000000 43.000000 -2.374979
v 0.000000 44.062500 0.312521
v -0.437500 43.500000 0.937521
v -0.687500 43.375000 0.750021
v -0.437500 42.937500 1.437521
v -0.687500 42.750000 1.250021
v 0.000000 43.000000 1.562521
v 0.000000 43.562500 1.062521
v -0.375000 43.000000 -2.312479
v -0.562500 43.062500 -2.187479
v -0.625000 43.187500 -2.062479
v -1.000000 43.000000 -1.874979
v -1.125000 42.437500 -1.749979
v -1.500000 41.812500 -1.624979
v -1.562500 42.312500 -0.999979
v -1.500000 42.812500 -0.999979
v -1.250000 42.687500 -1.687479
v -2.000000 41.750000 -0.499979
v -1.750000 41.312500 -0.187479
v -1.437500 41.000000 -0.374979
v -2.000000 42.000000 -0.062479
v -1.875000 42.062500 0.500021
v -1.312500 42.187500 0.937521
v -0.875000 41.375000 1.437521
v -0.937500 42.250000 1.312521
v -0.937500 38.250000 -2.749982
v -1.312500 37.250000 -2.937482
v -1.250000 38.250000 -2.437482
v -1.625000 37.312500 -2.687482
v -1.625000 35.937500 -3.499982
v -2.062500 36.250000 -3.124982
v -1.750000 35.375000 -3.749982
v -2.187500 35.625000 -3.437482
v -2.312500 34.937500 -3.749982
v -3.000000 35.187500 -3.437482
v -2.750000 36.062500 -2.999982
v -1.937500 37.687500 -2.062482
v -2.687500 36.437500 -2.437482
v -2.937500 37.437500 -1.062482
v -2.875000 36.062500 -2.749982
v -3.437500 37.000000 -1.937482
v -1.812500 34.625000 -4.062482
v -1.312500 34.375000 -4.187482
v -1.250000 35.062500 -4.062482
v -1.000000 37.187500 -3.312482
v -0.812500 37.312500 -3.499982
v -0.562500 37.437500 -3.624982
v -1.000000 35.750000 -4.062482
v -1.000000 34.312500 -4.374982
v -1.000000 33.750000 -4.437482
v -1.312500 33.937500 -4.187482
v -1.312500 33.437500 -4.312485
v -1.000000 33.187500 -4.562485
v -0.687500 33.125000 -4.624985
v -0.562500 33.687500 -4.499982
v -0.562500 34.250000 -4.437482
v -0.625000 35.687500 -4.312482
v -1.687500 39.750000 -1.187482
v -0.562500 42.562500 -2.374979
v 0.000000 42.562500 -2.437479
v 0.500000 42.562500 -2.374979
v 0.625000 42.750000 -2.124979
v 0.312500 42.812500 -2.187479
v 0.375000 42.812500 -2.562479
v 0.750000 42.812500 -2.187479
v 0.625000 42.625000 -2.562479
v 0.875000 42.375000 -2.374979
v 0.687500 42.500000 -2.624979
v 1.000000 41.750000 -2.562479
v 0.875000 41.625000 -2.812479
v 1.062500 41.250000 -2.499979
v 0.937500 41.187500 -2.812479
v 1.250000 40.875000 -2.437479
v 1.125000 40.812500 -2.624979
v 1.375000 40.312500 -2.249979
v 1.312500 40.062500 -2.562482
v 0.875000 42.750000 -2.187479
v 0.937500 42.875000 -1.999979
v 1.375000 42.312500 -1.874979
v 1.125000 42.062500 -1.999979
v 1.687500 41.375000 -1.749979
v 1.437500 41.250000 -1.937479
v 1.812500 40.500000 -1.687479
v 1.562500 40.375000 -1.874979
v 1.937500 39.625000 -1.624982
v 1.500000 39.437500 -1.812482
v 1.625000 41.500000 -0.999979
v 1.750000 41.375000 -0.687479
v 1.937500 41.750000 -0.499979
v 1.875000 41.312500 -0.187479
v 2.062500 42.000000 -0.062479
v 1.812500 42.062500 0.500021
v 1.312500 42.187500 0.937521
v 0.875000 41.312500 1.437521
v 0.937500 42.250000 1.312521
v 1.437500 41.000000 -0.374979
v 1.375000 41.125000 -0.687479
v 1.437500 40.812500 -0.937479
v 0.125000 42.937500 -2.312479
v 0.062500 43.000000 -2.374979
v 0.250000 43.187500 -2.249979
v 0.125000 43.312500 -2.312479
v 0.312500 43.375000 -1.937479
v 0.187500 43.500000 -2.062479
v 0.312500 43.875000 -1.374979
v 0.500000 43.687500 -1.312479
v 0.437500 44.062500 -0.437479
v 0.625000 43.875000 -0.374979
v 0.437500 43.937500 0.250021
v 0.625000 43.687500 0.125021
v 0.437500 43.500000 0.937521
v 0.687500 43.375000 0.750021
v 0.375000 42.937500 1.437521
v 0.687500 42.750000 1.250021
v 1.437500 41.812500 -1.624979
v 1.500000 42.312500 -0.999979
v 1.562500 42.812500 -0.999979
v 1.312500 42.687500 -1.687479
v 1.250000 42.500000 -1.812479
v 0.937500 43.000000 -1.874979
v 0.625000 43.187500 -2.062479
v 0.562500 43.062500 -2.187479
v 0.312500 43.000000 -2.312479
v 2.000000 40.875000 -1.249979
v 2.187500 40.687500 -1.187479
v 2.062500 40.875000 -1.124979
v 2.250000 39.937500 -1.124979
v 2.000000 39.875000 -1.249982
v 2.312500 39.250000 -1.187482
v 2.187500 39.187500 -1.249982
v 2.750000 38.500000 -1.374982
v 2.437500 38.375000 -1.437482
v 2.937500 37.875000 -1.624982
v 3.125000 37.937500 -1.499982
v 3.000000 37.812500 -1.249982
v 2.687500 38.437500 -1.187482
v 2.250000 39.187500 -1.062482
v 2.187500 39.875000 -0.999981
v 1.375000 38.750000 -0.874982
v 1.000000 37.937500 -1.999982
v 0.437500 37.750000 -2.249982
v 0.000000 37.625000 -2.312482
v 0.500000 36.812500 -2.999982
v 0.000000 36.687500 -2.999982
v 0.375000 35.125000 -4.062482
v 0.000000 35.000000 -3.937482
v 0.000000 33.750000 -3.999985
v 0.250000 33.812500 -4.187482
v 0.562500 33.937500 -4.187482
v 0.812500 35.250000 -3.874982
v 0.812500 33.937500 -4.124982
v 1.500000 37.312500 -2.062482
v 1.750000 35.375000 -3.249982
v 2.000000 35.812500 -2.874982
v 0.937500 36.937500 -2.874982
v 3.062500 33.812500 -3.437485
v 3.250000 33.812500 -3.312485
v 3.062500 33.125000 -3.437485
v 3.312500 33.187500 -3.312485
v 3.062500 32.750000 -3.437485
v 3.375000 32.812500 -3.249985
v 3.125000 35.375000 -2.312482
v 2.812500 37.375000 -0.499982
v 3.562500 36.937500 -0.874982
v 2.562500 36.000000 -1.999982
v 3.937500 37.187500 0.000018
v 2.937500 37.375000 -0.124982
v 2.437500 38.250000 -0.249982
v 1.875000 39.187500 -0.562482
v 1.687500 40.000000 -0.937481
v 2.937500 35.937500 -2.437482
v 2.812500 37.500000 -1.062482
v 3.062500 37.187500 -1.374982
v 2.687500 36.625000 -2.374982
v 1.937500 37.687500 -2.062482
v 2.000000 36.250000 -3.062482
v 1.625000 35.937500 -3.437482
v 0.937500 37.187500 -3.249982
v 0.812500 37.312500 -3.499982
v 0.500000 37.437500 -3.624982
v 0.562500 35.687500 -4.249982
v 0.937500 35.750000 -4.062482
v 1.250000 35.062500 -3.937482
v 1.750000 35.375000 -3.687482
v 1.375000 34.375000 -4.062482
v 1.937500 34.625000 -3.999982
v 2.312500 35.625000 -3.374982
v 2.562500 34.937500 -3.624982
v 3.250000 35.187500 -3.312482
v 2.875000 35.875000 -2.937482
v -2.812500 32.937500 -4.312485
v -3.125000 33.312500 -4.062485
v -3.250000 32.875000 -4.062485
v -2.875000 33.312500 -4.187485
v -2.937500 36.062500 -2.249982
v -3.375000 37.250000 -0.874982
v -2.812500 37.500000 -0.499982
v -2.562500 36.312500 -2.062482
v -2.375000 38.125000 -0.437482
v 0.437500 39.500000 -1.749982
v 0.375000 39.750000 -2.249982
v 0.437500 39.812500 -1.812482
v 0.375000 39.437500 -2.249982
v 0.187500 39.750000 -2.437482
v 0.187500 39.375000 -2.437482
v 0.000000 39.812500 -2.499982
v 0.000000 39.375000 -2.499982
v -0.187500 39.750000 -2.437482
v -0.187500 39.375000 -2.437482
v -0.437500 39.750000 -2.249982
v -0.437500 39.437500 -2.249982
v -0.437500 39.812500 -1.812482
v -0.437500 39.500000 -1.749982
v 0.437500 40.062500 -1.812479
v 0.437500 39.750000 -1.812482
v 0.375000 40.062500 -2.312482
v 0.187500 39.687500 -2.499982
v 0.187500 40.062500 -2.562482
v 0.000000 39.625000 -2.499982
v 0.000000 40.062500 -2.562482
v -0.187500 39.687500 -2.499982
v -0.187500 40.062500 -2.562482
v -0.437500 40.062500 -2.312482
v -0.500000 39.750000 -1.812482
v -0.500000 40.062500 -1.812479
v -2.812500 37.687500 -1.624982
v -3.000000 37.625000 -1.124982
v -1.750000 42.250000 -0.937479
v -1.625000 41.937500 -1.499979
v -1.812500 41.625000 -0.937479
v -1.687500 41.562500 -1.437479
v -1.687500 41.437500 -1.124979
v -1.750000 41.437500 -1.312479
v -1.437500 40.000000 -0.437479
v -1.625000 40.375000 -0.249979
v -1.625000 41.000000 -0.374979
v -1.562500 41.125000 -0.812479
v -1.562500 40.750000 -0.624979
v -1.625000 40.437500 -0.562479
v -1.562500 40.062500 -0.499979
v 2.937500 37.812500 -1.562482
v 2.937500 37.750000 -1.249982
v 1.625000 41.937500 -1.499979
v 1.875000 42.250000 -0.937479
v 1.687500 41.562500 -1.437479
v 1.937500 41.625000 -0.937479
v 1.750000 41.437500 -1.312479
v 1.812500 41.437500 -1.062479
v 1.437500 40.000000 -0.437479
v 1.625000 40.375000 -0.249979
v 1.625000 41.000000 -0.374979
v 1.500000 41.125000 -0.812479
v 1.562500 40.750000 -0.624979
v 1.562500 40.437500 -0.562479
v 1.500000 40.062500 -0.499979
v -0.375000 31.125000 -4.312485
v -0.625000 31.562500 -4.312485
v -0.687500 31.125000 -4.312485
v -0.375000 31.562500 -4.312485
v -0.625000 32.437500 -4.312485
v -0.375000 32.437500 -4.312485
v -0.625000 33.125000 -4.249985
v -0.312500 33.062500 -4.249985
v -0.562500 33.937500 -4.187482
v -0.312500 33.812500 -4.187482
v 0.312500 31.125000 -4.249985
v 0.687500 31.125000 -4.312485
v 0.562500 31.562500 -4.249985
v 0.375000 31.562500 -4.249985
v 0.562500 32.437500 -4.249985
v 0.312500 32.437500 -4.312485
v 0.562500 33.125000 -4.249985
v 0.312500 33.062500 -4.249985
v 0.000000 33.000000 -4.124985
v 0.937500 34.312500 -4.312482
v 1.250000 33.937500 -4.124982
v 0.937500 33.750000 -4.374982
v 1.250000 33.437500 -4.249985
v 1.000000 33.187500 -4.499985
v 0.687500 33.125000 -4.624985
v 0.562500 33.687500 -4.499982
v 0.500000 34.250000 -4.437482
v 0.375000 35.687500 -4.562482
v 0.312500 37.375000 -3.812482
v 0.000000 35.750000 -4.624982
v 0.000000 37.312500 -3.874982
v -0.375000 35.687500 -4.562482
v -0.375000 37.375000 -3.812482
v -0.312500 34.250000 -4.749982
v 0.000000 34.250000 -4.812482
v 0.250000 34.250000 -4.687482
v -1.750000 39.187500 -1.187482
v -1.500000 38.500000 -1.812482
v -1.812500 35.375000 -3.312482
v -1.500000 37.312500 -2.124982
v -2.062500 35.812500 -2.937482
v -0.875000 35.250000 -3.937482
v -0.875000 33.937500 -4.187482
v -0.375000 35.125000 -4.062482
v -0.500000 36.812500 -2.999982
v -0.500000 37.750000 -2.249982
v -1.000000 37.937500 -1.999982
v -1.500000 38.812500 -0.874982
v -0.937500 36.937500 -2.874982
v -0.187500 39.625000 -2.374982
v 0.000000 39.625000 -2.437482
v 0.125000 39.625000 -2.374982
v 0.312500 39.500000 -1.687482
v 0.125000 39.562500 -1.624982
v 0.000000 39.562500 -1.562482
v -0.187500 39.562500 -1.624982
v -0.312500 39.500000 -1.687482
v 1.312500 43.000000 -1.187479
v 1.125000 43.312500 -1.187479
v 1.312500 42.937500 -1.124979
v 1.625000 42.812500 -1.187479
v 1.937500 42.187500 -1.124979
v 1.937500 41.625000 -1.187479
v 1.937500 41.500000 -1.187479
v 1.875000 41.625000 -1.374979
v 1.812500 41.437500 -1.312479
v 1.750000 42.062500 -1.499979
v 1.437500 42.750000 -1.562479
v 1.062500 43.125000 -1.624979
v 0.625000 43.375000 -1.812479
v 0.812500 43.562500 -1.312479
v 0.937500 43.625000 -1.124979
v 1.062500 43.750000 -0.374979
v 0.937500 43.687500 0.187521
v 0.875000 43.375000 0.812521
v 0.875000 43.000000 0.937521
v 0.875000 42.750000 1.250021
v 0.625000 41.437500 1.500021
v 0.937500 41.375000 1.562521
v 0.687500 40.937500 1.750021
v 1.000000 40.875000 1.812521
v 1.125000 39.937500 2.750018
v 1.437500 39.937500 2.812518
v 1.937500 39.812500 2.375018
v 1.562500 40.750000 1.562521
v 1.375000 41.312500 1.250021
v 1.375000 42.750000 0.875021
v 1.250000 43.062500 0.625021
v 1.250000 43.375000 0.562521
v 1.375000 43.312500 0.125021
v 1.500000 43.437500 -0.437479
v 1.312500 43.375000 -1.124979
v 1.375000 43.062500 -0.999979
v 1.687500 42.812500 -0.874979
v 1.875000 42.437500 -0.812479
v 2.062500 41.750000 -0.687479
v 2.000000 40.625000 -0.812479
v 2.062500 39.750000 -0.562481
v 2.375000 38.500000 -0.437482
v 3.062500 38.000000 -0.374982
v 3.437500 38.125000 0.000018
v 3.375000 37.312500 -0.562482
v 4.125000 37.312500 -0.249982
v 3.812500 36.937500 -1.062482
v 4.437500 36.875000 -0.562482
v 4.937500 36.437500 -0.937482
v 4.062500 36.312500 -1.374982
v 3.312500 35.875000 -1.499982
v 3.000000 36.687500 -1.124982
v 2.812500 37.250000 -0.874982
v 2.562500 37.875000 -0.499982
v 1.875000 42.875000 -0.312479
v 1.562500 43.062500 -0.374979
v 1.437500 43.062500 0.187521
v 1.750000 42.750000 0.312521
v -0.375000 42.937500 -2.499979
v -0.750000 42.812500 -2.437479
v -1.125000 42.375000 -2.499979
v -1.375000 41.750000 -2.374979
v -1.500000 41.250000 -2.312479
v -1.625000 40.750000 -2.187479
v -1.562500 40.687500 -2.312479
v -1.750000 40.125000 -2.187482
v -1.812500 40.187500 -1.937479
v -1.812500 40.187500 -1.874979
v -1.562500 40.750000 -2.124979
v -1.562500 42.812500 -1.187479
v -1.125000 43.312500 -1.187479
v -1.812500 42.187500 -1.124979
v -1.812500 41.625000 -1.187479
v -1.875000 41.500000 -1.187479
v -1.875000 41.625000 -1.374979
v -1.812500 41.437500 -1.312479
v -1.750000 42.062500 -1.437479
v -1.375000 42.750000 -1.562479
v -1.125000 43.125000 -1.624979
v -0.625000 43.375000 -1.812479
v -0.812500 43.562500 -1.312479
v -0.875000 43.687500 -1.124979
v -1.312500 43.375000 -1.124979
v -1.437500 43.000000 -0.999979
v -1.750000 42.812500 -0.874979
v -1.937500 42.437500 -0.812479
v -2.000000 41.812500 -0.624979
v -1.687500 40.562500 -0.687479
v -1.875000 39.812500 -0.374981
v -2.125000 38.625000 -0.312482
v -3.312500 38.187500 -0.249982
v -3.750000 38.187500 0.312518
v -4.062500 37.625000 -0.624982
v -4.437500 37.562500 0.000018
v -5.125000 37.000000 -0.437482
v -4.625000 37.125000 -1.062482
v -3.812500 36.812500 -1.374982
v -3.437500 37.187500 -0.937482
v -2.687500 37.875000 -0.437482
v -1.875000 42.812500 -0.312479
v -1.562500 43.000000 -0.374979
v -1.562500 43.375000 -0.437479
v -1.062500 43.812500 -0.374979
v -0.937500 43.687500 0.187521
v -0.937500 43.375000 0.812521
v -0.937500 43.000000 1.000021
v -0.937500 42.750000 1.250021
v -0.687500 41.437500 1.500021
v -1.000000 41.375000 1.562521
v -1.375000 41.312500 1.250021
v -1.250000 40.875000 1.812521
v -1.625000 40.750000 1.562521
v -2.187500 39.687500 2.312518
v -1.687500 39.812500 2.625018
v -0.687500 40.937500 1.750021
v -1.000000 39.687500 2.562518
v -1.312500 42.750000 0.875021
v -1.250000 42.937500 0.750021
v -1.250000 43.187500 0.625021
v -1.437500 43.312500 0.125021
v -1.500000 42.937500 0.187521
v -1.812500 42.687500 0.312521
v -1.312500 38.875000 -2.437482
v -0.937500 38.812500 -2.624982
v 0.312500 42.937500 -2.499979
v 0.687500 42.750000 -2.499979
v 0.812500 42.437500 -2.562479
v 0.937500 41.750000 -2.687479
v 1.125000 41.250000 -2.687479
v 1.375000 40.750000 -2.624979
v 1.250000 40.687500 -2.749979
v 1.437500 40.187500 -2.562482
v 1.500000 40.187500 -2.374982
v 1.500000 40.312500 -2.124979
v 1.312500 40.750000 -2.437479
v 1.250000 38.812500 -2.499982
v 0.812500 38.750000 -2.687482
v -0.500000 33.062500 -4.562485
v -0.500000 32.500000 -4.437485
v -0.562500 31.625000 -4.437485
v -0.250000 31.187500 -4.249985
v -0.562500 31.187500 -4.562485
v -0.750000 31.187500 -4.312485
v -0.250000 33.062500 -4.499985
v 0.000000 33.062500 -4.687485
v -0.187500 31.562500 -4.562485
v -0.187500 31.500000 -4.437485
v 0.000000 30.187500 -4.562485
v 0.000000 31.500000 -4.374985
v 0.125000 31.500000 -4.437485
v 0.125000 30.250000 -4.687485
v 0.000000 29.750000 -4.624985
v 0.250000 29.750000 -4.812485
v 0.312500 29.562500 -4.812485
v 0.000000 29.500000 -4.624985
v -0.312500 29.562500 -4.812485
v -0.250000 29.750000 -4.812485
v -0.187500 30.250000 -4.687485
v 0.000000 31.562500 -4.687485
v 0.250000 33.062500 -4.499985
v 0.125000 31.562500 -4.562485
v 0.000000 30.250000 -4.749985
v 0.000000 29.750000 -4.937485
v -0.312500 29.812500 -4.812485
v -0.562500 29.562500 -4.937485
v 0.000000 29.437500 -5.124985
v 0.312500 29.812500 -4.812485
v 0.437500 29.562500 -4.937485
v 0.437500 33.062500 -4.499985
v 0.500000 32.500000 -4.437485
v 0.500000 31.625000 -4.374985
v 0.250000 31.187500 -4.249985
v 0.562500 31.187500 -4.562485
v 0.750000 31.187500 -4.249985
v 3.375000 33.312500 -3.437485
v 3.437500 32.875000 -3.437485
v 3.187500 32.812500 -3.562485
v 3.187500 33.312500 -3.562485
v 2.937500 32.937500 -3.499985
v 3.062500 33.312500 -3.499985
v 3.187500 33.812500 -3.499985
v 1.375000 33.437500 -3.937485
v 1.375000 34.062500 -3.874985
v 2.000000 34.312500 -3.749985
v 2.187500 33.750000 -3.999985
v 2.250000 34.812500 -3.187482
v 2.625000 34.125000 -3.687485
v 2.875000 34.750000 -2.999982
v 2.562500 35.250000 -2.687482
v -1.375000 33.875000 -4.124982
v -2.000000 33.937500 -4.124982
v -2.000000 34.687500 -3.749982
v -1.312500 34.437500 -3.999982
v -2.312500 34.937500 -3.437482
v -2.437500 35.312500 -2.999982
v -2.687500 34.812500 -3.437482
v -2.375000 34.312500 -3.749985
v -0.500000 38.500000 -3.312482
v -0.187500 38.500000 -3.124982
v -0.250000 38.375000 -3.437482
v -0.375000 38.625000 -2.999982
v 0.000000 38.562500 -3.187482
v 0.000000 38.312500 -3.499982
v 0.125000 38.500000 -3.124982
v 0.187500 38.375000 -3.437482
v 0.437500 38.500000 -3.312482
v 0.375000 38.625000 -2.999982
v -2.875000 38.000000 -0.249982
v -3.562500 37.687500 -0.062482
v -3.500000 38.000000 0.437518
v -3.312500 38.500000 0.312518
v -3.687500 38.250000 1.062518
v -3.125000 38.812500 0.750018
v -2.250000 39.000000 0.000018
v -2.000000 38.500000 -0.374982
v -1.937500 39.687500 -0.187482
v -1.750000 39.250000 -0.499982
v -2.312500 40.000000 0.125021
v -2.375000 39.250000 0.312518
v -0.687500 33.062500 -4.249985
v -0.687500 32.187500 -4.312485
v -1.125000 32.437500 -4.374985
v -1.062500 33.062500 -4.312485
v -1.437500 32.750000 -4.062485
v -1.437500 33.437500 -3.999985
v 0.687500 32.187500 -4.249985
v 0.687500 33.062500 -4.249985
v 1.000000 33.062500 -4.249985
v 1.125000 32.437500 -4.249985
v 1.375000 32.750000 -3.999985
v -0.687500 36.687500 -4.124982
v -0.687500 37.000000 -3.937482
v -0.375000 37.000000 -4.124982
v -0.375000 36.625000 -4.312482
v 0.000000 36.875000 -4.187482
v 0.000000 36.437500 -4.374982
v 0.375000 37.000000 -4.124982
v 0.375000 36.625000 -4.312482
v 0.625000 36.687500 -4.124982
v 0.687500 37.000000 -3.937482
v 0.250000 38.062500 -3.312482
v 0.000000 38.062500 -3.374982
v -0.250000 38.062500 -3.312482
v 2.062500 28.375000 1.125015
v 0.500000 28.750000 2.062515
v 1.062500 28.375000 1.375015
v 1.312500 28.875000 1.937515
v 0.375000 29.187500 2.375015
v 1.000000 29.500000 2.312515
v -0.125000 30.312500 2.500015
v 0.437500 30.625000 2.625015
v -0.437500 30.875000 2.750015
v 0.062500 31.187500 2.875015
v -1.125000 31.937500 3.312515
v -0.625000 32.312500 3.250015
v -1.750000 33.062500 3.437515
v -1.062500 33.250000 3.375015
v -2.125000 33.750000 3.562515
v -1.437500 34.062500 3.562515
v -2.750000 34.750000 3.562518
v -2.000000 35.187500 3.500018
v -3.125000 35.500000 3.437518
v -2.312500 36.000000 3.437518
v -3.562500 36.187500 3.125018
v -2.687500 36.750000 2.875018
v -3.750000 36.812500 2.937518
v -2.687500 37.125000 2.625018
v -3.812500 37.625000 2.062518
v -2.625000 37.375000 1.937518
v -3.937500 37.875000 0.812518
v -2.875000 37.687500 0.812518
v -3.812500 37.375000 -0.249982
v -2.937500 37.312500 -0.124982
v -3.812500 36.687500 -1.562482
v -2.750000 36.500000 -1.312482
v -3.750000 36.062500 -2.124982
v -2.687500 36.125000 -1.624982
v -3.250000 34.750000 -3.312482
v -2.250000 34.875000 -3.124982
v -2.937500 34.125000 -3.749985
v -2.000000 34.250000 -3.624985
v -2.562500 33.500000 -4.062485
v -1.750000 33.625000 -3.999985
v -2.375000 33.000000 -4.187485
v -1.562500 33.187500 -4.187485
v -1.875000 32.125000 -4.437485
v -1.250000 32.375000 -4.374985
v -1.125000 30.562500 -4.624985
v -0.500000 30.875000 -4.312485
v -0.500000 29.375000 -4.687485
v 0.000000 29.750000 -4.249985
v 0.000000 28.625000 -4.687485
v 0.562500 29.062500 -4.187485
v 1.375000 28.000000 -4.124985
v 0.750000 27.750000 -4.312488
v 1.687500 27.687500 -3.749985
v -3.375000 28.375000 1.250015
v -4.250000 28.750000 1.687515
v -3.437500 28.437500 1.187515
v -4.187500 28.750000 1.875015
v -5.375000 29.125000 1.875015
v -5.437500 29.125000 2.125015
v -7.062500 29.750000 1.875015
v -6.500000 29.937500 2.187515
v -9.000000 32.562500 1.812515
v -8.875000 32.500000 2.125015
v -9.125000 34.562500 1.937518
v -9.125000 34.562500 2.125018
v -9.187500 34.937500 1.875018
v -9.125000 35.000000 2.062518
v -9.187500 35.312500 1.687518
v -9.125000 35.375000 1.875018
v -9.187500 35.437500 1.437518
v -9.187500 35.687500 1.562518
v -9.375000 36.062500 0.750018
v -9.375000 36.312500 0.812518
v -9.562500 36.250000 0.000018
v -9.500000 36.437500 0.000018
v -9.562500 36.062500 -0.437482
v -9.500000 36.250000 -0.437482
v -9.562500 35.750000 -0.812482
v -9.562500 35.875000 -0.999982
v -9.500000 35.250000 -0.937482
v -9.500000 35.375000 -1.187482
v -9.375000 34.625000 -1.124982
v -9.375000 34.750000 -1.437482
v -9.000000 33.250000 -1.374985
v -8.937500 33.312500 -1.749985
v -7.250000 30.812500 -2.124985
v -7.187500 30.937500 -2.312485
v -5.812500 29.375000 -2.562485
v -5.750000 29.375000 -2.749985
v -5.250000 27.312500 -3.124985
v -5.062500 27.375000 -3.312485
v -4.312500 26.812500 -3.124988
v -4.187500 26.875000 -3.499988
v -3.500000 26.937500 -3.187488
v -3.312500 27.000000 -3.499988
v -3.187500 27.625000 -2.937485
v -2.875000 27.500000 -3.249985
v -2.187500 27.875000 -4.187485
v -1.687500 27.500000 -3.749985
v -3.062500 27.750000 -3.499985
v -2.625000 28.437500 -4.124985
v -3.687500 28.000000 -3.562485
v -3.375000 29.625000 -3.624985
v -4.437500 28.625000 -3.312485
v -4.125000 30.500000 -3.062485
v -4.937500 29.875000 -3.062485
v -4.937500 31.687500 -2.687485
v -5.812500 31.437500 -2.562485
v -5.812500 33.000000 -2.437485
v -6.437500 32.812500 -2.499985
v -6.312500 34.125000 -1.937482
v -6.750000 34.125000 -2.249985
v -6.375000 35.312500 -1.624982
v -6.875000 35.562500 -1.812482
v -6.562500 35.875000 -1.124982
v -6.937500 36.062500 -1.374982
v -6.562500 36.375000 -0.437482
v -6.875000 36.625000 -0.624982
v -6.500000 36.750000 0.875018
v -6.812500 36.875000 0.875018
v -6.500000 36.437500 1.687518
v -6.750000 36.562500 1.750018
v -6.562500 35.812500 2.187518
v -6.812500 35.875000 2.250018
v -6.500000 35.250000 2.375018
v -6.687500 35.250000 2.562518
v -6.250000 33.687500 2.750015
v -6.562500 33.625000 2.937515
v -4.562500 31.687500 2.437515
v -5.062500 31.562500 2.875015
v -3.875000 30.500000 2.437515
v -4.187500 30.250000 2.687515
v -3.250000 29.500000 2.312515
v -3.562500 29.187500 2.437515
v -2.250000 28.562500 1.687515
v -2.500000 28.437500 1.687515
v -2.000000 28.375000 1.125015
v 0.937500 27.500000 -3.812485
v 1.125000 27.500000 -3.812485
v 1.062500 27.375000 -3.812485
v 1.437500 27.500000 -3.749985
v 1.500000 27.437500 -3.749985
v 0.250000 27.437500 -3.874985
v 0.625000 27.437500 -3.812485
v 0.500000 27.250000 -3.812485
v 0.250000 27.625000 -4.374988
v -1.062500 28.437500 -4.687485
v -2.437500 30.125000 -4.437485
v -3.625000 31.375000 -3.687485
v -4.187500 32.375000 -3.249985
v -4.500000 33.312500 -2.937485
v -4.687500 34.250000 -2.437485
v -4.625000 35.687500 -2.124982
v -4.750000 35.625000 -1.937482
v -4.750000 36.500000 -1.562482
v -4.875000 36.312500 -1.374982
v -4.687500 37.187500 -0.624982
v -4.812500 37.062500 -0.562482
v -4.562500 37.562500 0.875018
v -4.812500 37.250000 0.875018
v -4.687500 37.375000 1.875018
v -4.812500 37.187500 1.812518
v -4.687500 36.562500 2.687518
v -4.875000 36.437500 2.562518
v -4.875000 35.562500 3.250018
v -5.000000 35.437500 3.187518
v -4.375000 34.937500 3.562518
v -4.437500 33.812500 3.187515
v -3.687500 32.375000 2.937515
v -2.687500 30.937500 2.750015
v -1.625000 30.000000 2.437515
v -0.625000 28.625000 2.000015
v 0.000000 28.375000 1.250015
v -0.062500 27.375000 -3.937485
v -0.687500 27.375000 -3.812485
v -0.750000 27.562500 -4.312488
v -2.187500 29.687500 2.562515
v -1.312500 28.500000 1.875015
v -0.937500 28.375000 1.375015
v -7.625000 32.500000 -2.187485
v -7.812500 33.812500 -1.937485
v -7.812500 35.000000 -1.437482
v -7.937500 35.625000 -0.999982
v -8.000000 36.312500 -0.499982
v -8.000000 36.687500 0.625018
v -8.000000 36.062500 1.625018
v -8.062500 35.500000 1.875018
v -8.062500 35.187500 2.000018
v -8.062500 34.875000 2.062518
v -3.062500 28.437500 0.687515
v -5.250000 29.687500 -2.999985
v -5.062500 29.875000 -2.874985
v -4.500000 28.500000 -3.124985
v -4.625000 27.750000 -3.187485
v -4.062500 27.500000 -3.437485
v -3.750000 27.937500 -3.374985
v -3.187500 27.750000 -3.374985
v -2.500000 37.062500 2.375018
v -2.312500 36.812500 2.687518
v -2.062500 36.062500 3.250018
v -1.750000 35.250000 3.312518
v -1.250000 34.125000 3.312515
v -0.875000 33.375000 3.125015
v -0.312500 32.500000 2.812515
v 0.250000 31.375000 2.437515
v 0.562500 30.812500 2.250015
v 1.250000 29.812500 2.000015
v 1.812500 29.187500 1.625015
v 3.187500 28.437500 0.687515
v 1.625000 29.125000 1.187515
v 0.937500 29.937500 1.437515
v 0.500000 30.687500 1.500015
v 0.000000 31.625000 1.437515
v -0.437500 32.375000 2.187515
v -0.687500 32.875000 2.500015
v -0.937500 33.437500 2.750015
v -1.250000 34.187500 3.187515
v -1.750000 35.250000 3.187518
v -2.000000 36.125000 3.062518
v -2.312500 36.812500 2.562518
v -2.375000 37.062500 2.312518
v -2.562500 37.125000 1.875018
v -2.812500 37.500000 0.812518
v -2.875000 37.187500 0.000018
v -2.875000 36.125000 -0.937482
v -2.687500 36.000000 -1.374982
v -2.250000 34.875000 -2.999982
v -2.000000 34.312500 -3.499985
v -1.687500 33.812500 -3.812485
v -1.687500 33.375000 -3.749985
v -1.625000 33.125000 -3.624985
v -1.187500 32.375000 -3.937485
v -0.937500 31.625000 -3.999985
v -0.437500 30.812500 -3.937485
v 0.062500 30.000000 -4.187485
v 0.750000 29.250000 -4.124985
v 1.875000 28.312500 -3.749985
v 2.812500 27.812500 -2.874985
v 1.687500 28.187500 -3.437485
v 0.562500 29.187500 -3.687485
v 0.000000 29.937500 -3.687485
v -3.437500 27.437500 -3.562485
vt 2.160156 2.873535
vt 2.184570 2.919434
vt 2.151123 2.907959
vt 2.167236 2.846436
vt 2.201172 2.862305
vt 2.177246 2.793945
vt 2.216797 2.790283
vt 2.188477 2.736816
vt 2.235352 2.735596
vt 2.209961 2.688965
vt 2.237061 2.665771
vt 2.272705 2.726074
vt 2.276855 2.652100
vt 2.321045 2.723389
vt 2.320801 2.654541
vt 2.376709 2.652344
vt 2.377441 2.725586
vt 2.311768 2.786621
vt 2.369629 2.789307
vt 2.288330 2.867188
vt 2.353027 2.866943
vt 2.274414 2.914795
vt 2.340332 2.927246
vt 2.312988 2.992432
vt 2.254150 2.971680
vt 2.231689 2.915771
vt 2.218262 2.969482
vt 2.179443 2.973389
vt 2.246582 2.855713
vt 2.264893 2.782471
vt 3.909180 3.872070
vt 3.913818 3.937012
vt 3.929443 3.916504
vt 3.949707 3.892578
vt 3.909180 3.872070
vt 3.929443 3.916504
vt 3.913818 3.937012
vt 3.949707 3.892578
vt 3.331787 3.927490
vt 3.345703 3.928711
vt 3.349854 3.916016
vt 3.335938 3.895264
vt 3.362793 3.887939
vt 3.347168 3.851074
vt 3.371582 3.856201
vt 3.376465 3.834961
vt 3.360107 3.803223
vt 3.382568 3.803955
vt 3.358154 3.780518
vt 3.377686 3.783691
vt 3.376465 3.723877
vt 3.383057 3.739258
vt 3.331787 3.927490
vt 3.351318 3.915527
vt 3.345703 3.928711
vt 3.335938 3.895264
vt 3.362793 3.887939
vt 3.347168 3.851074
vt 3.371582 3.856201
vt 3.376465 3.834961
vt 3.360107 3.803223
vt 3.382568 3.803955
vt 3.358154 3.780518
vt 3.377686 3.783691
vt 3.376465 3.723877
vt 3.383057 3.739258
vt 3.360107 3.593506
vt 3.380615 3.635254
vt 3.360352 3.634521
vt 3.381836 3.593506
vt 3.394287 3.635010
vt 3.395020 3.593506
vt 3.380615 3.635254
vt 3.381836 3.593506
vt 3.360352 3.634521
vt 3.360107 3.593506
vt 2.317871 3.002686
vt 2.268555 3.011963
vt 2.309814 3.087402
vt 2.364746 3.094238
vt 2.328369 3.145264
vt 2.388672 3.156982
vt 2.323486 3.186768
vt 2.361816 3.204590
vt 2.298096 3.198242
vt 2.343750 3.226318
vt 2.279541 3.256836
vt 2.227539 3.219727
vt 2.210693 3.270264
vt 2.201660 3.247803
vt 2.189453 3.227295
vt 2.191650 3.179199
vt 2.154297 3.230469
vt 2.154785 3.180420
vt 2.195557 3.123291
vt 2.158447 3.128174
vt 2.199951 3.066650
vt 2.162598 3.073975
vt 2.165771 3.028809
vt 2.222168 3.021484
vt 2.254150 3.053955
vt 2.242676 2.999512
vt 2.281006 3.101807
vt 2.290283 3.159424
vt 2.232422 3.173340
vt 2.236328 3.118652
vt 3.321289 3.577393
vt 3.287842 3.504150
vt 3.284668 3.573486
vt 3.327881 3.507324
vt 3.288330 3.456055
vt 3.321045 3.460449
vt 3.287109 3.441406
vt 3.321045 3.440430
vt 3.287354 3.425537
vt 3.318604 3.422119
vt 2.267578 3.012451
vt 2.316895 2.999756
vt 2.364502 3.093262
vt 2.309814 3.087646
vt 2.388428 3.156982
vt 2.328857 3.144775
vt 2.361816 3.204590
vt 2.323242 3.187012
vt 2.343750 3.227539
vt 2.299072 3.198242
vt 2.280029 3.257324
vt 2.227295 3.219971
vt 2.210693 3.270752
vt 2.202148 3.247803
vt 2.189209 3.227051
vt 2.191650 3.178467
vt 2.152100 3.230469
vt 2.154297 3.181396
vt 2.195068 3.127197
vt 2.157715 3.133301
vt 2.198486 3.070801
vt 2.161133 3.079102
vt 2.163818 3.034180
vt 2.220215 3.024902
vt 2.252930 3.056152
vt 2.243408 2.999756
vt 2.280762 3.102783
vt 2.290527 3.159912
vt 2.232422 3.175781
vt 2.235840 3.121094
vt 2.324951 3.236328
vt 2.318848 3.252930
vt 2.354492 3.248535
vt 2.354736 3.233643
vt 2.389160 3.243652
vt 2.390137 3.230225
vt 2.320312 3.254150
vt 2.326416 3.237549
vt 2.355957 3.234619
vt 2.355713 3.249756
vt 2.391357 3.231201
vt 2.390381 3.244873
vt 3.282227 3.919434
vt 3.285645 3.888672
vt 3.287354 3.855225
vt 3.289307 3.813721
vt 3.309570 3.783691
vt 3.264648 3.774902
vt 3.228760 3.778320
vt 3.267822 3.727051
vt 3.227783 3.717773
vt 3.228271 3.680664
vt 3.266846 3.659424
vt 3.314453 3.722900
vt 3.313477 3.657715
vt 3.384277 3.653809
vt 3.374023 3.710205
vt 3.209717 3.802246
vt 3.182617 3.761963
vt 3.172363 3.786621
vt 3.206299 3.845215
vt 3.208496 3.880615
vt 3.214111 3.917236
vt 3.282959 3.951660
vt 3.217285 3.953613
vt 3.190186 3.914795
vt 3.196533 3.948486
vt 3.182129 3.940674
vt 3.176270 3.914551
vt 3.158447 3.887939
vt 3.177979 3.868652
vt 3.164551 3.828125
vt 3.282227 3.919434
vt 3.285645 3.888672
vt 3.287354 3.855225
vt 3.289307 3.813721
vt 3.309570 3.783691
vt 3.374023 3.710205
vt 3.314453 3.722900
vt 3.384277 3.653809
vt 3.313477 3.657715
vt 3.267822 3.727051
vt 3.266846 3.659424
vt 3.228271 3.680664
vt 3.227783 3.717773
vt 3.264648 3.774902
vt 3.228760 3.778320
vt 3.209717 3.802246
vt 3.182617 3.761963
vt 3.172363 3.786621
vt 3.206299 3.845215
vt 3.208496 3.880615
vt 3.214111 3.917236
vt 3.282959 3.951660
vt 3.217285 3.953613
vt 3.190186 3.914795
vt 3.196533 3.948486
vt 3.182129 3.940674
vt 3.176270 3.914551
vt 3.158447 3.887939
vt 3.177979 3.868652
vt 3.164551 3.828125
vt 3.211426 3.247314
vt 3.192871 3.248047
vt 3.219727 3.277100
vt 3.228516 3.247070
vt 3.250488 3.291504
vt 3.246094 3.247070
vt 3.221680 3.170898
vt 3.250000 3.170166
vt 3.221191 3.074951
vt 3.250244 3.073975
vt 3.220215 3.033936
vt 3.250000 3.035400
vt 3.247559 3.007324
vt 3.225342 3.009033
vt 3.198975 3.014404
vt 3.197754 3.038818
vt 3.198730 3.076172
vt 3.202393 3.169678
vt 3.168945 3.089111
vt 3.177734 3.170166
vt 2.224365 3.286133
vt 2.179443 3.242188
vt 2.208496 3.247070
vt 2.245850 3.292969
vt 2.246826 3.251953
vt 2.186035 3.104980
vt 2.246338 3.102783
vt 2.246338 3.007812
vt 2.183350 3.007080
vt 2.156982 3.109863
vt 2.151855 3.028320
vt 3.283447 3.247070
vt 3.281982 3.275146
vt 3.305664 3.248047
vt 3.298828 3.173096
vt 3.320557 3.170898
vt 3.331543 3.090088
vt 3.301758 3.079346
vt 3.276367 3.072510
vt 3.306641 3.040527
vt 3.277100 3.035400
vt 3.306641 3.011719
vt 3.275146 3.008545
vt 3.247314 3.007324
vt 3.249756 3.073975
vt 3.276123 3.170654
vt 3.268555 3.247070
vt 3.251221 3.291504
vt 3.245361 3.247070
vt 3.248779 3.170166
vt 2.269287 3.286133
vt 2.285400 3.247070
vt 2.314453 3.242432
vt 2.247803 3.292969
vt 2.247070 3.251953
vt 2.306152 3.104980
vt 2.245850 3.102783
vt 2.309570 3.007080
vt 2.334961 3.110107
vt 2.340576 3.028564
vt 2.237061 2.665771
vt 2.209961 2.688965
vt 2.188477 2.736816
vt 2.235352 2.735596
vt 2.176025 2.794678
vt 2.216797 2.790283
vt 2.167236 2.846436
vt 2.201172 2.862305
vt 2.151123 2.907959
vt 2.184570 2.919434
vt 2.231689 2.915771
vt 2.179443 2.973389
vt 2.218262 2.969482
vt 2.274414 2.914795
vt 2.254150 2.971680
vt 2.312988 2.992432
vt 2.340332 2.927246
vt 2.288330 2.867188
vt 2.353027 2.866943
vt 2.311768 2.786621
vt 2.369629 2.789307
vt 2.321045 2.723389
vt 2.377441 2.725586
vt 2.376709 2.652344
vt 2.320801 2.654541
vt 2.272705 2.726074
vt 2.276855 2.652100
vt 2.264893 2.782471
vt 2.246582 2.855713
vt 3.279053 3.315918
vt 3.316895 3.310303
vt 3.317383 3.347900
vt 3.279785 3.353516
vt 3.322510 3.370850
vt 3.276611 3.388428
vt 3.234619 3.350098
vt 3.238770 3.313477
vt 3.241455 3.393066
vt 3.317383 3.347900
vt 3.316895 3.310303
vt 3.279053 3.315918
vt 3.279785 3.353516
vt 3.238770 3.313477
vt 3.234619 3.350098
vt 3.276611 3.388428
vt 3.322510 3.370850
vt 3.241455 3.393066
vt 3.317383 3.279053
vt 3.315186 3.242188
vt 3.281982 3.237305
vt 3.279541 3.278320
vt 3.241455 3.276123
vt 3.240967 3.239258
vt 3.281982 3.203857
vt 3.314209 3.204346
vt 3.243408 3.204834
vt 3.317383 3.279053
vt 3.279541 3.279297
vt 3.281982 3.237305
vt 3.315186 3.242188
vt 3.314209 3.204346
vt 3.281982 3.203857
vt 3.240967 3.239258
vt 3.241455 3.276123
vt 3.243408 3.204834
vt 2.202881 3.050293
vt 2.198975 3.021484
vt 2.224854 3.012207
vt 2.228516 3.055908
vt 2.257812 3.007812
vt 2.259766 3.052490
vt 2.291016 3.009766
vt 2.294434 3.052246
vt 2.314941 3.015381
vt 2.317139 3.045898
vt 2.300781 3.098145
vt 2.322266 3.090332
vt 2.328857 3.151367
vt 2.308838 3.156494
vt 2.263428 3.100098
vt 2.265381 3.154053
vt 2.262695 3.100098
vt 2.227295 3.101807
vt 2.234131 3.159668
vt 2.207275 3.099854
vt 2.212402 3.155518
vt 3.949707 3.873047
vt 3.043945 3.670898
vt 3.069336 3.671387
vt 3.044434 3.679932
vt 3.062012 3.667480
vt 3.050293 3.699951
vt 3.024902 3.702148
vt 3.027588 3.691406
vt 3.036133 3.705811
vt 3.045898 3.656250
vt 3.061035 3.663330
vt 3.045166 3.663818
vt 3.048828 3.649414
vt 3.064209 3.659912
vt 3.084473 3.629150
vt 3.065430 3.622070
vt 3.085693 3.603027
vt 3.064941 3.596191
vt 3.109375 3.572266
vt 3.103271 3.538086
vt 3.078125 3.531738
vt 3.084229 3.655518
vt 3.097656 3.641602
vt 3.119873 3.638916
vt 3.115967 3.588623
vt 3.134277 3.584473
vt 3.166504 3.628174
vt 3.126221 3.673340
vt 3.156738 3.658203
vt 3.120117 3.693848
vt 3.129150 3.712158
vt 3.101318 3.703857
vt 3.107178 3.717285
vt 3.085449 3.721436
vt 3.078125 3.702881
vt 3.108887 3.673096
vt 3.090088 3.669922
vt 3.083740 3.667969
vt 3.760742 3.869873
vt 3.765137 3.876465
vt 3.751221 3.879150
vt 3.721436 3.879639
vt 3.750488 3.884277
vt 3.749512 3.900146
vt 3.762939 3.887939
vt 3.718994 3.870361
vt 3.702148 3.877441
vt 3.706543 3.894043
vt 3.698975 3.906738
vt 3.753906 3.910645
vt 3.762939 3.922852
vt 3.676758 3.910889
vt 3.691406 3.875732
vt 3.675537 3.872559
vt 3.729736 3.949707
vt 3.749268 3.951416
vt 3.738525 3.929688
vt 3.722900 3.947021
vt 3.729736 3.926514
vt 3.064453 3.786865
vt 3.056152 3.781006
vt 3.062988 3.783203
vt 3.074219 3.790039
vt 3.072510 3.785156
vt 3.090576 3.790283
vt 3.089355 3.786621
vt 3.105225 3.788086
vt 3.856445 3.981445
vt 3.825928 3.993652
vt 3.858398 3.991943
vt 3.810303 3.984619
vt 3.809570 3.994629
vt 3.761230 3.987061
vt 3.777588 3.994385
vt 3.753906 3.996338
vt 3.658936 3.860107
vt 3.622803 3.861572
vt 3.626465 3.882812
vt 3.660889 3.906006
vt 3.627930 3.919434
vt 3.097412 3.778564
vt 3.113281 3.791016
vt 3.109131 3.777100
vt 3.128418 3.789795
vt 3.123291 3.772705
vt 3.097168 3.799072
vt 3.076904 3.798828
vt 3.061523 3.791748
vt 3.041992 3.782715
vt 3.040527 3.770508
vt 3.180664 3.708496
vt 3.157227 3.755371
vt 3.157227 3.722168
vt 3.132812 3.745361
vt 3.184326 3.686523
vt 3.024170 3.829590
vt 3.059570 3.840088
vt 3.058838 3.878418
vt 3.022705 3.792480
vt 3.056396 3.812744
vt 3.075195 3.820801
vt 3.261963 3.282959
vt 3.221436 3.226074
vt 3.219482 3.268799
vt 3.260254 3.228271
vt 3.219727 3.203613
vt 3.256104 3.203369
vt 3.760986 3.977783
vt 3.809082 3.974365
vt 3.840332 3.970947
vt 3.868164 3.967773
vt 3.851074 3.958496
vt 3.884277 3.957764
vt 3.864258 3.946045
vt 3.896973 3.936768
vt 3.873047 3.928467
vt 3.836914 3.933350
vt 3.850830 3.922852
vt 3.834473 3.912598
vt 3.818604 3.924805
vt 3.826172 3.943604
vt 3.829834 3.962158
vt 3.805908 3.961670
vt 3.811035 3.948486
vt 3.800293 3.948730
vt 3.793457 3.936035
vt 3.799805 3.936279
vt 3.806885 3.935547
vt 3.039551 3.748291
vt 3.017334 3.745117
vt 3.030029 3.724854
vt 3.044434 3.728271
vt 3.033691 3.721191
vt 3.045898 3.721436
vt 3.058105 3.721191
vt 3.052002 3.715332
vt 3.072998 3.696777
vt 3.065674 3.689209
vt 3.033691 3.714111
vt 3.046143 3.714355
vt 3.046875 3.705566
vt 3.024902 3.715332
vt 3.488281 3.904053
vt 3.488037 3.921143
vt 3.500244 3.909180
vt 3.488037 3.896729
vt 3.505127 3.904053
vt 3.505127 3.921387
vt 3.500000 3.933350
vt 3.488281 3.936523
vt 3.505127 3.935303
vt 3.512207 3.921387
vt 3.488281 3.938965
vt 3.475830 3.933105
vt 3.470947 3.920898
vt 3.469482 3.934570
vt 3.463379 3.920898
vt 3.054443 3.525146
vt 3.048340 3.595215
vt 3.018555 3.594971
vt 3.002441 3.596191
vt 3.002441 3.625732
vt 3.017822 3.625488
vt 3.002686 3.637695
vt 3.018799 3.637939
vt 3.029541 3.646240
vt 3.003662 3.647949
vt 3.018799 3.637939
vt 3.029541 3.646240
vt 3.036133 3.626709
vt 3.017822 3.625488
vt 3.346191 3.631836
vt 3.340576 3.593506
vt 3.329102 3.637695
vt 3.329590 3.593506
vt 3.316895 3.632568
vt 3.312744 3.593506
vt 3.303955 3.632324
vt 3.301270 3.594238
vt 3.288818 3.630615
vt 3.290283 3.593506
vt 3.268799 3.631348
vt 3.277100 3.593506
vt 3.288818 3.630615
vt 3.290283 3.593506
vt 3.303955 3.632324
vt 3.301270 3.594238
vt 3.316895 3.632568
vt 3.312744 3.593506
vt 3.329102 3.637695
vt 3.329590 3.593750
vt 3.346191 3.631836
vt 3.340576 3.593506
vt 3.777344 3.864746
vt 3.769043 3.857910
vt 3.780273 3.842285
vt 3.786621 3.846436
vt 3.769043 3.857910
vt 3.777344 3.864746
vt 3.795166 3.850098
vt 3.783936 3.870605
vt 3.783936 3.870605
vt 3.025146 3.661865
vt 3.002686 3.660645
vt 3.002441 3.655273
vt 3.026855 3.655273
vt 3.026855 3.655273
vt 3.025146 3.661865
vt 3.868164 3.967773
vt 3.856445 3.981445
vt 3.838379 3.971191
vt 3.220215 2.788574
vt 3.246338 2.767334
vt 3.294189 2.785156
vt 3.170166 3.981934
vt 3.153809 3.994385
vt 3.152100 3.972900
vt 3.325195 2.808594
vt 3.254883 2.815674
vt 3.147949 3.790039
vt 3.123535 3.818359
vt 3.949707 3.873047
vt 3.761719 3.931885
vt 3.791016 3.945068
vt 3.784424 3.928955
vt 3.765625 3.940918
vt 3.022949 3.667969
vt 3.002197 3.678223
vt 3.002686 3.666260
vt 3.022949 3.679199
vt 3.774170 3.894043
vt 3.783936 3.904053
vt 3.809570 3.994629
vt 3.761230 3.987061
vt 3.810303 3.984619
vt 3.777588 3.994385
vt 3.808594 3.974365
vt 3.760986 3.977783
vt 3.806885 3.935547
vt 3.811523 3.948486
vt 3.800049 3.936279
vt 3.826172 3.943604
vt 3.084229 3.655518
vt 3.090088 3.669922
vt 3.097656 3.641602
vt 3.083740 3.667969
vt 3.064453 3.786865
vt 3.062988 3.783203
vt 3.056152 3.781006
vt 3.074219 3.790039
vt 3.072510 3.785156
vt 3.090576 3.790283
vt 3.089355 3.786621
vt 3.105225 3.788086
vt 3.134521 3.584961
vt 3.116211 3.588379
vt 3.119873 3.638916
vt 3.166016 3.628174
vt 3.126221 3.673340
vt 3.156738 3.658203
vt 3.119385 3.693359
vt 3.129150 3.712158
vt 3.107178 3.717285
vt 3.101318 3.703857
vt 3.108887 3.673096
vt 3.078125 3.702881
vt 3.084473 3.629150
vt 3.085205 3.603516
vt 3.899414 3.917236
vt 3.890869 3.903809
vt 3.875244 3.894043
vt 3.894287 3.888916
vt 3.869629 3.882080
vt 3.863525 3.893311
vt 3.855225 3.882324
vt 3.847168 3.894531
vt 3.016113 3.729248
vt 3.002686 3.730469
vt 3.002930 3.744385
vt 3.017334 3.745117
vt 3.018799 3.774170
vt 3.003174 3.775635
vt 3.018799 3.774170
vt 3.060059 3.742676
vt 3.062500 3.764404
vt 3.076172 3.763428
vt 3.081055 3.744141
vt 3.097412 3.768066
vt 3.102783 3.746582
vt 3.016357 3.730713
vt 3.015137 3.719727
vt 3.002441 3.720459
vt 3.015137 3.712158
vt 3.002686 3.713135
vt 3.015137 3.705078
vt 3.002441 3.704346
vt 3.015869 3.694824
vt 3.002441 3.696777
vt 3.015381 3.683838
vt 3.002930 3.682861
vt 3.015869 3.694824
vt 3.015381 3.683838
vt 3.015137 3.705078
vt 3.015137 3.712158
vt 3.015137 3.719727
vt 3.097412 3.778564
vt 3.109131 3.777100
vt 3.113281 3.791016
vt 3.097168 3.799072
vt 3.076904 3.798828
vt 3.061523 3.791748
vt 3.721436 3.879639
vt 3.718994 3.870361
vt 3.702148 3.877441
vt 3.706543 3.894043
vt 3.691406 3.875732
vt 3.698975 3.906738
vt 3.261963 3.282959
vt 3.218506 3.264404
vt 3.221436 3.226074
vt 3.260254 3.228271
vt 3.219238 3.199219
vt 3.255127 3.198486
vt 3.805908 3.961670
vt 3.828613 3.962158
vt 3.800293 3.948730
vt 3.826416 3.993652
vt 3.793457 3.936035
vt 3.216064 2.818848
vt 3.750488 3.884277
vt 3.751221 3.879150
vt 3.760742 3.869873
vt 3.765137 3.876465
vt 3.758545 3.864502
vt 3.508789 3.900146
vt 3.561035 3.899414
vt 3.558594 3.881104
vt 3.538086 3.940918
vt 3.573242 3.949219
vt 3.851074 3.958496
vt 3.109131 3.572266
vt 3.064941 3.596191
vt 3.103271 3.538330
vt 3.078125 3.531738
vt 3.054443 3.525146
vt 3.048340 3.595215
vt 3.036133 3.626709
vt 3.065430 3.622070
vt 3.048828 3.649414
vt 3.064209 3.659912
vt 3.069336 3.671387
vt 3.062012 3.667480
vt 3.061035 3.663330
vt 3.045898 3.656250
vt 3.045166 3.663818
vt 3.143799 3.937500
vt 3.151855 3.933350
vt 3.157715 3.954834
vt 3.152344 3.972656
vt 3.168701 3.966064
vt 3.347656 3.420166
vt 3.317871 3.383301
vt 3.346680 3.381836
vt 3.318604 3.422119
vt 3.289795 3.392578
vt 3.287354 3.425537
vt 3.055664 3.924805
vt 3.095459 3.882568
vt 3.085205 3.921143
vt 3.118896 3.878174
vt 3.125244 3.899658
vt 3.135742 3.899414
vt 3.144287 3.837158
vt 3.125244 3.838379
vt 3.096924 3.858154
vt 3.102783 3.825439
vt 3.488281 3.904053
vt 3.500244 3.909180
vt 3.488037 3.921143
vt 3.488037 3.896729
vt 3.505127 3.904053
vt 3.505127 3.921387
vt 3.500000 3.933350
vt 3.488281 3.936523
vt 3.505127 3.935303
vt 3.512207 3.921387
vt 3.488281 3.938965
vt 3.469482 3.934570
vt 3.475830 3.933105
vt 3.463379 3.920898
vt 3.470947 3.920898
vt 3.509033 3.899658
vt 3.560791 3.898926
vt 3.537842 3.940186
vt 3.558594 3.881104
vt 3.600098 3.871338
vt 3.603271 3.892578
vt 3.573242 3.949219
vt 3.608154 3.941406
vt 3.058838 3.878418
vt 3.096924 3.858154
vt 3.059570 3.840088
vt 3.095459 3.882568
vt 3.118896 3.878174
vt 3.125244 3.838379
vt 3.102783 3.825439
vt 3.123535 3.818359
vt 3.075195 3.820801
vt 3.883057 3.957764
vt 3.753906 3.996338
vt 3.858398 3.991943
vt 3.180664 3.708496
vt 3.157227 3.722168
vt 3.157227 3.755371
vt 3.864258 3.946045
vt 3.836914 3.933350
vt 3.085449 3.774902
vt 3.073486 3.772949
vt 3.063477 3.773438
vt 3.052979 3.776123
vt 3.658936 3.860107
vt 3.626709 3.882324
vt 3.622803 3.861572
vt 3.660889 3.906006
vt 3.627930 3.919434
vt 3.085449 3.774902
vt 3.073486 3.772949
vt 3.063477 3.773438
vt 3.052979 3.776123
vt 3.040527 3.770508
vt 3.041992 3.782715
vt 3.062500 3.764404
vt 3.060059 3.742676
vt 3.039551 3.748291
vt 3.022705 3.792480
vt 3.056396 3.812744
vt 3.024170 3.829590
vt 3.030029 3.724854
vt 3.024902 3.715332
vt 3.024902 3.702148
vt 3.027588 3.691406
vt 3.036133 3.705811
vt 3.050293 3.699951
vt 3.046875 3.705566
vt 3.033691 3.721191
vt 3.044434 3.728271
vt 3.058105 3.721191
vt 3.045898 3.721436
vt 3.052002 3.715332
vt 3.072998 3.696777
vt 3.065674 3.689209
vt 3.294189 2.785156
vt 3.246338 2.767334
vt 3.220215 2.788574
vt 3.254883 2.815674
vt 3.216064 2.818848
vt 3.899414 3.917236
vt 3.896973 3.936768
vt 3.873047 3.928467
vt 3.890869 3.903809
vt 3.875244 3.894043
vt 3.863525 3.893311
vt 3.847168 3.894531
vt 3.850830 3.922852
vt 3.834473 3.912598
vt 3.128418 3.789795
vt 3.147949 3.790039
vt 3.144287 3.837158
vt 3.135742 3.899414
vt 3.125244 3.899658
vt 3.085205 3.921143
vt 3.055664 3.924805
vt 3.004639 3.879150
vt 3.009521 3.926758
vt 3.749268 3.951416
vt 3.738525 3.929688
vt 3.761719 3.931885
vt 3.765625 3.940674
vt 3.790771 3.944580
vt 3.774170 3.894043
vt 3.762939 3.887939
vt 3.749512 3.900146
vt 3.753906 3.910645
vt 3.043945 3.670898
vt 3.022949 3.679199
vt 3.044434 3.679932
vt 3.022949 3.667969
vt 3.123291 3.772705
vt 3.097412 3.768066
vt 3.076172 3.763428
vt 3.081055 3.744141
vt 3.085449 3.721436
vt 3.102783 3.746582
vt 3.132812 3.745361
vt 3.033691 3.714111
vt 3.046143 3.714355
vt 3.476074 3.908936
vt 3.470703 3.903809
vt 3.476074 3.908936
vt 3.470703 3.903809
vt 3.758545 3.864502
vt 3.729736 3.949951
vt 3.722900 3.947021
vt 3.729736 3.926514
vt 3.818604 3.924805
vt 3.600098 3.871338
vt 3.603027 3.892090
vt 3.608887 3.941162
vt 3.018555 3.594971
vt 3.002686 3.824219
vt 3.002441 3.794189
vt 2.794922 3.651367
vt 2.781982 3.652588
vt 2.786865 3.652344
vt 3.193848 3.714355
vt 3.192139 3.759277
vt 3.180176 3.733398
vt 2.786865 3.652344
vt 2.781982 3.652588
vt 2.794922 3.651367
vt 3.179443 3.733398
vt 3.192139 3.759277
vt 3.193848 3.714355
vt 3.055176 3.173096
vt 3.009766 3.185547
vt 3.048096 3.186768
vt 3.004395 3.172852
vt 3.010010 3.185547
vt 3.055664 3.173096
vt 3.048340 3.186768
vt 3.004883 3.172852
vt 3.100342 2.573975
vt 3.130371 2.526123
vt 3.100342 2.492676
vt 3.118164 2.577881
vt 3.130371 2.526123
vt 3.100342 2.573975
vt 3.100342 2.492676
vt 3.118164 2.577881
vt 3.521484 3.951904
vt 3.612793 3.955566
vt 3.610596 3.980957
vt 3.519531 3.972412
vt 3.612305 3.980957
vt 3.612549 3.998535
vt 3.519531 3.998535
vt 3.466553 3.966797
vt 3.464355 3.997314
vt 3.439697 3.997314
vt 3.440430 3.963135
vt 3.463379 3.942383
vt 3.439453 3.938965
vt 3.521484 3.951904
vt 3.610596 3.980957
vt 3.612793 3.955566
vt 3.519043 3.971680
vt 3.612305 3.980957
vt 3.612549 3.998535
vt 3.519531 3.998535
vt 3.466553 3.966797
vt 3.463379 3.942383
vt 3.417236 3.962158
vt 3.417725 3.931396
vt 3.385498 3.956787
vt 3.391113 3.927246
vt 3.356934 3.924561
vt 3.353027 3.953125
vt 3.351562 3.997559
vt 3.387451 3.997559
vt 3.415527 3.996338
vt 3.464355 3.997314
vt 3.118896 3.543213
vt 3.141357 3.500244
vt 3.149658 3.563477
vt 3.167725 3.512451
vt 3.179932 3.585449
vt 3.214111 3.623779
vt 3.193115 3.658447
vt 3.184326 3.686523
vt 3.202881 3.687256
vt 3.224854 3.661865
vt 3.240479 3.632812
vt 3.272705 3.582764
vt 3.255615 3.568604
vt 3.019043 3.186279
vt 3.030518 3.173096
vt 3.029297 3.185791
vt 3.029297 3.145752
vt 3.002930 3.145508
vt 3.029053 3.109375
vt 3.002197 3.111084
vt 3.028809 3.082764
vt 3.002441 3.082275
vt 3.001953 3.004395
vt 3.030518 3.003418
vt 3.062500 3.004639
vt 3.057617 3.083740
vt 3.057129 3.109863
vt 3.057129 3.147461
vt 2.267334 3.998047
vt 2.275146 3.962891
vt 2.297119 3.995361
vt 2.234375 3.999023
vt 2.237305 3.947754
vt 2.261475 3.924805
vt 2.233154 3.906250
vt 2.261719 3.898926
vt 2.226074 3.858887
vt 2.283936 3.856689
vt 2.228027 3.813965
vt 2.285645 3.812256
vt 2.234375 3.766113
vt 2.295898 3.763184
vt 2.252197 3.660400
vt 2.310303 3.656250
vt 3.312256 3.400879
vt 3.337402 3.450439
vt 3.335938 3.395752
vt 3.282471 3.401855
vt 3.294678 3.446045
vt 3.335693 3.482666
vt 3.291748 3.484863
vt 3.351318 3.524414
vt 3.288086 3.523193
vt 3.350342 3.574707
vt 3.279785 3.575195
vt 2.283936 3.035156
vt 2.296875 3.035400
vt 2.304932 3.005859
vt 2.286865 3.064941
vt 2.305176 3.064209
vt 2.293945 3.092773
vt 2.313965 3.088623
vt 2.306396 3.122070
vt 2.331543 3.115234
vt 2.310791 3.149658
vt 2.335205 3.143799
vt 2.314209 3.174072
vt 2.334473 3.170410
vt 2.373291 3.127930
vt 2.361328 3.102295
vt 2.344238 3.074463
vt 2.341309 3.049072
vt 2.327393 3.028809
vt 2.379883 3.160400
vt 2.344482 3.193115
vt 2.322266 3.197754
vt 2.353516 3.214600
vt 2.325928 3.218262
vt 2.391357 3.210693
vt 2.385742 3.189453
vt 3.224854 2.923584
vt 3.217529 2.945801
vt 3.212891 2.920166
vt 3.243408 2.923584
vt 3.218750 2.970459
vt 3.229736 2.971924
vt 3.215332 3.000000
vt 3.256836 2.999023
vt 3.262451 2.971436
vt 3.266113 2.937744
vt 3.242432 2.893066
vt 3.218506 2.892578
vt 3.265869 2.850098
vt 3.230225 2.848389
vt 3.315186 2.853760
vt 3.316895 2.897461
vt 3.277832 2.894287
vt 3.171631 3.996826
vt 3.195068 3.966309
vt 3.184814 3.957275
vt 3.192383 3.994629
vt 3.230713 3.991943
vt 3.286377 3.994629
vt 3.326172 3.955811
vt 3.322998 3.993652
vt 3.338623 3.993896
vt 3.341553 3.956299
vt 3.119141 3.543701
vt 3.141113 3.500488
vt 3.149658 3.563477
vt 3.167725 3.513428
vt 3.154053 3.437500
vt 3.189453 3.471680
vt 3.153076 3.393555
vt 3.208740 3.432861
vt 3.225342 3.392334
vt 3.271240 3.448975
vt 3.259277 3.464355
vt 3.225098 3.508789
vt 3.200684 3.533447
vt 3.255615 3.568604
vt 3.244141 3.483398
vt 3.269531 3.546631
vt 3.267090 3.470947
vt 3.282471 3.534668
vt 3.169678 3.354004
vt 3.150391 3.290283
vt 3.125732 3.333252
vt 3.118408 3.401367
vt 3.114502 3.491943
vt 3.083496 3.488037
vt 3.061768 3.493164
vt 3.086670 3.376221
vt 3.088379 3.304443
vt 3.114746 3.327148
vt 3.094238 3.231934
vt 3.132324 3.240479
vt 3.133545 3.165039
vt 3.095947 3.164307
vt 3.064697 3.165283
vt 3.065918 3.231201
vt 3.064453 3.294434
vt 3.069092 3.365723
vt 3.193115 3.658447
vt 3.224854 3.661865
vt 3.202881 3.687256
vt 3.092529 3.979004
vt 3.059082 3.955078
vt 3.049316 3.990723
vt 3.006592 3.958984
vt 3.059082 3.955078
vt 3.092529 3.979004
vt 3.049316 3.990723
vt 3.004883 3.991943
vt 2.268311 3.997070
vt 2.298096 3.994385
vt 2.275879 3.961914
vt 2.235352 3.998291
vt 2.236572 3.946777
vt 2.262207 3.924072
vt 2.232422 3.905273
vt 2.262451 3.897949
vt 2.225342 3.857910
vt 2.284668 3.855713
vt 2.228760 3.812988
vt 2.286377 3.811279
vt 2.235352 3.765381
vt 2.296875 3.762451
vt 2.252930 3.659668
vt 2.311279 3.655273
vt 3.312988 3.400879
vt 3.335938 3.394775
vt 3.337402 3.449463
vt 3.282471 3.400879
vt 3.294678 3.444824
vt 3.335693 3.481445
vt 3.291748 3.483887
vt 3.351318 3.523438
vt 3.288086 3.522217
vt 3.350342 3.573730
vt 3.279785 3.574219
vt 3.153809 3.994385
vt 3.170166 3.981934
vt 3.152100 3.972900
vt 3.171631 3.996826
vt 3.195068 3.966309
vt 3.192383 3.994629
vt 3.230713 3.991943
vt 3.286377 3.994629
vt 3.326172 3.955811
vt 3.322998 3.993652
vt 3.338623 3.993896
vt 3.341553 3.956299
vt 3.184814 3.957275
vt 3.168701 3.966064
vt 3.152344 3.972656
vt 3.157715 3.954834
vt 3.143799 3.937500
vt 3.151855 3.933350
vt 2.283936 3.034668
vt 2.304688 3.006348
vt 2.297363 3.035645
vt 2.287109 3.063965
vt 2.305420 3.062988
vt 2.294434 3.092041
vt 2.314453 3.087891
vt 2.341553 3.048096
vt 2.327881 3.028809
vt 2.344727 3.073486
vt 2.332031 3.114502
vt 2.307129 3.121582
vt 2.335693 3.143555
vt 2.311523 3.149414
vt 2.335449 3.170654
vt 2.314941 3.174072
vt 2.345459 3.193604
vt 2.323242 3.197998
vt 2.354736 3.215576
vt 2.327148 3.218994
vt 2.392578 3.211426
vt 2.386963 3.189941
vt 2.380859 3.160645
vt 2.374023 3.127686
vt 2.362061 3.101562
vt 3.325195 2.808594
vt 3.265869 2.850098
vt 3.315186 2.853760
vt 3.316895 2.897461
vt 3.277832 2.894287
vt 3.242432 2.893066
vt 3.243408 2.923584
vt 3.212891 2.920166
vt 3.218506 2.892578
vt 3.230225 2.848389
vt 3.266113 2.937744
vt 3.262451 2.971436
vt 3.229736 2.971924
vt 3.256836 2.999023
vt 3.215332 3.000000
vt 3.218994 2.971191
vt 3.217285 2.946289
vt 3.224854 2.923584
vt 3.019775 3.186279
vt 3.030762 3.173096
vt 3.029541 3.185791
vt 3.029785 3.145752
vt 3.003418 3.145508
vt 3.029541 3.109375
vt 3.002686 3.111084
vt 3.029297 3.082764
vt 3.002930 3.082275
vt 3.002441 3.004395
vt 3.031006 3.003418
vt 3.062988 3.004639
vt 3.058105 3.083740
vt 3.057617 3.109863
vt 3.057617 3.147461
vt 2.327637 2.255615
vt 2.314453 2.241699
vt 2.380127 2.216797
vt 2.299805 2.268066
vt 2.279785 2.247070
vt 2.263916 2.189453
vt 2.242676 2.228760
vt 2.218262 2.186768
vt 2.215332 2.228760
vt 2.171875 2.223877
vt 2.173340 2.186523
vt 2.217285 2.134766
vt 2.171875 2.133301
vt 2.208008 2.059326
vt 2.170654 2.059570
vt 2.168213 2.013428
vt 2.196289 2.007568
vt 2.220215 2.010254
vt 2.246582 2.059814
vt 2.245117 2.007568
vt 2.277344 2.023193
vt 2.287354 2.054932
vt 2.304199 2.159424
vt 2.327148 2.066895
vt 2.349854 2.087158
vt 2.362305 2.135986
vt 2.253418 2.139404
vt 3.440430 3.996094
vt 3.519531 3.998291
vt 3.609619 3.998291
vt 3.418701 3.996338
vt 3.417725 3.931396
vt 3.385498 3.997559
vt 3.391846 3.926270
vt 3.353027 3.998291
vt 3.356934 3.922852
vt 3.185791 3.356445
vt 3.247803 3.505615
vt 3.273682 3.476074
vt 3.153564 3.409180
vt 3.212891 3.531982
vt 3.128174 3.448242
vt 3.178223 3.553711
vt 3.107178 3.479248
vt 3.362061 3.576416
vt 3.359131 3.507812
vt 3.355225 3.459717
vt 3.350586 3.437988
vt 3.347656 3.420166
vt 3.317871 3.383301
vt 3.289795 3.392578
vt 3.346680 3.381836
vt 3.267090 3.470947
vt 3.269531 3.546631
vt 3.282471 3.534668
vt 3.244141 3.483398
vt 3.225098 3.508789
vt 3.200684 3.533447
vt 3.189209 3.471191
vt 3.154053 3.437500
vt 3.114502 3.491943
vt 3.083496 3.488037
vt 3.061768 3.493164
vt 3.069092 3.365723
vt 3.086670 3.376221
vt 3.118408 3.401367
vt 3.125732 3.333252
vt 3.153076 3.393555
vt 3.150391 3.290283
vt 3.169678 3.353516
vt 3.208740 3.432861
vt 3.225342 3.392334
vt 3.271240 3.448975
vt 3.259277 3.464355
vt 3.353027 3.998291
vt 3.391846 3.926270
vt 3.356934 3.922852
vt 3.385498 3.997559
vt 3.418701 3.996338
vt 3.519531 3.998291
vt 3.609619 3.998291
vt 3.185791 3.356445
vt 3.273682 3.476074
vt 3.247803 3.505615
vt 3.153564 3.409180
vt 3.212891 3.531982
vt 3.128174 3.448242
vt 3.178223 3.553711
vt 3.107178 3.479248
vt 3.994873 3.888428
vt 3.963379 3.921143
vt 3.962402 3.888428
vt 3.994873 3.922607
vt 3.959473 3.956299
vt 3.998047 3.956787
vt 3.959961 3.999268
vt 3.997314 3.999023
vt 3.959473 3.956299
vt 3.998047 3.956787
vt 3.963379 3.921143
vt 3.994873 3.922607
vt 3.962402 3.888428
vt 3.994873 3.888428
vt 3.994873 3.888428
vt 3.965576 3.923096
vt 3.962402 3.888428
vt 3.997070 3.924561
vt 3.960938 3.968750
vt 3.996826 3.968994
vt 3.959717 3.997314
vt 3.994873 3.996094
vt 3.960938 3.968750
vt 3.996826 3.968994
vt 3.965576 3.923096
vt 3.997070 3.924561
vt 3.962402 3.888428
vt 3.994873 3.888428
vt 3.001953 3.010742
vt 3.062500 3.009033
vt 3.111572 3.456787
vt 3.156250 3.456055
vt 3.156250 3.440918
vt 3.111328 3.441650
vt 3.156006 3.428223
vt 3.111572 3.428223
vt 3.152588 3.415527
vt 3.115967 3.415771
vt 3.931396 3.873291
vt 3.929443 3.918457
vt 3.957520 3.909180
vt 3.926270 3.932373
vt 3.941650 3.980469
vt 3.931396 3.989014
vt 3.949951 3.985840
vt 3.945312 3.996826
vt 3.931396 3.975098
vt 3.954834 3.967041
vt 3.956055 3.942383
vt 3.930176 3.947998
vt 3.955322 3.919189
vt 3.002441 3.010742
vt 3.062988 3.009033
vt 3.156006 3.456299
vt 3.111084 3.457031
vt 3.111084 3.441895
vt 3.155762 3.441162
vt 3.111328 3.428467
vt 3.155762 3.428467
vt 3.115723 3.416016
vt 3.152344 3.415771
vt 3.931396 3.873291
vt 3.929443 3.918457
vt 3.957520 3.909180
vt 3.926270 3.932373
vt 3.941650 3.980469
vt 3.931396 3.989014
vt 3.949951 3.985840
vt 3.945312 3.996826
vt 3.931396 3.975098
vt 3.954834 3.967041
vt 3.956055 3.942383
vt 3.930176 3.947998
vt 3.955322 3.919189
vt 2.620117 3.916992
vt 2.674805 3.994141
vt 2.620361 3.991455
vt 2.674561 3.927246
vt 2.725830 3.992188
vt 2.727051 3.932617
vt 2.768799 3.992188
vt 2.770752 3.935547
vt 2.819580 3.992188
vt 2.814697 3.941650
vt 2.620117 3.916992
vt 2.620361 3.991455
vt 2.674805 3.994141
vt 2.674561 3.927246
vt 2.725830 3.992188
vt 2.727051 3.932617
vt 2.768799 3.992188
vt 2.770752 3.935547
vt 2.819580 3.992188
vt 2.814697 3.941650
vt 3.562988 3.958252
vt 3.512451 3.959717
vt 3.514893 3.947754
vt 3.560791 3.950684
vt 3.512451 3.959717
vt 3.562988 3.958252
vt 3.114990 3.326660
vt 3.088379 3.304443
vt 3.132324 3.240479
vt 3.094238 3.231934
vt 3.133545 3.165039
vt 3.095947 3.164307
vt 3.064697 3.165283
vt 3.065918 3.231201
vt 3.064453 3.294434
vt 3.042236 3.353760
vt 3.058838 3.421143
vt 3.038330 3.420898
vt 3.001709 3.355225
vt 3.002930 3.422119
vt 3.042236 3.353760
vt 3.038330 3.420898
vt 3.058838 3.421143
vt 3.041260 3.279785
vt 3.003906 3.273193
vt 3.041260 3.279785
vt 3.214111 3.623779
vt 3.240234 3.632812
vt 3.272949 3.582764
vt 3.179932 3.585449
vt 2.323242 2.066895
vt 2.300293 2.159424
vt 2.346924 2.088135
vt 2.282959 2.052979
vt 2.240723 2.055908
vt 2.272217 2.020996
vt 2.239502 2.003906
vt 2.201660 2.053711
vt 2.214355 2.005127
vt 2.190430 2.001221
vt 2.163086 2.005859
vt 2.164795 2.052002
vt 2.213379 2.133545
vt 2.167236 2.132568
vt 2.216064 2.185303
vt 2.170410 2.185547
vt 2.172119 2.215820
vt 2.214355 2.222900
vt 2.261475 2.188965
vt 2.241699 2.224365
vt 2.314209 2.242188
vt 2.280273 2.246826
vt 2.299805 2.268311
vt 2.326660 2.256348
vt 2.380371 2.216797
vt 2.361328 2.137207
vt 2.253418 2.137451
vt 3.760254 3.854004
vt 3.770508 3.835938
vt 3.760254 3.854004
vt 3.712646 3.864990
vt 3.708740 3.855469
vt 3.703369 3.837646
vt 3.708740 3.855469
vt 3.712646 3.864990
vt 3.174316 3.089111
vt 3.180664 3.070557
vt 3.184814 3.088867
vt 3.169922 3.103027
vt 3.188477 3.104492
vt 3.168945 3.132080
vt 3.188721 3.131592
vt 3.165527 3.185059
vt 3.183105 3.183838
vt 3.183105 3.201660
vt 3.167725 3.202881
vt 3.140137 3.188477
vt 3.143555 3.206055
vt 3.158936 3.203125
vt 3.157227 3.185303
vt 3.137207 3.141602
vt 3.130859 3.108887
vt 3.122803 3.081787
vt 3.109863 3.063965
vt 3.175293 3.044434
vt 3.196289 3.006348
vt 3.083740 3.045898
vt 3.130127 3.019287
vt 3.143555 3.047363
vt 3.149902 3.073975
vt 3.150146 3.101562
vt 3.153320 3.137451
vt 3.206787 3.041260
vt 3.272705 3.003662
vt 3.263184 3.028076
vt 3.318115 3.008545
vt 3.299561 3.033203
vt 3.351318 3.045654
vt 3.332764 3.059814
vt 3.370850 3.099609
vt 3.347412 3.091553
vt 3.354736 3.107422
vt 3.382568 3.143555
vt 3.352783 3.152832
vt 3.387939 3.213135
vt 3.354736 3.220459
vt 3.397217 3.272461
vt 3.360352 3.271973
vt 3.404053 3.354492
vt 3.360840 3.364258
vt 3.307617 3.370850
vt 3.313965 3.276855
vt 3.316650 3.218262
vt 3.317139 3.162109
vt 3.311523 3.127441
vt 3.306641 3.090576
vt 3.304199 3.070068
vt 3.276611 3.085449
vt 3.251709 3.075684
vt 3.196045 3.074463
vt 3.201660 3.089111
vt 3.209961 3.110840
vt 3.211182 3.138672
vt 3.190918 3.129639
vt 3.213867 3.172852
vt 3.189697 3.177002
vt 3.190918 3.198730
vt 3.192139 3.220459
vt 3.184326 3.260010
vt 3.213623 3.287842
vt 3.262695 3.301025
vt 3.213623 3.306885
vt 3.264160 3.322998
vt 3.209473 3.343750
vt 3.267822 3.362305
vt 3.270508 3.395752
vt 3.210205 3.379883
vt 3.166992 3.358398
vt 3.165527 3.327881
vt 3.174316 3.300049
vt 3.177490 3.281494
vt 3.250244 3.168701
vt 3.245117 3.125000
vt 3.249268 3.094482
vt 3.276123 3.096436
vt 3.274902 3.130859
vt 3.284180 3.170654
vt 2.277344 3.999512
vt 2.288330 3.975586
vt 2.258301 3.978760
vt 2.256348 3.997803
vt 2.242920 3.980469
vt 2.251221 3.944092
vt 2.280273 3.940674
vt 2.255371 3.906250
vt 2.285400 3.903076
vt 2.252686 3.858887
vt 2.287598 3.859131
vt 2.253174 3.810791
vt 2.292480 3.813965
vt 2.261475 3.759277
vt 2.306396 3.757568
vt 2.326172 3.655518
vt 2.277344 3.652832
vt 2.249756 3.654053
vt 2.230469 3.758789
vt 3.169922 3.103027
vt 3.188477 3.104492
vt 3.180664 3.070557
vt 3.168945 3.132080
vt 3.188721 3.131592
vt 3.165527 3.185059
vt 3.183105 3.183838
vt 3.183105 3.201660
vt 3.167725 3.202881
vt 3.141602 3.188232
vt 3.144043 3.205811
vt 3.158936 3.203125
vt 3.157227 3.185303
vt 3.137207 3.140869
vt 3.130615 3.108643
vt 3.123047 3.081299
vt 3.110352 3.064697
vt 3.176025 3.044434
vt 3.196289 3.006348
vt 3.083740 3.045898
vt 3.130127 3.019287
vt 3.143555 3.047363
vt 3.149902 3.073975
vt 3.150146 3.101562
vt 3.153320 3.137451
vt 3.206787 3.041260
vt 3.196045 3.074463
vt 3.204346 3.096680
vt 3.209961 3.110840
vt 3.190918 3.129639
vt 3.211182 3.138672
vt 3.189697 3.177002
vt 3.213867 3.172852
vt 3.191162 3.203857
vt 3.192139 3.220459
vt 3.184326 3.260010
vt 3.213623 3.306885
vt 3.264160 3.322998
vt 3.208496 3.344482
vt 3.267822 3.362305
vt 3.270508 3.395752
vt 3.210205 3.379883
vt 3.166748 3.359131
vt 3.165527 3.327881
vt 3.174316 3.300049
vt 3.250244 3.168701
vt 3.244385 3.124756
vt 3.247559 3.101562
vt 3.250977 3.075439
vt 3.262451 3.027344
vt 3.272705 3.003662
vt 3.299561 3.033203
vt 3.318115 3.008545
vt 3.332764 3.059814
vt 3.351318 3.045654
vt 3.346436 3.089600
vt 3.370850 3.099609
vt 3.354736 3.107422
vt 3.382568 3.143555
vt 3.352783 3.152832
vt 3.387939 3.213135
vt 3.354736 3.220459
vt 3.317139 3.162109
vt 3.316650 3.218262
vt 3.360352 3.271973
vt 3.313965 3.276855
vt 3.307617 3.370850
vt 3.360840 3.364258
vt 3.397217 3.272461
vt 3.404053 3.354492
vt 3.311523 3.127441
vt 3.309082 3.108887
vt 3.306641 3.090576
vt 3.276611 3.085449
vt 3.275879 3.106445
vt 3.274902 3.130859
vt 3.284180 3.170654
vt 3.776367 3.965088
vt 3.750000 3.971436
vt 3.777832 3.945557
vt 3.777100 3.929932
vt 3.750732 3.939697
vt 3.753906 3.928711
vt 2.277344 3.999023
vt 2.258301 3.978271
vt 2.288330 3.975098
vt 2.256348 3.997314
vt 2.242920 3.979980
vt 2.250244 3.943359
vt 2.279297 3.939697
vt 2.254395 3.905273
vt 2.284668 3.902100
vt 2.251953 3.858154
vt 2.286865 3.858154
vt 2.252441 3.810059
vt 2.291504 3.812988
vt 2.260742 3.758301
vt 2.304688 3.757812
vt 2.325195 3.654785
vt 2.276367 3.651855
vt 2.249023 3.653076
vt 2.229736 3.757812
vt 3.750000 3.971436
vt 3.776367 3.965088
vt 3.778076 3.945557
vt 3.777100 3.929932
vt 3.750732 3.939697
vt 3.753906 3.928711
vt 2.571533 3.970947
vt 2.498047 3.996338
vt 2.498047 3.971191
vt 2.559082 3.950439
vt 2.520996 3.950684
vt 2.497314 3.947998
vt 2.456055 3.961670
vt 2.457520 3.996582
vt 2.413818 3.960938
vt 2.413818 3.995605
vt 2.380615 3.993896
vt 2.375732 3.965332
vt 2.369629 3.929443
vt 2.415039 3.935547
vt 2.457520 3.940918
vt 3.569336 3.961670
vt 3.508057 3.979004
vt 3.561768 3.997070
vt 3.507080 3.989746
vt 3.463135 3.974609
vt 3.464600 3.959229
vt 3.420166 3.938965
vt 3.469238 3.944580
vt 3.464600 3.959229
vt 3.416504 3.972412
vt 3.393555 3.935303
vt 3.392578 3.970215
vt 3.348145 3.966064
vt 3.353760 3.924072
vt 3.348145 3.966064
vt 3.392578 3.970215
vt 3.416504 3.972412
vt 3.464844 3.995117
vt 3.508057 3.979004
vt 3.561523 3.996338
vt 3.568604 3.961670
vt 3.463135 3.974609
vt 3.420166 3.995361
vt 3.391846 3.996094
vt 3.391602 3.971191
vt 3.349854 3.967529
vt 3.348877 3.997559
vt 3.391602 3.971191
vt 3.349854 3.967529
vt 2.571533 3.970947
vt 2.498047 3.971191
vt 2.498047 3.996338
vt 2.559082 3.950439
vt 2.520996 3.950684
vt 2.497314 3.947998
vt 2.456055 3.961670
vt 2.457520 3.996582
vt 2.413818 3.960938
vt 2.413818 3.995605
vt 2.380615 3.993896
vt 2.375732 3.965332
vt 2.369629 3.929443
vt 2.415039 3.935547
vt 2.457520 3.940918
vt 3.391113 3.927246
vt 3.356934 3.924561
vt 3.353027 3.953125
vt 3.385498 3.956787
vt 3.351562 3.997559
vt 3.387451 3.997559
vt 3.417236 3.962158
vt 3.415527 3.996338
vt 3.141357 3.324951
vt 3.124268 3.358154
vt 3.176025 3.397949
vt 3.194092 3.366943
vt 3.197998 3.436035
vt 3.217285 3.406494
vt 3.236816 3.438721
vt 3.215820 3.470947
vt 3.178711 3.467529
vt 3.194336 3.500000
vt 3.173096 3.532471
vt 3.159668 3.497803
vt 3.156250 3.425781
vt 3.135498 3.456299
vt 3.085449 3.417969
vt 3.102539 3.389160
vt 3.141357 3.324951
vt 3.194092 3.366943
vt 3.176025 3.397949
vt 3.124268 3.358154
vt 3.156250 3.425781
vt 3.102539 3.389160
vt 3.085449 3.417969
vt 3.135498 3.456299
vt 3.178711 3.467529
vt 3.159668 3.497803
vt 3.173096 3.532471
vt 3.194336 3.500000
vt 3.197998 3.436035
vt 3.215820 3.470947
vt 3.236816 3.438721
vt 3.217285 3.406494
vt 3.046875 3.562744
vt 3.023926 3.575439
vt 3.023682 3.557861
vt 3.048096 3.578125
vt 3.001953 3.580322
vt 3.002686 3.558105
vt 3.023926 3.575439
vt 3.023682 3.557861
vt 3.046875 3.562744
vt 3.048096 3.578125
vt 3.359131 3.507812
vt 3.362061 3.576416
vt 3.321289 3.577393
vt 3.327881 3.507324
vt 3.284668 3.573486
vt 3.287842 3.504150
vt 3.321045 3.460449
vt 3.355225 3.459717
vt 3.321045 3.440430
vt 3.350586 3.437988
vt 3.287109 3.441406
vt 3.288330 3.456055
vt 3.184570 3.419922
vt 3.220947 3.385498
vt 3.238037 3.412109
vt 3.198975 3.438721
vt 3.249756 3.433594
vt 3.213867 3.458252
vt 3.170166 3.461426
vt 3.177979 3.481689
vt 3.156738 3.502197
vt 3.150146 3.471680
vt 3.158447 3.435303
vt 3.141357 3.446289
vt 3.220947 3.385498
vt 3.184570 3.419922
vt 3.198975 3.438721
vt 3.238037 3.412109
vt 3.249756 3.433594
vt 3.213867 3.458252
vt 3.170166 3.461426
vt 3.177979 3.481689
vt 3.156738 3.502197
vt 3.150146 3.471680
vt 3.158447 3.435303
vt 3.141357 3.446289
vt 3.061035 3.427490
vt 3.059814 3.461670
vt 3.038086 3.460205
vt 3.039062 3.427490
vt 3.002930 3.464600
vt 3.002197 3.426758
vt 3.038086 3.460205
vt 3.039062 3.427490
vt 3.061035 3.427490
vt 3.059814 3.461670
vt 3.041504 3.494873
vt 3.030273 3.524170
vt 3.051270 3.551514
vt 3.028809 3.548584
vt 3.002930 3.525879
vt 3.002197 3.549072
vt 3.030273 3.524170
vt 3.028809 3.548584
vt 3.051270 3.551514
vt 3.041504 3.494873
vt 3.002686 3.497314
vt 3.425049 3.895264
vt 3.446533 3.863525
vt 3.446045 3.899414
vt 3.426025 3.859375
vt 3.450928 3.832764
vt 3.425293 3.826904
vt 3.441162 3.775635
vt 3.420654 3.771240
vt 3.441650 3.753906
vt 3.422607 3.748779
vt 3.455566 3.711182
vt 3.430420 3.712646
vt 3.456299 3.679688
vt 3.427979 3.686279
vt 3.452637 3.653076
vt 3.427979 3.655762
vt 3.453125 3.611572
vt 3.426270 3.614014
vt 3.458740 3.579834
vt 3.429199 3.577148
vt 3.464111 3.548340
vt 3.432373 3.540527
vt 3.470459 3.516846
vt 3.433838 3.519043
vt 3.468750 3.488525
vt 3.418701 3.496582
vt 3.461426 3.459717
vt 3.421631 3.456787
vt 3.452393 3.429688
vt 3.422119 3.430908
vt 3.453613 3.394775
vt 3.423340 3.392578
vt 3.454102 3.370605
vt 3.423096 3.373535
vt 3.448730 3.324951
vt 3.418701 3.323730
vt 3.443359 3.302002
vt 3.416992 3.303223
vt 3.438232 3.278809
vt 3.415283 3.282959
vt 3.436035 3.262451
vt 3.414307 3.266357
vt 3.429443 3.227295
vt 3.411621 3.228516
vt 3.428223 3.173096
vt 3.404297 3.170898
vt 3.425537 3.122314
vt 3.403320 3.129395
vt 3.417725 3.089111
vt 3.395508 3.090332
vt 3.373779 3.029053
vt 3.409424 3.029053
vt 3.364990 3.008545
vt 3.610352 3.839111
vt 3.631836 3.802734
vt 3.627686 3.835205
vt 3.614746 3.797852
vt 3.649902 3.719727
vt 3.629883 3.713379
vt 3.657227 3.646484
vt 3.634277 3.645508
vt 3.663330 3.584961
vt 3.652832 3.585938
vt 3.665283 3.524414
vt 3.659424 3.524658
vt 3.665039 3.506592
vt 3.657715 3.506104
vt 3.664795 3.490479
vt 3.656006 3.490723
vt 3.663818 3.472168
vt 3.653809 3.472656
vt 3.664551 3.434082
vt 3.654297 3.434570
vt 3.668701 3.397949
vt 3.662354 3.397705
vt 3.669189 3.383545
vt 3.661865 3.380859
vt 3.666748 3.356934
vt 3.659180 3.357910
vt 3.664795 3.335693
vt 3.656982 3.335693
vt 3.661865 3.305908
vt 3.654541 3.310547
vt 3.656250 3.273438
vt 3.649658 3.276611
vt 3.629883 3.237793
vt 3.625244 3.237549
vt 3.647217 3.176025
vt 3.636719 3.177246
vt 3.663818 3.094238
vt 3.653809 3.094971
vt 3.656494 3.026367
vt 3.647705 3.032715
vt 3.610596 2.999756
vt 3.608154 3.005859
vt 3.570312 3.003418
vt 3.570557 3.009277
vt 3.512695 3.064941
vt 3.519775 3.012451
vt 3.572266 3.035400
vt 3.516357 3.099854
vt 3.582764 3.073486
vt 3.524414 3.163574
vt 3.587646 3.107178
vt 3.538574 3.198486
vt 3.585938 3.184570
vt 3.557373 3.246338
vt 3.601562 3.236816
vt 3.558838 3.283203
vt 3.593018 3.272461
vt 3.560303 3.319824
vt 3.584473 3.308105
vt 3.564697 3.344727
vt 3.581787 3.344238
vt 3.565674 3.368652
vt 3.582275 3.366455
vt 3.566406 3.392334
vt 3.582764 3.391602
vt 3.572510 3.434082
vt 3.587891 3.431641
vt 3.574707 3.474121
vt 3.587646 3.471924
vt 3.575928 3.506348
vt 3.587646 3.503174
vt 3.575684 3.534180
vt 3.587158 3.536865
vt 3.569824 3.600098
vt 3.583008 3.600586
vt 3.557129 3.660400
vt 3.573730 3.659912
vt 3.551270 3.711914
vt 3.572754 3.708008
vt 3.552734 3.779053
vt 3.569336 3.782715
vt 3.557861 3.848389
vt 3.571533 3.842773
vt 3.557617 3.870850
vt 3.406982 3.007324
vt 3.402832 3.006592
vt 3.404785 3.007080
vt 3.396240 3.005615
vt 3.390381 3.001465
vt 3.427490 3.009033
vt 3.413086 3.008301
vt 3.420654 2.999268
vt 3.435547 3.035645
vt 3.466553 3.102539
vt 3.480957 3.165527
vt 3.500000 3.210205
vt 3.520020 3.252441
vt 3.520996 3.286865
vt 3.522217 3.321045
vt 3.512695 3.359619
vt 3.520752 3.357910
vt 3.510742 3.382324
vt 3.519043 3.379150
vt 3.509033 3.401611
vt 3.517578 3.400391
vt 3.503174 3.447510
vt 3.516846 3.446045
vt 3.507080 3.481201
vt 3.521240 3.481934
vt 3.510010 3.510986
vt 3.523926 3.514160
vt 3.510986 3.540283
vt 3.523682 3.545654
vt 3.503906 3.577393
vt 3.525635 3.601318
vt 3.523438 3.660889
vt 3.518311 3.717773
vt 3.496338 3.773926
vt 3.492676 3.857910
vt 3.495117 3.887207
vt 3.440918 3.010010
vt 3.484375 3.011719
vt 3.475098 3.047363
vt 3.509766 3.775879
vt 3.520020 3.853760
vt 3.529053 3.877930
vt 3.622559 3.269287
vt 3.619629 3.301025
vt 3.618408 3.329346
vt 3.619385 3.350830
vt 3.620361 3.374756
vt 3.624023 3.423584
vt 3.621826 3.470947
vt 3.623535 3.494873
vt 3.624023 3.512451
vt 3.624512 3.528564
vt 3.616455 3.859619
vt 3.613281 3.180664
vt 3.597412 3.181885
vt 3.597412 3.102051
vt 3.638916 3.087402
vt 3.627441 3.056396
vt 3.591064 3.069336
vt 3.579346 3.034912
vt 3.417969 3.519287
vt 3.415283 3.540527
vt 3.414307 3.577393
vt 3.413330 3.614258
vt 3.413086 3.661865
vt 3.411133 3.689941
vt 3.409912 3.715088
vt 3.407227 3.749756
vt 3.406982 3.771973
vt 3.403320 3.828369
vt 3.401855 3.861572
vt 3.392578 3.906494
vt 3.385010 3.863525
vt 3.391357 3.822266
vt 3.394531 3.772949
vt 3.394531 3.746338
vt 3.398193 3.711670
vt 3.400391 3.700195
vt 3.403076 3.687744
vt 3.403320 3.661621
vt 3.406250 3.615234
vt 3.407959 3.579590
vt 3.409668 3.543945
vt 3.411865 3.518311
vt 3.411377 3.496826
vt 3.412842 3.457520
vt 3.412842 3.431641
vt 3.414062 3.393555
vt 3.413574 3.373047
vt 3.409424 3.323242
vt 3.407959 3.303955
vt 3.406738 3.284912
vt 3.406006 3.273926
vt 3.405518 3.266846
vt 3.404053 3.230225
vt 3.401367 3.204102
vt 3.398193 3.173340
vt 3.395752 3.131836
vt 3.381836 3.091553
vt 3.355713 3.035889
vt 3.333496 3.005859
vt 3.349365 3.037109
vt 3.375732 3.091797
vt 3.388184 3.134766
vt 3.599365 3.023193
vn -0.0853 0.3517 0.9322
vn -0.5981 -0.0395 0.8004
vn -0.9480 -0.3181 -0.0105
vn -0.0468 0.1353 0.9897
vn -0.1654 0.0912 0.9820
vn -0.2768 -0.0559 0.9593
vn -0.3310 -0.0347 0.9430
vn -0.4027 -0.0457 0.9142
vn -0.2913 -0.0754 0.9537
vn -0.3139 -0.0039 0.9495
vn -0.1794 -0.0620 0.9818
vn -0.1404 -0.1199 0.9828
vn -0.1219 -0.0270 0.9922
vn -0.1702 -0.0667 0.9831
vn -0.2198 -0.0100 0.9755
vn -0.2709 0.0137 0.9625
vn -0.1751 -0.0266 0.9842
vn -0.0360 -0.0467 0.9983
vn 0.0000 -0.0000 1.0000
vn 0.0222 0.0439 0.9988
vn 0.0771 0.1137 0.9905
vn -0.0894 -0.3835 0.9192
vn 0.8829 -0.4209 0.2083
vn 0.8829 -0.4209 0.2084
vn 0.3145 0.0187 0.9491
vn -0.2061 0.0589 0.9768
vn -0.6179 -0.2628 0.7410
vn -0.4607 0.1257 0.8786
vn -0.5715 0.2118 0.7928
vn -0.1523 0.1176 0.9813
vn -0.1235 -0.0796 0.9891
vn -0.8764 -0.4182 -0.2389
vn -0.8231 -0.5415 -0.1709
vn -0.1242 -0.6632 0.7381
vn -0.8445 -0.4311 0.3177
vn 0.9191 -0.2492 -0.3052
vn 0.2573 -0.7009 0.6652
vn 0.8032 -0.4912 -0.3371
vn 0.9278 -0.2112 0.3075
vn 0.3010 0.4243 0.8540
vn 0.3511 0.3779 0.8567
vn 0.3118 0.4784 0.8209
vn -0.1387 0.5499 0.8236
vn 0.2642 0.4257 0.8654
vn -0.4448 0.4797 0.7563
vn -0.4604 0.3886 0.7981
vn -0.2247 0.5086 0.8312
vn -0.3087 0.3831 0.8706
vn 0.2098 0.3468 0.9142
vn -0.1491 -0.0315 0.9883
vn 0.1595 0.0928 0.9828
vn -0.7594 -0.4231 0.4943
vn 0.3373 -0.2558 -0.9060
vn -0.2820 0.4129 0.8660
vn -0.3563 0.3995 0.8447
vn -0.4508 0.3883 0.8037
vn 0.1532 0.5254 0.8369
vn 0.1641 0.3893 0.9064
vn 0.4074 0.4795 0.7772
vn -0.1049 0.4638 0.8797
vn 0.1984 0.5267 0.8266
vn 0.3295 0.3569 0.8741
vn -0.0947 0.3745 0.9224
vn -0.0482 0.0424 0.9979
vn -0.3829 -0.3111 -0.8698
vn -0.9043 0.2516 0.3449
vn -0.3207 -0.9139 0.2490
vn -0.3273 0.0953 0.9401
vn -0.0925 -0.9917 -0.0891
vn 0.0740 0.1020 0.9920
vn -0.1062 -0.9538 0.2812
vn 0.6366 0.0722 0.7678
vn 0.8985 0.2422 0.3661
vn -0.6649 -0.0936 -0.7411
vn 0.3761 -0.4425 -0.8141
vn 0.3572 -0.6603 -0.6606
vn -0.7775 -0.4659 -0.4224
vn 0.0629 -0.8132 -0.5785
vn -0.9480 -0.3182 -0.0105
vn -0.0290 -0.6914 -0.7218
vn -0.5981 -0.0395 0.8005
vn 0.0005 -0.5508 -0.8347
vn -0.0895 -0.3835 0.9192
vn 0.0564 -0.3747 -0.9254
vn -0.2208 -0.2362 -0.9463
vn -0.0455 -0.4972 -0.8664
vn 0.0042 -0.2330 -0.9725
vn -0.0000 -0.5597 -0.8287
vn -0.0482 -0.5574 -0.8289
vn -0.0014 -0.4881 -0.8728
vn 0.1008 -0.5176 -0.8497
vn -0.0051 -0.4635 -0.8861
vn 0.5741 -0.5798 -0.5781
vn 0.6955 -0.4842 -0.5308
vn 0.4601 -0.6417 -0.6136
vn 0.2053 -0.5705 -0.7952
vn 0.2877 -0.5419 -0.7897
vn 0.4075 0.8945 -0.1840
vn 0.5227 0.7843 0.3342
vn 0.3409 0.8613 0.3768
vn 0.7907 0.5247 -0.3154
vn 0.8507 0.4181 0.3186
vn 0.7913 0.2985 -0.5336
vn 0.7907 0.2311 -0.5670
vn 0.7438 0.1459 -0.6523
vn 0.8447 0.0551 -0.5324
vn 0.9009 0.0883 -0.4250
vn -0.1717 -0.4784 -0.8612
vn 0.9499 -0.0704 -0.3046
vn 0.8403 -0.3234 -0.4351
vn -0.2634 -0.6976 -0.6663
vn 0.9462 -0.2897 0.1444
vn -0.2837 -0.7565 -0.5893
vn 0.8732 -0.4292 0.2310
vn -0.2741 -0.5981 -0.7531
vn 0.7175 -0.4072 0.5652
vn -0.1930 -0.4607 -0.8663
vn 0.3259 -0.4957 0.8050
vn -0.1189 -0.3489 -0.9296
vn 0.2045 -0.2383 -0.9494
vn 0.0455 -0.4972 -0.8664
vn 0.0481 -0.5571 -0.8291
vn -0.1734 -0.5082 -0.8436
vn -0.6189 -0.5105 -0.5969
vn -0.6381 -0.5283 -0.5601
vn -0.4648 -0.6475 -0.6039
vn -0.2339 -0.5616 -0.7937
vn -0.3535 -0.5580 -0.7508
vn -0.4487 0.1101 0.8869
vn -0.3981 0.2029 0.8946
vn -0.6439 -0.1301 0.7540
vn -0.4994 0.0501 0.8649
vn -0.0557 -0.0643 0.9964
vn 0.0719 0.1970 0.9778
vn 0.5216 0.1532 0.8393
vn 0.3797 0.1399 0.9145
vn 0.6019 0.0704 0.7954
vn 0.4674 -0.0795 0.8805
vn -0.3938 0.5747 0.7174
vn -0.3310 0.6631 0.6713
vn -0.4365 0.4366 0.7867
vn -0.3733 0.3282 0.8677
vn -0.5714 0.2117 0.7929
vn -0.3308 0.1566 0.9306
vn -0.2643 0.1817 0.9472
vn -0.3880 0.0841 0.9178
vn -0.2810 0.0936 0.9551
vn -0.1566 0.1278 0.9794
vn -0.2019 0.0789 0.9762
vn -0.1492 0.1140 0.9822
vn -0.0880 0.1524 0.9844
vn -0.6991 0.2899 0.6536
vn -0.8578 0.1881 0.4784
vn -0.8956 0.3688 0.2488
vn -0.7418 0.6531 0.1523
vn -0.5835 0.3850 0.7151
vn -0.9390 0.3370 0.0687
vn -0.5832 0.1099 -0.8048
vn -0.7846 -0.0189 -0.6197
vn 0.3912 0.5460 0.7408
vn 0.3314 0.6353 0.6975
vn 0.4196 0.4720 0.7753
vn 0.4447 0.2496 0.8602
vn 0.3789 0.1117 0.9187
vn 0.3231 0.1250 0.9381
vn 0.2655 0.1795 0.9473
vn 0.2663 0.2072 0.9414
vn 0.2292 0.2080 0.9509
vn 0.3191 0.2019 0.9260
vn 0.4200 0.1628 0.8928
vn 0.4653 0.1480 0.8727
vn 0.3920 0.2224 0.8927
vn 0.3841 0.1934 0.9028
vn 0.7138 0.0398 0.6992
vn 0.7746 0.1312 0.6187
vn 0.8732 -0.4292 0.2309
vn 0.8861 0.2354 0.3993
vn 0.8422 0.3323 0.4246
vn 0.6640 0.6091 0.4338
vn 0.5768 0.3746 0.7259
vn 0.9233 0.3571 0.1410
vn 0.5822 0.2145 -0.7842
vn 0.7682 0.1040 -0.6317
vn -0.8399 -0.2060 0.5020
vn -0.9848 -0.1690 0.0409
vn -0.8900 -0.4345 0.1384
vn -0.3960 -0.3142 0.8628
vn 0.1541 -0.9602 -0.2330
vn -0.0000 -0.2223 0.9750
vn -0.4318 -0.0511 0.9005
vn -0.0921 -0.0006 0.9958
vn -0.7067 0.1374 0.6940
vn -0.0363 0.2264 0.9734
vn -0.6290 0.3611 0.6884
vn 0.0917 0.4138 0.9057
vn -0.0109 0.5471 0.8370
vn -0.6448 0.4533 0.6155
vn -0.9329 -0.0087 0.3599
vn -0.8905 -0.0736 -0.4489
vn -0.6022 -0.1339 -0.7870
vn 0.0054 -0.0758 -0.9971
vn -0.4064 -0.0589 -0.9118
vn 0.0167 -0.0605 -0.9980
vn 0.8615 -0.2474 0.4434
vn 0.8921 -0.4377 0.1125
vn 0.9807 -0.1886 0.0512
vn 0.9196 -0.0140 0.3927
vn 0.8714 -0.0766 -0.4845
vn 0.7484 0.1641 0.6426
vn 0.6915 0.3215 0.6469
vn 0.6361 0.4280 0.6420
vn 0.3515 -0.0159 0.9361
vn 0.4939 -0.2900 0.8197
vn 0.6113 -0.1497 -0.7771
vn 0.3843 -0.0596 -0.9213
vn 0.2554 -0.0017 0.9668
vn 0.0978 0.0677 0.9929
vn 0.2834 -0.0154 0.9589
vn 0.3810 -0.0619 0.9225
vn 0.2862 -0.0194 0.9580
vn 0.2557 0.0459 0.9657
vn 0.0895 0.2186 0.9717
vn 0.2177 0.2332 0.9477
vn 0.9462 -0.2896 0.1444
vn 0.7174 -0.4072 0.5652
vn 0.5654 -0.2968 0.7696
vn 0.3694 -0.3667 0.8539
vn -0.7593 -0.4232 0.4943
vn 0.1086 0.1126 0.9877
vn 0.3259 -0.4958 0.8050
vn 0.0428 0.0638 0.9970
vn 0.0396 0.0252 0.9989
vn 0.0769 0.0074 0.9970
vn 0.1422 -0.0107 0.9898
vn 0.2247 0.0554 0.9728
vn 0.2859 0.0174 0.9581
vn 0.1952 -0.0285 0.9803
vn 0.2323 -0.0530 0.9712
vn 0.2117 -0.0700 0.9748
vn 0.1933 0.0182 0.9810
vn 0.1202 0.1513 0.9812
vn 0.5826 0.4099 0.7018
vn 0.4434 0.3838 0.8100
vn 0.3650 0.3862 0.8471
vn 0.4487 0.5815 0.6786
vn 0.2171 0.6722 0.7079
vn 0.5009 0.7233 0.4753
vn 0.7272 0.5474 0.4142
vn 0.8032 0.4000 0.4414
vn 0.7121 0.6263 0.3174
vn -0.2698 0.3504 0.8969
vn -0.3419 0.3468 0.8734
vn -0.5478 0.3606 0.7549
vn -0.5197 0.4216 0.7431
vn -0.6738 0.3451 0.6533
vn -0.6349 0.5197 0.5716
vn -0.3988 0.5772 0.7126
vn -0.0976 0.3304 0.9388
vn -0.5840 0.6424 0.4964
vn -0.2372 0.5129 0.8250
vn -0.3749 0.6510 0.6601
vn -0.5069 0.6659 0.5473
vn -0.4699 0.5209 0.7126
vn -0.6973 0.5723 0.4315
vn -0.6840 0.7011 0.2017
vn -0.6431 0.6230 0.4453
vn -0.5372 0.4922 0.6850
vn -0.9002 0.4006 0.1708
vn 0.3532 0.5429 0.7619
vn 0.6544 0.5074 0.5606
vn 0.4938 0.6373 0.5917
vn 0.3522 0.5206 0.7778
vn 0.5291 0.5036 0.6830
vn 0.6244 0.6304 0.4612
vn 0.6793 0.6617 0.3174
vn 0.7812 0.4640 0.4177
vn 0.7535 0.5298 0.3894
vn 0.6168 0.5722 0.5405
vn 0.6088 0.4427 0.6583
vn 0.1294 0.6283 0.7671
vn -0.1599 0.5018 0.8501
vn -0.5323 0.5176 0.6699
vn -0.5953 0.4161 0.6874
vn -0.7207 0.3492 0.5989
vn -0.5636 0.4511 0.6920
vn -0.0771 0.4463 0.8916
vn 0.1253 0.5066 0.8530
vn 0.5850 0.3901 0.7111
vn 0.7086 0.3718 0.5997
vn -0.9840 0.1779 -0.0067
vn 0.2406 -0.9622 0.1273
vn 0.6735 -0.6019 -0.4292
vn 0.2051 -0.9445 -0.2568
vn 0.6556 -0.4548 -0.6028
vn -0.7109 -0.2943 -0.6387
vn -0.6577 -0.7173 -0.2299
vn -0.6984 -0.1383 -0.7022
vn -0.7325 -0.5502 -0.4010
vn -0.4991 0.4175 -0.7593
vn 0.2406 -0.9622 0.1274
vn -0.6850 -0.0337 -0.7277
vn 0.3303 -0.1826 -0.9260
vn -0.3601 -0.1355 -0.9230
vn -0.5713 0.1037 -0.8142
vn -0.5768 0.3287 -0.7478
vn -0.4937 0.4424 -0.7487
vn 0.0582 0.5098 -0.8583
vn -0.4884 0.4677 -0.7367
vn -0.6925 0.4468 -0.5665
vn 0.4438 -0.7579 -0.4782
vn -0.5318 -0.1730 -0.8290
vn -0.5676 0.1764 -0.8042
vn 0.9255 0.3733 -0.0641
vn -0.8729 0.4534 0.1800
vn -0.7374 0.1224 -0.6643
vn -0.7270 -0.1060 -0.6784
vn -0.7445 -0.1107 -0.6584
vn -0.6009 -0.3467 -0.7203
vn -0.7834 -0.2708 -0.5594
vn -0.4903 -0.3582 -0.7945
vn -0.3540 -0.2413 -0.9036
vn -0.2621 -0.2867 -0.9215
vn -0.5543 -0.0514 -0.8307
vn -0.7147 -0.0793 -0.6949
vn -0.4077 -0.1804 -0.8951
vn -0.7682 0.4766 -0.4275
vn 0.3167 0.8004 0.5090
vn 0.9902 0.0695 -0.1213
vn 0.6262 -0.7628 0.1614
vn 0.4921 0.8453 -0.2083
vn 0.6209 0.5406 -0.5676
vn 0.6607 -0.6727 -0.3331
vn 0.3293 -0.9213 -0.2069
vn 0.3480 -0.8498 0.3959
vn 0.0000 -0.9131 0.4077
vn 0.0010 -0.8587 -0.5125
vn 0.4142 0.1134 -0.9031
vn -0.0445 0.5895 -0.8065
vn -0.4857 0.1518 -0.8608
vn -0.1807 -0.2321 -0.9558
vn 0.0735 -0.2321 -0.9699
vn -0.1105 -0.9626 -0.2472
vn -0.5076 0.1288 -0.8519
vn -0.4408 -0.3024 -0.8451
vn -0.0977 -0.5306 -0.8420
vn -0.1892 -0.6631 -0.7242
vn -0.5470 -0.6699 -0.5021
vn 0.1645 0.2385 -0.9571
vn -0.4570 -0.4284 -0.7795
vn 0.8868 -0.4025 -0.2270
vn 0.7695 -0.2895 0.5692
vn 0.9349 -0.2950 -0.1974
vn 0.9986 -0.0396 -0.0348
vn -0.0608 -0.1215 -0.9907
vn -0.3071 -0.3890 -0.8685
vn -0.1994 -0.0849 -0.9762
vn -0.2219 -0.0434 -0.9741
vn -0.1587 0.0794 -0.9841
vn -0.3627 0.0895 -0.9276
vn -0.5834 -0.3345 -0.7401
vn -0.6033 0.1592 -0.7815
vn -0.8864 -0.1190 -0.4473
vn -0.7856 0.2179 -0.5791
vn -0.6062 -0.4617 -0.6476
vn -0.4356 -0.5738 -0.6935
vn -0.1988 -0.9370 -0.2872
vn -0.3285 -0.5301 -0.7817
vn -0.6554 0.3977 -0.6421
vn -0.9934 0.0023 0.1149
vn -0.9124 -0.0143 -0.4090
vn -0.9494 -0.0000 -0.3139
vn -0.8224 0.1326 -0.5533
vn -0.9941 0.1027 -0.0344
vn 0.0694 0.1927 -0.9788
vn -0.2005 0.1901 -0.9611
vn -0.1267 0.2806 -0.9514
vn -0.3687 0.2739 -0.8883
vn -0.5925 -0.4679 -0.6558
vn -0.6605 0.4097 -0.6292
vn -0.6080 0.0952 -0.7882
vn -0.4879 0.3356 -0.8058
vn -0.8211 0.2674 -0.5043
vn -0.7997 0.0420 -0.5990
vn -0.9560 0.1800 -0.2316
vn -0.3452 0.0663 0.9362
vn -0.3723 0.3922 0.8412
vn -0.7170 0.6896 -0.1018
vn -0.6327 0.6471 -0.4255
vn -0.5866 0.4232 -0.6905
vn -0.1764 0.4144 -0.8929
vn -0.4857 0.1517 -0.8609
vn -0.4731 0.5573 -0.6823
vn -0.6185 0.7444 -0.2517
vn 0.0735 -0.2320 -0.9699
vn -0.8759 0.4718 -0.1015
vn -0.8938 0.1288 -0.4297
vn 0.1486 -0.2806 -0.9482
vn 0.0522 -0.3004 -0.9524
vn -0.8517 0.1604 -0.4989
vn -0.6974 0.1918 -0.6905
vn -0.9265 -0.0384 -0.3743
vn -0.6744 0.0372 -0.7375
vn -0.8046 0.2742 -0.5267
vn -0.5321 0.5457 -0.6474
vn -0.5752 -0.0170 -0.8178
vn -0.9004 -0.1529 -0.4073
vn -0.5093 -0.0890 -0.8560
vn -0.6729 0.4887 -0.5553
vn -0.7615 0.6438 -0.0753
vn -0.9423 -0.3135 -0.1178
vn -0.9292 0.0769 -0.3614
vn -0.0656 -0.8291 -0.5552
vn -0.0976 -0.5306 -0.8420
vn 0.1254 -0.0274 -0.9917
vn 0.1048 -0.9435 -0.3145
vn 0.7212 -0.6119 -0.3246
vn 0.7961 0.0000 -0.6051
vn 0.3896 0.5983 -0.7002
vn 0.0656 0.8291 -0.5552
vn 0.6271 0.7070 -0.3270
vn 0.9487 0.0000 -0.3162
vn -0.1048 0.9435 -0.3145
vn -0.3783 0.6837 -0.6240
vn -0.7961 0.0000 -0.6051
vn -0.7212 0.6119 -0.3246
vn -0.9487 0.0000 -0.3162
vn -0.4782 0.5305 -0.6999
vn -0.3565 0.5096 -0.7831
vn 0.4087 0.4676 -0.7838
vn -0.0304 0.5526 -0.8329
vn 0.0000 0.2206 -0.9754
vn 0.3718 0.1534 -0.9155
vn -0.0156 -0.1895 -0.9818
vn 0.3233 -0.3469 -0.8804
vn 0.2396 -0.2559 -0.9365
vn 0.0073 -0.2094 -0.9778
vn -0.3238 -0.3008 -0.8970
vn -0.1962 -0.2177 -0.9561
vn -0.5015 -0.0805 -0.8614
vn -0.4693 0.2345 -0.8514
vn -0.9341 -0.0219 -0.3564
vn -0.9171 -0.1479 0.3703
vn -0.8534 -0.0968 -0.5122
vn -0.9535 -0.2584 0.1554
vn -0.8042 0.1524 -0.5744
vn -0.5261 -0.8395 -0.1358
vn -0.2435 0.0731 -0.9671
vn -0.2192 -0.8950 -0.3886
vn -0.2025 0.0483 -0.9781
vn -0.1095 -0.9891 -0.0989
vn 0.1099 0.0969 -0.9892
vn 0.4190 -0.5851 -0.6944
vn 0.1320 0.0132 -0.9912
vn 0.3590 -0.8748 -0.3253
vn 0.4627 0.0981 -0.8811
vn 0.6629 -0.7329 -0.1531
vn 0.7867 0.0478 -0.6155
vn 0.9211 -0.1914 0.3391
vn 0.8911 -0.1166 -0.4386
vn 0.9762 0.0818 -0.2008
vn 0.9911 -0.0172 -0.1318
vn 0.2829 0.4308 0.8570
vn -0.1303 0.7443 -0.6550
vn 0.1726 0.9833 -0.0575
vn -0.0830 0.4779 0.8745
vn -0.0976 0.9843 0.1470
vn -0.2886 0.3741 0.8814
vn 0.2413 0.2962 0.9241
vn 0.1319 0.9893 -0.0624
vn -0.1696 0.8939 0.4148
vn 0.0076 0.4595 -0.8882
vn -0.3060 0.4610 -0.8330
vn 0.2551 0.5624 -0.7866
vn 0.8911 0.4529 -0.0292
vn -0.2143 -0.6289 -0.7473
vn 0.5533 0.2505 0.7945
vn -0.9710 -0.0776 -0.2262
vn -0.8699 -0.4308 -0.2401
vn -0.9002 0.0019 -0.4354
vn -0.8377 -0.0005 -0.5461
vn -0.8178 0.0577 -0.5726
vn -0.7606 -0.2518 -0.5984
vn 0.1779 -0.8834 -0.4336
vn -0.0166 0.1362 -0.9905
vn -0.1163 -0.6364 -0.7625
vn 0.3113 -0.2647 -0.9127
vn -0.0500 -0.9676 -0.2474
vn -0.9828 -0.1089 -0.1489
vn -0.7532 0.3376 0.5645
vn -0.7066 -0.2270 0.6702
vn -0.9957 0.0082 0.0920
vn 0.4783 0.1270 0.8690
vn 0.9226 0.3826 -0.0498
vn -0.3006 -0.7967 -0.5243
vn -0.3747 -0.2103 -0.9030
vn -0.9554 -0.2101 -0.2075
vn 0.0980 -0.3576 -0.9287
vn 0.3804 -0.1731 -0.9085
vn 0.4723 -0.2539 -0.8441
vn 0.2888 -0.9452 -0.1522
vn 0.5113 -0.6931 -0.5081
vn 0.5573 -0.2406 -0.7947
vn 0.1195 -0.4559 -0.8820
vn 0.1817 -0.2031 -0.9621
vn 0.3527 -0.8181 -0.4543
vn -0.1671 0.1739 -0.9705
vn 0.4173 -0.2976 -0.8587
vn 0.4517 0.1258 -0.8833
vn 0.7588 0.0524 -0.6492
vn 0.6038 -0.1314 -0.7862
vn 0.7999 -0.0839 -0.5943
vn 0.5387 -0.2474 -0.8054
vn 0.7744 -0.1660 -0.6105
vn 0.3600 -0.3824 -0.8510
vn 0.4712 -0.2367 -0.8497
vn 0.5285 -0.0655 -0.8464
vn 0.5401 -0.0753 -0.8382
vn 0.5793 -0.0968 -0.8093
vn 0.6125 0.2891 -0.7357
vn -0.1893 0.3618 -0.9128
vn 0.0343 0.5660 -0.8237
vn 0.0007 0.1777 -0.9841
vn -0.0167 0.1361 -0.9906
vn 0.3114 -0.2647 -0.9127
vn 0.0393 -0.1742 -0.9839
vn -0.0107 0.0107 -0.9999
vn -0.8131 0.2689 -0.5163
vn 0.0051 0.2333 -0.9724
vn -0.0058 0.3940 -0.9191
vn 0.7319 0.1412 -0.6666
vn 0.6523 0.4888 -0.5793
vn -0.1742 0.5533 -0.8146
vn -0.4526 0.5788 -0.6783
vn -0.4553 0.1442 -0.8786
vn -0.1235 0.3935 -0.9110
vn -0.4017 0.0588 -0.9139
vn -0.3459 -0.0672 -0.9359
vn -0.5037 0.2956 -0.8118
vn -0.4413 0.1608 -0.8828
vn 0.7221 0.2045 -0.6609
vn 0.3965 0.1057 -0.9119
vn 0.0466 0.0924 -0.9946
vn 0.6383 -0.2823 -0.7162
vn 0.3274 -0.1963 -0.9243
vn 0.7748 -0.4735 -0.4190
vn -0.0550 -0.9117 -0.4071
vn 0.5748 -0.8090 -0.1230
vn -0.0036 -0.9825 -0.1862
vn 0.5820 -0.2630 -0.7695
vn -0.5339 -0.7945 -0.2893
vn -0.5306 -0.8159 -0.2299
vn -0.6709 -0.3743 -0.6401
vn -0.6146 0.1570 -0.7731
vn 0.4385 0.1663 -0.8832
vn 0.6310 0.0835 -0.7713
vn 0.6028 -0.3417 -0.7211
vn 0.5118 -0.6075 -0.6075
vn 0.4043 -0.8127 -0.4196
vn 0.2288 -0.9342 -0.2738
vn -0.8427 0.5196 -0.1409
vn -0.5120 0.8586 -0.0239
vn -0.6083 0.5220 -0.5979
vn -0.6589 -0.7198 -0.2186
vn -0.4122 -0.1519 -0.8983
vn -0.3436 -0.9007 -0.2660
vn 0.5442 0.2577 -0.7984
vn 0.4711 0.2074 -0.8574
vn 0.6835 0.0766 -0.7259
vn 0.8051 0.2852 -0.5201
vn 0.8536 0.1442 -0.5006
vn 0.9648 0.2458 -0.0933
vn 0.9304 0.1909 -0.3129
vn 0.8764 0.3763 -0.3004
vn -0.2351 -0.0071 -0.9719
vn -0.4645 -0.8461 -0.2613
vn 0.0869 0.9954 0.0414
vn -0.0935 0.8893 0.4476
vn -0.2305 0.9324 0.2784
vn 0.4577 0.8830 -0.1037
vn -0.6410 0.2290 -0.7326
vn -0.5577 0.1389 -0.8183
vn -0.4380 0.4020 -0.8041
vn -0.6588 0.0608 -0.7499
vn -0.6790 -0.1322 -0.7221
vn 0.6799 0.5518 -0.4830
vn -0.1610 0.5527 -0.8177
vn 0.5865 0.4106 -0.6981
vn 0.3855 0.4454 -0.8081
vn 0.6936 0.4438 -0.5674
vn 0.5173 0.5102 -0.6870
vn 0.3065 0.5184 -0.7983
vn 0.4320 0.0476 -0.9006
vn 0.6232 -0.0418 -0.7809
vn 0.7709 -0.1093 -0.6275
vn 0.4435 -0.2726 -0.8538
vn 0.5404 0.4820 -0.6897
vn -0.9987 -0.0418 -0.0297
vn -0.9974 0.0346 -0.0640
vn -0.7924 -0.3757 0.4806
vn -0.9324 -0.3560 -0.0629
vn -0.9217 -0.0424 -0.3855
vn -0.8823 -0.0754 -0.4647
vn -0.7321 -0.0835 -0.6760
vn -0.2765 0.3307 -0.9023
vn -0.5874 0.2508 -0.7694
vn -0.6607 0.3959 -0.6378
vn -0.8184 0.2991 -0.4907
vn -0.6538 0.4553 -0.6043
vn -0.7148 0.3309 -0.6161
vn -0.8424 0.0779 -0.5332
vn -0.9413 0.1831 -0.2834
vn -0.5802 0.3130 -0.7520
vn -0.5450 -0.1514 -0.8246
vn 0.0000 -0.7907 -0.6122
vn -0.0068 -0.0046 -1.0000
vn 0.1196 -0.4560 -0.8819
vn 0.0000 -0.9487 -0.3162
vn -0.6669 -0.6865 -0.2898
vn -0.7788 -0.0885 -0.6211
vn -0.4260 0.5626 -0.7085
vn 0.0000 0.8556 -0.5177
vn -0.6333 0.6863 -0.3577
vn -0.9460 0.0236 -0.3232
vn 0.0000 0.9487 -0.3162
vn 0.4588 0.8282 -0.3218
vn 0.4523 0.5935 -0.6657
vn 0.8494 0.1516 -0.5055
vn 0.6712 -0.1464 -0.7267
vn 0.5345 0.2673 -0.8018
vn 0.4976 0.1772 -0.8491
vn 0.5620 0.2319 -0.7939
vn 0.4526 0.2263 -0.8626
vn 0.3790 0.1225 -0.9173
vn 0.4183 0.0238 -0.9080
vn 0.5416 0.1133 -0.8329
vn 0.4641 0.0000 -0.8858
vn 0.1411 0.3240 -0.9355
vn 0.5391 0.2873 -0.7917
vn 0.2076 0.2173 -0.9538
vn 0.6245 0.3345 -0.7058
vn 0.8818 0.2825 -0.3777
vn 0.9004 0.1835 -0.3944
vn 0.6627 -0.2154 -0.7173
vn 0.8382 -0.1678 -0.5189
vn 0.5021 -0.3298 -0.7994
vn 0.6201 0.4984 -0.6058
vn 0.9981 0.0224 0.0571
vn 0.9513 0.0004 -0.3083
vn 0.9116 -0.0590 -0.4069
vn 0.5411 0.3667 -0.7568
vn 0.4502 -0.0145 -0.8928
vn 0.1793 0.5722 -0.8003
vn -0.0425 0.5547 -0.8310
vn 0.0482 -0.1447 -0.9883
vn 0.2168 0.0026 -0.9762
vn 0.1545 0.1545 -0.9758
vn 0.1712 -0.1449 -0.9745
vn 0.2919 0.0000 -0.9565
vn -0.2684 0.5291 -0.8050
vn 0.0171 0.6787 -0.7342
vn 0.6365 0.4083 -0.6544
vn 0.6802 -0.0375 -0.7321
vn 0.2646 0.4069 -0.8743
vn 0.4498 0.1808 -0.8746
vn 0.8865 0.1833 -0.4248
vn 0.5234 -0.2182 -0.8237
vn 0.2791 -0.4896 -0.8260
vn -0.1408 0.2901 -0.9466
vn 0.9571 -0.1977 -0.2119
vn 0.9028 -0.0421 -0.4280
vn 0.7893 -0.5736 -0.2190
vn 0.6142 -0.4447 -0.6519
vn 0.6457 -0.6960 -0.3141
vn 0.6026 -0.3730 -0.7055
vn 0.9864 -0.0640 -0.1512
vn 0.8215 0.4128 -0.3933
vn 0.6836 -0.0925 -0.7240
vn 0.4653 -0.0792 -0.8816
vn 0.5469 0.4962 -0.6743
vn 0.8453 0.1017 -0.5246
vn 0.6372 0.1238 -0.7607
vn 0.9826 -0.1311 -0.1319
vn 0.7732 -0.0546 -0.6318
vn 0.8809 0.0688 -0.4682
vn 0.2244 0.5334 -0.8156
vn -0.0146 0.6225 -0.7825
vn -0.2449 -0.2764 -0.9293
vn -0.2448 -0.2764 -0.9293
vn -0.0115 0.2623 -0.9649
vn 0.2514 -0.0363 -0.9672
vn 0.2514 -0.0364 -0.9672
vn 0.5034 0.5255 -0.6859
vn 0.8215 -0.1252 -0.5563
vn 0.7696 0.0594 -0.6357
vn 0.7331 0.1363 -0.6663
vn 0.7955 0.3823 -0.4701
vn 0.5788 0.3910 -0.7156
vn 0.2348 0.3347 -0.9126
vn 0.0099 0.1927 -0.9812
vn -0.0070 0.3984 -0.9172
vn -0.2563 -0.9052 -0.3390
vn 0.0302 -0.8458 -0.5326
vn -0.0766 -0.9970 -0.0111
vn 0.2111 -0.8188 -0.5338
vn -0.5273 -0.7642 0.3714
vn -0.3095 -0.8946 0.3223
vn 0.6951 0.2077 -0.6882
vn 0.5225 0.3662 -0.7700
vn 0.3253 0.1862 -0.9271
vn 0.1879 -0.1365 -0.9727
vn 0.3105 -0.2901 -0.9052
vn 0.5366 0.2331 -0.8110
vn 0.8727 0.1206 -0.4731
vn 0.7206 0.4066 -0.5617
vn 0.5668 0.8235 -0.0227
vn -0.3896 -0.5983 -0.7002
vn -0.6271 -0.7070 -0.3270
vn 0.3783 -0.6837 -0.6240
vn 0.6374 -0.6740 -0.3734
vn -0.4354 0.9002 -0.0118
vn 0.4502 -0.0146 -0.8928
vn 0.6882 0.2294 -0.6882
vn -0.3469 0.1517 -0.9256
vn -0.4912 -0.1375 -0.8601
vn -0.4170 -0.2554 -0.8723
vn -0.3876 0.4904 -0.7806
vn -0.2009 0.3155 -0.9274
vn -0.0687 0.4595 -0.8855
vn -0.9825 0.0591 0.1766
vn -0.8872 0.3512 -0.2991
vn -0.6908 0.4161 -0.5914
vn -0.8953 -0.1891 0.4033
vn -0.2869 0.2154 0.9334
vn 0.7361 0.3670 -0.5687
vn 0.9367 0.3086 -0.1654
vn 0.9244 0.0289 0.3804
vn 0.2827 0.2330 0.9305
vn 0.9220 -0.2634 0.2837
vn 0.3919 0.2241 0.8923
vn 0.9254 0.3391 -0.1693
vn -0.2733 0.4399 0.8555
vn 0.2926 0.0736 -0.9534
vn -0.9645 0.2530 -0.0750
vn -0.3083 0.1360 0.9415
vn 0.2949 0.4487 0.8436
vn -0.2676 0.0256 -0.9632
vn -0.8179 -0.1065 -0.5654
vn -0.7862 -0.5768 0.2218
vn -0.6761 0.1830 -0.7138
vn -0.7368 -0.6327 0.2382
vn 0.9047 -0.3476 -0.2463
vn 0.8312 -0.1423 -0.5375
vn 0.7070 0.1621 -0.6884
vn 0.6450 -0.6255 0.4389
vn 0.3021 -0.4130 0.8592
vn -0.0106 -0.6416 0.7670
vn 0.5609 0.4209 -0.7129
vn -0.0547 -0.2773 -0.9592
vn -0.9268 -0.3704 -0.0623
vn -0.2529 0.3164 -0.9143
vn -0.8481 -0.3406 0.4059
vn -0.9984 0.0110 -0.0554
vn 0.6706 0.1554 -0.7253
vn 0.8411 -0.1534 0.5186
vn 0.2807 -0.2510 0.9264
vn -0.5976 -0.3809 0.7056
vn -0.1678 -0.6512 0.7401
vn -0.3651 0.5454 -0.7544
vn -0.2858 0.2779 -0.9171
vn 0.9535 -0.2844 -0.0998
vn -0.1708 0.5276 -0.8321
vn -0.6441 -0.3726 0.6681
vn -0.3581 0.3874 -0.8495
vn -0.7253 -0.1323 0.6756
vn -0.3277 0.3851 -0.8628
vn -0.7418 0.3839 -0.5499
vn -0.5665 0.4030 -0.7188
vn -0.0179 0.3917 -0.9199
vn 0.3074 0.4001 -0.8634
vn 0.4650 0.3356 -0.8192
vn 0.9706 -0.0636 0.2320
vn 0.8475 -0.3981 0.3510
vn -0.4292 0.1778 -0.8855
vn 0.3165 0.3496 -0.8818
vn 0.7517 0.3439 -0.5628
vn 0.5823 0.4581 -0.6716
vn 0.7442 0.4048 -0.5314
vn 0.8851 0.3958 -0.2450
vn 0.9749 0.1315 0.1796
vn 0.9949 0.0710 0.0719
vn 0.9876 -0.0738 0.1384
vn 0.7087 0.2420 0.6627
vn -0.4524 0.3803 -0.8067
vn -0.9560 0.2934 -0.0016
vn -0.8245 0.4252 0.3733
vn -0.9785 0.0964 -0.1826
vn 0.7288 -0.1843 -0.6595
vn -0.8324 0.2808 -0.4778
vn 0.7844 0.0001 -0.6203
vn -0.6531 0.5444 -0.5264
vn 0.9268 -0.3604 0.1054
vn -0.4600 0.6415 -0.6139
vn -0.7351 0.6479 -0.1996
vn -0.8009 0.5986 -0.0125
vn -0.1945 -0.1908 0.9622
vn -0.0308 -0.1561 0.9873
vn 0.3291 -0.0635 0.9422
vn -0.2283 0.0645 -0.9714
vn 0.0124 -0.7323 -0.6809
vn -0.0048 -0.0382 -0.9993
vn -0.4311 -0.0997 -0.8968
vn -0.6330 0.1088 -0.7664
vn 0.3770 -0.5735 -0.7273
vn -0.3724 0.0387 0.9273
vn 0.5542 -0.2072 -0.8062
vn 0.0216 0.1664 0.9858
vn 0.4583 -0.1818 -0.8700
vn 0.2813 0.0304 0.9591
vn 0.3543 -0.2438 -0.9028
vn 0.9681 -0.2322 0.0946
vn 0.9625 -0.1492 0.2265
vn 0.9515 -0.1142 0.2855
vn 0.8944 0.0000 0.4472
vn -0.2854 0.0991 -0.9533
vn -0.4062 0.1961 -0.8925
vn -0.6047 0.3552 -0.7129
vn -0.3506 0.2938 -0.8892
vn -0.4261 0.1461 -0.8928
vn -0.4444 0.0713 -0.8930
vn -0.4920 0.0024 -0.8706
vn -0.4686 -0.0631 -0.8812
vn -0.4468 -0.1181 -0.8868
vn -0.3680 -0.1948 -0.9092
vn -0.0868 0.4530 -0.8873
vn -0.2974 -0.0225 -0.9545
vn -0.4708 0.4283 -0.7713
vn -0.4296 0.4816 -0.7639
vn -0.5941 0.6236 -0.5081
vn -0.5840 0.6091 -0.5366
vn -0.4830 0.7733 -0.4108
vn -0.6269 0.7077 -0.3258
vn -0.5152 0.8564 0.0351
vn -0.6723 0.7396 0.0329
vn -0.4470 0.8168 0.3647
vn -0.5531 0.7770 0.3007
vn -0.0249 0.9989 -0.0400
vn -0.0320 0.8950 -0.4449
vn 0.0687 0.7798 -0.6222
vn 0.0346 0.4495 -0.8926
vn 0.0000 0.0000 -1.0000
vn 0.0199 0.9197 0.3922
vn -0.4861 0.6841 0.5438
vn -0.3398 0.6743 0.6557
vn -0.5422 0.3970 0.7405
vn -0.3388 0.4610 0.8202
vn 0.0162 0.5605 0.8280
vn 0.0628 0.7724 0.6320
vn -0.2772 0.8640 -0.4203
vn -0.3722 0.4775 -0.7959
vn -0.5019 0.5369 -0.6781
vn -0.6467 0.2037 -0.7350
vn -0.6803 0.1974 -0.7058
vn -0.7788 0.1144 -0.6168
vn -0.7296 0.0783 -0.6794
vn -0.8916 0.2931 -0.3453
vn -0.4450 -0.0366 -0.8948
vn -0.8985 -0.4250 -0.1101
vn -0.7980 -0.4716 -0.3752
vn -0.7520 0.6136 0.2407
vn -0.9991 0.0418 0.0113
vn -0.8186 0.2089 0.5351
vn -0.6589 0.1791 0.7306
vn -0.4492 0.2116 0.8680
vn -0.3836 0.1630 0.9090
vn 0.1322 0.2701 -0.9537
vn -0.5022 0.3983 -0.7676
vn -0.8389 0.2753 -0.4695
vn -0.5359 0.4933 -0.6851
vn -0.5513 0.2656 -0.7909
vn -0.5232 0.3550 -0.7748
vn -0.5513 0.2655 -0.7909
vn -0.2981 0.4006 -0.8664
vn -0.2880 0.4636 -0.8379
vn -0.2935 0.4223 -0.8576
vn -0.2501 0.4646 -0.8495
vn -0.2815 0.5194 -0.8069
vn -0.5264 0.5742 -0.6271
vn -0.6824 0.5172 -0.5165
vn -0.3390 0.7063 -0.6215
vn -0.0247 0.7746 -0.6320
vn 0.3753 0.7253 -0.5771
vn -0.1709 0.3911 -0.9043
vn -0.2375 0.3003 -0.9238
vn -0.4218 0.3055 -0.8537
vn -0.7051 0.3980 -0.5869
vn -0.6709 0.4565 -0.5844
vn -0.5551 0.4347 -0.7091
vn -0.5648 0.2557 -0.7846
vn -0.3699 -0.0818 -0.9255
vn -0.3814 0.1643 -0.9097
vn -0.5659 0.1401 -0.8125
vn -0.5263 0.1953 -0.8276
vn -0.3413 0.2039 -0.9176
vn -0.1271 0.2262 -0.9658
vn -0.1184 0.1526 -0.9812
vn -0.6058 -0.0266 -0.7952
vn -0.6057 -0.0266 -0.7952
vn -0.6136 0.1790 -0.7691
vn -0.9917 0.1260 0.0264
vn -0.3234 0.6276 -0.7082
vn 0.0038 0.6047 -0.7964
vn 0.2270 0.6001 -0.7670
vn 0.3999 -0.0897 -0.9121
vn 0.2431 0.0611 -0.9681
vn -0.0335 -0.7418 -0.6698
vn 0.4331 0.0467 -0.9001
vn -0.6224 -0.2936 -0.7255
vn 0.4789 -0.3472 0.8063
vn -0.6332 -0.0276 -0.7735
vn 0.4632 -0.2217 0.8581
vn -0.6405 0.1764 -0.7474
vn -0.0038 0.2183 0.9759
vn -0.6516 -0.0627 -0.7560
vn -0.8391 -0.1584 0.5204
vn -0.8612 -0.1064 0.4970
vn -0.8849 -0.1015 0.4546
vn -0.9173 -0.2007 0.3440
vn 0.2464 0.0093 -0.9691
vn 0.5839 0.3953 -0.7090
vn 0.4011 -0.0403 -0.9152
vn 0.4489 0.0892 -0.8891
vn 0.5245 0.0656 -0.8489
vn 0.5771 0.0668 -0.8140
vn 0.5912 0.0269 -0.8061
vn 0.5385 -0.0116 -0.8425
vn 0.5109 -0.0309 -0.8591
vn 0.4241 -0.0884 -0.9013
vn 0.8823 0.0249 -0.4701
vn 0.8322 -0.4620 -0.3066
vn 0.9227 -0.2610 -0.2836
vn 0.8695 -0.3635 -0.3344
vn 0.9904 0.1196 0.0691
vn 0.7979 0.2700 0.5390
vn 0.6849 0.1683 0.7089
vn 0.4356 0.2294 0.8704
vn 0.3991 0.1921 0.8965
vn 0.9817 0.1820 0.0554
vn 0.9621 -0.2712 -0.0291
vn 0.9997 0.0089 -0.0236
vn 0.0338 0.4945 -0.8685
vn 0.2974 -0.0225 -0.9545
vn 0.4708 0.4283 -0.7713
vn 0.4680 0.4394 -0.7668
vn 0.6122 0.6175 -0.4938
vn 0.4649 0.6737 -0.5744
vn 0.5515 0.7415 -0.3821
vn 0.4819 0.7885 -0.3821
vn 0.5571 0.8300 -0.0274
vn 0.5376 0.8432 0.0033
vn 0.5667 0.7562 0.3272
vn 0.4459 0.8376 0.3156
vn 0.5242 0.6490 0.5513
vn 0.2686 0.7615 0.5899
vn 0.5279 0.3818 0.7586
vn 0.3234 0.4494 0.8328
vn 0.8332 0.0330 -0.5520
vn 0.7716 0.0031 -0.6362
vn 0.8795 0.4180 -0.2275
vn 0.6485 0.1742 -0.7410
vn 0.5889 0.0176 -0.8080
vn 0.6472 0.4768 -0.5949
vn 0.5269 0.5850 -0.6166
vn 0.3301 0.5128 -0.7925
vn 0.2367 0.8560 -0.4595
vn 0.3557 0.3706 -0.8580
vn 0.9371 0.3360 -0.0947
vn 0.8448 0.4971 0.1982
vn 0.9851 0.0897 -0.1468
vn -0.7018 -0.1925 -0.6859
vn 0.8840 0.3419 -0.3188
vn -0.7652 0.0260 -0.6432
vn 0.6832 0.5530 -0.4769
vn -0.9185 -0.3728 -0.1317
vn 0.2163 0.4178 -0.8824
vn 0.8003 0.5729 -0.1769
vn 0.7915 0.3755 0.4822
vn 0.1543 -0.0972 0.9832
vn 0.0431 -0.1702 0.9845
vn -0.2962 -0.1374 0.9452
vn -0.5644 -0.3081 0.7658
vn -0.3352 -0.6291 0.7013
vn 0.0388 -0.7012 0.7119
vn 0.0365 -0.6698 0.7416
vn -0.0020 -0.5687 0.8225
vn 0.0632 -0.5540 0.8301
vn 0.1496 -0.2965 0.9433
vn -0.0279 -0.3338 0.9422
vn 0.0908 -0.1047 0.9903
vn 0.3389 -0.0861 0.9369
vn 0.8150 -0.5372 0.2171
vn -0.4139 -0.3217 0.8516
vn 0.5807 -0.4109 -0.7028
vn -0.5447 -0.5015 0.6722
vn 0.7482 -0.1456 -0.6473
vn 0.9135 -0.0056 -0.4068
vn -0.3227 -0.5513 0.7694
vn -0.9493 -0.0395 0.3118
vn 0.9028 0.1294 0.4100
vn -0.4810 -0.0146 0.8766
vn -0.4698 0.0037 0.8828
vn -0.4851 0.0275 0.8740
vn -0.5218 0.0549 0.8513
vn 0.1954 0.6752 -0.7113
vn 0.3829 0.6262 -0.6792
vn 0.0233 0.6733 -0.7390
vn 0.5900 0.5401 -0.6002
vn 0.7088 0.2419 0.6627
vn 0.2174 0.8853 -0.4110
vn 0.4839 0.5490 -0.6815
vn 0.5949 0.0901 -0.7988
vn 0.6925 0.1514 -0.7053
vn 0.8835 0.0388 -0.4668
vn 0.4598 0.6071 -0.6481
vn 0.6564 0.5244 -0.5424
vn -0.1250 0.6498 -0.7498
vn 0.8176 0.4098 -0.4044
vn 0.7362 0.3670 -0.5687
vn 0.5838 0.5434 -0.6032
vn 0.5863 0.3085 -0.7491
vn 0.5082 0.2736 -0.8166
vn 0.7034 0.3681 -0.6081
vn 0.6648 0.4285 -0.6119
vn 0.5582 0.4570 -0.6925
vn 0.6204 0.2078 -0.7562
vn 0.5988 0.2251 -0.7686
vn 0.3433 0.3050 -0.8883
vn 0.2306 0.4110 -0.8820
vn 0.1315 0.3044 -0.9434
vn 0.1782 0.4130 -0.8931
vn 0.2895 0.4884 -0.8232
vn 0.2763 0.4156 -0.8666
vn 0.2876 0.4995 -0.8172
vn 0.3375 0.5632 -0.7542
vn 0.4721 -0.1817 0.8626
vn 0.4615 -0.1799 0.8687
vn 0.5064 -0.1447 0.8501
vn 0.3954 -0.2137 0.8933
vn -0.0604 0.7734 -0.6310
vn 0.0831 0.7671 -0.6361
vn -0.2834 0.7291 -0.6230
vn -0.4741 0.6488 -0.5952
vn -0.7164 0.3444 0.6068
vn -0.1677 -0.6512 0.7401
vn 0.9913 -0.0138 -0.1308
vn -0.5119 0.5732 -0.6399
vn 0.9901 -0.0275 -0.1375
vn 0.8426 -0.0000 -0.5386
vn 0.5908 0.0000 -0.8068
vn 0.4574 0.0000 -0.8893
vn 0.1104 -0.0000 -0.9939
vn -0.1104 0.0000 -0.9939
vn -0.4156 -0.0000 -0.9096
vn -0.5113 -0.0000 -0.8594
vn 0.5775 0.7921 -0.1975
vn -0.9558 -0.0000 -0.2941
vn -1.0000 0.0000 0.0000
vn -0.9911 0.0124 0.1328
vn -0.9899 -0.0000 0.1414
vn -0.8913 0.0823 0.4458
vn -0.6034 0.1379 0.7854
vn -0.3106 0.1479 0.9390
vn -0.0025 0.1491 0.9888
vn 0.0157 0.1491 0.9887
vn 0.2726 0.1500 0.9504
vn 0.5066 0.1499 0.8491
vn 0.5776 0.7921 -0.1975
vn 0.9393 0.0589 0.3381
vn 0.9911 0.0141 0.1327
vn 0.9923 -0.0000 0.1240
vn 0.7146 -0.5624 0.4160
vn 0.8358 -0.4875 0.2525
vn -0.0983 -0.1911 0.9766
vn 0.8671 -0.2885 -0.4062
vn 0.8014 -0.1999 0.5638
vn 0.4671 -0.3269 -0.8215
vn 0.4441 -0.5157 0.7327
vn 0.1318 -0.5980 -0.7906
vn 0.1017 -0.8834 0.4575
vn -0.5685 -0.4290 0.7019
vn -0.8231 0.3895 0.4133
vn -0.5911 0.7658 -0.2533
vn -0.9476 -0.0123 -0.3192
vn -0.9591 -0.0271 -0.2817
vn -0.8795 -0.4604 -0.1205
vn -0.7979 -0.5110 0.3197
vn -0.9396 -0.3356 -0.0671
vn -0.8826 -0.4060 -0.2371
vn 0.1365 0.0151 0.9905
vn -0.7322 -0.4138 -0.5409
vn -0.5922 -0.0769 0.8021
vn -0.7745 -0.2341 -0.5877
vn 0.5812 -0.1031 0.8072
vn 0.0249 -0.9281 0.3715
vn 0.6726 -0.4550 0.5836
vn 0.8447 0.3759 0.3810
vn 0.5461 0.7979 -0.2552
vn 0.9505 -0.0314 -0.3092
vn 0.9549 -0.0947 -0.2813
vn 0.8830 -0.4226 -0.2042
vn -0.8419 0.1225 0.5256
vn 0.6398 0.0294 0.7680
vn -0.6661 -0.0130 0.7457
vn 0.9291 -0.1140 0.3519
vn -0.8570 -0.0592 0.5119
vn -0.4178 -0.2836 0.8632
vn -0.8666 -0.4973 -0.0417
vn -0.3146 -0.1031 0.9436
vn 0.0822 -0.0470 0.9955
vn 0.1637 -0.0935 0.9821
vn 0.8191 0.0884 0.5668
vn -0.7139 0.0856 0.6950
vn 0.5222 0.0192 0.8526
vn -0.9700 -0.0545 0.2369
vn 0.8242 -0.0304 0.5655
vn 0.4929 -0.2418 0.8358
vn -0.1141 -0.1469 0.9825
vn 0.4103 -0.1083 -0.9055
vn 0.8312 -0.1424 -0.5375
vn 0.5480 0.0986 -0.8307
vn 0.4328 0.1930 -0.8806
vn 0.5453 0.2220 -0.8083
vn 0.4419 0.2411 -0.8641
vn 0.2921 0.2522 -0.9225
vn 0.2734 0.1688 -0.9470
vn 0.6103 -0.0226 -0.7919
vn 0.5861 0.1742 -0.7913
vn 0.2882 0.5454 -0.7871
vn -0.0176 0.2781 -0.9604
vn -0.0219 0.5392 -0.8419
vn -0.4945 0.2479 -0.8331
vn -0.3198 0.5554 -0.7677
vn -0.4180 -0.0393 -0.9076
vn 0.1085 -0.0375 -0.9934
vn 0.5249 -0.0758 -0.8478
vn -0.9285 0.3250 -0.1797
vn -0.7257 0.3806 -0.5732
vn -0.5605 0.1114 -0.8206
vn 0.5218 -0.5098 0.6840
vn -0.8826 -0.0277 -0.4693
vn 0.4212 -0.3657 0.8300
vn -0.6227 -0.5245 -0.5806
vn -0.1588 -0.2374 0.9583
vn -0.0500 -0.5736 0.8176
vn -0.0424 -0.6896 0.7230
vn 0.1872 -0.6677 0.7205
vn 0.4369 -0.3717 0.8191
vn 0.3291 -0.5555 0.7636
vn -0.3292 0.9044 -0.2715
vn -0.0449 0.8455 -0.5320
vn 0.3108 0.8782 -0.3635
vn 0.1119 0.9863 -0.1211
vn 0.0340 0.9829 -0.1807
vn -0.0123 0.9970 -0.0766
vn -0.0579 0.9898 -0.1300
vn -0.0596 0.9885 -0.1389
vn 0.7161 0.6965 0.0454
vn 0.7416 0.3799 -0.5528
vn 0.7202 0.6798 -0.1385
vn 0.6762 0.7349 0.0527
vn 0.9452 0.3002 -0.1284
vn 0.9991 -0.0420 -0.0086
vn 0.9833 -0.1732 -0.0559
vn 0.6514 -0.2388 -0.7201
vn 0.4083 -0.4083 -0.8165
vn 0.6252 0.0472 -0.7790
vn 0.6955 0.4737 -0.5403
vn 0.6689 0.6030 -0.4347
vn 0.4157 0.7640 -0.4934
vn 0.4611 0.6275 -0.6274
vn 0.4047 0.8553 -0.3236
vn 0.4053 0.9091 0.0959
vn 0.2439 0.9174 0.3146
vn 0.3484 0.5723 0.7423
vn 0.4677 0.5592 0.6845
vn 0.3478 0.3748 0.8594
vn 0.3991 0.1921 0.8966
vn -0.0350 0.2991 0.9536
vn 0.2228 0.4184 0.8805
vn -0.0620 0.5334 0.8436
vn 0.2094 0.6516 0.7291
vn -0.0711 0.7006 0.7100
vn 0.2218 0.7579 0.6135
vn 0.4883 0.7039 0.5158
vn 0.4714 0.5613 0.6803
vn 0.6177 0.3532 0.7026
vn 0.6850 0.1683 0.7089
vn 0.6327 0.4277 0.6456
vn 0.6704 0.4482 0.5914
vn 0.7565 0.4796 0.4446
vn 0.7776 0.5859 0.2282
vn 0.8335 0.5524 0.0115
vn 0.7273 0.2741 -0.6292
vn 0.7496 0.2671 -0.6056
vn 0.6863 0.5442 -0.4826
vn 0.8117 0.1701 -0.5588
vn 0.8563 0.0883 -0.5089
vn 0.7681 0.0377 -0.6392
vn 0.6114 0.0014 -0.7913
vn 0.3759 0.2054 -0.9036
vn 0.3818 0.3758 -0.8444
vn 0.5200 0.4050 -0.7521
vn 0.2985 0.5988 -0.7432
vn 0.3448 0.7157 -0.6074
vn 0.1672 0.6783 -0.7155
vn 0.4464 0.7662 -0.4623
vn 0.3757 0.6907 -0.6178
vn 0.1172 0.4812 -0.8687
vn -0.0723 0.4087 -0.9098
vn 0.0574 0.5548 -0.8300
vn 0.2937 0.4805 -0.8264
vn 0.1425 0.3541 -0.9243
vn 0.8711 0.4907 0.0188
vn 0.8280 0.5571 -0.0638
vn 0.8752 0.4049 0.2646
vn 0.7586 0.5122 0.4028
vn 0.1838 0.6882 -0.7019
vn -0.4990 0.6891 -0.5255
vn -0.7359 0.4115 -0.5377
vn -0.9515 0.2283 -0.2060
vn -0.9654 0.2579 -0.0375
vn -0.9471 0.2947 -0.1270
vn -0.8417 0.1777 -0.5098
vn -0.8997 0.1799 -0.3977
vn -0.9563 0.2553 -0.1428
vn -0.8304 0.4553 0.3213
vn -0.6475 0.4018 0.6475
vn -0.8474 0.5116 -0.1422
vn -0.6323 0.5569 -0.5386
vn -0.9637 0.2640 -0.0401
vn -0.9590 0.0659 0.2756
vn -0.8958 0.0815 0.4369
vn -0.8217 -0.1293 -0.5550
vn -0.5388 -0.4225 -0.7288
vn -0.7757 0.1400 -0.6154
vn -0.7668 0.3133 -0.5602
vn -0.6558 0.5969 -0.4621
vn -0.3990 0.7765 -0.4877
vn -0.4951 0.6894 -0.5288
vn -0.3957 0.7291 -0.5584
vn -0.7169 0.4458 -0.5361
vn -0.8762 0.3333 -0.3482
vn -0.6441 0.4623 -0.6095
vn -0.8533 0.1206 -0.5073
vn -0.9167 -0.0350 -0.3980
vn -0.7551 -0.1366 -0.6413
vn -0.5195 -0.0261 -0.8541
vn -0.3210 0.2137 -0.9227
vn -0.2891 0.6003 -0.7457
vn -0.5645 0.7337 -0.3783
vn -0.3052 0.7972 -0.5208
vn -0.5510 0.7959 -0.2510
vn -0.5233 0.8165 -0.2440
vn -0.2930 0.7947 -0.5316
vn 0.0537 0.6862 -0.7255
vn 0.0508 0.6115 -0.7896
vn -0.0589 0.4243 -0.9036
vn -0.8041 0.5934 0.0353
vn -0.8134 0.5806 -0.0368
vn -0.9404 0.3382 -0.0342
vn -0.4295 0.9029 -0.0196
vn -0.3158 0.8743 0.3687
vn -0.2786 0.6878 0.6703
vn -0.3072 0.5837 0.7516
vn -0.4013 0.3259 0.8560
vn 0.0246 0.2996 0.9538
vn -0.3006 0.4118 0.8603
vn -0.6049 0.4898 0.6279
vn -0.3792 0.6134 0.6928
vn -0.5685 0.6170 0.5442
vn -0.5366 0.6501 0.5379
vn -0.1140 0.6175 0.7782
vn 0.0837 0.4972 0.8636
vn 0.1690 0.5071 0.8452
vn -0.6653 0.3681 0.6495
vn -0.6807 0.4921 0.5426
vn -0.7592 0.4539 0.4664
vn -0.7742 0.5436 0.3243
vn -0.8319 0.4837 0.2721
vn -0.7948 0.4980 0.3468
vn -0.8186 0.2089 0.5350
vn -0.9928 0.0661 -0.0996
vn 0.3218 0.0126 -0.9467
vn -0.2094 0.6766 -0.7059
vn 0.5637 0.5887 -0.5794
vn 0.7423 0.3625 -0.5635
vn 0.8357 0.2594 -0.4840
vn 0.8861 0.3558 -0.2970
vn 0.8924 0.2770 -0.3562
vn 0.6629 0.1436 -0.7348
vn 0.8499 0.0360 -0.5256
vn 0.9710 0.1251 -0.2039
vn 0.9245 0.3698 0.0924
vn 0.8305 0.4833 0.2768
vn 0.9741 0.1225 -0.1901
vn -0.3485 0.0140 -0.9372
vn -0.6181 -0.1041 -0.7792
vn -0.2389 -0.0272 -0.9707
vn -0.0204 0.1655 -0.9860
vn 0.6338 0.1256 -0.7632
vn -0.0712 0.2740 -0.9591
vn -0.8590 0.2387 -0.4530
vn -0.7349 -0.0927 -0.6718
vn -0.1364 -0.0392 -0.9899
vn -0.9338 -0.0412 -0.3554
vn -0.8176 -0.1509 0.5556
vn -0.2000 -0.1655 0.9657
vn 0.0467 -0.1553 0.9868
vn 0.8286 -0.1219 0.5464
vn 0.9970 0.0513 -0.0585
vn 0.1303 0.0235 0.9912
vn 0.5984 0.0736 0.7978
vn 0.5548 0.0987 0.8261
vn -0.5548 0.0987 0.8261
vn -0.5947 -0.0156 0.8038
vn -0.7888 0.1789 -0.5880
vn 0.1782 0.0352 -0.9834
vn 0.7576 -0.0640 -0.6496
vn 0.9308 -0.0309 -0.3641
vn 0.1150 0.2521 -0.9608
vn -0.0741 0.4503 -0.8898
vn -0.2458 0.4684 -0.8486
vn -0.1828 0.5485 -0.8159
vn 0.0922 0.5175 -0.8507
vn 0.2868 0.4435 -0.8491
vn 0.2074 0.5185 -0.8296
vn 0.5158 -0.0941 -0.8515
vn 0.4176 -0.0275 -0.9082
vn -0.0201 0.2430 -0.9698
vn -0.7196 0.2233 -0.6575
vn 0.0911 0.4032 -0.9106
vn 0.8515 0.3847 -0.3564
vn 0.5106 0.1315 -0.8497
vn 0.4339 0.0620 -0.8988
vn 0.2662 0.0221 -0.9637
vn 0.1868 0.1302 -0.9737
vn -0.3454 0.0744 -0.9355
vn -0.4438 0.1232 -0.8876
vn -0.0301 0.1912 -0.9811
vn 0.3083 0.1877 -0.9326
vn 0.1141 0.2012 -0.9729
vn 0.2900 0.3814 -0.8777
vn 0.1423 0.5085 -0.8492
vn 0.4222 0.5377 -0.7298
vn 0.1638 0.6371 -0.7532
vn 0.2782 0.6440 -0.7126
vn 0.5276 0.4997 -0.6869
vn 0.9135 -0.0057 -0.4067
vn 0.7483 -0.1456 -0.6472
vn 0.9047 -0.3475 -0.2463
vn -0.1069 0.3477 -0.9315
vn -0.1868 0.4393 -0.8787
vn -0.2484 0.4644 -0.8501
vn -0.1375 0.4622 -0.8760
vn -0.5512 0.2656 -0.7910
vn -0.8826 -0.0276 -0.4694
vn -0.4052 0.5442 -0.7346
vn -0.4046 0.6340 -0.6590
vn -0.1958 0.5873 -0.7853
vn -0.3352 0.4371 -0.8346
vn 0.2552 0.8683 -0.4253
vn -0.1158 0.8273 -0.5496
vn -0.0368 0.8898 -0.4549
vn 0.1815 0.8180 -0.5458
vn 0.0604 0.7629 -0.6437
vn 0.1579 0.8245 -0.5434
vn 0.1384 0.8091 -0.5712
vn -0.2053 0.8939 -0.3986
vn -0.2410 0.8835 -0.4016
vn -0.1575 0.8378 -0.5228
vn 0.4087 0.4677 -0.7837
vn -0.0304 0.5527 -0.8328
vn -0.5303 0.4704 -0.7054
vn -0.4681 0.7745 -0.4255
vn -0.7512 0.4033 -0.5225
vn -0.7130 0.4917 -0.4998
vn -0.8443 0.4643 -0.2674
vn -0.6399 0.6608 -0.3923
vn -0.6429 0.3614 -0.6753
vn -0.6300 0.2464 -0.7365
vn -0.7448 0.0513 -0.6654
vn -0.7970 0.0855 -0.5979
vn -0.7570 0.0004 -0.6534
vn -0.8224 0.2359 -0.5177
vn 0.1694 0.0663 -0.9833
vn 0.1802 0.0701 -0.9811
vn -0.1025 0.1055 -0.9891
vn -0.2460 0.1264 -0.9610
vn -0.6113 0.1062 -0.7842
vn -0.5061 0.1519 -0.8490
vn -0.6228 -0.5244 -0.5806
vn -0.7368 -0.6328 0.2382
vn -0.6228 -0.5245 -0.5806
vn -0.3699 -0.0819 -0.9255
vn -0.8665 -0.4974 -0.0416
vn 0.0000 0.0356 -0.9994
vn 0.2890 0.1015 -0.9519
vn 0.3290 0.0658 -0.9420
vn 0.6075 0.0985 -0.7882
vn 0.5807 -0.4110 -0.7027
vn 0.6449 -0.6256 0.4390
vn 0.5807 -0.4110 -0.7028
vn 0.8151 -0.5371 0.2171
vn -0.4333 0.4333 -0.7903
vn -0.4457 0.5479 -0.7079
vn -0.2145 0.5355 -0.8169
vn -0.1243 0.4258 -0.8963
vn 0.0132 0.4817 -0.8762
vn -0.0029 0.4118 -0.9113
vn 0.1901 0.5137 -0.8366
vn 0.2160 0.4367 -0.8733
vn 0.4819 0.3855 -0.7868
vn 0.4389 0.5537 -0.7076
vn 0.4055 0.5410 -0.7368
vn 0.0584 0.5592 -0.8269
vn -0.0305 0.5527 -0.8328
vn -0.3815 0.5419 -0.7489
vn -0.3197 0.5554 -0.7677
vn -0.5551 0.4348 -0.7091
vn 0.3489 -0.5843 0.7327
vn 0.1046 -0.7691 0.6305
vn 0.0441 -0.8614 0.5060
vn 0.4709 -0.3424 0.8130
vn 0.0826 -0.3656 0.9271
vn 0.4899 -0.0329 0.8712
vn -0.0138 -0.2753 0.9613
vn 0.5131 -0.0284 0.8579
vn 0.0413 -0.4098 0.9112
vn 0.5270 -0.0345 0.8492
vn 0.0407 -0.2863 0.9573
vn 0.4830 0.0819 0.8718
vn -0.0242 -0.1587 0.9870
vn 0.4579 0.0499 0.8876
vn -0.0398 -0.1445 0.9887
vn 0.3865 0.1310 0.9129
vn -0.0480 -0.0406 0.9980
vn 0.2763 0.1985 0.9403
vn -0.0588 0.2166 0.9745
vn 0.1411 0.4433 0.8852
vn -0.0750 0.3698 0.9261
vn 0.2182 0.5783 0.7861
vn -0.1038 0.5287 0.8424
vn 0.3818 0.7109 0.5906
vn -0.1005 0.8673 0.4875
vn 0.5549 0.8119 0.1815
vn -0.1164 0.9930 -0.0185
vn 0.6523 0.7321 -0.1963
vn -0.0223 0.9144 -0.4042
vn 0.6368 0.6869 -0.3503
vn 0.0667 0.8032 -0.5920
vn 0.8012 0.4896 -0.3440
vn 0.0402 0.6516 -0.7575
vn 0.7398 0.5984 -0.3076
vn -0.1832 0.5654 -0.8042
vn 0.6317 0.6305 -0.4510
vn -0.2641 0.4247 -0.8660
vn 0.5120 0.6081 -0.6067
vn -0.2477 0.2673 -0.9312
vn 0.2909 0.5071 -0.8113
vn -0.2138 0.1858 -0.9590
vn 0.6639 0.4156 -0.6217
vn -0.2189 0.1166 -0.9688
vn 0.6623 0.3907 -0.6393
vn 0.0040 0.1329 -0.9911
vn 0.7836 0.3752 -0.4951
vn 0.1995 0.1391 -0.9700
vn 0.4067 0.2079 -0.8896
vn 0.3020 0.0450 -0.9522
vn 0.3965 0.2088 -0.8940
vn 0.4981 -0.0417 -0.8661
vn 0.2632 -0.6115 -0.7462
vn 0.4467 -0.2994 -0.8431
vn -0.2516 -0.9633 0.0932
vn -0.3908 -0.9199 -0.0322
vn -0.4832 -0.8116 -0.3284
vn -0.2387 -0.8603 0.4504
vn -0.3165 -0.9484 -0.0206
vn -0.2534 -0.6751 0.6928
vn -0.4140 -0.6502 0.6370
vn -0.3707 -0.3709 0.8515
vn -0.7679 -0.3756 0.5188
vn -0.6793 -0.1899 0.7089
vn -0.9850 -0.1236 0.1206
vn -0.7800 -0.0254 0.6253
vn -0.9808 0.0051 0.1951
vn -0.5920 0.2290 0.7727
vn -0.9459 0.2139 0.2440
vn -0.6326 0.4103 0.6568
vn -0.9829 0.0708 0.1699
vn -0.7333 0.3415 0.5879
vn -0.9765 -0.0665 0.2049
vn -0.7252 0.5551 0.4074
vn -0.9760 0.1945 0.0980
vn -0.7320 0.6777 -0.0696
vn -0.9341 0.3114 -0.1748
vn -0.6178 0.7121 -0.3334
vn -0.9911 0.0964 -0.0923
vn -0.7092 0.4055 -0.5767
vn -0.9894 -0.1274 -0.0693
vn -0.7006 0.2008 -0.6847
vn -0.9772 -0.1953 -0.0838
vn -0.7128 0.0505 -0.6996
vn -0.9232 -0.3417 -0.1759
vn -0.6417 -0.1777 -0.7461
vn -0.7538 -0.4870 -0.4412
vn -0.5251 -0.2337 -0.8184
vn -0.8098 -0.4432 -0.3845
vn -0.6096 -0.1347 -0.7812
vn -0.7320 -0.3320 -0.5949
vn -0.3963 -0.2330 -0.8881
vn -0.2698 -0.8893 -0.3693
vn -0.1487 -0.5320 -0.8336
vn 0.3980 -0.9158 0.0537
vn 0.4717 -0.6667 -0.5771
vn 0.6051 -0.5961 0.5278
vn 0.0949 -0.7443 -0.6611
vn -0.3212 -0.6083 -0.7258
vn -0.1908 -0.8809 -0.4332
vn -0.3756 -0.7095 -0.5963
vn -0.3941 -0.1825 -0.9008
vn -0.4550 -0.5584 -0.6937
vn -0.4638 0.0151 -0.8858
vn -0.5188 -0.0935 -0.8497
vn -0.4556 0.0238 -0.8899
vn -0.5504 -0.0400 -0.8339
vn -0.3863 0.0234 -0.9221
vn -0.1955 0.0703 -0.9782
vn -0.2398 0.1360 -0.9612
vn -0.0403 0.1665 -0.9852
vn 0.0188 0.3232 -0.9461
vn 0.0834 0.2831 -0.9555
vn 0.1407 0.4344 -0.8897
vn 0.0247 0.5367 -0.8434
vn 0.1833 0.7093 -0.6806
vn 0.1427 0.7087 -0.6909
vn 0.2052 0.8358 -0.5092
vn 0.2037 0.9118 -0.3567
vn 0.0925 0.9956 -0.0148
vn 0.0849 0.9746 0.2070
vn 0.0528 0.8840 0.4645
vn 0.0450 0.7109 0.7018
vn 0.0115 0.5344 0.8451
vn 0.0276 0.4763 0.8788
vn 0.0731 0.3830 0.9209
vn 0.1266 0.3228 0.9380
vn 0.1323 0.0949 0.9867
vn 0.0376 0.1305 0.9907
vn 0.1449 0.0271 0.9891
vn 0.1993 0.0371 0.9792
vn 0.1115 -0.0222 0.9935
vn 0.1499 -0.1399 0.9788
vn 0.1599 -0.2512 0.9546
vn 0.0963 -0.5035 0.8586
vn 0.1418 -0.7604 0.6338
vn 0.1025 -0.9110 0.3995
vn 0.0893 -0.9586 0.2703
vn 0.1257 -0.7333 -0.6682
vn 0.0384 -0.6675 -0.7436
vn 0.1884 -0.5200 -0.8331
vn 0.1805 -0.7469 -0.6399
vn 0.1517 -0.7337 -0.6623
vn 0.1634 -0.1089 -0.9805
vn 0.1064 -0.7559 -0.6460
vn -0.1892 -0.1768 -0.9659
vn -0.4014 -0.0281 -0.9155
vn -0.5019 0.0094 -0.8649
vn -0.4836 0.0444 -0.8741
vn -0.4461 0.2250 -0.8663
vn -0.4967 0.2750 -0.8232
vn -0.5849 0.3606 -0.7265
vn -0.6075 0.3693 -0.7032
vn -0.5938 0.5192 -0.6147
vn -0.6146 0.5688 -0.5466
vn -0.4880 0.7872 -0.3770
vn -0.5680 0.7726 -0.2836
vn -0.5769 0.8071 -0.1260
vn -0.5923 0.8044 0.0455
vn -0.6311 0.7300 0.2623
vn -0.6209 0.6611 0.4213
vn -0.5544 0.5600 0.6157
vn -0.5552 0.4948 0.6685
vn -0.4187 0.3729 0.8280
vn -0.5279 0.1464 0.8366
vn -0.2324 0.0805 0.9693
vn -0.2504 -0.2473 0.9360
vn -0.2097 -0.2324 0.9497
vn -0.0915 -0.2292 0.9691
vn 0.0801 -0.3171 0.9450
vn -0.0091 -0.6708 0.7416
vn 0.0255 -0.9198 0.3915
vn 0.0712 -0.8871 -0.4561
vn -0.0711 -0.9063 -0.4167
vn -0.1141 -0.7646 -0.6344
vn 0.0280 -0.2736 0.9614
vn -0.0048 -0.7001 0.7140
vn -0.0019 -0.9588 0.2841
vn -0.2541 0.0476 -0.9660
vn -0.2475 0.2172 -0.9442
vn -0.2556 0.3978 -0.8812
vn -0.2386 0.5164 -0.8224
vn -0.1878 0.7983 -0.5722
vn -0.1671 0.9859 0.0078
vn -0.2547 0.7070 0.6598
vn -0.2225 0.4779 0.8498
vn -0.1971 0.3232 0.9256
vn -0.1807 0.1479 0.9724
vn -0.1547 -0.9799 -0.1263
vn -0.0848 0.1254 -0.9885
vn -0.3313 0.0325 -0.9430
vn -0.4727 -0.1376 -0.8704
vn -0.1919 0.1620 -0.9679
vn -0.1666 0.1667 -0.9718
vn -0.3225 -0.3688 -0.8718
vn -0.1551 -0.4016 -0.9026
vn 0.5315 0.7150 0.4542
vn 0.5868 0.6792 0.4409
vn 0.7094 0.4296 0.5587
vn 0.8168 0.3758 0.4378
vn 0.8636 0.3313 0.3800
vn 0.8711 0.3992 0.2861
vn 0.8764 0.4465 0.1804
vn 0.8835 0.4355 0.1726
vn 0.8729 0.4359 0.2193
vn 0.8561 0.4152 0.3078
vn 0.8132 0.4152 0.4079
vn 0.6574 0.4940 0.5690
vn 0.4936 0.8060 -0.3267
vn 0.7107 0.6324 -0.3081
vn 0.8285 0.5161 -0.2174
vn 0.8562 0.5064 -0.1023
vn 0.8167 0.5405 -0.2019
vn 0.8258 0.5294 -0.1946
vn 0.9155 0.4024 0.0012
vn 0.9184 0.3777 0.1175
vn 0.9195 0.3699 0.1328
vn 0.8551 0.4368 0.2793
vn 0.7411 0.6305 0.2307
vn 0.5890 0.7400 0.3246
vn 0.9338 0.2995 -0.1960
vn 0.9390 0.3043 -0.1601
vn 0.9843 0.1723 -0.0388
vn 0.9687 0.0886 0.2319
vn 0.9294 0.3508 0.1143
vn 0.8861 0.4523 -0.1014
vn 0.6612 0.6032 -0.4461
vn 0.7304 0.4894 -0.4765
vn 0.9641 0.1729 0.2014
vn 0.9170 0.3952 0.0539
vn 0.8969 0.4251 0.1217
vn 0.8750 0.3919 0.2844
vn 0.8574 0.5142 0.0204
vn 0.8065 0.5356 -0.2505
vn 0.6556 0.6268 -0.4209
vn 0.6775 0.4069 -0.6128
vn 0.6635 0.6733 -0.3262
vn 0.3743 0.8108 0.4501
vn 0.6839 0.6634 0.3038
vn 0.8268 0.5361 0.1704
vn 0.1758 0.1487 -0.9731
usemtl head.031
s 1
f 1/1/1 2/2/2 3/3/3
f 2/2/2 1/1/1 4/4/4
f 4/4/4 5/5/5 2/2/2
f 5/5/5 4/4/4 6/6/6
f 6/6/6 7/7/7 5/5/5
f 7/7/7 6/6/6 8/8/8
f 8/8/8 9/9/9 7/7/7
f 9/9/9 8/8/8 10/10/10
f 9/9/9 10/10/10 11/11/11
f 11/11/11 12/12/12 9/9/9
f 12/12/12 11/11/11 13/13/13
f 13/13/13 14/14/14 12/12/12
f 14/14/14 13/13/13 15/15/15
f 14/14/14 15/15/15 16/16/16
f 14/14/14 16/16/16 17/17/17
f 17/17/17 18/18/18 14/14/14
f 18/18/18 17/17/17 19/19/19
f 19/19/19 20/20/20 18/18/18
f 20/20/20 19/19/19 21/21/21
f 21/21/21 22/22/22 20/20/20
f 22/22/22 21/21/21 23/23/23
f 22/22/22 23/23/24 24/24/25
f 22/22/22 24/24/25 25/25/26
f 25/25/26 26/26/27 22/22/22
f 26/26/27 25/25/26 27/27/28
f 26/26/27 27/27/28 28/28/29
f 26/26/27 28/28/29 2/2/2
f 26/26/27 2/2/2 29/29/30
f 29/29/30 22/22/22 26/26/27
f 29/29/30 20/20/20 22/22/22
f 20/20/20 29/29/30 30/30/31
f 30/30/31 18/18/18 20/20/20
f 30/30/31 14/14/14 18/18/18
f 30/30/31 12/12/12 14/14/14
f 30/30/31 9/9/9 12/12/12
f 30/30/31 7/7/7 9/9/9
f 7/7/7 30/30/31 29/29/30
f 29/29/30 5/5/5 7/7/7
f 5/5/5 29/29/30 2/2/2
f 31/31/32 32/32/33 33/33/34
f 33/33/34 34/34/35 31/31/32
f 35/35/36 36/36/37 37/37/38
f 36/36/37 35/35/36 38/38/39
f 39/39/40 40/40/41 41/41/42
f 41/41/42 42/42/43 39/39/40
f 42/42/43 41/41/42 43/43/44
f 43/43/44 44/44/45 42/42/43
f 44/44/45 43/43/44 45/45/46
f 44/44/45 45/45/46 46/46/47
f 46/46/47 47/47/48 44/44/45
f 47/47/48 46/46/47 48/48/49
f 48/48/49 49/49/50 47/47/48
f 49/49/50 48/48/49 50/50/51
f 50/50/51 51/51/52 49/49/50
f 51/51/52 50/50/51 52/52/53
f 53/53/54 54/54/55 55/55/56
f 54/54/55 53/53/54 56/56/57
f 56/56/57 57/57/58 54/54/55
f 57/57/58 56/56/57 58/58/59
f 58/58/59 59/59/60 57/57/58
f 58/58/59 60/60/61 59/59/60
f 60/60/61 58/58/59 61/61/62
f 61/61/62 62/62/63 60/60/61
f 62/62/63 61/61/62 24/63/25
f 24/63/25 63/64/64 62/62/63
f 63/64/64 24/63/25 23/65/24
f 23/65/24 64/66/65 63/64/64
f 65/67/66 66/68/67 31/69/32
f 66/68/67 65/67/66 67/70/68
f 67/70/68 68/71/69 66/68/67
f 68/71/69 67/70/68 69/72/70
f 69/72/70 70/73/71 68/71/69
f 70/73/71 69/72/70 71/74/72
f 71/74/72 35/75/36 70/73/71
f 35/75/36 71/74/72 72/76/73
f 73/77/74 74/78/75 75/79/76
f 75/79/76 76/80/77 73/77/74
f 76/80/77 75/79/76 77/81/78
f 77/81/78 3/82/79 76/80/77
f 3/82/79 77/81/78 78/83/80
f 78/83/80 2/84/81 3/82/79
f 2/84/81 78/83/80 79/85/82
f 79/85/82 26/86/27 2/84/81
f 79/85/82 22/87/83 26/86/27
f 22/87/83 79/85/82 80/88/84
f 80/88/84 23/89/24 22/87/83
f 80/88/84 64/90/65 23/89/24
f 80/88/84 81/91/85 64/90/65
f 81/91/85 80/88/84 82/92/86
f 82/92/86 83/93/87 81/91/85
f 82/92/86 84/94/88 83/93/87
f 84/94/88 82/92/86 85/95/89
f 85/95/89 86/96/90 84/94/88
f 86/96/90 85/95/89 87/97/91
f 87/97/91 88/98/92 86/96/90
f 87/97/91 68/99/69 88/98/92
f 87/97/91 66/100/67 68/99/69
f 66/100/67 87/97/91 89/101/93
f 89/101/93 31/102/32 66/100/67
f 89/101/93 74/78/75 31/102/32
f 74/78/75 89/101/93 90/103/94
f 90/103/94 75/79/76 74/78/75
f 75/79/76 90/103/94 91/104/95
f 91/104/95 77/81/78 75/79/76
f 91/104/95 78/83/80 77/81/78
f 91/104/95 79/85/82 78/83/80
f 79/85/82 91/104/95 92/105/96
f 92/105/96 80/88/84 79/85/82
f 92/105/96 82/92/86 80/88/84
f 82/92/86 92/105/96 93/106/97
f 93/106/97 85/95/89 82/92/86
f 93/106/97 87/97/91 85/95/89
f 93/106/97 89/101/93 87/97/91
f 93/106/97 90/103/94 89/101/93
f 90/103/94 93/106/97 92/105/96
f 92/105/96 91/104/95 90/103/94
f 94/107/98 95/108/99 96/109/100
f 95/108/99 94/107/98 97/110/101
f 97/110/101 98/111/102 95/108/99
f 98/111/102 97/110/101 99/112/103
f 99/112/103 100/113/104 98/111/102
f 100/113/104 99/112/103 101/114/105
f 101/114/105 102/115/106 100/113/104
f 102/115/106 101/114/105 103/116/107
f 104/117/108 105/118/109 106/119/110
f 106/119/110 107/120/111 104/117/108
f 107/120/111 106/119/110 108/121/112
f 108/121/112 109/122/113 107/120/111
f 109/122/113 108/121/112 110/123/114
f 110/123/114 111/124/115 109/122/113
f 111/124/115 110/123/114 112/125/116
f 112/125/116 113/126/117 111/124/115
f 113/126/117 112/125/116 114/127/118
f 114/127/118 115/128/119 113/126/117
f 115/128/119 114/127/118 51/129/52
f 115/128/119 51/129/52 52/130/53
f 115/128/119 52/130/53 116/131/120
f 116/131/120 117/132/121 115/128/119
f 117/132/121 116/131/120 83/133/87
f 117/132/121 83/133/87 84/134/88
f 84/134/88 118/135/122 117/132/121
f 118/135/122 84/134/88 86/136/90
f 86/136/90 119/137/123 118/135/122
f 119/137/123 86/136/90 88/138/92
f 119/137/123 88/138/92 68/139/69
f 119/137/123 68/139/69 70/140/71
f 70/140/71 120/141/124 119/137/123
f 120/141/124 70/140/71 35/142/36
f 120/141/124 35/142/36 104/117/108
f 104/117/108 121/143/125 120/141/124
f 121/143/125 104/117/108 107/120/111
f 107/120/111 122/144/126 121/143/125
f 122/144/126 107/120/111 109/122/113
f 122/144/126 109/122/113 111/124/115
f 122/144/126 111/124/115 113/126/117
f 113/126/117 123/145/127 122/144/126
f 123/145/127 113/126/117 115/128/119
f 123/145/127 115/128/119 117/132/121
f 117/132/121 124/146/128 123/145/127
f 124/146/128 117/132/121 118/135/122
f 124/146/128 118/135/122 119/137/123
f 124/146/128 119/137/123 120/141/124
f 124/146/128 120/141/124 121/143/125
f 121/143/125 123/145/127 124/146/128
f 123/145/127 121/143/125 122/144/126
f 125/147/129 126/148/130 127/149/131
f 127/149/131 128/150/132 125/147/129
f 128/150/132 127/149/131 129/151/133
f 129/151/133 130/152/134 128/150/132
f 131/153/135 132/154/136 133/155/137
f 133/155/137 134/156/138 131/153/135
f 134/156/138 133/155/137 130/157/134
f 130/157/134 129/158/133 134/156/138
f 135/159/139 56/56/57 53/53/54
f 56/56/57 135/159/139 136/160/140
f 136/160/140 58/58/59 56/56/57
f 58/58/59 136/160/140 137/161/141
f 137/161/141 61/61/62 58/58/59
f 61/61/62 137/161/141 138/162/142
f 138/162/142 24/63/25 61/61/62
f 138/162/142 25/163/26 24/63/25
f 138/162/142 27/164/28 25/163/26
f 27/164/28 138/162/142 28/165/29
f 28/165/143 139/166/144 27/164/28
f 139/166/144 28/165/143 140/167/145
f 139/166/144 140/167/145 141/168/146
f 139/166/144 141/168/146 142/169/147
f 142/169/147 143/170/148 139/166/144
f 143/170/148 142/169/147 144/171/149
f 143/170/148 144/171/149 145/172/150
f 143/170/148 145/172/150 146/173/151
f 143/170/148 146/173/151 25/163/26
f 25/163/26 139/166/144 143/170/148
f 139/166/144 25/163/26 27/164/28
f 24/63/25 25/163/26 146/173/151
f 28/165/29 138/162/142 147/174/152
f 147/174/152 2/175/2 28/165/29
f 147/174/152 3/176/79 2/175/2
f 147/174/152 148/177/153 3/176/79
f 148/177/153 147/174/152 138/162/142
f 148/177/153 138/162/142 137/161/141
f 137/161/141 149/178/154 148/177/153
f 149/178/154 137/161/141 136/160/140
f 136/160/140 150/179/155 149/178/154
f 150/179/155 136/160/140 135/159/139
f 150/179/155 135/159/139 151/180/156
f 150/179/155 151/180/156 152/181/157
f 152/181/157 153/182/158 150/179/155
f 153/182/158 152/181/157 154/183/159
f 153/182/158 154/183/159 32/184/33
f 153/182/158 32/184/33 31/185/32
f 153/182/158 31/185/32 74/186/75
f 153/182/158 74/186/75 73/187/74
f 73/187/74 150/179/155 153/182/158
f 73/187/74 149/178/154 150/179/155
f 149/178/154 73/187/74 76/188/77
f 76/188/77 148/177/153 149/178/154
f 148/177/153 76/188/77 3/176/79
f 155/189/160 39/39/40 42/42/43
f 42/42/43 156/190/161 155/189/160
f 156/190/161 42/42/43 44/44/45
f 44/44/45 157/191/162 156/190/161
f 157/191/162 44/44/45 47/47/48
f 47/47/48 158/192/163 157/191/162
f 158/192/163 47/47/48 49/49/50
f 49/49/50 159/193/164 158/192/163
f 159/193/164 49/49/50 160/194/165
f 160/194/165 161/195/166 159/193/164
f 161/195/166 160/194/165 162/196/167
f 161/195/166 162/196/167 163/197/168
f 163/197/168 164/198/169 161/195/166
f 164/198/169 163/197/168 165/199/170
f 164/198/169 165/199/170 166/200/171
f 164/198/169 166/200/171 167/201/172
f 164/198/169 167/201/172 168/202/173
f 168/202/173 161/195/166 164/198/169
f 168/202/173 159/193/164 161/195/166
f 168/202/173 158/192/163 159/193/164
f 168/202/173 169/203/174 158/192/163
f 169/203/174 168/202/173 167/201/172
f 169/203/174 170/204/175 158/192/163
f 170/204/175 169/203/174 110/205/176
f 170/204/175 110/205/176 108/206/112
f 170/204/175 108/206/112 171/207/177
f 171/207/177 158/192/163 170/204/175
f 171/207/177 157/191/162 158/192/163
f 157/191/162 171/207/177 172/208/178
f 172/208/178 156/190/161 157/191/162
f 156/190/161 172/208/178 173/209/179
f 173/209/179 155/189/160 156/190/161
f 173/209/179 174/210/180 155/189/160
f 173/209/179 175/211/181 174/210/180
f 175/211/181 173/209/179 176/212/182
f 176/212/182 177/213/183 175/211/181
f 176/212/182 37/214/38 177/213/183
f 176/212/182 35/215/36 37/214/38
f 176/212/182 104/216/108 35/215/36
f 176/212/182 105/217/109 104/216/108
f 105/217/109 176/212/182 173/209/179
f 105/217/109 173/209/179 172/208/178
f 172/208/178 106/218/110 105/217/109
f 106/218/110 172/208/178 171/207/177
f 171/207/177 108/206/112 106/218/110
f 178/219/184 179/220/185 180/221/186
f 180/221/186 181/222/187 178/219/184
f 181/222/187 180/221/186 182/223/188
f 181/222/187 182/223/188 183/224/189
f 183/224/189 184/225/190 181/222/187
f 184/225/190 183/224/189 185/226/191
f 185/226/191 186/227/192 184/225/190
f 186/227/192 185/226/191 187/228/193
f 187/228/193 188/229/194 186/227/192
f 188/229/194 187/228/193 189/230/195
f 188/229/194 189/230/195 190/231/196
f 188/229/194 190/231/196 191/232/197
f 188/229/194 191/232/197 60/233/61
f 188/229/194 60/233/61 62/234/63
f 62/234/63 186/227/192 188/229/194
f 186/227/192 62/234/63 63/235/64
f 63/235/64 192/236/198 186/227/192
f 192/236/198 63/235/64 64/237/65
f 192/236/198 64/237/65 193/238/199
f 192/236/198 193/238/199 179/220/185
f 192/236/198 179/220/185 178/219/184
f 192/236/198 178/219/184 184/225/190
f 184/225/190 186/227/192 192/236/198
f 181/222/187 184/225/190 178/219/184
f 180/239/186 179/240/185 194/241/200
f 194/241/200 182/242/188 180/239/186
f 194/241/200 195/243/201 182/242/188
f 195/243/201 194/241/200 196/244/202
f 196/244/202 197/245/203 195/243/201
f 196/244/202 83/246/87 197/245/203
f 196/244/202 81/247/85 83/246/87
f 196/244/202 193/248/199 81/247/85
f 193/248/199 196/244/202 194/241/200
f 194/241/200 179/240/185 193/248/199
f 64/249/65 81/247/85 193/248/199
f 198/250/204 199/251/205 200/252/206
f 200/252/206 201/253/207 198/250/204
f 201/253/207 200/252/206 202/254/208
f 201/253/207 202/254/208 52/255/53
f 201/253/207 52/255/53 50/256/51
f 50/256/51 203/257/209 201/253/207
f 203/257/209 50/256/51 48/258/49
f 48/258/49 204/259/210 203/257/209
f 204/259/210 48/258/49 46/260/47
f 204/259/210 46/260/47 205/261/211
f 204/259/210 205/261/211 190/262/196
f 204/259/210 190/262/196 189/230/195
f 189/230/195 203/257/209 204/259/210
f 203/257/209 189/230/195 187/263/193
f 203/257/209 187/263/193 206/264/212
f 206/264/212 201/253/207 203/257/209
f 201/253/207 206/264/212 207/265/213
f 207/265/213 198/250/204 201/253/207
f 207/265/213 199/251/205 198/250/204
f 207/265/213 182/266/188 199/251/205
f 207/265/213 183/267/189 182/266/188
f 183/267/189 207/265/213 206/264/212
f 206/264/212 185/268/191 183/267/189
f 185/268/191 206/264/212 187/263/193
f 199/269/205 208/270/214 200/271/206
f 208/270/214 199/269/205 182/272/188
f 208/270/214 182/272/188 195/273/201
f 195/273/201 209/274/215 208/270/214
f 209/274/215 195/273/201 197/275/203
f 209/274/215 197/275/203 83/246/87
f 209/274/215 83/246/87 116/276/120
f 209/274/215 116/276/120 202/277/208
f 202/277/208 208/270/214 209/274/215
f 208/270/214 202/277/208 200/271/206
f 52/278/53 202/277/208 116/276/120
f 210/279/216 211/280/217 212/281/218
f 212/281/218 213/282/219 210/279/216
f 213/282/219 212/281/218 214/283/220
f 214/283/220 215/284/221 213/282/219
f 215/284/221 214/283/220 216/285/222
f 216/285/222 217/286/223 215/284/221
f 217/286/223 216/285/222 108/287/224
f 217/286/223 108/287/224 110/288/176
f 110/288/176 112/289/116 217/286/223
f 112/289/225 110/288/176 169/290/174
f 112/289/225 169/290/174 218/291/226
f 218/291/226 114/292/118 112/289/225
f 114/292/118 218/291/226 219/293/227
f 114/292/118 219/293/227 49/294/50
f 114/292/118 49/294/50 51/295/52
f 51/295/228 220/296/229 114/292/230
f 220/296/229 51/295/228 221/297/231
f 221/297/231 222/298/232 220/296/229
f 222/298/232 221/297/231 223/299/233
f 223/299/233 224/300/234 222/298/232
f 224/300/234 223/299/233 225/301/235
f 224/300/234 225/301/235 226/302/236
f 224/300/234 226/302/236 227/303/237
f 227/303/237 228/304/238 224/300/234
f 228/304/238 227/303/237 229/305/239
f 228/304/238 229/305/239 210/279/216
f 228/304/238 210/279/216 213/282/219
f 228/304/238 213/282/219 230/306/240
f 230/306/240 224/300/234 228/304/238
f 230/306/240 222/298/232 224/300/234
f 222/298/232 230/306/240 231/307/241
f 231/307/241 220/296/229 222/298/232
f 231/307/241 114/292/230 220/296/229
f 231/307/241 112/289/116 114/292/230
f 231/307/241 217/286/223 112/289/116
f 217/286/223 231/307/241 230/306/240
f 230/306/240 215/284/221 217/286/223
f 215/284/221 230/306/240 213/282/219
f 232/308/242 233/309/243 234/310/244
f 234/310/244 235/311/245 232/308/242
f 235/311/245 234/310/244 236/312/246
f 235/311/245 236/312/246 237/313/247
f 235/311/245 237/313/247 238/314/248
f 238/314/248 232/308/242 235/311/245
f 232/308/242 238/314/248 239/315/249
f 240/316/250 238/314/248 237/313/247
f 241/317/251 242/318/252 243/319/253
f 243/319/253 244/320/254 241/317/251
f 244/320/254 243/319/253 245/321/255
f 244/320/254 245/321/255 246/322/256
f 244/320/254 246/322/256 247/323/257
f 247/323/257 241/317/251 244/320/254
f 241/317/251 247/323/257 248/324/258
f 249/325/259 247/323/257 246/322/256
f 250/326/260 251/327/261 252/328/262
f 252/328/262 253/329/263 250/326/260
f 252/328/262 254/330/264 253/329/263
f 252/328/262 255/331/265 254/330/264
f 252/328/262 256/332/266 255/331/265
f 256/332/266 252/328/262 251/327/261
f 251/327/261 257/333/267 256/332/266
f 258/334/268 255/331/265 256/332/266
f 259/335/269 260/336/270 261/337/271
f 261/337/271 262/338/272 259/335/269
f 261/337/271 263/339/273 262/338/272
f 261/337/271 264/340/274 263/339/273
f 261/337/271 265/341/275 264/340/274
f 265/341/275 261/337/271 260/336/270
f 260/336/270 266/342/276 265/341/275
f 267/343/277 264/340/274 265/341/275
f 41/344/42 40/345/41 268/346/278
f 268/346/278 269/347/279 41/344/42
f 269/347/279 268/346/278 270/348/280
f 270/348/280 271/349/281 269/347/279
f 271/349/281 270/348/280 272/350/282
f 272/350/282 273/351/283 271/349/281
f 273/351/283 272/350/282 55/352/56
f 273/351/283 55/352/56 54/353/55
f 54/353/55 274/354/284 273/351/283
f 274/354/284 54/353/55 57/355/58
f 274/354/284 57/355/58 59/356/60
f 274/354/284 59/356/60 275/357/285
f 274/354/284 275/357/285 276/358/286
f 276/358/286 273/351/283 274/354/284
f 273/351/283 276/358/286 271/349/281
f 277/359/287 276/358/286 275/357/285
f 269/347/279 271/349/281 276/360/286
f 276/360/286 278/361/288 269/347/279
f 278/361/288 276/360/286 277/359/287
f 278/361/288 277/359/287 279/362/289
f 278/361/288 279/362/289 43/363/44
f 43/363/44 269/347/279 278/361/288
f 269/347/279 43/363/44 41/344/42
f 45/364/46 43/363/44 279/362/289
f 280/365/290 31/31/32 34/34/35
f 281/366/291 282/367/292 283/368/293
f 282/367/292 281/366/291 284/369/294
f 285/370/295 286/371/296 287/372/297
f 286/371/296 285/370/295 288/373/298
f 289/374/299 284/375/294 281/376/300
f 284/375/294 289/374/299 290/377/301
f 284/375/294 290/377/301 291/378/302
f 291/378/302 282/367/292 284/369/294
f 291/378/302 292/379/303 282/367/292
f 292/379/303 291/378/302 290/377/301
f 292/379/303 290/377/301 293/380/304
f 293/380/304 294/381/305 292/379/303
f 294/381/305 293/380/304 295/382/306
f 295/382/306 296/383/307 294/381/305
f 295/382/306 297/384/308 296/383/307
f 297/384/308 295/382/306 298/385/309
f 299/386/310 282/367/292 292/379/303
f 292/379/303 300/387/311 299/386/310
f 300/387/311 292/379/303 294/381/305
f 294/381/305 301/388/312 300/387/311
f 301/388/312 294/381/305 296/383/307
f 301/388/312 296/383/307 302/389/313
f 301/388/312 302/389/313 303/390/314
f 301/388/312 303/390/314 304/391/315
f 304/391/315 305/392/316 301/388/312
f 305/392/316 304/391/315 306/393/317
f 306/393/317 307/394/318 305/392/316
f 307/394/318 306/393/317 308/395/319
f 308/395/319 309/396/320 307/394/318
f 309/396/320 308/395/319 310/397/321
f 309/396/320 310/397/321 311/398/322
f 309/396/320 311/398/322 312/399/323
f 309/396/320 312/399/323 313/400/324
f 313/400/324 307/394/318 309/396/320
f 313/400/324 305/392/316 307/394/318
f 313/400/324 301/388/312 305/392/316
f 313/400/324 300/387/311 301/388/312
f 300/387/311 313/400/324 314/401/325
f 314/401/325 299/386/310 300/387/311
f 314/401/325 315/402/326 299/386/310
f 314/401/325 312/399/323 315/402/326
f 312/399/323 314/401/325 313/400/324
f 316/403/327 281/404/300 284/405/294
f 284/405/294 317/406/328 316/403/327
f 284/407/294 318/408/329 317/406/328
f 318/408/329 284/407/294 281/409/291
f 319/410/330 316/403/327 317/406/328
f 317/406/328 320/411/331 319/410/330
f 317/406/328 321/412/332 320/411/331
f 321/412/332 317/406/328 318/408/329
f 318/408/329 322/413/333 321/412/332
f 322/413/333 318/408/329 323/414/334
f 322/413/333 323/414/334 324/415/335
f 322/413/333 324/415/335 325/416/336
f 322/413/333 325/416/336 326/417/337
f 326/417/337 321/412/332 322/413/333
f 321/412/332 326/417/337 320/411/331
f 327/418/338 326/417/337 325/416/336
f 328/419/339 329/420/340 283/421/293
f 283/421/293 330/422/341 328/419/339
f 330/422/341 283/421/293 282/423/292
f 331/424/342 332/425/343 333/426/344
f 333/426/344 334/427/345 331/424/342
f 334/427/345 333/426/344 335/428/346
f 335/428/346 336/429/347 334/427/345
f 336/429/347 335/428/346 337/430/348
f 337/430/348 338/431/349 336/429/347
f 299/432/310 339/433/350 282/434/292
f 339/433/350 299/432/310 340/435/351
f 340/435/351 341/436/352 339/433/350
f 341/436/352 340/435/351 302/437/313
f 302/437/313 342/438/353 341/436/352
f 342/438/353 302/437/313 296/439/307
f 343/440/354 344/441/355 345/442/356
f 345/442/356 346/443/357 343/440/354
f 346/443/357 345/442/356 347/444/358
f 338/431/349 337/430/348 348/445/359
f 348/445/359 349/446/360 338/431/349
f 349/446/360 348/445/359 350/447/361
f 350/447/361 351/448/362 349/446/360
f 351/448/362 350/447/361 352/449/363
f 338/431/349 349/446/360 353/450/364
f 353/450/364 336/429/347 338/431/349
f 336/429/347 353/450/364 354/451/365
f 354/451/365 334/427/345 336/429/347
f 334/427/345 354/451/365 355/452/366
f 355/452/366 331/424/342 334/427/345
f 331/424/342 355/452/366 356/453/367
f 356/453/367 332/425/343 331/424/342
f 332/425/343 356/453/367 357/454/368
f 358/455/369 359/456/370 360/457/371
f 360/457/371 308/395/319 358/455/369
f 308/395/319 360/457/371 359/456/370
f 359/456/370 361/458/372 308/395/319
f 362/459/373 358/455/369 308/395/319
f 363/460/374 364/461/375 365/462/376
f 364/461/375 363/460/374 366/463/377
f 366/463/377 344/464/355 364/461/375
f 344/464/355 366/463/377 356/453/367
f 344/464/355 356/453/367 355/452/366
f 344/464/355 355/452/366 367/465/378
f 367/465/378 364/461/375 344/464/355
f 354/451/365 367/465/378 355/452/366
f 368/466/379 369/467/380 370/468/381
f 369/467/380 368/466/379 371/469/382
f 371/469/382 372/470/383 369/467/380
f 372/470/383 371/469/382 373/471/384
f 303/472/314 302/437/313 340/435/351
f 340/435/351 374/473/385 303/472/314
f 374/473/385 340/435/351 299/432/310
f 299/432/310 375/474/386 374/473/385
f 375/474/386 299/432/310 315/475/326
f 315/475/326 376/476/387 375/474/386
f 376/476/387 315/475/326 377/477/388
f 377/477/388 378/478/389 376/476/387
f 378/478/389 377/477/388 285/479/295
f 378/478/389 285/479/295 379/480/390
f 379/480/390 328/481/391 378/478/389
f 328/481/391 379/480/390 329/482/340
f 328/481/339 329/482/340 380/483/392
f 328/481/339 380/483/392 381/484/393
f 328/481/339 381/484/393 330/485/394
f 330/485/341 378/478/389 328/481/391
f 330/485/341 376/476/387 378/478/389
f 376/476/387 330/485/341 382/486/395
f 382/486/395 375/474/386 376/476/387
f 382/486/395 374/473/385 375/474/386
f 382/486/395 383/487/396 374/473/385
f 383/487/396 382/486/395 384/488/397
f 384/488/397 385/489/398 383/487/396
f 384/488/397 341/490/352 385/489/398
f 384/488/397 339/491/350 341/490/352
f 384/488/397 330/485/341 339/491/350
f 330/485/341 384/488/397 382/486/395
f 282/492/292 339/491/350 330/485/341
f 386/493/399 387/494/400 388/495/401
f 388/495/401 389/496/402 386/493/399
f 389/496/402 388/495/401 390/497/403
f 389/496/402 390/497/403 391/498/404
f 391/498/404 392/499/405 389/496/402
f 392/499/405 391/498/404 393/500/406
f 393/500/406 394/501/407 392/499/405
f 394/501/407 393/500/406 285/370/295
f 394/501/407 285/370/295 377/502/388
f 394/501/407 377/502/388 315/402/326
f 394/501/407 315/402/326 312/399/323
f 312/399/323 392/499/405 394/501/407
f 391/498/404 390/497/403 395/503/408
f 395/503/408 396/504/409 391/498/404
f 396/504/409 395/503/408 397/505/410
f 397/505/410 393/500/406 396/504/409
f 393/500/406 397/505/410 285/370/295
f 395/503/408 288/373/298 397/505/410
f 288/373/298 395/503/408 398/506/411
f 398/506/411 286/371/296 288/373/298
f 399/507/412 334/508/413 400/509/414
f 400/509/414 401/510/415 399/507/412
f 400/509/414 402/511/416 401/510/415
f 400/509/414 403/512/417 402/511/416
f 403/512/417 400/509/414 334/508/413
f 334/508/413 404/513/418 403/512/417
f 404/513/418 334/508/413 405/514/419
f 404/513/418 405/514/419 406/515/420
f 406/515/420 403/512/417 404/513/418
f 403/512/417 406/515/420 407/516/421
f 407/516/421 402/511/416 403/512/417
f 408/517/422 406/515/420 405/514/419
f 405/514/419 409/518/423 408/517/422
f 409/518/423 405/514/419 334/508/413
f 409/518/423 334/508/413 410/519/424
f 409/518/423 410/519/424 411/520/425
f 411/520/425 408/517/422 409/518/423
f 412/521/426 411/520/425 410/519/424
f 295/382/306 413/522/427 298/385/309
f 413/522/427 295/382/306 414/523/428
f 239/315/249 266/342/276 260/336/270
f 260/336/270 232/308/242 239/315/249
f 232/308/242 260/336/270 259/335/269
f 259/335/269 233/309/243 232/308/242
f 254/330/264 245/321/255 243/319/253
f 243/319/253 253/329/263 254/330/264
f 253/329/263 243/319/253 242/318/252
f 242/318/252 250/326/260 253/329/263
f 415/524/429 416/525/430 417/526/431
f 417/526/431 418/527/432 415/524/429
f 418/527/432 417/526/431 419/528/433
f 419/528/433 420/529/434 418/527/432
f 419/528/433 421/530/435 420/529/434
f 419/528/433 422/531/436 421/530/435
f 422/531/436 419/528/433 423/532/437
f 423/532/437 424/533/438 422/531/436
f 423/532/437 425/534/439 424/533/438
f 423/532/437 426/535/440 425/534/439
f 426/535/440 423/532/437 419/528/433
f 419/528/433 417/526/431 426/535/440
f 65/67/66 31/69/32 280/536/290
f 280/536/290 427/537/441 65/67/66
f 427/537/441 280/536/290 428/538/442
f 428/538/442 429/539/443 427/537/441
f 429/539/443 428/538/442 430/540/444
f 430/540/444 431/541/445 429/539/443
f 431/541/445 430/540/444 432/542/446
f 432/542/446 433/543/447 431/541/445
f 433/543/447 432/542/446 434/544/448
f 434/544/448 435/545/449 433/543/447
f 435/545/449 434/544/448 436/546/450
f 436/546/450 437/547/451 435/545/449
f 437/547/451 436/546/450 438/548/452
f 438/548/452 439/549/453 437/547/451
f 439/549/453 438/548/452 440/550/454
f 440/550/454 441/551/455 439/549/453
f 441/551/455 440/550/454 442/552/456
f 442/552/456 443/553/457 441/551/455
f 443/553/457 442/552/456 444/554/458
f 444/554/458 445/555/459 443/553/457
f 445/555/459 444/554/458 446/556/460
f 446/556/460 447/557/461 445/555/459
f 447/557/461 446/556/460 35/75/36
f 35/75/36 72/76/73 447/557/461
f 448/558/462 449/559/463 450/560/464
f 450/560/464 451/561/465 448/558/462
f 451/561/465 450/560/464 452/562/466
f 451/561/465 452/562/466 453/563/467
f 451/561/465 453/563/467 454/564/468
f 454/564/468 448/558/462 451/561/465
f 448/558/462 454/564/468 455/565/469
f 456/566/470 454/564/468 453/563/467
f 455/567/469 454/568/468 457/569/471
f 457/569/471 458/570/472 455/567/469
f 457/569/471 424/533/438 458/570/472
f 457/569/471 422/531/436 424/533/438
f 457/569/471 459/571/473 422/531/436
f 459/571/473 457/569/471 454/568/468
f 454/568/468 456/572/470 459/571/473
f 421/530/435 422/531/436 459/571/473
f 460/573/474 461/574/475 462/575/476
f 359/576/370 358/577/369 463/578/477
f 464/579/478 465/580/479 463/581/477
f 463/578/477 465/582/479 466/583/480
f 288/373/298 285/370/295 397/505/410
f 390/497/403 398/506/411 395/503/408
f 393/500/406 391/498/404 396/504/409
f 352/449/363 467/584/481 351/448/362
f 468/585/482 349/446/360 351/448/362
f 38/38/39 35/35/36 446/586/460
f 469/587/483 470/588/484 471/589/485
f 470/588/484 469/587/483 472/590/486
f 473/591/487 471/592/485 454/593/468
f 471/592/485 473/591/487 469/594/483
f 324/415/335 473/595/487 454/596/468
f 473/595/487 324/415/335 323/414/334
f 474/597/488 475/598/489 476/599/490
f 475/598/489 474/597/488 477/600/491
f 478/601/492 475/598/489 479/602/493
f 475/598/489 478/601/492 476/599/490
f 480/603/494 481/604/495 482/605/496
f 481/604/495 480/603/494 483/606/497
f 461/607/475 484/608/498 485/609/499
f 484/608/498 461/607/475 460/610/474
f 486/611/500 487/612/501 488/613/502
f 487/612/501 486/611/500 489/614/503
f 489/614/503 490/615/504 487/612/501
f 490/615/504 489/614/503 491/616/505
f 491/616/505 492/617/506 490/615/504
f 492/617/506 491/616/505 493/618/507
f 479/619/493 475/620/489 494/621/508
f 494/621/508 495/622/509 479/619/493
f 495/622/509 494/621/508 496/623/510
f 496/623/510 497/624/511 495/622/509
f 497/624/511 496/623/510 498/625/512
f 498/625/512 499/626/513 497/624/511
f 498/625/512 500/627/514 499/626/513
f 498/625/512 501/628/515 500/627/514
f 501/628/515 498/625/512 502/629/516
f 502/629/516 503/630/517 501/628/515
f 503/630/517 502/629/516 484/608/498
f 502/629/516 498/625/512 496/623/510
f 496/623/510 485/609/499 502/629/516
f 485/609/499 496/623/510 494/621/508
f 494/621/508 504/631/518 485/609/499
f 504/631/518 494/621/508 505/632/519
f 287/633/297 379/480/390 285/479/295
f 379/480/390 287/633/297 506/634/520
f 506/634/520 507/635/521 379/480/390
f 507/635/521 506/634/520 508/636/522
f 507/635/521 508/636/522 470/637/523
f 470/637/523 472/638/524 507/635/521
f 472/638/524 470/637/523 509/639/525
f 472/638/524 509/639/525 510/640/526
f 472/638/524 510/640/526 329/482/340
f 329/482/340 507/635/521 472/638/524
f 507/635/521 329/482/340 379/480/390
f 380/483/392 329/482/340 510/640/526
f 398/506/411 390/497/403 388/495/401
f 388/495/401 511/641/527 398/506/411
f 511/641/527 388/495/401 387/494/400
f 387/494/400 512/642/528 511/641/527
f 512/642/528 387/494/400 513/643/529
f 513/643/529 514/644/530 512/642/528
f 513/643/529 515/645/531 514/644/530
f 513/643/529 516/646/532 515/645/531
f 516/646/532 513/643/529 387/494/400
f 387/494/400 517/647/533 516/646/532
f 517/647/533 387/494/400 357/454/368
f 357/454/368 366/463/377 517/647/533
f 366/463/377 357/454/368 356/453/367
f 357/454/368 387/494/400 386/493/399
f 386/493/399 518/648/534 357/454/368
f 518/648/534 386/493/399 389/496/402
f 389/496/402 392/499/405 518/648/534
f 519/649/535 357/454/368 518/648/534
f 518/648/534 520/650/536 519/649/535
f 520/650/536 518/648/534 521/651/537
f 521/651/537 522/652/538 520/650/536
f 521/651/537 523/653/539 522/652/538
f 523/653/539 521/651/537 311/398/322
f 523/653/539 311/398/322 310/397/321
f 523/653/539 310/397/321 361/458/372
f 361/458/372 352/449/363 523/653/539
f 308/395/319 361/458/372 310/397/321
f 524/654/540 512/642/528 514/644/530
f 512/642/528 524/654/540 525/655/541
f 525/655/541 526/656/542 512/642/528
f 526/656/542 525/655/541 527/657/543
f 527/657/543 528/658/544 526/656/542
f 528/658/544 527/657/543 529/659/545
f 529/659/545 530/660/546 528/658/544
f 530/660/546 529/659/545 531/661/547
f 531/661/547 532/662/548 530/660/546
f 532/662/548 531/661/547 533/663/549
f 532/662/548 533/663/549 508/664/522
f 508/664/522 534/665/550 532/662/548
f 534/665/550 508/664/522 506/666/520
f 534/665/550 506/666/520 287/372/297
f 534/665/550 287/372/297 286/371/296
f 534/665/550 286/371/296 535/667/551
f 535/667/551 532/662/548 534/665/550
f 535/667/551 530/660/546 532/662/548
f 535/667/551 536/668/552 530/660/546
f 536/668/552 535/667/551 286/371/296
f 536/668/552 286/371/296 398/506/411
f 398/506/411 537/669/553 536/668/552
f 537/669/553 398/506/411 511/641/527
f 537/669/553 511/641/527 512/642/528
f 537/669/553 512/642/528 526/656/542
f 526/656/542 536/668/552 537/669/553
f 536/668/552 526/656/542 528/658/544
f 528/658/544 530/660/546 536/668/552
f 538/670/554 492/617/506 493/618/507
f 493/618/507 539/671/555 538/670/554
f 493/618/507 540/672/556 539/671/555
f 540/672/556 493/618/507 491/616/505
f 491/616/505 541/673/557 540/672/556
f 541/673/557 491/616/505 489/614/503
f 489/614/503 542/674/558 541/673/557
f 542/674/558 489/614/503 486/611/500
f 486/611/500 543/675/559 542/674/558
f 544/676/560 545/677/561 546/678/562
f 546/678/562 547/679/563 544/676/560
f 547/679/563 546/678/562 548/680/564
f 548/680/564 549/681/565 547/679/563
f 550/682/566 551/683/567 552/684/568
f 552/684/568 553/685/569 550/682/566
f 553/685/569 552/684/568 554/686/570
f 554/686/570 555/687/571 553/685/569
f 462/575/476 478/601/492 556/688/572
f 556/688/572 557/689/573 462/575/476
f 557/689/573 556/688/572 558/690/574
f 558/690/574 481/604/495 557/689/573
f 482/691/496 476/599/490 461/574/475
f 476/599/490 482/691/496 474/597/488
f 482/605/496 558/690/574 474/692/488
f 558/690/574 482/605/496 481/604/495
f 359/576/370 466/583/480 467/693/481
f 466/583/480 359/576/370 463/578/477
f 467/584/481 361/458/372 359/456/370
f 361/458/372 467/584/481 352/449/363
f 544/676/560 559/694/575 560/695/576
f 560/695/576 545/677/561 544/676/560
f 560/695/576 561/696/577 545/677/561
f 561/696/577 560/695/576 562/697/578
f 561/696/577 562/697/578 453/563/467
f 453/563/467 563/698/579 561/696/577
f 563/698/579 453/563/467 452/562/466
f 456/566/470 453/563/467 562/697/578
f 564/699/580 565/700/581 566/701/582
f 565/700/581 564/699/580 567/702/583
f 567/702/583 568/703/584 565/700/581
f 460/573/474 462/575/476 557/689/573
f 557/689/573 569/704/585 460/573/474
f 569/704/585 557/689/573 481/604/495
f 481/604/495 483/606/497 569/704/585
f 494/621/508 475/620/489 570/705/586
f 570/705/586 505/632/519 494/621/508
f 570/705/586 571/706/587 505/632/519
f 571/706/587 570/705/586 572/707/588
f 571/706/587 572/707/588 573/708/589
f 571/706/587 573/708/589 574/709/590
f 571/706/587 574/709/590 575/710/591
f 575/710/591 576/711/592 571/706/587
f 576/711/592 575/710/591 415/524/429
f 576/711/592 415/524/429 418/527/432
f 576/711/592 418/527/432 420/529/434
f 576/711/592 420/529/434 421/530/435
f 576/711/592 421/530/435 577/712/593
f 577/712/593 571/706/587 576/711/592
f 577/712/593 505/632/519 571/706/587
f 577/712/593 504/631/518 505/632/519
f 577/712/593 578/713/594 504/631/518
f 578/713/594 577/712/593 421/530/435
f 504/631/518 578/713/594 579/714/595
f 579/714/595 461/607/475 504/631/518
f 579/714/595 480/715/494 461/607/475
f 579/714/595 559/716/575 480/715/494
f 579/714/595 560/717/576 559/716/575
f 560/717/576 579/714/595 578/713/594
f 578/713/594 580/718/596 560/717/576
f 580/718/596 578/713/594 421/530/435
f 580/718/596 421/530/435 459/571/473
f 580/718/596 459/571/473 562/719/578
f 562/719/578 560/717/576 580/718/596
f 456/572/470 562/719/578 459/571/473
f 358/720/369 581/721/597 582/722/598
f 582/722/598 583/723/599 358/720/369
f 583/723/599 582/722/598 584/724/600
f 584/724/600 464/579/478 583/723/599
f 585/725/601 463/726/477 358/727/369
f 463/726/477 585/725/601 586/728/602
f 586/728/602 464/729/478 463/726/477
f 464/729/478 586/728/602 587/730/603
f 588/731/604 365/462/376 589/732/605
f 589/732/605 590/733/606 588/731/604
f 590/733/606 589/732/605 591/734/607
f 591/734/607 592/735/608 590/733/606
f 591/734/607 593/736/609 592/735/608
f 591/734/607 594/737/610 593/736/609
f 594/737/610 591/734/607 595/738/611
f 595/738/611 467/584/481 594/737/610
f 595/738/611 351/448/362 467/584/481
f 595/738/611 468/585/482 351/448/362
f 595/738/611 596/739/612 468/585/482
f 596/739/612 595/738/611 591/734/607
f 591/734/607 589/732/605 596/739/612
f 597/740/613 468/585/482 596/739/612
f 598/741/614 599/742/615 489/743/616
f 599/742/615 598/741/614 600/744/617
f 599/742/615 600/744/617 601/745/618
f 599/742/615 601/745/618 602/746/619
f 602/746/619 489/743/616 599/742/615
f 489/743/616 602/746/619 603/747/620
f 603/747/620 604/748/621 489/743/616
f 603/747/620 605/749/622 604/748/621
f 605/749/622 603/747/620 602/746/619
f 602/746/619 606/750/623 605/749/622
f 606/750/623 602/746/619 601/745/618
f 607/751/624 604/748/621 605/749/622
f 604/748/621 607/751/624 608/752/625
f 608/752/625 609/753/626 604/748/621
f 609/753/626 608/752/625 610/754/627
f 609/753/626 610/754/627 611/755/628
f 609/753/626 611/755/628 489/743/616
f 489/743/616 604/748/621 609/753/626
f 612/756/629 613/757/630 614/758/631
f 613/757/630 612/756/629 615/759/632
f 613/757/630 615/759/632 616/760/633
f 613/757/630 616/760/633 617/761/634
f 613/757/630 617/761/634 618/762/635
f 618/762/635 614/758/631 613/757/630
f 619/763/636 618/762/635 617/761/634
f 620/764/637 621/765/638 622/766/639
f 621/765/638 620/764/637 623/767/640
f 621/765/638 623/767/640 624/768/641
f 621/765/638 624/768/641 625/769/642
f 625/769/642 626/770/643 621/765/638
f 626/770/643 625/769/642 627/771/644
f 626/770/643 627/771/644 540/672/556
f 626/770/643 540/672/556 541/673/557
f 626/770/643 541/673/557 628/772/645
f 628/772/645 621/765/638 626/770/643
f 621/765/638 628/772/645 622/766/639
f 542/674/558 628/772/645 541/673/557
f 629/773/646 460/573/474 569/704/585
f 311/398/322 521/651/537 518/648/534
f 570/774/586 475/598/489 477/600/491
f 482/691/496 461/574/475 480/775/494
f 630/776/647 631/777/648 632/778/649
f 461/607/475 485/609/499 504/631/518
f 484/608/498 502/629/516 485/609/499
f 483/606/497 633/779/650 569/704/585
f 633/779/650 483/606/497 634/780/651
f 635/781/652 492/617/506 538/670/554
f 492/617/506 635/781/652 636/782/653
f 636/782/653 490/615/504 492/617/506
f 490/615/504 636/782/653 599/783/615
f 599/783/615 487/612/501 490/615/504
f 487/612/501 599/783/615 488/784/502
f 637/785/654 638/786/655 639/787/656
f 638/786/655 637/785/654 640/788/657
f 640/788/657 641/789/658 638/786/655
f 522/652/538 350/447/361 348/445/359
f 348/445/359 520/650/536 522/652/538
f 520/650/536 348/445/359 642/790/659
f 520/650/536 642/790/659 643/791/660
f 643/791/660 519/649/535 520/650/536
f 519/649/535 643/791/660 400/792/414
f 400/792/414 333/426/344 332/793/343
f 333/426/344 400/792/414 643/791/660
f 643/791/660 335/428/346 333/426/344
f 488/784/502 644/794/661 645/795/662
f 644/794/661 488/784/502 599/783/615
f 644/794/661 599/783/615 646/796/663
f 644/794/661 646/796/663 647/797/664
f 644/794/661 647/797/664 648/798/665
f 644/794/661 648/798/665 515/645/531
f 515/645/531 645/795/662 644/794/661
f 645/795/662 515/645/531 649/799/666
f 649/799/666 543/675/559 645/795/662
f 543/675/559 649/799/666 650/800/667
f 650/800/667 542/674/558 543/675/559
f 650/800/667 628/772/645 542/674/558
f 650/800/667 622/766/639 628/772/645
f 622/766/639 650/800/667 651/801/668
f 651/801/668 620/764/637 622/766/639
f 649/799/666 651/801/668 650/800/667
f 648/798/665 514/644/530 515/645/531
f 514/644/530 648/798/665 652/802/669
f 652/802/669 524/654/540 514/644/530
f 524/654/540 652/802/669 653/803/670
f 653/803/670 525/655/541 524/654/540
f 653/803/670 527/657/543 525/655/541
f 527/657/543 653/803/670 654/804/671
f 654/804/671 529/659/545 527/657/543
f 654/804/671 531/661/547 529/659/545
f 654/804/671 533/663/549 531/661/547
f 654/804/671 655/805/672 533/663/549
f 655/805/672 654/804/671 656/806/673
f 656/806/673 657/807/674 655/805/672
f 657/807/674 656/806/673 658/808/675
f 659/809/676 653/803/670 652/802/669
f 652/802/669 660/810/677 659/809/676
f 660/810/677 652/802/669 648/798/665
f 660/810/677 648/798/665 647/797/664
f 660/810/677 647/797/664 661/811/678
f 660/810/677 661/811/678 662/812/679
f 662/812/679 659/809/676 660/810/677
f 661/811/678 663/813/680 662/812/679
f 663/813/680 661/811/678 503/630/517
f 503/630/517 664/814/681 663/813/680
f 664/814/681 503/630/517 484/608/498
f 664/814/681 484/608/498 460/610/474
f 664/814/681 460/610/474 629/815/646
f 629/815/646 663/813/680 664/814/681
f 663/813/680 629/815/646 657/807/674
f 665/816/682 630/817/647 632/818/649
f 632/818/649 666/819/683 665/816/682
f 666/819/683 632/818/649 667/820/684
f 478/601/492 461/574/475 476/599/490
f 461/574/475 478/601/492 462/575/476
f 655/821/672 657/822/674 668/823/685
f 668/823/685 533/824/549 655/821/672
f 533/824/549 668/823/685 669/825/686
f 669/825/686 508/636/522 533/824/549
f 669/825/686 470/637/523 508/636/522
f 470/637/523 669/825/686 670/826/687
f 670/826/688 509/639/525 470/637/523
f 670/826/688 671/827/689 509/639/525
f 670/826/688 672/828/690 671/827/689
f 672/828/691 670/826/687 669/825/686
f 669/825/686 668/823/685 672/828/691
f 673/829/692 671/827/689 672/828/690
f 674/830/693 540/672/556 627/771/644
f 627/771/644 667/831/684 674/830/693
f 667/831/684 627/771/644 625/769/642
f 625/769/642 675/832/694 667/831/684
f 675/832/694 625/769/642 624/768/641
f 624/768/641 676/833/695 675/832/694
f 624/768/641 677/834/696 676/833/695
f 677/834/696 624/768/641 623/767/640
f 623/767/640 678/835/697 677/834/696
f 678/835/697 623/767/640 620/764/637
f 620/764/637 679/836/698 678/835/697
f 679/836/698 620/764/637 680/837/699
f 680/837/699 681/838/700 679/836/698
f 672/839/690 682/840/701 683/841/702
f 683/841/702 670/842/688 672/839/690
f 670/842/688 683/841/702 471/589/485
f 471/589/485 470/843/484 670/842/688
f 684/844/703 685/845/704 686/846/705
f 686/846/705 687/847/706 684/844/703
f 687/847/706 686/846/705 547/679/563
f 547/679/563 549/681/565 687/847/706
f 685/848/704 683/849/702 682/850/701
f 683/849/702 685/848/704 684/851/703
f 684/851/703 471/592/485 683/849/702
f 471/592/485 684/851/703 454/593/468
f 674/830/693 667/831/684 688/852/707
f 688/852/707 540/672/556 674/830/693
f 688/852/707 539/671/555 540/672/556
f 539/671/555 688/852/707 689/853/708
f 689/853/708 538/670/554 539/671/555
f 538/670/554 689/853/708 690/854/709
f 690/854/709 635/781/652 538/670/554
f 690/854/709 636/782/653 635/781/652
f 690/854/709 599/783/615 636/782/653
f 690/854/709 646/796/663 599/783/615
f 646/796/663 690/854/709 691/855/710
f 691/855/710 647/797/664 646/796/663
f 647/797/664 691/855/710 692/856/711
f 692/856/711 661/811/678 647/797/664
f 692/856/711 503/630/517 661/811/678
f 692/856/711 501/628/515 503/630/517
f 692/856/711 500/627/514 501/628/515
f 500/627/514 692/856/711 691/855/710
f 691/855/710 693/857/712 500/627/514
f 693/857/712 691/855/710 690/854/709
f 693/857/712 690/854/709 689/853/708
f 693/857/712 689/853/708 688/852/707
f 688/852/707 694/858/713 693/857/712
f 694/858/713 688/852/707 667/831/684
f 694/858/713 667/831/684 632/778/649
f 694/858/713 632/778/649 499/626/513
f 499/626/513 693/857/712 694/858/713
f 693/857/712 499/626/513 500/627/514
f 631/777/648 499/626/513 632/778/649
f 656/806/673 654/804/671 653/803/670
f 653/803/670 695/859/714 656/806/673
f 695/859/714 653/803/670 659/809/676
f 659/809/676 696/860/715 695/859/714
f 696/860/715 659/809/676 662/812/679
f 696/860/715 662/812/679 663/813/680
f 696/860/715 663/813/680 658/808/675
f 658/808/675 695/859/714 696/860/715
f 695/859/714 658/808/675 656/806/673
f 657/807/674 658/808/675 663/813/680
f 334/508/413 399/507/412 697/861/716
f 697/861/716 410/519/424 334/508/413
f 697/861/716 698/862/717 410/519/424
f 698/862/717 697/861/716 399/507/412
f 399/507/412 401/510/415 698/862/717
f 412/521/426 410/519/424 698/862/717
f 598/741/614 489/743/616 699/863/718
f 699/863/718 600/744/617 598/741/614
f 699/863/718 700/864/719 600/744/617
f 699/863/718 611/755/628 700/864/719
f 611/755/628 699/863/718 489/743/616
f 610/754/627 700/864/719 611/755/628
f 480/715/494 685/848/704 682/850/701
f 685/848/704 480/715/494 559/716/575
f 488/613/502 543/675/559 486/611/500
f 543/675/559 488/613/502 645/795/662
f 686/846/705 685/845/704 559/694/575
f 559/694/575 547/679/563 686/846/705
f 547/679/563 559/694/575 544/676/560
f 316/403/327 455/565/469 281/404/300
f 455/565/469 316/403/327 448/558/462
f 701/865/720 448/558/462 316/403/327
f 448/558/462 701/865/720 449/559/463
f 634/866/721 682/840/701 672/839/690
f 682/840/701 634/866/721 483/867/497
f 483/867/497 480/868/494 682/840/701
f 702/869/722 634/780/651 483/606/497
f 634/780/651 702/869/722 673/829/692
f 634/780/651 673/829/692 672/828/690
f 672/828/691 633/779/650 634/780/651
f 633/779/650 672/828/691 668/823/685
f 633/779/650 668/823/685 629/773/646
f 629/773/646 569/704/585 633/779/650
f 657/822/674 629/773/646 668/823/685
f 455/567/469 289/374/299 281/376/300
f 289/374/299 455/567/469 458/570/472
f 458/570/472 290/377/301 289/374/299
f 290/377/301 458/570/472 424/533/438
f 703/870/723 566/701/582 565/700/581
f 565/700/581 704/871/724 703/870/723
f 704/871/724 565/700/581 568/703/584
f 568/703/584 705/872/725 704/871/724
f 417/526/431 416/525/430 706/873/726
f 706/873/726 426/535/440 417/526/431
f 426/535/440 706/873/726 414/523/428
f 414/523/428 425/534/439 426/535/440
f 425/534/439 414/523/428 293/380/304
f 293/380/304 424/533/438 425/534/439
f 424/533/438 293/380/304 290/377/301
f 295/382/306 293/380/304 414/523/428
f 365/462/376 596/739/612 589/732/605
f 596/739/612 365/462/376 364/461/375
f 364/461/375 597/740/613 596/739/612
f 597/740/613 364/461/375 367/465/378
f 367/465/378 353/450/364 597/740/613
f 353/450/364 367/465/378 354/451/365
f 324/415/335 687/847/706 549/681/565
f 549/681/565 325/416/336 324/415/335
f 325/416/336 549/681/565 548/680/564
f 548/680/564 327/418/338 325/416/336
f 329/420/340 469/587/483 283/421/293
f 469/587/483 329/420/340 472/590/486
f 323/414/334 281/409/291 473/595/487
f 281/409/291 323/414/334 318/408/329
f 473/591/487 283/368/293 469/594/483
f 283/368/293 473/591/487 281/366/291
f 684/844/703 324/415/335 454/596/468
f 324/415/335 684/844/703 687/847/706
f 641/789/658 619/763/636 617/761/634
f 617/761/634 638/786/655 641/789/658
f 638/786/655 617/761/634 616/760/633
f 616/760/633 639/787/656 638/786/655
f 344/441/355 703/870/723 704/871/724
f 704/871/724 345/442/356 344/441/355
f 345/442/356 704/871/724 705/872/725
f 705/872/725 347/444/358 345/442/356
f 365/462/376 707/874/727 363/460/374
f 707/874/727 365/462/376 680/837/699
f 707/874/727 680/837/699 620/764/637
f 707/874/727 620/764/637 651/801/668
f 651/801/668 708/875/728 707/874/727
f 708/875/728 651/801/668 649/799/666
f 708/875/728 649/799/666 515/645/531
f 708/875/728 515/645/531 516/646/532
f 708/875/728 516/646/532 366/463/377
f 366/463/377 707/874/727 708/875/728
f 707/874/727 366/463/377 363/460/374
f 517/647/533 366/463/377 516/646/532
f 350/447/361 523/653/539 352/449/363
f 523/653/539 350/447/361 522/652/538
f 468/585/482 353/450/364 349/446/360
f 353/450/364 468/585/482 597/740/613
f 518/648/534 312/399/323 311/398/322
f 312/399/323 518/648/534 392/499/405
f 400/792/414 357/454/368 519/649/535
f 357/454/368 400/792/414 332/793/343
f 642/790/659 348/445/359 337/430/348
f 337/430/348 643/791/660 642/790/659
f 643/791/660 337/430/348 335/428/346
f 709/876/729 710/877/730 711/878/731
f 428/879/442 712/880/732 713/881/733
f 714/882/734 715/883/735 716/884/736
f 717/885/737 718/886/738 444/887/458
f 719/888/739 720/889/740 721/890/741
f 720/889/740 719/888/739 722/891/742
f 723/892/743 724/893/744 725/894/745
f 724/893/744 723/892/743 726/895/746
f 727/896/747 728/897/748 729/898/749
f 728/897/748 727/896/747 730/899/750
f 731/900/751 732/901/752 733/902/753
f 732/901/752 731/900/751 734/903/754
f 735/904/755 716/905/736 736/906/756
f 716/905/736 735/904/755 737/907/757
f 737/907/757 714/908/734 716/905/736
f 737/907/757 738/909/758 714/908/734
f 737/907/757 739/910/759 738/909/758
f 739/910/759 737/907/757 740/911/760
f 740/911/760 741/912/761 739/910/759
f 740/911/760 742/913/762 741/912/761
f 740/911/760 743/914/763 742/913/762
f 740/911/760 744/915/764 743/914/763
f 744/915/764 740/911/760 737/907/757
f 737/907/757 735/904/755 744/915/764
f 745/916/765 743/914/763 744/915/764
f 746/917/766 747/918/767 709/919/729
f 709/919/729 748/920/768 746/917/766
f 748/920/768 709/919/729 711/921/731
f 748/920/768 711/921/731 749/922/769
f 748/920/768 749/922/769 750/923/770
f 748/920/768 750/923/770 751/924/771
f 751/924/771 746/917/766 748/920/768
f 751/924/771 752/925/772 746/917/766
f 752/925/772 751/924/771 753/926/773
f 753/926/773 754/927/774 752/925/772
f 754/927/774 753/926/773 755/928/775
f 755/928/775 756/929/776 754/927/774
f 755/928/775 757/930/777 756/929/776
f 755/928/775 758/931/778 757/930/777
f 755/928/775 759/932/779 758/931/778
f 755/928/775 760/933/780 759/932/779
f 760/933/780 755/928/775 753/926/773
f 753/926/773 761/934/781 760/933/780
f 761/934/781 753/926/773 751/924/771
f 751/924/771 762/935/782 761/934/781
f 762/935/782 751/924/771 750/923/770
f 572/707/588 570/705/586 763/936/783
f 763/936/783 764/937/784 572/707/588
f 764/937/784 763/936/783 765/938/785
f 765/938/785 766/939/786 764/937/784
f 765/938/785 767/940/787 766/939/786
f 767/940/787 765/938/785 479/619/493
f 767/940/787 479/619/493 495/622/509
f 495/622/509 768/941/788 767/940/787
f 768/941/788 495/622/509 497/624/511
f 497/624/511 769/942/789 768/941/788
f 497/624/511 770/943/790 769/942/789
f 770/943/790 497/624/511 499/626/513
f 770/943/790 499/626/513 631/777/648
f 770/943/790 631/777/648 630/776/647
f 770/943/790 630/776/647 771/944/791
f 770/943/790 771/944/791 718/945/738
f 718/945/738 769/942/789 770/943/790
f 769/942/789 718/945/738 717/946/737
f 717/946/737 768/941/788 769/942/789
f 768/941/788 717/946/737 772/947/792
f 772/947/792 715/948/735 768/941/788
f 722/891/742 773/949/793 720/889/740
f 773/949/793 722/891/742 774/950/794
f 774/950/794 775/951/795 773/949/793
f 774/950/794 721/890/741 775/951/795
f 774/950/794 719/888/739 721/890/741
f 774/950/794 776/952/796 719/888/739
f 776/952/796 774/950/794 722/891/742
f 776/952/796 722/891/742 777/953/797
f 777/953/797 778/954/798 776/952/796
f 778/954/798 777/953/797 779/955/799
f 779/955/799 780/956/800 778/954/798
f 780/956/800 779/955/799 781/957/801
f 780/956/800 781/957/801 782/958/802
f 780/956/800 782/958/802 783/959/803
f 780/956/800 783/959/803 784/960/804
f 780/956/800 784/960/804 785/961/805
f 785/961/805 778/954/798 780/956/800
f 778/954/798 785/961/805 786/962/806
f 786/962/806 776/952/796 778/954/798
f 776/952/796 786/962/806 787/963/807
f 787/963/807 719/888/739 776/952/796
f 788/964/808 789/965/809 790/966/810
f 789/965/809 788/964/808 791/967/811
f 789/965/809 791/967/811 792/968/812
f 792/968/812 793/969/813 789/965/809
f 793/969/813 792/968/812 794/970/814
f 794/970/814 795/971/815 793/969/813
f 795/971/815 794/970/814 796/972/816
f 796/972/816 797/973/817 795/971/815
f 797/973/817 796/972/816 798/974/818
f 798/974/818 799/975/819 797/973/817
f 799/975/819 798/974/818 800/976/820
f 800/976/820 801/977/821 799/975/819
f 801/977/821 800/976/820 802/978/822
f 802/978/822 803/979/823 801/977/821
f 804/980/824 805/981/825 806/982/826
f 805/981/825 804/980/824 791/983/811
f 805/981/825 791/983/811 807/984/827
f 807/984/827 808/985/828 805/981/825
f 808/985/828 807/984/827 809/986/829
f 809/986/829 810/987/830 808/985/828
f 810/987/830 809/986/829 811/988/831
f 811/988/831 812/989/832 810/987/830
f 812/989/832 811/988/831 813/990/833
f 814/991/834 815/992/835 790/993/810
f 815/992/835 814/991/834 816/994/836
f 816/994/836 817/995/837 815/992/835
f 817/995/837 816/994/836 818/996/838
f 818/996/838 819/997/839 817/995/837
f 819/997/839 818/996/838 820/998/840
f 820/998/840 821/999/841 819/997/839
f 821/999/841 820/998/840 822/1000/842
f 822/1000/842 823/1001/843 821/999/841
f 823/1001/843 822/1000/842 824/1002/844
f 823/1001/843 824/1002/844 825/1003/845
f 823/1001/843 825/1003/845 826/1004/846
f 826/1004/846 821/999/841 823/1001/843
f 821/999/841 826/1004/846 827/1005/847
f 827/1005/847 819/997/839 821/999/841
f 819/997/839 827/1005/847 828/1006/848
f 828/1006/848 817/995/837 819/997/839
f 817/995/837 828/1006/848 829/1007/849
f 829/1007/849 815/992/835 817/995/837
f 815/992/835 829/1007/849 830/1008/850
f 830/1008/850 790/993/810 815/992/835
f 831/1009/851 826/1004/846 825/1003/845
f 825/1003/845 832/1010/852 831/1009/851
f 832/1010/852 825/1003/845 824/1002/844
f 832/1010/852 824/1002/844 833/1011/853
f 833/1011/853 834/1012/854 832/1010/852
f 834/1012/854 833/1011/853 835/1013/855
f 834/1012/854 835/1013/855 125/147/129
f 834/1012/854 125/147/129 128/150/132
f 834/1012/854 128/150/132 130/152/134
f 834/1012/854 130/152/134 836/1014/856
f 836/1014/856 832/1010/852 834/1012/854
f 832/1010/852 836/1014/856 837/1015/857
f 837/1015/857 831/1009/851 832/1010/852
f 804/1016/824 792/1017/812 791/1018/811
f 792/1017/812 804/1016/824 806/1019/826
f 806/1019/826 838/1020/858 792/1017/812
f 838/1020/858 806/1019/826 839/1021/859
f 839/1021/859 814/1022/834 838/1020/858
f 839/1021/859 816/1023/836 814/1022/834
f 839/1021/859 840/1024/860 816/1023/836
f 840/1024/860 839/1021/859 806/1019/826
f 806/1019/826 841/1025/861 840/1024/860
f 806/1019/826 842/1026/862 841/1025/861
f 842/1026/862 806/1019/826 791/1018/811
f 842/1026/862 791/1018/811 593/1027/609
f 593/1027/609 843/1028/863 842/1026/862
f 843/1028/863 593/1027/609 594/1029/610
f 843/1028/863 594/1029/610 467/693/481
f 843/1028/863 467/693/481 466/583/480
f 843/1028/863 466/583/480 465/582/479
f 843/1028/863 465/582/479 844/1030/864
f 843/1028/863 844/1030/864 845/1031/865
f 843/1028/863 845/1031/865 846/1032/866
f 846/1032/866 842/1026/862 843/1028/863
f 842/1026/862 846/1032/866 841/1025/861
f 847/1033/867 465/580/479 464/579/478
f 464/579/478 848/1034/868 847/1033/867
f 848/1034/868 464/579/478 584/724/600
f 848/1034/868 584/724/600 849/1035/869
f 848/1034/868 849/1035/869 32/184/33
f 848/1034/868 32/184/33 154/183/159
f 848/1034/868 154/183/159 850/1036/870
f 850/1036/870 847/1033/867 848/1034/868
f 850/1036/870 154/183/159 152/181/157
f 152/181/157 851/1037/871 850/1036/870
f 851/1037/871 152/181/157 151/180/156
f 151/180/156 852/1038/872 851/1037/871
f 852/1038/872 151/180/156 853/1039/873
f 853/1039/873 854/1040/874 852/1038/872
f 853/1039/873 125/1041/129 854/1040/874
f 853/1039/873 126/1042/130 125/1041/129
f 853/1039/873 53/53/54 126/1042/130
f 53/53/54 853/1039/873 151/180/156
f 151/180/156 135/159/139 53/53/54
f 55/55/56 126/1042/130 53/53/54
f 297/384/308 855/1043/875 296/383/307
f 855/1043/875 297/384/308 856/1044/876
f 856/1044/876 857/1045/877 855/1043/875
f 856/1044/876 858/1046/878 857/1045/877
f 858/1046/878 856/1044/876 859/1047/879
f 859/1047/879 860/1048/880 858/1046/878
f 860/1048/880 859/1047/881 861/1049/882
f 861/1049/882 862/1050/883 860/1048/880
f 862/1050/883 861/1049/882 863/1051/884
f 862/1050/883 863/1051/884 864/1052/885
f 862/1050/883 864/1052/885 865/1053/886
f 865/1053/886 860/1048/880 862/1050/883
f 860/1048/880 865/1053/886 711/1054/731
f 711/1054/731 858/1046/878 860/1048/880
f 711/1054/731 866/1055/887 858/1046/878
f 711/1054/731 710/1056/730 866/1055/887
f 710/1056/730 711/1054/731 867/1057/888
f 867/1057/888 868/1058/889 710/1056/730
f 868/1058/889 867/1057/888 869/1059/890
f 869/1059/890 870/1060/891 868/1058/889
f 871/1061/892 863/1051/884 861/1049/882
f 861/1049/882 872/1062/893 871/1061/892
f 861/1049/882 873/1063/894 872/1062/893
f 873/1063/894 861/1049/882 859/1047/881
f 859/1047/881 729/1064/749 873/1063/894
f 729/1064/749 859/1047/879 856/1044/876
f 856/1044/876 874/1065/895 729/1064/749
f 874/1065/895 856/1044/876 297/384/308
f 297/384/308 875/1066/896 874/1065/895
f 875/1066/896 297/384/308 298/385/309
f 875/1066/896 298/385/309 413/522/427
f 875/1066/896 413/522/427 876/1067/897
f 875/1066/896 876/1067/897 877/1068/898
f 877/1068/898 874/1065/895 875/1066/896
f 877/1068/898 729/1064/749 874/1065/895
f 729/1064/749 877/1068/898 878/1069/899
f 878/1069/899 727/1070/747 729/1064/749
f 727/1070/747 878/1069/899 879/1071/900
f 879/1071/900 880/1072/901 727/1070/747
f 879/1071/900 881/1073/902 880/1072/901
f 879/1071/900 882/1074/903 881/1073/902
f 879/1071/900 883/1075/904 882/1074/903
f 879/1071/900 884/1076/905 883/1075/904
f 884/1076/905 879/1071/900 878/1069/899
f 878/1069/899 885/1077/906 884/1076/905
f 885/1077/907 878/1069/899 877/1068/898
f 877/1068/898 886/1078/908 885/1077/907
f 886/1078/908 877/1068/898 876/1067/897
f 306/393/317 362/459/373 308/395/319
f 362/459/373 306/393/317 887/1079/909
f 362/459/373 887/1079/909 712/1080/732
f 712/1080/732 358/455/369 362/459/373
f 358/455/369 712/1080/732 581/1081/597
f 791/1082/811 592/735/608 593/736/609
f 592/735/608 791/1082/811 888/1083/910
f 888/1083/910 590/733/606 592/735/608
f 888/1083/910 588/731/604 590/733/606
f 588/731/604 888/1083/910 681/838/700
f 681/838/700 365/462/376 588/731/604
f 365/462/376 681/838/700 680/837/699
f 788/1084/808 888/1083/910 791/1082/811
f 888/1083/910 788/1084/808 889/1085/911
f 889/1085/911 681/838/700 888/1083/910
f 681/838/700 889/1085/911 890/1086/912
f 890/1086/912 679/836/698 681/838/700
f 890/1086/912 678/835/697 679/836/698
f 678/835/697 890/1086/912 891/1087/913
f 891/1087/913 677/834/696 678/835/697
f 677/834/696 891/1087/913 676/833/695
f 890/1086/912 892/1088/914 891/1087/913
f 892/1088/914 890/1086/912 889/1085/911
f 889/1085/911 790/1089/810 892/1088/914
f 790/1089/810 889/1085/911 788/1084/808
f 892/1090/914 790/1091/810 893/1092/915
f 893/1092/915 891/1093/913 892/1090/914
f 893/1092/915 894/1094/916 891/1093/913
f 894/1094/916 893/1092/915 895/1095/917
f 895/1095/917 896/1096/918 894/1094/916
f 896/1096/918 895/1095/917 897/1097/919
f 897/1097/919 898/1098/920 896/1096/918
f 898/1098/920 897/1097/919 899/1099/921
f 899/1099/921 900/1100/922 898/1098/920
f 900/1100/922 899/1099/921 901/1101/923
f 901/1101/923 902/1102/924 900/1100/922
f 902/1102/924 901/1101/923 903/1103/925
f 903/1103/925 904/1104/926 902/1102/924
f 904/1104/926 903/1103/925 905/1105/927
f 906/1106/928 907/1107/929 908/1108/930
f 908/1108/930 891/1109/913 906/1106/928
f 908/1108/930 909/1110/931 891/1109/913
f 909/1110/931 908/1108/930 910/1111/932
f 910/1111/932 911/1112/933 909/1110/931
f 911/1112/933 910/1111/932 912/1113/934
f 912/1113/934 913/1114/935 911/1112/933
f 913/1114/935 912/1113/934 914/1115/936
f 914/1115/936 915/1116/937 913/1114/935
f 916/1117/938 917/1118/939 665/1119/682
f 917/1118/939 916/1117/938 918/1120/940
f 918/1120/940 919/1121/941 917/1118/939
f 919/1121/941 918/1120/940 920/1122/942
f 920/1122/942 175/211/181 919/1121/941
f 175/211/181 920/1122/942 921/1123/943
f 921/1123/943 174/210/180 175/211/181
f 174/210/180 921/1123/943 922/1124/944
f 922/1124/944 923/1125/945 174/210/180
f 923/1125/945 922/1124/944 924/1126/946
f 923/1125/945 924/1126/946 132/1127/136
f 923/1125/945 132/1127/136 131/1128/135
f 923/1125/945 131/1128/135 39/39/40
f 39/39/40 174/210/180 923/1125/945
f 174/210/180 39/39/40 155/189/160
f 40/40/41 39/39/40 131/1128/135
f 177/213/183 919/1121/941 175/211/181
f 919/1121/941 177/213/183 37/214/38
f 919/1121/941 37/214/38 925/1129/947
f 925/1129/947 917/1118/939 919/1121/941
f 917/1118/939 925/1129/947 926/1130/948
f 926/1130/948 665/1131/682 917/1118/939
f 665/1131/682 926/1130/948 927/1132/949
f 927/1132/949 630/1133/647 665/1131/682
f 630/1133/647 927/1132/949 771/1134/791
f 928/1135/950 790/1136/810 929/1137/951
f 929/1137/951 930/1138/952 928/1135/950
f 930/1138/952 929/1137/951 931/1139/953
f 931/1139/953 932/1140/954 930/1138/952
f 931/1139/953 933/1141/955 932/1140/954
f 931/1139/953 829/1142/849 933/1141/955
f 829/1142/849 931/1139/953 929/1137/951
f 929/1137/951 830/1143/850 829/1142/849
f 830/1143/850 929/1137/951 790/1136/810
f 828/1144/848 933/1141/955 829/1142/849
f 933/1141/955 828/1144/848 934/1145/956
f 934/1145/956 932/1140/954 933/1141/955
f 934/1145/956 935/1146/957 932/1140/954
f 935/1146/957 934/1145/956 936/1147/958
f 936/1147/958 937/1148/959 935/1146/957
f 937/1148/959 936/1147/958 938/1149/960
f 938/1149/960 939/1150/961 937/1148/959
f 939/1150/961 938/1149/960 940/1151/962
f 940/1151/962 941/1152/963 939/1150/961
f 941/1152/963 940/1151/962 942/1153/964
f 942/1153/964 943/1154/965 941/1152/963
f 942/1153/964 132/154/136 943/1154/965
f 942/1153/964 133/155/137 132/154/136
f 942/1153/964 130/157/134 133/155/137
f 942/1153/964 836/1155/856 130/157/134
f 836/1155/856 942/1153/964 940/1151/962
f 940/1151/962 837/1156/857 836/1155/856
f 837/1156/857 940/1151/962 938/1149/960
f 938/1149/960 831/1157/851 837/1156/857
f 831/1157/851 938/1149/960 936/1147/958
f 936/1147/958 826/1158/846 831/1157/851
f 826/1158/846 936/1147/958 934/1145/956
f 934/1145/956 827/1159/847 826/1158/846
f 827/1159/847 934/1145/956 828/1144/848
f 666/819/683 916/1160/938 665/816/682
f 916/1160/938 666/819/683 944/1161/966
f 944/1161/966 945/1162/967 916/1160/938
f 944/1161/966 946/1163/968 945/1162/967
f 944/1161/966 947/1164/969 946/1163/968
f 947/1164/969 944/1161/966 948/1165/970
f 948/1165/970 907/1166/929 947/1164/969
f 948/1165/970 891/1167/913 907/1166/929
f 948/1165/970 676/1168/695 891/1167/913
f 676/1168/695 948/1165/970 944/1161/966
f 944/1161/966 675/1169/694 676/1168/695
f 675/1169/694 944/1161/966 666/819/683
f 666/819/683 667/820/684 675/1169/694
f 949/1170/971 947/1164/969 907/1166/929
f 907/1166/929 950/1171/972 949/1170/971
f 950/1171/972 907/1166/929 951/1172/973
f 951/1172/973 930/1173/952 950/1171/972
f 951/1172/973 928/1174/950 930/1173/952
f 951/1172/973 952/1175/974 928/1174/950
f 952/1175/974 951/1172/973 907/1166/929
f 907/1166/929 894/1176/916 952/1175/974
f 894/1176/916 907/1166/929 906/1177/928
f 906/1177/928 891/1167/913 894/1176/916
f 726/895/746 723/892/743 953/1178/975
f 953/1178/975 954/1179/976 726/895/746
f 954/1179/976 953/1178/975 955/1180/977
f 954/1179/976 955/1180/977 725/894/745
f 954/1179/976 725/894/745 724/893/744
f 954/1179/976 724/893/744 956/1181/978
f 956/1181/978 726/895/746 954/1179/976
f 956/1181/978 957/1182/979 726/895/746
f 957/1182/979 956/1181/978 958/1183/980
f 958/1183/980 959/1184/981 957/1182/979
f 959/1184/981 958/1183/980 960/1185/982
f 960/1185/982 961/1186/983 959/1184/981
f 960/1185/982 962/1187/984 961/1186/983
f 960/1185/982 963/1188/985 962/1187/984
f 960/1185/982 964/1189/986 963/1188/985
f 960/1185/982 965/1190/987 964/1189/986
f 965/1190/987 960/1185/982 958/1183/980
f 958/1183/980 966/1191/988 965/1190/987
f 966/1191/988 958/1183/980 956/1181/978
f 956/1181/978 967/1192/989 966/1191/988
f 967/1192/989 956/1181/978 724/893/744
f 717/1193/737 968/1194/990 772/1195/792
f 968/1194/990 717/1193/737 444/1196/458
f 968/1194/990 444/1196/458 442/1197/456
f 442/1197/456 969/1198/991 968/1194/990
f 969/1198/991 442/1197/456 440/1199/454
f 440/1199/454 970/1200/992 969/1198/991
f 970/1200/992 440/1199/454 438/1201/452
f 970/1200/992 438/1201/452 436/1202/450
f 970/1200/992 436/1202/450 971/1203/993
f 971/1203/993 972/1204/994 970/1200/992
f 972/1204/994 971/1203/993 973/1205/995
f 973/1205/995 974/1206/996 972/1204/994
f 974/1206/996 973/1205/995 975/1207/997
f 974/1206/996 975/1207/997 976/1208/998
f 974/1206/996 976/1208/998 977/1209/999
f 974/1206/996 977/1209/999 978/1210/1000
f 978/1210/1000 979/1211/1001 974/1206/996
f 979/1211/1001 978/1210/1000 980/1212/1002
f 979/1211/1001 980/1212/1002 734/1213/754
f 979/1211/1001 734/1213/754 731/1214/751
f 731/1214/751 981/1215/1003 979/1211/1001
f 981/1215/1003 731/1214/751 982/1216/1004
f 981/1215/1003 982/1216/1004 983/1217/1005
f 981/1215/1003 983/1217/1005 736/1218/756
f 981/1215/1003 736/1218/756 772/1195/792
f 981/1215/1003 772/1195/792 968/1194/990
f 981/1215/1003 968/1194/990 969/1198/991
f 969/1198/991 984/1219/1006 981/1215/1003
f 984/1219/1006 969/1198/991 970/1200/992
f 984/1219/1006 970/1200/992 972/1204/994
f 984/1219/1006 972/1204/994 979/1211/1001
f 979/1211/1001 981/1215/1003 984/1219/1006
f 974/1206/996 979/1211/1001 972/1204/994
f 742/1220/762 745/916/765 744/915/764
f 744/915/764 741/912/761 742/1220/762
f 741/912/761 744/915/764 735/904/755
f 735/904/755 739/1221/759 741/912/761
f 739/1221/759 735/904/755 736/906/756
f 736/906/756 738/1222/758 739/1221/759
f 745/916/765 742/1220/762 985/1223/1007
f 985/1223/1007 986/1224/1008 745/916/765
f 986/1224/1008 985/1223/1007 987/1225/1009
f 987/1225/1009 988/1226/1010 986/1224/1008
f 988/1226/1010 987/1225/1009 989/1227/1011
f 989/1227/1011 990/1228/1012 988/1226/1010
f 991/1229/1013 992/1230/1014 993/1231/1015
f 992/1230/1014 991/1229/1013 994/1232/1016
f 994/1232/1016 772/1233/1017 992/1230/1014
f 772/1233/1017 994/1232/1016 736/1234/756
f 736/1234/756 715/1235/735 772/1233/792
f 715/1235/735 736/1234/756 716/1236/736
f 94/107/98 995/1237/1018 996/1238/1019
f 996/1238/1019 97/110/101 94/107/98
f 97/110/101 996/1238/1019 997/1239/1020
f 997/1239/1020 99/112/103 97/110/101
f 99/112/103 997/1239/1020 998/1240/1021
f 998/1240/1021 101/114/105 99/112/103
f 101/114/105 998/1240/1021 999/1241/1022
f 999/1241/1022 103/116/107 101/114/105
f 103/116/107 999/1241/1022 665/1242/682
f 665/1242/682 102/115/106 103/116/107
f 102/115/106 665/1242/682 917/1243/939
f 630/1244/647 665/1242/682 999/1241/1022
f 1000/1245/1023 1001/1246/1024 1002/1247/1025
f 1001/1246/1024 1000/1245/1023 1003/1248/1026
f 1003/1248/1026 715/948/735 1001/1246/1024
f 715/948/735 1003/1248/1026 714/1249/1027
f 715/948/735 714/1249/1027 1004/1250/1028
f 1004/1250/1028 768/941/788 715/948/735
f 1004/1250/1028 767/940/787 768/941/788
f 1004/1250/1028 766/939/786 767/940/787
f 766/939/786 1004/1250/1028 714/1249/1027
f 766/939/786 714/1249/1027 1005/1251/1029
f 1005/1251/1029 764/937/784 766/939/786
f 764/937/784 1005/1251/1029 1006/1252/1030
f 764/937/784 1006/1252/1030 1007/1253/1031
f 1007/1253/1031 572/707/588 764/937/784
f 572/707/588 1007/1253/1031 1008/1254/1032
f 1008/1254/1032 573/708/589 572/707/588
f 1008/1254/1032 574/709/590 573/708/589
f 1008/1254/1032 1009/1255/1033 574/709/590
f 1008/1254/1032 1010/1256/1034 1009/1255/1033
f 1008/1254/1032 1011/1257/1035 1010/1256/1034
f 1011/1257/1035 1008/1254/1032 1007/1253/1031
f 1007/1253/1031 733/1258/753 1011/1257/1035
f 733/1258/753 1007/1253/1031 1006/1252/1030
f 1006/1252/1030 1012/1259/1036 733/1258/753
f 1012/1259/1036 1006/1252/1030 1013/1260/1037
f 1013/1260/1037 1014/1261/1038 1012/1259/1036
f 1013/1260/1037 1015/1262/1039 1014/1261/1038
f 1015/1262/1039 1013/1260/1037 1016/1263/1040
f 1016/1263/1040 1017/1264/1041 1015/1262/1039
f 1016/1263/1040 1018/1265/1042 1017/1264/1041
f 1016/1263/1040 1019/1266/1043 1018/1265/1042
f 1016/1263/1040 1005/1251/1029 1019/1266/1043
f 1005/1251/1029 1016/1263/1040 1013/1260/1037
f 1013/1260/1037 1006/1252/1030 1005/1251/1029
f 714/1249/734 1019/1266/1043 1005/1251/1029
f 1020/1267/1044 1021/1268/1045 1022/1269/1046
f 1021/1268/1045 1020/1267/1044 1023/1270/1047
f 1023/1270/1047 754/927/774 1021/1268/1045
f 754/927/774 1023/1270/1047 761/1271/781
f 761/1271/781 752/925/772 754/927/774
f 752/925/772 761/1271/781 762/935/782
f 762/935/782 746/917/766 752/925/772
f 746/917/766 762/935/782 750/1272/770
f 750/1272/770 747/918/767 746/917/766
f 747/918/767 750/1272/770 749/1273/769
f 1024/1274/1048 1025/1275/1049 1026/1276/1050
f 1026/1276/1050 1027/1277/1051 1024/1274/1048
f 1027/1277/1051 1026/1276/1050 1028/1278/1052
f 1028/1278/1052 747/1279/1053 1027/1277/1051
f 747/1279/767 1028/1278/1052 710/1280/730
f 710/1280/730 709/1281/729 747/1279/767
f 1029/1282/1054 1030/1283/1055 1031/1284/1056
f 1030/1283/1055 1029/1282/1054 1032/1285/1057
f 1032/1285/1057 1033/1286/1058 1030/1283/1055
f 1033/1286/1058 1032/1285/1057 1034/1287/1059
f 1034/1287/1059 1035/1288/1060 1033/1286/1058
f 1035/1288/1060 1034/1287/1059 1036/1289/1061
f 1036/1289/1061 1037/1290/1062 1035/1288/1060
f 1037/1290/1062 1036/1289/1061 1038/1291/1063
f 1038/1291/1063 1039/1292/1064 1037/1290/1062
f 1039/1292/1064 1038/1291/1063 1040/1293/1065
f 1040/1293/1065 1041/1294/1066 1039/1292/1064
f 1041/1294/1066 1040/1293/1065 1042/1295/1066
f 1043/1296/1067 1030/1297/1055 1044/1298/1068
f 1030/1297/1055 1043/1296/1067 1045/1299/1069
f 1045/1299/1069 1046/1300/1070 1030/1297/1055
f 1046/1300/1070 1045/1299/1069 1047/1301/1071
f 1047/1301/1071 1048/1302/1072 1046/1300/1070
f 1048/1302/1072 1047/1301/1071 1049/1303/1073
f 1049/1303/1073 1050/1304/1074 1048/1302/1072
f 1050/1304/1074 1049/1303/1073 1051/1305/1075
f 1051/1305/1075 1039/1306/1076 1050/1304/1074
f 1039/1306/1076 1051/1305/1075 1052/1307/1077
f 1052/1307/1077 1053/1308/1078 1039/1306/1076
f 1053/1308/1078 1052/1307/1077 1054/1309/1079
f 1055/1310/1080 785/961/805 1056/1311/1081
f 785/961/805 1055/1310/1080 781/957/801
f 781/957/801 786/962/806 785/961/805
f 786/962/806 781/957/801 779/955/799
f 779/955/799 787/963/807 786/962/806
f 787/963/807 779/955/799 777/953/797
f 777/953/797 719/888/739 787/963/807
f 719/888/739 777/953/797 722/891/742
f 846/1312/866 845/1313/865 1057/1314/1082
f 1057/1314/1082 1058/1315/1083 846/1312/866
f 1058/1315/1083 1057/1314/1082 1059/1316/1084
f 1059/1316/1084 1060/1317/1085 1058/1315/1083
f 1060/1317/1085 1059/1316/1084 1061/1318/1086
f 1061/1318/1086 1062/1319/1087 1060/1317/1085
f 428/1320/442 280/365/290 34/34/35
f 34/34/35 712/1321/732 428/1320/442
f 34/34/35 1063/1322/1088 712/1321/732
f 1063/1322/1088 34/34/35 33/33/34
f 33/33/34 1064/1323/1089 1063/1322/1088
f 1064/1323/1089 33/33/34 32/32/33
f 32/32/33 1065/1324/1090 1064/1323/1089
f 1065/1324/1090 32/32/33 849/1325/869
f 849/1325/869 1066/1326/1091 1065/1324/1090
f 1066/1326/1091 849/1325/869 584/1327/600
f 1066/1326/1091 584/1327/600 582/1328/598
f 1066/1326/1091 582/1328/598 1067/1329/1092
f 1067/1329/1092 1065/1324/1090 1066/1326/1091
f 1067/1329/1092 1068/1330/1093 1065/1324/1090
f 1068/1330/1093 1067/1329/1092 582/1328/598
f 1068/1330/1093 582/1328/598 581/1331/597
f 581/1331/597 1069/1332/1094 1068/1330/1093
f 1069/1332/1094 581/1331/597 712/1321/732
f 1069/1332/1094 712/1321/732 1063/1322/1088
f 1069/1332/1094 1063/1322/1088 1064/1323/1089
f 1064/1323/1089 1068/1330/1093 1069/1332/1094
f 1068/1330/1093 1064/1323/1089 1065/1324/1090
f 1070/1333/1095 1071/1334/1096 965/1190/987
f 965/1190/987 961/1186/983 1070/1333/1095
f 961/1186/983 965/1190/987 966/1191/988
f 966/1191/988 959/1184/981 961/1186/983
f 959/1184/981 966/1191/988 967/1192/989
f 967/1192/989 957/1182/979 959/1184/981
f 957/1182/979 967/1192/989 724/893/744
f 724/893/744 726/895/746 957/1182/979
f 946/1335/968 947/1336/969 1072/1337/1097
f 1072/1337/1097 1073/1338/1098 946/1335/968
f 1073/1338/1098 1072/1337/1097 1074/1339/1099
f 1074/1339/1099 1075/1340/1100 1073/1338/1098
f 1075/1340/1100 1074/1339/1099 1076/1341/1101
f 1076/1341/1101 1077/1342/1102 1075/1340/1100
f 446/586/460 444/1343/458 718/1344/738
f 718/1344/738 38/38/39 446/586/460
f 38/38/39 718/1344/738 1078/1345/1103
f 1078/1345/1103 36/36/37 38/38/39
f 36/36/37 1078/1345/1103 1079/1346/1104
f 1079/1346/1104 37/37/38 36/36/37
f 37/37/38 1079/1346/1104 1080/1347/1105
f 1080/1347/1105 925/1348/947 37/37/38
f 925/1348/947 1080/1347/1105 1081/1349/1106
f 1081/1349/1106 926/1350/948 925/1348/947
f 1081/1349/1106 927/1351/949 926/1350/948
f 1081/1349/1106 1082/1352/1107 927/1351/949
f 1082/1352/1107 1081/1349/1106 1080/1347/1105
f 1082/1352/1107 1080/1347/1105 1083/1353/1108
f 1083/1353/1108 927/1351/949 1082/1352/1107
f 1083/1353/1108 771/1354/791 927/1351/949
f 771/1354/791 1083/1353/1108 1084/1355/1109
f 1084/1355/1109 718/1344/738 771/1354/791
f 1084/1355/1109 1078/1345/1103 718/1344/738
f 1084/1355/1109 1079/1346/1104 1078/1345/1103
f 1079/1346/1104 1084/1355/1109 1083/1353/1108
f 1083/1353/1108 1080/1347/1105 1079/1346/1104
f 1085/1356/19 1086/1357/1110 1087/1358/19
f 1086/1357/1110 1085/1356/19 1088/1359/1111
f 1088/1359/1111 1089/1360/1112 1086/1357/1110
f 1089/1360/1112 1088/1359/1111 1090/1361/1113
f 1090/1361/1113 1091/1362/1114 1089/1360/1112
f 1091/1362/1114 1090/1361/1113 1092/1363/1115
f 1092/1363/1115 1093/1364/1116 1091/1362/1114
f 1093/1364/1116 1092/1363/1115 1094/1365/1117
f 1095/1366/1118 1096/1367/1119 1097/1368/1120
f 1097/1368/1120 1098/1369/1121 1095/1366/1118
f 1098/1369/1121 1097/1368/1120 1099/1370/1122
f 1099/1370/1122 1100/1371/1123 1098/1369/1121
f 1100/1371/1123 1099/1370/1122 1101/1372/1124
f 1101/1372/1124 1102/1373/1125 1100/1371/1123
f 1102/1373/1125 1101/1372/1124 978/1374/1000
f 978/1374/1000 977/1375/999 1102/1373/1125
f 1094/1376/1117 1092/1377/1115 1103/1378/1126
f 1103/1378/1126 976/1379/998 1094/1376/1117
f 976/1379/998 1103/1378/1126 1102/1380/1125
f 1102/1380/1125 977/1381/999 976/1379/998
f 1011/1257/1035 733/1258/753 732/1382/752
f 732/1382/752 1104/1383/1127 1011/1257/1035
f 1104/1383/1127 732/1382/1128 1105/1384/1129
f 1105/1384/1129 1106/1385/1130 1104/1383/1127
f 1106/1385/1130 1105/1384/1129 1107/1386/1131
f 1106/1385/1130 1107/1386/1131 1108/1387/1132
f 1106/1385/1130 1108/1387/1132 1109/1388/1133
f 1106/1385/1130 1109/1388/1133 1110/1389/1134
f 1110/1389/1134 1104/1383/1127 1106/1385/1130
f 1104/1383/1127 1110/1389/1134 1111/1390/1135
f 1111/1390/1135 1011/1257/1035 1104/1383/1127
f 1111/1390/1135 1010/1256/1034 1011/1257/1035
f 1010/1256/1034 1111/1390/1135 1112/1391/1136
f 1112/1391/1136 1009/1392/1033 1010/1256/1034
f 1112/1391/1136 1113/1393/1137 1009/1392/1033
f 1113/1393/1137 1112/1391/1136 1114/1394/1138
f 1114/1394/1138 1115/1395/1139 1113/1393/1137
f 1115/1395/1139 1114/1394/1138 1116/1396/1140
f 1116/1396/1140 1117/1397/1141 1115/1395/1139
f 1116/1396/1140 876/1398/897 1117/1397/1141
f 1116/1396/1140 886/1078/908 876/1398/897
f 1116/1396/1140 885/1077/907 886/1078/908
f 1116/1396/1140 1118/1399/1142 885/1077/907
f 1118/1399/1142 1116/1396/1140 1114/1394/1138
f 1114/1394/1138 1119/1400/1143 1118/1399/1142
f 1119/1400/1143 1114/1394/1138 1112/1391/1136
f 1112/1391/1136 1120/1401/1144 1119/1400/1143
f 1120/1401/1144 1112/1391/1136 1111/1390/1135
f 712/1080/732 887/1079/909 1121/1402/1145
f 1121/1402/1145 713/1403/733 712/1080/732
f 1121/1402/1145 1028/1404/1052 713/1403/733
f 1121/1402/1145 710/1056/730 1028/1404/1052
f 710/1056/730 1121/1402/1145 1122/1405/1146
f 1122/1405/1146 866/1055/887 710/1056/730
f 1122/1405/1146 858/1046/878 866/1055/887
f 1122/1405/1146 857/1045/877 858/1046/878
f 1122/1405/1146 303/390/314 857/1045/877
f 1122/1405/1146 304/391/315 303/390/314
f 304/391/315 1122/1405/1146 1121/1402/1145
f 1121/1402/1145 306/393/317 304/391/315
f 306/393/317 1121/1402/1145 887/1079/909
f 1123/1406/1147 1124/1407/1148 1125/1408/1149
f 1124/1407/1148 1123/1406/1147 728/1409/748
f 728/1409/748 1126/1410/1150 1124/1407/1148
f 1126/1410/1150 728/1409/748 730/1411/750
f 1126/1410/1150 730/1411/750 1127/1412/1151
f 1127/1412/1151 1128/1413/1152 1126/1410/1150
f 1128/1413/1152 1127/1412/1151 1093/1414/1116
f 1128/1413/1152 1093/1414/1116 1094/1415/1117
f 1128/1413/1152 1094/1415/1117 976/1416/998
f 1128/1413/1152 976/1416/998 975/1417/997
f 975/1417/997 1129/1418/1153 1128/1413/1152
f 1129/1418/1153 975/1417/997 973/1419/995
f 973/1419/995 1130/1420/1154 1129/1418/1153
f 1130/1420/1154 973/1419/995 971/1421/993
f 1130/1420/1154 971/1421/993 436/1422/450
f 1130/1420/1154 436/1422/450 434/1423/448
f 434/1423/448 1131/1424/1155 1130/1420/1154
f 1131/1424/1155 434/1423/448 432/1425/446
f 432/1425/446 1132/1426/1156 1131/1424/1155
f 1132/1426/1156 432/1425/446 430/1427/444
f 1132/1426/1156 430/1427/444 428/1428/442
f 1132/1426/1156 428/1428/442 713/1429/733
f 1132/1426/1156 713/1429/733 1028/1430/1052
f 1028/1430/1052 1124/1407/1148 1132/1426/1156
f 1124/1407/1148 1028/1430/1052 747/1431/767
f 747/1431/767 1125/1408/1149 1124/1407/1148
f 1131/1424/1155 1132/1426/1156 1124/1407/1148
f 1124/1407/1148 1133/1432/1157 1131/1424/1155
f 1133/1432/1157 1124/1407/1148 1126/1410/1150
f 1133/1432/1157 1126/1410/1150 1129/1418/1153
f 1129/1418/1153 1131/1424/1155 1133/1432/1157
f 1131/1424/1155 1129/1418/1153 1130/1420/1154
f 1128/1413/1152 1129/1418/1153 1126/1410/1150
f 1134/1433/1158 449/559/463 701/865/720
f 449/559/463 1134/1433/1158 1135/1434/1159
f 1135/1434/1159 450/560/464 449/559/463
f 450/560/464 1135/1434/1159 1136/1435/1160
f 1136/1435/1160 452/562/466 450/560/464
f 1136/1435/1160 563/698/579 452/562/466
f 563/698/579 1136/1435/1160 1137/1436/1161
f 1137/1436/1161 561/696/577 563/698/579
f 1137/1436/1161 545/677/561 561/696/577
f 1137/1436/1161 546/678/562 545/677/561
f 1137/1436/1161 1138/1437/1162 546/678/562
f 1138/1437/1162 1137/1436/1161 1136/1435/1160
f 1136/1435/1160 1139/1438/1163 1138/1437/1162
f 1139/1438/1163 1136/1435/1160 1135/1434/1159
f 1135/1434/1159 1140/1439/1164 1139/1438/1163
f 1140/1439/1164 1135/1434/1159 1134/1433/1158
f 1134/1433/1158 1141/1440/1165 1140/1439/1164
f 1141/1440/1165 1134/1433/1158 701/865/720
f 1141/1440/1165 701/865/720 316/403/327
f 1141/1440/1165 316/403/327 319/410/330
f 1141/1440/1165 319/410/330 320/411/331
f 320/411/331 1140/1439/1164 1141/1440/1165
f 1140/1439/1164 320/411/331 326/417/337
f 326/417/337 1139/1438/1163 1140/1439/1164
f 1139/1438/1163 326/417/337 327/418/338
f 327/418/338 1138/1437/1162 1139/1438/1163
f 1138/1437/1162 327/418/338 548/680/564
f 548/680/564 546/678/562 1138/1437/1162
f 1142/1441/1166 1143/1442/1167 1144/1443/1168
f 1144/1443/1168 1145/1444/1169 1142/1441/1166
f 1145/1444/1169 1144/1443/1168 946/1445/968
f 946/1445/968 1146/1446/1170 1145/1444/1169
f 1146/1446/1170 946/1445/968 1073/1447/1098
f 1073/1447/1098 1147/1448/1171 1146/1446/1170
f 1147/1448/1171 1073/1447/1098 1075/1449/1100
f 1147/1448/1171 1075/1449/1100 1077/1450/1102
f 1147/1448/1171 1077/1450/1102 1148/1451/1172
f 1148/1451/1172 1149/1452/1173 1147/1448/1171
f 1149/1452/1173 1148/1451/1172 1150/1453/1174
f 1149/1452/1173 1150/1453/1174 1076/1454/1101
f 1149/1452/1173 1076/1454/1101 1074/1455/1099
f 1149/1452/1173 1074/1455/1099 1151/1456/1175
f 1151/1456/1175 1147/1448/1171 1149/1452/1173
f 1151/1456/1175 1146/1446/1170 1147/1448/1171
f 1146/1446/1170 1151/1456/1175 1152/1457/1176
f 1152/1457/1176 1145/1444/1169 1146/1446/1170
f 1152/1457/1176 1142/1441/1166 1145/1444/1169
f 1142/1441/1166 1152/1457/1176 1153/1458/1177
f 1153/1458/1177 1143/1442/1167 1142/1441/1166
f 1143/1442/1167 1153/1458/1177 1154/1459/1178
f 1154/1459/1178 1155/1460/1179 1143/1442/1167
f 1154/1459/1178 935/1461/957 1155/1460/1179
f 1154/1459/1178 932/1462/954 935/1461/957
f 1154/1459/1178 930/1463/952 932/1462/954
f 1154/1459/1178 950/1464/972 930/1463/952
f 950/1464/972 1154/1459/1178 1153/1458/1177
f 1153/1458/1177 949/1465/971 950/1464/972
f 949/1465/971 1153/1458/1177 1152/1457/1176
f 1152/1457/1176 947/1466/969 949/1465/971
f 947/1466/969 1152/1457/1176 1151/1456/1175
f 1151/1456/1175 1072/1467/1097 947/1466/969
f 1072/1467/1097 1151/1456/1175 1074/1455/1099
f 935/1461/957 1156/1468/1180 1155/1460/1179
f 1156/1468/1180 935/1461/957 937/1469/959
f 937/1469/959 1157/1470/1181 1156/1468/1180
f 1157/1470/1181 937/1469/959 939/1471/961
f 939/1471/961 1158/1472/1182 1157/1470/1181
f 1158/1472/1182 939/1471/961 941/1473/963
f 941/1473/963 1159/1474/1183 1158/1472/1182
f 1159/1474/1183 941/1473/963 943/1475/965
f 943/1475/965 1160/1476/1184 1159/1474/1183
f 943/1475/965 1161/1477/1185 1160/1476/1184
f 1161/1477/1185 943/1475/965 132/1478/136
f 132/1478/136 924/1479/1186 1161/1477/1185
f 924/1479/1186 132/1478/136 1162/1480/1187
f 1162/1480/1187 1163/1481/1188 924/1479/1186
f 1163/1481/1188 1162/1480/1187 1164/1482/1189
f 1164/1482/1189 1165/1483/1190 1163/1481/1188
f 1165/1483/1190 1164/1482/1189 1166/1484/1191
f 1165/1483/1190 1166/1484/1191 1167/1485/1192
f 1165/1483/1190 1167/1485/1192 1168/1486/1193
f 1165/1483/1190 1168/1486/1193 1169/1487/1194
f 1169/1487/1194 1163/1481/1188 1165/1483/1190
f 1163/1481/1188 1169/1487/1194 1170/1488/1195
f 1170/1488/1195 924/1479/1186 1163/1481/1188
f 924/1479/1186 1170/1488/1195 922/1489/1196
f 922/1489/1196 1161/1477/1185 924/1479/1186
f 1161/1477/1185 922/1489/1196 1171/1490/1197
f 1171/1490/1197 1160/1476/1184 1161/1477/1185
f 1160/1476/1184 1171/1490/1197 1172/1491/1198
f 1172/1491/1198 1159/1474/1183 1160/1476/1184
f 1159/1474/1183 1172/1491/1198 1173/1492/1199
f 1173/1492/1199 1158/1472/1182 1159/1474/1183
f 1158/1472/1182 1173/1492/1199 1174/1493/1200
f 1174/1493/1200 1157/1470/1181 1158/1472/1182
f 1157/1470/1181 1174/1493/1200 1175/1494/1201
f 1175/1494/1201 1156/1468/1180 1157/1470/1181
f 1156/1468/1180 1175/1494/1201 1176/1495/1202
f 1176/1495/1202 1155/1460/1179 1156/1468/1180
f 1176/1495/1202 1143/1442/1167 1155/1460/1179
f 1143/1442/1167 1176/1495/1202 1177/1496/1203
f 1177/1496/1203 1144/1443/1168 1143/1442/1167
f 1144/1443/1168 1177/1496/1203 1178/1497/1204
f 1178/1497/1204 946/1445/968 1144/1443/1168
f 946/1445/968 1178/1497/1204 1179/1498/1205
f 1179/1498/1205 945/1499/967 946/1445/968
f 945/1499/967 1179/1498/1205 1180/1500/1206
f 1180/1500/1206 916/1501/938 945/1499/967
f 916/1501/938 1180/1500/1206 554/686/570
f 554/686/570 1181/1502/1207 916/1501/938
f 1181/1502/1207 554/686/570 552/684/568
f 552/684/568 1182/1503/1208 1181/1502/1207
f 1182/1503/1208 552/684/568 551/683/567
f 551/683/567 1183/1504/1209 1182/1503/1208
f 551/683/567 1184/1505/1210 1183/1504/1209
f 1184/1505/1210 551/683/567 550/682/566
f 1184/1505/1210 550/682/566 1185/1506/1211
f 1185/1506/1211 1186/1507/1212 1184/1505/1210
f 1186/1507/1212 1185/1506/1211 1187/1508/1213
f 1187/1508/1213 1188/1509/1214 1186/1507/1212
f 1188/1509/1214 1187/1508/1213 1189/1510/1215
f 1188/1509/1214 1189/1510/1215 1190/1511/1216
f 1188/1509/1214 1190/1511/1216 1191/1512/1217
f 1188/1509/1214 1191/1512/1217 1192/1513/1218
f 1188/1509/1214 1192/1513/1218 1193/1514/1219
f 1193/1514/1219 1186/1507/1212 1188/1509/1214
f 1186/1507/1212 1193/1514/1219 1194/1515/1220
f 1194/1515/1220 1184/1505/1210 1186/1507/1212
f 1184/1505/1210 1194/1515/1220 1195/1516/1221
f 1195/1516/1221 1183/1504/1209 1184/1505/1210
f 555/687/571 554/686/570 1180/1500/1206
f 1180/1500/1206 920/1517/942 555/687/571
f 920/1517/942 1180/1500/1206 1179/1498/1205
f 1179/1498/1205 1196/1518/1222 920/1517/942
f 1196/1518/1222 1179/1498/1205 1178/1497/1204
f 1178/1497/1204 1197/1519/1223 1196/1518/1222
f 1197/1519/1223 1178/1497/1204 1177/1496/1203
f 1197/1519/1223 1177/1496/1203 1176/1495/1202
f 1197/1519/1223 1176/1495/1202 1175/1494/1201
f 1175/1494/1201 1198/1520/1224 1197/1519/1223
f 1198/1520/1224 1175/1494/1201 1174/1493/1200
f 1198/1520/1224 1174/1493/1200 1173/1492/1199
f 1198/1520/1224 1173/1492/1199 1172/1491/1198
f 1198/1520/1224 1172/1491/1198 1199/1521/1225
f 1199/1521/1225 1197/1519/1223 1198/1520/1224
f 1199/1521/1225 1196/1518/1222 1197/1519/1223
f 1196/1518/1222 1199/1521/1225 921/1522/943
f 921/1522/943 920/1517/942 1196/1518/1222
f 921/1522/943 267/343/277 920/1517/942
f 921/1522/943 264/340/274 267/343/277
f 921/1522/943 263/339/273 264/340/274
f 921/1522/943 922/1489/1196 263/339/273
f 922/1489/1196 921/1522/943 1199/1521/1225
f 1199/1521/1225 1171/1490/1197 922/1489/1196
f 1171/1490/1197 1199/1521/1225 1172/1491/1198
f 790/1523/810 789/1524/809 1200/1525/1226
f 1200/1525/1226 814/1526/834 790/1523/810
f 1200/1525/1226 838/1527/858 814/1526/834
f 1200/1525/1226 1201/1528/1227 838/1527/858
f 1201/1528/1227 1200/1525/1226 789/1524/809
f 1201/1528/1227 789/1524/809 793/1529/813
f 793/1529/813 1202/1530/1228 1201/1528/1227
f 1202/1530/1228 793/1529/813 795/1531/815
f 795/1531/815 1203/1532/1229 1202/1530/1228
f 1203/1532/1229 795/1531/815 797/1533/817
f 797/1533/817 1204/1534/1230 1203/1532/1229
f 1204/1534/1230 797/1533/817 799/1535/819
f 799/1535/819 1205/1536/1231 1204/1534/1230
f 1205/1536/1231 799/1535/819 1206/1537/1232
f 1205/1536/1231 1206/1537/1232 1207/1538/1233
f 1205/1536/1231 1207/1538/1233 1208/1539/1234
f 1205/1536/1231 1208/1539/1234 1209/1540/1235
f 1205/1536/1231 1209/1540/1235 1210/1541/1236
f 1210/1541/1236 1204/1534/1230 1205/1536/1231
f 1204/1534/1230 1210/1541/1236 798/974/818
f 798/974/818 1203/1532/1229 1204/1534/1230
f 1203/1532/1229 798/974/818 796/972/816
f 796/972/816 1202/1530/1228 1203/1532/1229
f 1202/1530/1228 796/972/816 794/970/814
f 794/970/814 1201/1528/1227 1202/1530/1228
f 1201/1528/1227 794/970/814 792/968/812
f 792/968/812 838/1527/858 1201/1528/1227
f 1211/1542/1237 845/1543/865 1212/1544/1238
f 845/1543/865 1211/1542/1237 1213/1545/1239
f 1213/1545/1239 1057/1546/1082 845/1543/865
f 1057/1546/1082 1213/1545/1239 1214/1547/1240
f 1214/1547/1240 1059/1548/1084 1057/1546/1082
f 1214/1547/1240 1061/1549/1086 1059/1548/1084
f 1214/1547/1240 1215/1550/1241 1061/1549/1086
f 1215/1550/1241 1214/1547/1240 1216/1551/1242
f 1216/1551/1242 1217/1552/1243 1215/1550/1241
f 1216/1551/1242 1062/1553/1087 1217/1552/1243
f 1216/1551/1242 1060/1554/1085 1062/1553/1087
f 1216/1551/1242 1218/1555/1244 1060/1554/1085
f 1218/1555/1244 1216/1551/1242 1214/1547/1240
f 1218/1555/1244 1214/1547/1240 1213/1545/1239
f 1213/1545/1239 1219/1556/1245 1218/1555/1244
f 1219/1556/1245 1213/1545/1239 1211/1542/1237
f 1211/1542/1237 1220/1557/1246 1219/1556/1245
f 1220/1557/1246 1211/1542/1237 1212/1544/1238
f 1212/1544/1238 1221/1558/1247 1220/1557/1246
f 1221/1558/1247 1212/1544/1238 1222/1559/1248
f 1221/1558/1247 1222/1559/1248 820/1560/840
f 1221/1558/1247 820/1560/840 818/1561/838
f 1221/1558/1247 818/1561/838 816/1562/836
f 1221/1558/1247 816/1562/836 840/1563/860
f 840/1563/860 1220/1557/1246 1221/1558/1247
f 1220/1557/1246 840/1563/860 841/1564/861
f 841/1564/861 1219/1556/1245 1220/1557/1246
f 1219/1556/1245 841/1564/861 846/1565/866
f 846/1565/866 1218/1555/1244 1219/1556/1245
f 1218/1555/1244 846/1565/866 1058/1566/1083
f 1058/1566/1083 1060/1554/1085 1218/1555/1244
f 1222/1559/1248 1223/1567/1249 820/1560/840
f 1223/1567/1249 1222/1559/1248 1212/1544/1238
f 1212/1544/1238 1224/1568/1250 1223/1567/1249
f 1224/1568/1250 1212/1544/1238 845/1543/865
f 845/1543/865 1225/1569/1251 1224/1568/1250
f 845/1543/865 1226/1570/1252 1225/1569/1251
f 1226/1570/1252 845/1543/865 844/1571/864
f 844/1571/864 1227/1572/1253 1226/1570/1252
f 1227/1572/1253 844/1571/864 465/1573/479
f 465/1573/479 1228/1574/1254 1227/1572/1253
f 1228/1574/1254 465/1573/479 1229/1575/1255
f 1229/1575/1255 372/470/383 1228/1574/1254
f 372/470/383 1229/1575/1255 1230/1576/1256
f 1230/1576/1256 369/467/380 372/470/383
f 369/467/380 1230/1576/1256 1231/1577/1257
f 1231/1577/1257 370/468/381 369/467/380
f 370/468/381 1231/1577/1257 1232/1578/1258
f 1232/1578/1258 368/466/379 370/468/381
f 1232/1578/1258 1233/1579/1259 368/466/379
f 1233/1579/1259 1232/1578/1258 1234/1580/1260
f 1234/1580/1260 1235/1581/1261 1233/1579/1259
f 1234/1580/1260 1236/1582/1262 1235/1581/1261
f 1234/1580/1260 1237/1583/1263 1236/1582/1262
f 1234/1580/1260 1238/1584/1264 1237/1583/1263
f 1234/1580/1260 1239/1585/1265 1238/1584/1264
f 1239/1585/1265 1234/1580/1260 1232/1578/1258
f 1232/1578/1258 1240/1586/1266 1239/1585/1265
f 1240/1586/1266 1232/1578/1258 1231/1577/1257
f 373/471/384 1228/1574/1254 372/470/383
f 1228/1574/1254 373/471/384 850/1587/870
f 850/1587/870 1227/1572/1253 1228/1574/1254
f 1227/1572/1253 850/1587/870 1241/1588/1267
f 1241/1588/1267 1226/1570/1252 1227/1572/1253
f 1226/1570/1252 1241/1588/1267 1242/1589/1268
f 1242/1589/1268 1225/1569/1251 1226/1570/1252
f 1225/1569/1251 1242/1589/1268 1243/1590/1269
f 1243/1590/1269 1224/1568/1250 1225/1569/1251
f 1224/1568/1250 1243/1590/1269 1244/1591/1270
f 1244/1591/1270 1223/1567/1249 1224/1568/1250
f 1244/1591/1270 820/1560/840 1223/1567/1249
f 1244/1591/1270 822/1592/842 820/1560/840
f 822/1592/842 1244/1591/1270 1245/1593/1271
f 1245/1593/1271 824/1594/844 822/1592/842
f 824/1594/844 1245/1593/1271 1246/1595/1272
f 1246/1595/1272 833/1596/853 824/1594/844
f 833/1596/853 1246/1595/1272 1247/1597/1273
f 1247/1597/1273 835/1598/855 833/1596/853
f 835/1598/855 1247/1597/1273 1248/1599/1274
f 1248/1599/1274 125/1600/129 835/1598/855
f 125/1600/129 1248/1599/1274 854/1601/874
f 854/1601/874 1249/1602/1275 125/1600/129
f 854/1601/874 1250/1603/1276 1249/1602/1275
f 1250/1603/1276 854/1601/874 852/1604/872
f 1250/1603/1276 852/1604/872 1251/1605/1277
f 1251/1605/1277 1252/1606/1278 1250/1603/1276
f 1252/1606/1278 1251/1605/1277 1253/1607/1279
f 1252/1606/1278 1253/1607/1279 1254/1608/1280
f 1252/1606/1278 1254/1608/1280 1255/1609/1281
f 1252/1606/1278 1255/1609/1281 1256/1610/1282
f 1256/1610/1282 1250/1603/1276 1252/1606/1278
f 1250/1603/1276 1256/1610/1282 1249/1602/1275
f 1257/1611/1283 1256/1610/1282 1255/1609/1281
f 852/1604/872 854/1601/874 1248/1599/1274
f 1248/1599/1274 1258/1612/1284 852/1604/872
f 1258/1612/1284 1248/1599/1274 1247/1597/1273
f 1247/1597/1273 1259/1613/1285 1258/1612/1284
f 1259/1613/1285 1247/1597/1273 1246/1595/1272
f 1246/1595/1272 1260/1614/1286 1259/1613/1285
f 1260/1614/1286 1246/1595/1272 1245/1593/1271
f 1245/1593/1271 1261/1615/1287 1260/1614/1286
f 1261/1615/1287 1245/1593/1271 1244/1591/1270
f 1261/1615/1287 1244/1591/1270 1243/1590/1269
f 1261/1615/1287 1243/1590/1269 1262/1616/1288
f 1262/1616/1288 1260/1614/1286 1261/1615/1287
f 1262/1616/1288 1259/1613/1285 1260/1614/1286
f 1259/1613/1285 1262/1616/1288 1263/1617/1289
f 1263/1617/1289 1258/1612/1284 1259/1613/1285
f 1258/1612/1284 1263/1617/1289 851/1618/871
f 851/1618/871 852/1604/872 1258/1612/1284
f 851/1618/1290 257/333/267 852/1604/872
f 851/1618/1290 256/332/266 257/333/267
f 851/1618/1290 258/334/268 256/332/266
f 851/1618/1290 850/1587/870 258/334/268
f 850/1587/870 851/1618/871 1263/1617/1289
f 1263/1617/1289 1241/1588/1267 850/1587/870
f 1241/1588/1267 1263/1617/1289 1262/1616/1288
f 1262/1616/1288 1242/1589/1268 1241/1588/1267
f 1242/1589/1268 1262/1616/1288 1243/1590/1269
f 303/472/314 1264/1619/1291 857/1620/877
f 1264/1619/1291 303/472/314 374/473/385
f 1264/1619/1291 374/473/385 383/487/396
f 383/487/396 1265/1621/1292 1264/1619/1291
f 1265/1621/1292 383/487/396 385/489/398
f 1265/1621/1292 385/489/398 341/490/352
f 1265/1621/1292 341/490/352 342/1622/353
f 1265/1621/1292 342/1622/353 855/1623/875
f 855/1623/875 1264/1619/1291 1265/1621/1292
f 1264/1619/1291 855/1623/875 857/1620/877
f 296/1624/307 855/1623/875 342/1622/353
f 790/1625/810 1266/1626/1293 893/1627/915
f 1266/1626/1293 790/1625/810 928/1628/950
f 1266/1626/1293 928/1628/950 952/1629/974
f 1266/1626/1293 952/1629/974 1267/1630/1294
f 1267/1630/1294 893/1627/915 1266/1626/1293
f 1267/1630/1294 895/1631/917 893/1627/915
f 895/1631/917 1267/1630/1294 1268/1632/1295
f 1268/1632/1295 897/1633/919 895/1631/917
f 897/1633/919 1268/1632/1295 1269/1634/1296
f 1269/1634/1296 899/1635/921 897/1633/919
f 899/1635/921 1269/1634/1296 1270/1636/1297
f 1270/1636/1297 901/1637/923 899/1635/921
f 901/1637/923 1270/1636/1297 1271/1638/1298
f 1271/1638/1298 1272/1639/1299 901/1637/923
f 1271/1638/1298 1273/1640/1300 1272/1639/1299
f 1271/1638/1298 1274/1641/1301 1273/1640/1300
f 1271/1638/1298 1275/1642/1302 1274/1641/1301
f 1271/1638/1298 1276/1643/1303 1275/1642/1302
f 1276/1643/1303 1271/1638/1298 1270/1636/1297
f 1270/1636/1297 900/1100/922 1276/1643/1303
f 900/1100/922 1270/1636/1297 1269/1634/1296
f 1269/1634/1296 898/1098/920 900/1100/922
f 898/1098/920 1269/1634/1296 1268/1632/1295
f 1268/1632/1295 896/1096/918 898/1098/920
f 896/1096/918 1268/1632/1295 1267/1630/1294
f 1267/1630/1294 894/1094/916 896/1096/918
f 894/1094/916 1267/1630/1294 952/1629/974
f 479/602/493 765/1644/785 1277/1645/1304
f 1277/1645/1304 478/601/492 479/602/493
f 1277/1645/1304 556/688/572 478/601/492
f 556/688/572 1277/1645/1304 1278/1646/1305
f 1278/1646/1305 558/690/574 556/688/572
f 1278/1646/1305 474/692/488 558/690/574
f 1278/1646/1305 477/1647/491 474/692/488
f 1278/1646/1305 763/1648/783 477/1647/491
f 763/1648/783 1278/1646/1305 1277/1645/1304
f 1277/1645/1304 765/1644/785 763/1648/783
f 570/1649/586 477/1647/491 763/1648/783
f 1118/1650/1142 1092/1651/1115 1279/1652/1306
f 1279/1652/1306 885/1653/907 1118/1650/1142
f 1279/1652/1306 1093/1654/1116 885/1653/907
f 1279/1652/1306 1091/1655/1114 1093/1654/1116
f 1279/1652/1306 1280/1656/1307 1091/1655/1114
f 1280/1656/1307 1279/1652/1306 1092/1651/1115
f 1280/1656/1307 1092/1651/1115 1090/1657/1113
f 1090/1657/1113 1281/1658/1308 1280/1656/1307
f 1281/1658/1308 1090/1657/1113 1088/1659/1111
f 1281/1658/1308 1088/1659/1111 1282/1660/1309
f 1281/1658/1308 1282/1660/1309 1283/1661/1310
f 1281/1658/1308 1283/1661/1310 1284/1662/1311
f 1281/1658/1308 1284/1662/1311 1086/1663/1110
f 1086/1663/1110 1280/1656/1307 1281/1658/1308
f 1280/1656/1307 1086/1663/1110 1089/1664/1112
f 1089/1664/1112 1091/1655/1114 1280/1656/1307
f 1118/1665/1142 1285/1666/1312 1092/1377/1115
f 1285/1666/1312 1118/1665/1142 1119/1667/1143
f 1285/1666/1312 1119/1667/1143 1286/1668/1313
f 1285/1666/1312 1286/1668/1313 1287/1669/1314
f 1287/1669/1314 1092/1377/1115 1285/1666/1312
f 1287/1669/1314 1288/1670/1315 1092/1377/1115
f 1288/1670/1315 1287/1669/1314 1289/1671/1316
f 1288/1670/1315 1289/1671/1316 1290/1672/1317
f 1290/1672/1317 1092/1377/1115 1288/1670/1315
f 1290/1672/1317 1103/1378/1126 1092/1377/1115
f 1290/1672/1317 1102/1380/1125 1103/1378/1126
f 1290/1672/1317 1291/1673/1318 1102/1380/1125
f 1291/1673/1318 1290/1672/1317 1289/1671/1316
f 1289/1671/1316 1292/1674/1319 1291/1673/1318
f 1292/1674/1319 1289/1671/1316 1293/1675/1320
f 1293/1675/1320 1294/1676/1321 1292/1674/1319
f 1293/1675/1320 1295/1677/1322 1294/1676/1321
f 1293/1675/1320 1296/1678/19 1295/1677/1322
f 1293/1675/1320 1297/1679/1323 1296/1678/19
f 1293/1675/1320 1298/1680/1324 1297/1679/1323
f 1298/1680/1324 1293/1675/1320 1289/1671/1316
f 1289/1671/1316 1299/1681/1325 1298/1680/1324
f 1299/1681/1325 1289/1671/1316 1287/1669/1314
f 1287/1669/1314 1300/1682/1326 1299/1681/1325
f 1300/1682/1326 1287/1669/1314 1286/1668/1313
f 1286/1668/1313 1301/1683/1327 1300/1682/1326
f 1301/1683/1327 1286/1668/1313 1119/1684/1143
f 1301/1683/1327 1119/1684/1143 1120/1685/1144
f 1301/1683/1327 1120/1685/1144 1102/1380/1125
f 1102/1380/1125 1302/1686/1328 1301/1683/1327
f 1302/1686/1328 1102/1380/1125 1291/1673/1318
f 1302/1686/1328 1291/1673/1318 1292/1674/1319
f 1302/1686/1328 1292/1674/1319 1300/1682/1326
f 1300/1682/1326 1301/1683/1327 1302/1686/1328
f 1300/1682/1326 1292/1674/1319 1303/1687/1329
f 1303/1687/1329 1299/1681/1325 1300/1682/1326
f 1299/1681/1325 1303/1687/1329 1304/1688/1330
f 1304/1688/1330 1305/1689/1331 1299/1681/1325
f 1304/1688/1330 1306/1690/1332 1305/1689/1331
f 1304/1688/1330 1307/1691/1333 1306/1690/1332
f 1304/1688/1330 1308/1692/1334 1307/1691/1333
f 1308/1692/1334 1304/1688/1330 1303/1687/1329
f 1303/1687/1329 1292/1674/1319 1308/1692/1334
f 1309/1693/1335 1307/1691/1333 1308/1692/1334
f 1120/1694/1144 1310/1695/1336 1102/1696/1125
f 1310/1695/1336 1120/1694/1144 1111/1697/1135
f 1310/1695/1336 1111/1697/1135 978/1698/1000
f 1310/1695/1336 978/1698/1000 1101/1699/1124
f 1310/1695/1336 1101/1699/1124 1311/1700/1337
f 1311/1700/1337 1102/1696/1125 1310/1695/1336
f 1311/1700/1337 1100/1701/1123 1102/1696/1125
f 1100/1701/1123 1311/1700/1337 1312/1702/1338
f 1312/1702/1338 1098/1703/1121 1100/1701/1123
f 1312/1702/1338 1313/1704/1339 1098/1703/1121
f 1312/1702/1338 1314/1705/1340 1313/1704/1339
f 1312/1702/1338 1315/1706/1341 1314/1705/1340
f 1312/1702/1338 1097/1707/1120 1315/1706/1341
f 1097/1707/1120 1312/1702/1338 1311/1700/1337
f 1311/1700/1337 1099/1708/1122 1097/1707/1120
f 1099/1708/1122 1311/1700/1337 1101/1699/1124
f 1316/1709/1342 1317/1710/1343 1318/1711/1344
f 1318/1711/1344 1319/1712/1345 1316/1709/1342
f 1319/1712/1345 1318/1711/1344 1320/1713/1346
f 1319/1712/1345 1320/1713/1346 1321/1714/1347
f 1321/1714/1347 1322/1715/1348 1319/1712/1345
f 1322/1715/1348 1321/1714/1347 985/1716/1007
f 1322/1715/1348 985/1716/1007 742/913/762
f 1322/1715/1348 742/913/762 743/914/763
f 1322/1715/1348 743/914/763 986/1224/1008
f 986/1224/1008 1319/1712/1345 1322/1715/1348
f 1319/1712/1345 986/1224/1008 1316/1709/1342
f 745/916/765 986/1224/1008 743/914/763
f 1323/1717/1349 1324/1718/1350 1325/1719/1351
f 1325/1719/1351 1326/1720/1352 1323/1717/1349
f 1326/1720/1352 1325/1719/1351 1327/1721/1353
f 1327/1721/1353 1328/1722/1354 1326/1720/1352
f 1327/1721/1353 1329/1723/1355 1328/1722/1354
f 1327/1721/1353 1330/1724/1356 1329/1723/1355
f 1330/1724/1356 1327/1721/1353 983/1725/1357
f 983/1725/1357 738/1726/758 1330/1724/1356
f 983/1725/1357 714/1727/734 738/1726/758
f 983/1725/1357 1005/1728/1029 714/1727/734
f 1005/1728/1029 983/1725/1357 982/1729/1358
f 982/1729/1358 1006/1730/1030 1005/1728/1029
f 982/1729/1358 733/1731/753 1006/1730/1030
f 982/1729/1358 731/1732/751 733/1731/753
f 982/1729/1358 1325/1719/1351 731/1732/1359
f 1325/1719/1351 982/1729/1358 983/1725/1357
f 983/1725/1357 1327/1721/1353 1325/1719/1351
f 1324/1718/1350 731/1732/1359 1325/1719/1351
f 1331/1733/1360 1332/1734/1361 1333/1735/1362
f 1333/1735/1362 1334/1736/1363 1331/1733/1360
f 1334/1736/1363 1333/1735/1362 1123/1737/1147
f 1123/1737/1147 728/1738/748 1334/1736/1363
f 1123/1737/1147 729/1739/749 728/1738/748
f 1123/1737/1147 859/1740/1364 729/1739/749
f 859/1740/1364 1123/1737/1147 1125/1741/1365
f 1125/1741/1365 860/1742/880 859/1740/1364
f 1125/1741/1365 711/1743/731 860/1742/880
f 1125/1741/1365 749/1744/769 711/1743/731
f 749/1744/769 1125/1741/1365 1335/1745/1366
f 1335/1745/1366 1336/1746/1367 749/1744/769
f 1335/1745/1366 1337/1747/1368 1336/1746/1367
f 1335/1745/1366 1338/1748/1369 1337/1747/1368
f 1335/1745/1366 1333/1735/1362 1338/1748/1369
f 1333/1735/1362 1335/1745/1366 1125/1741/1365
f 1125/1741/1365 1123/1737/1147 1333/1735/1362
f 1332/1734/1361 1338/1748/1369 1333/1735/1362
f 1339/1749/1370 1340/1750/1371 1341/1751/1372
f 1340/1750/1371 1339/1749/1370 1342/1752/1373
f 1340/1750/1371 1342/1752/1373 414/523/428
f 1340/1750/1371 414/523/428 706/873/726
f 1340/1750/1371 706/873/726 1343/1753/1374
f 1343/1753/1374 1341/1751/1372 1340/1750/1371
f 1343/1753/1374 1344/1754/1375 1341/1751/1372
f 1344/1754/1375 1343/1753/1374 1345/1755/1376
f 1345/1755/1376 1346/1756/1377 1344/1754/1375
f 1345/1755/1376 1347/1757/1378 1346/1756/1377
f 1345/1755/1376 1348/1758/1379 1347/1757/1378
f 1345/1755/1376 575/710/591 1348/1758/1379
f 1345/1755/1376 415/524/1380 575/710/591
f 415/524/1380 1345/1755/1376 1343/1753/1374
f 1343/1753/1374 416/525/1381 415/524/1380
f 416/525/1381 1343/1753/1374 706/873/726
f 1349/1759/1382 1350/1760/1383 1351/1761/1384
f 1351/1761/1384 1352/1762/1385 1349/1759/1382
f 1352/1762/1385 1351/1761/1384 1353/1763/1386
f 1352/1762/1385 1353/1763/1386 1354/1764/1387
f 1352/1762/1385 1354/1764/1387 1355/1765/1388
f 1355/1765/1388 1349/1759/1382 1352/1762/1385
f 1355/1765/1388 1356/1766/1389 1349/1759/1382
f 1356/1766/1389 1355/1765/1388 1357/1767/1390
f 1357/1767/1390 1358/1768/1391 1356/1766/1389
f 1357/1767/1390 585/725/601 1358/1768/1391
f 1357/1767/1390 586/728/602 585/725/601
f 1357/1767/1390 587/730/603 586/728/602
f 1357/1767/1390 1359/1769/1392 587/730/603
f 1359/1769/1392 1357/1767/1390 1355/1765/1388
f 1355/1765/1388 1360/1770/1393 1359/1769/1392
f 1360/1770/1393 1355/1765/1388 1354/1764/1387
f 1361/1771/1394 1362/1772/1395 1363/1773/1396
f 1363/1773/1396 1364/1774/1397 1361/1771/1394
f 1364/1774/1397 1363/1773/1396 1365/1775/1398
f 1364/1774/1397 1365/1775/1398 1366/1776/1399
f 1366/1776/1399 1127/1777/1400 1364/1774/1397
f 1127/1777/1400 1366/1776/1399 730/1778/1401
f 1127/1777/1402 730/1778/750 727/1779/747
f 1127/1777/1402 727/1779/747 878/1780/1403
f 1127/1777/1402 878/1780/1403 1093/1781/1116
f 1093/1781/1404 1364/1774/1397 1127/1777/1400
f 1364/1774/1397 1093/1781/1404 1361/1771/1394
f 885/1782/907 1093/1781/1116 878/1780/1403
f 1367/1783/850 1368/1784/1405 1369/1785/1406
f 1369/1785/1406 1370/1786/1407 1367/1783/850
f 1369/1785/1406 1371/1787/1408 1370/1786/1407
f 1369/1785/1406 1323/1788/1349 1371/1787/1408
f 1323/1788/1349 1369/1785/1406 980/1789/1409
f 980/1789/1409 734/1790/1410 1323/1788/1349
f 980/1789/1411 732/1791/752 734/1790/754
f 980/1789/1411 1104/1792/1127 732/1791/752
f 980/1789/1411 978/1793/1000 1104/1792/1127
f 978/1793/1412 980/1789/1409 1369/1785/1406
f 1369/1785/1406 1368/1784/1405 978/1793/1412
f 1111/1794/1135 1104/1792/1127 978/1793/1000
f 1372/1795/1413 1373/1796/1414 1374/1797/1415
f 1374/1797/1415 1375/1798/1416 1372/1795/1413
f 1375/1798/1416 1374/1797/1415 1376/1799/1417
f 1376/1799/1417 1377/1800/1418 1375/1798/1416
f 1377/1800/1418 1376/1799/1417 1378/1801/1419
f 1378/1801/1419 1379/1802/1420 1377/1800/1418
f 1378/1801/1419 1380/1803/1421 1379/1802/1420
f 1378/1801/1419 1381/1804/1422 1380/1803/1421
f 1381/1804/1422 1378/1801/1419 1113/1805/1137
f 1113/1805/1137 1009/1255/1033 1381/1804/1422
f 1009/1255/1033 1113/1805/1137 1382/1806/1423
f 1382/1806/1423 574/709/590 1009/1255/1033
f 1382/1806/1423 575/1807/591 574/709/590
f 1382/1806/1423 415/1808/429 575/1807/591
f 415/1808/429 1382/1806/1423 1383/1809/1424
f 1383/1809/1424 416/1810/1425 415/1808/429
f 416/1810/1425 1383/1809/1424 1384/1811/1426
f 1384/1811/1426 706/1812/726 416/1810/1425
f 1384/1811/1426 414/1813/428 706/1812/726
f 1384/1811/1426 413/522/427 414/1813/428
f 413/522/427 1384/1811/1426 1117/1814/1427
f 1117/1814/1427 876/1067/897 413/522/427
f 1117/1814/1141 1373/1796/1414 876/1067/1428
f 1117/1814/1141 1374/1797/1415 1373/1796/1414
f 1374/1797/1415 1117/1814/1141 1115/1815/1139
f 1115/1815/1139 1376/1799/1417 1374/1797/1415
f 1115/1815/1139 1378/1801/1419 1376/1799/1417
f 1115/1815/1139 1113/1805/1137 1378/1801/1419
f 1115/1815/1139 1383/1809/1424 1113/1805/1137
f 1383/1809/1424 1115/1815/1139 1117/1814/1427
f 1117/1814/1427 1384/1811/1426 1383/1809/1424
f 1382/1806/1423 1113/1805/1137 1383/1809/1424
f 1385/1816/1429 1386/1817/1430 1387/1818/1431
f 1386/1817/1430 1385/1816/1429 1388/1819/1432
f 1388/1819/1432 1389/1820/1433 1386/1817/1430
f 1389/1820/1433 1388/1819/1432 1390/1821/1434
f 1390/1821/1434 1391/1822/1435 1389/1820/1433
f 1391/1822/1435 1390/1821/1434 1392/1823/1436
f 1392/1823/1436 1393/1824/1437 1391/1822/1435
f 1393/1824/1437 1392/1823/1436 1394/1825/1438
f 1394/1825/1438 1395/1826/1439 1393/1824/1437
f 1395/1826/1439 1394/1825/1438 1396/1827/1440
f 1396/1827/1440 1397/1828/1441 1395/1826/1439
f 1397/1828/1441 1396/1827/1440 1398/1829/1442
f 1398/1829/1442 1399/1830/1443 1397/1828/1441
f 1399/1830/1443 1398/1829/1442 1400/1831/1444
f 1400/1831/1444 1401/1832/1445 1399/1830/1443
f 1401/1832/1445 1400/1831/1444 1402/1833/1446
f 1402/1833/1446 1403/1834/1447 1401/1832/1445
f 1403/1834/1447 1402/1833/1446 1404/1835/1448
f 1404/1835/1448 1405/1836/1449 1403/1834/1447
f 1405/1836/1449 1404/1835/1448 1406/1837/1450
f 1406/1837/1450 1407/1838/1451 1405/1836/1449
f 1407/1838/1451 1406/1837/1450 1408/1839/1452
f 1408/1839/1452 1409/1840/1453 1407/1838/1451
f 1409/1840/1453 1408/1839/1452 1410/1841/1454
f 1410/1841/1454 1411/1842/1455 1409/1840/1453
f 1411/1842/1455 1410/1841/1454 1412/1843/1456
f 1412/1843/1456 1413/1844/1457 1411/1842/1455
f 1413/1844/1457 1412/1843/1456 1414/1845/1458
f 1414/1845/1458 1415/1846/1459 1413/1844/1457
f 1415/1846/1459 1414/1845/1458 1416/1847/1460
f 1416/1847/1460 1417/1848/1461 1415/1846/1459
f 1417/1848/1461 1416/1847/1460 1418/1849/1462
f 1418/1849/1462 1419/1850/1463 1417/1848/1461
f 1419/1850/1463 1418/1849/1462 1420/1851/1464
f 1420/1851/1464 1421/1852/1465 1419/1850/1463
f 1421/1852/1465 1420/1851/1464 1422/1853/1466
f 1422/1853/1466 1423/1854/1467 1421/1852/1465
f 1423/1854/1467 1422/1853/1466 1424/1855/1468
f 1424/1855/1468 1425/1856/1469 1423/1854/1467
f 1425/1856/1469 1424/1855/1468 1426/1857/1470
f 1426/1857/1470 1427/1858/1471 1425/1856/1469
f 1427/1858/1471 1426/1857/1470 1428/1859/1472
f 1428/1859/1472 1429/1860/1473 1427/1858/1471
f 1429/1860/1473 1428/1859/1472 1430/1861/1474
f 1430/1861/1474 1431/1862/1475 1429/1860/1473
f 1431/1862/1475 1430/1861/1474 1432/1863/1476
f 1432/1863/1476 1433/1864/1477 1431/1862/1475
f 1433/1864/1477 1432/1863/1476 1434/1865/1478
f 1433/1864/1477 1434/1865/1478 1435/1866/1479
f 1435/1866/1479 1436/1867/1480 1433/1864/1477
f 1436/1867/1480 1435/1866/1479 1437/1868/1481
f 1438/1869/1482 1439/1870/1483 1440/1871/1484
f 1439/1870/1483 1438/1869/1482 1441/1872/1485
f 1441/1872/1485 1442/1873/1486 1439/1870/1483
f 1442/1873/1486 1441/1872/1485 1443/1874/1487
f 1443/1874/1487 1444/1875/1488 1442/1873/1486
f 1444/1875/1488 1443/1874/1487 1445/1876/1489
f 1445/1876/1489 1446/1877/1490 1444/1875/1488
f 1446/1877/1490 1445/1876/1489 1447/1878/1491
f 1447/1878/1491 1448/1879/1492 1446/1877/1490
f 1448/1879/1492 1447/1878/1491 1449/1880/1493
f 1449/1880/1493 1450/1881/1494 1448/1879/1492
f 1450/1881/1494 1449/1880/1493 1451/1882/1495
f 1451/1882/1495 1452/1883/1496 1450/1881/1494
f 1452/1883/1496 1451/1882/1495 1453/1884/1497
f 1453/1884/1497 1454/1885/1498 1452/1883/1496
f 1454/1885/1498 1453/1884/1497 1455/1886/1499
f 1455/1886/1499 1456/1887/1500 1454/1885/1498
f 1456/1887/1500 1455/1886/1499 1457/1888/1501
f 1457/1888/1501 1458/1889/1502 1456/1887/1500
f 1458/1889/1502 1457/1888/1501 1459/1890/1503
f 1459/1890/1503 1460/1891/1504 1458/1889/1502
f 1460/1891/1504 1459/1890/1503 1461/1892/1505
f 1461/1892/1505 1462/1893/1506 1460/1891/1504
f 1462/1893/1506 1461/1892/1505 1463/1894/1507
f 1463/1894/1507 1464/1895/1508 1462/1893/1506
f 1464/1895/1508 1463/1894/1507 1465/1896/1509
f 1465/1896/1509 1466/1897/1510 1464/1895/1508
f 1466/1897/1510 1465/1896/1509 1467/1898/1511
f 1467/1898/1511 1468/1899/1512 1466/1897/1510
f 1468/1899/1512 1467/1898/1511 1469/1900/1513
f 1469/1900/1513 1470/1901/1514 1468/1899/1512
f 1470/1901/1514 1469/1900/1513 1471/1902/1515
f 1471/1902/1515 1472/1903/1516 1470/1901/1514
f 1472/1903/1516 1471/1902/1515 1473/1904/1517
f 1473/1904/1517 1474/1905/1518 1472/1903/1516
f 1474/1905/1518 1473/1904/1517 1475/1906/1519
f 1475/1906/1519 1476/1907/1520 1474/1905/1518
f 1476/1907/1520 1475/1906/1519 1477/1908/1521
f 1477/1908/1521 1478/1909/1522 1476/1907/1520
f 1478/1909/1522 1477/1908/1521 1479/1910/1523
f 1479/1910/1523 1480/1911/1524 1478/1909/1522
f 1480/1911/1524 1479/1910/1523 1481/1912/1525
f 1481/1912/1525 1482/1913/1526 1483/1914/1527
f 1482/1913/1526 1481/1912/1525 1484/1915/1528
f 1484/1915/1528 1485/1916/1529 1482/1913/1526
f 1485/1916/1529 1484/1915/1528 1486/1917/1530
f 1486/1917/1530 1487/1918/1531 1485/1916/1529
f 1487/1918/1531 1486/1917/1530 1488/1919/1532
f 1488/1919/1532 1489/1920/1533 1487/1918/1531
f 1489/1920/1533 1488/1919/1532 1490/1921/1534
f 1490/1921/1534 1491/1922/1535 1489/1920/1533
f 1491/1922/1535 1490/1921/1534 1492/1923/1536
f 1492/1923/1536 1493/1924/1537 1491/1922/1535
f 1493/1924/1537 1492/1923/1536 1494/1925/1538
f 1494/1925/1538 1495/1926/1539 1493/1924/1537
f 1495/1926/1539 1494/1925/1538 1496/1927/1540
f 1496/1927/1540 1497/1928/1541 1495/1926/1539
f 1497/1928/1541 1496/1927/1540 1498/1929/1542
f 1498/1929/1542 1499/1930/1543 1497/1928/1541
f 1499/1930/1543 1498/1929/1542 1500/1931/1544
f 1500/1931/1544 1501/1932/1545 1499/1930/1543
f 1501/1932/1545 1500/1931/1544 1502/1933/1546
f 1502/1933/1546 1503/1934/1547 1501/1932/1545
f 1503/1934/1547 1502/1933/1546 1504/1935/1548
f 1504/1935/1548 1505/1936/1549 1503/1934/1547
f 1505/1936/1549 1504/1935/1548 1506/1937/1550
f 1506/1937/1550 1507/1938/1551 1505/1936/1549
f 1507/1938/1551 1506/1937/1550 1508/1939/1552
f 1508/1939/1552 1509/1940/1553 1507/1938/1551
f 1509/1940/1553 1508/1939/1552 1510/1941/1554
f 1510/1941/1554 1511/1942/1555 1509/1940/1553
f 1511/1942/1555 1510/1941/1554 1512/1943/1556
f 1512/1943/1556 1513/1944/1557 1511/1942/1555
f 1513/1944/1557 1512/1943/1556 1514/1945/1558
f 1514/1945/1558 1515/1946/1559 1513/1944/1557
f 1515/1946/1559 1514/1945/1558 1516/1947/1560
f 1516/1947/1560 1517/1948/1561 1515/1946/1559
f 1517/1948/1561 1516/1947/1560 1518/1949/1562
f 1518/1949/1562 1519/1950/1563 1517/1948/1561
f 1519/1950/1563 1518/1949/1562 1520/1951/1564
f 1520/1951/1564 1521/1952/1565 1519/1950/1563
f 1522/1953/1566 1523/1954/1567 1524/1955/850
f 1523/1954/1567 1522/1953/1566 1436/1867/1480
f 1436/1867/1480 1525/1956/1568 1523/1954/1567
f 1525/1956/1568 1436/1867/1480 1437/1868/1481
f 1437/1868/1481 1526/1957/850 1525/1956/1568
f 1527/1958/1569 1528/1959/1570 1529/1960/1571
f 1528/1959/1570 1527/1958/1569 1530/1961/1572
f 1530/1961/1572 1522/1953/1566 1528/1959/1570
f 1530/1961/1572 1436/1867/1480 1522/1953/1566
f 1530/1961/1572 1433/1864/1477 1436/1867/1480
f 1433/1864/1477 1530/1961/1572 1531/1962/1573
f 1531/1962/1573 1431/1862/1475 1433/1864/1477
f 1431/1862/1475 1531/1962/1573 1532/1963/1574
f 1532/1963/1574 1429/1860/1473 1431/1862/1475
f 1429/1860/1473 1532/1963/1574 1533/1964/1575
f 1533/1964/1575 1427/1858/1471 1429/1860/1473
f 1427/1858/1471 1533/1964/1575 1534/1965/1576
f 1534/1965/1576 1425/1856/1469 1427/1858/1471
f 1534/1965/1576 1423/1854/1467 1425/1856/1469
f 1423/1854/1467 1534/1965/1576 1535/1966/1577
f 1535/1966/1577 1421/1852/1465 1423/1854/1467
f 1421/1852/1465 1535/1966/1577 1536/1967/1578
f 1536/1967/1578 1419/1850/1463 1421/1852/1465
f 1536/1967/1578 1537/1968/1579 1419/1850/1463
f 1537/1968/1579 1536/1967/1578 1538/1969/1580
f 1538/1969/1580 1539/1970/1581 1537/1968/1579
f 1539/1970/1581 1538/1969/1580 1540/1971/1582
f 1540/1971/1582 1541/1972/1583 1539/1970/1581
f 1541/1972/1583 1540/1971/1582 1542/1973/1584
f 1542/1973/1584 1543/1974/1585 1541/1972/1583
f 1543/1974/1585 1542/1973/1584 1544/1975/1586
f 1544/1975/1586 1545/1976/1587 1543/1974/1585
f 1545/1976/1587 1544/1975/1586 1546/1977/1588
f 1546/1977/1588 1547/1978/1589 1545/1976/1587
f 1547/1978/1589 1546/1977/1588 1548/1979/1590
f 1548/1979/1590 1549/1980/1591 1547/1978/1589
f 1549/1980/1591 1548/1979/1590 1550/1981/1592
f 1550/1981/1592 1551/1982/1593 1549/1980/1591
f 1551/1982/1593 1550/1981/1592 1552/1983/1594
f 1552/1983/1594 1401/1832/1445 1551/1982/1593
f 1401/1832/1445 1552/1983/1594 1553/1984/1595
f 1553/1984/1595 1399/1830/1443 1401/1832/1445
f 1553/1984/1595 1397/1828/1441 1399/1830/1443
f 1397/1828/1441 1553/1984/1595 1554/1985/1596
f 1554/1985/1596 1395/1826/1439 1397/1828/1441
f 1395/1826/1439 1554/1985/1596 1555/1986/1597
f 1555/1986/1597 1393/1824/1437 1395/1826/1439
f 1555/1986/1597 1391/1822/1435 1393/1824/1437
f 1391/1822/1435 1555/1986/1597 1556/1987/1598
f 1556/1987/1598 1389/1820/1433 1391/1822/1435
f 1556/1987/1598 1386/1817/1430 1389/1820/1433
f 1386/1817/1430 1556/1987/1598 1557/1988/1599
f 1557/1988/1599 1387/1818/1431 1386/1817/1430
f 1403/1834/1447 1551/1982/1593 1401/1832/1445
f 1551/1982/1593 1403/1834/1447 1405/1836/1449
f 1405/1836/1449 1549/1980/1591 1551/1982/1593
f 1549/1980/1591 1405/1836/1449 1407/1838/1451
f 1407/1838/1451 1547/1978/1589 1549/1980/1591
f 1547/1978/1589 1407/1838/1451 1409/1840/1453
f 1409/1840/1453 1545/1976/1587 1547/1978/1589
f 1545/1976/1587 1409/1840/1453 1411/1842/1455
f 1411/1842/1455 1543/1974/1585 1545/1976/1587
f 1543/1974/1585 1411/1842/1455 1413/1844/1457
f 1413/1844/1457 1541/1972/1583 1543/1974/1585
f 1541/1972/1583 1413/1844/1457 1415/1846/1459
f 1415/1846/1459 1539/1970/1581 1541/1972/1583
f 1539/1970/1581 1415/1846/1459 1417/1848/1461
f 1417/1848/1461 1537/1968/1579 1539/1970/1581
f 1537/1968/1579 1417/1848/1461 1419/1850/1463
f 1558/1989/1600 1530/1961/1572 1527/1958/1569
f 1530/1961/1572 1558/1989/1600 1559/1990/1601
f 1559/1990/1601 1560/1991/1602 1530/1961/1572
f 1560/1991/1602 1559/1990/1601 1483/1914/1527
f 1560/1991/1602 1483/1914/1527 1482/1913/1526
f 1560/1991/1602 1482/1913/1526 1531/1962/1573
f 1531/1962/1573 1530/1961/1572 1560/1991/1602
f 1485/1916/1529 1531/1962/1573 1482/1913/1526
f 1531/1962/1573 1485/1916/1529 1487/1918/1531
f 1487/1918/1531 1532/1963/1574 1531/1962/1573
f 1532/1963/1574 1487/1918/1531 1489/1920/1533
f 1489/1920/1533 1533/1964/1575 1532/1963/1574
f 1533/1964/1575 1489/1920/1533 1491/1922/1535
f 1491/1922/1535 1534/1965/1576 1533/1964/1575
f 1534/1965/1576 1491/1922/1535 1493/1924/1537
f 1493/1924/1537 1535/1966/1577 1534/1965/1576
f 1535/1966/1577 1493/1924/1537 1495/1926/1539
f 1495/1926/1539 1536/1967/1578 1535/1966/1577
f 1536/1967/1578 1495/1926/1539 1497/1928/1541
f 1497/1928/1541 1538/1969/1580 1536/1967/1578
f 1538/1969/1580 1497/1928/1541 1499/1930/1543
f 1499/1930/1543 1540/1971/1582 1538/1969/1580
f 1540/1971/1582 1499/1930/1543 1501/1932/1545
f 1501/1932/1545 1542/1973/1584 1540/1971/1582
f 1542/1973/1584 1501/1932/1545 1503/1934/1547
f 1503/1934/1547 1544/1975/1586 1542/1973/1584
f 1544/1975/1586 1503/1934/1547 1505/1936/1549
f 1505/1936/1549 1546/1977/1588 1544/1975/1586
f 1546/1977/1588 1505/1936/1549 1507/1938/1551
f 1507/1938/1551 1548/1979/1590 1546/1977/1588
f 1548/1979/1590 1507/1938/1551 1509/1940/1553
f 1509/1940/1553 1550/1981/1592 1548/1979/1590
f 1550/1981/1592 1509/1940/1553 1511/1942/1555
f 1511/1942/1555 1552/1983/1594 1550/1981/1592
f 1552/1983/1594 1511/1942/1555 1513/1944/1557
f 1513/1944/1557 1553/1984/1595 1552/1983/1594
f 1553/1984/1595 1513/1944/1557 1515/1946/1559
f 1515/1946/1559 1554/1985/1596 1553/1984/1595
f 1554/1985/1596 1515/1946/1559 1561/1992/1603
f 1561/1992/1603 1555/1986/1597 1554/1985/1596
f 1555/1986/1597 1561/1992/1603 1562/1993/1604
f 1562/1993/1604 1556/1987/1598 1555/1986/1597
f 1556/1987/1598 1562/1993/1604 1563/1994/1605
f 1563/1994/1605 1557/1988/1599 1556/1987/1598
f 1561/1992/1603 1515/1946/1559 1517/1948/1561
f 1517/1948/1561 1562/1993/1604 1561/1992/1603
f 1562/1993/1604 1517/1948/1561 1519/1950/1563
f 1519/1950/1563 1563/1994/1605 1562/1993/1604
f 1563/1994/1605 1519/1950/1563 1521/1952/1565
f 1564/1995/1606 1471/1902/1515 1469/1900/1513
f 1469/1900/1513 1565/1996/1607 1564/1995/1606
f 1565/1996/1607 1469/1900/1513 1467/1898/1511
f 1467/1898/1511 1566/1997/1608 1565/1996/1607
f 1566/1997/1608 1467/1898/1511 1465/1896/1509
f 1465/1896/1509 1567/1998/1609 1566/1997/1608
f 1567/1998/1609 1465/1896/1509 1463/1894/1507
f 1463/1894/1507 1568/1999/1610 1567/1998/1609
f 1568/1999/1610 1463/1894/1507 1461/1892/1505
f 1461/1892/1505 1569/2000/1611 1568/1999/1610
f 1569/2000/1611 1461/1892/1505 1459/1890/1503
f 1569/2000/1611 1459/1890/1503 1457/1888/1501
f 1457/1888/1501 1570/2001/1612 1569/2000/1611
f 1570/2001/1612 1457/1888/1501 1455/1886/1499
f 1455/1886/1499 1571/2002/1613 1570/2001/1612
f 1571/2002/1613 1455/1886/1499 1453/1884/1497
f 1453/1884/1497 1572/2003/1614 1571/2002/1613
f 1572/2003/1614 1453/1884/1497 1451/1882/1495
f 1451/1882/1495 1573/2004/1615 1572/2003/1614
f 1573/2004/1615 1451/1882/1495 1449/1880/1493
f 1573/2004/1615 1449/1880/1493 1447/1878/1491
f 1447/1878/1491 1512/1943/1556 1573/2004/1615
f 1512/1943/1556 1447/1878/1491 1445/1876/1489
f 1445/1876/1489 1514/1945/1558 1512/1943/1556
f 1514/1945/1558 1445/1876/1489 1443/1874/1487
f 1443/1874/1487 1516/1947/1560 1514/1945/1558
f 1516/1947/1560 1443/1874/1487 1441/1872/1485
f 1441/1872/1485 1518/1949/1562 1516/1947/1560
f 1518/1949/1562 1441/1872/1485 1438/1869/1482
f 1438/1869/1482 1520/1951/1564 1518/1949/1562
f 1438/1869/1482 1574/2005/1616 1520/1951/1564
f 1574/2005/1616 1438/1869/1482 1440/1871/1484
f 1521/1952/1565 1520/1951/1564 1574/2005/1616
f 1573/2004/1615 1512/1943/1556 1510/1941/1554
f 1510/1941/1554 1572/2003/1614 1573/2004/1615
f 1572/2003/1614 1510/1941/1554 1508/1939/1552
f 1508/1939/1552 1571/2002/1613 1572/2003/1614
f 1571/2002/1613 1508/1939/1552 1506/1937/1550
f 1506/1937/1550 1570/2001/1612 1571/2002/1613
f 1570/2001/1612 1506/1937/1550 1504/1935/1548
f 1504/1935/1548 1569/2000/1611 1570/2001/1612
f 1569/2000/1611 1504/1935/1548 1502/1933/1546
f 1502/1933/1546 1568/1999/1610 1569/2000/1611
f 1568/1999/1610 1502/1933/1546 1500/1931/1544
f 1500/1931/1544 1567/1998/1609 1568/1999/1610
f 1567/1998/1609 1500/1931/1544 1498/1929/1542
f 1498/1929/1542 1566/1997/1608 1567/1998/1609
f 1566/1997/1608 1498/1929/1542 1496/1927/1540
f 1496/1927/1540 1565/1996/1607 1566/1997/1608
f 1565/1996/1607 1496/1927/1540 1494/1925/1538
f 1494/1925/1538 1564/1995/1606 1565/1996/1607
f 1564/1995/1606 1494/1925/1538 1492/1923/1536
f 1492/1923/1536 1471/1902/1515 1564/1995/1606
f 1492/1923/1536 1575/2006/1617 1471/1902/1515
f 1575/2006/1617 1492/1923/1536 1576/2007/1618
f 1575/2006/1617 1576/2007/1618 1577/2008/1619
f 1575/2006/1617 1577/2008/1619 1578/2009/1620
f 1575/2006/1617 1578/2009/1620 1473/1904/1517
f 1473/1904/1517 1471/1902/1515 1575/2006/1617
f 1475/1906/1519 1473/1904/1517 1578/2009/1620
f 1578/2009/1620 1477/1908/1521 1475/1906/1519
f 1578/2009/1620 1579/2010/1621 1477/1908/1521
f 1579/2010/1621 1578/2009/1620 1577/2008/1619
f 1577/2008/1619 1580/2011/1622 1579/2010/1621
f 1580/2011/1622 1577/2008/1619 1486/1917/1530
f 1486/1917/1530 1581/2012/1623 1580/2011/1622
f 1581/2012/1623 1486/1917/1530 1484/1915/1528
f 1484/1915/1528 1481/1912/1525 1581/2012/1623
f 1488/1919/1532 1486/1917/1530 1577/2008/1619
f 1577/2008/1619 1490/1921/1534 1488/1919/1532
f 1490/1921/1534 1577/2008/1619 1576/2007/1618
f 1576/2007/1618 1492/1923/1536 1490/1921/1534
f 1408/1839/1452 1582/2013/1624 1410/1841/1454
f 1582/2013/1624 1408/1839/1452 1406/1837/1450
f 1406/1837/1450 1583/2014/1625 1582/2013/1624
f 1583/2014/1625 1406/1837/1450 1404/1835/1448
f 1404/1835/1448 1584/2015/1626 1583/2014/1625
f 1584/2015/1626 1404/1835/1448 1402/1833/1446
f 1402/1833/1446 1585/2016/1627 1584/2015/1626
f 1585/2016/1627 1402/1833/1446 1400/1831/1444
f 1400/1831/1444 1586/2017/1628 1585/2016/1627
f 1586/2017/1628 1400/1831/1444 1398/1829/1442
f 1398/1829/1442 1587/2018/1629 1586/2017/1628
f 1587/2018/1629 1398/1829/1442 1396/1827/1440
f 1396/1827/1440 1588/2019/1630 1587/2018/1629
f 1588/2019/1630 1396/1827/1440 1394/1825/1438
f 1394/1825/1438 1589/2020/1631 1588/2019/1630
f 1589/2020/1631 1394/1825/1438 1392/1823/1436
f 1392/1823/1436 1590/2021/1632 1589/2020/1631
f 1590/2021/1632 1392/1823/1436 1390/1821/1434
f 1390/1821/1434 1591/2022/1633 1590/2021/1632
f 1591/2022/1633 1390/1821/1434 1388/1819/1432
f 1388/1819/1432 1592/2023/1634 1591/2022/1633
f 1592/2023/1634 1388/1819/1432 1385/1816/1429
f 1385/1816/1429 1593/2024/1635 1592/2023/1634
f 1594/2025/1636 1592/2023/1634 1593/2024/1635
f 1592/2023/1634 1594/2025/1636 1595/2026/1637
f 1595/2026/1637 1591/2022/1633 1592/2023/1634
f 1591/2022/1633 1595/2026/1637 1596/2027/1638
f 1596/2027/1638 1590/2021/1632 1591/2022/1633
f 1590/2021/1632 1596/2027/1638 1597/2028/1639
f 1597/2028/1639 1589/2020/1631 1590/2021/1632
f 1589/2020/1631 1597/2028/1639 1598/2029/1640
f 1598/2029/1640 1588/2019/1630 1589/2020/1631
f 1588/2019/1630 1598/2029/1640 1599/2030/1641
f 1599/2030/1641 1587/2018/1629 1588/2019/1630
f 1587/2018/1629 1599/2030/1641 1600/2031/1642
f 1600/2031/1642 1586/2017/1628 1587/2018/1629
f 1586/2017/1628 1600/2031/1642 1601/2032/1643
f 1601/2032/1643 1585/2016/1627 1586/2017/1628
f 1585/2016/1627 1601/2032/1643 1602/2033/1644
f 1602/2033/1644 1584/2015/1626 1585/2016/1627
f 1584/2015/1626 1602/2033/1644 1603/2034/1645
f 1603/2034/1645 1583/2014/1625 1584/2015/1626
f 1583/2014/1625 1603/2034/1645 1604/2035/1646
f 1604/2035/1646 1582/2013/1624 1583/2014/1625
f 1582/2013/1624 1604/2035/1646 1605/2036/1647
f 1605/2036/1647 1410/1841/1454 1582/2013/1624
f 1410/1841/1454 1605/2036/1647 1606/2037/1648
f 1606/2037/1648 1412/1843/1456 1410/1841/1454
f 1412/1843/1456 1606/2037/1648 1607/2038/1649
f 1607/2038/1649 1414/1845/1458 1412/1843/1456
f 1414/1845/1458 1607/2038/1649 1608/2039/1650
f 1608/2039/1650 1416/1847/1460 1414/1845/1458
f 1416/1847/1460 1608/2039/1650 1609/2040/1651
f 1609/2040/1651 1418/1849/1462 1416/1847/1460
f 1418/1849/1462 1609/2040/1651 1610/2041/1652
f 1610/2041/1652 1420/1851/1464 1418/1849/1462
f 1420/1851/1464 1610/2041/1652 1611/2042/1653
f 1611/2042/1653 1422/1853/1466 1420/1851/1464
f 1422/1853/1466 1611/2042/1653 1612/2043/1654
f 1612/2043/1654 1424/1855/1468 1422/1853/1466
f 1424/1855/1468 1612/2043/1654 1613/2044/1655
f 1613/2044/1655 1426/1857/1470 1424/1855/1468
f 1426/1857/1470 1613/2044/1655 1614/2045/1656
f 1426/1857/1470 1614/2045/1656 1615/2046/1657
f 1615/2046/1657 1428/1859/1472 1426/1857/1470
f 1428/1859/1472 1615/2046/1657 1616/2047/1658
f 1616/2047/1658 1430/1861/1474 1428/1859/1472
f 1430/1861/1474 1616/2047/1658 1617/2048/1659
f 1430/1861/1474 1617/2048/1659 1618/2049/1660
f 1430/1861/1474 1618/2049/1660 1619/2050/1661
f 1619/2050/1661 1432/1863/1476 1430/1861/1474
f 1432/1863/1476 1619/2050/1661 1620/2051/1662
f 1620/2051/1662 1434/1865/1478 1432/1863/1476
f 1434/1865/1478 1620/2051/1662 1621/2052/1663
f 1621/2052/1663 1435/1866/1479 1434/1865/1478
f 1621/2052/1663 1437/1868/1481 1435/1866/1479
f 1621/2052/1663 1622/2053/1664 1437/1868/1481
f 1621/2052/1663 1623/2054/1665 1622/2053/1664
f 1623/2054/1665 1621/2052/1663 1620/2051/1662
f 1620/2051/1662 1624/2055/1666 1623/2054/1665
f 1624/2055/1666 1620/2051/1662 1619/2050/1661
f 1619/2050/1661 1625/2056/1667 1624/2055/1666
f 1625/2056/1667 1619/2050/1661 1618/2049/1660
f 1579/2010/1621 1580/2011/1622 1581/2012/1623
f 1581/2012/1623 1626/2057/1668 1579/2010/1621
f 1626/2057/1668 1581/2012/1623 1481/1912/1525
f 1626/2057/1668 1481/1912/1525 1479/1910/1523
f 1479/1910/1523 1579/2010/1621 1626/2057/1668
f 1579/2010/1621 1479/1910/1523 1477/1908/1521
o body_body_body.003
v 1.062500 21.062500 -4.124990
v 0.000000 22.687500 -4.124988
v 0.937500 22.687500 -4.124988
v 0.000000 21.000000 -4.124990
v -1.000000 22.687500 -4.124988
v -1.062500 21.062500 -4.062490
v -2.187500 22.937500 -3.937488
v -2.250000 21.187500 -3.874991
v -3.562500 23.187500 -3.249988
v -3.562500 21.562500 -3.374988
v -4.375000 23.500000 -2.374988
v -4.312500 21.750000 -2.374988
v -4.437500 23.812500 -0.999988
v -4.375000 21.937500 -1.124988
v -4.125000 23.812500 0.375012
v -3.937500 21.750000 0.187512
v -3.437500 23.562500 1.625012
v -3.375000 21.437500 1.312509
v -2.250000 23.125000 2.187512
v -2.375000 21.437500 1.812509
v -1.062500 23.000000 2.500012
v -1.000000 21.125000 2.000009
v 0.000000 23.000000 2.312512
v 0.000000 21.062500 2.062509
v 1.000000 23.000000 2.500012
v 1.000000 21.125000 2.000009
v 2.250000 23.125000 2.187512
v 2.312500 21.437500 1.812509
v 3.437500 23.562500 1.625012
v 3.375000 21.750000 1.312512
v 3.875000 23.812500 0.312512
v 4.125000 21.937500 0.187512
v 4.437500 23.812500 -0.999988
v 4.500000 22.062500 -1.124988
v 4.312500 23.687500 -2.374988
v 4.250000 21.937500 -2.374988
v 3.500000 23.437500 -3.499988
v 3.500000 21.562500 -3.499988
v 2.125000 22.937500 -3.937488
v 2.250000 21.187500 -3.999991
v 2.062500 26.062500 -3.687488
v 3.437500 25.187500 -2.999988
v 2.125000 25.062500 -3.999988
v 3.312500 26.250000 -2.999988
v 4.187500 25.437500 -2.374988
v 3.750000 26.250000 -2.124988
v 4.312500 25.500000 -0.999988
v 4.125000 26.312500 -0.874988
v 4.000000 25.625000 0.187512
v 4.000000 26.250000 0.125012
v 3.437500 25.562500 1.437512
v 3.375000 26.187500 1.062512
v 2.250000 25.562500 2.000012
v 2.125000 26.187500 1.750012
v 1.125000 25.625000 2.312512
v 0.937500 26.187500 2.000012
v 0.000000 25.687500 2.125012
v 0.000000 26.125000 2.062512
v -1.125000 25.625000 2.312512
v -0.937500 26.187500 2.000012
v -2.250000 25.562500 2.000012
v -2.125000 26.187500 1.750012
v -3.437500 25.562500 1.437512
v -3.375000 26.187500 1.062512
v -4.000000 25.625000 0.312512
v -4.000000 26.250000 0.125012
v -4.312500 25.500000 -0.999988
v -4.125000 26.312500 -0.874988
v -4.000000 25.437500 -2.374988
v -3.750000 26.250000 -2.124988
v -3.437500 25.187500 -3.187488
v -3.312500 26.250000 -2.999988
v -2.125000 25.062500 -3.999988
v -1.875000 26.062500 -3.812488
v -0.875000 24.937500 -4.124988
v -0.812500 26.062500 -4.062488
v 0.000000 24.875000 -4.124988
v 0.000000 26.125000 -4.124988
v 0.750000 24.937500 -4.124988
v 0.500000 26.125000 -4.124988
v 0.812500 26.062500 -3.937488
v 2.812500 1.250003 -4.562500
v 1.937500 1.250003 -4.812500
v 2.187500 1.812503 -3.312500
v 2.625000 1.750000 -3.187500
v 2.187500 2.937500 -1.937500
v 2.500000 2.875000 -2.000000
v 2.437500 4.687500 -1.312497
v 1.437500 3.687500 -0.749997
v 1.375000 2.250000 -0.875000
v 1.312500 3.625000 0.062503
v 1.250000 2.125000 0.062500
v 1.437500 4.437500 -0.687497
v 1.562500 6.500000 -0.687497
v 1.375000 4.312500 0.062503
v 1.437500 6.500000 0.125003
v 1.375000 8.875000 -1.312497
v 0.687500 9.062500 -0.187497
v 1.312500 10.625000 -1.312494
v 0.687500 10.812500 -0.187494
v 1.375000 12.125000 -1.312494
v 1.062500 12.500000 -0.374994
v 1.500000 13.187500 -1.562494
v 1.000000 13.500000 -0.562494
v 1.562500 15.000000 -1.937492
v 0.750000 15.000000 -0.999994
v 1.437500 15.750000 -2.062491
v 0.625000 15.687500 -1.312492
v 1.187500 16.875000 -2.499991
v 0.437500 16.812500 -1.437491
v 1.250000 17.687500 -2.812491
v 0.500000 17.750000 -1.562491
v 0.687500 18.500000 -2.187491
v 1.375000 18.687500 -3.062491
v 2.312500 17.750000 -3.437491
v 2.375000 19.062500 -3.437491
v 3.562500 17.875000 -3.249991
v 3.687500 19.750000 -3.249991
v 4.437500 17.937500 -1.999991
v 4.187500 20.125000 -2.437491
v 4.375000 20.187500 -1.374991
v 4.250000 18.062500 -0.374991
v 3.937500 20.000000 0.125009
v 3.437500 18.062500 1.187509
v 3.187500 19.937500 1.187509
v 2.312500 18.000000 1.375009
v 2.187500 19.437500 1.500009
v 1.187500 17.875000 0.625009
v 0.875000 19.000000 0.625009
v 0.437500 17.812500 -0.312491
v 0.687500 18.687500 -0.624991
v 0.812500 16.187500 -0.187491
v 1.125000 15.437500 0.062509
v 1.437500 13.875000 0.625006
v 1.375000 12.687500 1.062506
v 1.187500 11.000000 1.687506
v 1.312500 9.437500 2.000003
v 1.812500 7.437500 1.437503
v 1.625000 4.312500 0.812503
v 2.312500 4.375000 1.375003
v 1.562500 3.625000 0.812503
v 2.125000 2.562500 1.437500
v 1.437500 2.500000 0.937500
v 1.750000 26.125000 -3.749988
v 1.375000 25.000000 -4.124988
v 1.375000 26.062500 -3.812488
v 1.125000 26.062500 -3.874988
v -3.437500 23.875000 -3.187488
v -4.000000 24.375000 -2.374988
v -4.250000 24.812500 -0.999988
v 4.125000 24.812500 -0.999988
v 3.937500 24.437500 -2.374988
v 3.437500 24.125000 -3.187488
v -1.000000 19.250000 1.500009
v -2.187500 19.437500 1.500009
v -0.937500 19.000000 0.625009
v 0.000000 19.187500 1.437509
v 0.000000 18.812500 0.625009
v -0.687500 18.687500 -0.624991
v 0.000000 18.562500 -0.562491
v -0.750000 18.500000 -2.187491
v 0.000000 18.312500 -2.124991
v 0.000000 18.437500 -2.812491
v -1.375000 18.687500 -3.062491
v 0.000000 16.625000 -4.187491
v -1.125000 17.187500 -4.187491
v -2.437500 19.062500 -3.437491
v -2.312500 17.812500 -4.062491
v -3.750000 19.750000 -3.249991
v -3.875000 19.187500 -3.624991
v 1.125000 17.187500 -4.187491
v 2.312500 17.812500 -4.062491
v 4.062500 19.187500 -3.749991
v 1.000000 19.250000 1.500009
v -2.187500 1.812503 -3.312500
v -1.937500 1.250003 -4.812500
v -2.812500 1.250003 -4.562500
v -2.625000 1.750000 -3.187500
v 3.250000 18.937500 1.500009
v 2.312500 18.562500 1.812509
v 1.062500 18.125000 2.125009
v 0.000000 17.875000 2.187509
v -1.062500 18.125000 2.125009
v -2.375000 18.562500 1.812509
v -3.187500 19.937500 1.187509
v -3.250000 18.937500 1.500009
v 4.812500 19.562500 -2.562491
v 5.187500 19.687500 -1.124991
v 4.500000 19.437500 0.312509
v 3.000000 0.000003 -5.875000
v 1.562500 0.000003 -4.875000
v 2.250000 0.000003 -5.812500
v 4.562500 0.000003 -5.312500
v 5.000000 0.000003 -4.937500
v 5.125000 0.000003 -4.687500
v 5.000000 0.000003 -4.187500
v 1.750000 0.000003 -3.312500
v 5.062500 0.000000 -2.812500
v 1.750000 0.000000 -1.812500
v 4.625000 0.000000 -1.250000
v 1.750000 0.000000 -0.750000
v 3.812500 -0.000000 0.062500
v 1.437500 -0.000000 0.125000
v 3.125000 -0.000000 1.187500
v 1.625000 -0.000000 1.000000
v 2.125000 -0.000000 1.375000
v -4.187500 20.125000 -2.437491
v -4.812500 19.562500 -2.562491
v -4.250000 20.187500 -1.374991
v -5.000000 19.687500 -1.124991
v -3.937500 20.000000 0.125009
v -4.437500 19.437500 0.375009
v -3.000000 0.000003 -5.875000
v -2.250000 0.000003 -5.812500
v -1.562500 0.000003 -4.875000
v -4.562500 0.000003 -5.312500
v -5.000000 0.000003 -4.937500
v -5.000000 0.000003 -4.187500
v -1.750000 0.000003 -3.312500
v -5.062500 0.000000 -2.812500
v -5.125000 0.000003 -4.687500
v -3.687500 1.187503 -4.375000
v -3.812500 1.625000 -2.750000
v -3.312500 1.687500 -2.937500
v -4.125000 1.125003 -4.312500
v -4.687500 1.125000 -2.687500
v -4.875000 1.000003 -4.312500
v -5.062500 0.437500 -2.750000
v -5.000000 0.437503 -4.250000
v -5.125000 0.437503 -4.625000
v -5.000000 0.437503 -4.937500
v -5.125000 0.875003 -4.687500
v -5.000000 0.875003 -4.937500
v -4.625000 0.437503 -5.250000
v -2.937500 0.437503 -5.812500
v -2.187500 0.437503 -5.937500
v -2.875000 0.625003 -6.000000
v -2.062500 0.625003 -6.062500
v -2.875000 0.937503 -5.937500
v -3.000000 1.000003 -5.750000
v -2.937500 1.125003 -5.812500
v -2.125000 1.062503 -5.937500
v -2.125000 0.875003 -6.062500
v -4.562500 0.875003 -5.125000
v 3.125000 4.437500 1.062503
v 3.062500 3.687500 1.125003
v 3.062500 2.562500 1.187500
v 3.687500 3.687500 -0.062497
v 3.687500 2.625000 0.000000
v 3.500000 3.750000 -0.687497
v 3.375000 2.750000 -1.562500
v 3.312500 4.625000 -1.187497
v 3.125000 2.812500 -1.812500
v 3.000000 4.625000 -1.187497
v 3.312500 6.375000 -1.187497
v 2.500000 6.375000 -1.437497
v 2.000000 8.937500 -1.499997
v 1.875000 10.625000 -1.562494
v 1.875000 12.125000 -1.687494
v 1.875000 13.062500 -1.937494
v 2.250000 14.875003 -3.062494
v 2.250000 16.187500 -2.874991
v 2.312500 16.812500 -3.249991
v 3.500000 16.937500 -3.062491
v 4.375000 17.125000 -1.937491
v 4.125000 16.187500 -0.562491
v 3.562500 16.437500 0.625009
v 2.250000 16.437500 0.750009
v 1.250000 16.312500 0.500009
v 1.375000 15.437500 0.500008
v 2.250000 15.437500 0.812508
v 3.437500 15.500000 0.562508
v 4.062500 15.312500 -0.687492
v 4.000000 16.062500 -1.812491
v 3.312500 16.250000 -2.624991
v 3.250000 14.937503 -2.937494
v 4.000000 15.187500 -1.499992
v 4.125000 13.625000 -0.687494
v 3.375000 14.125000 0.750006
v 2.250000 14.062500 1.000006
v 2.437500 12.750000 1.375006
v 2.562500 11.125000 2.062506
v 2.562500 9.500000 2.312503
v 2.500000 7.187500 1.750003
v 3.437500 7.187500 1.437503
v 3.875000 6.437500 -0.187497
v 3.687500 4.437500 -0.062497
v 3.500000 4.500000 -0.624997
v 4.000000 9.562500 1.687506
v 4.500000 9.062500 -0.312495
v 3.875000 9.062500 -0.937496
v 3.375000 9.000000 -1.687497
v 2.437500 9.000000 -1.937497
v 2.500000 10.625000 -1.999994
v 2.500000 12.187500 -2.187494
v 2.437500 13.000000 -2.687494
v 2.375000 13.875003 -3.062494
v 3.250000 13.937500 -2.874994
v 3.625000 13.312500 -1.312494
v 4.187500 12.687500 -0.562494
v 3.500000 12.875000 1.125006
v 4.062500 11.187500 1.625006
v 4.562500 11.000000 -0.312494
v 3.750000 12.437500 -1.062494
v 3.250000 13.062500 -2.562494
v 3.312500 12.250000 -2.062494
v 3.875000 10.812500 -0.874994
v 3.375000 10.750000 -1.874994
v 1.625000 1.562503 -3.375000
v 1.500000 0.437503 -4.875000
v 1.375000 0.500003 -3.375000
v 1.562500 0.875000 -1.937500
v 2.187500 0.437503 -5.937500
v 2.062500 0.625003 -6.062500
v 2.125000 0.875003 -6.062500
v 2.125000 1.062503 -5.937500
v 1.750000 2.250000 -1.937500
v 1.375000 0.812500 -0.750000
v 1.250000 0.437500 0.125000
v 1.375000 2.062500 1.250000
v 2.062500 2.062500 1.687500
v 3.062500 2.125000 1.437500
v 4.000000 0.437500 0.187500
v 3.250000 0.437500 1.312500
v 2.062500 0.437500 1.500000
v 1.375000 0.437500 1.000000
v 4.500000 0.500000 -1.062500
v 5.062500 0.437500 -2.750000
v 5.000000 0.437503 -4.250000
v 5.125000 0.437503 -4.625000
v 5.000000 0.437503 -4.937500
v 5.125000 0.875003 -4.687500
v 4.875000 1.000003 -4.312500
v 4.687500 1.125000 -2.687500
v 4.125000 1.625000 -1.312500
v 3.812500 1.625000 -2.750000
v 3.312500 1.687500 -2.937500
v 3.687500 1.187503 -4.375000
v 4.125000 1.125003 -4.312500
v 5.000000 0.875003 -4.937500
v 4.625000 0.437503 -5.250000
v 2.937500 0.437503 -5.812500
v 2.875000 0.625003 -6.000000
v 2.875000 0.937503 -5.937500
v 3.000000 1.000003 -5.750000
v 2.937500 1.125003 -5.812500
v 4.562500 0.875003 -5.125000
v 11.437500 33.875000 -0.499982
v 11.437500 33.750000 0.000015
v 10.562500 34.062500 -0.062482
v 12.062500 34.000000 -0.562482
v 12.125000 33.750000 0.000015
v 11.500000 33.750000 0.625015
v 12.125000 33.750000 0.437518
v 11.625000 33.937500 1.125015
v 12.187500 34.000000 1.062515
v 11.687500 34.437500 1.562518
v 12.250000 34.437500 1.437518
v 11.687500 34.937500 1.750018
v 12.125000 35.000000 1.687518
v 11.687500 35.312500 1.625018
v 12.062500 35.375000 1.562518
v 11.375000 35.937500 1.125018
v 11.875000 36.000000 1.250018
v 11.125000 36.437500 0.687518
v 11.625000 36.437500 0.687518
v 11.000000 36.562500 0.000018
v 11.500000 36.500000 -0.062482
v 11.062500 36.125000 -0.562482
v 11.500000 36.250000 -0.687482
v 11.187500 35.750000 -0.937482
v 11.625000 35.812500 -1.062482
v 11.250000 35.187500 -1.124982
v 11.750000 35.250000 -1.187482
v 11.312500 34.625000 -1.062482
v 11.875000 34.687500 -1.124982
v 11.375000 34.250000 -0.874982
v 12.000000 34.312500 -0.874982
v 10.500000 34.437500 -0.437482
v 9.812500 34.312500 -0.374982
v 9.687500 34.000000 0.000018
v 8.875000 33.812500 0.000018
v 8.937500 34.062500 -0.562482
v 10.000000 34.812500 -0.812482
v 9.062500 34.562500 -1.187482
v 9.937500 35.250000 -0.999982
v 9.000000 35.125000 -1.249982
v 9.937500 35.625000 -0.812482
v 8.937500 35.875000 -0.999982
v 9.875000 35.937500 -0.312482
v 8.937500 36.062500 -0.499982
v 9.812500 36.375000 0.000018
v 9.000000 36.375000 0.000018
v 9.937500 36.187500 0.625018
v 9.125000 36.250000 0.875018
v 9.062500 35.750000 1.437518
v 9.875000 35.687500 1.187518
v 10.625000 35.750000 1.062518
v 9.937500 35.250000 1.625018
v 10.562500 35.187500 1.750018
v 10.000000 34.875000 1.750018
v 10.562500 34.875000 1.875018
v 10.062500 34.500000 1.750018
v 10.562500 34.500000 1.812518
v 9.937500 34.187500 1.375018
v 10.625000 34.187500 1.562518
v 9.875000 33.812500 1.187515
v 10.625000 33.937500 1.062515
v 11.250000 34.562500 1.687518
v 11.250000 34.875000 1.750018
v 11.250000 35.187500 1.625018
v 10.625000 36.312500 0.625018
v 10.437500 36.437500 0.000018
v 10.437500 36.062500 -0.374982
v 10.437500 35.687500 -0.624982
v 10.437500 35.250000 -0.749982
v 10.437500 34.750000 -0.749982
v 10.937500 35.187500 1.687518
v 10.937500 34.875000 1.875018
v 10.937500 34.500000 1.750018
v -0.562500 17.750000 -1.562491
v -0.562500 18.125000 -0.312491
v -0.437500 16.625000 -1.437491
v -1.062500 17.750000 0.625009
v -2.312500 17.812500 1.375009
v -3.500000 18.062500 1.187509
v -4.250000 18.062500 -0.374991
v -4.500000 17.937500 -1.999991
v -3.625000 17.875000 -3.249991
v -2.375000 17.750000 -3.437491
v -1.312500 17.687500 -2.812491
v -1.250000 16.750000 -2.437491
v -1.500000 15.750000 -2.062491
v -0.625000 15.687500 -1.312492
v -1.562500 14.875000 -1.937494
v -0.812500 14.875000 -0.999994
v -1.562500 13.437500 -1.624994
v -1.062500 13.562500 -0.562494
v -1.375000 12.125000 -1.312494
v -1.062500 12.500000 -0.374994
v -0.687500 10.812500 -0.187494
v -1.312500 10.625000 -1.312494
v -1.937500 12.125000 -1.687494
v -1.875000 10.625000 -1.562494
v -2.500000 12.187500 -2.187494
v -2.500000 10.625000 -1.999994
v -3.312500 12.250000 -2.062494
v -3.375000 10.750000 -1.874994
v -3.750000 12.437500 -1.062494
v -3.937500 10.812500 -0.874994
v -4.187500 12.687500 -0.562494
v -4.562500 11.000000 -0.312494
v -3.500000 12.875000 1.125006
v -4.062500 11.187500 1.625006
v -2.437500 12.750000 1.375006
v -2.625000 11.125000 2.062506
v -1.375000 12.687500 1.062506
v -1.250000 11.000000 1.687506
v -1.500000 13.937500 0.625006
v -1.187500 15.187500 0.125006
v -0.812500 16.187500 -0.187491
v -1.312500 16.312500 0.500009
v -2.312500 16.437500 0.750009
v -3.562500 16.437500 0.625009
v -4.125000 16.187500 -0.562491
v -4.437500 17.125000 -1.937491
v -3.562500 16.937500 -2.999991
v -2.312500 16.812500 -3.187491
v -2.250000 16.187500 -2.874991
v -2.250000 14.812503 -3.124994
v -1.875000 13.250000 -1.937494
v -2.437500 13.000000 -2.687494
v -3.250000 13.062500 -2.562494
v -3.812500 13.437500 -1.374994
v -4.125000 13.562500 -0.687494
v -3.375000 14.062500 0.750006
v -2.312500 14.062500 1.000006
v -1.375000 15.375000 0.500008
v -2.250000 15.437500 0.812508
v -3.437500 15.437500 0.562508
v -4.062500 15.250000 -0.749992
v -4.062500 15.125000 -1.624992
v -3.250000 13.812500 -2.874994
v -2.375000 13.875003 -2.999994
v -3.312500 14.875003 -2.999994
v -3.312500 16.250000 -2.624991
v -4.062500 16.062500 -1.812491
v -1.500000 0.437503 -4.875000
v -1.375000 0.500003 -3.375000
v -1.625000 1.562503 -3.375000
v 0.000000 26.375000 -4.374988
v 0.437500 26.312500 -4.437488
v -0.812500 26.312500 -4.312488
v -2.000000 26.312500 -4.062488
v -3.500000 26.562500 -3.062488
v -4.000000 26.562500 -2.124988
v -4.187500 26.500000 -0.874988
v -4.125000 26.562500 0.187512
v -3.437500 26.437500 1.187512
v -2.187500 26.375000 2.000012
v -1.062500 26.375000 2.375012
v 0.000000 26.375000 2.375012
v 1.062500 26.375000 2.375012
v 2.187500 26.375000 2.000012
v 3.437500 26.437500 1.187512
v 4.125000 26.562500 0.187512
v 4.250000 26.500000 -0.874988
v 4.000000 26.562500 -2.124988
v 3.500000 26.562500 -3.062488
v 2.187500 26.375000 -3.874988
v 1.812500 26.562500 -3.999988
v 1.812500 26.312500 -3.749988
v 0.000000 38.625000 1.500018
v 0.687500 39.250000 0.937518
v 0.000000 39.375000 1.062518
v 0.875000 38.562500 1.375018
v 1.437500 38.937500 0.437518
v 1.937500 37.937500 0.750018
v 1.437500 38.500000 -0.312482
v 1.937500 37.562500 -0.124982
v 1.250000 38.375000 -0.499982
v 1.687500 37.187500 -0.499982
v 1.187500 38.187500 -0.999982
v 1.625000 37.062500 -0.874982
v 0.875000 37.937500 -1.374982
v 1.125000 36.812500 -1.312482
v 0.437500 37.875000 -1.374982
v 0.500000 36.750000 -1.374982
v 0.000000 37.812500 -1.562482
v 0.000000 36.687500 -1.499982
v -0.500000 37.875000 -1.374982
v -0.500000 36.750000 -1.374982
v -0.875000 37.937500 -1.374982
v -1.125000 36.812500 -1.312482
v -1.187500 38.187500 -0.999982
v -1.625000 37.062500 -0.874982
v -1.250000 38.375000 -0.499982
v -1.687500 37.187500 -0.499982
v -1.500000 38.500000 -0.312482
v -2.000000 37.562500 -0.124982
v -1.500000 38.937500 0.437518
v -1.937500 37.937500 0.750018
v -0.750000 39.250000 0.937518
v -0.937500 38.562500 1.375018
v 1.187500 26.187500 -3.874988
v 0.562500 26.250000 -3.874988
v -2.187500 2.937500 -1.937500
v -2.500000 2.875000 -2.000000
v -2.437500 4.687500 -1.312497
v -1.437500 3.687500 -0.749997
v -1.375000 2.250000 -0.875000
v -1.312500 3.625000 0.062503
v -1.250000 2.125000 0.062500
v -1.437500 4.437500 -0.687497
v -1.625000 6.500000 -0.687497
v -1.375000 4.312500 0.062503
v -1.437500 6.500000 0.125003
v -1.375000 8.875000 -1.312497
v -0.750000 9.062500 -0.187497
v -2.062500 8.937500 -1.499997
v -2.437500 9.000000 -1.937497
v -3.375000 9.000000 -1.687497
v -3.875000 9.062500 -0.937496
v -4.562500 9.062500 -0.312495
v -4.000000 9.562500 1.687506
v -2.625000 9.500000 2.312503
v -1.312500 9.437500 2.000003
v -1.812500 7.187500 1.437503
v -1.625000 4.312500 0.812503
v -2.500000 7.187500 1.750003
v -3.500000 7.187500 1.437503
v -3.937500 6.437500 -0.187497
v -3.312500 6.375000 -1.187497
v -2.500000 6.375000 -1.437497
v -3.000000 4.625000 -1.187497
v -3.312500 4.625000 -1.187497
v -3.125000 2.812500 -1.812500
v -3.375000 2.750000 -1.562500
v -3.500000 3.750000 -0.687497
v -3.687500 2.625000 0.000000
v -3.687500 3.687500 -0.062497
v -3.062500 2.562500 1.187500
v -3.062500 3.687500 1.125003
v -2.125000 2.562500 1.437500
v -3.125000 4.437500 1.062503
v -2.312500 4.375000 1.375003
v -1.562500 3.625000 0.812503
v -1.437500 2.500000 0.937500
v -3.687500 4.437500 -0.062497
v -3.500000 4.500000 -0.624997
v -4.687500 33.687500 -0.562485
v -4.125000 32.000000 -0.499985
v -4.250000 33.625000 -0.062485
v -5.125000 33.812500 -0.624985
v -4.125000 32.062500 -1.624985
v -3.375000 30.125000 -1.749985
v -2.812500 29.812500 -2.687485
v -2.750000 27.812500 -2.874985
v -3.562500 28.062500 -2.124985
v -3.500000 30.562500 -0.687485
v -3.750000 28.250000 -0.999985
v -3.687500 30.437500 0.000015
v -3.625000 28.312500 0.000015
v -3.062500 28.437500 0.687515
v -3.187500 30.250000 0.750015
v -4.812500 31.875000 0.437515
v -4.312500 31.812500 1.687515
v -4.750000 33.500000 2.312515
v -4.937500 33.250000 0.750015
v 0.000000 30.625000 -3.812485
v 0.000000 29.937500 -3.687485
v -0.437500 30.812500 -3.937485
v -0.562500 31.562500 -4.062485
v -0.937500 31.625000 -3.999985
v -0.500000 32.375000 -4.062485
v -1.187500 32.375000 -3.937485
v -0.437500 33.375000 -3.812485
v -1.625000 33.125000 -3.624985
v -0.375000 33.687500 -3.937485
v 0.000000 33.687500 -3.749985
v 0.000000 33.937500 -3.749985
v -0.375000 34.125000 -3.937485
v 0.000000 34.250000 -3.687485
v -0.312500 34.500000 -3.749982
v 0.000000 34.562500 -3.624982
v -0.312500 34.812500 -3.499982
v 0.000000 34.750000 -3.437482
v -0.437500 36.187500 -1.937482
v 0.000000 35.937500 -1.999982
v 0.000000 36.187500 -1.562482
v -0.375000 36.312500 -1.562482
v -1.312500 36.187500 -1.874982
v -1.250000 36.375000 -1.562482
v -2.875000 36.125000 -0.937482
v -2.687500 36.000000 -1.374982
v -2.250000 34.875000 -2.999982
v -2.000000 34.312500 -3.499985
v -1.687500 33.812500 -3.812485
v -1.687500 33.375000 -3.749985
v 0.625000 26.500000 -4.312488
v 0.375000 27.187500 -4.249988
v 0.562500 27.125000 -4.124988
v 0.500000 27.250000 -3.812485
v 0.250000 27.437500 -3.874985
v 0.000000 27.125000 -4.249988
v -0.750000 27.125000 -4.187488
v -1.875000 27.250000 -3.937485
v -3.312500 26.812500 -3.062488
v -3.750000 27.062500 -2.124988
v -3.875000 27.125000 -0.874988
v -3.875000 27.312500 0.062512
v -3.062500 27.250000 0.875012
v -2.250000 27.375000 1.375012
v -1.062500 27.375000 1.625012
v 0.000000 27.375000 1.750012
v 1.125000 27.375000 1.625012
v 2.312500 27.375000 1.375012
v 3.125000 27.250000 0.875012
v 3.875000 27.312500 0.062512
v 3.875000 27.125000 -0.874988
v 3.750000 27.062500 -2.124988
v 3.375000 26.812500 -3.062488
v 1.875000 27.437500 -3.937485
v 1.625000 27.250000 -3.937485
v 1.500000 27.437500 -3.749985
v 1.687500 27.687500 -3.749985
v 3.187500 27.625000 -2.937485
v 3.687500 27.937500 -2.124985
v 4.187500 28.062500 -0.874985
v 4.000000 28.187500 0.000015
v 3.312500 28.250000 0.937515
v 2.250000 28.250000 1.562515
v 1.125000 28.250000 1.625015
v 0.000000 28.250000 1.750015
v -1.062500 28.250000 1.625015
v -2.187500 28.250000 1.562515
v -3.250000 28.250000 0.937515
v -3.937500 28.187500 0.000015
v -4.062500 28.062500 -0.874985
v -3.625000 27.937500 -2.124985
v -3.187500 27.625000 -2.937485
v -2.875000 27.500000 -3.249985
v -1.687500 27.500000 -3.749985
v -0.687500 27.375000 -3.812485
v -0.062500 27.375000 -3.937485
v -2.000000 28.375000 1.125015
v -0.937500 28.375000 1.375015
v 0.000000 28.375000 1.250015
v 1.062500 28.375000 1.375015
v 2.062500 28.375000 1.125015
v 3.187500 28.437500 0.687515
v 3.750000 28.312500 0.000015
v 3.812500 28.250000 -0.999985
v 3.625000 28.062500 -2.124985
v 2.812500 27.812500 -2.874985
v -4.125000 1.625000 -1.312500
v -4.500000 0.500000 -1.062500
v -4.625000 0.000000 -1.250000
v -4.000000 0.437500 0.187500
v -3.812500 -0.000000 0.062500
v -3.250000 0.437500 1.312500
v -3.125000 -0.000000 1.187500
v -2.062500 0.437500 1.500000
v -2.125000 -0.000000 1.375000
v -1.375000 0.437500 1.000000
v -1.625000 -0.000000 1.000000
v -1.250000 0.437500 0.125000
v -1.437500 -0.000000 0.125000
v -1.375000 0.812500 -0.750000
v -1.750000 0.000000 -0.750000
v -1.562500 0.875000 -1.937500
v -1.750000 0.000000 -1.812500
v -1.750000 2.250000 -1.937500
v -1.375000 2.062500 1.250000
v -2.062500 2.062500 1.687500
v -3.062500 2.125000 1.437500
v -2.812500 37.500000 0.812518
v -2.875000 37.187500 0.000018
v 0.375000 36.312500 -1.562482
v 1.250000 36.375000 -1.562482
v 2.875000 36.250000 -0.937482
v 2.937500 36.687500 -0.437482
v 3.875000 36.375000 -0.812482
v 3.937500 36.687500 -0.437482
v 3.000000 37.125000 0.000018
v 3.937500 37.062500 0.000018
v 3.937500 37.312500 1.000018
v 3.000000 37.500000 0.875018
v 0.000000 32.437500 -3.937485
v 0.000000 31.562500 -3.999985
v 0.500000 30.625000 -3.937485
v 0.562500 29.187500 -3.687485
v 1.750000 29.437500 -3.124985
v 1.687500 28.187500 -3.437485
v 2.812500 29.812500 -2.437485
v 3.562500 30.125000 -1.562485
v 3.687500 30.437500 -0.874985
v 3.875000 30.437500 -0.062485
v 3.187500 30.250000 0.750015
v 2.625000 30.187500 1.062515
v 1.625000 29.125000 1.187515
v 1.875000 30.125000 1.312515
v 0.937500 29.937500 1.437515
v 2.437500 31.625000 2.187515
v 0.500000 30.687500 1.500015
v 0.687500 32.250000 2.125015
v 0.000000 31.625000 1.437515
v 0.000000 32.562500 1.937515
v -0.437500 32.375000 2.187515
v 0.000000 33.125000 2.312515
v -0.687500 32.875000 2.500015
v 0.000000 33.687500 2.500015
v -0.937500 33.437500 2.750015
v -0.562500 34.250000 3.250015
v -1.250000 34.187500 3.187515
v -0.500000 35.312500 3.187518
v -1.750000 35.250000 3.187518
v -0.875000 36.187500 3.062518
v -2.000000 36.125000 3.062518
v -1.187500 37.000000 2.687518
v -2.312500 36.812500 2.562518
v -2.375000 37.062500 2.312518
v -2.312500 37.125000 1.937518
v -2.562500 37.125000 1.875018
v -1.562500 37.750000 1.562518
v -1.000000 38.000000 1.750018
v 0.000000 38.062500 1.875018
v 0.937500 38.000000 1.750018
v 1.562500 37.750000 1.562518
v 2.312500 37.125000 1.937518
v 3.937500 37.062500 1.875018
v 2.437500 36.812500 2.500018
v 3.812500 36.562500 2.375018
v 2.562500 36.062500 2.937518
v 3.750000 36.000000 2.750018
v 2.687500 35.250000 3.125018
v 3.687500 35.312500 2.937518
v 2.500000 33.437500 3.062515
v 3.750000 33.812500 2.750015
v 3.437500 33.125000 2.500015
v 4.625000 33.437500 2.000015
v 4.562500 32.625000 1.875015
v 5.187500 33.187500 0.625015
v 5.000000 32.562500 0.562515
v 4.625000 33.562500 -0.062485
v 4.562500 32.750000 -0.249985
v 4.312500 31.937500 -0.374985
v 4.500000 32.562500 -0.562485
v 4.562500 33.250000 -0.749985
v 4.625000 34.187500 -0.374982
v 4.125000 33.562500 -1.937485
v 4.437500 34.125000 -1.499982
v 4.125000 33.875000 -2.249985
v 4.375000 34.312500 -1.624982
v 4.062500 34.250000 -2.437485
v 4.375000 34.750000 -1.749982
v 3.937500 34.625000 -2.437482
v 4.250000 35.062500 -1.812482
v 3.562500 35.125000 -2.437482
v 4.125000 35.437500 -1.687482
v 3.000000 36.125000 -1.312482
v 3.812500 36.187500 -1.062482
v 1.312500 36.187500 -1.874982
v 0.500000 36.187500 -1.937482
v 0.312500 34.812500 -3.499982
v 0.375000 34.500000 -3.749982
v 0.375000 34.125000 -3.937485
v 0.437500 33.687500 -3.937485
v 0.437500 33.375000 -3.812485
v 2.187500 33.312500 -3.812485
v 2.187500 33.812500 -3.812485
v 2.062500 34.312500 -3.562485
v 1.937500 34.875000 -3.062482
v 3.687500 34.562500 -2.874982
v 3.750000 34.000000 -2.999985
v 3.812500 33.625000 -2.937485
v 3.687500 33.312500 -2.499985
v 4.500000 32.875000 -1.562485
v 4.500000 32.187500 -1.562485
v 4.312500 31.500000 -1.562485
v 4.687500 31.875000 0.437515
v 4.375000 31.812500 1.562515
v 3.500000 31.750000 2.062515
v 3.562500 32.437500 2.375015
v 2.562500 32.875000 2.687515
v 0.812500 34.125000 3.250015
v 0.562500 35.312500 3.187518
v 0.875000 36.187500 3.062518
v 1.187500 37.000000 2.687518
v 1.187500 37.375000 2.312518
v 0.000000 37.000000 2.250018
v -1.187500 37.375000 2.312518
v 0.000000 36.562500 2.625018
v 0.000000 35.937500 2.875018
v 0.000000 35.312500 2.937518
v 0.000000 34.437500 2.875018
v 0.875000 33.437500 2.750015
v 2.500000 32.250000 2.562515
v 0.812500 32.875000 2.625015
v 2.187500 33.000000 -3.562485
v 0.562500 32.375000 -4.062485
v 0.500000 31.500000 -4.062485
v 2.062500 30.875000 -3.499985
v 3.625000 31.375000 -2.687485
v 3.812500 31.937500 -2.687485
v 3.750000 32.500000 -2.624985
v 2.125000 32.312500 -3.749985
v 2.125000 31.625000 -3.687485
v 5.375000 34.687500 -1.249982
v 5.375000 34.437500 -0.312482
v 5.812500 33.812500 0.000018
v 6.437500 33.937500 -0.437482
v 6.437500 33.750000 0.000015
v 8.062500 33.875000 -0.624982
v 8.062500 33.625000 0.000015
v 8.125000 34.375000 -1.249982
v 8.062500 35.125000 -1.312482
v 8.000000 35.875000 -0.999982
v 8.062500 36.125000 -0.499982
v 8.187500 36.375000 0.062518
v 8.375000 36.312500 1.062518
v 8.437500 35.437500 1.937518
v 8.375000 35.125000 2.125018
v 8.250000 34.750000 2.187518
v 8.250000 34.125000 2.062515
v 8.312500 33.625000 1.562515
v 9.062500 33.562500 0.812515
v 8.187500 33.500000 0.937515
v 6.375000 33.687500 1.812515
v 6.375000 34.250000 2.125015
v 6.250000 35.000000 2.062518
v 6.625000 35.437500 2.062518
v 6.875000 35.750000 1.875018
v 7.125000 36.375000 1.125018
v 6.937500 36.437500 0.000018
v 6.500000 36.125000 -0.437482
v 6.250000 35.875000 -0.937482
v 6.312500 35.125000 -1.312482
v 6.375000 34.437500 -1.187482
v 5.875000 35.250000 -1.249982
v 5.812500 36.187500 -1.062482
v 6.000000 36.437500 -0.624982
v 6.312500 36.687500 -0.062482
v 6.375000 36.750000 1.000018
v 6.062500 36.500000 1.812518
v 5.375000 35.687500 2.312518
v 5.937500 34.312500 2.187515
v 5.812500 33.875000 2.062515
v 5.187500 34.500000 2.562518
v 4.687500 35.437500 2.687518
v 5.875000 33.687500 0.687515
v 6.437500 33.500000 0.750015
v 4.562500 35.937500 2.625018
v 4.375000 36.437500 2.437518
v 4.250000 36.875000 2.000018
v 4.187500 37.187500 0.937518
v 4.250000 37.000000 0.000018
v 4.500000 36.687500 -0.437482
v 4.687500 36.437500 -0.937482
v 5.187500 36.687500 -0.562482
v 5.250000 36.937500 0.000018
v 5.375000 37.125000 1.062518
v 5.250000 36.875000 1.812518
v 4.812500 36.312500 2.187518
v 5.062500 36.000000 2.312518
v 5.687500 36.750000 1.812518
v 5.937500 37.000000 1.062518
v 5.812500 36.937500 0.000018
v 5.562500 36.562500 -0.624982
v 5.437500 36.375000 -1.062482
v 5.125000 36.437500 -0.937482
v 4.375000 36.125000 -1.062482
v 4.625000 35.687500 -1.499982
v 4.875000 35.437500 -1.562482
v 5.062500 35.250000 -1.562482
v 5.375000 35.625000 -1.374982
v 5.125000 35.812500 -1.374982
v 4.875000 36.000000 -1.374982
v -12.187500 33.750000 0.437518
v -12.125000 33.750000 0.000015
v -11.562500 33.750000 0.625015
v -11.687500 33.937500 1.125015
v -10.625000 33.937500 1.062515
v -11.562500 33.750000 0.000015
v -12.062500 34.000000 -0.562482
v -11.500000 33.875000 -0.499982
v -10.562500 34.062500 -0.062482
v -9.687500 34.000000 0.000018
v -9.875000 33.812500 1.187515
v -8.062500 33.625000 0.000015
v -8.187500 33.437500 0.875015
v -8.375000 33.687500 1.562515
v -8.250000 34.187500 1.625018
v -6.562500 33.812500 1.875015
v -6.625000 33.625000 0.875015
v -6.625000 33.937500 0.000018
v -5.750000 33.875000 0.812518
v -5.625000 34.250000 0.062518
v -5.375000 33.875000 2.000015
v -12.187500 34.000000 1.062515
v -12.250000 34.437500 1.437518
v -11.750000 34.437500 1.562518
v -12.187500 35.000000 1.687518
v -11.750000 34.937500 1.750018
v -12.125000 35.375000 1.562518
v -11.750000 35.312500 1.625018
v -11.875000 36.000000 1.250018
v -11.437500 35.937500 1.125018
v -10.625000 35.750000 1.062518
v -11.250000 35.187500 1.625018
v -10.937500 35.187500 1.687518
v -10.562500 35.187500 1.750018
v -9.875000 35.687500 1.187518
v -9.937500 35.250000 1.625018
v -10.562500 34.875000 1.875018
v -10.000000 34.875000 1.750018
v -10.562500 34.500000 1.812518
v -10.062500 34.500000 1.750018
v -10.625000 34.187500 1.562518
v -9.937500 34.187500 1.375018
v -9.125000 34.562500 1.937518
v -9.187500 34.937500 1.875018
v -9.187500 35.312500 1.687518
v -9.187500 35.437500 1.437518
v -9.937500 36.187500 0.625018
v -9.375000 36.062500 0.750018
v -9.812500 36.375000 0.000018
v -9.562500 36.250000 0.000018
v -9.875000 35.937500 -0.312482
v -9.562500 36.062500 -0.437482
v -9.937500 35.625000 -0.812482
v -9.562500 35.750000 -0.812482
v -9.937500 35.250000 -0.999982
v -9.500000 35.250000 -0.937482
v -10.000000 34.687500 -0.937482
v -9.375000 34.625000 -1.124982
v -9.812500 34.375000 -0.499982
v -9.500000 34.312500 -0.562482
v -8.062500 34.125000 -0.562482
v -8.125000 34.375000 -0.687482
v -6.625000 34.375000 -0.374982
v -6.687500 34.562500 -0.499982
v -5.562500 34.625000 -0.312482
v -5.562500 34.750000 -0.562482
v -11.250000 34.562500 1.687518
v -11.250000 34.875000 1.750018
v -10.937500 34.875000 1.875018
v -10.937500 34.500000 1.750018
v -10.625000 36.312500 0.625018
v -11.187500 36.437500 0.687518
v -11.625000 36.437500 0.687518
v -11.062500 36.562500 0.000018
v -11.562500 36.500000 -0.062482
v -11.125000 36.125000 -0.562482
v -11.562500 36.250000 -0.687482
v -11.250000 35.750000 -0.937482
v -11.625000 35.812500 -1.062482
v -11.312500 35.187500 -1.124982
v -11.750000 35.250000 -1.187482
v -11.375000 34.625000 -1.062482
v -11.875000 34.687500 -1.124982
v -11.437500 34.312500 -0.874982
v -12.000000 34.312500 -0.874982
v -10.500000 34.437500 -0.499982
v -10.437500 34.750000 -0.749982
v -10.437500 35.250000 -0.749982
v -10.437500 35.687500 -0.624982
v -10.437500 36.062500 -0.374982
v -10.437500 36.437500 0.000018
v -3.437500 28.437500 1.187515
v -4.250000 28.750000 1.687515
v -3.812500 29.562500 1.125015
v -4.625000 30.687500 1.500015
v -5.125000 31.500000 1.625015
v -6.875000 33.187500 1.812515
v -8.125000 33.250000 1.812515
v -9.000000 32.562500 1.812515
v -5.750000 30.937500 1.687515
v -4.875000 29.937500 1.812515
v -5.375000 29.125000 1.875015
v -7.062500 29.750000 1.875015
v -5.250000 27.312500 -3.124985
v -4.312500 26.812500 -3.124988
v -3.500000 26.937500 -3.187488
v -4.187500 28.062500 -2.937485
v -3.687500 29.062500 -2.812485
v -3.687500 29.687500 -2.624985
v -4.687500 31.687500 -1.999985
v -6.375000 33.437500 -0.749985
v -7.625000 33.312500 -1.062485
v -9.000000 33.250000 -1.374985
v -5.625000 31.250000 -1.874985
v -4.625000 29.375000 -2.499985
v -5.812500 29.375000 -2.562485
v -7.250000 30.812500 -2.124985
vt 3.431152 2.157715
vt 3.473633 2.214844
vt 3.430176 2.224609
vt 3.475098 2.154785
vt 3.430176 2.224609
vt 3.431152 2.157715
vt 3.382812 2.229980
vt 3.384033 2.177490
vt 3.337158 2.232666
vt 3.333740 2.193604
vt 3.294434 2.242432
vt 3.296875 2.201172
vt 3.246338 2.246582
vt 3.251465 2.201172
vt 3.201904 2.244629
vt 3.211426 2.198730
vt 3.154541 2.243652
vt 3.166260 2.184082
vt 3.097900 2.228271
vt 3.112793 2.167969
vt 3.056885 2.222168
vt 3.061035 2.161865
vt 3.009033 2.226562
vt 3.009277 2.156494
vt 3.056885 2.222168
vt 3.061035 2.161865
vt 3.097900 2.228271
vt 3.112793 2.167969
vt 3.154541 2.243652
vt 3.166260 2.184082
vt 3.201904 2.244629
vt 3.211426 2.198730
vt 3.246338 2.246582
vt 3.251465 2.201172
vt 3.294434 2.242432
vt 3.296875 2.201172
vt 3.336670 2.232178
vt 3.333740 2.193604
vt 3.382812 2.229980
vt 3.384033 2.177490
vt 3.385498 2.338135
vt 3.339600 2.309814
vt 3.381348 2.297119
vt 3.351318 2.335938
vt 3.300781 2.310791
vt 3.302979 2.336182
vt 3.250000 2.307129
vt 3.248047 2.340332
vt 3.202393 2.305664
vt 3.203857 2.341553
vt 3.152100 2.302979
vt 3.156738 2.342773
vt 3.097412 2.295410
vt 3.094727 2.340576
vt 3.054932 2.301758
vt 3.046875 2.336426
vt 3.011230 2.306641
vt 3.007568 2.333496
vt 3.054932 2.301758
vt 3.046875 2.336426
vt 3.097412 2.295410
vt 3.094727 2.340576
vt 3.152100 2.302979
vt 3.156738 2.342773
vt 3.202393 2.305664
vt 3.203857 2.341553
vt 3.250000 2.307129
vt 3.248047 2.340332
vt 3.300781 2.310791
vt 3.302979 2.336182
vt 3.339600 2.309814
vt 3.339355 2.337891
vt 3.381348 2.297119
vt 3.385498 2.338135
vt 3.431396 2.292236
vt 3.424561 2.344238
vt 3.471436 2.293701
vt 3.469727 2.344727
vt 3.429932 2.293701
vt 3.436523 2.343262
vt 3.416992 2.336182
vt 3.537109 2.966064
vt 3.548340 2.979736
vt 3.560791 2.942383
vt 3.552734 2.934570
vt 3.586426 2.883301
vt 3.582520 2.880859
vt 3.937256 2.543213
vt 3.994873 2.543213
vt 3.992188 2.549805
vt 3.959961 2.583252
vt 3.998291 2.583496
vt 3.959717 2.624023
vt 3.996826 2.622070
vt 3.941406 2.582520
vt 3.884033 2.594482
vt 3.942139 2.624756
vt 3.885742 2.621826
vt 3.841553 2.593262
vt 3.840332 2.623779
vt 3.808105 2.593262
vt 3.801514 2.625000
vt 3.762207 2.597168
vt 3.758545 2.625977
vt 3.730225 2.593750
vt 3.718994 2.626953
vt 3.680664 2.591553
vt 3.675049 2.626953
vt 3.663086 2.592529
vt 3.659668 2.626465
vt 3.627441 2.593994
vt 3.630127 2.628174
vt 3.601318 2.594971
vt 3.605957 2.629639
vt 3.518555 2.631348
vt 3.506348 2.592773
vt 3.586426 2.540039
vt 3.495117 2.542969
vt 3.587402 2.505371
vt 3.484863 2.509033
vt 3.589355 2.478271
vt 3.470215 2.483643
vt 3.468750 2.464111
vt 3.590088 2.435791
vt 3.478516 2.433350
vt 3.597168 2.410645
vt 3.488281 2.402832
vt 3.591553 2.384521
vt 3.492432 2.376953
vt 3.591064 2.355225
vt 3.499268 2.347412
vt 3.596191 2.323730
vt 3.501953 2.317871
vt 3.506348 2.273682
vt 3.617188 2.283691
vt 3.638916 2.287598
vt 3.662354 2.333496
vt 3.672363 2.294189
vt 3.683105 2.341309
vt 3.692627 2.298096
vt 3.724121 2.350586
vt 3.733398 2.304932
vt 3.758057 2.350342
vt 3.758301 2.308350
vt 3.808105 2.352295
vt 3.804443 2.310059
vt 3.844482 2.352783
vt 3.837158 2.311523
vt 3.875000 2.352051
vt 3.885010 2.308350
vt 3.943115 2.303223
vt 3.941895 2.335205
vt 3.942627 2.380127
vt 3.961670 2.334717
vt 3.995850 2.380615
vt 3.996826 2.342285
vt 3.962891 2.302979
vt 3.998047 2.304443
vt 3.398193 2.335693
vt 3.413574 2.293701
vt 3.406250 2.335938
vt 3.410645 2.335938
vt 3.337646 2.258789
vt 3.299805 2.281494
vt 3.245361 2.281738
vt 3.245361 2.279785
vt 3.299805 2.282227
vt 3.337646 2.259277
vt 3.016602 2.912109
vt 3.031494 2.919678
vt 3.018799 2.923828
vt 3.002441 2.910156
vt 3.002441 2.921875
vt 3.015869 2.937500
vt 3.002441 2.937256
vt 3.016113 2.954834
vt 3.002441 2.955811
vt 3.016113 2.954834
vt 3.024902 2.968750
vt 3.002441 2.968506
vt 3.024902 2.968750
vt 3.002441 2.996826
vt 3.020752 2.995605
vt 3.043945 2.969971
vt 3.044922 2.991699
vt 3.063232 2.969727
vt 3.064453 2.980469
vt 3.020752 2.995605
vt 3.043945 2.969971
vt 3.044922 2.991699
vt 3.063232 2.969727
vt 3.064453 2.980469
vt 3.015869 2.937500
vt 3.018799 2.923828
vt 3.016602 2.912109
vt 3.031494 2.919678
vt 3.560791 2.942383
vt 3.548340 2.979736
vt 3.537109 2.966064
vt 3.552734 2.934570
vt 3.047607 2.924561
vt 3.047852 2.911621
vt 3.035400 2.902100
vt 3.020264 2.897461
vt 3.002686 2.894287
vt 3.020264 2.897461
vt 3.035400 2.902100
vt 3.047607 2.924561
vt 3.047852 2.911621
vt 3.032471 2.987305
vt 3.026123 2.990723
vt 3.010010 2.973633
vt 3.016357 2.971191
vt 3.005127 2.953125
vt 3.013184 2.951172
vt 3.012939 2.928711
vt 3.021973 2.928711
vt 3.025146 2.906738
vt 3.034180 2.906982
vt 3.609375 2.996826
vt 3.623291 2.981934
vt 3.618408 2.991943
vt 3.591064 2.998047
vt 3.582520 2.995605
vt 3.579102 2.994629
vt 3.572021 2.981689
vt 3.622314 2.968018
vt 3.574219 2.963623
vt 3.617188 2.949463
vt 3.583252 2.944336
vt 3.616699 2.926025
vt 3.589600 2.923584
vt 3.616211 2.912842
vt 3.594238 2.908936
vt 3.614258 2.906006
vt 3.605713 2.903320
vt 3.026123 2.990723
vt 3.032471 2.987305
vt 3.016357 2.971191
vt 3.010010 2.973633
vt 3.013184 2.951172
vt 3.005127 2.953125
vt 3.021973 2.928711
vt 3.012939 2.928711
vt 3.034180 2.906982
vt 3.025146 2.906738
vt 3.609375 2.996826
vt 3.618408 2.991943
vt 3.623291 2.981934
vt 3.591064 2.998047
vt 3.582520 2.995605
vt 3.572021 2.981689
vt 3.622314 2.968018
vt 3.574219 2.963623
vt 3.579102 2.994629
vt 3.517578 2.950195
vt 3.530518 2.913574
vt 3.539062 2.921875
vt 3.510742 2.945801
vt 3.507812 2.905273
vt 3.493896 2.935547
vt 3.477051 2.905762
vt 3.481689 2.930908
vt 3.464355 2.908936
vt 3.465088 2.932129
vt 3.479004 2.937744
vt 3.465576 2.939941
vt 3.465820 2.944092
vt 3.478760 2.941162
vt 3.489990 2.938477
vt 3.489746 2.941406
vt 3.479004 2.949951
vt 3.466064 2.950439
vt 3.480225 2.979736
vt 3.466309 2.979736
vt 3.467041 2.994385
vt 3.480225 2.995361
vt 3.485596 2.986328
vt 3.484375 2.998291
vt 3.492188 2.984619
vt 3.492432 2.979736
vt 3.495850 2.983643
vt 3.518311 2.979736
vt 3.520996 2.998291
vt 3.496338 2.997559
vt 3.490967 2.997803
vt 3.510498 2.958008
vt 3.490723 2.949219
vt 3.939697 2.419434
vt 3.962402 2.419678
vt 3.996094 2.419922
vt 3.962158 2.460938
vt 3.993652 2.461914
vt 3.962158 2.484375
vt 3.994873 2.511963
vt 3.937744 2.509277
vt 3.995117 2.522949
vt 3.937256 2.523193
vt 3.887451 2.511963
vt 3.887695 2.534912
vt 3.843262 2.571533
vt 3.809082 2.574219
vt 3.762695 2.571045
vt 3.744385 2.571777
vt 3.702393 2.542969
vt 3.650879 2.539551
vt 3.620361 2.540771
vt 3.619385 2.498535
vt 3.619629 2.472656
vt 3.664551 2.442627
vt 3.648193 2.406494
vt 3.646973 2.378906
vt 3.657959 2.355225
vt 3.681396 2.353271
vt 3.677246 2.379395
vt 3.675049 2.412109
vt 3.687744 2.457764
vt 3.661133 2.478760
vt 3.652832 2.500244
vt 3.701172 2.510986
vt 3.690430 2.477295
vt 3.735107 2.465820
vt 3.717285 2.419678
vt 3.720459 2.382568
vt 3.755859 2.389648
vt 3.807129 2.390869
vt 3.846436 2.386719
vt 3.894775 2.382324
vt 3.880859 2.430420
vt 3.884033 2.464355
vt 3.941650 2.460449
vt 3.939941 2.483154
vt 3.844727 2.430176
vt 3.847412 2.471924
vt 3.848877 2.487305
vt 3.845703 2.511475
vt 3.843018 2.539062
vt 3.812256 2.539795
vt 3.769287 2.534912
vt 3.748291 2.541992
vt 3.730713 2.543701
vt 3.728516 2.515137
vt 3.735596 2.489502
vt 3.751953 2.469482
vt 3.754150 2.424316
vt 3.807129 2.426025
vt 3.805176 2.469482
vt 3.768066 2.493652
vt 3.747559 2.519043
vt 3.773193 2.512451
vt 3.809570 2.490967
vt 3.813232 2.512695
vt 3.511230 2.676514
vt 3.479736 2.644287
vt 3.478027 2.682129
vt 3.491699 2.717041
vt 3.466797 2.720459
vt 3.466553 2.681641
vt 3.466553 2.632080
vt 3.471436 2.611084
vt 3.482422 2.611328
vt 3.488525 2.607910
vt 3.493408 2.607910
vt 3.497314 2.607910
vt 3.508545 2.640137
vt 3.533691 2.666748
vt 3.537109 2.719238
vt 3.572754 2.714600
vt 3.534180 2.744141
vt 3.487793 2.743896
vt 3.466553 2.746094
vt 3.482666 2.763672
vt 3.535400 2.761230
vt 3.530029 2.775635
vt 3.547119 2.775635
vt 3.532227 2.796387
vt 3.548828 2.796875
vt 3.528076 2.815186
vt 3.544434 2.815674
vt 3.550537 2.840088
vt 3.481689 2.844971
vt 3.479980 2.820801
vt 3.464600 2.842041
vt 3.463867 2.819092
vt 3.479492 2.797607
vt 3.480957 2.778564
vt 3.466309 2.762207
vt 3.465332 2.778809
vt 3.463623 2.797607
vt 3.465088 2.871094
vt 3.480469 2.869873
vt 3.464355 2.908936
vt 3.477051 2.905762
vt 3.465088 2.932129
vt 3.481689 2.930908
vt 3.465576 2.939941
vt 3.479004 2.937744
vt 3.465820 2.944092
vt 3.478760 2.941162
vt 3.489990 2.938477
vt 3.493896 2.935547
vt 3.507812 2.905273
vt 3.522217 2.866943
vt 3.558594 2.865967
vt 3.530518 2.913574
vt 3.566650 2.870850
vt 3.539062 2.921875
vt 3.517578 2.950195
vt 3.510742 2.945801
vt 3.489746 2.941406
vt 3.479004 2.949951
vt 3.466064 2.950439
vt 3.480225 2.979736
vt 3.466309 2.979736
vt 3.467041 2.994385
vt 3.480225 2.995361
vt 3.485596 2.986328
vt 3.484375 2.998291
vt 3.492188 2.984619
vt 3.492432 2.979736
vt 3.495850 2.983643
vt 3.518311 2.979736
vt 3.520996 2.998291
vt 3.496338 2.997559
vt 3.490967 2.997803
vt 3.490723 2.949219
vt 3.510498 2.958008
vt 3.955078 2.966553
vt 3.956055 2.946289
vt 3.906738 2.966553
vt 3.991699 2.967529
vt 3.991211 2.948242
vt 3.957275 2.926270
vt 3.990967 2.932373
vt 3.958496 2.906738
vt 3.990967 2.904053
vt 3.959961 2.882324
vt 3.991211 2.879150
vt 3.960205 2.866211
vt 3.990234 2.859619
vt 3.960205 2.852539
vt 3.989502 2.845703
vt 3.955322 2.833740
vt 3.989258 2.827148
vt 3.950439 2.814697
vt 3.988770 2.808594
vt 3.947510 2.774414
vt 3.990967 2.773438
vt 3.947510 2.748535
vt 3.989014 2.749756
vt 3.947510 2.729736
vt 3.986572 2.732666
vt 3.949951 2.709229
vt 3.988037 2.710449
vt 3.952637 2.688721
vt 3.989746 2.688477
vt 3.952393 2.664795
vt 3.990479 2.666260
vt 3.991211 2.644287
vt 3.952393 2.640625
vt 3.911133 2.669678
vt 3.912842 2.642090
vt 3.880859 2.664062
vt 3.872559 2.641113
vt 3.840332 2.641357
vt 3.845459 2.662842
vt 3.892334 2.695312
vt 3.852051 2.691895
vt 3.890381 2.712891
vt 3.848633 2.709717
vt 3.888184 2.730469
vt 3.843994 2.732422
vt 3.887939 2.748047
vt 3.845947 2.750000
vt 3.887451 2.765625
vt 3.848145 2.770996
vt 3.886230 2.801270
vt 3.848877 2.806885
vt 3.838623 2.825684
vt 3.880859 2.824463
vt 3.917236 2.825928
vt 3.867432 2.848633
vt 3.891602 2.849121
vt 3.867676 2.859863
vt 3.887207 2.861816
vt 3.867920 2.870850
vt 3.888672 2.876221
vt 3.860840 2.901367
vt 3.897461 2.897705
vt 3.852539 2.922852
vt 3.895264 2.920654
vt 3.862061 2.972168
vt 3.924072 2.879395
vt 3.924316 2.866699
vt 3.923340 2.853027
vt 3.914551 2.802734
vt 3.914307 2.765381
vt 3.907959 2.746338
vt 3.908691 2.734131
vt 3.906494 2.716797
vt 3.909424 2.697510
vt 3.907959 2.851074
vt 3.906494 2.863770
vt 3.905029 2.877197
vt 3.439697 2.036377
vt 3.477051 2.011719
vt 3.439697 2.036377
vt 3.386719 2.078369
vt 3.332275 2.130615
vt 3.296143 2.148193
vt 3.256104 2.148926
vt 3.211426 2.130859
vt 3.172119 2.107178
vt 3.112061 2.097412
vt 3.060303 2.076904
vt 3.009521 2.063721
vt 3.060303 2.076904
vt 3.112061 2.097412
vt 3.172119 2.107178
vt 3.211426 2.130859
vt 3.256104 2.148926
vt 3.296143 2.148193
vt 3.332275 2.130615
vt 3.386719 2.078369
vt 3.617188 2.283691
vt 3.596191 2.323730
vt 3.643066 2.288330
vt 3.506348 2.273682
vt 3.501953 2.317871
vt 3.591064 2.355225
vt 3.499268 2.347412
vt 3.590332 2.384521
vt 3.492432 2.376953
vt 3.597168 2.410645
vt 3.488281 2.402832
vt 3.590088 2.435791
vt 3.478516 2.433350
vt 3.589355 2.478271
vt 3.468750 2.464111
vt 3.470215 2.483643
vt 3.484863 2.509033
vt 3.587402 2.505371
vt 3.495117 2.542969
vt 3.586426 2.540039
vt 3.506348 2.592773
vt 3.601318 2.594971
vt 3.518555 2.631348
vt 3.605957 2.629639
vt 3.632324 2.593750
vt 3.635010 2.627930
vt 3.663086 2.592529
vt 3.659668 2.626465
vt 3.682861 2.591553
vt 3.677246 2.626953
vt 3.722900 2.593018
vt 3.715820 2.626953
vt 3.762207 2.597168
vt 3.758545 2.625977
vt 3.801514 2.625000
vt 3.808105 2.593262
vt 3.762695 2.571045
vt 3.809082 2.574219
vt 3.769287 2.534912
vt 3.812256 2.539795
vt 3.773193 2.512451
vt 3.813232 2.512695
vt 3.768066 2.493652
vt 3.809570 2.490967
vt 3.751953 2.469482
vt 3.805176 2.469482
vt 3.754150 2.425049
vt 3.807129 2.426025
vt 3.755859 2.389648
vt 3.807129 2.390869
vt 3.758057 2.350342
vt 3.808105 2.352295
vt 3.804443 2.310059
vt 3.758301 2.308350
vt 3.722900 2.350586
vt 3.731201 2.304688
vt 3.685059 2.342041
vt 3.695312 2.298584
vt 3.662354 2.333496
vt 3.672363 2.294189
vt 3.657959 2.355225
vt 3.646973 2.378906
vt 3.648193 2.406494
vt 3.664551 2.442627
vt 3.619629 2.472656
vt 3.619385 2.498535
vt 3.621826 2.540771
vt 3.650879 2.539551
vt 3.702393 2.542969
vt 3.744385 2.571777
vt 3.748291 2.541992
vt 3.747559 2.519043
vt 3.735596 2.489502
vt 3.735107 2.465820
vt 3.718506 2.420166
vt 3.720947 2.382812
vt 3.680908 2.353271
vt 3.677246 2.379395
vt 3.678467 2.412842
vt 3.688965 2.458740
vt 3.691895 2.477051
vt 3.729736 2.515137
vt 3.730713 2.543701
vt 3.701172 2.510986
vt 3.652832 2.500244
vt 3.661133 2.478760
vt 3.488525 2.607910
vt 3.493408 2.607910
vt 3.479736 2.644287
vt 3.482422 2.611328
vt 3.471436 2.611084
vt 3.466553 2.632080
vt 3.466553 2.681641
vt 3.478027 2.682129
vt 3.511230 2.676514
vt 3.508545 2.640137
vt 3.497314 2.607910
vt 3.533691 2.666748
vt 3.419922 2.340576
vt 3.394531 2.351318
vt 3.415283 2.347656
vt 3.397461 2.339111
vt 3.380615 2.351318
vt 3.384277 2.338623
vt 3.363037 2.351562
vt 3.366211 2.338623
vt 3.337891 2.351074
vt 3.302002 2.352295
vt 3.247070 2.352295
vt 3.207275 2.350342
vt 3.154053 2.355713
vt 3.094482 2.354736
vt 3.046631 2.349609
vt 3.007324 2.340088
vt 3.046631 2.349609
vt 3.094482 2.354736
vt 3.154053 2.355713
vt 3.207275 2.350342
vt 3.247070 2.352295
vt 3.302002 2.354736
vt 3.359131 2.348145
vt 3.414062 2.346436
vt 3.415771 2.337646
vt 3.426270 2.346436
vt 3.426270 2.343262
vt 3.260986 2.981201
vt 3.207031 2.950439
vt 3.200928 2.996826
vt 3.263428 2.949219
vt 3.211670 2.897461
vt 3.264160 2.900146
vt 3.216797 2.863525
vt 3.270996 2.860596
vt 3.224609 2.842041
vt 3.268311 2.828613
vt 3.234863 2.804688
vt 3.273193 2.805420
vt 3.239502 2.776855
vt 3.277344 2.778809
vt 3.236572 2.749512
vt 3.277344 2.752686
vt 3.234375 2.716309
vt 3.278809 2.716797
vt 3.236572 2.749512
vt 3.277344 2.752686
vt 3.239502 2.776855
vt 3.277344 2.778809
vt 3.234863 2.804688
vt 3.273193 2.805420
vt 3.224609 2.842041
vt 3.268311 2.828613
vt 3.216797 2.863525
vt 3.270996 2.860596
vt 3.211670 2.897461
vt 3.264160 2.900146
vt 3.207031 2.950439
vt 3.263428 2.949219
vt 3.407959 2.335938
vt 3.394531 2.335449
vt 3.425049 2.345215
vt 3.586426 2.883301
vt 3.582520 2.880859
vt 3.937256 2.542969
vt 3.992188 2.549805
vt 3.994873 2.543213
vt 3.959961 2.583252
vt 3.998291 2.583496
vt 3.959717 2.624023
vt 3.996826 2.622070
vt 3.941406 2.582520
vt 3.884033 2.594482
vt 3.942139 2.624756
vt 3.885742 2.621826
vt 3.841553 2.593262
vt 3.840332 2.623779
vt 3.843262 2.571533
vt 3.843018 2.539062
vt 3.845703 2.511475
vt 3.848877 2.487305
vt 3.847412 2.471924
vt 3.844727 2.430176
vt 3.846436 2.386719
vt 3.844482 2.352783
vt 3.837158 2.311523
vt 3.875000 2.352051
vt 3.885010 2.308350
vt 3.943115 2.303223
vt 3.941895 2.335205
vt 3.894775 2.382324
vt 3.880859 2.430420
vt 3.884033 2.464355
vt 3.887451 2.511963
vt 3.887695 2.534912
vt 3.937256 2.523193
vt 3.937744 2.509277
vt 3.995117 2.522949
vt 3.994873 2.511963
vt 3.962158 2.484375
vt 3.993652 2.461914
vt 3.962158 2.460938
vt 3.996094 2.419922
vt 3.962402 2.419678
vt 3.995850 2.380615
vt 3.939697 2.419434
vt 3.942627 2.380127
vt 3.961670 2.334717
vt 3.996826 2.342285
vt 3.962891 2.302979
vt 3.998047 2.304443
vt 3.941650 2.460449
vt 3.939697 2.483887
vt 3.223145 2.700684
vt 3.241455 2.615723
vt 3.238770 2.697754
vt 3.205566 2.704102
vt 3.203125 2.578125
vt 3.192627 2.510254
vt 3.150391 2.502197
vt 3.144531 2.429932
vt 3.193115 2.436279
vt 3.229004 2.526855
vt 3.236572 2.439209
vt 3.266113 2.535400
vt 3.278076 2.451904
vt 3.316895 2.438232
vt 3.317139 2.531738
vt 3.276855 2.611572
vt 3.306396 2.605469
vt 3.286377 2.695312
vt 3.263184 2.702637
vt 3.003662 2.520508
vt 3.009033 2.489258
vt 3.038818 2.515137
vt 3.032959 2.568848
vt 3.057861 2.571533
vt 3.026855 2.622803
vt 3.071533 2.612793
vt 3.035400 2.664795
vt 3.082275 2.650391
vt 3.032715 2.680908
vt 3.006592 2.673828
vt 3.004883 2.692871
vt 3.031250 2.701172
vt 3.007812 2.709473
vt 3.030029 2.721924
vt 3.007812 2.723877
vt 3.028564 2.742676
vt 3.008057 2.738281
vt 3.033447 2.829834
vt 3.005615 2.813477
vt 3.005371 2.839111
vt 3.029541 2.843506
vt 3.092285 2.840332
vt 3.083740 2.851562
vt 3.134766 2.860596
vt 3.135742 2.844727
vt 3.114990 2.743408
vt 3.100342 2.715576
vt 3.085693 2.687744
vt 3.085205 2.665771
vt 3.425293 2.342041
vt 3.425781 2.354492
vt 3.415283 2.384521
vt 3.426025 2.380859
vt 3.422852 2.397217
vt 3.415039 2.397705
vt 3.395996 2.390381
vt 3.376709 2.393066
vt 3.364258 2.392822
vt 3.338623 2.365234
vt 3.301758 2.371338
vt 3.249268 2.371826
vt 3.209473 2.373779
vt 3.164551 2.383545
vt 3.113525 2.387207
vt 3.054199 2.390869
vt 3.008057 2.390137
vt 3.054199 2.390869
vt 3.113525 2.387207
vt 3.164551 2.383545
vt 3.209473 2.373779
vt 3.249268 2.371826
vt 3.301758 2.371338
vt 3.355469 2.360596
vt 3.411377 2.385254
vt 3.426025 2.388672
vt 3.424805 2.395996
vt 3.408691 2.397949
vt 3.362061 2.396240
vt 3.301025 2.404297
vt 3.250000 2.405273
vt 3.207764 2.406738
vt 3.166748 2.407227
vt 3.109619 2.407715
vt 3.055664 2.407715
vt 3.004883 2.410400
vt 3.055664 2.407715
vt 3.109619 2.407715
vt 3.166748 2.407227
vt 3.207764 2.406738
vt 3.250000 2.405273
vt 3.301025 2.404297
vt 3.331787 2.396729
vt 3.352783 2.393066
vt 3.364014 2.405762
vt 3.379639 2.401611
vt 3.396240 2.399170
vt 3.336426 2.411621
vt 3.303467 2.417236
vt 3.249512 2.417480
vt 3.193848 2.421631
vt 3.167725 2.421387
vt 3.110596 2.420898
vt 3.058350 2.419189
vt 3.004395 2.420898
vt 3.058350 2.419189
vt 3.110596 2.420898
vt 3.167725 2.421387
vt 3.193848 2.421631
vt 3.249512 2.417480
vt 3.303467 2.417236
vt 3.364014 2.404785
vt 3.558594 2.865967
vt 3.566650 2.870850
vt 3.522217 2.866943
vt 3.480469 2.869873
vt 3.465088 2.871094
vt 3.481689 2.844971
vt 3.464600 2.842041
vt 3.479980 2.820801
vt 3.463867 2.819092
vt 3.479492 2.797607
vt 3.463623 2.797607
vt 3.480957 2.778564
vt 3.465332 2.778809
vt 3.482666 2.763672
vt 3.466309 2.762207
vt 3.487793 2.743896
vt 3.466553 2.746094
vt 3.491699 2.717041
vt 3.466797 2.720459
vt 3.537109 2.719238
vt 3.572754 2.714600
vt 3.534180 2.744141
vt 3.535400 2.761230
vt 3.530029 2.775635
vt 3.532227 2.796387
vt 3.528076 2.815186
vt 3.550537 2.840088
vt 3.544434 2.815674
vt 3.548828 2.796875
vt 3.547119 2.775635
vt 3.614258 2.906006
vt 3.605713 2.903320
vt 3.594238 2.908936
vt 3.616211 2.912842
vt 3.589600 2.923584
vt 3.616699 2.926025
vt 3.583252 2.944336
vt 3.617188 2.949463
vt 3.163330 2.967041
vt 3.117676 2.981689
vt 3.109375 2.945801
vt 3.145996 2.918457
vt 3.104492 2.914795
vt 3.097900 2.897705
vt 3.067139 2.888184
vt 3.029297 2.873779
vt 3.005127 2.870117
vt 3.029541 2.843506
vt 3.029297 2.873779
vt 3.083740 2.851562
vt 3.067139 2.888184
vt 3.134521 2.860596
vt 3.097900 2.897705
vt 3.104492 2.914795
vt 3.140869 2.889160
vt 3.184570 2.869385
vt 3.183350 2.888428
vt 3.147217 2.917969
vt 3.181641 2.913330
vt 3.187012 2.955322
vt 3.162109 2.964844
vt 3.109375 2.945801
vt 3.117676 2.981689
vt 3.006836 2.624023
vt 3.005127 2.572266
vt 3.038818 2.514648
vt 3.008301 2.489990
vt 3.033203 2.460693
vt 3.088867 2.478271
vt 3.086670 2.427002
vt 3.148926 2.501465
vt 3.144531 2.429932
vt 3.192627 2.510254
vt 3.193115 2.436279
vt 3.229980 2.526855
vt 3.236572 2.439209
vt 3.267334 2.536377
vt 3.278076 2.451904
vt 3.317139 2.531738
vt 3.316895 2.438232
vt 3.332764 2.534668
vt 3.374512 2.489746
vt 3.364258 2.535889
vt 3.400391 2.531982
vt 3.362305 2.605957
vt 3.418457 2.559570
vt 3.417725 2.637451
vt 3.447021 2.606201
vt 3.453369 2.650879
vt 3.413330 2.650391
vt 3.453857 2.672363
vt 3.411621 2.666504
vt 3.454102 2.693848
vt 3.409912 2.682861
vt 3.418701 2.727539
vt 3.395508 2.715820
vt 3.423096 2.793945
vt 3.364014 2.807373
vt 3.412109 2.838623
vt 3.354980 2.845215
vt 3.401367 2.883301
vt 3.346191 2.883057
vt 3.340088 2.890625
vt 3.355957 2.908447
vt 3.344727 2.909912
vt 3.328369 2.954590
vt 3.385742 2.944580
vt 3.368408 2.982910
vt 3.409912 2.952881
vt 3.414551 2.992188
vt 3.453857 2.955322
vt 3.453613 2.989990
vt 3.409912 2.952881
vt 3.414551 2.992188
vt 3.385742 2.944580
vt 3.368408 2.982910
vt 3.357666 2.907959
vt 3.329590 2.954590
vt 3.272705 2.928955
vt 3.277588 2.895020
vt 3.347168 2.868896
vt 3.279541 2.863770
vt 3.342285 2.828125
vt 3.288086 2.829346
vt 3.337158 2.787598
vt 3.296387 2.794922
vt 3.362549 2.695068
vt 3.308594 2.727783
vt 3.328857 2.679199
vt 3.286377 2.695312
vt 3.295898 2.651123
vt 3.263184 2.702637
vt 3.270020 2.656982
vt 3.238770 2.697754
vt 3.240723 2.656494
vt 3.242432 2.615234
vt 3.233154 2.645996
vt 3.223877 2.676758
vt 3.225830 2.700195
vt 3.185547 2.679688
vt 3.205566 2.704102
vt 3.185791 2.699951
vt 3.204590 2.722412
vt 3.180420 2.721680
vt 3.203613 2.746826
vt 3.175537 2.748291
vt 3.202393 2.776611
vt 3.161865 2.766357
vt 3.201172 2.806396
vt 3.138916 2.844238
vt 3.184326 2.854980
vt 3.092285 2.840332
vt 3.033447 2.829834
vt 3.028564 2.742676
vt 3.030029 2.721924
vt 3.031250 2.701172
vt 3.032715 2.680908
vt 3.035400 2.664795
vt 3.101318 2.658936
vt 3.098145 2.685547
vt 3.102051 2.715088
vt 3.105957 2.744629
vt 3.162109 2.734131
vt 3.162109 2.701904
vt 3.166748 2.677490
vt 3.165283 2.655273
vt 3.206299 2.652344
vt 3.205811 2.616211
vt 3.205566 2.580078
vt 3.276855 2.611572
vt 3.305176 2.606934
vt 3.328369 2.603760
vt 3.328613 2.641357
vt 3.359863 2.668213
vt 3.418701 2.727539
vt 3.423096 2.793945
vt 3.412109 2.838623
vt 3.401367 2.883301
vt 3.402344 2.904297
vt 3.452637 2.879395
vt 3.402344 2.904297
vt 3.454346 2.852051
vt 3.453369 2.821777
vt 3.452393 2.791748
vt 3.453613 2.745361
vt 3.409912 2.682861
vt 3.361084 2.636963
vt 3.413818 2.660156
vt 3.104492 2.640625
vt 3.026855 2.622803
vt 3.032959 2.568604
vt 3.092041 2.536865
vt 3.150391 2.565186
vt 3.154785 2.593994
vt 3.159424 2.622803
vt 3.101807 2.607178
vt 3.096924 2.572021
vt 3.647217 2.664062
vt 3.642090 2.671143
vt 3.680176 2.681641
vt 3.652832 2.648682
vt 3.684814 2.656494
vt 3.656494 2.638916
vt 3.687744 2.640625
vt 3.730469 2.655029
vt 3.730225 2.643311
vt 3.809814 2.661621
vt 3.808350 2.641602
vt 3.812012 2.688721
vt 3.805908 2.711670
vt 3.799805 2.734375
vt 3.803467 2.751953
vt 3.808594 2.776367
vt 3.811523 2.812256
vt 3.808350 2.844482
vt 3.807861 2.856445
vt 3.807129 2.870850
vt 3.801025 2.890869
vt 3.800781 2.917969
vt 3.825195 2.933105
vt 3.826416 2.974854
vt 3.797607 2.943604
vt 3.742920 2.927979
vt 3.743164 2.904053
vt 3.749268 2.884277
vt 3.757324 2.867432
vt 3.764404 2.852295
vt 3.770508 2.809326
vt 3.752197 2.770508
vt 3.738525 2.754395
vt 3.724609 2.738037
vt 3.725830 2.712646
vt 3.731689 2.685303
vt 3.702393 2.709229
vt 3.702393 2.746582
vt 3.713623 2.757812
vt 3.728271 2.772461
vt 3.733643 2.805176
vt 3.728760 2.833496
vt 3.708252 2.875488
vt 3.720459 2.905762
vt 3.702148 2.933594
vt 3.691162 2.907715
vt 3.662598 2.881104
vt 3.640869 2.917725
vt 3.659912 2.955566
vt 3.715088 2.963379
vt 3.670410 2.974609
vt 3.676514 2.997314
vt 3.716553 2.987305
vt 3.739990 2.956543
vt 3.790771 2.977783
vt 3.741943 2.985596
vt 3.633301 2.881592
vt 3.663330 2.868896
vt 3.628174 2.866211
vt 3.664062 2.856934
vt 3.622803 2.851074
vt 3.660400 2.835449
vt 3.617920 2.830811
vt 3.658447 2.807373
vt 3.616699 2.812988
vt 3.660645 2.788818
vt 3.617188 2.789307
vt 3.656494 2.770264
vt 3.616455 2.769287
vt 3.615967 2.753662
vt 3.652344 2.751465
vt 3.683105 2.762207
vt 3.692871 2.775391
vt 3.703857 2.804443
vt 3.699707 2.824951
vt 3.686035 2.853271
vt 3.697266 2.864258
vt 3.714355 2.829346
vt 3.718750 2.804688
vt 3.710449 2.773926
vt 3.698486 2.760010
vt 3.688965 2.749023
vt 3.675537 2.751709
vt 3.637207 2.735596
vt 3.609131 2.732910
vt 3.644287 2.721680
vt 3.620850 2.700195
vt 3.652100 2.713623
vt 3.626709 2.692383
vt 3.659912 2.705566
vt 3.632812 2.684814
vt 3.675781 2.721436
vt 3.665283 2.726807
vt 3.655029 2.731934
vt 3.990967 2.932373
vt 3.991211 2.948242
vt 3.957275 2.926270
vt 3.958496 2.906738
vt 3.895264 2.920654
vt 3.956055 2.946289
vt 3.991699 2.967529
vt 3.955078 2.966553
vt 3.906738 2.966553
vt 3.862061 2.972168
vt 3.852539 2.922852
vt 3.790771 2.977783
vt 3.797607 2.943604
vt 3.800781 2.917969
vt 3.801025 2.890869
vt 3.742920 2.927979
vt 3.739990 2.956543
vt 3.741943 2.985596
vt 3.715088 2.963379
vt 3.716553 2.987305
vt 3.676514 2.997314
vt 3.670410 2.974609
vt 3.702148 2.933594
vt 3.659912 2.955566
vt 3.990967 2.904053
vt 3.991211 2.879150
vt 3.959961 2.882324
vt 3.990234 2.859619
vt 3.960205 2.866211
vt 3.989502 2.845703
vt 3.960205 2.852539
vt 3.989258 2.827148
vt 3.955322 2.833740
vt 3.917236 2.825928
vt 3.923340 2.853027
vt 3.907959 2.851074
vt 3.891602 2.849121
vt 3.880859 2.824463
vt 3.867432 2.848633
vt 3.887207 2.861816
vt 3.867676 2.859863
vt 3.888672 2.876221
vt 3.867920 2.870850
vt 3.897461 2.897705
vt 3.860840 2.901367
vt 3.825684 2.867920
vt 3.867676 2.859131
vt 3.829590 2.854736
vt 3.833008 2.843018
vt 3.881592 2.824463
vt 3.832520 2.837646
vt 3.886230 2.801270
vt 3.839844 2.811035
vt 3.886963 2.765869
vt 3.849121 2.751953
vt 3.887695 2.746094
vt 3.849121 2.742920
vt 3.888184 2.730469
vt 3.849121 2.726074
vt 3.889893 2.715820
vt 3.850098 2.712891
vt 3.892334 2.695312
vt 3.851318 2.694580
vt 3.883545 2.671387
vt 3.861816 2.667725
vt 3.872559 2.641113
vt 3.810059 2.663574
vt 3.812012 2.688721
vt 3.730957 2.665283
vt 3.731689 2.685303
vt 3.683594 2.663330
vt 3.680176 2.681641
vt 3.647217 2.664062
vt 3.652100 2.650635
vt 3.656494 2.638916
vt 3.687744 2.640625
vt 3.730225 2.643311
vt 3.808350 2.641602
vt 3.924072 2.879395
vt 3.924316 2.866699
vt 3.906494 2.863770
vt 3.905029 2.877197
vt 3.914551 2.802734
vt 3.950439 2.814697
vt 3.988770 2.808594
vt 3.947510 2.774414
vt 3.990967 2.773438
vt 3.947510 2.748535
vt 3.989014 2.749756
vt 3.947510 2.729736
vt 3.986572 2.732666
vt 3.949951 2.709229
vt 3.988037 2.710449
vt 3.952637 2.688721
vt 3.989746 2.688477
vt 3.952393 2.667480
vt 3.990479 2.666260
vt 3.991211 2.644287
vt 3.952393 2.640625
vt 3.911133 2.669678
vt 3.912842 2.642090
vt 3.882324 2.668213
vt 3.909424 2.697510
vt 3.906494 2.716797
vt 3.908691 2.734131
vt 3.907959 2.746338
vt 3.914307 2.765381
vt 3.887451 2.765625
vt 3.887939 2.748047
vt 3.890381 2.712891
vt 3.010010 2.028809
vt 3.035645 2.009766
vt 3.041748 2.039795
vt 3.003906 2.046387
vt 3.043457 2.063477
vt 3.080566 2.042236
vt 3.090576 2.069092
vt 3.102295 2.044434
vt 3.124268 2.083740
vt 3.127930 2.055420
vt 3.135986 2.082031
vt 3.145264 2.058105
vt 3.142334 2.023193
vt 3.166504 2.026367
vt 3.184326 2.009277
vt 3.147217 2.008545
vt 3.111572 2.021484
vt 3.078125 2.019531
vt 3.079102 2.007812
vt 3.116455 2.008057
vt 3.307861 2.102051
vt 3.297363 2.118408
vt 3.278564 2.119629
vt 3.279053 2.105713
vt 3.259033 2.116699
vt 3.250977 2.097412
vt 3.243164 2.111328
vt 3.227295 2.089355
vt 3.251465 2.085938
vt 3.224365 2.060791
vt 3.245117 2.064209
vt 3.207031 2.013916
vt 3.241943 2.021484
vt 3.220459 2.006836
vt 3.251953 2.006348
vt 3.281982 2.021729
vt 3.297607 2.007568
vt 3.331543 2.006836
vt 3.327393 2.022217
vt 3.279297 2.060791
vt 3.279297 2.086670
vt 3.306152 2.081055
vt 3.309570 2.058350
vn 0.0419 0.0109 -0.9991
vn -0.0000 0.0000 -1.0000
vn 0.0726 -0.0009 -0.9974
vn -0.0239 -0.0015 -0.9997
vn -0.0807 -0.0144 -0.9966
vn -0.0963 -0.0028 -0.9953
vn -0.3167 0.0078 -0.9485
vn -0.2548 0.0297 -0.9665
vn -0.5684 0.1264 -0.8130
vn -0.5496 0.0780 -0.8318
vn -0.8932 0.1472 -0.4248
vn -0.9266 0.0916 -0.3647
vn -0.9967 0.0556 0.0585
vn -0.9903 0.0955 0.1005
vn -0.9327 -0.0142 0.3604
vn -0.9125 0.0636 0.4041
vn -0.6972 -0.0269 0.7164
vn -0.6614 -0.0187 0.7498
vn -0.3541 -0.0487 0.9339
vn -0.3070 -0.0960 0.9468
vn -0.0349 -0.0847 0.9958
vn -0.0798 -0.0738 0.9941
vn -0.0434 -0.0487 0.9979
vn -0.0357 -0.0874 0.9955
vn 0.0813 -0.0726 0.9940
vn 0.1284 -0.0991 0.9868
vn 0.3358 -0.0679 0.9395
vn 0.3249 -0.0852 0.9419
vn 0.7473 -0.0623 0.6616
vn 0.6743 -0.0228 0.7381
vn 0.9344 0.0436 0.3535
vn 0.8739 0.0808 0.4793
vn 0.9730 0.2032 0.1090
vn 0.9886 0.1215 0.0892
vn 0.9025 0.1977 -0.3826
vn 0.9039 0.1165 -0.4115
vn 0.6087 0.1582 -0.7775
vn 0.5914 0.1244 -0.7967
vn 0.3053 0.0928 -0.9477
vn 0.1995 0.0550 -0.9784
vn 0.2465 -0.1923 -0.9499
vn 0.5477 0.1150 -0.8287
vn 0.3253 0.1330 -0.9362
vn 0.6751 -0.1720 -0.7174
vn 0.8678 0.1435 -0.4757
vn 0.9368 -0.0861 -0.3390
vn 0.9995 0.0321 -0.0043
vn 0.9718 -0.2310 -0.0466
vn 0.9612 -0.0114 0.2757
vn 0.9344 -0.1635 0.3166
vn 0.6766 0.2030 0.7078
vn 0.6766 -0.0035 0.7364
vn 0.3428 0.2589 0.9030
vn 0.3753 -0.1573 0.9135
vn 0.0427 0.2748 0.9606
vn 0.1034 -0.3410 0.9343
vn 0.0446 0.1602 0.9861
vn 0.0377 -0.3506 0.9358
vn -0.0838 0.2391 0.9674
vn -0.1520 -0.2695 0.9509
vn -0.3306 0.2674 0.9051
vn -0.3510 -0.2709 0.8963
vn -0.6803 0.2590 0.6856
vn -0.7132 -0.1394 0.6869
vn -0.9394 0.1206 0.3209
vn -0.9265 -0.1397 0.3495
vn -0.9969 0.0716 0.0321
vn -0.9959 -0.0340 -0.0840
vn -0.9191 0.1600 -0.3601
vn -0.9135 -0.1059 -0.3927
vn -0.7319 0.1357 -0.6677
vn -0.7098 -0.1673 -0.6843
vn -0.3427 0.0959 -0.9345
vn -0.3524 -0.2610 -0.8987
vn -0.0672 0.0553 -0.9962
vn -0.1106 -0.3704 -0.9223
vn -0.0121 0.0092 -0.9999
vn -0.0138 -0.3828 -0.9237
vn 0.0872 0.0472 -0.9951
vn 0.4183 -0.1778 -0.8907
vn 0.3097 0.3512 -0.8836
vn 0.2937 0.9349 -0.1993
vn -0.3699 0.8905 -0.2651
vn -0.1605 0.8888 -0.4293
vn 0.1735 0.8186 -0.5475
vn -0.4861 0.5395 -0.6875
vn -0.0558 0.5527 -0.8315
vn -0.3171 0.0990 -0.9432
vn -0.8016 0.1424 -0.5806
vn -0.9645 0.1019 -0.2436
vn -0.9957 0.0708 0.0591
vn -0.9977 0.0609 0.0307
vn -0.7618 0.0598 -0.6451
vn -0.8031 -0.0693 -0.5918
vn -0.9956 0.0273 0.0901
vn -0.9922 -0.1227 -0.0206
vn -0.6695 -0.1453 -0.7285
vn -0.9835 -0.1580 -0.0877
vn -0.6977 -0.0104 -0.7163
vn -0.9918 0.0733 -0.1044
vn -0.8011 -0.0051 -0.5985
vn -0.9933 0.0798 -0.0839
vn -0.8523 -0.0717 -0.5180
vn -0.9911 -0.0749 -0.1097
vn -0.8034 -0.1793 -0.5677
vn -0.9610 -0.2129 -0.1765
vn -0.6904 -0.2707 -0.6708
vn -0.9350 -0.2829 -0.2140
vn -0.6435 -0.3098 -0.7000
vn -0.9650 -0.1169 -0.2349
vn -0.7064 -0.1496 -0.6919
vn -0.9564 0.0107 -0.2918
vn -0.7059 -0.6685 -0.2341
vn -0.0524 -0.9931 -0.1053
vn -0.1509 -0.1252 -0.9806
vn 0.3906 -0.8763 -0.2819
vn 0.5236 -0.1001 -0.8461
vn 0.4531 -0.8563 0.2478
vn 0.9591 -0.0286 -0.2817
vn 0.0860 -0.9888 0.1221
vn 0.5094 -0.8553 -0.0948
vn 0.9638 -0.0256 0.2654
vn 0.5185 -0.8464 -0.1216
vn 0.7009 -0.0635 0.7104
vn 0.2398 -0.9666 0.0899
vn -0.0540 -0.2048 0.9773
vn -0.2868 -0.9565 0.0544
vn -0.5700 -0.1623 0.8055
vn -0.4127 -0.7231 0.5538
vn -0.9665 0.0228 0.2555
vn -0.4851 -0.8499 0.2058
vn -0.9045 -0.1845 0.3845
vn -0.9117 -0.1116 0.3955
vn -0.7082 0.1050 0.6981
vn -0.7149 0.2638 0.6476
vn -0.7111 0.2062 0.6722
vn -0.7227 -0.1408 0.6766
vn -0.8024 -0.1625 0.5743
vn -0.7644 -0.0228 0.6444
vn -0.2146 -0.0609 0.9748
vn -0.7272 0.1145 0.6768
vn -0.0728 0.2380 0.9685
vn -0.8124 0.2794 0.5118
vn 0.1715 0.2012 -0.9644
vn 0.1177 0.1778 -0.9770
vn 0.1993 0.1477 -0.9687
vn 0.2249 0.1428 -0.9639
vn -0.6220 0.0699 -0.7799
vn -0.8486 0.1471 -0.5081
vn -0.9922 0.0980 -0.0776
vn 0.9938 -0.0013 0.1115
vn 0.9606 0.0678 -0.2697
vn 0.6154 0.2158 -0.7581
vn -0.1046 -0.8466 -0.5219
vn 0.0388 -0.9903 0.1337
vn 0.2783 -0.7649 0.5809
vn -0.0502 -0.9850 -0.1648
vn 0.0099 -0.9613 0.2755
vn 0.6153 -0.6970 0.3682
vn 0.0035 -0.9867 0.1624
vn 0.5725 -0.7816 -0.2476
vn 0.0424 -0.9991 -0.0097
vn -0.0570 -0.9642 0.2590
vn 0.1539 -0.9835 -0.0951
vn -0.0203 -0.9203 -0.3907
vn -0.5527 -0.7593 -0.3435
vn -0.3888 -0.8776 -0.2805
vn -0.6536 -0.7310 -0.1959
vn -0.7065 -0.6982 0.1160
vn -0.5432 -0.8220 -0.1709
vn 0.5244 -0.8375 0.1536
vn 0.5260 -0.8155 -0.2414
vn 0.6067 -0.4586 -0.6493
vn 0.1311 -0.9211 -0.3667
vn 0.1605 0.8888 -0.4293
vn 0.4963 0.8225 -0.2777
vn -0.2708 0.9398 -0.2084
vn -0.1735 0.8186 -0.5475
vn 0.3890 -0.9187 0.0679
vn 0.5001 -0.8654 0.0308
vn 0.3368 -0.9178 0.2101
vn -0.0000 -0.9613 0.2754
vn -0.2075 -0.8490 -0.4860
vn -0.2674 -0.9564 0.1178
vn -0.2693 -0.7706 -0.5777
vn -0.5467 -0.4201 0.7243
vn 0.5566 -0.8288 -0.0576
vn 0.5681 -0.8229 0.0014
vn 0.5219 -0.8476 0.0958
vn 0.0978 -0.6589 -0.7458
vn -0.3528 -0.9325 -0.0774
vn -0.4109 -0.4019 -0.8183
vn 0.3823 -0.5047 -0.7740
vn 0.7163 -0.4422 -0.5398
vn 0.8216 -0.5692 0.0327
vn 0.7070 -0.7063 0.0370
vn -0.3571 -0.9338 0.0214
vn 0.7010 -0.7012 0.1303
vn -0.6343 -0.7731 0.0018
vn 0.6107 -0.7489 0.2572
vn -0.5300 -0.8392 -0.1216
vn 0.4520 -0.8451 0.2855
vn -0.5272 -0.8498 0.0002
vn 0.2374 -0.8308 0.5034
vn -0.4322 -0.8553 0.2858
vn -0.2924 -0.5760 0.7634
vn -0.0688 -0.9203 0.3850
vn -0.5305 -0.8468 -0.0381
vn -0.1044 -0.9918 0.0734
vn -0.5509 -0.8308 0.0794
vn -0.4652 -0.8847 -0.0296
vn -0.4719 -0.8810 0.0346
vn -0.0978 -0.6589 -0.7458
vn 0.4109 -0.4019 -0.8183
vn 0.3203 -0.9435 -0.0843
vn -0.3823 -0.5047 -0.7740
vn -0.6390 -0.5998 -0.4816
vn -0.5864 -0.8035 0.1031
vn 0.6169 -0.7850 0.0567
vn -0.7975 -0.5947 0.1017
vn -0.8826 -0.4601 -0.0966
vn -0.1585 0.9566 -0.2447
vn -0.4450 0.8511 -0.2786
vn -0.4044 0.7871 -0.4658
vn -0.2349 0.9577 -0.1665
vn -0.6912 0.7214 0.0431
vn -0.6513 0.7582 0.0298
vn -0.9669 0.2261 0.1181
vn -0.9811 0.0933 0.1693
vn -0.9984 0.0118 -0.0559
vn -0.8283 -0.0109 -0.5602
vn -0.9557 0.2917 -0.0386
vn -0.4624 0.7341 -0.4972
vn -0.4838 0.1144 -0.8676
vn -0.4245 -0.0633 -0.9032
vn 0.2494 -0.5527 -0.7952
vn -0.3803 -0.2972 -0.8758
vn 0.3097 -0.2120 -0.9269
vn -0.5028 0.2281 -0.8338
vn -0.6814 0.3827 -0.6239
vn -0.4492 0.7885 -0.4201
vn 0.2722 0.7064 -0.6534
vn 0.6367 0.3454 -0.6895
vn -0.2573 0.7909 -0.5552
vn 0.6147 -0.0696 0.7857
vn 0.5017 0.0502 0.8636
vn 0.6830 0.1880 0.7058
vn 0.9732 0.0130 0.2297
vn 0.9727 0.1790 0.1476
vn 0.9663 0.0332 -0.2554
vn 0.8759 0.3569 -0.3246
vn 0.7130 0.1171 -0.6913
vn 0.4484 0.5087 -0.7350
vn 0.0723 0.0978 -0.9926
vn 0.6613 -0.0942 -0.7442
vn -0.2105 -0.1461 -0.9666
vn -0.5358 -0.1175 -0.8361
vn -0.4804 -0.0644 -0.8747
vn -0.6028 -0.1636 -0.7809
vn -0.7701 -0.1591 -0.6177
vn -0.4002 -0.0068 -0.9164
vn -0.3089 -0.2518 -0.9172
vn -0.1773 -0.3825 -0.9068
vn 0.4419 -0.3538 -0.8244
vn 0.9143 -0.2435 -0.3235
vn 0.9641 -0.1365 0.2277
vn 0.5695 -0.2119 0.7942
vn -0.1051 -0.1260 0.9864
vn -0.5745 -0.0746 0.8151
vn -0.6850 -0.0622 0.7259
vn -0.1118 0.0763 0.9908
vn 0.5916 0.0025 0.8062
vn 0.9803 -0.0500 0.1912
vn 0.9294 -0.1382 -0.3423
vn 0.4677 -0.2285 -0.8538
vn 0.7129 -0.0214 -0.7009
vn 0.9401 -0.1191 -0.3194
vn 0.9998 -0.0071 0.0166
vn 0.6171 0.1666 0.7690
vn -0.0636 0.2185 0.9738
vn -0.0707 0.3317 0.9407
vn -0.0663 0.2927 0.9539
vn 0.0958 -0.0247 0.9951
vn -0.1148 -0.2237 0.9679
vn 0.5818 -0.2051 0.7870
vn 0.9796 -0.1824 0.0841
vn 0.9898 -0.0611 -0.1284
vn 0.9492 0.0087 -0.3144
vn 0.8324 -0.1253 0.5398
vn 0.9105 -0.1029 -0.4005
vn 0.8015 -0.0450 -0.5964
vn 0.5244 -0.1376 -0.8403
vn -0.1675 -0.1075 -0.9800
vn -0.2527 -0.0816 -0.9641
vn -0.3044 -0.2787 -0.9109
vn -0.3011 -0.4405 -0.8457
vn -0.2562 -0.2631 -0.9301
vn 0.5870 -0.1122 -0.8018
vn 0.8938 -0.0868 -0.4400
vn 0.9820 0.1034 -0.1582
vn 0.6275 0.3320 0.7043
vn 0.5669 0.2348 0.7896
vn 0.9756 0.0947 -0.1983
vn 0.8422 -0.0224 -0.5387
vn 0.6578 -0.2749 -0.7012
vn 0.5546 -0.2299 -0.7998
vn 0.7975 -0.0023 -0.6033
vn 0.5872 -0.0598 -0.8072
vn -0.8333 0.5243 -0.1752
vn -0.9318 0.0549 -0.3587
vn -0.9816 -0.1886 0.0304
vn -0.9977 0.0113 -0.0666
vn -0.2494 -0.5527 -0.7952
vn -0.3097 -0.2120 -0.9269
vn -0.4838 0.3123 -0.8175
vn -0.3984 0.6908 -0.6034
vn -0.8349 0.4620 -0.2990
vn -0.9630 -0.2197 -0.1559
vn -0.9811 -0.1781 -0.0757
vn -0.8914 0.1440 0.4297
vn -0.3168 0.2030 0.9265
vn 0.5400 0.1935 0.8191
vn 0.8993 -0.0133 0.4370
vn 0.5913 -0.2522 0.7660
vn -0.0751 -0.2015 0.9766
vn -0.7792 -0.2721 0.5647
vn 0.9228 0.2284 0.3102
vn 0.9781 0.1873 0.0906
vn 0.9725 0.0825 0.2179
vn 0.9929 0.0023 -0.1190
vn 0.8283 -0.0109 -0.5602
vn 0.9557 0.2917 -0.0386
vn 0.6513 0.7582 0.0298
vn 0.6912 0.7214 0.0431
vn 0.8675 0.4927 0.0691
vn 0.4730 0.8246 -0.3105
vn 0.2800 0.8386 -0.4672
vn 0.1570 0.9609 -0.2281
vn 0.2349 0.9577 -0.1665
vn 0.4624 0.7341 -0.4972
vn 0.4994 0.1214 -0.8578
vn 0.4197 -0.0188 -0.9075
vn 0.3803 -0.2972 -0.8758
vn 0.5028 0.2281 -0.8338
vn 0.6715 0.5385 -0.5089
vn 0.4492 0.7885 -0.4201
vn 0.3079 0.6001 -0.7383
vn -0.2051 -0.8371 -0.5071
vn -0.1158 -0.9800 -0.1616
vn -0.1692 -0.8900 -0.4234
vn 0.0789 -0.8423 -0.5332
vn 0.0000 -0.9904 -0.1381
vn -0.0252 -0.9893 0.1434
vn 0.0814 -0.9695 0.2313
vn 0.0858 -0.8585 0.5056
vn 0.1575 -0.7655 0.6239
vn 0.1616 -0.5319 0.8312
vn 0.1859 -0.4611 0.8676
vn 0.1096 -0.1090 0.9880
vn 0.1319 0.0986 0.9863
vn -0.0451 0.4516 0.8911
vn -0.0489 0.4533 0.8900
vn -0.1969 0.5499 0.8117
vn -0.1838 0.5877 0.7879
vn -0.1640 0.8181 0.5512
vn 0.0453 0.9545 0.2948
vn -0.0896 0.9914 -0.0950
vn -0.0694 0.9446 -0.3207
vn -0.2423 0.7379 -0.6299
vn -0.3501 0.6962 -0.6267
vn -0.3402 0.4793 -0.8091
vn -0.2533 0.3489 -0.9023
vn -0.3009 0.1182 -0.9463
vn -0.1172 -0.0231 -0.9928
vn -0.2347 -0.2259 -0.9454
vn -0.0304 -0.3826 -0.9234
vn -0.1623 -0.6241 -0.7643
vn 0.0623 -0.6230 -0.7797
vn -0.2478 -0.7067 -0.6628
vn 0.1440 -0.7541 -0.6407
vn 0.1671 -0.9204 -0.3536
vn 0.2019 -0.9117 -0.3579
vn 0.2856 -0.8055 -0.5193
vn 0.2619 -0.5823 -0.7696
vn 0.2606 -0.3793 -0.8878
vn 0.3197 0.0147 -0.9474
vn 0.1413 0.2216 -0.9648
vn 0.2681 0.5459 -0.7938
vn 0.1460 0.7627 -0.6301
vn 0.0681 0.7505 -0.6573
vn 0.0880 0.8604 -0.5020
vn -0.0281 0.8993 -0.4364
vn 0.0340 0.9961 -0.0811
vn 0.0392 0.8707 0.4903
vn 0.1850 0.8615 0.4729
vn 0.2394 0.6934 0.6796
vn 0.1741 0.7024 0.6902
vn -0.0462 0.6893 0.7230
vn 0.0996 0.5700 0.8156
vn -0.0282 0.5313 0.8467
vn 0.0274 0.1875 0.9819
vn -0.1122 0.0770 0.9907
vn 0.0520 -0.3461 0.9367
vn -0.0209 -0.4593 0.8880
vn 0.0521 -0.6432 0.7639
vn 0.0545 -0.6824 0.7289
vn 0.1800 -0.8981 0.4013
vn -0.0249 -0.9908 0.1330
vn 0.1658 -0.3887 0.9063
vn 0.1437 0.0623 0.9877
vn 0.0761 0.5367 0.8403
vn -0.2137 0.8146 0.5392
vn -0.1893 0.9546 -0.2298
vn -0.2371 0.6086 -0.7572
vn -0.1717 0.4800 -0.8603
vn 0.0030 0.1436 -0.9896
vn -0.0841 -0.4553 -0.8864
vn 0.1375 0.6466 0.7503
vn 0.1804 0.1486 0.9723
vn 0.2350 -0.4280 0.8727
vn 0.9326 -0.0059 -0.3609
vn 0.9634 0.0887 0.2529
vn 0.9459 -0.1455 -0.2901
vn 0.7016 -0.0684 0.7093
vn 0.1887 -0.2353 0.9534
vn -0.6222 -0.0753 0.7792
vn -0.9462 0.0008 0.3236
vn -0.9705 -0.0134 -0.2406
vn -0.4073 -0.1446 -0.9018
vn 0.2112 -0.1336 -0.9683
vn 0.6884 -0.1889 -0.7003
vn 0.6729 -0.2658 -0.6904
vn 0.7046 -0.2059 -0.6791
vn 0.8952 -0.2448 -0.3725
vn 0.7740 -0.1880 -0.6046
vn 0.9650 -0.2322 -0.1220
vn 0.8173 -0.1228 -0.5630
vn 0.9971 -0.0744 -0.0134
vn 0.8126 -0.0111 -0.5827
vn 0.9930 0.1181 0.0061
vn 0.9912 0.0702 -0.1127
vn 0.5921 -0.0209 -0.8056
vn 0.6064 -0.1570 -0.7795
vn 0.5677 -0.0654 -0.8207
vn 0.2406 -0.3219 -0.9157
vn 0.0743 -0.0884 -0.9933
vn -0.6185 -0.2086 -0.7576
vn -0.6980 -0.0481 -0.7145
vn -0.8651 -0.0581 -0.4982
vn -0.7574 0.0133 -0.6528
vn -0.9751 0.1179 -0.1878
vn -0.9891 0.1214 -0.0833
vn -0.6307 0.3342 0.7004
vn -0.5725 0.2356 0.7853
vn -0.0094 0.3319 0.9433
vn 0.0930 0.2723 0.9577
vn 0.6728 0.2971 0.6776
vn 0.7011 0.2049 0.6830
vn 0.8264 0.0861 0.5565
vn 0.9056 -0.1157 0.4081
vn 0.9065 -0.1322 0.4009
vn 0.5945 -0.0680 0.8012
vn 0.0958 -0.1493 0.9841
vn -0.5765 -0.2274 0.7848
vn -0.9690 -0.1274 0.2117
vn -0.9615 -0.1993 -0.1892
vn -0.5752 -0.3506 -0.7391
vn 0.1257 -0.3561 -0.9260
vn 0.3240 -0.2113 -0.9221
vn 0.4164 -0.0243 -0.9089
vn 0.7723 -0.1698 -0.6121
vn 0.4252 -0.3928 -0.8154
vn -0.4548 -0.3816 -0.8047
vn -0.9087 -0.1752 -0.3788
vn -0.9944 -0.0357 -0.0996
vn -0.7441 0.1532 0.6502
vn 0.0860 0.2094 0.9740
vn 0.6423 -0.0211 0.7662
vn 0.1071 0.0735 0.9915
vn -0.4676 0.0214 0.8837
vn -0.9519 -0.0431 0.3032
vn -0.9451 -0.0693 -0.3193
vn -0.5831 -0.2053 -0.7860
vn 0.2950 -0.2925 -0.9096
vn -0.5596 0.0477 -0.8274
vn -0.4563 -0.1744 -0.8726
vn -0.8574 -0.2946 -0.4220
vn 0.9494 -0.0510 -0.3100
vn 0.9912 -0.1256 0.0409
vn 0.7708 0.5928 -0.2332
vn -0.0921 -0.3451 -0.9340
vn 0.4139 -0.2139 -0.8848
vn -0.1192 -0.3070 -0.9442
vn -0.3912 -0.2894 -0.8736
vn -0.7357 -0.0826 -0.6722
vn -0.9480 -0.0856 -0.3065
vn -0.9957 -0.0051 -0.0921
vn -0.9332 0.0115 0.3592
vn -0.7083 0.0271 0.7054
vn -0.4065 -0.1196 0.9058
vn -0.1567 -0.2245 0.9618
vn 0.0001 -0.1866 0.9824
vn 0.1652 -0.2272 0.9597
vn 0.4281 -0.2595 0.8657
vn 0.6774 -0.0825 0.7309
vn 0.9490 -0.0118 0.3149
vn 0.9993 -0.0043 -0.0361
vn 0.9328 -0.0941 -0.3478
vn 0.7488 -0.2086 -0.6291
vn 0.4248 -0.2109 -0.8804
vn -0.0464 -0.2879 -0.9565
vn -0.1609 -0.3878 -0.9076
vn 0.0686 0.5410 0.8382
vn 0.3456 0.5433 0.7651
vn -0.0451 0.5295 0.8471
vn 0.4528 0.5738 0.6825
vn 0.7835 0.5173 0.3442
vn 0.6765 0.7136 0.1820
vn 0.8441 0.3496 -0.4066
vn 0.5549 0.5857 -0.5908
vn 0.7662 0.2661 -0.5849
vn 0.6482 0.5407 -0.5362
vn 0.8627 0.2924 -0.4126
vn 0.6651 0.4319 -0.6092
vn 0.4706 0.0827 -0.8785
vn 0.2601 0.3000 -0.9178
vn 0.1684 -0.0090 -0.9857
vn 0.1613 0.2105 -0.9642
vn 0.0999 -0.0296 -0.9946
vn -0.0744 0.0830 -0.9938
vn -0.2020 -0.0175 -0.9792
vn -0.0830 0.1529 -0.9848
vn -0.2940 0.0321 -0.9553
vn -0.3294 0.2953 -0.8968
vn -0.7793 0.2089 -0.5908
vn -0.6737 0.4788 -0.5630
vn -0.8292 0.3028 -0.4699
vn -0.5853 0.4713 -0.6598
vn -0.7184 0.2840 -0.6350
vn -0.6670 0.5878 -0.4578
vn -0.8814 0.4599 0.1076
vn -0.6580 0.6752 0.3333
vn -0.5152 0.5325 0.6716
vn -0.3425 0.5471 0.7638
vn 0.2408 -0.1204 -0.9631
vn 0.9165 0.0441 -0.3975
vn 0.4861 0.5395 -0.6875
vn 0.0558 0.5527 -0.8315
vn 0.3223 0.1022 -0.9411
vn 0.8016 0.1424 -0.5806
vn 0.9591 0.1176 -0.2575
vn 0.9957 0.0708 0.0591
vn 0.9988 0.0487 0.0012
vn 0.7624 0.0769 -0.6426
vn 0.8592 -0.0495 -0.5093
vn 0.9966 0.0354 0.0741
vn 0.9908 -0.1247 -0.0524
vn 0.7376 -0.1304 -0.6626
vn 0.9839 -0.1788 -0.0019
vn 0.5007 -0.0841 -0.8616
vn 0.3556 -0.1104 -0.9281
vn -0.4654 -0.1236 -0.8764
vn -0.7839 -0.0536 -0.6186
vn -0.9068 -0.0953 -0.4107
vn -0.8328 -0.1130 0.5419
vn -0.1667 -0.0579 0.9843
vn 0.6549 -0.0808 0.7514
vn 0.8230 -0.1693 0.5423
vn 0.6889 -0.0171 0.7247
vn 0.1083 -0.2031 0.9732
vn -0.6820 -0.2006 0.7033
vn -0.9818 -0.1757 -0.0719
vn -0.6012 -0.0971 -0.7931
vn 0.2369 -0.1521 -0.9596
vn -0.0723 0.0978 -0.9926
vn -0.7130 0.1171 -0.6913
vn -0.4961 0.3955 -0.7730
vn -0.8236 0.4154 -0.3862
vn -0.9663 0.0332 -0.2554
vn -0.9727 0.1790 0.1476
vn -0.9732 0.0130 0.2297
vn -0.6093 0.2348 0.7574
vn -0.5017 0.0502 0.8636
vn 0.2310 0.2299 0.9454
vn -0.4535 -0.0930 0.8864
vn 0.1570 -0.0353 0.9870
vn 0.7654 0.1227 0.6318
vn 0.8635 0.2363 0.4456
vn -0.9781 -0.1476 0.1466
vn -0.9269 -0.0464 -0.3724
vn -0.4768 -0.3762 0.7944
vn -0.9554 -0.2882 -0.0639
vn -0.7351 -0.6078 -0.3003
vn -0.4246 -0.4653 0.7767
vn -0.6760 -0.5597 0.4793
vn -0.9356 -0.1330 -0.3271
vn -0.5760 -0.3842 0.7215
vn -0.8973 0.4029 -0.1805
vn -0.8287 0.3529 -0.4345
vn -0.9819 -0.0761 -0.1732
vn -0.8375 0.5351 -0.1105
vn -0.9708 -0.2260 0.0806
vn -0.7202 0.6298 0.2909
vn -0.8419 0.5159 0.1584
vn -0.8822 -0.2875 -0.3729
vn -0.9157 -0.4010 -0.0260
vn -0.6669 -0.0866 -0.7401
vn -0.6599 -0.3104 -0.6842
vn -0.8610 -0.4279 -0.2750
vn 0.0112 -0.1755 -0.9844
vn -0.0933 -0.1790 -0.9794
vn 0.0784 -0.1670 -0.9828
vn 0.0177 -0.1033 -0.9945
vn -0.1788 -0.0528 -0.9825
vn 0.0067 0.0971 -0.9953
vn -0.1872 0.1823 -0.9653
vn 0.0363 0.0228 -0.9991
vn -0.1050 -0.1899 -0.9762
vn 0.1891 -0.2152 -0.9581
vn -0.0053 -0.0331 -0.9994
vn 0.1563 0.0782 -0.9846
vn 0.1795 0.1498 -0.9723
vn -0.0177 0.1835 -0.9829
vn 0.0705 0.4656 -0.8822
vn -0.0096 0.5027 -0.8644
vn 0.0375 0.6817 -0.7307
vn 0.0375 0.7200 -0.6930
vn 0.1583 0.8169 -0.5546
vn -0.0403 0.8110 -0.5837
vn -0.0130 0.6678 -0.7442
vn 0.0820 0.7146 -0.6947
vn -0.1519 0.8466 -0.5101
vn -0.2022 0.6849 -0.7000
vn -0.3671 0.7573 -0.5400
vn -0.2891 0.8250 -0.4856
vn -0.1757 0.6941 -0.6981
vn -0.1813 0.5560 -0.8112
vn -0.1507 0.2654 -0.9523
vn -0.0755 -0.2015 -0.9766
vn 0.6768 -0.0387 -0.7351
vn 0.3607 0.5954 -0.7179
vn 0.5682 0.6180 -0.5434
vn 0.5393 0.7983 -0.2681
vn 0.1635 0.8294 -0.5342
vn -0.0873 0.5691 -0.8176
vn -0.0792 0.5005 -0.8621
vn -0.3286 0.3455 -0.8790
vn -0.6514 0.2756 -0.7069
vn -0.8782 0.3171 -0.3582
vn -0.9742 0.1912 -0.1200
vn -0.9476 0.1546 0.2795
vn -0.6757 0.1794 0.7150
vn -0.4230 0.1750 0.8891
vn -0.1601 0.2659 0.9506
vn -0.0216 0.2896 0.9569
vn 0.1204 0.2999 0.9463
vn 0.3102 0.2009 0.9292
vn 0.5914 0.1549 0.7914
vn 0.8884 0.1353 0.4387
vn 0.9946 0.1027 0.0160
vn 0.9401 0.2068 -0.2709
vn 0.7261 0.2586 -0.6371
vn 0.1492 0.3269 -0.9332
vn -0.2305 0.3074 -0.9232
vn -0.4064 0.4175 -0.8128
vn 0.0904 0.6792 -0.7283
vn 0.5306 0.5563 -0.6395
vn 0.8313 0.3551 -0.4276
vn 0.8925 0.4352 -0.1183
vn 0.8594 0.4254 0.2836
vn 0.5928 0.4544 0.6649
vn 0.2852 0.5214 0.8043
vn 0.0762 0.5272 0.8463
vn 0.0234 0.5896 0.8074
vn -0.0907 0.5594 0.8239
vn -0.2341 0.5282 0.8162
vn -0.6043 0.4398 0.6643
vn -0.7889 0.5145 0.3360
vn -0.9387 0.3145 -0.1414
vn -0.8351 0.3020 -0.4599
vn -0.9304 0.2749 0.2425
vn -0.5137 0.3612 -0.7782
vn -0.1037 0.7348 -0.6703
vn -0.0351 0.8108 -0.5843
vn -0.0786 0.7707 -0.6323
vn -0.0531 0.9489 0.3112
vn -0.0380 0.9320 0.3604
vn 0.0018 0.9487 0.3162
vn 0.0111 0.9227 0.3854
vn 0.1201 0.9325 0.3407
vn 0.5292 0.4647 0.7099
vn 0.7950 0.5246 0.3045
vn 0.8950 0.4159 -0.1613
vn 0.8145 0.3550 -0.4588
vn 0.5228 0.4553 -0.7207
vn -0.8675 0.4927 0.0691
vn -0.9228 0.2284 0.3102
vn -0.6107 -0.7489 0.2572
vn -0.8994 -0.0133 0.4370
vn -0.4520 -0.8451 0.2855
vn -0.5913 -0.2522 0.7660
vn -0.2374 -0.8308 0.5034
vn 0.0751 -0.2015 0.9766
vn 0.2923 -0.5760 0.7634
vn 0.7427 -0.2466 0.6225
vn 0.5679 -0.7804 0.2615
vn 0.9748 -0.2220 0.0228
vn 0.5347 -0.8411 -0.0814
vn 0.9567 -0.2081 -0.2035
vn 0.5601 -0.8228 -0.0965
vn 0.9840 -0.1720 -0.0461
vn 0.4965 -0.8680 0.0000
vn 0.8718 0.4266 -0.2409
vn 0.8475 0.1990 0.4921
vn 0.1771 0.1905 0.9656
vn -0.5879 0.1492 0.7951
vn -0.3798 0.9174 0.1187
vn -0.3614 0.6929 -0.6239
vn -0.0540 0.6013 -0.7972
vn 0.0993 0.7242 -0.6824
vn 0.2325 0.7997 -0.5536
vn 0.1548 0.7021 -0.6951
vn -0.0230 0.7867 -0.6169
vn 0.0101 0.7528 -0.6582
vn 0.1866 0.8312 -0.5238
vn 0.0973 0.8779 -0.4689
vn 0.2350 0.9719 -0.0149
vn 0.3127 0.9485 -0.0500
vn -0.0086 0.1145 -0.9934
vn -0.0069 -0.0670 -0.9977
vn 0.0274 -0.1868 -0.9820
vn 0.2120 -0.0374 -0.9766
vn 0.4724 -0.1349 -0.8710
vn 0.4530 0.1941 -0.8701
vn 0.6492 -0.0769 -0.7568
vn 0.9022 -0.2070 -0.3785
vn 0.9669 -0.1407 -0.2127
vn 0.9387 -0.3060 0.1588
vn 0.6289 -0.3683 0.6847
vn 0.3738 -0.3402 0.8628
vn 0.2471 -0.1617 0.9554
vn 0.2378 -0.4266 0.8726
vn 0.0510 -0.3218 0.9454
vn -0.0010 -0.4722 0.8815
vn -0.3244 -0.2764 0.9046
vn -0.3678 -0.4310 0.8240
vn -0.1554 -0.4118 0.8979
vn -0.0302 -0.5236 0.8514
vn 0.5118 -0.4009 0.7598
vn 0.0220 -0.3821 0.9239
vn 0.3431 -0.3062 0.8880
vn 0.0630 -0.4411 0.8953
vn 0.2177 -0.4743 0.8530
vn 0.3011 -0.3057 0.9033
vn -0.0441 -0.1555 0.9869
vn 0.2301 0.0802 0.9699
vn -0.0049 0.0928 0.9957
vn 0.1612 0.2724 0.9486
vn -0.0714 0.3649 0.9283
vn 0.0308 0.6447 0.7638
vn -0.1864 0.5994 0.7785
vn -0.0810 0.9275 0.3649
vn -0.2211 0.8868 0.4058
vn -0.0638 0.9648 0.2552
vn -0.4302 0.7684 0.4738
vn -0.3940 0.6555 0.6443
vn 0.0051 0.5112 0.8595
vn 0.1902 0.5650 0.8029
vn 0.4725 0.6923 0.5455
vn 0.2412 0.8492 0.4697
vn 0.2307 0.8558 0.4631
vn 0.1557 0.6594 0.7354
vn 0.1265 0.6171 0.7766
vn 0.1207 0.3657 0.9229
vn 0.1437 0.3753 0.9157
vn 0.1136 0.1151 0.9868
vn 0.2130 0.0667 0.9748
vn 0.1866 -0.2996 0.9356
vn 0.2973 -0.3453 0.8902
vn 0.3786 -0.3085 0.8726
vn 0.5363 -0.5994 0.5943
vn 0.7584 -0.2824 0.5874
vn 0.8771 -0.4747 -0.0730
vn 0.9316 -0.2483 -0.2654
vn 0.7553 -0.3513 -0.5533
vn 0.9467 -0.1215 -0.2984
vn 0.9348 -0.3170 -0.1603
vn 0.9848 -0.1738 -0.0019
vn 0.9916 0.0357 -0.1241
vn 0.7857 -0.5173 -0.3392
vn 0.9261 -0.1082 -0.3614
vn 0.8280 -0.4215 -0.3698
vn 0.9098 -0.2237 -0.3497
vn 0.7327 -0.1745 -0.6578
vn 0.8848 0.0705 -0.4606
vn 0.7049 0.0129 -0.7092
vn 0.7667 0.3266 -0.5528
vn 0.4876 0.2888 -0.8239
vn 0.4451 0.6257 -0.6407
vn 0.2394 0.5667 -0.7884
vn 0.1484 0.8200 -0.5528
vn 0.0888 0.7235 -0.6846
vn 0.1454 0.8304 -0.5379
vn -0.1109 0.8310 -0.5451
vn -0.0615 0.7015 -0.7100
vn -0.0279 0.5562 -0.8306
vn -0.1818 0.1746 -0.9677
vn -0.2747 -0.1050 -0.9558
vn -0.0386 -0.1825 -0.9824
vn 0.2335 -0.2448 -0.9410
vn 0.2621 0.2832 -0.9225
vn 0.1903 0.5929 -0.7825
vn 0.1620 0.6996 -0.6959
vn 0.4667 0.4900 -0.7363
vn 0.6711 0.1226 -0.7311
vn 0.7425 -0.3590 -0.5655
vn 0.7778 -0.2553 -0.5743
vn 0.8881 0.1230 -0.4429
vn 0.9600 -0.0747 -0.2700
vn 0.9235 -0.3396 -0.1782
vn 0.9170 -0.3952 -0.0534
vn 0.6608 -0.5260 0.5354
vn 0.3262 -0.5566 0.7641
vn 0.3279 -0.3168 0.8900
vn 0.0751 -0.3798 0.9220
vn -0.2277 -0.3257 0.9176
vn -0.1870 0.0965 0.9776
vn -0.0989 0.3190 0.9426
vn -0.0053 0.6122 0.7907
vn 0.0728 0.7096 0.7009
vn 0.0612 0.5549 0.8297
vn -0.1643 0.6663 0.7274
vn -0.0531 0.5566 0.8291
vn -0.0000 0.3351 0.9422
vn 0.0137 0.1152 0.9932
vn 0.0493 -0.1761 0.9831
vn -0.2317 -0.3473 0.9087
vn 0.0450 -0.3346 0.9413
vn -0.2917 -0.4205 0.8591
vn 0.3975 -0.1838 -0.8990
vn 0.0633 0.1178 -0.9910
vn 0.0478 -0.0788 -0.9957
vn 0.3985 -0.2399 -0.8852
vn 0.6820 -0.3562 -0.6387
vn 0.6868 -0.1037 -0.7194
vn 0.6910 0.1358 -0.7100
vn 0.4123 0.0823 -0.9073
vn 0.3464 -0.1393 -0.9277
vn 0.2938 -0.5004 -0.8144
vn -0.0635 -0.7576 -0.6497
vn -0.0943 -0.8678 -0.4880
vn -0.2165 -0.8293 -0.5152
vn -0.0822 -0.9303 -0.3574
vn 0.0496 -0.8779 -0.4763
vn 0.0612 -0.9603 -0.2721
vn 0.0717 -0.4869 -0.8705
vn 0.0303 0.1647 -0.9859
vn -0.0010 0.6750 -0.7378
vn 0.0263 0.8966 -0.4421
vn 0.0338 0.9777 -0.2073
vn 0.1031 0.9099 0.4019
vn 0.1730 0.6211 0.7644
vn 0.1237 0.2741 0.9537
vn 0.1033 -0.0024 0.9946
vn 0.1498 -0.5269 0.8366
vn 0.1601 -0.8435 0.5127
vn 0.1830 -0.9796 -0.0835
vn 0.0567 -0.9984 -0.0076
vn 0.0210 -0.7859 0.6180
vn 0.0363 -0.2047 0.9782
vn 0.0845 0.0472 0.9953
vn 0.1303 0.2689 0.9543
vn 0.2303 0.6367 0.7359
vn 0.2225 0.9453 0.2387
vn 0.2455 0.8764 -0.4144
vn 0.2895 0.7408 -0.6062
vn 0.1672 0.5312 -0.8306
vn -0.0238 0.0956 -0.9951
vn -0.1497 -0.6815 -0.7163
vn 0.1699 0.1724 -0.9703
vn 0.3961 0.5116 -0.7625
vn 0.3961 0.6878 -0.6083
vn 0.3919 0.8766 -0.2793
vn 0.4860 0.8158 0.3135
vn 0.3878 0.5248 0.7577
vn 0.3235 0.1907 0.9268
vn 0.2800 -0.1590 0.9467
vn 0.1553 -0.7733 0.6147
vn 0.3535 -0.1164 0.9282
vn 0.3254 0.1208 0.9378
vn 0.1768 -0.9810 -0.0794
vn -0.1537 -0.9857 -0.0689
vn 0.3359 0.3603 0.8702
vn 0.2562 0.5247 0.8118
vn 0.1469 0.8488 0.5078
vn 0.2576 0.9654 0.0397
vn 0.1334 0.9217 -0.3643
vn -0.0286 0.8229 -0.5675
vn -0.0827 0.7220 -0.6869
vn 0.0255 0.8624 -0.5056
vn 0.0380 0.9608 -0.2748
vn 0.0986 0.9913 0.0874
vn 0.2371 0.7443 0.6244
vn 0.3526 0.4415 0.8251
vn 0.3424 0.3966 0.8517
vn 0.3179 0.6117 0.7244
vn 0.3622 0.9197 0.1514
vn 0.1965 0.9236 -0.3291
vn 0.2623 0.8153 -0.5162
vn 0.1173 0.7350 -0.6678
vn -0.0126 0.6767 -0.7362
vn -0.0925 0.6372 -0.7652
vn -0.0094 0.5419 -0.8404
vn 0.1885 0.3133 -0.9308
vn 0.3667 0.0188 -0.9301
vn 0.3283 0.1197 -0.9370
vn 0.1969 0.3908 -0.8992
vn 0.0356 0.5236 -0.8512
vn -0.0877 -0.9680 0.2353
vn 0.0242 -0.9899 0.1394
vn -0.1051 -0.8328 0.5436
vn 0.0182 -0.9914 0.1293
vn 0.1005 -0.9814 -0.1635
vn -0.0622 -0.8314 -0.5523
vn 0.1720 -0.8321 -0.5273
vn 0.1917 -0.9204 -0.3407
vn -0.1350 -0.8877 -0.4403
vn -0.1743 -0.8767 0.4484
vn -0.0289 -0.9189 -0.3935
vn -0.0347 -0.9961 0.0815
vn -0.1674 -0.6061 0.7776
vn -0.2890 -0.7164 0.6351
vn 0.0618 -0.9186 -0.3904
vn 0.1666 -0.9811 -0.0984
vn 0.2305 -0.8069 -0.5438
vn -0.1286 -0.9340 -0.3333
vn -0.0011 -0.7765 -0.6302
vn -0.1225 -0.9293 -0.3484
vn -0.1715 -0.8067 0.5656
vn -0.1960 -0.5704 0.7976
vn -0.1661 -0.4824 0.8601
vn -0.1744 -0.1384 0.9749
vn -0.0885 0.0123 0.9960
vn -0.0873 0.3713 0.9244
vn 0.0878 0.4548 0.8863
vn 0.1379 0.5898 0.7957
vn 0.2483 0.5457 0.8004
vn 0.0513 0.6695 0.7411
vn -0.0825 0.5390 0.8383
vn -0.1375 0.6466 0.7503
vn -0.0120 0.5974 0.8018
vn 0.0234 0.7486 0.6626
vn 0.0053 0.4879 0.8729
vn 0.0715 0.0663 0.9952
vn 0.0033 0.1038 0.9946
vn 0.0296 -0.3323 0.9427
vn 0.0052 -0.5224 0.8527
vn -0.0379 -0.6865 0.7261
vn 0.0519 -0.6129 0.7885
vn -0.6506 -0.5392 0.5348
vn -0.1479 0.3087 0.9396
vn -0.0235 0.7093 0.7045
vn 0.0700 0.7991 0.5971
vn 0.1012 0.8686 0.4851
vn 0.2101 0.9000 0.3820
vn 0.2463 0.9151 -0.3191
vn 0.0995 0.9024 -0.4193
vn -0.0619 0.7362 -0.6739
vn -0.4018 0.7861 -0.4696
vn -0.2953 0.6111 -0.7344
vn -0.0903 0.5036 -0.8592
vn -0.1996 0.1640 -0.9661
vn 0.0064 0.1246 -0.9922
vn -0.2504 -0.3802 -0.8904
vn -0.3108 -0.8595 -0.4057
vn -0.2045 -0.7956 -0.5702
vn -0.1897 -0.8350 -0.5166
vn 0.0591 -0.6875 -0.7238
vn 0.0650 -0.9184 -0.3902
vn 0.1999 -0.5700 -0.7970
vn 0.0964 -0.9629 0.2522
vn -0.3303 -0.8861 -0.3252
vn -0.3426 -0.7204 0.6030
vn -0.1977 -0.3727 0.9066
vn -0.1283 0.1388 0.9820
vn -0.1962 0.1439 0.9700
vn -0.1672 -0.4267 0.8888
vn 0.1440 0.8094 0.5693
vn 0.1739 0.8189 0.5469
vn -0.0457 0.9534 0.2983
vn 0.0419 0.9848 -0.1688
vn 0.0690 0.9458 -0.3174
vn 0.2314 0.7406 -0.6308
vn 0.3639 0.6990 -0.6157
vn 0.3423 0.4836 -0.8056
vn 0.2906 0.3496 -0.8907
vn 0.3000 0.1171 -0.9467
vn 0.1327 -0.0260 -0.9908
vn 0.2271 -0.2509 -0.9410
vn 0.0505 -0.4116 -0.9099
vn 0.1504 -0.6155 -0.7737
vn 0.0000 -0.6340 -0.7733
vn 0.1693 -0.7145 -0.6789
vn -0.0348 -0.4375 -0.8986
vn -0.0157 0.1436 -0.9895
vn 0.1579 0.4810 -0.8624
vn 0.2248 0.6113 -0.7588
vn 0.1902 0.9684 -0.1614
vn -0.6770 -0.2638 -0.6871
vn -0.4528 -0.1512 -0.8787
vn -0.5886 -0.1601 -0.7924
vn -0.4006 0.0081 -0.9162
vn -0.0812 0.0850 -0.9931
vn 0.0764 0.0296 -0.9966
vn -0.0634 -0.0289 -0.9976
vn -0.0485 0.0052 -0.9988
vn -0.0288 -0.0442 -0.9986
vn -0.3106 -0.1300 -0.9416
vn -0.0558 -0.0625 -0.9965
vn -0.0582 -0.0926 -0.9940
vn 0.0103 -0.1755 0.9844
vn 0.0592 0.1110 0.9920
vn -0.0272 -0.1364 0.9903
vn 0.0196 -0.2328 0.9723
vn 0.0619 -0.1884 0.9801
vn 0.0705 -0.3170 0.9458
vn 0.0541 -0.3918 0.9185
vn 0.0009 -0.3334 0.9428
vn -0.2017 -0.3900 0.8984
vn -0.1453 -0.3563 0.9230
vn 0.0020 -0.3734 0.9277
vn 0.1175 -0.2646 0.9572
vn -0.0511 -0.3182 0.9467
vn -0.0546 -0.3346 0.9408
usemtl body.032
s 1
f 1627/2058/1669 1628/2059/1670 1629/2060/1671
f 1628/2059/1670 1627/2058/1669 1630/2061/1672
f 1630/2061/1672 1631/2062/1673 1628/2059/1670
f 1631/2062/1673 1630/2061/1672 1632/2063/1674
f 1632/2063/1674 1633/2064/1675 1631/2062/1673
f 1633/2064/1675 1632/2063/1674 1634/2065/1676
f 1634/2065/1676 1635/2066/1677 1633/2064/1675
f 1635/2066/1677 1634/2065/1676 1636/2067/1678
f 1636/2067/1678 1637/2068/1679 1635/2066/1677
f 1637/2068/1679 1636/2067/1678 1638/2069/1680
f 1638/2069/1680 1639/2070/1681 1637/2068/1679
f 1639/2070/1681 1638/2069/1680 1640/2071/1682
f 1640/2071/1682 1641/2072/1683 1639/2070/1681
f 1641/2072/1683 1640/2071/1682 1642/2073/1684
f 1642/2073/1684 1643/2074/1685 1641/2072/1683
f 1643/2074/1685 1642/2073/1684 1644/2075/1686
f 1644/2075/1686 1645/2076/1687 1643/2074/1685
f 1645/2076/1687 1644/2075/1686 1646/2077/1688
f 1646/2077/1688 1647/2078/1689 1645/2076/1687
f 1647/2078/1689 1646/2077/1688 1648/2079/1690
f 1648/2079/1690 1649/2080/1691 1647/2078/1689
f 1649/2080/1691 1648/2079/1690 1650/2081/1692
f 1650/2081/1692 1651/2082/1693 1649/2080/1691
f 1651/2082/1693 1650/2081/1692 1652/2083/1694
f 1652/2083/1694 1653/2084/1695 1651/2082/1693
f 1653/2084/1695 1652/2083/1694 1654/2085/1696
f 1654/2085/1696 1655/2086/1697 1653/2084/1695
f 1655/2086/1697 1654/2085/1696 1656/2087/1698
f 1656/2087/1698 1657/2088/1699 1655/2086/1697
f 1657/2088/1699 1656/2087/1698 1658/2089/1700
f 1658/2089/1700 1659/2090/1701 1657/2088/1699
f 1659/2090/1701 1658/2089/1700 1660/2091/1702
f 1660/2091/1702 1661/2092/1703 1659/2090/1701
f 1661/2092/1703 1660/2091/1702 1662/2093/1704
f 1662/2093/1704 1663/2094/1705 1661/2092/1703
f 1663/2094/1705 1662/2093/1704 1664/2095/1706
f 1664/2095/1706 1665/2096/1707 1663/2094/1705
f 1665/2096/1707 1664/2095/1706 1666/2097/1708
f 1666/2097/1708 1629/2060/1671 1665/2096/1707
f 1629/2060/1671 1666/2097/1708 1627/2058/1669
f 1667/2098/1709 1668/2099/1710 1669/2100/1711
f 1668/2099/1710 1667/2098/1709 1670/2101/1712
f 1670/2101/1712 1671/2102/1713 1668/2099/1710
f 1671/2102/1713 1670/2101/1712 1672/2103/1714
f 1672/2103/1714 1673/2104/1715 1671/2102/1713
f 1673/2104/1715 1672/2103/1714 1674/2105/1716
f 1674/2105/1716 1675/2106/1717 1673/2104/1715
f 1675/2106/1717 1674/2105/1716 1676/2107/1718
f 1676/2107/1718 1677/2108/1719 1675/2106/1717
f 1677/2108/1719 1676/2107/1718 1678/2109/1720
f 1678/2109/1720 1679/2110/1721 1677/2108/1719
f 1679/2110/1721 1678/2109/1720 1680/2111/1722
f 1680/2111/1722 1681/2112/1723 1679/2110/1721
f 1681/2112/1723 1680/2111/1722 1682/2113/1724
f 1682/2113/1724 1683/2114/1725 1681/2112/1723
f 1683/2114/1725 1682/2113/1724 1684/2115/1726
f 1684/2115/1726 1685/2116/1727 1683/2114/1725
f 1685/2116/1727 1684/2115/1726 1686/2117/1728
f 1686/2117/1728 1687/2118/1729 1685/2116/1727
f 1687/2118/1729 1686/2117/1728 1688/2119/1730
f 1688/2119/1730 1689/2120/1731 1687/2118/1729
f 1689/2120/1731 1688/2119/1730 1690/2121/1732
f 1690/2121/1732 1691/2122/1733 1689/2120/1731
f 1691/2122/1733 1690/2121/1732 1692/2123/1734
f 1692/2123/1734 1693/2124/1735 1691/2122/1733
f 1693/2124/1735 1692/2123/1734 1694/2125/1736
f 1694/2125/1736 1695/2126/1737 1693/2124/1735
f 1695/2126/1737 1694/2125/1736 1696/2127/1738
f 1696/2127/1738 1697/2128/1739 1695/2126/1737
f 1697/2128/1739 1696/2127/1738 1698/2129/1740
f 1698/2129/1740 1699/2130/1741 1697/2128/1739
f 1699/2130/1741 1698/2129/1740 1700/2131/1742
f 1700/2131/1742 1701/2132/1743 1699/2130/1741
f 1701/2132/1743 1700/2131/1742 1702/2133/1744
f 1702/2133/1744 1703/2134/1745 1701/2132/1743
f 1703/2134/1745 1702/2133/1744 1704/2135/1746
f 1704/2135/1746 1705/2136/1747 1703/2134/1745
f 1705/2136/1747 1704/2135/1746 1706/2137/1748
f 1706/2137/1748 1707/2138/1749 1705/2136/1747
f 1708/2139/1750 1709/2140/1751 1710/2141/1752
f 1710/2141/1752 1711/2142/1753 1708/2139/1750
f 1711/2142/1753 1710/2141/1752 1712/2143/1754
f 1712/2143/1754 1713/2144/1755 1711/2142/1753
f 1714/2145/1756 1713/2146/1755 1712/2147/1754
f 1712/2147/1754 1715/2148/1757 1714/2145/1756
f 1715/2148/1757 1712/2147/1754 1716/2149/1758
f 1716/2149/1758 1717/2150/1759 1715/2148/1757
f 1717/2150/1759 1716/2149/1758 1718/2151/1760
f 1714/2145/1756 1715/2148/1757 1719/2152/1761
f 1719/2152/1761 1720/2153/1762 1714/2145/1756
f 1720/2153/1762 1719/2152/1761 1721/2154/1763
f 1720/2153/1762 1721/2154/1763 1722/2155/1764
f 1722/2155/1764 1723/2156/1765 1720/2153/1762
f 1723/2156/1765 1722/2155/1764 1724/2157/1766
f 1724/2157/1766 1725/2158/1767 1723/2156/1765
f 1725/2158/1767 1724/2157/1766 1726/2159/1768
f 1726/2159/1768 1727/2160/1769 1725/2158/1767
f 1727/2160/1769 1726/2159/1768 1728/2161/1770
f 1728/2161/1770 1729/2162/1771 1727/2160/1769
f 1729/2162/1771 1728/2161/1770 1730/2163/1772
f 1730/2163/1772 1731/2164/1773 1729/2162/1771
f 1731/2164/1773 1730/2163/1772 1732/2165/1774
f 1732/2165/1774 1733/2166/1775 1731/2164/1773
f 1733/2166/1775 1732/2165/1774 1734/2167/1776
f 1734/2167/1776 1735/2168/1777 1733/2166/1775
f 1735/2168/1777 1734/2167/1776 1736/2169/1778
f 1736/2169/1778 1737/2170/1779 1735/2168/1777
f 1737/2170/1779 1736/2169/1778 1738/2171/1780
f 1737/2170/1779 1738/2171/1780 1739/2172/1781
f 1737/2170/1779 1739/2172/1781 1740/2173/1782
f 1740/2173/1782 1741/2174/1783 1737/2170/1779
f 1741/2174/1783 1740/2173/1782 1742/2175/1784
f 1742/2175/1784 1743/2176/1785 1741/2174/1783
f 1743/2176/1785 1742/2175/1784 1744/2177/1786
f 1744/2177/1786 1745/2178/1787 1743/2176/1785
f 1745/2178/1787 1744/2177/1786 1746/2179/1788
f 1745/2178/1787 1746/2179/1788 1747/2180/1789
f 1747/2180/1789 1748/2181/1790 1745/2178/1787
f 1748/2181/1790 1747/2180/1789 1749/2182/1791
f 1749/2182/1791 1750/2183/1792 1748/2181/1790
f 1750/2183/1792 1749/2182/1791 1751/2184/1793
f 1751/2184/1793 1752/2185/1794 1750/2183/1792
f 1752/2185/1794 1751/2184/1793 1753/2186/1795
f 1753/2186/1795 1754/2187/1796 1752/2185/1794
f 1754/2187/1796 1753/2186/1795 1755/2188/1797
f 1755/2188/1797 1756/2189/1798 1754/2187/1796
f 1756/2189/1798 1755/2188/1797 1757/2190/1799
f 1756/2189/1798 1757/2190/1799 1739/2191/1781
f 1756/2189/1798 1739/2191/1781 1738/2192/1780
f 1756/2189/1798 1738/2192/1780 1736/2193/1778
f 1736/2193/1778 1758/2194/1800 1756/2189/1798
f 1758/2194/1800 1736/2193/1778 1734/2195/1776
f 1734/2195/1776 1759/2196/1801 1758/2194/1800
f 1759/2196/1801 1734/2195/1776 1732/2197/1774
f 1732/2197/1774 1760/2198/1802 1759/2196/1801
f 1760/2198/1802 1732/2197/1774 1730/2199/1772
f 1730/2199/1772 1761/2200/1803 1760/2198/1802
f 1761/2200/1803 1730/2199/1772 1728/2201/1770
f 1728/2201/1770 1762/2202/1804 1761/2200/1803
f 1762/2202/1804 1728/2201/1770 1726/2203/1768
f 1726/2203/1768 1763/2204/1805 1762/2202/1804
f 1763/2204/1805 1726/2203/1768 1724/2205/1766
f 1724/2205/1766 1764/2206/1806 1763/2204/1805
f 1764/2206/1806 1724/2205/1766 1722/2207/1764
f 1764/2206/1806 1722/2207/1764 1721/2208/1763
f 1764/2206/1806 1721/2208/1763 1765/2209/1807
f 1765/2209/1807 1766/2210/1808 1764/2206/1806
f 1766/2210/1808 1765/2209/1807 1767/2211/1809
f 1767/2211/1809 1768/2212/1810 1766/2210/1808
f 1767/2211/1809 1769/2213/1811 1768/2212/1810
f 1769/2213/1811 1767/2211/1809 1717/2214/1759
f 1717/2214/1759 1718/2215/1760 1769/2213/1811
f 1669/2100/1711 1770/2216/1812 1667/2098/1709
f 1770/2216/1812 1669/2100/1711 1771/2217/1813
f 1771/2217/1813 1772/2218/1814 1770/2216/1812
f 1771/2217/1813 1773/2219/1815 1772/2218/1814
f 1771/2217/1813 1707/2138/1749 1773/2219/1815
f 1771/2217/1813 1705/2136/1747 1707/2138/1749
f 1705/2136/1747 1771/2217/1813 1629/2060/1671
f 1629/2060/1671 1703/2134/1745 1705/2136/1747
f 1703/2134/1745 1629/2060/1671 1628/2059/1670
f 1628/2059/1670 1701/2132/1743 1703/2134/1745
f 1701/2132/1743 1628/2059/1670 1631/2062/1673
f 1631/2062/1673 1699/2130/1741 1701/2132/1743
f 1699/2130/1741 1631/2062/1673 1633/2064/1675
f 1633/2064/1675 1774/2220/1816 1699/2130/1741
f 1774/2220/1816 1633/2064/1675 1635/2066/1677
f 1635/2066/1677 1775/2221/1817 1774/2220/1816
f 1775/2221/1817 1635/2066/1677 1637/2068/1679
f 1637/2068/1679 1776/2222/1818 1775/2221/1817
f 1776/2222/1818 1637/2068/1679 1639/2070/1681
f 1639/2070/1681 1691/2122/1733 1776/2222/1818
f 1691/2122/1733 1639/2070/1681 1641/2072/1683
f 1641/2072/1683 1689/2120/1731 1691/2122/1733
f 1689/2120/1731 1641/2072/1683 1643/2074/1685
f 1643/2074/1685 1687/2118/1729 1689/2120/1731
f 1687/2118/1729 1643/2074/1685 1645/2076/1687
f 1645/2076/1687 1685/2116/1727 1687/2118/1729
f 1685/2116/1727 1645/2076/1687 1647/2078/1689
f 1647/2078/1689 1683/2114/1725 1685/2116/1727
f 1683/2114/1725 1647/2078/1689 1649/2080/1691
f 1649/2080/1691 1681/2112/1723 1683/2114/1725
f 1681/2112/1723 1649/2080/1691 1651/2082/1693
f 1651/2082/1693 1679/2110/1721 1681/2112/1723
f 1679/2110/1721 1651/2082/1693 1653/2084/1695
f 1653/2084/1695 1677/2108/1719 1679/2110/1721
f 1677/2108/1719 1653/2084/1695 1655/2086/1697
f 1655/2086/1697 1675/2106/1717 1677/2108/1719
f 1675/2106/1717 1655/2086/1697 1657/2088/1699
f 1675/2106/1717 1657/2088/1699 1777/2223/1819
f 1777/2223/1819 1673/2104/1715 1675/2106/1717
f 1673/2104/1715 1777/2223/1819 1778/2224/1820
f 1778/2224/1820 1671/2102/1713 1673/2104/1715
f 1671/2102/1713 1778/2224/1820 1779/2225/1821
f 1779/2225/1821 1668/2099/1710 1671/2102/1713
f 1668/2099/1710 1779/2225/1821 1665/2096/1707
f 1665/2096/1707 1669/2100/1711 1668/2099/1710
f 1669/2100/1711 1665/2096/1707 1629/2060/1671
f 1629/2060/1671 1771/2217/1813 1669/2100/1711
f 1663/2094/1705 1665/2096/1707 1779/2225/1821
f 1779/2225/1821 1661/2092/1703 1663/2094/1705
f 1661/2092/1703 1779/2225/1821 1778/2224/1820
f 1778/2224/1820 1659/2090/1701 1661/2092/1703
f 1659/2090/1701 1778/2224/1820 1777/2223/1819
f 1777/2223/1819 1657/2088/1699 1659/2090/1701
f 1693/2124/1735 1776/2222/1818 1691/2122/1733
f 1776/2222/1818 1693/2124/1735 1695/2126/1737
f 1695/2126/1737 1775/2221/1817 1776/2222/1818
f 1775/2221/1817 1695/2126/1737 1697/2128/1739
f 1697/2128/1739 1774/2220/1816 1775/2221/1817
f 1774/2220/1816 1697/2128/1739 1699/2130/1741
f 1780/2226/1822 1781/2227/1823 1782/2228/1824
f 1782/2228/1824 1783/2229/1825 1780/2226/1822
f 1782/2228/1824 1784/2230/1826 1783/2229/1825
f 1784/2230/1826 1782/2228/1824 1785/2231/1827
f 1785/2231/1827 1786/2232/1828 1784/2230/1826
f 1786/2232/1828 1785/2231/1827 1787/2233/1829
f 1786/2232/1828 1787/2233/1829 1788/2234/1830
f 1788/2234/1830 1739/2235/1781 1786/2232/1828
f 1788/2234/1830 1740/2236/1782 1739/2235/1781
f 1788/2234/1830 1789/2237/1831 1740/2236/1782
f 1789/2237/1831 1788/2234/1830 1787/2233/1829
f 1789/2237/1831 1787/2233/1829 1790/2238/1832
f 1790/2238/1832 1791/2239/1833 1789/2237/1831
f 1790/2238/1832 1792/2240/1834 1791/2239/1833
f 1792/2240/1834 1790/2238/1832 1793/2241/1835
f 1793/2241/1835 1794/2242/1836 1792/2240/1834
f 1794/2242/1836 1793/2241/1835 1795/2243/1837
f 1795/2243/1837 1796/2244/1838 1794/2242/1836
f 1791/2239/1833 1740/2236/1782 1789/2237/1831
f 1740/2236/1782 1791/2239/1833 1797/2245/1839
f 1797/2245/1839 1742/2246/1784 1740/2236/1782
f 1742/2246/1784 1797/2245/1839 1798/2247/1840
f 1798/2247/1840 1744/2248/1786 1742/2246/1784
f 1744/2248/1786 1798/2247/1840 1799/2249/1841
f 1786/2232/1828 1739/2235/1781 1757/2250/1799
f 1757/2250/1799 1784/2230/1826 1786/2232/1828
f 1784/2230/1826 1757/2250/1799 1755/2251/1797
f 1755/2251/1797 1800/2252/1842 1784/2230/1826
f 1800/2252/1842 1755/2251/1797 1753/2253/1795
f 1783/2229/1825 1784/2230/1826 1800/2252/1842
f 1801/2254/1843 1802/2255/1844 1803/2256/1845
f 1803/2256/1845 1804/2257/1846 1801/2254/1843
f 1751/2258/1793 1805/2259/1847 1806/2260/1848
f 1806/2260/1848 1753/2253/1795 1751/2258/1793
f 1753/2253/1795 1806/2260/1848 1807/2261/1849
f 1807/2261/1849 1800/2252/1842 1753/2253/1795
f 1800/2252/1842 1807/2261/1849 1808/2262/1850
f 1808/2262/1850 1783/2229/1825 1800/2252/1842
f 1808/2262/1850 1780/2226/1822 1783/2229/1825
f 1780/2226/1822 1808/2262/1850 1809/2263/1851
f 1809/2263/1851 1781/2227/1823 1780/2226/1822
f 1781/2227/1823 1809/2263/1851 1810/2264/1852
f 1810/2264/1852 1811/2265/1853 1781/2227/1823
f 1811/2265/1853 1810/2264/1852 1812/2266/1854
f 1744/2267/1786 1799/2268/1841 1813/2269/1855
f 1813/2269/1855 1746/2270/1788 1744/2267/1786
f 1746/2270/1788 1813/2269/1855 1814/2271/1856
f 1814/2271/1856 1747/2272/1789 1746/2270/1788
f 1747/2272/1789 1814/2271/1856 1815/2273/1857
f 1815/2273/1857 1749/2274/1791 1747/2272/1789
f 1749/2274/1791 1815/2273/1857 1805/2275/1847
f 1805/2275/1847 1751/2276/1793 1749/2274/1791
f 1816/2277/1858 1817/2278/1859 1818/2279/1860
f 1817/2278/1859 1816/2277/1858 1819/2280/1861
f 1817/2278/1859 1819/2280/1861 1820/2281/1862
f 1817/2278/1859 1820/2281/1862 1821/2282/1863
f 1817/2278/1859 1821/2282/1863 1822/2283/1864
f 1822/2283/1864 1823/2284/1865 1817/2278/1859
f 1823/2284/1865 1822/2283/1864 1824/2285/1866
f 1824/2285/1866 1825/2286/1867 1823/2284/1865
f 1825/2286/1867 1824/2285/1866 1826/2287/1868
f 1826/2287/1868 1827/2288/1869 1825/2286/1867
f 1827/2288/1869 1826/2287/1868 1828/2289/1870
f 1828/2289/1870 1829/2290/1871 1827/2288/1869
f 1829/2290/1871 1828/2289/1870 1830/2291/1872
f 1830/2291/1872 1831/2292/1873 1829/2290/1871
f 1831/2292/1873 1830/2291/1872 1832/2293/1874
f 1796/2294/1838 1795/2295/1837 1833/2296/1875
f 1833/2296/1875 1834/2297/1876 1796/2294/1838
f 1834/2297/1876 1833/2296/1875 1835/2298/1877
f 1835/2298/1877 1836/2299/1878 1834/2297/1876
f 1836/2299/1878 1835/2298/1877 1837/2300/1879
f 1837/2300/1879 1838/2301/1880 1836/2299/1878
f 1838/2301/1880 1837/2300/1879 1811/2302/1853
f 1811/2302/1853 1812/2303/1854 1838/2301/1880
f 1839/2304/1881 1840/2305/1882 1841/2306/1883
f 1841/2306/1883 1842/2307/1884 1839/2304/1881
f 1841/2306/1883 1843/2308/1885 1842/2307/1884
f 1841/2306/1883 1844/2309/1886 1843/2308/1885
f 1844/2309/1886 1841/2306/1883 1845/2310/1887
f 1845/2310/1887 1846/2311/1888 1844/2309/1886
f 1847/2312/1889 1843/2308/1885 1844/2309/1886
f 1848/2313/1890 1849/2314/1891 1850/2315/1892
f 1849/2314/1891 1848/2313/1890 1851/2316/1893
f 1851/2316/1893 1852/2317/1894 1849/2314/1891
f 1852/2317/1894 1851/2316/1893 1853/2318/1895
f 1853/2318/1895 1854/2319/1896 1852/2317/1894
f 1854/2319/1896 1853/2318/1895 1855/2320/1897
f 1855/2320/1897 1846/2321/1888 1854/2319/1896
f 1855/2320/1897 1844/2322/1886 1846/2321/1888
f 1844/2322/1886 1855/2320/1897 1856/2323/1898
f 1856/2323/1898 1847/2324/1889 1844/2322/1886
f 1856/2323/1898 1843/2325/1885 1847/2324/1889
f 1856/2323/1898 1857/2326/1899 1843/2325/1885
f 1856/2323/1898 1858/2327/1900 1857/2326/1899
f 1858/2327/1900 1856/2323/1898 1855/2320/1897
f 1858/2327/1900 1855/2320/1897 1853/2318/1895
f 1858/2327/1900 1853/2318/1895 1859/2328/1901
f 1859/2328/1901 1857/2326/1899 1858/2327/1900
f 1857/2326/1899 1859/2328/1901 1860/2329/1902
f 1860/2329/1902 1843/2325/1885 1857/2326/1899
f 1860/2329/1902 1842/2330/1884 1843/2325/1885
f 1842/2330/1884 1860/2329/1902 1861/2331/1903
f 1861/2331/1903 1839/2332/1881 1842/2330/1884
f 1861/2331/1903 1840/2333/1882 1839/2332/1881
f 1861/2331/1903 1862/2334/1904 1840/2333/1882
f 1862/2334/1904 1861/2331/1903 1863/2335/1905
f 1863/2335/1905 1864/2336/1906 1862/2334/1904
f 1863/2335/1905 1865/2337/1907 1864/2336/1906
f 1865/2337/1907 1863/2335/1905 1861/2331/1903
f 1865/2337/1907 1861/2331/1903 1866/2338/1908
f 1866/2338/1908 1867/2339/1909 1865/2337/1907
f 1867/2339/1909 1866/2338/1908 1803/2340/1845
f 1867/2339/1909 1803/2340/1845 1802/2341/1844
f 1867/2339/1909 1802/2341/1844 1868/2342/1910
f 1868/2342/1910 1865/2337/1907 1867/2339/1909
f 1865/2337/1907 1868/2342/1910 1869/2343/1911
f 1869/2343/1911 1864/2336/1906 1865/2337/1907
f 1851/2316/1893 1859/2328/1901 1853/2318/1895
f 1859/2328/1901 1851/2316/1893 1848/2344/1890
f 1848/2344/1890 1870/2345/1912 1859/2328/1901
f 1870/2345/1912 1848/2344/1890 1803/2340/1845
f 1870/2345/1912 1803/2340/1845 1866/2338/1908
f 1870/2345/1912 1866/2338/1908 1860/2329/1902
f 1860/2329/1902 1859/2328/1901 1870/2345/1912
f 1861/2331/1903 1860/2329/1902 1866/2338/1908
f 1871/2346/1913 1766/2210/1808 1768/2212/1810
f 1768/2212/1810 1872/2347/1914 1871/2346/1913
f 1872/2347/1914 1768/2212/1810 1873/2348/1915
f 1873/2348/1915 1874/2349/1916 1872/2347/1914
f 1874/2349/1916 1873/2348/1915 1875/2350/1917
f 1875/2350/1917 1876/2351/1918 1874/2349/1916
f 1876/2351/1918 1875/2350/1917 1877/2352/1919
f 1877/2352/1919 1878/2353/1920 1876/2351/1918
f 1878/2353/1920 1877/2352/1919 1879/2354/1921
f 1878/2353/1920 1879/2354/1921 1880/2355/1922
f 1880/2355/1922 1881/2356/1923 1878/2353/1920
f 1881/2356/1923 1880/2355/1922 1714/2145/1756
f 1714/2145/1756 1882/2357/1924 1881/2356/1923
f 1882/2357/1924 1714/2145/1756 1720/2153/1762
f 1720/2153/1762 1883/2358/1925 1882/2357/1924
f 1883/2358/1925 1720/2153/1762 1723/2156/1765
f 1723/2156/1765 1884/2359/1926 1883/2358/1925
f 1884/2359/1926 1723/2156/1765 1725/2158/1767
f 1725/2158/1767 1885/2360/1927 1884/2359/1926
f 1885/2360/1927 1725/2158/1767 1727/2160/1769
f 1727/2160/1769 1886/2361/1928 1885/2360/1927
f 1886/2361/1928 1727/2160/1769 1729/2162/1771
f 1886/2361/1928 1729/2162/1771 1731/2164/1773
f 1731/2164/1773 1887/2362/1929 1886/2361/1928
f 1887/2362/1929 1731/2164/1773 1733/2166/1775
f 1733/2166/1775 1888/2363/1930 1887/2362/1929
f 1888/2363/1930 1733/2166/1775 1735/2168/1777
f 1735/2168/1777 1889/2364/1931 1888/2363/1930
f 1889/2364/1931 1735/2168/1777 1737/2170/1779
f 1889/2364/1931 1737/2170/1779 1741/2174/1783
f 1741/2174/1783 1890/2365/1932 1889/2364/1931
f 1890/2365/1932 1741/2174/1783 1743/2176/1785
f 1743/2176/1785 1891/2366/1933 1890/2365/1932
f 1891/2366/1933 1743/2176/1785 1745/2178/1787
f 1891/2366/1933 1745/2178/1787 1748/2181/1790
f 1748/2181/1790 1892/2367/1934 1891/2366/1933
f 1892/2367/1934 1748/2181/1790 1750/2183/1792
f 1750/2183/1792 1893/2368/1935 1892/2367/1934
f 1893/2368/1935 1750/2183/1792 1752/2185/1794
f 1752/2185/1794 1894/2369/1936 1893/2368/1935
f 1894/2369/1936 1752/2185/1794 1754/2187/1796
f 1754/2187/1796 1895/2370/1937 1894/2369/1936
f 1895/2370/1937 1754/2187/1796 1756/2189/1798
f 1895/2370/1937 1756/2189/1798 1758/2194/1800
f 1758/2194/1800 1896/2371/1938 1895/2370/1937
f 1896/2371/1938 1758/2194/1800 1759/2196/1801
f 1896/2371/1938 1759/2196/1801 1760/2198/1802
f 1896/2371/1938 1760/2198/1802 1897/2372/1939
f 1897/2372/1939 1895/2370/1937 1896/2371/1938
f 1897/2372/1939 1894/2369/1936 1895/2370/1937
f 1894/2369/1936 1897/2372/1939 1898/2373/1940
f 1898/2373/1940 1893/2368/1935 1894/2369/1936
f 1893/2368/1935 1898/2373/1940 1899/2374/1941
f 1899/2374/1941 1892/2367/1934 1893/2368/1935
f 1892/2367/1934 1899/2374/1941 1900/2375/1942
f 1900/2375/1942 1891/2366/1933 1892/2367/1934
f 1891/2366/1933 1900/2375/1942 1901/2376/1943
f 1901/2376/1943 1890/2365/1932 1891/2366/1933
f 1901/2376/1943 1889/2364/1931 1890/2365/1932
f 1901/2376/1943 1888/2363/1930 1889/2364/1931
f 1901/2376/1943 1887/2362/1929 1888/2363/1930
f 1901/2376/1943 1902/2377/1944 1887/2362/1929
f 1902/2377/1944 1901/2376/1943 1900/2375/1942
f 1900/2375/1942 1903/2378/1945 1902/2377/1944
f 1903/2378/1945 1900/2375/1942 1899/2374/1941
f 1899/2374/1941 1904/2379/1946 1903/2378/1945
f 1904/2379/1946 1899/2374/1941 1898/2373/1940
f 1898/2373/1940 1905/2380/1947 1904/2379/1946
f 1905/2380/1947 1898/2373/1940 1897/2372/1939
f 1897/2372/1939 1906/2381/1948 1905/2380/1947
f 1906/2381/1948 1897/2372/1939 1760/2198/1802
f 1760/2198/1802 1907/2382/1949 1906/2381/1948
f 1907/2382/1949 1760/2198/1802 1761/2200/1803
f 1761/2200/1803 1908/2383/1950 1907/2382/1949
f 1908/2383/1950 1761/2200/1803 1762/2202/1804
f 1762/2202/1804 1909/2384/1951 1908/2383/1950
f 1909/2384/1951 1762/2202/1804 1763/2204/1805
f 1763/2204/1805 1910/2385/1952 1909/2384/1951
f 1910/2385/1952 1763/2204/1805 1764/2206/1806
f 1910/2385/1952 1764/2206/1806 1766/2210/1808
f 1766/2210/1808 1911/2386/1953 1910/2385/1952
f 1911/2386/1953 1766/2210/1808 1871/2346/1913
f 1871/2346/1913 1912/2387/1954 1911/2386/1953
f 1912/2387/1954 1871/2346/1913 1913/2388/1955
f 1913/2388/1955 1881/2356/1923 1912/2387/1954
f 1881/2356/1923 1913/2388/1955 1914/2389/1956
f 1914/2389/1956 1878/2353/1920 1881/2356/1923
f 1878/2353/1920 1914/2389/1956 1876/2351/1918
f 1909/2384/1951 1910/2385/1952 1911/2386/1953
f 1911/2386/1953 1915/2390/1957 1909/2384/1951
f 1915/2390/1957 1911/2386/1953 1912/2387/1954
f 1912/2387/1954 1916/2391/1958 1915/2390/1957
f 1916/2391/1958 1912/2387/1954 1881/2356/1923
f 1881/2356/1923 1917/2392/1959 1916/2391/1958
f 1881/2356/1923 1918/2393/1960 1917/2392/1959
f 1918/2393/1960 1881/2356/1923 1882/2357/1924
f 1882/2357/1924 1919/2394/1961 1918/2393/1960
f 1919/2394/1961 1882/2357/1924 1883/2358/1925
f 1883/2358/1925 1920/2395/1962 1919/2394/1961
f 1920/2395/1962 1883/2358/1925 1884/2359/1926
f 1884/2359/1926 1921/2396/1963 1920/2395/1962
f 1921/2396/1963 1884/2359/1926 1885/2360/1927
f 1885/2360/1927 1922/2397/1964 1921/2396/1963
f 1922/2397/1964 1885/2360/1927 1886/2361/1928
f 1886/2361/1928 1923/2398/1965 1922/2397/1964
f 1923/2398/1965 1886/2361/1928 1887/2362/1929
f 1887/2362/1929 1924/2399/1966 1923/2398/1965
f 1924/2399/1966 1887/2362/1929 1902/2377/1944
f 1902/2377/1944 1925/2400/1967 1924/2399/1966
f 1925/2400/1967 1902/2377/1944 1903/2378/1945
f 1925/2400/1967 1903/2378/1945 1904/2379/1946
f 1904/2379/1946 1926/2401/1968 1925/2400/1967
f 1926/2401/1968 1904/2379/1946 1905/2380/1947
f 1905/2380/1947 1927/2402/1969 1926/2401/1968
f 1927/2402/1969 1905/2380/1947 1906/2381/1948
f 1927/2402/1969 1906/2381/1948 1907/2382/1949
f 1907/2382/1949 1928/2403/1970 1927/2402/1969
f 1928/2403/1970 1907/2382/1949 1908/2383/1950
f 1928/2403/1970 1908/2383/1950 1909/2384/1951
f 1928/2403/1970 1909/2384/1951 1915/2390/1957
f 1928/2403/1970 1915/2390/1957 1929/2404/1971
f 1929/2404/1971 1927/2402/1969 1928/2403/1970
f 1929/2404/1971 1926/2401/1968 1927/2402/1969
f 1926/2401/1968 1929/2404/1971 1930/2405/1972
f 1930/2405/1972 1925/2400/1967 1926/2401/1968
f 1925/2400/1967 1930/2405/1972 1931/2406/1973
f 1931/2406/1973 1924/2399/1966 1925/2400/1967
f 1931/2406/1973 1923/2398/1965 1924/2399/1966
f 1931/2406/1973 1922/2397/1964 1923/2398/1965
f 1931/2406/1973 1932/2407/1974 1922/2397/1964
f 1932/2407/1974 1931/2406/1973 1930/2405/1972
f 1930/2405/1972 1933/2408/1975 1932/2407/1974
f 1933/2408/1975 1930/2405/1972 1929/2404/1971
f 1929/2404/1971 1916/2391/1958 1933/2408/1975
f 1916/2391/1958 1929/2404/1971 1915/2390/1957
f 1933/2408/1975 1916/2391/1958 1917/2392/1959
f 1917/2392/1959 1934/2409/1976 1933/2408/1975
f 1934/2409/1976 1917/2392/1959 1918/2393/1960
f 1934/2409/1976 1918/2393/1960 1919/2394/1961
f 1934/2409/1976 1919/2394/1961 1920/2395/1962
f 1920/2395/1962 1932/2407/1974 1934/2409/1976
f 1932/2407/1974 1920/2395/1962 1921/2396/1963
f 1921/2396/1963 1922/2397/1964 1932/2407/1974
f 1934/2409/1976 1932/2407/1974 1933/2408/1975
f 1935/2410/1977 1936/2411/1978 1937/2412/1979
f 1937/2412/1979 1938/2413/1980 1935/2410/1977
f 1937/2412/1979 1825/2414/1867 1938/2413/1980
f 1937/2412/1979 1823/2415/1865 1825/2414/1867
f 1937/2412/1979 1817/2416/1859 1823/2415/1865
f 1817/2416/1859 1937/2412/1979 1936/2411/1978
f 1936/2411/1978 1818/2417/1860 1817/2416/1859
f 1936/2411/1978 1939/2418/1981 1818/2417/1860
f 1936/2411/1978 1940/2419/1982 1939/2418/1981
f 1936/2411/1978 1941/2420/1983 1940/2419/1982
f 1936/2411/1978 1942/2421/1984 1941/2420/1983
f 1936/2411/1978 1709/2422/1751 1942/2421/1984
f 1709/2422/1751 1936/2411/1978 1935/2410/1977
f 1935/2410/1977 1710/2423/1752 1709/2422/1751
f 1710/2423/1752 1935/2410/1977 1943/2424/1985
f 1943/2424/1985 1712/2425/1754 1710/2423/1752
f 1943/2424/1985 1716/2426/1758 1712/2425/1754
f 1716/2426/1758 1943/2424/1985 1938/2413/1980
f 1938/2413/1980 1944/2427/1986 1716/2426/1758
f 1944/2427/1986 1938/2413/1980 1825/2414/1867
f 1944/2427/1986 1825/2414/1867 1827/2428/1869
f 1944/2427/1986 1827/2428/1869 1945/2429/1987
f 1945/2429/1987 1716/2426/1758 1944/2427/1986
f 1945/2429/1987 1718/2430/1760 1716/2426/1758
f 1718/2430/1760 1945/2429/1987 1946/2431/1988
f 1946/2431/1988 1769/2432/1811 1718/2430/1760
f 1769/2432/1811 1946/2431/1988 1947/2433/1989
f 1947/2433/1989 1768/2434/1810 1769/2432/1811
f 1768/2434/1810 1947/2433/1989 1948/2435/1990
f 1948/2435/1990 1873/2436/1915 1768/2434/1810
f 1948/2435/1990 1875/2437/1917 1873/2436/1915
f 1948/2435/1990 1949/2438/1991 1875/2437/1917
f 1949/2438/1991 1948/2435/1990 1950/2439/1992
f 1950/2439/1992 1828/2440/1870 1949/2438/1991
f 1950/2439/1992 1830/2441/1872 1828/2440/1870
f 1950/2439/1992 1951/2442/1993 1830/2441/1872
f 1951/2442/1993 1950/2439/1992 1948/2435/1990
f 1951/2442/1993 1948/2435/1990 1947/2433/1989
f 1947/2433/1989 1952/2443/1994 1951/2442/1993
f 1952/2443/1994 1947/2433/1989 1946/2431/1988
f 1952/2443/1994 1946/2431/1988 1945/2429/1987
f 1945/2429/1987 1829/2444/1871 1952/2443/1994
f 1829/2444/1871 1945/2429/1987 1827/2428/1869
f 1943/2424/1985 1935/2410/1977 1938/2413/1980
f 1831/2445/1873 1952/2443/1994 1829/2444/1871
f 1952/2443/1994 1831/2445/1873 1832/2446/1874
f 1832/2446/1874 1951/2442/1993 1952/2443/1994
f 1951/2442/1993 1832/2446/1874 1830/2441/1872
f 1949/2438/1991 1828/2440/1870 1826/2447/1868
f 1826/2447/1868 1953/2448/1995 1949/2438/1991
f 1953/2448/1995 1826/2447/1868 1824/2449/1866
f 1824/2449/1866 1954/2450/1996 1953/2448/1995
f 1954/2450/1996 1824/2449/1866 1822/2451/1864
f 1822/2451/1864 1955/2452/1997 1954/2450/1996
f 1955/2452/1997 1822/2451/1864 1821/2453/1863
f 1821/2453/1863 1956/2454/1998 1955/2452/1997
f 1956/2454/1998 1821/2453/1863 1820/2455/1862
f 1956/2454/1998 1820/2455/1862 1957/2456/1999
f 1956/2454/1998 1957/2456/1999 1958/2457/2000
f 1958/2457/2000 1955/2452/1997 1956/2454/1998
f 1955/2452/1997 1958/2457/2000 1959/2458/2001
f 1959/2458/2001 1954/2450/1996 1955/2452/1997
f 1954/2450/1996 1959/2458/2001 1960/2459/2002
f 1960/2459/2002 1953/2448/1995 1954/2450/1996
f 1953/2448/1995 1960/2459/2002 1961/2460/2003
f 1961/2460/2003 1949/2438/1991 1953/2448/1995
f 1961/2460/2003 1875/2437/1917 1949/2438/1991
f 1961/2460/2003 1877/2461/1919 1875/2437/1917
f 1877/2461/1919 1961/2460/2003 1962/2462/2004
f 1962/2462/2004 1879/2463/1921 1877/2461/1919
f 1962/2462/2004 1963/2464/2005 1879/2463/1921
f 1962/2462/2004 1964/2465/2006 1963/2464/2005
f 1962/2462/2004 1965/2466/2007 1964/2465/2006
f 1962/2462/2004 1960/2459/2002 1965/2466/2007
f 1960/2459/2002 1962/2462/2004 1961/2460/2003
f 1965/2466/2007 1960/2459/2002 1959/2458/2001
f 1959/2458/2001 1966/2467/2008 1965/2466/2007
f 1966/2467/2008 1959/2458/2001 1958/2457/2000
f 1966/2467/2008 1958/2457/2000 1957/2456/1999
f 1957/2456/1999 1967/2468/2009 1966/2467/2008
f 1967/2468/2009 1957/2456/1999 1820/2455/1862
f 1967/2468/2009 1820/2455/1862 1819/2469/1861
f 1819/2469/1861 1968/2470/2010 1967/2468/2009
f 1968/2470/2010 1819/2469/1861 1816/2471/1858
f 1968/2470/2010 1816/2471/1858 1818/2472/1860
f 1968/2470/2010 1818/2472/1860 1939/2473/1981
f 1939/2473/1981 1969/2474/2011 1968/2470/2010
f 1969/2474/2011 1939/2473/1981 1940/2475/1982
f 1969/2474/2011 1940/2475/1982 1970/2476/2012
f 1970/2476/2012 1968/2470/2010 1969/2474/2011
f 1970/2476/2012 1971/2477/2013 1968/2470/2010
f 1971/2477/2013 1970/2476/2012 1972/2478/2014
f 1972/2478/2014 1708/2479/1750 1971/2477/2013
f 1972/2478/2014 1709/2480/1751 1708/2479/1750
f 1972/2478/2014 1942/2481/1984 1709/2480/1751
f 1942/2481/1984 1972/2478/2014 1970/2476/2012
f 1970/2476/2012 1941/2482/1983 1942/2481/1984
f 1941/2482/1983 1970/2476/2012 1940/2475/1982
f 1968/2470/2010 1971/2477/2013 1973/2483/2015
f 1973/2483/2015 1967/2468/2009 1968/2470/2010
f 1973/2483/2015 1966/2467/2008 1967/2468/2009
f 1973/2483/2015 1964/2484/2006 1966/2467/2008
f 1964/2484/2006 1973/2483/2015 1971/2477/2013
f 1971/2477/2013 1708/2479/1750 1964/2484/2006
f 1965/2466/2007 1966/2467/2008 1964/2484/2006
f 1974/2485/2016 1975/2486/2017 1976/2487/2018
f 1975/2486/2017 1974/2485/2016 1977/2488/2019
f 1975/2486/2017 1977/2488/2019 1978/2489/2020
f 1978/2489/2020 1979/2490/2021 1975/2486/2017
f 1979/2490/2021 1978/2489/2020 1980/2491/2022
f 1980/2491/2022 1981/2492/2023 1979/2490/2021
f 1981/2492/2023 1980/2491/2022 1982/2493/2024
f 1982/2493/2024 1983/2494/2025 1981/2492/2023
f 1983/2494/2025 1982/2493/2024 1984/2495/2026
f 1984/2495/2026 1985/2496/2027 1983/2494/2025
f 1985/2496/2027 1984/2495/2026 1986/2497/2028
f 1986/2497/2028 1987/2498/2029 1985/2496/2027
f 1987/2498/2029 1986/2497/2028 1988/2499/2030
f 1988/2499/2030 1989/2500/2031 1987/2498/2029
f 1989/2500/2031 1988/2499/2030 1990/2501/2032
f 1990/2501/2032 1991/2502/2033 1989/2500/2031
f 1991/2502/2033 1990/2501/2032 1992/2503/2034
f 1992/2503/2034 1993/2504/2035 1991/2502/2033
f 1993/2504/2035 1992/2503/2034 1994/2505/2036
f 1994/2505/2036 1995/2506/2037 1993/2504/2035
f 1995/2506/2037 1994/2505/2036 1996/2507/2038
f 1996/2507/2038 1997/2508/2039 1995/2506/2037
f 1997/2508/2039 1996/2507/2038 1998/2509/2040
f 1998/2509/2040 1999/2510/2041 1997/2508/2039
f 1999/2510/2041 1998/2509/2040 2000/2511/2042
f 2000/2511/2042 2001/2512/2043 1999/2510/2041
f 2001/2512/2043 2000/2511/2042 2002/2513/2044
f 2002/2513/2044 2003/2514/2045 2001/2512/2043
f 2003/2514/2045 2002/2513/2044 2004/2515/2046
f 2003/2514/2045 2004/2515/2046 1977/2516/2019
f 2003/2514/2045 1977/2516/2019 1974/2517/2016
f 1974/2517/2016 2005/2518/2047 2003/2514/2045
f 2005/2518/2047 1974/2517/2016 1976/2519/2018
f 1976/2519/2018 2006/2520/2048 2005/2518/2047
f 2006/2520/2048 1976/2519/2018 2007/2521/2049
f 2006/2520/2048 2007/2521/2049 2008/2522/2050
f 2006/2520/2048 2008/2522/2050 2009/2523/2051
f 2009/2523/2051 2010/2524/2052 2006/2520/2048
f 2010/2524/2052 2009/2523/2051 2011/2525/2053
f 2011/2525/2053 2012/2526/2054 2010/2524/2052
f 2012/2526/2054 2011/2525/2053 2013/2527/2055
f 2013/2527/2055 2014/2528/2056 2012/2526/2054
f 2014/2528/2056 2013/2527/2055 2015/2529/2057
f 2015/2529/2057 2016/2530/2058 2014/2528/2056
f 2016/2530/2058 2015/2529/2057 2017/2531/2059
f 2017/2531/2059 2018/2532/2060 2016/2530/2058
f 2018/2532/2060 2017/2531/2059 2019/2533/2061
f 2019/2533/2061 2020/2534/2062 2018/2532/2060
f 2020/2534/2062 2019/2533/2061 2021/2535/2063
f 2020/2534/2062 2021/2535/2063 2022/2536/2064
f 2020/2534/2062 2022/2536/2064 2023/2537/2065
f 2023/2537/2065 2024/2538/2066 2020/2534/2062
f 2024/2538/2066 2023/2537/2065 2025/2539/2067
f 2025/2539/2067 2026/2540/2068 2024/2538/2066
f 2026/2540/2068 2025/2539/2067 2027/2541/2069
f 2027/2541/2069 2028/2542/2070 2026/2540/2068
f 2028/2542/2070 2027/2541/2069 2029/2543/2071
f 2029/2543/2071 2030/2544/2072 2028/2542/2070
f 2030/2544/2072 2029/2543/2071 2031/2545/2073
f 2031/2545/2073 2032/2546/2074 2030/2544/2072
f 2032/2546/2074 2031/2545/2073 2033/2547/2075
f 2033/2547/2075 2034/2548/2076 2032/2546/2074
f 2034/2548/2076 2033/2547/2075 2007/2549/2049
f 2034/2548/2076 2007/2549/2049 1976/2487/2018
f 2034/2548/2076 1976/2487/2018 1975/2486/2017
f 2034/2548/2076 1975/2486/2017 1979/2490/2021
f 2034/2548/2076 1979/2490/2021 1981/2492/2023
f 1981/2492/2023 2032/2546/2074 2034/2548/2076
f 2032/2546/2074 1981/2492/2023 1983/2494/2025
f 1983/2494/2025 2035/2550/2077 2032/2546/2074
f 2035/2550/2077 1983/2494/2025 1985/2496/2027
f 1985/2496/2027 2036/2551/2078 2035/2550/2077
f 2036/2551/2078 1985/2496/2027 1987/2498/2029
f 1987/2498/2029 2037/2552/2079 2036/2551/2078
f 1987/2498/2029 2024/2538/2066 2037/2552/2079
f 2024/2538/2066 1987/2498/2029 1989/2500/2031
f 2024/2538/2066 1989/2500/2031 2038/2553/2080
f 2038/2553/2080 2020/2534/2062 2024/2538/2066
f 2020/2534/2062 2038/2553/2080 2039/2554/2081
f 2039/2554/2081 2018/2532/2060 2020/2534/2062
f 2018/2532/2060 2039/2554/2081 2040/2555/2082
f 2040/2555/2082 2016/2530/2058 2018/2532/2060
f 2016/2530/2058 2040/2555/2082 2041/2556/2083
f 2041/2556/2083 2014/2528/2056 2016/2530/2058
f 2014/2528/2056 2041/2556/2083 2042/2557/2084
f 2042/2557/2084 2012/2526/2054 2014/2528/2056
f 2012/2526/2054 2042/2557/2084 2043/2558/2085
f 2043/2558/2085 2010/2524/2052 2012/2526/2054
f 2043/2558/2085 2006/2520/2048 2010/2524/2052
f 2043/2558/2085 2005/2518/2047 2006/2520/2048
f 2043/2558/2085 2003/2514/2045 2005/2518/2047
f 2043/2558/2085 2001/2512/2043 2003/2514/2045
f 2001/2512/2043 2043/2558/2085 2042/2557/2084
f 2042/2557/2084 1999/2510/2041 2001/2512/2043
f 1999/2510/2041 2042/2557/2084 2041/2556/2083
f 2041/2556/2083 1997/2508/2039 1999/2510/2041
f 1997/2508/2039 2041/2556/2083 2040/2555/2082
f 2040/2555/2082 1995/2506/2037 1997/2508/2039
f 1995/2506/2037 2040/2555/2082 2039/2554/2081
f 2039/2554/2081 1993/2504/2035 1995/2506/2037
f 1993/2504/2035 2039/2554/2081 2038/2553/2080
f 2038/2553/2080 1991/2502/2033 1993/2504/2035
f 1991/2502/2033 2038/2553/2080 1989/2500/2031
f 2024/2538/2066 2044/2559/2086 2037/2552/2079
f 2044/2559/2086 2024/2538/2066 2026/2540/2068
f 2044/2559/2086 2026/2540/2068 2045/2560/2087
f 2045/2560/2087 2037/2552/2079 2044/2559/2086
f 2045/2560/2087 2036/2551/2078 2037/2552/2079
f 2036/2551/2078 2045/2560/2087 2046/2561/2088
f 2046/2561/2088 2035/2550/2077 2036/2551/2078
f 2046/2561/2088 2032/2546/2074 2035/2550/2077
f 2046/2561/2088 2030/2544/2072 2032/2546/2074
f 2030/2544/2072 2046/2561/2088 2045/2560/2087
f 2045/2560/2087 2028/2542/2070 2030/2544/2072
f 2028/2542/2070 2045/2560/2087 2026/2540/2068
f 1627/2058/1669 1797/2562/1839 1791/2563/1833
f 1791/2563/1833 1630/2061/1672 1627/2058/1669
f 1791/2563/1833 1632/2063/1674 1630/2061/1672
f 1632/2063/1674 1791/2563/1833 1792/2564/1834
f 1792/2564/1834 1634/2065/1676 1632/2063/1674
f 1634/2065/1676 1792/2564/1834 1794/2565/1836
f 1794/2565/1836 1636/2067/1678 1634/2065/1676
f 1636/2067/1678 1794/2565/1836 1796/2566/1838
f 1796/2566/1838 1638/2069/1680 1636/2067/1678
f 1638/2069/1680 1796/2566/1838 1834/2567/1876
f 1834/2567/1876 1640/2071/1682 1638/2069/1680
f 1640/2071/1682 1834/2567/1876 1836/2568/1878
f 1836/2568/1878 1642/2073/1684 1640/2071/1682
f 1642/2073/1684 1836/2568/1878 1838/2569/1880
f 1838/2569/1880 1644/2075/1686 1642/2073/1684
f 1644/2075/1686 1838/2569/1880 1812/2570/1854
f 1812/2570/1854 1646/2077/1688 1644/2075/1686
f 1646/2077/1688 1812/2570/1854 1810/2571/1852
f 1810/2571/1852 1648/2079/1690 1646/2077/1688
f 1648/2079/1690 1810/2571/1852 1809/2572/1851
f 1648/2079/1690 1809/2572/1851 1808/2573/1850
f 1808/2573/1850 1650/2081/1692 1648/2079/1690
f 1808/2573/1850 1652/2083/1694 1650/2081/1692
f 1652/2083/1694 1808/2573/1850 1807/2574/1849
f 1807/2574/1849 1654/2085/1696 1652/2083/1694
f 1654/2085/1696 1807/2574/1849 1806/2575/1848
f 1806/2575/1848 1656/2087/1698 1654/2085/1696
f 1656/2087/1698 1806/2575/1848 1805/2576/1847
f 1805/2576/1847 1658/2089/1700 1656/2087/1698
f 1658/2089/1700 1805/2576/1847 1815/2577/1857
f 1815/2577/1857 1660/2091/1702 1658/2089/1700
f 1660/2091/1702 1815/2577/1857 1814/2578/1856
f 1814/2578/1856 1662/2093/1704 1660/2091/1702
f 1662/2093/1704 1814/2578/1856 1813/2579/1855
f 1813/2579/1855 1664/2095/1706 1662/2093/1704
f 1664/2095/1706 1813/2579/1855 1799/2580/1841
f 1799/2580/1841 1666/2097/1708 1664/2095/1706
f 1666/2097/1708 1799/2580/1841 1798/2581/1840
f 1798/2581/1840 1627/2058/1669 1666/2097/1708
f 1627/2058/1669 1798/2581/1840 1797/2562/1839
f 2047/2582/2089 2048/2583/2090 2049/2584/2091
f 2048/2583/2090 2047/2582/2089 1787/2585/1829
f 2048/2583/2090 1787/2585/1829 1785/2586/1827
f 1785/2586/1827 2050/2587/2092 2048/2583/2090
f 2050/2587/2092 1785/2586/1827 1782/2588/1824
f 1782/2588/1824 2051/2589/2093 2050/2587/2092
f 2051/2589/2093 1782/2588/1824 1781/2590/1823
f 1781/2590/1823 2052/2591/2094 2051/2589/2093
f 2052/2591/2094 1781/2590/1823 1811/2592/1853
f 1811/2592/1853 2053/2593/2095 2052/2591/2094
f 2053/2593/2095 1811/2592/1853 1837/2594/1879
f 1837/2594/1879 2054/2595/2096 2053/2593/2095
f 2054/2595/2096 1837/2594/1879 1835/2596/1877
f 2054/2595/2096 1835/2596/1877 1833/2597/1875
f 2054/2595/2096 1833/2597/1875 1795/2598/1837
f 1795/2598/1837 2055/2599/2097 2054/2595/2096
f 2055/2599/2097 1795/2598/1837 1793/2600/1835
f 1793/2600/1835 2056/2601/2098 2055/2599/2097
f 2056/2601/2098 1793/2600/1835 1790/2602/1832
f 1790/2602/1832 2057/2603/2099 2056/2601/2098
f 2057/2603/2099 1790/2602/1832 1787/2604/1829
f 2057/2603/2099 1787/2604/1829 2047/2605/2089
f 2047/2605/2089 2058/2606/2100 2057/2603/2099
f 2058/2606/2100 2047/2605/2089 2049/2607/2091
f 2049/2607/2091 2059/2608/2101 2058/2606/2100
f 2059/2608/2101 2049/2607/2091 2060/2609/2102
f 2060/2609/2102 2061/2610/2103 2059/2608/2101
f 2061/2610/2103 2060/2609/2102 2062/2611/2104
f 2062/2611/2104 2063/2612/2105 2061/2610/2103
f 2063/2612/2105 2062/2611/2104 2064/2613/2106
f 2064/2613/2106 2065/2614/2107 2063/2612/2105
f 2065/2614/2107 2064/2613/2106 2066/2615/2108
f 2065/2614/2107 2066/2615/2108 2067/2616/2109
f 2065/2614/2107 2067/2616/2109 2068/2617/2110
f 2068/2617/2110 2069/2618/2111 2065/2614/2107
f 2069/2618/2111 2068/2617/2110 2070/2619/2112
f 2070/2619/2112 2071/2620/2113 2069/2618/2111
f 2071/2620/2113 2070/2619/2112 2072/2621/2114
f 2072/2621/2114 2073/2622/2115 2071/2620/2113
f 2073/2622/2115 2072/2621/2114 2074/2623/2116
f 2074/2623/2116 2075/2624/2117 2073/2622/2115
f 2075/2624/2117 2074/2623/2116 2076/2625/2118
f 2076/2625/2118 2077/2626/2119 2075/2624/2117
f 2077/2626/2119 2076/2625/2118 2078/2627/2120
f 2078/2627/2120 2079/2628/2121 2077/2626/2119
f 2079/2628/2121 2078/2627/2120 2080/2629/2122
f 2080/2629/2122 2081/2630/2123 2079/2628/2121
f 2081/2630/2123 2080/2629/2122 2082/2631/2124
f 2082/2631/2124 2083/2632/2125 2081/2630/2123
f 2083/2632/2125 2082/2631/2124 2084/2633/2126
f 2083/2632/2125 2084/2633/2126 2067/2634/2109
f 2083/2632/2125 2067/2634/2109 2066/2635/2108
f 2066/2635/2108 2085/2636/2127 2083/2632/2125
f 2085/2636/2127 2066/2635/2108 2064/2637/2106
f 2064/2637/2106 2086/2638/2128 2085/2636/2127
f 2086/2638/2128 2064/2637/2106 2062/2639/2104
f 2062/2639/2104 2087/2640/2129 2086/2638/2128
f 2087/2640/2129 2062/2639/2104 2060/2641/2102
f 2087/2640/2129 2060/2641/2102 2049/2584/2091
f 2087/2640/2129 2049/2584/2091 2048/2583/2090
f 2048/2583/2090 2088/2642/2130 2087/2640/2129
f 2088/2642/2130 2048/2583/2090 2050/2587/2092
f 2050/2587/2092 2089/2643/2131 2088/2642/2130
f 2089/2643/2131 2050/2587/2092 2051/2589/2093
f 2051/2589/2093 2090/2644/2132 2089/2643/2131
f 2090/2644/2132 2051/2589/2093 2052/2591/2094
f 2052/2591/2094 2091/2645/2133 2090/2644/2132
f 2091/2645/2133 2052/2591/2094 2053/2593/2095
f 2053/2593/2095 2092/2646/2134 2091/2645/2133
f 2092/2646/2134 2053/2593/2095 2054/2595/2096
f 2054/2595/2096 2093/2647/2135 2092/2646/2134
f 2093/2647/2135 2054/2595/2096 2055/2599/2097
f 2055/2599/2097 2094/2648/2136 2093/2647/2135
f 2094/2648/2136 2055/2599/2097 2056/2601/2098
f 2094/2648/2136 2056/2601/2098 2057/2603/2099
f 2094/2648/2136 2057/2603/2099 2058/2606/2100
f 2058/2606/2100 2095/2649/2137 2094/2648/2136
f 2095/2649/2137 2058/2606/2100 2059/2608/2101
f 2059/2608/2101 2096/2650/2138 2095/2649/2137
f 2096/2650/2138 2059/2608/2101 2061/2610/2103
f 2061/2610/2103 2097/2651/2139 2096/2650/2138
f 2097/2651/2139 2061/2610/2103 2063/2612/2105
f 2097/2651/2139 2063/2612/2105 2065/2614/2107
f 2097/2651/2139 2065/2614/2107 2069/2618/2111
f 2069/2618/2111 2098/2652/2140 2097/2651/2139
f 2098/2652/2140 2069/2618/2111 2071/2620/2113
f 2071/2620/2113 2099/2653/2141 2098/2652/2140
f 2099/2653/2141 2071/2620/2113 2073/2622/2115
f 2073/2622/2115 2100/2654/2142 2099/2653/2141
f 2100/2654/2142 2073/2622/2115 2075/2624/2117
f 2075/2624/2117 2101/2655/2143 2100/2654/2142
f 2101/2655/2143 2075/2624/2117 2077/2626/2119
f 2077/2626/2119 2102/2656/2144 2101/2655/2143
f 2102/2656/2144 2077/2626/2119 2079/2628/2121
f 2079/2628/2121 2103/2657/2145 2102/2656/2144
f 2103/2657/2145 2079/2628/2121 2081/2630/2123
f 2103/2657/2145 2081/2630/2123 2083/2632/2125
f 2103/2657/2145 2083/2632/2125 2085/2636/2127
f 2085/2636/2127 2104/2658/2146 2103/2657/2145
f 2104/2658/2146 2085/2636/2127 2086/2638/2128
f 2104/2658/2146 2086/2638/2128 2087/2640/2129
f 2104/2658/2146 2087/2640/2129 2088/2642/2130
f 2104/2658/2146 2088/2642/2130 2105/2659/2147
f 2105/2659/2147 2103/2657/2145 2104/2658/2146
f 2103/2657/2145 2105/2659/2147 2106/2660/2148
f 2106/2660/2148 2102/2656/2144 2103/2657/2145
f 2102/2656/2144 2106/2660/2148 2107/2661/2149
f 2107/2661/2149 2101/2655/2143 2102/2656/2144
f 2101/2655/2143 2107/2661/2149 2108/2662/2150
f 2108/2662/2150 2100/2654/2142 2101/2655/2143
f 2100/2654/2142 2108/2662/2150 2109/2663/2151
f 2109/2663/2151 2099/2653/2141 2100/2654/2142
f 2099/2653/2141 2109/2663/2151 2110/2664/2152
f 2110/2664/2152 2098/2652/2140 2099/2653/2141
f 2110/2664/2152 2097/2651/2139 2098/2652/2140
f 2110/2664/2152 2096/2650/2138 2097/2651/2139
f 2096/2650/2138 2110/2664/2152 2109/2663/2151
f 2109/2663/2151 2111/2665/2153 2096/2650/2138
f 2111/2665/2153 2109/2663/2151 2108/2662/2150
f 2111/2665/2153 2108/2662/2150 2112/2666/2154
f 2112/2666/2154 2096/2650/2138 2111/2665/2153
f 2112/2666/2154 2095/2649/2137 2096/2650/2138
f 2112/2666/2154 2094/2648/2136 2095/2649/2137
f 2112/2666/2154 2093/2647/2135 2094/2648/2136
f 2093/2647/2135 2112/2666/2154 2113/2667/2155
f 2113/2667/2155 2092/2646/2134 2093/2647/2135
f 2113/2667/2155 2091/2645/2133 2092/2646/2134
f 2113/2667/2155 2108/2662/2150 2091/2645/2133
f 2108/2662/2150 2113/2667/2155 2112/2666/2154
f 2091/2645/2133 2108/2662/2150 2107/2661/2149
f 2107/2661/2149 2090/2644/2132 2091/2645/2133
f 2090/2644/2132 2107/2661/2149 2106/2660/2148
f 2106/2660/2148 2089/2643/2131 2090/2644/2132
f 2089/2643/2131 2106/2660/2148 2105/2659/2147
f 2105/2659/2147 2088/2642/2130 2089/2643/2131
f 1864/2668/1906 1869/2669/1911 2114/2670/2156
f 2114/2670/2156 1862/2671/1904 1864/2668/1906
f 2114/2670/2156 1840/2672/1882 1862/2671/1904
f 2114/2670/2156 1841/2673/1883 1840/2672/1882
f 2114/2670/2156 1845/2674/1887 1841/2673/1883
f 2114/2670/2156 2115/2675/2157 1845/2674/1887
f 2114/2670/2156 2116/2676/2158 2115/2675/2157
f 2114/2670/2156 1802/2677/1844 2116/2676/2158
f 1802/2677/1844 2114/2670/2156 1869/2669/1911
f 1869/2669/1911 1868/2678/1910 1802/2677/1844
f 1801/2679/1843 2116/2676/2158 1802/2677/1844
f 1706/2680/1748 2117/2681/2159 2118/2682/2160
f 2117/2681/2159 1706/2680/1748 1704/2683/1746
f 1704/2683/1746 2119/2684/2161 2117/2681/2159
f 2119/2684/2161 1704/2683/1746 1702/2685/1744
f 1702/2685/1744 2120/2686/2162 2119/2684/2161
f 2120/2686/2162 1702/2685/1744 1700/2687/1742
f 1700/2687/1742 2121/2688/2163 2120/2686/2162
f 2121/2688/2163 1700/2687/1742 1698/2129/1740
f 1698/2129/1740 2122/2689/2164 2121/2688/2163
f 2122/2689/2164 1698/2129/1740 1696/2127/1738
f 1696/2127/1738 2123/2690/2165 2122/2689/2164
f 2123/2690/2165 1696/2127/1738 1694/2125/1736
f 1694/2125/1736 2124/2691/2166 2123/2690/2165
f 2124/2691/2166 1694/2125/1736 1692/2123/1734
f 1692/2123/1734 2125/2692/2167 2124/2691/2166
f 2125/2692/2167 1692/2123/1734 1690/2121/1732
f 1690/2121/1732 2126/2693/2168 2125/2692/2167
f 2126/2693/2168 1690/2121/1732 1688/2119/1730
f 1688/2119/1730 2127/2694/2169 2126/2693/2168
f 2127/2694/2169 1688/2119/1730 1686/2117/1728
f 1686/2117/1728 2128/2695/2170 2127/2694/2169
f 2128/2695/2170 1686/2117/1728 1684/2115/1726
f 1684/2115/1726 2129/2696/2171 2128/2695/2170
f 2129/2696/2171 1684/2115/1726 1682/2113/1724
f 1682/2113/1724 2130/2697/2172 2129/2696/2171
f 2130/2697/2172 1682/2113/1724 1680/2111/1722
f 1680/2111/1722 2131/2698/2173 2130/2697/2172
f 2131/2698/2173 1680/2111/1722 1678/2109/1720
f 1678/2109/1720 2132/2699/2174 2131/2698/2173
f 2132/2699/2174 1678/2109/1720 1676/2107/1718
f 1676/2107/1718 2133/2700/2175 2132/2699/2174
f 2133/2700/2175 1676/2107/1718 1674/2105/1716
f 1674/2105/1716 2134/2701/2176 2133/2700/2175
f 2134/2701/2176 1674/2105/1716 1672/2103/1714
f 1672/2103/1714 2135/2702/2177 2134/2701/2176
f 2135/2702/2177 1672/2103/1714 1670/2101/1712
f 1670/2101/1712 2136/2703/2178 2135/2702/2177
f 2136/2703/2178 1670/2101/1712 1667/2704/1709
f 1667/2704/1709 2137/2705/2179 2136/2703/2178
f 2137/2705/2179 1667/2704/1709 2138/2706/2180
f 2139/2707/2181 2140/2708/2182 2141/2709/2183
f 2140/2708/2182 2139/2707/2181 2142/2710/2184
f 2142/2710/2184 2143/2711/2185 2140/2708/2182
f 2143/2711/2185 2142/2710/2184 2144/2712/2186
f 2144/2712/2186 2145/2713/2187 2143/2711/2185
f 2145/2713/2187 2144/2712/2186 2146/2714/2188
f 2146/2714/2188 2147/2715/2189 2145/2713/2187
f 2147/2715/2189 2146/2714/2188 2148/2716/2190
f 2148/2716/2190 2149/2717/2191 2147/2715/2189
f 2149/2717/2191 2148/2716/2190 2150/2718/2192
f 2150/2718/2192 2151/2719/2193 2149/2717/2191
f 2151/2719/2193 2150/2718/2192 2152/2720/2194
f 2152/2720/2194 2153/2721/2195 2151/2719/2193
f 2153/2721/2195 2152/2720/2194 2154/2722/2196
f 2154/2722/2196 2155/2723/2197 2153/2721/2195
f 2155/2723/2197 2154/2722/2196 2156/2724/2198
f 2156/2724/2198 2157/2725/2199 2155/2723/2197
f 2157/2725/2199 2156/2724/2198 2158/2726/2200
f 2158/2726/2200 2159/2727/2201 2157/2725/2199
f 2159/2727/2201 2158/2726/2200 2160/2728/2202
f 2160/2728/2202 2161/2729/2203 2159/2727/2201
f 2161/2729/2203 2160/2728/2202 2162/2730/2204
f 2162/2730/2204 2163/2731/2205 2161/2729/2203
f 2163/2731/2205 2162/2730/2204 2164/2732/2206
f 2164/2732/2206 2165/2733/2207 2163/2731/2205
f 2165/2733/2207 2164/2732/2206 2166/2734/2208
f 2166/2734/2208 2167/2735/2209 2165/2733/2207
f 2167/2735/2209 2166/2734/2208 2168/2736/2210
f 2168/2736/2210 2169/2737/2211 2167/2735/2209
f 2169/2737/2211 2168/2736/2210 2170/2738/2212
f 2170/2738/2212 2141/2709/2183 2169/2737/2211
f 2141/2709/2183 2170/2738/2212 2139/2707/2181
f 2171/2739/2213 1772/2218/1814 1773/2219/1815
f 2138/2740/2180 1667/2098/1709 1770/2216/1812
f 2172/2741/2214 1707/2138/1749 1706/2137/1748
f 2173/2742/2215 1804/2257/1846 2174/2743/2216
f 1804/2257/1846 2173/2742/2215 1801/2254/1843
f 2175/2744/2217 2173/2745/2215 2174/2746/2216
f 2173/2745/2215 2175/2744/2217 2176/2747/2218
f 2176/2747/2218 2177/2748/2219 2173/2745/2215
f 2177/2748/2219 2176/2747/2218 2178/2749/2220
f 2178/2749/2220 2179/2750/2221 2177/2748/2219
f 2175/2744/2217 2180/2751/2222 2176/2747/2218
f 2180/2751/2222 2175/2744/2217 2181/2752/2223
f 2181/2752/2223 2182/2753/2224 2180/2751/2222
f 2181/2752/2223 2183/2754/2225 2182/2753/2224
f 2183/2754/2225 2181/2752/2223 2184/2755/2226
f 2184/2755/2226 2185/2756/2227 2183/2754/2225
f 2184/2755/2226 2067/2616/2109 2185/2756/2227
f 2184/2755/2226 2068/2617/2110 2067/2616/2109
f 2068/2617/2110 2184/2755/2226 2186/2757/2228
f 2186/2757/2228 2070/2619/2112 2068/2617/2110
f 2070/2619/2112 2186/2757/2228 2187/2758/2229
f 2187/2758/2229 2072/2621/2114 2070/2619/2112
f 2072/2621/2114 2187/2758/2229 2188/2759/2230
f 2188/2759/2230 2074/2623/2116 2072/2621/2114
f 2074/2623/2116 2188/2759/2230 2189/2760/2231
f 2189/2760/2231 2076/2625/2118 2074/2623/2116
f 2076/2625/2118 2189/2760/2231 2190/2761/2232
f 2190/2761/2232 2078/2627/2120 2076/2625/2118
f 2078/2627/2120 2190/2761/2232 2191/2762/2233
f 2191/2762/2233 2080/2629/2122 2078/2627/2120
f 2080/2629/2122 2191/2762/2233 2192/2763/2234
f 2192/2763/2234 2082/2631/2124 2080/2629/2122
f 2082/2631/2124 2192/2763/2234 2193/2764/2235
f 2193/2764/2235 2084/2633/2126 2082/2631/2124
f 2193/2764/2235 2067/2634/2109 2084/2633/2126
f 2193/2764/2235 2185/2765/2227 2067/2634/2109
f 2185/2765/2227 2193/2764/2235 2194/2766/2236
f 2194/2766/2236 2183/2767/2225 2185/2765/2227
f 2194/2766/2236 2182/2768/2224 2183/2767/2225
f 2194/2766/2236 2195/2769/2237 2182/2768/2224
f 2194/2766/2236 2196/2770/2238 2195/2769/2237
f 2196/2770/2238 2194/2766/2236 2193/2764/2235
f 2196/2770/2238 2193/2764/2235 2192/2763/2234
f 2192/2763/2234 2197/2771/2239 2196/2770/2238
f 2197/2771/2239 2192/2763/2234 2191/2762/2233
f 2191/2762/2233 2198/2772/2240 2197/2771/2239
f 2198/2772/2240 2191/2762/2233 2190/2761/2232
f 2190/2761/2232 2199/2773/2241 2198/2772/2240
f 2199/2773/2241 2190/2761/2232 2189/2760/2231
f 2199/2773/2241 2189/2760/2231 2188/2759/2230
f 2188/2759/2230 2200/2774/2242 2199/2773/2241
f 2200/2774/2242 2188/2759/2230 2187/2758/2229
f 2200/2774/2242 2187/2758/2229 2186/2757/2228
f 2200/2774/2242 2186/2757/2228 2184/2755/2226
f 2200/2774/2242 2184/2755/2226 2181/2752/2223
f 2200/2774/2242 2181/2752/2223 2175/2744/2217
f 2175/2744/2217 2199/2773/2241 2200/2774/2242
f 2199/2773/2241 2175/2744/2217 2201/2775/2243
f 2201/2775/2243 2202/2776/2244 2199/2773/2241
f 2202/2776/2244 2201/2775/2243 2203/2777/2245
f 2202/2776/2244 2203/2777/2245 2204/2778/2246
f 2204/2778/2246 2205/2779/2247 2202/2776/2244
f 2205/2779/2247 2204/2778/2246 2206/2780/2248
f 2206/2780/2248 2207/2781/2249 2205/2779/2247
f 2207/2781/2249 2206/2780/2248 2208/2782/2250
f 2208/2782/2250 2209/2783/2251 2207/2781/2249
f 2209/2783/2251 2208/2782/2250 2210/2784/2252
f 2210/2784/2252 2211/2785/2253 2209/2783/2251
f 2211/2785/2253 2210/2784/2252 2212/2786/2254
f 2212/2786/2254 2196/2770/2238 2211/2785/2253
f 2212/2786/2254 2195/2769/2237 2196/2770/2238
f 2195/2769/2237 2212/2786/2254 2210/2784/2252
f 2210/2784/2252 2213/2787/2255 2195/2769/2237
f 2213/2787/2255 2210/2784/2252 2214/2788/2256
f 2214/2788/2256 2178/2789/2220 2213/2787/2255
f 2178/2789/2220 2214/2788/2256 2179/2790/2221
f 2211/2785/2253 2196/2770/2238 2197/2771/2239
f 2197/2771/2239 2215/2791/2257 2211/2785/2253
f 2215/2791/2257 2197/2771/2239 2198/2772/2240
f 2198/2772/2240 2216/2792/2258 2215/2791/2257
f 2216/2792/2258 2198/2772/2240 2199/2773/2241
f 2216/2792/2258 2199/2773/2241 2202/2776/2244
f 2202/2776/2244 2205/2779/2247 2216/2792/2258
f 2217/2793/2259 2218/2794/2260 2219/2795/2261
f 2218/2794/2260 2217/2793/2259 2220/2796/2262
f 2218/2794/2260 2220/2796/2262 2221/2797/2263
f 2221/2797/2263 2222/2798/2264 2218/2794/2260
f 2222/2798/2264 2221/2797/2263 2223/2799/2265
f 2222/2798/2264 2223/2799/2265 2224/2800/2266
f 2222/2798/2264 2224/2800/2266 2225/2801/2267
f 2222/2798/2264 2225/2801/2267 2226/2802/2268
f 2226/2802/2268 2218/2794/2260 2222/2798/2264
f 2226/2802/2268 2225/2801/2267 2227/2803/2269
f 2227/2803/2269 2228/2804/2270 2226/2802/2268
f 2228/2804/2270 2227/2803/2269 2229/2805/2271
f 2228/2804/2270 2229/2805/2271 2230/2806/2272
f 2228/2804/2270 2230/2806/2272 2231/2807/2273
f 2231/2807/2273 2232/2808/2274 2228/2804/2270
f 2232/2808/2274 2231/2807/2273 2233/2809/2275
f 2232/2808/2274 2233/2809/2275 2234/2810/2276
f 2232/2808/2274 2234/2810/2276 2235/2811/2277
f 2232/2808/2274 2235/2811/2277 2218/2794/2260
f 2218/2794/2260 2228/2804/2270 2232/2808/2274
f 2228/2804/2270 2218/2794/2260 2226/2802/2268
f 2219/2795/2261 2218/2794/2260 2235/2811/2277
f 2236/2812/2278 2237/2813/2279 2238/2814/2280
f 2238/2814/2280 2239/2815/2281 2236/2812/2278
f 2239/2815/2281 2238/2814/2280 2240/2816/2282
f 2240/2816/2282 2241/2817/2283 2239/2815/2281
f 2241/2817/2283 2240/2816/2282 2242/2818/2284
f 2242/2818/2284 2243/2819/2285 2241/2817/2283
f 2243/2819/2285 2242/2818/2284 2244/2820/2286
f 2243/2819/2285 2244/2820/2286 2245/2821/2287
f 2245/2821/2287 2246/2822/2288 2243/2819/2285
f 2245/2821/2287 2247/2823/2289 2246/2822/2288
f 2247/2823/2289 2245/2821/2287 2248/2824/2290
f 2248/2824/2290 2249/2825/2291 2247/2823/2289
f 2249/2825/2291 2248/2824/2290 2250/2826/2292
f 2250/2826/2292 2251/2827/2293 2249/2825/2291
f 2251/2827/2293 2250/2826/2292 2252/2828/2294
f 2252/2828/2294 2253/2829/2295 2251/2827/2293
f 2253/2829/2295 2252/2828/2294 2254/2830/2296
f 2254/2830/2296 2255/2831/2297 2253/2829/2295
f 2254/2830/2296 2256/2832/2298 2255/2831/2297
f 2254/2830/2296 2257/2833/2299 2256/2832/2298
f 2257/2833/2299 2254/2830/2296 2258/2834/2300
f 2258/2834/2300 2259/2835/2301 2257/2833/2299
f 2258/2834/2300 2260/2836/2302 2259/2835/2301
f 2258/2834/2300 2261/2837/2303 2260/2836/2302
f 2258/2834/2300 2262/2838/2304 2261/2837/2303
f 2262/2838/2304 2258/2834/2300 2254/2830/2296
f 2262/2838/2304 2254/2830/2296 2252/2828/2294
f 2252/2828/2294 2263/2839/2305 2262/2838/2304
f 2263/2839/2305 2252/2828/2294 2250/2826/2292
f 2250/2826/2292 2264/2840/2306 2263/2839/2305
f 2264/2840/2306 2250/2826/2292 2248/2824/2290
f 2248/2824/2290 2265/2841/2307 2264/2840/2306
f 2265/2841/2307 2248/2824/2290 2245/2821/2287
f 2245/2821/2287 2244/2820/2286 2265/2841/2307
f 2172/2842/2214 1706/2680/1748 2118/2682/2160
f 2118/2682/2160 2266/2843/2308 2172/2842/2214
f 2266/2843/2308 2118/2682/2160 2267/2844/2309
f 2267/2844/2309 2268/2845/2310 2266/2843/2308
f 2267/2844/2309 2269/2846/2311 2268/2845/2310
f 2267/2844/2309 2270/2847/2312 2269/2846/2311
f 2267/2844/2309 2271/2848/2313 2270/2847/2312
f 2271/2848/2313 2267/2844/2309 2118/2682/2160
f 2271/2848/2313 2118/2682/2160 2117/2681/2159
f 2117/2681/2159 2272/2849/2314 2271/2848/2313
f 2272/2849/2314 2117/2681/2159 2119/2684/2161
f 2119/2684/2161 2273/2850/2315 2272/2849/2314
f 2273/2850/2315 2119/2684/2161 2120/2686/2162
f 2120/2686/2162 2274/2851/2316 2273/2850/2315
f 2274/2851/2316 2120/2686/2162 2121/2688/2163
f 2121/2688/2163 2275/2852/2317 2274/2851/2316
f 2275/2852/2317 2121/2688/2163 2122/2689/2164
f 2122/2689/2164 2276/2853/2318 2275/2852/2317
f 2276/2853/2318 2122/2689/2164 2123/2690/2165
f 2123/2690/2165 2277/2854/2319 2276/2853/2318
f 2277/2854/2319 2123/2690/2165 2124/2691/2166
f 2124/2691/2166 2278/2855/2320 2277/2854/2319
f 2278/2855/2320 2124/2691/2166 2125/2692/2167
f 2125/2692/2167 2279/2856/2321 2278/2855/2320
f 2279/2856/2321 2125/2692/2167 2126/2693/2168
f 2126/2693/2168 2280/2857/2322 2279/2856/2321
f 2280/2857/2322 2126/2693/2168 2127/2694/2169
f 2127/2694/2169 2281/2858/2323 2280/2857/2322
f 2281/2858/2323 2127/2694/2169 2128/2695/2170
f 2128/2695/2170 2282/2859/2324 2281/2858/2323
f 2282/2859/2324 2128/2695/2170 2129/2696/2171
f 2129/2696/2171 2283/2860/2325 2282/2859/2324
f 2283/2860/2325 2129/2696/2171 2130/2697/2172
f 2130/2697/2172 2284/2861/2326 2283/2860/2325
f 2284/2861/2326 2130/2697/2172 2131/2698/2173
f 2131/2698/2173 2285/2862/2327 2284/2861/2326
f 2285/2862/2327 2131/2698/2173 2132/2699/2174
f 2132/2699/2174 2286/2863/2328 2285/2862/2327
f 2286/2863/2328 2132/2699/2174 2133/2700/2175
f 2133/2700/2175 2287/2864/2329 2286/2863/2328
f 2287/2864/2329 2133/2700/2175 2134/2701/2176
f 2134/2701/2176 2288/2865/2330 2287/2864/2329
f 2288/2865/2330 2134/2701/2176 2135/2702/2177
f 2288/2865/2330 2135/2702/2177 2136/2703/2178
f 2136/2703/2178 2289/2866/2331 2288/2865/2330
f 2289/2866/2331 2136/2703/2178 2137/2705/2179
f 2289/2866/2331 2137/2705/2179 2290/2867/2332
f 2289/2866/2331 2290/2867/2332 2291/2868/2333
f 2289/2866/2331 2291/2868/2333 2292/2869/2334
f 2289/2866/2331 2292/2869/2334 2293/2870/2335
f 2293/2870/2335 2288/2865/2330 2289/2866/2331
f 2288/2865/2330 2293/2870/2335 2294/2871/2336
f 2294/2871/2336 2287/2864/2329 2288/2865/2330
f 2287/2864/2329 2294/2871/2336 2295/2872/2337
f 2295/2872/2337 2286/2863/2328 2287/2864/2329
f 2286/2863/2328 2295/2872/2337 2296/2873/2338
f 2296/2873/2338 2285/2862/2327 2286/2863/2328
f 2285/2862/2327 2296/2873/2338 2297/2874/2339
f 2297/2874/2339 2284/2861/2326 2285/2862/2327
f 2284/2861/2326 2297/2874/2339 2298/2875/2340
f 2298/2875/2340 2283/2860/2325 2284/2861/2326
f 2283/2860/2325 2298/2875/2340 2299/2876/2341
f 2299/2876/2341 2282/2859/2324 2283/2860/2325
f 2282/2859/2324 2299/2876/2341 2300/2877/2342
f 2300/2877/2342 2281/2858/2323 2282/2859/2324
f 2281/2858/2323 2300/2877/2342 2301/2878/2343
f 2301/2878/2343 2280/2857/2322 2281/2858/2323
f 2280/2857/2322 2301/2878/2343 2302/2879/2344
f 2302/2879/2344 2279/2856/2321 2280/2857/2322
f 2279/2856/2321 2302/2879/2344 2303/2880/2345
f 2303/2880/2345 2278/2855/2320 2279/2856/2321
f 2278/2855/2320 2303/2880/2345 2304/2881/2346
f 2304/2881/2346 2277/2854/2319 2278/2855/2320
f 2277/2854/2319 2304/2881/2346 2305/2882/2347
f 2305/2882/2347 2276/2853/2318 2277/2854/2319
f 2276/2853/2318 2305/2882/2347 2306/2883/2348
f 2306/2883/2348 2275/2852/2317 2276/2853/2318
f 2275/2852/2317 2306/2883/2348 2307/2884/2349
f 2307/2884/2349 2274/2851/2316 2275/2852/2317
f 2274/2851/2316 2307/2884/2349 2308/2885/2350
f 2308/2885/2350 2273/2850/2315 2274/2851/2316
f 2273/2850/2315 2308/2885/2350 2309/2886/2351
f 2309/2886/2351 2272/2849/2314 2273/2850/2315
f 2272/2849/2314 2309/2886/2351 2310/2887/2352
f 2310/2887/2352 2271/2848/2313 2272/2849/2314
f 2271/2848/2313 2310/2887/2352 2311/2888/2353
f 2311/2888/2353 2270/2847/2312 2271/2848/2313
f 2224/2889/2266 2307/2884/2349 2306/2883/2348
f 2306/2883/2348 2225/2890/2267 2224/2889/2266
f 2225/2890/2267 2306/2883/2348 2305/2882/2347
f 2305/2882/2347 2227/2891/2269 2225/2890/2267
f 2227/2891/2269 2305/2882/2347 2304/2881/2346
f 2304/2881/2346 2229/2892/2271 2227/2891/2269
f 2229/2892/2271 2304/2881/2346 2303/2880/2345
f 2303/2880/2345 2230/2893/2272 2229/2892/2271
f 2230/2893/2272 2303/2880/2345 2302/2879/2344
f 2302/2879/2344 2312/2894/2354 2230/2893/2272
f 2312/2894/2354 2302/2879/2344 2301/2878/2343
f 2301/2878/2343 2313/2895/2355 2312/2894/2354
f 2313/2895/2355 2301/2878/2343 2300/2877/2342
f 2300/2877/2342 2314/2896/2356 2313/2895/2355
f 2314/2896/2356 2300/2877/2342 2299/2876/2341
f 2299/2876/2341 2315/2897/2357 2314/2896/2356
f 2315/2897/2357 2299/2876/2341 2298/2875/2340
f 2298/2875/2340 2316/2898/2358 2315/2897/2357
f 2316/2898/2358 2298/2875/2340 2297/2874/2339
f 2297/2874/2339 2317/2899/2359 2316/2898/2358
f 2317/2899/2359 2297/2874/2339 2296/2873/2338
f 2296/2873/2338 2318/2900/2360 2317/2899/2359
f 2318/2900/2360 2296/2873/2338 2295/2872/2337
f 2295/2872/2337 2319/2901/2361 2318/2900/2360
f 2319/2901/2361 2295/2872/2337 2294/2871/2336
f 2294/2871/2336 2320/2902/2362 2319/2901/2361
f 2320/2902/2362 2294/2871/2336 2293/2870/2335
f 2293/2870/2335 2321/2903/2363 2320/2902/2362
f 2321/2903/2363 2293/2870/2335 2292/2869/2334
f 1850/2315/1892 2204/2904/2246 2203/2905/2245
f 2204/2904/2246 1850/2315/1892 1849/2314/1891
f 1849/2314/1891 2322/2906/2364 2204/2904/2246
f 2322/2906/2364 1849/2314/1891 1852/2317/1894
f 1852/2317/1894 2323/2907/2365 2322/2906/2364
f 2323/2907/2365 1852/2317/1894 1854/2319/1896
f 2323/2907/2365 1854/2319/1896 1846/2321/1888
f 2323/2907/2365 1846/2321/1888 2324/2908/2366
f 2324/2908/2366 2325/2909/2367 2323/2907/2365
f 2325/2909/2367 2324/2908/2366 2326/2910/2368
f 2326/2910/2368 2327/2911/2369 2325/2909/2367
f 2327/2911/2369 2326/2910/2368 2328/2912/2370
f 2328/2912/2370 2329/2913/2371 2327/2911/2369
f 2329/2913/2371 2328/2912/2370 2330/2914/2372
f 2330/2914/2372 2331/2915/2373 2329/2913/2371
f 2331/2915/2373 2330/2914/2372 2332/2916/2374
f 2332/2916/2374 2333/2917/2375 2331/2915/2373
f 2333/2917/2375 2332/2916/2374 2334/2918/2376
f 2334/2918/2376 2335/2919/2377 2333/2917/2375
f 2335/2919/2377 2334/2918/2376 2336/2920/2378
f 2336/2920/2378 2337/2921/2379 2335/2919/2377
f 2337/2921/2379 2336/2920/2378 2338/2922/2380
f 2337/2921/2379 2338/2922/2380 1845/2674/1887
f 2337/2921/2379 1845/2674/1887 2115/2675/2157
f 2115/2675/2157 2339/2923/2381 2337/2921/2379
f 2339/2923/2381 2115/2675/2157 2116/2676/2158
f 2339/2923/2381 2116/2676/2158 1801/2679/1843
f 2339/2923/2381 1801/2679/1843 2173/2924/2215
f 2339/2923/2381 2173/2924/2215 2177/2925/2219
f 2177/2925/2219 2337/2921/2379 2339/2923/2381
f 2177/2925/2219 2335/2919/2377 2337/2921/2379
f 2335/2919/2377 2177/2925/2219 2179/2926/2221
f 2179/2926/2221 2333/2917/2375 2335/2919/2377
f 2333/2917/2375 2179/2926/2221 2340/2927/2382
f 2340/2927/2382 2331/2915/2373 2333/2917/2375
f 2331/2915/2373 2340/2927/2382 2341/2928/2383
f 2341/2928/2383 2329/2913/2371 2331/2915/2373
f 2329/2913/2371 2341/2928/2383 2342/2929/2384
f 2342/2929/2384 2327/2911/2369 2329/2913/2371
f 2342/2929/2384 2325/2909/2367 2327/2911/2369
f 2325/2909/2367 2342/2929/2384 2206/2930/2248
f 2206/2930/2248 2322/2906/2364 2325/2909/2367
f 2322/2906/2364 2206/2930/2248 2204/2904/2246
f 2323/2907/2365 2325/2909/2367 2322/2906/2364
f 2342/2929/2384 2208/2931/2250 2206/2930/2248
f 2208/2931/2250 2342/2929/2384 2341/2928/2383
f 2341/2928/2383 2210/2932/2252 2208/2931/2250
f 2210/2932/2252 2341/2928/2383 2340/2927/2382
f 2340/2927/2382 2214/2933/2256 2210/2932/2252
f 2214/2933/2256 2340/2927/2382 2179/2926/2221
f 2332/2934/2374 2330/2935/2372 2328/2936/2370
f 2328/2936/2370 2334/2937/2376 2332/2934/2374
f 2334/2937/2376 2328/2936/2370 2326/2938/2368
f 2326/2938/2368 2336/2939/2378 2334/2937/2376
f 2336/2939/2378 2326/2938/2368 2324/2940/2366
f 2324/2940/2366 2338/2941/2380 2336/2939/2378
f 2338/2941/2380 2324/2940/2366 1846/2311/1888
f 1846/2311/1888 1845/2310/1887 2338/2941/2380
f 2343/2942/2385 2168/2943/2210 2166/2944/2208
f 2166/2944/2208 2344/2945/2386 2343/2942/2385
f 2344/2945/2386 2166/2944/2208 2164/2946/2206
f 2164/2946/2206 2260/2836/2302 2344/2945/2386
f 2260/2836/2302 2164/2946/2206 2162/2947/2204
f 2162/2947/2204 2259/2835/2301 2260/2836/2302
f 2259/2835/2301 2162/2947/2204 2160/2948/2202
f 2160/2948/2202 2257/2833/2299 2259/2835/2301
f 2257/2833/2299 2160/2948/2202 2158/2949/2200
f 2158/2949/2200 2256/2832/2298 2257/2833/2299
f 2256/2832/2298 2158/2949/2200 2156/2950/2198
f 2156/2950/2198 2345/2951/2387 2256/2832/2298
f 2345/2951/2387 2156/2950/2198 2154/2952/2196
f 2154/2952/2196 2346/2953/2388 2345/2951/2387
f 2346/2953/2388 2154/2952/2196 2152/2954/2194
f 2152/2954/2194 2347/2955/2389 2346/2953/2388
f 2347/2955/2389 2152/2954/2194 2150/2956/2192
f 2347/2955/2389 2150/2956/2192 2148/2957/2190
f 2347/2955/2389 2148/2957/2190 2348/2958/2390
f 2348/2958/2390 2349/2959/2391 2347/2955/2389
f 2348/2958/2390 2350/2960/2392 2349/2959/2391
f 2350/2960/2392 2348/2958/2390 2351/2961/2393
f 2351/2961/2393 2352/2962/2394 2350/2960/2392
f 2351/2961/2393 2353/2963/2395 2352/2962/2394
f 2351/2961/2393 2354/2964/2396 2353/2963/2395
f 2351/2961/2393 2146/2965/2188 2354/2964/2396
f 2146/2965/2188 2351/2961/2393 2348/2958/2390
f 2348/2958/2390 2148/2957/2190 2146/2965/2188
f 2144/2966/2186 2354/2964/2396 2146/2965/2188
f 2243/2819/2285 2246/2822/2288 2355/2967/2397
f 2355/2967/2397 2241/2817/2283 2243/2819/2285
f 2241/2817/2283 2355/2967/2397 2356/2968/2398
f 2356/2968/2398 2239/2815/2281 2241/2817/2283
f 2356/2968/2398 2236/2812/2278 2239/2815/2281
f 2236/2812/2278 2356/2968/2398 2357/2969/2399
f 2357/2969/2399 2237/2970/2279 2236/2812/2278
f 2357/2969/2399 2358/2971/2400 2237/2970/2279
f 2358/2971/2400 2357/2969/2399 2359/2972/2401
f 2359/2972/2401 2360/2973/2402 2358/2971/2400
f 2360/2973/2402 2359/2972/2401 2361/2974/2403
f 2361/2974/2403 2321/2975/2363 2360/2973/2402
f 2321/2975/2363 2361/2974/2403 2362/2976/2404
f 2362/2976/2404 2320/2977/2362 2321/2975/2363
f 2320/2977/2362 2362/2976/2404 2363/2978/2405
f 2363/2978/2405 2319/2979/2361 2320/2977/2362
f 2319/2979/2361 2363/2978/2405 2364/2980/2406
f 2364/2980/2406 2318/2981/2360 2319/2979/2361
f 2318/2981/2360 2364/2980/2406 2365/2982/2407
f 2365/2982/2407 2317/2983/2359 2318/2981/2360
f 2317/2983/2359 2365/2982/2407 2366/2984/2408
f 2366/2984/2408 2367/2985/2409 2317/2983/2359
f 2367/2985/2409 2366/2984/2408 2368/2986/2410
f 2368/2986/2410 2369/2987/2411 2367/2985/2409
f 2369/2987/2411 2368/2986/2410 2370/2988/2412
f 2370/2988/2412 2371/2989/2413 2369/2987/2411
f 2371/2989/2413 2370/2988/2412 2372/2990/2414
f 2372/2990/2414 2373/2991/2415 2371/2989/2413
f 2373/2991/2415 2372/2990/2414 2374/2992/2416
f 2374/2992/2416 2375/2993/2417 2373/2991/2415
f 2375/2993/2417 2374/2992/2416 2376/2994/2418
f 2376/2994/2418 2377/2995/2419 2375/2993/2417
f 2377/2995/2419 2376/2994/2418 2378/2996/2420
f 2378/2996/2420 2379/2997/2421 2377/2995/2419
f 2379/2997/2421 2378/2996/2420 2380/2998/2422
f 2380/2998/2422 2381/2999/2423 2379/2997/2421
f 2381/2999/2423 2380/2998/2422 2382/3000/2424
f 2382/3000/2424 2383/3001/2425 2381/2999/2423
f 2383/3001/2425 2382/3000/2424 2384/3002/2426
f 2384/3002/2426 2385/3003/2427 2383/3001/2425
f 2385/3003/2427 2384/3002/2426 2386/3004/2428
f 2386/3004/2428 2387/3005/2429 2385/3003/2427
f 2386/3004/2428 2388/3006/2430 2387/3005/2429
f 2388/3006/2430 2386/3004/2428 2389/3007/2431
f 2389/3007/2431 2390/3008/2432 2388/3006/2430
f 2389/3007/2431 2343/3009/2385 2390/3008/2432
f 2343/3009/2385 2389/3007/2431 2391/3010/2433
f 2391/3010/2433 2168/3011/2210 2343/3009/2385
f 2168/3011/2210 2391/3010/2433 2392/3012/2434
f 2392/3012/2434 2170/3013/2212 2168/3011/2210
f 2170/3013/2212 2392/3012/2434 2393/3014/2435
f 2393/3014/2435 2139/3015/2181 2170/3013/2212
f 2139/3015/2181 2393/3014/2435 2394/3016/2436
f 2394/3016/2436 2142/3017/2184 2139/3015/2181
f 2142/3017/2184 2394/3016/2436 2395/3018/2437
f 2395/3018/2437 2144/3019/2186 2142/3017/2184
f 2144/3019/2186 2395/3018/2437 2396/3020/2438
f 2396/3020/2438 2354/3021/2396 2144/3019/2186
f 2396/3020/2438 2353/3022/2395 2354/3021/2396
f 2396/3020/2438 2397/3023/2439 2353/3022/2395
f 2397/3023/2439 2396/3020/2438 2398/3024/2440
f 2398/3024/2440 2399/3025/2441 2397/3023/2439
f 2399/3025/2441 2398/3024/2440 2400/3026/2442
f 2400/3026/2442 2401/3027/2443 2399/3025/2441
f 2401/3027/2443 2400/3026/2442 2402/3028/2444
f 2402/3028/2444 2403/3029/2445 2401/3027/2443
f 2403/3029/2445 2402/3028/2444 2404/3030/2446
f 2404/3030/2446 2405/3031/2447 2403/3029/2445
f 2405/3031/2447 2404/3030/2446 2406/3032/2448
f 2406/3032/2448 2407/3033/2449 2405/3031/2447
f 2407/3033/2449 2406/3032/2448 2408/3034/2450
f 2408/3034/2450 2409/3035/2451 2407/3033/2449
f 2409/3035/2451 2408/3034/2450 2410/3036/2452
f 2410/3036/2452 2411/3037/2453 2409/3035/2451
f 2410/3036/2452 2412/3038/2454 2411/3037/2453
f 2412/3038/2454 2410/3036/2452 2413/3039/2455
f 2412/3038/2454 2413/3039/2455 2414/3040/2456
f 2414/3040/2456 2411/3037/2453 2412/3038/2454
f 2411/3037/2453 2414/3040/2456 2415/3041/2457
f 2415/3041/2457 2416/3042/2458 2411/3037/2453
f 2416/3042/2458 2415/3041/2457 2417/3043/2459
f 2417/3043/2459 2418/3044/2460 2416/3042/2458
f 2418/3044/2460 2417/3043/2459 2419/3045/2461
f 2419/3045/2461 2420/3046/2462 2418/3044/2460
f 2420/3046/2462 2419/3045/2461 2421/3047/2463
f 2421/3047/2463 2422/3048/2464 2420/3046/2462
f 2422/3048/2464 2421/3047/2463 2423/3049/2465
f 2423/3049/2465 2424/3050/2466 2422/3048/2464
f 2424/3050/2466 2423/3049/2465 2425/3051/2467
f 2425/3051/2467 2426/3052/2468 2424/3050/2466
f 2426/3052/2468 2425/3051/2467 2427/3053/2469
f 2427/3053/2469 2428/3054/2470 2426/3052/2468
f 2427/3053/2469 2349/2959/2391 2428/3054/2470
f 2427/3053/2469 2347/2955/2389 2349/2959/2391
f 2347/2955/2389 2427/3053/2469 2429/3055/2471
f 2429/3055/2471 2346/2953/2388 2347/2955/2389
f 2346/2953/2388 2429/3055/2471 2430/3056/2472
f 2430/3056/2472 2345/2951/2387 2346/2953/2388
f 2430/3056/2472 2256/2832/2298 2345/2951/2387
f 2430/3056/2472 2255/2831/2297 2256/2832/2298
f 2255/2831/2297 2430/3056/2472 2431/3057/2473
f 2431/3057/2473 2253/2829/2295 2255/2831/2297
f 2253/2829/2295 2431/3057/2473 2432/3058/2474
f 2432/3058/2474 2251/2827/2293 2253/2829/2295
f 2251/2827/2293 2432/3058/2474 2433/3059/2475
f 2433/3059/2475 2249/2825/2291 2251/2827/2293
f 2249/2825/2291 2433/3059/2475 2434/3060/2476
f 2434/3060/2476 2247/2823/2289 2249/2825/2291
f 2434/3060/2476 2246/2822/2288 2247/2823/2289
f 2434/3060/2476 2435/3061/2477 2246/2822/2288
f 2434/3060/2476 2436/3062/2478 2435/3061/2477
f 2436/3062/2478 2434/3060/2476 2433/3059/2475
f 2433/3059/2475 2437/3063/2479 2436/3062/2478
f 2437/3063/2479 2433/3059/2475 2432/3058/2474
f 2432/3058/2474 2438/3064/2480 2437/3063/2479
f 2438/3064/2480 2432/3058/2474 2431/3057/2473
f 2431/3057/2473 2439/3065/2481 2438/3064/2480
f 2439/3065/2481 2431/3057/2473 2430/3056/2472
f 2439/3065/2481 2430/3056/2472 2429/3055/2471
f 2439/3065/2481 2429/3055/2471 2427/3053/2469
f 2439/3065/2481 2427/3053/2469 2425/3051/2467
f 2425/3051/2467 2440/3066/2482 2439/3065/2481
f 2440/3066/2482 2425/3051/2467 2423/3049/2465
f 2423/3049/2465 2441/3067/2483 2440/3066/2482
f 2441/3067/2483 2423/3049/2465 2421/3047/2463
f 2421/3047/2463 2442/3068/2484 2441/3067/2483
f 2442/3068/2484 2421/3047/2463 2419/3045/2461
f 2419/3045/2461 2443/3069/2485 2442/3068/2484
f 2443/3069/2485 2419/3045/2461 2417/3043/2459
f 2417/3043/2459 2444/3070/2486 2443/3069/2485
f 2444/3070/2486 2417/3043/2459 2415/3041/2457
f 2415/3041/2457 2445/3071/2487 2444/3070/2486
f 2445/3071/2487 2415/3041/2457 2414/3040/2456
f 2414/3040/2456 2446/3072/2488 2445/3071/2487
f 2446/3072/2488 2414/3040/2456 2413/3039/2455
f 2413/3039/2455 2362/2976/2404 2446/3072/2488
f 2413/3039/2455 2363/2978/2405 2362/2976/2404
f 2413/3039/2455 2447/3073/2489 2363/2978/2405
f 2447/3073/2489 2413/3039/2455 2410/3036/2452
f 2447/3073/2489 2410/3036/2452 2408/3034/2450
f 2447/3073/2489 2408/3034/2450 2448/3074/2490
f 2447/3073/2489 2448/3074/2490 2364/2980/2406
f 2364/2980/2406 2363/2978/2405 2447/3073/2489
f 2448/3074/2490 2365/2982/2407 2364/2980/2406
f 2365/2982/2407 2448/3074/2490 2449/3075/2491
f 2449/3075/2491 2366/2984/2408 2365/2982/2407
f 2449/3075/2491 2368/2986/2410 2366/2984/2408
f 2449/3075/2491 2370/2988/2412 2368/2986/2410
f 2449/3075/2491 2450/3076/2492 2370/2988/2412
f 2450/3076/2492 2449/3075/2491 2448/3074/2490
f 2450/3076/2492 2448/3074/2490 2408/3034/2450
f 2450/3076/2492 2408/3034/2450 2406/3032/2448
f 2406/3032/2448 2451/3077/2493 2450/3076/2492
f 2451/3077/2493 2406/3032/2448 2404/3030/2446
f 2404/3030/2446 2452/3078/2494 2451/3077/2493
f 2452/3078/2494 2404/3030/2446 2402/3028/2444
f 2402/3028/2444 2453/3079/2495 2452/3078/2494
f 2453/3079/2495 2402/3028/2444 2400/3026/2442
f 2400/3026/2442 2454/3080/2496 2453/3079/2495
f 2454/3080/2496 2400/3026/2442 2398/3024/2440
f 2398/3024/2440 2455/3081/2497 2454/3080/2496
f 2455/3081/2497 2398/3024/2440 2396/3020/2438
f 2396/3020/2438 2456/3082/2498 2455/3081/2497
f 2456/3082/2498 2396/3020/2438 2395/3018/2437
f 2456/3082/2498 2395/3018/2437 2394/3016/2436
f 2394/3016/2436 2457/3083/2499 2456/3082/2498
f 2457/3083/2499 2394/3016/2436 2393/3014/2435
f 2393/3014/2435 2458/3084/2500 2457/3083/2499
f 2458/3084/2500 2393/3014/2435 2392/3012/2434
f 2458/3084/2500 2392/3012/2434 2391/3010/2433
f 2458/3084/2500 2391/3010/2433 2389/3007/2431
f 2458/3084/2500 2389/3007/2431 2386/3004/2428
f 2386/3004/2428 2457/3083/2499 2458/3084/2500
f 2457/3083/2499 2386/3004/2428 2459/3085/2501
f 2459/3085/2501 2456/3082/2498 2457/3083/2499
f 2459/3085/2501 2455/3081/2497 2456/3082/2498
f 2459/3085/2501 2460/3086/2502 2455/3081/2497
f 2460/3086/2502 2459/3085/2501 2386/3004/2428
f 2460/3086/2502 2386/3004/2428 2384/3002/2426
f 2384/3002/2426 2461/3087/2503 2460/3086/2502
f 2461/3087/2503 2384/3002/2426 2382/3000/2424
f 2382/3000/2424 2462/3088/2504 2461/3087/2503
f 2462/3088/2504 2382/3000/2424 2380/2998/2422
f 2462/3088/2504 2380/2998/2422 2378/2996/2420
f 2378/2996/2420 2452/3078/2494 2462/3088/2504
f 2452/3078/2494 2378/2996/2420 2463/3089/2505
f 2463/3089/2505 2451/3077/2493 2452/3078/2494
f 2451/3077/2493 2463/3089/2505 2464/3090/2506
f 2464/3090/2506 2450/3076/2492 2451/3077/2493
f 2464/3090/2506 2370/2988/2412 2450/3076/2492
f 2370/2988/2412 2464/3090/2506 2465/3091/2507
f 2465/3091/2507 2372/2990/2414 2370/2988/2412
f 2465/3091/2507 2374/2992/2416 2372/2990/2414
f 2465/3091/2507 2376/2994/2418 2374/2992/2416
f 2465/3091/2507 2463/3089/2505 2376/2994/2418
f 2463/3089/2505 2465/3091/2507 2464/3090/2506
f 2378/2996/2420 2376/2994/2418 2463/3089/2505
f 2462/3088/2504 2452/3078/2494 2453/3079/2495
f 2453/3079/2495 2461/3087/2503 2462/3088/2504
f 2461/3087/2503 2453/3079/2495 2454/3080/2496
f 2454/3080/2496 2460/3086/2502 2461/3087/2503
f 2460/3086/2502 2454/3080/2496 2455/3081/2497
f 2438/3064/2480 2439/3065/2481 2440/3066/2482
f 2440/3066/2482 2437/3063/2479 2438/3064/2480
f 2437/3063/2479 2440/3066/2482 2441/3067/2483
f 2441/3067/2483 2436/3062/2478 2437/3063/2479
f 2436/3062/2478 2441/3067/2483 2442/3068/2484
f 2436/3062/2478 2442/3068/2484 2466/3092/2508
f 2466/3092/2508 2435/3061/2477 2436/3062/2478
f 2435/3061/2477 2466/3092/2508 2467/3093/2509
f 2467/3093/2509 2246/2822/2288 2435/3061/2477
f 2467/3093/2509 2355/2967/2397 2246/2822/2288
f 2355/2967/2397 2467/3093/2509 2468/3094/2510
f 2468/3094/2510 2356/2968/2398 2355/2967/2397
f 2468/3094/2510 2357/2969/2399 2356/2968/2398
f 2357/2969/2399 2468/3094/2510 2469/3095/2511
f 2469/3095/2511 2359/2972/2401 2357/2969/2399
f 2359/2972/2401 2469/3095/2511 2470/3096/2512
f 2470/3096/2512 2361/2974/2403 2359/2972/2401
f 2470/3096/2512 2362/2976/2404 2361/2974/2403
f 2470/3096/2512 2446/3072/2488 2362/2976/2404
f 2446/3072/2488 2470/3096/2512 2471/3097/2513
f 2471/3097/2513 2445/3071/2487 2446/3072/2488
f 2445/3071/2487 2471/3097/2513 2472/3098/2514
f 2472/3098/2514 2444/3070/2486 2445/3071/2487
f 2472/3098/2514 2443/3069/2485 2444/3070/2486
f 2443/3069/2485 2472/3098/2514 2466/3092/2508
f 2466/3092/2508 2442/3068/2484 2443/3069/2485
f 2466/3092/2508 2472/3098/2514 2473/3099/2515
f 2473/3099/2515 2467/3093/2509 2466/3092/2508
f 2467/3093/2509 2473/3099/2515 2474/3100/2516
f 2474/3100/2516 2468/3094/2510 2467/3093/2509
f 2474/3100/2516 2469/3095/2511 2468/3094/2510
f 2474/3100/2516 2471/3097/2513 2469/3095/2511
f 2471/3097/2513 2474/3100/2516 2473/3099/2515
f 2473/3099/2515 2472/3098/2514 2471/3097/2513
f 2470/3096/2512 2469/3095/2511 2471/3097/2513
f 2418/3101/2460 2420/3102/2462 2475/3103/2517
f 2475/3103/2517 2416/3104/2458 2418/3101/2460
f 2416/3104/2458 2475/3103/2517 2476/3105/2518
f 2476/3105/2518 2411/3106/2453 2416/3104/2458
f 2476/3105/2518 2477/3107/2519 2411/3106/2453
f 2477/3107/2519 2476/3105/2518 2478/3108/2520
f 2478/3108/2520 2479/3109/2521 2477/3107/2519
f 2479/3109/2521 2478/3108/2520 2480/3110/2522
f 2480/3110/2522 2481/3111/2523 2479/3109/2521
f 2480/3110/2522 2008/2522/2050 2481/3111/2523
f 2480/3110/2522 2009/2523/2051 2008/2522/2050
f 2009/2523/2051 2480/3110/2522 2482/3112/2524
f 2482/3112/2524 2011/2525/2053 2009/2523/2051
f 2011/2525/2053 2482/3112/2524 2483/3113/2525
f 2483/3113/2525 2013/2527/2055 2011/2525/2053
f 2013/2527/2055 2483/3113/2525 2484/3114/2526
f 2484/3114/2526 2015/2529/2057 2013/2527/2055
f 2015/2529/2057 2484/3114/2526 2485/3115/2527
f 2485/3115/2527 2017/2531/2059 2015/2529/2057
f 2017/2531/2059 2485/3115/2527 2486/3116/2528
f 2486/3116/2528 2019/2533/2061 2017/2531/2059
f 2019/2533/2061 2486/3116/2528 2487/3117/2529
f 2487/3117/2529 2021/2535/2063 2019/2533/2061
f 2021/2535/2063 2487/3117/2529 2488/3118/2530
f 2488/3118/2530 2022/2536/2064 2021/2535/2063
f 2488/3118/2530 2023/2537/2065 2022/2536/2064
f 2488/3118/2530 2025/2539/2067 2023/2537/2065
f 2025/2539/2067 2488/3118/2530 2489/3119/2531
f 2489/3119/2531 2027/2541/2069 2025/2539/2067
f 2027/2541/2069 2489/3119/2531 2490/3120/2532
f 2490/3120/2532 2029/2543/2071 2027/2541/2069
f 2029/2543/2071 2490/3120/2532 2491/3121/2533
f 2491/3121/2533 2031/2545/2073 2029/2543/2071
f 2031/2545/2073 2491/3121/2533 2492/3122/2534
f 2492/3122/2534 2033/2547/2075 2031/2545/2073
f 2033/2547/2075 2492/3122/2534 2493/3123/2535
f 2493/3123/2535 2007/2549/2049 2033/2547/2075
f 2493/3123/2535 2008/3124/2050 2007/2549/2049
f 2493/3123/2535 2494/3125/2536 2008/3124/2050
f 2494/3125/2536 2493/3123/2535 2492/3122/2534
f 2492/3122/2534 2495/3126/2537 2494/3125/2536
f 2495/3126/2537 2492/3122/2534 2491/3121/2533
f 2491/3121/2533 2496/3127/2538 2495/3126/2537
f 2496/3127/2538 2491/3121/2533 2490/3120/2532
f 2490/3120/2532 2497/3128/2539 2496/3127/2538
f 2497/3128/2539 2490/3120/2532 2489/3119/2531
f 2489/3119/2531 2498/3129/2540 2497/3128/2539
f 2498/3129/2540 2489/3119/2531 2488/3118/2530
f 2488/3118/2530 2499/3130/2541 2498/3129/2540
f 2499/3130/2541 2488/3118/2530 2487/3117/2529
f 2487/3117/2529 2500/3131/2542 2499/3130/2541
f 2500/3131/2542 2487/3117/2529 2486/3116/2528
f 2486/3116/2528 2501/3132/2543 2500/3131/2542
f 2501/3132/2543 2486/3116/2528 2485/3115/2527
f 2485/3115/2527 2502/3133/2544 2501/3132/2543
f 2502/3133/2544 2485/3115/2527 2484/3114/2526
f 2484/3114/2526 2503/3134/2545 2502/3133/2544
f 2503/3134/2545 2484/3114/2526 2483/3113/2525
f 2483/3113/2525 2504/3135/2546 2503/3134/2545
f 2504/3135/2546 2483/3113/2525 2482/3112/2524
f 2482/3112/2524 2505/3136/2547 2504/3135/2546
f 2505/3136/2547 2482/3112/2524 2480/3110/2522
f 2505/3136/2547 2480/3110/2522 2478/3108/2520
f 2505/3136/2547 2478/3108/2520 2476/3105/2518
f 2505/3136/2547 2476/3105/2518 2475/3103/2517
f 2475/3103/2517 2504/3135/2546 2505/3136/2547
f 2504/3135/2546 2475/3103/2517 2506/3137/2548
f 2506/3137/2548 2503/3134/2545 2504/3135/2546
f 2503/3134/2545 2506/3137/2548 2507/3138/2549
f 2507/3138/2549 2502/3133/2544 2503/3134/2545
f 2502/3133/2544 2507/3138/2549 2508/3139/2550
f 2508/3139/2550 2501/3132/2543 2502/3133/2544
f 2501/3132/2543 2508/3139/2550 2509/3140/2551
f 2509/3140/2551 2500/3131/2542 2501/3132/2543
f 2500/3131/2542 2509/3140/2551 2510/3141/2552
f 2510/3141/2552 2499/3130/2541 2500/3131/2542
f 2499/3130/2541 2510/3141/2552 2511/3142/2553
f 2511/3142/2553 2498/3129/2540 2499/3130/2541
f 2498/3129/2540 2511/3142/2553 2512/3143/2554
f 2512/3143/2554 2497/3128/2539 2498/3129/2540
f 2497/3128/2539 2512/3143/2554 2513/3144/2555
f 2513/3144/2555 2496/3127/2538 2497/3128/2539
f 2513/3144/2555 2495/3126/2537 2496/3127/2538
f 2513/3144/2555 2514/3145/2556 2495/3126/2537
f 2513/3144/2555 2515/3146/2557 2514/3145/2556
f 2515/3146/2557 2513/3144/2555 2512/3143/2554
f 2515/3146/2557 2512/3143/2554 2516/3147/2558
f 2515/3146/2557 2516/3147/2558 2405/3148/2447
f 2405/3148/2447 2514/3145/2556 2515/3146/2557
f 2514/3145/2556 2405/3148/2447 2407/3149/2449
f 2407/3149/2449 2517/3150/2559 2514/3145/2556
f 2517/3150/2559 2407/3149/2449 2409/3151/2451
f 2517/3150/2559 2409/3151/2451 2411/3152/2453
f 2517/3150/2559 2411/3152/2453 2477/3153/2519
f 2517/3150/2559 2477/3153/2519 2518/3154/2560
f 2518/3154/2560 2514/3145/2556 2517/3150/2559
f 2518/3154/2560 2495/3126/2537 2514/3145/2556
f 2518/3154/2560 2494/3125/2536 2495/3126/2537
f 2494/3125/2536 2518/3154/2560 2481/3155/2523
f 2481/3155/2523 2008/3124/2050 2494/3125/2536
f 2479/3156/2521 2481/3155/2523 2518/3154/2560
f 2518/3154/2560 2477/3153/2519 2479/3156/2521
f 2516/3147/2558 2403/3157/2445 2405/3148/2447
f 2403/3157/2445 2516/3147/2558 2519/3158/2561
f 2519/3158/2561 2401/3159/2443 2403/3157/2445
f 2401/3159/2443 2519/3158/2561 2520/3160/2562
f 2520/3160/2562 2399/3161/2441 2401/3159/2443
f 2399/3161/2441 2520/3160/2562 2521/3162/2563
f 2521/3162/2563 2397/3163/2439 2399/3161/2441
f 2397/3163/2439 2521/3162/2563 2522/3164/2564
f 2522/3164/2564 2353/3165/2395 2397/3163/2439
f 2353/3165/2395 2522/3164/2564 2523/3166/2565
f 2523/3166/2565 2352/3167/2394 2353/3165/2395
f 2352/3167/2394 2523/3166/2565 2524/3168/2566
f 2524/3168/2566 2350/3169/2392 2352/3167/2394
f 2524/3168/2566 2349/3170/2391 2350/3169/2392
f 2524/3168/2566 2525/3171/2567 2349/3170/2391
f 2524/3168/2566 2526/3172/2568 2525/3171/2567
f 2526/3172/2568 2524/3168/2566 2523/3166/2565
f 2523/3166/2565 2527/3173/2569 2526/3172/2568
f 2527/3173/2569 2523/3166/2565 2522/3164/2564
f 2522/3164/2564 2528/3174/2570 2527/3173/2569
f 2528/3174/2570 2522/3164/2564 2521/3162/2563
f 2521/3162/2563 2529/3175/2571 2528/3174/2570
f 2529/3175/2571 2521/3162/2563 2520/3160/2562
f 2520/3160/2562 2530/3176/2572 2529/3175/2571
f 2530/3176/2572 2520/3160/2562 2519/3158/2561
f 2519/3158/2561 2531/3177/2573 2530/3176/2572
f 2531/3177/2573 2519/3158/2561 2516/3147/2558
f 2531/3177/2573 2516/3147/2558 2512/3143/2554
f 2531/3177/2573 2512/3143/2554 2532/3178/2574
f 2532/3178/2574 2530/3176/2572 2531/3177/2573
f 2532/3178/2574 2529/3175/2571 2530/3176/2572
f 2529/3175/2571 2532/3178/2574 2533/3179/2575
f 2533/3179/2575 2528/3174/2570 2529/3175/2571
f 2528/3174/2570 2533/3179/2575 2534/3180/2576
f 2534/3180/2576 2527/3173/2569 2528/3174/2570
f 2534/3180/2576 2526/3172/2568 2527/3173/2569
f 2534/3180/2576 2535/3181/2577 2526/3172/2568
f 2534/3180/2576 2509/3140/2551 2535/3181/2577
f 2509/3140/2551 2534/3180/2576 2533/3179/2575
f 2533/3179/2575 2510/3141/2552 2509/3140/2551
f 2510/3141/2552 2533/3179/2575 2532/3178/2574
f 2532/3178/2574 2511/3142/2553 2510/3141/2552
f 2511/3142/2553 2532/3178/2574 2512/3143/2554
f 2508/3139/2550 2535/3181/2577 2509/3140/2551
f 2535/3181/2577 2508/3139/2550 2507/3138/2549
f 2535/3181/2577 2507/3138/2549 2536/3182/2578
f 2536/3182/2578 2526/3172/2568 2535/3181/2577
f 2526/3172/2568 2536/3182/2578 2537/3183/2579
f 2537/3183/2579 2525/3171/2567 2526/3172/2568
f 2525/3171/2567 2537/3183/2579 2538/3184/2580
f 2538/3184/2580 2349/3170/2391 2525/3171/2567
f 2538/3184/2580 2428/3185/2470 2349/3170/2391
f 2428/3185/2470 2538/3184/2580 2539/3186/2581
f 2539/3186/2581 2426/3187/2468 2428/3185/2470
f 2426/3187/2468 2539/3186/2581 2540/3188/2582
f 2540/3188/2582 2424/3189/2466 2426/3187/2468
f 2424/3189/2466 2540/3188/2582 2541/3190/2583
f 2541/3190/2583 2422/3191/2464 2424/3189/2466
f 2541/3190/2583 2420/3102/2462 2422/3191/2464
f 2541/3190/2583 2475/3103/2517 2420/3102/2462
f 2475/3103/2517 2541/3190/2583 2542/3192/2584
f 2542/3192/2584 2506/3137/2548 2475/3103/2517
f 2542/3192/2584 2507/3138/2549 2506/3137/2548
f 2542/3192/2584 2543/3193/2585 2507/3138/2549
f 2543/3193/2585 2542/3192/2584 2541/3190/2583
f 2543/3193/2585 2541/3190/2583 2540/3188/2582
f 2540/3188/2582 2544/3194/2586 2543/3193/2585
f 2544/3194/2586 2540/3188/2582 2539/3186/2581
f 2544/3194/2586 2539/3186/2581 2538/3184/2580
f 2544/3194/2586 2538/3184/2580 2537/3183/2579
f 2537/3183/2579 2543/3193/2585 2544/3194/2586
f 2543/3193/2585 2537/3183/2579 2536/3182/2578
f 2536/3182/2578 2507/3138/2549 2543/3193/2585
f 2545/3195/2587 2546/3196/2020 2547/3197/2588
f 2547/3197/2588 2548/3198/2589 2545/3195/2587
f 2547/3197/2588 2549/3199/2590 2548/3198/2589
f 2547/3197/2588 2550/3200/2591 2549/3199/2590
f 2550/3200/2591 2547/3197/2588 2546/3196/2020
f 2550/3200/2591 2546/3196/2020 2551/3201/2592
f 2550/3200/2591 2551/3201/2592 2552/3202/2593
f 2550/3200/2591 2552/3202/2593 2553/3203/2594
f 2553/3203/2594 2549/3199/2590 2550/3200/2591
f 2549/3199/2590 2553/3203/2594 2554/3204/2595
f 2554/3204/2595 2555/3205/2596 2549/3199/2590
f 2555/3205/2596 2554/3204/2595 2556/3206/2597
f 2555/3205/2596 2556/3206/2597 2557/3207/2598
f 2555/3205/2596 2557/3207/2598 2558/3208/2599
f 2558/3208/2599 2559/3209/2600 2555/3205/2596
f 2558/3208/2599 2560/3210/2601 2559/3209/2600
f 2560/3210/2601 2558/3208/2599 2557/3207/2598
f 2557/3207/2598 2561/3211/2602 2560/3210/2601
f 2561/3211/2602 2557/3207/2598 2556/3206/2597
f 2561/3211/2602 2556/3206/2597 2562/3212/2603
f 2562/3212/2603 2563/3213/2604 2561/3211/2602
f 2563/3213/2604 2562/3212/2603 2564/3214/2605
f 2563/3213/2604 2564/3214/2605 2219/3215/2261
f 2563/3213/2604 2219/3215/2261 2235/3216/2277
f 2563/3213/2604 2235/3216/2277 2565/3217/2606
f 2565/3217/2606 2561/3211/2602 2563/3213/2604
f 2561/3211/2602 2565/3217/2606 2560/3210/2601
f 2234/3218/2276 2565/3217/2606 2235/3216/2277
f 2566/3219/2607 2545/3195/2587 2548/3198/2589
f 2548/3198/2589 2567/3220/2608 2566/3219/2607
f 2567/3220/2608 2548/3198/2589 2568/3221/2609
f 2568/3221/2609 2569/3222/2610 2567/3220/2608
f 2569/3222/2610 2568/3221/2609 2570/3223/2611
f 2570/3223/2611 2571/3224/2612 2569/3222/2610
f 2571/3224/2612 2570/3223/2611 2572/3225/2613
f 2572/3225/2613 2573/3226/2614 2571/3224/2612
f 2572/3225/2613 2574/3227/2615 2573/3226/2614
f 2572/3225/2613 2575/3228/2616 2574/3227/2615
f 2575/3228/2616 2572/3225/2613 2576/3229/2617
f 2575/3228/2616 2576/3229/2617 2577/3230/2618
f 2575/3228/2616 2577/3230/2618 2578/3231/2619
f 2578/3231/2619 2579/3232/2620 2575/3228/2616
f 2578/3231/2619 2580/3233/2621 2579/3232/2620
f 2580/3233/2621 2578/3231/2619 2581/3234/2622
f 2581/3234/2622 2582/3235/2623 2580/3233/2621
f 2582/3235/2623 2581/3234/2622 2583/3236/2624
f 2583/3236/2624 2584/3237/2625 2582/3235/2623
f 2584/3237/2625 2583/3236/2624 2585/3238/2626
f 2585/3238/2626 2586/3239/2627 2584/3237/2625
f 2586/3239/2627 2585/3238/2626 2555/3205/2596
f 2586/3239/2627 2555/3205/2596 2559/3209/2600
f 2559/3209/2600 2584/3237/2625 2586/3239/2627
f 2584/3237/2625 2559/3209/2600 2587/3240/2628
f 2587/3240/2628 2582/3241/2623 2584/3237/2625
f 2582/3241/2623 2587/3240/2628 2588/3242/2629
f 2588/3242/2629 2580/3233/2621 2582/3241/2623
f 2580/3233/2621 2588/3242/2629 2589/3243/2630
f 2589/3243/2630 2579/3244/2620 2580/3233/2621
f 2579/3244/2620 2589/3243/2630 2590/3245/2631
f 2590/3245/2631 2591/3246/2632 2579/3244/2620
f 2591/3246/2632 2590/3245/2631 2592/3247/2633
f 2592/3247/2633 2593/3248/2634 2591/3246/2632
f 2593/3248/2634 2592/3247/2633 2594/3249/2635
f 2594/3249/2635 2595/3250/2636 2593/3248/2634
f 2595/3250/2636 2594/3249/2635 2596/3251/2637
f 2596/3251/2637 2597/3252/2638 2595/3250/2636
f 2597/3252/2638 2596/3251/2637 2598/3253/2639
f 2598/3253/2639 2599/3254/2640 2597/3252/2638
f 2599/3254/2640 2598/3253/2639 2600/3255/2641
f 2600/3255/2641 2601/3256/2642 2599/3254/2640
f 2601/3256/2642 2600/3255/2641 2602/3257/2643
f 2602/3257/2643 2603/3258/2644 2601/3256/2642
f 2603/3258/2644 2602/3257/2643 2604/3259/2645
f 2604/3259/2645 2554/3260/2595 2603/3258/2644
f 2604/3259/2645 2605/3261/2646 2554/3260/2595
f 2605/3261/2646 2604/3259/2645 2602/3257/2643
f 2605/3261/2646 2602/3257/2643 2606/3262/2647
f 2606/3262/2647 2607/3263/2648 2605/3261/2646
f 2607/3263/2648 2606/3262/2647 2608/3264/2649
f 2608/3264/2649 2609/3265/2650 2607/3263/2648
f 2609/3265/2650 2608/3264/2649 2610/3266/2651
f 2609/3265/2650 2610/3266/2651 2220/3267/2262
f 2609/3265/2650 2220/3267/2262 2217/3268/2259
f 2609/3265/2650 2217/3268/2259 2219/3269/2261
f 2609/3265/2650 2219/3269/2261 2564/3270/2605
f 2564/3270/2605 2607/3263/2648 2609/3265/2650
f 2607/3263/2648 2564/3270/2605 2562/3271/2603
f 2562/3271/2603 2605/3261/2646 2607/3263/2648
f 2605/3261/2646 2562/3271/2603 2556/3272/2597
f 2556/3272/2597 2554/3260/2595 2605/3261/2646
f 2549/3199/2590 2555/3205/2596 2585/3238/2626
f 2585/3238/2626 2548/3198/2589 2549/3199/2590
f 2585/3238/2626 2568/3221/2609 2548/3198/2589
f 2568/3221/2609 2585/3238/2626 2611/3273/2652
f 2611/3273/2652 2570/3223/2611 2568/3221/2609
f 2570/3223/2611 2611/3273/2652 2612/3274/2653
f 2612/3274/2653 2572/3225/2613 2570/3223/2611
f 2612/3274/2653 2576/3229/2617 2572/3225/2613
f 2576/3229/2617 2612/3274/2653 2613/3275/2654
f 2613/3275/2654 2577/3230/2618 2576/3229/2617
f 2613/3275/2654 2578/3231/2619 2577/3230/2618
f 2613/3275/2654 2581/3234/2622 2578/3231/2619
f 2581/3234/2622 2613/3275/2654 2614/3276/2655
f 2614/3276/2655 2583/3236/2624 2581/3234/2622
f 2614/3276/2655 2585/3238/2626 2583/3236/2624
f 2614/3276/2655 2611/3273/2652 2585/3238/2626
f 2611/3273/2652 2614/3276/2655 2613/3275/2654
f 2613/3275/2654 2612/3274/2653 2611/3273/2652
f 2579/3232/2620 2591/3246/2632 2615/3277/2656
f 2615/3277/2656 2575/3228/2616 2579/3232/2620
f 2575/3228/2616 2615/3277/2656 2616/3278/2657
f 2616/3278/2657 2574/3227/2615 2575/3228/2616
f 2616/3278/2657 2573/3226/2614 2574/3227/2615
f 2616/3278/2657 2617/3279/2658 2573/3226/2614
f 2617/3279/2658 2616/3278/2657 2618/3280/2659
f 2618/3280/2659 2619/3281/2660 2617/3279/2658
f 2619/3281/2660 2618/3280/2659 2620/3282/2661
f 2620/3282/2661 2621/3283/2662 2619/3281/2660
f 2621/3283/2662 2620/3282/2661 2622/3284/2663
f 2622/3284/2663 2623/3285/2664 2621/3283/2662
f 2623/3285/2664 2622/3284/2663 2624/3286/2665
f 2624/3286/2665 2625/3287/2666 2623/3285/2664
f 2625/3287/2666 2624/3286/2665 2626/3288/2667
f 2626/3288/2667 2627/3289/2668 2625/3287/2666
f 2627/3289/2668 2626/3288/2667 2628/3290/2669
f 2628/3290/2669 2629/3291/2670 2627/3289/2668
f 2628/3290/2669 2551/3292/2592 2629/3291/2670
f 2628/3290/2669 2552/3293/2593 2551/3292/2592
f 2552/3293/2593 2628/3290/2669 2630/3294/2671
f 2630/3294/2671 2553/3295/2594 2552/3293/2593
f 2630/3294/2671 2554/3260/2595 2553/3295/2594
f 2630/3294/2671 2603/3296/2644 2554/3260/2595
f 2630/3294/2671 2631/3297/2672 2603/3296/2644
f 2631/3297/2672 2630/3294/2671 2628/3290/2669
f 2631/3297/2672 2628/3290/2669 2626/3288/2667
f 2626/3288/2667 2632/3298/2673 2631/3297/2672
f 2632/3298/2673 2626/3288/2667 2624/3286/2665
f 2624/3286/2665 2633/3299/2674 2632/3298/2673
f 2633/3299/2674 2624/3286/2665 2622/3284/2663
f 2622/3284/2663 2634/3300/2675 2633/3299/2674
f 2634/3300/2675 2622/3284/2663 2620/3282/2661
f 2620/3282/2661 2635/3301/2676 2634/3300/2675
f 2635/3301/2676 2620/3282/2661 2618/3280/2659
f 2635/3301/2676 2618/3280/2659 2616/3278/2657
f 2635/3301/2676 2616/3278/2657 2615/3277/2656
f 2635/3301/2676 2615/3277/2656 2591/3246/2632
f 2635/3301/2676 2591/3246/2632 2593/3302/2634
f 2593/3302/2634 2634/3300/2675 2635/3301/2676
f 2634/3300/2675 2593/3302/2634 2595/3303/2636
f 2595/3303/2636 2633/3299/2674 2634/3300/2675
f 2633/3299/2674 2595/3303/2636 2597/3252/2638
f 2597/3252/2638 2632/3298/2673 2633/3299/2674
f 2632/3298/2673 2597/3252/2638 2599/3304/2640
f 2599/3304/2640 2631/3297/2672 2632/3298/2673
f 2631/3297/2672 2599/3304/2640 2601/3256/2642
f 2601/3256/2642 2603/3296/2644 2631/3297/2672
f 2636/3305/2677 2637/3306/2678 2638/3307/2679
f 2638/3307/2679 2230/3308/2272 2636/3305/2677
f 2638/3307/2679 2231/3309/2273 2230/3308/2272
f 2231/3309/2273 2638/3307/2679 2639/3310/2680
f 2639/3310/2680 2233/3311/2275 2231/3309/2273
f 2233/3311/2275 2639/3310/2680 2640/3312/2681
f 2640/3312/2681 2234/3313/2276 2233/3311/2275
f 2234/3313/2276 2640/3312/2681 2641/3314/2682
f 2641/3314/2682 2565/3315/2606 2234/3313/2276
f 2641/3314/2682 2560/3316/2601 2565/3315/2606
f 2560/3316/2601 2641/3314/2682 2642/3317/2683
f 2642/3317/2683 2559/3318/2600 2560/3316/2601
f 2642/3317/2683 2587/3319/2628 2559/3318/2600
f 2642/3317/2683 2643/3320/2684 2587/3319/2628
f 2642/3317/2683 2644/3321/2685 2643/3320/2684
f 2644/3321/2685 2642/3317/2683 2641/3314/2682
f 2644/3321/2685 2641/3314/2682 2640/3312/2681
f 2640/3312/2681 2645/3322/2686 2644/3321/2685
f 2645/3322/2686 2640/3312/2681 2639/3310/2680
f 2645/3322/2686 2639/3310/2680 2638/3307/2679
f 2645/3322/2686 2638/3307/2679 2637/3306/2678
f 2645/3322/2686 2637/3306/2678 2646/3323/2687
f 2646/3323/2687 2644/3321/2685 2645/3322/2686
f 2644/3321/2685 2646/3323/2687 2647/3324/2688
f 2647/3324/2688 2643/3320/2684 2644/3321/2685
f 2648/3325/2689 2649/3326/2690 2650/3327/2691
f 2650/3327/2691 2651/3328/2692 2648/3325/2689
f 2651/3328/2692 2650/3327/2691 2307/3329/2349
f 2307/3329/2349 2652/3330/2693 2651/3328/2692
f 2652/3330/2693 2307/3329/2349 2224/3331/2266
f 2652/3330/2693 2224/3331/2266 2223/3332/2265
f 2223/3332/2265 2653/3333/2694 2652/3330/2693
f 2653/3333/2694 2223/3332/2265 2221/3334/2263
f 2221/3334/2263 2654/3335/2695 2653/3333/2694
f 2654/3335/2695 2221/3334/2263 2220/3336/2262
f 2220/3336/2262 2655/3337/2696 2654/3335/2695
f 2655/3337/2696 2220/3336/2262 2610/3338/2651
f 2655/3337/2696 2610/3338/2651 2608/3339/2649
f 2608/3339/2649 2656/3340/2697 2655/3337/2696
f 2656/3340/2697 2608/3339/2649 2606/3341/2647
f 2656/3340/2697 2606/3341/2647 2602/3342/2643
f 2656/3340/2697 2602/3342/2643 2657/3343/2698
f 2656/3340/2697 2657/3343/2698 2658/3344/2699
f 2658/3344/2699 2655/3337/2696 2656/3340/2697
f 2658/3344/2699 2654/3335/2695 2655/3337/2696
f 2654/3335/2695 2658/3344/2699 2659/3345/2700
f 2659/3345/2700 2653/3333/2694 2654/3335/2695
f 2659/3345/2700 2652/3330/2693 2653/3333/2694
f 2659/3345/2700 2651/3328/2692 2652/3330/2693
f 2659/3345/2700 2648/3325/2689 2651/3328/2692
f 2659/3345/2700 2660/3346/2701 2648/3325/2689
f 2660/3346/2701 2659/3345/2700 2658/3344/2699
f 2658/3344/2699 2661/3347/2702 2660/3346/2701
f 2661/3347/2702 2658/3344/2699 2657/3343/2698
o hands.002
v -19.375000 35.437500 -1.249982
v -19.500000 35.312500 -1.187482
v -19.312500 35.375000 -1.187482
v -19.562500 35.375000 -1.249982
v -19.750000 35.187500 -1.062482
v -19.812500 35.312500 -1.249982
v -20.125000 35.125000 -1.062482
v -20.125000 35.250000 -1.249982
v -20.437500 35.187500 -1.187482
v -20.375000 35.250000 -1.249982
v -20.500000 35.187500 -1.124982
v -20.500000 35.250000 -1.249982
v -20.625000 35.187500 -1.187482
v -20.625000 35.250000 -1.249982
v -20.687500 35.187500 -1.187482
v -20.750000 35.187500 -1.249982
v -21.000000 35.125000 -1.124982
v -21.000000 35.187500 -1.249982
v -21.250000 35.125000 -1.062482
v -21.250000 35.187500 -1.187482
v -21.375000 35.125000 -1.062482
v -21.375000 35.187500 -1.187482
v -21.562500 35.062500 -1.062482
v -21.562500 35.125000 -1.187482
v -21.687500 35.062500 -1.062482
v -21.687500 35.125000 -1.187482
v -22.000000 35.000000 -1.062482
v -22.062500 35.125000 -1.124982
v -22.187500 35.000000 -1.187482
v -22.187500 35.062500 -1.187482
v -22.250000 35.000000 -1.312482
v -22.187500 35.062500 -1.312482
v -22.187500 35.000000 -1.499982
v -22.125000 35.062500 -1.499982
v -22.000000 35.000000 -1.624982
v -22.062500 35.062500 -1.562482
v -21.687500 35.000000 -1.624982
v -21.687500 35.062500 -1.562482
v -21.562500 35.062500 -1.624982
v -21.562500 35.125000 -1.499982
v -21.312500 35.062500 -1.624982
v -21.375000 35.125000 -1.499982
v -21.250000 35.062500 -1.624982
v -21.312500 35.125000 -1.499982
v -21.000000 35.062500 -1.624982
v -21.000000 35.125000 -1.499982
v -20.687500 35.125000 -1.562482
v -20.750000 35.187500 -1.499982
v -20.625000 35.187500 -1.562482
v -20.625000 35.250000 -1.499982
v -20.500000 35.187500 -1.562482
v -20.500000 35.250000 -1.562482
v -20.437500 35.187500 -1.562482
v -20.375000 35.250000 -1.499982
v -20.125000 35.125000 -1.687482
v -20.187500 35.250000 -1.562482
v -19.750000 35.187500 -1.624982
v -19.750000 35.312500 -1.562482
v -19.500000 35.250000 -1.562482
v -19.500000 35.312500 -1.499982
v -19.312500 35.250000 -1.562482
v -19.375000 35.312500 -1.499982
v -19.250000 35.312500 -1.499982
v -19.437500 35.500000 -0.562482
v -19.562500 35.437500 -0.437482
v -19.375000 35.437500 -0.437482
v -19.687500 35.437500 -0.562482
v -19.750000 35.250000 -0.374982
v -19.875000 35.437500 -0.562482
v -20.187500 35.250000 -0.374982
v -20.187500 35.375000 -0.562482
v -20.500000 35.312500 -0.437482
v -20.500000 35.312500 -0.499982
v -20.625000 35.250000 -0.437482
v -20.625000 35.375000 -0.499982
v -20.687500 35.250000 -0.437482
v -20.687500 35.375000 -0.499982
v -20.750000 35.250000 -0.437482
v -20.812500 35.312500 -0.499982
v -21.062500 35.187500 -0.374982
v -21.062500 35.312500 -0.499982
v -21.375000 35.187500 -0.374982
v -21.437500 35.312500 -0.499982
v -21.437500 35.187500 -0.374982
v -21.500000 35.250000 -0.499982
v -21.687500 35.062500 -0.374982
v -21.687500 35.187500 -0.499982
v -21.937500 35.000000 -0.374982
v -21.937500 35.187500 -0.437482
v -22.312500 35.062500 -0.312482
v -22.375000 35.125000 -0.374982
v -22.437500 35.000000 -0.437482
v -22.437500 35.062500 -0.499982
v -22.500000 35.000000 -0.624982
v -22.500000 35.062500 -0.624982
v -22.500000 35.000000 -0.749982
v -22.437500 35.062500 -0.749982
v -22.375000 35.000000 -0.937482
v -22.375000 35.125000 -0.812482
v -21.937500 35.062500 -0.937482
v -21.937500 35.125000 -0.812482
v -21.687500 35.125000 -0.937482
v -21.750000 35.187500 -0.812482
v -21.437500 35.187500 -0.937482
v -21.500000 35.250000 -0.812482
v -21.375000 35.187500 -0.937482
v -21.375000 35.250000 -0.812482
v -21.062500 35.125000 -0.937482
v -21.062500 35.250000 -0.812482
v -20.750000 35.250000 -0.874982
v -20.812500 35.250000 -0.812482
v -20.687500 35.250000 -0.874982
v -20.687500 35.312500 -0.874982
v -20.625000 35.250000 -0.874982
v -20.625000 35.312500 -0.874982
v -20.562500 35.250000 -0.874982
v -20.500000 35.312500 -0.812482
v -20.187500 35.187500 -0.999982
v -20.187500 35.312500 -0.874982
v -19.750000 35.187500 -0.999982
v -19.812500 35.375000 -0.874982
v -19.562500 35.375000 -0.937482
v -19.625000 35.437500 -0.874982
v -19.375000 35.437500 -0.999982
v -19.437500 35.500000 -0.874982
v -19.250000 35.500000 -0.874982
v -18.437500 34.937500 -1.749982
v -17.875000 35.125000 -1.499982
v -17.812500 34.937500 -1.812482
v -18.625000 35.187500 -1.562482
v -17.937500 35.312500 -1.374982
v -18.687500 35.312500 -1.437482
v -17.937500 35.375000 -1.312482
v -18.687500 35.375000 -1.312482
v -18.000000 35.437500 -1.187482
v -18.750000 35.375000 -1.249982
v -18.062500 35.500000 -1.062482
v -18.750000 35.437500 -1.124982
v -18.125000 35.562500 -0.874982
v -18.750000 35.500000 -0.874982
v -18.250000 35.625000 -0.749982
v -18.750000 35.562500 -0.749982
v -18.250000 35.625000 -0.624982
v -18.750000 35.562500 -0.624982
v -18.312500 35.625000 -0.374982
v -18.750000 35.500000 -0.374982
v -18.312500 35.625000 -0.187482
v -18.750000 35.500000 -0.187482
v -18.312500 35.562500 -0.062482
v -18.750000 35.500000 0.000018
v -18.250000 35.562500 0.062518
v -18.750000 35.437500 0.062518
v -18.187500 35.500000 0.250018
v -18.687500 35.375000 0.250018
v -18.187500 35.437500 0.312518
v -18.687500 35.375000 0.437518
v -18.125000 35.437500 0.437518
v -18.687500 35.312500 0.562518
v -18.125000 35.312500 0.562518
v -18.687500 35.250000 0.687518
v -18.062500 35.187500 0.687518
v -18.687500 35.125000 0.750018
v -18.062500 34.812500 0.875018
v -18.750000 34.812500 0.937518
v -18.125000 34.375000 0.750018
v -18.750000 34.500000 0.812518
v -18.250000 34.250000 0.250018
v -18.812500 34.437500 0.312518
v -18.437500 34.375000 -0.562482
v -18.875000 34.500000 -0.499982
v -18.562500 34.250000 -0.999982
v -18.875000 34.500000 -0.937482
v -19.062500 35.187500 0.750018
v -19.125000 35.062500 0.812518
v -19.062500 35.312500 0.562518
v -19.062500 35.250000 0.437518
v -19.125000 35.250000 0.312518
v -19.125000 35.375000 0.125018
v -19.125000 35.437500 0.000018
v -19.125000 35.437500 -0.187482
v -19.187500 35.437500 -0.312482
v -19.125000 35.437500 -0.562482
v -19.125000 35.562500 -0.749982
v -19.125000 35.437500 -0.874982
v -19.125000 35.375000 -1.062482
v -19.125000 35.375000 -1.249982
v -19.125000 35.375000 -1.374982
v -19.125000 35.250000 -1.437482
v -19.187500 35.187500 -1.624982
v -19.062500 35.000000 -1.687482
v -19.062500 34.812500 -1.687482
v -18.812500 34.687500 -1.749982
v -22.437500 35.125000 -0.624982
v -22.437500 35.125000 -0.499982
v -22.500000 35.125000 -0.624982
v -22.437500 35.125000 -0.749982
v -22.125000 35.125000 -1.249982
v -22.062500 35.125000 -1.187482
v -22.187500 35.125000 -1.249982
v -22.187500 35.125000 -1.312482
v -22.125000 35.125000 -1.437482
v -22.187500 35.125000 -1.437482
v -22.062500 35.125000 -1.499982
v -19.687500 34.937500 -1.624982
v -19.250000 35.375000 -1.374982
v -19.375000 35.437500 -1.437482
v -19.625000 35.375000 -1.437482
v -19.812500 35.375000 -1.437482
v -20.187500 35.312500 -1.374982
v -20.375000 35.250000 -1.374982
v -19.375000 35.437500 -1.374982
v -20.500000 35.312500 -1.374982
v -20.625000 35.250000 -1.374982
v -20.750000 35.250000 -1.374982
v -21.000000 35.187500 -1.374982
v -21.312500 35.187500 -1.374982
v -21.375000 35.187500 -1.374982
v -21.562500 35.187500 -1.374982
v -21.687500 35.187500 -1.374982
v -21.750000 35.062500 -1.499982
v -21.750000 35.125000 -1.187482
v -21.750000 35.125000 -1.374982
v -20.125000 34.937500 -1.687482
v -20.500000 35.125000 -1.624982
v -20.625000 35.062500 -1.624982
v -20.875000 34.875000 -1.624982
v -21.250000 34.875000 -1.624982
v -21.312500 34.875000 -1.624982
v -21.500000 34.875000 -1.624982
v -21.625000 34.875000 -1.624982
v -21.937500 34.875000 -1.562482
v -20.562500 34.937500 -1.624982
v -20.500000 34.937500 -1.624982
v -19.000000 34.562500 -0.937482
v -19.000000 34.500000 -0.374982
v -18.937500 34.500000 0.312518
v -18.937500 34.500000 0.812518
v -19.000000 34.812500 0.937518
v -19.562500 34.750000 0.937518
v -19.625000 34.937500 0.937518
v -19.875000 34.750000 0.875018
v -19.562500 34.625000 0.750018
v -19.875000 34.625000 0.750018
v -19.625000 34.500000 0.625018
v -19.937500 34.562500 0.625018
v -19.687500 34.625000 0.437518
v -19.937500 34.625000 0.500018
v -19.750000 34.812500 0.375018
v -19.937500 34.750000 0.375018
v -20.187500 34.625000 0.500018
v -20.187500 34.812500 0.375018
v -20.250000 34.812500 0.375018
v -20.125000 34.562500 0.625018
v -20.187500 34.625000 0.750018
v -20.187500 34.687500 0.875018
v -20.187500 34.625000 0.625018
v -20.250000 34.750000 0.875018
v -20.250000 34.875000 0.937518
v -20.562500 34.875000 0.937518
v -20.562500 34.687500 0.875018
v -20.562500 34.625000 0.750018
v -20.875000 34.687500 0.875018
v -20.875000 34.625000 0.750018
v -20.562500 34.562500 0.625018
v -20.812500 34.562500 0.625018
v -20.875000 34.687500 0.500018
v -20.562500 34.687500 0.500018
v -20.500000 34.812500 0.437518
v -18.875000 34.500000 -1.562482
v -19.062500 34.687500 -1.562482
v -18.937500 34.500000 -1.374982
v -19.062500 34.625000 -1.374982
v -18.500000 34.187500 -1.437482
v -18.125000 34.000000 -1.437485
v -18.062500 34.000000 -1.062485
v -17.750000 34.000000 -1.562485
v -17.750000 34.000000 -1.124985
v -17.375000 34.187500 -1.749982
v -17.187500 34.312500 -1.249982
v -17.187500 34.562500 -1.312482
v -16.375000 34.687500 -1.062482
v -16.437500 34.875000 -1.062482
v -17.250000 34.875000 -1.437482
v -16.500000 35.062500 -1.187482
v -17.500000 35.125000 -1.437482
v -16.687500 35.312500 -1.187482
v -17.625000 35.375000 -1.312482
v -16.812500 35.500000 -1.124982
v -17.750000 35.625000 -0.999982
v -17.062500 35.687500 -0.937482
v -17.812500 35.687500 -0.749982
v -17.125000 35.750000 -0.687482
v -17.875000 35.687500 -0.374982
v -17.062500 35.750000 -0.374982
v -17.812500 35.625000 0.000018
v -17.187500 35.750000 -0.062482
v -17.812500 35.500000 0.187518
v -17.062500 35.687500 0.125018
v -17.750000 35.375000 0.437518
v -16.937500 35.562500 0.250018
v -17.500000 35.125000 0.625018
v -16.687500 35.312500 0.375018
v -17.312500 34.687500 0.687518
v -16.562500 35.000000 0.375018
v -17.250000 34.375000 0.500018
v -16.500000 34.687500 0.312518
v -17.250000 34.250000 0.125018
v -16.437500 34.625000 0.062518
v -17.250000 34.250000 -0.374982
v -16.437500 34.687500 -0.374982
v -17.312500 34.250000 -0.687482
v -16.437500 34.562500 -0.624982
v -17.812500 34.062500 -0.749982
v -18.000000 34.062500 -0.749982
v -17.687500 34.125000 -0.499982
v -17.687500 34.187500 0.187518
v -17.625000 34.312500 0.562518
v -17.687500 34.687500 0.812518
v -17.750000 35.187500 0.750018
v -17.875000 35.312500 0.562518
v -17.500000 34.750000 -1.812482
v -17.375000 34.500000 -1.874982
v -20.500000 35.187500 -0.187482
v -20.062500 35.125000 -0.249982
v -20.500000 35.125000 -0.249982
v -20.437500 35.187500 -0.187482
v -20.062500 35.250000 -0.124982
v -20.375000 35.250000 -0.124982
v -20.062500 35.250000 0.000018
v -20.375000 35.250000 0.000018
v -20.062500 35.187500 0.125018
v -20.375000 35.187500 0.125018
v -20.062500 35.000000 0.250018
v -20.375000 35.125000 0.187518
v -20.437500 35.062500 0.312518
v -20.437500 35.125000 0.187518
v -19.750000 35.187500 -0.312482
v -19.937500 34.875000 -0.312482
v -20.062500 34.875000 -0.249982
v -20.437500 34.875000 -0.249982
v -20.437500 34.875000 0.250018
v -20.062500 34.812500 0.187518
v -19.750000 34.812500 0.250018
v -19.687500 35.000000 0.312518
v -19.625000 35.000000 0.375018
v -20.562500 34.937500 0.437518
v -20.312500 34.937500 0.437518
v -20.250000 35.000000 0.437518
v -19.937500 35.000000 0.437518
v -22.312500 34.875000 -0.374982
v -21.875000 34.875000 -0.374982
v -21.687500 34.875000 -0.374982
v -21.375000 34.937500 -0.374982
v -21.312500 34.937500 -0.374982
v -21.062500 34.937500 -0.374982
v -20.687500 35.187500 -0.374982
v -20.687500 34.937500 -0.374982
v -20.625000 35.187500 -0.374982
v -20.625000 34.937500 -0.374982
v -20.187500 34.875000 -0.374982
v -19.937500 34.937500 -0.374982
v -22.312500 34.937500 -0.874982
v -21.875000 34.937500 -0.937482
v -21.687500 34.937500 -0.937482
v -21.437500 34.937500 -0.937482
v -21.375000 34.937500 -0.937482
v -21.062500 34.937500 -0.937482
v -20.687500 35.187500 -0.999982
v -20.687500 34.875000 -0.999982
v -20.625000 35.187500 -0.999982
v -20.625000 34.875000 -0.999982
v -20.187500 34.875000 -0.999982
v -19.875000 34.937500 -0.999982
v -21.937500 34.875000 -1.062482
v -21.625000 34.875000 -1.062482
v -21.437500 34.875000 -1.124982
v -21.250000 34.875000 -1.062482
v -21.000000 34.875000 -1.062482
v -20.625000 35.125000 -1.062482
v -20.562500 34.875000 -1.062482
v -20.500000 35.125000 -1.062482
v -20.500000 34.875000 -1.062482
v -20.125000 34.875000 -1.062482
v -19.875000 34.937500 -1.062482
v -19.750000 35.187500 0.125018
v -19.812500 35.312500 0.000018
v -19.812500 35.312500 -0.124982
v -19.625000 35.375000 -0.124982
v -19.687500 35.375000 0.000018
v -19.625000 35.250000 0.062518
v -19.562500 35.250000 0.187518
v -19.375000 35.187500 0.312518
v -19.312500 35.250000 0.375018
v -19.500000 35.187500 0.437518
v -19.562500 35.187500 0.500018
v -19.375000 35.250000 0.437518
v -19.250000 35.250000 0.375018
v -19.187500 35.250000 0.437518
v -19.375000 35.312500 0.187518
v -19.375000 35.375000 0.125018
v -19.437500 35.437500 0.000018
v -19.375000 35.437500 -0.187482
v -19.250000 35.437500 0.000018
v -19.250000 35.375000 0.125018
v -19.250000 35.312500 0.187518
v -19.250000 35.437500 -0.187482
v -19.375000 35.375000 -0.249982
v -19.562500 35.375000 -0.249982
v -19.375000 35.375000 -0.312482
v -19.250000 35.500000 -0.562482
v -19.250000 35.562500 -0.749982
v -19.437500 35.562500 -0.687482
v -19.437500 35.562500 -0.749982
v -19.750000 35.500000 -0.687482
v -19.875000 35.500000 -0.687482
v -20.187500 35.437500 -0.687482
v -20.500000 35.375000 -0.687482
v -20.625000 35.375000 -0.687482
v -20.750000 35.375000 -0.687482
v -20.812500 35.375000 -0.687482
v -21.062500 35.312500 -0.687482
v -21.437500 35.312500 -0.687482
v -21.500000 35.312500 -0.624982
v -21.687500 35.250000 -0.624982
v -21.937500 35.250000 -0.624982
v -22.000000 35.187500 -0.499982
v -22.312500 35.125000 -0.437482
v -22.000000 35.125000 -0.812482
v -22.000000 35.250000 -0.624982
v -19.312500 35.375000 -1.062482
v -19.250000 35.375000 -1.249982
v -19.312500 35.437500 -0.249982
v -19.187500 35.250000 0.562518
v -19.312500 35.250000 0.562518
v -19.562500 35.187500 0.625018
v -19.312500 35.250000 0.625018
v -19.187500 35.125000 0.750018
v -19.250000 35.125000 0.750018
v -19.437500 35.062500 0.812518
v -19.500000 35.062500 0.750018
v -19.312500 35.187500 0.750018
v -19.687500 35.062500 0.812518
v -19.937500 34.875000 0.937518
v -20.187500 34.875000 0.937518
v -20.250000 34.937500 0.875018
v -20.312500 35.000000 0.875018
v -20.562500 35.000000 0.812518
v -20.312500 35.000000 0.812518
v -20.562500 35.000000 0.687518
v -20.375000 35.062500 0.687518
v -20.562500 35.000000 0.562518
v -20.375000 35.000000 0.562518
v -20.312500 35.000000 0.500018
v -20.312500 35.062500 0.562518
v -20.312500 35.062500 0.687518
v -20.250000 35.000000 0.812518
v -20.187500 34.937500 0.875018
v -20.125000 35.000000 0.875018
v -19.937500 35.000000 0.812518
v -19.750000 35.125000 0.625018
v -19.750000 35.062500 0.500018
v -20.000000 35.062500 0.562518
v -20.000000 35.062500 0.687518
v -20.125000 35.000000 0.812518
v -20.187500 35.000000 0.812518
v -20.250000 35.062500 0.687518
v -20.250000 35.062500 0.562518
v -20.250000 35.000000 0.500018
v -20.187500 35.000000 0.500018
v -20.125000 35.062500 0.562518
v -20.125000 35.062500 0.687518
v -19.750000 34.625000 0.125018
v -20.062500 34.687500 0.125018
v -20.437500 34.687500 0.125018
v -20.062500 34.625000 0.000018
v -19.812500 34.625000 0.000018
v -20.062500 34.687500 -0.124982
v -19.812500 34.687500 -0.187482
v -20.437500 34.687500 -0.124982
v -20.375000 34.625000 0.000018
v -19.812500 34.750000 -0.499982
v -20.187500 34.750000 -0.499982
v -20.625000 34.750000 -0.499982
v -20.687500 34.812500 -0.499982
v -20.625000 34.687500 -0.687482
v -20.687500 34.687500 -0.687482
v -20.625000 34.750000 -0.812482
v -20.687500 34.750000 -0.812482
v -20.187500 34.750000 -0.812482
v -19.750000 34.750000 -0.874982
v -19.750000 34.812500 -1.124982
v -20.125000 34.750000 -1.187482
v -20.500000 34.750000 -1.187482
v -20.562500 34.750000 -1.187482
v -20.937500 34.750000 -1.187482
v -21.187500 34.750000 -1.187482
v -21.250000 34.812500 -1.187482
v -21.187500 34.687500 -1.312482
v -21.250000 34.750000 -1.312482
v -21.187500 34.750000 -1.499982
v -21.250000 34.750000 -1.499982
v -20.937500 34.750000 -1.499982
v -20.562500 34.750000 -1.562482
v -20.500000 34.750000 -1.499982
v -20.125000 34.750000 -1.499982
v -19.687500 34.812500 -1.499982
v -19.625000 34.750000 -1.499982
v -19.625000 34.687500 -1.312482
v -19.750000 34.750000 -1.312482
v -19.687500 34.687500 -1.124982
v -19.687500 34.625000 -0.937482
v -19.687500 34.562500 -0.687482
v -19.750000 34.687500 -0.687482
v -19.687500 34.562500 -0.437482
v -19.687500 34.562500 -0.249982
v -19.687500 34.500000 0.000018
v -19.625000 34.500000 0.125018
v -19.562500 34.500000 0.437518
v -19.562500 34.500000 0.625018
v -19.562500 34.562500 0.812518
v -20.125000 34.687500 -1.312482
v -20.500000 34.687500 -1.374982
v -20.562500 34.687500 -1.374982
v -20.937500 34.687500 -1.374982
v -20.187500 34.687500 -0.687482
v -22.375000 34.875000 -0.437482
v -22.312500 34.750000 -0.499982
v -22.437500 34.875000 -0.624982
v -22.312500 34.750000 -0.624982
v -22.437500 34.875000 -0.812482
v -22.312500 34.750000 -0.812482
v -22.375000 35.187500 -0.624982
v -16.250000 35.062500 -1.249982
v -16.250000 34.937500 -1.187482
v -16.250000 35.125000 -0.499982
v -16.375000 35.437500 -1.249982
v -16.625000 35.812500 -0.874982
v -16.687500 35.937500 -0.187482
v -16.562500 35.750000 0.250018
v -16.312500 35.187500 0.437518
v -16.250000 34.687500 0.187518
v -16.187500 34.562500 -0.374982
v -16.187500 34.625000 -0.999982
v -16.812500 34.937500 0.562518
v -16.875000 35.125000 0.687518
v -16.750000 34.750000 0.500018
v -16.687500 34.500000 0.187518
v -16.687500 34.375000 -0.187482
v -16.625000 34.375000 -0.562482
v -16.625000 34.500000 -0.937482
v -16.625000 34.625000 -1.187482
v -16.687500 34.812500 -1.312482
v -16.750000 35.000000 -1.437482
v -16.875000 35.187500 -1.499982
v -17.000000 35.437500 -1.499982
v -17.187500 35.687500 -1.374982
v -17.375000 35.875000 -1.187482
v -17.625000 36.062500 -0.749982
v -17.687500 36.187500 -0.374982
v -17.687500 36.125000 0.000018
v -17.500000 36.000000 0.312518
v -17.250000 35.750000 0.562518
v -17.125000 35.562500 0.625018
v -17.000000 35.375000 0.687518
v -16.312500 34.937500 0.000018
v -16.250000 34.937500 -0.249982
v -16.125000 34.875000 -0.499982
v -16.375000 34.937500 -0.812482
v -16.437500 35.187500 -0.874982
v -16.625000 35.500000 -0.874982
v -16.625000 35.562500 -0.624982
v -16.625000 35.625000 -0.312482
v -16.687500 35.625000 0.000018
v -16.437500 35.375000 0.000018
v -16.375000 35.375000 -0.249982
v -16.312500 35.250000 -0.562482
v -22.125000 34.875000 -1.187482
v -21.937500 34.812500 -1.187482
v -22.187500 34.875000 -1.312482
v -21.937500 34.687500 -1.312482
v -22.125000 34.875000 -1.499982
v -21.937500 34.750000 -1.499982
v -22.125000 35.187500 -1.312482
v -21.375000 34.812500 -0.499982
v -21.687500 34.812500 -0.499982
v -21.875000 34.750000 -0.499982
v -21.875000 34.687500 -0.687482
v -21.875000 34.750000 -0.812482
v -21.687500 34.750000 -0.812482
v -21.375000 34.812500 -0.812482
v -21.687500 34.750000 -0.624982
v -21.375000 34.750000 -0.624982
v -21.312500 34.812500 -0.499982
v -21.250000 34.750000 -0.624982
v -21.312500 34.750000 -0.812482
v -21.062500 34.750000 -0.812482
v -21.062500 34.687500 -0.687482
v -21.062500 34.750000 -0.499982
v -21.625000 34.750000 -1.187482
v -21.625000 34.625000 -1.312482
v -21.625000 34.687500 -1.499982
v -21.500000 34.687500 -1.499982
v -21.500000 34.687500 -1.312482
v -21.437500 34.750000 -1.187482
v -1.750000 41.437500 -1.312479
v -1.875000 40.875000 -1.062479
v -1.812500 40.812500 -1.249979
v -1.687500 41.437500 -1.124979
v -1.812500 41.437500 -1.312479
v -1.937500 40.875000 -1.249979
v -1.875000 41.500000 -1.187479
v -1.937500 40.875000 -1.124979
v 1.937500 41.500000 -1.187479
v 2.062500 40.875000 -1.124979
v 2.000000 40.875000 -1.249979
v 1.812500 41.437500 -1.312479
v 1.875000 40.812500 -1.249979
v 1.750000 41.437500 -1.312479
v 2.000000 40.875000 -1.062479
v 1.812500 41.437500 -1.062479
v -0.750000 38.937500 2.875018
v -0.812500 38.875000 2.500018
v -0.750000 38.375000 2.625018
v -0.750000 38.562500 3.062518
v -0.437500 38.437500 3.187518
v -0.500000 38.625000 3.312518
v 0.000000 38.500000 3.375018
v 0.000000 38.625000 3.500018
v 0.500000 38.437500 3.187518
v 0.562500 38.625000 3.312518
v 0.812500 38.375000 2.625018
v 0.812500 38.562500 3.062518
v 0.875000 38.875000 2.500018
v 0.812500 38.937500 2.937518
v 0.625000 39.000000 3.125018
v 0.000000 39.062500 3.375018
v -0.500000 39.000000 3.187518
v -0.562500 39.000000 3.000018
v 0.000000 39.062500 3.187518
v 0.562500 39.000000 3.000018
v -0.500000 41.562500 1.750021
v -0.562500 41.562500 1.500021
v -0.562500 41.125000 1.625021
v -0.562500 41.187500 1.875021
v -0.312500 41.125000 1.875021
v -0.375000 41.312500 2.062521
v 0.000000 41.187500 2.062521
v 0.000000 41.312500 2.187521
v 0.312500 41.125000 1.875021
v 0.312500 41.312500 2.062521
v 0.562500 41.125000 1.625021
v 0.500000 41.187500 1.875021
v 0.500000 41.562500 1.500021
v 0.500000 41.500000 1.750021
v 0.312500 41.625000 1.937521
v 0.000000 41.687500 2.062521
v -0.312500 41.625000 1.937521
v -0.312500 41.687500 1.750021
v 0.000000 41.687500 1.875021
v 0.312500 41.687500 1.750021
v 20.375000 35.250000 -0.187482
v 20.375000 35.312500 -0.124982
v 20.500000 35.312500 -0.124982
v 20.500000 35.250000 -0.187482
v 20.562500 35.312500 -0.124982
v 20.562500 35.250000 -0.187482
v 20.625000 35.250000 -0.124982
v 20.875000 35.250000 -0.124982
v 20.875000 35.125000 -0.249982
v 21.250000 35.187500 -0.124982
v 21.187500 35.125000 -0.249982
v 21.312500 35.187500 -0.124982
v 21.312500 35.125000 -0.249982
v 21.437500 35.187500 -0.124982
v 21.437500 35.062500 -0.187482
v 21.625000 35.125000 -0.124982
v 21.625000 35.062500 -0.187482
v 22.000000 35.125000 -0.124982
v 21.937500 35.062500 -0.187482
v 22.062500 35.062500 -0.062482
v 22.062500 35.000000 -0.124982
v 22.062500 35.062500 0.000018
v 22.125000 35.000000 0.000018
v 22.062500 35.062500 0.125018
v 22.125000 35.000000 0.125018
v 21.937500 35.125000 0.187518
v 21.937500 35.000000 0.250018
v 21.625000 35.062500 0.125018
v 21.625000 35.000000 0.250018
v 21.437500 35.125000 0.125018
v 21.437500 35.062500 0.250018
v 21.312500 35.187500 0.125018
v 21.250000 35.062500 0.250018
v 21.250000 35.187500 0.125018
v 21.187500 35.062500 0.250018
v 20.812500 35.187500 0.125018
v 20.812500 35.062500 0.250018
v 20.625000 35.250000 0.125018
v 20.562500 35.187500 0.187518
v 20.500000 35.250000 0.125018
v 20.500000 35.187500 0.187518
v 20.437500 35.250000 0.125018
v 20.437500 35.187500 0.187518
v 20.312500 35.250000 0.125018
v 20.375000 35.187500 0.187518
v 18.750000 34.500000 -3.499982
v 18.500000 34.625000 -3.374982
v 18.750000 34.500000 -3.312482
v 18.562500 34.625000 -3.624982
v 18.437500 34.625000 -3.437482
v 18.437500 34.562500 -3.624982
v 18.375000 34.625000 -3.187482
v 18.375000 34.562500 -3.249982
v 18.312500 34.562500 -3.187482
v 18.312500 34.500000 -3.187482
v 18.187500 34.500000 -3.187482
v 18.250000 34.437500 -3.187482
v 18.187500 34.312500 -3.187485
v 18.187500 34.312500 -3.249985
v 18.125000 34.187500 -3.187485
v 18.187500 34.250000 -3.249985
v 18.187500 34.187500 -3.437485
v 18.250000 34.187500 -3.687485
v 18.187500 34.062500 -3.437485
v 18.187500 34.125000 -3.624985
v 18.375000 34.000000 -3.374985
v 18.375000 34.000000 -3.562485
v 18.562500 34.000000 -3.312485
v 18.500000 34.000000 -3.562485
v 18.687500 34.062500 -3.312485
v 18.625000 34.062500 -3.562485
v 18.750000 34.125000 -3.312485
v 18.687500 34.187500 -3.562485
v 18.812500 34.187500 -3.312485
v 18.750000 34.250000 -3.562485
v 18.812500 34.312500 -3.312485
v 18.750000 34.312500 -3.562485
v 18.312500 34.312500 -3.687485
v 18.250000 34.312500 -3.749985
v 18.312500 34.437500 -3.749982
v 18.375000 34.500000 -3.687482
v 18.375000 34.500000 -3.749982
v 22.000000 35.125000 -0.062482
v 22.062500 35.125000 -0.062482
v 22.062500 35.125000 0.000018
v 22.000000 35.125000 0.062518
v 22.062500 35.125000 0.125018
v 21.437500 35.062500 0.687518
v 21.437500 35.062500 0.625018
v 21.500000 35.062500 0.687518
v 21.437500 35.000000 0.750018
v 21.437500 35.062500 0.750018
v 21.375000 35.000000 0.812518
v 21.937500 34.875000 0.187518
v 21.500000 34.875000 0.187518
v 21.375000 34.875000 0.187518
v 21.187500 34.875000 0.250018
v 21.125000 34.875000 0.250018
v 20.750000 34.937500 0.250018
v 20.500000 35.125000 0.250018
v 20.437500 34.937500 0.250018
v 20.437500 35.125000 0.312518
v 20.375000 34.937500 0.250018
v 21.937500 34.937500 -0.187482
v 21.500000 34.875000 -0.187482
v 21.375000 34.937500 -0.187482
v 21.250000 34.937500 -0.187482
v 21.187500 34.937500 -0.249982
v 20.750000 34.937500 -0.187482
v 20.500000 34.937500 -0.249982
v 20.562500 35.187500 -0.249982
v 20.437500 34.937500 -0.249982
v 20.500000 35.187500 -0.249982
v 20.437500 34.750000 0.125018
v 20.375000 34.750000 0.125018
v 20.437500 34.687500 0.000018
v 20.375000 34.687500 0.000018
v 20.437500 34.750000 -0.124982
v 20.375000 34.750000 -0.124982
v 21.375000 35.000000 0.437518
v 21.375000 34.875000 0.437518
v 21.062500 34.875000 0.437518
v 21.125000 35.000000 0.437518
v 21.000000 34.875000 0.437518
v 21.000000 35.000000 0.500018
v 20.875000 34.937500 0.437518
v 20.875000 35.000000 0.437518
v 20.812500 34.937500 0.437518
v 20.562500 34.875000 0.437518
v 20.625000 35.000000 0.437518
v 20.812500 34.750000 0.500018
v 20.812500 34.750000 0.750018
v 20.812500 34.687500 0.750018
v 20.812500 34.687500 0.625018
v 20.875000 34.812500 0.875018
v 20.812500 34.750000 0.875018
v 20.812500 34.937500 0.937518
v 20.562500 34.750000 0.875018
v 20.562500 34.937500 0.937518
v 20.812500 35.062500 0.812518
v 20.562500 35.062500 0.812518
v 20.875000 35.125000 0.687518
v 20.625000 35.062500 0.687518
v 20.875000 35.062500 0.562518
v 20.625000 35.062500 0.562518
v 21.000000 35.062500 0.562518
v 21.125000 35.062500 0.562518
v 21.375000 35.062500 0.500018
v 21.187500 35.000000 0.562518
v 21.375000 35.062500 0.562518
v 21.437500 35.000000 0.562518
v 21.500000 35.000000 0.687518
v 21.125000 35.000000 0.812518
v 21.187500 35.000000 0.812518
v 21.125000 35.062500 0.687518
v 21.187500 35.062500 0.687518
v 21.000000 35.062500 0.687518
v 20.875000 35.062500 0.812518
v 20.875000 34.937500 0.937518
v 21.000000 34.750000 0.875018
v 21.000000 34.687500 0.750018
v 21.000000 34.687500 0.625018
v 21.000000 34.750000 0.500018
v 21.125000 34.687500 0.500018
v 21.375000 34.750000 0.500018
v 21.125000 34.625000 0.625018
v 21.125000 34.687500 0.750018
v 21.062500 34.750000 0.875018
v 21.375000 34.750000 0.750018
v 21.375000 34.750000 0.625018
v 21.375000 34.812500 0.875018
v 21.125000 34.875000 0.875018
v 21.375000 34.937500 0.875018
v 21.500000 34.937500 0.812518
v 21.500000 34.937500 0.687518
v 21.500000 34.937500 0.562518
v 21.437500 34.875000 0.562518
v 21.500000 34.812500 0.625018
v 21.437500 34.812500 0.750018
v 21.000000 34.937500 0.875018
v 21.000000 35.000000 0.812518
v 18.250000 34.312500 -3.687485
v 18.250000 34.437500 -3.624982
v 18.375000 34.500000 -3.624982
v 18.437500 34.062500 -3.687485
v 18.312500 34.187500 -3.749985
v 18.375000 34.250000 -3.749985
v 18.437500 34.375000 -3.812485
v 18.437500 34.437500 -3.749982
v 18.500000 34.562500 -3.749982
v 18.687500 34.437500 -3.624982
v 18.625000 34.375000 -3.687485
v 18.562500 34.250000 -3.749985
v 18.500000 34.187500 -3.749985
v 18.125000 34.250000 -2.999985
v 18.125000 34.437500 -2.999982
v 18.312500 34.562500 -2.937482
v 18.500000 34.625000 -3.187482
v 18.750000 34.500000 -3.124982
v 18.437500 34.625000 -2.937482
v 18.312500 34.625000 -2.874982
v 18.062500 34.500000 -2.874982
v 18.062500 34.312500 -2.874985
v 18.062500 34.125000 -2.999985
v 18.125000 34.062500 -3.187485
v 18.312500 33.937500 -3.187485
v 18.500000 33.937500 -3.124985
v 18.687500 34.000000 -3.124985
v 18.750000 34.125000 -3.124985
v 18.812500 34.187500 -3.062485
v 18.812500 34.312500 -3.062485
v 18.687500 34.312500 -2.812485
v 18.687500 34.500000 -2.874982
v 18.625000 34.375000 -2.687485
v 18.562500 34.500000 -2.749982
v 18.500000 34.375000 -2.437485
v 18.437500 34.500000 -2.499982
v 18.437500 34.375000 -2.124985
v 18.375000 34.562500 -2.187482
v 18.562500 34.437500 -1.812482
v 18.562500 34.687500 -1.937482
v 18.812500 34.750000 -1.749982
v 18.875000 34.562500 -1.562482
v 18.875000 34.562500 -1.374982
v 18.437500 34.250000 -1.437482
v 18.437500 34.250000 -1.812482
v 18.062500 34.062500 -1.437482
v 18.125000 34.125000 -1.812482
v 17.750000 34.062500 -1.562482
v 17.812500 34.125000 -1.937482
v 17.375000 34.250000 -1.749982
v 17.562500 34.187500 -2.124985
v 17.312500 34.562500 -1.874982
v 17.500000 34.500000 -2.187482
v 17.500000 34.812500 -1.812482
v 17.625000 34.750000 -2.187482
v 17.812500 35.000000 -1.812482
v 17.875000 34.875000 -2.124982
v 18.437500 35.000000 -1.749982
v 18.250000 34.937500 -1.999982
v 18.250000 34.687500 -2.312482
v 18.312500 34.625000 -2.624982
v 18.375000 34.625000 -2.812482
v 18.187500 34.625000 -2.749982
v 18.062500 34.500000 -2.749982
v 18.000000 34.375000 -2.749985
v 18.062500 34.125000 -2.874985
v 18.312500 33.937500 -2.937485
v 18.437500 34.000000 -2.874985
v 18.562500 34.062500 -2.937485
v 18.687500 34.125000 -2.937485
v 18.750000 34.187500 -2.937485
v 18.625000 34.125000 -2.812485
v 18.562500 34.125000 -2.687485
v 18.437500 34.187500 -2.437485
v 18.375000 34.250000 -2.187485
v 18.250000 34.125000 -2.187485
v 17.937500 34.125000 -2.249985
v 17.750000 34.187500 -2.437485
v 17.750000 34.437500 -2.437482
v 17.812500 34.625000 -2.437482
v 17.937500 34.750000 -2.437482
v 18.187500 34.687500 -2.562482
v 18.250000 34.625000 -2.624982
v 18.250000 34.625000 -2.687482
v 18.125000 34.687500 -2.624982
v 17.937500 34.562500 -2.687482
v 17.937500 34.375000 -2.687485
v 18.000000 34.312500 -2.749985
v 18.000000 34.312500 -2.624985
v 17.875000 34.312500 -2.562485
v 17.875000 34.375000 -2.562485
v 17.937500 34.562500 -2.562482
v 18.062500 34.687500 -2.562482
v 18.000000 34.250000 -2.624985
v 18.250000 34.000000 -2.749985
v 18.375000 34.062500 -2.749985
v 18.312500 34.125000 -2.499985
v 18.125000 34.062500 -2.499985
v 21.937500 34.812500 0.125018
v 22.062500 34.875000 0.125018
v 22.062500 34.875000 0.000018
v 21.937500 34.750000 0.000018
v 22.000000 34.875000 -0.124982
v 21.937500 34.812500 -0.124982
v 22.000000 35.187500 0.000018
v 21.687500 35.125000 -0.062482
v 21.625000 35.125000 0.000018
v 21.375000 35.062500 0.687518
v 21.125000 34.812500 -0.062482
v 21.375000 34.750000 -0.124982
v 21.562500 34.750000 -0.124982
v 21.562500 34.687500 0.000018
v 21.562500 34.750000 0.125018
v 21.375000 34.750000 0.125018
v 21.125000 34.812500 0.125018
v 21.437500 34.687500 0.000018
v 21.125000 34.750000 0.000018
v 21.562500 35.187500 0.000018
v 21.437500 35.187500 0.000018
v 21.312500 35.250000 0.000018
v 21.250000 35.250000 0.000018
v 20.812500 35.250000 0.000018
v 20.625000 35.250000 0.000018
v 20.562500 35.312500 0.000018
v 20.437500 35.312500 0.000018
v 20.375000 35.312500 0.000018
v 20.812500 34.750000 -0.062482
v 21.125000 34.750000 -0.062482
v 21.125000 34.687500 0.000018
v 21.125000 34.750000 0.125018
v 20.812500 34.750000 0.062518
v 20.812500 34.687500 0.000018
v 20.437500 35.250000 -1.187482
v 20.500000 35.312500 -1.249982
v 20.375000 35.312500 -1.249982
v 20.500000 35.250000 -1.124982
v 20.625000 35.312500 -1.249982
v 20.625000 35.250000 -1.187482
v 20.687500 35.250000 -1.249982
v 20.687500 35.250000 -1.187482
v 21.000000 35.250000 -1.249982
v 21.000000 35.187500 -1.124982
v 21.312500 35.250000 -1.187482
v 21.312500 35.187500 -1.062482
v 21.375000 35.250000 -1.187482
v 21.375000 35.187500 -1.062482
v 21.500000 35.187500 -1.187482
v 21.500000 35.125000 -1.062482
v 21.625000 35.187500 -1.187482
v 21.625000 35.125000 -1.062482
v 21.937500 35.187500 -1.124982
v 21.937500 35.125000 -1.062482
v 22.062500 35.125000 -1.187482
v 22.125000 35.062500 -1.187482
v 22.125000 35.125000 -1.312482
v 22.187500 35.062500 -1.312482
v 22.062500 35.125000 -1.499982
v 22.125000 35.062500 -1.499982
v 22.000000 35.187500 -1.562482
v 21.937500 35.062500 -1.624982
v 21.625000 35.125000 -1.562482
v 21.625000 35.125000 -1.624982
v 21.500000 35.187500 -1.499982
v 21.500000 35.125000 -1.624982
v 21.375000 35.187500 -1.499982
v 21.375000 35.125000 -1.624982
v 21.312500 35.250000 -1.499982
v 21.312500 35.125000 -1.624982
v 21.000000 35.250000 -1.499982
v 21.000000 35.125000 -1.624982
v 20.687500 35.250000 -1.499982
v 20.687500 35.187500 -1.562482
v 20.625000 35.312500 -1.499982
v 20.625000 35.250000 -1.562482
v 20.500000 35.312500 -1.562482
v 20.500000 35.250000 -1.562482
v 20.375000 35.312500 -1.499982
v 20.437500 35.250000 -1.562482
v 20.500000 35.375000 -0.437482
v 20.625000 35.437500 -0.499982
v 20.500000 35.437500 -0.499982
v 20.562500 35.312500 -0.437482
v 20.687500 35.437500 -0.499982
v 20.687500 35.312500 -0.437482
v 20.750000 35.375000 -0.499982
v 20.750000 35.312500 -0.437482
v 21.062500 35.375000 -0.499982
v 21.062500 35.250000 -0.374982
v 21.437500 35.375000 -0.499982
v 21.437500 35.250000 -0.374982
v 21.500000 35.375000 -0.499982
v 21.500000 35.250000 -0.374982
v 21.687500 35.312500 -0.499982
v 21.687500 35.125000 -0.374982
v 21.937500 35.250000 -0.437482
v 21.937500 35.125000 -0.374982
v 22.312500 35.187500 -0.374982
v 22.312500 35.125000 -0.312482
v 22.437500 35.125000 -0.499982
v 22.437500 35.062500 -0.437482
v 22.500000 35.125000 -0.624982
v 22.500000 35.062500 -0.624982
v 22.437500 35.125000 -0.749982
v 22.500000 35.062500 -0.749982
v 22.375000 35.187500 -0.812482
v 22.375000 35.062500 -0.937482
v 21.937500 35.250000 -0.812482
v 21.937500 35.125000 -0.937482
v 21.687500 35.250000 -0.812482
v 21.687500 35.187500 -0.937482
v 21.500000 35.312500 -0.812482
v 21.437500 35.250000 -0.937482
v 21.437500 35.312500 -0.812482
v 21.375000 35.250000 -0.937482
v 21.062500 35.312500 -0.812482
v 21.062500 35.187500 -0.937482
v 20.812500 35.312500 -0.812482
v 20.750000 35.312500 -0.874982
v 20.687500 35.375000 -0.874982
v 20.687500 35.312500 -0.874982
v 20.625000 35.375000 -0.874982
v 20.625000 35.312500 -0.874982
v 20.500000 35.375000 -0.812482
v 20.562500 35.312500 -0.874982
v 17.187500 34.375000 -1.249982
v 16.437500 34.625000 -0.624982
v 16.437500 34.750000 -1.062482
v 17.250000 34.312500 -0.687482
v 16.500000 34.750000 -0.374982
v 17.187500 34.312500 -0.374982
v 16.500000 34.687500 0.062518
v 17.187500 34.312500 0.125018
v 16.562500 34.812500 0.312518
v 17.250000 34.437500 0.500018
v 16.625000 35.062500 0.375018
v 17.312500 34.750000 0.687518
v 16.750000 35.375000 0.375018
v 17.187500 35.250000 0.625018
v 16.937500 35.625000 0.250018
v 17.687500 35.500000 0.437518
v 17.125000 35.750000 0.125018
v 17.812500 35.562500 0.187518
v 17.187500 35.812500 -0.062482
v 17.812500 35.687500 0.000018
v 17.250000 35.812500 -0.374982
v 17.812500 35.750000 -0.374982
v 17.125000 35.812500 -0.687482
v 17.812500 35.750000 -0.749982
v 17.062500 35.750000 -0.937482
v 17.687500 35.687500 -0.999982
v 16.875000 35.562500 -1.124982
v 17.625000 35.500000 -1.312482
v 16.750000 35.437500 -1.187482
v 17.437500 35.187500 -1.437482
v 16.562500 35.125000 -1.187482
v 17.250000 34.937500 -1.437482
v 16.500000 34.937500 -1.062482
v 17.187500 34.625000 -1.312482
v 19.000000 34.750000 -1.562482
v 19.062500 34.875000 -1.687482
v 19.750000 35.312500 -0.374982
v 19.875000 35.000000 -0.312482
v 19.875000 35.000000 -0.374982
v 19.750000 35.250000 -0.312482
v 22.375000 35.187500 -0.499982
v 22.437500 35.187500 -0.499982
v 22.312500 35.187500 -0.437482
v 22.437500 35.187500 -0.624982
v 22.500000 35.187500 -0.624982
v 22.375000 35.187500 -0.749982
v 22.437500 35.187500 -0.749982
v 22.312500 35.187500 -0.812482
v 17.875000 35.250000 -1.499982
v 18.625000 35.250000 -1.562482
v 19.062500 35.062500 -1.687482
v 19.187500 35.250000 -1.624982
v 20.062500 35.187500 -0.249982
v 20.062500 35.312500 -0.124982
v 20.062500 35.312500 0.000018
v 20.062500 35.250000 0.125018
v 20.000000 35.062500 0.250018
v 20.062500 34.937500 -0.249982
v 20.062500 34.875000 0.187518
v 19.625000 35.125000 0.312518
v 19.750000 34.875000 0.250018
v 19.625000 35.062500 0.375018
v 19.750000 34.875000 0.375018
v 20.187500 34.875000 0.375018
v 20.250000 35.062500 0.437518
v 19.937500 34.812500 0.375018
v 19.937500 35.062500 0.437518
v 22.250000 34.937500 -0.374982
v 21.875000 34.937500 -0.374982
v 21.625000 34.937500 -0.374982
v 21.375000 35.000000 -0.374982
v 21.312500 35.000000 -0.374982
v 21.000000 35.000000 -0.374982
v 20.687500 35.250000 -0.374982
v 20.687500 35.000000 -0.374982
v 20.562500 35.250000 -0.374982
v 20.625000 35.000000 -0.374982
v 22.312500 35.000000 -0.874982
v 21.875000 35.000000 -0.937482
v 21.687500 35.000000 -0.937482
v 21.437500 35.000000 -0.937482
v 21.375000 35.000000 -0.937482
v 21.062500 35.000000 -0.937482
v 20.687500 34.937500 -0.999982
v 20.687500 35.250000 -0.999982
v 20.562500 34.937500 -0.999982
v 20.625000 35.250000 -0.999982
v 20.687500 34.875000 -0.499982
v 20.625000 34.812500 -0.499982
v 20.687500 34.750000 -0.687482
v 20.562500 34.750000 -0.687482
v 20.687500 34.812500 -0.812482
v 20.562500 34.812500 -0.812482
v 21.875000 34.937500 -1.062482
v 21.562500 34.937500 -1.062482
v 21.375000 34.937500 -1.124982
v 21.312500 34.937500 -1.062482
v 21.250000 34.937500 -1.062482
v 21.000000 34.937500 -1.062482
v 20.625000 35.187500 -1.062482
v 20.562500 34.937500 -1.062482
v 20.500000 35.187500 -1.062482
v 20.500000 34.937500 -1.062482
v 21.812500 34.937500 -1.562482
v 21.562500 34.937500 -1.624982
v 21.437500 34.937500 -1.624982
v 21.312500 34.937500 -1.624982
v 21.250000 34.937500 -1.624982
v 20.937500 35.000000 -1.624982
v 20.562500 35.000000 -1.624982
v 20.562500 35.187500 -1.624982
v 20.500000 35.000000 -1.624982
v 20.500000 35.187500 -1.624982
v 19.750000 35.250000 0.125018
v 19.812500 35.375000 0.000018
v 19.812500 35.375000 -0.124982
v 19.625000 35.437500 -0.124982
v 19.625000 35.437500 0.000018
v 19.562500 35.375000 0.062518
v 19.500000 35.312500 0.187518
v 19.375000 35.375000 0.187518
v 19.312500 35.250000 0.312518
v 19.312500 35.312500 0.375018
v 19.500000 35.250000 0.437518
v 19.500000 35.250000 0.500018
v 19.687500 35.125000 0.500018
v 19.937500 35.125000 0.562518
v 19.750000 35.187500 0.625018
v 19.562500 35.250000 0.625018
v 19.312500 35.312500 0.437518
v 19.187500 35.312500 0.375018
v 19.125000 35.312500 0.312518
v 19.250000 35.375000 0.187518
v 19.375000 35.437500 0.125018
v 19.437500 35.500000 0.000018
v 19.375000 35.500000 -0.187482
v 19.500000 35.437500 -0.249982
v 19.312500 35.437500 -0.312482
v 19.562500 35.500000 -0.437482
v 19.375000 35.500000 -0.437482
v 19.125000 35.500000 -0.312482
v 19.250000 35.562500 -0.562482
v 19.125000 35.500000 -0.562482
v 18.750000 35.562500 -0.374982
v 18.750000 35.625000 -0.624982
v 18.250000 35.687500 -0.624982
v 18.750000 35.625000 -0.749982
v 18.187500 35.687500 -0.749982
v 18.750000 35.562500 -0.874982
v 18.125000 35.625000 -0.874982
v 18.750000 35.500000 -1.124982
v 18.062500 35.625000 -1.062482
v 18.750000 35.437500 -1.249982
v 18.000000 35.500000 -1.187482
v 18.687500 35.437500 -1.312482
v 17.937500 35.437500 -1.312482
v 18.625000 35.375000 -1.437482
v 17.937500 35.375000 -1.374982
v 18.312500 35.687500 -0.374982
v 18.750000 35.562500 -0.187482
v 19.125000 35.500000 -0.187482
v 18.687500 35.562500 0.000018
v 19.125000 35.562500 0.000018
v 19.250000 35.500000 -0.187482
v 19.187500 35.500000 0.000018
v 19.250000 35.437500 0.125018
v 19.125000 35.437500 0.125018
v 18.687500 35.500000 0.062518
v 18.312500 35.625000 -0.062482
v 18.312500 35.687500 -0.187482
v 18.250000 35.625000 0.062518
v 18.187500 35.562500 0.250018
v 18.187500 35.500000 0.312518
v 18.125000 35.500000 0.437518
v 17.875000 35.375000 0.562518
v 18.062500 35.375000 0.562518
v 18.687500 35.312500 0.687518
v 18.687500 35.437500 0.562518
v 18.687500 35.437500 0.437518
v 18.687500 35.437500 0.250018
v 19.250000 35.500000 -0.249982
v 19.375000 35.437500 -0.249982
v 19.062500 35.375000 0.437518
v 19.062500 35.375000 0.562518
v 19.062500 35.250000 0.750018
v 18.687500 35.187500 0.750018
v 19.125000 35.125000 0.812518
v 19.000000 34.875000 0.937518
v 19.562500 34.812500 0.937518
v 19.500000 34.625000 0.812518
v 19.562500 34.687500 0.750018
v 19.562500 34.562500 0.625018
v 19.625000 34.625000 0.625018
v 19.687500 34.687500 0.437518
v 19.562500 34.562500 0.437518
v 18.937500 34.562500 0.312518
v 18.937500 34.562500 0.812518
v 19.625000 34.562500 0.125018
v 19.750000 34.687500 0.125018
v 20.062500 34.750000 0.125018
v 20.062500 34.687500 0.000018
v 19.750000 34.687500 0.000018
v 20.062500 34.750000 -0.124982
v 19.812500 34.750000 -0.187482
v 19.812500 34.812500 -0.499982
v 19.687500 34.625000 -0.249982
v 19.687500 34.625000 -0.437482
v 19.000000 34.562500 -0.374982
v 19.687500 34.625000 0.000018
v 19.937500 34.687500 0.500018
v 20.125000 34.687500 0.500018
v 20.187500 34.750000 0.500018
v 20.125000 34.625000 0.625018
v 20.187500 34.687500 0.625018
v 20.125000 34.687500 0.750018
v 20.187500 34.687500 0.750018
v 20.187500 34.750000 0.875018
v 20.250000 34.812500 0.875018
v 20.250000 34.937500 0.937518
v 20.562500 34.687500 0.750018
v 20.562500 34.625000 0.625018
v 20.562500 34.750000 0.500018
v 20.187500 34.937500 0.937518
v 20.250000 35.000000 0.875018
v 20.312500 35.062500 0.875018
v 20.312500 35.062500 0.812518
v 20.250000 35.062500 0.812518
v 20.187500 35.000000 0.875018
v 19.937500 34.937500 0.937518
v 19.875000 34.812500 0.875018
v 19.875000 34.687500 0.750018
v 19.875000 34.625000 0.625018
v 19.625000 35.000000 0.937518
v 19.250000 35.187500 0.750018
v 19.187500 35.187500 0.750018
v 19.250000 35.250000 0.750018
v 19.187500 35.375000 0.562518
v 19.187500 35.312500 0.437518
v 19.312500 35.312500 0.562518
v 19.312500 35.312500 0.625018
v 19.500000 35.125000 0.750018
v 19.687500 35.125000 0.812518
v 19.937500 35.125000 0.687518
v 20.125000 35.125000 0.562518
v 20.125000 35.062500 0.500018
v 20.250000 35.062500 0.500018
v 20.187500 35.125000 0.562518
v 20.125000 35.125000 0.687518
v 19.937500 35.062500 0.812518
v 19.437500 35.125000 0.812518
v 20.125000 35.062500 0.812518
v 20.125000 35.062500 0.875018
v 20.187500 35.125000 0.812518
v 20.250000 35.125000 0.687518
v 20.312500 35.125000 0.687518
v 20.375000 35.125000 0.562518
v 20.312500 35.062500 0.500018
v 20.250000 35.125000 0.562518
v 20.187500 35.125000 0.687518
v 22.250000 34.812500 -0.499982
v 22.375000 34.937500 -0.437482
v 22.437500 34.937500 -0.624982
v 22.312500 34.812500 -0.624982
v 22.375000 34.937500 -0.812482
v 22.312500 34.875000 -0.812482
v 22.375000 35.250000 -0.624982
v 22.000000 35.187500 -0.812482
v 21.937500 35.312500 -0.624982
v 22.000000 35.250000 -0.499982
v 16.187500 34.937500 -1.187482
v 16.187500 35.062500 -1.312482
v 16.250000 35.125000 -0.499982
v 16.125000 34.625000 -0.999982
v 16.187500 34.500000 -0.374982
v 16.187500 34.687500 0.187518
v 16.250000 35.187500 0.437518
v 16.500000 35.687500 0.250018
v 16.625000 35.937500 -0.187482
v 16.562500 35.812500 -0.937482
v 16.375000 35.437500 -1.249982
v 16.875000 35.125000 0.687518
v 16.812500 34.937500 0.625018
v 17.000000 35.375000 0.687518
v 17.125000 35.562500 0.625018
v 17.250000 35.750000 0.562518
v 17.500000 36.000000 0.312518
v 17.625000 36.125000 0.000018
v 17.625000 36.125000 -0.374982
v 17.562500 36.062500 -0.749982
v 17.312500 35.812500 -1.187482
v 17.125000 35.625000 -1.374982
v 17.000000 35.375000 -1.499982
v 16.812500 35.187500 -1.499982
v 16.750000 35.000000 -1.437482
v 16.687500 34.812500 -1.312482
v 16.625000 34.625000 -1.187482
v 16.625000 34.500000 -0.937482
v 16.625000 34.375000 -0.562482
v 16.687500 34.375000 -0.187482
v 16.687500 34.500000 0.187518
v 16.750000 34.687500 0.500018
v 16.375000 35.062500 0.000018
v 16.312500 35.000000 -0.249982
v 16.187500 34.937500 -0.499982
v 16.375000 35.000000 -0.812482
v 16.437500 35.250000 -0.874982
v 16.687500 35.562500 -0.874982
v 16.687500 35.625000 -0.624982
v 16.687500 35.687500 -0.312482
v 16.750000 35.687500 0.000018
v 16.500000 35.437500 0.000018
v 16.437500 35.437500 -0.249982
v 16.312500 35.375000 -0.562482
v 21.875000 34.875000 -1.187482
v 22.062500 34.937500 -1.187482
v 22.125000 34.937500 -1.312482
v 21.875000 34.812500 -1.312482
v 22.000000 34.937500 -1.499982
v 21.875000 34.812500 -1.499982
v 22.125000 35.187500 -1.312482
v 22.000000 35.250000 -1.312482
v 22.062500 35.187500 -1.249982
v 22.062500 35.187500 -1.437482
v 22.000000 35.187500 -1.499982
v 21.687500 35.125000 -1.499982
v 21.625000 35.187500 -1.374982
v 22.000000 35.187500 -1.187482
v 21.687500 35.187500 -1.187482
v 21.687500 35.312500 -0.624982
v 21.500000 35.375000 -0.624982
v 21.437500 35.375000 -0.687482
v 21.062500 35.375000 -0.687482
v 20.812500 35.437500 -0.687482
v 20.687500 35.437500 -0.687482
v 20.625000 35.437500 -0.687482
v 20.500000 35.437500 -0.687482
v 21.375000 34.875000 -0.499982
v 21.625000 34.875000 -0.499982
v 21.375000 34.812500 -0.624982
v 21.625000 34.812500 -0.624982
v 21.375000 34.875000 -0.812482
v 21.625000 34.812500 -0.812482
v 21.875000 34.812500 -0.812482
v 21.875000 34.750000 -0.687482
v 21.875000 34.812500 -0.499982
v 21.312500 34.875000 -0.499982
v 21.000000 34.812500 -0.499982
v 21.000000 34.750000 -0.687482
v 21.062500 34.812500 -0.812482
v 21.312500 34.812500 -0.812482
v 21.312500 34.812500 -0.624982
v 21.625000 35.250000 -1.374982
v 21.500000 35.250000 -1.374982
v 21.375000 35.250000 -1.374982
v 21.312500 35.250000 -1.374982
v 21.000000 35.250000 -1.374982
v 20.750000 35.312500 -1.374982
v 20.625000 35.312500 -1.374982
v 20.500000 35.375000 -1.374982
v 20.375000 35.375000 -1.374982
v 21.562500 34.812500 -1.187482
v 21.437500 34.812500 -1.187482
v 21.250000 34.875000 -1.187482
v 21.437500 34.750000 -1.312482
v 21.250000 34.812500 -1.312482
v 21.437500 34.812500 -1.499982
v 21.250000 34.812500 -1.499982
v 21.625000 34.750000 -1.499982
v 21.625000 34.687500 -1.312482
v 21.187500 34.812500 -1.187482
v 21.000000 34.812500 -1.187482
v 20.562500 34.812500 -1.187482
v 20.500000 34.812500 -1.187482
v 20.562500 34.750000 -1.374982
v 20.500000 34.750000 -1.374982
v 20.562500 34.812500 -1.562482
v 20.500000 34.812500 -1.499982
v 21.000000 34.812500 -1.499982
v 21.187500 34.812500 -1.499982
v 21.187500 34.750000 -1.312482
v 21.000000 34.750000 -1.374982
v -15.000000 36.312500 0.562518
v -14.562500 36.312500 0.875018
v -14.625000 36.437500 0.625018
v -14.875000 36.250000 0.812518
v -14.500000 36.125000 1.125018
v -14.750000 36.062500 1.000018
v -14.437500 35.875000 1.312518
v -14.625000 35.875000 1.187518
v -14.375000 35.562500 1.375018
v -14.562500 35.562500 1.250018
v -14.375000 35.125000 1.437518
v -14.562500 35.125000 1.250018
v -14.375000 34.625000 1.312518
v -14.562500 34.687500 1.125018
v -14.312500 34.125000 0.875018
v -14.562500 34.312500 0.687518
v -14.250000 33.937500 0.187518
v -14.500000 34.125000 0.187518
v -14.187500 33.875000 -0.312482
v -14.437500 34.062500 -0.312482
v -14.187500 34.187500 -0.999982
v -14.375000 34.375000 -0.937482
v -14.125000 34.625000 -1.374982
v -14.375000 34.687500 -1.249982
v -14.187500 35.000000 -1.499982
v -14.375000 35.000000 -1.312482
v -14.250000 35.500000 -1.437482
v -14.437500 35.437500 -1.374982
v -14.312500 35.687500 -1.374982
v -14.500000 35.562500 -1.312482
v -14.312500 35.875000 -1.249982
v -14.500000 35.750000 -1.249982
v -14.437500 36.062500 -1.124982
v -14.625000 35.937500 -1.124982
v -14.562500 36.250000 -0.999982
v -14.750000 36.062500 -1.062482
v -14.875000 36.375000 -0.749982
v -15.000000 36.187500 -0.874982
v -15.312500 36.437500 -0.562482
v -15.375000 36.312500 -0.687482
v -15.750000 36.437500 -0.437482
v -15.750000 36.250000 -0.624982
v -16.125000 36.437500 -0.437482
v -16.062500 36.250000 -0.624982
v -16.562500 36.375000 -0.562482
v -16.500000 36.187500 -0.687482
v -16.812500 36.312500 -0.687482
v 14.625000 36.437500 0.625018
v 14.812500 36.250000 0.812518
v 14.937500 36.312500 0.562518
v 14.500000 36.312500 0.875018
v 14.687500 36.062500 1.000018
v 14.437500 36.125000 1.125018
v 14.625000 35.875000 1.187518
v 14.437500 35.875000 1.312518
v 14.500000 35.562500 1.250018
v 14.375000 35.562500 1.375018
v 14.500000 35.125000 1.250018
v 14.375000 35.125000 1.437518
v 14.562500 34.687500 1.125018
v 14.312500 34.625000 1.312518
v 14.500000 34.312500 0.687518
v 14.312500 34.125000 0.875018
v 14.437500 34.125000 0.187518
v 14.250000 33.937500 0.187518
v 14.375000 34.062500 -0.312482
v 14.187500 33.875000 -0.312482
v 14.375000 34.312500 -0.937482
v 14.125000 34.187500 -0.999982
v 14.312500 34.687500 -1.249982
v 14.125000 34.625000 -1.374982
v 14.312500 35.000000 -1.312482
v 14.125000 35.000000 -1.499982
v 14.375000 35.437500 -1.374982
v 14.250000 35.500000 -1.437482
v 14.437500 35.562500 -1.312482
v 14.250000 35.687500 -1.374982
v 14.500000 35.750000 -1.249982
v 14.250000 35.875000 -1.249982
v 14.625000 35.937500 -1.124982
v 14.375000 36.062500 -1.124982
v 14.687500 36.062500 -1.062482
v 14.500000 36.250000 -0.999982
v 14.937500 36.187500 -0.874982
v 14.812500 36.375000 -0.749982
v 15.250000 36.312500 -0.687482
v 15.250000 36.437500 -0.562482
v 15.687500 36.312500 -0.624982
v 15.687500 36.437500 -0.437482
v 16.000000 36.250000 -0.624982
v 16.000000 36.437500 -0.437482
v 16.437500 36.187500 -0.687482
v 16.500000 36.375000 -0.562482
v 16.750000 36.250000 -0.687482
v -16.562500 34.312500 -1.062482
v -16.625000 34.125000 -0.562482
v -16.562500 34.500000 -1.374982
v -16.625000 34.750000 -1.562482
v -16.687500 34.937500 -1.749982
v -16.812500 35.187500 -1.812482
v -17.062500 35.500000 -1.749982
v -17.250000 35.750000 -1.624982
v -17.562500 36.062500 -1.374982
v -17.937500 36.312500 -0.812482
v -18.062500 36.437500 -0.374982
v -18.000000 36.375000 0.062518
v -17.750000 36.187500 0.437518
v -17.437500 35.875000 0.812518
v -17.187500 35.562500 0.937518
v -17.062500 35.375000 1.000018
v -16.937500 35.125000 0.937518
v -16.812500 34.812500 0.875018
v -16.750000 34.562500 0.687518
v -16.687500 34.250000 0.250018
v -16.625000 34.125000 -0.187482
v -17.187500 35.937500 0.750018
v -17.750000 36.250000 0.437518
v -17.375000 35.937500 0.875018
v -17.437500 36.187500 0.437518
v -17.937500 36.437500 0.062518
v -17.562500 36.312500 0.000018
v -18.000000 36.500000 -0.374982
v -17.625000 36.375000 -0.374982
v -17.937500 36.437500 -0.874982
v -17.562500 36.312500 -0.874982
v -17.500000 36.125000 -1.437482
v -17.250000 36.062500 -1.312482
v -17.187500 35.750000 -1.687482
v -17.000000 35.750000 -1.624982
v -16.937500 35.500000 -1.812482
v -16.812500 35.500000 -1.687482
v -16.750000 35.187500 -1.874982
v -16.562500 35.187500 -1.749982
v -16.625000 34.875000 -1.812482
v -16.437500 34.937500 -1.687482
v -16.562500 34.687500 -1.624982
v -16.375000 34.750000 -1.562482
v -16.500000 34.437500 -1.437482
v -16.312500 34.500000 -1.312482
v -16.500000 34.250000 -1.124982
v -16.312500 34.312500 -1.062482
v -16.500000 34.062500 -0.562482
v -16.312500 34.125000 -0.562482
v -16.562500 34.125000 -0.124982
v -16.375000 34.187500 -0.124982
v -16.562500 34.250000 0.375018
v -16.437500 34.250000 0.312518
v -16.687500 34.500000 0.812518
v -16.500000 34.562500 0.750018
v -16.750000 34.812500 1.000018
v -16.625000 34.812500 0.875018
v -16.875000 35.062500 1.062518
v -16.687500 35.125000 0.937518
v -16.937500 35.312500 1.062518
v -16.812500 35.312500 1.000018
v -17.062500 35.562500 1.062518
v -16.937500 35.562500 1.000018
v -13.437500 34.562500 1.437518
v -13.562500 35.125000 1.562518
v -13.625000 34.625000 1.437518
v -13.312500 35.125000 1.625018
v -13.500000 35.562500 1.562518
v -13.250000 35.562500 1.562518
v -13.437500 35.875000 1.437518
v -13.187500 35.875000 1.500018
v -13.375000 36.187500 1.312518
v -13.125000 36.187500 1.312518
v -13.250000 36.375000 1.000018
v -13.000000 36.375000 1.062518
v -13.125000 36.437500 0.687518
v -12.875000 36.500000 0.687518
v -13.062500 36.562500 0.250018
v -12.812500 36.625000 0.250018
v -13.000000 36.625000 -0.124982
v -12.750000 36.625000 -0.124982
v -13.000000 36.500000 -0.437482
v -12.750000 36.500000 -0.437482
v -13.000000 36.375000 -0.812482
v -12.750000 36.375000 -0.812482
v -13.062500 36.187500 -1.124982
v -12.750000 36.187500 -1.124982
v -13.062500 35.875000 -1.312482
v -12.812500 35.937500 -1.312482
v -13.062500 35.625000 -1.437482
v -12.812500 35.625000 -1.437482
v -13.125000 35.375000 -1.499982
v -12.875000 35.312500 -1.437482
v -13.187500 34.812500 -1.499982
v -13.000000 34.750000 -1.437482
v -13.250000 34.437500 -1.249982
v -13.062500 34.375000 -1.187482
v -13.375000 34.062500 -0.874982
v -13.125000 34.062500 -0.812482
v -13.437500 33.812500 -0.187482
v -13.250000 33.750000 -0.187484
v -13.562500 33.875000 0.375018
v -13.312500 33.812500 0.375018
v -13.625000 34.062500 0.875018
v -13.375000 34.062500 0.937518
v -12.812500 34.500000 1.562518
v -12.937500 35.062500 1.687518
v -13.062500 34.500000 1.562518
v -12.687500 35.062500 1.750018
v -12.875000 35.500000 1.687518
v -12.625000 35.500000 1.687518
v -12.750000 35.875000 1.562518
v -12.500000 35.875000 1.562518
v -12.625000 36.187500 1.375018
v -12.375000 36.187500 1.375018
v -12.500000 36.375000 1.062518
v -12.312500 36.437500 1.125018
v -12.437500 36.562500 0.750018
v -12.187500 36.562500 0.750018
v -12.312500 36.625000 0.312518
v -12.062500 36.625000 0.312518
v -12.250000 36.625000 -0.124982
v -12.000000 36.687500 -0.062482
v -12.250000 36.562500 -0.437482
v -12.000000 36.562500 -0.437482
v -12.312500 36.375000 -0.812482
v -12.062500 36.437500 -0.812482
v -12.312500 36.187500 -1.124982
v -12.062500 36.187500 -1.124982
v -12.312500 35.875000 -1.249982
v -12.125000 35.875000 -1.249982
v -12.375000 35.625000 -1.374982
v -12.187500 35.625000 -1.374982
v -12.437500 35.250000 -1.437482
v -12.250000 35.250000 -1.374982
v -12.625000 34.750000 -1.374982
v -12.375000 34.687500 -1.312482
v -12.687500 34.312500 -1.124982
v -12.500000 34.312500 -1.124982
v -12.812500 33.937500 -0.749982
v -12.562500 33.937500 -0.749982
v -12.937500 33.625000 -0.124985
v -12.625000 33.687500 -0.062485
v -13.000000 33.687500 0.500015
v -12.750000 33.625000 0.562515
v -13.000000 34.000000 1.062515
v -12.812500 33.937500 1.062515
v -13.812500 35.125000 1.625018
v -13.875000 34.562500 1.500018
v -13.750000 35.625000 1.625018
v -13.625000 35.937500 1.500018
v -13.562500 36.250000 1.312518
v -13.437500 36.437500 1.000018
v -13.312500 36.625000 0.687518
v -13.250000 36.750000 0.250018
v -13.187500 36.750000 -0.124982
v -13.187500 36.625000 -0.499982
v -13.187500 36.500000 -0.937482
v -13.187500 36.250000 -1.249982
v -13.250000 35.937500 -1.437482
v -13.250000 35.687500 -1.499982
v -13.250000 35.375000 -1.562482
v -13.375000 34.812500 -1.562482
v -13.500000 34.437500 -1.374982
v -13.562500 34.000000 -0.937482
v -13.687500 33.750000 -0.249984
v -13.750000 33.750000 0.375018
v -13.812500 34.000000 0.937518
v -11.625000 36.187500 -1.124982
v -12.000000 35.937500 -1.374982
v -11.875000 36.250000 -1.187482
v -11.687500 35.875000 -1.249982
v -12.000000 35.625000 -1.499982
v -11.750000 35.562500 -1.374982
v -12.125000 35.250000 -1.499982
v -11.812500 35.187500 -1.374982
v -12.250000 34.625000 -1.437482
v -12.000000 34.625000 -1.312482
v -12.312500 34.250000 -1.187482
v -12.062500 34.187500 -1.062482
v -12.437500 33.812500 -0.812485
v -12.187500 33.812500 -0.687485
v -12.500000 33.500000 -0.062485
v -12.250000 33.500000 -0.062485
v -12.562500 33.562500 0.562515
v -12.312500 33.500000 0.562515
v -12.625000 33.875000 1.250015
v -12.312500 33.875000 1.250015
v -12.625000 34.437500 1.750018
v -12.312500 34.375000 1.687518
v -12.500000 35.000000 1.875018
v -12.250000 35.000000 1.875018
v -12.437500 35.500000 1.812518
v -12.187500 35.500000 1.812518
v -12.375000 35.875000 1.687518
v -12.062500 35.875000 1.687518
v -12.250000 36.187500 1.500018
v -11.937500 36.187500 1.437518
v -12.125000 36.500000 1.187518
v -11.812500 36.437500 1.187518
v -12.000000 36.687500 0.812518
v -11.750000 36.625000 0.812518
v -11.937500 36.750000 0.312518
v -11.687500 36.687500 0.312518
v -11.812500 36.812500 -0.062482
v -11.625000 36.687500 -0.062482
v -11.812500 36.687500 -0.499982
v -11.562500 36.562500 -0.437482
v -11.812500 36.500000 -0.874982
v -11.562500 36.437500 -0.812482
v -12.500000 36.687500 -0.499982
v -12.500000 36.812500 -0.124982
v -12.562500 36.500000 -0.874982
v -12.562500 36.250000 -1.249982
v -12.562500 35.937500 -1.437482
v -12.625000 35.687500 -1.562482
v -12.687500 35.312500 -1.624982
v -12.812500 34.750000 -1.562482
v -12.937500 34.312500 -1.312482
v -13.000000 33.875000 -0.874982
v -13.125000 33.562500 -0.187485
v -13.187500 33.625000 0.437515
v -13.250000 33.937500 1.062515
v -13.250000 34.500000 1.625018
v -13.187500 35.125000 1.750018
v -13.062500 35.562500 1.750018
v -13.000000 35.937500 1.625018
v -12.875000 36.250000 1.437518
v -12.750000 36.500000 1.125018
v -12.687500 36.687500 0.812518
v -12.562500 36.750000 0.312518
v -13.437500 36.500000 -0.499982
v -13.437500 36.562500 -0.124982
v -13.437500 36.375000 -0.812482
v -13.437500 36.125000 -1.124982
v -13.437500 35.875000 -1.249982
v -13.500000 35.625000 -1.374982
v -13.500000 35.437500 -1.437482
v -13.562500 34.875000 -1.437482
v -13.625000 34.500000 -1.249982
v -13.750000 34.125000 -0.874982
v -13.812500 33.875000 -0.187482
v -13.875000 33.937500 0.312518
v -13.937500 34.187500 0.875018
v -14.000000 34.625000 1.312518
v -13.937500 35.125000 1.500018
v -13.875000 35.562500 1.437518
v -13.812500 35.875000 1.375018
v -13.750000 36.125000 1.187518
v -13.625000 36.375000 0.937518
v -13.562500 36.500000 0.562518
v -13.500000 36.562500 0.187518
v -13.687500 35.875000 -1.249982
v -13.687500 36.125000 -1.124982
v -13.625000 36.312500 -0.812482
v -13.687500 36.500000 -0.499982
v -13.687500 36.562500 -0.124982
v -13.687500 36.562500 0.187518
v -13.750000 36.500000 0.562518
v -13.812500 36.312500 0.875018
v -13.937500 36.125000 1.125018
v -14.000000 35.875000 1.312518
v -14.062500 35.562500 1.375018
v -14.125000 35.125000 1.437518
v -14.187500 34.687500 1.250018
v -14.187500 34.250000 0.750018
v -14.125000 34.000000 0.250018
v -14.062500 34.000000 -0.312482
v -14.000000 34.250000 -0.874982
v -13.875000 34.625000 -1.249982
v -13.812500 35.000000 -1.437482
v -13.750000 35.437500 -1.374982
v -13.687500 35.687500 -1.312482
v -16.562500 35.500000 -1.687482
v -16.375000 35.187500 -1.749982
v -16.250000 34.937500 -1.687482
v -16.187500 34.750000 -1.562482
v -16.125000 34.500000 -1.312482
v -16.062500 34.250000 -0.999982
v -16.062500 34.125000 -0.562482
v -16.125000 34.187500 -0.062482
v -16.187500 34.312500 0.375018
v -16.312500 34.562500 0.687518
v -16.437500 34.875000 0.875018
v -16.500000 35.125000 0.937518
v -16.562500 35.312500 1.000018
v -16.687500 35.562500 1.000018
v -16.937500 35.937500 0.750018
v -17.062500 36.187500 0.375018
v -17.250000 36.312500 0.000018
v -17.250000 36.312500 -0.374982
v -17.125000 36.250000 -0.874982
v -16.937500 36.000000 -1.312482
v -16.750000 35.750000 -1.562482
v -13.875000 35.937500 -1.374982
v -13.875000 36.187500 -1.187482
v -13.937500 35.687500 -1.437482
v -13.937500 35.500000 -1.499982
v -14.000000 35.000000 -1.499982
v -14.062500 34.625000 -1.312482
v -14.312500 35.125000 1.500018
v -14.250000 35.562500 1.437518
v -14.187500 35.937500 1.375018
v -14.125000 36.187500 1.187518
v -14.062500 36.437500 0.875018
v -14.000000 36.562500 0.562518
v -13.937500 36.687500 0.187518
v -13.875000 36.687500 -0.124982
v -13.875000 36.562500 -0.499982
v -13.875000 36.437500 -0.874982
v 16.562500 34.125000 -0.562482
v 16.562500 34.250000 -1.062482
v 16.562500 34.500000 -1.374982
v 16.625000 34.687500 -1.624982
v 16.687500 34.937500 -1.749982
v 16.812500 35.187500 -1.812482
v 17.000000 35.500000 -1.749982
v 17.187500 35.687500 -1.624982
v 17.562500 36.000000 -1.374982
v 17.937500 36.312500 -0.874982
v 18.000000 36.375000 -0.374982
v 17.937500 36.312500 0.062518
v 17.750000 36.125000 0.437518
v 17.375000 35.875000 0.812518
v 17.187500 35.562500 0.937518
v 17.062500 35.312500 1.000018
v 16.937500 35.062500 1.000018
v 16.812500 34.812500 0.875018
v 16.750000 34.562500 0.687518
v 16.687500 34.250000 0.250018
v 16.625000 34.125000 -0.187482
v 17.312500 35.937500 0.875018
v 17.437500 36.187500 0.437518
v 17.125000 35.937500 0.812518
v 17.687500 36.250000 0.500018
v 17.562500 36.312500 0.000018
v 17.937500 36.437500 0.062518
v 17.562500 36.375000 -0.374982
v 17.937500 36.500000 -0.374982
v 17.500000 36.312500 -0.874982
v 17.875000 36.375000 -0.874982
v 17.250000 36.000000 -1.312482
v 17.500000 36.125000 -1.437482
v 16.937500 35.750000 -1.624982
v 17.187500 35.750000 -1.749982
v 16.750000 35.500000 -1.749982
v 16.937500 35.500000 -1.812482
v 16.562500 35.187500 -1.749982
v 16.750000 35.187500 -1.874982
v 16.437500 34.937500 -1.687482
v 16.562500 34.875000 -1.812482
v 16.375000 34.750000 -1.562482
v 16.500000 34.687500 -1.687482
v 16.312500 34.500000 -1.312482
v 16.437500 34.437500 -1.437482
v 16.312500 34.250000 -1.062482
v 16.437500 34.250000 -1.124982
v 16.312500 34.125000 -0.562482
v 16.500000 34.062500 -0.562482
v 16.312500 34.187500 -0.124982
v 16.500000 34.062500 -0.124982
v 16.375000 34.250000 0.312518
v 16.562500 34.187500 0.375018
v 16.500000 34.562500 0.750018
v 16.687500 34.500000 0.812518
v 16.625000 34.812500 0.937518
v 16.750000 34.812500 1.000018
v 16.687500 35.062500 1.000018
v 16.875000 35.062500 1.062518
v 16.750000 35.312500 1.000018
v 16.937500 35.312500 1.125018
v 16.875000 35.500000 1.000018
v 17.062500 35.562500 1.062518
v 13.625000 34.625000 1.437518
v 13.312500 35.125000 1.625018
v 13.375000 34.562500 1.437518
v 13.562500 35.125000 1.562518
v 13.250000 35.562500 1.562518
v 13.500000 35.562500 1.562518
v 13.125000 35.875000 1.500018
v 13.437500 35.875000 1.437518
v 13.062500 36.187500 1.312518
v 13.312500 36.187500 1.312518
v 13.000000 36.375000 1.062518
v 13.250000 36.375000 1.000018
v 12.875000 36.500000 0.687518
v 13.125000 36.437500 0.687518
v 12.812500 36.625000 0.250018
v 13.062500 36.562500 0.250018
v 12.750000 36.625000 -0.124982
v 13.000000 36.625000 -0.124982
v 12.750000 36.500000 -0.437482
v 13.000000 36.500000 -0.437482
v 12.750000 36.375000 -0.812482
v 13.000000 36.375000 -0.812482
v 12.750000 36.187500 -1.124982
v 13.000000 36.187500 -1.124982
v 12.750000 35.937500 -1.312482
v 13.062500 35.875000 -1.312482
v 12.812500 35.625000 -1.437482
v 13.062500 35.625000 -1.437482
v 12.875000 35.312500 -1.437482
v 13.125000 35.375000 -1.499982
v 13.000000 34.750000 -1.437482
v 13.187500 34.812500 -1.499982
v 13.062500 34.375000 -1.187482
v 13.250000 34.437500 -1.249982
v 13.125000 34.062500 -0.812482
v 13.375000 34.062500 -0.874982
v 13.250000 33.750000 -0.187484
v 13.437500 33.812500 -0.187482
v 13.312500 33.812500 0.375018
v 13.500000 33.875000 0.375018
v 13.375000 34.062500 0.937518
v 13.562500 34.062500 0.875018
v 13.000000 34.500000 1.562518
v 12.687500 35.062500 1.750018
v 12.812500 34.500000 1.562518
v 12.937500 35.062500 1.687518
v 12.625000 35.500000 1.687518
v 12.812500 35.500000 1.687518
v 12.500000 35.875000 1.562518
v 12.750000 35.875000 1.562518
v 12.375000 36.187500 1.375018
v 12.625000 36.187500 1.375018
v 12.250000 36.437500 1.125018
v 12.500000 36.375000 1.062518
v 12.125000 36.562500 0.750018
v 12.375000 36.562500 0.750018
v 12.062500 36.625000 0.312518
v 12.312500 36.625000 0.312518
v 12.000000 36.687500 -0.062482
v 12.250000 36.625000 -0.124982
v 12.000000 36.562500 -0.437482
v 12.250000 36.562500 -0.437482
v 12.062500 36.437500 -0.812482
v 12.250000 36.375000 -0.812482
v 12.062500 36.187500 -1.124982
v 12.312500 36.187500 -1.124982
v 12.125000 35.875000 -1.249982
v 12.312500 35.875000 -1.249982
v 12.187500 35.625000 -1.374982
v 12.375000 35.625000 -1.374982
v 12.250000 35.250000 -1.374982
v 12.437500 35.250000 -1.437482
v 12.375000 34.687500 -1.312482
v 12.562500 34.750000 -1.374982
v 12.500000 34.312500 -1.124982
v 12.687500 34.312500 -1.124982
v 12.562500 33.937500 -0.749982
v 12.812500 33.937500 -0.749982
v 12.625000 33.687500 -0.062485
v 12.875000 33.625000 -0.124985
v 12.687500 33.625000 0.562515
v 12.937500 33.687500 0.500015
v 12.750000 33.937500 1.062515
v 13.000000 34.000000 1.062515
v 13.875000 34.562500 1.500018
v 13.812500 35.125000 1.625018
v 13.687500 35.625000 1.625018
v 13.625000 35.937500 1.500018
v 13.562500 36.250000 1.312518
v 13.437500 36.437500 1.000018
v 13.312500 36.625000 0.687518
v 13.250000 36.750000 0.250018
v 13.187500 36.750000 -0.124982
v 13.187500 36.625000 -0.499982
v 13.187500 36.500000 -0.937482
v 13.187500 36.250000 -1.249982
v 13.187500 35.937500 -1.437482
v 13.250000 35.687500 -1.499982
v 13.250000 35.375000 -1.562482
v 13.312500 34.812500 -1.562482
v 13.437500 34.437500 -1.374982
v 13.562500 34.000000 -0.937482
v 13.687500 33.750000 -0.249984
v 13.750000 33.750000 0.375018
v 13.750000 34.000000 0.937518
v 11.875000 36.250000 -1.187482
v 11.687500 35.875000 -1.249982
v 11.625000 36.187500 -1.124982
v 11.937500 35.937500 -1.374982
v 11.750000 35.562500 -1.374982
v 12.000000 35.625000 -1.499982
v 11.812500 35.187500 -1.374982
v 12.062500 35.250000 -1.499982
v 12.000000 34.625000 -1.312482
v 12.250000 34.625000 -1.437482
v 12.062500 34.187500 -1.062482
v 12.312500 34.250000 -1.187482
v 12.187500 33.812500 -0.687485
v 12.437500 33.812500 -0.812485
v 12.250000 33.500000 -0.062485
v 12.500000 33.500000 -0.062485
v 12.312500 33.500000 0.562515
v 12.562500 33.562500 0.562515
v 12.312500 33.875000 1.250015
v 12.562500 33.875000 1.250015
v 12.312500 34.375000 1.687518
v 12.625000 34.437500 1.750018
v 12.250000 35.000000 1.875018
v 12.500000 35.000000 1.875018
v 12.187500 35.500000 1.812518
v 12.437500 35.500000 1.812518
v 12.062500 35.875000 1.687518
v 12.312500 35.875000 1.687518
v 11.937500 36.187500 1.437518
v 12.250000 36.187500 1.500018
v 11.812500 36.437500 1.187518
v 12.125000 36.500000 1.187518
v 11.687500 36.625000 0.812518
v 11.937500 36.687500 0.812518
v 11.625000 36.687500 0.312518
v 11.875000 36.750000 0.312518
v 11.562500 36.687500 -0.062482
v 11.812500 36.812500 -0.062482
v 11.562500 36.562500 -0.437482
v 11.812500 36.687500 -0.499982
v 11.562500 36.437500 -0.812482
v 11.812500 36.500000 -0.874982
v 12.500000 36.812500 -0.124982
v 12.500000 36.687500 -0.499982
v 12.500000 36.500000 -0.874982
v 12.500000 36.250000 -1.249982
v 12.562500 35.937500 -1.437482
v 12.625000 35.687500 -1.562482
v 12.687500 35.312500 -1.624982
v 12.812500 34.750000 -1.562482
v 12.875000 34.312500 -1.312482
v 13.000000 33.875000 -0.874982
v 13.062500 33.562500 -0.187485
v 13.187500 33.625000 0.437515
v 13.187500 33.937500 1.062515
v 13.250000 34.500000 1.625018
v 13.187500 35.125000 1.750018
v 13.062500 35.562500 1.750018
v 12.937500 35.937500 1.625018
v 12.875000 36.250000 1.437518
v 12.750000 36.500000 1.125018
v 12.625000 36.687500 0.812518
v 12.562500 36.750000 0.312518
v 13.437500 36.562500 -0.124982
v 13.437500 36.500000 -0.499982
v 13.437500 36.375000 -0.812482
v 13.437500 36.125000 -1.124982
v 13.437500 35.875000 -1.249982
v 13.437500 35.625000 -1.374982
v 13.500000 35.437500 -1.437482
v 13.562500 34.875000 -1.437482
v 13.625000 34.500000 -1.249982
v 13.687500 34.125000 -0.874982
v 13.812500 33.875000 -0.187482
v 13.875000 33.937500 0.312518
v 13.937500 34.187500 0.875018
v 14.000000 34.625000 1.312518
v 13.937500 35.125000 1.500018
v 13.875000 35.562500 1.437518
v 13.812500 35.875000 1.375018
v 13.750000 36.125000 1.187518
v 13.625000 36.375000 0.937518
v 13.562500 36.500000 0.562518
v 13.500000 36.562500 0.187518
v 13.625000 36.125000 -1.124982
v 13.687500 35.875000 -1.249982
v 13.625000 36.312500 -0.812482
v 13.625000 36.500000 -0.499982
v 13.625000 36.562500 -0.124982
v 13.687500 36.562500 0.187518
v 13.750000 36.500000 0.562518
v 13.812500 36.312500 0.875018
v 13.937500 36.125000 1.125018
v 14.000000 35.875000 1.312518
v 14.062500 35.562500 1.375018
v 14.125000 35.125000 1.437518
v 14.187500 34.687500 1.250018
v 14.187500 34.250000 0.750018
v 14.125000 34.000000 0.250018
v 14.062500 34.000000 -0.312482
v 13.937500 34.250000 -0.874982
v 13.875000 34.625000 -1.249982
v 13.812500 35.000000 -1.437482
v 13.687500 35.437500 -1.374982
v 13.687500 35.687500 -1.312482
v 16.312500 35.187500 -1.749982
v 16.500000 35.500000 -1.687482
v 16.187500 34.937500 -1.687482
v 16.125000 34.750000 -1.562482
v 16.062500 34.500000 -1.312482
v 16.062500 34.250000 -0.999982
v 16.062500 34.125000 -0.562482
v 16.062500 34.187500 -0.062482
v 16.125000 34.312500 0.375018
v 16.250000 34.500000 0.687518
v 16.375000 34.875000 0.875018
v 16.437500 35.062500 0.937518
v 16.562500 35.312500 1.000018
v 16.625000 35.562500 1.000018
v 16.875000 35.937500 0.750018
v 17.000000 36.187500 0.375018
v 17.187500 36.312500 0.000018
v 17.187500 36.312500 -0.374982
v 17.062500 36.250000 -0.874982
v 16.875000 36.000000 -1.312482
v 16.687500 35.750000 -1.562482
v 13.875000 36.187500 -1.187482
v 13.875000 35.937500 -1.374982
v 13.937500 35.687500 -1.437482
v 13.937500 35.500000 -1.499982
v 13.937500 35.000000 -1.499982
v 14.062500 34.625000 -1.312482
v 14.250000 35.125000 1.500018
v 14.250000 35.562500 1.437518
v 14.187500 35.937500 1.375018
v 14.125000 36.187500 1.187518
v 14.062500 36.437500 0.875018
v 14.000000 36.562500 0.562518
v 13.937500 36.687500 0.187518
v 13.875000 36.687500 -0.124982
v 13.875000 36.562500 -0.499982
v 13.875000 36.437500 -0.874982
v -15.750000 36.000000 0.875018
v -15.312500 35.812500 1.250018
v -15.437500 36.062500 1.062518
v -15.562500 35.750000 1.000018
v -15.125000 35.562500 1.312518
v -15.375000 35.437500 1.062518
v -15.062500 35.187500 1.375018
v -15.312500 35.187500 1.125018
v -15.000000 34.625000 1.187518
v -15.250000 34.750000 0.937518
v -14.937500 34.312500 0.625018
v -15.187500 34.437500 0.562518
v -14.875000 34.062500 0.062518
v -15.125000 34.250000 0.062518
v -14.812500 34.062500 -0.312482
v -15.062500 34.187500 -0.374982
v -14.750000 34.312500 -0.999982
v -15.000000 34.437500 -0.937482
v -14.750000 34.750000 -1.374982
v -15.000000 34.812500 -1.249982
v -14.750000 35.062500 -1.499982
v -15.062500 35.000000 -1.312482
v -14.875000 35.312500 -1.499982
v -15.125000 35.187500 -1.312482
v -14.937500 35.500000 -1.499982
v -15.250000 35.375000 -1.312482
v -15.187500 35.875000 -1.312482
v -15.437500 35.687500 -1.249982
v -15.500000 36.125000 -1.187482
v -15.625000 35.812500 -1.187482
v -15.812500 36.187500 -1.062482
v -15.875000 35.937500 -1.124982
v -16.062500 36.250000 -0.999982
v -16.062500 36.000000 -1.062482
v -16.500000 36.250000 -0.937482
v -16.437500 36.062500 -0.999982
v -16.875000 36.250000 -0.874982
v -16.875000 36.125000 -0.999982
v 15.250000 36.375000 -0.312482
v 15.437500 36.437500 -0.249982
v 15.625000 36.312500 -0.312482
v 16.937500 36.187500 -0.562482
v -15.750000 36.312500 -0.312482
v -15.500000 36.375000 -0.249982
v -15.312500 36.375000 -0.312482
v -17.000000 36.187500 -0.562482
v 2.500000 2.875000 -2.000000
v 3.000000 4.625000 -1.187497
v 3.125000 2.812500 -1.812500
v 2.437500 4.687500 -1.312497
v -3.000000 4.625000 -1.187497
v -2.500000 2.875000 -2.000000
v -3.125000 2.812500 -1.812500
v -2.437500 4.687500 -1.312497
v 14.250000 36.250000 0.812518
v 14.312500 36.125000 1.062518
v 14.312500 36.250000 0.750018
v 14.187500 36.375000 0.500018
v 14.375000 36.312500 0.437518
v 14.375000 36.375000 0.125018
v 14.562500 36.375000 0.062518
v 14.375000 36.437500 -0.124982
v 14.750000 36.375000 -0.187482
v 14.312500 36.312500 -0.437482
v 14.562500 36.375000 -0.374982
v 14.312500 36.187500 -0.812482
v 14.125000 36.250000 -0.749982
v 14.187500 36.062500 -0.999982
v 14.125000 36.062500 -1.062482
v 14.125000 35.812500 -1.187482
v 14.125000 36.375000 -0.437482
v 14.125000 36.437500 -0.124982
v 14.187500 36.437500 0.187518
v 15.250000 36.375000 -0.124982
v 15.687500 36.375000 -0.249982
v 16.062500 36.312500 -0.249982
v 16.000000 36.312500 -0.312482
v 16.500000 36.250000 -0.249982
v 16.500000 36.250000 -0.437482
v 16.812500 36.250000 -0.124982
v 16.750000 36.187500 -0.562482
v 16.937500 36.187500 -0.187482
v 16.812500 36.250000 -0.874982
v 16.812500 36.062500 -0.999982
v 16.375000 36.250000 -0.937482
v 16.000000 36.250000 -0.999982
v 16.000000 36.250000 -0.749982
v 15.687500 36.187500 -1.062482
v 15.687500 36.250000 -0.812482
v 15.437500 36.125000 -1.187482
v 15.437500 36.187500 -0.874982
v 15.187500 36.125000 -1.062482
v 15.125000 35.875000 -1.312482
v 14.937500 36.000000 -1.187482
v 14.875000 35.500000 -1.499982
v 14.750000 35.687500 -1.312482
v 14.687500 35.562500 -1.312482
v 14.812500 35.312500 -1.499982
v 14.625000 35.375000 -1.374982
v 14.750000 35.062500 -1.499982
v 14.562500 35.000000 -1.312482
v 14.687500 34.750000 -1.374982
v 14.562500 34.750000 -1.187482
v 14.687500 34.312500 -0.999982
v 14.562500 34.375000 -0.937482
v 14.750000 34.000000 -0.312482
v 14.625000 34.125000 -0.312482
v 14.812500 34.062500 0.062518
v 14.625000 34.187500 0.125018
v 14.937500 34.312500 0.625018
v 14.687500 34.375000 0.687518
v 15.000000 34.625000 1.187518
v 14.750000 34.687500 1.062518
v 15.062500 35.187500 1.375018
v 14.750000 35.125000 1.187518
v 15.062500 35.500000 1.312518
v 14.812500 35.500000 1.187518
v 15.250000 35.812500 1.250018
v 14.875000 35.812500 1.125018
v 15.375000 36.062500 1.062518
v 15.000000 36.000000 0.937518
v 15.125000 36.187500 0.812518
v 15.625000 36.250000 0.750018
v 15.500000 36.250000 0.437518
v 15.875000 36.312500 0.562518
v 15.812500 36.312500 0.250018
v 16.125000 36.375000 0.375018
v 16.062500 36.312500 0.062518
v 16.500000 36.312500 0.187518
v 16.500000 36.312500 0.000018
v 16.750000 36.312500 0.000018
v 16.812500 36.312500 0.062518
v 16.937500 36.125000 0.125018
v 16.500000 36.375000 -0.124982
v 16.062500 36.500000 -0.124982
v 16.062500 36.375000 0.000018
v 15.687500 36.500000 -0.124982
v 15.750000 36.375000 0.000018
v 15.312500 36.562500 0.000018
v 15.375000 36.437500 0.187518
v 14.937500 36.562500 0.312518
v 14.937500 36.437500 0.125018
v 16.437500 36.187500 0.312518
v 16.125000 36.125000 0.437518
v 15.937500 36.125000 0.625018
v 15.687500 36.000000 0.875018
v 15.500000 35.750000 1.000018
v 15.312500 35.437500 1.125018
v 15.250000 35.187500 1.125018
v 15.187500 34.750000 0.937518
v 15.125000 34.437500 0.562518
v 15.062500 34.250000 0.062518
v 15.000000 34.187500 -0.374982
v 14.937500 34.437500 -0.937482
v 14.937500 34.812500 -1.249982
v 15.000000 35.000000 -1.374982
v 15.062500 35.187500 -1.312482
v 15.187500 35.375000 -1.312482
v 15.375000 35.687500 -1.249982
v 15.562500 35.812500 -1.187482
v 15.812500 35.937500 -1.124982
v 16.000000 36.000000 -1.062482
v 16.375000 36.062500 -1.062482
v 16.812500 36.062500 0.437518
v 16.687500 35.875000 -1.249982
v 14.812500 36.312500 -0.624982
v 16.062500 35.250000 -1.499982
v 16.312500 35.437500 -1.499982
v 16.250000 35.250000 -1.499982
v 15.750000 35.062500 -1.437482
v 16.125000 35.000000 -1.437482
v 15.625000 34.937500 -1.312482
v 16.062500 34.812500 -1.374982
v 15.500000 34.812500 -1.187482
v 16.000000 34.625000 -1.187482
v 15.562500 34.437500 -0.937482
v 15.375000 34.437500 -0.937482
v 15.312500 34.250000 -0.374982
v 15.625000 34.250000 -0.374982
v 16.000000 34.437500 -0.937482
v 16.000000 34.312500 -0.437482
v 15.687500 34.312500 0.000018
v 16.000000 34.375000 0.000018
v 15.750000 34.500000 0.437518
v 16.125000 34.500000 0.375018
v 15.812500 34.750000 0.750018
v 16.187500 34.687500 0.625018
v 15.937500 35.125000 0.937518
v 16.250000 34.937500 0.750018
v 16.312500 35.125000 0.812518
v 16.000000 35.312500 0.937518
v 16.375000 35.312500 0.875018
v 16.062500 35.375000 0.875018
v 16.437500 35.437500 0.875018
v 16.250000 35.500000 0.875018
v 16.562500 35.625000 0.750018
v 15.687500 34.750000 0.812518
v 15.500000 34.500000 0.500018
v 15.375000 34.312500 0.000018
v 15.187500 34.437500 -0.937482
v 15.250000 34.875000 -1.312482
v 15.312500 35.062500 -1.312482
v 15.375000 35.250000 -1.374982
v 15.625000 35.562500 -1.374982
v 16.000000 35.750000 -1.312482
v 16.375000 35.875000 -1.312482
v 15.500000 34.750000 0.812518
v 15.562500 35.187500 1.000018
v 15.625000 35.375000 0.937518
v 15.750000 35.562500 0.937518
v 15.812500 35.687500 0.812518
v 16.125000 35.937500 0.687518
v 16.437500 36.000000 0.562518
v 14.062500 35.500000 -1.374982
v 14.062500 35.687500 -1.249982
v 14.312500 35.875000 1.250018
v 14.250000 35.562500 1.375018
v 14.750000 36.562500 0.062518
v 15.000000 36.562500 -0.187482
v 14.687500 36.500000 -0.499982
v -14.250000 36.250000 0.812518
v -14.312500 36.250000 0.750018
v -14.312500 36.125000 1.062518
v -14.250000 36.375000 0.500018
v -14.437500 36.312500 0.437518
v -14.437500 36.375000 0.125018
v -14.562500 36.375000 0.062518
v -14.437500 36.437500 -0.124982
v -14.812500 36.375000 -0.187482
v -14.375000 36.312500 -0.437482
v -14.562500 36.312500 -0.374982
v -14.312500 36.187500 -0.812482
v -14.187500 36.250000 -0.749982
v -14.187500 36.062500 -0.999982
v -14.125000 36.062500 -1.062482
v -14.125000 35.812500 -1.187482
v -14.187500 36.375000 -0.437482
v -14.187500 36.437500 -0.124982
v -14.187500 36.437500 0.187518
v -15.750000 36.312500 -0.249982
v -15.312500 36.375000 -0.124982
v -16.125000 36.312500 -0.249982
v -16.125000 36.250000 -0.312482
v -16.562500 36.250000 -0.249982
v -16.562500 36.250000 -0.437482
v -16.875000 36.250000 -0.124982
v -16.812500 36.187500 -0.562482
v -17.000000 36.187500 -0.187482
v -16.062500 36.250000 -0.749982
v -15.750000 36.187500 -0.812482
v -15.500000 36.187500 -0.874982
v -15.250000 36.125000 -1.062482
v -15.000000 35.937500 -1.187482
v -14.750000 35.625000 -1.312482
v -14.687500 35.562500 -1.312482
v -14.687500 35.375000 -1.374982
v -14.625000 35.000000 -1.312482
v -14.562500 34.750000 -1.187482
v -14.562500 34.375000 -0.937482
v -14.625000 34.125000 -0.312482
v -14.687500 34.187500 0.125018
v -14.750000 34.375000 0.687518
v -14.812500 34.687500 1.062518
v -14.812500 35.125000 1.187518
v -14.812500 35.500000 1.187518
v -14.937500 35.812500 1.125018
v -15.062500 36.000000 0.937518
v -15.187500 36.187500 0.812518
v -15.687500 36.250000 0.750018
v -15.937500 36.312500 0.562518
v -16.000000 36.062500 0.625018
v -16.187500 36.312500 0.375018
v -16.187500 36.125000 0.437518
v -16.562500 36.312500 0.187518
v -16.500000 36.125000 0.312518
v -16.875000 36.312500 0.062518
v -17.000000 36.187500 0.125018
v -16.812500 36.312500 0.000018
v -16.562500 36.375000 -0.124982
v -16.562500 36.312500 0.000018
v -16.125000 36.500000 -0.124982
v -16.187500 36.375000 0.000018
v -15.812500 36.500000 -0.124982
v -15.812500 36.375000 0.000018
v -15.375000 36.500000 0.000018
v -15.437500 36.437500 0.187518
v -15.000000 36.500000 0.312518
v -15.000000 36.375000 0.125018
v -16.187500 36.312500 0.062518
v -15.875000 36.312500 0.250018
v -15.562500 36.250000 0.437518
v -16.875000 36.062500 0.437518
v -16.750000 35.937500 -1.249982
v -14.875000 36.312500 -0.624982
v -16.062500 35.250000 -1.499982
v -16.250000 35.250000 -1.499982
v -16.375000 35.437500 -1.499982
v -15.812500 35.062500 -1.374982
v -16.187500 35.000000 -1.437482
v -15.687500 34.937500 -1.312482
v -16.125000 34.812500 -1.374982
v -15.562500 34.812500 -1.187482
v -16.062500 34.625000 -1.187482
v -15.562500 34.437500 -0.937482
v -15.437500 34.437500 -0.937482
v -15.375000 34.250000 -0.374982
v -15.687500 34.312500 -0.374982
v -16.062500 34.437500 -0.937482
v -16.062500 34.312500 -0.437482
v -15.687500 34.375000 0.000018
v -16.062500 34.375000 0.000018
v -15.812500 34.500000 0.437518
v -16.125000 34.500000 0.375018
v -15.875000 34.750000 0.750018
v -16.250000 34.750000 0.625018
v -15.937500 35.187500 0.937518
v -16.312500 34.937500 0.750018
v -16.375000 35.125000 0.812518
v -16.062500 35.312500 0.937518
v -16.437500 35.312500 0.875018
v -16.125000 35.437500 0.875018
v -16.500000 35.437500 0.875018
v -16.312500 35.562500 0.875018
v -16.625000 35.625000 0.750018
v -15.750000 34.750000 0.812518
v -15.562500 34.500000 0.437518
v -15.437500 34.312500 0.000018
v -15.250000 34.437500 -0.937482
v -15.250000 34.937500 -1.312482
v -15.375000 35.062500 -1.312482
v -15.437500 35.250000 -1.374982
v -15.687500 35.562500 -1.312482
v -16.062500 35.750000 -1.312482
v -16.437500 35.875000 -1.249982
v -15.562500 34.750000 0.812518
v -15.625000 35.187500 1.000018
v -15.687500 35.375000 0.937518
v -15.812500 35.562500 0.937518
v -15.875000 35.687500 0.812518
v -16.187500 35.937500 0.687518
v -16.500000 36.000000 0.562518
v -14.062500 35.500000 -1.374982
v -14.125000 35.687500 -1.249982
v -14.312500 35.875000 1.250018
v -14.312500 35.562500 1.375018
v -14.812500 36.500000 0.062518
v -15.062500 36.562500 -0.187482
v -14.750000 36.500000 -0.499982
v 3.500000 4.500000 -0.624997
v 3.687500 3.687500 -0.062497
v 3.500000 3.750000 -0.687497
v 3.687500 4.437500 -0.062497
v 3.062500 3.687500 1.125003
v 3.125000 4.437500 1.062503
v 1.562500 3.625000 0.812503
v 1.375000 4.312500 0.062503
v 1.625000 4.312500 0.812503
v 1.312500 3.625000 0.062503
v 1.437500 4.437500 -0.687497
v 1.437500 3.687500 -0.749997
v 16.437500 35.625000 -1.562482
v 2.812500 1.250003 -4.562500
v 3.312500 1.687500 -2.937500
v 3.687500 1.187503 -4.375000
v 2.625000 1.750000 -3.187500
v -3.500000 4.500000 -0.624997
v -3.500000 3.750000 -0.687497
v -3.687500 3.687500 -0.062497
v -3.687500 4.437500 -0.062497
v -3.062500 3.687500 1.125003
v -3.125000 4.437500 1.062503
v -1.562500 3.625000 0.812503
v -1.625000 4.312500 0.812503
v -1.375000 4.312500 0.062503
v -1.312500 3.625000 0.062503
v -1.437500 4.437500 -0.687497
v -1.437500 3.687500 -0.749997
v -16.500000 35.625000 -1.562482
v -2.812500 1.250003 -4.562500
v -3.687500 1.187503 -4.375000
v -3.312500 1.687500 -2.937500
v -2.625000 1.750000 -3.187500
v 11.625000 36.437500 0.687518
v 11.875000 36.000000 1.250018
v 11.500000 36.500000 -0.062482
v 11.500000 36.250000 -0.687482
v 11.625000 35.812500 -1.062482
v 11.750000 35.250000 -1.187482
v 11.875000 34.687500 -1.124982
v 12.000000 34.312500 -0.874982
v 12.062500 34.000000 -0.562482
v 12.125000 33.750000 0.000015
v 12.125000 33.750000 0.437518
v 12.187500 34.000000 1.062515
v 12.250000 34.437500 1.437518
v 12.125000 35.000000 1.687518
v 12.062500 35.375000 1.562518
v 16.500000 35.937500 0.875018
v 16.250000 35.750000 0.937518
v 16.000000 35.562500 1.000018
v 15.875000 35.437500 1.062518
v 15.812500 35.312500 1.062518
v 15.750000 35.187500 1.062518
v 15.625000 34.687500 0.875018
v 16.437500 35.750000 -1.562482
v 16.125000 35.625000 -1.562482
v 15.812500 35.437500 -1.562482
v 15.562500 35.187500 -1.562482
v 15.437500 35.000000 -1.437482
v 15.375000 34.812500 -1.374982
v 15.312500 34.375000 -0.999982
v -11.875000 36.000000 1.250018
v -11.625000 36.437500 0.687518
v -12.062500 35.375000 1.562518
v -12.187500 35.000000 1.687518
v -12.250000 34.437500 1.437518
v -12.187500 34.000000 1.062515
v -12.187500 33.750000 0.437518
v -12.125000 33.750000 0.000015
v -12.062500 34.000000 -0.562482
v -12.000000 34.312500 -0.874982
v -11.875000 34.687500 -1.124982
v -11.750000 35.250000 -1.187482
v -11.625000 35.812500 -1.062482
v -11.562500 36.250000 -0.687482
v -11.562500 36.500000 -0.062482
v -16.562500 35.937500 0.875018
v -16.250000 35.750000 0.937518
v -16.062500 35.562500 1.000018
v -15.937500 35.437500 1.062518
v -15.875000 35.312500 1.062518
v -15.812500 35.187500 1.062518
v -15.687500 34.687500 0.875018
v -16.437500 35.750000 -1.499982
v -16.187500 35.625000 -1.562482
v -15.875000 35.437500 -1.562482
v -15.625000 35.187500 -1.499982
v -15.500000 35.000000 -1.437482
v -15.437500 34.812500 -1.374982
v -15.375000 34.375000 -0.999982
v 1.250000 26.500000 -4.187488
v 1.187500 26.187500 -3.874988
v 1.125000 26.062500 -3.874988
v 1.125000 26.375000 -4.249988
v 0.812500 26.062500 -3.937488
v 0.812500 26.375000 -4.312488
v 0.562500 26.250000 -3.874988
v 0.625000 26.500000 -4.312488
v 0.812500 26.687500 -4.437488
v 0.562500 27.125000 -4.124988
v 0.750000 27.062500 -4.374988
v 0.687500 27.312500 -4.187488
v 0.500000 27.250000 -3.812485
v 0.625000 27.437500 -3.812485
v 1.000000 27.312500 -4.124988
v 0.937500 27.500000 -3.812485
v 1.062500 27.375000 -3.812485
v 1.062500 27.250000 -4.062488
v 1.062500 27.062500 -4.312488
v 1.125000 26.750000 -4.374988
v 1.187500 26.750000 -4.312488
v 1.125000 27.000000 -4.249988
v 1.375000 26.062500 -3.812488
v 1.375000 26.437500 -4.187488
v 1.312500 26.750000 -4.312488
v 1.250000 27.062500 -4.312488
v 1.187500 27.375000 -4.062488
v 1.125000 27.500000 -3.812485
v 1.500000 27.437500 -3.999985
v 1.437500 27.500000 -3.749985
v 1.500000 27.437500 -3.749985
v 1.625000 27.250000 -3.937485
v 1.562500 27.125000 -4.187488
v 1.625000 26.812500 -4.249988
v 1.812500 26.562500 -3.999988
v 1.687500 26.500000 -4.124988
v 1.812500 26.312500 -3.749988
v 1.750000 26.125000 -3.749988
v -20.500000 35.250000 -0.124982
v -20.562500 35.250000 -0.124982
v -20.562500 35.187500 -0.187482
v -20.687500 35.187500 -0.124982
v -20.875000 35.187500 -0.124982
v -20.875000 35.062500 -0.249982
v -21.250000 35.125000 -0.124982
v -21.187500 35.062500 -0.249982
v -21.312500 35.125000 -0.124982
v -21.312500 35.062500 -0.249982
v -21.437500 35.125000 -0.124982
v -21.437500 35.000000 -0.187482
v -21.625000 35.062500 -0.124982
v -21.625000 35.000000 -0.187482
v -21.937500 35.062500 -0.124982
v -21.937500 35.000000 -0.187482
v -22.000000 35.000000 -0.062482
v -22.062500 34.937500 -0.124982
v -22.062500 35.000000 0.000018
v -22.125000 34.937500 0.000018
v -22.062500 35.000000 0.125018
v -22.062500 34.937500 0.125018
v -21.937500 35.062500 0.187518
v -21.937500 34.937500 0.250018
v -21.625000 35.000000 0.125018
v -21.625000 34.937500 0.250018
v -21.437500 35.062500 0.125018
v -21.437500 35.000000 0.250018
v -21.312500 35.125000 0.125018
v -21.250000 35.000000 0.250018
v -21.187500 35.125000 0.125018
v -21.187500 35.000000 0.250018
v -20.812500 35.125000 0.125018
v -20.812500 35.000000 0.250018
v -20.625000 35.125000 0.125018
v -20.562500 35.125000 0.187518
v -20.500000 35.187500 0.125018
v -20.500000 35.125000 0.187518
v -20.437500 35.187500 0.125018
v -18.750000 34.437500 -3.312482
v -18.562500 34.562500 -3.624982
v -18.750000 34.437500 -3.499982
v -18.562500 34.562500 -3.374982
v -18.437500 34.500000 -3.624982
v -18.437500 34.562500 -3.437482
v -18.375000 34.500000 -3.249982
v -18.437500 34.562500 -3.187482
v -18.375000 34.437500 -3.187482
v -18.312500 34.500000 -3.187482
v -18.250000 34.375000 -3.187485
v -18.187500 34.375000 -3.187485
v -18.187500 34.250000 -3.249985
v -18.187500 34.250000 -3.187485
v -18.187500 34.187500 -3.249985
v -18.125000 34.125000 -3.187485
v -18.250000 34.125000 -3.687485
v -18.187500 34.125000 -3.437485
v -18.250000 34.000000 -3.624985
v -18.187500 34.000000 -3.437485
v -18.375000 33.937500 -3.562485
v -18.375000 33.875000 -3.374985
v -18.562500 33.937500 -3.562485
v -18.562500 33.875000 -3.312485
v -18.625000 34.000000 -3.562485
v -18.687500 34.000000 -3.312485
v -18.687500 34.125000 -3.562485
v -18.750000 34.062500 -3.312485
v -18.750000 34.187500 -3.562485
v -18.812500 34.125000 -3.312485
v -18.812500 34.250000 -3.562485
v -18.812500 34.250000 -3.312485
v 19.687500 35.000000 -1.624982
v 19.750000 35.250000 -1.624982
v 20.125000 35.000000 -1.687482
v 20.125000 35.250000 -1.687482
v 20.125000 35.312500 -1.562482
v 20.187500 35.375000 -1.374982
v 20.125000 35.312500 -1.249982
v 20.125000 35.187500 -1.062482
v -18.312500 34.250000 -3.687485
v -18.312500 34.250000 -3.749985
v -18.375000 34.375000 -3.749985
v -18.312500 34.375000 -3.749985
v -18.437500 34.437500 -3.687482
v -18.375000 34.437500 -3.749982
v -22.062500 35.062500 -0.062482
v -22.000000 35.062500 -0.062482
v -22.062500 35.062500 0.000018
v -22.062500 35.062500 0.125018
v -22.000000 35.062500 0.062518
v -21.500000 35.000000 0.750018
v -21.500000 35.000000 0.687518
v -21.500000 34.937500 0.750018
v -21.437500 34.937500 0.812518
v 17.687500 34.062500 -1.124982
v 18.000000 34.062500 -1.062482
v 18.562500 34.312500 -0.999982
v 18.875000 34.562500 -0.937482
v 19.000000 34.687500 -1.374982
v 18.937500 34.625000 -0.937482
v 20.187500 35.250000 -0.999982
v 20.187500 35.375000 -0.874982
v 20.187500 35.500000 -0.687482
v 20.187500 35.437500 -0.562482
v 20.187500 35.312500 -0.374982
v 19.875000 35.000000 -0.999982
v 19.750000 35.250000 -0.999982
v 20.187500 34.937500 -0.999982
v 20.187500 34.937500 -0.374982
v 20.125000 34.937500 -1.062482
v 19.687500 35.250000 -1.062482
v 19.875000 35.000000 -1.062482
v -21.937500 34.812500 0.187518
v -21.500000 34.812500 0.187518
v -21.375000 34.812500 0.187518
v -21.187500 34.812500 0.250018
v -21.125000 34.812500 0.250018
v -20.750000 34.875000 0.250018
v -20.500000 35.062500 0.250018
v -21.937500 34.875000 -0.187482
v -21.500000 34.812500 -0.187482
v -21.375000 34.875000 -0.187482
v -21.250000 34.875000 -0.187482
v -21.187500 34.875000 -0.249982
v -20.812500 34.875000 -0.187482
v -20.625000 35.125000 -0.249982
v -20.500000 34.875000 -0.249982
v -20.437500 34.625000 0.000018
v -20.500000 34.687500 -0.124982
v -21.375000 34.812500 0.437518
v -21.437500 34.937500 0.437518
v -21.187500 34.937500 0.437518
v -21.125000 34.812500 0.437518
v -21.062500 34.937500 0.500018
v -21.000000 34.812500 0.437518
v -20.937500 34.937500 0.437518
v -20.937500 34.875000 0.437518
v -20.875000 34.937500 0.437518
v -20.875000 34.875000 0.437518
v -20.875000 34.625000 0.625018
v -20.875000 34.687500 0.750018
v -20.937500 34.687500 0.875018
v -20.875000 34.875000 0.937518
v -20.875000 35.000000 0.812518
v -20.875000 35.000000 0.687518
v -20.875000 35.000000 0.562518
v -20.937500 35.000000 0.562518
v -21.062500 35.000000 0.562518
v -21.187500 34.937500 0.562518
v -21.437500 35.000000 0.500018
v -21.250000 34.937500 0.562518
v -21.437500 35.000000 0.562518
v -21.500000 34.937500 0.562518
v -21.500000 35.000000 0.625018
v -21.562500 34.937500 0.687518
v -21.187500 34.937500 0.812518
v -21.250000 34.937500 0.812518
v -21.187500 35.000000 0.687518
v -21.250000 35.000000 0.687518
v -21.062500 35.000000 0.687518
v -20.937500 35.000000 0.687518
v -20.937500 34.937500 0.812518
v -20.937500 34.875000 0.937518
v -21.062500 34.687500 0.875018
v -21.000000 34.625000 0.750018
v -21.000000 34.625000 0.625018
v -21.062500 34.687500 0.500018
v -21.125000 34.625000 0.500018
v -21.437500 34.687500 0.500018
v -21.187500 34.562500 0.625018
v -21.125000 34.625000 0.750018
v -21.125000 34.687500 0.875018
v -21.437500 34.687500 0.750018
v -21.437500 34.687500 0.625018
v -21.437500 34.750000 0.875018
v -21.187500 34.812500 0.875018
v -21.437500 34.812500 0.875018
v -21.562500 34.875000 0.812518
v -21.375000 34.875000 0.687518
v -21.562500 34.875000 0.562518
v -21.500000 34.812500 0.562518
v -21.562500 34.750000 0.625018
v -21.500000 34.750000 0.750018
v -21.062500 34.875000 0.875018
v -21.062500 34.937500 0.812518
v 19.812500 35.500000 -0.562482
v 19.625000 35.500000 -0.562482
v 19.375000 35.562500 -0.562482
v 19.437500 35.625000 -0.687482
v 19.250000 35.625000 -0.749982
v 19.437500 35.625000 -0.749982
v 19.750000 35.562500 -0.687482
v 19.875000 35.562500 -0.687482
v 19.812500 35.437500 -0.874982
v 19.625000 35.500000 -0.874982
v 19.437500 35.562500 -0.874982
v 19.250000 35.562500 -0.874982
v 19.375000 35.500000 -0.999982
v 19.562500 35.437500 -0.937482
v 19.312500 35.437500 -1.062482
v 19.312500 35.437500 -1.187482
v 19.125000 35.437500 -1.062482
v 19.125000 35.562500 -0.874982
v 19.125000 35.625000 -0.749982
v 19.125000 35.437500 -1.249982
v 19.250000 35.437500 -1.249982
v 19.375000 35.500000 -1.249982
v 19.250000 35.437500 -1.374982
v 19.375000 35.500000 -1.374982
v 19.375000 35.500000 -1.437482
v 19.562500 35.437500 -1.437482
v 19.562500 35.437500 -1.249982
v 19.500000 35.375000 -1.187482
v 19.750000 35.375000 -1.249982
v 19.812500 35.437500 -1.437482
v 19.750000 35.375000 -1.562482
v 19.437500 35.312500 -1.562482
v 19.250000 35.312500 -1.562482
v 19.500000 35.375000 -1.499982
v 19.312500 35.437500 -1.499982
v 19.250000 35.375000 -1.499982
v 19.125000 35.437500 -1.374982
v 19.125000 35.312500 -1.437482
v 18.687500 34.875000 0.937518
v 18.750000 34.562500 0.812518
v 18.812500 34.500000 0.312518
v 18.875000 34.562500 -0.499982
v 18.437500 34.437500 -0.562482
v 18.000000 34.125000 -0.749982
v 17.812500 34.125000 -0.749982
v 17.687500 34.187500 -0.499982
v 18.250000 34.312500 0.250018
v 18.062500 34.437500 0.750018
v 18.000000 34.875000 0.875018
v 18.000000 35.250000 0.687518
v 17.750000 35.250000 0.750018
v 17.625000 34.750000 0.812518
v 17.625000 34.375000 0.562518
v 17.687500 34.250000 0.187518
v 19.687500 34.625000 -0.687482
v 19.750000 34.750000 -0.687482
v 19.687500 34.687500 -0.937482
v 19.625000 34.750000 -1.124982
v 19.625000 34.750000 -1.312482
v 19.750000 34.875000 -1.124982
v 19.687500 34.812500 -1.312482
v 19.562500 34.812500 -1.499982
v 19.687500 34.875000 -1.499982
v 19.750000 34.812500 -0.874982
v 20.125000 34.812500 -1.187482
v 20.125000 34.750000 -1.312482
v 20.125000 34.812500 -1.499982
v 20.187500 34.812500 -0.812482
v 20.187500 34.750000 -0.687482
v 20.187500 34.812500 -0.499982
v -18.250000 34.250000 -3.687485
v -18.250000 34.375000 -3.624985
v -18.375000 34.437500 -3.624982
v -18.437500 34.000000 -3.687485
v -18.500000 34.125000 -3.749985
v -18.625000 34.187500 -3.749985
v -18.625000 34.312500 -3.687485
v -18.687500 34.375000 -3.624985
v -18.500000 34.500000 -3.749982
v -18.500000 34.375000 -3.749985
v -18.437500 34.312500 -3.812485
v -18.375000 34.187500 -3.749985
v -18.312500 34.125000 -3.749985
v -18.437500 34.562500 -2.812482
v -18.687500 34.437500 -2.874982
v -18.562500 34.437500 -2.749982
v -18.312500 34.562500 -2.624982
v -18.500000 34.437500 -2.499982
v -18.250000 34.625000 -2.312482
v -18.375000 34.500000 -2.187482
v -18.312500 34.875000 -1.999982
v -18.562500 34.625000 -1.937482
v -17.875000 34.812500 -2.124982
v -17.625000 34.687500 -2.187482
v -17.500000 34.437500 -2.187482
v -17.562500 34.125000 -2.124985
v -17.812500 34.062500 -1.937482
v -18.125000 34.062500 -1.812482
v -18.437500 34.187500 -1.812482
v -18.625000 34.375000 -1.812482
v -18.437500 34.312500 -2.124985
v -18.500000 34.312500 -2.437485
v -18.687500 34.312500 -2.687485
v -18.750000 34.250000 -2.812485
v -18.750000 34.437500 -3.124982
v -18.812500 34.250000 -3.062485
v -18.812500 34.125000 -3.062485
v -18.750000 34.062500 -3.124985
v -18.687500 33.937500 -3.124985
v -18.562500 33.875000 -3.124985
v -18.312500 33.875000 -3.187485
v -18.125000 34.000000 -3.187485
v -18.125000 34.187500 -2.999985
v -18.125000 34.375000 -2.999985
v -18.375000 34.500000 -2.937482
v -18.500000 34.625000 -3.187482
v -18.437500 34.562500 -2.937482
v -18.312500 34.562500 -2.874982
v -18.125000 34.437500 -2.874982
v -18.062500 34.250000 -2.874985
v -18.062500 34.437500 -2.749982
v -18.187500 34.562500 -2.749982
v -18.000000 34.687500 -2.437482
v -17.812500 34.562500 -2.437482
v -17.750000 34.375000 -2.437485
v -17.750000 34.125000 -2.437485
v -18.000000 34.062500 -2.249985
v -18.250000 34.062500 -2.187485
v -18.437500 34.187500 -2.187485
v -18.500000 34.125000 -2.437485
v -18.562500 34.062500 -2.687485
v -18.625000 34.062500 -2.812485
v -18.750000 34.125000 -2.937485
v -18.687500 34.062500 -2.937485
v -18.625000 34.000000 -2.937485
v -18.500000 33.937500 -2.874985
v -18.312500 33.875000 -2.937485
v -18.125000 34.062500 -2.999985
v -18.062500 34.062500 -2.874985
v -18.312500 33.937500 -2.749985
v -18.375000 34.000000 -2.749985
v -18.312500 34.062500 -2.499985
v -18.125000 34.000000 -2.499985
v -18.000000 34.187500 -2.624985
v -18.000000 34.250000 -2.624985
v -18.000000 34.250000 -2.749985
v -17.937500 34.312500 -2.687485
v -17.937500 34.250000 -2.562485
v -17.937500 34.312500 -2.562485
v -18.000000 34.500000 -2.687482
v -18.125000 34.625000 -2.624982
v -18.250000 34.562500 -2.687482
v -18.250000 34.562500 -2.624982
v -18.187500 34.625000 -2.562482
v -18.062500 34.625000 -2.562482
v -17.937500 34.500000 -2.562482
v -22.000000 34.812500 0.125018
v -21.937500 34.750000 0.125018
v -22.062500 34.812500 0.000018
v -21.937500 34.687500 0.000018
v -22.000000 34.812500 -0.124982
v -21.937500 34.750000 -0.124982
v -21.937500 35.125000 0.000018
v -21.625000 35.062500 0.000018
v -21.687500 35.062500 -0.062482
v -21.437500 35.000000 0.687518
v -21.562500 34.687500 0.125018
v -21.562500 34.625000 0.000018
v -21.562500 34.687500 -0.124982
v -21.375000 34.687500 -0.124982
v -21.125000 34.750000 -0.062482
v -21.375000 34.625000 0.000018
v -21.375000 34.687500 0.125018
v -21.125000 34.750000 0.125018
v -21.125000 34.687500 0.000018
v -21.562500 35.125000 0.000018
v -21.437500 35.125000 0.000018
v -21.312500 35.187500 0.000018
v -21.250000 35.187500 0.000018
v -20.812500 35.187500 0.000018
v -20.625000 35.187500 0.000018
v -20.562500 35.250000 0.000018
v -20.437500 35.250000 0.000018
v -20.812500 34.687500 -0.062482
v -20.812500 34.625000 0.000018
v -20.812500 34.687500 0.062518
v -21.125000 34.687500 0.125018
v -21.125000 34.625000 0.000018
v -21.125000 34.687500 -0.062482
vt 3.554932 3.295898
vt 3.543213 3.312256
vt 3.542969 3.286621
vt 3.556152 3.313965
vt 3.537842 3.337891
vt 3.552246 3.340088
vt 3.536133 3.376709
vt 3.548584 3.378418
vt 3.544434 3.407471
vt 3.549805 3.403320
vt 3.542969 3.415039
vt 3.550537 3.414551
vt 3.542480 3.434082
vt 3.550537 3.432617
vt 3.543701 3.441650
vt 3.549561 3.444092
vt 3.532227 3.470703
vt 3.547363 3.469482
vt 3.530518 3.506104
vt 3.542725 3.506104
vt 3.528809 3.515137
vt 3.541992 3.515137
vt 3.528320 3.535400
vt 3.538818 3.535889
vt 3.526123 3.560059
vt 3.533203 3.562744
vt 3.525879 3.605225
vt 3.531250 3.604492
vt 3.536621 3.627197
vt 3.540039 3.620361
vt 3.555420 3.631104
vt 3.556152 3.622314
vt 3.574463 3.626709
vt 3.570801 3.618652
vt 3.593994 3.607666
vt 3.582275 3.605957
vt 3.593262 3.558350
vt 3.577881 3.565186
vt 3.593750 3.535889
vt 3.577637 3.537109
vt 3.593994 3.513428
vt 3.575439 3.514160
vt 3.593994 3.505127
vt 3.574219 3.505859
vt 3.595459 3.465820
vt 3.577637 3.467041
vt 3.584961 3.436768
vt 3.578613 3.440918
vt 3.586914 3.427734
vt 3.578857 3.428711
vt 3.588379 3.413574
vt 3.580566 3.413330
vt 3.586182 3.405762
vt 3.580566 3.403320
vt 3.598633 3.379150
vt 3.580322 3.381592
vt 3.603516 3.335449
vt 3.581299 3.339355
vt 3.590088 3.311523
vt 3.582275 3.312988
vt 3.593018 3.285889
vt 3.584717 3.293457
vt 3.584473 3.279541
vt 3.489258 3.291260
vt 3.479492 3.308838
vt 3.480957 3.288330
vt 3.488770 3.315918
vt 3.471436 3.327637
vt 3.485840 3.336182
vt 3.468018 3.355469
vt 3.483398 3.365723
vt 3.474854 3.398193
vt 3.481689 3.397705
vt 3.471680 3.406006
vt 3.481201 3.406738
vt 3.470947 3.414307
vt 3.481445 3.415527
vt 3.473877 3.421875
vt 3.480469 3.424805
vt 3.459717 3.455078
vt 3.477783 3.455811
vt 3.456543 3.496826
vt 3.475098 3.496582
vt 3.456055 3.503662
vt 3.474609 3.504395
vt 3.458252 3.528809
vt 3.471924 3.532715
vt 3.456543 3.561523
vt 3.465088 3.562500
vt 3.457764 3.605225
vt 3.465332 3.605225
vt 3.475586 3.623779
vt 3.478027 3.617676
vt 3.487793 3.626465
vt 3.487061 3.620117
vt 3.502441 3.623291
vt 3.500000 3.618652
vt 3.524902 3.605713
vt 3.512939 3.604980
vt 3.523682 3.559082
vt 3.513428 3.561523
vt 3.521240 3.529541
vt 3.510498 3.532959
vt 3.522461 3.503906
vt 3.507812 3.504639
vt 3.522949 3.493896
vt 3.508545 3.495117
vt 3.525635 3.454346
vt 3.510742 3.455566
vt 3.517578 3.423096
vt 3.512451 3.425537
vt 3.520020 3.416016
vt 3.513184 3.416260
vt 3.519775 3.407959
vt 3.513672 3.407959
vt 3.518555 3.401367
vt 3.514160 3.398926
vt 3.530518 3.366943
vt 3.515869 3.371338
vt 3.532227 3.337402
vt 3.516357 3.340576
vt 3.527100 3.311523
vt 3.516602 3.315918
vt 3.527100 3.288330
vt 3.518555 3.291260
vt 3.518555 3.277100
vt 3.628662 3.209473
vt 3.604492 3.131104
vt 3.656494 3.138672
vt 3.596924 3.217041
vt 3.587158 3.127441
vt 3.578613 3.220703
vt 3.571777 3.124268
vt 3.564453 3.223389
vt 3.557861 3.129883
vt 3.552734 3.225830
vt 3.530518 3.140625
vt 3.537598 3.229004
vt 3.514893 3.143311
vt 3.521484 3.228027
vt 3.503662 3.145264
vt 3.505127 3.227051
vt 3.493652 3.145264
vt 3.491699 3.226074
vt 3.478027 3.145020
vt 3.476562 3.225342
vt 3.458008 3.145996
vt 3.458252 3.225830
vt 3.438232 3.146973
vt 3.435303 3.226318
vt 3.425781 3.147217
vt 3.419434 3.227051
vt 3.407715 3.147705
vt 3.395508 3.226318
vt 3.393555 3.149902
vt 3.383545 3.225098
vt 3.376465 3.152344
vt 3.366455 3.224854
vt 3.355713 3.151855
vt 3.347656 3.221924
vt 3.339111 3.153320
vt 3.328613 3.217773
vt 3.311768 3.154541
vt 3.307617 3.221924
vt 3.265625 3.155273
vt 3.271240 3.220215
vt 3.219238 3.171631
vt 3.223145 3.229492
vt 3.161621 3.183105
vt 3.161621 3.230713
vt 3.082764 3.188721
vt 3.088867 3.235840
vt 3.348145 3.272705
vt 3.322266 3.265381
vt 3.362305 3.271484
vt 3.375244 3.270752
vt 3.392578 3.270996
vt 3.411377 3.268799
vt 3.431396 3.268066
vt 3.456543 3.269287
vt 3.474121 3.270264
vt 3.490234 3.266113
vt 3.505371 3.263184
vt 3.518555 3.265625
vt 3.536621 3.267334
vt 3.552002 3.265869
vt 3.568604 3.262451
vt 3.586182 3.266846
vt 3.607178 3.284180
vt 3.622314 3.276611
vt 3.644531 3.280029
vt 3.649170 3.269287
vt 3.489258 3.612305
vt 3.483154 3.609375
vt 3.488770 3.610352
vt 3.495117 3.611328
vt 3.541504 3.616211
vt 3.535400 3.604004
vt 3.543945 3.613281
vt 3.553955 3.617920
vt 3.567383 3.616699
vt 3.554199 3.614990
vt 3.565918 3.613525
vt 3.574707 3.606934
vt 3.641357 3.322266
vt 3.569336 3.277588
vt 3.577393 3.296631
vt 3.570801 3.315186
vt 3.568604 3.341064
vt 3.563721 3.382324
vt 3.564941 3.403076
vt 3.570312 3.296387
vt 3.565674 3.413330
vt 3.564697 3.430176
vt 3.563965 3.444092
vt 3.562500 3.468262
vt 3.560303 3.506348
vt 3.560059 3.514893
vt 3.556885 3.536133
vt 3.554443 3.558350
vt 3.570312 3.573730
vt 3.538086 3.572510
vt 3.554199 3.565674
vt 3.639893 3.377441
vt 3.597412 3.413574
vt 3.596924 3.426514
vt 3.640137 3.461182
vt 3.634033 3.510986
vt 3.635986 3.515381
vt 3.635010 3.534424
vt 3.634766 3.554932
vt 3.634766 3.599365
vt 3.642334 3.435547
vt 3.644287 3.421875
vt 3.090820 3.252197
vt 3.167236 3.250732
vt 3.224854 3.245850
vt 3.270752 3.235352
vt 3.304688 3.239502
vt 3.294678 3.322266
vt 3.320557 3.327637
vt 3.296143 3.371826
vt 3.275635 3.318848
vt 3.280273 3.375977
vt 3.261719 3.318115
vt 3.265625 3.380859
vt 3.245361 3.324707
vt 3.249512 3.379150
vt 3.235596 3.336670
vt 3.237793 3.377686
vt 3.253418 3.424316
vt 3.240479 3.419678
vt 3.241211 3.429932
vt 3.266357 3.423096
vt 3.280273 3.419922
vt 3.293213 3.417480
vt 3.280029 3.429688
vt 3.267334 3.432617
vt 3.254150 3.433594
vt 3.293213 3.427002
vt 3.316162 3.419189
vt 3.314453 3.459473
vt 3.297607 3.463623
vt 3.280518 3.465332
vt 3.296631 3.501953
vt 3.282959 3.501709
vt 3.267578 3.466064
vt 3.268066 3.501465
vt 3.256348 3.502441
vt 3.254639 3.465820
vt 3.242676 3.460449
vt 3.998535 3.097656
vt 3.978271 3.107178
vt 3.965332 3.090576
vt 3.994385 3.077393
vt 3.962158 3.064941
vt 3.996338 3.053467
vt 3.997803 3.016357
vt 3.961914 3.017578
vt 3.912598 3.078125
vt 3.915039 3.017090
vt 3.875977 3.082764
vt 3.869385 3.019043
vt 3.828613 3.081543
vt 3.822266 3.020752
vt 3.781006 3.089600
vt 3.757324 3.034424
vt 3.695801 3.037598
vt 3.755127 3.012207
vt 3.698730 3.012939
vt 3.628906 3.041504
vt 3.612793 3.014160
vt 3.598633 3.063721
vt 3.567871 3.031250
vt 3.576172 3.082031
vt 3.547363 3.054443
vt 3.528076 3.100342
vt 3.515137 3.079102
vt 3.501709 3.105957
vt 3.498779 3.085938
vt 3.476318 3.108643
vt 3.475342 3.086426
vt 3.443604 3.111328
vt 3.446045 3.089111
vt 3.415771 3.110840
vt 3.420898 3.091309
vt 3.382568 3.104492
vt 3.391846 3.078613
vt 3.354736 3.093994
vt 3.370361 3.065186
vt 3.302979 3.066895
vt 3.310059 3.036865
vt 3.252197 3.054443
vt 3.258301 3.013184
vt 3.221191 3.048340
vt 3.222900 3.011230
vt 3.186279 3.046631
vt 3.182861 3.007324
vt 3.148438 3.037598
vt 3.134766 3.008789
vt 3.056396 3.008057
vt 3.058350 3.041992
vt 3.142090 3.103271
vt 3.070557 3.104980
vt 3.130371 3.135010
vt 3.076660 3.150879
vt 3.182373 3.115723
vt 3.220703 3.113281
vt 3.253662 3.107422
vt 3.305664 3.105469
vt 3.344238 3.116943
vt 3.364258 3.124268
vt 3.680420 3.118408
vt 3.719971 3.097168
vt 3.450439 3.411865
vt 3.462402 3.364258
vt 3.458496 3.413086
vt 3.447754 3.403809
vt 3.443848 3.374512
vt 3.443848 3.401367
vt 3.424561 3.374512
vt 3.424805 3.399414
vt 3.411133 3.369873
vt 3.412354 3.398193
vt 3.394531 3.368652
vt 3.405762 3.400391
vt 3.394287 3.407959
vt 3.402832 3.407959
vt 3.986572 3.478516
vt 3.984863 3.514648
vt 3.938721 3.516846
vt 3.936035 3.477539
vt 3.890869 3.516357
vt 3.887695 3.475586
vt 3.651611 3.452637
vt 3.694092 3.456055
vt 3.695068 3.405029
vt 3.654785 3.407227
vt 3.692627 3.362549
vt 3.654297 3.370361
vt 3.692627 3.362549
vt 3.654297 3.370361
vt 3.850586 3.604736
vt 3.890869 3.565918
vt 3.854980 3.566162
vt 3.892090 3.604492
vt 3.901123 3.565918
vt 3.900879 3.604248
vt 3.949951 3.564697
vt 3.946045 3.597656
vt 3.999023 3.563232
vt 3.991455 3.590820
vt 3.708496 3.432373
vt 3.753662 3.470703
vt 3.704590 3.469727
vt 3.755127 3.432861
vt 3.778320 3.470947
vt 3.775146 3.433105
vt 3.802734 3.471436
vt 3.795166 3.433350
vt 3.809570 3.471436
vt 3.801758 3.433594
vt 3.851807 3.470703
vt 3.846191 3.431885
vt 3.887695 3.469727
vt 3.887695 3.429688
vt 3.895752 3.468506
vt 3.897217 3.429199
vt 3.946777 3.467773
vt 3.945312 3.430176
vt 3.991943 3.466553
vt 3.996094 3.431885
vt 3.991943 3.466553
vt 3.996094 3.431885
vt 3.716064 3.525146
vt 3.709229 3.562744
vt 3.756836 3.562500
vt 3.757568 3.521973
vt 3.780762 3.562500
vt 3.776367 3.522949
vt 3.804688 3.562256
vt 3.798096 3.524658
vt 3.814941 3.562500
vt 3.805420 3.524170
vt 3.855225 3.562500
vt 3.848145 3.523193
vt 3.892090 3.562500
vt 3.892578 3.520996
vt 3.899658 3.561523
vt 3.900146 3.520752
vt 3.945068 3.555420
vt 3.946289 3.520752
vt 3.987061 3.549316
vt 3.996338 3.519531
vt 3.462891 3.413330
vt 3.463623 3.405518
vt 3.528320 3.415039
vt 3.528564 3.407959
vt 3.713867 3.614014
vt 3.753174 3.655518
vt 3.709473 3.655518
vt 3.760498 3.614014
vt 3.774902 3.655518
vt 3.778076 3.614014
vt 3.796631 3.655518
vt 3.795898 3.614014
vt 3.807617 3.655518
vt 3.806885 3.614014
vt 3.843262 3.655518
vt 3.851562 3.614014
vt 3.878662 3.655518
vt 3.884521 3.614014
vt 3.898682 3.655518
vt 3.895996 3.614014
vt 3.943848 3.655518
vt 3.946777 3.614014
vt 3.989014 3.655518
vt 3.997314 3.614014
vt 3.989014 3.655518
vt 3.997314 3.614014
vt 3.534180 3.435547
vt 3.535400 3.415771
vt 3.393799 3.333008
vt 3.413818 3.342285
vt 3.428223 3.342285
vt 3.445801 3.341064
vt 3.465820 3.328125
vt 3.449219 3.318359
vt 3.429443 3.322754
vt 3.412354 3.318848
vt 3.401611 3.317871
vt 3.390381 3.300049
vt 3.388916 3.332764
vt 3.382080 3.299561
vt 3.381348 3.316406
vt 3.374023 3.319092
vt 3.374512 3.297852
vt 3.384277 3.281738
vt 3.374268 3.281006
vt 3.402100 3.298828
vt 3.412109 3.295898
vt 3.428955 3.296875
vt 3.432373 3.296387
vt 3.453369 3.289062
vt 3.430664 3.279297
vt 3.411621 3.278320
vt 3.401855 3.282959
vt 3.455078 3.279785
vt 3.462891 3.288086
vt 3.459229 3.309570
vt 3.472412 3.286865
vt 3.489990 3.278076
vt 3.505127 3.276367
vt 3.503174 3.294922
vt 3.507080 3.293945
vt 3.504395 3.320068
vt 3.500488 3.340332
vt 3.499512 3.370361
vt 3.498779 3.398438
vt 3.498535 3.407959
vt 3.498047 3.417480
vt 3.497559 3.426514
vt 3.495850 3.456787
vt 3.493896 3.496094
vt 3.493408 3.505127
vt 3.492432 3.532227
vt 3.489990 3.557617
vt 3.470703 3.574219
vt 3.469482 3.604980
vt 3.482422 3.610840
vt 3.507568 3.604980
vt 3.508789 3.572510
vt 3.489746 3.565430
vt 3.536377 3.284912
vt 3.550537 3.277832
vt 3.463135 3.277832
vt 3.361572 3.283691
vt 3.363525 3.302002
vt 3.361572 3.320557
vt 3.359619 3.302490
vt 3.348633 3.284180
vt 3.340088 3.288086
vt 3.333496 3.309570
vt 3.343506 3.318115
vt 3.344727 3.299072
vt 3.342529 3.339844
vt 3.318604 3.366699
vt 3.315918 3.410400
vt 3.326904 3.419922
vt 3.328857 3.429199
vt 3.334717 3.459961
vt 3.335938 3.432373
vt 3.354980 3.457764
vt 3.356201 3.430420
vt 3.372803 3.457275
vt 3.373291 3.429932
vt 3.388184 3.457031
vt 3.379150 3.426025
vt 3.390381 3.416992
vt 3.373535 3.417236
vt 3.381836 3.416992
vt 3.356689 3.417725
vt 3.336426 3.420410
vt 3.326660 3.409180
vt 3.330811 3.399902
vt 3.341064 3.371338
vt 3.361328 3.342529
vt 3.374512 3.340576
vt 3.390381 3.369629
vt 3.372559 3.370605
vt 3.359375 3.372314
vt 3.338379 3.397217
vt 3.337158 3.407959
vt 3.357178 3.408203
vt 3.374023 3.408203
vt 3.382324 3.408447
vt 3.390869 3.408447
vt 3.379639 3.398193
vt 3.373535 3.395264
vt 3.357910 3.394775
vt 3.227295 3.336182
vt 3.213623 3.328125
vt 3.227051 3.377686
vt 3.215576 3.378174
vt 3.229736 3.412842
vt 3.216064 3.416992
vt 3.201416 3.378662
vt 3.198730 3.329102
vt 3.186768 3.379150
vt 3.183105 3.332520
vt 3.173828 3.379639
vt 3.176025 3.414795
vt 3.189941 3.419922
vt 3.204590 3.420410
vt 3.171631 3.338867
vt 3.162598 3.338379
vt 3.150879 3.322998
vt 3.164062 3.379883
vt 3.149902 3.378174
vt 3.165771 3.408691
vt 3.154785 3.408936
vt 3.165771 3.418945
vt 3.154053 3.417725
vt 3.137939 3.408936
vt 3.137451 3.416992
vt 3.122559 3.408691
vt 3.123535 3.417725
vt 3.104004 3.416504
vt 3.104492 3.408203
vt 3.121094 3.375000
vt 3.102295 3.373779
vt 3.115479 3.318848
vt 3.102783 3.335449
vt 3.083252 3.318604
vt 3.095215 3.334961
vt 3.082275 3.374023
vt 3.093262 3.373535
vt 3.082520 3.412109
vt 3.095215 3.413330
vt 3.082764 3.425293
vt 3.094971 3.424316
vt 3.080566 3.458252
vt 3.094482 3.455811
vt 3.077148 3.492676
vt 3.093506 3.498291
vt 3.093262 3.506592
vt 3.075684 3.502441
vt 3.057129 3.490479
vt 3.057617 3.500488
vt 3.037109 3.490479
vt 3.038330 3.499756
vt 3.021240 3.504395
vt 3.020996 3.497803
vt 3.036621 3.458008
vt 3.022949 3.456055
vt 3.038574 3.425293
vt 3.023438 3.427734
vt 3.039551 3.414062
vt 3.024902 3.414307
vt 3.037842 3.374268
vt 3.022705 3.374756
vt 3.032471 3.317383
vt 3.015381 3.322754
vt 3.033691 3.306885
vt 3.019531 3.249023
vt 3.036133 3.249512
vt 3.055176 3.302002
vt 3.055176 3.313721
vt 3.081299 3.304688
vt 3.109131 3.306152
vt 3.131592 3.304932
vt 3.134277 3.317627
vt 3.153076 3.308838
vt 3.179199 3.312744
vt 3.196533 3.309814
vt 3.215820 3.311523
vt 3.241943 3.307617
vt 3.260254 3.306641
vt 3.277344 3.312500
vt 3.055420 3.252441
vt 3.060059 3.373779
vt 3.060059 3.413818
vt 3.060059 3.425537
vt 3.059082 3.460205
vt 3.137939 3.376709
vt 3.464355 3.635254
vt 3.475830 3.633301
vt 3.475098 3.642822
vt 3.489990 3.633789
vt 3.488525 3.644287
vt 3.503418 3.633545
vt 3.503418 3.642578
vt 3.514160 3.636230
vt 3.489014 3.602783
vt 3.493408 3.609131
vt 3.981934 3.869385
vt 3.983643 3.867676
vt 3.974121 3.858154
vt 3.974609 3.871094
vt 3.963867 3.866943
vt 3.958252 3.857178
vt 3.962158 3.848145
vt 3.971680 3.841797
vt 3.981445 3.843994
vt 3.986572 3.853760
vt 3.988037 3.863037
vt 3.976562 3.838135
vt 3.972168 3.838379
vt 3.981934 3.838623
vt 3.986084 3.843018
vt 3.989014 3.848877
vt 3.991943 3.854492
vt 3.992188 3.862305
vt 3.990479 3.866943
vt 3.987061 3.869873
vt 3.985596 3.871094
vt 3.981201 3.873047
vt 3.976318 3.874756
vt 3.970947 3.874268
vt 3.964111 3.872070
vt 3.958984 3.866699
vt 3.955322 3.860352
vt 3.954590 3.853760
vt 3.958008 3.848633
vt 3.962158 3.843750
vt 3.965576 3.841553
vt 3.968750 3.839600
vt 3.510010 3.005371
vt 3.474121 3.019043
vt 3.524902 3.020264
vt 3.476318 3.000244
vt 3.440674 3.020508
vt 3.439209 3.006348
vt 3.408203 3.017578
vt 3.408691 3.001953
vt 3.360840 3.010254
vt 3.365723 3.020996
vt 3.352295 3.020752
vt 3.374023 3.038818
vt 3.339111 3.036621
vt 3.376465 3.062744
vt 3.341064 3.056641
vt 3.352295 3.067871
vt 3.376953 3.082764
vt 3.407227 3.065186
vt 3.404297 3.087402
vt 3.442383 3.065186
vt 3.441895 3.089355
vt 3.476562 3.067627
vt 3.474121 3.084229
vt 3.499023 3.075439
vt 3.515869 3.061523
vt 3.475342 3.041260
vt 3.523926 3.042236
vt 3.443359 3.042480
vt 3.408447 3.039551
vt 3.526367 3.634277
vt 3.535645 3.633545
vt 3.533936 3.644531
vt 3.554932 3.638916
vt 3.554443 3.649414
vt 3.574219 3.635986
vt 3.574219 3.648438
vt 3.585449 3.636963
vt 3.555664 3.604248
vt 3.152832 3.516113
vt 3.166260 3.518799
vt 3.166260 3.540283
vt 3.153320 3.536621
vt 3.166260 3.561768
vt 3.153564 3.561768
vt 3.167236 3.604248
vt 3.156250 3.609131
vt 3.139160 3.561523
vt 3.138672 3.611572
vt 3.123291 3.561523
vt 3.121826 3.609863
vt 3.106689 3.602539
vt 3.109131 3.561279
vt 3.124023 3.536377
vt 3.108154 3.539307
vt 3.106689 3.516602
vt 3.122803 3.516113
vt 3.139404 3.536621
vt 3.139648 3.516602
vt 3.166260 3.511719
vt 3.152832 3.508545
vt 3.139160 3.508789
vt 3.124512 3.508545
vt 3.106445 3.510742
vt 3.121338 3.462891
vt 3.106201 3.465576
vt 3.139893 3.463135
vt 3.153809 3.463623
vt 3.166016 3.463867
vt 3.092285 3.552246
vt 3.091553 3.601807
vt 3.078369 3.604248
vt 3.078369 3.554932
vt 3.060791 3.605957
vt 3.060303 3.555176
vt 3.039062 3.605713
vt 3.039795 3.554443
vt 3.024902 3.599365
vt 3.023438 3.551514
vt 3.038818 3.528809
vt 3.022217 3.528076
vt 3.060059 3.530762
vt 3.077637 3.529785
vt 3.092773 3.531738
vt 2.026855 3.801758
vt 2.006104 3.876953
vt 2.027832 3.876709
vt 2.005615 3.801758
vt 2.021240 3.801514
vt 2.021240 3.876953
vt 2.012207 3.801758
vt 2.012451 3.876953
vt 3.011475 2.808350
vt 3.012695 2.877930
vt 3.017822 2.877930
vt 3.017334 2.808594
vt 3.023438 2.877686
vt 3.022949 2.809082
vt 3.003418 2.877441
vt 3.004150 2.808350
vt 3.020020 3.986572
vt 3.002930 3.996094
vt 3.051514 3.996094
vt 3.036621 3.985840
vt 3.049561 3.971924
vt 3.036621 3.968994
vt 3.048828 3.942871
vt 3.036133 3.942383
vt 3.050049 3.914795
vt 3.036377 3.915283
vt 3.049072 3.884277
vt 3.036377 3.899170
vt 3.003906 3.885010
vt 3.019775 3.899414
vt 3.019775 3.915039
vt 3.019775 3.942139
vt 3.019775 3.968506
vt 3.005615 3.973633
vt 3.005127 3.942871
vt 3.004639 3.912598
vt 3.033447 3.982910
vt 3.036133 3.996338
vt 3.020996 3.996826
vt 3.020020 3.982178
vt 3.002197 3.996094
vt 3.020020 3.968506
vt 3.003906 3.941650
vt 3.020508 3.941406
vt 3.004395 3.910645
vt 3.020264 3.914551
vt 3.003418 3.884033
vt 3.020264 3.901367
vt 3.051270 3.883301
vt 3.033691 3.901611
vt 3.033691 3.913818
vt 3.033691 3.941406
vt 3.033691 3.968018
vt 3.052246 3.996094
vt 3.050293 3.941650
vt 3.050293 3.910889
vt 3.447754 3.403809
vt 3.443848 3.401367
vt 3.443604 3.410889
vt 3.450439 3.411865
vt 3.443115 3.424072
vt 3.449707 3.425049
vt 3.442627 3.435791
vt 3.441895 3.464355
vt 3.455322 3.465088
vt 3.447266 3.432861
vt 3.438477 3.504395
vt 3.453125 3.503662
vt 3.439453 3.514160
vt 3.452881 3.514160
vt 3.440918 3.537109
vt 3.452637 3.535889
vt 3.438721 3.564453
vt 3.453125 3.561768
vt 3.440186 3.602539
vt 3.453369 3.602539
vt 3.427002 3.610352
vt 3.430176 3.617432
vt 3.416504 3.613525
vt 3.416504 3.618896
vt 3.406250 3.614014
vt 3.403809 3.617676
vt 3.392334 3.601807
vt 3.386475 3.604736
vt 3.395264 3.562744
vt 3.388184 3.564453
vt 3.399902 3.539062
vt 3.389648 3.536377
vt 3.404053 3.514404
vt 3.390137 3.514404
vt 3.404053 3.505371
vt 3.390381 3.505615
vt 3.408203 3.462646
vt 3.392090 3.461914
vt 3.409668 3.433105
vt 3.402588 3.428955
vt 3.410156 3.419922
vt 3.401367 3.419189
vt 3.412598 3.408203
vt 3.402832 3.407959
vt 3.412354 3.398193
vt 3.405762 3.400391
vt 3.705566 3.363037
vt 3.728027 3.340088
vt 3.701416 3.339111
vt 3.734375 3.365723
vt 3.745605 3.338379
vt 3.750977 3.364990
vt 3.740479 3.311523
vt 3.746826 3.319092
vt 3.756348 3.304932
vt 3.759277 3.314209
vt 3.777588 3.303711
vt 3.777344 3.312500
vt 3.792480 3.305908
vt 3.791504 3.314209
vt 3.808350 3.316162
vt 3.804688 3.322021
vt 3.806152 3.338379
vt 3.803955 3.360840
vt 3.816406 3.333740
vt 3.814697 3.363037
vt 3.844238 3.332520
vt 3.841309 3.363770
vt 3.868164 3.333740
vt 3.863281 3.365967
vt 3.886719 3.335205
vt 3.882812 3.366455
vt 3.901855 3.336182
vt 3.897705 3.367432
vt 3.917725 3.335938
vt 3.914795 3.367188
vt 3.931885 3.336914
vt 3.928467 3.367188
vt 3.946777 3.337158
vt 3.942383 3.367188
vt 3.791504 3.369385
vt 3.791748 3.366699
vt 3.779541 3.371826
vt 3.765869 3.369873
vt 3.779541 3.368408
vt 3.765625 3.367188
vt 3.425537 3.607178
vt 3.435059 3.600830
vt 3.426025 3.604980
vt 3.417236 3.608643
vt 3.408936 3.607910
vt 3.416748 3.604736
vt 3.409668 3.604736
vt 3.397461 3.601562
vt 3.351074 3.598633
vt 3.357666 3.594727
vt 3.350342 3.595459
vt 3.343262 3.598389
vt 3.344482 3.595215
vt 3.332520 3.592529
vt 3.690430 3.638428
vt 3.650879 3.642090
vt 3.650146 3.597412
vt 3.690186 3.591797
vt 3.649902 3.575195
vt 3.689941 3.571777
vt 3.649658 3.552979
vt 3.689941 3.552002
vt 3.649658 3.543701
vt 3.689941 3.545166
vt 3.650635 3.503174
vt 3.691895 3.500488
vt 3.651367 3.462402
vt 3.693848 3.461914
vt 3.651611 3.452637
vt 3.694092 3.456055
vt 3.700928 3.478516
vt 3.707764 3.521729
vt 3.752441 3.520264
vt 3.743652 3.478027
vt 3.774902 3.519531
vt 3.765137 3.477783
vt 3.790771 3.519043
vt 3.786377 3.477295
vt 3.797119 3.518799
vt 3.796631 3.477295
vt 3.843018 3.517822
vt 3.835449 3.476562
vt 3.881592 3.516602
vt 3.877686 3.476807
vt 3.890869 3.516357
vt 3.887695 3.475586
vt 3.393799 3.418457
vt 3.394287 3.407959
vt 3.457520 3.426270
vt 3.458496 3.413086
vt 3.229736 3.412842
vt 3.217285 3.425781
vt 3.231445 3.423828
vt 3.216064 3.416992
vt 3.204834 3.427979
vt 3.204590 3.420410
vt 3.190918 3.428467
vt 3.189941 3.419922
vt 3.176270 3.425293
vt 3.176025 3.414795
vt 3.713623 3.605957
vt 3.718994 3.565430
vt 3.763916 3.565674
vt 3.760742 3.605225
vt 3.786133 3.565918
vt 3.782471 3.604980
vt 3.801758 3.565918
vt 3.799805 3.605225
vt 3.808594 3.566162
vt 3.809082 3.604980
vt 3.854980 3.566162
vt 3.850586 3.604736
vt 3.244873 3.508057
vt 3.245605 3.514648
vt 3.256348 3.508789
vt 3.283691 3.507324
vt 3.282959 3.501709
vt 3.268066 3.501465
vt 3.296387 3.508301
vt 3.296631 3.501953
vt 3.315674 3.504395
vt 3.297607 3.463623
vt 3.314453 3.459473
vt 3.335449 3.502197
vt 3.334717 3.459961
vt 3.353027 3.497803
vt 3.354980 3.457764
vt 3.372070 3.497314
vt 3.372803 3.457275
vt 3.388184 3.457031
vt 3.386230 3.497070
vt 3.385742 3.506592
vt 3.371338 3.506836
vt 3.372559 3.530029
vt 3.385010 3.528564
vt 3.371094 3.549561
vt 3.384521 3.556885
vt 3.384033 3.598633
vt 3.375244 3.593994
vt 3.365967 3.557617
vt 3.370361 3.592773
vt 3.362305 3.602783
vt 3.360107 3.597412
vt 3.349854 3.605225
vt 3.341553 3.604736
vt 3.327881 3.548584
vt 3.332520 3.558105
vt 3.351074 3.542236
vt 3.350342 3.551514
vt 3.351562 3.525146
vt 3.352783 3.507080
vt 3.334473 3.510498
vt 3.315430 3.511963
vt 3.295898 3.531250
vt 3.281738 3.536377
vt 3.268311 3.507812
vt 3.269287 3.538330
vt 3.259521 3.537109
vt 3.247070 3.530029
vt 3.260010 3.556885
vt 3.249268 3.552002
vt 3.251953 3.593018
vt 3.262451 3.596191
vt 3.269775 3.557617
vt 3.281982 3.556641
vt 3.296875 3.554932
vt 3.281494 3.597412
vt 3.271729 3.597656
vt 3.294678 3.596680
vt 3.314453 3.554199
vt 3.317871 3.594727
vt 3.328125 3.593506
vt 3.337891 3.612305
vt 3.349854 3.613281
vt 3.363770 3.611328
vt 3.363281 3.621826
vt 3.378662 3.631104
vt 3.365479 3.640137
vt 3.349609 3.623535
vt 3.336670 3.621582
vt 3.321533 3.629639
vt 3.334473 3.639160
vt 3.350342 3.642822
vt 3.314941 3.533203
vt 3.331299 3.533447
vt 3.790283 3.360840
vt 3.778320 3.360107
vt 3.765381 3.361084
vt 3.806152 3.399658
vt 3.807861 3.418457
vt 3.818359 3.398682
vt 3.805420 3.380859
vt 3.793457 3.386719
vt 3.779785 3.388184
vt 3.765137 3.387207
vt 3.751221 3.382812
vt 3.753906 3.398682
vt 3.738037 3.397461
vt 3.749756 3.416260
vt 3.765381 3.401855
vt 3.779053 3.402588
vt 3.793945 3.401123
vt 3.795166 3.423340
vt 3.779297 3.424316
vt 3.763184 3.423584
vt 3.795410 3.275635
vt 3.772949 3.277100
vt 3.748779 3.281738
vt 3.721680 3.314697
vt 3.697021 3.315186
vt 3.718994 3.290527
vt 3.746826 3.270752
vt 3.772461 3.270020
vt 3.794189 3.269287
vt 3.818604 3.274414
vt 3.817871 3.304443
vt 3.847168 3.301025
vt 3.872803 3.301270
vt 3.890381 3.304199
vt 3.905762 3.304932
vt 3.920654 3.304688
vt 3.935059 3.306396
vt 3.951172 3.307129
vt 3.933105 3.267578
vt 3.953857 3.272705
vt 3.933105 3.259521
vt 3.954834 3.265869
vt 3.935303 3.223145
vt 3.961914 3.227783
vt 3.941406 3.175537
vt 3.964355 3.175293
vt 3.944092 3.125488
vt 3.968262 3.135986
vt 3.978271 3.107178
vt 3.965332 3.090576
vt 3.962158 3.064941
vt 3.912598 3.078125
vt 3.916748 3.125732
vt 3.875977 3.082764
vt 3.883545 3.124512
vt 3.828613 3.081543
vt 3.842773 3.125488
vt 3.781006 3.089600
vt 3.794434 3.132324
vt 3.719971 3.097168
vt 3.737549 3.129150
vt 3.680420 3.118408
vt 3.710205 3.144043
vt 3.656494 3.138672
vt 3.686523 3.162842
vt 3.628662 3.209473
vt 3.658447 3.208984
vt 3.649170 3.269287
vt 3.658936 3.266846
vt 3.669189 3.264404
vt 3.690918 3.219482
vt 3.683105 3.271240
vt 3.708984 3.254395
vt 3.690674 3.286621
vt 3.718262 3.273438
vt 3.690186 3.300781
vt 3.750488 3.251221
vt 3.770508 3.248291
vt 3.791504 3.242676
vt 3.817139 3.266357
vt 3.847900 3.264648
vt 3.885986 3.264404
vt 3.895020 3.279053
vt 3.910156 3.275879
vt 3.922852 3.278564
vt 3.911865 3.265381
vt 3.911377 3.256348
vt 3.912354 3.220947
vt 3.914795 3.175781
vt 3.884277 3.173828
vt 3.847412 3.172607
vt 3.809570 3.172119
vt 3.762451 3.165771
vt 3.741943 3.175537
vt 3.718506 3.186523
vt 3.726318 3.229736
vt 3.733398 3.243164
vt 3.736816 3.253418
vt 3.747314 3.238770
vt 3.770508 3.232422
vt 3.791260 3.228027
vt 3.805420 3.240723
vt 3.803711 3.225830
vt 3.805176 3.214600
vt 3.779785 3.210205
vt 3.761963 3.214355
vt 3.740234 3.222168
vt 3.821777 3.223389
vt 3.849121 3.257568
vt 3.885498 3.256348
vt 3.885010 3.220703
vt 3.853516 3.219971
vt 3.387939 3.631104
vt 3.401855 3.641602
vt 3.402588 3.627930
vt 3.417969 3.628418
vt 3.419678 3.644043
vt 3.432373 3.626953
vt 3.435791 3.641846
vt 3.447266 3.633301
vt 3.418701 3.591797
vt 3.436279 3.569092
vt 3.417236 3.560791
vt 3.399414 3.569336
vt 3.350342 3.585693
vt 3.192627 3.524170
vt 3.176758 3.522949
vt 3.177979 3.547119
vt 3.193848 3.545898
vt 3.180176 3.567871
vt 3.194824 3.569092
vt 3.182373 3.604004
vt 3.195312 3.609375
vt 3.209229 3.569092
vt 3.210693 3.610596
vt 3.224609 3.568848
vt 3.226318 3.609131
vt 3.238525 3.602539
vt 3.239014 3.567139
vt 3.222412 3.546631
vt 3.237549 3.547607
vt 3.236572 3.525879
vt 3.221436 3.524658
vt 3.208008 3.543213
vt 3.206055 3.524414
vt 3.417480 3.553223
vt 3.417725 3.534668
vt 3.417969 3.514404
vt 3.417725 3.505127
vt 3.420898 3.463135
vt 3.423096 3.434326
vt 3.424072 3.420898
vt 3.424805 3.408203
vt 3.424805 3.399414
vt 3.177490 3.466064
vt 3.190918 3.468262
vt 3.176514 3.516357
vt 3.192383 3.518311
vt 3.206299 3.518555
vt 3.220459 3.518799
vt 3.236084 3.518799
vt 3.217285 3.467529
vt 3.231201 3.463867
vt 3.206055 3.470459
vt 3.544434 3.407471
vt 3.550537 3.414551
vt 3.549805 3.403320
vt 3.542969 3.415039
vt 3.550537 3.432617
vt 3.542480 3.434082
vt 3.549561 3.444092
vt 3.543701 3.441650
vt 3.547363 3.469482
vt 3.532227 3.470703
vt 3.542725 3.506104
vt 3.530518 3.506104
vt 3.541992 3.515137
vt 3.528809 3.515137
vt 3.538818 3.535889
vt 3.528320 3.535400
vt 3.533203 3.562744
vt 3.526123 3.560059
vt 3.531250 3.604492
vt 3.525879 3.605225
vt 3.540039 3.620361
vt 3.536621 3.627197
vt 3.556152 3.622314
vt 3.555420 3.631104
vt 3.570801 3.618652
vt 3.574463 3.626709
vt 3.582275 3.605957
vt 3.593994 3.607666
vt 3.577881 3.565186
vt 3.593262 3.558350
vt 3.577637 3.537109
vt 3.593750 3.535889
vt 3.575439 3.514160
vt 3.593994 3.513428
vt 3.574219 3.505859
vt 3.593994 3.505127
vt 3.577637 3.467041
vt 3.595459 3.465820
vt 3.578613 3.440918
vt 3.584961 3.436768
vt 3.578857 3.428711
vt 3.586914 3.427734
vt 3.580566 3.413330
vt 3.588379 3.413574
vt 3.580566 3.403320
vt 3.586182 3.405762
vt 3.474854 3.398193
vt 3.481201 3.406738
vt 3.481689 3.397705
vt 3.471680 3.406006
vt 3.481445 3.415527
vt 3.470947 3.414307
vt 3.480469 3.424805
vt 3.473877 3.421875
vt 3.477783 3.455811
vt 3.459717 3.455078
vt 3.475098 3.496582
vt 3.456543 3.496826
vt 3.474609 3.504395
vt 3.456055 3.503662
vt 3.471924 3.532715
vt 3.458252 3.528809
vt 3.465088 3.562500
vt 3.456543 3.561523
vt 3.465332 3.605225
vt 3.457764 3.605225
vt 3.478027 3.617676
vt 3.475586 3.623779
vt 3.487061 3.620117
vt 3.487793 3.626465
vt 3.500000 3.618652
vt 3.502441 3.623291
vt 3.512939 3.604980
vt 3.524902 3.605713
vt 3.513428 3.561523
vt 3.523682 3.559082
vt 3.510498 3.532959
vt 3.521240 3.529541
vt 3.507812 3.504639
vt 3.522461 3.503906
vt 3.508545 3.495117
vt 3.522949 3.493896
vt 3.510742 3.455566
vt 3.525635 3.454346
vt 3.512451 3.425537
vt 3.517578 3.423096
vt 3.513184 3.416260
vt 3.520020 3.416016
vt 3.513672 3.407959
vt 3.519775 3.407959
vt 3.514160 3.398926
vt 3.518555 3.401367
vt 3.058350 3.041992
vt 3.134766 3.008789
vt 3.056396 3.008057
vt 3.148438 3.037598
vt 3.182861 3.007324
vt 3.186279 3.046631
vt 3.222900 3.011230
vt 3.221191 3.048340
vt 3.258301 3.013184
vt 3.252197 3.054443
vt 3.310059 3.036865
vt 3.302979 3.066895
vt 3.370361 3.065186
vt 3.354736 3.093994
vt 3.391846 3.078613
vt 3.382568 3.104492
vt 3.420898 3.091309
vt 3.415771 3.110840
vt 3.446045 3.089111
vt 3.443604 3.111328
vt 3.475342 3.086426
vt 3.476318 3.108643
vt 3.498779 3.085938
vt 3.501709 3.105957
vt 3.515137 3.079102
vt 3.528076 3.100342
vt 3.547363 3.054443
vt 3.576172 3.082031
vt 3.567871 3.031250
vt 3.598633 3.063721
vt 3.612793 3.014160
vt 3.628906 3.041504
vt 3.698730 3.012939
vt 3.695801 3.037598
vt 3.755127 3.012207
vt 3.757324 3.034424
vt 3.994385 3.077393
vt 3.998535 3.097656
vt 3.991943 3.466553
vt 3.996094 3.431885
vt 3.996094 3.431885
vt 3.991943 3.466553
vt 3.482422 3.610840
vt 3.483154 3.609375
vt 3.469482 3.604980
vt 3.489258 3.612305
vt 3.488770 3.610352
vt 3.495117 3.611328
vt 3.493408 3.609131
vt 3.507568 3.604980
vt 3.604492 3.131104
vt 3.596924 3.217041
vt 3.622314 3.276611
vt 3.644531 3.280029
vt 3.607178 3.284180
vt 3.462402 3.364258
vt 3.443848 3.374512
vt 3.424561 3.374512
vt 3.411133 3.369873
vt 3.394531 3.368652
vt 3.984863 3.514648
vt 3.986572 3.478516
vt 3.936035 3.477539
vt 3.938721 3.516846
vt 3.654785 3.407227
vt 3.695068 3.405029
vt 3.654297 3.370361
vt 3.692627 3.362549
vt 3.654297 3.370361
vt 3.692627 3.362549
vt 3.890869 3.565918
vt 3.892090 3.604492
vt 3.900879 3.604248
vt 3.901123 3.565918
vt 3.949951 3.564697
vt 3.946045 3.597656
vt 3.999023 3.563232
vt 3.991455 3.590820
vt 3.708496 3.432373
vt 3.704590 3.469727
vt 3.753662 3.470703
vt 3.755127 3.432861
vt 3.778320 3.470947
vt 3.775146 3.433105
vt 3.802734 3.471436
vt 3.795166 3.433350
vt 3.809570 3.471436
vt 3.801758 3.433594
vt 3.851807 3.470703
vt 3.846191 3.431885
vt 3.887695 3.469727
vt 3.887695 3.429688
vt 3.895752 3.468506
vt 3.897217 3.429199
vt 3.709229 3.562744
vt 3.716064 3.525146
vt 3.757568 3.521973
vt 3.756836 3.562500
vt 3.776367 3.522949
vt 3.780762 3.562500
vt 3.798096 3.524658
vt 3.804688 3.562256
vt 3.805420 3.524170
vt 3.814941 3.562500
vt 3.848145 3.523193
vt 3.855225 3.562500
vt 3.892578 3.520996
vt 3.892090 3.562500
vt 3.900146 3.520752
vt 3.899658 3.561523
vt 3.462891 3.413330
vt 3.463623 3.405518
vt 3.528320 3.415039
vt 3.528564 3.407959
vt 3.165771 3.408691
vt 3.154053 3.417725
vt 3.165771 3.418945
vt 3.154785 3.408936
vt 3.137451 3.416992
vt 3.137939 3.408936
vt 3.123535 3.417725
vt 3.122559 3.408691
vt 3.104004 3.416504
vt 3.104492 3.408203
vt 3.713867 3.614014
vt 3.709473 3.655518
vt 3.753174 3.655518
vt 3.760498 3.614014
vt 3.774902 3.655518
vt 3.778076 3.614014
vt 3.796631 3.655518
vt 3.795898 3.614014
vt 3.807617 3.655518
vt 3.806885 3.614014
vt 3.843262 3.655518
vt 3.851562 3.614014
vt 3.878662 3.655518
vt 3.884521 3.614014
vt 3.898682 3.655518
vt 3.895996 3.614014
vt 3.634766 3.599365
vt 3.634766 3.554932
vt 3.635010 3.534424
vt 3.635986 3.515381
vt 3.634033 3.510986
vt 3.640137 3.461182
vt 3.642334 3.435547
vt 3.596924 3.426514
vt 3.644287 3.421875
vt 3.597412 3.413574
vt 3.534180 3.435547
vt 3.535400 3.415771
vt 3.393799 3.333008
vt 3.413818 3.342285
vt 3.428223 3.342285
vt 3.445801 3.341064
vt 3.465820 3.328125
vt 3.449219 3.318359
vt 3.429443 3.322754
vt 3.412354 3.318848
vt 3.401611 3.317871
vt 3.402100 3.298828
vt 3.390381 3.300049
vt 3.388916 3.332764
vt 3.382080 3.299561
vt 3.381348 3.316406
vt 3.374023 3.319092
vt 3.374512 3.340576
vt 3.390381 3.369629
vt 3.372559 3.370605
vt 3.361328 3.342529
vt 3.361572 3.320557
vt 3.374512 3.297852
vt 3.384277 3.281738
vt 3.392578 3.270996
vt 3.401855 3.282959
vt 3.412109 3.295898
vt 3.428955 3.296875
vt 3.432373 3.296387
vt 3.453369 3.289062
vt 3.459229 3.309570
vt 3.472412 3.286865
vt 3.471436 3.327637
vt 3.479492 3.308838
vt 3.480957 3.288330
vt 3.474121 3.270264
vt 3.489990 3.278076
vt 3.490234 3.266113
vt 3.476562 3.225342
vt 3.491699 3.226074
vt 3.493652 3.145264
vt 3.505127 3.227051
vt 3.503662 3.145264
vt 3.521484 3.228027
vt 3.514893 3.143311
vt 3.537598 3.229004
vt 3.530518 3.140625
vt 3.552734 3.225830
vt 3.557861 3.129883
vt 3.564453 3.223389
vt 3.571777 3.124268
vt 3.578613 3.220703
vt 3.587158 3.127441
vt 3.478027 3.145020
vt 3.458252 3.225830
vt 3.456543 3.269287
vt 3.435303 3.226318
vt 3.431396 3.268066
vt 3.455078 3.279785
vt 3.430664 3.279297
vt 3.411621 3.278320
vt 3.411377 3.268799
vt 3.419434 3.227051
vt 3.438232 3.146973
vt 3.458008 3.145996
vt 3.425781 3.147217
vt 3.407715 3.147705
vt 3.393555 3.149902
vt 3.376465 3.152344
vt 3.364258 3.124268
vt 3.355713 3.151855
vt 3.347656 3.221924
vt 3.366455 3.224854
vt 3.383545 3.225098
vt 3.395508 3.226318
vt 3.463135 3.277832
vt 3.462891 3.288086
vt 3.375244 3.270752
vt 3.362305 3.271484
vt 3.348145 3.272705
vt 3.328613 3.217773
vt 3.322266 3.265381
vt 3.304688 3.239502
vt 3.294678 3.322266
vt 3.277344 3.312500
vt 3.275635 3.318848
vt 3.260254 3.306641
vt 3.261719 3.318115
vt 3.245361 3.324707
vt 3.241943 3.307617
vt 3.224854 3.245850
vt 3.270752 3.235352
vt 3.215820 3.311523
vt 3.213623 3.328125
vt 3.235596 3.336670
vt 3.227295 3.336182
vt 3.215576 3.378174
vt 3.227051 3.377686
vt 3.201416 3.378662
vt 3.198730 3.329102
vt 3.186768 3.379150
vt 3.183105 3.332520
vt 3.171631 3.338867
vt 3.162598 3.338379
vt 3.150879 3.322998
vt 3.179199 3.312744
vt 3.153076 3.308838
vt 3.167236 3.250732
vt 3.196533 3.309814
vt 3.173828 3.379639
vt 3.237793 3.377686
vt 3.249512 3.379150
vt 3.240479 3.419678
vt 3.253418 3.424316
vt 3.241211 3.429932
vt 3.254150 3.433594
vt 3.266357 3.423096
vt 3.267334 3.432617
vt 3.280273 3.419922
vt 3.280029 3.429688
vt 3.293213 3.417480
vt 3.293213 3.427002
vt 3.316162 3.419189
vt 3.280518 3.465332
vt 3.267578 3.466064
vt 3.254639 3.465820
vt 3.256348 3.502441
vt 3.242676 3.460449
vt 3.315918 3.410400
vt 3.326904 3.419922
vt 3.328857 3.429199
vt 3.335938 3.432373
vt 3.336426 3.420410
vt 3.326660 3.409180
vt 3.318604 3.366699
vt 3.296143 3.371826
vt 3.280273 3.375977
vt 3.265625 3.380859
vt 3.320557 3.327637
vt 3.340088 3.288086
vt 3.348633 3.284180
vt 3.344727 3.299072
vt 3.361572 3.283691
vt 3.374268 3.281006
vt 3.363525 3.302002
vt 3.359619 3.302490
vt 3.343506 3.318115
vt 3.342529 3.339844
vt 3.359375 3.372314
vt 3.373535 3.395264
vt 3.379639 3.398193
vt 3.390869 3.408447
vt 3.382324 3.408447
vt 3.374023 3.408203
vt 3.357910 3.394775
vt 3.341064 3.371338
vt 3.333496 3.309570
vt 3.338379 3.397217
vt 3.330811 3.399902
vt 3.337158 3.407959
vt 3.356689 3.417725
vt 3.356201 3.430420
vt 3.373291 3.429932
vt 3.379150 3.426025
vt 3.381836 3.416992
vt 3.390381 3.416992
vt 3.373535 3.417236
vt 3.357178 3.408203
vt 3.464355 3.635254
vt 3.475098 3.642822
vt 3.475830 3.633301
vt 3.489990 3.633789
vt 3.488525 3.644287
vt 3.503418 3.633545
vt 3.503418 3.642578
vt 3.514160 3.636230
vt 3.489014 3.602783
vt 3.508789 3.572510
vt 3.489746 3.565430
vt 3.470703 3.574219
vt 3.984619 3.866455
vt 3.983154 3.868164
vt 3.975586 3.857178
vt 3.989258 3.861816
vt 3.987793 3.852783
vt 3.982666 3.843262
vt 3.973145 3.841064
vt 3.963623 3.847168
vt 3.959961 3.856201
vt 3.965576 3.865723
vt 3.975830 3.869873
vt 3.973633 3.837646
vt 3.978027 3.837646
vt 3.970215 3.838867
vt 3.967041 3.840820
vt 3.963867 3.842773
vt 3.959717 3.847656
vt 3.956299 3.852783
vt 3.957031 3.859131
vt 3.960449 3.865479
vt 3.965576 3.870850
vt 3.972412 3.873047
vt 3.977539 3.873535
vt 3.982422 3.871826
vt 3.986816 3.869873
vt 3.988281 3.868652
vt 3.991455 3.865723
vt 3.993408 3.861084
vt 3.992920 3.853516
vt 3.990234 3.848145
vt 3.987305 3.842041
vt 3.983154 3.837891
vt 3.510010 3.005371
vt 3.524902 3.020264
vt 3.474121 3.019043
vt 3.476318 3.000244
vt 3.440674 3.020508
vt 3.439209 3.006348
vt 3.408203 3.017578
vt 3.408691 3.001953
vt 3.360840 3.010254
vt 3.365723 3.020996
vt 3.352295 3.020752
vt 3.374023 3.038818
vt 3.339111 3.036621
vt 3.376465 3.062744
vt 3.341064 3.056641
vt 3.352295 3.067871
vt 3.376953 3.082764
vt 3.407227 3.065186
vt 3.404297 3.087402
vt 3.442383 3.065186
vt 3.441895 3.089355
vt 3.476562 3.067627
vt 3.474121 3.084229
vt 3.499023 3.075439
vt 3.515869 3.061523
vt 3.475342 3.041260
vt 3.523926 3.042236
vt 3.443359 3.042480
vt 3.408447 3.039551
vt 3.526367 3.634277
vt 3.533936 3.644531
vt 3.535645 3.633545
vt 3.554932 3.638916
vt 3.554443 3.649414
vt 3.574219 3.635986
vt 3.574219 3.648438
vt 3.585449 3.636963
vt 3.554199 3.614990
vt 3.555664 3.604248
vt 3.543945 3.613281
vt 3.565918 3.613525
vt 3.574707 3.606934
vt 3.570312 3.573730
vt 3.554199 3.565674
vt 3.535400 3.604004
vt 3.538086 3.572510
vt 3.489990 3.557617
vt 3.492432 3.532227
vt 3.493408 3.505127
vt 3.493896 3.496094
vt 3.495850 3.456787
vt 3.497559 3.426514
vt 3.498047 3.417480
vt 3.498535 3.407959
vt 3.498779 3.398438
vt 3.166260 3.540283
vt 3.166260 3.518799
vt 3.152832 3.516113
vt 3.153320 3.536621
vt 3.139648 3.516602
vt 3.139404 3.536621
vt 3.122803 3.516113
vt 3.124023 3.536377
vt 3.106689 3.516602
vt 3.108154 3.539307
vt 3.123291 3.561523
vt 3.109131 3.561279
vt 3.106689 3.602539
vt 3.121826 3.609863
vt 3.139160 3.561523
vt 3.153564 3.561768
vt 3.166260 3.561768
vt 3.167236 3.604248
vt 3.156250 3.609131
vt 3.138672 3.611572
vt 3.166260 3.511719
vt 3.152832 3.508545
vt 3.166016 3.463867
vt 3.153809 3.463623
vt 3.139893 3.463135
vt 3.121338 3.462891
vt 3.106201 3.465576
vt 3.124512 3.508545
vt 3.106445 3.510742
vt 3.139160 3.508789
vt 3.541504 3.616211
vt 3.553955 3.617920
vt 3.567383 3.616699
vt 3.554443 3.558350
vt 3.556885 3.536133
vt 3.560059 3.514893
vt 3.560303 3.506348
vt 3.562500 3.468262
vt 3.563965 3.444092
vt 3.564697 3.430176
vt 3.565674 3.413330
vt 3.564941 3.403076
vt 3.078369 3.604248
vt 3.091553 3.601807
vt 3.092285 3.552246
vt 3.078369 3.554932
vt 3.092773 3.531738
vt 3.077637 3.529785
vt 3.093262 3.506592
vt 3.075684 3.502441
vt 3.060059 3.530762
vt 3.057617 3.500488
vt 3.038818 3.528809
vt 3.038330 3.499756
vt 3.021240 3.504395
vt 3.022217 3.528076
vt 3.039795 3.554443
vt 3.023438 3.551514
vt 3.024902 3.599365
vt 3.039062 3.605713
vt 3.060303 3.555176
vt 3.060791 3.605957
vt 3.093506 3.498291
vt 3.077148 3.492676
vt 3.094482 3.455811
vt 3.080566 3.458252
vt 3.094971 3.424316
vt 3.082764 3.425293
vt 3.095215 3.413330
vt 3.082520 3.412109
vt 3.060059 3.425537
vt 3.060059 3.413818
vt 3.038574 3.425293
vt 3.039551 3.414062
vt 3.024902 3.414307
vt 3.023438 3.427734
vt 3.036621 3.458008
vt 3.022949 3.456055
vt 3.037109 3.490479
vt 3.020996 3.497803
vt 3.057129 3.490479
vt 3.059082 3.460205
vt 3.468506 3.731689
vt 3.543945 3.745117
vt 3.524902 3.722412
vt 3.498291 3.753418
vt 3.565430 3.770996
vt 3.531982 3.777588
vt 3.570312 3.797852
vt 3.544189 3.799316
vt 3.574951 3.824707
vt 3.556152 3.821045
vt 3.578369 3.859131
vt 3.556885 3.856934
vt 3.580322 3.893555
vt 3.552979 3.891602
vt 3.571777 3.944092
vt 3.544678 3.944092
vt 3.568848 3.994141
vt 3.542725 3.994873
vt 3.570557 3.944580
vt 3.544922 3.945068
vt 3.580078 3.908936
vt 3.553711 3.896240
vt 3.580322 3.862549
vt 3.555664 3.856445
vt 3.580566 3.826172
vt 3.557129 3.824219
vt 3.562012 3.785645
vt 3.540039 3.793213
vt 3.560059 3.775391
vt 3.531982 3.783203
vt 3.557861 3.764893
vt 3.524170 3.773193
vt 3.539307 3.745117
vt 3.499512 3.753418
vt 3.529785 3.725830
vt 3.487549 3.743896
vt 3.470947 3.709961
vt 3.451904 3.723633
vt 3.424561 3.696533
vt 3.410645 3.708740
vt 3.372314 3.686035
vt 3.362305 3.699463
vt 3.322266 3.682861
vt 3.327393 3.696777
vt 3.267578 3.691162
vt 3.270752 3.700928
vt 3.234375 3.696533
vt 3.524902 3.722412
vt 3.498291 3.753418
vt 3.468506 3.731689
vt 3.543945 3.745117
vt 3.531982 3.777588
vt 3.565430 3.770996
vt 3.544189 3.799316
vt 3.570312 3.797852
vt 3.556152 3.821045
vt 3.574951 3.824707
vt 3.556885 3.856934
vt 3.578369 3.859131
vt 3.552979 3.891602
vt 3.580322 3.893555
vt 3.544678 3.944092
vt 3.571777 3.944092
vt 3.542725 3.994873
vt 3.568848 3.994141
vt 3.544922 3.945068
vt 3.570557 3.944580
vt 3.553711 3.896240
vt 3.580078 3.908936
vt 3.555664 3.856445
vt 3.580322 3.862549
vt 3.557129 3.824219
vt 3.580566 3.826172
vt 3.540039 3.793213
vt 3.562012 3.785645
vt 3.531982 3.783203
vt 3.560059 3.775391
vt 3.524170 3.773193
vt 3.557861 3.764893
vt 3.499512 3.753418
vt 3.539307 3.745117
vt 3.487549 3.743896
vt 3.529785 3.725830
vt 3.451904 3.723633
vt 3.470947 3.709961
vt 3.410645 3.708740
vt 3.424561 3.696533
vt 3.362305 3.699463
vt 3.372314 3.686035
vt 3.327393 3.696777
vt 3.322266 3.682861
vt 3.270752 3.700928
vt 3.267578 3.691162
vt 3.234375 3.696533
vt 3.138184 3.941162
vt 3.172852 3.899658
vt 3.172852 3.941650
vt 3.138184 3.900635
vt 3.164551 3.864014
vt 3.134033 3.877197
vt 3.157959 3.849365
vt 3.127930 3.858398
vt 3.152344 3.837158
vt 3.118896 3.840576
vt 3.136963 3.813232
vt 3.108154 3.823486
vt 3.119385 3.792480
vt 3.095947 3.805176
vt 3.101562 3.771240
vt 3.074219 3.779785
vt 3.078857 3.739502
vt 3.053223 3.754395
vt 3.057373 3.704102
vt 3.027344 3.719482
vt 3.047363 3.668213
vt 3.008057 3.670898
vt 3.056396 3.702148
vt 3.023926 3.715088
vt 3.078857 3.741211
vt 3.053467 3.753906
vt 3.102051 3.770752
vt 3.074219 3.780273
vt 3.137451 3.817627
vt 3.093506 3.804199
vt 3.149170 3.835449
vt 3.117920 3.840820
vt 3.160645 3.853027
vt 3.126953 3.859375
vt 3.166504 3.875244
vt 3.134521 3.879883
vt 3.172363 3.897217
vt 3.137695 3.899902
vt 3.174316 3.938721
vt 3.138672 3.939209
vt 3.175049 3.996094
vt 3.137939 3.995361
vt 3.145996 3.762451
vt 3.090088 3.739258
vt 3.112061 3.768311
vt 3.128906 3.728516
vt 3.062988 3.700439
vt 3.118164 3.702148
vt 3.057373 3.668701
vt 3.111816 3.668457
vt 3.065430 3.702393
vt 3.117676 3.705322
vt 3.087646 3.737061
vt 3.128418 3.731689
vt 3.111572 3.769043
vt 3.144775 3.763184
vt 3.127686 3.790039
vt 3.160889 3.784912
vt 3.144531 3.810303
vt 3.178711 3.805908
vt 3.161865 3.836182
vt 3.192139 3.832275
vt 3.167480 3.848389
vt 3.197754 3.845703
vt 3.174316 3.863037
vt 3.205078 3.863525
vt 3.182129 3.898438
vt 3.211426 3.901123
vt 3.185791 3.941650
vt 3.213379 3.943359
vt 3.187988 3.996338
vt 3.214111 3.996094
vt 3.187256 3.938721
vt 3.214111 3.938232
vt 3.183838 3.897217
vt 3.209717 3.901123
vt 3.177734 3.874268
vt 3.206055 3.878174
vt 3.171387 3.851318
vt 3.202637 3.855225
vt 3.158691 3.833984
vt 3.193359 3.836426
vt 3.146240 3.816895
vt 3.184082 3.817383
vt 3.733398 3.897461
vt 3.722900 3.858643
vt 3.704102 3.899170
vt 3.758545 3.855957
vt 3.740967 3.829590
vt 3.773193 3.830322
vt 3.754395 3.802979
vt 3.785156 3.801758
vt 3.768066 3.776611
vt 3.797363 3.773193
vt 3.775146 3.753418
vt 3.802002 3.747803
vt 3.782227 3.730225
vt 3.807617 3.725342
vt 3.783936 3.699219
vt 3.810059 3.696289
vt 3.785889 3.668213
vt 3.812500 3.667480
vt 3.784668 3.693604
vt 3.810791 3.694092
vt 3.783203 3.718994
vt 3.809082 3.720947
vt 3.776611 3.745361
vt 3.802734 3.745361
vt 3.770020 3.771729
vt 3.797363 3.772705
vt 3.758545 3.795654
vt 3.788086 3.794434
vt 3.747314 3.819336
vt 3.778809 3.816162
vt 3.723145 3.860840
vt 3.752441 3.860840
vt 3.711182 3.884033
vt 3.740967 3.881836
vt 3.698975 3.907227
vt 3.729736 3.902832
vt 3.691895 3.944580
vt 3.716309 3.943848
vt 3.688232 3.994873
vt 3.712402 3.993164
vt 3.693848 3.941406
vt 3.717529 3.943359
vt 3.830078 3.900146
vt 3.821777 3.859863
vt 3.795410 3.898926
vt 3.850830 3.858887
vt 3.841797 3.828369
vt 3.870605 3.828369
vt 3.852295 3.803711
vt 3.882324 3.807373
vt 3.862793 3.779053
vt 3.893799 3.787598
vt 3.871826 3.754883
vt 3.905273 3.757324
vt 3.879395 3.730469
vt 3.911865 3.727051
vt 3.881592 3.698730
vt 3.913330 3.697510
vt 3.882568 3.666748
vt 3.914551 3.667969
vt 3.882080 3.691162
vt 3.914307 3.692383
vt 3.881592 3.715576
vt 3.914062 3.716797
vt 3.873047 3.751221
vt 3.908203 3.750000
vt 3.862061 3.784424
vt 3.895996 3.784180
vt 3.853516 3.805908
vt 3.885498 3.801514
vt 3.842529 3.824707
vt 3.872070 3.823730
vt 3.813477 3.870605
vt 3.844971 3.871338
vt 3.801758 3.889160
vt 3.835205 3.889404
vt 3.790283 3.907959
vt 3.825684 3.907471
vt 3.773438 3.948975
vt 3.810059 3.949463
vt 3.765869 3.995605
vt 3.800293 3.995605
vt 3.775635 3.943604
vt 3.812500 3.941650
vt 3.690186 3.857666
vt 3.671143 3.903076
vt 3.703857 3.829346
vt 3.716553 3.804443
vt 3.729248 3.779785
vt 3.739502 3.754639
vt 3.749756 3.729248
vt 3.750977 3.698242
vt 3.752197 3.667236
vt 3.750244 3.695801
vt 3.748291 3.724365
vt 3.741943 3.745850
vt 3.735352 3.767090
vt 3.721680 3.790283
vt 3.707764 3.813477
vt 3.685303 3.861572
vt 3.675293 3.884277
vt 3.665039 3.906982
vt 3.657471 3.947021
vt 3.658447 3.993408
vt 3.662598 3.941895
vt 3.965332 3.754150
vt 3.927490 3.787842
vt 3.938965 3.751953
vt 3.956299 3.791748
vt 3.914551 3.809814
vt 3.941895 3.814941
vt 3.901367 3.831543
vt 3.927490 3.838379
vt 3.876709 3.871582
vt 3.905518 3.874756
vt 3.864258 3.892090
vt 3.892822 3.895508
vt 3.851807 3.912598
vt 3.880371 3.916260
vt 3.836914 3.951416
vt 3.863525 3.956299
vt 3.829590 3.995361
vt 3.855957 3.995850
vt 3.840332 3.942139
vt 3.865234 3.941650
vt 3.856445 3.902832
vt 3.883545 3.903809
vt 3.881104 3.862305
vt 3.911133 3.863281
vt 3.901367 3.826172
vt 3.930908 3.830078
vt 3.912842 3.808594
vt 3.941162 3.813232
vt 3.924316 3.791016
vt 3.951172 3.796631
vt 3.937744 3.760254
vt 3.961670 3.763672
vt 3.946289 3.730713
vt 3.971924 3.730957
vt 3.949951 3.697510
vt 3.973389 3.699219
vt 3.948730 3.666992
vt 3.975098 3.667480
vt 3.948975 3.692139
vt 3.974609 3.692139
vt 3.946777 3.717285
vt 3.974365 3.716797
vt 3.850586 3.693604
vt 3.851807 3.668457
vt 3.847168 3.719238
vt 3.839111 3.749512
vt 3.832275 3.780762
vt 3.820801 3.801025
vt 3.809570 3.821533
vt 3.783936 3.865723
vt 3.773682 3.886475
vt 3.761475 3.906982
vt 3.749023 3.946777
vt 3.741455 3.994629
vt 3.747803 3.944336
vt 3.763672 3.899658
vt 3.787354 3.859131
vt 3.805908 3.829834
vt 3.819336 3.803711
vt 3.830566 3.777588
vt 3.837891 3.752930
vt 3.843506 3.728760
vt 3.848633 3.697998
vt 3.715576 3.693604
vt 3.717529 3.666992
vt 3.713623 3.719971
vt 3.707275 3.741699
vt 3.701172 3.763428
vt 3.687012 3.786865
vt 3.672852 3.810059
vt 3.652832 3.853760
vt 3.643066 3.879395
vt 3.633057 3.905273
vt 3.625732 3.945312
vt 3.625000 3.995117
vt 3.626953 3.943359
vt 3.637451 3.895020
vt 3.650879 3.855713
vt 3.666260 3.823975
vt 3.679932 3.800049
vt 3.693604 3.776367
vt 3.702148 3.751953
vt 3.710693 3.727295
vt 3.714111 3.697266
vt 3.660156 3.761475
vt 3.669678 3.739258
vt 3.678955 3.717041
vt 3.679443 3.693115
vt 3.679932 3.669434
vt 3.677490 3.698242
vt 3.675049 3.727051
vt 3.662109 3.754395
vt 3.648926 3.781494
vt 3.638184 3.806396
vt 3.627441 3.831299
vt 3.616211 3.861328
vt 3.606445 3.895508
vt 3.597168 3.943604
vt 3.593506 3.994385
vt 3.597412 3.942383
vt 3.605469 3.909180
vt 3.614258 3.873535
vt 3.622803 3.838135
vt 3.638916 3.802002
vt 3.649658 3.781738
vt 3.197510 3.787842
vt 3.208984 3.807861
vt 3.221680 3.829834
vt 3.228027 3.845459
vt 3.235107 3.863281
vt 3.244873 3.901611
vt 3.249268 3.941650
vt 3.250000 3.994873
vt 3.250000 3.936768
vt 3.245117 3.901855
vt 3.237061 3.873779
vt 3.231934 3.855225
vt 3.224121 3.837891
vt 3.216309 3.820312
vt 3.177490 3.756592
vt 3.162109 3.726074
vt 3.160645 3.700928
vt 3.159668 3.668457
vt 3.161621 3.700684
vt 3.162842 3.726562
vt 3.177246 3.757324
vt 3.625488 3.760254
vt 3.633789 3.739990
vt 3.618652 3.776855
vt 3.611816 3.793213
vt 3.598633 3.828857
vt 3.591553 3.870117
vt 3.589844 3.858643
vt 3.598633 3.827148
vt 3.609375 3.801025
vt 3.619873 3.774902
vt 3.632324 3.748047
vt 3.644775 3.721436
vt 3.646240 3.693848
vt 3.647705 3.666504
vt 3.645020 3.693115
vt 3.642334 3.719727
vt 3.172852 3.941650
vt 3.138184 3.900635
vt 3.138184 3.941162
vt 3.172852 3.899658
vt 3.134033 3.877197
vt 3.164551 3.864014
vt 3.127930 3.858398
vt 3.157959 3.849365
vt 3.118896 3.840576
vt 3.152344 3.837158
vt 3.108154 3.823486
vt 3.136963 3.813232
vt 3.095947 3.805176
vt 3.119385 3.792480
vt 3.074219 3.779785
vt 3.101562 3.771240
vt 3.053223 3.754395
vt 3.078857 3.739502
vt 3.027344 3.719482
vt 3.057373 3.704102
vt 3.008057 3.670898
vt 3.047363 3.668213
vt 3.023926 3.715088
vt 3.056396 3.702148
vt 3.053467 3.753906
vt 3.078857 3.741211
vt 3.074219 3.780273
vt 3.102051 3.770752
vt 3.093506 3.804199
vt 3.137451 3.817627
vt 3.117920 3.840820
vt 3.149170 3.835449
vt 3.126953 3.859375
vt 3.160645 3.853027
vt 3.134521 3.879883
vt 3.166504 3.875244
vt 3.137695 3.899902
vt 3.172363 3.897217
vt 3.138672 3.939209
vt 3.174316 3.938721
vt 3.137939 3.995361
vt 3.175049 3.996094
vt 3.112061 3.768311
vt 3.128906 3.728516
vt 3.145996 3.762451
vt 3.090088 3.739258
vt 3.118164 3.702148
vt 3.062988 3.700439
vt 3.111816 3.668457
vt 3.057373 3.668701
vt 3.117676 3.705322
vt 3.065430 3.702393
vt 3.128418 3.731689
vt 3.087646 3.737061
vt 3.144775 3.763184
vt 3.111572 3.769043
vt 3.160889 3.784912
vt 3.127686 3.790039
vt 3.178711 3.805908
vt 3.144531 3.810303
vt 3.192139 3.832275
vt 3.161865 3.836182
vt 3.197754 3.845703
vt 3.167480 3.848389
vt 3.205078 3.863525
vt 3.174316 3.863037
vt 3.211426 3.901123
vt 3.182129 3.898438
vt 3.213379 3.943359
vt 3.185791 3.941650
vt 3.214111 3.996094
vt 3.187988 3.996338
vt 3.214111 3.938232
vt 3.187256 3.938721
vt 3.209717 3.901123
vt 3.183838 3.897217
vt 3.206055 3.878174
vt 3.177734 3.874268
vt 3.202637 3.855225
vt 3.171387 3.851318
vt 3.193359 3.836426
vt 3.158691 3.833984
vt 3.184082 3.817383
vt 3.146240 3.816895
vt 3.704102 3.899170
vt 3.758545 3.855957
vt 3.733398 3.897461
vt 3.722900 3.858643
vt 3.773193 3.830322
vt 3.740967 3.829590
vt 3.785156 3.801758
vt 3.754395 3.802979
vt 3.797363 3.773193
vt 3.768066 3.776611
vt 3.802002 3.747803
vt 3.775146 3.753418
vt 3.807617 3.725342
vt 3.782227 3.730225
vt 3.810059 3.696289
vt 3.783936 3.699219
vt 3.812500 3.667480
vt 3.785889 3.668213
vt 3.810791 3.694092
vt 3.784668 3.693604
vt 3.809082 3.720947
vt 3.783203 3.718994
vt 3.802734 3.745361
vt 3.776611 3.745361
vt 3.797363 3.772705
vt 3.770020 3.771729
vt 3.788086 3.794434
vt 3.758545 3.795654
vt 3.778809 3.816162
vt 3.747314 3.819336
vt 3.752441 3.860840
vt 3.723145 3.860840
vt 3.740967 3.881836
vt 3.711182 3.884033
vt 3.729736 3.902832
vt 3.698975 3.907227
vt 3.716309 3.943848
vt 3.691895 3.944580
vt 3.712402 3.993164
vt 3.688232 3.994873
vt 3.717529 3.943359
vt 3.693848 3.941406
vt 3.795410 3.898926
vt 3.850830 3.858887
vt 3.830078 3.900146
vt 3.821777 3.859863
vt 3.870605 3.828369
vt 3.841797 3.828369
vt 3.882324 3.807373
vt 3.852295 3.803711
vt 3.893799 3.787598
vt 3.862793 3.779053
vt 3.905273 3.757324
vt 3.871826 3.754883
vt 3.911865 3.727051
vt 3.879395 3.730469
vt 3.913330 3.697510
vt 3.881592 3.698730
vt 3.914551 3.667969
vt 3.882568 3.666748
vt 3.914307 3.692383
vt 3.882080 3.691162
vt 3.914062 3.716797
vt 3.881592 3.715576
vt 3.908203 3.750000
vt 3.873047 3.751221
vt 3.895996 3.784180
vt 3.862061 3.784424
vt 3.885498 3.801514
vt 3.853516 3.805908
vt 3.872070 3.823730
vt 3.842529 3.824707
vt 3.844971 3.871338
vt 3.813477 3.870605
vt 3.835205 3.889404
vt 3.801758 3.889160
vt 3.825684 3.907471
vt 3.790283 3.907959
vt 3.810059 3.949463
vt 3.773438 3.948975
vt 3.800293 3.995605
vt 3.765869 3.995605
vt 3.812500 3.941650
vt 3.775635 3.943604
vt 3.671143 3.903076
vt 3.690186 3.857666
vt 3.703857 3.829346
vt 3.716553 3.804443
vt 3.729248 3.779785
vt 3.739502 3.754639
vt 3.749756 3.729248
vt 3.750977 3.698242
vt 3.752197 3.667236
vt 3.750244 3.695801
vt 3.748291 3.724365
vt 3.741943 3.745850
vt 3.735352 3.767090
vt 3.721680 3.790283
vt 3.707764 3.813477
vt 3.685303 3.861572
vt 3.675293 3.884277
vt 3.665039 3.906982
vt 3.657471 3.947021
vt 3.658447 3.993408
vt 3.662598 3.941895
vt 3.938965 3.751953
vt 3.956299 3.791748
vt 3.965332 3.754150
vt 3.927490 3.787842
vt 3.941895 3.814941
vt 3.914551 3.809814
vt 3.927490 3.838379
vt 3.901367 3.831543
vt 3.905518 3.874756
vt 3.876709 3.871582
vt 3.892822 3.895508
vt 3.864258 3.892090
vt 3.880371 3.916260
vt 3.851807 3.912598
vt 3.863525 3.956299
vt 3.836914 3.951416
vt 3.855957 3.995850
vt 3.829590 3.995361
vt 3.865234 3.941650
vt 3.840332 3.942139
vt 3.883545 3.903809
vt 3.856445 3.902832
vt 3.911133 3.863281
vt 3.881104 3.862305
vt 3.930908 3.830078
vt 3.901367 3.826172
vt 3.941162 3.813232
vt 3.912842 3.808594
vt 3.951172 3.796631
vt 3.924316 3.791016
vt 3.961670 3.763672
vt 3.937744 3.760254
vt 3.971924 3.730957
vt 3.946289 3.730713
vt 3.973389 3.699219
vt 3.949951 3.697510
vt 3.975098 3.667480
vt 3.948730 3.666992
vt 3.974609 3.692139
vt 3.948975 3.692139
vt 3.974365 3.716797
vt 3.946777 3.717285
vt 3.851807 3.668457
vt 3.850586 3.693604
vt 3.847168 3.719238
vt 3.839111 3.749512
vt 3.832275 3.780762
vt 3.820801 3.801025
vt 3.809570 3.821533
vt 3.783936 3.865723
vt 3.773682 3.886475
vt 3.761475 3.906982
vt 3.749023 3.946777
vt 3.741455 3.994629
vt 3.747803 3.944336
vt 3.763672 3.899658
vt 3.787354 3.859131
vt 3.805908 3.829834
vt 3.819336 3.803711
vt 3.830566 3.777588
vt 3.837891 3.752930
vt 3.843506 3.728760
vt 3.848633 3.697998
vt 3.717529 3.666992
vt 3.715576 3.693604
vt 3.713623 3.719971
vt 3.707275 3.741699
vt 3.701172 3.763428
vt 3.687012 3.786865
vt 3.672852 3.810059
vt 3.652832 3.853760
vt 3.643066 3.879395
vt 3.633057 3.905273
vt 3.625732 3.945312
vt 3.625000 3.995117
vt 3.626953 3.943359
vt 3.637451 3.895020
vt 3.650879 3.855713
vt 3.666260 3.823975
vt 3.679932 3.800049
vt 3.693604 3.776367
vt 3.702148 3.751953
vt 3.710693 3.727295
vt 3.714111 3.697266
vt 3.669678 3.739258
vt 3.660156 3.761475
vt 3.678955 3.717041
vt 3.679443 3.693115
vt 3.679932 3.669434
vt 3.677490 3.698242
vt 3.675049 3.727051
vt 3.662109 3.754395
vt 3.648926 3.781494
vt 3.638184 3.806396
vt 3.627441 3.831299
vt 3.616211 3.861328
vt 3.606445 3.895508
vt 3.597168 3.943604
vt 3.593506 3.994385
vt 3.597412 3.942383
vt 3.605469 3.909180
vt 3.614258 3.873535
vt 3.622803 3.838135
vt 3.638916 3.802002
vt 3.649658 3.781738
vt 3.208984 3.807861
vt 3.197510 3.787842
vt 3.221680 3.829834
vt 3.228027 3.845459
vt 3.235107 3.863281
vt 3.244873 3.901611
vt 3.249268 3.941650
vt 3.250000 3.994873
vt 3.250000 3.936768
vt 3.245117 3.901855
vt 3.237061 3.873779
vt 3.231934 3.855225
vt 3.224121 3.837891
vt 3.216309 3.820312
vt 3.177490 3.756592
vt 3.162109 3.726074
vt 3.160645 3.700928
vt 3.159668 3.668457
vt 3.161621 3.700684
vt 3.162842 3.726562
vt 3.177246 3.757324
vt 3.633789 3.739990
vt 3.625488 3.760254
vt 3.618652 3.776855
vt 3.611816 3.793213
vt 3.598633 3.828857
vt 3.591553 3.870117
vt 3.589844 3.858643
vt 3.598633 3.827148
vt 3.609375 3.801025
vt 3.619873 3.774902
vt 3.632324 3.748047
vt 3.644775 3.721436
vt 3.646240 3.693848
vt 3.647705 3.666504
vt 3.645020 3.693115
vt 3.642334 3.719727
vt 3.381104 3.785400
vt 3.449463 3.807617
vt 3.431885 3.784912
vt 3.406250 3.808105
vt 3.466797 3.830322
vt 3.431641 3.830811
vt 3.477295 3.859863
vt 3.447266 3.857422
vt 3.482422 3.894287
vt 3.450928 3.893555
vt 3.483398 3.945068
vt 3.450195 3.945801
vt 3.479736 3.994629
vt 3.448730 3.996094
vt 3.482666 3.945557
vt 3.450439 3.945801
vt 3.484619 3.894775
vt 3.450928 3.893311
vt 3.482422 3.863281
vt 3.446777 3.866699
vt 3.480957 3.843994
vt 3.444580 3.852295
vt 3.462402 3.818848
vt 3.433350 3.829834
vt 3.448486 3.800537
vt 3.411133 3.806885
vt 3.400879 3.762695
vt 3.370605 3.777344
vt 3.362061 3.741455
vt 3.344971 3.762207
vt 3.336426 3.729004
vt 3.319336 3.750488
vt 3.303223 3.719727
vt 3.291260 3.741211
vt 3.255859 3.714355
vt 3.257812 3.730713
vt 3.226807 3.709473
vt 3.218750 3.722656
vt 3.444092 3.684570
vt 3.416016 3.669434
vt 3.375732 3.672363
vt 3.206543 3.679199
vt 3.375732 3.672363
vt 3.416016 3.669434
vt 3.444092 3.684570
vt 3.206543 3.679199
vt 3.963867 3.942383
vt 3.930664 3.999023
vt 3.931641 3.942139
vt 3.965332 3.998779
vt 3.930664 3.999023
vt 3.963867 3.942383
vt 3.931641 3.942139
vt 3.965088 3.998779
vt 3.598145 3.729004
vt 3.590576 3.751465
vt 3.574463 3.730713
vt 3.605713 3.706787
vt 3.556641 3.707520
vt 3.551514 3.687744
vt 3.522949 3.681152
vt 3.546631 3.667969
vt 3.496826 3.669922
vt 3.551514 3.687256
vt 3.523438 3.681152
vt 3.556152 3.706543
vt 3.605957 3.706299
vt 3.572266 3.727539
vt 3.598389 3.729004
vt 3.590820 3.751709
vt 3.607910 3.687012
vt 3.609863 3.667969
vt 3.607666 3.687256
vt 3.442383 3.684570
vt 3.376709 3.673096
vt 3.375244 3.662598
vt 3.322266 3.671875
vt 3.321777 3.662354
vt 3.265381 3.677734
vt 3.265381 3.662354
vt 3.231934 3.687988
vt 3.233154 3.647949
vt 3.206299 3.678955
vt 3.206055 3.656006
vt 3.232910 3.687500
vt 3.226807 3.709473
vt 3.218750 3.722656
vt 3.255859 3.714355
vt 3.303223 3.719727
vt 3.323242 3.703857
vt 3.336426 3.729004
vt 3.354248 3.711182
vt 3.362061 3.741455
vt 3.385986 3.721924
vt 3.408691 3.732910
vt 3.400879 3.762695
vt 3.446045 3.751465
vt 3.448486 3.800537
vt 3.481201 3.782227
vt 3.489746 3.792969
vt 3.462402 3.818848
vt 3.498047 3.803955
vt 3.480957 3.843994
vt 3.513916 3.839355
vt 3.482422 3.863281
vt 3.515625 3.862793
vt 3.484619 3.894775
vt 3.517822 3.892578
vt 3.482666 3.945557
vt 3.515625 3.948486
vt 3.479736 3.994629
vt 3.512451 3.994629
vt 3.483398 3.945068
vt 3.516602 3.948242
vt 3.482422 3.894287
vt 3.518311 3.894043
vt 3.477295 3.859863
vt 3.514893 3.854248
vt 3.466797 3.830322
vt 3.508789 3.823730
vt 3.449463 3.807617
vt 3.494873 3.802002
vt 3.431885 3.784912
vt 3.480957 3.780273
vt 3.454834 3.758545
vt 3.381104 3.755859
vt 3.406494 3.731445
vt 3.352539 3.740479
vt 3.356934 3.711182
vt 3.323975 3.725098
vt 3.329346 3.705078
vt 3.266602 3.715820
vt 3.285889 3.700439
vt 3.238281 3.702393
vt 3.227539 3.706299
vt 3.219238 3.719482
vt 3.275879 3.689453
vt 3.322510 3.682861
vt 3.326904 3.697510
vt 3.365234 3.685059
vt 3.361572 3.699951
vt 3.421875 3.696045
vt 3.410400 3.710205
vt 3.472656 3.708008
vt 3.477295 3.695801
vt 3.259033 3.732422
vt 3.314453 3.748535
vt 3.346191 3.764160
vt 3.381104 3.785400
vt 3.406250 3.808105
vt 3.431641 3.830811
vt 3.447266 3.857422
vt 3.450928 3.893555
vt 3.450195 3.945801
vt 3.448730 3.996094
vt 3.450439 3.945801
vt 3.450928 3.893311
vt 3.446777 3.866699
vt 3.444580 3.852295
vt 3.433350 3.829834
vt 3.411133 3.806885
vt 3.370605 3.777344
vt 3.344971 3.762207
vt 3.319336 3.750488
vt 3.291260 3.741211
vt 3.257812 3.730713
vt 3.214844 3.741943
vt 3.213379 3.741211
vt 3.477783 3.700439
vt 3.320068 3.670654
vt 3.262695 3.676025
vt 3.269287 3.811768
vt 3.242188 3.801025
vt 3.248535 3.817627
vt 3.307617 3.831055
vt 3.254883 3.830322
vt 3.325928 3.842285
vt 3.260254 3.844727
vt 3.343994 3.853516
vt 3.266602 3.862305
vt 3.337891 3.893799
vt 3.367432 3.890381
vt 3.385742 3.941406
vt 3.337646 3.941650
vt 3.271973 3.899902
vt 3.274658 3.942871
vt 3.338135 3.994141
vt 3.275146 3.994873
vt 3.338379 3.941162
vt 3.273926 3.937500
vt 3.341309 3.894043
vt 3.272461 3.901611
vt 3.339844 3.851074
vt 3.267822 3.875000
vt 3.263672 3.851807
vt 3.318848 3.838623
vt 3.257324 3.838623
vt 3.297852 3.825928
vt 3.250977 3.825195
vt 3.270508 3.812012
vt 3.242920 3.799561
vt 3.366211 3.889404
vt 3.385742 3.941895
vt 3.386719 3.992920
vt 3.402832 3.891113
vt 3.395264 3.851562
vt 3.380127 3.832275
vt 3.362793 3.810059
vt 3.317871 3.782471
vt 3.275146 3.763672
vt 3.253174 3.753662
vt 3.402588 3.891602
vt 3.396729 3.851562
vt 3.380859 3.829346
vt 3.366455 3.815674
vt 3.351807 3.801758
vt 3.314697 3.779785
vt 3.260986 3.758301
vt 3.594482 3.786621
vt 3.592529 3.769287
vt 3.590088 3.788818
vt 3.590332 3.822510
vt 3.498535 3.689209
vt 3.464600 3.668945
vt 3.498047 3.692383
vt 3.598145 3.729004
vt 3.574463 3.730713
vt 3.590576 3.751465
vt 3.605713 3.706787
vt 3.556641 3.707520
vt 3.551514 3.687744
vt 3.522949 3.681152
vt 3.546631 3.667969
vt 3.496826 3.669922
vt 3.551514 3.687256
vt 3.523438 3.681152
vt 3.556152 3.706543
vt 3.605957 3.706299
vt 3.572266 3.727539
vt 3.598389 3.729004
vt 3.590820 3.751709
vt 3.607910 3.687012
vt 3.609863 3.667969
vt 3.607666 3.687256
vt 3.376709 3.673096
vt 3.442383 3.684570
vt 3.375244 3.662598
vt 3.322266 3.671875
vt 3.321777 3.662354
vt 3.265381 3.677734
vt 3.265381 3.662354
vt 3.231934 3.687988
vt 3.233154 3.647949
vt 3.206299 3.678955
vt 3.206055 3.656006
vt 3.232910 3.687500
vt 3.323242 3.703857
vt 3.354248 3.711182
vt 3.385986 3.721924
vt 3.408691 3.732910
vt 3.446045 3.751465
vt 3.481201 3.782227
vt 3.489746 3.792969
vt 3.498047 3.803955
vt 3.513916 3.839355
vt 3.515625 3.862793
vt 3.517822 3.892578
vt 3.515625 3.948486
vt 3.512451 3.994629
vt 3.516602 3.948242
vt 3.518311 3.894043
vt 3.514893 3.854248
vt 3.508789 3.823730
vt 3.494873 3.802002
vt 3.480957 3.780273
vt 3.454834 3.758545
vt 3.381104 3.755859
vt 3.352539 3.740479
vt 3.346191 3.764160
vt 3.323975 3.725098
vt 3.314453 3.748535
vt 3.266602 3.715820
vt 3.259033 3.732422
vt 3.227539 3.706299
vt 3.219238 3.719482
vt 3.238281 3.702393
vt 3.275879 3.689453
vt 3.285889 3.700439
vt 3.322510 3.682861
vt 3.326904 3.697510
vt 3.365234 3.685059
vt 3.361572 3.699951
vt 3.421875 3.696045
vt 3.410400 3.710205
vt 3.472656 3.708008
vt 3.477295 3.695801
vt 3.329346 3.705078
vt 3.356934 3.711182
vt 3.406494 3.731445
vt 3.214844 3.741943
vt 3.213379 3.741211
vt 3.477783 3.700439
vt 3.320068 3.670654
vt 3.262695 3.676025
vt 3.269287 3.811768
vt 3.248535 3.817627
vt 3.242188 3.801025
vt 3.307617 3.831055
vt 3.254883 3.830322
vt 3.325928 3.842285
vt 3.260254 3.844727
vt 3.343994 3.853516
vt 3.266602 3.862305
vt 3.337891 3.893799
vt 3.367432 3.890381
vt 3.385742 3.941406
vt 3.337646 3.941650
vt 3.271973 3.899902
vt 3.274658 3.942871
vt 3.338135 3.994141
vt 3.275146 3.994873
vt 3.338379 3.941162
vt 3.273926 3.937500
vt 3.341309 3.894043
vt 3.272461 3.901611
vt 3.339844 3.851074
vt 3.267822 3.875000
vt 3.263672 3.851807
vt 3.318848 3.838623
vt 3.257324 3.838623
vt 3.297852 3.825928
vt 3.250977 3.825195
vt 3.270508 3.812012
vt 3.242920 3.799561
vt 3.366211 3.889404
vt 3.385742 3.941895
vt 3.386719 3.992920
vt 3.402832 3.891113
vt 3.395264 3.851562
vt 3.380127 3.832275
vt 3.362793 3.810059
vt 3.317871 3.782471
vt 3.275146 3.763672
vt 3.253174 3.753662
vt 3.402588 3.891602
vt 3.396729 3.851562
vt 3.380859 3.829346
vt 3.366455 3.815674
vt 3.351807 3.801758
vt 3.314697 3.779785
vt 3.260986 3.758301
vt 3.594482 3.786621
vt 3.592529 3.769287
vt 3.590088 3.788818
vt 3.590332 3.822510
vt 3.498535 3.689209
vt 3.464600 3.668945
vt 3.498047 3.692383
vt 3.964600 3.970215
vt 3.998047 3.923340
vt 3.998779 3.970215
vt 3.964600 3.923584
vt 3.998047 3.880371
vt 3.965088 3.879883
vt 3.999268 3.998047
vt 3.964600 3.942627
vt 3.965820 3.998535
vt 3.998535 3.940430
vt 3.964355 3.879395
vt 3.998779 3.880127
vt 3.211426 3.780273
vt 3.964355 3.998779
vt 3.930908 3.951904
vt 3.930420 3.999268
vt 3.964844 3.950195
vt 3.931152 3.885986
vt 3.963623 3.884521
vt 3.964600 3.970947
vt 3.998779 3.970215
vt 3.998047 3.923340
vt 3.964600 3.923584
vt 3.998047 3.880371
vt 3.965088 3.879883
vt 3.999268 3.998047
vt 3.965820 3.998535
vt 3.964600 3.942627
vt 3.998535 3.940430
vt 3.964355 3.879395
vt 3.998779 3.880127
vt 3.211426 3.780273
vt 3.964355 3.998779
vt 3.930420 3.999268
vt 3.930908 3.951904
vt 3.964844 3.950195
vt 3.931152 3.885986
vt 3.963623 3.884521
vt 3.994629 3.729492
vt 3.977295 3.802734
vt 3.998291 3.666992
vt 3.999023 3.717773
vt 3.978271 3.794678
vt 3.952148 3.841797
vt 3.930176 3.879883
vt 3.919434 3.899902
vt 3.908691 3.919678
vt 3.896484 3.958740
vt 3.888672 3.995117
vt 3.902588 3.944336
vt 3.915527 3.902100
vt 3.937744 3.867188
vt 3.955322 3.836914
vt 3.257324 3.773926
vt 3.300537 3.791504
vt 3.330078 3.818359
vt 3.347900 3.833740
vt 3.357422 3.842041
vt 3.365723 3.849121
vt 3.385010 3.890869
vt 3.223633 3.764160
vt 3.258301 3.778320
vt 3.292725 3.794189
vt 3.336914 3.822266
vt 3.351562 3.836182
vt 3.366211 3.849854
vt 3.382568 3.888916
vt 3.977295 3.802734
vt 3.994629 3.729492
vt 3.955322 3.836914
vt 3.937744 3.867188
vt 3.915527 3.902100
vt 3.902588 3.944336
vt 3.888672 3.995117
vt 3.896484 3.958740
vt 3.908691 3.919678
vt 3.919434 3.899902
vt 3.930176 3.879883
vt 3.952148 3.841797
vt 3.978271 3.794678
vt 3.999023 3.717773
vt 3.998291 3.666992
vt 3.257324 3.773926
vt 3.300537 3.791504
vt 3.330078 3.818359
vt 3.347900 3.833740
vt 3.357422 3.842041
vt 3.365723 3.849121
vt 3.385010 3.890869
vt 3.223633 3.764160
vt 3.258301 3.778320
vt 3.292725 3.794189
vt 3.336914 3.822266
vt 3.351562 3.836182
vt 3.366211 3.849854
vt 3.382568 3.888916
vt 3.051270 2.917236
vt 3.053223 2.887695
vt 3.061523 2.887695
vt 3.061035 2.917236
vt 3.081787 2.887695
vt 3.081543 2.916992
vt 3.104004 2.891602
vt 3.104248 2.923096
vt 3.081543 2.936035
vt 3.104248 2.968750
vt 3.081543 2.960938
vt 3.081543 2.978027
vt 3.104248 2.988281
vt 3.081543 2.994873
vt 3.059082 2.978271
vt 3.059570 2.994385
vt 3.051270 2.994141
vt 3.051270 2.978271
vt 3.058105 2.960693
vt 3.058350 2.935547
vt 3.051270 2.935547
vt 3.051270 2.960693
vt 3.047607 2.887695
vt 3.046143 2.917480
vt 3.044922 2.935303
vt 3.045654 2.960449
vt 3.044922 2.978516
vt 3.044678 2.994141
vt 3.020996 2.978516
vt 3.020996 2.993652
vt 3.002930 2.988770
vt 3.002930 2.959229
vt 3.020996 2.960205
vt 3.020996 2.935059
vt 3.002930 2.916504
vt 3.020996 2.917725
vt 3.002930 2.890869
vt 3.021484 2.887695
vt 3.443604 3.410889
vt 3.443115 3.424072
vt 3.449707 3.425049
vt 3.442627 3.435791
vt 3.441895 3.464355
vt 3.447266 3.432861
vt 3.455322 3.465088
vt 3.438477 3.504395
vt 3.453125 3.503662
vt 3.439453 3.514160
vt 3.452881 3.514160
vt 3.440918 3.537109
vt 3.452637 3.535889
vt 3.438721 3.564453
vt 3.453125 3.561768
vt 3.440186 3.602539
vt 3.453369 3.602539
vt 3.427002 3.610352
vt 3.430176 3.617432
vt 3.416504 3.613525
vt 3.416504 3.618896
vt 3.406250 3.614014
vt 3.403809 3.617676
vt 3.392334 3.601807
vt 3.386475 3.604736
vt 3.395264 3.562744
vt 3.388184 3.564453
vt 3.399902 3.539062
vt 3.389648 3.536377
vt 3.404053 3.514404
vt 3.390137 3.514404
vt 3.404053 3.505371
vt 3.390381 3.505615
vt 3.408203 3.462646
vt 3.392090 3.461914
vt 3.409668 3.433105
vt 3.402588 3.428955
vt 3.410156 3.419922
vt 3.401367 3.419189
vt 3.412598 3.408203
vt 3.701416 3.339111
vt 3.734375 3.365723
vt 3.705566 3.363037
vt 3.728027 3.340088
vt 3.750977 3.364990
vt 3.745605 3.338379
vt 3.746826 3.319092
vt 3.740479 3.311523
vt 3.759277 3.314209
vt 3.756348 3.304932
vt 3.777344 3.312500
vt 3.777588 3.303711
vt 3.791504 3.314209
vt 3.792480 3.305908
vt 3.804688 3.322021
vt 3.808350 3.316162
vt 3.803955 3.360840
vt 3.806152 3.338379
vt 3.814697 3.363037
vt 3.816406 3.333740
vt 3.841309 3.363770
vt 3.844238 3.332520
vt 3.863281 3.365967
vt 3.868164 3.333740
vt 3.882812 3.366455
vt 3.886719 3.335205
vt 3.897705 3.367432
vt 3.901855 3.336182
vt 3.914795 3.367188
vt 3.917725 3.335938
vt 3.928467 3.367188
vt 3.931885 3.336914
vt 3.942383 3.367188
vt 3.946777 3.337158
vt 3.641357 3.322266
vt 3.603516 3.335449
vt 3.639893 3.377441
vt 3.598633 3.379150
vt 3.580322 3.381592
vt 3.563721 3.382324
vt 3.548584 3.378418
vt 3.536133 3.376709
vt 3.791504 3.369385
vt 3.791748 3.366699
vt 3.779541 3.371826
vt 3.779541 3.368408
vt 3.765869 3.369873
vt 3.765625 3.367188
vt 3.426025 3.604980
vt 3.435059 3.600830
vt 3.425537 3.607178
vt 3.416748 3.604736
vt 3.409668 3.604736
vt 3.417236 3.608643
vt 3.408936 3.607910
vt 3.397461 3.601562
vt 3.344482 3.595215
vt 3.351074 3.598633
vt 3.343262 3.598389
vt 3.332520 3.592529
vt 3.822266 3.020752
vt 3.869385 3.019043
vt 3.915039 3.017090
vt 3.961914 3.017578
vt 3.996338 3.053467
vt 3.997803 3.016357
vt 3.530518 3.366943
vt 3.515869 3.371338
vt 3.499512 3.370361
vt 3.483398 3.365723
vt 3.468018 3.355469
vt 3.996338 3.519531
vt 3.987061 3.549316
vt 3.945068 3.555420
vt 3.946289 3.520752
vt 3.945312 3.430176
vt 3.946777 3.467773
vt 3.943848 3.655518
vt 3.946777 3.614014
vt 3.989014 3.655518
vt 3.997314 3.614014
vt 3.989014 3.655518
vt 3.997314 3.614014
vt 3.690430 3.638428
vt 3.650146 3.597412
vt 3.650879 3.642090
vt 3.690186 3.591797
vt 3.649902 3.575195
vt 3.689941 3.571777
vt 3.649658 3.552979
vt 3.689941 3.552002
vt 3.649658 3.543701
vt 3.689941 3.545166
vt 3.650635 3.503174
vt 3.691895 3.500488
vt 3.651367 3.462402
vt 3.693848 3.461914
vt 3.707764 3.521729
vt 3.700928 3.478516
vt 3.743652 3.478027
vt 3.752441 3.520264
vt 3.765137 3.477783
vt 3.774902 3.519531
vt 3.786377 3.477295
vt 3.790771 3.519043
vt 3.796631 3.477295
vt 3.797119 3.518799
vt 3.835449 3.476562
vt 3.843018 3.517822
vt 3.877686 3.476807
vt 3.881592 3.516602
vt 3.393799 3.418457
vt 3.457520 3.426270
vt 3.204834 3.427979
vt 3.190918 3.428467
vt 3.176270 3.425293
vt 3.718994 3.565430
vt 3.713623 3.605957
vt 3.760742 3.605225
vt 3.763916 3.565674
vt 3.782471 3.604980
vt 3.786133 3.565918
vt 3.799805 3.605225
vt 3.801758 3.565918
vt 3.809082 3.604980
vt 3.808594 3.566162
vt 3.244873 3.508057
vt 3.245605 3.514648
vt 3.268311 3.507812
vt 3.256348 3.508789
vt 3.283691 3.507324
vt 3.296387 3.508301
vt 3.315674 3.504395
vt 3.335449 3.502197
vt 3.353027 3.497803
vt 3.372070 3.497314
vt 3.386230 3.497070
vt 3.371338 3.506836
vt 3.385742 3.506592
vt 3.372559 3.530029
vt 3.385010 3.528564
vt 3.371094 3.549561
vt 3.384521 3.556885
vt 3.384033 3.598633
vt 3.375244 3.593994
vt 3.365967 3.557617
vt 3.370361 3.592773
vt 3.362305 3.602783
vt 3.360107 3.597412
vt 3.349854 3.605225
vt 3.341553 3.604736
vt 3.327881 3.548584
vt 3.332520 3.558105
vt 3.351074 3.542236
vt 3.350342 3.551514
vt 3.351562 3.525146
vt 3.352783 3.507080
vt 3.334473 3.510498
vt 3.315430 3.511963
vt 3.295898 3.531250
vt 3.281738 3.536377
vt 3.269287 3.538330
vt 3.259521 3.537109
vt 3.247070 3.530029
vt 3.260010 3.556885
vt 3.249268 3.552002
vt 3.251953 3.593018
vt 3.262451 3.596191
vt 3.269775 3.557617
vt 3.281982 3.556641
vt 3.296875 3.554932
vt 3.281494 3.597412
vt 3.271729 3.597656
vt 3.294678 3.596680
vt 3.314453 3.554199
vt 3.317871 3.594727
vt 3.328125 3.593506
vt 3.337891 3.612305
vt 3.349854 3.613281
vt 3.363770 3.611328
vt 3.363281 3.621826
vt 3.378662 3.631104
vt 3.365479 3.640137
vt 3.349609 3.623535
vt 3.336670 3.621582
vt 3.321533 3.629639
vt 3.334473 3.639160
vt 3.350342 3.642822
vt 3.314941 3.533203
vt 3.331299 3.533447
vt 3.485840 3.336182
vt 3.488770 3.315918
vt 3.489258 3.291260
vt 3.503174 3.294922
vt 3.505127 3.276367
vt 3.507080 3.293945
vt 3.504395 3.320068
vt 3.500488 3.340332
vt 3.516357 3.340576
vt 3.532227 3.337402
vt 3.516602 3.315918
vt 3.518555 3.291260
vt 3.518555 3.277100
vt 3.527100 3.288330
vt 3.527100 3.311523
vt 3.536377 3.284912
vt 3.537842 3.337891
vt 3.542969 3.286621
vt 3.536621 3.267334
vt 3.518555 3.265625
vt 3.505371 3.263184
vt 3.552002 3.265869
vt 3.550537 3.277832
vt 3.554932 3.295898
vt 3.569336 3.277588
vt 3.570312 3.296387
vt 3.577393 3.296631
vt 3.570801 3.315186
vt 3.556152 3.313965
vt 3.543213 3.312256
vt 3.552246 3.340088
vt 3.568604 3.341064
vt 3.581299 3.339355
vt 3.590088 3.311523
vt 3.593018 3.285889
vt 3.582275 3.312988
vt 3.584717 3.293457
vt 3.584473 3.279541
vt 3.568604 3.262451
vt 3.586182 3.266846
vt 3.307617 3.221924
vt 3.271240 3.220215
vt 3.223145 3.229492
vt 3.165527 3.230713
vt 3.091064 3.252197
vt 3.088867 3.235840
vt 3.161133 3.186523
vt 3.082764 3.188721
vt 3.133301 3.147949
vt 3.076660 3.150879
vt 3.142090 3.103271
vt 3.070557 3.104980
vt 3.182373 3.115723
vt 3.219238 3.171631
vt 3.265625 3.155273
vt 3.311768 3.154541
vt 3.339111 3.153320
vt 3.344238 3.116943
vt 3.305664 3.105469
vt 3.253662 3.107422
vt 3.220703 3.113281
vt 3.131592 3.304932
vt 3.134277 3.317627
vt 3.109131 3.306152
vt 3.081299 3.304688
vt 3.055908 3.252441
vt 3.055176 3.302002
vt 3.083252 3.318604
vt 3.055176 3.313721
vt 3.033691 3.306885
vt 3.036133 3.248779
vt 3.019531 3.249023
vt 3.015381 3.322754
vt 3.032471 3.317383
vt 3.115479 3.318848
vt 3.102783 3.335449
vt 3.095215 3.334961
vt 3.082275 3.374023
vt 3.093262 3.373535
vt 3.060059 3.373779
vt 3.037842 3.374268
vt 3.022705 3.374756
vt 3.102295 3.373779
vt 3.121094 3.375000
vt 3.137939 3.376709
vt 3.149902 3.378174
vt 3.164062 3.379883
vt 3.790283 3.360840
vt 3.778320 3.360107
vt 3.765381 3.361084
vt 3.806152 3.399658
vt 3.818359 3.398682
vt 3.807861 3.418457
vt 3.793945 3.401123
vt 3.795166 3.423340
vt 3.779053 3.402588
vt 3.779297 3.424316
vt 3.765381 3.401855
vt 3.763184 3.423584
vt 3.753906 3.398682
vt 3.749756 3.416260
vt 3.738037 3.397461
vt 3.751221 3.382812
vt 3.765137 3.387207
vt 3.779785 3.388184
vt 3.793457 3.386719
vt 3.805420 3.380859
vt 3.718262 3.273438
vt 3.690186 3.300781
vt 3.690674 3.286621
vt 3.708984 3.254395
vt 3.683105 3.271240
vt 3.690918 3.219482
vt 3.669189 3.264404
vt 3.658447 3.208984
vt 3.658936 3.266846
vt 3.686523 3.162842
vt 3.710205 3.144043
vt 3.737549 3.129150
vt 3.794434 3.132324
vt 3.842773 3.125488
vt 3.883545 3.124512
vt 3.916748 3.125732
vt 3.944092 3.125488
vt 3.968262 3.135986
vt 3.964355 3.175293
vt 3.941406 3.175537
vt 3.961914 3.227783
vt 3.935303 3.223145
vt 3.954834 3.265869
vt 3.933105 3.259521
vt 3.953857 3.272705
vt 3.933105 3.267578
vt 3.951172 3.307129
vt 3.935059 3.306396
vt 3.920654 3.304688
vt 3.905762 3.304932
vt 3.890381 3.304199
vt 3.872803 3.301270
vt 3.847168 3.301025
vt 3.817871 3.304443
vt 3.795410 3.275635
vt 3.772949 3.277100
vt 3.748779 3.281738
vt 3.721680 3.314697
vt 3.697021 3.315186
vt 3.718994 3.290527
vt 3.746826 3.270752
vt 3.772461 3.270020
vt 3.794189 3.269287
vt 3.770508 3.248291
vt 3.750488 3.251221
vt 3.718506 3.186523
vt 3.741943 3.175537
vt 3.762451 3.165771
vt 3.809570 3.172119
vt 3.847412 3.172607
vt 3.884277 3.173828
vt 3.914795 3.175781
vt 3.912354 3.220947
vt 3.911377 3.256348
vt 3.911865 3.265381
vt 3.922852 3.278564
vt 3.910156 3.275879
vt 3.895020 3.279053
vt 3.885986 3.264404
vt 3.847900 3.264648
vt 3.818604 3.274414
vt 3.817139 3.266357
vt 3.849121 3.257568
vt 3.885498 3.256348
vt 3.885010 3.220703
vt 3.853516 3.219971
vt 3.821777 3.223389
vt 3.803711 3.225830
vt 3.805420 3.240723
vt 3.791504 3.242676
vt 3.791260 3.228027
vt 3.805176 3.214600
vt 3.779785 3.210205
vt 3.770508 3.232422
vt 3.747314 3.238770
vt 3.736816 3.253418
vt 3.733398 3.243164
vt 3.726318 3.229736
vt 3.740234 3.222168
vt 3.761963 3.214355
vt 3.387939 3.631104
vt 3.402588 3.627930
vt 3.401855 3.641602
vt 3.417969 3.628418
vt 3.419678 3.644043
vt 3.432373 3.626953
vt 3.435791 3.641846
vt 3.447266 3.633301
vt 3.418701 3.591797
vt 3.399414 3.569336
vt 3.417236 3.560791
vt 3.436279 3.569092
vt 3.350342 3.585693
vt 3.350342 3.595459
vt 3.357666 3.594727
vt 3.239014 3.567139
vt 3.238525 3.602539
vt 3.226318 3.609131
vt 3.224609 3.568848
vt 3.210693 3.610596
vt 3.209229 3.569092
vt 3.195312 3.609375
vt 3.194824 3.569092
vt 3.182373 3.604004
vt 3.180176 3.567871
vt 3.193848 3.545898
vt 3.177979 3.547119
vt 3.176758 3.522949
vt 3.192627 3.524170
vt 3.208008 3.543213
vt 3.222412 3.546631
vt 3.237549 3.547607
vt 3.236572 3.525879
vt 3.221436 3.524658
vt 3.206055 3.524414
vt 3.417480 3.553223
vt 3.417725 3.534668
vt 3.417969 3.514404
vt 3.417725 3.505127
vt 3.420898 3.463135
vt 3.423096 3.434326
vt 3.424072 3.420898
vt 3.424805 3.408203
vt 3.177490 3.466064
vt 3.190918 3.468262
vt 3.206055 3.470459
vt 3.217285 3.425781
vt 3.217285 3.467529
vt 3.231445 3.423828
vt 3.231201 3.463867
vt 3.220459 3.518799
vt 3.236084 3.518799
vt 3.206299 3.518555
vt 3.192383 3.518311
vt 3.176514 3.516357
vn 0.1151 0.9165 0.3831
vn -0.2398 0.8167 0.5249
vn -0.0230 0.9642 0.2641
vn -0.2174 0.8889 0.4031
vn -0.3138 0.7142 0.6257
vn -0.1574 0.8968 0.4134
vn -0.0309 0.5993 0.7999
vn -0.1093 0.8806 0.4611
vn 0.2344 0.7454 0.6240
vn 0.2266 0.8621 0.4533
vn 0.0572 0.7974 0.6007
vn -0.1086 0.8991 0.4241
vn -0.0940 0.8082 0.5814
vn -0.1464 0.9048 0.3999
vn -0.1342 0.8806 0.4545
vn -0.2060 0.9246 0.3204
vn -0.0079 0.6805 0.7327
vn 0.0381 0.9727 0.2291
vn 0.1087 0.6248 0.7731
vn 0.0190 0.9731 0.2295
vn -0.1064 0.4641 0.8794
vn -0.1503 0.9492 0.2765
vn -0.0355 0.4698 0.8821
vn -0.0991 0.9193 0.3808
vn -0.0346 0.5240 0.8510
vn -0.0059 0.9087 0.4173
vn -0.3240 0.1926 0.9262
vn -0.2973 0.7360 0.6082
vn -0.7210 -0.1681 0.6722
vn -0.7918 0.4613 0.4002
vn -0.9867 0.1390 0.0847
vn -0.8771 0.4285 -0.2169
vn -0.8392 0.1505 -0.5226
vn -0.6946 0.4636 -0.5501
vn -0.3608 -0.0195 -0.9324
vn -0.2223 0.7173 -0.6604
vn -0.0606 0.3783 -0.9237
vn -0.2060 0.8418 -0.4990
vn -0.1063 0.4690 -0.8768
vn -0.0595 0.8835 -0.4647
vn 0.0000 0.5257 -0.8507
vn 0.0000 0.8944 -0.4472
vn -0.0169 0.6417 -0.7668
vn -0.0784 0.8581 -0.5075
vn -0.2212 0.6326 -0.7422
vn -0.3001 0.7336 -0.6097
vn -0.2372 0.5441 -0.8048
vn -0.2326 0.8196 -0.5236
vn -0.1408 0.4562 -0.8787
vn -0.0675 0.6938 -0.7170
vn 0.0415 0.5661 -0.8233
vn 0.0379 0.8885 -0.4573
vn -0.0839 0.5135 -0.8540
vn -0.1302 0.7864 -0.6038
vn 0.0337 0.3468 -0.9373
vn 0.0409 0.7237 -0.6889
vn 0.0577 0.6596 -0.7494
vn 0.0296 0.6678 -0.7437
vn 0.1381 0.6980 -0.7026
vn 0.1179 0.6618 -0.7404
vn 0.2387 0.6854 -0.6879
vn -0.0683 0.9085 0.4123
vn -0.2233 0.8348 0.5033
vn -0.0957 0.9050 0.4145
vn -0.1650 0.8534 0.4944
vn -0.2675 0.5267 0.8069
vn -0.0873 0.8266 0.5560
vn -0.0474 0.4579 0.8877
vn -0.1336 0.9103 0.3917
vn -0.2120 0.8720 0.4411
vn -0.0195 0.9590 0.2828
vn -0.0861 0.6399 0.7637
vn 0.1321 0.8387 0.5283
vn 0.0000 0.5847 0.8112
vn -0.1336 0.8229 0.5522
vn -0.0542 0.6298 0.7748
vn -0.1661 0.8478 0.5037
vn -0.0000 0.4366 0.8997
vn 0.0000 0.9239 0.3827
vn 0.0000 0.3827 0.9239
vn -0.2324 0.8703 0.4343
vn -0.1779 0.3801 0.9077
vn -0.4133 0.7507 0.5154
vn -0.1426 0.3914 0.9091
vn -0.0675 0.7802 0.6219
vn 0.0658 0.1786 0.9817
vn 0.0172 0.7834 0.6213
vn -0.3352 0.0348 0.9415
vn -0.4888 0.8262 0.2800
vn -0.8739 -0.1000 0.4756
vn -0.8602 0.2983 0.4137
vn -0.9678 -0.1222 0.2200
vn -0.9203 0.3888 0.0434
vn -0.9650 0.0538 -0.2568
vn -0.8107 0.4293 -0.3982
vn -0.5413 0.0595 -0.8387
vn -0.3711 0.7439 -0.5558
vn -0.0783 0.3730 -0.9245
vn -0.1348 0.8756 -0.4638
vn -0.1336 0.4828 -0.8655
vn -0.2587 0.8850 -0.3870
vn -0.0801 0.4932 -0.8662
vn -0.1247 0.9006 -0.4164
vn 0.0346 0.5241 -0.8510
vn 0.0296 0.8690 -0.4940
vn -0.0568 0.5013 -0.8634
vn -0.0624 0.8505 -0.5223
vn -0.0769 0.9326 -0.3527
vn -0.2007 0.8165 -0.5414
vn -0.0908 0.7481 -0.6573
vn -0.2093 0.5382 -0.8164
vn 0.1238 0.6283 -0.7681
vn 0.0878 0.5728 -0.8150
vn 0.0186 0.7765 -0.6299
vn -0.0327 0.5519 -0.8333
vn -0.1075 0.7409 -0.6629
vn -0.3965 0.5781 -0.7132
vn -0.1557 0.6998 -0.6972
vn -0.3193 0.5034 -0.8029
vn -0.2916 0.7459 -0.5988
vn -0.0916 0.7433 -0.6627
vn -0.1118 0.8778 -0.4659
vn 0.1906 0.8411 -0.5062
vn -0.0914 0.6975 -0.7107
vn 0.0811 0.7187 -0.6906
vn 0.2627 0.8288 -0.4940
vn 0.0753 0.6131 -0.7864
vn 0.0748 0.6326 -0.7709
vn -0.0120 0.8328 -0.5535
vn 0.0119 0.8298 -0.5580
vn -0.0136 0.9118 -0.4104
vn -0.0227 0.9245 -0.3806
vn -0.0261 0.9692 -0.2448
vn -0.0962 0.8827 -0.4600
vn -0.0939 0.9529 -0.2885
vn -0.1488 0.9097 -0.3878
vn -0.1334 0.9203 -0.3678
vn -0.1203 0.9434 -0.3090
vn -0.0886 0.9562 -0.2789
vn -0.1331 0.9910 -0.0138
vn -0.1661 0.9717 0.1682
vn -0.1847 0.9825 0.0237
vn -0.2315 0.9701 0.0724
vn -0.1996 0.9634 0.1790
vn -0.1918 0.9776 0.0872
vn -0.1673 0.9642 0.2057
vn -0.1590 0.9523 0.2606
vn -0.1550 0.9347 0.3199
vn -0.1551 0.8527 0.4988
vn -0.0856 0.8495 0.5206
vn -0.1829 0.9220 0.3412
vn -0.0229 0.9449 0.3267
vn -0.2058 0.9609 0.1851
vn 0.0154 0.9194 0.3931
vn -0.0695 0.9279 0.3663
vn 0.0320 0.7809 0.6239
vn 0.0251 0.7336 0.6791
vn -0.0231 0.6054 0.7956
vn 0.0530 0.4638 0.8844
vn 0.0551 0.1726 0.9835
vn 0.0335 -0.0700 0.9970
vn 0.0403 -0.6251 0.7795
vn -0.1690 -0.8659 0.4708
vn -0.1704 -0.9756 0.1385
vn -0.3142 -0.9489 0.0282
vn -0.2710 -0.9332 0.2360
vn -0.3014 -0.9534 0.0158
vn -0.4648 -0.8707 0.1605
vn -0.5451 -0.8377 0.0339
vn -0.1125 0.7342 0.6696
vn 0.0201 0.4880 0.8726
vn -0.2041 0.9617 0.1830
vn -0.1291 0.9894 -0.0668
vn -0.1445 0.9580 0.2477
vn -0.0551 0.8826 0.4669
vn -0.0623 0.9582 0.2792
vn -0.0824 0.9965 0.0137
vn -0.0999 0.9940 0.0443
vn 0.0488 0.9517 0.3031
vn -0.0446 0.9960 -0.0770
vn 0.0886 0.8432 -0.5302
vn -0.0472 0.9778 -0.2041
vn -0.0335 0.9953 -0.0912
vn 0.1118 0.9339 -0.3397
vn 0.2268 0.7147 -0.6617
vn 0.0451 0.7100 -0.7027
vn -0.0371 0.2165 -0.9756
vn -0.2697 -0.3468 -0.8983
vn -0.5740 0.0329 -0.8182
vn -0.9581 -0.2528 -0.1345
vn -0.7384 0.4132 0.5329
vn -0.9601 -0.2797 0.0000
vn -0.8597 0.2734 -0.4314
vn -0.7173 0.4704 0.5140
vn -0.0927 0.9356 0.3407
vn -0.8019 -0.4042 0.4399
vn -0.9980 0.0619 -0.0105
vn -0.8074 -0.3809 -0.4506
vn -0.8604 -0.3675 -0.3531
vn -0.2645 0.7131 -0.6492
vn -0.1342 -0.3425 -0.9299
vn 0.2986 0.9190 -0.2575
vn 0.1519 0.7864 -0.5988
vn -0.1184 0.9701 -0.2120
vn -0.1065 0.9939 -0.0272
vn -0.2083 0.9745 0.0831
vn 0.0679 0.9908 0.1167
vn 0.0158 0.9997 0.0187
vn 0.0403 0.9980 0.0485
vn -0.1459 0.9891 0.0214
vn -0.2269 0.9739 0.0000
vn -0.1164 0.9807 -0.1572
vn 0.0000 0.9732 -0.2298
vn -0.0539 0.9901 -0.1294
vn -0.2847 0.9506 -0.1236
vn -0.1369 0.9036 -0.4060
vn -0.1483 0.9667 0.2087
vn -0.3214 0.9209 -0.2207
vn 0.0095 -0.3239 -0.9461
vn -0.1202 0.3323 -0.9355
vn -0.1137 0.3418 -0.9329
vn -0.0089 -0.2563 -0.9666
vn 0.0000 -0.3827 -0.9239
vn 0.0251 -0.4015 -0.9155
vn 0.0000 -0.2314 -0.9729
vn -0.0578 -0.3755 -0.9250
vn -0.1959 -0.4946 -0.8467
vn 0.1335 -0.1954 -0.9716
vn -0.0596 -0.3836 -0.9216
vn -0.2689 -0.9571 -0.1081
vn -0.1240 -0.9903 -0.0622
vn -0.1134 -0.9932 0.0263
vn -0.0259 -0.7952 0.6058
vn 0.0066 0.0205 0.9998
vn -0.2390 -0.2112 0.9478
vn -0.0269 0.4392 0.8980
vn 0.0021 -0.5796 0.8149
vn -0.5676 -0.5544 0.6086
vn -0.0342 -0.7817 0.6227
vn -0.3046 -0.9376 0.1675
vn -0.0850 -0.9964 0.0005
vn -0.5917 -0.7400 -0.3197
vn -0.0186 -0.7743 -0.6325
vn -0.6956 -0.0657 -0.7154
vn 0.0185 -0.2148 -0.9765
vn -0.1313 -0.7546 -0.6429
vn -0.0648 -0.0182 -0.9977
vn -0.0992 -0.0837 -0.9915
vn -0.3242 -0.9404 -0.1029
vn -0.1259 -0.8940 0.4300
vn -0.1890 -0.5853 0.7885
vn -0.3052 -0.9523 0.0000
vn -0.1537 -0.6300 0.7612
vn -0.0995 0.0591 0.9933
vn 0.0075 0.2775 0.9607
vn 0.0517 -0.5887 0.8067
vn 0.0296 -0.8690 0.4940
vn -0.2209 -0.7556 0.6166
vn -0.5961 -0.7466 0.2954
vn 0.0311 -0.9930 -0.1136
vn -0.4125 -0.8934 -0.1781
vn -0.0909 -0.6570 -0.7483
vn -0.0523 -0.5227 -0.8509
vn -0.1189 -0.3187 -0.9404
vn -0.6343 -0.6099 -0.4750
vn -0.4233 -0.8034 -0.4187
vn -0.6204 -0.7776 -0.1023
vn -0.3803 -0.9129 -0.1483
vn -0.5693 -0.8213 -0.0369
vn -0.2992 -0.9532 -0.0435
vn -0.1665 -0.9802 0.1069
vn 0.1167 -0.9890 -0.0905
vn 0.2568 -0.9607 0.1054
vn 0.7188 -0.6661 -0.1992
vn 0.6053 -0.7692 -0.2049
vn 0.7295 -0.0277 -0.6834
vn 0.7272 -0.3637 -0.5822
vn 0.7431 0.0041 -0.6692
vn 0.5348 0.1420 -0.8330
vn 0.6460 0.2276 -0.7286
vn 0.2175 0.5031 -0.8364
vn 0.4063 0.4730 -0.7818
vn 0.0301 0.6994 -0.7141
vn 0.2626 0.7154 -0.6475
vn -0.1256 0.8567 -0.5002
vn 0.1846 0.9257 -0.3303
vn -0.1304 0.9748 -0.1811
vn 0.1336 0.9850 -0.1088
vn -0.0987 0.9936 0.0549
vn 0.0724 0.9968 0.0340
vn -0.0959 0.9534 0.2860
vn -0.0108 0.9700 0.2430
vn -0.0446 0.8455 0.5322
vn 0.0330 0.8794 0.4750
vn 0.0762 0.8509 0.5198
vn 0.2601 0.6829 0.6826
vn 0.2824 0.4579 0.8429
vn 0.4241 0.4204 0.8022
vn 0.3299 -0.1275 0.9354
vn 0.6357 0.0407 0.7708
vn 0.3354 -0.6879 0.6437
vn 0.6712 -0.4861 0.5597
vn 0.3237 -0.9275 0.1868
vn 0.7130 -0.6915 0.1160
vn 0.3443 -0.9383 -0.0319
vn 0.5651 -0.8077 0.1680
vn 0.3642 -0.9312 0.0138
vn 0.5121 -0.8490 0.1301
vn 0.1640 -0.9375 0.3069
vn -0.1734 -0.9025 0.3942
vn 0.0512 -0.9917 0.1180
vn 0.0383 -0.9890 0.1427
vn 0.1528 -0.7812 0.6053
vn 0.2800 -0.1276 0.9515
vn 0.1660 0.5858 0.7933
vn -0.0090 0.8189 0.5738
vn 0.7413 0.5114 -0.4347
vn 0.9220 0.0935 -0.3758
vn 0.0000 0.7071 -0.7071
vn -0.0871 0.4862 -0.8695
vn 0.0000 0.3827 -0.9239
vn -0.1195 0.9161 -0.3828
vn -0.0000 0.9675 -0.2527
vn -0.0717 0.9550 0.2878
vn -0.0000 0.9613 0.2754
vn -0.0236 0.7714 0.6359
vn 0.0204 0.7803 0.6251
vn -0.0022 0.2912 0.9567
vn 0.0924 0.7923 0.6031
vn -0.1600 0.4484 0.8794
vn 0.0000 0.7919 0.6107
vn -0.5938 0.7036 -0.3904
vn -0.7100 -0.2353 -0.6637
vn -0.2119 -0.2738 -0.9382
vn 0.0000 -0.2898 -0.9571
vn -0.0987 -0.4276 0.8986
vn -0.0263 -0.4015 0.9155
vn -0.7306 -0.2707 0.6268
vn -0.4419 0.5580 0.7024
vn -0.5413 0.7355 -0.4075
vn -0.0563 0.6078 -0.7921
vn -0.1761 0.6075 -0.7746
vn -0.1859 0.7642 -0.6176
vn -0.0928 0.7035 -0.7047
vn -0.2150 -0.4696 0.8563
vn 0.0428 -0.4271 0.9032
vn 0.0268 -0.4762 0.8789
vn 0.0303 -0.3040 0.9522
vn -0.0267 -0.4091 0.9121
vn 0.0000 -0.2314 0.9729
vn -0.0717 -0.3720 0.9255
vn -0.0181 0.3823 0.9239
vn -0.0177 -0.3200 0.9473
vn 0.0040 -0.3395 0.9406
vn -0.7707 -0.2225 0.5972
vn -0.0810 -0.4513 -0.8887
vn -0.0451 -0.3010 -0.9526
vn -0.0853 -0.3907 -0.9166
vn -0.1160 -0.2293 -0.9664
vn -0.1076 0.5082 -0.8545
vn -0.0622 -0.4850 -0.8723
vn 0.0000 -0.4719 -0.8817
vn 0.0040 -0.3998 -0.9166
vn -0.6814 -0.4143 -0.6033
vn -0.1919 -0.4723 0.8603
vn 0.0726 -0.4470 0.8916
vn 0.0188 -0.2899 0.9569
vn -0.1090 -0.3808 0.9182
vn -0.0301 -0.3087 0.9507
vn -0.0458 0.5564 0.8297
vn 0.0000 -0.3827 0.9239
vn -0.0624 0.4249 0.9031
vn 0.0315 -0.3815 0.9238
vn -0.6546 -0.2758 0.7038
vn -0.0501 0.6957 0.7166
vn -0.3123 0.9211 0.2323
vn -0.2667 0.8770 -0.3997
vn -0.3244 0.9087 -0.2629
vn -0.2222 0.8188 0.5293
vn -0.3005 0.6781 0.6708
vn -0.4223 0.6978 0.5786
vn -0.3962 0.8406 0.3693
vn -0.3159 0.8804 -0.3538
vn -0.4787 0.6535 -0.5863
vn -0.4366 0.8488 -0.2982
vn -0.1170 0.9920 -0.0468
vn 0.0000 1.0000 0.0000
vn -0.0768 0.9941 -0.0768
vn -0.1284 0.7451 0.6545
vn -0.2067 0.7842 0.5851
vn -0.1723 0.9224 0.3457
vn -0.1291 0.9397 -0.3167
vn 0.0000 0.9732 0.2298
vn -0.0566 0.8299 0.5551
vn -0.0851 0.7593 0.6452
vn -0.1086 0.9938 -0.0244
vn -0.3242 0.9325 -0.1594
vn -0.2494 0.9165 -0.3128
vn -0.3358 0.9301 0.1488
vn 0.1426 0.9431 0.3003
vn 0.1245 0.9909 -0.0520
vn -0.0583 0.9717 0.2289
vn -0.1539 0.9487 -0.2761
vn -0.1805 0.9835 -0.0117
vn -0.0919 0.9935 -0.0673
vn -0.1859 0.9817 -0.0414
vn -0.0473 0.9986 -0.0224
vn 0.0779 0.9909 -0.1102
vn -0.1013 0.9605 -0.2593
vn -0.1658 0.9571 -0.2375
vn -0.0788 0.9806 -0.1796
vn -0.0518 0.9773 -0.2053
vn -0.3217 0.9468 -0.0096
vn -0.2188 0.9738 0.0620
vn -0.0363 0.9990 -0.0249
vn -0.1594 0.9560 0.2462
vn -0.3168 0.9109 0.2644
vn -0.0346 0.8665 -0.4979
vn -0.0825 0.9946 -0.0622
vn -0.3025 0.8897 -0.3419
vn 0.1478 0.9865 0.0705
vn -0.3550 0.9348 0.0098
vn -0.1009 0.9771 0.1872
vn -0.1529 0.9879 0.0275
vn -0.2510 0.9442 0.2133
vn -0.0448 0.9237 0.3804
vn -0.0249 0.8483 0.5290
vn -0.1141 0.6079 0.7858
vn -0.1520 0.8404 0.5203
vn -0.1342 0.7578 0.6385
vn -0.0323 0.4933 0.8693
vn -0.0690 0.7981 0.5985
vn 0.0009 0.3223 0.9466
vn -0.0878 0.2321 0.9687
vn 0.1298 0.6263 0.7687
vn 0.1365 0.8291 0.5422
vn -0.0312 0.9674 0.2512
vn -0.0463 0.9678 0.2474
vn -0.1005 0.9907 0.0921
vn -0.2333 0.9717 0.0375
vn -0.0655 0.9585 -0.2776
vn -0.3062 0.8515 -0.4257
vn -0.1628 0.7743 -0.6115
vn -0.2324 0.8703 -0.4343
vn 0.0874 0.8590 0.5045
vn -0.2418 0.6861 0.6861
vn -0.1789 0.8294 0.5292
vn -0.0465 0.8816 0.4697
vn -0.2270 0.9715 0.0677
vn -0.2747 0.8494 -0.4506
vn -0.0985 0.9532 -0.2859
vn -0.0584 0.9697 0.2373
vn -0.1022 0.8794 0.4649
vn -0.1111 0.8240 -0.5557
vn -0.0414 0.9338 -0.3555
vn -0.0235 0.9257 -0.3774
vn -0.5087 -0.7435 0.4341
vn -0.0401 -0.6764 0.7354
vn -0.0374 -0.7917 0.6098
vn -0.0277 -0.9996 -0.0011
vn -0.3958 -0.9163 -0.0613
vn -0.0492 -0.7645 -0.6427
vn -0.5408 -0.7279 -0.4215
vn 0.0000 -0.7497 -0.6618
vn 0.0000 -0.9950 -0.0995
vn -0.4788 -0.8288 0.2896
vn -0.0174 -0.8332 0.5527
vn -0.2801 -0.7356 0.6168
vn -0.1798 -0.8280 0.5311
vn -0.1121 -0.9936 0.0122
vn -0.0000 -0.9986 -0.0534
vn 0.0000 -0.8649 -0.5019
vn -0.0000 -0.8711 -0.4911
vn -0.0178 -0.8790 -0.4765
vn -0.5961 -0.7072 -0.3801
vn -0.6143 -0.7604 0.2109
vn 0.0194 -0.7994 0.6004
vn -0.0000 -0.8250 0.5652
vn 0.0000 -0.8507 0.5257
vn -0.2210 -0.8290 0.5137
vn -0.2274 -0.8822 0.4124
vn -0.4546 -0.8812 0.1295
vn -0.2067 -0.9704 0.1249
vn -0.1181 -0.8697 -0.4792
vn 0.1415 -0.9385 -0.3150
vn -0.0399 -0.7860 -0.6170
vn 0.1614 -0.7460 -0.6461
vn 0.1812 -0.7383 -0.6497
vn 0.0488 -0.8451 -0.5324
vn -0.2445 -0.8124 -0.5294
vn -0.3740 -0.7436 -0.5543
vn -0.3337 -0.9088 -0.2504
vn -0.2485 -0.9597 -0.1314
vn -0.4757 -0.8720 -0.1153
vn -0.6583 -0.7236 -0.2074
vn -0.5608 -0.8198 -0.1158
vn -0.5229 -0.8418 -0.1338
vn -0.6070 -0.7945 -0.0182
vn -0.5462 -0.8296 -0.1163
vn -0.4076 -0.9115 -0.0551
vn -0.4432 -0.8790 0.1758
vn -0.4556 -0.8881 0.0605
vn -0.1459 -0.9892 0.0139
vn -0.4795 -0.6165 0.6245
vn 0.0784 -0.9892 0.1238
vn -0.0034 -0.9996 0.0285
vn 0.0538 -0.9983 -0.0208
vn -0.0065 -0.9976 -0.0691
vn 0.0000 -0.9999 0.0117
vn -0.7302 -0.4289 0.5318
vn -0.4181 -0.8380 0.3506
vn -0.8333 -0.5392 0.1222
vn -0.4395 -0.8948 -0.0788
vn -0.6800 -0.5955 -0.4279
vn -0.3213 -0.7405 -0.5903
vn -0.2387 0.9711 -0.0015
vn -0.6925 0.0957 0.7151
vn -0.7411 0.2683 0.6154
vn -0.9612 -0.2756 -0.0135
vn -0.6258 -0.4912 0.6058
vn -0.5080 -0.8187 0.2678
vn -0.4955 -0.8686 -0.0042
vn -0.5307 -0.7283 -0.4336
vn -0.6711 -0.1530 -0.7254
vn -0.7372 0.3836 -0.5562
vn -0.7271 0.6760 -0.1197
vn -0.6903 0.6211 0.3712
vn -0.8208 0.0415 -0.5697
vn -0.8274 -0.1853 -0.5302
vn -0.8803 0.1091 -0.4616
vn -0.8470 0.4478 -0.2866
vn -0.9385 0.3276 -0.1087
vn -0.8462 0.5328 -0.0084
vn -0.9474 0.2999 0.1115
vn -0.8915 0.1826 0.4147
vn -0.8727 0.0206 0.4878
vn -0.8920 -0.2481 0.3778
vn -0.7502 -0.3907 0.5335
vn -0.7134 -0.5585 0.4233
vn -0.5603 -0.7570 0.3362
vn -0.5203 -0.8415 0.1455
vn -0.4275 -0.8905 0.1555
vn -0.4596 -0.8878 0.0239
vn -0.4390 -0.8885 -0.1334
vn -0.4955 -0.8456 -0.1986
vn -0.5929 -0.7057 -0.3880
vn -0.6387 -0.5791 -0.5067
vn -0.7380 -0.4696 -0.4845
vn 0.9329 0.0357 0.3584
vn 0.9325 -0.2341 0.2750
vn 0.9932 -0.1154 0.0126
vn 0.8678 0.2803 -0.4103
vn 0.8954 0.2849 -0.3421
vn 0.6597 0.6627 -0.3545
vn 0.5239 0.8339 -0.1736
vn 0.5233 0.8504 -0.0547
vn 0.4433 0.8541 0.2722
vn 0.7462 0.4852 0.4559
vn 0.8549 0.4957 0.1529
vn 0.8205 0.5052 -0.2675
vn -0.5499 -0.6060 0.5749
vn -0.2331 -0.8159 0.5291
vn -0.7543 -0.6429 0.1327
vn -0.4002 -0.8836 0.2433
vn -0.5578 -0.5901 -0.5837
vn -0.2789 -0.7702 -0.5736
vn -0.2051 0.9787 -0.0118
vn 0.0203 -0.8246 0.5654
vn 0.1150 -0.8750 0.4703
vn 0.1099 -0.8190 0.5632
vn 0.0673 -0.9974 0.0269
vn -0.0560 -0.7672 -0.6390
vn 0.1015 -0.8099 -0.5777
vn -0.1966 -0.9391 -0.2817
vn 0.1161 -0.9769 0.1796
vn 0.0000 -0.9882 0.1530
vn -0.0821 -0.8382 0.5391
vn -0.2507 -0.9478 0.1970
vn -0.3232 -0.8493 -0.4175
vn -0.0388 -0.7358 -0.6761
vn -0.0530 -0.9985 -0.0110
vn -0.0504 -0.7944 0.6053
vn -0.0842 -0.7046 0.7046
vn 0.0695 -0.9874 0.1418
vn -0.0021 -0.8100 -0.5865
vn 0.0754 -0.7963 -0.6002
vn 0.2771 -0.9557 0.0994
vn 0.1584 -0.7594 0.6311
vn 0.8623 -0.2309 -0.4507
vn 0.8512 -0.0677 0.5205
vn 0.4696 -0.1368 -0.8722
vn -0.0422 0.0684 0.9968
vn -0.3428 -0.0240 -0.9391
vn -0.7860 0.0560 -0.6157
vn -0.9648 0.1622 0.2069
vn -0.7514 0.2016 0.6283
vn 0.9593 0.2080 -0.1910
vn 0.8897 0.2268 0.3962
vn 0.5914 0.0659 -0.8037
vn 0.2527 -0.0193 -0.9673
vn -0.4672 -0.1829 -0.8650
vn -0.9539 -0.2816 -0.1038
vn -0.5705 -0.0998 0.8152
vn 0.2365 0.0723 0.9689
vn -0.9043 0.3831 0.1884
vn -0.7802 0.6134 0.1225
vn -0.9209 -0.3359 0.1978
vn -0.8219 -0.2148 0.5276
vn -0.4117 -0.6844 0.6017
vn -0.4655 -0.3070 0.8301
vn -0.1113 -0.6724 0.7318
vn -0.0451 -0.2322 0.9716
vn 0.3949 -0.6348 0.6641
vn 0.5141 -0.2448 0.8220
vn 0.7203 -0.6022 0.3442
vn 0.8770 -0.1330 0.4618
vn 0.7898 0.6132 -0.0107
vn 0.8080 0.5160 0.2846
vn 0.4328 0.8360 0.3373
vn 0.0345 0.8179 0.5743
vn -0.5557 0.6212 0.5526
vn -0.3835 0.9164 0.1145
vn 0.0281 0.9995 -0.0159
vn 0.1556 0.9847 -0.0778
vn -0.8731 0.4123 0.2601
vn -0.7381 0.6382 0.2190
vn -0.9331 -0.3071 0.1873
vn -0.8007 -0.2289 0.5536
vn -0.2253 -0.8185 0.5284
vn -0.4236 -0.3393 0.8399
vn -0.0683 -0.7192 0.6915
vn -0.0051 -0.2212 0.9752
vn 0.3788 -0.6544 0.6544
vn 0.4363 -0.2891 0.8521
vn 0.5694 -0.6765 0.4671
vn 0.8940 -0.0585 0.4442
vn 0.8942 0.4189 0.1577
vn 0.8900 0.3542 0.2871
vn 0.5918 0.6694 0.4490
vn 0.0525 0.7942 0.6054
vn -0.5530 0.6210 0.5554
vn -0.3225 0.9268 0.1923
vn 0.1088 0.9884 0.1061
vn 0.4518 0.8463 0.2821
vn -0.0000 0.9675 -0.2528
vn 0.0000 0.9239 -0.3827
vn 0.3809 0.8425 -0.3809
vn 0.2418 0.6861 -0.6861
vn 0.3250 0.8664 -0.3791
vn 0.0565 0.9168 -0.3953
vn 0.0879 0.4179 -0.9042
vn 0.0445 0.8687 -0.4934
vn -0.0289 0.4837 -0.8747
vn 0.3144 0.2932 -0.9029
vn 0.2761 0.8359 -0.4743
vn 0.1765 0.2098 -0.9617
vn 0.1191 0.8722 -0.4744
vn 0.3366 0.7436 -0.5778
vn 0.3810 0.1782 -0.9072
vn 0.8664 0.3530 -0.3531
vn 0.8480 0.0490 -0.5278
vn 0.9148 0.3976 0.0714
vn 0.9355 0.3023 -0.1829
vn 0.6681 0.7233 0.1745
vn 0.8816 0.1085 0.4594
vn 0.2091 0.7262 0.6549
vn 0.2501 0.1229 0.9604
vn 0.1243 0.8125 0.5695
vn 0.1065 0.3196 0.9415
vn 0.2958 0.8396 0.4557
vn 0.1249 0.3025 0.9449
vn 0.1404 0.8316 0.5374
vn 0.0593 0.3206 0.9454
vn 0.0000 0.8112 0.5847
vn 0.0954 0.8463 0.5241
vn 0.0664 0.4249 0.9028
vn 0.2533 0.8409 0.4782
vn 0.0321 0.6305 0.7755
vn 0.0235 0.6683 0.7435
vn -0.0000 0.7918 0.6107
vn 0.0697 0.7746 0.6286
vn -0.0137 0.7743 0.6327
vn -0.0728 0.7857 0.6143
vn 0.8040 0.5519 -0.2211
vn 0.2857 0.9580 0.0254
vn 0.8180 0.5741 -0.0366
vn 0.2049 0.9274 -0.3131
vn -0.2618 0.9595 -0.1040
vn -0.6788 0.7008 -0.2193
vn -0.5992 0.7889 -0.1365
vn -0.8115 0.4563 -0.3651
vn -0.6113 0.5462 -0.5727
vn -0.5823 0.5002 -0.6409
vn -0.4736 0.4118 -0.7786
vn -0.6978 0.4477 -0.5591
vn -0.8991 0.2629 -0.3501
vn -0.9521 0.2505 -0.1755
vn -0.9192 0.2906 -0.2659
vn -0.9198 0.2543 -0.2987
vn -0.9401 0.2470 -0.2350
vn -0.8330 0.2916 -0.4702
vn -0.8484 -0.4633 -0.2560
vn -0.7222 -0.5344 -0.4392
vn -0.1305 -0.9676 -0.2162
vn -0.2251 -0.9282 -0.2963
vn 0.2188 -0.9638 -0.1523
vn 0.3228 -0.8820 -0.3433
vn 0.6205 -0.7711 -0.1428
vn 0.6307 -0.6299 -0.4532
vn 0.7352 -0.6632 -0.1401
vn 0.7190 -0.4612 -0.5200
vn 0.9134 -0.3719 -0.1657
vn 0.8222 -0.2374 -0.5173
vn 0.9811 0.1272 -0.1459
vn 0.9037 0.0836 -0.4200
vn -0.1259 -0.2085 -0.9699
vn -0.6443 -0.1122 -0.7565
vn -0.2759 0.4804 -0.8325
vn 0.1871 0.1962 -0.9626
vn -0.7071 0.7071 0.0000
vn 0.8131 -0.4530 -0.3655
vn 0.8716 -0.3723 -0.3190
vn 0.9994 -0.0022 0.0351
vn 0.8725 -0.2199 0.4363
vn 0.8604 -0.3675 0.3531
vn 0.9456 -0.3111 -0.0955
vn 0.5910 0.7575 -0.2773
vn 0.9239 0.3827 -0.0000
vn 0.8086 0.2955 0.5088
vn 0.3641 0.6575 0.6597
vn 0.1678 0.7733 0.6114
vn 0.1469 -0.5335 0.8329
vn -0.0194 -0.4101 0.9118
vn 0.1224 -0.3289 0.9364
vn 0.2482 -0.3991 0.8827
vn -0.0471 -0.3855 0.9215
vn -0.0261 -0.3095 0.9505
vn 0.2435 0.3927 0.8868
vn 0.1477 -0.4217 0.8946
vn 0.1841 0.3906 0.9020
vn -0.0433 -0.4411 0.8964
vn 0.2674 -0.2730 -0.9241
vn -0.0164 -0.2018 -0.9793
vn -0.0800 -0.2309 -0.9697
vn 0.4908 -0.5105 -0.7060
vn 0.1688 -0.4509 -0.8765
vn 0.0515 -0.4202 -0.9060
vn 0.0721 -0.3712 -0.9258
vn 0.1409 0.4021 -0.9047
vn 0.0436 -0.7120 0.7008
vn -0.0000 -0.8051 0.5931
vn 0.0000 -0.9950 0.0995
vn 0.0670 -0.7442 -0.6646
vn 0.3569 0.2937 -0.8868
vn 0.4387 -0.2286 -0.8691
vn -0.0000 -0.1281 -0.9918
vn -0.1444 0.5015 -0.8530
vn -0.1153 -0.0634 -0.9913
vn 0.0691 0.5740 -0.8159
vn 0.0800 -0.1131 -0.9904
vn 0.1294 0.4070 -0.9042
vn 0.0226 -0.2195 -0.9754
vn 0.0867 -0.1988 -0.9762
vn 0.0688 0.6761 -0.7336
vn 0.0000 -0.6552 -0.7555
vn 0.3390 -0.8754 0.3445
vn 0.6238 -0.7621 0.1736
vn 0.2036 -0.9564 -0.2092
vn 0.2996 -0.6106 0.7331
vn 0.2172 -0.6894 0.6911
vn 0.0589 0.0065 0.9982
vn -0.0517 -0.5886 0.8067
vn -0.0075 0.2775 0.9607
vn 0.0000 0.7785 0.6277
vn 0.0196 0.9374 0.3478
vn 0.1129 0.9886 0.0992
vn 0.0301 0.9976 -0.0627
vn -0.0370 0.9252 -0.3777
vn 0.1033 0.9296 -0.3538
vn 0.1394 0.9035 -0.4052
vn 0.0876 0.9729 -0.2139
vn 0.4460 0.8933 -0.0564
vn 0.0669 0.9977 0.0104
vn 0.1526 0.9790 -0.1352
vn 0.7211 0.6364 -0.2737
vn 0.8795 0.4637 0.1067
vn 0.0160 0.7404 0.6719
vn 0.0000 0.8944 0.4472
vn 0.1308 0.9775 0.1654
vn 0.0000 0.9950 0.0995
vn 0.1497 0.9621 0.2279
vn 0.1913 0.7955 0.5749
vn 0.1562 0.3217 0.9339
vn -0.0709 -0.6339 0.7702
vn -0.1185 -0.9554 0.2704
vn -0.1470 -0.9759 -0.1610
vn -0.2249 -0.6670 -0.7103
vn -0.0537 -0.5787 -0.8138
vn 0.5606 -0.6648 -0.4937
vn 0.0177 -0.9975 -0.0681
vn 0.0030 -0.9202 0.3914
vn 0.0747 -0.5074 0.8584
vn 0.4227 -0.8523 0.3080
vn 0.4472 -0.8944 0.0000
vn 0.4372 -0.3894 0.8107
vn 0.0221 0.1818 0.9831
vn 0.3061 0.2595 0.9160
vn 0.7810 0.3413 0.5230
vn 0.9765 0.0079 0.2155
vn 0.8905 0.1722 -0.4212
vn 0.7115 -0.2348 -0.6623
vn 0.8202 -0.5557 -0.1359
vn 0.7861 -0.4601 0.4128
vn 0.1803 0.3267 0.9278
vn 0.2544 0.7836 0.5668
vn -0.9963 0.0141 -0.0850
vn -0.8340 0.5360 -0.1311
vn -0.6358 0.7671 -0.0858
vn 0.0423 -0.7257 -0.6867
vn -0.3978 -0.2614 -0.8795
vn -0.4450 0.1066 -0.8892
vn -0.1068 0.0486 -0.9931
vn 0.1642 0.4432 -0.8813
vn 0.0157 0.5592 -0.8289
vn 0.7250 0.2531 -0.6406
vn 0.5837 -0.0376 -0.8111
vn 0.6269 -0.0899 -0.7739
vn 0.2273 -0.4314 -0.8731
vn -0.9085 0.2174 -0.3570
vn -0.7805 0.4425 -0.4417
vn -0.4295 0.8851 -0.1794
vn 0.1321 0.9906 0.0359
vn 0.7451 0.6476 0.1595
vn 0.0884 0.9937 -0.0695
vn -0.2398 0.8779 -0.4145
vn -0.8247 0.4372 -0.3588
vn -0.9266 0.1305 -0.3528
vn -0.9683 -0.1573 -0.1942
vn -0.8706 -0.4630 -0.1661
vn -0.1494 -0.9834 -0.1030
vn 0.2254 -0.9733 0.0434
vn 0.5893 -0.7993 0.1171
vn 0.7528 -0.6491 0.1092
vn 0.8553 -0.4932 0.1590
vn 0.9687 0.1550 0.1941
vn 0.8757 -0.0853 0.4752
vn 0.6863 0.6331 0.3581
vn 0.8607 0.1008 0.4990
vn 0.5999 0.7096 0.3697
vn 0.9342 0.0997 0.3426
vn 0.7663 0.6226 0.1585
vn 0.9973 0.0488 -0.0546
vn 0.8723 0.3582 -0.3327
vn 0.8011 -0.4851 -0.3506
vn 0.6802 0.0878 -0.7277
vn 0.5389 -0.0981 -0.8366
vn 0.6915 -0.6510 -0.3130
vn 0.6044 -0.7956 -0.0418
vn 0.5628 -0.8262 -0.0270
vn 0.6143 -0.7881 -0.0388
vn 0.2264 -0.9736 -0.0294
vn 0.1463 -0.9881 -0.0472
vn -0.2091 -0.9733 -0.0945
vn -0.1610 -0.9829 -0.0895
vn -0.7307 -0.6540 -0.1958
vn -0.7298 -0.5500 -0.4060
vn -0.8989 0.0796 -0.4308
vn -0.7806 0.1856 -0.5968
vn -0.6095 0.6032 -0.5145
vn -0.5582 0.6692 -0.4906
vn -0.2226 0.8277 -0.5151
vn -0.1529 0.9244 -0.3494
vn 0.0789 0.7413 -0.6665
vn 0.4000 0.7392 -0.5418
vn 0.5736 0.7956 -0.1949
vn 0.3965 0.9155 -0.0685
vn 0.1703 0.9802 0.1007
vn -0.2019 0.9601 -0.1935
vn -0.6841 0.4711 -0.5569
vn -0.7485 0.0962 -0.6561
vn -0.9192 -0.3751 -0.1199
vn -0.2199 -0.9599 0.1741
vn 0.3281 -0.8983 0.2924
vn 0.4376 -0.8308 0.3440
vn 0.6558 -0.6241 0.4248
vn 0.7701 -0.4350 0.4666
vn 0.6713 -0.6697 0.3176
vn 0.5809 -0.6788 0.4492
vn 0.7051 -0.5758 0.4139
vn 0.7929 -0.6069 0.0545
vn 0.3620 -0.9292 0.0746
vn -0.1195 -0.9925 0.0243
vn -0.5895 -0.5409 -0.5999
vn -0.7178 0.0635 -0.6933
vn -0.6031 0.3605 -0.7116
vn -0.1750 0.8150 -0.5524
vn 0.1323 0.8933 -0.4296
vn 0.1345 0.9716 -0.1949
vn -0.0640 0.9141 -0.4005
vn -0.6718 0.4645 -0.5770
vn -0.8579 -0.2042 -0.4714
vn -0.9038 -0.2839 -0.3203
vn -0.7660 -0.4385 -0.4700
vn -0.6334 -0.3366 -0.6968
vn -0.7777 0.1018 -0.6203
vn -0.7586 0.3768 -0.5316
vn -0.2406 0.8933 -0.3798
vn -0.7763 -0.4837 -0.4043
vn -0.1695 -0.9569 0.2360
vn 0.2714 -0.8719 0.4077
vn 0.3673 -0.8908 0.2676
vn -0.1607 -0.9859 -0.0460
vn 0.3643 -0.8118 0.4564
vn 0.5962 -0.6113 0.5204
vn 0.7911 -0.5989 -0.1242
vn 0.4646 -0.8853 0.0207
vn 0.6526 -0.4192 -0.6312
vn 0.3116 -0.7100 -0.6315
vn 0.2581 0.9641 -0.0625
vn 0.1425 0.9869 -0.0754
vn 0.1532 0.9303 0.3333
vn -0.1097 0.9920 0.0618
vn 0.5191 -0.6905 -0.5037
vn -0.1383 -0.6840 -0.7163
vn 0.0595 -0.6527 -0.7553
vn 0.0706 -0.9950 -0.0706
vn 0.0718 -0.7424 0.6661
vn -0.0228 -0.7406 0.6716
vn 0.4219 -0.8621 0.2806
vn -0.1608 -0.9861 -0.0417
vn 0.8587 -0.5058 -0.0827
vn 0.3475 0.9069 0.2382
vn 0.2537 0.9632 0.0884
vn 0.2027 0.9792 -0.0125
vn 0.0269 0.9962 0.0824
vn 0.4393 0.8947 0.0806
vn 0.2587 0.9520 0.1637
vn 0.0000 0.9650 0.2624
vn 0.0239 -0.6583 -0.7524
vn 0.6748 -0.6379 -0.3711
vn 0.6936 -0.7177 -0.0623
vn 0.7033 -0.6064 0.3709
vn -0.0138 -0.7222 0.6916
vn 0.0507 -0.9987 -0.0000
vn -0.1846 0.7888 0.5862
vn 0.0000 0.9045 0.4264
vn 0.0181 0.8371 0.5467
vn -0.0776 0.8110 0.5799
vn 0.2735 0.8668 0.4170
vn 0.2137 0.8374 0.5031
vn 0.2508 0.9177 0.3081
vn 0.0236 0.9521 0.3050
vn 0.0000 0.9883 0.1523
vn -0.0071 0.6648 0.7470
vn -0.0305 0.9729 0.2293
vn -0.0557 0.5333 0.8441
vn 0.1455 0.9500 0.2762
vn 0.2983 0.4525 0.8404
vn 0.2552 0.8881 0.3824
vn -0.0056 0.4730 0.8811
vn -0.0129 0.9436 0.3309
vn -0.0170 0.4763 0.8791
vn 0.1977 0.8818 0.4281
vn 0.4177 0.2755 0.8658
vn 0.6397 0.5709 0.5146
vn 0.7993 0.1695 0.5765
vn 0.8550 0.4623 0.2352
vn 0.9512 0.3087 -0.0007
vn 0.8157 0.5071 -0.2783
vn 0.8442 -0.0044 -0.5360
vn 0.3936 0.7997 -0.4535
vn 0.3064 -0.0189 -0.9517
vn 0.1277 0.9445 -0.3028
vn 0.1440 0.6198 -0.7715
vn 0.1142 0.9172 -0.3818
vn 0.2471 0.8906 -0.3817
vn 0.1314 0.4472 -0.8847
vn 0.2603 0.9070 -0.3310
vn 0.0432 0.8881 -0.4576
vn 0.0569 0.5207 -0.8518
vn 0.2341 0.8177 -0.5259
vn 0.5190 0.7830 -0.3430
vn 0.4995 0.7782 -0.3808
vn 0.2425 0.6943 -0.6776
vn -0.0279 0.6233 -0.7815
vn -0.0430 0.6126 -0.7892
vn -0.0570 0.8054 -0.5900
vn 0.0867 0.8819 -0.4633
vn 0.2007 0.5800 0.7895
vn 0.0589 0.8701 0.4894
vn -0.0197 0.9361 0.3511
vn 0.1843 0.5200 0.8340
vn 0.2062 0.7757 0.5965
vn 0.0697 0.6286 0.7746
vn 0.2330 0.7985 0.5551
vn 0.0000 0.7071 0.7071
vn 0.1569 0.9104 0.3828
vn 0.1039 0.3452 0.9328
vn 0.2385 0.8237 0.5144
vn 0.0486 0.2660 0.9628
vn 0.0863 0.8381 0.5386
vn -0.0624 0.2372 0.9695
vn 0.2548 0.8668 0.4286
vn 0.4576 0.1470 0.8769
vn 0.6866 0.6093 0.3966
vn 0.8840 -0.0482 0.4650
vn 0.8824 0.4560 0.1156
vn 0.9986 -0.0392 0.0359
vn 0.7677 0.6098 -0.1966
vn 0.9627 0.0740 -0.2601
vn 0.5279 0.8482 -0.0444
vn 0.3463 -0.0098 -0.9381
vn 0.1822 0.9627 -0.1999
vn 0.0594 0.4254 -0.9030
vn 0.1887 0.8855 -0.4246
vn 0.1388 0.4994 -0.8552
vn 0.1850 0.8919 -0.4126
vn 0.0404 0.5099 -0.8593
vn -0.0268 0.4762 -0.8790
vn 0.0133 0.8109 -0.5850
vn 0.1168 0.5123 -0.8508
vn 0.2495 0.7778 -0.5769
vn 0.2494 0.7231 -0.6442
vn 0.2267 0.6679 -0.7089
vn -0.1493 0.4666 -0.8718
vn -0.0857 0.6496 -0.7555
vn -0.0297 0.7820 -0.6226
vn 0.0616 0.7746 -0.6295
vn -0.5738 -0.7963 -0.1913
vn -0.5448 -0.8317 0.1066
vn -0.7307 -0.2069 -0.6506
vn -0.3530 -0.9344 0.0477
vn -0.5919 -0.7815 0.1972
vn -0.3640 -0.9308 -0.0321
vn -0.7469 -0.6432 0.1688
vn -0.3347 -0.9079 0.2526
vn -0.6839 -0.4162 0.5992
vn -0.3844 -0.5713 0.7252
vn -0.6436 0.0490 0.7638
vn -0.4288 -0.1337 0.8935
vn -0.5253 0.3601 0.7709
vn -0.2801 0.3952 0.8748
vn -0.3126 0.7094 0.6317
vn 0.0201 0.8556 0.5173
vn -0.0280 0.9048 0.4249
vn 0.0685 0.8766 0.4763
vn -0.0005 0.9707 0.2402
vn 0.0979 0.9498 0.2971
vn -0.0493 0.9980 0.0386
vn 0.1036 0.9935 0.0474
vn -0.1305 0.9874 -0.0900
vn 0.1408 0.9744 -0.1754
vn -0.2117 0.9166 -0.3390
vn 0.0513 0.8555 -0.5152
vn -0.2545 0.7722 -0.5822
vn 0.0131 0.6897 -0.7239
vn -0.4223 0.5233 -0.7401
vn -0.2847 0.5060 -0.8142
vn -0.6390 0.1982 -0.7433
vn -0.6310 0.1349 -0.7639
vn -0.6887 -0.0254 -0.7246
vn -0.7448 -0.1193 -0.6566
vn 0.4815 -0.7264 -0.4904
vn 0.2603 -0.4611 -0.8483
vn 0.3868 0.5465 0.7428
vn 0.7415 -0.0805 -0.6661
vn 0.6902 -0.3577 0.6291
vn 0.4804 0.7639 -0.4308
vn 0.8374 -0.0391 0.5452
vn 0.4176 -0.8190 0.3935
vn 0.3397 0.8719 0.3527
vn 0.8847 -0.4423 -0.1474
vn 0.5712 -0.8208 -0.0000
vn 0.8885 -0.4050 -0.2156
vn 0.7057 -0.2442 -0.6651
vn 0.0798 0.8134 0.5762
vn -0.0913 0.7357 -0.6711
vn -0.0317 0.6871 -0.7259
vn 0.0804 0.2293 -0.9700
vn -0.0804 0.6043 -0.7927
vn 0.1321 0.4984 -0.8568
vn 0.1196 0.9161 -0.3828
vn 0.0717 0.9550 0.2878
vn 0.0383 0.7865 0.6164
vn -0.0273 0.2698 0.9625
vn 0.0858 -0.2327 -0.9688
vn 0.0563 -0.3374 0.9397
vn 0.3344 0.5192 0.7865
vn 0.7237 -0.0532 0.6880
vn 0.6310 0.7011 -0.3320
vn 0.7351 0.0961 -0.6712
vn 0.1452 -0.3418 -0.9285
vn 0.0269 0.8041 -0.5939
vn 0.0469 -0.1613 -0.9858
vn 0.1009 0.7023 -0.7047
vn 0.1040 -0.4911 0.8649
vn -0.0000 -0.3051 0.9523
vn -0.0635 -0.5133 0.8559
vn -0.0376 -0.3034 0.9521
vn 0.0195 -0.3200 0.9472
vn -0.0250 -0.3506 0.9362
vn 0.1027 0.3858 0.9168
vn 0.0904 -0.3781 0.9213
vn 0.1400 -0.5860 -0.7982
vn 0.0450 -0.3946 -0.9177
vn 0.0805 -0.3891 -0.9177
vn 0.0681 -0.2885 -0.9551
vn 0.0885 -0.4850 -0.8700
vn 0.0757 0.5085 -0.8577
vn 0.1438 -0.7737 0.6171
vn 0.2041 -0.8213 0.5327
vn 0.1244 -0.9922 -0.0086
vn -0.0000 -0.9882 -0.1530
vn 0.1955 -0.4548 0.8689
vn -0.0754 -0.4457 0.8920
vn 0.1416 -0.3172 0.9377
vn 0.2318 -0.3816 0.8948
vn 0.0964 -0.4050 0.9092
vn 0.0301 -0.3087 0.9507
vn 0.0851 0.5103 0.8558
vn -0.1102 0.4157 0.9028
vn -0.0000 -0.4366 0.8997
vn 0.2140 -0.4868 -0.8469
vn 0.0854 -0.3430 -0.9354
vn -0.0411 -0.3492 -0.9361
vn 0.0000 -0.4366 -0.8997
vn -0.0287 -0.2954 -0.9549
vn -0.0235 -0.3125 -0.9496
vn 0.0230 -0.2027 -0.9790
vn 0.0201 0.2924 -0.9561
vn -0.0263 -0.2712 -0.9622
vn 0.0853 0.4556 -0.8861
vn 0.1340 0.7376 0.6618
vn 0.2694 0.9253 0.2669
vn 0.2667 0.8770 -0.3997
vn 0.3282 0.9204 -0.2125
vn 0.2627 0.8220 0.5052
vn 0.3308 0.6785 0.6560
vn 0.3880 0.6999 0.5997
vn 0.2324 0.7165 0.6577
vn 0.3416 0.9320 0.1214
vn 0.2863 0.8789 -0.3815
vn 0.5879 0.7603 -0.2763
vn 0.4622 0.8581 -0.2238
vn 0.2536 0.8140 -0.5225
vn 0.1140 0.9512 -0.2866
vn 0.3056 0.9484 -0.0845
vn 0.2202 0.9496 0.2229
vn 0.1564 0.9872 -0.0309
vn 0.0637 0.9749 -0.2132
vn 0.1949 0.9628 0.1869
vn 0.0278 0.7760 0.6301
vn 0.1755 0.7542 0.6328
vn 0.1616 0.9430 0.2909
vn 0.1601 0.9356 -0.3147
vn 0.2174 0.8510 -0.4781
vn 0.2401 0.9399 0.2426
vn 0.2410 0.8574 0.4547
vn 0.0855 0.8930 0.4419
vn 0.1340 0.9909 -0.0147
vn -0.1428 0.9390 0.3130
vn -0.0462 0.9557 0.2908
vn 0.2138 0.9745 0.0682
vn 0.1435 0.9672 0.2095
vn 0.1587 0.9873 -0.0005
vn 0.0684 0.9785 -0.1944
vn 0.1233 0.9396 -0.3193
vn 0.0475 0.9210 -0.3866
vn 0.1699 0.9437 -0.2840
vn 0.1417 0.9321 -0.3332
vn 0.1286 0.9049 -0.4056
vn 0.0622 0.9665 -0.2489
vn 0.0727 0.8559 -0.5121
vn 0.0104 0.9083 -0.4183
vn 0.0497 0.8202 -0.5700
vn 0.0138 0.7858 -0.6183
vn -0.0463 0.6710 -0.7401
vn 0.2046 0.9787 -0.0178
vn 0.2093 0.9747 0.0782
vn 0.0556 0.9936 -0.0978
vn 0.0709 0.9611 0.2671
vn 0.2527 0.9141 0.3172
vn 0.1212 0.9925 -0.0153
vn 0.2766 0.8861 0.3718
vn -0.0000 0.8298 0.5581
vn 0.1299 0.7818 0.6098
vn 0.1316 0.8600 0.4931
vn 0.1686 0.9330 0.3181
vn 0.1790 0.9606 0.2128
vn 0.1882 0.9539 0.2338
vn 0.0771 0.8911 0.4472
vn 0.0154 0.9514 0.3076
vn -0.0079 0.8608 0.5088
vn 0.0304 0.7621 0.6468
vn 0.0108 0.7319 0.6814
vn -0.0235 0.6658 0.7458
vn 0.1057 0.9597 0.2605
vn 0.1552 0.9862 0.0579
vn 0.2451 0.9569 0.1560
vn 0.1455 0.9456 -0.2910
vn 0.2065 0.8414 -0.4995
vn 0.2793 0.9524 -0.1225
vn 0.1442 0.9565 0.2538
vn 0.0800 0.7323 0.6763
vn -0.0458 0.4687 0.8821
vn -0.0234 0.4468 0.8943
vn -0.0055 0.0229 0.9997
vn 0.1810 -0.2912 0.9394
vn 0.3977 -0.6374 0.6599
vn 0.4250 -0.7161 0.5536
vn 0.4682 -0.8573 0.2140
vn 0.2935 -0.9188 0.2640
vn 0.5363 -0.8035 -0.2585
vn 0.3815 -0.9236 0.0380
vn 0.1092 -0.9933 -0.0368
vn 0.0284 -0.7915 0.6106
vn 0.4971 -0.8668 -0.0401
vn 0.6383 -0.7171 0.2799
vn 0.0650 -0.6560 0.7520
vn 0.0277 -0.9996 -0.0011
vn 0.4521 -0.8845 -0.1154
vn 0.0567 -0.7318 -0.6792
vn 0.7136 -0.6503 -0.2606
vn 0.7202 -0.6800 0.1378
vn 0.5638 -0.8255 -0.0238
vn 0.5113 -0.8594 0.0000
vn 0.1309 -0.9909 -0.0329
vn 0.3212 -0.9409 -0.1078
vn 0.0922 -0.7700 -0.6314
vn 0.2691 -0.7760 -0.5704
vn 0.3196 -0.7629 -0.5620
vn 0.3926 -0.9194 0.0224
vn 0.1994 -0.9799 0.0000
vn 0.0890 -0.8953 0.4366
vn 0.1459 -0.9342 0.3256
vn 0.1307 -0.6127 0.7794
vn 0.1537 -0.6300 0.7612
vn 0.0995 0.0591 0.9933
vn -0.0474 -0.9019 0.4294
vn 0.0237 -0.9822 -0.1865
vn 0.0640 -0.6220 -0.7804
vn 0.0000 0.3474 0.9377
vn -0.1366 0.6923 0.7086
vn -0.2215 0.8173 0.5319
vn -0.1277 0.9203 0.3699
vn 0.2309 0.7268 0.6468
vn 0.1755 0.5444 0.8203
vn -0.0310 0.3752 0.9264
vn -0.0042 -0.6026 0.7980
vn -0.0000 -0.8416 0.5400
vn 0.0184 -0.9912 -0.1314
vn 0.0232 0.4814 0.8762
vn 0.0892 0.6313 0.7704
vn -0.1374 0.7004 0.7004
vn -0.0087 0.5111 0.8595
vn 0.1354 0.9583 0.2515
vn 0.1931 0.9680 -0.1604
vn 0.2760 0.9575 -0.0840
vn 0.2968 0.8745 0.3835
vn 0.1102 0.7447 0.6582
vn 0.0850 0.8137 0.5750
vn 0.1234 0.9688 0.2149
vn 0.0352 0.9197 -0.3910
vn 0.0624 0.9231 -0.3794
vn 0.0251 0.8419 -0.5390
vn 0.0798 0.8271 0.5563
vn 0.2019 0.8717 0.4465
vn -0.3661 0.8817 0.2977
vn -0.2311 0.7482 0.6219
vn 0.0158 0.8927 0.4504
vn 0.1009 0.9774 0.1859
vn 0.0666 0.9803 0.1861
vn 0.1308 0.9433 -0.3050
vn 0.0493 0.7351 -0.6762
vn -0.1512 0.9839 0.0956
vn 0.3191 -0.8519 0.4153
vn 0.6047 -0.5433 0.5823
vn 0.7954 -0.5986 0.0951
vn 0.5086 -0.8573 -0.0801
vn 0.5857 -0.6469 -0.4884
vn 0.3218 -0.7391 -0.5918
vn 0.2300 0.9703 -0.0749
vn 0.3098 0.9504 -0.0261
vn 0.2126 0.9759 0.0485
vn 0.1876 0.9585 0.2147
vn 0.7373 0.3353 0.5865
vn 0.6733 -0.0519 0.7376
vn 0.9592 -0.2819 -0.0212
vn 0.6803 0.5478 0.4870
vn 0.6729 0.7397 0.0065
vn 0.7169 0.5700 -0.4014
vn 0.6738 -0.0663 -0.7360
vn 0.5613 -0.6456 -0.5179
vn 0.5089 -0.8550 -0.1001
vn 0.4965 -0.8292 0.2569
vn 0.5618 -0.6199 0.5479
vn 0.7714 -0.2492 -0.5855
vn 0.8460 -0.0703 -0.5285
vn 0.6557 -0.4861 -0.5777
vn 0.6822 -0.5896 -0.4324
vn 0.5630 -0.7509 -0.3451
vn 0.4038 -0.8639 -0.3010
vn 0.4117 -0.9066 -0.0926
vn 0.3885 -0.9196 0.0590
vn 0.4411 -0.8837 0.1563
vn 0.4670 -0.8270 0.3129
vn 0.6555 -0.7095 0.2586
vn 0.6995 -0.5590 0.4452
vn 0.7979 -0.4117 0.4403
vn 0.8528 0.0897 0.5145
vn 0.8462 0.0619 0.5293
vn 0.9509 0.1600 0.2650
vn 0.8608 0.4840 0.1572
vn 0.9518 0.3041 -0.0405
vn 0.8457 0.4985 -0.1904
vn 0.8913 0.3707 -0.2610
vn 0.8376 0.1930 -0.5111
vn -0.9261 0.0719 0.3703
vn -0.9361 -0.2190 0.2752
vn -0.9820 -0.1651 0.0917
vn -0.8672 0.1863 -0.4618
vn -0.8399 0.2819 -0.4637
vn -0.6140 0.6995 -0.3657
vn -0.4844 0.8568 -0.1767
vn -0.4771 0.8788 0.0089
vn -0.4482 0.8633 0.2320
vn -0.7503 0.4890 0.4448
vn -0.8465 0.4825 0.2251
vn -0.8122 0.5458 -0.2061
vn 0.2489 -0.8389 0.4840
vn 0.5474 -0.5885 0.5950
vn 0.6881 -0.7230 0.0616
vn 0.5027 -0.8573 0.1112
vn 0.5090 -0.6541 -0.5595
vn 0.4198 -0.7586 -0.4982
vn 0.8444 0.5340 0.0440
vn 0.1749 0.9846 -0.0082
vn 0.6268 0.5626 0.5391
vn 0.5259 0.7972 -0.2964
vn -0.0503 0.9949 -0.0873
vn 0.2538 0.9520 -0.1711
vn 0.4924 0.8699 0.0298
vn 0.2486 0.8953 0.3696
vn 0.2336 0.9723 -0.0000
vn 0.1743 0.9804 -0.0915
vn 0.2082 0.9658 -0.1543
vn 0.0518 0.9773 -0.2053
vn 0.0783 0.9825 -0.1689
vn 0.2141 0.9545 -0.2076
vn 0.0949 0.9688 -0.2291
vn -0.0227 0.9790 -0.2025
vn 0.0751 0.9926 -0.0954
vn -0.0252 -0.8246 0.5652
vn -0.0878 -0.8910 0.4455
vn -0.1501 -0.9767 0.1536
vn 0.1834 -0.9285 -0.3229
vn -0.1191 -0.8441 -0.5228
vn 0.0533 -0.6720 -0.7386
vn 0.0057 -0.9970 -0.0771
vn -0.0868 -0.8430 0.5309
vn 0.0662 -0.8038 0.5912
vn -0.0063 -0.7763 0.6304
vn 0.0445 -0.9925 0.1135
vn 0.0387 -0.7927 -0.6084
vn 0.2569 -0.8040 -0.5362
vn 0.1803 -0.9659 0.1860
vn 0.5574 0.8276 -0.0662
vn 0.1009 0.9916 -0.0812
vn 0.1249 0.9890 -0.0790
vn 0.0770 0.9931 0.0888
vn 0.1949 0.9801 0.0382
vn 0.2822 0.9593 -0.0070
vn 0.1351 0.9902 0.0365
vn -0.0351 -0.7116 0.7017
vn 0.0362 -0.7053 0.7080
vn 0.1867 -0.8699 0.4565
vn -0.2699 -0.9496 0.1597
vn 0.1857 -0.9766 0.1087
vn -0.1469 -0.8664 -0.4773
vn 0.1579 -0.9087 -0.3864
vn -0.0450 -0.7578 -0.6509
vn 0.1307 -0.9656 0.2248
vn 0.2149 -0.8301 0.5145
vn -0.0000 -0.8249 0.5653
vn 0.0090 -0.8780 0.4787
vn 0.0080 -0.9997 -0.0232
vn -0.0934 -0.9887 -0.1169
vn -0.1650 -0.7162 -0.6781
vn -0.2422 -0.7851 -0.5701
vn 0.0498 -0.7764 -0.6283
vn -0.0230 -0.7819 -0.6230
vn 0.3367 -0.9416 0.0056
vn -0.0000 -0.9959 0.0906
vn -0.2579 0.8524 0.4549
vn 0.0150 0.8788 0.4770
vn 0.1299 0.9750 0.1804
vn -0.2768 0.7631 0.5840
vn -0.0812 0.6532 0.7528
vn -0.3618 0.4993 0.7873
vn -0.1443 0.3869 0.9108
vn -0.4122 0.3210 0.8527
vn -0.3462 0.1182 0.9307
vn -0.4337 0.0699 0.8983
vn -0.5871 0.0192 0.8093
vn -0.4963 -0.1099 0.8612
vn -0.2219 -0.4655 0.8568
vn -0.4958 -0.4529 0.7410
vn -0.0311 -0.8462 0.5319
vn -0.4708 -0.7807 0.4108
vn -0.0823 -0.9803 0.1795
vn -0.4755 -0.8664 0.1525
vn 0.0267 -0.9877 -0.1540
vn -0.4928 -0.8534 -0.1700
vn -0.0082 -0.7840 -0.6207
vn -0.3767 -0.7377 -0.5603
vn -0.0768 -0.5427 -0.8364
vn -0.4282 -0.4397 -0.7895
vn -0.2974 -0.0762 -0.9517
vn -0.3598 -0.1920 -0.9130
vn -0.0505 0.2281 -0.9723
vn -0.1954 0.0580 -0.9790
vn 0.0173 0.4151 -0.9096
vn -0.2209 0.3485 -0.9109
vn 0.0293 0.5412 -0.8404
vn -0.1080 0.3613 -0.9262
vn 0.0520 0.6309 -0.7742
vn -0.0653 0.4636 -0.8837
vn 0.0631 0.7809 -0.6214
vn -0.1219 0.6048 -0.7870
vn 0.0232 0.9257 -0.3776
vn -0.0468 0.7596 -0.6487
vn 0.0331 0.9720 -0.2328
vn -0.1327 0.8123 -0.5679
vn -0.0979 0.9915 -0.0857
vn -0.0902 0.8346 -0.5434
vn -0.0762 0.9954 0.0575
vn 0.0337 0.8878 -0.4589
vn -0.1591 0.9862 -0.0458
vn 0.0794 0.9532 -0.2918
vn -0.1363 0.9794 0.1489
vn -0.0841 0.9568 0.2784
vn 0.2599 0.7787 0.5710
vn 0.2968 0.8185 0.4919
vn -0.0350 0.8345 0.5499
vn 0.3171 0.5869 0.7450
vn 0.0746 0.6679 0.7405
vn 0.4139 0.3981 0.8187
vn 0.1850 0.3179 0.9299
vn 0.4571 0.0311 0.8889
vn 0.4930 0.0915 0.8652
vn 0.5423 -0.0422 0.8391
vn 0.5673 -0.0186 0.8233
vn 0.4946 -0.4023 0.7704
vn 0.1533 -0.5155 0.8431
vn 0.5113 -0.7270 0.4584
vn 0.0261 -0.8601 0.5094
vn 0.5501 -0.8207 0.1545
vn 0.1608 -0.9643 0.2104
vn 0.5079 -0.8582 -0.0739
vn 0.0243 -0.9883 -0.1503
vn 0.4062 -0.7613 -0.5053
vn -0.1445 -0.7765 -0.6133
vn 0.4177 -0.4362 -0.7970
vn 0.1324 -0.4640 -0.8759
vn 0.3977 -0.2413 -0.8852
vn 0.2836 -0.0574 -0.9572
vn 0.3059 0.0136 -0.9520
vn 0.0580 0.2714 -0.9607
vn 0.2544 0.2829 -0.9248
vn -0.0798 0.4330 -0.8979
vn 0.1078 0.3717 -0.9221
vn -0.1553 0.5696 -0.8071
vn 0.0050 0.4867 -0.8735
vn -0.1336 0.6462 -0.7514
vn 0.0726 0.5815 -0.8103
vn -0.0792 0.8248 -0.5599
vn 0.0828 0.7686 -0.6344
vn -0.0521 0.9340 -0.3534
vn 0.1008 0.7925 -0.6015
vn -0.0425 0.9777 -0.2058
vn 0.0890 0.8631 -0.4971
vn 0.0772 0.9967 -0.0261
vn 0.0870 0.9116 -0.4017
vn 0.0311 0.9991 -0.0296
vn -0.0318 0.9545 -0.2964
vn 0.2617 0.9597 0.1025
vn 0.1593 0.9729 0.1677
vn -0.9140 -0.3449 -0.2137
vn -0.8677 -0.4698 -0.1625
vn -0.8949 -0.3805 -0.2331
vn -0.8698 -0.4472 -0.2083
vn -0.8457 -0.4570 -0.2757
vn -0.7566 -0.4601 -0.4647
vn -0.7859 -0.3894 -0.4803
vn -0.8160 -0.4313 -0.3849
vn -0.8167 -0.4449 -0.3676
vn -0.8942 -0.3952 -0.2102
vn -0.9934 -0.1011 0.0542
vn -0.9238 -0.2610 0.2801
vn -0.8190 -0.4494 0.3568
vn -0.7996 -0.4995 0.3335
vn -0.8098 -0.4798 0.3377
vn -0.8541 -0.4326 0.2886
vn -0.9000 -0.4350 0.0280
vn -0.9323 -0.3435 0.1129
vn -0.9116 -0.4039 0.0760
vn -0.8083 -0.5773 0.1159
vn -0.7440 -0.6654 0.0612
vn 0.1447 0.7371 0.6601
vn -0.3304 0.6800 0.6545
vn -0.2467 0.4728 0.8459
vn 0.1393 0.8953 0.4232
vn -0.2177 0.9252 0.3110
vn 0.1733 0.9670 0.1870
vn -0.3178 0.9473 -0.0413
vn 0.2148 0.9767 0.0016
vn -0.4730 0.7447 -0.4709
vn 0.2375 0.9492 -0.2062
vn -0.2477 0.5951 -0.7646
vn 0.2474 0.8364 -0.4891
vn -0.2044 0.3915 -0.8972
vn 0.2671 0.6620 -0.7003
vn -0.0278 0.2719 -0.9619
vn 0.3326 0.4620 -0.8222
vn -0.1228 -0.0206 -0.9922
vn 0.2801 0.1405 -0.9496
vn -0.1920 -0.4777 -0.8573
vn 0.2739 -0.3286 -0.9039
vn -0.2303 -0.6405 -0.7326
vn 0.2450 -0.5527 -0.7965
vn -0.2059 -0.7329 -0.6484
vn 0.2696 -0.7251 -0.6337
vn -0.1466 -0.8803 -0.4512
vn 0.1598 -0.8661 -0.4737
vn -0.0002 -0.9937 -0.1117
vn 0.1358 -0.9875 -0.0806
vn 0.0579 -0.9773 0.2039
vn 0.1064 -0.9811 0.1617
vn -0.1598 -0.9328 0.3230
vn 0.1645 -0.9052 0.3918
vn -0.3128 -0.7394 0.5962
vn 0.3795 -0.5274 0.7602
vn -0.1869 -0.4203 0.8879
vn 0.4415 -0.1465 0.8852
vn -0.1146 -0.2213 0.9685
vn 0.2783 -0.1160 0.9535
vn -0.0403 -0.0215 0.9990
vn 0.2318 -0.0344 0.9722
vn -0.1634 0.0704 0.9840
vn 0.2142 0.3756 0.9017
vn -0.5061 -0.4101 0.7588
vn 0.0270 -0.1352 0.9905
vn 0.0663 -0.4974 0.8650
vn -0.4611 -0.0050 0.8873
vn 0.1158 0.1795 0.9769
vn -0.4096 0.2519 0.8768
vn 0.0782 0.3529 0.9324
vn -0.4054 0.3945 0.8246
vn 0.0725 0.6455 0.7603
vn -0.2825 0.7186 0.6355
vn 0.1735 0.8558 0.4874
vn -0.3060 0.8930 0.3301
vn 0.2784 0.9114 0.3031
vn -0.4623 0.8642 0.1985
vn 0.2268 0.9464 0.2299
vn -0.3615 0.9301 0.0644
vn 0.2614 0.9592 -0.1080
vn -0.2832 0.9395 -0.1927
vn 0.3229 0.8904 -0.3209
vn -0.3188 0.8930 -0.3176
vn 0.3713 0.8293 -0.4175
vn -0.3202 0.8571 -0.4036
vn 0.3812 0.6285 -0.6780
vn -0.3304 0.6979 -0.6355
vn 0.2362 0.4614 -0.8552
vn -0.2855 0.4858 -0.8261
vn 0.1911 0.3039 -0.9333
vn -0.2448 0.2690 -0.9315
vn 0.2843 0.0250 -0.9584
vn -0.2290 0.0690 -0.9710
vn 0.2741 -0.3034 -0.9126
vn -0.2454 -0.2715 -0.9306
vn 0.2197 -0.6444 -0.7324
vn -0.3218 -0.5725 -0.7541
vn 0.2315 -0.8469 -0.4786
vn -0.4528 -0.7187 -0.5277
vn 0.1034 -0.9829 -0.1524
vn -0.5963 -0.7753 -0.2082
vn 0.1215 -0.9589 0.2564
vn -0.5626 -0.8113 0.1593
vn 0.1169 -0.8263 0.5510
vn -0.5416 -0.7087 0.4522
vn -0.4293 -0.3971 0.8112
vn 0.0393 -0.1377 0.9897
vn 0.0850 -0.4782 0.8741
vn -0.3950 -0.0036 0.9187
vn 0.1249 0.1550 0.9800
vn -0.2697 0.2710 0.9240
vn 0.1552 0.3641 0.9183
vn -0.3091 0.4733 0.8249
vn 0.1951 0.6261 0.7549
vn -0.3686 0.6778 0.6361
vn 0.1111 0.8117 0.5734
vn -0.3700 0.8170 0.4423
vn 0.1768 0.9263 0.3328
vn -0.2611 0.9513 0.1639
vn 0.2548 0.9569 0.1393
vn -0.3937 0.9184 0.0388
vn 0.2167 0.9732 -0.0768
vn -0.3945 0.9105 -0.1237
vn 0.2207 0.9072 -0.3581
vn -0.3376 0.8942 -0.2939
vn 0.1689 0.8693 -0.4646
vn -0.2886 0.8483 -0.4439
vn 0.2414 0.6398 -0.7296
vn -0.2039 0.6003 -0.7734
vn 0.3286 0.3401 -0.8811
vn -0.3351 0.4809 -0.8102
vn 0.3267 0.2400 -0.9142
vn -0.2790 0.2622 -0.9238
vn 0.4281 -0.1107 -0.8969
vn -0.2159 -0.0070 -0.9764
vn 0.4177 -0.3859 -0.8226
vn -0.3471 -0.2006 -0.9161
vn 0.2825 -0.6067 -0.7431
vn -0.2800 -0.5388 -0.7945
vn 0.2486 -0.8155 -0.5226
vn -0.2996 -0.7625 -0.5734
vn 0.2379 -0.9627 -0.1289
vn -0.4166 -0.8824 -0.2188
vn 0.0486 -0.9637 0.2626
vn -0.3994 -0.8935 0.2053
vn -0.0366 -0.7951 0.6054
vn -0.3561 -0.7460 0.5627
vn -0.2953 -0.0615 0.9534
vn -0.2808 -0.4677 0.8381
vn -0.3094 0.2155 0.9262
vn -0.1501 0.4853 0.8614
vn -0.1896 0.6908 0.6977
vn -0.0960 0.8811 0.4630
vn -0.0074 0.9357 0.3528
vn 0.0592 0.9888 0.1373
vn 0.0328 0.9952 -0.0925
vn 0.0676 0.9447 -0.3208
vn 0.0518 0.8853 -0.4622
vn 0.0722 0.6405 -0.7646
vn 0.0108 0.4371 -0.8993
vn -0.0010 0.2749 -0.9615
vn -0.0205 0.1006 -0.9947
vn -0.1598 -0.1759 -0.9713
vn -0.2133 -0.5409 -0.8136
vn -0.1552 -0.8225 -0.5472
vn -0.2750 -0.9414 -0.1952
vn -0.2762 -0.9429 0.1864
vn -0.2566 -0.8212 0.5097
vn 0.7786 0.2354 -0.5818
vn -0.1705 0.4632 -0.8697
vn -0.1066 0.6652 -0.7390
vn 0.6919 0.1609 -0.7038
vn -0.0920 0.2143 -0.9724
vn 0.6947 -0.0379 -0.7183
vn -0.1949 0.0029 -0.9808
vn 0.7385 -0.2055 -0.6421
vn -0.1377 -0.2898 -0.9471
vn 0.6603 -0.4017 -0.6345
vn -0.1241 -0.5792 -0.8057
vn 0.6513 -0.5618 -0.5101
vn -0.3057 -0.7547 -0.5804
vn 0.5974 -0.7179 -0.3573
vn -0.3315 -0.9175 -0.2196
vn 0.4918 -0.8641 -0.1074
vn -0.2790 -0.9333 0.2260
vn 0.4751 -0.8387 0.2662
vn -0.3905 -0.7481 0.5366
vn 0.5160 -0.6660 0.5386
vn -0.3413 -0.4080 0.8468
vn 0.6088 -0.3536 0.7102
vn -0.2628 -0.0182 0.9647
vn 0.5976 -0.1085 0.7944
vn -0.3037 0.2633 0.9157
vn 0.5353 0.0865 0.8402
vn -0.3261 0.4717 0.8192
vn 0.4712 0.2885 0.8335
vn -0.2175 0.6608 0.7183
vn 0.6475 0.3363 0.6838
vn -0.1680 0.8364 0.5217
vn 0.6523 0.5198 0.5517
vn -0.2293 0.9439 0.2378
vn 0.5373 0.7963 0.2779
vn -0.2373 0.9670 0.0927
vn 0.5981 0.7831 0.1704
vn -0.0701 0.9937 -0.0874
vn 0.7732 0.6342 -0.0070
vn 0.0024 0.9476 -0.3195
vn 0.8168 0.5532 -0.1636
vn 0.0095 0.8562 -0.5166
vn 0.7269 0.5471 -0.4152
vn -0.0598 0.9396 -0.3369
vn -0.0365 0.9937 -0.1062
vn -0.0547 0.8620 -0.5040
vn -0.0227 0.7234 -0.6900
vn 0.0631 0.4447 -0.8935
vn -0.0029 0.2791 -0.9603
vn -0.0389 0.0577 -0.9976
vn 0.0060 -0.3505 -0.9366
vn -0.1525 -0.5913 -0.7919
vn -0.2063 -0.7820 -0.5882
vn -0.2820 -0.9366 -0.2078
vn -0.3612 -0.9088 0.2086
vn -0.3433 -0.7768 0.5280
vn -0.2788 -0.4491 0.8489
vn -0.2689 -0.0401 0.9623
vn -0.2079 0.1835 0.9608
vn -0.1297 0.4302 0.8934
vn -0.0769 0.6802 0.7290
vn -0.0851 0.8570 0.5083
vn -0.1043 0.9377 0.3315
vn -0.0241 0.9927 0.1184
vn -0.3006 0.9023 -0.3090
vn -0.3107 0.9431 -0.1187
vn -0.3607 0.8268 -0.4316
vn -0.3045 0.5930 -0.7454
vn -0.3729 0.4495 -0.8117
vn -0.3869 0.3455 -0.8549
vn -0.3056 0.1674 -0.9373
vn -0.3447 -0.1636 -0.9244
vn -0.5051 -0.4111 -0.7589
vn -0.5053 -0.6862 -0.5233
vn -0.5256 -0.8335 -0.1704
vn -0.5892 -0.7930 0.1547
vn -0.6656 -0.6457 0.3743
vn -0.6434 -0.4101 0.6464
vn -0.5584 0.0141 0.8294
vn -0.5803 0.2170 0.7850
vn -0.4921 0.4932 0.7173
vn -0.4788 0.6728 0.5641
vn -0.3897 0.8425 0.3720
vn -0.2388 0.9482 0.2096
vn -0.2921 0.9554 0.0439
vn 0.2794 0.3361 -0.8994
vn 0.2095 0.6708 -0.7114
vn 0.1448 0.8570 -0.4946
vn 0.1894 0.9387 -0.2882
vn 0.2433 0.9646 -0.1020
vn 0.2483 0.9624 0.1099
vn 0.0805 0.9348 0.3459
vn -0.0108 0.8360 0.5487
vn 0.0890 0.6861 0.7220
vn 0.0583 0.3948 0.9169
vn 0.0088 0.1606 0.9870
vn -0.0159 -0.1218 0.9924
vn -0.0304 -0.5806 0.8136
vn 0.1848 -0.8024 0.5675
vn 0.1070 -0.9713 0.2122
vn 0.1402 -0.9767 -0.1622
vn 0.1380 -0.8126 -0.5663
vn 0.0648 -0.5701 -0.8190
vn 0.0770 -0.1935 -0.9781
vn 0.1330 0.1539 -0.9791
vn 0.1900 0.3017 -0.9343
vn 0.3788 0.4657 -0.7998
vn 0.5026 0.1420 -0.8528
vn 0.6028 -0.1512 -0.7834
vn 0.5935 -0.4217 -0.6856
vn 0.6039 -0.5627 -0.5644
vn 0.6861 -0.6420 -0.3423
vn 0.6580 -0.7523 0.0334
vn 0.5619 -0.7917 0.2397
vn 0.5746 -0.6088 0.5470
vn 0.5677 -0.3327 0.7530
vn 0.4259 -0.1807 0.8866
vn 0.3863 -0.1594 0.9085
vn 0.3778 0.0649 0.9236
vn 0.3801 0.5276 0.7597
vn 0.1264 0.7269 0.6750
vn 0.2528 0.9192 0.3021
vn 0.1218 0.9855 0.1180
vn 0.3056 0.9516 -0.0321
vn 0.1036 0.9556 -0.2759
vn 0.2621 0.8235 -0.5031
vn 0.2148 0.5514 -0.8061
vn -0.0668 0.4458 -0.8926
vn -0.0796 0.7311 -0.6776
vn -0.1231 0.3160 -0.9407
vn -0.1161 0.1761 -0.9775
vn 0.1766 -0.1415 -0.9741
vn 0.4147 -0.5207 -0.7463
vn -0.2211 -0.0954 0.9706
vn -0.1017 0.1658 0.9809
vn -0.2210 0.3502 0.9102
vn -0.1175 0.6619 0.7403
vn -0.1662 0.8538 0.4934
vn -0.2148 0.9091 0.3569
vn -0.1835 0.9740 0.1331
vn -0.0821 0.9896 -0.1185
vn -0.0994 0.9581 -0.2685
vn -0.0828 0.8900 -0.4483
vn 0.8396 -0.5348 -0.0957
vn 0.7746 -0.5714 -0.2712
vn 0.7670 -0.5626 -0.3085
vn 0.7530 -0.5408 -0.3749
vn 0.7782 -0.4730 -0.4132
vn 0.7683 -0.5050 -0.3934
vn 0.8011 -0.4095 -0.4365
vn 0.7302 -0.6459 -0.2226
vn 0.7786 -0.5626 -0.2780
vn 0.9091 -0.2803 -0.3080
vn 0.9729 -0.2252 -0.0517
vn 0.8982 -0.4353 0.0611
vn 0.8388 -0.4695 0.2757
vn 0.8368 -0.3911 0.3833
vn 0.8707 -0.3882 0.3021
vn 0.8877 -0.3896 0.2453
vn 0.8728 -0.4292 0.2325
vn 0.8965 -0.4076 0.1734
vn 0.9541 -0.2845 0.0932
vn 0.9107 -0.4042 0.0857
vn 0.7978 -0.6022 -0.0283
vn 0.2945 0.4607 0.8373
vn -0.1463 0.9214 0.3599
vn -0.2154 0.7191 0.6606
vn 0.3131 0.6864 0.6563
vn -0.1893 0.9678 0.1657
vn 0.4674 0.7900 0.3967
vn -0.2411 0.9700 0.0312
vn 0.4657 0.8837 -0.0463
vn -0.1511 0.9299 -0.3352
vn 0.2741 0.8874 -0.3706
vn -0.2204 0.8634 -0.4538
vn 0.1789 0.7309 -0.6586
vn -0.2941 0.7205 -0.6280
vn 0.3259 0.1605 -0.9317
vn -0.2368 0.3737 -0.8968
vn 0.2309 -0.0034 -0.9730
vn -0.2421 0.0387 -0.9695
vn 0.0690 -0.0677 -0.9953
vn -0.3581 -0.2309 -0.9047
vn -0.0809 -0.3905 -0.9170
vn -0.4121 -0.5026 -0.7600
vn -0.1997 -0.5729 -0.7949
vn -0.4323 -0.6179 -0.6568
vn -0.0568 -0.7860 -0.6156
vn -0.2376 -0.8699 -0.4323
vn 0.0630 -0.9055 -0.4196
vn -0.1207 -0.9908 -0.0609
vn 0.0779 -0.9890 -0.1258
vn -0.2613 -0.9526 0.1560
vn 0.0285 -0.9937 0.1082
vn -0.2731 -0.8716 0.4072
vn 0.0945 -0.9063 0.4119
vn -0.2847 -0.5978 0.7494
vn 0.2662 -0.6773 0.6859
vn -0.3562 -0.3009 0.8846
vn 0.2953 -0.4392 0.8485
vn -0.2625 -0.0694 0.9624
vn 0.1799 -0.3141 0.9322
vn -0.2420 0.0621 0.9683
vn 0.1219 -0.0345 0.9919
vn -0.2525 0.4001 0.8810
vn 0.2157 0.2277 0.9495
vn -0.1006 -0.4870 0.8676
vn 0.4711 -0.0185 0.8819
vn 0.5252 -0.4247 0.7374
vn -0.0516 -0.0994 0.9937
vn 0.3875 0.2450 0.8887
vn -0.1281 0.1313 0.9830
vn 0.3710 0.4373 0.8192
vn -0.1382 0.3577 0.9236
vn 0.3133 0.6604 0.6824
vn -0.1026 0.6325 0.7677
vn 0.3123 0.8699 0.3818
vn -0.0569 0.9162 0.3967
vn 0.3861 0.9099 0.1516
vn -0.1570 0.9331 0.3235
vn 0.3821 0.9190 0.0972
vn -0.2944 0.9300 0.2201
vn 0.3614 0.9188 -0.1589
vn -0.3228 0.9407 -0.1046
vn 0.3014 0.8882 -0.3468
vn -0.2996 0.8989 -0.3197
vn 0.2413 0.8794 -0.4103
vn -0.3394 0.8557 -0.3905
vn 0.2410 0.7231 -0.6473
vn -0.3143 0.6525 -0.6896
vn 0.2993 0.5044 -0.8099
vn -0.3488 0.4250 -0.8353
vn 0.3515 0.2855 -0.8916
vn -0.3048 0.2103 -0.9289
vn 0.2696 0.0850 -0.9592
vn -0.3459 0.0589 -0.9364
vn 0.1959 -0.2385 -0.9512
vn -0.3054 -0.3179 -0.8976
vn 0.3394 -0.5703 -0.7480
vn -0.2477 -0.6556 -0.7133
vn 0.3881 -0.7351 -0.5558
vn -0.2059 -0.8383 -0.5048
vn 0.4863 -0.8436 -0.2278
vn 0.0059 -0.9934 -0.1149
vn 0.5726 -0.8021 0.1697
vn -0.0622 -0.9707 0.2323
vn 0.4950 -0.7447 0.4476
vn -0.1296 -0.8222 0.5542
vn -0.0706 -0.4939 0.8666
vn 0.3684 -0.0185 0.9295
vn 0.3937 -0.4336 0.8106
vn -0.0297 -0.0905 0.9955
vn 0.3122 0.2651 0.9123
vn -0.1277 0.1298 0.9833
vn 0.2725 0.4672 0.8411
vn -0.1809 0.3648 0.9134
vn 0.2909 0.6584 0.6942
vn -0.1311 0.6451 0.7528
vn 0.3924 0.8515 0.3478
vn -0.1201 0.8387 0.5312
vn 0.3461 0.9208 0.1797
vn -0.2530 0.8886 0.3826
vn 0.2898 0.9518 0.1009
vn -0.1969 0.9730 0.1207
vn 0.3629 0.9255 -0.1085
vn -0.2242 0.9713 -0.0798
vn 0.2845 0.9126 -0.2937
vn -0.2273 0.9219 -0.3138
vn 0.2700 0.8440 -0.4634
vn -0.1643 0.8454 -0.5083
vn 0.2980 0.6360 -0.7118
vn -0.2944 0.5993 -0.7445
vn 0.2938 0.4324 -0.8525
vn -0.3237 0.3695 -0.8710
vn 0.2822 0.2776 -0.9183
vn -0.3809 0.1811 -0.9067
vn 0.2164 0.0332 -0.9757
vn -0.4493 -0.0722 -0.8905
vn 0.2144 -0.2561 -0.9426
vn -0.3514 -0.3719 -0.8592
vn 0.2468 -0.5207 -0.8173
vn -0.2905 -0.6288 -0.7212
vn 0.4212 -0.7301 -0.5381
vn -0.3272 -0.8085 -0.4891
vn 0.2934 -0.9249 -0.2418
vn -0.2624 -0.9496 -0.1716
vn 0.3199 -0.9273 0.1942
vn 0.0384 -0.9511 0.3065
vn 0.4636 -0.7126 0.5266
vn -0.0389 -0.7983 0.6010
vn 0.3129 -0.4694 0.8257
vn 0.2894 -0.0739 0.9544
vn 0.2172 0.2487 0.9439
vn 0.1961 0.4097 0.8909
vn 0.2510 0.7384 0.6259
vn 0.0597 0.8750 0.4805
vn -0.1050 0.9172 0.3843
vn -0.0476 0.9872 0.1522
vn 0.0174 0.9804 -0.1962
vn -0.0737 0.9587 -0.2748
vn -0.0658 0.8903 -0.4506
vn -0.0400 0.6462 -0.7621
vn -0.0098 0.4095 -0.9123
vn 0.1255 0.2538 -0.9591
vn 0.0032 0.1292 -0.9916
vn 0.0123 -0.2492 -0.9684
vn 0.0751 -0.5800 -0.8111
vn 0.1918 -0.8134 -0.5491
vn 0.2591 -0.9494 -0.1776
vn 0.2486 -0.9484 0.1969
vn 0.2364 -0.8037 0.5460
vn 0.0098 0.6295 -0.7769
vn -0.6909 0.1768 -0.7010
vn -0.6796 0.3811 -0.6268
vn 0.0323 0.4277 -0.9034
vn -0.7767 0.0075 -0.6298
vn 0.0577 0.2136 -0.9752
vn -0.7234 -0.1989 -0.6611
vn 0.0774 -0.0487 -0.9958
vn -0.6842 -0.3618 -0.6333
vn 0.1861 -0.2878 -0.9394
vn -0.6779 -0.5292 -0.5103
vn 0.1521 -0.5690 -0.8082
vn -0.6168 -0.6761 -0.4032
vn 0.2549 -0.7675 -0.5882
vn -0.5461 -0.8217 -0.1632
vn 0.4901 -0.8547 -0.1712
vn -0.4127 -0.8804 0.2335
vn 0.3852 -0.8986 0.2101
vn -0.5118 -0.6841 0.5197
vn 0.3008 -0.7677 0.5658
vn -0.5752 -0.4655 0.6726
vn 0.3641 -0.4217 0.8304
vn -0.5060 -0.1217 0.8539
vn 0.3199 0.0110 0.9474
vn -0.4072 0.0909 0.9088
vn 0.2709 0.2682 0.9245
vn -0.5575 0.2002 0.8057
vn 0.2292 0.4874 0.8426
vn -0.5225 0.3919 0.7573
vn 0.1969 0.6476 0.7361
vn -0.6595 0.4294 0.6170
vn 0.1925 0.8368 0.5125
vn -0.5973 0.6995 0.3923
vn 0.1755 0.9634 0.2028
vn -0.6861 0.7100 0.1586
vn 0.1400 0.9853 0.0982
vn -0.6682 0.7439 0.0054
vn 0.0594 0.9943 -0.0881
vn -0.7665 0.6104 -0.1996
vn 0.0868 0.9340 -0.3467
vn -0.7702 0.5137 -0.3781
vn 0.0435 0.8525 -0.5209
vn -0.0061 0.9940 -0.1094
vn 0.0709 0.9177 -0.3910
vn 0.0141 0.8725 -0.4885
vn -0.0742 0.6782 -0.7311
vn -0.0850 0.4622 -0.8827
vn -0.0328 0.2936 -0.9554
vn 0.0573 0.0053 -0.9983
vn 0.0101 -0.2972 -0.9548
vn 0.0007 -0.6242 -0.7813
vn 0.1727 -0.8020 -0.5718
vn 0.2678 -0.9458 -0.1839
vn 0.3624 -0.8998 0.2430
vn 0.2915 -0.7839 0.5482
vn 0.3560 -0.4339 0.8276
vn 0.3107 -0.0634 0.9484
vn 0.2232 0.2346 0.9461
vn 0.1437 0.4405 0.8862
vn 0.1129 0.6817 0.7229
vn 0.0152 0.8191 0.5735
vn 0.0635 0.9623 0.2645
vn 0.0128 0.9910 0.1336
vn 0.2831 0.9515 -0.1205
vn 0.2455 0.9384 -0.2431
vn 0.3831 0.7871 -0.4835
vn 0.3573 0.6182 -0.7001
vn 0.3225 0.4200 -0.8483
vn 0.3119 0.3496 -0.8835
vn 0.3338 0.1888 -0.9235
vn 0.3452 -0.1291 -0.9296
vn 0.4538 -0.4581 -0.7643
vn 0.5644 -0.6400 -0.5214
vn 0.5963 -0.7741 -0.2126
vn 0.6030 -0.7858 0.1377
vn 0.5857 -0.7054 0.3992
vn 0.6382 -0.4088 0.6524
vn 0.5471 -0.0431 0.8359
vn 0.5095 0.2488 0.8237
vn 0.4737 0.4194 0.7744
vn 0.4247 0.6957 0.5794
vn 0.3958 0.8273 0.3986
vn 0.3491 0.9089 0.2280
vn 0.3148 0.9488 0.0255
vn -0.1994 0.6358 -0.7456
vn -0.2358 0.4062 -0.8828
vn -0.1155 0.8572 -0.5019
vn -0.1053 0.9329 -0.3445
vn -0.2298 0.9719 -0.0514
vn -0.1891 0.9723 0.1374
vn -0.1438 0.9301 0.3379
vn -0.0666 0.8387 0.5405
vn -0.0712 0.6807 0.7291
vn -0.0493 0.3963 0.9168
vn -0.0264 0.1760 0.9840
vn -0.0954 -0.1283 0.9871
vn -0.1702 -0.5382 0.8254
vn -0.1091 -0.8339 0.5410
vn -0.0638 -0.9634 0.2604
vn -0.1818 -0.9691 -0.1668
vn -0.0592 -0.8200 -0.5693
vn -0.0081 -0.5936 -0.8047
vn -0.1697 -0.2087 -0.9631
vn -0.1442 0.1583 -0.9768
vn -0.1557 0.2656 -0.9514
vn -0.5400 0.2515 -0.8032
vn -0.4077 0.4899 -0.7706
vn -0.5942 -0.0394 -0.8034
vn -0.6107 -0.3375 -0.7164
vn -0.5841 -0.5380 -0.6078
vn -0.6256 -0.6569 -0.4210
vn -0.6033 -0.7908 -0.1036
vn -0.5481 -0.8178 0.1754
vn -0.6307 -0.6652 0.3997
vn -0.5598 -0.4683 0.6836
vn -0.5217 -0.2269 0.8224
vn -0.4932 -0.0638 0.8676
vn -0.3507 0.0126 0.9364
vn -0.3343 0.3096 0.8902
vn -0.2317 0.6910 0.6847
vn -0.3252 0.9005 0.2886
vn -0.1370 0.9825 0.1260
vn -0.2835 0.9589 0.0136
vn -0.2122 0.9477 -0.2385
vn -0.3180 0.8332 -0.4524
vn -0.1932 0.6862 -0.7013
vn 0.1148 0.6722 -0.7314
vn 0.0585 0.4235 -0.9040
vn 0.2069 0.2157 -0.9543
vn 0.1686 0.1897 -0.9673
vn -0.1689 -0.2561 -0.9518
vn -0.4696 -0.5641 -0.6791
vn 0.1545 -0.0422 0.9871
vn 0.3342 0.1720 0.9267
vn 0.2962 0.4375 0.8491
vn 0.1297 0.6877 0.7143
vn 0.2044 0.8678 0.4529
vn 0.2539 0.9320 0.2587
vn 0.1684 0.9769 0.1319
vn 0.1955 0.9647 -0.1764
vn 0.1928 0.9237 -0.3311
vn 0.1306 0.8753 -0.4656
vn -0.5356 0.2984 0.7900
vn -0.1855 0.2718 0.9443
vn -0.0219 0.6932 0.7204
vn -0.5683 -0.0264 0.8224
vn -0.1236 0.0423 0.9914
vn -0.5205 -0.0485 0.8525
vn -0.0747 -0.1113 0.9910
vn -0.5667 -0.1317 0.8133
vn -0.1709 -0.6479 0.7423
vn -0.4907 -0.5852 0.6456
vn -0.1645 -0.8857 0.4341
vn -0.4011 -0.8133 0.4215
vn -0.0866 -0.9737 0.2107
vn -0.4040 -0.9011 0.1577
vn -0.0749 -0.9815 -0.1761
vn -0.2821 -0.9424 -0.1796
vn 0.0228 -0.8023 -0.5965
vn -0.2710 -0.7105 -0.6495
vn 0.1364 -0.5038 -0.8530
vn -0.2927 -0.4618 -0.8373
vn 0.1583 -0.1979 -0.9674
vn -0.2294 -0.1933 -0.9540
vn -0.0046 0.0239 -0.9997
vn -0.1994 -0.1344 -0.9707
vn 0.0347 0.2452 -0.9689
vn -0.1340 0.0926 -0.9866
vn -0.0522 0.4158 -0.9080
vn -0.1466 0.1913 -0.9705
vn -0.0762 0.6107 -0.7882
vn -0.0655 0.3443 -0.9366
vn -0.0570 0.7606 -0.6467
vn -0.0792 0.4399 -0.8946
vn -0.0244 0.7866 -0.6169
vn -0.0586 0.5195 -0.8525
vn -0.1060 0.8374 -0.5363
vn 0.0243 0.6429 -0.7656
vn 0.0612 0.8417 -0.5365
vn 0.1773 0.8038 -0.5679
vn 0.1111 0.9517 -0.2863
vn 0.2285 0.9266 -0.2987
vn 0.0946 0.9946 -0.0427
vn -0.1108 0.9856 0.1280
vn -0.1196 0.9723 0.2009
vn -0.2742 0.9613 -0.0269
vn -0.1351 0.9755 -0.1734
vn 0.1166 0.9667 0.2276
vn 0.2755 0.4759 -0.8353
vn 0.2709 0.3406 -0.9003
vn 0.2957 0.5943 -0.7479
vn 0.2401 0.3515 -0.9049
vn -0.2709 0.3406 -0.9003
vn -0.2755 0.4759 -0.8353
vn -0.2957 0.5943 -0.7479
vn -0.2401 0.3515 -0.9049
vn 0.5806 0.7844 0.2183
vn 0.1810 0.8230 0.5384
vn -0.0703 0.9576 0.2794
vn 0.5207 0.8324 0.1898
vn -0.1625 0.9810 0.1058
vn 0.1991 0.9656 0.1671
vn -0.2260 0.9737 -0.0280
vn 0.1125 0.9916 -0.0634
vn -0.3299 0.9405 -0.0811
vn 0.0747 0.9629 -0.2592
vn -0.4545 0.8700 0.1910
vn -0.2995 0.8936 -0.3342
vn 0.4333 0.7945 -0.4256
vn -0.0108 0.7736 -0.6335
vn 0.6015 0.5394 -0.5893
vn 0.2317 0.4679 -0.8529
vn 0.4303 0.8570 -0.2835
vn 0.4122 0.9060 -0.0961
vn 0.5717 0.8205 -0.0035
vn 0.0389 0.9948 -0.0946
vn 0.0676 0.7846 -0.6163
vn 0.1080 0.8017 -0.5878
vn 0.1423 0.9243 0.3542
vn 0.1367 0.9351 -0.3271
vn 0.2788 0.9202 0.2749
vn 0.2522 0.9276 -0.2757
vn 0.1983 0.9742 0.1082
vn -0.0411 0.9814 -0.1875
vn 0.0886 0.9431 -0.3204
vn -0.1387 0.7336 -0.6653
vn 0.0289 0.9196 -0.3918
vn 0.0307 0.8456 -0.5329
vn 0.0274 0.9984 -0.0491
vn 0.0809 0.7651 -0.6388
vn -0.0396 0.9748 -0.2196
vn 0.0173 0.7192 -0.6946
vn -0.0507 0.9396 -0.3385
vn -0.0953 0.8593 -0.5026
vn 0.0802 0.4224 -0.9029
vn -0.1904 0.6601 -0.7267
vn -0.0861 0.2580 -0.9623
vn -0.3157 0.4181 -0.8518
vn -0.3313 0.2929 -0.8969
vn -0.0210 0.0313 -0.9993
vn -0.2833 0.1981 -0.9383
vn -0.1137 -0.0892 -0.9895
vn -0.4075 -0.2145 -0.8876
vn -0.2014 -0.5138 -0.8339
vn -0.2941 -0.4493 -0.8436
vn -0.0916 -0.7389 -0.6675
vn -0.1917 -0.7681 -0.6110
vn -0.0747 -0.9713 -0.2258
vn -0.2235 -0.9705 -0.0903
vn 0.0393 -0.9744 0.2216
vn -0.0188 -0.9693 0.2453
vn 0.2103 -0.9025 0.3758
vn 0.0403 -0.8878 0.4584
vn 0.2518 -0.7011 0.6671
vn -0.1204 -0.5423 0.8315
vn 0.2068 -0.1821 0.9613
vn -0.1201 -0.0989 0.9878
vn 0.1127 0.0936 0.9892
vn -0.0889 0.1485 0.9849
vn 0.2064 0.2366 0.9494
vn -0.0083 0.4487 0.8936
vn 0.1377 0.6088 0.7813
vn 0.0448 0.6439 0.7638
vn 0.0387 0.8429 0.5367
vn 0.2165 0.8127 0.5410
vn 0.0106 0.9630 0.2691
vn 0.2297 0.8361 0.4981
vn 0.0075 0.9895 0.1441
vn 0.2309 0.8529 0.4683
vn 0.0338 0.9736 0.2259
vn 0.1964 0.9179 0.3449
vn 0.0791 0.9116 0.4035
vn 0.1000 0.9897 -0.1028
vn 0.1400 0.8514 0.5054
vn -0.0284 0.8357 0.5485
vn 0.2275 0.9199 -0.3195
vn 0.1435 0.9819 -0.1235
vn 0.0403 0.7065 0.7065
vn -0.0110 0.9988 -0.0468
vn 0.1865 0.8523 0.4887
vn 0.0050 0.9927 -0.1207
vn 0.2890 0.8352 0.4679
vn 0.0115 0.9737 0.2274
vn -0.0355 0.9931 -0.1117
vn 0.2637 0.6794 0.6848
vn 0.3917 0.5614 0.7290
vn 0.5065 0.5326 0.6781
vn 0.4894 0.2826 0.8250
vn 0.5683 0.1230 0.8136
vn 0.5270 -0.1195 0.8414
vn 0.5805 -0.1268 0.8043
vn 0.5829 -0.4854 0.6516
vn 0.4608 -0.7828 0.4182
vn 0.4177 -0.8859 0.2016
vn 0.3450 -0.9296 -0.1293
vn 0.2464 -0.7610 -0.6001
vn 0.2738 -0.6041 -0.7484
vn 0.2817 -0.2182 -0.9344
vn 0.2279 -0.0299 -0.9732
vn 0.1283 0.0153 -0.9916
vn 0.1610 0.2307 -0.9596
vn 0.0673 0.3597 -0.9306
vn 0.1275 0.4471 -0.8853
vn -0.0106 0.5266 -0.8500
vn 0.0504 0.6402 -0.7666
vn -0.1186 0.9408 0.3176
vn -0.1597 0.8723 -0.4621
vn -0.0827 0.9958 -0.0395
vn 0.0500 -0.2016 -0.9782
vn -0.4424 0.1192 -0.8888
vn -0.5717 0.1026 -0.8140
vn 0.0350 -0.4411 -0.8968
vn -0.6469 -0.0916 -0.7571
vn -0.0289 -0.6162 -0.7870
vn -0.6794 -0.2678 -0.6832
vn 0.1410 -0.6416 -0.7540
vn -0.6420 -0.5116 -0.5710
vn -0.0370 -0.8316 -0.5542
vn 0.5167 -0.7085 -0.4807
vn 0.0995 -0.9830 -0.1543
vn 0.0523 -0.9961 -0.0708
vn -0.5816 -0.7488 -0.3179
vn -0.5193 -0.8545 0.0113
vn 0.1105 -0.9598 0.2579
vn -0.5265 -0.7904 0.3131
vn 0.1439 -0.8708 0.4700
vn -0.5678 -0.6011 0.5623
vn 0.2111 -0.6905 0.6919
vn -0.3973 -0.4412 0.8047
vn 0.3566 -0.3696 0.8580
vn -0.3842 -0.2384 0.8919
vn -0.2233 -0.1531 0.9627
vn 0.4328 -0.0503 0.9001
vn -0.2829 0.1246 0.9510
vn 0.3322 -0.0174 0.9430
vn -0.3640 0.4227 0.8299
vn 0.2759 -0.0909 0.9569
vn 0.1646 0.0907 0.9822
vn 0.4899 -0.6532 0.5774
vn 0.1474 -0.8944 0.4222
vn 0.1099 -0.9730 0.2028
vn -0.1963 -0.8355 -0.5132
vn -0.2218 -0.4300 -0.8752
vn -0.2931 0.0111 -0.9560
vn -0.4510 0.0867 -0.8883
vn -0.2931 0.4778 -0.8281
vn -0.2067 0.6949 -0.6888
vn -0.1273 0.8144 -0.5661
vn -0.0688 -0.6438 0.7621
vn -0.0168 -0.1494 0.9886
vn 0.0144 0.1332 0.9910
vn 0.0645 0.3133 0.9475
vn 0.1682 0.4673 0.8680
vn 0.1337 0.6645 0.7352
vn -0.0577 0.8664 0.4960
vn 0.1768 0.3211 -0.9304
vn 0.2256 0.4057 -0.8857
vn 0.1803 0.5363 0.8245
vn 0.5197 0.2425 0.8192
vn -0.3045 0.9482 -0.0908
vn 0.0103 0.9950 0.0993
vn -0.0949 0.9443 -0.3150
vn -0.5656 0.7826 0.2602
vn 0.0372 0.9512 0.3063
vn -0.2246 0.8136 0.5362
vn -0.4861 0.8481 0.2109
vn 0.1139 0.9874 0.1098
vn -0.1850 0.9683 0.1681
vn 0.0959 0.9943 0.0475
vn -0.1209 0.9912 -0.0543
vn 0.2009 0.9602 -0.1941
vn -0.2061 0.8973 -0.3903
vn 0.3335 0.9420 0.0368
vn 0.2094 0.9080 -0.3628
vn -0.4285 0.7785 -0.4586
vn -0.0569 0.7436 -0.6662
vn -0.6088 0.5061 -0.6109
vn -0.2267 0.4901 -0.8417
vn -0.3815 0.8778 -0.2898
vn -0.3535 0.9331 -0.0656
vn -0.5266 0.8501 -0.0008
vn -0.0643 0.9052 -0.4201
vn -0.0642 0.9911 -0.1170
vn -0.0837 0.7431 -0.6639
vn -0.1860 0.9601 0.2088
vn -0.1025 0.8859 -0.4524
vn -0.2408 0.9126 0.3305
vn -0.2522 0.9276 -0.2757
vn -0.2240 0.9490 0.2220
vn 0.0411 0.9814 -0.1875
vn 0.0299 0.9984 0.0490
vn 0.0920 0.9889 -0.1168
vn -0.0386 0.9602 -0.2765
vn 0.1421 0.8456 -0.5146
vn 0.1943 0.6442 -0.7398
vn 0.2196 0.4519 -0.8646
vn 0.2841 0.2967 -0.9117
vn 0.3152 0.2069 -0.9262
vn 0.4366 -0.2064 -0.8757
vn 0.1780 -0.4431 -0.8786
vn 0.1248 -0.8032 -0.5825
vn 0.0940 -0.9844 -0.1487
vn 0.0130 -0.9696 0.2442
vn -0.0070 -0.8879 0.4600
vn 0.2021 -0.5289 0.8243
vn 0.1529 -0.0990 0.9833
vn 0.0594 0.1586 0.9856
vn 0.0182 0.4634 0.8860
vn -0.0317 0.6388 0.7687
vn -0.0387 0.8429 0.5367
vn -0.0808 0.9133 0.3992
vn -0.2891 0.8398 0.4594
vn -0.5196 0.5089 0.6864
vn -0.3416 0.8038 0.4870
vn -0.3513 0.6053 0.7143
vn -0.2190 0.8351 0.5046
vn -0.1902 0.7353 0.6505
vn -0.1559 0.8185 0.5529
vn 0.1224 0.8598 0.4958
vn -0.1000 0.9897 -0.1028
vn -0.2275 0.9199 -0.3195
vn -0.0736 0.9372 0.3409
vn -0.1298 0.9775 -0.1665
vn -0.0479 0.7124 0.7002
vn 0.0332 0.9985 -0.0431
vn -0.1466 0.8678 0.4748
vn 0.0731 0.9917 -0.1061
vn -0.2310 0.8926 0.3872
vn 0.0278 0.9943 0.1031
vn 0.0259 0.9988 -0.0424
vn -0.0433 0.9566 0.2881
vn -0.0278 0.9836 0.1780
vn -0.0553 0.9484 0.3121
vn 0.1514 0.9306 0.3333
vn 0.2323 0.8330 -0.5021
vn 0.0827 0.9958 -0.0395
vn -0.0236 -0.2844 -0.9584
vn 0.4990 0.0689 -0.8639
vn 0.2031 0.0372 -0.9784
vn 0.0182 -0.4238 -0.9056
vn 0.6437 -0.0054 -0.7653
vn 0.0001 -0.5076 -0.8616
vn 0.7006 -0.2232 -0.6777
vn -0.1424 -0.6378 -0.7569
vn 0.6488 -0.4714 -0.5973
vn 0.0025 -0.8440 -0.5364
vn -0.5167 -0.7085 -0.4807
vn -0.1591 -0.9759 -0.1491
vn -0.1044 -0.9936 -0.0442
vn 0.6706 -0.6692 -0.3201
vn 0.7150 -0.6989 0.0150
vn -0.0834 -0.9706 0.2257
vn 0.5821 -0.7750 0.2461
vn -0.0789 -0.8953 0.4385
vn 0.4453 -0.7065 0.5501
vn -0.2698 -0.6426 0.7171
vn 0.3889 -0.4466 0.8058
vn -0.3817 -0.4204 0.8232
vn 0.4662 -0.2623 0.8449
vn 0.2928 -0.1850 0.9381
vn -0.4060 -0.1729 0.8974
vn 0.3390 0.0678 0.9383
vn -0.3514 -0.0945 0.9314
vn 0.3354 0.3366 0.8799
vn -0.3165 -0.1007 0.9432
vn 0.0040 0.2251 0.9743
vn -0.5247 -0.6389 0.5625
vn -0.1646 -0.9074 0.3866
vn -0.2211 -0.9552 0.1968
vn 0.1972 -0.8292 -0.5230
vn 0.2018 -0.3629 -0.9097
vn 0.3108 -0.0142 -0.9504
vn 0.3713 0.1244 -0.9201
vn 0.2618 0.4438 -0.8570
vn 0.2067 0.6864 -0.6972
vn 0.1675 0.8175 -0.5510
vn 0.0940 -0.6045 0.7910
vn -0.0046 -0.0788 0.9969
vn 0.0555 0.2006 0.9781
vn -0.0511 0.3681 0.9284
vn -0.1160 0.4833 0.8677
vn -0.0614 0.7551 0.6527
vn -0.0116 0.9206 0.3902
vn -0.1899 0.3013 -0.9344
vn -0.1573 0.4456 -0.8813
vn -0.2041 0.5558 0.8059
vn -0.3865 0.2495 0.8879
vn 0.2175 0.9760 -0.0130
vn -0.0169 0.9872 0.1583
vn 0.0802 0.9508 -0.2993
vn 0.9536 0.0119 -0.3008
vn 0.9988 0.0085 -0.0485
vn 0.9582 0.0238 -0.2851
vn 0.9768 -0.0133 0.2136
vn 0.8896 -0.0186 0.4564
vn 0.8938 -0.0372 0.4469
vn 0.9452 -0.0859 -0.3151
vn 0.9776 -0.0889 -0.1906
vn 0.9974 -0.0643 -0.0328
vn 0.9926 -0.0516 0.1096
vn 0.9884 -0.0126 0.1511
vn -0.2282 0.1231 -0.9658
vn 0.1643 0.9386 -0.3033
vn 0.2141 0.8780 -0.4280
vn 0.1308 0.9465 -0.2951
vn 0.2594 0.7962 -0.5467
vn -0.9536 0.0119 -0.3008
vn -0.9582 0.0238 -0.2851
vn -0.9988 0.0085 -0.0485
vn -0.9768 -0.0133 0.2136
vn -0.8896 -0.0186 0.4564
vn -0.8938 -0.0372 0.4469
vn -0.9452 -0.0859 -0.3151
vn -0.9776 -0.0889 -0.1906
vn -0.9974 -0.0643 -0.0328
vn -0.9926 -0.0516 0.1096
vn -0.9884 -0.0126 0.1511
vn -0.0098 0.0165 -0.9998
vn -0.1643 0.9386 -0.3033
vn -0.1308 0.9465 -0.2951
vn -0.2141 0.8780 -0.4280
vn -0.2594 0.7962 -0.5467
vn -0.9575 0.1235 0.2608
vn -0.9256 -0.0803 0.3699
vn -0.9543 0.2973 0.0301
vn -0.9597 0.2029 -0.1945
vn -0.9540 -0.0476 -0.2959
vn -0.9500 -0.1831 -0.2528
vn -0.8649 -0.3590 -0.3509
vn -0.9114 -0.3505 -0.2156
vn -0.8964 -0.4215 -0.1374
vn -0.8872 -0.4542 -0.0812
vn -0.8544 -0.5054 0.1205
vn -0.8584 -0.3999 0.3212
vn -0.9357 -0.2336 0.2645
vn -0.8868 -0.1646 0.4318
vn -0.8792 -0.0556 0.4732
vn 0.0617 0.6335 0.7713
vn 0.0994 0.3536 0.9301
vn 0.0976 0.2195 0.9707
vn 0.2245 0.2290 0.9472
vn 0.0181 0.0247 0.9995
vn 0.1202 -0.1562 0.9804
vn 0.0413 -0.6245 0.7799
vn -0.0566 0.6252 -0.7784
vn -0.1330 0.2835 -0.9497
vn -0.1319 0.2031 -0.9702
vn -0.2380 -0.1719 -0.9559
vn -0.2131 -0.4121 -0.8859
vn 0.1471 -0.4313 -0.8901
vn -0.0214 -0.8227 -0.5680
vn 0.9240 -0.0806 0.3738
vn 0.9241 0.3088 0.2250
vn 0.8954 -0.1044 0.4329
vn 0.9156 -0.1479 0.3740
vn 0.9571 -0.1518 0.2470
vn 0.9118 -0.3059 0.2740
vn 0.8879 -0.4241 0.1784
vn 0.9022 -0.4292 0.0430
vn 0.8821 -0.4422 -0.1625
vn 0.9144 -0.3844 -0.1266
vn 0.8839 -0.3272 -0.3341
vn 0.9160 -0.2436 -0.3188
vn 0.9599 -0.0894 -0.2659
vn 0.9974 -0.0273 -0.0669
vn 0.9757 0.2127 0.0531
vn -0.0591 0.6845 0.7266
vn -0.0433 0.2920 0.9554
vn -0.1685 0.1894 0.9673
vn -0.1581 0.1175 0.9804
vn -0.1003 -0.0581 0.9933
vn -0.2078 -0.3196 0.9245
vn -0.1774 -0.7134 0.6780
vn 0.1651 0.7194 -0.6747
vn 0.1206 0.3688 -0.9217
vn 0.2374 0.1578 -0.9585
vn 0.1533 -0.1152 -0.9814
vn 0.1509 -0.3576 -0.9216
vn -0.1972 -0.4116 -0.8898
vn 0.0160 -0.8240 -0.5664
vn 0.3674 -0.5499 -0.7501
vn 0.4069 -0.6853 -0.6039
vn 0.6232 -0.6183 -0.4789
vn 0.3882 -0.5623 -0.7301
vn -0.1206 -0.7626 -0.6355
vn -0.1387 -0.5779 -0.8042
vn -0.5406 -0.6752 -0.5018
vn -0.5100 -0.3447 -0.7881
vn -0.2980 -0.0948 -0.9499
vn -0.7767 0.2171 -0.5912
vn -0.2439 0.3019 -0.9216
vn -0.3934 0.6805 -0.6182
vn -0.8121 0.4843 -0.3253
vn -0.3286 0.8460 -0.4200
vn 0.4404 0.7656 -0.4690
vn 0.2878 0.8455 -0.4498
vn -0.0004 0.8727 -0.4882
vn 0.1726 0.7282 -0.6633
vn 0.5647 0.4666 -0.6807
vn 0.4271 -0.0619 -0.9021
vn 0.3892 -0.0375 -0.9204
vn 0.1734 0.3604 -0.9165
vn -0.0107 -0.6966 -0.7174
vn 0.0335 -0.4966 -0.8673
vn 0.0049 -0.1038 -0.9946
vn -0.1458 0.3222 -0.9354
vn -0.3382 0.6718 -0.6590
vn -0.3214 0.8513 -0.4146
vn 0.4685 0.7958 -0.3837
vn 0.4062 0.9052 -0.1248
vn 0.7733 0.6340 -0.0000
vn 0.8772 0.3806 -0.2926
vn 0.5064 0.4597 -0.7295
vn 0.5646 0.0087 -0.8253
vn 0.8294 -0.1176 -0.5462
vn 0.5499 -0.4592 -0.6976
vn 0.7984 -0.3883 -0.4603
vn 0.5909 -0.5191 -0.6176
vn -0.0000 0.8891 -0.4576
vn -0.1432 0.9130 -0.3819
vn -0.1219 0.7284 -0.6742
vn -0.3075 0.8906 -0.3350
vn -0.0611 0.9554 -0.2888
vn -0.0157 0.4384 -0.8986
vn -0.0485 0.9082 -0.4157
vn -0.1505 0.5037 -0.8507
vn -0.1947 0.2840 -0.9389
vn -0.2761 0.8360 -0.4742
vn -0.1938 0.2424 -0.9506
vn -0.1657 0.9064 -0.3885
vn -0.3130 0.6880 -0.6547
vn -0.4856 0.3476 -0.8021
vn -0.7023 0.4485 -0.5528
vn -0.7663 0.2731 -0.5816
vn -0.8068 0.4211 -0.4145
vn -0.9895 0.1414 0.0289
vn -0.7919 0.4613 0.4002
vn -0.7686 -0.1457 0.6229
vn -0.3020 0.5631 0.7692
vn -0.3798 0.1191 0.9174
vn -0.0755 0.8412 0.5354
vn -0.1065 0.3196 0.9415
vn -0.3477 0.8386 0.4193
vn -0.1249 0.3025 0.9449
vn -0.1689 0.8153 0.5539
vn -0.0593 0.3206 0.9454
vn -0.0758 0.4659 0.8816
vn -0.1997 0.8574 0.4744
vn -0.1829 0.7734 0.6070
vn -0.2428 0.7871 0.5670
vn -0.0995 0.7411 0.6640
vn -0.7714 0.6363 -0.0123
vn -0.2235 0.9553 -0.1936
vn -0.8099 0.5010 -0.3051
vn -0.2118 0.9665 -0.1452
vn 0.4646 0.8127 -0.3516
vn 0.4653 0.8687 -0.1697
vn 0.8759 0.4816 0.0306
vn 0.6998 0.7073 -0.0994
vn 0.7068 0.5729 -0.4150
vn 0.3411 0.4740 -0.8118
vn 0.3668 0.4891 -0.7913
vn 0.7159 0.4780 -0.5089
vn 0.9545 0.1891 -0.2306
vn 0.9676 0.1470 -0.2053
vn 0.9601 0.2089 -0.1859
vn 0.9309 0.3006 -0.2077
vn 0.7888 0.0969 -0.6070
vn 0.9649 -0.0288 -0.2610
vn 0.7126 -0.4974 -0.4947
vn 0.7241 -0.6462 -0.2409
vn 0.2240 -0.8757 -0.4277
vn 0.1550 -0.9723 -0.1748
vn -0.3102 -0.8292 -0.4650
vn -0.4618 -0.8750 -0.1450
vn -0.6889 -0.5992 -0.4079
vn -0.7651 -0.6162 -0.1868
vn -0.7887 -0.4409 -0.4285
vn -0.6969 -0.6969 -0.1691
vn -0.6094 -0.4808 -0.6304
vn -0.9200 -0.3725 -0.1217
vn -0.8874 -0.0404 -0.4593
vn -0.9814 0.1921 0.0000
vn 0.0572 -0.3374 -0.9396
vn -0.0948 0.2849 -0.9539
vn -0.0273 -0.2992 -0.9538
vn 0.0851 0.5819 -0.8088
vn 0.1443 0.8849 -0.4428
vn 0.0978 0.9856 -0.1380
vn 0.0600 0.8785 0.4740
vn 0.0508 0.5794 0.8135
vn 0.0693 -0.2717 -0.9599
vn 0.1644 -0.1924 -0.9674
vn -0.0448 0.4003 -0.9153
vn 0.3938 0.4610 -0.7953
vn -0.2837 0.5212 -0.8049
vn 0.1408 0.7669 -0.6262
vn -0.8026 -0.2807 -0.5264
vn -0.5884 -0.5547 -0.5884
vn -0.9757 0.1963 -0.0969
vn -0.8620 -0.2407 0.4462
vn -0.7721 -0.3126 0.5532
vn -0.5203 0.7277 0.4468
vn -0.5652 0.8125 0.1428
vn -0.9457 0.0595 0.3196
vn -0.1799 0.6631 0.7266
vn -0.2332 -0.9685 0.0875
vn 0.2052 -0.9725 0.1100
vn 0.5049 -0.8502 0.1488
vn 0.6083 -0.7912 0.0633
vn 0.4645 -0.8760 -0.1300
vn 0.2840 -0.9483 -0.1416
vn 0.0326 0.5213 -0.8527
vn 0.1222 0.7665 -0.6306
vn 0.1757 0.9562 -0.2339
vn 0.0893 0.9011 0.4243
vn 0.0146 0.4848 0.8745
vn 0.5655 -0.3439 -0.7496
vn 0.3843 0.5543 -0.7383
vn -0.0040 -0.3998 -0.9166
vn -0.0085 -0.3037 0.9527
vn -0.0376 -0.3035 0.9521
vn 0.3571 0.8184 0.4502
vn 0.6973 -0.3242 0.6393
vn -0.2661 -0.5375 0.8002
vn 0.0067 -0.4523 0.8918
vn -0.1224 -0.3289 0.9364
vn -0.2482 -0.3991 0.8827
vn 0.0253 -0.3043 0.9522
vn 0.0457 -0.3861 0.9213
vn -0.2670 0.3240 0.9076
vn -0.2227 -0.2274 -0.9480
vn 0.0164 -0.2018 -0.9793
vn -0.0428 -0.2308 -0.9721
vn -0.3242 -0.4288 -0.8432
vn -0.2179 -0.3772 -0.9001
vn -0.0253 -0.4409 -0.8972
vn -0.1167 0.3809 -0.9172
vn -0.0626 -0.3052 -0.9502
vn -0.0190 -0.9878 -0.1545
vn -0.0711 -0.7525 -0.6547
vn -0.2633 -0.1920 -0.9454
vn -0.3778 0.3259 -0.8666
vn 0.1194 0.6068 -0.7858
vn 0.0932 0.0070 -0.9956
vn -0.1293 0.6240 -0.7707
vn 0.1440 -0.1615 -0.9763
vn -0.1470 0.5108 -0.8470
vn 0.1024 -0.2146 -0.9713
vn -0.0118 -0.1781 -0.9839
vn -0.4322 -0.8981 -0.0818
vn -0.3142 -0.9163 0.2485
vn -0.0000 -0.7195 0.6945
vn -0.0000 0.0286 0.9996
vn -0.2591 0.8477 0.4629
vn -0.1249 0.9890 0.0790
vn 0.0000 0.9804 -0.1968
vn -0.0000 0.9613 -0.2754
vn -0.2012 0.9252 -0.3216
vn -0.0647 0.9733 -0.2201
vn -0.3316 0.9382 -0.0988
vn 0.1179 0.9860 -0.1183
vn -0.1527 0.9790 -0.1352
vn -0.7211 0.6364 -0.2737
vn -0.4817 0.8467 -0.2260
vn -0.9712 0.1731 0.1638
vn -0.0327 0.7075 0.7059
vn -0.0804 0.9837 0.1608
vn 0.0000 0.9804 0.1968
vn -0.2987 0.8821 0.3642
vn -0.2564 0.4079 0.8763
vn -0.0132 -0.6673 0.7447
vn 0.1646 -0.9402 0.2982
vn 0.1009 -0.9746 -0.2000
vn 0.3949 -0.7187 -0.5723
vn 0.2015 -0.6194 -0.7588
vn -0.5244 -0.6240 -0.5793
vn 0.0073 -0.9992 -0.0395
vn -0.0075 -0.9299 0.3678
vn -0.0692 -0.5217 0.8503
vn -0.4117 -0.8578 0.3076
vn -0.4472 -0.8944 0.0000
vn -0.4372 -0.3894 0.8107
vn -0.0450 0.1821 0.9823
vn -0.3354 0.1496 0.9301
vn -0.9680 0.2309 0.0984
vn -0.9627 -0.2640 0.0591
vn -0.9486 0.1232 -0.2916
vn -0.6136 -0.2531 -0.7479
vn -0.9087 -0.4164 -0.0297
vn -0.9306 -0.2421 0.2744
vn -0.1803 0.3267 0.9278
vn -0.0566 0.8414 0.5374
vn 0.0566 0.8065 0.5885
vn 0.1848 0.8692 0.4586
vn 0.1028 0.8951 0.4339
vn 0.0538 0.9635 0.2621
vn -0.0735 0.9935 -0.0874
vn 0.1177 0.9667 -0.2273
vn 0.1757 0.9830 0.0524
vn 0.1203 0.9912 0.0558
vn 0.1420 0.7034 -0.6964
vn 0.2456 0.7167 -0.6527
vn 0.1358 0.8737 -0.4672
vn -0.0171 0.8756 -0.4828
vn 0.1756 0.7169 -0.6747
vn 0.3627 0.4900 -0.7927
vn 0.3001 0.8184 -0.4900
vn 0.0996 0.9372 0.3343
vn 0.0471 0.9310 -0.3620
vn 0.0379 0.8917 -0.4511
vn 0.0340 0.9984 -0.0452
vn -0.1780 0.9804 0.0849
vn -0.0903 0.9697 0.2272
vn -0.3326 0.9321 -0.1434
vn -0.0709 0.9975 0.0000
vn -0.2016 0.8985 -0.3900
vn 0.1535 0.9457 -0.2866
vn 0.2184 0.8377 0.5006
vn 0.2101 0.7230 0.6581
vn 0.1762 0.8167 0.5494
vn 0.1353 0.9897 0.0458
vn -0.0026 0.7797 -0.6262
vn -0.0493 0.6761 -0.7351
vn -0.0937 0.6473 -0.7564
vn 0.0366 0.6531 -0.7564
vn -0.2862 0.6761 -0.6790
vn -0.4594 0.7295 -0.5068
vn -0.1118 0.9339 -0.3397
vn -0.1981 0.7340 -0.6496
vn -0.0363 0.0643 0.9973
vn 0.0969 -0.7771 0.6218
vn 0.2908 -0.9521 0.0945
vn 0.3051 -0.9507 -0.0554
vn 0.3722 -0.9066 0.1988
vn 0.2314 -0.9187 0.3200
vn -0.2107 -0.9639 0.1625
vn -0.0105 -0.9897 0.1431
vn 0.2307 -0.9696 0.0818
vn 0.0252 -0.8328 0.5530
vn -0.1431 -0.1187 0.9826
vn -0.0114 0.4844 0.8748
vn 0.0349 0.5892 0.8072
vn -0.1797 -0.1327 0.9747
vn -0.1594 -0.7609 0.6290
vn -0.0545 -0.9825 0.1781
vn 0.5354 -0.8365 -0.1170
vn 0.5456 -0.8379 -0.0147
vn 0.6618 -0.6957 -0.2794
vn 0.4877 -0.8524 -0.1889
vn 0.4906 -0.8551 -0.1674
vn 0.5041 -0.8412 0.1957
vn 0.2599 -0.9475 -0.1865
vn 0.3013 -0.8035 -0.5134
vn 0.1399 -0.8409 -0.5228
vn 0.4860 -0.7537 -0.4423
vn -0.0318 -0.7499 0.6608
vn -0.0561 -0.9956 0.0751
vn -0.0523 -0.8154 -0.5766
vn 0.0286 -0.8582 -0.5125
vn 0.0098 -0.9940 -0.1087
vn -0.0059 -0.8002 0.5997
vn 0.9205 0.0856 -0.3812
vn 0.7816 0.5752 -0.2412
vn 0.7162 0.6953 -0.0601
vn -0.0000 -0.7071 -0.7071
vn -0.2285 -0.3942 -0.8902
vn -0.5346 -0.2049 -0.8199
vn -0.6543 0.1159 -0.7473
vn -0.6044 0.1610 -0.7803
vn -0.1826 0.5510 -0.8143
vn -0.1277 0.4650 -0.8761
vn 0.0784 0.1943 -0.9778
vn 0.3421 0.0747 -0.9367
vn 0.3346 -0.3244 -0.8848
vn -0.1969 0.9739 0.1132
vn -0.6453 0.7121 0.2765
vn -0.6204 0.6907 0.3716
vn -0.3460 0.9367 0.0533
vn -0.8201 0.5490 0.1617
vn -0.4154 0.8809 -0.2269
vn -0.8637 0.3678 -0.3447
vn -0.4491 0.6698 -0.5914
vn -0.6709 0.1181 -0.7321
vn 0.0455 0.9164 -0.3976
vn 0.5355 0.6845 -0.4946
vn 0.8155 0.1682 -0.5537
vn 0.7575 -0.5228 -0.3911
vn 0.1505 -0.9844 -0.0910
vn -0.1448 -0.9877 -0.0592
vn -0.5342 -0.8445 -0.0381
vn -0.8035 -0.4060 -0.4354
vn -0.9911 0.1312 -0.0224
vn -0.9371 0.1063 0.3326
vn -0.8342 0.1230 0.5376
vn -0.9299 -0.0085 0.3678
vn -0.7598 0.6311 0.1564
vn -0.9843 0.1145 0.1347
vn -0.8333 -0.5232 0.1783
vn -0.7715 -0.6325 0.0689
vn -0.6866 -0.7082 0.1642
vn -0.1691 -0.9790 0.1135
vn 0.2420 -0.9702 -0.0139
vn 0.9264 -0.3708 -0.0650
vn 0.9709 0.1055 -0.2149
vn 0.7969 0.4643 -0.3865
vn 0.5630 0.7938 -0.2300
vn 0.0547 0.9985 -0.0050
vn -0.0568 0.9951 -0.0812
vn 0.3436 0.8260 -0.4468
vn 0.8116 0.4650 -0.3536
vn 0.8763 0.1413 -0.4606
vn 0.6350 0.4664 -0.6158
vn 0.1941 0.9234 -0.3312
vn 0.1866 0.8263 -0.5314
vn 0.5720 0.4107 -0.7100
vn 0.6803 0.0275 -0.7324
vn 0.5893 -0.4251 -0.6871
vn 0.1712 -0.9825 -0.0732
vn -0.2997 -0.9499 0.0885
vn -0.7663 -0.6419 0.0274
vn -0.8139 -0.4889 0.3138
vn -0.6212 -0.6916 0.3686
vn -0.6167 -0.6585 0.4313
vn -0.8167 -0.4303 0.3844
vn -0.6888 -0.6496 0.3217
vn -0.6088 -0.6909 0.3899
vn -0.3750 -0.8345 0.4036
vn 0.3627 -0.9273 0.0921
vn 0.9255 -0.3078 -0.2208
vn 0.8685 -0.4650 -0.1715
vn -0.0780 -0.8966 0.4360
vn -0.3834 -0.7932 0.4732
vn -0.3063 -0.9248 0.2256
vn 0.1532 -0.9746 0.1632
vn 0.7718 -0.5165 -0.3708
vn 0.8559 -0.2998 -0.4214
vn 0.9163 -0.1242 -0.3807
vn 0.8929 -0.1716 -0.4163
vn 0.8007 -0.1471 -0.5807
vn 0.8358 0.0586 -0.5458
vn 0.7366 0.4218 -0.5288
vn 0.1158 0.8945 -0.4319
vn -0.1928 0.9782 -0.0776
vn -0.2580 0.9570 -0.1329
vn -0.2717 0.9508 -0.1491
vn 0.1825 0.9276 -0.3260
vn 0.6482 0.4148 -0.6385
vn -0.6938 -0.4741 0.5422
vn -0.3835 -0.7066 0.5947
vn -0.8220 -0.5671 0.0520
vn -0.4646 -0.8853 0.0207
vn -0.6526 -0.4192 -0.6312
vn -0.3116 -0.7100 -0.6315
vn -0.0748 0.9972 -0.0020
vn -0.2298 0.9641 0.1329
vn 0.0775 0.9836 -0.1627
vn 0.0962 0.9889 0.1136
vn -0.0770 -0.7457 0.6618
vn -0.0826 -0.9966 0.0009
vn -0.0497 -0.7028 -0.7096
vn 0.1424 -0.5891 -0.7954
vn -0.6234 -0.6697 -0.4037
vn 0.1526 -0.9817 -0.1141
vn 0.0212 -0.7307 0.6823
vn -0.6343 -0.7258 0.2661
vn -0.7109 -0.6938 -0.1149
vn -0.4125 0.8934 0.1781
vn -0.2682 0.9420 0.2018
vn -0.2010 0.9709 0.1299
vn -0.0290 0.9845 0.1729
vn -0.2997 0.8987 0.3203
vn -0.3067 0.8937 0.3274
vn -0.0505 -0.7004 -0.7119
vn -0.0264 -0.9979 -0.0597
vn -0.0050 -0.7251 0.6886
vn -0.3894 -0.7582 0.5230
vn -0.8574 -0.5053 0.0976
vn -0.4358 -0.6919 -0.5756
usemtl hands.002
s 1
f 2662/3348/2703 2663/3349/2704 2664/3350/2705
f 2663/3349/2704 2662/3348/2703 2665/3351/2706
f 2665/3351/2706 2666/3352/2707 2663/3349/2704
f 2666/3352/2707 2665/3351/2706 2667/3353/2708
f 2667/3353/2708 2668/3354/2709 2666/3352/2707
f 2668/3354/2709 2667/3353/2708 2669/3355/2710
f 2669/3355/2710 2670/3356/2711 2668/3354/2709
f 2670/3356/2711 2669/3355/2710 2671/3357/2712
f 2671/3357/2712 2672/3358/2713 2670/3356/2711
f 2672/3358/2713 2671/3357/2712 2673/3359/2714
f 2673/3359/2714 2674/3360/2715 2672/3358/2713
f 2674/3360/2715 2673/3359/2714 2675/3361/2716
f 2675/3361/2716 2676/3362/2717 2674/3360/2715
f 2676/3362/2717 2675/3361/2716 2677/3363/2718
f 2677/3363/2718 2678/3364/2719 2676/3362/2717
f 2678/3364/2719 2677/3363/2718 2679/3365/2720
f 2679/3365/2720 2680/3366/2721 2678/3364/2719
f 2680/3366/2721 2679/3365/2720 2681/3367/2722
f 2681/3367/2722 2682/3368/2723 2680/3366/2721
f 2682/3368/2723 2681/3367/2722 2683/3369/2724
f 2683/3369/2724 2684/3370/2725 2682/3368/2723
f 2684/3370/2725 2683/3369/2724 2685/3371/2726
f 2685/3371/2726 2686/3372/2727 2684/3370/2725
f 2686/3372/2727 2685/3371/2726 2687/3373/2728
f 2687/3373/2728 2688/3374/2729 2686/3372/2727
f 2688/3374/2729 2687/3373/2728 2689/3375/2730
f 2689/3375/2730 2690/3376/2731 2688/3374/2729
f 2690/3376/2731 2689/3375/2730 2691/3377/2732
f 2691/3377/2732 2692/3378/2733 2690/3376/2731
f 2692/3378/2733 2691/3377/2732 2693/3379/2734
f 2693/3379/2734 2694/3380/2735 2692/3378/2733
f 2694/3380/2735 2693/3379/2734 2695/3381/2736
f 2695/3381/2736 2696/3382/2737 2694/3380/2735
f 2696/3382/2737 2695/3381/2736 2697/3383/2738
f 2697/3383/2738 2698/3384/2739 2696/3382/2737
f 2698/3384/2739 2697/3383/2738 2699/3385/2740
f 2699/3385/2740 2700/3386/2741 2698/3384/2739
f 2700/3386/2741 2699/3385/2740 2701/3387/2742
f 2701/3387/2742 2702/3388/2743 2700/3386/2741
f 2702/3388/2743 2701/3387/2742 2703/3389/2744
f 2703/3389/2744 2704/3390/2743 2702/3388/2743
f 2704/3390/2743 2703/3389/2744 2705/3391/2744
f 2705/3391/2744 2706/3392/2745 2704/3390/2743
f 2706/3392/2745 2705/3391/2744 2707/3393/2746
f 2707/3393/2746 2708/3394/2747 2706/3392/2745
f 2708/3394/2747 2707/3393/2746 2709/3395/2748
f 2709/3395/2748 2710/3396/2749 2708/3394/2747
f 2710/3396/2749 2709/3395/2748 2711/3397/2750
f 2711/3397/2750 2712/3398/2751 2710/3396/2749
f 2712/3398/2751 2711/3397/2750 2713/3399/2752
f 2713/3399/2752 2714/3400/2753 2712/3398/2751
f 2714/3400/2753 2713/3399/2752 2715/3401/2754
f 2715/3401/2754 2716/3402/2755 2714/3400/2753
f 2716/3402/2755 2715/3401/2754 2717/3403/2756
f 2717/3403/2756 2718/3404/2757 2716/3402/2755
f 2718/3404/2757 2717/3403/2756 2719/3405/2758
f 2719/3405/2758 2720/3406/2759 2718/3404/2757
f 2720/3406/2759 2719/3405/2758 2721/3407/2760
f 2721/3407/2760 2722/3408/2761 2720/3406/2759
f 2722/3408/2761 2721/3407/2760 2723/3409/2762
f 2723/3409/2762 2724/3410/2763 2722/3408/2761
f 2725/3411/2764 2726/3412/2765 2727/3413/2766
f 2726/3412/2765 2725/3411/2764 2728/3414/2767
f 2728/3414/2767 2729/3415/2768 2726/3412/2765
f 2729/3415/2768 2728/3414/2767 2730/3416/2769
f 2730/3416/2769 2731/3417/2770 2729/3415/2768
f 2731/3417/2770 2730/3416/2769 2732/3418/2771
f 2732/3418/2771 2733/3419/2772 2731/3417/2770
f 2733/3419/2772 2732/3418/2771 2734/3420/2773
f 2734/3420/2773 2735/3421/2774 2733/3419/2772
f 2735/3421/2774 2734/3420/2773 2736/3422/2775
f 2736/3422/2775 2737/3423/2776 2735/3421/2774
f 2737/3423/2776 2736/3422/2775 2738/3424/2777
f 2738/3424/2777 2739/3425/2778 2737/3423/2776
f 2739/3425/2778 2738/3424/2777 2740/3426/2779
f 2740/3426/2779 2741/3427/2780 2739/3425/2778
f 2741/3427/2780 2740/3426/2779 2742/3428/2781
f 2742/3428/2781 2743/3429/2782 2741/3427/2780
f 2743/3429/2782 2742/3428/2781 2744/3430/2783
f 2744/3430/2783 2745/3431/2784 2743/3429/2782
f 2745/3431/2784 2744/3430/2783 2746/3432/2785
f 2746/3432/2785 2747/3433/2786 2745/3431/2784
f 2747/3433/2786 2746/3432/2785 2748/3434/2787
f 2748/3434/2787 2749/3435/2788 2747/3433/2786
f 2749/3435/2788 2748/3434/2787 2750/3436/2789
f 2750/3436/2789 2751/3437/2790 2749/3435/2788
f 2751/3437/2790 2750/3436/2789 2752/3438/2791
f 2752/3438/2791 2753/3439/2792 2751/3437/2790
f 2753/3439/2792 2752/3438/2791 2754/3440/2793
f 2754/3440/2793 2755/3441/2794 2753/3439/2792
f 2755/3441/2794 2754/3440/2793 2756/3442/2795
f 2756/3442/2795 2757/3443/2796 2755/3441/2794
f 2757/3443/2796 2756/3442/2795 2758/3444/2797
f 2758/3444/2797 2759/3445/2798 2757/3443/2796
f 2759/3445/2798 2758/3444/2797 2760/3446/2799
f 2760/3446/2799 2761/3447/2800 2759/3445/2798
f 2761/3447/2800 2760/3446/2799 2762/3448/2801
f 2762/3448/2801 2763/3449/2802 2761/3447/2800
f 2763/3449/2802 2762/3448/2801 2764/3450/2803
f 2764/3450/2803 2765/3451/2804 2763/3449/2802
f 2765/3451/2804 2764/3450/2803 2766/3452/2805
f 2766/3452/2805 2767/3453/2806 2765/3451/2804
f 2767/3453/2806 2766/3452/2805 2768/3454/2807
f 2768/3454/2807 2769/3455/2808 2767/3453/2806
f 2769/3455/2808 2768/3454/2807 2770/3456/2809
f 2770/3456/2809 2771/3457/2810 2769/3455/2808
f 2771/3457/2810 2770/3456/2809 2772/3458/2811
f 2772/3458/2811 2773/3459/2812 2771/3457/2810
f 2773/3459/2812 2772/3458/2811 2774/3460/2813
f 2774/3460/2813 2775/3461/2743 2773/3459/2812
f 2775/3461/2743 2774/3460/2813 2776/3462/2814
f 2776/3462/2814 2777/3463/2815 2775/3461/2743
f 2777/3463/2815 2776/3462/2814 2778/3464/2816
f 2778/3464/2816 2779/3465/2817 2777/3463/2815
f 2779/3465/2817 2778/3464/2816 2780/3466/2818
f 2780/3466/2818 2781/3467/2819 2779/3465/2817
f 2781/3467/2819 2780/3466/2818 2782/3468/2820
f 2782/3468/2820 2783/3469/2821 2781/3467/2819
f 2783/3469/2821 2782/3468/2820 2784/3470/2822
f 2784/3470/2822 2785/3471/2823 2783/3469/2821
f 2785/3471/2823 2784/3470/2822 2786/3472/2824
f 2786/3472/2824 2787/3473/2825 2785/3471/2823
f 2788/3474/2826 2789/3475/2827 2790/3476/2828
f 2789/3475/2827 2788/3474/2826 2791/3477/2829
f 2791/3477/2829 2792/3478/2830 2789/3475/2827
f 2792/3478/2830 2791/3477/2829 2793/3479/2831
f 2793/3479/2831 2794/3480/2832 2792/3478/2830
f 2794/3480/2832 2793/3479/2831 2795/3481/2833
f 2795/3481/2833 2796/3482/2834 2794/3480/2832
f 2796/3482/2834 2795/3481/2833 2797/3483/2835
f 2797/3483/2835 2798/3484/2836 2796/3482/2834
f 2798/3484/2836 2797/3483/2835 2799/3485/2837
f 2799/3485/2837 2800/3486/2838 2798/3484/2836
f 2800/3486/2838 2799/3485/2837 2801/3487/2839
f 2801/3487/2839 2802/3488/2840 2800/3486/2838
f 2802/3488/2840 2801/3487/2839 2803/3489/2841
f 2803/3489/2841 2804/3490/2842 2802/3488/2840
f 2804/3490/2842 2803/3489/2841 2805/3491/2843
f 2805/3491/2843 2806/3492/2844 2804/3490/2842
f 2806/3492/2844 2805/3491/2843 2807/3493/2845
f 2807/3493/2845 2808/3494/2846 2806/3492/2844
f 2808/3494/2846 2807/3493/2845 2809/3495/2847
f 2809/3495/2847 2810/3496/2848 2808/3494/2846
f 2810/3496/2848 2809/3495/2847 2811/3497/2849
f 2811/3497/2849 2812/3498/2850 2810/3496/2848
f 2812/3498/2850 2811/3497/2849 2813/3499/2851
f 2813/3499/2851 2814/3500/2852 2812/3498/2850
f 2814/3500/2852 2813/3499/2851 2815/3501/2853
f 2815/3501/2853 2816/3502/2854 2814/3500/2852
f 2816/3502/2854 2815/3501/2853 2817/3503/2855
f 2817/3503/2855 2818/3504/2856 2816/3502/2854
f 2818/3504/2856 2817/3503/2855 2819/3505/2857
f 2819/3505/2857 2820/3506/2858 2818/3504/2856
f 2820/3506/2858 2819/3505/2857 2821/3507/2859
f 2821/3507/2859 2822/3508/2860 2820/3506/2858
f 2822/3508/2860 2821/3507/2859 2823/3509/2861
f 2823/3509/2861 2824/3510/2862 2822/3508/2860
f 2824/3510/2862 2823/3509/2861 2825/3511/2863
f 2825/3511/2863 2826/3512/2864 2824/3510/2862
f 2826/3512/2864 2825/3511/2863 2827/3513/2865
f 2827/3513/2865 2828/3514/2866 2826/3512/2864
f 2828/3514/2866 2827/3513/2865 2829/3515/2867
f 2829/3515/2867 2830/3516/2868 2828/3514/2866
f 2830/3516/2868 2829/3515/2867 2831/3517/2869
f 2831/3517/2869 2832/3518/2870 2830/3516/2868
f 2832/3518/2870 2831/3517/2869 2833/3519/2871
f 2823/3509/2861 2834/3520/2872 2835/3521/2873
f 2834/3520/2872 2823/3509/2861 2821/3507/2859
f 2821/3507/2859 2836/3522/2874 2834/3520/2872
f 2836/3522/2874 2821/3507/2859 2819/3505/2857
f 2819/3505/2857 2837/3523/2875 2836/3522/2874
f 2837/3523/2875 2819/3505/2857 2817/3503/2855
f 2817/3503/2855 2838/3524/2876 2837/3523/2875
f 2838/3524/2876 2817/3503/2855 2815/3501/2853
f 2815/3501/2853 2839/3525/2877 2838/3524/2876
f 2839/3525/2877 2815/3501/2853 2813/3499/2851
f 2813/3499/2851 2840/3526/2878 2839/3525/2877
f 2840/3526/2878 2813/3499/2851 2811/3497/2849
f 2811/3497/2849 2841/3527/2879 2840/3526/2878
f 2841/3527/2879 2811/3497/2849 2809/3495/2847
f 2809/3495/2847 2842/3528/2880 2841/3527/2879
f 2842/3528/2880 2809/3495/2847 2807/3493/2845
f 2807/3493/2845 2843/3529/2881 2842/3528/2880
f 2843/3529/2881 2807/3493/2845 2805/3491/2843
f 2805/3491/2843 2844/3530/2882 2843/3529/2881
f 2844/3530/2882 2805/3491/2843 2803/3489/2841
f 2803/3489/2841 2845/3531/2883 2844/3530/2882
f 2845/3531/2883 2803/3489/2841 2801/3487/2839
f 2801/3487/2839 2846/3532/2884 2845/3531/2883
f 2846/3532/2884 2801/3487/2839 2799/3485/2837
f 2799/3485/2837 2847/3533/2885 2846/3532/2884
f 2847/3533/2885 2799/3485/2837 2797/3483/2835
f 2797/3483/2835 2848/3534/2886 2847/3533/2885
f 2848/3534/2886 2797/3483/2835 2795/3481/2833
f 2795/3481/2833 2849/3535/2887 2848/3534/2886
f 2849/3535/2887 2795/3481/2833 2793/3479/2831
f 2793/3479/2831 2850/3536/2888 2849/3535/2887
f 2850/3536/2888 2793/3479/2831 2791/3477/2829
f 2791/3477/2829 2851/3537/2889 2850/3536/2888
f 2851/3537/2889 2791/3477/2829 2788/3474/2826
f 2788/3474/2826 2852/3538/2890 2851/3537/2889
f 2852/3538/2890 2788/3474/2826 2853/3539/2891
f 2854/3540/2892 2855/3541/2893 2856/3542/2894
f 2856/3542/2894 2857/3543/2895 2854/3540/2892
f 2858/3544/2896 2859/3545/2897 2860/3546/2898
f 2860/3546/2898 2861/3547/2899 2858/3544/2896
f 2862/3548/2900 2861/3549/2899 2863/3550/2901
f 2863/3550/2901 2864/3551/2902 2862/3548/2900
f 2865/3552/2903 2851/3537/2889 2852/3538/2890
f 2851/3537/2889 2865/3552/2903 2718/3404/2757
f 2718/3404/2757 2850/3536/2888 2851/3537/2889
f 2850/3536/2888 2718/3404/2757 2720/3406/2759
f 2850/3536/2888 2720/3406/2759 2722/3408/2761
f 2722/3408/2761 2849/3535/2887 2850/3536/2888
f 2849/3535/2887 2722/3408/2761 2724/3410/2763
f 2724/3410/2763 2848/3534/2886 2849/3535/2887
f 2724/3410/2763 2866/3553/2904 2848/3534/2886
f 2866/3553/2904 2724/3410/2763 2723/3409/2762
f 2723/3409/2762 2867/3554/2905 2866/3553/2904
f 2867/3554/2905 2723/3409/2762 2721/3407/2760
f 2721/3407/2760 2868/3555/2906 2867/3554/2905
f 2868/3555/2906 2721/3407/2760 2719/3405/2758
f 2719/3405/2758 2869/3556/2907 2868/3555/2906
f 2869/3556/2907 2719/3405/2758 2717/3403/2756
f 2717/3403/2756 2870/3557/2908 2869/3556/2907
f 2870/3557/2908 2717/3403/2756 2715/3401/2754
f 2870/3557/2908 2715/3401/2754 2871/3558/2909
f 2870/3557/2908 2871/3558/2909 2669/3355/2710
f 2669/3355/2710 2869/3556/2907 2870/3557/2908
f 2869/3556/2907 2669/3355/2710 2667/3353/2708
f 2667/3353/2708 2868/3555/2906 2869/3556/2907
f 2868/3555/2906 2667/3353/2708 2665/3351/2706
f 2868/3555/2906 2665/3351/2706 2872/3559/2910
f 2872/3559/2910 2867/3554/2905 2868/3555/2906
f 2872/3559/2910 2866/3553/2904 2867/3554/2905
f 2872/3559/2910 2662/3348/2703 2866/3553/2904
f 2662/3348/2703 2872/3559/2910 2665/3351/2706
f 2671/3357/2712 2669/3355/2710 2871/3558/2909
f 2871/3558/2909 2873/3560/2911 2671/3357/2712
f 2873/3560/2911 2871/3558/2909 2715/3401/2754
f 2873/3560/2911 2715/3401/2754 2713/3399/2752
f 2713/3399/2752 2874/3561/2912 2873/3560/2911
f 2874/3561/2912 2713/3399/2752 2711/3397/2750
f 2711/3397/2750 2875/3562/2913 2874/3561/2912
f 2875/3562/2913 2711/3397/2750 2709/3395/2748
f 2709/3395/2748 2876/3563/2914 2875/3562/2913
f 2876/3563/2914 2709/3395/2748 2707/3393/2746
f 2707/3393/2746 2877/3564/2915 2876/3563/2914
f 2877/3564/2915 2707/3393/2746 2705/3391/2744
f 2705/3391/2744 2878/3565/2915 2877/3564/2915
f 2878/3565/2915 2705/3391/2744 2703/3389/2744
f 2703/3389/2744 2879/3566/2916 2878/3565/2915
f 2879/3566/2916 2703/3389/2744 2701/3387/2742
f 2701/3387/2742 2880/3567/2917 2879/3566/2916
f 2880/3567/2917 2701/3387/2742 2699/3385/2740
f 2699/3385/2740 2881/3568/2918 2880/3567/2917
f 2881/3568/2918 2699/3385/2740 2697/3383/2738
f 2697/3383/2738 2864/3551/2902 2881/3568/2918
f 2864/3551/2902 2697/3383/2738 2695/3381/2736
f 2695/3381/2736 2862/3548/2900 2864/3551/2902
f 2862/3548/2900 2695/3381/2736 2693/3379/2734
f 2693/3379/2734 2861/3547/2899 2862/3548/2900
f 2861/3547/2899 2693/3379/2734 2691/3377/2732
f 2691/3377/2732 2858/3544/2896 2861/3547/2899
f 2858/3544/2896 2691/3377/2732 2689/3375/2730
f 2689/3375/2730 2859/3545/2897 2858/3544/2896
f 2859/3545/2897 2689/3375/2730 2687/3373/2728
f 2687/3373/2728 2882/3569/2919 2859/3545/2897
f 2882/3569/2919 2687/3373/2728 2880/3567/2917
f 2880/3567/2917 2883/3570/2920 2882/3569/2919
f 2883/3570/2920 2880/3567/2917 2881/3568/2918
f 2880/3567/2917 2687/3373/2728 2685/3371/2726
f 2685/3371/2726 2879/3566/2916 2880/3567/2917
f 2879/3566/2916 2685/3371/2726 2683/3369/2724
f 2683/3369/2724 2878/3565/2915 2879/3566/2916
f 2878/3565/2915 2683/3369/2724 2681/3367/2722
f 2681/3367/2722 2877/3564/2915 2878/3565/2915
f 2877/3564/2915 2681/3367/2722 2679/3365/2720
f 2679/3365/2720 2876/3563/2914 2877/3564/2915
f 2876/3563/2914 2679/3365/2720 2677/3363/2718
f 2677/3363/2718 2875/3562/2913 2876/3563/2914
f 2875/3562/2913 2677/3363/2718 2675/3361/2716
f 2675/3361/2716 2874/3561/2912 2875/3562/2913
f 2874/3561/2912 2675/3361/2716 2673/3359/2714
f 2673/3359/2714 2873/3560/2911 2874/3561/2912
f 2873/3560/2911 2673/3359/2714 2671/3357/2712
f 2718/3404/2757 2865/3552/2903 2884/3571/2921
f 2884/3571/2921 2716/3402/2755 2718/3404/2757
f 2716/3402/2755 2884/3571/2921 2885/3572/2922
f 2885/3572/2922 2714/3400/2753 2716/3402/2755
f 2885/3572/2922 2712/3398/2751 2714/3400/2753
f 2712/3398/2751 2885/3572/2922 2886/3573/2923
f 2886/3573/2923 2710/3396/2749 2712/3398/2751
f 2886/3573/2923 2708/3394/2747 2710/3396/2749
f 2886/3573/2923 2706/3392/2745 2708/3394/2747
f 2706/3392/2745 2886/3573/2923 2887/3574/2924
f 2887/3574/2924 2704/3390/2743 2706/3392/2745
f 2704/3390/2743 2887/3574/2924 2888/3575/2925
f 2888/3575/2925 2702/3388/2743 2704/3390/2743
f 2702/3388/2743 2888/3575/2925 2889/3576/2926
f 2889/3576/2926 2700/3386/2741 2702/3388/2743
f 2700/3386/2741 2889/3576/2926 2890/3577/2927
f 2890/3577/2927 2698/3384/2739 2700/3386/2741
f 2698/3384/2739 2890/3577/2927 2891/3578/2928
f 2891/3578/2928 2696/3382/2737 2698/3384/2739
f 2696/3382/2737 2891/3578/2928 2892/3579/2929
f 2886/3573/2923 2893/3580/2930 2887/3574/2924
f 2893/3580/2930 2886/3573/2923 2885/3572/2922
f 2885/3572/2922 2894/3581/2931 2893/3580/2930
f 2894/3581/2931 2885/3572/2922 2884/3571/2921
f 2895/3582/2932 2833/3519/2871 2831/3517/2869
f 2831/3517/2869 2896/3583/2933 2895/3582/2932
f 2896/3583/2933 2831/3517/2869 2829/3515/2867
f 2829/3515/2867 2897/3584/2934 2896/3583/2933
f 2897/3584/2934 2829/3515/2867 2827/3513/2865
f 2827/3513/2865 2898/3585/2935 2897/3584/2934
f 2898/3585/2935 2827/3513/2865 2825/3511/2863
f 2825/3511/2863 2899/3586/2936 2898/3585/2935
f 2899/3586/2936 2825/3511/2863 2823/3509/2861
f 2899/3586/2936 2823/3509/2861 2835/3521/2873
f 2835/3521/2873 2900/3587/2937 2899/3586/2936
f 2900/3587/2937 2835/3521/2873 2901/3588/2938
f 2900/3587/2937 2901/3588/2938 2902/3589/2939
f 2902/3589/2939 2903/3590/2940 2900/3587/2937
f 2903/3590/2940 2902/3589/2939 2904/3591/2941
f 2904/3591/2941 2905/3592/2942 2903/3590/2940
f 2905/3592/2942 2904/3591/2941 2906/3593/2943
f 2906/3593/2943 2907/3594/2944 2905/3592/2942
f 2907/3594/2944 2906/3593/2943 2908/3595/2945
f 2908/3595/2945 2909/3596/2946 2907/3594/2944
f 2908/3595/2945 2910/3597/2947 2909/3596/2946
f 2910/3597/2947 2908/3595/2945 2911/3598/2948
f 2911/3598/2948 2912/3599/2949 2910/3597/2947
f 2911/3598/2948 2913/3600/2950 2912/3599/2949
f 2914/3601/2951 2911/3598/2948 2908/3595/2945
f 2914/3601/2951 2908/3595/2945 2906/3593/2943
f 2906/3593/2943 2915/3602/2952 2914/3601/2951
f 2915/3602/2952 2906/3593/2943 2904/3591/2941
f 2915/3602/2952 2904/3591/2941 2902/3589/2939
f 2915/3602/2952 2902/3589/2939 2916/3603/2953
f 2914/3601/2951 2915/3604/2952 2917/3605/2954
f 2917/3605/2954 2911/3606/2948 2914/3601/2951
f 2916/3603/2953 2918/3607/2955 2915/3604/2952
f 2918/3607/2955 2916/3603/2953 2919/3608/2956
f 2918/3607/2955 2919/3608/2956 2920/3609/2957
f 2918/3607/2955 2920/3609/2957 2921/3610/2958
f 2921/3610/2958 2922/3611/2959 2918/3607/2955
f 2922/3611/2959 2921/3610/2958 2923/3612/2960
f 2922/3611/2959 2923/3612/2960 2924/3613/2961
f 2924/3613/2961 2925/3614/2962 2922/3611/2959
f 2925/3614/2962 2924/3613/2961 2926/3615/2963
f 2925/3614/2962 2926/3615/2963 2927/3616/2964
f 2925/3614/2962 2927/3616/2964 2928/3617/2965
f 2928/3617/2965 2911/3606/2948 2925/3614/2962
f 2911/3606/2948 2928/3617/2965 2929/3618/2966
f 2929/3618/2966 2913/3600/2950 2911/3606/2948
f 2917/3605/2954 2925/3614/2962 2911/3606/2948
f 2925/3614/2962 2917/3605/2954 2915/3604/2952
f 2915/3604/2952 2922/3611/2959 2925/3614/2962
f 2922/3611/2959 2915/3604/2952 2918/3607/2955
f 2852/3619/2890 2853/3620/2891 2930/3621/2967
f 2930/3621/2967 2931/3622/2968 2852/3619/2890
f 2931/3622/2968 2930/3621/2967 2932/3623/2969
f 2932/3623/2969 2933/3624/2970 2931/3622/2968
f 2932/3623/2969 2895/3625/2932 2933/3624/2970
f 2932/3623/2969 2833/3626/2871 2895/3625/2932
f 2833/3626/2871 2932/3623/2969 2934/3627/2971
f 2934/3627/2971 2832/3628/2870 2833/3626/2871
f 2832/3628/2870 2934/3627/2971 2935/3629/2972
f 2935/3629/2972 2936/3630/2973 2832/3628/2870
f 2936/3630/2973 2935/3629/2972 2937/3631/2974
f 2937/3631/2974 2938/3632/2975 2936/3630/2973
f 2938/3632/2975 2937/3631/2974 2939/3633/2976
f 2939/3633/2976 2940/3634/2977 2938/3632/2975
f 2940/3634/2977 2939/3633/2976 2941/3635/2978
f 2941/3635/2978 2942/3636/2979 2940/3634/2977
f 2941/3635/2978 2943/3637/2980 2942/3636/2979
f 2943/3637/2980 2941/3635/2978 2944/3638/2981
f 2944/3638/2981 2945/3639/2982 2943/3637/2980
f 2945/3639/2982 2944/3638/2981 2946/3640/2983
f 2946/3640/2983 2947/3641/2984 2945/3639/2982
f 2947/3641/2984 2946/3640/2983 2948/3642/2985
f 2948/3642/2985 2949/3643/2986 2947/3641/2984
f 2949/3643/2986 2948/3642/2985 2950/3644/2987
f 2950/3644/2987 2951/3645/2988 2949/3643/2986
f 2951/3645/2988 2950/3644/2987 2952/3646/2989
f 2952/3646/2989 2953/3647/2990 2951/3645/2988
f 2953/3647/2990 2952/3646/2989 2954/3648/2991
f 2954/3648/2991 2955/3649/2992 2953/3647/2990
f 2955/3649/2992 2954/3648/2991 2956/3650/2993
f 2956/3650/2993 2957/3651/2994 2955/3649/2992
f 2957/3651/2994 2956/3650/2993 2958/3652/2995
f 2958/3652/2995 2959/3653/2996 2957/3651/2994
f 2959/3653/2996 2958/3652/2995 2960/3654/2997
f 2960/3654/2997 2961/3655/2998 2959/3653/2996
f 2961/3655/2998 2960/3654/2997 2962/3656/2999
f 2962/3656/2999 2963/3657/3000 2961/3655/2998
f 2963/3657/3000 2962/3656/2999 2964/3658/3001
f 2964/3658/3001 2965/3659/3002 2963/3657/3000
f 2965/3659/3002 2964/3658/3001 2966/3660/3003
f 2966/3660/3003 2967/3661/3004 2965/3659/3002
f 2967/3661/3004 2966/3660/3003 2968/3662/3005
f 2968/3662/3005 2969/3663/3006 2967/3661/3004
f 2969/3663/3006 2968/3662/3005 2970/3664/3007
f 2970/3664/3007 2971/3665/3008 2969/3663/3006
f 2971/3665/3008 2970/3664/3007 2972/3666/3009
f 2972/3666/3009 2973/3667/3010 2971/3665/3008
f 2972/3666/3009 2942/3668/2979 2973/3667/3010
f 2972/3666/3009 2940/3669/2977 2942/3668/2979
f 2940/3669/2977 2972/3666/3009 2974/3670/3011
f 2974/3670/3011 2938/3671/2975 2940/3669/2977
f 2938/3671/2975 2974/3670/3011 2975/3672/3012
f 2975/3672/3012 2936/3673/2973 2938/3671/2975
f 2975/3672/3012 2832/3518/2870 2936/3673/2973
f 2975/3672/3012 2830/3516/2868 2832/3518/2870
f 2830/3516/2868 2975/3672/3012 2974/3670/3011
f 2974/3670/3011 2976/3674/3013 2830/3516/2868
f 2976/3674/3013 2974/3670/3011 2972/3666/3009
f 2976/3674/3013 2972/3666/3009 2970/3664/3007
f 2976/3674/3013 2970/3664/3007 2977/3675/3014
f 2977/3675/3014 2830/3516/2868 2976/3674/3013
f 2977/3675/3014 2828/3514/2866 2830/3516/2868
f 2828/3514/2866 2977/3675/3014 2978/3676/3015
f 2978/3676/3015 2826/3512/2864 2828/3514/2866
f 2826/3512/2864 2978/3676/3015 2979/3677/3016
f 2979/3677/3016 2824/3510/2862 2826/3512/2864
f 2824/3510/2862 2979/3677/3016 2980/3678/3017
f 2980/3678/3017 2822/3508/2860 2824/3510/2862
f 2822/3508/2860 2980/3678/3017 2981/3679/3018
f 2981/3679/3018 2820/3506/2858 2822/3508/2860
f 2820/3506/2858 2981/3679/3018 2960/3654/2997
f 2960/3654/2997 2818/3504/2856 2820/3506/2858
f 2960/3654/2997 2816/3502/2854 2818/3504/2856
f 2816/3502/2854 2960/3654/2997 2958/3652/2995
f 2958/3652/2995 2814/3500/2852 2816/3502/2854
f 2814/3500/2852 2958/3652/2995 2956/3650/2993
f 2956/3650/2993 2812/3498/2850 2814/3500/2852
f 2956/3650/2993 2810/3496/2848 2812/3498/2850
f 2956/3650/2993 2808/3494/2846 2810/3496/2848
f 2808/3494/2846 2956/3650/2993 2954/3648/2991
f 2954/3648/2991 2806/3492/2844 2808/3494/2846
f 2806/3492/2844 2954/3648/2991 2952/3646/2989
f 2952/3646/2989 2804/3490/2842 2806/3492/2844
f 2952/3646/2989 2802/3488/2840 2804/3490/2842
f 2952/3646/2989 2800/3486/2838 2802/3488/2840
f 2800/3486/2838 2952/3646/2989 2950/3644/2987
f 2950/3644/2987 2798/3484/2836 2800/3486/2838
f 2798/3484/2836 2950/3644/2987 2948/3642/2985
f 2948/3642/2985 2796/3482/2834 2798/3484/2836
f 2948/3642/2985 2794/3480/2832 2796/3482/2834
f 2948/3642/2985 2792/3478/2830 2794/3480/2832
f 2792/3478/2830 2948/3642/2985 2946/3640/2983
f 2946/3640/2983 2789/3475/2827 2792/3478/2830
f 2946/3640/2983 2790/3476/2828 2789/3475/2827
f 2790/3476/2828 2946/3640/2983 2944/3638/2981
f 2944/3638/2981 2982/3680/3019 2790/3476/2828
f 2982/3680/3019 2944/3638/2981 2941/3635/2978
f 2941/3635/2978 2983/3681/3020 2982/3680/3019
f 2983/3681/3020 2941/3635/2978 2939/3633/2976
f 2960/3654/2997 2981/3679/3018 2980/3678/3017
f 2980/3678/3017 2962/3656/2999 2960/3654/2997
f 2962/3656/2999 2980/3678/3017 2979/3677/3016
f 2979/3677/3016 2964/3658/3001 2962/3656/2999
f 2964/3658/3001 2979/3677/3016 2978/3676/3015
f 2978/3676/3015 2966/3660/3003 2964/3658/3001
f 2966/3660/3003 2978/3676/3015 2977/3675/3014
f 2977/3675/3014 2968/3662/3005 2966/3660/3003
f 2968/3662/3005 2977/3675/3014 2970/3664/3007
f 2984/3682/3021 2985/3683/3022 2986/3684/3023
f 2985/3683/3022 2984/3682/3021 2987/3685/3021
f 2987/3685/3021 2988/3686/3024 2985/3683/3022
f 2988/3686/3024 2987/3685/3021 2989/3687/3025
f 2989/3687/3025 2990/3688/3026 2988/3686/3024
f 2990/3688/3026 2989/3687/3025 2991/3689/3027
f 2991/3689/3027 2992/3690/3028 2990/3688/3026
f 2992/3690/3028 2991/3689/3027 2993/3691/3029
f 2993/3691/3029 2994/3692/3030 2992/3690/3028
f 2994/3692/3030 2993/3691/3029 2995/3693/3031
f 2995/3693/3031 2996/3694/3032 2994/3692/3030
f 2996/3694/3032 2995/3693/3031 2997/3695/3033
f 2998/3696/3034 2999/3697/3035 3000/3698/3036
f 3000/3698/3036 2985/3699/3022 2998/3696/3034
f 2985/3699/3022 3000/3698/3036 3001/3700/3037
f 3001/3700/3037 2986/3701/3023 2985/3699/3022
f 2996/3702/3032 3002/3703/3038 3003/3704/3039
f 3003/3704/3039 2994/3705/3030 2996/3702/3032
f 2994/3705/3030 3003/3704/3039 3004/3706/3040
f 3004/3706/3040 3005/3707/3041 2994/3705/3030
f 3005/3707/3041 3004/3706/3040 2909/3708/2946
f 2909/3708/2946 3006/3709/3042 3005/3707/3041
f 3007/3710/3043 2913/3711/2950 2929/3712/2966
f 2913/3711/2950 3007/3710/3043 3008/3713/3044
f 3008/3713/3044 2912/3714/2949 2913/3711/2950
f 2912/3714/2949 3008/3713/3044 3009/3715/3045
f 3009/3715/3045 2910/3716/2947 2912/3714/2949
f 2910/3716/2947 3009/3715/3045 3010/3717/3046
f 3010/3717/3046 2909/3718/2946 2910/3716/2947
f 2909/3718/2946 3010/3717/3046 3006/3719/3042
f 3011/3720/3047 2749/3721/2788 2751/3722/2790
f 2749/3721/2788 3011/3720/3047 3012/3723/3048
f 3012/3723/3048 2747/3724/2786 2749/3721/2788
f 2747/3724/2786 3012/3723/3048 3013/3725/3049
f 3013/3725/3049 2745/3726/2784 2747/3724/2786
f 2745/3726/2784 3013/3725/3049 3014/3727/3050
f 3014/3727/3050 2743/3728/2782 2745/3726/2784
f 2743/3728/2782 3014/3727/3050 3015/3729/3051
f 3015/3729/3051 2741/3730/2780 2743/3728/2782
f 2741/3730/2780 3015/3729/3051 3016/3731/3052
f 3016/3731/3052 3017/3732/2782 2741/3730/2780
f 3017/3732/2782 3016/3731/3052 3018/3733/3053
f 3018/3733/3053 3019/3734/3054 3017/3732/2782
f 3019/3734/3054 3018/3733/3053 3020/3735/3055
f 3020/3735/3055 2731/3736/2770 3019/3734/3054
f 2731/3736/2770 3020/3735/3055 3021/3737/3056
f 3021/3737/3056 2729/3738/2768 2731/3736/2770
f 2729/3738/2768 3021/3737/3056 3022/3739/3057
f 3022/3739/3057 2998/3740/3034 2729/3738/2768
f 2998/3740/3034 3022/3739/3057 2999/3741/3035
f 3023/3742/3058 2759/3743/2798 2761/3744/2800
f 2761/3744/2800 3024/3745/3059 3023/3742/3058
f 3024/3745/3059 2761/3744/2800 2763/3746/2802
f 2763/3746/2802 3025/3747/2927 3024/3745/3059
f 3025/3747/2927 2763/3746/2802 2765/3748/2804
f 2765/3748/2804 3026/3749/3060 3025/3747/2927
f 3026/3749/3060 2765/3748/2804 2767/3750/2806
f 2767/3750/2806 3027/3751/3037 3026/3749/3060
f 3027/3751/3037 2767/3750/2806 2769/3752/2808
f 2769/3752/2808 3028/3753/3061 3027/3751/3037
f 3028/3753/3061 2769/3752/2808 3029/3754/3062
f 3029/3754/3062 3030/3755/3063 3028/3753/3061
f 3030/3755/3063 3029/3754/3062 3031/3756/2743
f 3031/3756/2743 3032/3757/3064 3030/3755/3063
f 3032/3757/3064 3031/3756/2743 2779/3758/2817
f 2779/3758/2817 3033/3759/3065 3032/3757/3064
f 3033/3759/3065 2779/3758/2817 2781/3760/2819
f 2781/3760/2819 3034/3761/3066 3033/3759/3065
f 2739/3425/2778 2741/3427/2780 3017/3762/2782
f 3017/3762/2782 2737/3423/2776 2739/3425/2778
f 2737/3423/2776 3017/3762/2782 3019/3763/3054
f 3019/3763/3054 2735/3421/2774 2737/3423/2776
f 2735/3421/2774 3019/3763/3054 2731/3417/2770
f 2731/3417/2770 2733/3419/2772 2735/3421/2774
f 2771/3457/2810 3029/3764/3062 2769/3455/2808
f 3029/3764/3062 2771/3457/2810 2773/3459/2812
f 2773/3459/2812 3031/3765/2743 3029/3764/3062
f 3031/3765/2743 2773/3459/2812 2775/3461/2743
f 2775/3461/2743 2779/3465/2817 3031/3765/2743
f 2779/3465/2817 2775/3461/2743 2777/3463/2815
f 3035/3766/3067 2686/3767/2727 2688/3768/2729
f 2686/3767/2727 3035/3766/3067 3036/3769/3068
f 3036/3769/3068 2684/3770/2725 2686/3767/2727
f 2684/3770/2725 3036/3769/3068 3037/3771/3069
f 3037/3771/3069 2682/3772/2723 2684/3770/2725
f 2682/3772/2723 3037/3771/3069 3038/3773/3070
f 3038/3773/3070 2680/3774/2721 2682/3772/2723
f 3038/3775/3070 2678/3776/2719 2680/3774/2721
f 2678/3776/2719 3038/3775/3070 3039/3777/3071
f 3039/3777/3071 3040/3778/3072 2678/3776/2719
f 3040/3778/3072 3039/3777/3071 3041/3779/3073
f 3041/3779/3073 3042/3780/3074 3040/3778/3072
f 3042/3780/3074 3041/3779/3073 3043/3781/3073
f 3043/3781/3073 2668/3782/2709 3042/3780/3074
f 2668/3782/2709 3043/3781/3073 3044/3783/3075
f 3044/3783/3075 2666/3784/2707 2668/3782/2709
f 2666/3784/2707 3044/3783/3075 3045/3785/3076
f 3045/3785/3076 2781/3786/2819 2666/3784/2707
f 2781/3786/2819 3045/3785/3076 3034/3787/3066
f 2676/3362/2717 2678/3364/2719 3040/3788/3072
f 3040/3788/3072 2674/3360/2715 2676/3362/2717
f 2674/3360/2715 3040/3788/3072 3042/3789/3074
f 3042/3789/3074 2672/3358/2713 2674/3360/2715
f 2672/3358/2713 3042/3789/3074 2668/3354/2709
f 2668/3354/2709 2670/3356/2711 2672/3358/2713
f 3005/3790/3041 2992/3690/3028 2994/3692/3030
f 2992/3690/3028 3005/3790/3041 3046/3791/3077
f 3046/3791/3077 2990/3688/3026 2992/3690/3028
f 2990/3688/3026 3046/3791/3077 3047/3792/3078
f 3047/3792/3078 2988/3686/3024 2990/3688/3026
f 2988/3686/3024 3047/3792/3078 3048/3793/3079
f 3048/3793/3079 2985/3683/3022 2988/3686/3024
f 3048/3793/3079 2998/3794/3034 2985/3683/3022
f 3048/3793/3079 3049/3795/3080 2998/3794/3034
f 3049/3795/3080 3048/3793/3079 3047/3792/3078
f 3047/3792/3078 3050/3796/3081 3049/3795/3080
f 3050/3796/3081 3047/3792/3078 3046/3791/3077
f 3046/3791/3077 3051/3797/3082 3050/3796/3081
f 3051/3797/3082 3046/3791/3077 3005/3790/3041
f 3005/3790/3041 3052/3798/3083 3051/3797/3082
f 3005/3790/3041 3053/3799/3084 3052/3798/3083
f 3053/3799/3084 3005/3790/3041 3006/3800/3042
f 3006/3800/3042 3054/3801/3085 3053/3799/3084
f 3006/3800/3042 3055/3802/3086 3054/3801/3085
f 3055/3802/3086 3006/3800/3042 3056/3803/3087
f 3056/3803/3087 3054/3801/3085 3055/3802/3086
f 3054/3801/3085 3056/3803/3087 3057/3804/3088
f 3057/3804/3088 3058/3805/3089 3054/3801/3085
f 3058/3805/3089 3057/3804/3088 3059/3806/3090
f 3058/3805/3089 3059/3806/3090 2838/3524/2876
f 2838/3524/2876 3054/3801/3085 3058/3805/3089
f 2838/3524/2876 3053/3799/3084 3054/3801/3085
f 3053/3799/3084 2838/3524/2876 3060/3807/3091
f 3060/3807/3091 3052/3798/3083 3053/3799/3084
f 3052/3798/3083 3060/3807/3091 3061/3808/3092
f 3061/3808/3092 3051/3797/3082 3052/3798/3083
f 3051/3797/3082 3061/3808/3092 3062/3809/3093
f 3062/3809/3093 3050/3796/3081 3051/3797/3082
f 3062/3810/3093 3049/3795/3080 3050/3796/3081
f 3062/3810/3093 3063/3811/3094 3049/3795/3080
f 3062/3810/3093 3064/3812/3095 3063/3811/3094
f 3062/3809/3093 3065/3813/3096 3064/3812/3095
f 3065/3813/3096 3062/3809/3093 3061/3808/3092
f 3061/3808/3092 3066/3814/3097 3065/3813/3096
f 3066/3814/3097 3061/3808/3092 3060/3807/3091
f 3066/3814/3097 3060/3807/3091 2838/3524/2876
f 2838/3524/2876 3065/3813/3096 3066/3814/3097
f 3065/3813/3096 2838/3524/2876 2839/3525/2877
f 2839/3525/2877 3064/3812/3095 3065/3813/3096
f 3064/3812/3095 2839/3525/2877 2840/3526/2878
f 3064/3812/3095 2840/3526/2878 3067/3815/3098
f 3067/3815/3098 3063/3811/3094 3064/3812/3095
f 3063/3811/3094 3067/3815/3098 3068/3816/3099
f 3068/3816/3099 3049/3795/3080 3063/3811/3094
f 3049/3795/3080 3068/3816/3099 3069/3817/3100
f 3069/3817/3100 2998/3794/3034 3049/3795/3080
f 2998/3794/3034 3069/3817/3100 3070/3818/3101
f 3070/3818/3101 2729/3415/2768 2998/3794/3034
f 3070/3818/3101 2726/3412/2765 2729/3415/2768
f 3070/3818/3101 2727/3413/2766 2726/3412/2765
f 2727/3413/2766 3070/3818/3101 2842/3528/2880
f 2727/3413/2766 2842/3528/2880 3071/3819/3102
f 3071/3819/3102 2725/3411/2764 2727/3413/2766
f 2725/3411/2764 3071/3819/3102 3072/3820/3103
f 3072/3820/3103 3073/3821/3104 2725/3411/2764
f 3073/3821/3104 3072/3820/3103 3074/3822/3105
f 3073/3821/3104 3074/3822/3105 3075/3823/3106
f 3075/3823/3106 2725/3411/2764 3073/3821/3104
f 3075/3823/3106 2728/3414/2767 2725/3411/2764
f 2728/3414/2767 3075/3823/3106 3076/3824/3107
f 3076/3824/3107 2730/3416/2769 2728/3414/2767
f 2730/3416/2769 3076/3824/3107 3077/3825/3108
f 3077/3825/3108 2732/3418/2771 2730/3416/2769
f 2732/3418/2771 3077/3825/3108 3078/3826/3109
f 3078/3826/3109 2734/3420/2773 2732/3418/2771
f 2734/3420/2773 3078/3826/3109 3079/3827/3110
f 3079/3827/3110 2736/3422/2775 2734/3420/2773
f 2736/3422/2775 3079/3827/3110 3080/3828/3111
f 3080/3828/3111 2738/3424/2777 2736/3422/2775
f 2738/3424/2777 3080/3828/3111 3081/3829/3112
f 3081/3829/3112 2740/3426/2779 2738/3424/2777
f 2740/3426/2779 3081/3829/3112 3082/3830/3113
f 3082/3830/3113 2742/3428/2781 2740/3426/2779
f 2742/3428/2781 3082/3830/3113 3083/3831/3114
f 3083/3831/3114 2744/3430/2783 2742/3428/2781
f 2744/3430/2783 3083/3831/3114 3084/3832/3115
f 3084/3832/3115 2746/3432/2785 2744/3430/2783
f 2746/3432/2785 3084/3832/3115 3085/3833/3116
f 3085/3833/3116 2748/3434/2787 2746/3432/2785
f 2748/3434/2787 3085/3833/3116 3086/3834/3117
f 3086/3834/3117 2750/3436/2789 2748/3434/2787
f 2750/3436/2789 3086/3834/3117 3087/3835/3118
f 3087/3835/3118 2752/3438/2791 2750/3436/2789
f 2752/3438/2791 3087/3835/3118 3088/3836/3119
f 3088/3836/3119 2754/3440/2793 2752/3438/2791
f 2754/3440/2793 3088/3836/3119 2855/3837/2893
f 2855/3837/2893 2756/3442/2795 2754/3440/2793
f 2756/3442/2795 2855/3837/2893 2854/3540/2892
f 2854/3540/2892 2758/3444/2797 2756/3442/2795
f 2758/3444/2797 2854/3540/2892 2857/3543/2895
f 2857/3543/2895 2760/3446/2799 2758/3444/2797
f 2762/3448/2801 2760/3838/2799 3089/3839/3120
f 3089/3839/3120 3086/3834/3117 2762/3448/2801
f 3086/3834/3117 3089/3839/3120 3090/3840/3121
f 3090/3840/3121 3087/3835/3118 3086/3834/3117
f 2762/3448/2801 3086/3834/3117 3085/3833/3116
f 3085/3833/3116 2764/3450/2803 2762/3448/2801
f 2764/3450/2803 3085/3833/3116 3084/3832/3115
f 3084/3832/3115 2766/3452/2805 2764/3450/2803
f 2766/3452/2805 3084/3832/3115 3083/3831/3114
f 3083/3831/3114 2768/3454/2807 2766/3452/2805
f 2768/3454/2807 3083/3831/3114 3082/3830/3113
f 3082/3830/3113 2770/3456/2809 2768/3454/2807
f 2770/3456/2809 3082/3830/3113 3081/3829/3112
f 3081/3829/3112 2772/3458/2811 2770/3456/2809
f 2772/3458/2811 3081/3829/3112 3080/3828/3111
f 3080/3828/3111 2774/3460/2813 2772/3458/2811
f 2774/3460/2813 3080/3828/3111 3079/3827/3110
f 3079/3827/3110 2776/3462/2814 2774/3460/2813
f 2776/3462/2814 3079/3827/3110 3078/3826/3109
f 3078/3826/3109 2778/3464/2816 2776/3462/2814
f 2778/3464/2816 3078/3826/3109 3077/3825/3108
f 3077/3825/3108 2780/3466/2818 2778/3464/2816
f 2780/3466/2818 3077/3825/3108 3076/3824/3107
f 3076/3824/3107 2782/3468/2820 2780/3466/2818
f 2782/3468/2820 3076/3824/3107 3075/3823/3106
f 3075/3823/3106 2784/3470/2822 2782/3468/2820
f 2784/3470/2822 3075/3823/3106 3074/3822/3105
f 3074/3822/3105 2786/3472/2824 2784/3470/2822
f 2786/3472/2824 3074/3822/3105 3072/3820/3103
f 3072/3820/3103 2787/3473/2825 2786/3472/2824
f 2787/3473/2825 3072/3820/3103 2845/3531/2883
f 2845/3531/2883 2785/3471/2823 2787/3473/2825
f 2785/3471/2823 2845/3531/2883 2846/3532/2884
f 2785/3471/2823 2846/3532/2884 3091/3841/3122
f 3091/3841/3122 2783/3469/2821 2785/3471/2823
f 3091/3841/3122 2781/3467/2819 2783/3469/2821
f 3091/3841/3122 2666/3352/2707 2781/3467/2819
f 3091/3841/3122 2663/3349/2704 2666/3352/2707
f 3091/3841/3122 2664/3350/2705 2663/3349/2704
f 2664/3350/2705 3091/3841/3122 2846/3532/2884
f 2846/3532/2884 3092/3842/3123 2664/3350/2705
f 3092/3842/3123 2846/3532/2884 2847/3533/2885
f 3092/3842/3123 2847/3533/2885 2848/3534/2886
f 3092/3842/3123 2848/3534/2886 2866/3553/2904
f 3092/3842/3123 2866/3553/2904 2662/3348/2703
f 2662/3348/2703 2664/3350/2705 3092/3842/3123
f 2844/3530/2882 2845/3531/2883 3072/3820/3103
f 3072/3820/3103 2843/3529/2881 2844/3530/2882
f 2843/3529/2881 3072/3820/3103 3071/3819/3102
f 3071/3819/3102 2842/3528/2880 2843/3529/2881
f 3070/3818/3101 3069/3817/3100 3068/3816/3099
f 3068/3816/3099 3093/3843/3124 3070/3818/3101
f 3093/3843/3124 3068/3816/3099 3067/3815/3098
f 3067/3815/3098 2841/3527/2879 3093/3843/3124
f 2841/3527/2879 3067/3815/3098 2840/3526/2878
f 2842/3528/2880 3093/3843/3124 2841/3527/2879
f 3093/3843/3124 2842/3528/2880 3070/3818/3101
f 2837/3523/2875 2838/3524/2876 3059/3806/3090
f 3059/3806/3090 2836/3522/2874 2837/3523/2875
f 3059/3806/3090 3094/3844/3125 2836/3522/2874
f 3094/3844/3125 3059/3806/3090 3057/3804/3088
f 3057/3804/3088 3095/3845/3126 3094/3844/3125
f 3095/3845/3126 3057/3804/3088 3056/3803/3087
f 3095/3845/3126 3056/3803/3087 3096/3846/3127
f 3095/3845/3126 3096/3846/3127 3097/3847/3128
f 3097/3847/3128 3094/3844/3125 3095/3845/3126
f 3094/3844/3125 3097/3847/3128 3098/3848/3129
f 3098/3848/3129 2836/3522/2874 3094/3844/3125
f 3098/3848/3129 2834/3520/2872 2836/3522/2874
f 2834/3520/2872 3098/3848/3129 3099/3849/3130
f 3099/3849/3130 2835/3521/2873 2834/3520/2872
f 2835/3521/2873 3099/3849/3130 3100/3850/3131
f 3100/3850/3131 2901/3588/2938 2835/3521/2873
f 3100/3850/3131 3101/3851/3132 2901/3588/2938
f 3101/3851/3132 3100/3850/3131 3099/3849/3130
f 3099/3849/3130 3102/3852/3133 3101/3851/3132
f 3102/3852/3133 3099/3849/3130 3098/3848/3129
f 3102/3852/3133 3098/3848/3129 3097/3847/3128
f 3097/3847/3128 3101/3851/3132 3102/3852/3133
f 3101/3851/3132 3097/3847/3128 3096/3846/3127
f 3101/3851/3132 3096/3846/3127 3103/3853/3134
f 3103/3853/3134 2901/3588/2938 3101/3851/3132
f 2901/3588/2938 3103/3853/3134 3104/3854/3135
f 3104/3854/3135 2902/3589/2939 2901/3588/2938
f 2902/3589/2939 3104/3854/3135 3105/3855/3136
f 3105/3855/3136 2916/3603/2953 2902/3589/2939
f 3105/3855/3136 2919/3608/2956 2916/3603/2953
f 2919/3608/2956 3105/3855/3136 3106/3856/3137
f 3106/3856/3137 2920/3609/2957 2919/3608/2956
f 2920/3609/2957 3106/3856/3137 3107/3857/3138
f 3107/3857/3138 3108/3858/3139 2920/3609/2957
f 3108/3858/3139 3107/3857/3138 3109/3859/3140
f 3109/3859/3140 3110/3860/3141 3108/3858/3139
f 3110/3860/3141 3109/3859/3140 3111/3861/3142
f 3111/3861/3142 3112/3862/3143 3110/3860/3141
f 3112/3862/3143 3111/3861/3142 3113/3863/3144
f 3113/3863/3144 3007/3864/3043 3112/3862/3143
f 3007/3864/3043 3113/3863/3144 3114/3865/3145
f 3114/3865/3145 3008/3866/3044 3007/3864/3043
f 3113/3863/3144 3115/3867/3146 3114/3868/3145
f 3115/3867/3146 3113/3863/3144 3111/3861/3142
f 3111/3861/3142 3116/3869/3095 3115/3867/3146
f 3116/3869/3095 3111/3861/3142 3109/3859/3140
f 3109/3859/3140 3117/3870/3147 3116/3869/3095
f 3117/3870/3147 3109/3859/3140 3107/3857/3138
f 3117/3870/3147 3107/3857/3138 3106/3856/3137
f 3106/3856/3137 3118/3871/3148 3117/3870/3147
f 3118/3871/3148 3106/3856/3137 3105/3855/3136
f 3105/3855/3136 3119/3872/3149 3118/3871/3148
f 3119/3872/3149 3105/3855/3136 3104/3854/3135
f 3104/3854/3135 3120/3873/3150 3119/3872/3149
f 3120/3873/3150 3104/3854/3135 3103/3853/3134
f 3103/3853/3134 3121/3874/3151 3120/3873/3150
f 3121/3874/3151 3103/3853/3134 3096/3846/3127
f 3096/3846/3127 3122/3875/3152 3121/3874/3151
f 3122/3875/3152 3096/3846/3127 3056/3803/3087
f 3122/3875/3152 3056/3803/3087 3006/3800/3042
f 3122/3875/3152 3006/3800/3042 3010/3876/3046
f 3122/3875/3152 3010/3876/3046 3123/3877/3153
f 3123/3877/3153 3121/3874/3151 3122/3875/3152
f 3121/3874/3151 3123/3877/3153 3124/3878/3154
f 3124/3878/3154 3120/3873/3150 3121/3874/3151
f 3120/3873/3150 3124/3878/3154 3125/3879/3027
f 3125/3879/3027 3119/3872/3149 3120/3873/3150
f 3119/3872/3149 3125/3879/3027 3126/3880/3155
f 3126/3880/3155 3118/3871/3148 3119/3872/3149
f 3126/3880/3155 3117/3870/3147 3118/3871/3148
f 3117/3870/3147 3126/3880/3155 3127/3881/3027
f 3127/3881/3027 3116/3869/3095 3117/3870/3147
f 3116/3869/3095 3127/3881/3027 3128/3882/3025
f 3128/3882/3025 3115/3867/3146 3116/3869/3095
f 3115/3867/3146 3128/3882/3025 3129/3883/3156
f 3129/3883/3156 3114/3868/3145 3115/3867/3146
f 3129/3883/3156 3008/3866/3044 3114/3868/3145
f 3129/3883/3156 3009/3884/3045 3008/3866/3044
f 3009/3884/3045 3129/3883/3156 3130/3885/3157
f 3130/3885/3157 3010/3876/3046 3009/3884/3045
f 3130/3885/3157 3131/3886/3158 3010/3876/3046
f 3131/3886/3158 3130/3885/3157 3129/3883/3156
f 3131/3886/3158 3129/3883/3156 3128/3882/3025
f 3128/3882/3025 3132/3887/3095 3131/3886/3158
f 3132/3887/3095 3128/3882/3025 3127/3881/3027
f 3132/3887/3095 3127/3881/3027 3126/3880/3155
f 3132/3887/3095 3126/3880/3155 3125/3879/3027
f 3132/3887/3095 3125/3879/3027 3124/3878/3154
f 3124/3878/3154 3131/3886/3158 3132/3887/3095
f 3131/3886/3158 3124/3878/3154 3123/3877/3153
f 3123/3877/3153 3010/3876/3046 3131/3886/3158
f 2907/3594/2944 2909/3596/2946 3004/3888/3040
f 3004/3888/3040 3133/3889/3159 2907/3594/2944
f 3133/3889/3159 3004/3888/3040 3003/3890/3039
f 3003/3890/3039 3134/3891/3160 3133/3889/3159
f 3134/3891/3160 3003/3890/3039 3002/3892/3038
f 3134/3891/3160 3002/3892/3038 3135/3893/3161
f 3134/3891/3160 3135/3893/3161 3136/3894/3162
f 3136/3894/3162 3133/3889/3159 3134/3891/3160
f 3136/3894/3162 3137/3895/3163 3133/3889/3159
f 3137/3895/3163 3136/3894/3162 3138/3896/3164
f 3138/3896/3164 3139/3897/3165 3137/3895/3163
f 3138/3896/3164 3000/3898/3036 3139/3897/3165
f 3138/3896/3164 3001/3899/3037 3000/3898/3036
f 3138/3896/3164 3140/3900/3166 3001/3899/3037
f 3140/3900/3166 3138/3896/3164 3136/3894/3162
f 3136/3894/3162 3141/3901/3167 3140/3900/3166
f 3141/3901/3167 3136/3894/3162 3135/3893/3161
f 2999/3902/3035 3139/3897/3165 3000/3898/3036
f 3139/3897/3165 2999/3902/3035 3022/3903/3057
f 3022/3903/3057 3142/3904/3168 3139/3897/3165
f 3142/3904/3168 3022/3903/3057 3021/3905/3056
f 3021/3905/3056 3143/3906/3169 3142/3904/3168
f 3143/3906/3169 3021/3905/3056 3020/3907/3055
f 3020/3907/3055 3144/3908/3170 3143/3906/3169
f 3144/3908/3170 3020/3907/3055 3018/3909/3053
f 3144/3908/3170 3018/3909/3053 3145/3910/3171
f 3145/3910/3171 3146/3911/3172 3144/3908/3170
f 3146/3911/3172 3145/3910/3171 3147/3912/3173
f 3147/3912/3173 3148/3913/3174 3146/3911/3172
f 3148/3913/3174 3147/3912/3173 3149/3914/3175
f 3148/3913/3174 3149/3914/3175 3030/3915/3063
f 3148/3913/3174 3030/3915/3063 3032/3916/3064
f 3032/3916/3064 3150/3917/3176 3148/3913/3174
f 3150/3917/3176 3032/3916/3064 3033/3918/3065
f 3033/3918/3065 3151/3919/3177 3150/3917/3176
f 3151/3919/3177 3033/3918/3065 3034/3920/3066
f 3034/3920/3066 3152/3921/3178 3151/3919/3177
f 3152/3921/3178 3034/3920/3066 3045/3922/3076
f 3045/3922/3076 3153/3923/3179 3152/3921/3178
f 3153/3923/3179 3045/3922/3076 3044/3924/3075
f 3044/3924/3075 3154/3925/3180 3153/3923/3179
f 3154/3925/3180 3044/3924/3075 3043/3926/3073
f 3043/3926/3073 3155/3927/3181 3154/3925/3180
f 3155/3927/3181 3043/3926/3073 3041/3928/3073
f 3041/3928/3073 3156/3929/3181 3155/3927/3181
f 3156/3929/3181 3041/3928/3073 3039/3930/3071
f 3039/3930/3071 3157/3931/3182 3156/3929/3181
f 3157/3931/3182 3039/3930/3071 3038/3932/3070
f 3157/3931/3182 3038/3933/3070 3158/3934/3183
f 3158/3934/3183 3159/3935/3184 3157/3931/3182
f 3159/3935/3184 3158/3934/3183 3160/3936/3185
f 3160/3936/3185 3161/3937/3186 3159/3935/3184
f 3161/3937/3186 3160/3936/3185 3162/3938/3187
f 3161/3937/3186 3162/3938/3187 2889/3939/2926
f 3161/3937/3186 2889/3939/2926 2888/3940/2925
f 2888/3940/2925 3163/3941/3188 3161/3937/3186
f 3163/3941/3188 2888/3940/2925 2887/3942/2924
f 2887/3942/2924 3164/3943/3189 3163/3941/3188
f 3164/3943/3189 2887/3942/2924 2893/3944/2930
f 2893/3944/2930 3165/3945/3190 3164/3943/3189
f 3165/3945/3190 2893/3944/2930 2894/3946/2931
f 2894/3946/2931 3166/3947/3191 3165/3945/3190
f 3166/3947/3191 2894/3946/2931 2884/3948/2921
f 2884/3948/2921 3167/3949/3192 3166/3947/3191
f 3167/3949/3192 2884/3948/2921 2865/3950/2903
f 2865/3950/2903 3168/3951/3193 3167/3949/3192
f 3168/3951/3193 2865/3950/2903 2852/3952/2890
f 3168/3951/3193 2852/3952/2890 2931/3953/2968
f 3168/3951/3193 2931/3953/2968 3169/3954/3194
f 3169/3954/3194 3167/3949/3192 3168/3951/3193
f 3169/3954/3194 3170/3955/3195 3167/3949/3192
f 3170/3955/3195 3169/3954/3194 3171/3956/3196
f 3171/3956/3196 3152/3921/3178 3170/3955/3195
f 3152/3921/3178 3171/3956/3196 3172/3957/3197
f 3172/3957/3197 3151/3919/3177 3152/3921/3178
f 3151/3919/3177 3172/3957/3197 3173/3958/3198
f 3173/3958/3198 3174/3959/3199 3151/3919/3177
f 3174/3959/3199 3173/3958/3198 3175/3960/3200
f 3175/3960/3200 3142/3904/3168 3174/3959/3199
f 3142/3904/3168 3175/3960/3200 3176/3961/3201
f 3176/3961/3201 3139/3897/3165 3142/3904/3168
f 3139/3897/3165 3176/3961/3201 3177/3962/3202
f 3177/3962/3202 3137/3895/3163 3139/3897/3165
f 3137/3895/3163 3177/3962/3202 3178/3963/3203
f 3178/3963/3203 3133/3889/3159 3137/3895/3163
f 3133/3889/3159 3178/3963/3203 3179/3964/3204
f 3179/3964/3204 2907/3594/2944 3133/3889/3159
f 2907/3594/2944 3179/3964/3204 3180/3965/3205
f 3180/3965/3205 2905/3592/2942 2907/3594/2944
f 2905/3592/2942 3180/3965/3205 3181/3966/3206
f 3181/3966/3206 2903/3590/2940 2905/3592/2942
f 3181/3966/3206 2900/3587/2937 2903/3590/2940
f 3181/3966/3206 2899/3586/2936 2900/3587/2937
f 3181/3966/3206 2898/3585/2935 2899/3586/2936
f 2898/3585/2935 3181/3966/3206 3180/3965/3205
f 3180/3965/3205 2897/3584/2934 2898/3585/2935
f 2897/3584/2934 3180/3965/3205 3179/3964/3204
f 2897/3584/2934 3179/3964/3204 3178/3963/3203
f 2897/3584/2934 3178/3963/3203 3177/3962/3202
f 3177/3962/3202 2896/3583/2933 2897/3584/2934
f 2896/3583/2933 3177/3962/3202 3176/3961/3201
f 2896/3583/2933 3176/3961/3201 3175/3960/3200
f 2896/3583/2933 3175/3960/3200 3173/3958/3198
f 3173/3958/3198 2895/3582/2932 2896/3583/2933
f 2895/3582/2932 3173/3958/3198 3172/3957/3197
f 2895/3582/2932 3172/3957/3197 3171/3956/3196
f 3171/3956/3196 2933/3967/2970 2895/3582/2932
f 2933/3967/2970 3171/3956/3196 3169/3954/3194
f 3169/3954/3194 2931/3953/2968 2933/3967/2970
f 3166/3947/3191 3167/3949/3192 3170/3955/3195
f 3170/3955/3195 3182/3968/3207 3166/3947/3191
f 3182/3968/3207 3170/3955/3195 3152/3921/3178
f 3182/3968/3207 3152/3921/3178 3153/3923/3179
f 3182/3968/3207 3153/3923/3179 3183/3969/3208
f 3183/3969/3208 3166/3947/3191 3182/3968/3207
f 3183/3969/3208 3165/3945/3190 3166/3947/3191
f 3165/3945/3190 3183/3969/3208 3184/3970/3209
f 3184/3970/3209 3164/3943/3189 3165/3945/3190
f 3164/3943/3189 3184/3970/3209 3185/3971/3210
f 3185/3971/3210 3163/3941/3188 3164/3943/3189
f 3185/3971/3210 3161/3937/3186 3163/3941/3188
f 3185/3971/3210 3159/3935/3184 3161/3937/3186
f 3185/3971/3210 3157/3931/3182 3159/3935/3184
f 3185/3971/3210 3156/3929/3181 3157/3931/3182
f 3156/3929/3181 3185/3971/3210 3184/3970/3209
f 3184/3970/3209 3155/3927/3181 3156/3929/3181
f 3155/3927/3181 3184/3970/3209 3183/3969/3208
f 3183/3969/3208 3154/3925/3180 3155/3927/3181
f 3154/3925/3180 3183/3969/3208 3153/3923/3179
f 3150/3917/3176 3151/3919/3177 3174/3959/3199
f 3174/3959/3199 3186/3972/3211 3150/3917/3176
f 3186/3972/3211 3174/3959/3199 3142/3904/3168
f 3186/3972/3211 3142/3904/3168 3143/3906/3169
f 3186/3972/3211 3143/3906/3169 3146/3911/3172
f 3146/3911/3172 3150/3917/3176 3186/3972/3211
f 3150/3917/3176 3146/3911/3172 3148/3913/3174
f 3144/3908/3170 3146/3911/3172 3143/3906/3169
f 3011/3973/3047 3187/3974/3212 3188/3975/3213
f 3187/3974/3212 3011/3973/3047 2751/3437/2790
f 3187/3974/3212 2751/3437/2790 2753/3439/2792
f 3187/3974/3212 2753/3439/2792 3189/3976/3214
f 3189/3976/3214 3188/3975/3213 3187/3974/3212
f 3189/3976/3214 3190/3977/3215 3188/3975/3213
f 3190/3977/3215 3189/3976/3214 3191/3978/3216
f 3191/3978/3216 3192/3979/3217 3190/3977/3215
f 3191/3978/3216 3023/3980/3058 3192/3979/3217
f 3191/3978/3216 2759/3445/2798 3023/3980/3058
f 3191/3978/3216 2757/3443/2796 2759/3445/2798
f 2757/3443/2796 3191/3978/3216 3189/3976/3214
f 3189/3976/3214 2755/3441/2794 2757/3443/2796
f 2755/3441/2794 3189/3976/3214 2753/3439/2792
f 2855/3541/2893 3193/3981/3218 2856/3542/2894
f 3193/3981/3218 2855/3541/2893 3088/3836/3119
f 3193/3981/3218 3088/3836/3119 3087/3835/3118
f 3193/3981/3218 3087/3835/3118 3090/3840/3121
f 3193/3981/3218 3090/3840/3121 3089/3839/3120
f 3193/3981/3218 3089/3839/3120 2760/3838/2799
f 3193/3981/3218 2760/3838/2799 2857/3982/2895
f 2857/3982/2895 2856/3542/2894 3193/3981/3218
f 3194/3983/3219 3195/3984/3220 3196/3985/3221
f 3196/3985/3221 3197/3986/3222 3194/3983/3219
f 3196/3985/3221 3198/3987/3223 3197/3986/3222
f 3196/3985/3221 3199/3988/3224 3198/3987/3223
f 3196/3985/3221 3200/3989/3225 3199/3988/3224
f 3196/3985/3221 3201/3990/3226 3200/3989/3225
f 3196/3985/3221 3202/3991/3227 3201/3990/3226
f 3196/3985/3221 3203/3992/3228 3202/3991/3227
f 3196/3985/3221 3204/3993/3229 3203/3992/3228
f 3204/3993/3229 3196/3985/3221 3195/3984/3220
f 3201/3990/3226 3205/3994/3230 3206/3995/3231
f 3205/3994/3230 3201/3990/3226 3202/3991/3227
f 3202/3991/3227 3207/3996/3232 3205/3994/3230
f 3202/3991/3227 3208/3997/3233 3207/3996/3232
f 3208/3997/3233 3202/3991/3227 3203/3992/3228
f 3203/3992/3228 3209/3998/3234 3208/3997/3233
f 3203/3992/3228 3210/3999/3235 3209/3998/3234
f 3210/3999/3235 3203/3992/3228 3204/3993/3229
f 3204/3993/3229 3211/4000/3236 3210/3999/3235
f 3204/3993/3229 3212/4001/3237 3211/4000/3236
f 3212/4001/3237 3204/3993/3229 3195/3984/3220
f 3195/3984/3220 3213/4002/3238 3212/4001/3237
f 3213/4002/3238 3195/3984/3220 3194/3983/3219
f 3194/3983/3219 3214/4003/3239 3213/4002/3238
f 3194/3983/3219 3215/4004/3240 3214/4003/3239
f 3215/4004/3240 3194/3983/3219 3197/3986/3222
f 3197/3986/3222 3216/4005/3241 3215/4004/3240
f 3197/3986/3222 3217/4006/3242 3216/4005/3241
f 3217/4006/3242 3197/3986/3222 3198/3987/3223
f 3198/3987/3223 3218/4007/3243 3217/4006/3242
f 3198/3987/3223 3219/4008/3244 3218/4007/3243
f 3219/4008/3244 3198/3987/3223 3199/3988/3224
f 3199/3988/3224 3220/4009/3245 3219/4008/3244
f 3199/3988/3224 3221/4010/3246 3220/4009/3245
f 3221/4010/3246 3199/3988/3224 3200/3989/3225
f 3200/3989/3225 3222/4011/3247 3221/4010/3246
f 3200/3989/3225 3223/4012/3248 3222/4011/3247
f 3200/3989/3225 3224/4013/3249 3223/4012/3248
f 3224/4013/3249 3200/3989/3225 3201/3990/3226
f 3201/3990/3226 3225/4014/3250 3224/4013/3249
f 3225/4014/3250 3201/3990/3226 3206/3995/3231
f 2967/4015/3004 3226/4016/3251 2965/4017/3002
f 3226/4016/3251 2967/4015/3004 2969/4018/3006
f 2969/4018/3006 3227/4019/3252 3226/4016/3251
f 3227/4019/3252 2969/4018/3006 2971/4020/3008
f 2971/4020/3008 3228/4021/3253 3227/4019/3252
f 3228/4021/3253 2971/4020/3008 2973/4022/3010
f 3228/4021/3253 2973/4022/3010 2942/4023/2979
f 2942/4023/2979 3229/4024/3254 3228/4021/3253
f 3229/4024/3254 2942/4023/2979 2943/4025/2980
f 2943/4025/2980 3230/4026/3255 3229/4024/3254
f 3230/4026/3255 2943/4025/2980 2945/4027/2982
f 2945/4027/2982 3231/4028/3256 3230/4026/3255
f 3231/4028/3256 2945/4027/2982 2947/4029/2984
f 3231/4028/3256 2947/4029/2984 2949/4030/2986
f 3231/4028/3256 2949/4030/2986 2951/4031/2988
f 2951/4031/2988 3232/4032/3257 3231/4028/3256
f 3232/4032/3257 2951/4031/2988 2953/4033/2990
f 2953/4033/2990 3233/4034/3258 3232/4032/3257
f 3233/4034/3258 2953/4033/2990 2955/4035/2992
f 2955/4035/2992 3234/4036/3259 3233/4034/3258
f 3234/4036/3259 2955/4035/2992 2957/4037/2994
f 3234/4036/3259 2957/4037/2994 2959/4038/2996
f 3234/4036/3259 2959/4038/2996 2961/4039/2998
f 2961/4039/2998 3235/4040/3260 3234/4036/3259
f 3235/4040/3260 2961/4039/2998 2963/4041/3000
f 3235/4040/3260 2963/4041/3000 2965/4017/3002
f 3235/4040/3260 2965/4017/3002 3226/4016/3251
f 3235/4040/3260 3226/4016/3251 3236/4042/3261
f 3236/4042/3261 3234/4036/3259 3235/4040/3260
f 3236/4042/3261 3233/4034/3258 3234/4036/3259
f 3233/4034/3258 3236/4042/3261 3237/4043/3262
f 3237/4043/3262 3232/4032/3257 3233/4034/3258
f 3237/4043/3262 3231/4028/3256 3232/4032/3257
f 3237/4043/3262 3230/4026/3255 3231/4028/3256
f 3237/4043/3262 3229/4024/3254 3230/4026/3255
f 3237/4043/3262 3228/4021/3253 3229/4024/3254
f 3228/4021/3253 3237/4043/3262 3236/4042/3261
f 3236/4042/3261 3227/4019/3252 3228/4021/3253
f 3227/4019/3252 3236/4042/3261 3226/4016/3251
f 3035/4044/3067 3238/4045/3263 3239/4046/3264
f 3238/4045/3263 3035/4044/3067 2688/3374/2729
f 3238/4045/3263 2688/3374/2729 2690/3376/2731
f 3238/4045/3263 2690/3376/2731 3240/4047/3265
f 3240/4047/3265 3239/4046/3264 3238/4045/3263
f 3240/4047/3265 3241/4048/3266 3239/4046/3264
f 3241/4048/3266 3240/4047/3265 3242/4049/3267
f 3242/4049/3267 3243/4050/3268 3241/4048/3266
f 3242/4049/3267 2892/4051/2929 3243/4050/3268
f 3242/4049/3267 2696/3382/2737 2892/4051/2929
f 3242/4049/3267 2694/3380/2735 2696/3382/2737
f 2694/3380/2735 3242/4049/3267 3240/4047/3265
f 3240/4047/3265 2692/3378/2733 2694/3380/2735
f 2692/3378/2733 3240/4047/3265 2690/3376/2731
f 2860/3546/2898 3244/4052/3269 2861/3549/2899
f 3244/4052/3269 2860/3546/2898 2859/3545/2897
f 3244/4052/3269 2859/3545/2897 2882/3569/2919
f 3244/4052/3269 2882/3569/2919 2883/3570/2920
f 3244/4052/3269 2883/3570/2920 2881/3568/2918
f 3244/4052/3269 2881/3568/2918 2864/3551/2902
f 3244/4052/3269 2864/3551/2902 2863/3550/2901
f 2863/3550/2901 2861/3549/2899 3244/4052/3269
f 3245/4053/3270 3014/4054/3050 3013/4055/3049
f 3013/4055/3049 3246/4056/3271 3245/4053/3270
f 3246/4056/3271 3013/4055/3049 3012/4057/3048
f 3012/4057/3048 3247/4058/3272 3246/4056/3271
f 3247/4058/3272 3012/4057/3048 3011/4059/3047
f 3247/4058/3272 3011/4059/3047 3188/4060/3213
f 3188/4060/3213 3248/4061/3273 3247/4058/3272
f 3248/4061/3273 3188/4060/3213 3190/4062/3215
f 3190/4062/3215 3249/4063/3274 3248/4061/3273
f 3249/4063/3274 3190/4062/3215 3192/4064/3217
f 3249/4063/3274 3192/4064/3217 3023/4065/3058
f 3249/4063/3274 3023/4065/3058 3024/4066/3059
f 3024/4066/3059 3250/4067/3275 3249/4063/3274
f 3250/4067/3275 3024/4066/3059 3025/4068/2927
f 3250/4067/3275 3025/4068/2927 3026/4069/3060
f 3250/4067/3275 3026/4069/3060 3251/4070/3276
f 3251/4070/3276 3252/4071/3277 3250/4067/3275
f 3252/4071/3277 3251/4070/3276 3253/4072/3278
f 3252/4071/3277 3253/4072/3278 3245/4053/3270
f 3252/4071/3277 3245/4053/3270 3246/4056/3271
f 3252/4071/3277 3246/4056/3271 3248/4061/3273
f 3248/4061/3273 3250/4067/3275 3252/4071/3277
f 3250/4067/3275 3248/4061/3273 3249/4063/3274
f 3247/4058/3272 3248/4061/3273 3246/4056/3271
f 3015/4073/3051 3014/4054/3050 3245/4053/3270
f 3245/4053/3270 3254/4074/3279 3015/4073/3051
f 3254/4074/3279 3245/4053/3270 3253/4072/3278
f 3253/4072/3278 3255/4075/3280 3254/4074/3279
f 3255/4075/3280 3253/4072/3278 3251/4070/3276
f 3251/4070/3276 3256/4076/3281 3255/4075/3280
f 3256/4076/3281 3251/4070/3276 3026/4069/3060
f 3256/4076/3281 3026/4069/3060 3027/4077/3037
f 3027/4077/3037 3257/4078/3282 3256/4076/3281
f 3257/4078/3282 3027/4077/3037 3028/4079/3061
f 3257/4078/3282 3028/4079/3061 3030/3915/3063
f 3257/4078/3282 3030/3915/3063 3149/3914/3175
f 3257/4078/3282 3149/3914/3175 3258/4080/3283
f 3258/4080/3283 3256/4076/3281 3257/4078/3282
f 3258/4080/3283 3255/4075/3280 3256/4076/3281
f 3255/4075/3280 3258/4080/3283 3259/4081/3284
f 3259/4081/3284 3254/4074/3279 3255/4075/3280
f 3259/4081/3284 3015/4073/3051 3254/4074/3279
f 3259/4081/3284 3016/4082/3052 3015/4073/3051
f 3259/4081/3284 3018/3909/3053 3016/4082/3052
f 3259/4081/3284 3145/3910/3171 3018/3909/3053
f 3145/3910/3171 3259/4081/3284 3258/4080/3283
f 3258/4080/3283 3147/3912/3173 3145/3910/3171
f 3147/3912/3173 3258/4080/3283 3149/3914/3175
f 3036/4083/3068 3035/4084/3067 3239/4085/3264
f 3239/4085/3264 3260/4086/3285 3036/4083/3068
f 3260/4086/3285 3239/4085/3264 3241/4087/3266
f 3241/4087/3266 3261/4088/3286 3260/4086/3285
f 3261/4088/3286 3241/4087/3266 3243/4089/3268
f 3243/4089/3268 3262/4090/3287 3261/4088/3286
f 3262/4090/3287 3243/4089/3268 2892/4091/2929
f 3262/4090/3287 2892/4091/2929 2891/4092/2928
f 2891/4092/2928 3263/4093/3288 3262/4090/3287
f 3263/4093/3288 2891/4092/2928 2890/4094/2927
f 3263/4093/3288 2890/4094/2927 2889/3939/2926
f 3263/4093/3288 2889/3939/2926 3162/3938/3187
f 3263/4093/3288 3162/3938/3187 3264/4095/3289
f 3264/4095/3289 3262/4090/3287 3263/4093/3288
f 3264/4095/3289 3261/4088/3286 3262/4090/3287
f 3261/4088/3286 3264/4095/3289 3265/4096/3290
f 3265/4096/3290 3260/4086/3285 3261/4088/3286
f 3265/4096/3290 3036/4083/3068 3260/4086/3285
f 3265/4096/3290 3037/4097/3069 3036/4083/3068
f 3265/4096/3290 3038/3933/3070 3037/4097/3069
f 3265/4096/3290 3158/3934/3183 3038/3933/3070
f 3158/3934/3183 3265/4096/3290 3264/4095/3289
f 3264/4095/3289 3160/3936/3185 3158/3934/3183
f 3160/3936/3185 3264/4095/3289 3162/3938/3187
f 3266/4098/3291 3267/4099/3292 3268/4100/3293
f 3267/4099/3292 3266/4098/3291 3269/4101/3294
f 3268/4100/3293 3270/4102/3295 3266/4098/3291
f 3270/4102/3295 3268/4100/3293 3271/4103/3296
f 3271/4103/3296 3272/4104/3297 3270/4102/3295
f 3272/4104/3297 3271/4103/3296 3273/4105/3298
f 3273/4105/3298 3269/4101/3294 3272/4104/3297
f 3269/4101/3294 3273/4105/3298 3267/4099/3292
f 3274/4106/3299 3275/4107/3300 3276/4108/3301
f 3276/4108/3301 3277/4109/3302 3274/4106/3299
f 3277/4109/3302 3276/4108/3301 3278/4110/3303
f 3278/4110/3303 3279/4111/3304 3277/4109/3302
f 3279/4111/3304 3278/4110/3303 3280/4112/3305
f 3280/4112/3305 3281/4113/3306 3279/4111/3304
f 3281/4113/3306 3280/4112/3305 3275/4107/3300
f 3275/4107/3300 3274/4106/3299 3281/4113/3306
f 3282/4114/3307 3283/4115/3308 3284/4116/3309
f 3284/4116/3309 3285/4117/3310 3282/4114/3307
f 3285/4117/3310 3284/4116/3309 3286/4118/3311
f 3286/4118/3311 3287/4119/3312 3285/4117/3310
f 3287/4119/3312 3286/4118/3311 3288/4120/3313
f 3288/4120/3313 3289/4121/3314 3287/4119/3312
f 3289/4121/3314 3288/4120/3313 3290/4122/3315
f 3290/4122/3315 3291/4123/3316 3289/4121/3314
f 3291/4123/3316 3290/4122/3315 3292/4124/3317
f 3292/4124/3317 3293/4125/3318 3291/4123/3316
f 3293/4125/3318 3292/4124/3317 3294/4126/3319
f 3294/4126/3319 3295/4127/3320 3293/4125/3318
f 3295/4127/3320 3294/4126/3319 3296/4128/3321
f 3296/4128/3321 3293/4125/3318 3295/4127/3320
f 3296/4128/3321 3291/4123/3316 3293/4125/3318
f 3291/4123/3316 3296/4128/3321 3297/4129/3322
f 3297/4129/3322 3289/4121/3314 3291/4123/3316
f 3289/4121/3314 3297/4129/3322 3298/4130/3323
f 3298/4130/3323 3287/4119/3312 3289/4121/3314
f 3298/4130/3323 3285/4117/3310 3287/4119/3312
f 3298/4130/3323 3282/4114/3307 3285/4117/3310
f 3298/4130/3323 3283/4115/3308 3282/4114/3307
f 3298/4130/3323 3299/4131/3324 3283/4115/3308
f 3299/4131/3324 3298/4130/3323 3297/4129/3322
f 3297/4129/3322 3300/4132/3325 3299/4131/3324
f 3300/4132/3325 3297/4129/3322 3296/4128/3321
f 3296/4128/3321 3301/4133/3326 3300/4132/3325
f 3301/4133/3326 3296/4128/3321 3294/4126/3319
f 3302/4134/3327 3303/4135/3328 3304/4136/3329
f 3304/4136/3329 3305/4137/3330 3302/4134/3327
f 3305/4137/3330 3304/4136/3329 3306/4138/3331
f 3306/4138/3331 3307/4139/3332 3305/4137/3330
f 3307/4139/3332 3306/4138/3331 3308/4140/3333
f 3308/4140/3333 3309/4141/3334 3307/4139/3332
f 3309/4141/3334 3308/4140/3333 3310/4142/3335
f 3310/4142/3335 3311/4143/3336 3309/4141/3334
f 3311/4143/3336 3310/4142/3335 3312/4144/3337
f 3312/4144/3337 3313/4145/3338 3311/4143/3336
f 3313/4145/3338 3312/4144/3337 3314/4146/3339
f 3314/4146/3339 3315/4147/3340 3313/4145/3338
f 3315/4147/3340 3314/4146/3339 3316/4148/3341
f 3316/4148/3341 3313/4145/3338 3315/4147/3340
f 3316/4148/3341 3311/4143/3336 3313/4145/3338
f 3311/4143/3336 3316/4148/3341 3317/4149/3342
f 3317/4149/3342 3309/4141/3334 3311/4143/3336
f 3309/4141/3334 3317/4149/3342 3318/4150/3343
f 3318/4150/3343 3307/4139/3332 3309/4141/3334
f 3318/4150/3343 3305/4137/3330 3307/4139/3332
f 3318/4150/3343 3302/4134/3327 3305/4137/3330
f 3318/4150/3343 3303/4135/3328 3302/4134/3327
f 3318/4150/3343 3319/4151/3344 3303/4135/3328
f 3319/4151/3344 3318/4150/3343 3317/4149/3342
f 3317/4149/3342 3320/4152/3345 3319/4151/3344
f 3320/4152/3345 3317/4149/3342 3316/4148/3341
f 3316/4148/3341 3321/4153/3346 3320/4152/3345
f 3321/4153/3346 3316/4148/3341 3314/4146/3339
f 3322/4154/3021 3323/4155/3347 3324/4156/3348
f 3324/4156/3348 3325/4157/3021 3322/4154/3021
f 3325/4157/3021 3324/4156/3348 3326/4158/3349
f 3326/4158/3349 3327/4159/3350 3325/4157/3021
f 3327/4159/3350 3326/4158/3349 3328/4160/3351
f 3329/4161/3352 3330/4162/3353 3328/4163/3351
f 3330/4162/3353 3329/4161/3352 3331/4164/3354
f 3331/4164/3354 3332/4165/3355 3330/4162/3353
f 3332/4165/3355 3331/4164/3354 3333/4166/2744
f 3333/4166/2744 3334/4167/3356 3332/4165/3355
f 3334/4167/3356 3333/4166/2744 3335/4168/3357
f 3335/4168/3357 3336/4169/3358 3334/4167/3356
f 3336/4169/3358 3335/4168/3357 3337/4170/3359
f 3337/4170/3359 3338/4171/3023 3336/4169/3358
f 3338/4171/3023 3337/4170/3359 3339/4172/3360
f 3339/4172/3360 3340/4173/3361 3338/4171/3023
f 3340/4173/3361 3339/4172/3360 3341/4174/3362
f 3341/4174/3362 3342/4175/3363 3340/4173/3361
f 3342/4175/3363 3341/4174/3362 3343/4176/3364
f 3343/4176/3364 3344/4177/3365 3342/4175/3363
f 3344/4177/3365 3343/4176/3364 3345/4178/3366
f 3345/4178/3366 3346/4179/3367 3344/4177/3365
f 3346/4179/3367 3345/4178/3366 3347/4180/3368
f 3347/4180/3368 3348/4181/3369 3346/4179/3367
f 3348/4181/3369 3347/4180/3368 3349/4182/3370
f 3349/4182/3370 3350/4183/3371 3348/4181/3369
f 3350/4183/3371 3349/4182/3370 3351/4184/3372
f 3351/4184/3372 3352/4185/3373 3350/4183/3371
f 3352/4185/3373 3351/4184/3372 3353/4186/3374
f 3353/4186/3374 3354/4187/3375 3352/4185/3373
f 3354/4187/3375 3353/4186/3374 3355/4188/3376
f 3355/4188/3376 3356/4189/2782 3354/4187/3375
f 3356/4189/2782 3355/4188/3376 3357/4190/3377
f 3357/4190/3377 3358/4191/3378 3356/4189/2782
f 3358/4191/3378 3357/4190/3377 3359/4192/3379
f 3359/4192/3379 3360/4193/3380 3358/4191/3378
f 3360/4193/3380 3359/4192/3379 3361/4194/3376
f 3361/4194/3376 3362/4195/3381 3360/4193/3380
f 3362/4195/3381 3361/4194/3376 3363/4196/3382
f 3363/4196/3382 3364/4197/3383 3362/4195/3381
f 3364/4197/3383 3363/4196/3382 3365/4198/3384
f 3365/4198/3384 3366/4199/3385 3364/4197/3383
f 3367/4200/3386 3368/4201/3387 3369/4202/3388
f 3368/4201/3387 3367/4200/3386 3370/4203/3389
f 3370/4203/3389 3371/4204/3390 3368/4201/3387
f 3371/4204/3390 3370/4203/3389 3372/4205/3391
f 3372/4205/3391 3373/4206/3392 3371/4204/3390
f 3373/4206/3392 3372/4205/3391 3374/4207/3393
f 3374/4207/3393 3375/4208/3394 3373/4206/3392
f 3375/4208/3394 3374/4207/3393 3376/4209/3395
f 3376/4209/3395 3377/4210/3396 3375/4208/3394
f 3377/4210/3396 3376/4209/3395 3378/4211/3397
f 3378/4211/3397 3379/4212/3398 3377/4210/3396
f 3379/4212/3398 3378/4211/3397 3380/4213/3399
f 3380/4213/3399 3381/4214/3400 3379/4212/3398
f 3381/4214/3400 3380/4213/3399 3382/4215/3401
f 3382/4215/3401 3383/4216/3402 3381/4214/3400
f 3383/4216/3402 3382/4215/3401 3384/4217/3403
f 3384/4217/3403 3385/4218/3404 3383/4216/3402
f 3385/4218/3404 3384/4217/3403 3386/4219/3405
f 3386/4219/3405 3387/4220/3406 3385/4218/3404
f 3387/4220/3406 3386/4219/3405 3388/4221/3407
f 3388/4221/3407 3389/4222/3408 3387/4220/3406
f 3389/4222/3408 3388/4221/3407 3390/4223/3409
f 3390/4223/3409 3391/4224/3410 3389/4222/3408
f 3391/4224/3410 3390/4223/3409 3392/4225/3411
f 3392/4225/3411 3393/4226/3412 3391/4224/3410
f 3393/4226/3412 3392/4225/3411 3394/4227/3413
f 3394/4227/3413 3395/4228/3414 3393/4226/3412
f 3395/4228/3414 3394/4227/3413 3396/4229/3415
f 3396/4229/3415 3397/4230/3416 3395/4228/3414
f 3397/4230/3416 3396/4229/3415 3398/4231/3417
f 3398/4231/3417 3369/4232/3388 3397/4230/3416
f 3369/4232/3388 3398/4231/3417 3367/4233/3386
f 3399/4234/3418 3384/4217/3403 3400/4235/3419
f 3400/4235/3419 3401/4236/3420 3399/4234/3418
f 3402/4237/3421 3401/4238/3420 3403/4239/3422
f 3403/4239/3422 3372/4205/3391 3402/4237/3421
f 3404/4240/3423 3339/4241/3360 3405/4242/3424
f 3405/4242/3424 3406/4243/3425 3404/4240/3423
f 3407/4244/3426 3406/4245/3425 3408/4246/3427
f 3408/4246/3427 3347/4247/3368 3407/4244/3426
f 3409/4248/3428 3410/4249/3429 3411/4250/3430
f 3411/4250/3430 3412/4251/3431 3409/4248/3428
f 3412/4251/3431 3411/4250/3430 3413/4252/3432
f 3413/4252/3432 3414/4253/3433 3412/4251/3431
f 3415/4254/3434 3348/4255/3369 3350/4256/3371
f 3350/4256/3371 3416/4257/3435 3415/4254/3434
f 3416/4257/3435 3350/4256/3371 3352/4258/3373
f 3352/4258/3373 3417/4259/3436 3416/4257/3435
f 3417/4259/3436 3352/4258/3373 3354/4260/3375
f 3354/4260/3375 3418/4261/3437 3417/4259/3436
f 3418/4261/3437 3354/4260/3375 3356/4262/2782
f 3356/4262/2782 3419/4263/3438 3418/4261/3437
f 3419/4263/3438 3356/4262/2782 3358/4264/3378
f 3358/4264/3378 3420/4265/3439 3419/4263/3438
f 3420/4265/3439 3358/4264/3378 3421/4266/3440
f 3421/4266/3440 3422/4267/3441 3420/4265/3439
f 3422/4267/3441 3421/4266/3440 3423/4268/3442
f 3423/4268/3442 3424/4269/3443 3422/4267/3441
f 3340/4270/3361 3425/4271/3444 3426/4272/3445
f 3426/4272/3445 3338/4273/3023 3340/4270/3361
f 3338/4273/3023 3426/4272/3445 3427/4274/3446
f 3427/4274/3446 3336/4275/3358 3338/4273/3023
f 3336/4275/3358 3427/4274/3446 3428/4276/3447
f 3428/4276/3447 3334/4277/3356 3336/4275/3358
f 3334/4277/3356 3428/4276/3447 3429/4278/3448
f 3429/4278/3448 3332/4279/3355 3334/4277/3356
f 3332/4279/3355 3429/4278/3448 3430/4280/3449
f 3430/4280/3449 3330/4281/3353 3332/4279/3355
f 3330/4281/3353 3430/4280/3449 3431/4282/3450
f 3431/4282/3450 3432/4283/3451 3330/4281/3353
f 3432/4283/3451 3431/4282/3450 3433/4284/3037
f 3433/4284/3037 3434/4285/3023 3432/4283/3451
f 3358/4191/3378 3360/4193/3380 3362/4195/3381
f 3362/4195/3381 3421/4286/3440 3358/4191/3378
f 3421/4286/3440 3362/4195/3381 3364/4197/3383
f 3364/4197/3383 3423/4287/3442 3421/4286/3440
f 3328/4163/3351 3330/4162/3353 3432/4288/3451
f 3432/4288/3451 3327/4159/3350 3328/4163/3351
f 3327/4159/3350 3432/4288/3451 3434/4289/3023
f 3434/4289/3023 3325/4157/3021 3327/4159/3350
f 3424/4290/3443 3435/4291/3452 3422/4292/3441
f 3435/4291/3452 3424/4290/3443 3436/4293/3453
f 3436/4293/3453 3437/4294/3454 3435/4291/3452
f 3437/4294/3454 3436/4293/3453 3438/4295/3167
f 3438/4295/3167 3439/4296/3455 3437/4294/3454
f 3439/4296/3455 3438/4295/3167 3440/4297/3166
f 3440/4297/3166 3431/4298/3450 3439/4296/3455
f 3431/4298/3450 3440/4297/3166 3433/4299/3037
f 3441/4300/3456 3442/4301/3457 3443/4302/3458
f 3443/4302/3458 3444/4303/3459 3441/4300/3456
f 3444/4303/3459 3443/4302/3458 3445/4304/3460
f 3445/4304/3460 3446/4305/3461 3444/4303/3459
f 3446/4305/3461 3445/4304/3460 3447/4306/3462
f 3447/4306/3462 3448/4307/3463 3446/4305/3461
f 3448/4307/3463 3447/4306/3462 3449/4308/3464
f 3448/4309/3463 3449/4308/3464 3450/4310/3465
f 3450/4310/3465 3451/4311/3466 3448/4309/3463
f 3449/4312/3464 3447/4313/3462 3452/4314/3467
f 3453/4315/3468 3454/4316/3469 3455/4317/3470
f 3454/4316/3469 3453/4315/3468 3456/4318/3471
f 3456/4318/3471 3457/4319/3472 3454/4316/3469
f 3457/4319/3472 3456/4318/3471 3458/4320/3473
f 3458/4320/3473 3459/4321/3474 3457/4319/3472
f 3458/4320/3473 3460/4322/3475 3459/4321/3474
f 3460/4322/3475 3458/4320/3473 3461/4323/3476
f 3461/4323/3476 3462/4324/3477 3460/4322/3475
f 3462/4324/3477 3461/4323/3476 3463/4325/3478
f 3463/4325/3478 3464/4326/3479 3462/4324/3477
f 3464/4326/3479 3463/4325/3478 3465/4327/3480
f 3465/4327/3480 3466/4328/3481 3464/4326/3479
f 3465/4327/3480 3451/4329/3466 3466/4328/3481
f 3465/4327/3480 3448/4330/3463 3451/4329/3466
f 3448/4331/3463 3465/4332/3480 3467/4333/3482
f 3467/4333/3482 3446/4334/3461 3448/4331/3463
f 3446/4334/3461 3467/4333/3482 3468/4335/3483
f 3468/4335/3483 3444/4336/3459 3446/4334/3461
f 3468/4335/3483 3441/4337/3456 3444/4336/3459
f 3468/4335/3483 3469/4338/3484 3441/4337/3456
f 3469/4338/3484 3468/4335/3483 3470/4339/3485
f 3469/4338/3484 3470/4339/3485 3471/4340/3486
f 3471/4340/3486 3472/4341/3487 3469/4338/3484
f 3472/4341/3487 3471/4340/3486 3410/4342/3429
f 3410/4342/3429 3473/4343/3488 3472/4341/3487
f 3473/4343/3488 3410/4342/3429 3409/4248/3428
f 3409/4248/3428 3412/4344/3431 3473/4343/3488
f 3474/4345/3489 3414/4253/3433 3475/4346/3490
f 3475/4346/3490 3476/4347/3491 3474/4345/3489
f 3476/4347/3491 3475/4346/3490 3477/4348/3492
f 3476/4347/3491 3477/4348/3492 3470/4339/3485
f 3476/4347/3491 3470/4339/3485 3468/4335/3483
f 3468/4335/3483 3478/4349/3493 3476/4347/3491
f 3478/4349/3493 3468/4335/3483 3467/4333/3482
f 3467/4333/3482 3463/4350/3478 3478/4349/3493
f 3463/4350/3478 3467/4333/3482 3465/4332/3480
f 3479/4351/3494 3463/4325/3478 3461/4323/3476
f 3461/4323/3476 3480/4352/3495 3479/4351/3494
f 3480/4352/3495 3461/4323/3476 3458/4320/3473
f 3480/4352/3495 3458/4320/3473 3456/4318/3471
f 3456/4318/3471 3481/4353/3496 3480/4352/3495
f 3481/4353/3496 3456/4318/3471 3453/4315/3468
f 3453/4315/3468 3482/4354/3497 3481/4353/3496
f 3482/4354/3497 3453/4315/3468 3455/4355/3470
f 3455/4355/3470 3483/4356/3498 3482/4354/3497
f 3483/4356/3498 3455/4355/3470 3452/4314/3467
f 3452/4314/3467 3484/4357/3499 3483/4356/3498
f 3484/4357/3499 3452/4314/3467 3447/4313/3462
f 3484/4357/3499 3447/4313/3462 3445/4358/3460
f 3445/4358/3460 3485/4359/3500 3484/4357/3499
f 3485/4359/3500 3445/4358/3460 3443/4360/3458
f 3485/4359/3500 3443/4360/3458 3442/4361/3457
f 3485/4359/3500 3442/4361/3457 3486/4362/3501
f 3485/4359/3500 3486/4362/3501 3487/4363/3502
f 3487/4363/3502 3484/4357/3499 3485/4359/3500
f 3487/4363/3502 3483/4356/3498 3484/4357/3499
f 3483/4356/3498 3487/4363/3502 3488/4364/3503
f 3488/4364/3503 3482/4354/3497 3483/4356/3498
f 3488/4364/3503 3481/4353/3496 3482/4354/3497
f 3488/4364/3503 3489/4365/3504 3481/4353/3496
f 3488/4364/3503 3490/4366/3505 3489/4365/3504
f 3490/4366/3505 3488/4364/3503 3487/4363/3502
f 3487/4363/3502 3491/4367/3506 3490/4366/3505
f 3491/4367/3506 3487/4363/3502 3486/4362/3501
f 3489/4365/3504 3490/4366/3505 3492/4368/3507
f 3492/4368/3507 3493/4369/3508 3489/4365/3504
f 3493/4369/3508 3492/4368/3507 3494/4370/3509
f 3494/4370/3509 3474/4345/3489 3493/4369/3508
f 3494/4370/3509 3414/4371/3433 3474/4345/3489
f 3414/4371/3433 3494/4370/3509 3495/4372/3510
f 3495/4372/3510 3412/4344/3431 3414/4371/3433
f 3412/4344/3431 3495/4372/3510 3496/4373/3511
f 3496/4373/3511 3473/4343/3488 3412/4344/3431
f 3473/4343/3488 3496/4373/3511 3497/4374/3512
f 3497/4374/3512 3472/4341/3487 3473/4343/3488
f 3497/4374/3512 3469/4338/3484 3472/4341/3487
f 3497/4374/3512 3441/4337/3456 3469/4338/3484
f 3441/4337/3456 3497/4374/3512 3498/4375/3513
f 3498/4375/3513 3442/4376/3457 3441/4337/3456
f 3498/4375/3513 3486/4377/3501 3442/4376/3457
f 3498/4375/3513 3499/4378/3514 3486/4377/3501
f 3499/4378/3514 3498/4375/3513 3497/4374/3512
f 3499/4378/3514 3497/4374/3512 3496/4373/3511
f 3496/4373/3511 3500/4379/3515 3499/4378/3514
f 3500/4379/3515 3496/4373/3511 3495/4372/3510
f 3500/4379/3515 3495/4372/3510 3494/4370/3509
f 3500/4379/3515 3494/4370/3509 3492/4380/3507
f 3500/4379/3515 3492/4380/3507 3490/4381/3505
f 3490/4381/3505 3499/4378/3514 3500/4379/3515
f 3499/4378/3514 3490/4381/3505 3491/4382/3506
f 3491/4382/3506 3486/4377/3501 3499/4378/3514
f 3489/4365/3504 3493/4369/3508 3501/4383/3516
f 3501/4383/3516 3481/4353/3496 3489/4365/3504
f 3501/4383/3516 3480/4352/3495 3481/4353/3496
f 3480/4352/3495 3501/4383/3516 3502/4384/3517
f 3502/4384/3517 3479/4351/3494 3480/4352/3495
f 3502/4384/3517 3463/4350/3478 3479/4351/3494
f 3502/4384/3517 3478/4349/3493 3463/4350/3478
f 3502/4384/3517 3474/4345/3489 3478/4349/3493
f 3474/4345/3489 3502/4384/3517 3501/4383/3516
f 3501/4383/3516 3493/4369/3508 3474/4345/3489
f 3476/4347/3491 3478/4349/3493 3474/4345/3489
f 3384/4217/3403 3503/4385/3518 3400/4235/3419
f 3503/4385/3518 3384/4217/3403 3382/4215/3401
f 3503/4385/3518 3382/4215/3401 3380/4213/3399
f 3503/4385/3518 3380/4213/3399 3504/4386/3519
f 3504/4386/3519 3400/4235/3419 3503/4385/3518
f 3504/4386/3519 3401/4238/3420 3400/4235/3419
f 3401/4238/3420 3504/4386/3519 3505/4387/3520
f 3505/4387/3520 3403/4239/3422 3401/4238/3420
f 3505/4387/3520 3372/4205/3391 3403/4239/3422
f 3505/4387/3520 3374/4207/3393 3372/4205/3391
f 3505/4387/3520 3376/4209/3395 3374/4207/3393
f 3376/4209/3395 3505/4387/3520 3504/4386/3519
f 3504/4386/3519 3378/4211/3397 3376/4209/3395
f 3378/4211/3397 3504/4386/3519 3380/4213/3399
f 3506/4388/3521 3390/4389/3409 3388/4390/3407
f 3388/4390/3407 3507/4391/3522 3506/4388/3521
f 3507/4391/3522 3388/4390/3407 3386/4219/3405
f 3507/4391/3522 3386/4219/3405 3384/4217/3403
f 3384/4217/3403 3508/4392/3523 3507/4391/3522
f 3508/4392/3523 3384/4217/3403 3399/4234/3418
f 3399/4234/3418 3509/4393/3524 3508/4392/3523
f 3509/4393/3524 3399/4234/3418 3401/4236/3420
f 3401/4236/3420 3510/4394/3525 3509/4393/3524
f 3510/4394/3525 3401/4236/3420 3402/4237/3421
f 3402/4237/3421 3511/4395/3526 3510/4394/3525
f 3511/4395/3526 3402/4237/3421 3372/4205/3391
f 3511/4395/3526 3372/4205/3391 3370/4203/3389
f 3370/4203/3389 3512/4396/3527 3511/4395/3526
f 3512/4396/3527 3370/4203/3389 3367/4397/3386
f 3512/4396/3527 3367/4397/3386 3398/4398/3417
f 3512/4396/3527 3398/4398/3417 3513/4399/3528
f 3513/4399/3528 3511/4395/3526 3512/4396/3527
f 3513/4399/3528 3510/4394/3525 3511/4395/3526
f 3510/4394/3525 3513/4399/3528 3514/4400/3529
f 3514/4400/3529 3509/4393/3524 3510/4394/3525
f 3509/4393/3524 3514/4400/3529 3515/4401/3530
f 3515/4401/3530 3508/4392/3523 3509/4393/3524
f 3515/4401/3530 3507/4391/3522 3508/4392/3523
f 3515/4401/3530 3506/4388/3521 3507/4391/3522
f 3515/4401/3530 3390/4389/3409 3506/4388/3521
f 3515/4401/3530 3392/4402/3411 3390/4389/3409
f 3392/4402/3411 3515/4401/3530 3514/4400/3529
f 3514/4400/3529 3394/4403/3413 3392/4402/3411
f 3394/4403/3413 3514/4400/3529 3513/4399/3528
f 3513/4399/3528 3396/4404/3415 3394/4403/3413
f 3396/4404/3415 3513/4399/3528 3398/4398/3417
f 3516/4405/3531 3379/4212/3398 3381/4214/3400
f 3379/4212/3398 3516/4405/3531 3517/4406/3532
f 3517/4406/3532 3377/4210/3396 3379/4212/3398
f 3377/4210/3396 3517/4406/3532 3518/4407/3533
f 3518/4407/3533 3375/4208/3394 3377/4210/3396
f 3518/4407/3533 3373/4206/3392 3375/4208/3394
f 3373/4206/3392 3518/4407/3533 3519/4408/3534
f 3519/4408/3534 3371/4204/3390 3373/4206/3392
f 3519/4408/3534 3368/4201/3387 3371/4204/3390
f 3519/4408/3534 3369/4202/3388 3368/4201/3387
f 3519/4408/3534 3520/4409/3535 3369/4202/3388
f 3519/4408/3534 3521/4410/3536 3520/4409/3535
f 3521/4410/3536 3519/4408/3534 3518/4407/3533
f 3518/4407/3533 3522/4411/3537 3521/4410/3536
f 3522/4411/3537 3518/4407/3533 3517/4406/3532
f 3517/4406/3532 3523/4412/3538 3522/4411/3537
f 3523/4412/3538 3517/4406/3532 3516/4405/3531
f 3516/4405/3531 3524/4413/3539 3523/4412/3538
f 3516/4405/3531 3525/4414/3540 3524/4413/3539
f 3525/4414/3540 3516/4405/3531 3381/4214/3400
f 3381/4214/3400 3526/4415/3541 3525/4414/3540
f 3526/4415/3541 3381/4214/3400 3383/4216/3402
f 3526/4415/3541 3383/4216/3402 3385/4218/3404
f 3385/4218/3404 3527/4416/3542 3526/4415/3541
f 3527/4416/3542 3385/4218/3404 3387/4220/3406
f 3387/4220/3406 3528/4417/3543 3527/4416/3542
f 3528/4417/3543 3387/4220/3406 3389/4222/3408
f 3389/4222/3408 3529/4418/3544 3528/4417/3543
f 3529/4418/3544 3389/4222/3408 3391/4224/3410
f 3391/4224/3410 3530/4419/3545 3529/4418/3544
f 3530/4419/3545 3391/4224/3410 3393/4226/3412
f 3393/4226/3412 3531/4420/3546 3530/4419/3545
f 3531/4420/3546 3393/4226/3412 3395/4228/3414
f 3395/4228/3414 3532/4421/3547 3531/4420/3546
f 3532/4421/3547 3395/4228/3414 3397/4230/3416
f 3532/4421/3547 3397/4230/3416 3369/4232/3388
f 3532/4421/3547 3369/4232/3388 3520/4422/3535
f 3520/4422/3535 3533/4423/3548 3532/4421/3547
f 3533/4423/3548 3520/4422/3535 3534/4424/3549
f 3534/4424/3549 3535/4425/3550 3533/4423/3548
f 3535/4425/3550 3534/4424/3549 3536/4426/3551
f 3536/4426/3551 3537/4427/3552 3535/4425/3550
f 3537/4427/3552 3536/4426/3551 3538/4428/3553
f 3538/4428/3553 3539/4429/3554 3537/4427/3552
f 3539/4429/3554 3538/4428/3553 3540/4430/3555
f 3540/4430/3555 3541/4431/3556 3539/4429/3554
f 3541/4431/3556 3540/4430/3555 3542/4432/3557
f 3541/4431/3556 3542/4432/3557 3543/4433/3558
f 3541/4431/3556 3543/4433/3558 3544/4434/3559
f 3541/4431/3556 3544/4434/3559 3545/4435/3560
f 3541/4431/3556 3545/4435/3560 3546/4436/3561
f 3546/4436/3561 3547/4437/3562 3541/4431/3556
f 3547/4437/3562 3546/4436/3561 3548/4438/3563
f 3548/4438/3563 3549/4439/3564 3547/4437/3562
f 3549/4439/3564 3548/4438/3563 3550/4440/3565
f 3550/4440/3565 3551/4441/3566 3549/4439/3564
f 3551/4441/3566 3550/4440/3565 3552/4442/3567
f 3552/4442/3567 3553/4443/3568 3551/4441/3566
f 3553/4443/3568 3552/4442/3567 3554/4444/3569
f 3554/4444/3569 3555/4445/3570 3553/4443/3568
f 3555/4445/3570 3554/4444/3569 3556/4446/3571
f 3556/4446/3571 3557/4447/3572 3555/4445/3570
f 3557/4447/3572 3556/4446/3571 3558/4448/3573
f 3558/4448/3573 3559/4449/3574 3557/4447/3572
f 3559/4449/3574 3558/4448/3573 3560/4450/3575
f 3560/4450/3575 3561/4451/3576 3559/4449/3574
f 3561/4451/3576 3560/4450/3575 3543/4452/3558
f 3561/4451/3576 3543/4452/3558 3542/4453/3557
f 3561/4451/3576 3542/4453/3557 3540/4454/3555
f 3540/4454/3555 3562/4455/3577 3561/4451/3576
f 3562/4455/3577 3540/4454/3555 3538/4456/3553
f 3538/4456/3553 3563/4457/3578 3562/4455/3577
f 3563/4457/3578 3538/4456/3553 3536/4458/3551
f 3536/4458/3551 3564/4459/3579 3563/4457/3578
f 3564/4459/3579 3536/4458/3551 3534/4460/3549
f 3534/4460/3549 3521/4410/3536 3564/4459/3579
f 3521/4410/3536 3534/4460/3549 3520/4409/3535
f 3564/4459/3579 3521/4410/3536 3522/4411/3537
f 3522/4411/3537 3565/4461/3580 3564/4459/3579
f 3565/4461/3580 3522/4411/3537 3523/4412/3538
f 3523/4412/3538 3566/4462/3581 3565/4461/3580
f 3566/4462/3581 3523/4412/3538 3524/4413/3539
f 3524/4413/3539 3567/4463/3582 3566/4462/3581
f 3524/4413/3539 3568/4464/3583 3567/4463/3582
f 3568/4464/3583 3524/4413/3539 3525/4414/3540
f 3525/4414/3540 3569/4465/3584 3568/4464/3583
f 3569/4465/3584 3525/4414/3540 3526/4415/3541
f 3569/4465/3584 3526/4415/3541 3527/4416/3542
f 3527/4416/3542 3570/4466/3585 3569/4465/3584
f 3570/4466/3585 3527/4416/3542 3528/4417/3543
f 3528/4417/3543 3571/4467/3586 3570/4466/3585
f 3571/4467/3586 3528/4417/3543 3529/4418/3544
f 3529/4418/3544 3572/4468/3587 3571/4467/3586
f 3572/4468/3587 3529/4418/3544 3530/4419/3545
f 3530/4419/3545 3573/4469/3588 3572/4468/3587
f 3573/4469/3588 3530/4419/3545 3531/4420/3546
f 3573/4469/3588 3531/4420/3546 3532/4421/3547
f 3573/4469/3588 3532/4421/3547 3533/4423/3548
f 3533/4423/3548 3572/4468/3587 3573/4469/3588
f 3572/4468/3587 3533/4423/3548 3574/4470/3589
f 3574/4470/3589 3571/4467/3586 3572/4468/3587
f 3574/4470/3589 3570/4466/3585 3571/4467/3586
f 3574/4470/3589 3575/4471/3590 3570/4466/3585
f 3575/4471/3590 3574/4470/3589 3533/4423/3548
f 3575/4471/3590 3533/4423/3548 3535/4425/3550
f 3535/4425/3550 3576/4472/3591 3575/4471/3590
f 3576/4472/3591 3535/4425/3550 3537/4427/3552
f 3537/4427/3552 3577/4473/3592 3576/4472/3591
f 3577/4473/3592 3537/4427/3552 3539/4429/3554
f 3577/4473/3592 3539/4429/3554 3541/4431/3556
f 3577/4473/3592 3541/4431/3556 3547/4437/3562
f 3547/4437/3562 3578/4474/3593 3577/4473/3592
f 3578/4474/3593 3547/4437/3562 3549/4439/3564
f 3549/4439/3564 3579/4475/3594 3578/4474/3593
f 3579/4475/3594 3549/4439/3564 3551/4441/3566
f 3551/4441/3566 3580/4476/3595 3579/4475/3594
f 3580/4476/3595 3551/4441/3566 3553/4443/3568
f 3553/4443/3568 3581/4477/3596 3580/4476/3595
f 3581/4477/3596 3553/4443/3568 3555/4445/3570
f 3555/4445/3570 3582/4478/3597 3581/4477/3596
f 3582/4478/3597 3555/4445/3570 3557/4447/3572
f 3557/4447/3572 3583/4479/3598 3582/4478/3597
f 3583/4479/3598 3557/4447/3572 3559/4449/3574
f 3583/4479/3598 3559/4449/3574 3561/4451/3576
f 3583/4479/3598 3561/4451/3576 3562/4455/3577
f 3562/4455/3577 3584/4480/3599 3583/4479/3598
f 3584/4480/3599 3562/4455/3577 3563/4457/3578
f 3563/4457/3578 3585/4481/3600 3584/4480/3599
f 3585/4481/3600 3563/4457/3578 3564/4459/3579
f 3564/4459/3579 3586/4482/3089 3585/4481/3600
f 3586/4482/3089 3564/4459/3579 3565/4461/3580
f 3565/4461/3580 3585/4481/3600 3586/4482/3089
f 3565/4461/3580 3587/4483/3601 3585/4481/3600
f 3587/4483/3601 3565/4461/3580 3566/4462/3581
f 3566/4462/3581 3588/4484/3602 3587/4483/3601
f 3588/4484/3602 3566/4462/3581 3567/4463/3582
f 3567/4463/3582 3589/4485/3603 3588/4484/3602
f 3567/4463/3582 3590/4486/3604 3589/4485/3603
f 3590/4486/3604 3567/4463/3582 3568/4464/3583
f 3590/4486/3604 3568/4464/3583 3591/4487/3605
f 3591/4487/3605 3589/4485/3603 3590/4486/3604
f 3589/4485/3603 3591/4487/3605 3592/4488/3606
f 3592/4488/3606 3593/4489/3607 3589/4485/3603
f 3593/4489/3607 3592/4488/3606 3580/4476/3595
f 3593/4489/3607 3580/4476/3595 3581/4477/3596
f 3593/4489/3607 3581/4477/3596 3594/4490/3608
f 3594/4490/3608 3589/4485/3603 3593/4489/3607
f 3594/4490/3608 3588/4484/3602 3589/4485/3603
f 3588/4484/3602 3594/4490/3608 3595/4491/3609
f 3595/4491/3609 3587/4483/3601 3588/4484/3602
f 3595/4491/3609 3585/4481/3600 3587/4483/3601
f 3595/4491/3609 3584/4480/3599 3585/4481/3600
f 3595/4491/3609 3583/4479/3598 3584/4480/3599
f 3583/4479/3598 3595/4491/3609 3594/4490/3608
f 3594/4490/3608 3582/4478/3597 3583/4479/3598
f 3582/4478/3597 3594/4490/3608 3581/4477/3596
f 3580/4476/3595 3592/4488/3606 3591/4487/3605
f 3591/4487/3605 3596/4492/3610 3580/4476/3595
f 3596/4492/3610 3591/4487/3605 3568/4464/3583
f 3568/4464/3583 3597/4493/3611 3596/4492/3610
f 3597/4493/3611 3568/4464/3583 3569/4465/3584
f 3569/4465/3584 3598/4494/3612 3597/4493/3611
f 3598/4494/3612 3569/4465/3584 3570/4466/3585
f 3598/4494/3612 3570/4466/3585 3575/4471/3590
f 3575/4471/3590 3599/4495/3613 3598/4494/3612
f 3599/4495/3613 3575/4471/3590 3576/4472/3591
f 3599/4495/3613 3576/4472/3591 3577/4473/3592
f 3599/4495/3613 3577/4473/3592 3578/4474/3593
f 3578/4474/3593 3600/4496/3614 3599/4495/3613
f 3600/4496/3614 3578/4474/3593 3579/4475/3594
f 3600/4496/3614 3579/4475/3594 3580/4476/3595
f 3600/4496/3614 3580/4476/3595 3596/4492/3610
f 3600/4496/3614 3596/4492/3610 3597/4493/3611
f 3597/4493/3611 3599/4495/3613 3600/4496/3614
f 3599/4495/3613 3597/4493/3611 3598/4494/3612
f 3415/4497/3434 3601/4498/3615 3602/4499/3616
f 3602/4499/3616 3348/4181/3369 3415/4497/3434
f 3602/4499/3616 3346/4179/3367 3348/4181/3369
f 3602/4499/3616 3603/4500/3617 3346/4179/3367
f 3603/4500/3617 3602/4499/3616 3601/4498/3615
f 3603/4500/3617 3601/4498/3615 3604/4501/3618
f 3604/4501/3618 3605/4502/3619 3603/4500/3617
f 3605/4502/3619 3604/4501/3618 3606/4503/3620
f 3605/4502/3619 3606/4503/3620 3425/4504/3444
f 3605/4502/3619 3425/4504/3444 3340/4173/3361
f 3605/4502/3619 3340/4173/3361 3342/4175/3363
f 3342/4175/3363 3603/4500/3617 3605/4502/3619
f 3603/4500/3617 3342/4175/3363 3344/4177/3365
f 3344/4177/3365 3346/4179/3367 3603/4500/3617
f 3406/4245/3425 3607/4505/3621 3408/4246/3427
f 3607/4505/3621 3406/4245/3425 3405/4242/3424
f 3607/4505/3621 3405/4242/3424 3339/4241/3360
f 3607/4505/3621 3339/4241/3360 3608/4506/3622
f 3607/4505/3621 3608/4506/3622 3609/4507/3623
f 3607/4505/3621 3609/4507/3623 3347/4247/3368
f 3347/4247/3368 3408/4246/3427 3607/4505/3621
f 3349/4508/3370 3347/4247/3368 3609/4507/3623
f 3411/4250/3430 3610/4509/3624 3413/4252/3432
f 3610/4509/3624 3411/4250/3430 3410/4249/3429
f 3610/4509/3624 3410/4249/3429 3471/4340/3486
f 3610/4509/3624 3471/4340/3486 3470/4339/3485
f 3610/4509/3624 3470/4339/3485 3477/4348/3492
f 3610/4509/3624 3477/4348/3492 3414/4253/3433
f 3414/4253/3433 3413/4252/3432 3610/4509/3624
f 3475/4346/3490 3414/4253/3433 3477/4348/3492
f 3611/4510/3625 3428/4511/3447 3427/4512/3446
f 3427/4512/3446 3612/4513/3626 3611/4510/3625
f 3612/4513/3626 3427/4512/3446 3426/4514/3445
f 3426/4514/3445 3613/4515/3627 3612/4513/3626
f 3613/4515/3627 3426/4514/3445 3425/4516/3444
f 3613/4515/3627 3425/4516/3444 3606/4517/3620
f 3606/4517/3620 3614/4518/3628 3613/4515/3627
f 3614/4518/3628 3606/4517/3620 3604/4519/3618
f 3604/4519/3618 3615/4520/3629 3614/4518/3628
f 3615/4520/3629 3604/4519/3618 3601/4521/3615
f 3615/4520/3629 3601/4521/3615 3415/4522/3434
f 3615/4520/3629 3415/4522/3434 3416/4523/3435
f 3416/4523/3435 3616/4524/3630 3615/4520/3629
f 3616/4524/3630 3416/4523/3435 3417/4525/3436
f 3616/4524/3630 3417/4525/3436 3418/4526/3437
f 3616/4524/3630 3418/4526/3437 3617/4527/3631
f 3617/4527/3631 3618/4528/3632 3616/4524/3630
f 3618/4528/3632 3617/4527/3631 3619/4529/3633
f 3618/4528/3632 3619/4529/3633 3611/4510/3625
f 3618/4528/3632 3611/4510/3625 3612/4513/3626
f 3618/4528/3632 3612/4513/3626 3614/4518/3628
f 3614/4518/3628 3616/4524/3630 3618/4528/3632
f 3616/4524/3630 3614/4518/3628 3615/4520/3629
f 3613/4515/3627 3614/4518/3628 3612/4513/3626
f 3407/4244/3426 3345/4178/3366 3343/4176/3364
f 3343/4176/3364 3406/4243/3425 3407/4244/3426
f 3406/4243/3425 3343/4176/3364 3341/4174/3362
f 3341/4174/3362 3404/4240/3423 3406/4243/3425
f 3404/4240/3423 3341/4174/3362 3339/4172/3360
f 3337/4170/3359 3608/4506/3622 3339/4241/3360
f 3608/4506/3622 3337/4170/3359 3620/4530/3634
f 3620/4530/3634 3609/4507/3623 3608/4506/3622
f 3609/4507/3623 3620/4530/3634 3349/4182/3370
f 3345/4178/3366 3407/4244/3426 3347/4247/3368
f 3351/4184/3372 3349/4182/3370 3620/4530/3634
f 3620/4530/3634 3621/4531/3635 3351/4184/3372
f 3621/4531/3635 3620/4530/3634 3337/4170/3359
f 3621/4531/3635 3337/4170/3359 3335/4168/3357
f 3621/4531/3635 3335/4168/3357 3622/4532/3636
f 3622/4532/3636 3351/4184/3372 3621/4531/3635
f 3622/4532/3636 3353/4186/3374 3351/4184/3372
f 3353/4186/3374 3622/4532/3636 3623/4533/3637
f 3623/4533/3637 3355/4188/3376 3353/4186/3374
f 3355/4188/3376 3623/4533/3637 3624/4534/3095
f 3624/4534/3095 3357/4190/3377 3355/4188/3376
f 3357/4190/3377 3624/4534/3095 3625/4535/3638
f 3625/4535/3638 3359/4192/3379 3357/4190/3377
f 3359/4192/3379 3625/4535/3638 3626/4536/3639
f 3626/4536/3639 3361/4194/3376 3359/4192/3379
f 3361/4194/3376 3626/4536/3639 3627/4537/3640
f 3627/4537/3640 3363/4196/3382 3361/4194/3376
f 3627/4537/3640 3365/4198/3384 3363/4196/3382
f 3627/4537/3640 3628/4538/3027 3365/4198/3384
f 3627/4537/3640 3323/4155/3347 3628/4538/3027
f 3627/4537/3640 3324/4156/3348 3323/4155/3347
f 3324/4156/3348 3627/4537/3640 3626/4536/3639
f 3626/4536/3639 3326/4158/3349 3324/4156/3348
f 3326/4158/3349 3626/4536/3639 3625/4535/3638
f 3625/4535/3638 3328/4160/3351 3326/4158/3349
f 3328/4160/3351 3625/4535/3638 3624/4534/3095
f 3624/4534/3095 3329/4161/3352 3328/4160/3351
f 3329/4161/3352 3624/4534/3095 3623/4533/3637
f 3623/4533/3637 3331/4164/3354 3329/4161/3352
f 3331/4164/3354 3623/4533/3637 3622/4532/3636
f 3622/4532/3636 3333/4166/2744 3331/4164/3354
f 3333/4166/2744 3622/4532/3636 3335/4168/3357
f 3439/4296/3455 3431/4298/3450 3430/4539/3449
f 3430/4539/3449 3629/4540/3641 3439/4296/3455
f 3629/4540/3641 3430/4539/3449 3429/4541/3448
f 3429/4541/3448 3630/4542/3642 3629/4540/3641
f 3630/4542/3642 3429/4541/3448 3428/4511/3447
f 3630/4542/3642 3428/4511/3447 3611/4510/3625
f 3611/4510/3625 3631/4543/3643 3630/4542/3642
f 3631/4543/3643 3611/4510/3625 3619/4529/3633
f 3619/4529/3633 3632/4544/3644 3631/4543/3643
f 3632/4544/3644 3619/4529/3633 3617/4527/3631
f 3632/4544/3644 3617/4527/3631 3418/4526/3437
f 3632/4544/3644 3418/4526/3437 3419/4545/3438
f 3419/4545/3438 3633/4546/3645 3632/4544/3644
f 3633/4546/3645 3419/4545/3438 3420/4547/3439
f 3633/4546/3645 3420/4547/3439 3422/4292/3441
f 3633/4546/3645 3422/4292/3441 3435/4291/3452
f 3435/4291/3452 3634/4548/3646 3633/4546/3645
f 3634/4548/3646 3435/4291/3452 3437/4294/3454
f 3634/4548/3646 3437/4294/3454 3439/4296/3455
f 3634/4548/3646 3439/4296/3455 3629/4540/3641
f 3634/4548/3646 3629/4540/3641 3631/4543/3643
f 3631/4543/3643 3633/4546/3645 3634/4548/3646
f 3633/4546/3645 3631/4543/3643 3632/4544/3644
f 3630/4542/3642 3631/4543/3643 3629/4540/3641
f 3635/4549/3647 3636/4550/3648 3637/4551/3649
f 3636/4550/3648 3635/4549/3647 3638/4552/3650
f 3638/4552/3650 3639/4553/3651 3636/4550/3648
f 3639/4553/3651 3638/4552/3650 3640/4554/3652
f 3640/4554/3652 3641/4555/3653 3639/4553/3651
f 3641/4555/3653 3640/4554/3652 3642/4556/3654
f 3642/4556/3654 3643/4557/3655 3641/4555/3653
f 3643/4557/3655 3642/4556/3654 3644/4558/3656
f 3644/4558/3656 3645/4559/3657 3643/4557/3655
f 3645/4559/3657 3644/4558/3656 3646/4560/3658
f 3646/4560/3658 3647/4561/3659 3645/4559/3657
f 3647/4561/3659 3646/4560/3658 3648/4562/3660
f 3648/4562/3660 3649/4563/3661 3647/4561/3659
f 3649/4563/3661 3648/4562/3660 3650/4564/3662
f 3650/4564/3662 3651/4565/3663 3649/4563/3661
f 3651/4565/3663 3650/4564/3662 3652/4566/3664
f 3652/4566/3664 3653/4567/3665 3651/4565/3663
f 3653/4567/3665 3652/4566/3664 3654/4568/3666
f 3654/4568/3666 3655/4569/3667 3653/4567/3665
f 3655/4569/3667 3654/4568/3666 3656/4570/3668
f 3656/4570/3668 3657/4571/3669 3655/4569/3667
f 3657/4571/3669 3656/4570/3668 3658/4572/3670
f 3658/4572/3670 3659/4573/3671 3657/4571/3669
f 3659/4573/3671 3658/4572/3670 3660/4574/3672
f 3660/4574/3672 3661/4575/3673 3659/4573/3671
f 3661/4575/3673 3660/4574/3672 3662/4576/3674
f 3662/4576/3674 3663/4577/3675 3661/4575/3673
f 3663/4577/3675 3662/4576/3674 3664/4578/3676
f 3664/4578/3676 3665/4579/3677 3663/4577/3675
f 3665/4579/3677 3664/4578/3676 3666/4580/2743
f 3666/4580/2743 3667/4581/3678 3665/4579/3677
f 3667/4581/3678 3666/4580/2743 3668/4582/3679
f 3668/4582/3679 3669/4583/3680 3667/4581/3678
f 3669/4583/3680 3668/4582/3679 3670/4584/3023
f 3670/4584/3023 3671/4585/3681 3669/4583/3680
f 3671/4585/3681 3670/4584/3023 3672/4586/3682
f 3672/4586/3682 3673/4587/3683 3671/4585/3681
f 3673/4587/3683 3672/4586/3682 3674/4588/3684
f 3674/4588/3684 3675/4589/3685 3673/4587/3683
f 3675/4589/3685 3674/4588/3684 3676/4590/3686
f 3676/4590/3686 3677/4591/3687 3675/4589/3685
f 3677/4591/3687 3676/4590/3686 3678/4592/3688
f 3678/4592/3688 3679/4593/3689 3677/4591/3687
f 3679/4593/3689 3678/4592/3688 3680/4594/3690
f 3681/4595/3691 3682/4596/3692 3683/4597/3693
f 3682/4596/3692 3681/4595/3691 3684/4598/3694
f 3684/4598/3694 3685/4599/3695 3682/4596/3692
f 3685/4599/3695 3684/4598/3694 3686/4600/3696
f 3686/4600/3696 3687/4601/3697 3685/4599/3695
f 3687/4601/3697 3686/4600/3696 3688/4602/3698
f 3688/4602/3698 3689/4603/2781 3687/4601/3697
f 3689/4603/2781 3688/4602/3698 3690/4604/2780
f 3690/4604/2780 3691/4605/2781 3689/4603/2781
f 3691/4605/2781 3690/4604/2780 3692/4606/2782
f 3692/4606/2782 3693/4607/3699 3691/4605/2781
f 3693/4607/3699 3692/4606/2782 3694/4608/3700
f 3694/4608/3700 3695/4609/3701 3693/4607/3699
f 3695/4609/3701 3694/4608/3700 3696/4610/3702
f 3696/4610/3702 3697/4611/3703 3695/4609/3701
f 3697/4611/3703 3696/4610/3702 3698/4612/3704
f 3698/4612/3704 3699/4613/3705 3697/4611/3703
f 3699/4613/3705 3698/4612/3704 3700/4614/3706
f 3700/4614/3706 3701/4615/3707 3699/4613/3705
f 3701/4615/3707 3700/4614/3706 3702/4616/3708
f 3702/4616/3708 3703/4617/3709 3701/4615/3707
f 3703/4617/3709 3702/4616/3708 3704/4618/3710
f 3704/4618/3710 3705/4619/3711 3703/4617/3709
f 3705/4619/3711 3704/4618/3710 3706/4620/3712
f 3706/4620/3712 3707/4621/3713 3705/4619/3711
f 3707/4621/3713 3706/4620/3712 3708/4622/3714
f 3708/4622/3714 3709/4623/3715 3707/4621/3713
f 3709/4623/3715 3708/4622/3714 3710/4624/3716
f 3710/4624/3716 3711/4625/3717 3709/4623/3715
f 3711/4625/3717 3710/4624/3716 3712/4626/3718
f 3712/4626/3718 3713/4627/3719 3711/4625/3717
f 3713/4627/3719 3712/4626/3718 3714/4628/3720
f 3714/4628/3720 3715/4629/2744 3713/4627/3719
f 3715/4629/2744 3714/4628/3720 3716/4630/3721
f 3716/4630/3721 3717/4631/3722 3715/4629/2744
f 3717/4631/3722 3716/4630/3721 3718/4632/3723
f 3718/4632/3723 3719/4633/3724 3717/4631/3722
f 3719/4633/3724 3718/4632/3723 3720/4634/3725
f 3720/4634/3725 3721/4635/3726 3719/4633/3724
f 3721/4635/3726 3720/4634/3725 3722/4636/2743
f 3722/4636/2743 3723/4637/3727 3721/4635/3726
f 3723/4637/3727 3722/4636/2743 3724/4638/3728
f 3724/4638/3728 3725/4639/3729 3723/4637/3727
f 3725/4639/3729 3724/4638/3728 3726/4640/3730
f 3727/4641/3731 3728/4642/3732 3729/4643/3733
f 3728/4642/3732 3727/4641/3731 3730/4644/3734
f 3730/4644/3734 3731/4645/3735 3728/4642/3732
f 3731/4645/3735 3730/4644/3734 3732/4646/3736
f 3732/4646/3736 3733/4647/3737 3731/4645/3735
f 3733/4647/3737 3732/4646/3736 3734/4648/3738
f 3734/4648/3738 3735/4649/3739 3733/4647/3737
f 3735/4649/3739 3734/4648/3738 3736/4650/3740
f 3736/4650/3740 3737/4651/3741 3735/4649/3739
f 3737/4651/3741 3736/4650/3740 3738/4652/3742
f 3738/4652/3742 3739/4653/3743 3737/4651/3741
f 3739/4653/3743 3738/4652/3742 3740/4654/3744
f 3740/4654/3744 3741/4655/3745 3739/4653/3743
f 3741/4655/3745 3740/4654/3744 3742/4656/3746
f 3742/4656/3746 3743/4657/3747 3741/4655/3745
f 3743/4657/3747 3742/4656/3746 3744/4658/3748
f 3744/4658/3748 3745/4659/3749 3743/4657/3747
f 3745/4659/3749 3744/4658/3748 3746/4660/3750
f 3746/4660/3750 3747/4661/3751 3745/4659/3749
f 3747/4661/3751 3746/4660/3750 3748/4662/3752
f 3748/4662/3752 3749/4663/3753 3747/4661/3751
f 3749/4663/3753 3748/4662/3752 3750/4664/3754
f 3750/4664/3754 3751/4665/3755 3749/4663/3753
f 3751/4665/3755 3750/4664/3754 3752/4666/3756
f 3752/4666/3756 3753/4667/3757 3751/4665/3755
f 3753/4667/3757 3752/4666/3756 3754/4668/3758
f 3754/4668/3758 3755/4669/3759 3753/4667/3757
f 3755/4669/3759 3754/4668/3758 3756/4670/3760
f 3756/4670/3760 3757/4671/3761 3755/4669/3759
f 3757/4671/3761 3756/4670/3760 3758/4672/3762
f 3758/4672/3762 3759/4673/3763 3757/4671/3761
f 3759/4673/3763 3758/4672/3762 3760/4674/3764
f 3760/4674/3764 3729/4675/3733 3759/4673/3763
f 3729/4675/3733 3760/4674/3764 3727/4676/3731
f 3761/4677/3765 3543/4433/3558 3762/4678/3766
f 3543/4433/3558 3761/4677/3765 3544/4434/3559
f 3763/4679/3767 3764/4680/3768 3765/4681/3769
f 3764/4680/3768 3763/4679/3767 3766/4682/3770
f 3767/4683/3771 3768/4684/3772 3769/4685/3773
f 3768/4684/3772 3767/4683/3771 3770/4686/3774
f 3770/4686/3774 3771/4687/3775 3768/4684/3772
f 3771/4687/3775 3770/4686/3774 3772/4688/3776
f 3772/4688/3776 3773/4689/3777 3771/4687/3775
f 3773/4689/3777 3772/4688/3776 3774/4690/3778
f 3554/4444/3569 3760/4674/3764 3758/4672/3762
f 3758/4672/3762 3556/4446/3571 3554/4444/3569
f 3556/4446/3571 3758/4672/3762 3756/4670/3760
f 3756/4670/3760 3558/4448/3573 3556/4446/3571
f 3558/4448/3573 3756/4670/3760 3775/4691/3779
f 3775/4691/3779 3560/4450/3575 3558/4448/3573
f 3560/4450/3575 3775/4691/3779 3776/4692/3780
f 3560/4450/3575 3776/4692/3780 3777/4693/3781
f 3777/4693/3781 3543/4452/3558 3560/4450/3575
f 3543/4452/3558 3777/4693/3781 3762/4694/3766
f 3778/4695/3782 3777/4693/3781 3776/4692/3780
f 3325/4157/3021 3434/4289/3023 3779/4696/3783
f 3779/4696/3783 3322/4154/3021 3325/4157/3021
f 3322/4154/3021 3779/4696/3783 3780/4697/3784
f 3780/4697/3784 3323/4155/3347 3322/4154/3021
f 3323/4155/3347 3780/4697/3784 3781/4698/3785
f 3781/4698/3785 3628/4538/3027 3323/4155/3347
f 3628/4538/3027 3781/4698/3785 3782/4699/3786
f 3782/4699/3786 3365/4198/3384 3628/4538/3027
f 3365/4198/3384 3782/4699/3786 3783/4700/3787
f 3783/4700/3787 3366/4199/3385 3365/4198/3384
f 3366/4199/3385 3783/4700/3787 3423/4287/3442
f 3423/4287/3442 3364/4197/3383 3366/4199/3385
f 3764/4701/3768 3766/4702/3770 3779/4703/3783
f 3779/4703/3783 3784/4704/3788 3764/4701/3768
f 3784/4704/3788 3779/4703/3783 3434/4285/3023
f 3434/4285/3023 3433/4284/3037 3784/4704/3788
f 3424/4269/3443 3423/4268/3442 3783/4705/3787
f 3783/4705/3787 3785/4706/3789 3424/4269/3443
f 3785/4706/3789 3783/4705/3787 3786/4707/3790
f 3786/4707/3790 3787/4708/3791 3785/4706/3789
f 3787/4708/3791 3786/4707/3790 3788/4709/3792
f 3788/4709/3792 3789/4710/3793 3787/4708/3791
f 3451/4311/3466 3450/4310/3465 3790/4711/3794
f 3790/4711/3794 3791/4712/3795 3451/4311/3466
f 3791/4713/3795 3790/4714/3794 3792/4715/3796
f 3792/4715/3796 3793/4716/3797 3791/4713/3795
f 3793/4716/3797 3792/4715/3796 3789/4717/3793
f 3789/4717/3793 3788/4718/3792 3793/4716/3797
f 3794/4719/3798 3700/4720/3706 3698/4721/3704
f 3698/4721/3704 3795/4722/3799 3794/4719/3798
f 3795/4722/3799 3698/4721/3704 3696/4723/3702
f 3696/4723/3702 3796/4724/3800 3795/4722/3799
f 3796/4724/3800 3696/4723/3702 3694/4725/3700
f 3694/4725/3700 3797/4726/3801 3796/4724/3800
f 3797/4726/3801 3694/4725/3700 3692/4727/2782
f 3692/4727/2782 3798/4728/3073 3797/4726/3801
f 3798/4728/3073 3692/4727/2782 3690/4729/2780
f 3690/4729/2780 3799/4730/3802 3798/4728/3073
f 3799/4730/3802 3690/4729/2780 3800/4731/2782
f 3800/4731/2782 3801/4732/3803 3799/4730/3802
f 3801/4732/3803 3800/4731/2782 3802/4733/3804
f 3802/4733/3804 3803/4734/3805 3801/4732/3803
f 3708/4735/3714 3804/4736/3806 3805/4737/3807
f 3805/4737/3807 3710/4738/3716 3708/4735/3714
f 3710/4738/3716 3805/4737/3807 3806/4739/3037
f 3806/4739/3037 3712/4740/3718 3710/4738/3716
f 3712/4740/3718 3806/4739/3037 3807/4741/3808
f 3807/4741/3808 3714/4742/3720 3712/4740/3718
f 3714/4742/3720 3807/4741/3808 3808/4743/2927
f 3808/4743/2927 3716/4744/3721 3714/4742/3720
f 3716/4744/3721 3808/4743/2927 3809/4745/3809
f 3809/4745/3809 3718/4746/3723 3716/4744/3721
f 3718/4746/3723 3809/4745/3809 3810/4747/3810
f 3810/4747/3810 3811/4748/3811 3718/4746/3723
f 3811/4748/3811 3810/4747/3810 3812/4749/3064
f 3812/4749/3064 3813/4750/2743 3811/4748/3811
f 3688/4602/3698 3800/4751/2782 3690/4604/2780
f 3800/4751/2782 3688/4602/3698 3686/4600/3696
f 3686/4600/3696 3802/4752/3804 3800/4751/2782
f 3802/4752/3804 3686/4600/3696 3684/4598/3694
f 3720/4634/3725 3718/4632/3723 3811/4753/3811
f 3811/4753/3811 3722/4636/2743 3720/4634/3725
f 3722/4636/2743 3811/4753/3811 3813/4754/2743
f 3813/4754/2743 3724/4638/3728 3722/4636/2743
f 3803/4755/3805 3814/4756/3812 3801/4757/3803
f 3814/4756/3812 3803/4755/3805 3815/4758/3813
f 3815/4758/3813 3816/4759/3814 3814/4756/3812
f 3816/4759/3814 3815/4758/3813 3817/4760/3815
f 3817/4760/3815 3818/4761/3175 3816/4759/3814
f 3818/4761/3175 3817/4760/3815 3819/4762/3174
f 3819/4762/3174 3810/4763/3810 3818/4761/3175
f 3810/4763/3810 3819/4762/3174 3812/4764/3064
f 3820/4765/3816 3654/4766/3666 3652/4767/3664
f 3652/4767/3664 3821/4768/3817 3820/4765/3816
f 3821/4768/3817 3652/4767/3664 3650/4769/3662
f 3650/4769/3662 3822/4770/3818 3821/4768/3817
f 3822/4770/3818 3650/4769/3662 3648/4771/3660
f 3648/4771/3660 3823/4772/3819 3822/4770/3818
f 3823/4772/3819 3648/4771/3660 3646/4773/3658
f 3646/4773/3658 3824/4774/3820 3823/4772/3819
f 3824/4774/3820 3646/4773/3658 3644/4775/3656
f 3644/4775/3656 3825/4776/3821 3824/4774/3820
f 3825/4776/3821 3644/4775/3656 3826/4777/3822
f 3826/4777/3822 3827/4778/3073 3825/4776/3821
f 3827/4778/3073 3826/4777/3822 3828/4779/3823
f 3828/4779/3823 3829/4780/3824 3827/4778/3073
f 3662/4576/3674 3830/4781/3825 3831/4782/3826
f 3831/4782/3826 3664/4578/3676 3662/4576/3674
f 3664/4578/3676 3831/4782/3826 3832/4783/3827
f 3832/4783/3827 3666/4580/2743 3664/4578/3676
f 3666/4580/2743 3832/4783/3827 3833/4784/3828
f 3833/4784/3828 3668/4582/3679 3666/4580/2743
f 3668/4582/3679 3833/4784/3828 3834/4785/3829
f 3834/4785/3829 3670/4584/3023 3668/4582/3679
f 3670/4584/3023 3834/4785/3829 3835/4786/3830
f 3835/4786/3830 3672/4586/3682 3670/4584/3023
f 3672/4586/3682 3835/4786/3830 3836/4787/3831
f 3836/4787/3831 3837/4788/3832 3672/4586/3682
f 3837/4788/3832 3836/4787/3831 3838/4789/3833
f 3837/4788/3832 3838/4789/3833 3839/4790/3834
f 3837/4788/3832 3839/4790/3834 3676/4590/3686
f 3676/4590/3686 3672/4586/3682 3837/4788/3832
f 3672/4586/3682 3676/4590/3686 3674/4588/3684
f 3678/4592/3688 3676/4590/3686 3839/4790/3834
f 3644/4558/3656 3642/4556/3654 3640/4554/3652
f 3640/4554/3652 3826/4791/3822 3644/4558/3656
f 3826/4791/3822 3640/4554/3652 3638/4552/3650
f 3638/4552/3650 3828/4792/3823 3826/4791/3822
f 3786/4793/3790 3783/4700/3787 3782/4699/3786
f 3782/4699/3786 3840/4794/3835 3786/4793/3790
f 3840/4794/3835 3782/4699/3786 3781/4698/3785
f 3781/4698/3785 3841/4795/3836 3840/4794/3835
f 3841/4795/3836 3781/4698/3785 3780/4697/3784
f 3780/4697/3784 3842/4796/3837 3841/4795/3836
f 3842/4796/3837 3780/4697/3784 3779/4696/3783
f 3842/4796/3837 3779/4696/3783 3766/4797/3770
f 3842/4796/3837 3766/4797/3770 3843/4798/3838
f 3843/4798/3838 3841/4795/3836 3842/4796/3837
f 3841/4795/3836 3843/4798/3838 3844/4799/3839
f 3844/4799/3839 3840/4794/3835 3841/4795/3836
f 3840/4794/3835 3844/4799/3839 3845/4800/3840
f 3845/4800/3840 3786/4793/3790 3840/4794/3835
f 3845/4800/3840 3846/4801/3841 3786/4793/3790
f 3846/4801/3841 3845/4800/3840 3847/4802/3842
f 3847/4802/3842 3786/4793/3790 3846/4801/3841
f 3786/4793/3790 3847/4802/3842 3848/4803/3843
f 3848/4803/3843 3788/4804/3792 3786/4793/3790
f 3788/4804/3792 3848/4803/3843 3849/4805/3844
f 3849/4805/3844 3850/4806/3845 3788/4804/3792
f 3850/4806/3845 3849/4805/3844 3851/4807/3846
f 3851/4807/3846 3788/4804/3792 3850/4806/3845
f 3788/4804/3792 3851/4807/3846 3852/4808/3847
f 3852/4808/3847 3793/4809/3797 3788/4804/3792
f 3852/4808/3847 3853/4810/3848 3793/4809/3797
f 3852/4808/3847 3854/4811/3849 3853/4810/3848
f 3854/4811/3849 3852/4808/3847 3851/4807/3846
f 3851/4807/3846 3855/4812/3850 3854/4811/3849
f 3851/4807/3846 3856/4813/3851 3855/4812/3850
f 3856/4813/3851 3851/4807/3846 3849/4805/3844
f 3849/4805/3844 3857/4814/3852 3856/4813/3851
f 3857/4814/3852 3849/4805/3844 3848/4803/3843
f 3848/4803/3843 3858/4815/3853 3857/4814/3852
f 3858/4815/3853 3848/4803/3843 3847/4802/3842
f 3847/4802/3842 3859/4816/3854 3858/4815/3853
f 3847/4802/3842 3860/4817/3855 3859/4816/3854
f 3860/4817/3855 3847/4802/3842 3845/4800/3840
f 3845/4800/3840 3861/4818/3856 3860/4817/3855
f 3861/4818/3856 3845/4800/3840 3844/4799/3839
f 3861/4819/3856 3844/4799/3839 3843/4798/3838
f 3843/4798/3838 3862/4820/3857 3861/4819/3856
f 3843/4798/3838 3863/4821/3858 3862/4820/3857
f 3863/4821/3858 3843/4798/3838 3766/4797/3770
f 3766/4797/3770 3864/4822/3859 3863/4821/3858
f 3864/4822/3859 3766/4797/3770 3763/4823/3767
f 3864/4822/3859 3763/4823/3767 3865/4824/3860
f 3864/4822/3859 3865/4824/3860 3866/4825/3861
f 3866/4825/3861 3867/4826/3862 3864/4822/3859
f 3867/4826/3862 3866/4825/3861 3868/4827/3863
f 3867/4826/3862 3868/4827/3863 3869/4828/3864
f 3869/4828/3864 3870/4829/3865 3867/4826/3862
f 3870/4829/3865 3869/4828/3864 3871/4830/3866
f 3871/4830/3866 3872/4831/3867 3870/4829/3865
f 3872/4831/3867 3871/4830/3866 3873/4832/3868
f 3873/4832/3868 3874/4833/3869 3872/4831/3867
f 3874/4833/3869 3873/4832/3868 3875/4834/3870
f 3875/4834/3870 3876/4835/3871 3874/4833/3869
f 3876/4835/3871 3875/4834/3870 3877/4836/3872
f 3877/4836/3872 3878/4837/3873 3876/4835/3871
f 3878/4837/3873 3877/4836/3872 3879/4838/3874
f 3879/4838/3874 3880/4839/3875 3878/4837/3873
f 3880/4839/3875 3879/4838/3874 3881/4840/3876
f 3881/4840/3876 3882/4841/3877 3880/4839/3875
f 3882/4841/3877 3881/4840/3876 3883/4842/3878
f 3883/4842/3878 3884/4843/3879 3882/4841/3877
f 3884/4843/3879 3883/4842/3878 3776/4692/3780
f 3884/4843/3879 3776/4692/3780 3775/4691/3779
f 3884/4843/3879 3775/4691/3779 3756/4670/3760
f 3884/4843/3879 3756/4670/3760 3754/4668/3758
f 3754/4668/3758 3882/4841/3877 3884/4843/3879
f 3754/4668/3758 3880/4839/3875 3882/4841/3877
f 3880/4839/3875 3754/4668/3758 3752/4666/3756
f 3752/4666/3756 3878/4837/3873 3880/4839/3875
f 3878/4837/3873 3752/4666/3756 3750/4664/3754
f 3750/4664/3754 3876/4835/3871 3878/4837/3873
f 3750/4664/3754 3874/4833/3869 3876/4835/3871
f 3750/4664/3754 3872/4831/3867 3874/4833/3869
f 3872/4831/3867 3750/4664/3754 3885/4844/3880
f 3885/4844/3880 3870/4829/3865 3872/4831/3867
f 3870/4829/3865 3885/4844/3880 3886/4845/3881
f 3886/4845/3881 3867/4826/3862 3870/4829/3865
f 3886/4845/3881 3887/4846/3882 3867/4826/3862
f 3887/4846/3882 3886/4845/3881 3888/4847/3883
f 3887/4846/3882 3888/4847/3883 3889/4848/3884
f 3889/4848/3884 3890/4849/3885 3887/4846/3882
f 3890/4849/3885 3889/4848/3884 3891/4850/3886
f 3891/4850/3886 3861/4819/3856 3890/4849/3885
f 3861/4818/3856 3891/4850/3886 3892/4851/3887
f 3892/4851/3887 3860/4817/3855 3861/4818/3856
f 3892/4851/3887 3859/4816/3854 3860/4817/3855
f 3892/4851/3887 3893/4852/3888 3859/4816/3854
f 3893/4852/3888 3892/4851/3887 3891/4850/3886
f 3893/4852/3888 3891/4850/3886 3889/4848/3884
f 3889/4848/3884 3894/4853/3889 3893/4852/3888
f 3894/4853/3889 3889/4848/3884 3888/4847/3883
f 3888/4847/3883 3895/4854/3890 3894/4853/3889
f 3895/4854/3890 3888/4847/3883 3886/4845/3881
f 3886/4845/3881 3896/4855/3891 3895/4854/3890
f 3896/4855/3891 3886/4845/3881 3885/4844/3880
f 3885/4844/3880 3748/4662/3752 3896/4855/3891
f 3748/4662/3752 3885/4844/3880 3750/4664/3754
f 3896/4855/3891 3748/4662/3752 3746/4660/3750
f 3746/4660/3750 3895/4854/3890 3896/4855/3891
f 3895/4854/3890 3746/4660/3750 3897/4856/3892
f 3897/4856/3892 3894/4853/3889 3895/4854/3890
f 3897/4856/3892 3898/4857/3893 3894/4853/3889
f 3898/4857/3893 3897/4856/3892 3746/4660/3750
f 3898/4857/3893 3746/4660/3750 3744/4658/3748
f 3744/4658/3748 3899/4858/3894 3898/4857/3893
f 3899/4858/3894 3744/4658/3748 3742/4656/3746
f 3742/4656/3746 3900/4859/3895 3899/4858/3894
f 3900/4859/3895 3742/4656/3746 3901/4860/3896
f 3900/4859/3895 3901/4860/3896 3902/4861/3897
f 3900/4859/3895 3902/4861/3897 3903/4862/3898
f 3900/4859/3895 3903/4862/3898 3904/4863/3899
f 3904/4863/3899 3899/4858/3894 3900/4859/3895
f 3899/4858/3894 3904/4863/3899 3905/4864/3900
f 3905/4864/3900 3898/4857/3893 3899/4858/3894
f 3898/4857/3893 3905/4864/3900 3906/4865/3901
f 3906/4865/3901 3894/4853/3889 3898/4857/3893
f 3894/4853/3889 3906/4865/3901 3858/4815/3853
f 3858/4815/3853 3893/4852/3888 3894/4853/3889
f 3893/4852/3888 3858/4815/3853 3859/4816/3854
f 3862/4820/3857 3890/4849/3885 3861/4819/3856
f 3890/4849/3885 3862/4820/3857 3907/4866/3902
f 3907/4866/3902 3887/4846/3882 3890/4849/3885
f 3907/4866/3902 3867/4826/3862 3887/4846/3882
f 3867/4826/3862 3907/4866/3902 3908/4867/3903
f 3908/4867/3903 3864/4822/3859 3867/4826/3862
f 3908/4867/3903 3863/4821/3858 3864/4822/3859
f 3908/4867/3903 3862/4820/3857 3863/4821/3858
f 3862/4820/3857 3908/4867/3903 3907/4866/3902
f 3858/4815/3853 3906/4865/3901 3905/4864/3900
f 3905/4864/3900 3909/4868/3904 3858/4815/3853
f 3909/4868/3904 3905/4864/3900 3904/4863/3899
f 3904/4863/3899 3910/4869/3905 3909/4868/3904
f 3910/4869/3905 3904/4863/3899 3903/4862/3898
f 3903/4862/3898 3911/4870/3906 3910/4869/3905
f 3911/4870/3906 3903/4862/3898 3912/4871/3907
f 3912/4871/3907 3913/4872/3908 3911/4870/3906
f 3913/4872/3908 3912/4871/3907 3914/4873/3909
f 3914/4873/3909 3915/4874/3910 3913/4872/3908
f 3915/4874/3910 3914/4873/3909 3916/4875/3911
f 3916/4875/3911 3917/4876/3912 3915/4874/3910
f 3917/4876/3912 3916/4875/3911 3918/4877/3913
f 3918/4877/3913 3919/4878/3914 3917/4876/3912
f 3918/4877/3913 3920/4879/3915 3919/4878/3914
f 3918/4877/3913 3921/4880/3916 3920/4879/3915
f 3918/4877/3913 3922/4881/3917 3921/4880/3916
f 3918/4877/3913 3923/4882/3918 3922/4881/3917
f 3923/4882/3918 3918/4877/3913 3916/4875/3911
f 3916/4875/3911 3914/4873/3909 3923/4882/3918
f 3921/4880/3916 3922/4881/3917 3924/4883/3919
f 3924/4883/3919 3920/4879/3915 3921/4880/3916
f 3920/4879/3915 3924/4883/3919 3925/4884/3920
f 3925/4884/3920 3789/4885/3793 3920/4879/3915
f 3925/4884/3920 3787/4886/3791 3789/4885/3793
f 3787/4886/3791 3925/4884/3920 3926/4887/3921
f 3926/4887/3921 3785/4888/3789 3787/4886/3791
f 3926/4887/3921 3424/4290/3443 3785/4888/3789
f 3926/4887/3921 3436/4293/3453 3424/4290/3443
f 3926/4887/3921 3927/4889/3922 3436/4293/3453
f 3927/4889/3922 3926/4887/3921 3925/4884/3920
f 3927/4889/3922 3925/4884/3920 3928/4890/3923
f 3928/4890/3923 3929/4891/3924 3927/4889/3922
f 3929/4891/3924 3928/4890/3923 3930/4892/3925
f 3930/4892/3925 3764/4893/3768 3929/4891/3924
f 3930/4892/3925 3765/4894/3769 3764/4893/3768
f 3930/4892/3925 3931/4895/3926 3765/4894/3769
f 3931/4895/3926 3930/4892/3925 3932/4896/3927
f 3932/4896/3927 3933/4897/3928 3931/4895/3926
f 3932/4896/3927 3934/4898/3929 3933/4897/3928
f 3934/4898/3929 3932/4896/3927 3935/4899/3930
f 3935/4899/3930 3922/4881/3917 3934/4898/3929
f 3935/4899/3930 3924/4883/3919 3922/4881/3917
f 3935/4899/3930 3928/4890/3923 3924/4883/3919
f 3928/4890/3923 3935/4899/3930 3932/4896/3927
f 3932/4896/3927 3930/4892/3925 3928/4890/3923
f 3925/4884/3920 3924/4883/3919 3928/4890/3923
f 3784/4900/3788 3929/4891/3924 3764/4893/3768
f 3929/4891/3924 3784/4900/3788 3433/4299/3037
f 3929/4891/3924 3433/4299/3037 3440/4297/3166
f 3440/4297/3166 3927/4889/3922 3929/4891/3924
f 3927/4889/3922 3440/4297/3166 3438/4295/3167
f 3438/4295/3167 3436/4293/3453 3927/4889/3922
f 3920/4879/3915 3789/4885/3793 3792/4901/3796
f 3792/4901/3796 3936/4902/3931 3920/4879/3915
f 3936/4902/3931 3792/4901/3796 3790/4903/3794
f 3790/4903/3794 3937/4904/3932 3936/4902/3931
f 3937/4904/3932 3790/4905/3794 3938/4906/3933
f 3938/4906/3933 3939/4907/3934 3937/4904/3932
f 3939/4907/3934 3938/4906/3933 3940/4908/3935
f 3940/4908/3935 3941/4909/3936 3939/4907/3934
f 3941/4909/3936 3940/4908/3935 3942/4910/3937
f 3942/4910/3937 3943/4911/3938 3941/4909/3936
f 3943/4911/3938 3942/4910/3937 3944/4912/3939
f 3944/4912/3939 3945/4913/3940 3943/4911/3938
f 3944/4912/3939 3460/4322/3475 3945/4913/3940
f 3944/4912/3939 3459/4321/3474 3460/4322/3475
f 3459/4321/3474 3944/4912/3939 3946/4914/3941
f 3946/4914/3941 3457/4319/3472 3459/4321/3474
f 3946/4914/3941 3454/4316/3469 3457/4319/3472
f 3454/4316/3469 3946/4914/3941 3947/4915/3942
f 3947/4915/3942 3455/4317/3470 3454/4316/3469
f 3455/4317/3470 3947/4915/3942 3948/4916/3943
f 3948/4916/3943 3452/4917/3467 3455/4317/3470
f 3948/4916/3943 3449/4312/3464 3452/4917/3467
f 3948/4916/3943 3450/4918/3465 3449/4312/3464
f 3948/4916/3943 3790/4905/3794 3450/4918/3465
f 3948/4916/3943 3938/4906/3933 3790/4905/3794
f 3938/4906/3933 3948/4916/3943 3947/4915/3942
f 3947/4915/3942 3940/4908/3935 3938/4906/3933
f 3940/4908/3935 3947/4915/3942 3946/4914/3941
f 3946/4914/3941 3942/4910/3937 3940/4908/3935
f 3942/4910/3937 3946/4914/3941 3944/4912/3939
f 3949/4919/3944 3943/4911/3938 3945/4913/3940
f 3945/4913/3940 3950/4920/3945 3949/4919/3944
f 3950/4920/3945 3945/4913/3940 3460/4322/3475
f 3460/4322/3475 3951/4921/3946 3950/4920/3945
f 3951/4921/3946 3460/4322/3475 3462/4324/3477
f 3951/4921/3946 3462/4324/3477 3952/4922/3947
f 3952/4922/3947 3950/4920/3945 3951/4921/3946
f 3950/4920/3945 3952/4922/3947 3953/4923/3948
f 3950/4920/3945 3953/4923/3948 3954/4924/3949
f 3954/4924/3949 3949/4919/3944 3950/4920/3945
f 3949/4919/3944 3954/4924/3949 3955/4925/3950
f 3955/4925/3950 3943/4911/3938 3949/4919/3944
f 3943/4911/3938 3955/4925/3950 3956/4926/3951
f 3956/4926/3951 3941/4909/3936 3943/4911/3938
f 3941/4909/3936 3956/4926/3951 3957/4927/3952
f 3957/4927/3952 3939/4907/3934 3941/4909/3936
f 3939/4907/3934 3957/4927/3952 3958/4928/3953
f 3958/4928/3953 3937/4904/3932 3939/4907/3934
f 3958/4928/3953 3936/4902/3931 3937/4904/3932
f 3958/4928/3953 3920/4879/3915 3936/4902/3931
f 3958/4928/3953 3919/4878/3914 3920/4879/3915
f 3919/4878/3914 3958/4928/3953 3957/4927/3952
f 3957/4927/3952 3917/4876/3912 3919/4878/3914
f 3917/4876/3912 3957/4927/3952 3956/4926/3951
f 3956/4926/3951 3915/4874/3910 3917/4876/3912
f 3915/4874/3910 3956/4926/3951 3959/4929/3954
f 3959/4929/3954 3913/4872/3908 3915/4874/3910
f 3913/4872/3908 3959/4929/3954 3960/4930/3955
f 3960/4930/3955 3911/4870/3906 3913/4872/3908
f 3960/4930/3955 3961/4931/3956 3911/4870/3906
f 3961/4931/3956 3960/4930/3955 3962/4932/3957
f 3961/4931/3956 3962/4932/3957 3963/4933/3958
f 3963/4933/3958 3911/4870/3906 3961/4931/3956
f 3963/4933/3958 3910/4869/3905 3911/4870/3906
f 3910/4869/3905 3963/4933/3958 3964/4934/3959
f 3964/4934/3959 3909/4868/3904 3910/4869/3905
f 3964/4934/3959 3858/4815/3853 3909/4868/3904
f 3964/4934/3959 3857/4814/3852 3858/4815/3853
f 3964/4934/3959 3856/4813/3851 3857/4814/3852
f 3856/4813/3851 3964/4934/3959 3965/4935/3960
f 3965/4935/3960 3855/4812/3850 3856/4813/3851
f 3965/4935/3960 3966/4936/3961 3855/4812/3850
f 3965/4935/3960 3963/4933/3958 3966/4936/3961
f 3963/4933/3958 3965/4935/3960 3964/4934/3959
f 3962/4932/3957 3966/4936/3961 3963/4933/3958
f 3966/4936/3961 3962/4932/3957 3967/4937/3962
f 3967/4937/3962 3855/4812/3850 3966/4936/3961
f 3855/4812/3850 3967/4937/3962 3968/4938/3963
f 3968/4938/3963 3854/4811/3849 3855/4812/3850
f 3854/4811/3849 3968/4938/3963 3969/4939/3964
f 3969/4939/3964 3853/4810/3848 3854/4811/3849
f 3853/4810/3848 3969/4939/3964 3970/4940/3965
f 3970/4940/3965 3793/4809/3797 3853/4810/3848
f 3793/4809/3797 3970/4940/3965 3971/4941/3966
f 3971/4941/3966 3791/4942/3795 3793/4809/3797
f 3971/4941/3966 3972/4943/3967 3791/4942/3795
f 3972/4943/3967 3971/4941/3966 3970/4940/3965
f 3970/4940/3965 3973/4944/3025 3972/4943/3967
f 3970/4940/3965 3974/4945/3095 3973/4944/3025
f 3974/4945/3095 3970/4940/3965 3969/4939/3964
f 3969/4939/3964 3975/4946/3968 3974/4945/3095
f 3975/4946/3968 3969/4939/3964 3968/4938/3963
f 3968/4938/3963 3955/4925/3950 3975/4946/3968
f 3955/4925/3950 3968/4938/3963 3959/4929/3954
f 3959/4929/3954 3956/4926/3951 3955/4925/3950
f 3959/4929/3954 3968/4938/3963 3967/4937/3962
f 3967/4937/3962 3976/4947/3969 3959/4929/3954
f 3976/4947/3969 3967/4937/3962 3960/4930/3955
f 3960/4930/3955 3959/4929/3954 3976/4947/3969
f 3962/4932/3957 3960/4930/3955 3967/4937/3962
f 3975/4946/3968 3977/4948/3970 3974/4945/3095
f 3977/4948/3970 3975/4946/3968 3955/4925/3950
f 3955/4925/3950 3978/4949/3971 3977/4948/3970
f 3978/4949/3971 3955/4925/3950 3954/4924/3949
f 3954/4924/3949 3979/4950/3972 3978/4949/3971
f 3979/4950/3972 3954/4924/3949 3953/4923/3948
f 3953/4923/3948 3980/4951/3973 3979/4950/3972
f 3980/4951/3973 3953/4923/3948 3952/4922/3947
f 3952/4922/3947 3981/4952/3974 3980/4951/3973
f 3981/4952/3974 3952/4922/3947 3462/4324/3477
f 3981/4952/3974 3462/4324/3477 3464/4326/3479
f 3464/4326/3479 3982/4953/3975 3981/4952/3974
f 3982/4953/3975 3464/4326/3479 3466/4328/3481
f 3466/4328/3481 3983/4954/3976 3982/4953/3975
f 3983/4954/3976 3466/4328/3481 3451/4329/3466
f 3451/4329/3466 3972/4955/3967 3983/4954/3976
f 3972/4955/3967 3451/4329/3466 3791/4956/3795
f 3984/4957/3348 3983/4954/3976 3972/4955/3967
f 3984/4957/3348 3982/4953/3975 3983/4954/3976
f 3984/4957/3348 3981/4952/3974 3982/4953/3975
f 3984/4957/3348 3980/4951/3973 3981/4952/3974
f 3984/4957/3348 3973/4944/3025 3980/4951/3973
f 3973/4944/3025 3984/4957/3348 3972/4943/3967
f 3979/4950/3972 3977/4948/3970 3978/4949/3971
f 3977/4948/3970 3979/4950/3972 3985/4958/3977
f 3985/4958/3977 3974/4945/3095 3977/4948/3970
f 3985/4958/3977 3973/4944/3025 3974/4945/3095
f 3985/4958/3977 3980/4951/3973 3973/4944/3025
f 3980/4951/3973 3985/4958/3977 3979/4950/3972
f 3794/4959/3798 3986/4960/3978 3987/4961/3979
f 3987/4961/3979 3700/4614/3706 3794/4959/3798
f 3987/4961/3979 3702/4616/3708 3700/4614/3706
f 3987/4961/3979 3988/4962/3980 3702/4616/3708
f 3988/4962/3980 3987/4961/3979 3986/4960/3978
f 3988/4962/3980 3986/4960/3978 3989/4963/3981
f 3989/4963/3981 3990/4964/3982 3988/4962/3980
f 3990/4964/3982 3989/4963/3981 3991/4965/3983
f 3990/4964/3982 3991/4965/3983 3804/4966/3806
f 3990/4964/3982 3804/4966/3806 3708/4622/3714
f 3990/4964/3982 3708/4622/3714 3706/4620/3712
f 3706/4620/3712 3988/4962/3980 3990/4964/3982
f 3988/4962/3980 3706/4620/3712 3704/4618/3710
f 3704/4618/3710 3702/4616/3708 3988/4962/3980
f 3771/4687/3775 3992/4967/3984 3768/4684/3772
f 3992/4967/3984 3771/4687/3775 3773/4689/3777
f 3992/4967/3984 3773/4689/3777 3774/4690/3778
f 3992/4967/3984 3774/4690/3778 3993/4968/3985
f 3992/4967/3984 3993/4968/3985 3994/4969/3986
f 3992/4967/3984 3994/4969/3986 3769/4685/3773
f 3769/4685/3773 3768/4684/3772 3992/4967/3984
f 3995/4970/3987 3769/4685/3773 3994/4969/3986
f 3996/4971/3988 3997/4972/3989 3998/4973/3990
f 3998/4973/3990 3999/4974/3991 3996/4971/3988
f 3998/4973/3990 4000/4975/3992 3999/4974/3991
f 3998/4973/3990 4001/4976/3993 4000/4975/3992
f 3998/4973/3990 4002/4977/3994 4001/4976/3993
f 3998/4973/3990 4003/4978/3995 4002/4977/3994
f 3998/4973/3990 4004/4979/3996 4003/4978/3995
f 3998/4973/3990 4005/4980/3997 4004/4979/3996
f 3998/4973/3990 4006/4981/3998 4005/4980/3997
f 4006/4981/3998 3998/4973/3990 3997/4972/3989
f 4007/4982/3999 4008/4983/4000 4002/4977/3994
f 4002/4977/3994 4009/4984/4001 4007/4982/3999
f 4009/4984/4001 4002/4977/3994 4003/4978/3995
f 4003/4978/3995 4010/4985/4002 4009/4984/4001
f 4003/4978/3995 4011/4986/4003 4010/4985/4002
f 4003/4978/3995 4012/4987/4004 4011/4986/4003
f 4012/4987/4004 4003/4978/3995 4004/4979/3996
f 4004/4979/3996 4013/4988/4005 4012/4987/4004
f 4004/4979/3996 4014/4989/4006 4013/4988/4005
f 4014/4989/4006 4004/4979/3996 4005/4980/3997
f 4005/4980/3997 4015/4990/4007 4014/4989/4006
f 4005/4980/3997 4016/4991/4008 4015/4990/4007
f 4016/4991/4008 4005/4980/3997 4006/4981/3998
f 4006/4981/3998 4017/4992/4009 4016/4991/4008
f 4006/4981/3998 4018/4993/4010 4017/4992/4009
f 4018/4993/4010 4006/4981/3998 3997/4972/3989
f 3997/4972/3989 4019/4994/4011 4018/4993/4010
f 3997/4972/3989 4020/4995/4012 4019/4994/4011
f 4020/4995/4012 3997/4972/3989 3996/4971/3988
f 3996/4971/3988 4021/4996/4013 4020/4995/4012
f 4021/4996/4013 3996/4971/3988 3999/4974/3991
f 3999/4974/3991 4022/4997/4014 4021/4996/4013
f 3999/4974/3991 4023/4998/4015 4022/4997/4014
f 4023/4998/4015 3999/4974/3991 4000/4975/3992
f 4000/4975/3992 4024/4999/4016 4023/4998/4015
f 4000/4975/3992 4025/5000/4017 4024/4999/4016
f 4025/5000/4017 4000/4975/3992 4001/4976/3993
f 4001/4976/3993 4026/5001/4018 4025/5000/4017
f 4001/4976/3993 4027/5002/4019 4026/5001/4018
f 4027/5002/4019 4001/4976/3993 4002/4977/3994
f 4002/4977/3994 4008/4983/4000 4027/5002/4019
f 3735/5003/3739 3737/5004/3741 4028/5005/4020
f 4028/5005/4020 3733/5006/3737 3735/5003/3739
f 3733/5006/3737 4028/5005/4020 4029/5007/4021
f 4029/5007/4021 3731/5008/3735 3733/5006/3737
f 3731/5008/3735 4029/5007/4021 4030/5009/4022
f 4030/5009/4022 3728/5010/3732 3731/5008/3735
f 4030/5009/4022 3729/5011/3733 3728/5010/3732
f 3729/5011/3733 4030/5009/4022 4031/5012/4023
f 4031/5012/4023 3759/5013/3763 3729/5011/3733
f 3759/5013/3763 4031/5012/4023 4032/5014/4024
f 4032/5014/4024 3757/5015/3761 3759/5013/3763
f 3757/5015/3761 4032/5014/4024 4033/5016/4025
f 4033/5016/4025 3755/5017/3759 3757/5015/3761
f 4033/5016/4025 3753/5018/3757 3755/5017/3759
f 4033/5016/4025 3751/5019/3755 3753/5018/3757
f 3751/5019/3755 4033/5016/4025 4034/5020/4026
f 4034/5020/4026 3749/5021/3753 3751/5019/3755
f 3749/5021/3753 4034/5020/4026 4035/5022/4027
f 4035/5022/4027 3747/5023/3751 3749/5021/3753
f 3747/5023/3751 4035/5022/4027 4036/5024/4028
f 4036/5024/4028 3745/5025/3749 3747/5023/3751
f 4036/5024/4028 3743/5026/3747 3745/5025/3749
f 4036/5024/4028 3741/5027/3745 3743/5026/3747
f 3741/5027/3745 4036/5024/4028 4037/5028/4029
f 4037/5028/4029 3739/5029/3743 3741/5027/3745
f 4037/5028/4029 3737/5004/3741 3739/5029/3743
f 4037/5028/4029 4028/5005/4020 3737/5004/3741
f 4037/5028/4029 4038/5030/4030 4028/5005/4020
f 4038/5030/4030 4037/5028/4029 4036/5024/4028
f 4038/5030/4030 4036/5024/4028 4035/5022/4027
f 4035/5022/4027 4039/5031/4031 4038/5030/4030
f 4039/5031/4031 4035/5022/4027 4034/5020/4026
f 4039/5031/4031 4034/5020/4026 4033/5016/4025
f 4039/5031/4031 4033/5016/4025 4032/5014/4024
f 4039/5031/4031 4032/5014/4024 4031/5012/4023
f 4039/5031/4031 4031/5012/4023 4030/5009/4022
f 4030/5009/4022 4038/5030/4030 4039/5031/4031
f 4038/5030/4030 4030/5009/4022 4029/5007/4021
f 4029/5007/4021 4028/5005/4020 4038/5030/4030
f 3820/5032/3816 4040/5033/4032 4041/5034/4033
f 4041/5034/4033 3654/4568/3666 3820/5032/3816
f 4041/5034/4033 3656/4570/3668 3654/4568/3666
f 4041/5034/4033 4042/5035/4034 3656/4570/3668
f 4042/5035/4034 4041/5034/4033 4040/5033/4032
f 4042/5035/4034 4040/5033/4032 4043/5036/4035
f 4043/5036/4035 4044/5037/4036 4042/5035/4034
f 4044/5037/4036 4043/5036/4035 4045/5038/4037
f 4044/5037/4036 4045/5038/4037 3830/5039/3825
f 4044/5037/4036 3830/5039/3825 3662/4576/3674
f 4044/5037/4036 3662/4576/3674 3660/4574/3672
f 3660/4574/3672 4042/5035/4034 4044/5037/4036
f 4042/5035/4034 3660/4574/3672 3658/4572/3670
f 3658/4572/3670 3656/4570/3668 4042/5035/4034
f 4046/5040/4038 4047/5041/4039 4048/5042/4040
f 4047/5041/4039 4046/5040/4038 4049/5043/4041
f 4047/5041/4039 4049/5043/4041 4050/5044/4042
f 4047/5041/4039 4050/5044/4042 4051/5045/4043
f 4047/5041/4039 4051/5045/4043 4052/5046/4044
f 4047/5041/4039 4052/5046/4044 4053/5047/4045
f 4053/5047/4045 4048/5042/4040 4047/5041/4039
f 4054/5048/4046 4053/5047/4045 4052/5046/4044
f 3995/4970/3987 3697/4611/3703 3699/4613/3705
f 3699/4613/3705 3769/4685/3773 3995/4970/3987
f 3769/4685/3773 3699/4613/3705 3701/4615/3707
f 3701/4615/3707 3767/4683/3771 3769/4685/3773
f 3767/4683/3771 3701/4615/3707 3703/4617/3709
f 3703/4617/3709 3770/4686/3774 3767/4683/3771
f 3770/4686/3774 3703/4617/3709 3705/4619/3711
f 3705/4619/3711 3772/4688/3776 3770/4686/3774
f 3772/4688/3776 3705/4619/3711 3707/4621/3713
f 3707/4621/3713 3774/4690/3778 3772/4688/3776
f 3774/4690/3778 3707/4621/3713 3709/4623/3715
f 3709/4623/3715 3993/4968/3985 3774/4690/3778
f 3993/4968/3985 3709/4623/3715 3994/5049/3986
f 3994/5049/3986 3697/4611/3703 3995/4970/3987
f 3994/5049/3986 4055/5050/4047 3697/4611/3703
f 4055/5050/4047 3994/5049/3986 3709/4623/3715
f 4055/5050/4047 3709/4623/3715 3711/4625/3717
f 3711/4625/3717 4056/5051/4048 4055/5050/4047
f 4056/5051/4048 3711/4625/3717 3713/4627/3719
f 3713/4627/3719 4057/5052/4049 4056/5051/4048
f 4057/5052/4049 3713/4627/3719 3715/4629/2744
f 3715/4629/2744 4058/5053/4050 4057/5052/4049
f 4058/5053/4050 3715/4629/2744 3717/4631/3722
f 3717/4631/3722 4059/5054/4051 4058/5053/4050
f 4059/5054/4051 3717/4631/3722 3719/4633/3724
f 3719/4633/3724 4060/5055/4052 4059/5054/4051
f 4060/5055/4052 3719/4633/3724 3721/4635/3726
f 3721/4635/3726 4061/5056/4053 4060/5055/4052
f 4061/5056/4053 3721/4635/3726 3723/4637/3727
f 4061/5056/4053 3723/4637/3727 3725/4639/3729
f 4061/5056/4053 3725/4639/3729 4062/5057/4054
f 4061/5056/4053 4062/5057/4054 3683/4597/3693
f 4061/5056/4053 3683/4597/3693 3682/4596/3692
f 3682/4596/3692 4060/5055/4052 4061/5056/4053
f 4060/5055/4052 3682/4596/3692 3685/4599/3695
f 3685/4599/3695 4059/5054/4051 4060/5055/4052
f 4059/5054/4051 3685/4599/3695 3687/4601/3697
f 3687/4601/3697 4058/5053/4050 4059/5054/4051
f 4058/5053/4050 3687/4601/3697 3689/4603/2781
f 3689/4603/2781 4057/5052/4049 4058/5053/4050
f 4057/5052/4049 3689/4603/2781 3691/4605/2781
f 3691/4605/2781 4056/5051/4048 4057/5052/4049
f 4056/5051/4048 3691/4605/2781 3693/4607/3699
f 3693/4607/3699 4055/5050/4047 4056/5051/4048
f 4055/5050/4047 3693/4607/3699 3695/4609/3701
f 3695/4609/3701 3697/4611/3703 4055/5050/4047
f 3796/5058/3800 3797/5059/3801 4063/5060/4055
f 4063/5060/4055 4064/5061/4056 3796/5058/3800
f 4064/5061/4056 4063/5060/4055 4065/5062/3278
f 4065/5062/3278 4066/5063/4057 4064/5061/4056
f 4066/5063/4057 4065/5062/3278 4067/5064/4058
f 4067/5064/4058 4068/5065/4059 4066/5063/4057
f 4068/5065/4059 4067/5064/4058 3807/5066/3808
f 4068/5065/4059 3807/5066/3808 3806/5067/3037
f 3806/5067/3037 4069/5068/4060 4068/5065/4059
f 4069/5068/4060 3806/5067/3037 3805/5069/3807
f 4069/5068/4060 3805/5069/3807 3804/5070/3806
f 4069/5068/4060 3804/5070/3806 3991/5071/3983
f 4069/5068/4060 3991/5071/3983 4070/5072/4061
f 4070/5072/4061 4068/5065/4059 4069/5068/4060
f 4070/5072/4061 4066/5063/4057 4068/5065/4059
f 4066/5063/4057 4070/5072/4061 4071/5073/4062
f 4071/5073/4062 4064/5061/4056 4066/5063/4057
f 4071/5073/4062 3796/5058/3800 4064/5061/4056
f 4071/5073/4062 3795/5074/3799 3796/5058/3800
f 4071/5073/4062 3794/5075/3798 3795/5074/3799
f 4071/5073/4062 3986/5076/3978 3794/5075/3798
f 3986/5076/3978 4071/5073/4062 4070/5072/4061
f 4070/5072/4061 3989/5077/3981 3986/5076/3978
f 3989/5077/3981 4070/5072/4061 3991/5071/3983
f 4063/5060/4055 3797/5059/3801 3798/5078/3073
f 3798/5078/3073 4072/5079/4063 4063/5060/4055
f 4072/5079/4063 3798/5078/3073 3799/5080/3802
f 3799/5080/3802 4073/5081/4064 4072/5079/4063
f 4073/5081/4064 3799/5080/3802 3801/4757/3803
f 4073/5081/4064 3801/4757/3803 3814/4756/3812
f 3814/4756/3812 4074/5082/4065 4073/5081/4064
f 4074/5082/4065 3814/4756/3812 3816/4759/3814
f 3816/4759/3814 4075/5083/4066 4074/5082/4065
f 4075/5083/4066 3816/4759/3814 3818/4761/3175
f 4075/5083/4066 3818/4761/3175 3810/4763/3810
f 4075/5083/4066 3810/4763/3810 3809/5084/3809
f 3809/5084/3809 4076/5085/4067 4075/5083/4066
f 4076/5085/4067 3809/5084/3809 3808/5086/2927
f 4076/5085/4067 3808/5086/2927 3807/5066/3808
f 4076/5085/4067 3807/5066/3808 4067/5064/4058
f 4067/5064/4058 4077/5087/4068 4076/5085/4067
f 4077/5087/4068 4067/5064/4058 4065/5062/3278
f 4077/5087/4068 4065/5062/3278 4063/5060/4055
f 4077/5087/4068 4063/5060/4055 4072/5079/4063
f 4077/5087/4068 4072/5079/4063 4074/5082/4065
f 4074/5082/4065 4076/5085/4067 4077/5087/4068
f 4076/5085/4067 4074/5082/4065 4075/5083/4066
f 4073/5081/4064 4074/5082/4065 4072/5079/4063
f 4054/5048/4046 3651/4565/3663 3653/4567/3665
f 3653/4567/3665 4053/5047/4045 4054/5048/4046
f 4053/5047/4045 3653/4567/3665 3655/4569/3667
f 3655/4569/3667 4048/5088/4040 4053/5047/4045
f 4048/5088/4040 3655/4569/3667 3657/4571/3669
f 3657/4571/3669 4046/5089/4038 4048/5088/4040
f 4046/5089/4038 3657/4571/3669 3659/4573/3671
f 3659/4573/3671 4049/5090/4041 4046/5089/4038
f 4049/5090/4041 3659/4573/3671 3661/4575/3673
f 3661/4575/3673 4050/5044/4042 4049/5090/4041
f 4050/5044/4042 3661/4575/3673 3663/4577/3675
f 3663/4577/3675 4051/5045/4043 4050/5044/4042
f 4051/5045/4043 3663/4577/3675 4078/5091/4069
f 4078/5091/4069 4052/5046/4044 4051/5045/4043
f 4078/5091/4069 4054/5048/4046 4052/5046/4044
f 4078/5091/4069 3651/4565/3663 4054/5048/4046
f 4078/5091/4069 4079/5092/4070 3651/4565/3663
f 4079/5092/4070 4078/5091/4069 3663/4577/3675
f 4079/5092/4070 3663/4577/3675 3665/4579/3677
f 3665/4579/3677 4080/5093/2915 4079/5092/4070
f 4080/5093/2915 3665/4579/3677 3667/4581/3678
f 3667/4581/3678 4081/5094/4071 4080/5093/2915
f 4081/5094/4071 3667/4581/3678 3669/4583/3680
f 3669/4583/3680 4082/5095/4072 4081/5094/4071
f 4082/5095/4072 3669/4583/3680 3671/4585/3681
f 3671/4585/3681 4083/5096/4073 4082/5095/4072
f 4083/5096/4073 3671/4585/3681 3673/4587/3683
f 3673/4587/3683 4084/5097/4074 4083/5096/4073
f 4084/5097/4074 3673/4587/3683 3675/4589/3685
f 3675/4589/3685 4085/5098/4075 4084/5097/4074
f 4085/5098/4075 3675/4589/3685 3677/4591/3687
f 4085/5098/4075 3677/4591/3687 3679/4593/3689
f 4085/5098/4075 3679/4593/3689 4086/5099/3492
f 4085/5098/4075 4086/5099/3492 3637/4551/3649
f 4085/5098/4075 3637/4551/3649 3636/4550/3648
f 3636/4550/3648 4084/5097/4074 4085/5098/4075
f 4084/5097/4074 3636/4550/3648 3639/4553/3651
f 3639/4553/3651 4083/5096/4073 4084/5097/4074
f 4083/5096/4073 3639/4553/3651 3641/4555/3653
f 3641/4555/3653 4082/5095/4072 4083/5096/4073
f 4082/5095/4072 3641/4555/3653 3643/4557/3655
f 3643/4557/3655 4081/5094/4071 4082/5095/4072
f 4081/5094/4071 3643/4557/3655 3645/4559/3657
f 3645/4559/3657 4080/5093/2915 4081/5094/4071
f 4080/5093/2915 3645/4559/3657 3647/4561/3659
f 3647/4561/3659 4079/5092/4070 4080/5093/2915
f 4079/5092/4070 3647/4561/3659 3649/4563/3661
f 3649/4563/3661 3651/4565/3663 4079/5092/4070
f 4040/5100/4032 3820/5101/3816 3821/5102/3817
f 3821/5102/3817 4087/5103/4076 4040/5100/4032
f 4087/5103/4076 3821/5102/3817 3822/5104/3818
f 3822/5104/3818 4088/5105/4077 4087/5103/4076
f 4088/5105/4077 3822/5104/3818 3823/5106/3819
f 4088/5105/4077 3823/5106/3819 4089/5107/4078
f 4089/5107/4078 4090/5108/4079 4088/5105/4077
f 4090/5108/4079 4089/5107/4078 4091/5109/4080
f 4091/5109/4080 4092/5110/4081 4090/5108/4079
f 4092/5110/4081 4091/5109/4080 4093/5111/4082
f 4092/5110/4081 4093/5111/4082 3833/5112/3828
f 4092/5110/4081 3833/5112/3828 3832/5113/3827
f 3832/5113/3827 4094/5114/4083 4092/5110/4081
f 4094/5114/4083 3832/5113/3827 3831/5115/3826
f 4094/5114/4083 3831/5115/3826 3830/5116/3825
f 4094/5114/4083 3830/5116/3825 4045/5117/4037
f 4045/5117/4037 4095/5118/4084 4094/5114/4083
f 4095/5118/4084 4045/5117/4037 4043/5119/4035
f 4095/5118/4084 4043/5119/4035 4040/5100/4032
f 4095/5118/4084 4040/5100/4032 4087/5103/4076
f 4095/5118/4084 4087/5103/4076 4090/5108/4079
f 4090/5108/4079 4094/5114/4083 4095/5118/4084
f 4094/5114/4083 4090/5108/4079 4092/5110/4081
f 4088/5105/4077 4090/5108/4079 4087/5103/4076
f 4089/5107/4078 3823/5106/3819 3824/5120/3820
f 3824/5120/3820 4096/5121/4085 4089/5107/4078
f 4096/5121/4085 3824/5120/3820 3825/5122/3821
f 3825/5122/3821 4097/5123/4086 4096/5121/4085
f 4097/5123/4086 3825/5122/3821 3827/5124/3073
f 3827/5124/3073 4098/5125/3181 4097/5123/4086
f 4098/5125/3181 3827/5124/3073 3829/5126/3824
f 4098/5125/3181 3829/5126/3824 4099/5127/4087
f 4099/5127/4087 4100/5128/4088 4098/5125/3181
f 4100/5128/4088 4099/5127/4087 4101/5129/4089
f 4101/5129/4089 4102/5130/4090 4100/5128/4088
f 4102/5130/4090 4101/5129/4089 4103/5131/4091
f 4102/5130/4090 4103/5131/4091 3838/5132/3833
f 4102/5130/4090 3838/5132/3833 3836/5133/3831
f 3836/5133/3831 4104/5134/4092 4102/5130/4090
f 4104/5134/4092 3836/5133/3831 3835/5135/3830
f 3835/5135/3830 4105/5136/4093 4104/5134/4092
f 4105/5136/4093 3835/5135/3830 3834/5137/3829
f 4105/5136/4093 3834/5137/3829 3833/5112/3828
f 4105/5136/4093 3833/5112/3828 4093/5111/4082
f 4093/5111/4082 4106/5138/4094 4105/5136/4093
f 4106/5138/4094 4093/5111/4082 4091/5109/4080
f 4106/5138/4094 4091/5109/4080 4089/5107/4078
f 4106/5138/4094 4089/5107/4078 4096/5121/4085
f 4096/5121/4085 4107/5139/4095 4106/5138/4094
f 4107/5139/4095 4096/5121/4085 4097/5123/4086
f 4107/5139/4095 4097/5123/4086 4098/5125/3181
f 4107/5139/4095 4098/5125/3181 4100/5128/4088
f 4107/5139/4095 4100/5128/4088 4104/5134/4092
f 4104/5134/4092 4106/5138/4094 4107/5139/4095
f 4106/5138/4094 4104/5134/4092 4105/5136/4093
f 4102/5130/4090 4104/5134/4092 4100/5128/4088
f 4108/5140/4096 4109/5141/4097 4110/5142/4098
f 4109/5141/4097 4108/5140/4096 4111/5143/4099
f 4111/5143/4099 4112/5144/4100 4109/5141/4097
f 4112/5144/4100 4111/5143/4099 4113/5145/4101
f 4113/5145/4101 4114/5146/4102 4112/5144/4100
f 4114/5146/4102 4113/5145/4101 4115/5147/4103
f 4115/5147/4103 4116/5148/4104 4114/5146/4102
f 4116/5148/4104 4115/5147/4103 4117/5149/4105
f 4117/5149/4105 4118/5150/4106 4116/5148/4104
f 4118/5150/4106 4117/5149/4105 4119/5151/4107
f 4119/5151/4107 4120/5152/4108 4118/5150/4106
f 4120/5152/4108 4119/5151/4107 4121/5153/4109
f 4121/5153/4109 4122/5154/4110 4120/5152/4108
f 4122/5154/4110 4121/5153/4109 4123/5155/4111
f 4123/5155/4111 4124/5156/4112 4122/5154/4110
f 4124/5156/4112 4123/5155/4111 4125/5157/4113
f 4125/5157/4113 4126/5158/4114 4124/5156/4112
f 4126/5158/4114 4125/5157/4113 4127/5159/4115
f 4127/5159/4115 4128/5160/4116 4126/5158/4114
f 4128/5160/4116 4127/5159/4115 4129/5161/4117
f 4129/5161/4117 4130/5162/4118 4128/5160/4116
f 4130/5162/4118 4129/5161/4117 4131/5163/4119
f 4131/5163/4119 4132/5164/4120 4130/5162/4118
f 4132/5164/4120 4131/5163/4119 4133/5165/4121
f 4133/5165/4121 4134/5166/4122 4132/5164/4120
f 4134/5166/4122 4133/5165/4121 4135/5167/4123
f 4135/5167/4123 4136/5168/4124 4134/5166/4122
f 4136/5168/4124 4135/5167/4123 4137/5169/4125
f 4137/5169/4125 4138/5170/4126 4136/5168/4124
f 4138/5170/4126 4137/5169/4125 4139/5171/4127
f 4139/5171/4127 4140/5172/4128 4138/5170/4126
f 4140/5172/4128 4139/5171/4127 4141/5173/4129
f 4141/5173/4129 4142/5174/4130 4140/5172/4128
f 4142/5174/4130 4141/5173/4129 4143/5175/4131
f 4143/5175/4131 4144/5176/4132 4142/5174/4130
f 4144/5176/4132 4143/5175/4131 4145/5177/4133
f 4145/5177/4133 4146/5178/4134 4144/5176/4132
f 4146/5178/4134 4145/5177/4133 4147/5179/4135
f 4147/5179/4135 4148/5180/4136 4146/5178/4134
f 4148/5180/4136 4147/5179/4135 4149/5181/4137
f 4149/5181/4137 4150/5182/4138 4148/5180/4136
f 4150/5182/4138 4149/5181/4137 4151/5183/4139
f 4151/5183/4139 4152/5184/4140 4150/5182/4138
f 4152/5184/4140 4151/5183/4139 4153/5185/4141
f 4153/5185/4141 4154/5186/4142 4152/5184/4140
f 4155/5187/4143 4156/5188/4144 4157/5189/4145
f 4156/5188/4144 4155/5187/4143 4158/5190/4146
f 4158/5190/4146 4159/5191/4147 4156/5188/4144
f 4159/5191/4147 4158/5190/4146 4160/5192/4148
f 4160/5192/4148 4161/5193/4149 4159/5191/4147
f 4161/5193/4149 4160/5192/4148 4162/5194/4150
f 4162/5194/4150 4163/5195/4151 4161/5193/4149
f 4163/5195/4151 4162/5194/4150 4164/5196/4152
f 4164/5196/4152 4165/5197/4153 4163/5195/4151
f 4165/5197/4153 4164/5196/4152 4166/5198/4154
f 4166/5198/4154 4167/5199/4155 4165/5197/4153
f 4167/5199/4155 4166/5198/4154 4168/5200/4156
f 4168/5200/4156 4169/5201/4157 4167/5199/4155
f 4169/5201/4157 4168/5200/4156 4170/5202/4158
f 4170/5202/4158 4171/5203/4159 4169/5201/4157
f 4171/5203/4159 4170/5202/4158 4172/5204/4160
f 4172/5204/4160 4173/5205/4161 4171/5203/4159
f 4173/5205/4161 4172/5204/4160 4174/5206/4162
f 4174/5206/4162 4175/5207/4163 4173/5205/4161
f 4175/5207/4163 4174/5206/4162 4176/5208/4164
f 4176/5208/4164 4177/5209/4165 4175/5207/4163
f 4177/5209/4165 4176/5208/4164 4178/5210/4166
f 4178/5210/4166 4179/5211/4167 4177/5209/4165
f 4179/5211/4167 4178/5210/4166 4180/5212/4168
f 4180/5212/4168 4181/5213/4169 4179/5211/4167
f 4181/5213/4169 4180/5212/4168 4182/5214/4170
f 4182/5214/4170 4183/5215/4171 4181/5213/4169
f 4183/5215/4171 4182/5214/4170 4184/5216/4172
f 4184/5216/4172 4185/5217/4173 4183/5215/4171
f 4185/5217/4173 4184/5216/4172 4186/5218/4174
f 4186/5218/4174 4187/5219/4175 4185/5217/4173
f 4187/5219/4175 4186/5218/4174 4188/5220/4176
f 4188/5220/4176 4189/5221/4177 4187/5219/4175
f 4189/5221/4177 4188/5220/4176 4190/5222/4178
f 4190/5222/4178 4191/5223/4179 4189/5221/4177
f 4191/5223/4179 4190/5222/4178 4192/5224/4180
f 4192/5224/4180 4193/5225/4181 4191/5223/4179
f 4193/5225/4181 4192/5224/4180 4194/5226/4182
f 4194/5226/4182 4195/5227/4183 4193/5225/4181
f 4195/5227/4183 4194/5226/4182 4196/5228/4184
f 4196/5228/4184 4197/5229/4185 4195/5227/4183
f 4197/5229/4185 4196/5228/4184 4198/5230/4186
f 4198/5230/4186 4199/5231/4187 4197/5229/4185
f 4199/5231/4187 4198/5230/4186 4200/5232/4188
f 4200/5232/4188 4201/5233/4189 4199/5231/4187
f 3210/5234/3235 4202/5235/4190 4203/5236/4191
f 4202/5235/4190 3210/5234/3235 3211/5237/3236
f 3211/5237/3236 4204/5238/4192 4202/5235/4190
f 4204/5238/4192 3211/5237/3236 3212/5239/3237
f 3212/5239/3237 4205/5240/4193 4204/5238/4192
f 4205/5240/4193 3212/5239/3237 3213/5241/3238
f 3213/5241/3238 4206/5242/4194 4205/5240/4193
f 4206/5242/4194 3213/5241/3238 3214/5243/3239
f 3214/5243/3239 4207/5244/4195 4206/5242/4194
f 4207/5244/4195 3214/5243/3239 3215/5245/3240
f 3215/5245/3240 4208/5246/4196 4207/5244/4195
f 4208/5246/4196 3215/5245/3240 3216/5247/3241
f 3216/5247/3241 4209/5248/4197 4208/5246/4196
f 4209/5248/4197 3216/5247/3241 3217/5249/3242
f 3217/5249/3242 4210/5250/4198 4209/5248/4197
f 4210/5250/4198 3217/5249/3242 3218/5251/3243
f 3218/5251/3243 4211/5252/4199 4210/5250/4198
f 4211/5252/4199 3218/5251/3243 3219/5253/3244
f 3219/5253/3244 4212/5254/4200 4211/5252/4199
f 4212/5254/4200 3219/5253/3244 3220/5255/3245
f 3220/5255/3245 4213/5256/4201 4212/5254/4200
f 4213/5256/4201 3220/5255/3245 3221/5257/3246
f 3221/5257/3246 4214/5258/4202 4213/5256/4201
f 4214/5258/4202 3221/5257/3246 3222/5259/3247
f 3222/5259/3247 4215/5260/4203 4214/5258/4202
f 4215/5260/4203 3222/5259/3247 3223/5261/3248
f 3223/5261/3248 4216/5262/4204 4215/5260/4203
f 4216/5262/4204 3223/5261/3248 3224/5263/3249
f 3224/5263/3249 4217/5264/4205 4216/5262/4204
f 4217/5264/4205 3224/5263/3249 3225/5265/3250
f 3225/5265/3250 4218/5266/4206 4217/5264/4205
f 4218/5266/4206 3225/5265/3250 3206/5267/3231
f 3206/5267/3231 4219/5268/4207 4218/5266/4206
f 4219/5268/4207 3206/5267/3231 3205/5269/3230
f 3205/5269/3230 4220/5270/4208 4219/5268/4207
f 4220/5270/4208 3205/5269/3230 3207/5271/3232
f 3207/5271/3232 4221/5272/4209 4220/5270/4208
f 4221/5272/4209 3207/5271/3232 3208/5273/3233
f 3208/5273/3233 4222/5274/4210 4221/5272/4209
f 4222/5274/4210 3208/5273/3233 3209/5275/3234
f 3209/5275/3234 4203/5236/4191 4222/5274/4210
f 4203/5236/4191 3209/5275/3234 3210/5234/3235
f 4223/5276/4211 4224/5277/4212 4225/5278/4213
f 4224/5277/4212 4223/5276/4211 4226/5279/4214
f 4226/5279/4214 4227/5280/4215 4224/5277/4212
f 4227/5280/4215 4226/5279/4214 4228/5281/4216
f 4228/5281/4216 4229/5282/4217 4227/5280/4215
f 4229/5282/4217 4228/5281/4216 4230/5283/4218
f 4230/5283/4218 4231/5284/4219 4229/5282/4217
f 4231/5284/4219 4230/5283/4218 4232/5285/4220
f 4232/5285/4220 4233/5286/4221 4231/5284/4219
f 4233/5286/4221 4232/5285/4220 4234/5287/4222
f 4234/5287/4222 4235/5288/4223 4233/5286/4221
f 4235/5288/4223 4234/5287/4222 4236/5289/4224
f 4236/5289/4224 4237/5290/4225 4235/5288/4223
f 4237/5290/4225 4236/5289/4224 4238/5291/4226
f 4238/5291/4226 4239/5292/4227 4237/5290/4225
f 4239/5292/4227 4238/5291/4226 4240/5293/4228
f 4240/5293/4228 4241/5294/4229 4239/5292/4227
f 4241/5294/4229 4240/5293/4228 4242/5295/4230
f 4242/5295/4230 4243/5296/4231 4241/5294/4229
f 4243/5296/4231 4242/5295/4230 4244/5297/4232
f 4244/5297/4232 4245/5298/4233 4243/5296/4231
f 4245/5298/4233 4244/5297/4232 4246/5299/4234
f 4246/5299/4234 4247/5300/4235 4245/5298/4233
f 4247/5300/4235 4246/5299/4234 4248/5301/4236
f 4248/5301/4236 4249/5302/4237 4247/5300/4235
f 4249/5302/4237 4248/5301/4236 4250/5303/4238
f 4250/5303/4238 4251/5304/4239 4249/5302/4237
f 4251/5304/4239 4250/5303/4238 4252/5305/4240
f 4252/5305/4240 4253/5306/4241 4251/5304/4239
f 4253/5306/4241 4252/5305/4240 4254/5307/4242
f 4254/5307/4242 4255/5308/4243 4253/5306/4241
f 4255/5308/4243 4254/5307/4242 4256/5309/4244
f 4256/5309/4244 4257/5310/4245 4255/5308/4243
f 4257/5310/4245 4256/5309/4244 4258/5311/4246
f 4258/5311/4246 4259/5312/4247 4257/5310/4245
f 4259/5312/4247 4258/5311/4246 4260/5313/4248
f 4260/5313/4248 4261/5314/4249 4259/5312/4247
f 4261/5314/4249 4260/5313/4248 4262/5315/4250
f 4262/5315/4250 4263/5316/4251 4261/5314/4249
f 4263/5316/4251 4262/5315/4250 4264/5317/4252
f 4264/5317/4252 4225/5278/4213 4263/5316/4251
f 4225/5278/4213 4264/5317/4252 4223/5276/4211
f 4265/5318/4253 4266/5319/4254 4267/5320/4255
f 4266/5319/4254 4265/5318/4253 4268/5321/4256
f 4268/5321/4256 4269/5322/4257 4266/5319/4254
f 4269/5322/4257 4268/5321/4256 4270/5323/4258
f 4270/5323/4258 4271/5324/4259 4269/5322/4257
f 4271/5324/4259 4270/5323/4258 4272/5325/4260
f 4272/5325/4260 4273/5326/4261 4271/5324/4259
f 4273/5326/4261 4272/5325/4260 4274/5327/4262
f 4274/5327/4262 4275/5328/4263 4273/5326/4261
f 4275/5328/4263 4274/5327/4262 4276/5329/4264
f 4276/5329/4264 4277/5330/4265 4275/5328/4263
f 4277/5330/4265 4276/5329/4264 4278/5331/4266
f 4278/5331/4266 4279/5332/4267 4277/5330/4265
f 4279/5332/4267 4278/5331/4266 4280/5333/4268
f 4280/5333/4268 4281/5334/4269 4279/5332/4267
f 4281/5334/4269 4280/5333/4268 4282/5335/4270
f 4282/5335/4270 4283/5336/4271 4281/5334/4269
f 4283/5336/4271 4282/5335/4270 4284/5337/4272
f 4284/5337/4272 4285/5338/4273 4283/5336/4271
f 4285/5338/4273 4284/5337/4272 4286/5339/4274
f 4286/5339/4274 4287/5340/4275 4285/5338/4273
f 4287/5340/4275 4286/5339/4274 4288/5341/4276
f 4288/5341/4276 4289/5342/4277 4287/5340/4275
f 4289/5342/4277 4288/5341/4276 4290/5343/4278
f 4290/5343/4278 4291/5344/4279 4289/5342/4277
f 4291/5344/4279 4290/5343/4278 4292/5345/4280
f 4292/5345/4280 4293/5346/4281 4291/5344/4279
f 4293/5346/4281 4292/5345/4280 4294/5347/4282
f 4294/5347/4282 4295/5348/4283 4293/5346/4281
f 4295/5348/4283 4294/5347/4282 4296/5349/4284
f 4296/5349/4284 4297/5350/4285 4295/5348/4283
f 4297/5350/4285 4296/5349/4284 4298/5351/4286
f 4298/5351/4286 4299/5352/4287 4297/5350/4285
f 4299/5352/4287 4298/5351/4286 4300/5353/4288
f 4300/5353/4288 4301/5354/4289 4299/5352/4287
f 4301/5354/4289 4300/5353/4288 4302/5355/4290
f 4302/5355/4290 4303/5356/4291 4301/5354/4289
f 4303/5356/4291 4302/5355/4290 4304/5357/4292
f 4304/5357/4292 4305/5358/4293 4303/5356/4291
f 4305/5358/4293 4304/5357/4292 4306/5359/4294
f 4306/5359/4294 4267/5320/4255 4305/5358/4293
f 4267/5320/4255 4306/5359/4294 4265/5318/4253
f 4307/5360/4295 4308/5361/4296 4309/5362/4297
f 4308/5361/4296 4307/5360/4295 4310/5363/4298
f 4310/5363/4298 4311/5364/4299 4308/5361/4296
f 4311/5364/4299 4310/5363/4298 4312/5365/4300
f 4312/5365/4300 4313/5366/4301 4311/5364/4299
f 4313/5366/4301 4312/5365/4300 4314/5367/4302
f 4314/5367/4302 4315/5368/4303 4313/5366/4301
f 4315/5368/4303 4314/5367/4302 4316/5369/4304
f 4316/5369/4304 4317/5370/4305 4315/5368/4303
f 4317/5370/4305 4316/5369/4304 4318/5371/4306
f 4318/5371/4306 4319/5372/4307 4317/5370/4305
f 4319/5372/4307 4318/5371/4306 4320/5373/4308
f 4320/5373/4308 4321/5374/4309 4319/5372/4307
f 4321/5374/4309 4320/5373/4308 4322/5375/4310
f 4322/5375/4310 4323/5376/4311 4321/5374/4309
f 4323/5376/4311 4322/5375/4310 4324/5377/4312
f 4324/5377/4312 4325/5378/4313 4323/5376/4311
f 4325/5378/4313 4324/5377/4312 4326/5379/4314
f 4326/5379/4314 4327/5380/4315 4325/5378/4313
f 4327/5380/4315 4326/5379/4314 4328/5381/4316
f 4328/5381/4316 4329/5382/4317 4327/5380/4315
f 4329/5382/4317 4328/5381/4316 4330/5383/4318
f 4330/5383/4318 4331/5384/4319 4329/5382/4317
f 4331/5384/4319 4330/5383/4318 4332/5385/4320
f 4332/5385/4320 4333/5386/4321 4331/5384/4319
f 4333/5386/4321 4332/5385/4320 4334/5387/4322
f 4334/5387/4322 4335/5388/4323 4333/5386/4321
f 4335/5388/4323 4334/5387/4322 4336/5389/4324
f 4336/5389/4324 4337/5390/4325 4335/5388/4323
f 4337/5390/4325 4336/5389/4324 4338/5391/4326
f 4338/5391/4326 4339/5392/4327 4337/5390/4325
f 4339/5392/4327 4338/5391/4326 4340/5393/4328
f 4340/5393/4328 4341/5394/4329 4339/5392/4327
f 4341/5394/4329 4340/5393/4328 4342/5395/4330
f 4342/5395/4330 4343/5396/4331 4341/5394/4329
f 4343/5396/4331 4342/5395/4330 4344/5397/4332
f 4344/5397/4332 4345/5398/4333 4343/5396/4331
f 4345/5398/4333 4344/5397/4332 4346/5399/4334
f 4346/5399/4334 4347/5400/4335 4345/5398/4333
f 4347/5400/4335 4346/5399/4334 4348/5401/4336
f 4348/5401/4336 4309/5362/4297 4347/5400/4335
f 4309/5362/4297 4348/5401/4336 4307/5360/4295
f 4267/5320/4255 4349/5402/4337 4350/5403/4338
f 4349/5402/4337 4267/5320/4255 4266/5319/4254
f 4266/5319/4254 4351/5404/4339 4349/5402/4337
f 4351/5404/4339 4266/5319/4254 4269/5322/4257
f 4269/5322/4257 4352/5405/4340 4351/5404/4339
f 4352/5405/4340 4269/5322/4257 4271/5324/4259
f 4271/5324/4259 4353/5406/4341 4352/5405/4340
f 4353/5406/4341 4271/5324/4259 4273/5326/4261
f 4273/5326/4261 4354/5407/4342 4353/5406/4341
f 4354/5407/4342 4273/5326/4261 4275/5328/4263
f 4275/5328/4263 4355/5408/4343 4354/5407/4342
f 4355/5408/4343 4275/5328/4263 4277/5330/4265
f 4277/5330/4265 4356/5409/4344 4355/5408/4343
f 4356/5409/4344 4277/5330/4265 4279/5332/4267
f 4279/5332/4267 4357/5410/4345 4356/5409/4344
f 4357/5410/4345 4279/5332/4267 4281/5334/4269
f 4281/5334/4269 4358/5411/4346 4357/5410/4345
f 4358/5411/4346 4281/5334/4269 4283/5336/4271
f 4283/5336/4271 4359/5412/4347 4358/5411/4346
f 4359/5412/4347 4283/5336/4271 4285/5338/4273
f 4285/5338/4273 4360/5413/4348 4359/5412/4347
f 4360/5413/4348 4285/5338/4273 4287/5340/4275
f 4287/5340/4275 4361/5414/4349 4360/5413/4348
f 4361/5414/4349 4287/5340/4275 4289/5342/4277
f 4289/5342/4277 4362/5415/4350 4361/5414/4349
f 4362/5415/4350 4289/5342/4277 4291/5344/4279
f 4291/5344/4279 4363/5416/4351 4362/5415/4350
f 4363/5416/4351 4291/5344/4279 4293/5346/4281
f 4293/5346/4281 4364/5417/4352 4363/5416/4351
f 4364/5417/4352 4293/5346/4281 4295/5348/4283
f 4295/5348/4283 4365/5418/4353 4364/5417/4352
f 4365/5418/4353 4295/5348/4283 4297/5350/4285
f 4297/5350/4285 4366/5419/4354 4365/5418/4353
f 4366/5419/4354 4297/5350/4285 4299/5352/4287
f 4299/5352/4287 4367/5420/4355 4366/5419/4354
f 4367/5420/4355 4299/5352/4287 4301/5354/4289
f 4301/5354/4289 4368/5421/4356 4367/5420/4355
f 4368/5421/4356 4301/5354/4289 4303/5356/4291
f 4303/5356/4291 4369/5422/4357 4368/5421/4356
f 4369/5422/4357 4303/5356/4291 4305/5358/4293
f 4305/5358/4293 4350/5403/4338 4369/5422/4357
f 4350/5403/4338 4305/5358/4293 4267/5320/4255
f 4370/5423/4358 4371/5424/4359 4372/5425/4360
f 4371/5424/4359 4370/5423/4358 4373/5426/4361
f 4373/5426/4361 4374/5427/4362 4371/5424/4359
f 4374/5427/4362 4373/5426/4361 4375/5428/4363
f 4375/5428/4363 4376/5429/4364 4374/5427/4362
f 4376/5429/4364 4375/5428/4363 4377/5430/4365
f 4377/5430/4365 4378/5431/4366 4376/5429/4364
f 4378/5431/4366 4377/5430/4365 4379/5432/4367
f 4379/5432/4367 4380/5433/4368 4378/5431/4366
f 4380/5433/4368 4379/5432/4367 4381/5434/4369
f 4381/5434/4369 4382/5435/4370 4380/5433/4368
f 4382/5435/4370 4381/5434/4369 4383/5436/4371
f 4383/5436/4371 4384/5437/4372 4382/5435/4370
f 4384/5437/4372 4383/5436/4371 4385/5438/4373
f 4385/5438/4373 4386/5439/4374 4384/5437/4372
f 4386/5439/4374 4385/5438/4373 4387/5440/4375
f 4387/5440/4375 4388/5441/4376 4386/5439/4374
f 4388/5441/4376 4387/5440/4375 4389/5442/4377
f 4389/5442/4377 4390/5443/4378 4388/5441/4376
f 4390/5443/4378 4389/5442/4377 4391/5444/4379
f 4391/5444/4379 4392/5445/4380 4390/5443/4378
f 4392/5445/4380 4391/5444/4379 4393/5446/4381
f 4393/5446/4381 4394/5447/4382 4392/5445/4380
f 4394/5447/4382 4393/5446/4381 4395/5448/4383
f 4395/5448/4383 4396/5449/4384 4394/5447/4382
f 4396/5449/4384 4395/5448/4383 4397/5450/4385
f 4397/5450/4385 4398/5451/4386 4396/5449/4384
f 4398/5451/4386 4397/5450/4385 4399/5452/4387
f 4399/5452/4387 4400/5453/4388 4398/5451/4386
f 4400/5453/4388 4399/5452/4387 4401/5454/4389
f 4401/5454/4389 4402/5455/4390 4400/5453/4388
f 4402/5455/4390 4401/5454/4389 4403/5456/4391
f 4403/5456/4391 4404/5457/4392 4402/5455/4390
f 4404/5457/4392 4403/5456/4391 4405/5458/4393
f 4405/5458/4393 4406/5459/4394 4404/5457/4392
f 4406/5459/4394 4405/5458/4393 4407/5460/4395
f 4407/5460/4395 4408/5461/4396 4406/5459/4394
f 4408/5461/4396 4407/5460/4395 4409/5462/4397
f 4409/5462/4397 4410/5463/4398 4408/5461/4396
f 4410/5463/4398 4409/5462/4397 4411/5464/4399
f 4411/5464/4399 4372/5425/4360 4410/5463/4398
f 4372/5425/4360 4411/5464/4399 4370/5423/4358
f 4323/5376/4311 4412/5465/4400 4413/5466/4401
f 4412/5465/4400 4323/5376/4311 4325/5378/4313
f 4325/5378/4313 4414/5467/4402 4412/5465/4400
f 4414/5467/4402 4325/5378/4313 4327/5380/4315
f 4327/5380/4315 4415/5468/4403 4414/5467/4402
f 4415/5468/4403 4327/5380/4315 4329/5382/4317
f 4329/5382/4317 4416/5469/4404 4415/5468/4403
f 4416/5469/4404 4329/5382/4317 4331/5384/4319
f 4331/5384/4319 4417/5470/4405 4416/5469/4404
f 4417/5470/4405 4331/5384/4319 4333/5386/4321
f 4333/5386/4321 4418/5471/4406 4417/5470/4405
f 4418/5471/4406 4333/5386/4321 4335/5388/4323
f 4335/5388/4323 4419/5472/4407 4418/5471/4406
f 4419/5472/4407 4335/5388/4323 4337/5390/4325
f 4337/5390/4325 4420/5473/4408 4419/5472/4407
f 4420/5473/4408 4337/5390/4325 4339/5392/4327
f 4339/5392/4327 4421/5474/4409 4420/5473/4408
f 4421/5474/4409 4339/5392/4327 4341/5394/4329
f 4341/5394/4329 4422/5475/4410 4421/5474/4409
f 4422/5475/4410 4341/5394/4329 4343/5396/4331
f 4343/5396/4331 4423/5476/4411 4422/5475/4410
f 4423/5476/4411 4343/5396/4331 4345/5398/4333
f 4345/5398/4333 4424/5477/4412 4423/5476/4411
f 4424/5477/4412 4345/5398/4333 4347/5400/4335
f 4347/5400/4335 4425/5478/4413 4424/5477/4412
f 4425/5478/4413 4347/5400/4335 4309/5362/4297
f 4309/5362/4297 4426/5479/4414 4425/5478/4413
f 4426/5479/4414 4309/5362/4297 4308/5361/4296
f 4308/5361/4296 4427/5480/4415 4426/5479/4414
f 4427/5480/4415 4308/5361/4296 4311/5364/4299
f 4311/5364/4299 4428/5481/4416 4427/5480/4415
f 4428/5481/4416 4311/5364/4299 4313/5366/4301
f 4313/5366/4301 4429/5482/4417 4428/5481/4416
f 4429/5482/4417 4313/5366/4301 4315/5368/4303
f 4315/5368/4303 4430/5483/4418 4429/5482/4417
f 4430/5483/4418 4315/5368/4303 4317/5370/4305
f 4317/5370/4305 4431/5484/4419 4430/5483/4418
f 4431/5484/4419 4317/5370/4305 4319/5372/4307
f 4319/5372/4307 4432/5485/4420 4431/5484/4419
f 4432/5485/4420 4319/5372/4307 4321/5374/4309
f 4321/5374/4309 4413/5466/4401 4432/5485/4420
f 4413/5466/4401 4321/5374/4309 4323/5376/4311
f 4406/5459/4394 4326/5379/4314 4324/5377/4312
f 4326/5379/4314 4406/5459/4394 4408/5461/4396
f 4408/5461/4396 4328/5381/4316 4326/5379/4314
f 4328/5381/4316 4408/5461/4396 4410/5463/4398
f 4410/5463/4398 4330/5383/4318 4328/5381/4316
f 4330/5383/4318 4410/5463/4398 4372/5425/4360
f 4372/5425/4360 4332/5385/4320 4330/5383/4318
f 4332/5385/4320 4372/5425/4360 4371/5424/4359
f 4371/5424/4359 4334/5387/4322 4332/5385/4320
f 4334/5387/4322 4371/5424/4359 4374/5427/4362
f 4374/5427/4362 4336/5389/4324 4334/5387/4322
f 4336/5389/4324 4374/5427/4362 4376/5429/4364
f 4376/5429/4364 4338/5391/4326 4336/5389/4324
f 4338/5391/4326 4376/5429/4364 4378/5431/4366
f 4378/5431/4366 4340/5393/4328 4338/5391/4326
f 4340/5393/4328 4378/5431/4366 4380/5433/4368
f 4380/5433/4368 4342/5395/4330 4340/5393/4328
f 4342/5395/4330 4380/5433/4368 4382/5435/4370
f 4382/5435/4370 4344/5397/4332 4342/5395/4330
f 4344/5397/4332 4382/5435/4370 4384/5437/4372
f 4384/5437/4372 4346/5399/4334 4344/5397/4332
f 4346/5399/4334 4384/5437/4372 4386/5439/4374
f 4386/5439/4374 4348/5401/4336 4346/5399/4334
f 4348/5401/4336 4386/5439/4374 4388/5441/4376
f 4388/5441/4376 4307/5360/4295 4348/5401/4336
f 4307/5360/4295 4388/5441/4376 4390/5443/4378
f 4390/5443/4378 4310/5363/4298 4307/5360/4295
f 4310/5363/4298 4390/5443/4378 4392/5445/4380
f 4392/5445/4380 4312/5365/4300 4310/5363/4298
f 4312/5365/4300 4392/5445/4380 4394/5447/4382
f 4394/5447/4382 4314/5367/4302 4312/5365/4300
f 4314/5367/4302 4394/5447/4382 4396/5449/4384
f 4396/5449/4384 4316/5369/4304 4314/5367/4302
f 4316/5369/4304 4396/5449/4384 4398/5451/4386
f 4398/5451/4386 4318/5371/4306 4316/5369/4304
f 4318/5371/4306 4398/5451/4386 4400/5453/4388
f 4400/5453/4388 4320/5373/4308 4318/5371/4306
f 4320/5373/4308 4400/5453/4388 4402/5455/4390
f 4402/5455/4390 4322/5375/4310 4320/5373/4308
f 4322/5375/4310 4402/5455/4390 4404/5457/4392
f 4404/5457/4392 4324/5377/4312 4322/5375/4310
f 4324/5377/4312 4404/5457/4392 4406/5459/4394
f 4429/5482/4417 4276/5329/4264 4274/5327/4262
f 4276/5329/4264 4429/5482/4417 4430/5483/4418
f 4430/5483/4418 4278/5331/4266 4276/5329/4264
f 4278/5331/4266 4430/5483/4418 4431/5484/4419
f 4431/5484/4419 4280/5333/4268 4278/5331/4266
f 4280/5333/4268 4431/5484/4419 4432/5485/4420
f 4432/5485/4420 4282/5335/4270 4280/5333/4268
f 4282/5335/4270 4432/5485/4420 4413/5466/4401
f 4413/5466/4401 4284/5337/4272 4282/5335/4270
f 4284/5337/4272 4413/5466/4401 4412/5465/4400
f 4412/5465/4400 4286/5339/4274 4284/5337/4272
f 4286/5339/4274 4412/5465/4400 4414/5467/4402
f 4414/5467/4402 4288/5341/4276 4286/5339/4274
f 4288/5341/4276 4414/5467/4402 4415/5468/4403
f 4415/5468/4403 4290/5343/4278 4288/5341/4276
f 4290/5343/4278 4415/5468/4403 4416/5469/4404
f 4416/5469/4404 4292/5345/4280 4290/5343/4278
f 4292/5345/4280 4416/5469/4404 4417/5470/4405
f 4417/5470/4405 4294/5347/4282 4292/5345/4280
f 4294/5347/4282 4417/5470/4405 4418/5471/4406
f 4418/5471/4406 4296/5349/4284 4294/5347/4282
f 4296/5349/4284 4418/5471/4406 4419/5472/4407
f 4419/5472/4407 4298/5351/4286 4296/5349/4284
f 4298/5351/4286 4419/5472/4407 4420/5473/4408
f 4420/5473/4408 4300/5353/4288 4298/5351/4286
f 4300/5353/4288 4420/5473/4408 4421/5474/4409
f 4421/5474/4409 4302/5355/4290 4300/5353/4288
f 4302/5355/4290 4421/5474/4409 4422/5475/4410
f 4422/5475/4410 4304/5357/4292 4302/5355/4290
f 4304/5357/4292 4422/5475/4410 4423/5476/4411
f 4423/5476/4411 4306/5359/4294 4304/5357/4292
f 4306/5359/4294 4423/5476/4411 4424/5477/4412
f 4424/5477/4412 4265/5318/4253 4306/5359/4294
f 4265/5318/4253 4424/5477/4412 4425/5478/4413
f 4425/5478/4413 4268/5321/4256 4265/5318/4253
f 4268/5321/4256 4425/5478/4413 4426/5479/4414
f 4426/5479/4414 4270/5323/4258 4268/5321/4256
f 4270/5323/4258 4426/5479/4414 4427/5480/4415
f 4427/5480/4415 4272/5325/4260 4270/5323/4258
f 4272/5325/4260 4427/5480/4415 4428/5481/4416
f 4428/5481/4416 4274/5327/4262 4272/5325/4260
f 4274/5327/4262 4428/5481/4416 4429/5482/4417
f 4357/5410/4345 4433/5486/4421 4434/5487/4422
f 4433/5486/4421 4357/5410/4345 4358/5411/4346
f 4358/5411/4346 4435/5488/4423 4433/5486/4421
f 4435/5488/4423 4358/5411/4346 4359/5412/4347
f 4359/5412/4347 4436/5489/4424 4435/5488/4423
f 4436/5489/4424 4359/5412/4347 4360/5413/4348
f 4360/5413/4348 4437/5490/4425 4436/5489/4424
f 4437/5490/4425 4360/5413/4348 4361/5414/4349
f 4361/5414/4349 4438/5491/4426 4437/5490/4425
f 4438/5491/4426 4361/5414/4349 4362/5415/4350
f 4362/5415/4350 4439/5492/4427 4438/5491/4426
f 4439/5492/4427 4362/5415/4350 4363/5416/4351
f 4363/5416/4351 4440/5493/4428 4439/5492/4427
f 4440/5493/4428 4363/5416/4351 4364/5417/4352
f 4364/5417/4352 4441/5494/4429 4440/5493/4428
f 4441/5494/4429 4364/5417/4352 4365/5418/4353
f 4365/5418/4353 4442/5495/4430 4441/5494/4429
f 4442/5495/4430 4365/5418/4353 4366/5419/4354
f 4366/5419/4354 4443/5496/4431 4442/5495/4430
f 4443/5496/4431 4366/5419/4354 4367/5420/4355
f 4367/5420/4355 4444/5497/4432 4443/5496/4431
f 4444/5497/4432 4367/5420/4355 4368/5421/4356
f 4368/5421/4356 4445/5498/4433 4444/5497/4432
f 4445/5498/4433 4368/5421/4356 4369/5422/4357
f 4369/5422/4357 4446/5499/4434 4445/5498/4433
f 4446/5499/4434 4369/5422/4357 4350/5403/4338
f 4350/5403/4338 4447/5500/4435 4446/5499/4434
f 4447/5500/4435 4350/5403/4338 4349/5402/4337
f 4349/5402/4337 4448/5501/4436 4447/5500/4435
f 4448/5501/4436 4349/5402/4337 4351/5404/4339
f 4351/5404/4339 4449/5502/4437 4448/5501/4436
f 4449/5502/4437 4351/5404/4339 4352/5405/4340
f 4352/5405/4340 4450/5503/4438 4449/5502/4437
f 4450/5503/4438 4352/5405/4340 4353/5406/4341
f 4353/5406/4341 4451/5504/4439 4450/5503/4438
f 4451/5504/4439 4353/5406/4341 4354/5407/4342
f 4354/5407/4342 4452/5505/4440 4451/5504/4439
f 4452/5505/4440 4354/5407/4342 4355/5408/4343
f 4355/5408/4343 4453/5506/4441 4452/5505/4440
f 4453/5506/4441 4355/5408/4343 4356/5409/4344
f 4356/5409/4344 4434/5487/4422 4453/5506/4441
f 4434/5487/4422 4356/5409/4344 4357/5410/4345
f 4454/5507/4442 4436/5489/4424 4437/5490/4425
f 4436/5489/4424 4454/5507/4442 4455/5508/4443
f 4455/5508/4443 4435/5488/4423 4436/5489/4424
f 4435/5488/4423 4455/5508/4443 4456/5509/4444
f 4456/5509/4444 4433/5486/4421 4435/5488/4423
f 4433/5486/4421 4456/5509/4444 4457/5510/4445
f 4457/5510/4445 4434/5487/4422 4433/5486/4421
f 4434/5487/4422 4457/5510/4445 4458/5511/4446
f 4458/5511/4446 4453/5506/4441 4434/5487/4422
f 4453/5506/4441 4458/5511/4446 4459/5512/4447
f 4459/5512/4447 4452/5505/4440 4453/5506/4441
f 4452/5505/4440 4459/5512/4447 4460/5513/4448
f 4460/5513/4448 4451/5504/4439 4452/5505/4440
f 4451/5504/4439 4460/5513/4448 4461/5514/4449
f 4461/5514/4449 4450/5503/4438 4451/5504/4439
f 4450/5503/4438 4461/5514/4449 4462/5515/4450
f 4462/5515/4450 4449/5502/4437 4450/5503/4438
f 4449/5502/4437 4462/5515/4450 4463/5516/4451
f 4463/5516/4451 4448/5501/4436 4449/5502/4437
f 4448/5501/4436 4463/5516/4451 4464/5517/4452
f 4464/5517/4452 4447/5500/4435 4448/5501/4436
f 4447/5500/4435 4464/5517/4452 4465/5518/4453
f 4465/5518/4453 4446/5499/4434 4447/5500/4435
f 4446/5499/4434 4465/5518/4453 4466/5519/4454
f 4466/5519/4454 4445/5498/4433 4446/5499/4434
f 4445/5498/4433 4466/5519/4454 4467/5520/4455
f 4467/5520/4455 4444/5497/4432 4445/5498/4433
f 4444/5497/4432 4467/5520/4455 4468/5521/4456
f 4468/5521/4456 4443/5496/4431 4444/5497/4432
f 4443/5496/4431 4468/5521/4456 4469/5522/4457
f 4469/5522/4457 4442/5495/4430 4443/5496/4431
f 4442/5495/4430 4469/5522/4457 4470/5523/4458
f 4470/5523/4458 4441/5494/4429 4442/5495/4430
f 4441/5494/4429 4470/5523/4458 4471/5524/4459
f 4471/5524/4459 4440/5493/4428 4441/5494/4429
f 4440/5493/4428 4471/5524/4459 4472/5525/4460
f 4472/5525/4460 4439/5492/4427 4440/5493/4428
f 4439/5492/4427 4472/5525/4460 4473/5526/4461
f 4473/5526/4461 4438/5491/4426 4439/5492/4427
f 4438/5491/4426 4473/5526/4461 4474/5527/4462
f 4474/5527/4462 4437/5490/4425 4438/5491/4426
f 4437/5490/4425 4474/5527/4462 4454/5507/4442
f 4475/5528/4463 4240/5293/4228 4238/5291/4226
f 4240/5293/4228 4475/5528/4463 4476/5529/4464
f 4476/5529/4464 4242/5295/4230 4240/5293/4228
f 4242/5295/4230 4476/5529/4464 4477/5530/4465
f 4477/5530/4465 4244/5297/4232 4242/5295/4230
f 4244/5297/4232 4477/5530/4465 4478/5531/4466
f 4478/5531/4466 4246/5299/4234 4244/5297/4232
f 4246/5299/4234 4478/5531/4466 4479/5532/4467
f 4479/5532/4467 4248/5301/4236 4246/5299/4234
f 4248/5301/4236 4479/5532/4467 4480/5533/4468
f 4480/5533/4468 4250/5303/4238 4248/5301/4236
f 4250/5303/4238 4480/5533/4468 4481/5534/4469
f 4481/5534/4469 4252/5305/4240 4250/5303/4238
f 4252/5305/4240 4481/5534/4469 4482/5535/4470
f 4482/5535/4470 4254/5307/4242 4252/5305/4240
f 4254/5307/4242 4482/5535/4470 4483/5536/4471
f 4483/5536/4471 4256/5309/4244 4254/5307/4242
f 4256/5309/4244 4483/5536/4471 4484/5537/4472
f 4484/5537/4472 4258/5311/4246 4256/5309/4244
f 4258/5311/4246 4484/5537/4472 4485/5538/4473
f 4485/5538/4473 4260/5313/4248 4258/5311/4246
f 4260/5313/4248 4485/5538/4473 4486/5539/4474
f 4486/5539/4474 4262/5315/4250 4260/5313/4248
f 4262/5315/4250 4486/5539/4474 4487/5540/4475
f 4487/5540/4475 4264/5317/4252 4262/5315/4250
f 4264/5317/4252 4487/5540/4475 4488/5541/4476
f 4488/5541/4476 4223/5276/4211 4264/5317/4252
f 4223/5276/4211 4488/5541/4476 4489/5542/4477
f 4489/5542/4477 4226/5279/4214 4223/5276/4211
f 4226/5279/4214 4489/5542/4477 4490/5543/4478
f 4490/5543/4478 4228/5281/4216 4226/5279/4214
f 4228/5281/4216 4490/5543/4478 4491/5544/4479
f 4491/5544/4479 4230/5283/4218 4228/5281/4216
f 4230/5283/4218 4491/5544/4479 4492/5545/4480
f 4492/5545/4480 4232/5285/4220 4230/5283/4218
f 4232/5285/4220 4492/5545/4480 4493/5546/4481
f 4493/5546/4481 4234/5287/4222 4232/5285/4220
f 4234/5287/4222 4493/5546/4481 4494/5547/4482
f 4494/5547/4482 4236/5289/4224 4234/5287/4222
f 4236/5289/4224 4494/5547/4482 4495/5548/4483
f 4495/5548/4483 4238/5291/4226 4236/5289/4224
f 4238/5291/4226 4495/5548/4483 4475/5528/4463
f 4208/5246/4196 4235/5288/4223 4237/5290/4225
f 4235/5288/4223 4208/5246/4196 4209/5248/4197
f 4209/5248/4197 4233/5286/4221 4235/5288/4223
f 4233/5286/4221 4209/5248/4197 4210/5250/4198
f 4210/5250/4198 4231/5284/4219 4233/5286/4221
f 4231/5284/4219 4210/5250/4198 4211/5252/4199
f 4211/5252/4199 4229/5282/4217 4231/5284/4219
f 4229/5282/4217 4211/5252/4199 4212/5254/4200
f 4212/5254/4200 4227/5280/4215 4229/5282/4217
f 4227/5280/4215 4212/5254/4200 4213/5256/4201
f 4213/5256/4201 4224/5277/4212 4227/5280/4215
f 4224/5277/4212 4213/5256/4201 4214/5258/4202
f 4214/5258/4202 4225/5278/4213 4224/5277/4212
f 4225/5278/4213 4214/5258/4202 4215/5260/4203
f 4215/5260/4203 4263/5316/4251 4225/5278/4213
f 4263/5316/4251 4215/5260/4203 4216/5262/4204
f 4216/5262/4204 4261/5314/4249 4263/5316/4251
f 4261/5314/4249 4216/5262/4204 4217/5264/4205
f 4217/5264/4205 4259/5312/4247 4261/5314/4249
f 4259/5312/4247 4217/5264/4205 4218/5266/4206
f 4218/5266/4206 4257/5310/4245 4259/5312/4247
f 4257/5310/4245 4218/5266/4206 4219/5268/4207
f 4219/5268/4207 4255/5308/4243 4257/5310/4245
f 4255/5308/4243 4219/5268/4207 4220/5270/4208
f 4220/5270/4208 4253/5306/4241 4255/5308/4243
f 4253/5306/4241 4220/5270/4208 4221/5272/4209
f 4221/5272/4209 4251/5304/4239 4253/5306/4241
f 4251/5304/4239 4221/5272/4209 4222/5274/4210
f 4222/5274/4210 4249/5302/4237 4251/5304/4239
f 4249/5302/4237 4222/5274/4210 4203/5236/4191
f 4203/5236/4191 4247/5300/4235 4249/5302/4237
f 4247/5300/4235 4203/5236/4191 4202/5235/4190
f 4202/5235/4190 4245/5298/4233 4247/5300/4235
f 4245/5298/4233 4202/5235/4190 4204/5238/4192
f 4204/5238/4192 4243/5296/4231 4245/5298/4233
f 4243/5296/4231 4204/5238/4192 4205/5240/4193
f 4205/5240/4193 4241/5294/4229 4243/5296/4231
f 4241/5294/4229 4205/5240/4193 4206/5242/4194
f 4206/5242/4194 4239/5292/4227 4241/5294/4229
f 4239/5292/4227 4206/5242/4194 4207/5244/4195
f 4207/5244/4195 4237/5290/4225 4239/5292/4227
f 4237/5290/4225 4207/5244/4195 4208/5246/4196
f 4455/5508/4443 4496/5549/4484 4497/5550/4485
f 4496/5549/4484 4455/5508/4443 4454/5507/4442
f 4454/5507/4442 4498/5551/4486 4496/5549/4484
f 4498/5551/4486 4454/5507/4442 4474/5527/4462
f 4474/5527/4462 4499/5552/4487 4498/5551/4486
f 4499/5552/4487 4474/5527/4462 4473/5526/4461
f 4473/5526/4461 4500/5553/4488 4499/5552/4487
f 4500/5553/4488 4473/5526/4461 4472/5525/4460
f 4472/5525/4460 4501/5554/4489 4500/5553/4488
f 4501/5554/4489 4472/5525/4460 4471/5524/4459
f 4471/5524/4459 4128/5160/4116 4501/5554/4489
f 4128/5160/4116 4471/5524/4459 4470/5523/4458
f 4470/5523/4458 4126/5158/4114 4128/5160/4116
f 4126/5158/4114 4470/5523/4458 4469/5522/4457
f 4469/5522/4457 4124/5156/4112 4126/5158/4114
f 4124/5156/4112 4469/5522/4457 4468/5521/4456
f 4468/5521/4456 4122/5154/4110 4124/5156/4112
f 4122/5154/4110 4468/5521/4456 4467/5520/4455
f 4467/5520/4455 4120/5152/4108 4122/5154/4110
f 4120/5152/4108 4467/5520/4455 4466/5519/4454
f 4466/5519/4454 4502/5555/4490 4120/5152/4108
f 4502/5555/4490 4466/5519/4454 4465/5518/4453
f 4465/5518/4453 4503/5556/4491 4502/5555/4490
f 4503/5556/4491 4465/5518/4453 4464/5517/4452
f 4464/5517/4452 4504/5557/4492 4503/5556/4491
f 4504/5557/4492 4464/5517/4452 4463/5516/4451
f 4463/5516/4451 4505/5558/4493 4504/5557/4492
f 4505/5558/4493 4463/5516/4451 4462/5515/4450
f 4462/5515/4450 4506/5559/4494 4505/5558/4493
f 4506/5559/4494 4462/5515/4450 4461/5514/4449
f 4461/5514/4449 4507/5560/4495 4506/5559/4494
f 4507/5560/4495 4461/5514/4449 4460/5513/4448
f 4460/5513/4448 4508/5561/4496 4507/5560/4495
f 4508/5561/4496 4460/5513/4448 4459/5512/4447
f 4459/5512/4447 4509/5562/4497 4508/5561/4496
f 4509/5562/4497 4459/5512/4447 4458/5511/4446
f 4458/5511/4446 4510/5563/4498 4509/5562/4497
f 4510/5563/4498 4458/5511/4446 4457/5510/4445
f 4457/5510/4445 4511/5564/4499 4510/5563/4498
f 4511/5564/4499 4457/5510/4445 4456/5509/4444
f 4456/5509/4444 4497/5550/4485 4511/5564/4499
f 4497/5550/4485 4456/5509/4444 4455/5508/4443
f 4512/5565/4500 4023/5566/4015 4024/5567/4016
f 4023/5566/4015 4512/5565/4500 4513/5568/4501
f 4513/5568/4501 4022/5569/4014 4023/5566/4015
f 4022/5569/4014 4513/5568/4501 4514/5570/4502
f 4514/5570/4502 4021/5571/4013 4022/5569/4014
f 4021/5571/4013 4514/5570/4502 4515/5572/4503
f 4515/5572/4503 4020/5573/4012 4021/5571/4013
f 4020/5573/4012 4515/5572/4503 4516/5574/4504
f 4516/5574/4504 4019/5575/4011 4020/5573/4012
f 4019/5575/4011 4516/5574/4504 4517/5576/4505
f 4517/5576/4505 4018/5577/4010 4019/5575/4011
f 4018/5577/4010 4517/5576/4505 4518/5578/4506
f 4518/5578/4506 4017/5579/4009 4018/5577/4010
f 4017/5579/4009 4518/5578/4506 4519/5580/4507
f 4519/5580/4507 4016/5581/4008 4017/5579/4009
f 4016/5581/4008 4519/5580/4507 4520/5582/4508
f 4520/5582/4508 4015/5583/4007 4016/5581/4008
f 4015/5583/4007 4520/5582/4508 4521/5584/4509
f 4521/5584/4509 4014/5585/4006 4015/5583/4007
f 4014/5585/4006 4521/5584/4509 4522/5586/4510
f 4522/5586/4510 4013/5587/4005 4014/5585/4006
f 4013/5587/4005 4522/5586/4510 4523/5588/4511
f 4523/5588/4511 4012/5589/4004 4013/5587/4005
f 4012/5589/4004 4523/5588/4511 4524/5590/4512
f 4524/5590/4512 4011/5591/4003 4012/5589/4004
f 4011/5591/4003 4524/5590/4512 4525/5592/4513
f 4525/5592/4513 4010/5593/4002 4011/5591/4003
f 4010/5593/4002 4525/5592/4513 4526/5594/4514
f 4526/5594/4514 4009/5595/4001 4010/5593/4002
f 4009/5595/4001 4526/5594/4514 4527/5596/4515
f 4527/5596/4515 4007/5597/3999 4009/5595/4001
f 4007/5597/3999 4527/5596/4515 4528/5598/4516
f 4528/5598/4516 4008/5599/4000 4007/5597/3999
f 4008/5599/4000 4528/5598/4516 4529/5600/4517
f 4529/5600/4517 4027/5601/4019 4008/5599/4000
f 4027/5601/4019 4529/5600/4517 4530/5602/4518
f 4530/5602/4518 4026/5603/4018 4027/5601/4019
f 4026/5603/4018 4530/5602/4518 4531/5604/4519
f 4531/5604/4519 4025/5605/4017 4026/5603/4018
f 4025/5605/4017 4531/5604/4519 4532/5606/4520
f 4532/5606/4520 4024/5567/4016 4025/5605/4017
f 4024/5567/4016 4532/5606/4520 4512/5565/4500
f 4533/5607/4521 4534/5608/4522 4535/5609/4523
f 4534/5608/4522 4533/5607/4521 4536/5610/4524
f 4536/5610/4524 4537/5611/4525 4534/5608/4522
f 4537/5611/4525 4536/5610/4524 4538/5612/4526
f 4538/5612/4526 4539/5613/4527 4537/5611/4525
f 4539/5613/4527 4538/5612/4526 4540/5614/4528
f 4540/5614/4528 4541/5615/4529 4539/5613/4527
f 4541/5615/4529 4540/5614/4528 4542/5616/4530
f 4542/5616/4530 4543/5617/4531 4541/5615/4529
f 4543/5617/4531 4542/5616/4530 4544/5618/4532
f 4544/5618/4532 4545/5619/4533 4543/5617/4531
f 4545/5619/4533 4544/5618/4532 4546/5620/4534
f 4546/5620/4534 4547/5621/4535 4545/5619/4533
f 4547/5621/4535 4546/5620/4534 4548/5622/4536
f 4548/5622/4536 4549/5623/4537 4547/5621/4535
f 4549/5623/4537 4548/5622/4536 4550/5624/4538
f 4550/5624/4538 4551/5625/4539 4549/5623/4537
f 4551/5625/4539 4550/5624/4538 4552/5626/4540
f 4552/5626/4540 4553/5627/4541 4551/5625/4539
f 4553/5627/4541 4552/5626/4540 4554/5628/4542
f 4554/5628/4542 4555/5629/4543 4553/5627/4541
f 4555/5629/4543 4554/5628/4542 4556/5630/4544
f 4556/5630/4544 4557/5631/4545 4555/5629/4543
f 4557/5631/4545 4556/5630/4544 4558/5632/4546
f 4558/5632/4546 4559/5633/4547 4557/5631/4545
f 4559/5633/4547 4558/5632/4546 4560/5634/4548
f 4560/5634/4548 4561/5635/4549 4559/5633/4547
f 4561/5635/4549 4560/5634/4548 4562/5636/4550
f 4562/5636/4550 4563/5637/4551 4561/5635/4549
f 4563/5637/4551 4562/5636/4550 4564/5638/4552
f 4564/5638/4552 4565/5639/4553 4563/5637/4551
f 4565/5639/4553 4564/5638/4552 4566/5640/4554
f 4566/5640/4554 4567/5641/4555 4565/5639/4553
f 4567/5641/4555 4566/5640/4554 4568/5642/4556
f 4568/5642/4556 4569/5643/4557 4567/5641/4555
f 4569/5643/4557 4568/5642/4556 4570/5644/4558
f 4570/5644/4558 4571/5645/4559 4569/5643/4557
f 4571/5645/4559 4570/5644/4558 4572/5646/4560
f 4572/5646/4560 4573/5647/4561 4571/5645/4559
f 4573/5647/4561 4572/5646/4560 4574/5648/4562
f 4574/5648/4562 4535/5609/4523 4573/5647/4561
f 4535/5609/4523 4574/5648/4562 4533/5607/4521
f 4575/5649/4563 4576/5650/4564 4577/5651/4565
f 4576/5650/4564 4575/5649/4563 4578/5652/4566
f 4578/5652/4566 4579/5653/4567 4576/5650/4564
f 4579/5653/4567 4578/5652/4566 4580/5654/4568
f 4580/5654/4568 4581/5655/4569 4579/5653/4567
f 4581/5655/4569 4580/5654/4568 4582/5656/4570
f 4582/5656/4570 4583/5657/4571 4581/5655/4569
f 4583/5657/4571 4582/5656/4570 4584/5658/4572
f 4584/5658/4572 4585/5659/4573 4583/5657/4571
f 4585/5659/4573 4584/5658/4572 4586/5660/4574
f 4586/5660/4574 4587/5661/4575 4585/5659/4573
f 4587/5661/4575 4586/5660/4574 4588/5662/4576
f 4588/5662/4576 4589/5663/4577 4587/5661/4575
f 4589/5663/4577 4588/5662/4576 4590/5664/4578
f 4590/5664/4578 4591/5665/4579 4589/5663/4577
f 4591/5665/4579 4590/5664/4578 4592/5666/4580
f 4592/5666/4580 4593/5667/4581 4591/5665/4579
f 4593/5667/4581 4592/5666/4580 4594/5668/4582
f 4594/5668/4582 4595/5669/4583 4593/5667/4581
f 4595/5669/4583 4594/5668/4582 4596/5670/4584
f 4596/5670/4584 4597/5671/4585 4595/5669/4583
f 4597/5671/4585 4596/5670/4584 4598/5672/4586
f 4598/5672/4586 4599/5673/4587 4597/5671/4585
f 4599/5673/4587 4598/5672/4586 4600/5674/4588
f 4600/5674/4588 4601/5675/4589 4599/5673/4587
f 4601/5675/4589 4600/5674/4588 4602/5676/4590
f 4602/5676/4590 4603/5677/4591 4601/5675/4589
f 4603/5677/4591 4602/5676/4590 4604/5678/4592
f 4604/5678/4592 4605/5679/4593 4603/5677/4591
f 4605/5679/4593 4604/5678/4592 4606/5680/4594
f 4606/5680/4594 4607/5681/4595 4605/5679/4593
f 4607/5681/4595 4606/5680/4594 4608/5682/4596
f 4608/5682/4596 4609/5683/4597 4607/5681/4595
f 4609/5683/4597 4608/5682/4596 4610/5684/4598
f 4610/5684/4598 4611/5685/4599 4609/5683/4597
f 4611/5685/4599 4610/5684/4598 4612/5686/4600
f 4612/5686/4600 4613/5687/4601 4611/5685/4599
f 4613/5687/4601 4612/5686/4600 4614/5688/4602
f 4614/5688/4602 4615/5689/4603 4613/5687/4601
f 4615/5689/4603 4614/5688/4602 4616/5690/4604
f 4616/5690/4604 4577/5651/4565 4615/5689/4603
f 4577/5651/4565 4616/5690/4604 4575/5649/4563
f 4617/5691/4605 4618/5692/4606 4619/5693/4607
f 4618/5692/4606 4617/5691/4605 4620/5694/4608
f 4620/5694/4608 4621/5695/4609 4618/5692/4606
f 4621/5695/4609 4620/5694/4608 4622/5696/4610
f 4622/5696/4610 4623/5697/4611 4621/5695/4609
f 4623/5697/4611 4622/5696/4610 4624/5698/4612
f 4624/5698/4612 4625/5699/4613 4623/5697/4611
f 4625/5699/4613 4624/5698/4612 4626/5700/4614
f 4626/5700/4614 4627/5701/4615 4625/5699/4613
f 4627/5701/4615 4626/5700/4614 4628/5702/4616
f 4628/5702/4616 4629/5703/4617 4627/5701/4615
f 4629/5703/4617 4628/5702/4616 4630/5704/4618
f 4630/5704/4618 4631/5705/4619 4629/5703/4617
f 4631/5705/4619 4630/5704/4618 4632/5706/4620
f 4632/5706/4620 4633/5707/4621 4631/5705/4619
f 4633/5707/4621 4632/5706/4620 4634/5708/4622
f 4634/5708/4622 4635/5709/4623 4633/5707/4621
f 4635/5709/4623 4634/5708/4622 4636/5710/4624
f 4636/5710/4624 4637/5711/4625 4635/5709/4623
f 4637/5711/4625 4636/5710/4624 4638/5712/4626
f 4638/5712/4626 4639/5713/4627 4637/5711/4625
f 4639/5713/4627 4638/5712/4626 4640/5714/4628
f 4640/5714/4628 4641/5715/4629 4639/5713/4627
f 4641/5715/4629 4640/5714/4628 4642/5716/4630
f 4642/5716/4630 4643/5717/4631 4641/5715/4629
f 4643/5717/4631 4642/5716/4630 4644/5718/4632
f 4644/5718/4632 4645/5719/4633 4643/5717/4631
f 4645/5719/4633 4644/5718/4632 4646/5720/4634
f 4646/5720/4634 4647/5721/4635 4645/5719/4633
f 4647/5721/4635 4646/5720/4634 4648/5722/4636
f 4648/5722/4636 4649/5723/4637 4647/5721/4635
f 4649/5723/4637 4648/5722/4636 4650/5724/4638
f 4650/5724/4638 4651/5725/4639 4649/5723/4637
f 4651/5725/4639 4650/5724/4638 4652/5726/4640
f 4652/5726/4640 4653/5727/4641 4651/5725/4639
f 4653/5727/4641 4652/5726/4640 4654/5728/4642
f 4654/5728/4642 4655/5729/4643 4653/5727/4641
f 4655/5729/4643 4654/5728/4642 4656/5730/4644
f 4656/5730/4644 4657/5731/4645 4655/5729/4643
f 4657/5731/4645 4656/5730/4644 4658/5732/4646
f 4658/5732/4646 4619/5693/4607 4657/5731/4645
f 4619/5693/4607 4658/5732/4646 4617/5691/4605
f 4659/5733/4647 4578/5652/4566 4575/5649/4563
f 4578/5652/4566 4659/5733/4647 4660/5734/4648
f 4660/5734/4648 4580/5654/4568 4578/5652/4566
f 4580/5654/4568 4660/5734/4648 4661/5735/4649
f 4661/5735/4649 4582/5656/4570 4580/5654/4568
f 4582/5656/4570 4661/5735/4649 4662/5736/4650
f 4662/5736/4650 4584/5658/4572 4582/5656/4570
f 4584/5658/4572 4662/5736/4650 4663/5737/4651
f 4663/5737/4651 4586/5660/4574 4584/5658/4572
f 4586/5660/4574 4663/5737/4651 4664/5738/4652
f 4664/5738/4652 4588/5662/4576 4586/5660/4574
f 4588/5662/4576 4664/5738/4652 4665/5739/4653
f 4665/5739/4653 4590/5664/4578 4588/5662/4576
f 4590/5664/4578 4665/5739/4653 4666/5740/4654
f 4666/5740/4654 4592/5666/4580 4590/5664/4578
f 4592/5666/4580 4666/5740/4654 4667/5741/4655
f 4667/5741/4655 4594/5668/4582 4592/5666/4580
f 4594/5668/4582 4667/5741/4655 4668/5742/4656
f 4668/5742/4656 4596/5670/4584 4594/5668/4582
f 4596/5670/4584 4668/5742/4656 4669/5743/4657
f 4669/5743/4657 4598/5672/4586 4596/5670/4584
f 4598/5672/4586 4669/5743/4657 4670/5744/4658
f 4670/5744/4658 4600/5674/4588 4598/5672/4586
f 4600/5674/4588 4670/5744/4658 4671/5745/4659
f 4671/5745/4659 4602/5676/4590 4600/5674/4588
f 4602/5676/4590 4671/5745/4659 4672/5746/4660
f 4672/5746/4660 4604/5678/4592 4602/5676/4590
f 4604/5678/4592 4672/5746/4660 4673/5747/4661
f 4673/5747/4661 4606/5680/4594 4604/5678/4592
f 4606/5680/4594 4673/5747/4661 4674/5748/4662
f 4674/5748/4662 4608/5682/4596 4606/5680/4594
f 4608/5682/4596 4674/5748/4662 4675/5749/4663
f 4675/5749/4663 4610/5684/4598 4608/5682/4596
f 4610/5684/4598 4675/5749/4663 4676/5750/4664
f 4676/5750/4664 4612/5686/4600 4610/5684/4598
f 4612/5686/4600 4676/5750/4664 4677/5751/4665
f 4677/5751/4665 4614/5688/4602 4612/5686/4600
f 4614/5688/4602 4677/5751/4665 4678/5752/4666
f 4678/5752/4666 4616/5690/4604 4614/5688/4602
f 4616/5690/4604 4678/5752/4666 4679/5753/4667
f 4679/5753/4667 4575/5649/4563 4616/5690/4604
f 4575/5649/4563 4679/5753/4667 4659/5733/4647
f 4680/5754/4668 4681/5755/4669 4682/5756/4670
f 4681/5755/4669 4680/5754/4668 4683/5757/4671
f 4683/5757/4671 4684/5758/4672 4681/5755/4669
f 4684/5758/4672 4683/5757/4671 4685/5759/4673
f 4685/5759/4673 4686/5760/4674 4684/5758/4672
f 4686/5760/4674 4685/5759/4673 4687/5761/4675
f 4687/5761/4675 4688/5762/4676 4686/5760/4674
f 4688/5762/4676 4687/5761/4675 4689/5763/4677
f 4689/5763/4677 4690/5764/4678 4688/5762/4676
f 4690/5764/4678 4689/5763/4677 4691/5765/4679
f 4691/5765/4679 4692/5766/4680 4690/5764/4678
f 4692/5766/4680 4691/5765/4679 4693/5767/4681
f 4693/5767/4681 4694/5768/4682 4692/5766/4680
f 4694/5768/4682 4693/5767/4681 4695/5769/4683
f 4695/5769/4683 4696/5770/4684 4694/5768/4682
f 4696/5770/4684 4695/5769/4683 4697/5771/4685
f 4697/5771/4685 4698/5772/4686 4696/5770/4684
f 4698/5772/4686 4697/5771/4685 4699/5773/4687
f 4699/5773/4687 4700/5774/4688 4698/5772/4686
f 4700/5774/4688 4699/5773/4687 4701/5775/4689
f 4701/5775/4689 4702/5776/4690 4700/5774/4688
f 4702/5776/4690 4701/5775/4689 4703/5777/4691
f 4703/5777/4691 4704/5778/4692 4702/5776/4690
f 4704/5778/4692 4703/5777/4691 4705/5779/4693
f 4705/5779/4693 4706/5780/4694 4704/5778/4692
f 4706/5780/4694 4705/5779/4693 4707/5781/4695
f 4707/5781/4695 4708/5782/4696 4706/5780/4694
f 4708/5782/4696 4707/5781/4695 4709/5783/4697
f 4709/5783/4697 4710/5784/4698 4708/5782/4696
f 4710/5784/4698 4709/5783/4697 4711/5785/4699
f 4711/5785/4699 4712/5786/4700 4710/5784/4698
f 4712/5786/4700 4711/5785/4699 4713/5787/4701
f 4713/5787/4701 4714/5788/4702 4712/5786/4700
f 4714/5788/4702 4713/5787/4701 4715/5789/4703
f 4715/5789/4703 4716/5790/4704 4714/5788/4702
f 4716/5790/4704 4715/5789/4703 4717/5791/4705
f 4717/5791/4705 4718/5792/4706 4716/5790/4704
f 4718/5792/4706 4717/5791/4705 4719/5793/4707
f 4719/5793/4707 4720/5794/4708 4718/5792/4706
f 4720/5794/4708 4719/5793/4707 4721/5795/4709
f 4721/5795/4709 4682/5756/4670 4720/5794/4708
f 4682/5756/4670 4721/5795/4709 4680/5754/4668
f 4722/5796/4710 4636/5710/4624 4634/5708/4622
f 4636/5710/4624 4722/5796/4710 4723/5797/4711
f 4723/5797/4711 4638/5712/4626 4636/5710/4624
f 4638/5712/4626 4723/5797/4711 4724/5798/4712
f 4724/5798/4712 4640/5714/4628 4638/5712/4626
f 4640/5714/4628 4724/5798/4712 4725/5799/4713
f 4725/5799/4713 4642/5716/4630 4640/5714/4628
f 4642/5716/4630 4725/5799/4713 4726/5800/4714
f 4726/5800/4714 4644/5718/4632 4642/5716/4630
f 4644/5718/4632 4726/5800/4714 4727/5801/4715
f 4727/5801/4715 4646/5720/4634 4644/5718/4632
f 4646/5720/4634 4727/5801/4715 4728/5802/4716
f 4728/5802/4716 4648/5722/4636 4646/5720/4634
f 4648/5722/4636 4728/5802/4716 4729/5803/4717
f 4729/5803/4717 4650/5724/4638 4648/5722/4636
f 4650/5724/4638 4729/5803/4717 4730/5804/4718
f 4730/5804/4718 4652/5726/4640 4650/5724/4638
f 4652/5726/4640 4730/5804/4718 4731/5805/4719
f 4731/5805/4719 4654/5728/4642 4652/5726/4640
f 4654/5728/4642 4731/5805/4719 4732/5806/4720
f 4732/5806/4720 4656/5730/4644 4654/5728/4642
f 4656/5730/4644 4732/5806/4720 4733/5807/4721
f 4733/5807/4721 4658/5732/4646 4656/5730/4644
f 4658/5732/4646 4733/5807/4721 4734/5808/4722
f 4734/5808/4722 4617/5691/4605 4658/5732/4646
f 4617/5691/4605 4734/5808/4722 4735/5809/4723
f 4735/5809/4723 4620/5694/4608 4617/5691/4605
f 4620/5694/4608 4735/5809/4723 4736/5810/4724
f 4736/5810/4724 4622/5696/4610 4620/5694/4608
f 4622/5696/4610 4736/5810/4724 4737/5811/4725
f 4737/5811/4725 4624/5698/4612 4622/5696/4610
f 4624/5698/4612 4737/5811/4725 4738/5812/4726
f 4738/5812/4726 4626/5700/4614 4624/5698/4612
f 4626/5700/4614 4738/5812/4726 4739/5813/4727
f 4739/5813/4727 4628/5702/4616 4626/5700/4614
f 4628/5702/4616 4739/5813/4727 4740/5814/4728
f 4740/5814/4728 4630/5704/4618 4628/5702/4616
f 4630/5704/4618 4740/5814/4728 4741/5815/4729
f 4741/5815/4729 4632/5706/4620 4630/5704/4618
f 4632/5706/4620 4741/5815/4729 4742/5816/4730
f 4742/5816/4730 4634/5708/4622 4632/5706/4620
f 4634/5708/4622 4742/5816/4730 4722/5796/4710
f 4633/5707/4621 4719/5793/4707 4717/5791/4705
f 4719/5793/4707 4633/5707/4621 4635/5709/4623
f 4635/5709/4623 4721/5795/4709 4719/5793/4707
f 4721/5795/4709 4635/5709/4623 4637/5711/4625
f 4637/5711/4625 4680/5754/4668 4721/5795/4709
f 4680/5754/4668 4637/5711/4625 4639/5713/4627
f 4639/5713/4627 4683/5757/4671 4680/5754/4668
f 4683/5757/4671 4639/5713/4627 4641/5715/4629
f 4641/5715/4629 4685/5759/4673 4683/5757/4671
f 4685/5759/4673 4641/5715/4629 4643/5717/4631
f 4643/5717/4631 4687/5761/4675 4685/5759/4673
f 4687/5761/4675 4643/5717/4631 4645/5719/4633
f 4645/5719/4633 4689/5763/4677 4687/5761/4675
f 4689/5763/4677 4645/5719/4633 4647/5721/4635
f 4647/5721/4635 4691/5765/4679 4689/5763/4677
f 4691/5765/4679 4647/5721/4635 4649/5723/4637
f 4649/5723/4637 4693/5767/4681 4691/5765/4679
f 4693/5767/4681 4649/5723/4637 4651/5725/4639
f 4651/5725/4639 4695/5769/4683 4693/5767/4681
f 4695/5769/4683 4651/5725/4639 4653/5727/4641
f 4653/5727/4641 4697/5771/4685 4695/5769/4683
f 4697/5771/4685 4653/5727/4641 4655/5729/4643
f 4655/5729/4643 4699/5773/4687 4697/5771/4685
f 4699/5773/4687 4655/5729/4643 4657/5731/4645
f 4657/5731/4645 4701/5775/4689 4699/5773/4687
f 4701/5775/4689 4657/5731/4645 4619/5693/4607
f 4619/5693/4607 4703/5777/4691 4701/5775/4689
f 4703/5777/4691 4619/5693/4607 4618/5692/4606
f 4618/5692/4606 4705/5779/4693 4703/5777/4691
f 4705/5779/4693 4618/5692/4606 4621/5695/4609
f 4621/5695/4609 4707/5781/4695 4705/5779/4693
f 4707/5781/4695 4621/5695/4609 4623/5697/4611
f 4623/5697/4611 4709/5783/4697 4707/5781/4695
f 4709/5783/4697 4623/5697/4611 4625/5699/4613
f 4625/5699/4613 4711/5785/4699 4709/5783/4697
f 4711/5785/4699 4625/5699/4613 4627/5701/4615
f 4627/5701/4615 4713/5787/4701 4711/5785/4699
f 4713/5787/4701 4627/5701/4615 4629/5703/4617
f 4629/5703/4617 4715/5789/4703 4713/5787/4701
f 4715/5789/4703 4629/5703/4617 4631/5705/4619
f 4631/5705/4619 4717/5791/4705 4715/5789/4703
f 4717/5791/4705 4631/5705/4619 4633/5707/4621
f 4583/5657/4571 4740/5814/4728 4739/5813/4727
f 4740/5814/4728 4583/5657/4571 4585/5659/4573
f 4585/5659/4573 4741/5815/4729 4740/5814/4728
f 4741/5815/4729 4585/5659/4573 4587/5661/4575
f 4587/5661/4575 4742/5816/4730 4741/5815/4729
f 4742/5816/4730 4587/5661/4575 4589/5663/4577
f 4589/5663/4577 4722/5796/4710 4742/5816/4730
f 4722/5796/4710 4589/5663/4577 4591/5665/4579
f 4591/5665/4579 4723/5797/4711 4722/5796/4710
f 4723/5797/4711 4591/5665/4579 4593/5667/4581
f 4593/5667/4581 4724/5798/4712 4723/5797/4711
f 4724/5798/4712 4593/5667/4581 4595/5669/4583
f 4595/5669/4583 4725/5799/4713 4724/5798/4712
f 4725/5799/4713 4595/5669/4583 4597/5671/4585
f 4597/5671/4585 4726/5800/4714 4725/5799/4713
f 4726/5800/4714 4597/5671/4585 4599/5673/4587
f 4599/5673/4587 4727/5801/4715 4726/5800/4714
f 4727/5801/4715 4599/5673/4587 4601/5675/4589
f 4601/5675/4589 4728/5802/4716 4727/5801/4715
f 4728/5802/4716 4601/5675/4589 4603/5677/4591
f 4603/5677/4591 4729/5803/4717 4728/5802/4716
f 4729/5803/4717 4603/5677/4591 4605/5679/4593
f 4605/5679/4593 4730/5804/4718 4729/5803/4717
f 4730/5804/4718 4605/5679/4593 4607/5681/4595
f 4607/5681/4595 4731/5805/4719 4730/5804/4718
f 4731/5805/4719 4607/5681/4595 4609/5683/4597
f 4609/5683/4597 4732/5806/4720 4731/5805/4719
f 4732/5806/4720 4609/5683/4597 4611/5685/4599
f 4611/5685/4599 4733/5807/4721 4732/5806/4720
f 4733/5807/4721 4611/5685/4599 4613/5687/4601
f 4613/5687/4601 4734/5808/4722 4733/5807/4721
f 4734/5808/4722 4613/5687/4601 4615/5689/4603
f 4615/5689/4603 4735/5809/4723 4734/5808/4722
f 4735/5809/4723 4615/5689/4603 4577/5651/4565
f 4577/5651/4565 4736/5810/4724 4735/5809/4723
f 4736/5810/4724 4577/5651/4565 4576/5650/4564
f 4576/5650/4564 4737/5811/4725 4736/5810/4724
f 4737/5811/4725 4576/5650/4564 4579/5653/4567
f 4579/5653/4567 4738/5812/4726 4737/5811/4725
f 4738/5812/4726 4579/5653/4567 4581/5655/4569
f 4581/5655/4569 4739/5813/4727 4738/5812/4726
f 4739/5813/4727 4581/5655/4569 4583/5657/4571
f 4743/5817/4731 4668/5742/4656 4667/5741/4655
f 4668/5742/4656 4743/5817/4731 4744/5818/4732
f 4744/5818/4732 4669/5743/4657 4668/5742/4656
f 4669/5743/4657 4744/5818/4732 4745/5819/4733
f 4745/5819/4733 4670/5744/4658 4669/5743/4657
f 4670/5744/4658 4745/5819/4733 4746/5820/4734
f 4746/5820/4734 4671/5745/4659 4670/5744/4658
f 4671/5745/4659 4746/5820/4734 4747/5821/4735
f 4747/5821/4735 4672/5746/4660 4671/5745/4659
f 4672/5746/4660 4747/5821/4735 4748/5822/4736
f 4748/5822/4736 4673/5747/4661 4672/5746/4660
f 4673/5747/4661 4748/5822/4736 4749/5823/4737
f 4749/5823/4737 4674/5748/4662 4673/5747/4661
f 4674/5748/4662 4749/5823/4737 4750/5824/4738
f 4750/5824/4738 4675/5749/4663 4674/5748/4662
f 4675/5749/4663 4750/5824/4738 4751/5825/4739
f 4751/5825/4739 4676/5750/4664 4675/5749/4663
f 4676/5750/4664 4751/5825/4739 4752/5826/4740
f 4752/5826/4740 4677/5751/4665 4676/5750/4664
f 4677/5751/4665 4752/5826/4740 4753/5827/4741
f 4753/5827/4741 4678/5752/4666 4677/5751/4665
f 4678/5752/4666 4753/5827/4741 4754/5828/4742
f 4754/5828/4742 4679/5753/4667 4678/5752/4666
f 4679/5753/4667 4754/5828/4742 4755/5829/4743
f 4755/5829/4743 4659/5733/4647 4679/5753/4667
f 4659/5733/4647 4755/5829/4743 4756/5830/4744
f 4756/5830/4744 4660/5734/4648 4659/5733/4647
f 4660/5734/4648 4756/5830/4744 4757/5831/4745
f 4757/5831/4745 4661/5735/4649 4660/5734/4648
f 4661/5735/4649 4757/5831/4745 4758/5832/4746
f 4758/5832/4746 4662/5736/4650 4661/5735/4649
f 4662/5736/4650 4758/5832/4746 4759/5833/4747
f 4759/5833/4747 4663/5737/4651 4662/5736/4650
f 4663/5737/4651 4759/5833/4747 4760/5834/4748
f 4760/5834/4748 4664/5738/4652 4663/5737/4651
f 4664/5738/4652 4760/5834/4748 4761/5835/4749
f 4761/5835/4749 4665/5739/4653 4664/5738/4652
f 4665/5739/4653 4761/5835/4749 4762/5836/4750
f 4762/5836/4750 4666/5740/4654 4665/5739/4653
f 4666/5740/4654 4762/5836/4750 4763/5837/4751
f 4763/5837/4751 4667/5741/4655 4666/5740/4654
f 4667/5741/4655 4763/5837/4751 4743/5817/4731
f 4747/5821/4735 4764/5838/4752 4765/5839/4753
f 4764/5838/4752 4747/5821/4735 4746/5820/4734
f 4746/5820/4734 4766/5840/4754 4764/5838/4752
f 4766/5840/4754 4746/5820/4734 4745/5819/4733
f 4745/5819/4733 4767/5841/4755 4766/5840/4754
f 4767/5841/4755 4745/5819/4733 4744/5818/4732
f 4744/5818/4732 4768/5842/4756 4767/5841/4755
f 4768/5842/4756 4744/5818/4732 4743/5817/4731
f 4743/5817/4731 4769/5843/4757 4768/5842/4756
f 4769/5843/4757 4743/5817/4731 4763/5837/4751
f 4763/5837/4751 4770/5844/4758 4769/5843/4757
f 4770/5844/4758 4763/5837/4751 4762/5836/4750
f 4762/5836/4750 4771/5845/4759 4770/5844/4758
f 4771/5845/4759 4762/5836/4750 4761/5835/4749
f 4761/5835/4749 4772/5846/4760 4771/5845/4759
f 4772/5846/4760 4761/5835/4749 4760/5834/4748
f 4760/5834/4748 4773/5847/4761 4772/5846/4760
f 4773/5847/4761 4760/5834/4748 4759/5833/4747
f 4759/5833/4747 4774/5848/4762 4773/5847/4761
f 4774/5848/4762 4759/5833/4747 4758/5832/4746
f 4758/5832/4746 4775/5849/4763 4774/5848/4762
f 4775/5849/4763 4758/5832/4746 4757/5831/4745
f 4757/5831/4745 4776/5850/4764 4775/5849/4763
f 4776/5850/4764 4757/5831/4745 4756/5830/4744
f 4756/5830/4744 4777/5851/4765 4776/5850/4764
f 4777/5851/4765 4756/5830/4744 4755/5829/4743
f 4755/5829/4743 4778/5852/4766 4777/5851/4765
f 4778/5852/4766 4755/5829/4743 4754/5828/4742
f 4754/5828/4742 4779/5853/4767 4778/5852/4766
f 4779/5853/4767 4754/5828/4742 4753/5827/4741
f 4753/5827/4741 4780/5854/4768 4779/5853/4767
f 4780/5854/4768 4753/5827/4741 4752/5826/4740
f 4752/5826/4740 4781/5855/4769 4780/5854/4768
f 4781/5855/4769 4752/5826/4740 4751/5825/4739
f 4751/5825/4739 4782/5856/4770 4781/5855/4769
f 4782/5856/4770 4751/5825/4739 4750/5824/4738
f 4750/5824/4738 4783/5857/4771 4782/5856/4770
f 4783/5857/4771 4750/5824/4738 4749/5823/4737
f 4749/5823/4737 4784/5858/4772 4783/5857/4771
f 4784/5858/4772 4749/5823/4737 4748/5822/4736
f 4748/5822/4736 4765/5839/4753 4784/5858/4772
f 4765/5839/4753 4748/5822/4736 4747/5821/4735
f 4547/5621/4535 4785/5859/4773 4786/5860/4774
f 4785/5859/4773 4547/5621/4535 4549/5623/4537
f 4549/5623/4537 4787/5861/4775 4785/5859/4773
f 4787/5861/4775 4549/5623/4537 4551/5625/4539
f 4551/5625/4539 4788/5862/4776 4787/5861/4775
f 4788/5862/4776 4551/5625/4539 4553/5627/4541
f 4553/5627/4541 4789/5863/4777 4788/5862/4776
f 4789/5863/4777 4553/5627/4541 4555/5629/4543
f 4555/5629/4543 4790/5864/4778 4789/5863/4777
f 4790/5864/4778 4555/5629/4543 4557/5631/4545
f 4557/5631/4545 4791/5865/4779 4790/5864/4778
f 4791/5865/4779 4557/5631/4545 4559/5633/4547
f 4559/5633/4547 4792/5866/4780 4791/5865/4779
f 4792/5866/4780 4559/5633/4547 4561/5635/4549
f 4561/5635/4549 4793/5867/4781 4792/5866/4780
f 4793/5867/4781 4561/5635/4549 4563/5637/4551
f 4563/5637/4551 4794/5868/4782 4793/5867/4781
f 4794/5868/4782 4563/5637/4551 4565/5639/4553
f 4565/5639/4553 4795/5869/4783 4794/5868/4782
f 4795/5869/4783 4565/5639/4553 4567/5641/4555
f 4567/5641/4555 4796/5870/4784 4795/5869/4783
f 4796/5870/4784 4567/5641/4555 4569/5643/4557
f 4569/5643/4557 4797/5871/4785 4796/5870/4784
f 4797/5871/4785 4569/5643/4557 4571/5645/4559
f 4571/5645/4559 4798/5872/4786 4797/5871/4785
f 4798/5872/4786 4571/5645/4559 4573/5647/4561
f 4573/5647/4561 4799/5873/4787 4798/5872/4786
f 4799/5873/4787 4573/5647/4561 4535/5609/4523
f 4535/5609/4523 4800/5874/4788 4799/5873/4787
f 4800/5874/4788 4535/5609/4523 4534/5608/4522
f 4534/5608/4522 4801/5875/4789 4800/5874/4788
f 4801/5875/4789 4534/5608/4522 4537/5611/4525
f 4537/5611/4525 4802/5876/4790 4801/5875/4789
f 4802/5876/4790 4537/5611/4525 4539/5613/4527
f 4539/5613/4527 4803/5877/4791 4802/5876/4790
f 4803/5877/4791 4539/5613/4527 4541/5615/4529
f 4541/5615/4529 4804/5878/4792 4803/5877/4791
f 4804/5878/4792 4541/5615/4529 4543/5617/4531
f 4543/5617/4531 4805/5879/4793 4804/5878/4792
f 4805/5879/4793 4543/5617/4531 4545/5619/4533
f 4545/5619/4533 4786/5860/4774 4805/5879/4793
f 4786/5860/4774 4545/5619/4533 4547/5621/4535
f 4548/5622/4536 4519/5580/4507 4518/5578/4506
f 4519/5580/4507 4548/5622/4536 4546/5620/4534
f 4546/5620/4534 4520/5582/4508 4519/5580/4507
f 4520/5582/4508 4546/5620/4534 4544/5618/4532
f 4544/5618/4532 4521/5584/4509 4520/5582/4508
f 4521/5584/4509 4544/5618/4532 4542/5616/4530
f 4542/5616/4530 4522/5586/4510 4521/5584/4509
f 4522/5586/4510 4542/5616/4530 4540/5614/4528
f 4540/5614/4528 4523/5588/4511 4522/5586/4510
f 4523/5588/4511 4540/5614/4528 4538/5612/4526
f 4538/5612/4526 4524/5590/4512 4523/5588/4511
f 4524/5590/4512 4538/5612/4526 4536/5610/4524
f 4536/5610/4524 4525/5592/4513 4524/5590/4512
f 4525/5592/4513 4536/5610/4524 4533/5607/4521
f 4533/5607/4521 4526/5594/4514 4525/5592/4513
f 4526/5594/4514 4533/5607/4521 4574/5648/4562
f 4574/5648/4562 4527/5596/4515 4526/5594/4514
f 4527/5596/4515 4574/5648/4562 4572/5646/4560
f 4572/5646/4560 4528/5598/4516 4527/5596/4515
f 4528/5598/4516 4572/5646/4560 4570/5644/4558
f 4570/5644/4558 4529/5600/4517 4528/5598/4516
f 4529/5600/4517 4570/5644/4558 4568/5642/4556
f 4568/5642/4556 4530/5602/4518 4529/5600/4517
f 4530/5602/4518 4568/5642/4556 4566/5640/4554
f 4566/5640/4554 4531/5604/4519 4530/5602/4518
f 4531/5604/4519 4566/5640/4554 4564/5638/4552
f 4564/5638/4552 4532/5606/4520 4531/5604/4519
f 4532/5606/4520 4564/5638/4552 4562/5636/4550
f 4562/5636/4550 4512/5565/4500 4532/5606/4520
f 4512/5565/4500 4562/5636/4550 4560/5634/4548
f 4560/5634/4548 4513/5568/4501 4512/5565/4500
f 4513/5568/4501 4560/5634/4548 4558/5632/4546
f 4558/5632/4546 4514/5570/4502 4513/5568/4501
f 4514/5570/4502 4558/5632/4546 4556/5630/4544
f 4556/5630/4544 4515/5572/4503 4514/5570/4502
f 4515/5572/4503 4556/5630/4544 4554/5628/4542
f 4554/5628/4542 4516/5574/4504 4515/5572/4503
f 4516/5574/4504 4554/5628/4542 4552/5626/4540
f 4552/5626/4540 4517/5576/4505 4516/5574/4504
f 4517/5576/4505 4552/5626/4540 4550/5624/4538
f 4550/5624/4538 4518/5578/4506 4517/5576/4505
f 4518/5578/4506 4550/5624/4538 4548/5622/4536
f 4806/5880/4794 4765/5839/4753 4764/5838/4752
f 4765/5839/4753 4806/5880/4794 4807/5881/4795
f 4807/5881/4795 4784/5858/4772 4765/5839/4753
f 4784/5858/4772 4807/5881/4795 4808/5882/4796
f 4808/5882/4796 4783/5857/4771 4784/5858/4772
f 4783/5857/4771 4808/5882/4796 4809/5883/4797
f 4809/5883/4797 4782/5856/4770 4783/5857/4771
f 4782/5856/4770 4809/5883/4797 4810/5884/4798
f 4810/5884/4798 4781/5855/4769 4782/5856/4770
f 4781/5855/4769 4810/5884/4798 4811/5885/4799
f 4811/5885/4799 4780/5854/4768 4781/5855/4769
f 4780/5854/4768 4811/5885/4799 4176/5208/4164
f 4176/5208/4164 4779/5853/4767 4780/5854/4768
f 4779/5853/4767 4176/5208/4164 4174/5206/4162
f 4174/5206/4162 4778/5852/4766 4779/5853/4767
f 4778/5852/4766 4174/5206/4162 4172/5204/4160
f 4172/5204/4160 4777/5851/4765 4778/5852/4766
f 4777/5851/4765 4172/5204/4160 4170/5202/4158
f 4170/5202/4158 4776/5850/4764 4777/5851/4765
f 4776/5850/4764 4170/5202/4158 4168/5200/4156
f 4168/5200/4156 4775/5849/4763 4776/5850/4764
f 4775/5849/4763 4168/5200/4156 4812/5886/4800
f 4812/5886/4800 4774/5848/4762 4775/5849/4763
f 4774/5848/4762 4812/5886/4800 4813/5887/4801
f 4813/5887/4801 4773/5847/4761 4774/5848/4762
f 4773/5847/4761 4813/5887/4801 4814/5888/4802
f 4814/5888/4802 4772/5846/4760 4773/5847/4761
f 4772/5846/4760 4814/5888/4802 4815/5889/4803
f 4815/5889/4803 4771/5845/4759 4772/5846/4760
f 4771/5845/4759 4815/5889/4803 4816/5890/4804
f 4816/5890/4804 4770/5844/4758 4771/5845/4759
f 4770/5844/4758 4816/5890/4804 4817/5891/4805
f 4817/5891/4805 4769/5843/4757 4770/5844/4758
f 4769/5843/4757 4817/5891/4805 4818/5892/4806
f 4818/5892/4806 4768/5842/4756 4769/5843/4757
f 4768/5842/4756 4818/5892/4806 4819/5893/4807
f 4819/5893/4807 4767/5841/4755 4768/5842/4756
f 4767/5841/4755 4819/5893/4807 4820/5894/4808
f 4820/5894/4808 4766/5840/4754 4767/5841/4755
f 4766/5840/4754 4820/5894/4808 4821/5895/4809
f 4821/5895/4809 4764/5838/4752 4766/5840/4754
f 4764/5838/4752 4821/5895/4809 4806/5880/4794
f 4822/5896/4810 4823/5897/4811 4824/5898/4812
f 4823/5897/4811 4822/5896/4810 4825/5899/4813
f 4825/5899/4813 4826/5900/4814 4823/5897/4811
f 4826/5900/4814 4825/5899/4813 4827/5901/4815
f 4827/5901/4815 4828/5902/4816 4826/5900/4814
f 4828/5902/4816 4827/5901/4815 4829/5903/4817
f 4829/5903/4817 4830/5904/4818 4828/5902/4816
f 4830/5904/4818 4829/5903/4817 4831/5905/4819
f 4831/5905/4819 4832/5906/4820 4830/5904/4818
f 4832/5906/4820 4831/5905/4819 4833/5907/4821
f 4833/5907/4821 4834/5908/4822 4832/5906/4820
f 4834/5908/4822 4833/5907/4821 4835/5909/4823
f 4835/5909/4823 4836/5910/4824 4834/5908/4822
f 4836/5910/4824 4835/5909/4823 4837/5911/4825
f 4837/5911/4825 4838/5912/4826 4836/5910/4824
f 4838/5912/4826 4837/5911/4825 4839/5913/4827
f 4839/5913/4827 4840/5914/4828 4838/5912/4826
f 4840/5914/4828 4839/5913/4827 4841/5915/4829
f 4841/5915/4829 4842/5916/4830 4840/5914/4828
f 4842/5916/4830 4841/5915/4829 4843/5917/4831
f 4843/5917/4831 4844/5918/4832 4842/5916/4830
f 4844/5918/4832 4843/5917/4831 4845/5919/4833
f 4845/5919/4833 4846/5920/4834 4844/5918/4832
f 4846/5920/4834 4845/5919/4833 4847/5921/4835
f 4847/5921/4835 4848/5922/4836 4846/5920/4834
f 4848/5922/4836 4847/5921/4835 4849/5923/4837
f 4849/5923/4837 4850/5924/4838 4848/5922/4836
f 4850/5924/4838 4849/5923/4837 4851/5925/4839
f 4851/5925/4839 4852/5926/4840 4850/5924/4838
f 4852/5926/4840 4851/5925/4839 4853/5927/4841
f 4853/5927/4841 4854/5928/4842 4852/5926/4840
f 4854/5928/4842 4853/5927/4841 4855/5929/4843
f 4855/5929/4843 4856/5930/4844 4854/5928/4842
f 4856/5930/4844 4855/5929/4843 4857/5931/4845
f 4857/5931/4845 4858/5932/4846 4856/5930/4844
f 4858/5932/4846 4857/5931/4845 4859/5933/4847
f 4859/5933/4847 4493/5546/4481 4858/5932/4846
f 4860/5934/4848 4861/5935/4849 4862/5936/4850
f 4863/5937/4851 4802/5876/4790 4803/5877/4791
f 4864/5938/4852 4865/5939/4853 4866/5940/4854
f 4493/5546/4481 4492/5545/4480 4867/5941/4855
f 4868/5942/4856 4869/5943/4857 4870/5944/4858
f 4869/5943/4857 4868/5942/4856 4871/5945/4859
f 4872/5946/4860 4873/5947/4861 4874/5948/4862
f 4873/5947/4861 4872/5946/4860 4875/5949/4863
f 4876/5950/4864 4877/5951/4865 4878/5952/4866
f 4878/5952/4866 4879/5953/4867 4876/5950/4864
f 4879/5953/4867 4878/5952/4866 4880/5954/4868
f 4880/5954/4868 4881/5955/4869 4879/5953/4867
f 4881/5955/4869 4880/5954/4868 4882/5956/4870
f 4882/5956/4870 4883/5957/4871 4881/5955/4869
f 4883/5957/4871 4882/5956/4870 4884/5958/4872
f 4884/5958/4872 4885/5959/4873 4883/5957/4871
f 4885/5959/4873 4884/5958/4872 4886/5960/4874
f 4885/5959/4873 4886/5960/4874 4887/5961/4875
f 4887/5961/4875 4888/5962/4876 4885/5959/4873
f 4888/5962/4876 4887/5961/4875 4889/5963/4877
f 4889/5963/4877 4890/5964/4878 4888/5962/4876
f 4890/5964/4878 4889/5963/4877 4891/5965/4879
f 4885/5959/4873 4888/5962/4876 4892/5966/4880
f 4892/5966/4880 4883/5957/4871 4885/5959/4873
f 4883/5957/4871 4892/5966/4880 4893/5967/4881
f 4893/5967/4881 4881/5955/4869 4883/5957/4871
f 4881/5955/4869 4893/5967/4881 4894/5968/4882
f 4894/5968/4882 4879/5953/4867 4881/5955/4869
f 4861/5935/4849 4895/5969/4883 4896/5970/4884
f 4896/5970/4884 4862/5971/4850 4861/5935/4849
f 4862/5971/4850 4896/5970/4884 4897/5972/4885
f 4897/5972/4885 4898/5973/4886 4862/5971/4850
f 4898/5973/4886 4897/5972/4885 4899/5974/4887
f 4899/5974/4887 4900/5975/4888 4898/5973/4886
f 4900/5975/4888 4899/5974/4887 4901/5976/4889
f 4901/5976/4889 4902/5977/4890 4900/5975/4888
f 4902/5977/4890 4901/5976/4889 4903/5978/4891
f 4903/5978/4891 4863/5979/4851 4902/5977/4890
f 4201/5233/4189 4902/5980/4890 4863/5937/4851
f 4863/5937/4851 4904/5981/4892 4201/5233/4189
f 4904/5981/4892 4863/5937/4851 4803/5877/4791
f 4904/5981/4892 4803/5877/4791 4905/5982/4893
f 4904/5981/4892 4905/5982/4893 4906/5983/4894
f 4906/5983/4894 4201/5233/4189 4904/5981/4892
f 4906/5983/4894 4199/5231/4187 4201/5233/4189
f 4199/5231/4187 4906/5983/4894 4907/5984/4895
f 4907/5984/4895 4908/5985/4896 4199/5231/4187
f 4908/5985/4896 4907/5984/4895 4909/5986/4897
f 4909/5986/4897 4910/5987/4898 4908/5985/4896
f 4910/5987/4898 4909/5986/4897 4911/5988/4899
f 4911/5988/4899 4912/5989/4900 4910/5987/4898
f 4911/5988/4899 4913/5990/4901 4912/5989/4900
f 4913/5990/4901 4911/5988/4899 4914/5991/4902
f 4914/5991/4902 4915/5992/4903 4913/5990/4901
f 4915/5992/4903 4914/5991/4902 4916/5993/4904
f 4916/5993/4904 4917/5994/4905 4915/5992/4903
f 4916/5993/4904 4918/5995/4906 4917/5994/4905
f 4918/5995/4906 4916/5993/4904 4919/5996/4907
f 4919/5996/4907 4920/5997/4908 4918/5995/4906
f 4920/5997/4908 4919/5996/4907 4921/5998/4909
f 4921/5998/4909 4922/5999/4910 4920/5997/4908
f 4922/5999/4910 4921/5998/4909 4923/6000/4911
f 4923/6000/4911 4924/6001/4912 4922/5999/4910
f 4924/6001/4912 4923/6000/4911 4925/6002/4913
f 4925/6002/4913 4926/6003/4914 4924/6001/4912
f 4926/6003/4914 4925/6002/4913 4927/6004/4915
f 4927/6004/4915 4928/6005/4916 4926/6003/4914
f 4928/6005/4916 4927/6004/4915 4929/6006/4917
f 4929/6006/4917 4930/6007/4918 4928/6005/4916
f 4930/6007/4918 4929/6006/4917 4931/6008/4919
f 4931/6008/4919 4932/6009/4920 4930/6007/4918
f 4932/6009/4920 4931/6008/4919 4933/6010/4921
f 4933/6010/4921 4934/6011/4922 4932/6009/4920
f 4934/6011/4922 4933/6010/4921 4935/6012/4923
f 4935/6012/4923 4936/6013/4924 4934/6011/4922
f 4936/6013/4924 4935/6012/4923 4937/6014/4925
f 4937/6014/4925 4938/6015/4926 4936/6013/4924
f 4938/6015/4926 4937/6014/4925 4939/6016/4927
f 4939/6016/4927 4940/6017/4928 4938/6015/4926
f 4940/6017/4928 4939/6016/4927 4941/6018/4929
f 4941/6018/4929 4942/6019/4930 4940/6017/4928
f 4941/6018/4929 4943/6020/4931 4942/6019/4930
f 4943/6020/4931 4941/6018/4929 4944/6021/4932
f 4944/6021/4932 4945/6022/4933 4943/6020/4931
f 4945/6022/4933 4944/6021/4932 4946/6023/4934
f 4946/6023/4934 4947/6024/4935 4945/6022/4933
f 4947/6024/4935 4946/6023/4934 4948/6025/4936
f 4948/6025/4936 4949/6026/4937 4947/6024/4935
f 4949/6026/4937 4948/6025/4936 4950/6027/4938
f 4950/6027/4938 4951/6028/4939 4949/6026/4937
f 4950/6027/4938 4952/6029/4940 4951/6028/4939
f 4950/6027/4938 4953/6030/4941 4952/6029/4940
f 4953/6030/4941 4950/6027/4938 4954/6031/4942
f 4953/6030/4941 4954/6031/4942 4801/5875/4789
f 4801/5875/4789 4952/6029/4940 4953/6030/4941
f 4952/6029/4940 4801/5875/4789 4903/5978/4891
f 4952/6029/4940 4903/5978/4891 4901/5976/4889
f 4952/6029/4940 4901/5976/4889 4955/6032/4943
f 4955/6032/4943 4951/6028/4939 4952/6029/4940
f 4951/6028/4939 4955/6032/4943 4956/6033/4944
f 4956/6033/4944 4957/6034/4945 4951/6028/4939
f 4957/6034/4945 4956/6033/4944 4958/6035/4946
f 4958/6035/4946 4959/6036/4947 4957/6034/4945
f 4959/6036/4947 4958/6035/4946 4960/6037/4948
f 4960/6037/4948 4961/6038/4949 4959/6036/4947
f 4961/6038/4949 4960/6037/4948 4962/6039/4950
f 4962/6039/4950 4157/5189/4145 4961/6038/4949
f 4962/6039/4950 4155/5187/4143 4157/5189/4145
f 4962/6039/4950 4963/6040/4951 4155/5187/4143
f 4963/6040/4951 4962/6039/4950 4960/6037/4948
f 4960/6037/4948 4895/5969/4883 4963/6040/4951
f 4895/5969/4883 4960/6037/4948 4958/6035/4946
f 4958/6035/4946 4896/5970/4884 4895/5969/4883
f 4896/5970/4884 4958/6035/4946 4956/6033/4944
f 4956/6033/4944 4897/5972/4885 4896/5970/4884
f 4897/5972/4885 4956/6033/4944 4955/6032/4943
f 4955/6032/4943 4899/5974/4887 4897/5972/4885
f 4899/5974/4887 4955/6032/4943 4901/5976/4889
f 4950/6027/4938 4964/6041/4952 4954/6031/4942
f 4964/6041/4952 4950/6027/4938 4948/6025/4936
f 4948/6025/4936 4965/6042/4953 4964/6041/4952
f 4965/6042/4953 4948/6025/4936 4946/6023/4934
f 4946/6023/4934 4966/6043/4954 4965/6042/4953
f 4966/6043/4954 4946/6023/4934 4944/6021/4932
f 4944/6021/4932 4967/6044/4955 4966/6043/4954
f 4967/6044/4955 4944/6021/4932 4941/6018/4929
f 4941/6018/4929 4968/6045/4956 4967/6044/4955
f 4968/6045/4956 4941/6018/4929 4939/6016/4927
f 4939/6016/4927 4969/6046/4957 4968/6045/4956
f 4969/6046/4957 4939/6016/4927 4937/6014/4925
f 4937/6014/4925 4970/6047/4958 4969/6046/4957
f 4970/6047/4958 4937/6014/4925 4935/6012/4923
f 4935/6012/4923 4971/6048/4959 4970/6047/4958
f 4971/6048/4959 4935/6012/4923 4933/6010/4921
f 4933/6010/4921 4972/6049/4960 4971/6048/4959
f 4972/6049/4960 4933/6010/4921 4931/6008/4919
f 4931/6008/4919 4973/6050/4961 4972/6049/4960
f 4973/6050/4961 4931/6008/4919 4929/6006/4917
f 4929/6006/4917 4974/6051/4962 4973/6050/4961
f 4974/6051/4962 4929/6006/4917 4927/6004/4915
f 4927/6004/4915 4975/6052/4963 4974/6051/4962
f 4975/6052/4963 4927/6004/4915 4925/6002/4913
f 4925/6002/4913 4976/6053/4964 4975/6052/4963
f 4976/6053/4964 4925/6002/4913 4923/6000/4911
f 4923/6000/4911 4977/6054/4965 4976/6053/4964
f 4977/6054/4965 4923/6000/4911 4921/5998/4909
f 4921/5998/4909 4978/6055/4966 4977/6054/4965
f 4978/6055/4966 4921/5998/4909 4919/5996/4907
f 4919/5996/4907 4979/6056/4967 4978/6055/4966
f 4979/6056/4967 4919/5996/4907 4916/5993/4904
f 4916/5993/4904 4980/6057/4968 4979/6056/4967
f 4980/6057/4968 4916/5993/4904 4914/5991/4902
f 4914/5991/4902 4981/6058/4969 4980/6057/4968
f 4981/6058/4969 4914/5991/4902 4911/5988/4899
f 4911/5988/4899 4982/6059/4970 4981/6058/4969
f 4982/6059/4970 4911/5988/4899 4909/5986/4897
f 4909/5986/4897 4983/6060/4971 4982/6059/4970
f 4983/6060/4971 4909/5986/4897 4907/5984/4895
f 4907/5984/4895 4984/6061/4972 4983/6060/4971
f 4984/6061/4972 4907/5984/4895 4906/5983/4894
f 4906/5983/4894 4905/5982/4893 4984/6061/4972
f 4985/6062/4973 4799/5873/4787 4800/5874/4788
f 4800/5874/4788 4954/6031/4942 4985/6062/4973
f 4954/6031/4942 4800/5874/4788 4801/5875/4789
f 4903/5978/4891 4802/5876/4790 4863/5979/4851
f 4802/5876/4790 4903/5978/4891 4801/5875/4789
f 4986/6063/4974 4804/5878/4792 4805/5879/4793
f 4804/5878/4792 4986/6063/4974 4905/5982/4893
f 4905/5982/4893 4803/5877/4791 4804/5878/4792
f 4192/5224/4180 4190/5222/4178 4987/6064/4975
f 4987/6064/4975 4194/5226/4182 4192/5224/4180
f 4194/5226/4182 4987/6064/4975 4860/5934/4848
f 4860/5934/4848 4196/5228/4184 4194/5226/4182
f 4196/5228/4184 4860/5934/4848 4862/5936/4850
f 4862/5936/4850 4198/5230/4186 4196/5228/4184
f 4198/5230/4186 4862/5936/4850 4898/6065/4886
f 4898/6065/4886 4200/5232/4188 4198/5230/4186
f 4200/5232/4188 4898/6065/4886 4900/6066/4888
f 4900/6066/4888 4201/5233/4189 4200/5232/4188
f 4201/5233/4189 4900/6066/4888 4902/5980/4890
f 4988/6067/4976 4989/6068/4977 4990/6069/4978
f 4990/6069/4978 4991/6070/4979 4988/6067/4976
f 4991/6070/4979 4990/6069/4978 4992/6071/4980
f 4992/6071/4980 4993/6072/4981 4991/6070/4979
f 4993/6072/4981 4992/6071/4980 4994/6073/4982
f 4994/6073/4982 4995/6074/4983 4993/6072/4981
f 4995/6074/4983 4994/6073/4982 4996/6075/4984
f 4995/6074/4983 4996/6075/4984 4997/6076/4985
f 4997/6076/4985 4998/6077/4986 4995/6074/4983
f 4997/6076/4985 4999/6078/4987 4998/6077/4986
f 4997/6076/4985 5000/6079/4988 4999/6078/4987
f 4997/6076/4985 5001/6080/4989 5000/6079/4988
f 5001/6080/4989 4997/6076/4985 4996/6075/4984
f 5000/6079/4988 5001/6080/4989 5002/6081/4990
f 5002/6081/4990 5003/6082/4991 5000/6079/4988
f 5003/6082/4991 5002/6081/4990 5004/6083/4992
f 5004/6083/4992 5005/6084/4993 5003/6082/4991
f 5005/6084/4993 5004/6083/4992 5006/6085/4994
f 5006/6085/4994 5007/6086/4995 5005/6084/4993
f 5007/6086/4995 5006/6085/4994 5008/6087/4996
f 5008/6087/4996 5009/6088/4997 5007/6086/4995
f 5009/6088/4997 5008/6087/4996 5010/6089/4998
f 5009/6088/4997 5010/6089/4998 5011/6090/4999
f 5011/6090/4999 5012/6091/5000 5009/6088/4997
f 5012/6091/5000 5011/6090/4999 5013/6092/5001
f 5013/6092/5001 5014/6093/5002 5012/6091/5000
f 5014/6093/5002 5013/6092/5001 5015/6094/5003
f 5015/6094/5003 5016/6095/5004 5014/6093/5002
f 5016/6095/5004 5015/6094/5003 5017/6096/5005
f 5007/6086/4995 5009/6088/4997 5018/6097/5006
f 5018/6097/5006 5005/6084/4993 5007/6086/4995
f 5005/6084/4993 5018/6097/5006 5019/6098/5007
f 5019/6098/5007 5003/6082/4991 5005/6084/4993
f 5003/6082/4991 5019/6098/5007 5020/6099/5008
f 5020/6099/5008 5000/6079/4988 5003/6082/4991
f 5020/6099/5008 4999/6078/4987 5000/6079/4988
f 4999/6078/4987 5020/6099/5008 4974/6051/4962
f 4974/6051/4962 5021/6100/5009 4999/6078/4987
f 5021/6100/5009 4974/6051/4962 4975/6052/4963
f 4975/6052/4963 5022/6101/5010 5021/6100/5009
f 5022/6101/5010 4975/6052/4963 4976/6053/4964
f 5022/6101/5010 4976/6053/4964 4977/6054/4965
f 4977/6054/4965 5023/6102/5011 5022/6101/5010
f 5023/6102/5011 4977/6054/4965 4978/6055/4966
f 4978/6055/4966 5024/6103/5012 5023/6102/5011
f 5024/6103/5012 4978/6055/4966 4979/6056/4967
f 4979/6056/4967 5025/6104/5013 5024/6103/5012
f 5025/6104/5013 4979/6056/4967 4980/6057/4968
f 5025/6104/5013 4980/6057/4968 4981/6058/4969
f 4981/6058/4969 5026/6105/5014 5025/6104/5013
f 5026/6105/5014 4981/6058/4969 4982/6059/4970
f 5026/6105/5014 4982/6059/4970 4983/6060/4971
f 4983/6060/4971 5027/6106/5015 5026/6105/5014
f 5027/6106/5015 4983/6060/4971 4984/6061/4972
f 4984/6061/4972 4986/6063/4974 5027/6106/5015
f 4986/6063/4974 4984/6061/4972 4905/5982/4893
f 5020/6099/5008 4973/6050/4961 4974/6051/4962
f 4973/6050/4961 5020/6099/5008 5019/6098/5007
f 5019/6098/5007 4972/6049/4960 4973/6050/4961
f 4972/6049/4960 5019/6098/5007 5028/6107/5016
f 5028/6107/5016 4971/6048/4959 4972/6049/4960
f 4971/6048/4959 5028/6107/5016 5029/6108/5017
f 5029/6108/5017 4970/6047/4958 4971/6048/4959
f 4970/6047/4958 5029/6108/5017 5030/6109/5018
f 5030/6109/5018 4969/6046/4957 4970/6047/4958
f 4969/6046/4957 5030/6109/5018 5031/6110/5019
f 5031/6110/5019 4968/6045/4956 4969/6046/4957
f 4968/6045/4956 5031/6110/5019 5032/6111/5020
f 5032/6111/5020 4967/6044/4955 4968/6045/4956
f 4967/6044/4955 5032/6111/5020 5033/6112/5021
f 5033/6112/5021 4966/6043/4954 4967/6044/4955
f 5033/6112/5021 4965/6042/4953 4966/6043/4954
f 4965/6042/4953 5033/6112/5021 5034/6113/5022
f 5034/6113/5022 4964/6041/4952 4965/6042/4953
f 4964/6041/4952 5034/6113/5022 4985/6062/4973
f 4985/6062/4973 4954/6031/4942 4964/6041/4952
f 4811/5885/4799 4178/5210/4166 4176/5208/4164
f 4178/5210/4166 4811/5885/4799 4810/5884/4798
f 4810/5884/4798 4180/5212/4168 4178/5210/4166
f 4810/5884/4798 5035/6114/5023 4180/5212/4168
f 5035/6114/5023 4810/5884/4798 4809/5883/4797
f 4809/5883/4797 5036/6115/5024 5035/6114/5023
f 5036/6115/5024 4809/5883/4797 4808/5882/4796
f 4808/5882/4796 4891/5965/4879 5036/6115/5024
f 4891/5965/4879 4808/5882/4796 4807/5881/4795
f 4807/5881/4795 4890/5964/4878 4891/5965/4879
f 4890/5964/4878 4807/5881/4795 4806/5880/4794
f 4806/5880/4794 4888/5962/4876 4890/5964/4878
f 4888/5962/4876 4806/5880/4794 4821/5895/4809
f 4821/5895/4809 4892/5966/4880 4888/5962/4876
f 4892/5966/4880 4821/5895/4809 4820/5894/4808
f 4820/5894/4808 4893/5967/4881 4892/5966/4880
f 4893/5967/4881 4820/5894/4808 4819/5893/4807
f 4819/5893/4807 4894/5968/4882 4893/5967/4881
f 4894/5968/4882 4819/5893/4807 4818/5892/4806
f 4818/5892/4806 4879/5953/4867 4894/5968/4882
f 4879/5953/4867 4818/5892/4806 4817/5891/4805
f 4817/5891/4805 4876/5950/4864 4879/5953/4867
f 4876/5950/4864 4817/5891/4805 4816/5890/4804
f 4816/5890/4804 4877/5951/4865 4876/5950/4864
f 4877/5951/4865 4816/5890/4804 4815/5889/4803
f 4815/5889/4803 5037/6116/5025 4877/5951/4865
f 5037/6116/5025 4815/5889/4803 4814/5888/4802
f 4814/5888/4802 5038/6117/5026 5037/6116/5025
f 5038/6117/5026 4814/5888/4802 4813/5887/4801
f 5038/6117/5026 4813/5887/4801 4812/5886/4800
f 4812/5886/4800 4166/5198/4154 5038/6117/5026
f 4166/5198/4154 4812/5886/4800 4168/5200/4156
f 4164/5196/4152 5038/6117/5026 4166/5198/4154
f 5038/6117/5026 4164/5196/4152 4162/5194/4150
f 4162/5194/4150 5037/6116/5025 5038/6117/5026
f 5037/6116/5025 4162/5194/4150 4160/5192/4148
f 4160/5192/4148 4877/5951/4865 5037/6116/5025
f 4877/5951/4865 4160/5192/4148 4158/5190/4146
f 4158/5190/4146 4878/5952/4866 4877/5951/4865
f 4878/5952/4866 4158/5190/4146 4155/5187/4143
f 4155/5187/4143 4880/5954/4868 4878/5952/4866
f 4155/5187/4143 5039/6118/5027 4880/5954/4868
f 5039/6118/5027 4155/5187/4143 4963/6040/4951
f 4963/6040/4951 5040/6119/5028 5039/6118/5027
f 5040/6119/5028 4963/6040/4951 4895/5969/4883
f 5040/6119/5028 4895/5969/4883 4861/5935/4849
f 5040/6119/5028 4861/5935/4849 4860/5934/4848
f 4860/5934/4848 5041/6120/5029 5040/6119/5028
f 5041/6120/5029 4860/5934/4848 4987/6064/4975
f 5041/6120/5029 4987/6064/4975 4190/5222/4178
f 4190/5222/4178 4887/5961/4875 5041/6120/5029
f 4887/5961/4875 4190/5222/4178 4188/5220/4176
f 4188/5220/4176 4889/5963/4877 4887/5961/4875
f 4889/5963/4877 4188/5220/4176 4186/5218/4174
f 4186/5218/4174 4891/5965/4879 4889/5963/4877
f 4891/5965/4879 4186/5218/4174 4184/5216/4172
f 4184/5216/4172 5036/6115/5024 4891/5965/4879
f 5036/6115/5024 4184/5216/4172 4182/5214/4170
f 4182/5214/4170 5035/6114/5023 5036/6115/5024
f 5035/6114/5023 4182/5214/4170 4180/5212/4168
f 5041/6120/5029 4887/5961/4875 4886/5960/4874
f 4886/5960/4874 5040/6119/5028 5041/6120/5029
f 5040/6119/5028 4886/5960/4874 4884/5958/4872
f 4884/5958/4872 5039/6118/5027 5040/6119/5028
f 5039/6118/5027 4884/5958/4872 4882/5956/4870
f 4882/5956/4870 4880/5954/4868 5039/6118/5027
f 4908/5985/4896 4197/5229/4185 4199/5231/4187
f 4197/5229/4185 4908/5985/4896 4910/5987/4898
f 4910/5987/4898 4195/5227/4183 4197/5229/4185
f 4195/5227/4183 4910/5987/4898 4912/5989/4900
f 4912/5989/4900 4193/5225/4181 4195/5227/4183
f 4193/5225/4181 4912/5989/4900 4913/5990/4901
f 4913/5990/4901 4191/5223/4179 4193/5225/4181
f 4191/5223/4179 4913/5990/4901 4915/5992/4903
f 4915/5992/4903 4189/5221/4177 4191/5223/4179
f 4915/5992/4903 4187/5219/4175 4189/5221/4177
f 4187/5219/4175 4915/5992/4903 4917/5994/4905
f 4917/5994/4905 4185/5217/4173 4187/5219/4175
f 4185/5217/4173 4917/5994/4905 4918/5995/4906
f 4918/5995/4906 4183/5215/4171 4185/5217/4173
f 4183/5215/4171 4918/5995/4906 4920/5997/4908
f 4920/5997/4908 4181/5213/4169 4183/5215/4171
f 4181/5213/4169 4920/5997/4908 4922/5999/4910
f 4922/5999/4910 4179/5211/4167 4181/5213/4169
f 4179/5211/4167 4922/5999/4910 4924/6001/4912
f 4924/6001/4912 4177/5209/4165 4179/5211/4167
f 4177/5209/4165 4924/6001/4912 4926/6003/4914
f 4926/6003/4914 4175/5207/4163 4177/5209/4165
f 4175/5207/4163 4926/6003/4914 4928/6005/4916
f 4928/6005/4916 4173/5205/4161 4175/5207/4163
f 4173/5205/4161 4928/6005/4916 4930/6007/4918
f 4930/6007/4918 4171/5203/4159 4173/5205/4161
f 4171/5203/4159 4930/6007/4918 4932/6009/4920
f 4932/6009/4920 4169/5201/4157 4171/5203/4159
f 4169/5201/4157 4932/6009/4920 4934/6011/4922
f 4934/6011/4922 4167/5199/4155 4169/5201/4157
f 4167/5199/4155 4934/6011/4922 4936/6013/4924
f 4936/6013/4924 4165/5197/4153 4167/5199/4155
f 4165/5197/4153 4936/6013/4924 4938/6015/4926
f 4938/6015/4926 4163/5195/4151 4165/5197/4153
f 4163/5195/4151 4938/6015/4926 4940/6017/4928
f 4940/6017/4928 4161/5193/4149 4163/5195/4151
f 4161/5193/4149 4940/6017/4928 4942/6019/4930
f 4942/6019/4930 4159/5191/4147 4161/5193/4149
f 4159/5191/4147 4942/6019/4930 4943/6020/4931
f 4943/6020/4931 4156/5188/4144 4159/5191/4147
f 4943/6020/4931 4157/5189/4145 4156/5188/4144
f 4157/5189/4145 4943/6020/4931 4945/6022/4933
f 4945/6022/4933 4961/6038/4949 4157/5189/4145
f 4961/6038/4949 4945/6022/4933 4947/6024/4935
f 4947/6024/4935 4959/6036/4947 4961/6038/4949
f 4959/6036/4947 4947/6024/4935 4949/6026/4937
f 4949/6026/4937 4957/6034/4945 4959/6036/4947
f 4957/6034/4945 4949/6026/4937 4951/6028/4939
f 5042/6121/5030 5043/6122/5031 5044/6123/5032
f 5043/6122/5031 5042/6121/5030 5045/6124/5033
f 5045/6124/5033 5046/6125/5034 5043/6122/5031
f 5046/6125/5034 5045/6124/5033 5047/6126/5035
f 5047/6126/5035 5048/6127/5036 5046/6125/5034
f 5048/6127/5036 5047/6126/5035 5049/6128/5037
f 5049/6128/5037 5050/6129/5038 5048/6127/5036
f 5050/6129/5038 5049/6128/5037 5051/6130/5039
f 5051/6130/5039 5052/6131/5040 5050/6129/5038
f 5051/6130/5039 5053/6132/5041 5052/6131/5040
f 5053/6132/5041 5051/6130/5039 5054/6133/5042
f 5054/6133/5042 5055/6134/5043 5053/6132/5041
f 5055/6134/5043 5054/6133/5042 5056/6135/5044
f 5056/6135/5044 5057/6136/5045 5055/6134/5043
f 5051/6130/5039 5058/6137/5046 5054/6133/5042
f 5058/6137/5046 5051/6130/5039 5049/6128/5037
f 5049/6128/5037 5059/6138/5047 5058/6137/5046
f 5059/6138/5047 5049/6128/5037 5047/6126/5035
f 5047/6126/5035 5060/6139/5048 5059/6138/5047
f 5060/6139/5048 5047/6126/5035 5045/6124/5033
f 4865/5939/4853 5061/6140/5049 5062/6141/5050
f 5061/6140/5049 4865/5939/4853 4864/6142/4852
f 4864/6142/4852 5063/6143/5051 5061/6140/5049
f 5063/6143/5051 4864/6142/4852 5064/6144/5052
f 5064/6144/5052 5065/6145/5053 5063/6143/5051
f 5065/6145/5053 5064/6144/5052 5066/6146/5054
f 5066/6146/5054 5067/6147/5055 5065/6145/5053
f 5067/6147/5055 5066/6146/5054 5068/6148/5056
f 5068/6148/5056 5069/6149/5057 5067/6147/5055
f 5069/6149/5057 5068/6148/5056 4867/6150/4855
f 4867/5941/4855 5068/6151/5056 4154/5186/4142
f 4154/5186/4142 4493/5546/4481 4867/5941/4855
f 4154/5186/4142 4858/5932/4846 4493/5546/4481
f 4858/5932/4846 4154/5186/4142 4153/5185/4141
f 4153/5185/4141 4856/5930/4844 4858/5932/4846
f 4856/5930/4844 4153/5185/4141 5070/6152/5058
f 5070/6152/5058 4854/5928/4842 4856/5930/4844
f 4854/5928/4842 5070/6152/5058 5071/6153/5059
f 5071/6153/5059 4852/5926/4840 4854/5928/4842
f 4852/5926/4840 5071/6153/5059 5072/6154/5060
f 5072/6154/5060 4850/5924/4838 4852/5926/4840
f 4850/5924/4838 5072/6154/5060 5073/6155/5061
f 5073/6155/5061 4848/5922/4836 4850/5924/4838
f 4848/5922/4836 5073/6155/5061 5074/6156/5062
f 5074/6156/5062 4846/5920/4834 4848/5922/4836
f 4846/5920/4834 5074/6156/5062 5075/6157/5063
f 4846/5920/4834 5075/6157/5063 5076/6158/5064
f 5076/6158/5064 4844/5918/4832 4846/5920/4834
f 4844/5918/4832 5076/6158/5064 5077/6159/5065
f 5077/6159/5065 4842/5916/4830 4844/5918/4832
f 4842/5916/4830 5077/6159/5065 5078/6160/5066
f 5078/6160/5066 4840/5914/4828 4842/5916/4830
f 4840/5914/4828 5078/6160/5066 5079/6161/5067
f 5079/6161/5067 4838/5912/4826 4840/5914/4828
f 4838/5912/4826 5079/6161/5067 5080/6162/5068
f 5080/6162/5068 4836/5910/4824 4838/5912/4826
f 4836/5910/4824 5080/6162/5068 5081/6163/5069
f 5081/6163/5069 4834/5908/4822 4836/5910/4824
f 4834/5908/4822 5081/6163/5069 5082/6164/5070
f 5082/6164/5070 4832/5906/4820 4834/5908/4822
f 4832/5906/4820 5082/6164/5070 5083/6165/5071
f 5083/6165/5071 4830/5904/4818 4832/5906/4820
f 4830/5904/4818 5083/6165/5071 5084/6166/5072
f 5084/6166/5072 4828/5902/4816 4830/5904/4818
f 4828/5902/4816 5084/6166/5072 5085/6167/5073
f 5085/6167/5073 4826/5900/4814 4828/5902/4816
f 4826/5900/4814 5085/6167/5073 5086/6168/5074
f 5086/6168/5074 4823/5897/4811 4826/5900/4814
f 4823/5897/4811 5086/6168/5074 5087/6169/5075
f 5087/6169/5075 4824/5898/4812 4823/5897/4811
f 4824/5898/4812 5087/6169/5075 5088/6170/5076
f 4824/5898/4812 5088/6170/5076 5089/6171/5077
f 4824/5898/4812 5089/6171/5077 5090/6172/5078
f 5090/6172/5078 4822/5896/4810 4824/5898/4812
f 4822/5896/4810 5090/6172/5078 5091/6173/5079
f 5091/6173/5079 5092/6174/5080 4822/5896/4810
f 5092/6174/5080 5091/6173/5079 5093/6175/5081
f 5093/6175/5081 5094/6176/5082 5092/6174/5080
f 5094/6176/5082 5093/6175/5081 5095/6177/5083
f 5095/6177/5083 5096/6178/5084 5094/6176/5082
f 5096/6178/5084 5095/6177/5083 5097/6179/5085
f 5097/6179/5085 5098/6180/5086 5096/6178/5084
f 5097/6179/5085 4491/5544/4479 5098/6180/5086
f 4491/5544/4479 5097/6179/5085 5099/6181/5087
f 5099/6181/5087 5069/6149/5057 4491/5544/4479
f 5099/6181/5087 5067/6147/5055 5069/6149/5057
f 5099/6181/5087 5100/6182/5088 5067/6147/5055
f 5100/6182/5088 5099/6181/5087 5101/6183/5089
f 5101/6183/5089 5102/6184/5090 5100/6182/5088
f 5102/6184/5090 5101/6183/5089 5103/6185/5091
f 5103/6185/5091 5104/6186/5092 5102/6184/5090
f 5104/6186/5092 5103/6185/5091 5105/6187/5093
f 5105/6187/5093 5106/6188/5094 5104/6186/5092
f 5106/6188/5094 5105/6187/5093 5107/6189/5095
f 5107/6189/5095 5108/6190/5096 5106/6188/5094
f 5108/6190/5096 5107/6189/5095 4108/5140/4096
f 5108/6190/5096 4108/5140/4096 4110/5142/4098
f 5108/6190/5096 4110/5142/4098 5109/6191/5097
f 5109/6191/5097 5106/6188/5094 5108/6190/5096
f 5106/6188/5094 5109/6191/5097 5062/6141/5050
f 5062/6141/5050 5104/6186/5092 5106/6188/5094
f 5104/6186/5092 5062/6141/5050 5061/6140/5049
f 5061/6140/5049 5102/6184/5090 5104/6186/5092
f 5102/6184/5090 5061/6140/5049 5063/6143/5051
f 5063/6143/5051 5100/6182/5088 5102/6184/5090
f 5100/6182/5088 5063/6143/5051 5065/6145/5053
f 5065/6145/5053 5067/6147/5055 5100/6182/5088
f 5099/6181/5087 5097/6179/5085 5095/6177/5083
f 5095/6177/5083 5101/6183/5089 5099/6181/5087
f 5101/6183/5089 5095/6177/5083 5093/6175/5081
f 5093/6175/5081 5110/6192/5098 5101/6183/5089
f 5110/6192/5098 5093/6175/5081 5091/6173/5079
f 5091/6173/5079 5111/6193/5099 5110/6192/5098
f 5111/6193/5099 5091/6173/5079 5090/6172/5078
f 5090/6172/5078 5112/6194/5100 5111/6193/5099
f 5112/6194/5100 5090/6172/5078 5089/6171/5077
f 5113/6195/5101 4490/5543/4478 4489/5542/4477
f 4490/5543/4478 5113/6195/5101 5098/6180/5086
f 5098/6180/5086 4491/5544/4479 4490/5543/4478
f 5069/6149/5057 4867/6150/4855 4492/5545/4480
f 4492/5545/4480 4491/5544/4479 5069/6149/5057
f 5114/6196/5102 4495/5548/4483 4494/5547/4482
f 4494/5547/4482 4859/5933/4847 5114/6196/5102
f 4859/5933/4847 4494/5547/4482 4493/5546/4481
f 4144/5176/4132 5115/6197/5103 4142/5174/4130
f 5115/6197/5103 4144/5176/4132 4146/5178/4134
f 4146/5178/4134 4866/5940/4854 5115/6197/5103
f 4866/5940/4854 4146/5178/4134 4148/5180/4136
f 4148/5180/4136 4864/5938/4852 4866/5940/4854
f 4864/5938/4852 4148/5180/4136 4150/5182/4138
f 4150/5182/4138 5064/6198/5052 4864/5938/4852
f 5064/6198/5052 4150/5182/4138 4152/5184/4140
f 4152/5184/4140 5066/6199/5054 5064/6198/5052
f 5066/6199/5054 4152/5184/4140 4154/5186/4142
f 4154/5186/4142 5068/6151/5056 5066/6199/5054
f 5116/6200/5104 5117/6201/5105 5118/6202/5106
f 5117/6201/5105 5116/6200/5104 5119/6203/5107
f 5119/6203/5107 5120/6204/5108 5117/6201/5105
f 5120/6204/5108 5119/6203/5107 5121/6205/5109
f 5121/6205/5109 5122/6206/5110 5120/6204/5108
f 5122/6206/5110 5121/6205/5109 5123/6207/5111
f 5123/6207/5111 5124/6208/5112 5122/6206/5110
f 5123/6207/5111 5125/6209/5113 5124/6208/5112
f 5125/6209/5113 5123/6207/5111 5126/6210/5114
f 5125/6209/5113 5126/6210/5114 5127/6211/5115
f 5125/6209/5113 5127/6211/5115 5128/6212/5116
f 5125/6209/5113 5128/6212/5116 5129/6213/5117
f 5129/6213/5117 5124/6208/5112 5125/6209/5113
f 5128/6212/5116 5130/6214/5118 5129/6213/5117
f 5130/6214/5118 5128/6212/5116 5131/6215/5119
f 5131/6215/5119 5132/6216/5120 5130/6214/5118
f 5132/6216/5120 5131/6215/5119 5133/6217/5121
f 5133/6217/5121 5134/6218/5122 5132/6216/5120
f 5134/6218/5122 5133/6217/5121 5135/6219/5123
f 5135/6219/5123 5136/6220/5124 5134/6218/5122
f 5136/6220/5124 5135/6219/5123 5137/6221/5125
f 5137/6221/5125 5138/6222/5126 5136/6220/5124
f 5137/6221/5125 5139/6223/5127 5138/6222/5126
f 5139/6223/5127 5137/6221/5125 5140/6224/5128
f 5140/6224/5128 5141/6225/5129 5139/6223/5127
f 5141/6225/5129 5140/6224/5128 5142/6226/5130
f 5142/6226/5130 5143/6227/5131 5141/6225/5129
f 5143/6227/5131 5142/6226/5130 5144/6228/5132
f 5144/6228/5132 5145/6229/5133 5143/6227/5131
f 5135/6219/5123 5146/6230/5134 5137/6221/5125
f 5146/6230/5134 5135/6219/5123 5133/6217/5121
f 5133/6217/5121 5147/6231/5135 5146/6230/5134
f 5147/6231/5135 5133/6217/5121 5131/6215/5119
f 5131/6215/5119 5148/6232/5136 5147/6231/5135
f 5148/6232/5136 5131/6215/5119 5128/6212/5116
f 5148/6232/5136 5128/6212/5116 5127/6211/5115
f 5127/6211/5115 4837/5911/4825 5148/6232/5136
f 4837/5911/4825 5127/6211/5115 5149/6233/5137
f 5149/6233/5137 4839/5913/4827 4837/5911/4825
f 4839/5913/4827 5149/6233/5137 5150/6234/5138
f 5150/6234/5138 4841/5915/4829 4839/5913/4827
f 5150/6234/5138 4843/5917/4831 4841/5915/4829
f 4843/5917/4831 5150/6234/5138 5151/6235/5139
f 5151/6235/5139 4845/5919/4833 4843/5917/4831
f 4845/5919/4833 5151/6235/5139 5152/6236/5140
f 5152/6236/5140 4847/5921/4835 4845/5919/4833
f 4847/5921/4835 5152/6236/5140 5153/6237/5141
f 5153/6237/5141 4849/5923/4837 4847/5921/4835
f 5153/6237/5141 4851/5925/4839 4849/5923/4837
f 4851/5925/4839 5153/6237/5141 5154/6238/5142
f 5154/6238/5142 4853/5927/4841 4851/5925/4839
f 5154/6238/5142 4855/5929/4843 4853/5927/4841
f 4855/5929/4843 5154/6238/5142 5155/6239/5143
f 5155/6239/5143 4857/5931/4845 4855/5929/4843
f 4857/5931/4845 5155/6239/5143 5114/6196/5102
f 5114/6196/5102 4859/5933/4847 4857/5931/4845
f 5148/6232/5136 4837/5911/4825 4835/5909/4823
f 4835/5909/4823 5147/6231/5135 5148/6232/5136
f 5147/6231/5135 4835/5909/4823 4833/5907/4821
f 4833/5907/4821 5156/6240/5144 5147/6231/5135
f 5156/6240/5144 4833/5907/4821 4831/5905/4819
f 4831/5905/4819 5157/6241/5145 5156/6240/5144
f 5157/6241/5145 4831/5905/4819 4829/5903/4817
f 4829/5903/4817 5158/6242/5146 5157/6241/5145
f 5158/6242/5146 4829/5903/4817 4827/5901/4815
f 4827/5901/4815 5159/6243/5147 5158/6242/5146
f 5159/6243/5147 4827/5901/4815 4825/5899/4813
f 4825/5899/4813 5160/6244/5148 5159/6243/5147
f 5160/6244/5148 4825/5899/4813 4822/5896/4810
f 4822/5896/4810 5161/6245/5149 5160/6244/5148
f 5161/6245/5149 4822/5896/4810 5092/6174/5080
f 5161/6245/5149 5092/6174/5080 5094/6176/5082
f 5094/6176/5082 5162/6246/5150 5161/6245/5149
f 5162/6246/5150 5094/6176/5082 5096/6178/5084
f 5096/6178/5084 5113/6195/5101 5162/6246/5150
f 5113/6195/5101 5096/6178/5084 5098/6180/5086
f 4501/5554/4489 4128/5160/4116 4130/5162/4118
f 4130/5162/4118 4500/5553/4488 4501/5554/4489
f 4500/5553/4488 4130/5162/4118 4132/5164/4120
f 4500/5553/4488 4132/5164/4120 5163/6247/5151
f 5163/6247/5151 4499/5552/4487 4500/5553/4488
f 4499/5552/4487 5163/6247/5151 5164/6248/5152
f 5164/6248/5152 4498/5551/4486 4499/5552/4487
f 4498/5551/4486 5164/6248/5152 5057/6136/5045
f 5057/6136/5045 4496/5549/4484 4498/5551/4486
f 4496/5549/4484 5057/6136/5045 5056/6135/5044
f 5056/6135/5044 4497/5550/4485 4496/5549/4484
f 4497/5550/4485 5056/6135/5044 5054/6133/5042
f 5054/6133/5042 4511/5564/4499 4497/5550/4485
f 4511/5564/4499 5054/6133/5042 5058/6137/5046
f 5058/6137/5046 4510/5563/4498 4511/5564/4499
f 4510/5563/4498 5058/6137/5046 5059/6138/5047
f 5059/6138/5047 4509/5562/4497 4510/5563/4498
f 4509/5562/4497 5059/6138/5047 5060/6139/5048
f 5060/6139/5048 4508/5561/4496 4509/5562/4497
f 4508/5561/4496 5060/6139/5048 5045/6124/5033
f 5045/6124/5033 4507/5560/4495 4508/5561/4496
f 4507/5560/4495 5045/6124/5033 5042/6121/5030
f 5042/6121/5030 4506/5559/4494 4507/5560/4495
f 4506/5559/4494 5042/6121/5030 5044/6123/5032
f 5044/6123/5032 4505/5558/4493 4506/5559/4494
f 4505/5558/4493 5044/6123/5032 5165/6249/5153
f 5165/6249/5153 4504/5557/4492 4505/5558/4493
f 4504/5557/4492 5165/6249/5153 5166/6250/5154
f 5166/6250/5154 4503/5556/4491 4504/5557/4492
f 5166/6250/5154 4502/5555/4490 4503/5556/4491
f 4502/5555/4490 5166/6250/5154 4118/5150/4106
f 4118/5150/4106 4120/5152/4108 4502/5555/4490
f 4116/5148/4104 4118/5150/4106 5166/6250/5154
f 5166/6250/5154 4114/5146/4102 4116/5148/4104
f 4114/5146/4102 5166/6250/5154 5165/6249/5153
f 5165/6249/5153 4112/5144/4100 4114/5146/4102
f 4112/5144/4100 5165/6249/5153 5044/6123/5032
f 5044/6123/5032 4109/5141/4097 4112/5144/4100
f 4109/5141/4097 5044/6123/5032 5043/6122/5031
f 5043/6122/5031 4110/5142/4098 4109/5141/4097
f 4110/5142/4098 5043/6122/5031 5046/6125/5034
f 4110/5142/4098 5046/6125/5034 5167/6251/5155
f 5167/6251/5155 5109/6191/5097 4110/5142/4098
f 5109/6191/5097 5167/6251/5155 5168/6252/5156
f 5168/6252/5156 5062/6141/5050 5109/6191/5097
f 5168/6252/5156 4865/5939/4853 5062/6141/5050
f 5168/6252/5156 4866/5940/4854 4865/5939/4853
f 4866/5940/4854 5168/6252/5156 5169/6253/5157
f 5169/6253/5157 5115/6197/5103 4866/5940/4854
f 5169/6253/5157 4142/5174/4130 5115/6197/5103
f 4142/5174/4130 5169/6253/5157 5053/6132/5041
f 5053/6132/5041 4140/5172/4128 4142/5174/4130
f 4140/5172/4128 5053/6132/5041 5055/6134/5043
f 5055/6134/5043 4138/5170/4126 4140/5172/4128
f 4138/5170/4126 5055/6134/5043 5057/6136/5045
f 5057/6136/5045 4136/5168/4124 4138/5170/4126
f 4136/5168/4124 5057/6136/5045 5164/6248/5152
f 5164/6248/5152 4134/5166/4122 4136/5168/4124
f 4134/5166/4122 5164/6248/5152 5163/6247/5151
f 5163/6247/5151 4132/5164/4120 4134/5166/4122
f 5169/6253/5157 5052/6131/5040 5053/6132/5041
f 5052/6131/5040 5169/6253/5157 5168/6252/5156
f 5168/6252/5156 5050/6129/5038 5052/6131/5040
f 5050/6129/5038 5168/6252/5156 5167/6251/5155
f 5167/6251/5155 5048/6127/5036 5050/6129/5038
f 5048/6127/5036 5167/6251/5155 5046/6125/5034
f 5070/6152/5058 4153/5185/4141 4151/5183/4139
f 4151/5183/4139 5071/6153/5059 5070/6152/5058
f 5071/6153/5059 4151/5183/4139 4149/5181/4137
f 4149/5181/4137 5072/6154/5060 5071/6153/5059
f 5072/6154/5060 4149/5181/4137 4147/5179/4135
f 4147/5179/4135 5073/6155/5061 5072/6154/5060
f 5073/6155/5061 4147/5179/4135 4145/5177/4133
f 4145/5177/4133 5074/6156/5062 5073/6155/5061
f 5074/6156/5062 4145/5177/4133 4143/5175/4131
f 5074/6156/5062 4143/5175/4131 4141/5173/4129
f 4141/5173/4129 5075/6157/5063 5074/6156/5062
f 5075/6157/5063 4141/5173/4129 4139/5171/4127
f 4139/5171/4127 5076/6158/5064 5075/6157/5063
f 5076/6158/5064 4139/5171/4127 4137/5169/4125
f 4137/5169/4125 5077/6159/5065 5076/6158/5064
f 5077/6159/5065 4137/5169/4125 4135/5167/4123
f 4135/5167/4123 5078/6160/5066 5077/6159/5065
f 5078/6160/5066 4135/5167/4123 4133/5165/4121
f 4133/5165/4121 5079/6161/5067 5078/6160/5066
f 5079/6161/5067 4133/5165/4121 4131/5163/4119
f 4131/5163/4119 5080/6162/5068 5079/6161/5067
f 5080/6162/5068 4131/5163/4119 4129/5161/4117
f 4129/5161/4117 5081/6163/5069 5080/6162/5068
f 5081/6163/5069 4129/5161/4117 4127/5159/4115
f 4127/5159/4115 5082/6164/5070 5081/6163/5069
f 5082/6164/5070 4127/5159/4115 4125/5157/4113
f 4125/5157/4113 5083/6165/5071 5082/6164/5070
f 5083/6165/5071 4125/5157/4113 4123/5155/4111
f 4123/5155/4111 5084/6166/5072 5083/6165/5071
f 5084/6166/5072 4123/5155/4111 4121/5153/4109
f 4121/5153/4109 5085/6167/5073 5084/6166/5072
f 5085/6167/5073 4121/5153/4109 4119/5151/4107
f 4119/5151/4107 5086/6168/5074 5085/6167/5073
f 5086/6168/5074 4119/5151/4107 4117/5149/4105
f 4117/5149/4105 5087/6169/5075 5086/6168/5074
f 5087/6169/5075 4117/5149/4105 4115/5147/4103
f 4115/5147/4103 5088/6170/5076 5087/6169/5075
f 5088/6170/5076 4115/5147/4103 4113/5145/4101
f 4113/5145/4101 5089/6171/5077 5088/6170/5076
f 5089/6171/5077 4113/5145/4101 4111/5143/4099
f 5089/6171/5077 4111/5143/4099 4108/5140/4096
f 4108/5140/4096 5112/6194/5100 5089/6171/5077
f 5112/6194/5100 4108/5140/4096 5107/6189/5095
f 5107/6189/5095 5111/6193/5099 5112/6194/5100
f 5111/6193/5099 5107/6189/5095 5105/6187/5093
f 5105/6187/5093 5110/6192/5098 5111/6193/5099
f 5110/6192/5098 5105/6187/5093 5103/6185/5091
f 5103/6185/5091 5101/6183/5089 5110/6192/5098
f 5170/6254/5158 5171/6255/5159 5172/6256/5160
f 5171/6255/5159 5170/6254/5158 5173/6257/5161
f 5173/6257/5161 5174/6258/5162 5171/6255/5159
f 5174/6258/5162 5173/6257/5161 5175/6259/5163
f 5176/6260/5164 5177/6261/5165 5178/6262/5164
f 5177/6261/5165 5176/6260/5164 5179/6263/5166
f 5179/6263/5166 5180/6264/5167 5177/6261/5165
f 5180/6264/5167 5179/6263/5166 5181/6265/5168
f 4799/5873/4787 5017/6096/5005 5015/6094/5003
f 5015/6094/5003 4798/5872/4786 4799/5873/4787
f 4798/5872/4786 5015/6094/5003 5013/6092/5001
f 5013/6092/5001 4797/5871/4785 4798/5872/4786
f 4797/5871/4785 5013/6092/5001 5011/6090/4999
f 5011/6090/4999 4796/5870/4784 4797/5871/4785
f 4796/5870/4784 5011/6090/4999 5010/6089/4998
f 5010/6089/4998 4795/5869/4783 4796/5870/4784
f 4795/5869/4783 5010/6089/4998 5008/6087/4996
f 5008/6087/4996 4794/5868/4782 4795/5869/4783
f 4794/5868/4782 5008/6087/4996 5006/6085/4994
f 5006/6085/4994 4793/5867/4781 4794/5868/4782
f 4793/5867/4781 5006/6085/4994 5004/6083/4992
f 5004/6083/4992 4792/5866/4780 4793/5867/4781
f 4792/5866/4780 5004/6083/4992 5002/6081/4990
f 5002/6081/4990 4791/5865/4779 4792/5866/4780
f 4791/5865/4779 5002/6081/4990 5001/6080/4989
f 5001/6080/4989 4790/5864/4778 4791/5865/4779
f 4790/5864/4778 5001/6080/4989 4996/6075/4984
f 4996/6075/4984 4789/5863/4777 4790/5864/4778
f 4789/5863/4777 4996/6075/4984 4994/6073/4982
f 4994/6073/4982 4788/5862/4776 4789/5863/4777
f 4788/5862/4776 4994/6073/4982 4992/6071/4980
f 4992/6071/4980 4787/5861/4775 4788/5862/4776
f 4787/5861/4775 4992/6071/4980 4990/6069/4978
f 4990/6069/4978 4785/5859/4773 4787/5861/4775
f 4785/5859/4773 4990/6069/4978 4989/6068/4977
f 4989/6068/4977 4786/5860/4774 4785/5859/4773
f 4786/5860/4774 4989/6068/4977 5182/6266/5169
f 5182/6266/5169 4805/5879/4793 4786/5860/4774
f 5183/6267/5170 5184/6268/5171 5185/6269/5172
f 5184/6268/5171 5183/6267/5170 5186/6270/5173
f 5186/6270/5173 4870/6271/4858 5184/6268/5171
f 4870/6271/4858 5186/6270/5173 4868/6272/4856
f 5187/6273/5174 5188/6274/5175 5189/6275/5176
f 5189/6275/5176 5190/6276/5177 5187/6273/5174
f 5190/6276/5177 5189/6275/5176 5191/6277/5178
f 5191/6277/5178 5192/6278/5179 5190/6276/5177
f 5193/6279/5180 5194/6280/5180 5195/6281/5181
f 5195/6281/5181 5196/6282/5182 5193/6279/5180
f 5196/6282/5182 5195/6281/5181 5197/6283/5183
f 5197/6283/5183 5198/6284/5184 5196/6282/5182
f 5145/6229/5133 4489/5542/4477 4488/5541/4476
f 4488/5541/4476 5143/6227/5131 5145/6229/5133
f 5143/6227/5131 4488/5541/4476 4487/5540/4475
f 4487/5540/4475 5141/6225/5129 5143/6227/5131
f 5141/6225/5129 4487/5540/4475 4486/5539/4474
f 4486/5539/4474 5139/6223/5127 5141/6225/5129
f 5139/6223/5127 4486/5539/4474 4485/5538/4473
f 4485/5538/4473 5138/6222/5126 5139/6223/5127
f 5138/6222/5126 4485/5538/4473 4484/5537/4472
f 4484/5537/4472 5136/6220/5124 5138/6222/5126
f 5136/6220/5124 4484/5537/4472 4483/5536/4471
f 4483/5536/4471 5134/6218/5122 5136/6220/5124
f 5134/6218/5122 4483/5536/4471 4482/5535/4470
f 4482/5535/4470 5132/6216/5120 5134/6218/5122
f 5132/6216/5120 4482/5535/4470 4481/5534/4469
f 4481/5534/4469 5130/6214/5118 5132/6216/5120
f 5130/6214/5118 4481/5534/4469 4480/5533/4468
f 4480/5533/4468 5129/6213/5117 5130/6214/5118
f 5129/6213/5117 4480/5533/4468 4479/5532/4467
f 4479/5532/4467 5124/6208/5112 5129/6213/5117
f 5124/6208/5112 4479/5532/4467 4478/5531/4466
f 4478/5531/4466 5122/6206/5110 5124/6208/5112
f 5122/6206/5110 4478/5531/4466 4477/5530/4465
f 4477/5530/4465 5120/6204/5108 5122/6206/5110
f 5120/6204/5108 4477/5530/4465 4476/5529/4464
f 4476/5529/4464 5117/6201/5105 5120/6204/5108
f 5117/6201/5105 4476/5529/4464 4475/5528/4463
f 4475/5528/4463 5118/6202/5106 5117/6201/5105
f 5118/6202/5106 4475/5528/4463 4495/5548/4483
f 4495/5548/4483 5199/6285/5185 5118/6202/5106
f 5200/6286/5186 5201/6287/5187 5202/6288/5188
f 5202/6288/5188 5203/6289/5189 5200/6286/5186
f 5203/6289/5189 5202/6288/5188 4874/6290/4862
f 4874/6290/4862 4873/6291/4861 5203/6289/5189
f 4710/5784/4698 5204/6292/5190 5205/6293/5191
f 5204/6292/5190 4710/5784/4698 4712/5786/4700
f 5204/6292/5190 4712/5786/4700 4714/5788/4702
f 4714/5788/4702 5206/6294/5192 5204/6292/5190
f 5206/6294/5192 4714/5788/4702 4716/5790/4704
f 5206/6294/5192 4716/5790/4704 4718/5792/4706
f 4718/5792/4706 5207/6295/5193 5206/6294/5192
f 5207/6295/5193 4718/5792/4706 4720/5794/4708
f 4720/5794/4708 5208/6296/5194 5207/6295/5193
f 5208/6296/5194 4720/5794/4708 4682/5756/4670
f 5208/6296/5194 4682/5756/4670 4681/5755/4669
f 5208/6296/5194 4681/5755/4669 4684/5758/4672
f 4684/5758/4672 5209/6297/5195 5208/6296/5194
f 5209/6297/5195 4684/5758/4672 4686/5760/4674
f 4686/5760/4674 5210/6298/5196 5209/6297/5195
f 5210/6298/5196 4686/5760/4674 4688/5762/4676
f 4688/5762/4676 5211/6299/5197 5210/6298/5196
f 5211/6299/5197 4688/5762/4676 4690/5764/4678
f 4690/5764/4678 5212/6300/5198 5211/6299/5197
f 5212/6300/5198 4690/5764/4678 4692/5766/4680
f 4692/5766/4680 5213/6301/5199 5212/6300/5198
f 5213/6301/5199 4692/5766/4680 4694/5768/4682
f 4694/5768/4682 5214/6302/5200 5213/6301/5199
f 5214/6302/5200 4694/5768/4682 4696/5770/4684
f 4696/5770/4684 5215/6303/5201 5214/6302/5200
f 5215/6303/5201 4696/5770/4684 4698/5772/4686
f 4698/5772/4686 5216/6304/5202 5215/6303/5201
f 5216/6304/5202 4698/5772/4686 4700/5774/4688
f 4700/5774/4688 5217/6305/5203 5216/6304/5202
f 5217/6305/5203 4700/5774/4688 4702/5776/4690
f 4702/5776/4690 5218/6306/5204 5217/6305/5203
f 5218/6306/5204 4702/5776/4690 4704/5778/4692
f 5218/6306/5204 4704/5778/4692 4706/5780/4694
f 4706/5780/4694 5205/6293/5191 5218/6306/5204
f 5205/6293/5191 4706/5780/4694 4708/5782/4696
f 4708/5782/4696 4710/5784/4698 5205/6293/5191
f 4985/6062/4973 5219/6307/5205 4799/5873/4787
f 5219/6307/5205 4985/6062/4973 5034/6113/5022
f 5034/6113/5022 5220/6308/5206 5219/6307/5205
f 5220/6308/5206 5034/6113/5022 5033/6112/5021
f 5033/6112/5021 5221/6309/5207 5220/6308/5206
f 5221/6309/5207 5033/6112/5021 5032/6111/5020
f 5032/6111/5020 5222/6310/5208 5221/6309/5207
f 5222/6310/5208 5032/6111/5020 5031/6110/5019
f 5031/6110/5019 5223/6311/5209 5222/6310/5208
f 5223/6311/5209 5031/6110/5019 5030/6109/5018
f 5030/6109/5018 5224/6312/5210 5223/6311/5209
f 5224/6312/5210 5030/6109/5018 5029/6108/5017
f 5029/6108/5017 5225/6313/5211 5224/6312/5210
f 5225/6313/5211 5029/6108/5017 5028/6107/5016
f 5225/6313/5211 5028/6107/5016 5019/6098/5007
f 5225/6313/5211 5019/6098/5007 5018/6097/5006
f 5018/6097/5006 5224/6312/5210 5225/6313/5211
f 5224/6312/5210 5018/6097/5006 5009/6088/4997
f 5009/6088/4997 5223/6311/5209 5224/6312/5210
f 5223/6311/5209 5009/6088/4997 5012/6091/5000
f 5012/6091/5000 5222/6310/5208 5223/6311/5209
f 5222/6310/5208 5012/6091/5000 5014/6093/5002
f 5014/6093/5002 5221/6309/5207 5222/6310/5208
f 5221/6309/5207 5014/6093/5002 5016/6095/5004
f 5016/6095/5004 5220/6308/5206 5221/6309/5207
f 5220/6308/5206 5016/6095/5004 5017/6096/5005
f 5017/6096/5005 5219/6307/5205 5220/6308/5206
f 5219/6307/5205 5017/6096/5005 4799/5873/4787
f 4986/6063/4974 5226/6314/5212 5027/6106/5015
f 5226/6314/5212 4986/6063/4974 4805/5879/4793
f 5226/6314/5212 4805/5879/4793 5182/6266/5169
f 5226/6314/5212 5182/6266/5169 5227/6315/5213
f 5227/6315/5213 5027/6106/5015 5226/6314/5212
f 5227/6315/5213 5026/6105/5014 5027/6106/5015
f 5026/6105/5014 5227/6315/5213 5228/6316/5214
f 5228/6316/5214 5025/6104/5013 5026/6105/5014
f 5025/6104/5013 5228/6316/5214 5229/6317/5215
f 5229/6317/5215 5024/6103/5012 5025/6104/5013
f 5024/6103/5012 5229/6317/5215 5230/6318/5216
f 5230/6318/5216 5023/6102/5011 5024/6103/5012
f 5023/6102/5011 5230/6318/5216 5231/6319/5217
f 5231/6319/5217 5022/6101/5010 5023/6102/5011
f 5022/6101/5010 5231/6319/5217 5232/6320/5218
f 5232/6320/5218 5021/6100/5009 5022/6101/5010
f 5232/6320/5218 4999/6078/4987 5021/6100/5009
f 5232/6320/5218 4998/6077/4986 4999/6078/4987
f 4998/6077/4986 5232/6320/5218 5231/6319/5217
f 5231/6319/5217 4995/6074/4983 4998/6077/4986
f 4995/6074/4983 5231/6319/5217 5230/6318/5216
f 5230/6318/5216 4993/6072/4981 4995/6074/4983
f 4993/6072/4981 5230/6318/5216 5229/6317/5215
f 5229/6317/5215 4991/6070/4979 4993/6072/4981
f 4991/6070/4979 5229/6317/5215 5228/6316/5214
f 5228/6316/5214 4988/6067/4976 4991/6070/4979
f 4988/6067/4976 5228/6316/5214 5227/6315/5213
f 5227/6315/5213 4989/6068/4977 4988/6067/4976
f 4989/6068/4977 5227/6315/5213 5182/6266/5169
f 4401/5454/4389 5233/6321/5219 5234/6322/5220
f 5233/6321/5219 4401/5454/4389 4399/5452/4387
f 4399/5452/4387 5235/6323/5221 5233/6321/5219
f 5235/6323/5221 4399/5452/4387 4397/5450/4385
f 5235/6323/5221 4397/5450/4385 4395/5448/4383
f 4395/5448/4383 5236/6324/5222 5235/6323/5221
f 5236/6324/5222 4395/5448/4383 4393/5446/4381
f 4393/5446/4381 5237/6325/5223 5236/6324/5222
f 5237/6325/5223 4393/5446/4381 4391/5444/4379
f 4391/5444/4379 5238/6326/5224 5237/6325/5223
f 5238/6326/5224 4391/5444/4379 4389/5442/4377
f 4389/5442/4377 5239/6327/5225 5238/6326/5224
f 5239/6327/5225 4389/5442/4377 4387/5440/4375
f 4387/5440/4375 5240/6328/5226 5239/6327/5225
f 5240/6328/5226 4387/5440/4375 4385/5438/4373
f 4385/5438/4373 5241/6329/5227 5240/6328/5226
f 5241/6329/5227 4385/5438/4373 4383/5436/4371
f 4383/5436/4371 5242/6330/5228 5241/6329/5227
f 5242/6330/5228 4383/5436/4371 4381/5434/4369
f 4381/5434/4369 5243/6331/5229 5242/6330/5228
f 5243/6331/5229 4381/5434/4369 4379/5432/4367
f 4379/5432/4367 5244/6332/5230 5243/6331/5229
f 5244/6332/5230 4379/5432/4367 4377/5430/4365
f 4377/5430/4365 5245/6333/5231 5244/6332/5230
f 5245/6333/5231 4377/5430/4365 4375/5428/4363
f 5245/6333/5231 4375/5428/4363 4373/5426/4361
f 5245/6333/5231 4373/5426/4361 4370/5423/4358
f 4370/5423/4358 5246/6334/5232 5245/6333/5231
f 5246/6334/5232 4370/5423/4358 4411/5464/4399
f 5246/6334/5232 4411/5464/4399 4409/5462/4397
f 4409/5462/4397 5247/6335/5233 5246/6334/5232
f 5247/6335/5233 4409/5462/4397 4407/5460/4395
f 4407/5460/4395 5234/6322/5220 5247/6335/5233
f 5234/6322/5220 4407/5460/4395 4405/5458/4393
f 5234/6322/5220 4405/5458/4393 4403/5456/4391
f 4403/5456/4391 4401/5454/4389 5234/6322/5220
f 4489/5542/4477 5248/6336/5234 5113/6195/5101
f 5248/6336/5234 4489/5542/4477 5145/6229/5133
f 5145/6229/5133 5249/6337/5235 5248/6336/5234
f 5249/6337/5235 5145/6229/5133 5144/6228/5132
f 5144/6228/5132 5250/6338/5236 5249/6337/5235
f 5250/6338/5236 5144/6228/5132 5142/6226/5130
f 5142/6226/5130 5251/6339/5237 5250/6338/5236
f 5251/6339/5237 5142/6226/5130 5140/6224/5128
f 5140/6224/5128 5252/6340/5238 5251/6339/5237
f 5252/6340/5238 5140/6224/5128 5137/6221/5125
f 5137/6221/5125 5253/6341/5239 5252/6340/5238
f 5253/6341/5239 5137/6221/5125 5146/6230/5134
f 5146/6230/5134 5254/6342/5240 5253/6341/5239
f 5254/6342/5240 5146/6230/5134 5147/6231/5135
f 5254/6342/5240 5147/6231/5135 5156/6240/5144
f 5156/6240/5144 5253/6341/5239 5254/6342/5240
f 5253/6341/5239 5156/6240/5144 5157/6241/5145
f 5157/6241/5145 5252/6340/5238 5253/6341/5239
f 5252/6340/5238 5157/6241/5145 5158/6242/5146
f 5158/6242/5146 5251/6339/5237 5252/6340/5238
f 5251/6339/5237 5158/6242/5146 5159/6243/5147
f 5159/6243/5147 5250/6338/5236 5251/6339/5237
f 5250/6338/5236 5159/6243/5147 5160/6244/5148
f 5160/6244/5148 5249/6337/5235 5250/6338/5236
f 5249/6337/5235 5160/6244/5148 5161/6245/5149
f 5161/6245/5149 5248/6336/5234 5249/6337/5235
f 5248/6336/5234 5161/6245/5149 5162/6246/5150
f 5162/6246/5150 5113/6195/5101 5248/6336/5234
f 5114/6196/5102 5155/6239/5143 5255/6343/5241
f 5255/6343/5241 4495/5548/4483 5114/6196/5102
f 5255/6343/5241 5199/6285/5185 4495/5548/4483
f 5255/6343/5241 5256/6344/5242 5199/6285/5185
f 5256/6344/5242 5255/6343/5241 5155/6239/5143
f 5256/6344/5242 5155/6239/5143 5154/6238/5142
f 5154/6238/5142 5257/6345/5243 5256/6344/5242
f 5257/6345/5243 5154/6238/5142 5153/6237/5141
f 5153/6237/5141 5258/6346/5244 5257/6345/5243
f 5258/6346/5244 5153/6237/5141 5152/6236/5140
f 5152/6236/5140 5259/6347/5245 5258/6346/5244
f 5259/6347/5245 5152/6236/5140 5151/6235/5139
f 5151/6235/5139 5260/6348/5246 5259/6347/5245
f 5260/6348/5246 5151/6235/5139 5150/6234/5138
f 5150/6234/5138 5261/6349/5247 5260/6348/5246
f 5261/6349/5247 5150/6234/5138 5149/6233/5137
f 5261/6349/5247 5149/6233/5137 5127/6211/5115
f 5261/6349/5247 5127/6211/5115 5126/6210/5114
f 5126/6210/5114 5260/6348/5246 5261/6349/5247
f 5260/6348/5246 5126/6210/5114 5123/6207/5111
f 5123/6207/5111 5259/6347/5245 5260/6348/5246
f 5259/6347/5245 5123/6207/5111 5121/6205/5109
f 5121/6205/5109 5258/6346/5244 5259/6347/5245
f 5258/6346/5244 5121/6205/5109 5119/6203/5107
f 5119/6203/5107 5257/6345/5243 5258/6346/5244
f 5257/6345/5243 5119/6203/5107 5116/6200/5104
f 5116/6200/5104 5256/6344/5242 5257/6345/5243
f 5256/6344/5242 5116/6200/5104 5118/6202/5106
f 5118/6202/5106 5199/6285/5185 5256/6344/5242
f 5262/6350/5248 5263/6351/5249 5264/6352/5250
f 5264/6352/5250 5265/6353/5251 5262/6350/5248
f 5265/6353/5251 5264/6352/5250 5266/6354/5252
f 5266/6354/5252 5267/6355/5253 5265/6353/5251
f 5267/6355/5253 5266/6354/5252 5268/6356/5254
f 5267/6355/5253 5268/6356/5254 5269/6357/5255
f 5269/6357/5255 5270/6358/5256 5267/6355/5253
f 5270/6358/5256 5269/6357/5255 5271/6359/5257
f 5271/6359/5257 5272/6360/5258 5270/6358/5256
f 5271/6359/5257 5273/6361/5259 5272/6360/5258
f 5273/6361/5259 5271/6359/5257 5274/6362/5260
f 5273/6361/5259 5274/6362/5260 5275/6363/5261
f 5275/6363/5261 5276/6364/5262 5273/6361/5259
f 5276/6364/5262 5275/6363/5261 5277/6365/5263
f 5276/6364/5262 5277/6365/5263 5278/6366/5264
f 5276/6364/5262 5278/6366/5264 5279/6367/5265
f 5276/6364/5262 5279/6367/5265 5280/6368/5266
f 5280/6368/5266 5273/6361/5259 5276/6364/5262
f 5280/6368/5266 5272/6360/5258 5273/6361/5259
f 5272/6360/5258 5280/6368/5266 5281/6369/5267
f 5281/6369/5267 5270/6358/5256 5272/6360/5258
f 5281/6369/5267 5267/6355/5253 5270/6358/5256
f 5281/6369/5267 5265/6353/5251 5267/6355/5253
f 5281/6369/5267 5262/6350/5248 5265/6353/5251
f 5281/6369/5267 5282/6370/5268 5262/6350/5248
f 5282/6370/5268 5281/6369/5267 5280/6368/5266
f 5280/6368/5266 5283/6371/5269 5282/6370/5268
f 5283/6371/5269 5280/6368/5266 5279/6367/5265
f 5284/6372/5270 5263/6351/5249 5262/6350/5248
f 5262/6350/5248 5285/6373/5271 5284/6372/5270
f 5285/6373/5271 5262/6350/5248 5282/6370/5268
f 5282/6370/5268 5286/6374/5272 5285/6373/5271
f 5286/6374/5272 5282/6370/5268 5283/6371/5269
f 5283/6371/5269 5287/6375/5273 5286/6374/5272
f 5287/6375/5273 5283/6371/5269 5279/6367/5265
f 5279/6367/5265 5288/6376/5274 5287/6375/5273
f 5288/6376/5274 5279/6367/5265 5278/6366/5264
f 5288/6376/5274 5278/6366/5264 5289/6377/5275
f 5289/6377/5275 5290/6378/5276 5288/6376/5274
f 5290/6378/5276 5289/6377/5275 5291/6379/5277
f 5290/6378/5276 5291/6379/5277 5292/6380/5278
f 5290/6378/5276 5292/6380/5278 5293/6381/5279
f 5290/6378/5276 5293/6381/5279 5294/6382/5280
f 5294/6382/5280 5288/6376/5274 5290/6378/5276
f 5294/6382/5280 5287/6375/5273 5288/6376/5274
f 5294/6382/5280 5295/6383/5281 5287/6375/5273
f 5295/6383/5281 5294/6382/5280 5293/6381/5279
f 5295/6383/5281 5293/6381/5279 5296/6384/5282
f 5296/6384/5282 5297/6385/5283 5295/6383/5281
f 5297/6385/5283 5296/6384/5282 5298/6386/5284
f 5297/6385/5283 5298/6386/5284 5299/6387/5285
f 5297/6385/5283 5299/6387/5285 5284/6372/5270
f 5297/6385/5283 5284/6372/5270 5285/6373/5271
f 5285/6373/5271 5295/6383/5281 5297/6385/5283
f 5295/6383/5281 5285/6373/5271 5286/6374/5272
f 5286/6374/5272 5287/6375/5273 5295/6383/5281
f 2987/3685/3021 5300/6388/5286 2989/3687/3025
f 5300/6388/5286 2987/3685/3021 2984/3682/3021
f 2984/3682/3021 5301/6389/5287 5300/6388/5286
f 5301/6389/5287 2984/3682/3021 5302/6390/5288
f 5302/6390/5288 5303/6391/5289 5301/6389/5287
f 5304/6392/5290 5303/6393/5289 5305/6394/5291
f 5305/6394/5291 5306/6395/5292 5304/6392/5290
f 5306/6395/5292 5305/6394/5291 5307/6396/5293
f 5307/6396/5293 5308/6397/2744 5306/6395/5292
f 5308/6397/2744 5307/6396/5293 5309/6398/5294
f 5309/6398/5294 5310/6399/5295 5308/6397/2744
f 5310/6399/5295 5309/6398/5294 5311/6400/5296
f 5311/6400/5296 5312/6401/5297 5310/6399/5295
f 5312/6401/5297 5311/6400/5296 5313/6402/3023
f 5313/6402/3023 5314/6403/5298 5312/6401/5297
f 5314/6403/5298 5313/6402/3023 5315/6404/5299
f 5315/6404/5299 5316/6405/5300 5314/6403/5298
f 5316/6405/5300 5315/6404/5299 5317/6406/5301
f 5317/6406/5301 5318/6407/5302 5316/6405/5300
f 5318/6407/5302 5317/6406/5301 5319/6408/5303
f 5319/6408/5303 5320/6409/5304 5318/6407/5302
f 5320/6409/5304 5319/6408/5303 5321/6410/5305
f 5321/6410/5305 5322/6411/5306 5320/6409/5304
f 5322/6411/5306 5321/6410/5305 5323/6412/5307
f 5323/6412/5307 5324/6413/5308 5322/6411/5306
f 5324/6413/5308 5323/6412/5307 5325/6414/5309
f 5325/6414/5309 5326/6415/5310 5324/6413/5308
f 5326/6415/5310 5325/6414/5309 5327/6416/5311
f 5327/6416/5311 5328/6417/5312 5326/6415/5310
f 5328/6417/5312 5327/6416/5311 5329/6418/5313
f 5329/6418/5313 5330/6419/3376 5328/6417/5312
f 5330/6419/3376 5329/6418/5313 5331/6420/2782
f 5331/6420/2782 5332/6421/3376 5330/6419/3376
f 5332/6421/3376 5331/6420/2782 5333/6422/5314
f 5333/6422/5314 5334/6423/5315 5332/6421/3376
f 5334/6423/5315 5333/6422/5314 5335/6424/5316
f 5335/6424/5316 5336/6425/5317 5334/6423/5315
f 5336/6425/5317 5335/6424/5316 5337/6426/5318
f 5337/6426/5318 5338/6427/3376 5336/6425/5317
f 5338/6427/3376 5337/6426/5318 2997/3695/3033
f 2997/3695/3033 2993/3691/3029 5338/6427/3376
f 2993/3691/3029 2997/3695/3033 2995/3693/3031
f 5339/6428/5319 5340/6429/5320 5341/6430/5321
f 5340/6429/5320 5339/6428/5319 5342/6431/5322
f 5342/6431/5322 5343/6432/5323 5340/6429/5320
f 5343/6432/5323 5342/6431/5322 5344/6433/5324
f 5344/6433/5324 5345/6434/5325 5343/6432/5323
f 5345/6434/5325 5344/6433/5324 5346/6435/5326
f 5346/6435/5326 5347/6436/5327 5345/6434/5325
f 5347/6436/5327 5346/6435/5326 5348/6437/5328
f 5348/6437/5328 5349/6438/5329 5347/6436/5327
f 5349/6438/5329 5348/6437/5328 5350/6439/5330
f 5350/6439/5330 5351/6440/5331 5349/6438/5329
f 5351/6440/5331 5350/6439/5330 5352/6441/5332
f 5352/6441/5332 5353/6442/5333 5351/6440/5331
f 5353/6442/5333 5352/6441/5332 5354/6443/5334
f 5354/6443/5334 5355/6444/5335 5353/6442/5333
f 5355/6444/5335 5354/6443/5334 5356/6445/5336
f 5356/6445/5336 5357/6446/5337 5355/6444/5335
f 5357/6446/5337 5356/6445/5336 5358/6447/5338
f 5358/6447/5338 5359/6448/5339 5357/6446/5337
f 5359/6448/5339 5358/6447/5338 5360/6449/5340
f 5360/6449/5340 5361/6450/5341 5359/6448/5339
f 5361/6450/5341 5360/6449/5340 5362/6451/5342
f 5362/6451/5342 5363/6452/5343 5361/6450/5341
f 5363/6452/5343 5362/6451/5342 5364/6453/5344
f 5364/6453/5344 5365/6454/5345 5363/6452/5343
f 5365/6454/5345 5364/6453/5344 5366/6455/5346
f 5366/6455/5346 5367/6456/5347 5365/6454/5345
f 5367/6456/5347 5366/6455/5346 5368/6457/5348
f 5368/6457/5348 5369/6458/5349 5367/6456/5347
f 5369/6458/5349 5368/6457/5348 5370/6459/5350
f 5370/6459/5350 5341/6460/5321 5369/6458/5349
f 5341/6460/5321 5370/6459/5350 5339/6461/5319
f 3777/4693/3781 5371/6462/5351 3762/4694/3766
f 5371/6462/5351 3777/4693/3781 3778/4695/3782
f 5371/6462/5351 3778/4695/3782 5372/6463/5352
f 5372/6463/5352 5373/6464/5353 5371/6462/5351
f 5373/6464/5353 5372/6463/5352 5374/6465/5354
f 5374/6465/5354 3838/4789/3833 5373/6464/5353
f 5374/6465/5354 3839/4790/3834 3838/4789/3833
f 5374/6465/5354 3678/4592/3688 3839/4790/3834
f 5374/6465/5354 3680/4594/3690 3678/4592/3688
f 3680/4594/3690 5374/6465/5354 5375/6466/5355
f 5375/6466/5355 3679/4593/3689 3680/4594/3690
f 3679/4593/3689 5375/6466/5355 5376/6467/5356
f 5376/6467/5356 4086/5099/3492 3679/4593/3689
f 4086/5099/3492 5376/6467/5356 5377/6468/5357
f 5377/6468/5357 3637/4551/3649 4086/5099/3492
f 3637/4551/3649 5377/6468/5357 5378/6469/5358
f 5378/6469/5358 3635/4549/3647 3637/4551/3649
f 3635/4549/3647 5378/6469/5358 3828/4792/3823
f 3828/4792/3823 3638/4552/3650 3635/4549/3647
f 5379/6470/5359 5380/6471/5360 5355/6444/5335
f 5380/6471/5360 5379/6470/5359 5381/6472/5361
f 5381/6472/5361 5382/6473/5362 5380/6471/5360
f 5382/6473/5362 5381/6472/5361 5383/6474/5363
f 5383/6474/5363 5384/6475/5364 5382/6473/5362
f 5384/6475/5364 5383/6474/5363 5343/6432/5323
f 5385/6476/5365 5314/6477/5298 5386/6478/5366
f 5386/6478/5366 5387/6479/5367 5385/6476/5365
f 5388/6480/5368 5387/6481/5367 5389/6482/5369
f 5389/6482/5369 5322/6483/5306 5388/6480/5368
f 5390/6484/5370 5391/6485/5371 5392/6486/5372
f 5392/6486/5372 5393/6487/5373 5390/6484/5370
f 3760/4674/3764 3554/4444/3569 3552/4442/3567
f 3552/4442/3567 3727/4676/3731 3760/4674/3764
f 3727/4676/3731 3552/4442/3567 3550/4440/3565
f 3550/4440/3565 5394/6488/5374 3727/4676/3731
f 5394/6488/5374 3550/4440/3565 3548/4438/3563
f 3548/4438/3563 5395/6489/5375 5394/6488/5374
f 5395/6489/5375 3548/4438/3563 3546/4436/3561
f 3546/4436/3561 5396/6490/5376 5395/6489/5375
f 5396/6490/5376 3546/4436/3561 3545/4435/3560
f 3545/4435/3560 5397/6491/5377 5396/6490/5376
f 3545/4435/3560 5398/6492/5378 5397/6491/5377
f 5398/6492/5378 3545/4435/3560 3544/4434/3559
f 3544/4434/3559 3761/4677/3765 5398/6492/5378
f 5399/6493/5379 5397/6491/5377 5398/6492/5378
f 3724/4638/3728 3813/4754/2743 5400/6494/5380
f 5400/6494/5380 3726/4640/3730 3724/4638/3728
f 3726/4640/3730 5400/6494/5380 5401/6495/5381
f 5401/6495/5381 3725/4639/3729 3726/4640/3730
f 3725/4639/3729 5401/6495/5381 5402/6496/5382
f 5402/6496/5382 4062/5057/4054 3725/4639/3729
f 4062/5057/4054 5402/6496/5382 5403/6497/5383
f 5403/6497/5383 3683/4597/3693 4062/5057/4054
f 3683/4597/3693 5403/6497/5383 5404/6498/5384
f 5404/6498/5384 3681/4595/3691 3683/4597/3693
f 3681/4595/3691 5404/6498/5384 3802/4752/3804
f 3802/4752/3804 3684/4598/3694 3681/4595/3691
f 5405/6499/5385 5406/6500/5386 5400/6501/5380
f 5400/6501/5380 5407/6502/5387 5405/6499/5385
f 5407/6502/5387 5400/6501/5380 3813/4750/2743
f 3813/4750/2743 3812/4749/3064 5407/6502/5387
f 3763/4679/3767 3765/4681/3769 5408/6503/5388
f 5408/6503/5388 5404/6504/5384 3763/4679/3767
f 5404/6504/5384 5408/6503/5388 3803/4734/3805
f 3803/4734/3805 3802/4733/3804 5404/6504/5384
f 3829/4780/3824 3828/4779/3823 5378/6505/5358
f 5378/6505/5358 5409/6506/5389 3829/4780/3824
f 5409/6506/5389 5378/6505/5358 5410/6507/5390
f 5410/6507/5390 5411/6508/5391 5409/6506/5389
f 5411/6508/5391 5410/6507/5390 5406/6509/5386
f 5406/6509/5386 5405/6510/5385 5411/6508/5391
f 5412/6511/5392 5325/6512/5309 5323/6513/5307
f 5325/6512/5309 5412/6511/5392 5413/6514/5393
f 5413/6514/5393 5327/6515/5311 5325/6512/5309
f 5327/6515/5311 5413/6514/5393 5414/6516/5394
f 5414/6516/5394 5329/6517/5313 5327/6515/5311
f 5329/6517/5313 5414/6516/5394 5415/6518/5395
f 5415/6518/5395 5331/6519/2782 5329/6517/5313
f 5331/6519/2782 5415/6518/5395 5416/6520/5396
f 5416/6520/5396 5333/6521/5314 5331/6519/2782
f 5333/6521/5314 5416/6520/5396 5417/6522/5397
f 5417/6522/5397 5418/6523/5398 5333/6521/5314
f 5418/6523/5398 5417/6522/5397 3002/6524/3038
f 3002/6524/3038 2996/3702/3032 5418/6523/5398
f 5419/6525/5399 5315/6526/5299 5313/6527/3023
f 5313/6527/3023 5420/6528/5400 5419/6525/5399
f 5420/6528/5400 5313/6527/3023 5311/6529/5296
f 5311/6529/5296 5421/6530/5401 5420/6528/5400
f 5421/6530/5401 5311/6529/5296 5309/6531/5294
f 5309/6531/5294 5422/6532/5402 5421/6530/5401
f 5422/6532/5402 5309/6531/5294 5307/6533/5293
f 5307/6533/5293 5423/6534/5403 5422/6532/5402
f 5423/6534/5403 5307/6533/5293 5305/6535/5291
f 5305/6535/5291 5424/6536/5404 5423/6534/5403
f 5424/6536/5404 5305/6535/5291 5425/6537/5405
f 5425/6537/5405 5426/6538/5406 5424/6536/5404
f 5426/6538/5406 5425/6537/5405 2986/3701/3023
f 2986/3701/3023 3001/3700/3037 5426/6538/5406
f 5335/6424/5316 5333/6422/5314 5418/6539/5398
f 5418/6539/5398 5337/6426/5318 5335/6424/5316
f 5337/6426/5318 5418/6539/5398 2996/3694/3032
f 2996/3694/3032 2997/3695/3033 5337/6426/5318
f 5303/6393/5289 5425/6540/5405 5305/6394/5291
f 5425/6540/5405 5303/6393/5289 5302/6390/5288
f 5302/6390/5288 2986/3684/3023 5425/6540/5405
f 2986/3684/3023 5302/6390/5288 2984/3682/3021
f 5427/6541/5407 3141/3901/3167 3135/3893/3161
f 3141/3901/3167 5427/6541/5407 5428/6542/5408
f 5428/6542/5408 3140/3900/3166 3141/3901/3167
f 3140/3900/3166 5428/6542/5408 5426/6543/5406
f 5426/6543/5406 3001/3899/3037 3140/3900/3166
f 5429/6544/5409 5430/6545/5410 5431/6546/5411
f 5431/6546/5411 5432/6547/5412 5429/6544/5409
f 5432/6547/5412 5431/6546/5411 5433/6548/5413
f 5433/6548/5413 5434/6549/5414 5432/6547/5412
f 5434/6549/5414 5433/6548/5413 5435/6550/5415
f 5435/6550/5415 5436/6551/5416 5434/6549/5414
f 5436/6551/5416 5435/6550/5415 5437/6552/2743
f 5437/6552/2743 5438/6553/5417 5436/6551/5416
f 5438/6553/5417 5437/6552/2743 3007/3710/3043
f 3007/3710/3043 2929/3712/2966 5438/6553/5417
f 2928/3617/2965 5438/6554/5417 2929/3618/2966
f 5438/6554/5417 2928/3617/2965 2927/3616/2964
f 2927/3616/2964 5436/6555/5416 5438/6554/5417
f 2926/3615/2963 5439/6556/5418 2927/6557/2964
f 5439/6556/5418 2926/3615/2963 2924/3613/2961
f 2924/3613/2961 5440/6558/5419 5439/6556/5418
f 5440/6558/5419 2924/3613/2961 2923/3612/2960
f 2923/3612/2960 5441/6559/5420 5440/6558/5419
f 2923/3612/2960 5442/6560/5421 5441/6559/5420
f 5442/6560/5421 2923/3612/2960 2921/3610/2958
f 5442/6560/5421 2921/3610/2958 2920/3609/2957
f 2920/3609/2957 5443/6561/5422 5442/6560/5421
f 5443/6561/5422 2920/3609/2957 3108/3858/3139
f 3108/3858/3139 5444/6562/5423 5443/6561/5422
f 5444/6562/5423 3108/3858/3139 3110/3860/3141
f 3110/3860/3141 5445/6563/5424 5444/6562/5423
f 5445/6563/5424 3110/3860/3141 3112/3862/3143
f 5445/6563/5424 3112/3862/3143 3007/3864/3043
f 5445/6563/5424 3007/3864/3043 5437/6564/2743
f 5437/6564/2743 5446/6565/5425 5445/6563/5424
f 5446/6565/5425 5437/6564/2743 5435/6566/5415
f 5435/6566/5415 5447/6567/5426 5446/6565/5425
f 5447/6567/5426 5435/6566/5415 5433/6568/5413
f 5433/6568/5413 5448/6569/5427 5447/6567/5426
f 5448/6569/5427 5433/6568/5413 5431/6570/5411
f 5448/6569/5427 5431/6570/5411 5430/6571/5410
f 5448/6569/5427 5430/6571/5410 5449/6572/5428
f 5449/6572/5428 5450/6573/5429 5448/6569/5427
f 5449/6572/5428 5451/6574/5430 5450/6573/5429
f 5451/6574/5430 5449/6572/5428 5452/6575/5431
f 5452/6575/5431 5453/6576/5432 5451/6574/5430
f 5453/6576/5432 5452/6575/5431 5454/6577/5433
f 5454/6577/5433 5391/6485/5371 5453/6576/5432
f 5391/6485/5371 5454/6577/5433 5392/6578/5372
f 5455/6579/5434 5456/6580/3490 5393/6487/5373
f 5456/6580/3490 5455/6579/5434 5457/6581/3089
f 5457/6581/3089 5458/6582/3089 5456/6580/3490
f 5457/6581/3089 5450/6573/5429 5458/6582/3089
f 5457/6581/3089 5448/6569/5427 5450/6573/5429
f 5448/6569/5427 5457/6581/3089 5459/6583/5435
f 5459/6583/5435 5447/6567/5426 5448/6569/5427
f 5447/6567/5426 5459/6583/5435 5460/6584/5436
f 5460/6584/5436 5446/6565/5425 5447/6567/5426
f 5460/6584/5436 5445/6563/5424 5446/6565/5425
f 5460/6584/5436 5444/6562/5423 5445/6563/5424
f 5444/6562/5423 5460/6584/5436 5461/6585/5437
f 5461/6585/5437 5443/6561/5422 5444/6562/5423
f 5443/6561/5422 5461/6585/5437 5462/6586/5438
f 5462/6586/5438 5442/6560/5421 5443/6561/5422
f 5462/6586/5438 5441/6559/5420 5442/6560/5421
f 5441/6559/5420 5462/6586/5438 5463/6587/5439
f 5463/6587/5439 5440/6558/5419 5441/6559/5420
f 5440/6558/5419 5463/6587/5439 5464/6588/5440
f 5464/6588/5440 5439/6556/5418 5440/6558/5419
f 5439/6556/5418 5464/6588/5440 5465/6589/5441
f 5465/6589/5441 2927/6557/2964 5439/6556/5418
f 2927/6557/2964 5465/6589/5441 5466/6590/5442
f 5466/6590/5442 5436/6555/5416 2927/6557/2964
f 5466/6590/5442 5434/6591/5414 5436/6555/5416
f 5434/6591/5414 5466/6590/5442 5467/6592/5443
f 5467/6592/5443 5432/6593/5412 5434/6591/5414
f 5467/6592/5443 5429/6594/5409 5432/6593/5412
f 5467/6592/5443 5468/6595/5444 5429/6594/5409
f 5467/6592/5443 5469/6596/5445 5468/6595/5444
f 5469/6596/5445 5467/6592/5443 5466/6590/5442
f 5469/6596/5445 5466/6590/5442 5465/6589/5441
f 5465/6589/5441 5470/6597/5446 5469/6596/5445
f 5470/6597/5446 5465/6589/5441 5464/6588/5440
f 5470/6597/5446 5464/6588/5440 5463/6587/5439
f 5470/6597/5446 5463/6587/5439 5471/6598/5447
f 5470/6597/5446 5471/6598/5447 5472/6599/5448
f 5472/6599/5448 5469/6596/5445 5470/6597/5446
f 5469/6596/5445 5472/6599/5448 5473/6600/5449
f 5473/6600/5449 5468/6595/5444 5469/6596/5445
f 5471/6598/5447 5474/6601/5450 5472/6599/5448
f 5474/6601/5450 5471/6598/5447 5475/6602/5451
f 5475/6602/5451 5476/6603/5452 5474/6601/5450
f 5476/6603/5452 5475/6602/5451 5455/6579/5434
f 5476/6603/5452 5455/6579/5434 5393/6604/5373
f 5393/6604/5373 5477/6605/5453 5476/6603/5452
f 5477/6605/5453 5393/6604/5373 5392/6578/5372
f 5392/6578/5372 5478/6606/5454 5477/6605/5453
f 5478/6606/5454 5392/6578/5372 5454/6577/5433
f 5454/6577/5433 5479/6607/5455 5478/6606/5454
f 5479/6607/5455 5454/6577/5433 5452/6575/5431
f 5479/6607/5455 5452/6575/5431 5449/6572/5428
f 5479/6607/5455 5449/6572/5428 5430/6571/5410
f 5430/6571/5410 5480/6608/5456 5479/6607/5455
f 5480/6608/5456 5430/6571/5410 5429/6609/5409
f 5480/6608/5456 5429/6609/5409 5468/6610/5444
f 5480/6608/5456 5468/6610/5444 5481/6611/5457
f 5481/6611/5457 5479/6607/5455 5480/6608/5456
f 5481/6611/5457 5478/6606/5454 5479/6607/5455
f 5478/6606/5454 5481/6611/5457 5482/6612/5458
f 5482/6612/5458 5477/6605/5453 5478/6606/5454
f 5482/6612/5458 5476/6603/5452 5477/6605/5453
f 5482/6612/5458 5474/6613/5450 5476/6603/5452
f 5482/6612/5458 5472/6614/5448 5474/6613/5450
f 5472/6614/5448 5482/6612/5458 5481/6611/5457
f 5481/6611/5457 5473/6615/5449 5472/6614/5448
f 5473/6615/5449 5481/6611/5457 5468/6610/5444
f 5471/6598/5447 5483/6616/5459 5475/6602/5451
f 5483/6616/5459 5471/6598/5447 5463/6587/5439
f 5483/6616/5459 5463/6587/5439 5462/6586/5438
f 5462/6586/5438 5484/6617/5460 5483/6616/5459
f 5484/6617/5460 5462/6586/5438 5461/6585/5437
f 5484/6617/5460 5461/6585/5437 5460/6584/5436
f 5484/6617/5460 5460/6584/5436 5459/6583/5435
f 5484/6617/5460 5459/6583/5435 5455/6579/5434
f 5455/6579/5434 5483/6616/5459 5484/6617/5460
f 5483/6616/5459 5455/6579/5434 5475/6602/5451
f 5457/6581/3089 5455/6579/5434 5459/6583/5435
f 5404/6498/5384 5403/6497/5383 5485/6618/5461
f 5485/6618/5461 3763/4823/3767 5404/6498/5384
f 3763/4823/3767 5485/6618/5461 5486/6619/5462
f 5486/6619/5462 3865/4824/3860 3763/4823/3767
f 3865/4824/3860 5486/6619/5462 5487/6620/5463
f 5487/6620/5463 3866/4825/3861 3865/4824/3860
f 5487/6620/5463 3868/4827/3863 3866/4825/3861
f 3868/4827/3863 5487/6620/5463 5488/6621/5464
f 5488/6621/5464 5489/6622/5465 3868/4827/3863
f 5488/6621/5464 5490/6623/5466 5489/6622/5465
f 5488/6621/5464 5491/6624/5467 5490/6623/5466
f 5491/6624/5467 5488/6621/5464 5487/6620/5463
f 5491/6624/5467 5487/6620/5463 5486/6619/5462
f 5486/6619/5462 5492/6625/5468 5491/6624/5467
f 5492/6625/5468 5486/6619/5462 5485/6618/5461
f 5492/6625/5468 5485/6618/5461 5403/6497/5383
f 5492/6625/5468 5403/6497/5383 5402/6496/5382
f 5402/6496/5382 5493/6626/5469 5492/6625/5468
f 5493/6626/5469 5402/6496/5382 5401/6495/5381
f 5493/6626/5469 5401/6495/5381 5400/6494/5380
f 5493/6626/5469 5400/6494/5380 5406/6627/5386
f 5493/6626/5469 5406/6627/5386 5494/6628/5470
f 5494/6628/5470 5492/6625/5468 5493/6626/5469
f 5494/6628/5470 5491/6624/5467 5492/6625/5468
f 5491/6624/5467 5494/6628/5470 5495/6629/5471
f 5495/6629/5471 5490/6623/5466 5491/6624/5467
f 5495/6629/5471 5489/6622/5465 5490/6623/5466
f 5495/6629/5471 5496/6630/5472 5489/6622/5465
f 5495/6629/5471 5497/6631/5473 5496/6630/5472
f 5497/6631/5473 5495/6629/5471 5494/6628/5470
f 5494/6628/5470 5498/6632/5474 5497/6631/5473
f 5498/6632/5474 5494/6628/5470 5406/6627/5386
f 5406/6627/5386 5499/6633/5475 5498/6632/5474
f 5499/6633/5475 5406/6627/5386 5410/6634/5390
f 5499/6633/5475 5410/6634/5390 5500/6635/5476
f 5499/6633/5475 5500/6635/5476 5501/6636/5477
f 5499/6633/5475 5501/6636/5477 5497/6631/5473
f 5497/6631/5473 5498/6632/5474 5499/6633/5475
f 5496/6630/5472 5497/6631/5473 5501/6636/5477
f 5501/6636/5477 5502/6637/5478 5496/6630/5472
f 5502/6637/5478 5501/6636/5477 3877/4836/3872
f 5502/6637/5478 3877/4836/3872 3875/4834/3870
f 3875/4834/3870 5503/6638/5479 5502/6637/5478
f 5503/6638/5479 3875/4834/3870 3873/4832/3868
f 5503/6638/5479 3873/4832/3868 3871/4830/3866
f 5503/6638/5479 3871/4830/3866 3869/4828/3864
f 5503/6638/5479 3869/4828/3864 5489/6622/5465
f 5489/6622/5465 5502/6637/5478 5503/6638/5479
f 5502/6637/5478 5489/6622/5465 5496/6630/5472
f 3868/4827/3863 5489/6622/5465 3869/4828/3864
f 3879/4838/3874 3877/4836/3872 5501/6636/5477
f 5501/6636/5477 5504/6639/3089 3879/4838/3874
f 5504/6639/3089 5501/6636/5477 5500/6635/5476
f 5500/6635/5476 5505/6640/5480 5504/6639/3089
f 5505/6640/5480 5500/6635/5476 5506/6641/5481
f 5506/6641/5481 5507/6642/5482 5505/6640/5480
f 5507/6642/5482 5506/6641/5481 5508/6643/5483
f 5508/6643/5483 5509/6644/5484 5507/6642/5482
f 5508/6643/5483 5510/6645/5485 5509/6644/5484
f 5510/6645/5485 5508/6643/5483 5506/6641/5481
f 5506/6641/5481 5511/6646/5486 5510/6645/5485
f 5511/6646/5486 5506/6641/5481 5500/6635/5476
f 5500/6635/5476 5512/6647/5487 5511/6646/5486
f 5512/6647/5487 5500/6635/5476 5410/6634/5390
f 5410/6634/5390 5513/6648/5488 5512/6647/5487
f 5513/6648/5488 5410/6634/5390 5378/6469/5358
f 5513/6648/5488 5378/6469/5358 5377/6468/5357
f 5377/6468/5357 5514/6649/5489 5513/6648/5488
f 5514/6649/5489 5377/6468/5357 5376/6467/5356
f 5376/6467/5356 5515/6650/5490 5514/6649/5489
f 5515/6650/5490 5376/6467/5356 5375/6466/5355
f 5515/6650/5490 5375/6466/5355 5374/6465/5354
f 5515/6650/5490 5374/6465/5354 5372/6463/5352
f 5372/6463/5352 5516/6651/5491 5515/6650/5490
f 5516/6651/5491 5372/6463/5352 3778/4695/3782
f 5516/6651/5491 3778/4695/3782 5517/6652/5492
f 5516/6651/5491 5517/6652/5492 5518/6653/5493
f 5518/6653/5493 5515/6650/5490 5516/6651/5491
f 5515/6650/5490 5518/6653/5493 5510/6645/5485
f 5510/6645/5485 5514/6649/5489 5515/6650/5490
f 5514/6649/5489 5510/6645/5485 5511/6646/5486
f 5511/6646/5486 5513/6648/5488 5514/6649/5489
f 5513/6648/5488 5511/6646/5486 5512/6647/5487
f 5509/6644/5484 5510/6645/5485 5518/6653/5493
f 5518/6653/5493 5519/6654/5494 5509/6644/5484
f 5519/6654/5494 5518/6653/5493 5517/6652/5492
f 5519/6654/5494 5517/6652/5492 5520/6655/5495
f 5520/6655/5495 5509/6644/5484 5519/6654/5494
f 5520/6655/5495 5507/6642/5482 5509/6644/5484
f 5507/6642/5482 5520/6655/5495 5521/6656/5496
f 5521/6656/5496 5505/6640/5480 5507/6642/5482
f 5521/6656/5496 5504/6639/3089 5505/6640/5480
f 5521/6656/5496 3879/4838/3874 5504/6639/3089
f 5521/6656/5496 3881/4840/3876 3879/4838/3874
f 3881/4840/3876 5521/6656/5496 5522/6657/5497
f 5522/6657/5497 3883/4842/3878 3881/4840/3876
f 5522/6657/5497 3776/4692/3780 3883/4842/3878
f 5522/6657/5497 3778/4695/3782 3776/4692/3780
f 5522/6657/5497 5520/6655/5495 3778/4695/3782
f 5520/6655/5495 5522/6657/5497 5521/6656/5496
f 5517/6652/5492 3778/4695/3782 5520/6655/5495
f 3914/4873/3909 3912/4871/3907 5523/6658/5498
f 5523/6658/5498 3923/4882/3918 3914/4873/3909
f 3923/4882/3918 5523/6658/5498 5524/6659/5499
f 5524/6659/5499 3922/4881/3917 3923/4882/3918
f 3922/4881/3917 5524/6659/5499 5525/6660/5500
f 5525/6660/5500 3934/4898/3929 3922/4881/3917
f 3934/4898/3929 5525/6660/5500 5526/6661/5501
f 5526/6661/5501 5399/6662/5379 3934/4898/3929
f 5526/6661/5501 5397/6663/5377 5399/6662/5379
f 5397/6663/5377 5526/6661/5501 5527/6664/5502
f 5527/6664/5502 5396/6665/5376 5397/6663/5377
f 5396/6665/5376 5527/6664/5502 5528/6666/5503
f 5528/6666/5503 5395/6667/5375 5396/6665/5376
f 5395/6667/5375 5528/6666/5503 5529/6668/5504
f 5529/6668/5504 5394/6669/5374 5395/6667/5375
f 5529/6668/5504 3727/4641/3731 5394/6669/5374
f 5529/6668/5504 3730/4644/3734 3727/4641/3731
f 5529/6668/5504 5530/6670/5505 3730/4644/3734
f 5530/6670/5505 5529/6668/5504 5528/6666/5503
f 5530/6670/5505 5528/6666/5503 5527/6664/5502
f 5527/6664/5502 5531/6671/5506 5530/6670/5505
f 5531/6671/5506 5527/6664/5502 5526/6661/5501
f 5531/6671/5506 5526/6661/5501 5525/6660/5500
f 5525/6660/5500 5532/6672/5507 5531/6671/5506
f 5532/6672/5507 5525/6660/5500 5524/6659/5499
f 5524/6659/5499 5533/6673/5508 5532/6672/5507
f 5533/6673/5508 5524/6659/5499 5523/6658/5498
f 5523/6658/5498 5534/6674/5509 5533/6673/5508
f 5534/6674/5509 5523/6658/5498 3912/4871/3907
f 5534/6674/5509 3912/4871/3907 3903/4862/3898
f 5534/6674/5509 3903/4862/3898 3902/4861/3897
f 3902/4861/3897 5535/6675/5510 5534/6674/5509
f 5535/6675/5510 3902/4861/3897 3901/4860/3896
f 5535/6675/5510 3901/4860/3896 3742/4656/3746
f 5535/6675/5510 3742/4656/3746 3740/4654/3744
f 5535/6675/5510 3740/4654/3744 5536/6676/5511
f 5536/6676/5511 5534/6674/5509 5535/6675/5510
f 5536/6676/5511 5533/6673/5508 5534/6674/5509
f 5533/6673/5508 5536/6676/5511 5537/6677/5512
f 5537/6677/5512 5532/6672/5507 5533/6673/5508
f 5532/6672/5507 5537/6677/5512 5538/6678/5513
f 5538/6678/5513 5531/6671/5506 5532/6672/5507
f 5538/6678/5513 5530/6670/5505 5531/6671/5506
f 5530/6670/5505 5538/6678/5513 3732/4646/3736
f 3732/4646/3736 3730/4644/3734 5530/6670/5505
f 5538/6678/5513 3734/4648/3738 3732/4646/3736
f 3734/4648/3738 5538/6678/5513 5537/6677/5512
f 5537/6677/5512 3736/4650/3740 3734/4648/3738
f 3736/4650/3740 5537/6677/5512 5536/6676/5511
f 5536/6676/5511 3738/4652/3742 3736/4650/3740
f 3738/4652/3742 5536/6676/5511 3740/4654/3744
f 3934/4898/3929 5399/6662/5379 5539/6679/5514
f 5539/6679/5514 3933/4897/3928 3934/4898/3929
f 5539/6679/5514 3931/4895/3926 3933/4897/3928
f 5539/6679/5514 5540/6680/5515 3931/4895/3926
f 5539/6679/5514 5541/6681/5516 5540/6680/5515
f 5541/6681/5516 5539/6679/5514 5399/6662/5379
f 5399/6662/5379 5542/6682/5517 5541/6681/5516
f 5542/6682/5517 5399/6662/5379 5398/6683/5378
f 5542/6682/5517 5398/6683/5378 5543/6684/5518
f 5543/6684/5518 5544/6685/5519 5542/6682/5517
f 5543/6684/5518 5545/6686/5520 5544/6685/5519
f 5543/6684/5518 5546/6687/5521 5545/6686/5520
f 5546/6687/5521 5543/6684/5518 5398/6683/5378
f 5546/6687/5521 5398/6683/5378 3761/6688/3765
f 5546/6687/5521 3761/6688/3765 3762/6689/3766
f 5546/6687/5521 3762/6689/3766 5371/6690/5351
f 5546/6687/5521 5371/6690/5351 5547/6691/5522
f 5547/6691/5522 5545/6686/5520 5546/6687/5521
f 5541/6681/5516 5548/6692/5523 5540/6680/5515
f 5548/6692/5523 5541/6681/5516 5542/6682/5517
f 5548/6692/5523 5542/6682/5517 5544/6685/5519
f 5544/6685/5519 5405/6693/5385 5548/6692/5523
f 5544/6685/5519 5411/6694/5391 5405/6693/5385
f 5411/6694/5391 5544/6685/5519 5549/6695/5524
f 5549/6695/5524 5409/6696/5389 5411/6694/5391
f 5549/6695/5524 3829/5126/3824 5409/6696/5389
f 5549/6695/5524 4099/5127/4087 3829/5126/3824
f 5549/6695/5524 5550/6697/5525 4099/5127/4087
f 5550/6697/5525 5549/6695/5524 5544/6685/5519
f 5550/6697/5525 5544/6685/5519 5545/6686/5520
f 5545/6686/5520 5551/6698/5526 5550/6697/5525
f 5551/6698/5526 5545/6686/5520 5547/6691/5522
f 5551/6698/5526 5547/6691/5522 5371/6690/5351
f 5551/6698/5526 5371/6690/5351 5373/6699/5353
f 5551/6698/5526 5373/6699/5353 3838/5132/3833
f 5551/6698/5526 3838/5132/3833 4103/5131/4091
f 4103/5131/4091 5550/6697/5525 5551/6698/5526
f 5550/6697/5525 4103/5131/4091 4101/5129/4089
f 4101/5129/4089 4099/5127/4087 5550/6697/5525
f 5548/6692/5523 5405/6693/5385 5407/6700/5387
f 5407/6700/5387 5552/6701/5527 5548/6692/5523
f 5552/6701/5527 5407/6700/5387 3812/4764/3064
f 5552/6701/5527 3812/4764/3064 3819/4762/3174
f 5552/6701/5527 3819/4762/3174 5553/6702/5528
f 5553/6702/5528 5548/6692/5523 5552/6701/5527
f 5553/6702/5528 5540/6680/5515 5548/6692/5523
f 5540/6680/5515 5553/6702/5528 5554/6703/5529
f 5554/6703/5529 3931/4895/3926 5540/6680/5515
f 5554/6703/5529 3765/4894/3769 3931/4895/3926
f 5554/6703/5529 5408/6704/5388 3765/4894/3769
f 5554/6703/5529 3803/4755/3805 5408/6704/5388
f 5554/6703/5529 3815/4758/3813 3803/4755/3805
f 3815/4758/3813 5554/6703/5529 5553/6702/5528
f 5553/6702/5528 3817/4760/3815 3815/4758/3813
f 3817/4760/3815 5553/6702/5528 3819/4762/3174
f 5355/6444/5335 5380/6471/5360 5555/6705/5530
f 5555/6705/5530 5353/6442/5333 5355/6444/5335
f 5555/6705/5530 5351/6440/5331 5353/6442/5333
f 5555/6705/5530 5556/6706/5531 5351/6440/5331
f 5556/6706/5531 5555/6705/5530 5380/6471/5360
f 5556/6706/5531 5380/6471/5360 5382/6473/5362
f 5382/6473/5362 5557/6707/5532 5556/6706/5531
f 5557/6707/5532 5382/6473/5362 5384/6475/5364
f 5557/6707/5532 5384/6475/5364 5343/6432/5323
f 5557/6707/5532 5343/6432/5323 5345/6434/5325
f 5557/6707/5532 5345/6434/5325 5347/6436/5327
f 5347/6436/5327 5556/6706/5531 5557/6707/5532
f 5556/6706/5531 5347/6436/5327 5349/6438/5329
f 5349/6438/5329 5351/6440/5331 5556/6706/5531
f 5558/6708/5533 5359/6709/5339 5361/6710/5341
f 5361/6710/5341 5559/6711/5534 5558/6708/5533
f 5559/6711/5534 5361/6710/5341 5363/6712/5343
f 5363/6712/5343 5560/6713/5535 5559/6711/5534
f 5560/6713/5535 5363/6712/5343 5365/6714/5345
f 5365/6714/5345 5561/6715/5536 5560/6713/5535
f 5561/6715/5536 5365/6714/5345 5367/6716/5347
f 5367/6716/5347 5562/6717/5537 5561/6715/5536
f 5562/6717/5537 5367/6716/5347 5369/6718/5349
f 5562/6717/5537 5369/6718/5349 5341/6719/5321
f 5341/6719/5321 5563/6720/5538 5562/6717/5537
f 5563/6720/5538 5341/6719/5321 5340/6429/5320
f 5563/6720/5538 5340/6429/5320 5343/6432/5323
f 5563/6720/5538 5343/6432/5323 5564/6721/5539
f 5564/6721/5539 5562/6717/5537 5563/6720/5538
f 5564/6721/5539 5561/6715/5536 5562/6717/5537
f 5561/6715/5536 5564/6721/5539 5565/6722/5540
f 5565/6722/5540 5560/6713/5535 5561/6715/5536
f 5560/6713/5535 5565/6722/5540 5566/6723/5541
f 5566/6723/5541 5559/6711/5534 5560/6713/5535
f 5559/6711/5534 5566/6723/5541 5567/6724/5542
f 5567/6724/5542 5558/6708/5533 5559/6711/5534
f 5567/6724/5542 5359/6709/5339 5558/6708/5533
f 5567/6724/5542 5357/6446/5337 5359/6709/5339
f 5567/6724/5542 5355/6444/5335 5357/6446/5337
f 5355/6444/5335 5567/6724/5542 5566/6723/5541
f 5566/6723/5541 5379/6470/5359 5355/6444/5335
f 5379/6470/5359 5566/6723/5541 5565/6722/5540
f 5565/6722/5540 5381/6472/5361 5379/6470/5359
f 5381/6472/5361 5565/6722/5540 5564/6721/5539
f 5564/6721/5539 5383/6474/5363 5381/6472/5361
f 5383/6474/5363 5564/6721/5539 5343/6432/5323
f 5568/6725/5543 5569/6726/5544 5570/6727/5545
f 5570/6727/5545 5571/6728/5546 5568/6725/5543
f 5571/6728/5546 5570/6727/5545 5572/6729/5547
f 5572/6729/5547 5573/6730/5548 5571/6728/5546
f 5573/6730/5548 5572/6729/5547 5574/6731/5549
f 5574/6731/5549 5575/6732/5550 5573/6730/5548
f 5575/6732/5550 5574/6731/5549 5576/6733/5551
f 5575/6732/5550 5576/6733/5551 2853/3539/2891
f 5575/6732/5550 2853/3539/2891 2788/3474/2826
f 2788/3474/2826 5577/6734/5552 5575/6732/5550
f 5577/6734/5552 2788/3474/2826 2790/3476/2828
f 2790/3476/2828 5578/6735/5553 5577/6734/5552
f 5578/6735/5553 2790/3476/2828 2982/3680/3019
f 2982/3680/3019 5579/6736/5554 5578/6735/5553
f 5579/6736/5554 2982/3680/3019 2983/3681/3020
f 2983/3681/3020 5580/6737/5555 5579/6736/5554
f 5580/6737/5555 2983/3681/3020 2939/3633/2976
f 2939/3633/2976 5581/6738/5556 5580/6737/5555
f 5581/6738/5556 2939/3633/2976 2937/3631/2974
f 2937/3631/2974 5582/6739/5557 5581/6738/5556
f 5582/6739/5557 2937/3631/2974 2935/3629/2972
f 2935/3629/2972 5583/6740/5558 5582/6739/5557
f 5583/6740/5558 2935/3629/2972 2934/3627/2971
f 2934/3627/2971 5584/6741/5559 5583/6740/5558
f 5584/6741/5559 2934/3627/2971 2932/3623/2969
f 5584/6741/5559 2932/3623/2969 2930/3621/2967
f 5584/6741/5559 2930/3621/2967 2853/3620/2891
f 5584/6741/5559 2853/3620/2891 5576/6742/5551
f 5584/6741/5559 5576/6742/5551 5574/6743/5549
f 5574/6743/5549 5585/6744/5560 5584/6741/5559
f 5585/6744/5560 5574/6743/5549 5572/6745/5547
f 5572/6745/5547 5586/6746/5561 5585/6744/5560
f 5586/6746/5561 5572/6745/5547 5570/6747/5545
f 5570/6747/5545 5587/6748/5562 5586/6746/5561
f 5587/6748/5562 5570/6747/5545 5569/6749/5544
f 5569/6749/5544 5588/6750/5563 5587/6748/5562
f 5588/6750/5563 5569/6749/5544 5589/6751/5564
f 5589/6751/5564 5590/6752/5565 5588/6750/5563
f 5590/6752/5565 5589/6751/5564 5339/6461/5319
f 5590/6752/5565 5339/6461/5319 5370/6459/5350
f 5590/6752/5565 5370/6459/5350 5368/6457/5348
f 5368/6457/5348 5591/6753/5566 5590/6752/5565
f 5591/6753/5566 5368/6457/5348 5366/6455/5346
f 5366/6455/5346 5592/6754/5567 5591/6753/5566
f 5592/6754/5567 5366/6455/5346 5364/6453/5344
f 5364/6453/5344 5593/6755/5568 5592/6754/5567
f 5593/6755/5568 5364/6453/5344 5362/6451/5342
f 5362/6451/5342 5594/6756/5569 5593/6755/5568
f 5594/6756/5569 5362/6451/5342 5360/6449/5340
f 5360/6449/5340 5595/6757/5570 5594/6756/5569
f 5595/6757/5570 5360/6449/5340 5358/6447/5338
f 5358/6447/5338 5596/6758/5571 5595/6757/5570
f 5596/6758/5571 5358/6447/5338 5356/6445/5336
f 5596/6758/5571 5356/6445/5336 5354/6443/5334
f 5354/6443/5334 5597/6759/5572 5596/6758/5571
f 5597/6759/5572 5354/6443/5334 5352/6441/5332
f 5352/6441/5332 5598/6760/5573 5597/6759/5572
f 5598/6760/5573 5352/6441/5332 5350/6439/5330
f 5350/6439/5330 5599/6761/5574 5598/6760/5573
f 5599/6761/5574 5350/6439/5330 5348/6437/5328
f 5599/6761/5574 5348/6437/5328 5346/6435/5326
f 5346/6435/5326 5600/6762/5575 5599/6761/5574
f 5600/6762/5575 5346/6435/5326 5344/6433/5324
f 5600/6762/5575 5344/6433/5324 5342/6431/5322
f 5600/6762/5575 5342/6431/5322 5339/6428/5319
f 5600/6762/5575 5339/6428/5319 5589/6763/5564
f 5600/6762/5575 5589/6763/5564 5601/6764/5576
f 5601/6764/5576 5599/6761/5574 5600/6762/5575
f 5599/6761/5574 5601/6764/5576 5602/6765/5577
f 5602/6765/5577 5598/6760/5573 5599/6761/5574
f 5598/6760/5573 5602/6765/5577 5603/6766/5578
f 5603/6766/5578 5597/6759/5572 5598/6760/5573
f 5603/6766/5578 5604/6767/5579 5597/6759/5572
f 5603/6766/5578 5605/6768/5580 5604/6767/5579
f 5605/6768/5580 5603/6766/5578 5602/6765/5577
f 5602/6765/5577 5606/6769/5581 5605/6768/5580
f 5602/6765/5577 5568/6725/5543 5606/6769/5581
f 5568/6725/5543 5602/6765/5577 5601/6764/5576
f 5601/6764/5576 5569/6726/5544 5568/6725/5543
f 5569/6726/5544 5601/6764/5576 5589/6763/5564
f 5573/6730/5548 5575/6732/5550 5577/6734/5552
f 5577/6734/5552 5607/6770/5582 5573/6730/5548
f 5607/6770/5582 5577/6734/5552 5578/6735/5553
f 5578/6735/5553 5608/6771/5583 5607/6770/5582
f 5608/6771/5583 5578/6735/5553 5579/6736/5554
f 5579/6736/5554 5609/6772/5584 5608/6771/5583
f 5609/6772/5584 5579/6736/5554 5580/6737/5555
f 5580/6737/5555 5610/6773/5585 5609/6772/5584
f 5610/6773/5585 5580/6737/5555 5581/6738/5556
f 5581/6738/5556 5611/6774/5586 5610/6773/5585
f 5611/6774/5586 5581/6738/5556 5582/6739/5557
f 5582/6739/5557 5612/6775/5587 5611/6774/5586
f 5612/6775/5587 5582/6739/5557 5583/6740/5558
f 5583/6740/5558 5613/6776/5588 5612/6775/5587
f 5613/6776/5588 5583/6740/5558 5584/6741/5559
f 5613/6776/5588 5584/6741/5559 5585/6744/5560
f 5585/6744/5560 5614/6777/5589 5613/6776/5588
f 5614/6777/5589 5585/6744/5560 5586/6746/5561
f 5586/6746/5561 5615/6778/5590 5614/6777/5589
f 5615/6778/5590 5586/6746/5561 5587/6748/5562
f 5587/6748/5562 5616/6779/5591 5615/6778/5590
f 5616/6779/5591 5587/6748/5562 5588/6750/5563
f 5588/6750/5563 5617/6780/5592 5616/6779/5591
f 5617/6780/5592 5588/6750/5563 5590/6752/5565
f 5617/6780/5592 5590/6752/5565 5591/6753/5566
f 5617/6780/5592 5591/6753/5566 5618/6781/5593
f 5618/6781/5593 5616/6779/5591 5617/6780/5592
f 5616/6779/5591 5618/6781/5593 5619/6782/5594
f 5619/6782/5594 5620/6783/5595 5616/6779/5591
f 5619/6782/5594 5593/6755/5568 5620/6783/5595
f 5593/6755/5568 5619/6782/5594 5618/6781/5593
f 5618/6781/5593 5592/6754/5567 5593/6755/5568
f 5592/6754/5567 5618/6781/5593 5591/6753/5566
f 5594/6756/5569 5620/6783/5595 5593/6755/5568
f 5620/6783/5595 5594/6756/5569 5595/6757/5570
f 5595/6757/5570 5621/6784/5596 5620/6783/5595
f 5621/6784/5596 5595/6757/5570 5596/6758/5571
f 5596/6758/5571 5622/6785/5597 5621/6784/5596
f 5622/6785/5597 5596/6758/5571 5597/6759/5572
f 5622/6785/5597 5597/6759/5572 5604/6767/5579
f 5622/6785/5597 5604/6767/5579 5623/6786/5598
f 5623/6786/5598 5621/6784/5596 5622/6785/5597
f 5621/6784/5596 5623/6786/5598 5624/6787/5599
f 5624/6787/5599 5620/6783/5595 5621/6784/5596
f 5620/6783/5595 5624/6787/5599 5625/6788/5600
f 5625/6788/5600 5616/6779/5591 5620/6783/5595
f 5625/6788/5600 5615/6778/5590 5616/6779/5591
f 5615/6778/5590 5625/6788/5600 5626/6789/5601
f 5626/6789/5601 5614/6777/5589 5615/6778/5590
f 5626/6789/5601 5613/6776/5588 5614/6777/5589
f 5626/6789/5601 5612/6775/5587 5613/6776/5588
f 5626/6789/5601 5627/6790/5602 5612/6775/5587
f 5627/6790/5602 5626/6789/5601 5625/6788/5600
f 5627/6790/5602 5625/6788/5600 5624/6787/5599
f 5627/6790/5602 5624/6787/5599 5623/6786/5598
f 5627/6790/5602 5623/6786/5598 5628/6791/5603
f 5627/6790/5602 5628/6791/5603 5611/6774/5586
f 5611/6774/5586 5612/6775/5587 5627/6790/5602
f 5610/6773/5585 5611/6774/5586 5628/6791/5603
f 5628/6791/5603 5629/6792/5604 5610/6773/5585
f 5629/6792/5604 5628/6791/5603 5623/6786/5598
f 5623/6786/5598 5630/6793/5605 5629/6792/5604
f 5630/6793/5605 5623/6786/5598 5604/6767/5579
f 5630/6794/5605 5604/6767/5579 5605/6768/5580
f 5630/6794/5605 5605/6768/5580 5631/6795/5606
f 5631/6795/5606 5629/6792/5604 5630/6793/5605
f 5629/6792/5604 5631/6795/5606 5632/6796/5607
f 5632/6796/5607 5610/6773/5585 5629/6792/5604
f 5632/6796/5607 5633/6797/5608 5610/6773/5585
f 5633/6797/5608 5632/6796/5607 5631/6795/5606
f 5631/6795/5606 5634/6798/5609 5633/6797/5608
f 5634/6798/5609 5631/6795/5606 5605/6768/5580
f 5605/6768/5580 5635/6799/5610 5634/6798/5609
f 5635/6799/5610 5605/6768/5580 5606/6769/5581
f 5606/6769/5581 5636/6800/5611 5635/6799/5610
f 5636/6800/5611 5606/6769/5581 5568/6725/5543
f 5636/6800/5611 5568/6725/5543 5637/6801/5612
f 5637/6801/5612 5635/6799/5610 5636/6800/5611
f 5635/6799/5610 5637/6801/5612 5638/6802/5613
f 5638/6802/5613 5639/6803/5614 5635/6799/5610
f 5638/6802/5613 5573/6730/5548 5639/6803/5614
f 5573/6730/5548 5638/6802/5613 5637/6801/5612
f 5637/6801/5612 5571/6728/5546 5573/6730/5548
f 5571/6728/5546 5637/6801/5612 5568/6725/5543
f 5607/6770/5582 5639/6803/5614 5573/6730/5548
f 5639/6803/5614 5607/6770/5582 5640/6804/5615
f 5640/6804/5615 5635/6799/5610 5639/6803/5614
f 5640/6804/5615 5634/6798/5609 5635/6799/5610
f 5640/6804/5615 5633/6797/5608 5634/6798/5609
f 5633/6797/5608 5640/6804/5615 5609/6772/5584
f 5609/6772/5584 5610/6773/5585 5633/6797/5608
f 5608/6771/5583 5609/6772/5584 5640/6804/5615
f 5640/6804/5615 5607/6770/5582 5608/6771/5583
f 5412/6805/5392 5641/6806/5616 5642/6807/5617
f 5641/6806/5616 5412/6805/5392 5323/6412/5307
f 5641/6806/5616 5323/6412/5307 5321/6410/5305
f 5641/6806/5616 5321/6410/5305 5643/6808/5618
f 5643/6808/5618 5642/6807/5617 5641/6806/5616
f 5643/6808/5618 5644/6809/5619 5642/6807/5617
f 5644/6809/5619 5643/6808/5618 5645/6810/5620
f 5645/6810/5620 5646/6811/5621 5644/6809/5619
f 5645/6810/5620 5419/6812/5399 5646/6811/5621
f 5645/6810/5620 5315/6404/5299 5419/6812/5399
f 5645/6810/5620 5317/6406/5301 5315/6404/5299
f 5317/6406/5301 5645/6810/5620 5643/6808/5618
f 5643/6808/5618 5319/6408/5303 5317/6406/5301
f 5319/6408/5303 5643/6808/5618 5321/6410/5305
f 5388/6480/5368 5647/6813/5622 5387/6479/5367
f 5647/6813/5622 5388/6480/5368 5322/6483/5306
f 5647/6813/5622 5322/6483/5306 5324/6814/5308
f 5647/6813/5622 5324/6814/5308 5648/6815/5623
f 5647/6813/5622 5648/6815/5623 5649/6816/5624
f 5647/6813/5622 5649/6816/5624 5314/6477/5298
f 5647/6813/5622 5314/6477/5298 5385/6476/5365
f 5385/6476/5365 5387/6479/5367 5647/6813/5622
f 5390/6484/5370 5650/6817/5625 5391/6818/5371
f 5650/6817/5625 5390/6484/5370 5393/6487/5373
f 5650/6817/5625 5393/6487/5373 5456/6580/3490
f 5650/6817/5625 5456/6580/3490 5458/6582/3089
f 5650/6817/5625 5458/6582/3089 5450/6573/5429
f 5650/6817/5625 5450/6573/5429 5451/6574/5430
f 5650/6817/5625 5451/6574/5430 5453/6819/5432
f 5453/6819/5432 5391/6818/5371 5650/6817/5625
f 5413/6820/5393 5412/6821/5392 5642/6822/5617
f 5642/6822/5617 5651/6823/5626 5413/6820/5393
f 5651/6823/5626 5642/6822/5617 5644/6824/5619
f 5644/6824/5619 5652/6825/5627 5651/6823/5626
f 5652/6825/5627 5644/6824/5619 5646/6826/5621
f 5646/6826/5621 5653/6827/5628 5652/6825/5627
f 5653/6827/5628 5646/6826/5621 5419/6828/5399
f 5653/6827/5628 5419/6828/5399 5420/6829/5400
f 5420/6829/5400 5654/6830/5629 5653/6827/5628
f 5654/6830/5629 5420/6829/5400 5421/6831/5401
f 5654/6830/5629 5421/6831/5401 5422/6832/5402
f 5654/6830/5629 5422/6832/5402 5655/6833/5630
f 5654/6830/5629 5655/6833/5630 5656/6834/5631
f 5656/6834/5631 5653/6827/5628 5654/6830/5629
f 5656/6834/5631 5652/6825/5627 5653/6827/5628
f 5652/6825/5627 5656/6834/5631 5657/6835/5632
f 5657/6835/5632 5651/6823/5626 5652/6825/5627
f 5657/6835/5632 5413/6820/5393 5651/6823/5626
f 5657/6835/5632 5414/6836/5394 5413/6820/5393
f 5657/6835/5632 5415/6837/5395 5414/6836/5394
f 5657/6835/5632 5658/6838/5633 5415/6837/5395
f 5658/6838/5633 5657/6835/5632 5656/6834/5631
f 5656/6834/5631 5659/6839/5634 5658/6838/5633
f 5659/6839/5634 5656/6834/5631 5655/6833/5630
f 5387/6481/5367 5318/6407/5302 5320/6409/5304
f 5320/6409/5304 5389/6482/5369 5387/6481/5367
f 5389/6482/5369 5320/6409/5304 5322/6411/5306
f 5660/6840/5635 5648/6815/5623 5324/6814/5308
f 5648/6815/5623 5660/6840/5635 5312/6401/5297
f 5312/6401/5297 5649/6816/5624 5648/6815/5623
f 5649/6816/5624 5312/6401/5297 5314/6403/5298
f 5316/6405/5300 5386/6478/5366 5314/6477/5298
f 5386/6478/5366 5316/6405/5300 5318/6407/5302
f 5318/6407/5302 5387/6481/5367 5386/6478/5366
f 5312/6401/5297 5661/6841/5636 5310/6399/5295
f 5661/6841/5636 5312/6401/5297 5660/6840/5635
f 5661/6841/5636 5660/6840/5635 5324/6413/5308
f 5661/6841/5636 5324/6413/5308 5326/6415/5310
f 5661/6841/5636 5326/6415/5310 5662/6842/5637
f 5662/6842/5637 5310/6399/5295 5661/6841/5636
f 5662/6842/5637 5308/6397/2744 5310/6399/5295
f 5308/6397/2744 5662/6842/5637 5663/6843/3089
f 5663/6843/3089 5306/6395/5292 5308/6397/2744
f 5306/6395/5292 5663/6843/3089 5664/6844/5638
f 5664/6844/5638 5304/6392/5290 5306/6395/5292
f 5304/6392/5290 5664/6844/5638 5665/6845/5639
f 5665/6845/5639 5303/6391/5289 5304/6392/5290
f 5303/6391/5289 5665/6845/5639 5666/6846/5640
f 5666/6846/5640 5301/6389/5287 5303/6391/5289
f 5301/6389/5287 5666/6846/5640 5667/6847/5436
f 5667/6847/5436 5300/6388/5286 5301/6389/5287
f 5667/6847/5436 2989/3687/3025 5300/6388/5286
f 5667/6847/5436 2991/3689/3027 2989/3687/3025
f 5667/6847/5436 2993/3691/3029 2991/3689/3027
f 5667/6847/5436 5338/6427/3376 2993/3691/3029
f 5338/6427/3376 5667/6847/5436 5666/6846/5640
f 5666/6846/5640 5336/6425/5317 5338/6427/3376
f 5336/6425/5317 5666/6846/5640 5665/6845/5639
f 5665/6845/5639 5334/6423/5315 5336/6425/5317
f 5334/6423/5315 5665/6845/5639 5664/6844/5638
f 5664/6844/5638 5332/6421/3376 5334/6423/5315
f 5332/6421/3376 5664/6844/5638 5663/6843/3089
f 5663/6843/3089 5330/6419/3376 5332/6421/3376
f 5330/6419/3376 5663/6843/3089 5662/6842/5637
f 5662/6842/5637 5328/6417/5312 5330/6419/3376
f 5328/6417/5312 5662/6842/5637 5326/6415/5310
f 5424/6848/5404 5426/6543/5406 5428/6542/5408
f 5428/6542/5408 5668/6849/5641 5424/6848/5404
f 5668/6849/5641 5428/6542/5408 5427/6541/5407
f 5427/6541/5407 5669/6850/5642 5668/6849/5641
f 5669/6850/5642 5427/6541/5407 3135/6851/3161
f 3135/6851/3161 5670/6852/5643 5669/6850/5642
f 5670/6852/5643 3135/6851/3161 3002/6853/3038
f 5670/6852/5643 3002/6853/3038 5417/6854/5397
f 5417/6854/5397 5671/6855/5644 5670/6852/5643
f 5671/6855/5644 5417/6854/5397 5416/6856/5396
f 5671/6855/5644 5416/6856/5396 5415/6837/5395
f 5671/6855/5644 5415/6837/5395 5658/6838/5633
f 5671/6855/5644 5658/6838/5633 5672/6857/5645
f 5672/6857/5645 5670/6852/5643 5671/6855/5644
f 5672/6857/5645 5669/6850/5642 5670/6852/5643
f 5669/6850/5642 5672/6857/5645 5673/6858/5646
f 5673/6858/5646 5668/6849/5641 5669/6850/5642
f 5673/6858/5646 5424/6848/5404 5668/6849/5641
f 5673/6858/5646 5423/6859/5403 5424/6848/5404
f 5673/6858/5646 5422/6832/5402 5423/6859/5403
f 5673/6858/5646 5655/6833/5630 5422/6832/5402
f 5655/6833/5630 5673/6858/5646 5672/6857/5645
f 5672/6857/5645 5659/6839/5634 5655/6833/5630
f 5659/6839/5634 5672/6857/5645 5658/6838/5633
