# Blender v2.79 (sub 0) OBJ File: ''
# www.blender.org
mtllib Captain.mtl
o p0_lod0_o0_i0.013
v -2.427409 3.069414 0.600984
v -1.552409 2.603456 0.340139
v -1.614909 -0.086038 -0.905566
v -1.302409 -0.121778 -2.593845
v -1.802409 -0.099000 -3.922418
v 2.052409 -0.132067 2.227237
v 3.239909 -0.157088 1.915740
v 1.364909 -0.140727 1.651081
v 4.114909 -0.123075 -0.783148
v 4.052409 -0.179530 -2.734895
v 1.302409 -0.170870 -2.158738
v 1.802409 -0.177280 -3.487491
v -16.880682 28.807484 -3.364769
v -17.181774 28.924017 -3.097291
v -17.122015 28.673351 -3.096060
v -16.227417 28.702927 -2.423211
v 17.118876 28.617594 -3.282793
v 16.840944 28.751873 -3.495745
v 17.126945 28.864885 -3.210765
v -0.423618 32.973270 -1.718271
v -0.424312 33.222851 -1.732737
v -0.734885 33.038807 -1.652796
v -0.672919 33.226086 -1.664987
v -0.917004 33.052994 -1.399246
v 0.264710 33.102734 -1.677887
v 0.452514 32.978233 -1.674680
v 0.451820 33.227814 -1.689146
v 0.703617 33.044628 -1.621284
v 0.703096 33.231815 -1.632133
v 0.896410 33.059395 -1.375787
v 3.552409 3.755448 0.256049
v 2.552409 2.311035 -0.541653
v 1.302409 2.257333 1.235218
v 1.427409 3.715928 1.272707
v 1.552409 2.242113 -0.152424
v 1.739909 3.762539 -0.124058
v 2.677409 3.760507 -0.565995
v 3.427409 2.305976 0.280390
v 3.427409 2.250241 1.615325
v 3.552409 3.770668 1.643690
v 2.427409 2.279643 2.242754
v 2.552409 3.729115 2.218412
v -0.948649 31.603006 -0.065603
v -0.988139 31.374847 0.990026
v -0.006253 31.969593 0.178398
v -0.029617 30.826061 -0.991034
v 0.925917 31.605883 -0.105867
v 0.599140 31.007198 -0.809950
v 0.025255 31.102623 1.583366
v 0.019609 31.486923 1.347981
v 1.079484 31.056164 1.183516
v -17.492409 29.294830 -1.359502
v -18.366148 29.054846 -1.464478
v -18.570421 29.427414 -1.360204
v -18.560764 29.214636 -0.730887
v -18.517933 28.946518 -0.288384
v -18.523727 28.100029 -1.021413
v -18.691259 28.120092 -1.496216
v -18.976105 28.163832 -0.974278
v -19.031866 28.179787 -1.365285
v -18.241404 28.513000 -0.445410
v -17.289932 28.679317 -0.074799
v -16.579044 28.794901 -1.530133
v -16.688406 29.139053 -2.299714
v -16.641577 28.636223 -2.246988
v -15.977109 28.534033 -1.366871
v -17.504974 29.111965 0.093404
v -17.575687 29.388062 -0.544603
v -16.114964 29.627319 -0.523365
v -16.324669 29.222698 0.249289
v -16.245094 28.602077 0.112716
v -15.337318 28.911615 0.035851
v -15.198463 28.767780 -1.088745
v -15.172173 29.334558 -1.189252
v -15.242702 29.645306 -1.126553
v -14.870898 29.252676 -0.756025
v -14.909368 29.355383 -0.186895
v -15.437318 29.805096 -0.392963
v -15.417323 29.469790 0.169938
v -15.824392 29.598665 -1.425132
v -15.589968 28.733612 -1.733625
v -16.224827 29.077620 -2.408292
v -15.709054 29.297394 -1.733599
v -17.562077 29.730474 -1.291831
v -19.279833 28.695574 -1.708487
v -18.307547 29.441385 -1.756770
v -16.396606 29.304598 -1.795100
v -17.372322 29.680498 -1.640618
v -18.340721 29.496727 -1.569957
v -19.357134 28.831688 -1.971636
v -19.390739 28.824581 -1.787310
v -19.062199 28.637621 -1.861771
v -18.168760 29.304401 -1.482444
v -18.075394 29.060843 -1.665540
v -17.325493 29.177668 -1.587891
v -18.163034 29.319485 -1.862274
v -19.223824 28.707418 -2.015698
v -17.351645 29.435440 -1.773448
v 18.539787 29.352301 -1.408885
v 18.978952 28.164385 -1.447071
v 18.961939 28.149185 -1.067585
v 18.472891 28.937016 -0.409464
v 18.519960 28.088112 -1.079552
v 18.653563 28.106140 -1.536047
v 18.337790 28.982132 -1.525410
v 17.238743 28.619030 -0.209901
v 16.394365 29.254654 -1.972192
v 16.651642 29.085659 -2.451220
v 16.492815 28.742687 -1.689773
v 16.595974 28.583395 -2.401779
v 15.879282 28.488768 -1.562755
v 16.201313 28.652393 -2.540232
v 15.586481 28.690508 -1.897194
v 15.165298 28.726601 -1.214674
v 16.183933 28.616283 -0.082313
v 18.201199 28.506742 -0.582988
v 17.441021 29.114100 -0.088361
v 18.482962 29.204521 -0.840917
v 17.490623 29.389284 -0.713311
v 16.262259 29.173477 0.056745
v 14.824160 29.215200 -0.901593
v 14.884345 29.257599 -0.403109
v 15.366840 29.763500 -0.567083
v 15.293455 28.933788 -0.150693
v 15.309732 29.490822 -0.004130
v 16.103624 29.643047 -0.724157
v 15.221950 29.666012 -1.246560
v 17.478319 29.726759 -1.328248
v 17.363590 29.681692 -1.757230
v 18.092165 29.251497 -1.988840
v 18.293741 29.434319 -1.879838
v 19.377165 28.802544 -1.784516
v 19.260294 28.674816 -1.712524
v 18.323763 29.424292 -1.631850
v 17.469687 29.229668 -1.410307
v 19.347141 28.812571 -2.032504
v 19.215260 28.689854 -2.084506
v 19.051353 28.556952 -1.881015
v 17.997671 29.053801 -1.733365
v 17.285688 29.311846 -1.888765
v 18.144705 29.233952 -1.554861
v 17.307922 29.179428 -1.707790
v 1.295326 31.679173 -0.364951
v 1.163390 31.282894 -0.714853
v 1.026756 31.125340 -1.266364
v 0.963057 31.562010 -1.290336
v 0.767821 30.974831 -1.690428
v 0.388038 31.275373 -1.887600
v 0.448895 30.893860 -1.992005
v -0.057367 31.252987 -2.252490
v -0.058995 30.871378 -2.355554
v -0.425902 30.892519 -1.973216
v -0.733166 30.968912 -1.720598
v -1.330400 31.671528 -0.370962
v -1.150949 31.650099 -0.749273
v -1.212394 31.275633 -0.726233
v -0.974288 31.181047 -1.289413
v 15.812122 29.552753 -1.574616
v 15.642289 29.255222 -1.944126
v 15.143906 29.233715 -1.380603
v 16.194651 29.029598 -2.587183
v 4.052409 9.372151 -1.639674
v 4.989909 9.333852 0.484981
v 3.739909 9.367053 2.110843
v 3.864909 11.682557 1.965053
v 1.552409 9.371559 1.860884
v 1.552409 11.685936 1.777583
v 0.427409 9.339484 0.172532
v 0.364909 11.343664 -0.041381
v 1.552409 14.684322 1.894143
v 0.177409 14.848728 -0.290749
v 2.239909 18.783337 -0.094801
v 2.427409 17.705830 -2.739652
v 0.989909 16.823088 -2.317993
v 0.489909 17.224470 -0.310432
v 0.989909 15.260841 -2.346155
v 1.114909 9.369898 -1.514694
v 1.177409 11.063882 -1.859219
v 2.802409 9.383415 -2.264574
v 3.427409 11.008151 -2.235285
v 4.489909 11.401649 0.209705
v 3.927409 14.993393 2.087245
v 1.614909 16.305679 2.110901
v 4.177409 18.032331 -0.045829
v 3.677409 18.005888 -2.046631
v 4.364909 15.906550 -0.021639
v 3.802409 17.374765 1.755112
v 3.489909 15.827755 -2.585976
v 3.824576 29.508606 0.814811
v 3.104871 29.689920 -0.664186
v 3.076685 30.564386 0.996523
v 2.106359 29.810902 -0.575481
v 0.948912 31.377819 0.948420
v 1.178224 30.167427 -0.103897
v 0.727865 29.503704 -0.745251
v -0.027296 29.449677 -0.981300
v -0.773133 29.503799 -0.775480
v -0.588085 31.005377 -0.784449
v -3.112070 30.559685 1.004514
v -3.083885 29.685219 -0.656194
v -2.081516 29.806873 -0.547998
v -1.197571 30.166180 -0.115336
v -2.292248 28.538145 -1.718195
v -0.039001 28.909138 -1.564818
v 2.334370 28.540451 -1.692633
v 3.760598 27.827040 0.626590
v 1.889416 30.625019 1.024419
v -1.046369 31.055298 1.166708
v -1.861060 30.621662 1.042507
v -2.840389 30.209492 1.986202
v -2.826276 29.248737 2.574662
v -0.838474 30.644949 2.084903
v -3.204292 27.943811 2.345087
v -3.865177 29.503998 0.792574
v -3.802839 27.820229 0.664108
v -3.429596 26.389151 0.476074
v -1.062435 28.103308 3.118356
v -2.048252 23.585928 3.466856
v -3.992526 23.395281 0.248280
v -2.303765 21.973711 3.097738
v -2.293742 20.195953 0.526938
v -3.413188 21.294146 -2.034379
v -2.352603 19.864120 -2.237177
v 0.015070 23.649151 3.487401
v -1.620563 25.911764 3.171464
v 0.004060 25.914257 3.136569
v 0.059659 28.047367 2.966923
v 0.039102 30.516594 2.186201
v 0.849980 30.645142 2.111105
v 2.848482 30.213425 1.988947
v 1.062072 28.106567 3.072724
v 2.800110 29.252577 2.578750
v 3.446501 26.394905 0.453319
v 2.966068 26.470848 -1.535355
v 2.777577 26.035776 -1.610538
v 1.885031 26.440285 -2.389090
v 3.468922 27.963329 -1.301275
v 2.075946 27.245291 -2.174653
v -0.050217 27.681604 -2.174690
v -2.113274 27.243658 -2.209610
v -2.910260 26.466627 -1.534074
v -3.471004 27.959873 -1.339618
v -3.618810 25.082115 0.304911
v -3.039502 24.914661 -1.841041
v -3.931489 21.651451 0.054979
v -3.354500 22.860380 -2.100708
v -2.005341 20.974297 -3.453296
v -2.786324 26.032034 -1.615968
v -1.801304 25.997450 -2.326674
v -0.053542 26.689522 -2.400341
v 1.763060 25.998125 -2.278296
v 3.024283 24.919170 -1.846348
v 3.632199 25.088446 0.274103
v 3.171920 27.948799 2.333069
v 1.630073 25.851900 3.161717
v 2.260367 21.975920 3.124642
v 0.014923 21.965286 3.360276
v 2.269045 20.200556 0.491402
v 0.015754 19.892017 0.340421
v -0.035127 19.670727 -2.044264
v -0.013784 20.866821 -3.875673
v -2.006582 22.723011 -3.386215
v -1.871104 24.950001 -2.740696
v -0.050542 26.247557 -2.292231
v -1.865445 26.436928 -2.371002
v 3.396625 22.865944 -2.120779
v 2.078482 23.587467 3.503155
v 4.069347 21.658932 0.008065
v 4.008398 23.277853 0.196575
v 3.400423 21.299805 -2.055792
v 1.993835 22.726751 -3.409671
v 1.879371 24.953358 -2.758785
v -0.001963 25.024906 -3.028323
v 2.154378 19.919109 -1.956776
v 1.996422 20.975643 -3.414312
v -0.015070 22.677990 -3.806196
v -2.394893 29.132929 1.655928
v -2.961382 30.408026 1.149623
v -2.102293 29.174767 0.554376
v -2.333793 29.994127 0.438896
v -2.634493 29.467722 -0.426935
v -2.859665 27.968752 1.126552
v -3.441092 28.107342 -0.682217
v -5.826001 28.559965 -0.638936
v -7.589221 28.418898 0.068214
v -8.728491 28.698349 -0.468474
v -8.789072 28.424204 0.143326
v -9.775697 28.874401 0.004737
v -9.850824 29.554699 0.212748
v -9.397119 29.967054 0.774461
v -9.446089 28.825928 1.164927
v -9.344830 28.530062 0.723135
v -7.695158 28.375071 1.187357
v -7.575810 28.148960 0.561529
v -6.021155 28.007469 0.703150
v -5.903807 28.340965 0.161875
v -4.321810 28.246651 0.684894
v -3.633655 27.929539 0.674788
v -3.412919 27.924700 2.328998
v -4.456583 29.124949 2.214383
v -3.066271 29.155088 2.786958
v -3.063161 30.116837 2.196645
v -3.639061 30.542660 1.027920
v -3.115035 29.417887 -0.662856
v -3.012208 28.499968 -1.191687
v -2.617084 28.078571 -0.102727
v -4.122338 29.423637 -0.632327
v -3.349484 30.147352 -0.091038
v -4.561034 30.495035 0.813128
v -4.234448 30.009418 1.955912
v -4.339995 30.035509 -0.252006
v -6.112900 29.854570 -0.112777
v -5.803596 29.254210 -0.798108
v -4.087977 28.788744 -0.402630
v -7.461829 28.507467 -0.607357
v -8.846024 29.698860 -0.440417
v -7.788373 28.985615 1.579406
v -6.151841 28.291159 1.455814
v -4.420567 28.392605 1.749322
v -6.112827 30.201817 0.591926
v -6.397110 29.665258 1.549237
v -6.244625 28.964153 1.850350
v -7.889977 29.743635 1.410993
v -6.978033 30.213543 0.447659
v -7.563865 29.203039 -0.778257
v -8.905382 29.264816 -0.525861
v -8.901855 30.111654 0.198734
v -7.855442 30.157951 0.425254
v -7.674736 29.806278 -0.199684
v -15.156944 28.887239 -0.954215
v -9.853139 28.326786 -0.367178
v -8.869828 28.425982 0.112708
v -8.792883 28.700068 -0.500470
v -9.864001 28.659618 -0.869558
v -12.092486 28.926790 -0.908737
v -12.121490 29.619358 -1.016886
v -12.138768 30.103991 -0.617682
v -14.549175 29.512394 -1.050814
v -14.634993 29.922913 -0.349332
v -15.220564 29.460537 -1.202837
v -15.806042 29.139668 -0.897352
v -14.533792 28.817493 -0.881712
v -12.129431 28.534805 -0.483391
v -9.935036 28.352318 0.576792
v -8.052598 29.069519 1.089002
v -8.921588 29.698845 -0.426921
v -9.855797 29.846149 -0.822314
v -10.191677 30.333265 -0.430128
v -9.398727 30.320745 -0.253404
v -9.515674 30.164558 0.547606
v -8.163424 29.606585 0.187582
v -8.803684 30.121435 -0.063968
v -10.233573 30.240896 0.326010
v -10.504072 29.457479 1.196872
v -12.227608 30.077368 0.066395
v -15.395052 29.804905 -0.395529
v -15.336815 29.468777 0.181398
v -15.893154 29.362841 -0.203329
v -15.252462 28.910439 0.050708
v -14.725990 29.584045 0.322313
v -14.675823 28.968885 0.053636
v -12.211962 29.484446 0.816235
v -12.175848 28.804504 0.606025
v -10.481579 28.775206 1.047615
v -8.166879 29.106993 0.167690
v -8.158378 29.448471 1.015780
v -9.533782 29.577265 1.161946
v -9.647766 28.769686 1.041480
v 4.306178 28.230434 0.744903
v 5.932566 28.292412 0.186371
v 7.616725 28.063606 0.617038
v 7.682895 28.349863 1.254115
v 5.989899 27.954233 0.798364
v 6.119298 28.297029 1.562887
v 4.432629 28.375872 1.751700
v 3.425801 27.927868 2.358019
v 2.864768 27.983486 1.171126
v 3.068068 29.167006 2.782651
v 2.961874 30.422907 1.144093
v 2.131566 29.145681 0.528867
v 2.331642 30.024754 0.376752
v 2.679655 28.098738 -0.075473
v 2.381163 29.161953 1.593174
v 3.675938 27.864634 0.729466
v 4.126292 28.717840 -0.424197
v 7.498450 28.487682 -0.554532
v 7.558360 28.334328 0.127436
v 8.809044 28.376543 0.193168
v 9.372513 28.468382 0.823029
v 7.753781 28.958364 1.653935
v 4.443597 29.170084 2.221456
v 4.268859 30.059486 1.944209
v 3.082139 30.131241 2.133331
v 3.135601 29.368986 -0.711981
v 2.698732 29.427603 -0.459945
v 3.060371 28.450775 -1.186793
v 3.458006 30.091311 -0.119641
v 3.651221 30.543064 1.024636
v 4.588849 30.537296 0.837867
v 6.388714 29.667240 1.618226
v 6.253709 28.972105 1.840355
v 7.889669 29.715944 1.434314
v 9.392912 29.907087 0.818272
v 9.439789 28.824602 1.275265
v 9.815277 28.804487 0.086446
v 8.946336 29.214119 -0.461092
v 8.750753 28.649771 -0.358884
v 7.570004 29.118753 -0.716759
v 5.811120 28.511604 -0.555577
v 4.136310 29.414747 -0.646404
v 3.491857 28.047344 -0.639525
v 5.883631 29.207626 -0.777745
v 6.141701 29.803440 -0.128010
v 4.394677 30.020592 -0.246468
v 6.146187 30.150517 0.573986
v 6.959489 30.201443 0.576997
v 9.887270 29.482956 0.301426
v 8.895397 30.061628 0.260932
v 7.832707 30.066660 0.510073
v 8.889954 29.649601 -0.381123
v 7.703159 29.718847 -0.129551
v 15.164264 29.419285 -1.329864
v 14.490008 29.477890 -1.193820
v 14.537036 28.780996 -0.976372
v 12.048986 28.849720 -0.990486
v 12.096128 28.452288 -0.442068
v 9.854044 28.597645 -0.820664
v 9.827873 28.264799 -0.318856
v 8.799203 28.643856 -0.354610
v 12.087555 29.541988 -1.097558
v 10.175941 30.270254 -0.433964
v 10.272361 30.175121 0.372027
v 12.100235 30.026312 -0.697806
v 14.624716 29.950127 -0.499917
v 15.910062 29.257732 -0.464002
v 15.726893 29.094908 -1.071969
v 15.271395 28.934181 -0.159229
v 15.150264 28.846939 -1.095260
v 10.010312 28.352390 0.605035
v 8.858769 28.368837 0.260083
v 8.161633 29.056913 0.298687
v 8.850619 29.645885 -0.387884
v 8.801709 30.004959 0.018992
v 8.150616 29.558996 0.257490
v 8.147721 29.021044 1.192723
v 9.728452 28.770029 1.124235
v 10.549752 28.769596 1.088937
v 12.229965 28.786840 0.565253
v 14.646304 28.995625 -0.096584
v 14.684002 29.550209 0.109761
v 15.358257 29.491602 -0.026283
v 15.372143 29.764482 -0.591857
v 12.255800 29.468811 0.715354
v 8.197730 29.398577 1.134371
v 9.548659 30.105993 0.576453
v 9.329762 30.262877 -0.202751
v 9.783264 29.786324 -0.822136
v 12.172649 30.061052 -0.009316
v 9.619807 29.578688 1.242373
v 10.563444 29.454054 1.177781
v 1.097663 31.965525 -0.815672
v 1.100037 31.594774 -0.731593
v -0.056726 31.506187 -2.204575
v -0.363123 31.270605 -1.933875
v -0.548777 31.589531 -1.823169
v -0.672241 31.530563 -1.754488
v -1.447938 32.383015 0.028608
v -1.072678 32.258801 0.027788
v -1.696772 32.951427 0.126191
v -1.506299 32.834164 0.254159
v -1.511863 33.384861 0.034469
v -1.563033 33.666920 0.582774
v -0.801680 31.939104 0.979831
v 0.019851 31.525299 1.361983
v 0.949301 31.442627 0.971182
v 0.925924 31.630680 -0.103758
v 0.822943 31.941595 0.944935
v 1.322081 32.694721 0.953183
v 1.487095 33.514252 -0.037186
v 1.280905 33.966072 -0.873041
v 1.562577 33.675331 0.578048
v 1.480544 33.936539 -0.312023
v 1.285202 34.354919 -0.645216
v 1.354171 32.989563 -0.442237
v 1.089031 33.136555 -1.133907
v 1.089378 33.011765 -1.126674
v 1.295274 32.181953 -0.331501
v 1.156092 32.457542 -0.970707
v 1.021140 32.178818 -1.452604
v 0.961203 31.745575 -1.363566
v 0.511275 31.899515 -1.926448
v 0.512783 31.840740 -1.860451
v 0.576603 31.844456 -1.799412
v 0.767075 31.727192 -1.671444
v 0.513476 31.591160 -1.845985
v 0.323698 31.458843 -1.959488
v -0.425488 31.710894 -1.895467
v -0.302665 31.516661 -2.012064
v -0.732578 31.724892 -1.639233
v -0.610622 31.842634 -1.773912
v -0.489828 31.894363 -1.967355
v -0.914697 31.739080 -1.385683
v -1.042216 32.172035 -1.470694
v -1.090665 31.958551 -0.831078
v -1.334041 32.981823 -0.446906
v -1.159407 32.758732 -1.063892
v -1.098950 33.004791 -1.142080
v -1.097962 33.133198 -1.086932
v -1.041161 33.243607 -1.345030
v -0.981171 33.174072 -1.467518
v -0.735405 33.225990 -1.663645
v -0.674080 33.160072 -1.723752
v -0.361653 33.160553 -1.730462
v -0.361306 33.035763 -1.723230
v -0.548762 33.035473 -1.719203
v -0.736219 33.035187 -1.715177
v -0.481113 33.112442 -1.474638
v -0.857360 33.108250 -1.528967
v -0.796209 33.104725 -1.592690
v -0.979663 33.115295 -1.401521
v -0.796036 33.042328 -1.589073
v -0.980824 33.049282 -1.460285
v -1.044417 32.480392 -1.551157
v -1.157206 32.450378 -0.983429
v -0.672640 32.158134 -1.728271
v -0.365550 32.144135 -1.984505
v -0.308055 32.004963 -2.228138
v -0.486986 31.839207 -1.838977
v -0.301037 31.898270 -1.909001
v -0.303705 31.891031 -2.033762
v -0.242207 31.762718 -2.090253
v -0.056085 31.759386 -2.156660
v -0.364736 32.334938 -1.932973
v -0.180121 32.390385 -2.065377
v -0.424900 32.466873 -1.814102
v -0.306600 32.448967 -2.128691
v -0.181803 32.511555 -2.134991
v -0.121639 32.379623 -2.253862
v 0.000663 32.372574 -2.381308
v -0.184298 32.441921 -2.256136
v -0.126162 32.555950 -2.451854
v -0.305613 32.577377 -2.073542
v -0.364095 32.588139 -1.885058
v -0.673334 32.407715 -1.742736
v -0.736340 32.594803 -1.752243
v -1.044764 32.605179 -1.558390
v -0.735699 32.848003 -1.704328
v -0.981638 32.858475 -1.511817
v -0.795862 32.979935 -1.585457
v -0.547081 32.914303 -1.649590
v -0.362467 32.969749 -1.781994
v -0.237669 33.032333 -1.788295
v -0.298994 33.098251 -1.728188
v -0.300501 33.157028 -1.794186
v -0.486624 33.160358 -1.727778
v -0.488131 33.219135 -1.793776
v -0.426980 33.215614 -1.857498
v -0.176865 33.153603 -1.859251
v -0.176518 33.028812 -1.852018
v -0.237843 33.094730 -1.791911
v -0.238657 32.903923 -1.843443
v -0.487091 32.844765 -1.772077
v -0.487905 32.653961 -1.823609
v -0.488252 32.778751 -1.830842
v -0.302303 32.837814 -1.900865
v -0.179880 33.271152 -1.991245
v -0.181388 33.329929 -2.057241
v -0.860549 33.288193 -1.664577
v 0.318308 31.947145 -2.175562
v 0.259999 31.895514 -1.983461
v 0.449310 31.712234 -1.914257
v 0.257677 31.763485 -2.100990
v -0.054577 31.700611 -2.090663
v -0.055098 31.887796 -2.101512
v -0.052602 31.957430 -1.980366
v 0.323818 31.899229 -1.922422
v 0.001704 31.998205 -2.359610
v 0.002518 32.189011 -2.308078
v 0.384276 32.145287 -2.000610
v -0.056311 32.324562 -2.126827
v 0.128303 32.380005 -2.259231
v -0.124481 32.434776 -2.382241
v -0.001191 32.556141 -2.454538
v -0.184818 32.629105 -2.266985
v -0.182323 32.698738 -2.145840
v -0.240805 32.709503 -1.957356
v -0.120704 33.010811 -2.165265
v 0.002933 33.007381 -2.230330
v -0.117048 33.146458 -1.985355
v -0.055897 33.142937 -2.049078
v -0.054736 33.208950 -1.990313
v -0.056417 33.330120 -2.059927
v 0.195033 33.271729 -1.999298
v 0.447817 33.216953 -1.876288
v 0.445963 33.400520 -1.949517
v 0.193525 33.330505 -2.065295
v -0.054789 33.711731 -1.956863
v -0.428835 33.399178 -1.930727
v -1.160500 33.635883 -1.052140
v -1.282336 33.958523 -0.880394
v -1.513544 33.506031 -0.035145
v -1.457783 33.990810 -0.314940
v -1.046149 33.839527 1.375755
v -1.303645 32.687077 0.947171
v 0.020318 31.840895 1.406282
v 1.088445 33.115761 1.747804
v 0.883657 34.514366 1.044846
v 1.618338 34.160110 0.298252
v 1.033059 34.662895 -0.720310
v 1.155241 34.215462 -0.884822
v 1.023251 34.321964 -1.201275
v 1.081666 33.368038 -1.460276
v 1.152798 33.643047 -1.039418
v 0.702282 33.041012 -1.683665
v 0.519990 33.117596 -1.433732
v 0.325861 33.099213 -1.741610
v 0.325688 33.161606 -1.745226
v 0.828414 33.107216 -1.627585
v 0.829749 33.110836 -1.565204
v 1.019874 33.118362 -1.444469
v 0.955880 33.177040 -1.509124
v 1.084681 33.250488 -1.328282
v 0.890380 33.294498 -1.639776
v 0.824705 33.474350 -1.774045
v 0.700202 33.789753 -1.727062
v 0.764248 33.228291 -1.695856
v 0.701935 33.165802 -1.690898
v 0.450486 33.224194 -1.751527
v 0.513145 33.161896 -1.749252
v 0.388520 33.036911 -1.739335
v 0.575977 33.037201 -1.743362
v 0.577658 32.916027 -1.673748
v 0.829922 33.048439 -1.561588
v 0.828761 32.982426 -1.620352
v 1.020047 33.055965 -1.440852
v 0.955413 32.861446 -1.553423
v 1.081078 32.612061 -1.541642
v 1.216377 32.765995 -1.052512
v 1.081425 32.487270 -1.534409
v 0.702041 32.160240 -1.757797
v 0.386425 32.339710 -1.886698
v 0.194792 32.390957 -2.073430
v 0.194445 32.515747 -2.080663
v 0.190615 32.442497 -2.264189
v 0.318255 32.449924 -2.142112
v 0.387065 32.592907 -1.838782
v 0.449898 32.468216 -1.832892
v 0.702682 32.413441 -1.709882
v 0.702802 32.853825 -1.672816
v 0.450192 32.846203 -1.792209
v 0.388694 32.974518 -1.735719
v 0.262215 33.033100 -1.799032
v 0.263549 33.036720 -1.736651
v 0.262042 33.095497 -1.802648
v 0.198048 33.154175 -1.867303
v 0.324354 33.157986 -1.807607
v 0.132894 33.146843 -1.990723
v 0.199729 33.033005 -1.797690
v 0.261227 32.904694 -1.854180
v 0.260066 32.838676 -1.912944
v 0.511516 32.780285 -1.852316
v 0.763313 32.597103 -1.784454
v 0.449378 32.655399 -1.843741
v 0.259079 32.710270 -1.968093
v 0.192590 32.699314 -2.153893
v 0.319243 32.578335 -2.086964
v 0.190095 32.629681 -2.275038
v 0.124941 32.622345 -2.398458
v 0.129238 33.011192 -2.170633
v -0.121172 32.695217 -2.209564
v -0.000203 32.684551 -2.399390
v -0.125001 32.621964 -2.393090
v 0.000957 32.750565 -2.340626
v 0.128771 32.695599 -2.214932
v 0.123780 32.556332 -2.457222
v 0.125461 32.435162 -2.387609
v -0.000844 32.431351 -2.447305
v -0.863738 33.468140 -1.800187
v -0.978728 33.746483 -1.312922
v -1.106662 33.361065 -1.475682
v -1.569757 34.151600 0.304320
v -1.099883 33.108784 1.732398
v 0.032863 33.132225 2.082525
v -0.599893 32.103992 1.654761
v 0.032448 32.313850 2.004776
v -0.338236 31.758961 2.170137
v 0.040333 31.895184 2.341995
v -0.386805 31.105093 2.772687
v 0.031513 31.682663 1.916178
v 0.041600 30.955639 2.333859
v 0.649817 32.105911 1.627918
v 0.023937 33.925266 1.723608
v -0.867272 34.508060 1.020045
v -1.450991 34.449291 0.034030
v -1.276704 34.350990 -0.590188
v -1.156724 34.211914 -0.835163
v -0.977620 34.315277 -1.220707
v -0.674480 33.787643 -1.697535
v -0.054841 34.214508 -1.923412
v 0.641493 34.365688 -1.508743
v 1.020808 33.749550 -1.355870
v -0.050198 34.478565 -1.688354
v -0.672037 34.360054 -1.542939
v -1.033954 34.520462 -0.918310
v -1.030298 34.656113 -0.738400
v -1.152947 34.787949 -0.618187
v -1.085644 34.989708 -0.380855
v -0.706901 35.063534 -0.205382
v -0.598116 35.082691 -0.960252
v -0.544624 34.932659 -1.391028
v -0.605081 34.686604 -1.312839
v -0.048396 34.797779 -1.581675
v 0.580289 34.871990 -1.411570
v 0.644629 34.688522 -1.339682
v 1.029402 34.527245 -0.900220
v 1.160352 34.795113 -0.605465
v 1.423516 34.391304 -0.024091
v 0.009500 34.766224 1.111551
v 1.016046 33.780293 1.335081
v -1.260225 34.710018 0.202681
v -0.037080 35.079933 -1.034712
v 0.590617 35.025734 -0.919756
v 1.101522 34.930664 -0.424213
v 0.731600 35.069359 -0.173870
v 1.303016 34.717567 0.210035
v 0.349105 31.760014 2.155374
v 0.425507 31.106339 2.755240
v 0.498772 30.129829 3.186045
v 0.007000 29.145218 3.504167
v 0.049885 29.909399 2.644861
v -0.502330 30.124676 3.145138
v 0.059587 31.255888 3.192726
v 0.009216 30.282806 3.688596
v -0.023911 35.178520 -0.414520
v 0.806788 34.852448 0.400681
v -0.008713 35.031147 0.282518
v -0.755524 34.912445 0.430618
v 1.556825 32.842480 0.250776
v 1.488776 33.393082 0.032428
v 1.680115 32.963840 0.178478
v 1.490216 32.391140 0.027909
v 1.171516 31.744995 -0.303502
v 1.114315 32.262157 -0.019186
v 0.792306 31.355572 -0.523274
v 0.589185 31.187063 -1.260585
v 0.641463 31.473801 -1.716675
v -0.535555 31.185339 -1.236427
v -0.975328 31.555418 -1.311111
v -1.204268 31.737734 -0.314882
v -0.886156 31.627899 -0.064836
v -1.268140 32.236797 -0.342471
v -0.926599 31.436132 0.949065
v -0.013628 30.994434 -0.234605
v -0.037819 30.991682 -1.361076
v -0.771166 31.349558 -0.552102
v -2.552409 2.669970 -0.452571
v -2.989909 2.625021 1.140239
v -2.052409 0.525303 1.851048
v -2.052409 -0.179327 1.791925
v -3.239909 -0.197501 1.479954
v -4.114909 -0.104211 -1.217537
v -3.927409 0.370349 -3.173445
v -4.052409 -0.117779 -3.170053
v -2.864909 0.605631 -3.863295
v -2.864909 -0.091609 -4.010497
v -1.489909 1.184018 -1.242494
v -1.364909 -0.175329 1.215717
v -2.239909 2.602850 1.404477
v -1.302409 0.577036 1.234497
v -1.739909 2.632411 1.052161
v -1.239909 0.698675 0.313364
v -1.552409 1.836916 -0.566819
v -1.489909 0.542508 -2.582456
v -1.864909 0.422083 -3.789997
v -3.989909 0.519731 -1.253883
v -3.177409 0.554865 1.498733
v -3.489909 1.682323 0.218500
v -3.239909 2.603456 0.340139
v -2.739909 0.968122 -2.369346
v -2.614909 1.649976 -0.981650
v -1.864909 2.647799 -0.188334
v -1.239909 1.634589 0.258845
v 2.489909 11.930268 -0.002513
v 1.739909 11.726530 -0.098804
v 1.427409 10.995719 0.514442
v 2.489909 11.068705 1.009087
v 1.677409 8.531620 0.941201
v 2.552409 8.693806 1.612214
v 1.614909 6.687859 1.718666
v 2.677409 7.051751 2.044033
v 2.552409 4.601834 1.710580
v 1.677409 4.315988 1.057814
v 1.552409 2.610069 1.056818
v 2.177409 4.602829 0.004662
v 1.802409 2.587759 0.049282
v 2.614909 2.613096 -0.207163
v 3.489909 4.861307 0.471937
v 3.177409 2.573576 0.809496
v 2.239909 2.568518 1.631539
v 3.302409 4.819755 1.046658
v 3.739909 8.769819 0.842878
v 2.552409 9.575648 1.166214
v 3.614909 10.773734 0.294490
v 3.302409 11.795452 -0.488034
v 2.364909 11.846127 -1.000925
v 3.489909 10.618639 -0.756629
v 3.677409 9.608077 0.529662
v 3.927409 7.498747 1.219957
v 3.864909 7.458190 0.088761
v 3.177409 7.330465 -0.776867
v 2.739909 4.795412 -0.402814
v 1.302409 5.410691 0.769934
v 1.239909 6.443563 0.491178
v 2.052409 6.890560 -0.332897
v 2.427409 7.074019 -0.802204
v 3.177409 8.628906 -0.968455
v 3.614909 8.738385 -0.226488
v 3.552409 9.700304 -0.557950
v 3.364909 10.978467 -1.315137
v 2.427409 10.914604 -1.747950
v 2.552409 10.456453 -1.427642
v 2.614909 9.643533 -1.370871
v 1.739909 9.725642 -0.814396
v 2.114909 8.576199 -0.897501
v 1.802409 10.476731 -0.862044
v 1.302409 10.858871 -0.413016
v 1.364909 9.736797 -0.310628
v 1.614909 8.543770 -0.260949
v 1.489909 9.608077 0.529662
v 1.614909 5.547539 1.697393
v 2.052409 0.573693 2.270868
v 1.302409 0.611870 1.653328
v 1.739909 2.662744 1.425888
v 2.239909 2.640928 1.778768
v 2.989909 2.657290 1.514108
v 3.177409 0.595508 1.917988
v 3.989909 0.499918 -0.833191
v 2.864909 0.528479 -3.443860
v 2.864909 -0.171827 -3.575710
v 1.489909 0.493507 -2.161944
v 1.489909 1.164295 -0.836397
v 1.614909 -0.098053 -0.471652
v 1.239909 1.647735 0.654682
v 1.239909 0.713245 0.729746
v 1.552409 1.831877 -0.175227
v 1.864909 0.346585 -3.366548
v 2.739909 0.923698 -1.958235
v 3.927409 0.308407 -2.749008
v 3.239909 2.618155 0.714675
v 2.427409 3.089730 0.965221
v 1.552409 2.618155 0.714675
v 1.864909 2.650878 0.185355
v 2.552409 2.667240 -0.079305
v 2.614909 1.635870 -0.585851
v 3.489909 1.694572 0.613299
v -2.625000 18.295727 -2.784399
v -1.750000 19.483227 -2.909399
v 0.000000 18.108227 -3.534399
v 0.000000 19.233227 -3.471899
v -2.750000 19.795727 2.465601
v 0.000000 20.233227 3.028101
v -2.625000 18.295727 3.153101
v -2.625000 15.170726 3.215600
v -2.812500 13.170726 3.090600
v 0.000000 13.170726 3.653100
v 2.812500 13.170726 3.090600
v 0.000000 15.170726 3.778100
v 2.625000 15.170726 3.215600
v 0.000000 18.233227 3.715601
v 2.625000 18.295727 3.153101
v 2.750000 19.795727 2.465601
v -1.427409 3.688707 0.922151
v -1.739909 3.765988 -0.473253
v -2.677409 3.773664 -0.915129
v -3.552409 3.735284 1.294247
v -1.552409 2.246552 -0.535010
v -1.302409 2.231287 0.852631
v -2.427409 2.231461 1.860414
v -2.552409 2.324006 -0.922632
v -3.427409 2.300892 -0.100898
v -3.552409 3.750549 -0.093394
v -3.427409 2.215847 1.232491
v -2.552409 3.681118 1.867918
v 2.437500 16.233227 -3.034399
v 2.625000 18.295727 -2.784399
v 0.000000 16.108227 -3.534399
v -2.437500 16.233227 -3.034399
v 2.437500 12.983228 -3.409400
v -2.437500 12.983228 -3.409400
v 0.000000 13.045728 -3.534400
v -1.875000 20.233227 2.590601
v 1.875000 20.233227 2.590601
v 2.000000 21.108227 2.965601
v 3.125000 20.233227 1.653101
v 3.812500 20.233227 0.090601
v 1.750000 19.483227 -2.909399
v -3.812500 20.233227 0.090601
v -2.000000 21.108227 2.965601
v 0.000000 21.108227 3.403101
v 0.000000 21.795727 2.965602
v 1.875000 21.795727 2.778102
v 4.000000 20.920727 0.090601
v 3.500000 20.483227 -1.971899
v 3.187500 21.170727 -1.971899
v 1.937500 20.045727 -3.346899
v 0.000000 19.858227 -3.909399
v 0.000000 20.670727 -3.784399
v -1.937500 20.045727 -3.346899
v -3.500000 20.483227 -1.971899
v -3.187500 21.170727 -1.971899
v -4.000000 20.920727 0.090601
v -3.750000 21.483227 -0.034398
v -2.802409 9.432528 -2.489784
v -1.114909 9.402542 -1.740382
v -0.427409 9.335073 -0.054231
v -1.177409 11.103686 -2.047614
v -0.364909 11.343470 -0.224068
v -0.177409 14.853167 -0.396383
v -1.052409 16.931530 -2.314820
v -0.989909 15.310329 -2.442241
v -3.427409 11.056230 -2.424813
v -4.052409 9.407540 -1.865282
v -4.989909 9.322579 0.258019
v -3.739909 9.320059 1.884219
v -1.552409 9.330054 1.634419
v -1.552409 11.645703 1.601976
v -0.552409 17.228767 -0.363876
v -2.427409 17.758375 -2.657036
v -2.239909 18.720072 -0.116553
v -3.614909 17.980688 -1.960090
v -4.114909 18.030622 -0.081591
v -3.489909 15.882375 -2.669551
v -4.489909 11.395925 0.028231
v -3.927409 14.945560 1.984215
v -3.864909 11.638207 1.789326
v -1.552409 14.640806 1.784371
v -3.739909 17.336155 1.642022
v -4.364909 15.904821 -0.104101
v -1.614909 16.324459 1.914291
v 3.750000 21.483227 -0.034398
v 0.000000 20.358227 -0.034399
v 1.875000 20.795727 -3.284399
v -1.875000 21.795727 2.778102
v -1.875000 20.795727 -3.284399
v -1.750000 17.983227 3.028101
v -3.875000 17.358227 1.903101
v -3.000000 20.233227 1.590601
v -4.312500 18.045727 -0.034399
v -3.687500 17.983227 -2.096899
v -3.250000 16.108227 0.653101
v -3.250000 19.920727 -1.721899
v 3.250000 19.920727 -1.721899
v 3.875000 17.358227 1.903101
v 0.000000 18.733227 3.153101
v -1.500000 16.295727 2.278101
v 0.000000 17.045727 2.528101
v 1.500000 16.295727 2.278101
v 0.000000 16.608227 -0.034399
v 3.250000 16.108227 0.653101
v 0.000000 16.920727 -2.284399
v 1.750000 17.983227 3.028101
v 3.687500 17.983227 -2.096899
v 4.312500 18.045727 -0.034399
v -1.677409 8.510519 0.696507
v -2.677409 7.006782 1.766566
v -1.677409 4.293342 0.720490
v -1.552409 2.587857 0.682022
v -1.802409 2.587683 -0.325760
v -2.614909 2.618648 -0.581587
v -3.489909 4.851399 0.146733
v -3.177409 2.556806 0.433958
v -2.239909 2.533690 1.255692
v -2.552409 4.564781 1.379378
v -2.552409 8.657927 1.370921
v -3.614909 10.766298 0.099203
v -2.552409 9.549354 0.944399
v -2.489909 11.045501 0.820107
v -2.489909 11.929078 -0.172324
v -2.364909 11.866888 -1.172343
v -1.739909 11.727504 -0.273067
v -1.427409 10.983398 0.323978
v -1.489909 9.595757 0.308713
v -1.614909 8.549073 -0.505086
v -1.614909 6.650125 1.433284
v -1.302409 5.394104 0.456727
v -1.614909 5.510548 1.386968
v -2.177409 4.603248 -0.326106
v -1.239909 6.432852 0.200726
v -2.052409 6.897842 -0.613332
v -2.739909 4.804736 -0.729254
v -3.864909 7.456073 -0.179306
v -3.302409 4.797233 0.720404
v -3.927409 7.471772 0.952508
v -3.739909 8.750821 0.603440
v -3.552409 9.711852 -0.776611
v -3.677409 9.595757 0.308713
v -3.489909 10.634330 -0.955070
v -3.302409 11.804959 -0.660689
v -2.427409 10.952000 -1.939651
v -3.364909 11.006340 -1.505538
v -3.614909 8.742885 -0.466358
v -3.177409 7.347393 -1.047531
v -3.177409 8.649730 -1.210551
v -2.427409 7.091566 -1.078496
v -2.114909 8.595477 -1.140772
v -2.614909 9.672952 -1.590583
v -1.802409 10.494773 -1.063577
v -2.552409 10.486923 -1.629484
v -1.302409 10.866956 -0.606262
v -1.739909 9.742817 -1.032438
v -1.364909 9.742904 -0.528547
vt 0.438721 0.005615
vt 0.383057 0.025635
vt 0.424805 0.034180
vt 0.316406 0.005615
vt 0.336182 0.030762
vt 0.380615 0.044189
vt 0.357178 0.051758
vt 0.521240 0.176270
vt 0.544922 0.181641
vt 0.507812 0.186035
vt 0.562744 0.229980
vt 0.512939 0.224121
vt 0.562256 0.265869
vt 0.506836 0.255859
vt 0.539062 0.277832
vt 0.516602 0.279053
vt 0.521240 0.176270
vt 0.507812 0.186035
vt 0.544922 0.181641
vt 0.562744 0.229980
vt 0.512939 0.224121
vt 0.562256 0.265869
vt 0.506836 0.255859
vt 0.539062 0.277832
vt 0.516602 0.279053
vt 0.202637 0.636719
vt 0.225098 0.645996
vt 0.211914 0.618652
vt 0.265625 0.625977
vt 0.234375 0.655762
vt 0.272217 0.638428
vt 0.243896 0.665771
vt 0.277588 0.653076
vt 0.202637 0.636719
vt 0.211914 0.618652
vt 0.225098 0.645996
vt 0.265625 0.625977
vt 0.234375 0.655762
vt 0.272217 0.638428
vt 0.243896 0.665771
vt 0.277588 0.653076
vt 0.114502 0.594238
vt 0.137451 0.581055
vt 0.136475 0.610596
vt 0.168457 0.581055
vt 0.168457 0.605225
vt 0.200928 0.587402
vt 0.114502 0.594238
vt 0.136475 0.610596
vt 0.137451 0.581055
vt 0.168457 0.581055
vt 0.168457 0.605225
vt 0.200928 0.587402
vt 0.961670 0.958252
vt 0.948242 0.965576
vt 0.965576 0.931152
vt 0.959229 0.915527
vt 0.942627 0.952148
vt 0.944336 0.919678
vt 1.001221 0.949951
vt 0.997803 0.965820
vt 1.000000 0.913330
vt 0.990723 0.909180
vt 0.988770 0.965332
vt 0.988037 0.931152
vt 0.965088 0.965576
vt 0.988037 0.999023
vt 0.965576 0.999023
vt 0.988037 0.910156
vt 0.965576 0.910156
vt 0.988037 0.883545
vt 0.965576 0.883545
vt 0.988037 0.845947
vt 0.965576 0.845947
vt 0.988037 0.816650
vt 0.965576 0.816650
vt 0.581787 0.781006
vt 0.550293 0.781006
vt 0.565918 0.749512
vt 0.550293 0.781006
vt 0.581787 0.781006
vt 0.550293 0.781006
vt 0.550293 0.781006
vt 0.550293 0.781006
vt 0.581787 0.781006
vt 0.550293 0.781006
vt 0.550293 0.781006
vt 0.727783 0.771484
vt 0.765625 0.739746
vt 0.738037 0.787598
vt 0.780518 0.761719
vt 0.727783 0.771484
vt 0.738037 0.787598
vt 0.322021 0.650879
vt 0.323242 0.665283
vt 0.324219 0.653320
vt 0.326172 0.662109
vt 0.322754 0.705811
vt 0.326660 0.710449
vt 0.356934 0.660156
vt 0.353027 0.706299
vt 0.391357 0.671387
vt 0.427246 0.687744
vt 0.421143 0.672852
vt 0.458252 0.688477
vt 0.413574 0.695557
vt 0.451660 0.698730
vt 0.460938 0.666748
vt 0.416504 0.619385
vt 0.460938 0.634521
vt 0.489258 0.601807
vt 0.483398 0.622070
vt 0.494385 0.630371
vt 0.510254 0.618408
vt 0.518555 0.607910
vt 0.508789 0.592773
vt 0.480957 0.576904
vt 0.510010 0.576172
vt 0.492920 0.562744
vt 0.460938 0.552490
vt 0.414795 0.589600
vt 0.386963 0.633301
vt 0.356201 0.626465
vt 0.319824 0.628418
vt 0.344482 0.580322
vt 0.384033 0.590088
vt 0.414307 0.554688
vt 0.377441 0.554932
vt 0.300049 0.558594
vt 0.318359 0.557373
vt 0.384033 0.556396
vt 0.353516 0.558350
vt 0.375732 0.556152
vt 0.345215 0.552979
vt 0.301270 0.554199
vt 0.296875 0.576660
vt 0.278809 0.576172
vt 0.276123 0.552002
vt 0.265381 0.563477
vt 0.249512 0.598633
vt 0.238525 0.579590
vt 0.278564 0.614502
vt 0.298828 0.622070
vt 0.314697 0.658936
vt 0.322021 0.641113
vt 0.321289 0.658203
vt 0.320557 0.701416
vt 0.312500 0.697998
vt 0.299561 0.657471
vt 0.298340 0.698242
vt 0.283203 0.699707
vt 0.280518 0.658936
vt 0.281982 0.629639
vt 0.474121 0.697021
vt 0.477051 0.694580
vt 0.465332 0.694824
vt 0.463135 0.690674
vt 0.469971 0.686279
vt 0.462402 0.656006
vt 0.469727 0.651611
vt 0.461670 0.636230
vt 0.471680 0.629395
vt 0.479248 0.660400
vt 0.479736 0.636230
vt 0.324219 0.653320
vt 0.326172 0.662109
vt 0.322021 0.650879
vt 0.323242 0.665283
vt 0.322754 0.705811
vt 0.326660 0.710449
vt 0.356934 0.660156
vt 0.353027 0.706299
vt 0.391357 0.671387
vt 0.427246 0.687744
vt 0.421143 0.672852
vt 0.458252 0.688477
vt 0.413574 0.695557
vt 0.451660 0.698730
vt 0.460938 0.666748
vt 0.416504 0.619385
vt 0.460938 0.634521
vt 0.489258 0.601807
vt 0.483398 0.622070
vt 0.494385 0.630371
vt 0.510254 0.618408
vt 0.518555 0.607910
vt 0.508789 0.592773
vt 0.480957 0.576904
vt 0.510010 0.576172
vt 0.492920 0.562744
vt 0.460938 0.552490
vt 0.414795 0.589600
vt 0.386963 0.633301
vt 0.356201 0.626465
vt 0.319824 0.628418
vt 0.344482 0.580322
vt 0.384033 0.590088
vt 0.414307 0.554688
vt 0.377441 0.554932
vt 0.300049 0.558594
vt 0.318359 0.557373
vt 0.384033 0.556396
vt 0.353516 0.558350
vt 0.375732 0.556152
vt 0.345215 0.552979
vt 0.301270 0.554199
vt 0.296875 0.576660
vt 0.298828 0.622070
vt 0.278564 0.614502
vt 0.281982 0.629639
vt 0.299561 0.657471
vt 0.280518 0.658936
vt 0.283203 0.699707
vt 0.298340 0.698242
vt 0.314697 0.658936
vt 0.312500 0.697998
vt 0.320557 0.701416
vt 0.321289 0.658203
vt 0.322021 0.641113
vt 0.474121 0.697021
vt 0.465332 0.694824
vt 0.477051 0.694580
vt 0.463135 0.690674
vt 0.469971 0.686279
vt 0.469727 0.651611
vt 0.479248 0.660400
vt 0.479736 0.636230
vt 0.471680 0.629395
vt 0.462402 0.656006
vt 0.461670 0.636230
vt 0.442627 0.705566
vt 0.487793 0.725342
vt 0.397217 0.734863
vt 0.448730 0.754639
vt 0.509766 0.769775
vt 0.467529 0.786865
vt 0.473877 0.801025
vt 0.486328 0.847656
vt 0.537842 0.810303
vt 0.515137 0.872070
vt 0.555664 0.846680
vt 0.527832 0.914795
vt 0.566162 0.899902
vt 0.515137 0.872070
vt 0.555664 0.846680
vt 0.486328 0.847656
vt 0.537842 0.810303
vt 0.473877 0.801025
vt 0.509766 0.769775
vt 0.397217 0.734863
vt 0.448730 0.754639
vt 0.442627 0.705566
vt 0.487793 0.725342
vt 0.467529 0.786865
vt 0.278809 0.576172
vt 0.276123 0.552002
vt 0.265381 0.563477
vt 0.249512 0.598633
vt 0.238525 0.579590
vt 0.628906 0.084717
vt 0.650391 0.122559
vt 0.676758 0.084717
vt 0.755371 0.085449
vt 0.755615 0.131592
vt 0.824463 0.085449
vt 0.821777 0.136963
vt 0.913574 0.085449
vt 0.912354 0.142334
vt 0.993896 0.085449
vt 0.993896 0.139893
vt 0.912354 0.196533
vt 0.993896 0.185059
vt 0.918213 0.243408
vt 0.965820 0.247314
vt 0.861572 0.270996
vt 0.554443 0.260742
vt 0.614990 0.268066
vt 0.669189 0.272949
vt 0.645752 0.232422
vt 0.560791 0.221436
vt 0.487061 0.260010
vt 0.487061 0.215576
vt 0.561523 0.138916
vt 0.487061 0.142334
vt 0.487061 0.085449
vt 0.560303 0.085449
vt 0.772461 0.226318
vt 0.825439 0.207275
vt 0.817871 0.271484
vt 0.759033 0.272217
vt 0.755371 0.705322
vt 0.676514 0.718750
vt 0.713379 0.784180
vt 0.633545 0.741455
vt 0.641113 0.791992
vt 0.589844 0.766846
vt 0.579346 0.808105
vt 0.561279 0.834717
vt 0.556641 0.815918
vt 0.569092 0.721680
vt 0.545898 0.790039
vt 0.529053 0.718506
vt 0.524902 0.781982
vt 0.569092 0.721680
vt 0.545898 0.790039
vt 0.589844 0.766846
vt 0.556641 0.815918
vt 0.561279 0.834717
vt 0.579346 0.808105
vt 0.633545 0.741455
vt 0.641113 0.791992
vt 0.676514 0.718750
vt 0.713379 0.784180
vt 0.755371 0.705322
vt 0.691406 0.663086
vt 0.640625 0.689209
vt 0.529053 0.703613
vt 0.640625 0.689209
vt 0.691406 0.663086
vt 0.759277 0.661133
vt 0.825928 0.701660
vt 0.804688 0.783203
vt 0.813477 0.743164
vt 0.861328 0.787109
vt 0.933594 0.757568
vt 0.931641 0.794189
vt 0.989502 0.756348
vt 0.989502 0.799316
vt 0.933594 0.757568
vt 0.931641 0.794189
vt 0.813477 0.743164
vt 0.861328 0.787109
vt 0.804688 0.783203
vt 0.825928 0.701660
vt 0.939453 0.645508
vt 0.817627 0.654297
vt 0.759277 0.661133
vt 0.763672 0.581787
vt 0.905762 0.527100
vt 0.761719 0.506348
vt 0.886475 0.423096
vt 0.760010 0.409424
vt 0.887695 0.352051
vt 0.744141 0.344971
vt 0.771484 0.350586
vt 0.664795 0.339111
vt 0.653076 0.333496
vt 0.595947 0.334473
vt 0.640381 0.333740
vt 0.788086 0.349609
vt 0.989502 0.349854
vt 0.989502 0.430664
vt 0.989502 0.534668
vt 0.989502 0.646484
vt 0.939453 0.645508
vt 0.814453 0.651367
vt 0.763672 0.581787
vt 0.665527 0.593750
vt 0.666260 0.527100
vt 0.613525 0.543701
vt 0.625000 0.603271
vt 0.529053 0.619385
vt 0.625000 0.603271
vt 0.665527 0.593750
vt 0.666260 0.527100
vt 0.664062 0.489502
vt 0.661133 0.393311
vt 0.596924 0.392578
vt 0.605957 0.491943
vt 0.612061 0.525635
vt 0.613525 0.543701
vt 0.529053 0.570068
vt 0.612061 0.525635
vt 0.664062 0.489502
vt 0.761719 0.506348
vt 0.905762 0.527100
vt 0.886475 0.423096
vt 0.887695 0.352051
vt 0.771484 0.350586
vt 0.653076 0.333496
vt 0.529053 0.335693
vt 0.529053 0.398193
vt 0.529053 0.501465
vt 0.529053 0.556885
vt 0.605957 0.491943
vt 0.661133 0.393311
vt 0.760010 0.409424
vt 0.744141 0.344971
vt 0.664795 0.339111
vt 0.596924 0.392578
vt 0.595947 0.334473
vt 0.076660 0.322266
vt 0.017822 0.322266
vt 0.052979 0.349121
vt 0.032959 0.381348
vt 0.003662 0.382324
vt 0.035400 0.403320
vt 0.037598 0.438477
vt 0.003662 0.483643
vt 0.025635 0.462402
vt 0.018555 0.490479
vt 0.021484 0.527344
vt 0.003662 0.524658
vt 0.020508 0.547363
vt 0.073975 0.520264
vt 0.072510 0.545898
vt 0.101318 0.509277
vt 0.104004 0.538086
vt 0.153809 0.517822
vt 0.157227 0.539062
vt 0.208008 0.515625
vt 0.213379 0.534424
vt 0.254639 0.512451
vt 0.255371 0.532959
vt 0.265137 0.427734
vt 0.270264 0.362793
vt 0.263916 0.423584
vt 0.258545 0.376953
vt 0.257812 0.419434
vt 0.208984 0.385742
vt 0.207764 0.364746
vt 0.255371 0.339844
vt 0.208496 0.344971
vt 0.213379 0.326172
vt 0.154541 0.344971
vt 0.157227 0.318604
vt 0.103271 0.333740
vt 0.098145 0.361572
vt 0.095215 0.383545
vt 0.089355 0.404053
vt 0.064209 0.439209
vt 0.062500 0.464844
vt 0.054932 0.484375
vt 0.060547 0.500732
vt 0.098633 0.486816
vt 0.099609 0.466309
vt 0.099854 0.437256
vt 0.153564 0.443848
vt 0.158203 0.466553
vt 0.151367 0.495850
vt 0.207031 0.492432
vt 0.253662 0.491455
vt 0.253174 0.472656
vt 0.255371 0.446289
vt 0.212891 0.411133
vt 0.156494 0.385010
vt 0.154541 0.363281
vt 0.160156 0.408203
vt 0.183594 0.447998
vt 0.213135 0.464600
vt 0.215088 0.443359
vt 0.517578 0.478516
vt 0.508057 0.500000
vt 0.504150 0.539795
vt 0.463135 0.496094
vt 0.463623 0.539307
vt 0.387939 0.520508
vt 0.390625 0.541260
vt 0.312988 0.525146
vt 0.312256 0.541992
vt 0.271240 0.542236
vt 0.270508 0.526855
vt 0.311035 0.488770
vt 0.386719 0.494385
vt 0.386719 0.473389
vt 0.319092 0.470215
vt 0.318115 0.445801
vt 0.385986 0.448486
vt 0.469238 0.458984
vt 0.508789 0.460205
vt 0.516357 0.453369
vt 0.518555 0.367920
vt 0.508057 0.404785
vt 0.476562 0.362061
vt 0.472168 0.396729
vt 0.393311 0.344482
vt 0.389160 0.382812
vt 0.310547 0.330811
vt 0.308838 0.364014
vt 0.271240 0.341797
vt 0.236084 0.394531
vt 0.250732 0.454834
vt 0.272705 0.489258
vt 0.293457 0.469482
vt 0.293457 0.441406
vt 0.275879 0.468750
vt 0.250732 0.455566
vt 0.238525 0.408203
vt 0.290771 0.411865
vt 0.324219 0.409912
vt 0.384277 0.415527
vt 0.469482 0.428955
vt 0.509521 0.432861
vt 0.325439 0.386475
vt 0.295166 0.384521
vt 0.017822 0.322266
vt 0.076660 0.322266
vt 0.052979 0.349121
vt 0.098145 0.361572
vt 0.103271 0.333740
vt 0.154541 0.344971
vt 0.157227 0.318604
vt 0.208496 0.344971
vt 0.213379 0.326172
vt 0.255371 0.339844
vt 0.270264 0.362793
vt 0.207764 0.364746
vt 0.154541 0.363281
vt 0.095215 0.383545
vt 0.032959 0.381348
vt 0.003662 0.382324
vt 0.035400 0.403320
vt 0.037598 0.438477
vt 0.003662 0.483643
vt 0.025635 0.462402
vt 0.018555 0.490479
vt 0.021484 0.527344
vt 0.003662 0.524658
vt 0.020508 0.547363
vt 0.073975 0.520264
vt 0.072510 0.545898
vt 0.101318 0.509277
vt 0.104004 0.538086
vt 0.153809 0.517822
vt 0.157227 0.539062
vt 0.208008 0.515625
vt 0.213379 0.534424
vt 0.254639 0.512451
vt 0.255371 0.532959
vt 0.265137 0.427734
vt 0.258545 0.376953
vt 0.208984 0.385742
vt 0.156494 0.385010
vt 0.089355 0.404053
vt 0.064209 0.439209
vt 0.062500 0.464844
vt 0.054932 0.484375
vt 0.060547 0.500732
vt 0.098633 0.486816
vt 0.099609 0.466309
vt 0.099854 0.437256
vt 0.160156 0.408203
vt 0.212891 0.411133
vt 0.257812 0.419434
vt 0.263916 0.423584
vt 0.253662 0.491455
vt 0.207031 0.492432
vt 0.151367 0.495850
vt 0.158203 0.466553
vt 0.153564 0.443848
vt 0.183594 0.447998
vt 0.213135 0.464600
vt 0.253174 0.472656
vt 0.255371 0.446289
vt 0.215088 0.443359
vt 0.517578 0.478516
vt 0.504150 0.539795
vt 0.508057 0.500000
vt 0.463135 0.496094
vt 0.463623 0.539307
vt 0.387939 0.520508
vt 0.390625 0.541260
vt 0.312988 0.525146
vt 0.312256 0.541992
vt 0.271240 0.542236
vt 0.270508 0.526855
vt 0.311035 0.488770
vt 0.386719 0.494385
vt 0.386719 0.473389
vt 0.319092 0.470215
vt 0.293457 0.469482
vt 0.318115 0.445801
vt 0.385986 0.448486
vt 0.469238 0.458984
vt 0.508789 0.460205
vt 0.516357 0.453369
vt 0.509521 0.432861
vt 0.508057 0.404785
vt 0.518555 0.367920
vt 0.472168 0.396729
vt 0.476562 0.362061
vt 0.389160 0.382812
vt 0.393311 0.344482
vt 0.308838 0.364014
vt 0.310547 0.330811
vt 0.271240 0.341797
vt 0.236084 0.394531
vt 0.250732 0.454834
vt 0.250732 0.455566
vt 0.272705 0.489258
vt 0.275879 0.468750
vt 0.238525 0.408203
vt 0.295166 0.384521
vt 0.325439 0.386475
vt 0.384277 0.415527
vt 0.469482 0.428955
vt 0.324219 0.409912
vt 0.290771 0.411865
vt 0.293457 0.441406
vt 0.226807 0.754639
vt 0.191162 0.688477
vt 0.174072 0.733643
vt 0.124268 0.703857
vt 0.122803 0.652344
vt 0.086914 0.691895
vt 0.078369 0.653076
vt 0.064209 0.666504
vt 0.043457 0.635742
vt 0.039307 0.653320
vt 0.002441 0.628174
vt 0.002441 0.661377
vt 0.043457 0.635742
vt 0.039307 0.653320
vt 0.078369 0.653076
vt 0.064209 0.666504
vt 0.086914 0.691895
vt 0.122803 0.652344
vt 0.124268 0.703857
vt 0.191162 0.688477
vt 0.174072 0.733643
vt 0.226807 0.754639
vt 0.219482 0.838135
vt 0.247314 0.771240
vt 0.267822 0.766113
vt 0.263916 0.826904
vt 0.293213 0.839600
vt 0.249268 0.883057
vt 0.246582 0.890625
vt 0.310059 0.906494
vt 0.337891 0.859131
vt 0.380859 0.794189
vt 0.265869 0.708008
vt 0.376465 0.729004
vt 0.458252 0.863037
vt 0.439697 0.773438
vt 0.380859 0.794189
vt 0.376465 0.729004
vt 0.265869 0.708008
vt 0.267822 0.766113
vt 0.337891 0.859131
vt 0.293213 0.839600
vt 0.310059 0.906494
vt 0.249268 0.883057
vt 0.246582 0.890625
vt 0.219482 0.838135
vt 0.206787 0.886963
vt 0.250488 0.914795
vt 0.299316 0.933838
vt 0.193848 0.918213
vt 0.167236 0.907471
vt 0.158447 0.865967
vt 0.128662 0.835205
vt 0.135742 0.815430
vt 0.161377 0.799561
vt 0.162598 0.771729
vt 0.127197 0.749756
vt 0.087158 0.734131
vt 0.060303 0.700439
vt 0.066406 0.691895
vt 0.055908 0.695801
vt 0.048828 0.687012
vt 0.002441 0.679688
vt 0.048828 0.687012
vt 0.066406 0.691895
vt 0.055908 0.695801
vt 0.060303 0.700439
vt 0.087158 0.734131
vt 0.127197 0.749756
vt 0.162598 0.771729
vt 0.161377 0.799561
vt 0.135742 0.815430
vt 0.128662 0.835205
vt 0.104492 0.812744
vt 0.106445 0.825439
vt 0.114990 0.847656
vt 0.101807 0.836426
vt 0.086670 0.848633
vt 0.087891 0.823730
vt 0.082275 0.833252
vt 0.077393 0.825928
vt 0.069336 0.820312
vt 0.065430 0.827393
vt 0.056396 0.824219
vt 0.053955 0.820557
vt 0.054443 0.816895
vt 0.060547 0.813965
vt 0.071045 0.812744
vt 0.080566 0.812988
vt 0.089600 0.817139
vt 0.092529 0.820068
vt 0.088135 0.804443
vt 0.105957 0.794922
vt 0.121094 0.783691
vt 0.126709 0.764404
vt 0.089355 0.758789
vt 0.062500 0.756592
vt 0.052490 0.739990
vt 0.048340 0.725830
vt 0.047119 0.710205
vt 0.039062 0.701660
vt 0.033936 0.698486
vt 0.035645 0.690430
vt 0.002441 0.689209
vt 0.002441 0.698730
vt 0.002197 0.702393
vt 0.002441 0.712891
vt 0.002441 0.725586
vt 0.002441 0.735107
vt 0.034180 0.741699
vt 0.039062 0.755615
vt 0.030029 0.750488
vt 0.025635 0.756104
vt 0.021729 0.746826
vt 0.002441 0.746582
vt 0.013916 0.755859
vt 0.013184 0.763428
vt 0.027344 0.768311
vt 0.042725 0.768555
vt 0.033447 0.776123
vt 0.056152 0.776367
vt 0.063232 0.781006
vt 0.086670 0.779053
vt 0.083984 0.792480
vt 0.073975 0.802490
vt 0.060059 0.805664
vt 0.050537 0.812988
vt 0.048096 0.816406
vt 0.046387 0.823486
vt 0.053467 0.831299
vt 0.063232 0.834717
vt 0.054199 0.845459
vt 0.038818 0.823486
vt 0.041016 0.814453
vt 0.046143 0.804932
vt 0.064697 0.796631
vt 0.062500 0.790039
vt 0.041748 0.794434
vt 0.023682 0.825684
vt 0.018311 0.840088
vt 0.020264 0.846680
vt 0.020752 0.859131
vt 0.047119 0.858398
vt 0.047119 0.710205
vt 0.039062 0.701660
vt 0.033936 0.698486
vt 0.035645 0.690430
vt 0.048340 0.725830
vt 0.052490 0.739990
vt 0.034180 0.741699
vt 0.021729 0.746826
vt 0.002441 0.753418
vt 0.002441 0.763428
vt 0.015137 0.771484
vt 0.023682 0.784180
vt 0.041748 0.783691
vt 0.002441 0.821289
vt 0.002441 0.844971
vt 0.002441 0.854736
vt 0.002441 0.864258
vt 0.020264 0.846680
vt 0.020752 0.859131
vt 0.054199 0.845459
vt 0.047119 0.858398
vt 0.070068 0.914062
vt 0.004150 0.904541
vt 0.070068 0.914062
vt 0.079346 0.864014
vt 0.114990 0.860596
vt 0.158447 0.865967
vt 0.206787 0.886963
vt 0.250488 0.914795
vt 0.299316 0.933838
vt 0.354004 0.938232
vt 0.380859 0.924316
vt 0.447021 0.904541
vt 0.483154 0.956299
vt 0.472412 0.907471
vt 0.447021 0.904541
vt 0.380859 0.924316
vt 0.354004 0.938232
vt 0.323730 0.965332
vt 0.257568 0.934814
vt 0.183350 0.956055
vt 0.158691 0.954590
vt 0.132812 0.948242
vt 0.124268 0.910400
vt 0.114990 0.860596
vt 0.114990 0.847656
vt 0.106445 0.825439
vt 0.104492 0.812744
vt 0.092529 0.820068
vt 0.089600 0.817139
vt 0.069336 0.820312
vt 0.080566 0.812988
vt 0.071045 0.812744
vt 0.060547 0.813965
vt 0.054443 0.816895
vt 0.053955 0.820557
vt 0.056396 0.824219
vt 0.065430 0.827393
vt 0.077393 0.825928
vt 0.087891 0.823730
vt 0.101807 0.836426
vt 0.086670 0.848633
vt 0.079346 0.864014
vt 0.082275 0.833252
vt 0.063232 0.834717
vt 0.053467 0.831299
vt 0.046387 0.823486
vt 0.048096 0.816406
vt 0.050537 0.812988
vt 0.060059 0.805664
vt 0.073975 0.802490
vt 0.088135 0.804443
vt 0.105957 0.794922
vt 0.121094 0.783691
vt 0.126709 0.764404
vt 0.089355 0.758789
vt 0.062500 0.756592
vt 0.039062 0.755615
vt 0.030029 0.750488
vt 0.025635 0.756104
vt 0.042725 0.768555
vt 0.056152 0.776367
vt 0.063232 0.781006
vt 0.086670 0.779053
vt 0.083984 0.792480
vt 0.064697 0.796631
vt 0.046143 0.804932
vt 0.041016 0.814453
vt 0.038818 0.823486
vt 0.018311 0.840088
vt 0.023682 0.825684
vt 0.041748 0.794434
vt 0.062500 0.790039
vt 0.041748 0.783691
vt 0.033447 0.776123
vt 0.027344 0.768311
vt 0.015137 0.771484
vt 0.023682 0.784180
vt 0.002441 0.787598
vt 0.002441 0.774414
vt 0.013184 0.763428
vt 0.013916 0.755859
vt 0.124268 0.910400
vt 0.167236 0.907471
vt 0.193848 0.918213
vt 0.257568 0.934814
vt 0.323730 0.965332
vt 0.393066 0.997070
vt 0.421143 0.997070
vt 0.462646 0.997070
vt 0.484619 0.997070
vt 0.513428 0.959961
vt 0.511963 0.921143
vt 0.483154 0.956299
vt 0.320312 0.997803
vt 0.270996 0.979736
vt 0.266357 0.957275
vt 0.212402 0.956543
vt 0.183350 0.956055
vt 0.158691 0.954590
vt 0.132812 0.948242
vt 0.077148 0.956787
vt 0.005127 0.950928
vt 0.077148 0.956787
vt 0.107178 0.974121
vt 0.005615 0.970703
vt 0.107178 0.974121
vt 0.125488 0.982178
vt 0.170410 0.981689
vt 0.228760 0.965576
vt 0.227539 0.979248
vt 0.149902 0.999023
vt 0.069580 0.998779
vt 0.043945 0.989990
vt 0.125488 0.982178
vt 0.212402 0.956543
vt 0.266357 0.957275
vt 0.270996 0.979736
vt 0.211426 0.998779
vt 0.170410 0.981689
vt 0.228760 0.965576
vt 0.227539 0.979248
vt 0.513428 0.959961
vt 0.550293 0.965576
vt 0.552490 0.924805
vt 0.579834 0.997070
vt 0.550293 0.965576
vt 0.516846 0.997070
vt 0.556396 0.997070
vt 0.263672 0.997803
vt 0.247314 0.771240
vt 0.263916 0.826904
vt 0.221436 0.708984
vt 0.168457 0.656494
vt 0.059326 0.608643
vt 0.010986 0.592285
vt 0.059326 0.608643
vt 0.168457 0.656494
vt 0.221436 0.708984
vt 0.078125 0.588379
vt 0.068115 0.592529
vt 0.070068 0.561279
vt 0.042236 0.593506
vt 0.033203 0.561768
vt 0.042236 0.593506
vt 0.068115 0.592529
vt 0.078125 0.588379
vt 0.097168 0.561035
vt 0.094482 0.581299
vt 0.094482 0.581299
vt 0.410400 0.046631
vt 0.459229 0.072510
vt 0.455811 0.005615
vt 0.475586 0.005615
vt 0.476318 0.078125
vt 0.451660 0.187012
vt 0.476318 0.192871
vt 0.442627 0.285889
vt 0.476318 0.305420
vt 0.375244 0.291016
vt 0.370361 0.318604
vt 0.298340 0.283447
vt 0.256104 0.306396
vt 0.292236 0.218994
vt 0.250244 0.226074
vt 0.311523 0.143799
vt 0.250244 0.160156
vt 0.277832 0.099854
vt 0.250244 0.057129
vt 0.274170 0.055420
vt 0.249023 0.020020
vt 0.270996 0.020264
vt 0.287598 0.004395
vt 0.301270 0.070801
vt 0.332031 0.094482
vt 0.387451 0.131836
vt 0.381836 0.218750
vt 0.423828 0.105713
vt 0.233398 0.002686
vt 0.193359 0.002686
vt 0.233398 0.047852
vt 0.211426 0.045410
vt 0.171631 0.046143
vt 0.214844 0.095459
vt 0.233398 0.090576
vt 0.218506 0.135010
vt 0.244141 0.135742
vt 0.218018 0.191650
vt 0.244141 0.197266
vt 0.215576 0.221680
vt 0.244141 0.252686
vt 0.194336 0.258789
vt 0.244141 0.313232
vt 0.189941 0.313232
vt 0.145996 0.246582
vt 0.146973 0.313232
vt 0.115967 0.239014
vt 0.113037 0.313232
vt 0.069580 0.239258
vt 0.050537 0.313232
vt 0.033203 0.244629
vt 0.009766 0.311768
vt 0.009766 0.253906
vt 0.043701 0.167236
vt 0.005615 0.197754
vt 0.046875 0.130127
vt 0.005127 0.138184
vt 0.051514 0.101074
vt 0.005127 0.103760
vt 0.056885 0.061279
vt 0.005127 0.057861
vt 0.059326 0.013672
vt 0.004639 0.002686
vt 0.126709 0.014404
vt 0.126709 0.036865
vt 0.080811 0.047607
vt 0.080811 0.059814
vt 0.085205 0.086426
vt 0.081299 0.123047
vt 0.077148 0.159912
vt 0.112305 0.160645
vt 0.136963 0.168701
vt 0.150879 0.176025
vt 0.187012 0.222900
vt 0.191162 0.194824
vt 0.180176 0.126953
vt 0.154053 0.122559
vt 0.117432 0.120361
vt 0.131104 0.084961
vt 0.136719 0.058838
vt 0.173340 0.061768
vt 0.168213 0.084229
vt 0.184814 0.092041
vt 0.249023 0.020020
vt 0.270996 0.020264
vt 0.250244 0.057129
vt 0.274170 0.055420
vt 0.287598 0.004395
vt 0.316406 0.005615
vt 0.336182 0.030762
vt 0.438721 0.005615
vt 0.383057 0.025635
vt 0.424805 0.034180
vt 0.455811 0.005615
vt 0.459229 0.072510
vt 0.475586 0.005615
vt 0.476318 0.078125
vt 0.451660 0.187012
vt 0.476318 0.192871
vt 0.442627 0.285889
vt 0.476318 0.305420
vt 0.375244 0.291016
vt 0.370361 0.318604
vt 0.298340 0.283447
vt 0.256104 0.306396
vt 0.292236 0.218994
vt 0.250244 0.226074
vt 0.311523 0.143799
vt 0.250244 0.160156
vt 0.277832 0.099854
vt 0.301270 0.070801
vt 0.332031 0.094482
vt 0.387451 0.131836
vt 0.381836 0.218750
vt 0.423828 0.105713
vt 0.410400 0.046631
vt 0.380615 0.044189
vt 0.357178 0.051758
vt 0.925537 0.999756
vt 0.925537 0.967773
vt 0.874756 0.997803
vt 0.879395 0.903809
vt 0.927246 0.902832
vt 0.874023 0.808105
vt 0.926025 0.847168
vt 0.925781 0.806885
vt 0.925781 0.806885
vt 0.912109 0.807861
vt 0.926270 0.837891
vt 0.822754 0.809326
vt 0.927246 0.902832
vt 0.821045 0.902832
vt 0.680908 0.813232
vt 0.683350 0.902832
vt 0.587402 0.815674
vt 0.587402 0.902832
vt 0.587402 0.998291
vt 0.680908 0.999512
vt 0.822754 0.998779
vt 0.925537 0.967773
vt 0.925537 0.999756
vt 0.901123 0.996094
vt 0.961670 0.958252
vt 0.965576 0.931152
vt 0.948242 0.965576
vt 0.959229 0.915527
vt 0.942627 0.952148
vt 0.944336 0.919678
vt 1.000000 0.913330
vt 0.990723 0.909180
vt 1.001221 0.949951
vt 0.997803 0.965820
vt 0.988037 0.931152
vt 0.988770 0.965332
vt 0.965088 0.965576
vt 0.988037 0.999023
vt 0.965576 0.999023
vt 0.988037 0.910156
vt 0.965576 0.910156
vt 0.988037 0.883545
vt 0.965576 0.883545
vt 0.988037 0.845947
vt 0.965576 0.845947
vt 0.988037 0.816650
vt 0.965576 0.816650
vt 0.765869 0.809326
vt 0.760742 0.900391
vt 0.764404 0.997314
vt 0.587402 0.900391
vt 0.587402 0.815918
vt 0.587402 0.998291
vt 0.816895 0.000244
vt 0.887207 0.000244
vt 0.887207 0.040039
vt 0.999023 0.000244
vt 0.999023 0.040039
vt 0.887207 0.000244
vt 0.887207 0.040039
vt 0.807861 0.000244
vt 0.733154 0.040039
vt 0.733154 0.000244
vt 0.646240 0.040039
vt 0.646240 0.000244
vt 0.559570 0.040039
vt 0.559570 0.000244
vt 0.481201 0.040039
vt 0.481201 0.000244
vt 0.559570 0.040039
vt 0.559570 0.000244
vt 0.646240 0.040039
vt 0.646240 0.000244
vt 0.733154 0.040039
vt 0.733154 0.000244
vt 0.887207 0.078857
vt 0.999023 0.078857
vt 0.887207 0.078857
vt 0.733154 0.078857
vt 0.646240 0.078857
vt 0.559326 0.078857
vt 0.481201 0.078857
vt 0.559326 0.078857
vt 0.646240 0.078857
vt 0.733154 0.078857
vt 0.676758 0.084717
vt 0.650391 0.124268
vt 0.628906 0.084717
vt 0.560303 0.085449
vt 0.561523 0.138916
vt 0.487061 0.085449
vt 0.487061 0.142334
vt 0.560791 0.221436
vt 0.487061 0.215576
vt 0.487061 0.260010
vt 0.554443 0.260742
vt 0.645752 0.232422
vt 0.755615 0.131592
vt 0.755371 0.085449
vt 0.821777 0.136963
vt 0.824463 0.085449
vt 0.912354 0.142334
vt 0.913574 0.085449
vt 0.993896 0.085449
vt 0.993896 0.139893
vt 0.912354 0.196533
vt 0.993896 0.185059
vt 0.918213 0.243408
vt 0.965820 0.247314
vt 0.861572 0.270996
vt 0.614990 0.268066
vt 0.669189 0.272461
vt 0.759033 0.270264
vt 0.772461 0.226318
vt 0.825439 0.207275
vt 0.817871 0.271484
vt 0.718262 0.507812
vt 0.753174 0.473389
vt 0.721191 0.533691
vt 0.764893 0.516602
vt 0.783691 0.473145
vt 0.806885 0.485107
vt 0.819336 0.508301
vt 0.818115 0.535889
vt 0.775146 0.574219
vt 0.729248 0.558594
vt 0.802246 0.559082
vt 0.989502 0.269043
vt 0.914551 0.277100
vt 0.992188 0.251221
vt 0.847412 0.265381
vt 0.901611 0.298584
vt 0.817871 0.271484
vt 0.899658 0.346191
vt 0.820557 0.339355
vt 0.759033 0.268311
vt 0.757324 0.338379
vt 0.669189 0.272949
vt 0.714355 0.284668
vt 0.554443 0.260742
vt 0.648438 0.326172
vt 0.531250 0.329834
vt 0.669189 0.272949
vt 0.648438 0.326172
vt 0.759033 0.268311
vt 0.757324 0.338379
vt 0.817871 0.271484
vt 0.820557 0.339355
vt 0.901611 0.298584
vt 0.899658 0.346191
vt 0.989502 0.315186
vt 0.989502 0.351807
vt 0.914551 0.277100
vt 0.847412 0.265381
vt 0.233398 0.002686
vt 0.233398 0.047852
vt 0.193359 0.002686
vt 0.211426 0.045410
vt 0.233398 0.090576
vt 0.214844 0.095459
vt 0.244141 0.135742
vt 0.218506 0.135010
vt 0.244141 0.197266
vt 0.218018 0.191650
vt 0.244141 0.252686
vt 0.215576 0.221680
vt 0.194336 0.258789
vt 0.244141 0.313232
vt 0.189941 0.313232
vt 0.145996 0.246582
vt 0.146973 0.313232
vt 0.115967 0.239014
vt 0.113037 0.313232
vt 0.069580 0.239258
vt 0.050537 0.313232
vt 0.033203 0.244629
vt 0.009766 0.311768
vt 0.009766 0.253906
vt 0.043701 0.167236
vt 0.005615 0.197754
vt 0.046875 0.130127
vt 0.005127 0.138184
vt 0.051514 0.101074
vt 0.005127 0.103760
vt 0.056885 0.061279
vt 0.005127 0.057861
vt 0.059326 0.013672
vt 0.004639 0.002686
vt 0.126709 0.014404
vt 0.171631 0.046143
vt 0.184814 0.092041
vt 0.180176 0.126953
vt 0.191162 0.194824
vt 0.187012 0.222900
vt 0.150879 0.176025
vt 0.136963 0.168701
vt 0.112305 0.160645
vt 0.077148 0.159912
vt 0.081299 0.123047
vt 0.085205 0.086426
vt 0.080811 0.059814
vt 0.080811 0.047607
vt 0.126709 0.036865
vt 0.136719 0.058838
vt 0.131104 0.084961
vt 0.117432 0.120361
vt 0.154053 0.122559
vt 0.168213 0.084229
vt 0.173340 0.061768
vn 0.4274 -0.8866 -0.1766
vn 0.2115 -0.5059 -0.8363
vn -0.2929 -0.8804 -0.3731
vn 0.7183 0.4785 0.5051
vn -0.0431 0.9652 0.2581
vn 0.2208 0.9644 -0.1454
vn -0.7746 -0.2949 -0.5595
vn 0.0000 0.9925 0.1225
vn -0.4554 0.3102 -0.8345
vn 0.9226 0.3469 0.1687
vn 0.5133 -0.5528 -0.6564
vn 0.1583 -0.5518 0.8188
vn 0.2787 -0.6361 -0.7195
vn 0.0145 -0.9996 -0.0256
vn 0.9561 0.2377 -0.1711
vn 0.1498 -0.9887 -0.0106
vn 0.8549 0.2349 0.4626
vn 0.1184 -0.9929 -0.0062
vn -0.0560 -0.9537 0.2956
vn 0.5701 -0.3186 -0.7573
vn -0.2032 0.5878 0.7831
vn 0.8925 0.2809 -0.3529
vn -0.6564 -0.6913 -0.3022
vn 0.1216 -0.9923 0.0230
vn 0.9732 0.2277 -0.0320
vn 0.1003 -0.9943 -0.0350
vn 0.9638 0.2542 0.0809
vn -0.2215 -0.9414 0.2545
vn -0.5691 0.3182 -0.7583
vn 0.4544 -0.4332 0.7783
vn 0.3709 0.9175 0.1433
vn -0.4081 0.7961 -0.4468
vn -0.7955 0.2402 0.5564
vn 0.5025 0.0757 0.8613
vn -0.4318 -0.8541 0.2900
vn 0.1935 -0.9762 -0.0982
vn 0.5035 -0.7495 -0.4299
vn 0.7733 -0.6025 -0.1976
vn 0.5730 0.8157 0.0796
vn 0.8749 0.4642 -0.1381
vn 0.2230 -0.9689 0.1077
vn 0.5727 -0.8195 0.0198
vn 0.0223 -0.4271 -0.9039
vn -0.2847 -0.9559 0.0725
vn -0.0651 0.7864 0.6143
vn 0.0026 -0.0974 -0.9952
vn 0.3547 0.9193 -0.1703
vn -0.0736 -0.7468 -0.6610
vn 0.5018 0.8330 0.2332
vn 0.6574 -0.3565 -0.6639
vn 0.7675 -0.0176 0.6409
vn 0.0371 0.0975 0.9945
vn 0.5688 -0.6154 0.5456
vn 0.7503 0.6533 -0.1017
vn 0.5408 0.3828 -0.7490
vn 0.4655 -0.8684 -0.1710
vn 0.7850 0.0138 -0.6193
vn -0.7461 -0.6190 0.2456
vn 0.1245 -0.2758 -0.9531
vn 0.2425 0.8447 0.4773
vn 0.0049 0.9995 -0.0303
vn -0.4906 0.8691 -0.0625
vn 0.8302 0.4266 -0.3587
vn 0.7950 0.4195 0.4382
vn 0.0894 0.3244 -0.9417
vn -0.3730 -0.8401 0.3939
vn 0.0402 -0.9984 -0.0403
vn 0.3959 -0.9180 0.0246
vn -0.6899 -0.4377 -0.5766
vn -0.6898 -0.4377 -0.5766
vn -0.6394 0.7350 0.2257
vn -0.8521 0.1180 0.5098
vn -0.8789 0.2466 0.4083
vn -0.0555 0.7810 0.6220
vn 0.6105 -0.1214 0.7827
vn 0.1571 -0.9835 -0.0894
vn -0.1184 0.7037 -0.7006
vn 0.1177 -0.2487 -0.9614
vn 0.0666 -0.9966 0.0484
vn 0.9185 -0.0481 -0.3924
vn -0.2083 -0.9548 0.2122
vn 0.8662 -0.1223 0.4845
vn -0.2492 -0.9681 -0.0260
vn 0.6774 0.4466 0.5845
vn -0.9121 0.4092 -0.0256
vn -0.6975 0.6384 -0.3254
vn 0.6529 0.7312 -0.1978
vn 0.0575 0.9514 0.3026
vn 0.2466 0.0951 -0.9644
vn 0.0268 0.4393 0.8979
vn 0.2641 -0.9525 0.1513
vn -0.4803 -0.4114 0.7747
vn -0.0016 -0.8847 -0.4662
vn 0.3047 0.9437 0.1290
vn -0.0129 0.9129 -0.4080
vn -0.6101 0.5702 -0.5501
vn 0.4322 0.3175 -0.8440
vn 0.6792 -0.6664 -0.3075
vn -0.4946 0.5642 -0.6611
vn 0.0692 -0.4056 0.9114
vn -0.0104 0.2957 0.9552
vn -0.7350 0.5394 0.4109
vn 0.6427 0.6434 0.4158
vn 0.8191 0.5715 0.0494
vn -0.6466 0.6105 0.4574
vn -0.0049 0.0184 -0.9998
vn 0.3093 -0.3597 -0.8803
vn -0.5393 -0.5777 0.6127
vn 0.7042 -0.6912 0.1624
vn 0.4029 0.8182 0.4100
vn -0.8855 0.0463 0.4623
vn -0.9973 0.0249 0.0698
vn -0.1013 0.9937 0.0478
vn -0.8407 -0.1196 0.5282
vn -0.4742 -0.3914 0.7886
vn 0.2855 -0.8895 0.3567
vn 0.7387 -0.6227 -0.2580
vn 0.4720 -0.7907 0.3900
vn -0.5070 0.7984 0.3248
vn 0.2703 -0.6617 -0.6993
vn -0.6373 -0.6324 0.4404
vn -0.9606 -0.0780 -0.2669
vn -0.8861 -0.4540 -0.0932
vn -0.1439 -0.0776 0.9865
vn 0.1783 -0.1556 -0.9716
vn 0.0439 -0.9288 -0.3681
vn -0.2123 0.8032 -0.5565
vn -0.0382 0.4083 -0.9121
vn -0.1288 0.9597 -0.2498
vn -0.2067 0.7455 0.6336
vn -0.4074 0.6432 0.6483
vn 0.4803 0.8437 0.2395
vn -0.1457 0.0726 0.9867
vn 0.7236 -0.3404 0.6004
vn 0.7748 -0.0183 0.6319
vn 0.3849 -0.4278 0.8178
vn 0.4948 -0.7212 -0.4848
vn 0.4412 0.2437 0.8637
vn 0.4832 0.3257 -0.8127
vn 0.6030 0.1805 0.7771
vn 0.4340 -0.5979 0.6739
vn -0.8458 -0.5306 0.0559
vn -0.1022 0.9261 -0.3632
vn -0.5924 0.7613 0.2637
vn 0.3843 0.6680 0.6373
vn -0.1817 0.8584 0.4797
vn -0.6330 0.5694 -0.5245
vn -0.3142 0.7287 0.6085
vn -0.6049 0.7826 0.1469
vn 0.4114 0.9108 -0.0357
vn 0.0564 -0.8308 -0.5537
vn -0.5510 -0.5075 0.6625
vn -0.5209 -0.8171 -0.2471
vn -0.1902 -0.8804 -0.4343
vn -0.1281 -0.6273 0.7682
vn 0.2199 -0.8703 0.4408
vn 0.2854 -0.8896 0.3567
vn -0.8592 0.1892 0.4753
vn -0.4090 0.3847 0.8275
vn 0.3809 -0.2265 0.8965
vn -0.6899 0.6451 0.3284
vn -0.6899 0.6451 0.3283
vn -0.2374 0.8651 0.4419
vn -0.5729 0.6030 -0.5551
vn -0.2115 0.9680 0.1353
vn 0.8564 0.0181 0.5160
vn -0.5983 0.4244 0.6796
vn 0.3746 0.5412 -0.7528
vn -0.0251 0.2948 0.9552
vn -0.0050 0.9435 0.3314
vn 0.3569 -0.8787 0.3171
vn 0.0853 0.4655 0.8809
vn 0.4623 -0.8677 -0.1828
vn -0.9294 0.2379 0.2821
vn -0.8322 -0.4124 0.3706
vn -0.9628 0.0919 0.2540
vn -0.4835 -0.3471 0.8036
vn -0.9281 -0.3375 -0.1574
vn 0.6094 -0.7914 -0.0490
vn 0.5872 0.6471 0.4863
vn 0.5841 -0.4825 0.6527
vn 0.0383 0.7302 0.6822
vn 0.8488 0.3424 0.4028
vn -0.5995 -0.6605 -0.4520
vn -0.3460 -0.2636 -0.9005
vn 0.6747 -0.7117 -0.1956
vn -0.2579 0.4339 0.8633
vn -0.1277 0.3928 0.9107
vn 0.7362 -0.6594 -0.1523
vn -0.8846 -0.4545 -0.1047
vn 0.3625 0.9296 0.0668
vn 0.2050 0.7981 0.5666
vn -0.9902 0.0473 -0.1315
vn 0.4961 0.8607 -0.1146
vn -0.8114 0.3913 -0.4343
vn 0.1160 0.8198 0.5607
vn -0.4001 -0.3837 0.8323
vn -0.3448 0.4599 0.8183
vn -0.3461 0.9046 0.2488
vn 0.5644 -0.8077 -0.1703
vn 0.7150 -0.6984 0.0303
vn -0.9924 0.0133 -0.1220
vn -0.0968 -0.0411 0.9945
vn -0.9813 -0.1312 -0.1407
vn -0.2627 -0.0711 0.9622
vn -0.7870 -0.4533 -0.4186
vn 0.8936 -0.3820 -0.2356
vn -0.7872 0.5993 -0.1457
vn -0.0149 0.8357 -0.5490
vn 0.7638 -0.3461 0.5448
vn -0.2797 0.8811 -0.3814
vn 0.3926 0.8073 0.4407
vn -0.1261 0.9628 0.2389
vn -0.1260 0.9628 0.2389
vn -0.4130 0.6466 0.6413
vn 0.0125 0.8462 0.5327
vn -0.2562 0.1155 0.9597
vn -0.1787 -0.9814 -0.0704
vn -0.1786 -0.9814 -0.0704
vn -0.4587 0.6683 0.5856
vn -0.1074 -0.3916 0.9138
vn -0.1074 -0.3915 0.9139
vn -0.4601 -0.7157 0.5254
vn -0.9850 -0.1707 -0.0235
vn -0.6133 0.6562 0.4396
vn -0.7265 0.5468 0.4163
vn -0.7362 0.3308 -0.5904
vn -0.7362 0.3308 -0.5903
vn -0.2450 0.7711 -0.5877
vn -0.3317 -0.6565 -0.6775
vn 0.6090 -0.2592 -0.7496
vn -0.0884 0.5432 -0.8349
vn -0.0133 -0.9753 -0.2204
vn 0.4344 0.8980 -0.0699
vn -0.3915 -0.4175 0.8200
vn -0.0040 0.8464 -0.5326
vn -0.2450 0.7711 -0.5876
vn -0.4586 0.6684 0.5856
vn -0.1132 0.7884 -0.6046
vn -0.2040 0.2913 0.9346
vn -0.4192 -0.7809 -0.4630
vn -0.3672 -0.8995 0.2368
vn -0.2386 0.5143 0.8238
vn 0.0203 -0.8198 0.5723
vn -0.5072 -0.2827 0.8142
vn 0.2616 -0.9651 -0.0136
vn -0.1477 -0.9011 -0.4077
vn -0.1886 -0.0900 -0.9779
vn 0.2844 -0.6405 -0.7134
vn 0.6826 0.0826 -0.7261
vn -0.3316 -0.6565 -0.6775
vn 0.4120 0.6504 0.6381
vn -0.2481 0.1289 0.9601
vn 0.4038 0.5118 0.7583
vn -0.9873 0.1375 0.0794
vn -0.7460 0.1655 -0.6451
vn -0.0022 0.2217 -0.9751
vn -0.3154 -0.2869 -0.9046
vn 0.5840 0.5906 -0.5568
vn -0.2571 -0.6764 -0.6902
vn -0.2570 -0.6765 -0.6902
vn 0.8581 -0.5118 0.0406
vn 0.8464 0.1775 -0.5021
vn 0.0655 -0.8922 -0.4468
vn 0.8903 -0.1481 0.4306
vn 0.3711 -0.7285 -0.5758
vn 0.0815 0.3087 0.9476
vn -0.7782 0.6269 0.0371
vn 0.2939 0.8800 -0.3730
vn 0.6810 0.0228 0.7320
vn -0.3740 0.2453 -0.8944
vn -0.1780 -0.7477 -0.6398
vn 0.4546 0.3792 -0.8059
vn -0.2571 -0.6765 -0.6901
vn -0.7485 -0.4918 -0.4449
vn -0.5899 -0.6341 -0.4999
vn 0.3874 0.5646 -0.7288
vn 0.0986 -0.8137 -0.5728
vn -0.6058 -0.6805 0.4122
vn 0.1552 -0.9109 -0.3824
vn 0.5238 -0.8219 -0.2240
vn -0.0326 -0.0551 -0.9979
vn -0.0327 -0.0551 -0.9979
vn 0.2881 0.5691 -0.7701
vn 0.5238 -0.8219 -0.2239
vn 0.6540 0.7559 0.0310
vn 0.6539 0.7559 0.0310
vn 0.8109 -0.5840 0.0380
vn 0.6277 -0.7613 -0.1622
vn 0.0908 -0.1144 -0.9893
vn -0.4956 -0.7575 -0.4250
vn -0.4955 -0.7575 -0.4250
vn -0.0554 -0.9983 -0.0177
vn -0.7366 -0.3629 -0.5707
vn -0.7152 -0.6431 -0.2736
vn -0.7152 -0.6431 -0.2737
vn -0.0040 -0.1561 0.9877
vn -0.3361 -0.5559 -0.7603
vn -0.1569 0.9734 -0.1668
vn -0.5467 0.8352 0.0595
vn -0.0505 0.7165 0.6957
vn 0.8460 -0.4671 0.2573
vn 0.2224 -0.9399 0.2592
vn 0.1209 0.9499 -0.2882
vn 0.4255 -0.0453 -0.9038
vn -0.7394 0.6675 0.0874
vn 0.2613 0.9649 -0.0264
vn 0.8901 -0.0058 -0.4557
vn -0.1172 -0.4548 -0.8828
vn -0.0560 -0.9606 0.2721
vn 0.2948 -0.3814 -0.8761
vn -0.2916 -0.8652 -0.4079
vn 0.5481 -0.8212 0.1587
vn -0.6344 -0.6114 -0.4730
vn -0.2482 -0.8850 -0.3939
vn 0.1571 -0.7499 -0.6427
vn 0.7902 -0.5953 -0.1453
vn -0.6266 0.4856 -0.6095
vn -0.4955 0.8648 0.0811
vn -0.6455 -0.7143 -0.2704
vn 0.2523 0.3350 0.9078
vn -0.2208 -0.8703 0.4402
vn -0.1781 -0.3875 0.9045
vn 0.2868 -0.4725 -0.8334
vn -0.7640 -0.6410 -0.0743
vn 0.2752 -0.9347 -0.2251
vn -0.7243 0.1704 -0.6681
vn -0.9745 0.0112 -0.2242
vn -0.5607 0.6860 -0.4636
vn -0.5608 0.6860 -0.4636
vn -0.2851 0.9375 0.1996
vn -0.2964 -0.6814 -0.6693
vn 0.9133 0.2432 -0.3266
vn 0.9339 -0.3105 -0.1773
vn -0.9654 -0.0886 -0.2454
vn 0.5542 0.6964 0.4560
vn -0.5607 0.6861 -0.4636
vn -0.2953 0.9108 0.2886
vn -0.6004 0.1235 0.7901
vn -0.5989 0.7078 0.3746
vn -0.3790 0.6187 -0.6882
vn 0.2195 0.9608 0.1691
vn -0.7212 0.6875 -0.0842
vn -0.5607 0.6861 -0.4635
vn 0.6192 0.2960 -0.7273
vn 0.6477 0.5095 0.5665
vn 0.3280 -0.9253 -0.1903
vn 0.3105 -0.8847 0.3477
vn -0.9546 0.1558 0.2539
vn 0.0226 -0.4625 -0.8863
vn 0.2882 0.5691 -0.7701
vn 0.4416 -0.4078 -0.7992
vn 0.0380 0.4704 -0.8816
vn -0.9519 0.2274 -0.2054
vn -0.1418 -0.1505 -0.9784
vn -0.1419 -0.1505 -0.9784
vn 0.2598 0.7584 -0.5978
vn 0.3439 -0.6700 -0.6579
vn 0.3438 -0.6700 -0.6580
vn 0.9735 0.0497 -0.2232
vn 0.4706 0.6871 -0.5536
vn 0.5726 0.3393 -0.7464
vn 0.8874 0.2199 0.4052
vn 0.4505 0.6799 0.5786
vn 0.4510 -0.7047 0.5477
vn 0.4505 0.6799 0.5787
vn 0.0967 -0.3704 0.9238
vn 0.0968 -0.3704 0.9238
vn -0.2226 0.7301 0.6461
vn 0.1706 0.9712 0.1663
vn -0.2336 0.5419 0.8073
vn 0.0110 0.8360 -0.5486
vn -0.1523 0.3884 -0.9088
vn -0.8785 0.4022 0.2578
vn -0.9785 0.1853 0.0908
vn 0.7466 0.3139 -0.5866
vn 0.3360 -0.9249 -0.1780
vn 0.6386 -0.7608 -0.1153
vn 0.0320 -0.0011 -0.9995
vn -0.0486 -0.9923 -0.1140
vn -0.4582 -0.6101 -0.6464
vn 0.3438 -0.6700 -0.6579
vn -0.2687 -0.9632 -0.0064
vn 0.1553 -0.9108 -0.3824
vn 0.3533 -0.1323 0.9261
vn 0.3521 -0.9158 -0.1930
vn 0.7516 0.2275 -0.6191
vn -0.4830 0.8633 0.1462
vn 0.0418 0.3753 -0.9260
vn 0.0216 0.9263 -0.3763
vn -0.9598 -0.0296 0.2792
vn -0.6193 -0.3897 -0.6816
vn -0.2417 -0.1747 -0.9545
vn 0.3935 0.6151 -0.6832
vn 0.3794 0.5087 0.7728
vn 0.8834 0.1187 -0.4534
vn -0.4090 -0.0319 -0.9120
vn 0.5012 -0.5582 -0.6612
vn -0.8405 0.5178 -0.1596
vn -0.1035 -0.1796 -0.9783
vn -0.4603 0.7470 0.4796
vn -0.0671 0.3541 -0.9328
vn -0.3339 0.8901 0.3103
vn -0.9618 0.1111 -0.2502
vn 0.9681 0.0725 -0.2399
vn -0.7666 -0.3950 -0.5063
vn 0.2178 0.8880 0.4049
vn 0.2439 -0.6829 -0.6886
vn 0.9314 -0.0540 0.3599
vn 0.8934 -0.1427 0.4259
vn 0.4982 0.7752 0.3884
vn 0.3780 0.6540 -0.6553
vn -0.3201 -0.0998 -0.9421
vn -0.4412 -0.7018 0.5594
vn -0.8814 0.1218 -0.4564
vn 0.4178 -0.7255 0.5469
vn 0.6606 0.7293 0.1784
vn -0.6002 -0.5022 -0.6226
vn -0.4953 0.5071 -0.7054
vn -0.2611 -0.6627 -0.7019
vn -0.6991 0.4550 -0.5516
vn -0.9674 -0.2530 -0.0121
vn -0.4955 -0.7575 -0.4251
vn -0.5136 0.6126 -0.6007
vn -0.1905 0.0240 -0.9814
vn 0.2872 0.8341 0.4709
vn 0.0737 0.9524 -0.2957
vn 0.5624 0.5099 -0.6509
vn -0.4848 -0.2047 0.8503
vn 0.5274 -0.5502 0.6474
vn 0.5605 0.8149 0.1472
vn 0.9077 0.3808 0.1762
vn 0.8736 -0.3613 0.3261
vn 0.4602 0.0952 0.8827
vn -0.7626 0.1412 -0.6313
vn -0.4218 -0.8986 0.1209
vn -0.6583 0.1624 0.7350
vn -0.5719 0.3239 0.7537
vn -0.4632 -0.8116 0.3559
vn -0.9947 -0.0019 0.1026
vn -0.9947 -0.0018 0.1026
vn -0.6842 0.6919 -0.2307
vn -0.6837 0.0432 0.7285
vn -0.1980 0.1597 -0.9671
vn -0.6649 0.0554 0.7449
vn -0.4320 -0.2860 -0.8553
vn -0.6882 0.6551 0.3118
vn -0.9959 -0.0648 -0.0633
vn -0.6801 0.3047 -0.6668
vn -0.2567 0.1590 -0.9533
vn -0.3214 0.8925 0.3165
vn 0.7590 -0.5849 0.2858
vn -0.1315 0.1708 0.9765
vn -0.8437 0.5353 -0.0393
vn 0.4122 -0.4851 -0.7712
vn -0.6226 -0.0051 -0.7825
vn -0.6012 0.6691 -0.4368
vn -0.8957 0.4343 0.0950
vn -0.7725 -0.5119 0.3758
vn -0.8022 -0.0029 -0.5971
vn -0.5977 0.7957 0.0982
vn -0.9957 -0.0332 0.0863
vn -0.9957 -0.0332 0.0864
vn -0.6343 -0.0654 -0.7703
vn -0.6739 -0.0343 -0.7380
vn -0.6739 -0.0342 -0.7380
vn 0.1030 -0.0772 -0.9917
vn 0.3600 0.6908 -0.6270
vn -0.8005 0.3524 -0.4848
vn 0.5168 0.3955 0.7592
vn -0.3154 0.4605 0.8297
vn 0.2397 -0.8664 0.4380
vn 0.9944 0.0128 0.1048
vn 0.9271 0.3740 0.0245
vn -0.2429 -0.9525 0.1837
vn 0.5920 0.0006 0.8059
vn 0.6649 -0.7236 0.1851
vn -0.5156 0.0004 0.8568
vn -0.6390 0.5225 0.5646
vn -0.0255 -0.0184 0.9995
vn -0.7687 -0.5411 -0.3410
vn 0.0263 0.2664 0.9635
vn -0.3503 0.0063 0.9366
vn -0.3083 0.9379 0.1592
vn -0.3082 0.9379 0.1592
vn 0.7462 0.6571 0.1071
vn 0.6569 0.4853 -0.5770
vn 0.7741 -0.6308 0.0536
vn 0.7424 0.6396 0.1996
vn 0.9004 -0.1028 -0.4226
vn 0.6010 0.0173 0.7991
vn -0.7512 0.5902 0.2957
vn -0.8411 -0.2166 0.4957
vn -0.7662 -0.6302 0.1252
vn 0.9428 0.3219 0.0870
vn 0.5750 0.6316 -0.5201
vn 0.5149 0.8570 0.0218
vn 0.0485 -0.9953 -0.0838
vn 0.3480 -0.0307 0.9370
vn -0.3247 0.2735 -0.9054
vn 0.1248 0.7239 -0.6786
vn 0.9915 0.0004 -0.1302
vn 0.4896 0.8245 0.2836
vn 0.4897 0.8245 0.2835
vn 0.6140 0.5690 -0.5470
vn 0.7976 0.5851 -0.1470
vn 0.9594 0.1556 -0.2351
vn 0.1775 0.9715 0.1571
vn 0.7497 -0.0708 -0.6580
vn 0.4834 0.8295 0.2796
vn -0.0135 -0.1807 -0.9834
vn 0.8755 0.4813 -0.0427
vn -0.7294 -0.2316 -0.6437
vn 0.1106 -0.3164 -0.9422
vn -0.6976 0.6384 -0.3253
vn -0.6975 0.6384 -0.3253
vn -0.6161 0.5687 -0.5450
vn -0.6442 0.6440 0.4126
vn 0.4787 0.8470 -0.2313
vn -0.8243 0.5422 -0.1628
vn -0.6962 -0.0090 0.7178
vn -0.2302 0.6748 -0.7012
vn 0.6621 0.7431 0.0968
vn -0.5072 0.8616 0.0202
vn -0.5782 0.6337 -0.5139
vn -0.9428 0.3214 0.0882
vn -0.9428 0.3215 0.0882
vn -0.2537 -0.7519 -0.6085
vn -0.4235 0.8445 -0.3279
vn -0.0056 -0.9576 -0.2880
vn -0.8394 0.4633 0.2843
vn 0.0664 -0.9933 0.0944
vn 0.6164 -0.5487 0.5648
vn 0.7267 0.1781 0.6635
vn 0.4754 0.8074 0.3493
vn 0.0472 0.9957 -0.0800
vn 0.5077 -0.7946 -0.3329
vn -0.8463 0.5209 0.1118
vn -0.4697 -0.8412 0.2679
vn 0.2021 -0.3599 0.9108
vn -0.6143 -0.5376 0.5776
vn 0.1747 -0.8268 0.5347
vn -0.0382 -0.9960 0.0802
vn 0.0176 -0.9646 -0.2631
vn 0.8716 0.4245 0.2451
vn 0.7630 0.5924 -0.2587
vn 0.1516 -0.9875 -0.0421
vn 0.9022 0.4134 0.1232
vn -0.1446 -0.8309 0.5372
vn 0.8867 0.1539 0.4361
vn 0.1218 -0.5241 0.8429
vn 0.7030 0.5820 0.4088
vn -0.1512 -0.8306 0.5359
vn 0.0606 0.9590 0.2770
vn -0.0574 -0.5802 0.8124
vn -0.0351 0.9775 0.2082
vn 0.4030 -0.9088 0.1076
vn 0.0424 0.9962 -0.0755
vn 0.5328 -0.5246 0.6640
vn 0.9247 0.3723 -0.0791
vn 0.2145 -0.9401 0.2649
vn 0.2619 -0.9645 0.0345
vn -0.3369 -0.6755 -0.6559
vn 0.1889 -0.9814 0.0358
vn 0.7701 0.0631 -0.6348
vn 0.5261 -0.7542 -0.3929
vn 0.6943 -0.7148 0.0838
vn 0.4654 -0.4464 -0.7643
vn -0.0766 0.9668 0.2436
vn -0.1629 -0.6242 0.7641
vn -0.1123 0.6779 0.7265
vn -0.6003 0.2073 0.7724
vn -0.2007 0.1049 0.9740
vn -0.3606 -0.8489 0.3863
vn -0.6952 0.2624 0.6692
vn 0.3242 -0.9134 0.2463
vn -0.3149 0.8413 0.4394
vn 0.9136 -0.3679 -0.1734
vn 0.8627 0.2860 -0.4172
vn -0.2059 0.1096 0.9724
vn -0.1285 -0.9840 0.1233
vn -0.7455 -0.1364 0.6523
vn -0.9779 -0.1259 0.1668
vn -0.2007 0.1050 0.9740
vn -0.3118 -0.6485 0.6944
vn -0.9194 0.2359 0.3149
vn 0.8106 -0.1622 0.5626
vn -0.9331 0.1440 0.3294
vn 0.7549 -0.1198 0.6448
vn -0.9310 -0.0969 0.3520
vn 0.7741 -0.3413 0.5331
vn -0.8934 -0.4044 0.1957
vn 0.4794 -0.5063 0.7168
vn -0.9535 0.3014 -0.0029
vn 0.8041 0.5200 0.2881
vn 0.1786 0.9769 0.1172
vn -0.5136 0.2758 0.8125
vn 0.7552 -0.6439 -0.1226
vn 0.2136 -0.8968 0.3875
vn -0.8665 0.4949 0.0647
vn 0.0344 -0.5751 0.8174
vn -0.8971 0.3780 -0.2286
vn 0.1670 -0.0670 0.9837
vn -0.8811 0.2037 -0.4268
vn 0.1529 0.0580 0.9865
vn -0.0775 -0.9081 -0.4115
vn 0.5535 0.1280 0.8229
vn -0.4688 0.8668 0.1702
vn -0.1122 0.6779 0.7265
vn 0.9130 0.3954 0.1004
vn -0.0096 -0.1855 0.9826
vn -0.8165 0.5767 0.0267
vn 0.1095 0.6766 0.7282
vn 0.1096 0.6766 0.7282
vn 0.2027 0.1053 0.9736
vn 0.3522 0.7490 0.5612
vn 0.0774 0.8261 0.5582
vn 0.2913 0.3709 0.8818
vn 0.1411 0.8245 -0.5479
vn 0.7749 -0.5902 0.2264
vn 0.5199 0.1671 -0.8377
vn 0.7743 0.1436 -0.6163
vn 0.1868 -0.0114 -0.9823
vn 0.3753 -0.6918 0.6169
vn -0.8215 -0.0433 0.5686
vn -0.8430 0.0291 0.5371
vn -0.8480 0.1314 0.5134
vn -0.5072 0.3329 0.7950
vn -0.7139 -0.3416 0.6113
vn 0.3708 -0.9157 -0.1545
vn -0.5409 0.3194 -0.7781
vn 0.1720 0.9536 0.2471
vn 0.1182 -0.2135 -0.9698
vn -0.1069 0.6315 0.7680
vn 0.0560 -0.2279 -0.9721
vn 0.0943 0.8040 0.5871
vn 0.0000 -0.1488 -0.9889
vn 0.2099 0.4321 -0.8771
vn -0.7763 0.1423 -0.6141
vn -0.7764 0.1423 -0.6140
vn -0.4031 -0.7453 0.5310
vn -0.8988 -0.0402 -0.4365
vn 0.2624 -0.1567 0.9522
vn -0.7917 0.1976 -0.5781
vn 0.0847 -0.1659 0.9825
vn -0.7949 0.1125 -0.5962
vn -0.4704 0.6071 0.6405
vn -0.9070 -0.3730 0.1956
vn -0.8500 0.1063 -0.5160
vn -0.8534 -0.3084 -0.4202
vn -0.8535 -0.3084 -0.4201
vn -0.8499 0.1063 -0.5161
vn -0.4682 -0.3332 -0.8184
vn -0.4682 -0.3331 -0.8184
vn 0.4380 0.5924 -0.6762
vn -0.9668 0.0661 -0.2469
vn 0.9497 -0.0868 -0.3009
vn -0.9610 0.1462 -0.2349
vn 0.9557 0.1640 -0.2443
vn -0.8464 0.1198 -0.5188
vn 0.8599 -0.5090 -0.0400
vn -0.6348 0.2949 -0.7142
vn 0.7051 -0.7051 0.0753
vn -0.5532 0.8322 0.0390
vn 0.1192 -0.1768 0.9770
vn -0.1294 -0.1526 0.9798
vn 0.2211 -0.1723 0.9599
vn -0.2310 -0.3150 0.9205
vn -0.1007 0.0258 0.9946
vn -0.9336 -0.3343 0.1290
vn 0.2261 -0.9170 -0.3286
vn 0.1800 0.2073 -0.9616
vn -0.4828 -0.7718 -0.4138
vn 0.6523 0.6277 -0.4249
vn 0.2900 -0.3233 -0.9008
vn 0.9747 0.1773 0.1361
vn 0.9747 0.1774 0.1361
vn -0.0672 0.2692 0.9607
vn 0.6886 0.6974 -0.1985
vn -0.5769 0.6645 -0.4750
vn -0.1555 0.4092 -0.8991
vn -0.3440 0.0185 -0.9388
vn -0.5261 -0.0951 -0.8451
vn 0.0973 0.3064 -0.9469
vn 0.0327 -0.2101 -0.9771
vn -0.3305 -0.4501 -0.8296
vn -0.0653 0.0048 -0.9979
vn -0.8276 0.2063 -0.5221
vn -0.8447 0.1888 0.5009
vn -0.0851 -0.0774 0.9934
vn 0.7979 -0.4780 -0.3673
vn -0.0020 -0.5761 0.8174
vn 0.9107 -0.3251 0.2548
vn 0.4038 -0.8673 0.2911
vn -0.2399 0.9500 -0.1999
vn 0.8637 0.3391 -0.3728
vn -0.8586 -0.5021 -0.1037
vn -0.1484 -0.9868 -0.0642
vn 0.7684 0.5086 -0.3884
vn -0.2646 -0.5673 -0.7798
vn 0.7208 0.6895 -0.0705
vn -0.7351 0.1957 -0.6491
vn 0.9820 0.0159 0.1883
vn -0.7425 0.3725 -0.5567
vn 0.9532 -0.0394 0.2997
vn -0.7835 -0.2329 -0.5761
vn 0.2381 -0.0385 0.9705
vn 0.2758 -0.2053 0.9390
vn -0.1070 0.4443 0.8895
vn -0.0631 -0.1341 0.9890
vn -0.3551 0.0155 0.9347
vn 0.2353 0.2446 0.9407
vn -0.3764 0.2777 0.8839
vn -0.2177 0.3008 0.9285
vn -0.9774 -0.2001 0.0678
vn -0.1729 -0.9730 -0.1527
vn 0.5791 0.6814 -0.4476
vn -0.3692 -0.8767 -0.3084
vn 0.6704 0.6589 -0.3412
vn -0.0439 -0.9901 -0.1334
vn 0.3197 0.5655 -0.7602
vn -0.9182 0.2415 -0.3140
vn -0.5774 0.0829 -0.8122
vn 0.1741 0.0339 -0.9841
vn -0.0373 -0.2583 0.9653
vn 0.0206 0.3942 0.9188
vn -0.8880 -0.4539 -0.0738
vn -0.6784 0.7320 -0.0627
vn -0.7471 0.3351 -0.5741
vn -0.2815 0.6492 -0.7066
vn -0.8761 0.4594 0.1463
vn 0.8106 0.2510 0.5291
vn 0.5118 -0.2058 -0.8341
vn 0.9872 0.1074 0.1180
vn 0.4253 0.8938 -0.1424
vn 0.6670 -0.4006 -0.6282
vn 0.4061 0.3924 0.8253
vn 0.0503 -0.0919 -0.9945
vn 0.9028 0.4247 0.0684
vn -0.0057 0.1329 -0.9911
vn -0.0818 -0.1479 0.9856
vn -0.8228 -0.5683 0.0078
vn 0.9309 0.3641 -0.0282
vn 0.7456 -0.0191 -0.6662
vn -0.8817 -0.4603 -0.1037
vn 0.9229 0.3820 0.0475
vn -0.5193 0.7791 0.3511
vn 0.4318 -0.8623 -0.2645
vn 0.9565 -0.0431 -0.2887
vn -0.4658 -0.8702 -0.1604
vn -0.1652 0.2130 0.9630
vn -0.0118 0.9588 -0.2837
vn -0.3601 0.1859 0.9142
vn 0.8690 -0.4503 0.2050
vn 0.8038 -0.1200 0.5827
vn -0.3200 -0.1716 0.9317
vn 0.4262 0.6549 0.6241
vn 0.3285 0.6764 -0.6592
vn 0.7852 -0.5941 0.1746
vn -0.4839 -0.4514 -0.7497
vn 0.5697 0.7960 0.2045
vn 0.9934 -0.0182 -0.1129
vn 0.7030 0.6492 -0.2904
vn 0.9934 -0.0182 -0.1130
vn 0.7669 0.2404 -0.5950
vn -0.0165 -0.9832 -0.1821
vn 0.7624 0.6112 -0.2127
vn -0.9787 0.1033 0.1775
vn -0.7103 0.6500 0.2703
vn 0.1363 0.2673 -0.9539
vn -0.1446 -0.9724 0.1829
vn -0.4507 -0.8875 -0.0961
vn -0.0262 0.3436 -0.9388
vn -0.2926 -0.8568 -0.4245
vn 0.4524 0.6515 -0.6089
vn 0.0702 -0.9975 0.0050
vn 0.8336 0.5491 -0.0601
vn -0.0766 -0.9910 -0.1102
vn -0.8218 0.4996 -0.2738
vn -0.1684 -0.9474 -0.2720
vn -0.2450 0.7403 -0.6260
vn -0.8092 -0.5876 -0.0028
vn -0.5806 0.7592 -0.2941
vn -0.9263 -0.0252 0.3760
vn -0.6262 0.2480 -0.7391
vn -0.5362 0.7158 0.4474
vn 0.6711 -0.1766 0.7200
vn -0.5997 -0.3498 0.7197
vn 0.6688 0.3689 0.6454
vn -0.6892 -0.5375 0.4858
vn -0.1122 0.2028 0.9728
vn -0.3666 -0.8334 -0.4136
vn -0.8447 0.3554 0.4003
vn -0.3427 0.1341 -0.9298
vn -0.1458 0.8935 0.4247
vn 0.0494 0.8502 0.5242
vn 0.7146 0.3424 0.6100
vn 0.9792 -0.1585 0.1264
vn 0.3920 -0.7222 -0.5699
vn 0.6292 0.7670 -0.1258
vn 0.3249 0.8985 -0.2951
vn -0.7403 0.6554 -0.1496
vn -0.1855 0.0892 0.9786
vn -0.3631 -0.0204 0.9315
vn -0.8715 0.0921 -0.4817
vn 0.0745 0.6408 0.7641
vn -0.9554 -0.2205 -0.1962
vn 0.3747 0.9110 0.1720
vn -0.9041 -0.0095 -0.4272
vn 0.7522 0.5926 -0.2882
vn -0.9328 -0.2388 -0.2699
vn 0.8689 0.2791 -0.4087
vn -0.9644 0.2640 -0.0131
vn 0.7594 0.5207 0.3901
vn -0.5876 -0.0147 0.8091
vn -0.3275 0.4678 0.8209
vn -0.6517 0.5335 0.5391
vn -0.0936 0.8670 -0.4894
vn 0.1609 -0.2214 0.9618
vn 0.5837 0.3701 0.7227
vn -0.9490 0.2884 -0.1271
vn -0.6567 0.3652 -0.6598
vn 0.9422 -0.2140 0.2579
vn -0.6079 -0.1222 -0.7845
vn -0.3031 -0.7181 0.6265
vn 0.1617 0.8357 -0.5248
vn -0.1281 0.9912 0.0347
vn 0.0133 0.9983 0.0563
vn -0.1971 0.7250 0.6599
vn -0.8901 0.2842 0.3563
vn 0.0719 0.9695 -0.2341
vn -0.8247 -0.4255 0.3726
vn 0.5318 0.8468 0.0019
vn -0.5129 0.8525 -0.1006
vn 0.0301 0.2599 -0.9652
vn 0.1980 -0.9378 -0.2851
vn 0.5728 -0.2819 -0.7697
vn 0.9453 -0.1636 0.2822
vn -0.4303 0.6935 0.5778
vn -0.0805 0.9940 0.0734
vn 0.2585 -0.9327 -0.2516
vn -0.1017 -0.4845 -0.8689
vn 0.0694 0.9879 0.1385
vn 0.3890 -0.8679 -0.3091
vn -0.3483 -0.1412 0.9267
vn 0.7727 0.1703 0.6116
vn 0.6340 0.7482 -0.1956
vn -0.9771 -0.1096 0.1825
vn -0.8322 0.3630 -0.4191
vn 0.8647 0.0656 -0.4980
vn -0.4356 0.8965 -0.0808
vn 0.4676 0.0720 -0.8810
vn -0.3884 0.2132 0.8965
vn 0.7253 0.6865 -0.0520
vn -0.5807 -0.3893 0.7150
vn 0.9016 0.3362 0.2722
vn -0.3659 0.4267 0.8271
vn -0.2223 0.7898 -0.5717
vn -0.1414 0.9892 0.0393
vn 0.5455 0.7785 -0.3105
vn 0.3196 0.9424 -0.0989
vn -0.3335 0.7378 -0.5868
vn -0.3771 0.8885 0.2614
vn 0.6973 -0.0491 0.7151
vn 0.0608 0.0405 0.9973
vn -0.7645 0.4529 -0.4587
vn 0.7974 -0.1595 0.5820
vn 0.6452 -0.3206 -0.6934
vn 0.3948 -0.7170 -0.5745
vn -0.1970 -0.7018 -0.6846
vn -0.1673 -0.7868 -0.5941
vn 0.5498 -0.7121 -0.4367
vn 0.4879 -0.1103 0.8659
vn -0.8067 -0.2170 0.5496
vn -0.1648 -0.1324 0.9774
vn -0.1195 0.7301 0.6728
vn -0.7325 0.6189 0.2836
vn 0.1963 0.9784 -0.0643
vn -0.8745 -0.2541 0.4132
vn 0.4542 0.6704 0.5867
vn 0.5439 -0.6746 0.4990
vn 0.2596 -0.2964 0.9191
vn -0.4847 -0.6713 0.5607
vn -0.0839 -0.6891 0.7198
vn 0.5958 -0.5872 0.5480
vn -0.3172 -0.2137 0.9240
vn 0.1391 -0.5520 0.8222
vn -0.0760 -0.6279 0.7746
vn 0.8619 -0.1332 0.4892
vn -0.0480 0.5847 0.8098
vn -0.7188 0.0685 -0.6918
vn -0.4649 -0.6684 0.5806
vn -0.4160 -0.8988 -0.1379
vn 0.3229 -0.9412 -0.0991
vn 0.5722 -0.7613 -0.3049
vn -0.1232 -0.9873 -0.1000
vn -0.5562 0.5047 -0.6602
vn 0.7499 0.5117 -0.4192
vn 0.0054 0.7630 -0.6464
vn -0.7096 -0.2881 -0.6430
vn 0.4571 -0.8263 -0.3290
vn 0.0041 -0.3529 -0.9357
vn -0.1716 -0.8029 0.5708
vn 0.1383 0.1375 -0.9808
vn 0.4337 -0.3309 0.8381
vn 0.0558 -0.4859 -0.8722
vn -0.7306 -0.6821 0.0311
vn 0.0363 -0.9721 -0.2318
vn 0.0363 -0.9721 -0.2317
vn 0.1787 -0.4579 -0.8709
vn 0.3315 -0.9431 -0.0269
vn 0.3314 -0.9431 -0.0269
vn 0.1788 -0.4579 -0.8708
vn 0.5790 -0.4294 -0.6931
vn 0.5789 -0.4294 -0.6931
vn -0.1540 0.8414 -0.5181
vn 0.0975 -0.2294 -0.9684
vn 0.1678 0.9235 0.3450
vn -0.3294 -0.8872 -0.3230
vn -0.1752 -0.4907 0.8535
vn -0.0358 -0.5170 0.8552
vn -0.3461 -0.3217 -0.8813
vn -0.5131 0.8396 0.1785
vn 0.2066 0.3841 -0.8999
vn -0.0717 0.9222 -0.3800
vn 0.0136 0.9332 -0.3590
vn -0.0718 0.9222 -0.3800
vn -0.0979 0.9412 0.3235
vn -0.0979 0.9412 0.3234
vn -0.6457 0.2942 0.7046
vn -0.1129 0.9832 -0.1435
vn -0.2879 -0.0931 0.9531
vn 0.0044 0.8284 -0.5601
vn 0.0039 0.3678 0.9299
vn -0.3919 0.7384 -0.5488
vn -0.2295 0.4183 0.8788
vn -0.9772 -0.1902 0.0949
vn 0.0024 0.3773 0.9261
vn -0.2788 -0.9568 0.0826
vn -0.0463 0.3002 0.9527
vn 0.0279 -0.9996 -0.0038
vn 0.0099 0.5292 0.8484
vn -0.1144 -0.9826 0.1466
vn -0.3517 0.4736 0.8074
vn 0.1235 -0.9193 -0.3737
vn 0.1703 0.4366 0.8834
vn 0.4670 -0.8831 0.0446
vn 0.5045 -0.6212 0.5996
vn 0.9045 -0.2299 -0.3591
vn 0.2646 0.8996 -0.3475
vn 0.0729 -0.1513 -0.9858
vn 0.4488 0.2977 0.8426
vn -0.2093 -0.0194 -0.9776
vn -0.5653 -0.6661 0.4865
vn -0.4478 -0.8689 -0.2108
vn -0.1194 -0.9908 0.0644
vn 0.4126 -0.8901 0.1937
vn -0.2150 -0.9371 -0.2749
vn 0.1103 -0.9939 -0.0014
vn 0.3113 -0.7572 -0.5741
vn -0.3570 -0.9334 -0.0350
vn -0.2591 -0.6608 -0.7045
vn 0.9469 0.3116 -0.0790
vn 0.7729 0.5683 -0.2825
vn -0.0837 -0.0841 -0.9929
vn 0.9045 -0.2300 -0.3591
vn 0.9046 -0.2298 -0.3591
vn 0.3603 0.4142 0.8358
vn 0.8670 0.4337 -0.2455
vn -0.8698 -0.4903 -0.0555
vn -0.2564 -0.4902 -0.8331
vn -0.0436 -0.8295 0.5568
vn -0.7011 0.7121 0.0366
vn 0.0220 0.8867 0.4618
vn -0.1103 -0.9025 0.4163
vn -0.1018 0.8534 0.5111
vn -0.0368 -0.8821 0.4697
vn -0.1347 0.7641 0.6308
vn 0.0121 -0.8029 0.5959
vn -0.1357 0.8604 0.4912
vn 0.3698 -0.6099 0.7009
vn -0.3160 0.8720 -0.3739
vn -0.2900 -0.7321 -0.6163
vn -0.1529 0.1547 -0.9761
vn 0.2207 0.9627 0.1568
vn -0.2623 -0.9019 0.3431
vn -0.1347 -0.3542 0.9254
vn -0.1488 0.9849 -0.0887
vn -0.2152 -0.2702 0.9385
vn -0.6563 0.4975 0.5672
vn -0.1452 0.3364 0.9304
vn -0.1453 0.3365 0.9304
vn -0.0974 0.0880 0.9914
vn -0.5364 -0.7453 0.3961
vn -0.1285 0.8268 0.5476
vn 0.1543 -0.7929 0.5894
vn -0.1031 0.9388 0.3288
vn 0.4756 -0.3551 0.8048
vn -0.9494 0.1170 -0.2915
vn 0.5428 0.5441 0.6398
vn -0.3564 -0.8333 0.4225
vn -0.0206 0.2461 0.9690
vn 0.7718 -0.4216 0.4759
vn -0.1252 -0.4297 0.8943
vn -0.1532 0.9149 -0.3735
vn 0.3782 0.5374 0.7537
vn 0.5018 -0.5805 -0.6412
vn 0.2228 -0.9709 0.0876
vn -0.7564 0.3225 0.5691
vn -0.3368 -0.6598 -0.6718
vn 0.7151 0.0644 0.6960
vn -0.5241 0.0047 -0.8517
vn -0.1658 0.8656 0.4725
vn 0.1070 0.8825 0.4580
vn 0.0043 0.9788 0.2049
vn -0.4182 0.6983 0.5810
vn -0.1418 0.9865 -0.0817
vn 0.2114 0.9736 0.0857
vn -0.3584 0.9251 0.1252
vn 0.1722 0.9314 -0.3207
vn -0.2239 0.0262 -0.9743
vn 0.4088 -0.0838 0.9087
vn 0.1244 -0.8079 0.5760
vn 0.2533 -0.6094 -0.7513
vn 0.2514 -0.7603 0.5989
vn 0.1464 0.7176 -0.6809
vn -0.3496 -0.8047 -0.4798
vn 0.8390 0.3239 0.4373
vn -0.1997 -0.6421 0.7401
vn -0.0010 -0.8077 0.5896
vn -0.5507 -0.8227 0.1408
vn -0.5507 -0.8228 0.1408
vn -0.9810 0.1344 -0.1402
vn -0.2130 -0.6522 0.7275
vn 0.7220 0.1505 -0.6754
vn 0.8738 -0.3641 0.3225
vn 0.0262 -0.9996 -0.0044
vn 0.0079 0.9934 -0.1149
vn -0.0369 0.9751 0.2186
vn 0.1609 0.2116 -0.9640
vn 0.6213 0.3380 0.7069
vn 0.9014 -0.2796 0.3305
vn 0.7108 -0.4599 0.5322
vn 0.9540 0.2467 0.1704
vn -0.8053 0.3665 0.4661
vn -0.3510 -0.9340 -0.0673
vn -0.9386 0.0549 0.3407
vn 0.4629 -0.5794 0.6708
vn -0.7624 -0.6351 -0.1240
vn -0.0513 0.0378 0.9980
vn -0.0192 -0.8702 -0.4923
vn -0.1030 0.3640 0.9257
vn 0.1929 -0.6011 -0.7755
vn 0.0734 0.0061 0.9973
vn -0.5665 -0.4868 -0.6649
vn -0.0652 0.0431 0.9969
vn -0.5944 -0.5782 -0.5589
vn -0.3104 -0.0936 0.9460
vn 0.4324 -0.4106 -0.8028
vn -0.9330 -0.2617 0.2472
vn 0.7434 -0.5927 0.3098
vn -0.5922 -0.6603 -0.4619
vn 0.3014 0.1086 0.9473
vn -0.0625 -0.6283 -0.7755
vn 0.2686 -0.0329 0.9627
vn 0.1896 -0.6661 -0.7213
vn 0.4963 0.4874 0.7184
vn 0.6416 -0.5644 0.5193
vn -0.3333 -0.0014 0.9428
vn -0.7150 -0.0340 0.6983
vn 0.1732 0.7681 0.6164
vn -0.7635 -0.4863 0.4250
vn -0.0603 0.9941 -0.0900
vn -0.6924 -0.2600 0.6730
vn -0.1709 0.8598 -0.4812
vn -0.6759 -0.1538 0.7208
vn -0.4704 0.5389 -0.6987
vn -0.9800 0.1934 -0.0465
vn -0.7457 -0.6051 -0.2791
vn -0.7457 -0.6050 -0.2790
vn -0.3020 -0.1004 -0.9480
vn 0.2334 -0.8558 -0.4616
vn 0.7313 0.0792 -0.6774
vn 0.1472 0.4158 -0.8975
vn 0.8586 -0.4662 0.2133
vn -0.4804 0.7907 -0.3795
vn 0.9217 -0.3706 0.1148
vn -0.8352 0.3128 -0.4524
vn -0.3281 -0.8483 0.4157
vn -0.4280 -0.8800 -0.2060
vn 0.0817 0.0256 -0.9963
vn -0.3587 0.1389 0.9231
vn -0.1030 0.1355 0.9854
vn 0.1333 0.7633 -0.6322
vn 0.2593 0.2064 0.9435
vn -0.0332 0.7583 -0.6510
vn 0.5546 0.3324 0.7628
vn -0.3793 0.8310 -0.4069
vn 0.9823 0.1863 0.0214
vn -0.0435 0.9845 -0.1700
vn 0.4480 -0.6051 -0.6581
vn -0.1413 0.9899 -0.0114
vn 0.1058 -0.5328 -0.8396
vn -0.0479 0.9985 0.0259
vn -0.0573 -0.4657 -0.8831
vn 0.0966 0.9950 0.0272
vn 0.0419 -0.2712 -0.9616
vn 0.5998 0.6677 -0.4410
vn -0.0039 0.2369 -0.9715
vn 0.5669 0.8198 -0.0809
vn -0.5306 0.8442 -0.0762
vn 0.8369 -0.4076 0.3652
vn -0.8280 0.3015 -0.4728
vn -0.5535 -0.6419 0.5307
vn -0.5170 -0.8533 -0.0670
vn 0.2126 -0.9239 -0.3180
vn 0.1986 -0.9220 -0.3323
vn -0.2432 -0.9665 -0.0824
vn -0.5203 -0.4818 -0.7051
vn 0.5143 0.3945 -0.7615
vn 0.6463 0.4229 -0.6352
vn -0.1752 -0.5940 -0.7851
vn 0.9562 -0.1322 -0.2611
vn 0.1782 0.9428 -0.2817
vn -0.4015 -0.3937 -0.8269
vn 0.3342 0.0648 -0.9403
vn 0.3342 0.0647 -0.9403
vn 0.9949 -0.0044 -0.1003
vn 0.5913 0.6793 -0.4346
vn 0.8395 -0.3158 -0.4421
vn 0.5321 0.7272 0.4336
vn 0.5322 0.7272 0.4336
vn -0.7894 0.5394 0.2931
vn 0.4573 0.4716 0.7540
vn 0.0201 -0.9967 0.0783
vn 0.5062 -0.7983 0.3264
vn -0.1557 -0.7943 0.5872
vn -0.2416 -0.7057 0.6660
vn 0.0887 -0.9283 0.3612
vn 0.4459 -0.5267 0.7237
vn -0.4841 0.6590 0.5757
vn -0.7321 0.6442 -0.2213
vn -0.3316 -0.6959 -0.6370
vn 0.4518 -0.7184 -0.5290
vn -0.4657 -0.8029 -0.3721
vn -0.3756 -0.8909 -0.2554
vn 0.3268 0.2594 0.9088
vn -0.3172 0.9405 -0.1217
vn -0.0455 -0.8623 -0.5043
vn -0.1097 -0.1978 -0.9741
vn -0.0602 0.9623 -0.2652
vn 0.9614 0.0067 -0.2750
vn -0.3949 0.7273 0.5613
vn -0.0386 -0.5049 -0.8623
vn -0.7892 -0.1442 -0.5969
vn 0.4697 -0.7930 0.3880
vn -0.3961 0.7132 0.5783
vn 0.7706 0.3941 0.5009
vn -0.1214 0.9285 0.3509
vn 0.5554 0.8269 0.0883
vn 0.0662 0.6995 0.7115
vn -0.4058 0.9026 0.1439
vn 0.6915 0.5159 0.5057
vn -0.1182 0.1289 0.9846
vn 0.5591 -0.7766 0.2904
vn -0.4043 0.7954 -0.4516
vn -0.1249 0.1477 -0.9811
vn -0.4824 -0.8427 -0.2390
vn -0.0222 0.4871 -0.8731
vn -0.3671 0.9064 0.2089
vn -0.0925 0.4103 -0.9072
vn 0.6118 0.3297 0.7191
vn -0.5005 -0.2222 -0.8367
vn -0.2112 -0.7293 0.6507
vn -0.4237 -0.8737 0.2389
vn 0.2716 -0.4364 -0.8578
vn -0.1684 0.4359 0.8841
vn 0.1914 0.9600 0.2043
vn -0.1781 -0.6276 -0.7579
vn -0.0493 0.8040 -0.5926
vn -0.2537 -0.6894 -0.6785
vn 0.2973 0.7809 -0.5494
vn -0.3654 0.3229 -0.8731
vn 0.6769 -0.2999 -0.6722
vn 0.9881 -0.1424 0.0588
vn 0.2943 0.9297 -0.2212
vn -0.8995 -0.4330 0.0583
vn -0.8372 0.4686 -0.2819
vn 0.9770 -0.1867 -0.1029
vn 0.4231 -0.8238 0.3773
vn -0.5643 -0.6296 -0.5340
vn 0.2131 -0.9754 0.0559
vn -0.1805 0.2378 -0.9544
vn 0.1333 -0.9864 0.0960
vn -0.1861 0.1022 -0.9772
vn 0.1720 -0.7610 0.6256
vn 0.5836 -0.3652 -0.7253
vn -0.0359 -0.9772 -0.2094
vn -0.5680 -0.4198 -0.7079
vn -0.5196 -0.7604 0.3897
vn -0.1724 -0.8820 -0.4386
vn -0.6066 -0.4512 -0.6546
vn -0.6066 -0.4511 -0.6546
vn -0.3196 -0.4385 -0.8400
vn -0.8706 -0.4018 -0.2839
vn 0.4310 -0.8498 -0.3033
vn -0.5997 0.2324 -0.7658
vn -0.2435 -0.9307 -0.2730
vn -0.2525 0.3618 -0.8974
vn -0.2463 0.9189 0.3080
vn -0.7262 0.4626 -0.5085
vn 0.6473 0.5674 0.5089
vn -0.7452 0.3537 0.5653
vn 0.4495 0.7435 0.4951
vn -0.1383 -0.8222 0.5521
vn 0.1447 0.8234 0.5487
vn 0.2837 -0.8219 -0.4940
vn -0.1448 0.7393 -0.6576
vn 0.1722 -0.4027 0.8990
vn 0.5711 0.5915 0.5692
vn 0.2774 -0.2133 0.9368
vn 0.1055 0.9857 -0.1316
vn 0.1774 -0.9293 0.3239
vn 0.4962 0.2931 -0.8173
vn -0.0463 -0.3338 -0.9415
vn 0.4913 0.3699 -0.7885
vn -0.5694 -0.1988 -0.7977
vn 0.4782 -0.8684 -0.1313
vn -0.0671 -0.5622 -0.8243
vn -0.5907 -0.3945 -0.7039
vn 0.2483 -0.9110 -0.3292
vn -0.0299 -0.8124 0.5824
vn 0.0177 0.9326 -0.3606
vn 0.3739 0.9028 -0.2123
vn -0.5641 -0.6830 -0.4641
vn 0.1845 -0.5700 -0.8007
vn -0.3552 -0.9020 -0.2453
vn -0.7305 0.2154 0.6480
vn 0.0745 0.3927 0.9166
vn 0.7674 -0.4829 0.4217
vn 0.0113 -0.5170 0.8559
vn 0.0112 -0.5170 0.8559
vn -0.7680 -0.1675 0.6182
vn -0.3267 0.5924 0.7364
vn -0.7725 -0.5320 -0.3467
vn -0.3859 0.9177 0.0948
vn -0.9292 0.0637 -0.3640
vn -0.2524 0.3618 -0.8974
vn -0.2735 0.9009 -0.3370
vn 0.6835 0.4322 -0.5882
vn -0.1884 0.4203 0.8876
vn -0.1815 0.9338 -0.3082
vn 0.1110 0.9691 0.2201
vn -0.1458 0.9099 0.3883
vn 0.0194 0.3891 0.9210
vn 0.1793 0.3590 0.9160
vn -0.8809 0.4483 0.1522
vn -0.2454 0.3298 0.9116
vn -0.0317 0.9202 -0.3902
vn 0.5870 -0.7728 -0.2412
vn -0.4335 0.8692 -0.2377
vn 0.4781 -0.8289 -0.2905
vn -0.7305 0.6521 -0.2029
vn 0.4366 -0.8421 -0.3166
vn -0.3905 0.9049 0.1691
vn 0.1620 -0.7066 -0.6888
vn 0.2444 0.9204 0.3051
vn -0.1199 0.1221 -0.9852
vn 0.6244 -0.7183 0.3067
vn -0.8035 -0.5444 -0.2410
vn 0.4573 0.1807 -0.8708
vn -0.6182 -0.0551 -0.7841
vn -0.3482 0.9349 -0.0694
vn -0.5614 -0.3346 -0.7569
vn 0.5652 0.8238 0.0434
vn -0.6300 -0.5082 -0.5872
vn 0.6814 0.7019 -0.2074
vn -0.8517 0.2057 0.4820
vn 0.0935 -0.1858 -0.9781
vn -0.9520 -0.0361 -0.3039
vn -0.9520 -0.0362 -0.3039
vn -0.6660 0.5790 -0.4703
vn -0.4435 -0.2763 -0.8527
vn 0.1492 0.6597 -0.7366
vn -0.8389 -0.5382 0.0810
vn -0.3362 -0.3287 0.8825
vn -0.0073 -0.5402 0.8415
vn 0.8971 0.4392 -0.0472
vn 0.8967 0.0429 -0.4405
vn -0.7861 0.3171 -0.5305
vn 0.6360 -0.6909 0.3438
vn -0.8389 -0.5383 0.0810
vn -0.9986 0.0464 0.0266
vn -0.9799 -0.0847 -0.1808
vn -0.1300 0.7891 -0.6004
vn -0.7515 -0.6539 -0.0877
vn 0.3720 0.6052 0.7038
vn -0.8347 -0.2499 -0.4906
vn 0.0358 0.9643 0.2622
vn -0.3775 -0.2691 -0.8861
vn 0.7700 0.3685 -0.5209
vn 0.7401 0.6380 0.2125
vn 0.3360 0.9408 -0.0456
vn -0.1718 0.0019 0.9851
vn -0.1504 0.1770 0.9727
vn 0.0936 0.9905 -0.1008
vn 0.1480 -0.8294 0.5386
vn 0.3064 -0.5201 -0.7973
vn -0.4903 -0.6907 0.5316
vn -0.7456 0.6419 0.1788
vn -0.6468 -0.0082 -0.7626
vn -0.7678 0.3528 -0.5348
vn -0.3182 0.1126 -0.9413
vn 0.3744 -0.2593 -0.8903
vn 0.8778 -0.2240 -0.4234
vn -0.4459 0.5566 0.7009
vn 0.7816 -0.6237 -0.0038
vn -0.4887 -0.8443 0.2199
vn 0.1460 -0.9551 0.2580
vn -0.9653 -0.0148 0.2607
vn -0.9512 0.0425 0.3056
vn -0.9659 0.2092 0.1526
vn -0.9532 0.1115 0.2809
vn -0.9895 0.0027 0.1443
vn -0.0473 -0.9570 -0.2862
vn 0.2844 0.5600 0.7782
vn 0.9837 0.0445 0.1743
vn 0.9578 0.0736 -0.2780
vn 0.9462 0.2890 0.1456
vn 0.9462 0.2890 0.1457
vn -0.1718 0.8723 -0.4579
vn 0.7614 -0.4114 -0.5010
vn 0.4355 0.8678 0.2393
vn 0.8724 0.2321 -0.4301
vn 0.0241 -0.1321 -0.9909
vn 0.8060 -0.3885 -0.4465
vn -0.1361 0.8508 -0.5076
vn 0.9498 -0.0155 -0.3124
vn 0.9521 -0.0309 -0.3042
vn 0.9089 0.2277 -0.3493
vn 0.9521 -0.0309 -0.3043
vn 0.9692 0.0282 -0.2446
vn 0.1348 -0.9496 -0.2831
vn 0.0555 -0.9340 0.3530
vn -0.9006 -0.1936 0.3892
vn -0.7807 0.3195 0.5370
vn -0.3621 -0.2953 0.8841
vn 0.1175 -0.4713 0.8741
vn 0.3359 -0.7462 0.5747
vn -0.9386 -0.0547 0.3406
vn 0.8463 -0.1543 -0.5099
vn -0.2758 -0.1869 -0.9429
vn 0.6261 -0.6911 -0.3612
vn 0.7369 -0.1771 -0.6524
vn 0.9422 0.0672 -0.3282
vn 0.9411 -0.2776 0.1929
vn 0.5060 -0.1826 -0.8430
vn -0.3824 0.7897 -0.4797
vn 0.8340 -0.3005 0.4627
vn -0.4316 0.0044 0.9021
vn -0.4956 0.1378 0.8576
vn -0.5892 0.1851 0.7865
vn -0.6859 0.1023 0.7205
vn -0.5744 0.0473 0.8172
vn -0.9873 0.1586 0.0042
vn -0.4204 -0.6995 -0.5779
vn 0.0799 0.4809 -0.8731
vn 0.0228 0.7450 0.6667
vn -0.0845 -0.3856 -0.9188
vn 0.5561 -0.0995 0.8251
vn 0.6484 -0.0698 0.7581
vn 0.4923 0.0183 0.8702
vn 0.5299 -0.2529 0.8095
vn 0.6054 -0.4087 0.6830
vn 0.6720 0.0931 0.7347
vn 0.5803 0.0390 0.8135
vn 0.6411 0.0592 0.7652
vn 0.3767 -0.1236 -0.9180
vn -0.0310 0.9418 -0.3348
vn -0.5078 -0.1848 -0.8414
vn -0.5078 -0.1847 -0.8414
vn 0.1335 -0.8566 0.4984
vn 0.1266 -0.5323 -0.8371
vn -0.9230 0.1873 -0.3362
vn -0.6925 -0.5627 -0.4514
vn 0.3954 0.5989 -0.6964
vn -0.7344 -0.5824 -0.3487
vn 0.6862 -0.6028 -0.4071
vn -0.7247 -0.1402 0.6747
vn 0.2035 -0.8571 -0.4733
vn -0.9679 0.0302 -0.2497
vn 0.1693 0.1129 -0.9791
vn -0.4568 0.8536 -0.2505
vn -0.4842 -0.0178 0.8748
vn -0.7809 0.1852 -0.5966
vn -0.4832 0.8662 -0.1273
vn -0.9955 0.0837 -0.0448
vn 0.5483 -0.7094 0.4428
vn -0.7916 0.4612 -0.4008
vn 0.1469 -0.2982 0.9431
vn -0.7041 0.6026 -0.3758
vn -0.0513 0.3266 0.9438
vn 0.5535 -0.4359 0.7096
vn 0.6452 -0.1772 0.7431
vn 0.5615 -0.8241 -0.0750
vn 0.2521 -0.9048 -0.3432
vn 0.4229 0.8444 0.3289
vn -0.4186 0.9082 0.0027
vn 0.1473 0.8055 0.5740
vn 0.7141 0.2930 -0.6357
vn 0.3953 0.6155 0.6818
vn 0.6412 0.3796 0.6669
vn 0.9912 0.0732 -0.1102
vn 0.7437 -0.2565 0.6174
vn 0.1885 -0.7328 0.6538
vn 0.9795 -0.1871 -0.0742
vn 0.4368 -0.6221 0.6498
vn -0.7875 -0.5819 0.2033
vn 0.5316 -0.5015 -0.6826
vn 0.7971 -0.5821 0.1606
vn -0.6525 -0.6544 0.3822
vn -0.5696 -0.5009 -0.6516
vn 0.1134 -0.7631 -0.6362
vn 0.3764 -0.6010 0.7051
vn -0.9336 -0.3409 0.1105
vn 0.2375 -0.8813 0.4085
vn 0.1473 -0.2209 -0.9641
vn -0.7630 0.6432 0.0641
vn -0.3594 -0.7083 -0.6076
vn -0.3593 -0.7082 -0.6077
vn -0.3512 -0.1416 -0.9255
vn -0.7483 -0.3443 -0.5671
vn -0.7483 -0.3443 -0.5670
vn -0.2464 -0.7687 -0.5903
vn -0.7239 -0.0625 -0.6871
vn -0.1258 -0.8114 0.5709
vn 0.8503 0.3704 -0.3740
vn 0.8195 -0.5623 0.1105
vn 0.9325 -0.3571 -0.0537
vn -0.3390 0.9174 -0.2086
vn -0.2569 -0.9174 -0.3039
vn -0.9076 0.1253 -0.4008
vn -0.1368 0.0207 0.9904
vn 0.2595 -0.0939 -0.9612
vn 0.7860 -0.6092 0.1056
vn 0.9251 0.3797 0.0033
vn -0.5029 0.8072 0.3092
vn 0.0458 -0.7365 -0.6749
vn -0.9703 -0.1334 -0.2016
vn -0.6192 -0.7358 0.2742
vn -0.8122 0.2749 -0.5146
vn -0.2844 -0.7746 0.5649
vn 0.8351 0.2454 -0.4924
vn 0.0764 -0.2698 0.9599
vn 0.4548 -0.6711 0.5855
vn 0.8054 0.0541 0.5902
vn 0.4648 -0.2065 0.8610
vn 0.3923 -0.3865 0.8347
vn -0.1267 -0.6200 0.7743
vn 0.6380 0.1843 -0.7477
vn -0.5165 -0.5159 -0.6834
vn -0.3048 -0.3016 0.9034
vn 0.4988 -0.5794 -0.6445
vn -0.9595 0.2817 0.0097
vn -0.9624 -0.2640 -0.0643
vn -0.2990 -0.9492 0.0983
vn -0.4865 -0.2432 0.8392
vn -0.6985 -0.1930 -0.6891
vn -0.5594 -0.7212 -0.4087
vn -0.0030 -0.4258 -0.9048
vn -0.0029 -0.4258 -0.9048
vn 0.0828 0.3028 -0.9495
vn -0.2711 -0.2061 -0.9402
vn 0.9568 -0.2128 0.1983
vn -0.5545 0.4620 -0.6922
vn -0.1352 0.1343 -0.9817
vn -0.2984 -0.5666 -0.7681
vn 0.9777 -0.0617 -0.2005
vn -0.4472 -0.2758 -0.8509
vn 0.1164 -0.9568 0.2665
vn -0.6811 0.2797 -0.6766
vn -0.5361 -0.0775 -0.8406
vn -0.0056 -0.7316 -0.6817
vn -0.0055 -0.7317 -0.6816
vn 0.6438 0.6614 -0.3847
vn -0.9737 -0.0068 0.2277
vn 0.8879 -0.1990 0.4148
vn 0.9798 -0.0341 0.1971
vn 0.1127 0.7630 -0.6365
vn 0.3488 0.7738 0.5287
vn -0.4449 -0.7359 -0.5104
vn -0.2259 -0.9615 0.1568
vn -0.5004 -0.8386 -0.2154
vn -0.6007 -0.7765 -0.1900
vn -0.8828 -0.4697 -0.0030
vn -0.5962 -0.0906 0.7977
vn -0.0056 -0.7317 -0.6816
vn -0.6310 -0.7243 -0.2779
vn -0.0045 -0.9607 -0.2776
vn 0.1243 -0.1791 -0.9759
vn -0.8277 -0.5380 -0.1599
vn -0.1178 0.3149 -0.9418
vn -0.6655 -0.0529 -0.7445
vn -0.7850 0.4279 0.4480
vn -0.6068 -0.7555 0.2470
vn 0.5097 0.4006 0.7614
vn 0.2805 -0.5660 0.7752
vn 0.3131 0.7991 -0.5133
vn -0.3886 0.6174 0.6840
vn -0.7155 0.5883 -0.3767
vn -0.5016 0.1531 0.8515
vn -0.5080 0.8065 0.3025
vn 0.7267 -0.6340 -0.2647
vn 0.9126 0.1136 -0.3927
vn 0.9157 -0.2794 0.2888
vn 0.0661 -0.5586 -0.8268
vn -0.3905 -0.7355 -0.5536
vn 0.4675 0.8712 0.1500
vn 0.1648 -0.9767 -0.1376
vn 0.0582 0.1118 0.9920
vn 0.4862 -0.3700 0.7916
vn 0.9581 -0.1461 -0.2462
vn -0.7146 0.6575 0.2386
vn -0.4772 0.6987 -0.5330
vn 0.7680 -0.1283 -0.6274
vn -0.3101 0.6172 -0.7231
vn 0.4955 0.3988 0.7716
vn 0.6893 -0.0367 0.7235
vn -0.1940 0.6467 -0.7376
vn -0.2645 0.2408 0.9338
vn -0.7697 -0.2018 0.6057
vn -0.5562 -0.6660 0.4970
vn 0.0985 -0.9943 0.0406
vn -0.2854 0.4782 -0.8306
vn -0.2797 -0.9526 0.1201
vn -0.6740 0.3904 -0.6272
vn 0.5091 -0.8436 0.1708
vn -0.8919 -0.4520 0.0163
vn 0.8593 0.4598 -0.2242
vn -0.9392 -0.2770 -0.2031
vn -0.5285 0.8455 0.0763
vn -0.4624 -0.4836 0.7432
vn -0.1961 0.6783 0.7081
vn -0.3735 -0.8995 0.2268
vn 0.7966 0.3064 0.5211
vn 0.1324 0.6655 0.7345
vn 0.4626 0.4594 0.7582
vn 0.2282 0.2134 0.9499
vn 0.9443 -0.3282 -0.0262
vn -0.0105 -0.7362 -0.6767
vn 0.7082 0.7005 -0.0879
vn 0.9629 -0.2453 0.1126
vn 0.3743 0.1187 0.9197
vn 0.7587 0.0332 0.6505
vn -0.6167 0.1271 -0.7769
vn -0.0606 0.5996 -0.7980
vn -0.9339 0.2667 -0.2380
vn 0.1777 0.5127 -0.8400
vn -0.2968 0.3195 -0.8999
vn -0.3107 0.6095 -0.7293
vn -0.3216 0.0156 -0.9468
vn -0.3215 0.0156 -0.9468
vn -0.0236 0.9385 0.3444
vn -0.1182 0.2783 -0.9532
vn -0.9619 -0.2699 0.0433
vn -0.4084 -0.0064 -0.9128
vn -0.3215 0.3296 -0.8877
vn -0.3925 -0.0385 -0.9189
vn -0.3925 -0.0385 -0.9190
vn 0.4915 -0.2807 -0.8244
vn 0.1004 -0.4626 -0.8809
vn 0.4132 -0.7084 0.5721
vn 0.4798 -0.5911 0.6483
vn -0.1350 -0.2681 0.9539
vn -0.5160 0.7843 0.3444
vn -0.9051 0.4251 0.0105
vn 0.1375 -0.9881 -0.0690
vn -0.9401 -0.0242 -0.3400
vn 0.7775 0.6008 -0.1858
vn -0.3759 -0.6427 -0.6675
vn 0.9124 -0.2431 -0.3293
vn -0.2030 -0.0968 -0.9744
vn -0.2030 -0.0967 -0.9744
vn -0.3929 -0.7270 -0.5631
vn -0.4087 -0.0302 -0.9122
vn -0.4087 -0.0301 -0.9122
vn -0.1181 0.3785 -0.9180
vn 0.5526 0.1568 -0.8186
vn 0.3937 0.8963 0.2042
vn -0.6866 -0.1251 0.7162
vn -0.8282 -0.1041 -0.5507
vn 0.3627 -0.9179 -0.1608
vn 0.2724 0.1364 -0.9525
vn -0.7852 0.3654 -0.4999
vn 0.9532 0.2636 -0.1482
vn 0.0821 0.8669 0.4917
vn 0.5503 -0.7710 0.3205
vn -0.3665 0.3838 0.8476
vn 0.2861 0.6795 0.6756
vn -0.6493 0.6648 0.3695
vn 0.3285 0.0957 0.9396
vn -0.7064 -0.4291 0.5628
vn 0.8417 -0.3691 0.3941
vn -0.3821 0.7998 -0.4630
vn -0.1848 0.9322 -0.3113
vn 0.9915 0.0165 0.1294
vn 0.0297 -0.9935 -0.1099
vn 0.8922 0.0144 0.4514
vn -0.1285 -0.9917 0.0102
vn -0.4566 0.3921 0.7986
vn -0.9618 -0.1339 0.2389
vn -0.3643 0.9128 0.1849
vn 0.2146 0.8389 -0.5001
vn 0.6242 0.0676 -0.7783
vn -0.8056 0.3032 -0.5090
vn -0.3801 0.2059 -0.9018
vn -0.7568 -0.6427 0.1194
vn -0.1994 -0.9768 0.0784
vn 0.2840 0.9588 0.0068
vn 0.3100 -0.7169 -0.6245
vn 0.4418 -0.7350 -0.5144
vn 0.4418 -0.7349 -0.5145
vn 0.6290 -0.7280 -0.2727
vn 0.4222 0.9052 0.0486
vn 0.8586 0.3859 -0.3375
vn -0.7230 -0.3130 -0.6159
vn -0.1736 -0.4279 -0.8870
vn 0.4758 0.8134 -0.3345
vn -0.3024 -0.0006 -0.9532
vn 0.8981 0.2958 -0.3254
vn -0.6820 0.4941 -0.5392
vn 0.5285 0.4408 0.7255
vn -0.4977 0.7767 -0.3861
vn 0.8737 0.4820 0.0655
vn -0.7097 0.6477 -0.2771
vn 0.7407 -0.1414 0.6568
vn 0.6857 0.3166 0.6554
vn 0.5326 0.0187 0.8462
vn 0.4307 -0.4687 0.7713
vn 0.4344 0.0621 0.8986
vn 0.4530 -0.8053 -0.3823
vn -0.3033 -0.8471 -0.4365
vn -0.7961 -0.0045 -0.6051
vn 0.7506 -0.3721 -0.5460
vn -0.4045 0.4249 -0.8098
vn 0.7101 -0.6983 0.0900
vn -0.6956 0.4630 -0.5493
vn 0.4801 -0.8210 -0.3088
vn 0.1555 0.7154 -0.6812
vn -0.2388 0.9327 0.2703
vn -0.4048 0.3303 0.8527
vn 0.0062 -0.4930 0.8700
vn 0.7905 -0.6045 0.0988
vn 0.5771 -0.3006 -0.7594
vn -0.4712 -0.8812 -0.0375
vn 0.3927 -0.7290 -0.5607
vn 0.3927 -0.7289 -0.5608
vn 0.2010 -0.0956 -0.9749
vn 0.4085 -0.0279 -0.9123
vn 0.5120 0.3193 -0.7975
vn 0.5120 0.3193 -0.7974
vn -0.4209 0.8469 -0.3250
vn 0.9690 0.0992 -0.2264
vn -0.3996 -0.2222 0.8893
vn 0.4380 -0.2514 0.8631
vn 0.2152 0.8235 0.5249
vn -0.9009 -0.2618 -0.3463
vn 0.1738 0.0275 -0.9844
vn 0.7031 0.6655 0.2506
vn -0.2783 -0.3276 -0.9029
vn -0.2377 0.9343 0.2657
vn -0.7363 -0.6339 -0.2369
vn -0.1309 0.6162 0.7766
vn -0.5770 -0.7772 -0.2511
vn 0.9591 0.1905 0.2092
vn 0.8904 0.1204 0.4389
vn 0.6996 -0.0869 -0.7092
vn -0.2764 -0.8462 0.4555
vn -0.7590 -0.6507 0.0230
vn 0.5531 0.6838 -0.4759
vn -0.7034 -0.6882 -0.1779
vn -0.2659 -0.0970 -0.9591
vn -0.9477 0.2835 0.1466
vn 0.1309 0.1892 0.9732
vn -0.9656 -0.0013 0.2601
vn 0.3927 0.6568 0.6438
vn -0.9459 -0.1123 0.3045
vn -0.6535 0.3283 -0.6820
vn -0.6607 -0.5093 0.5515
vn 0.5100 0.4430 -0.7373
vn -0.6567 -0.7520 -0.0568
vn -0.1778 -0.9090 -0.3770
vn -0.9932 -0.0359 0.1104
vn 0.0034 -0.8858 0.4641
vn -0.0037 -0.8003 -0.5996
vn 0.7333 -0.6759 -0.0739
vn 0.6335 -0.7392 0.2284
vn 0.2470 0.9525 -0.1784
vn 0.9441 -0.0798 0.3199
vn -0.4088 0.6281 0.6621
vn 0.9633 0.1602 0.2156
vn -0.8008 0.4607 0.3826
vn 0.9558 0.2195 0.1956
vn -0.7130 0.4471 0.5401
vn 0.9277 0.3716 -0.0361
vn -0.6780 0.6931 0.2447
vn 0.8681 0.4766 0.1388
vn 0.6207 0.1027 0.7773
vn 0.8136 0.3154 -0.4884
vn 0.8387 0.2854 -0.4637
vn 0.8387 0.2854 -0.4638
vn 0.0082 -0.7634 -0.6459
vn 0.9538 0.0291 0.2991
vn 0.0018 0.9212 -0.3890
vn 0.9045 0.0176 -0.4262
vn 0.1211 -0.9076 -0.4019
vn 0.8688 -0.1087 0.4831
vn -0.5111 -0.2203 -0.8308
vn 0.5388 -0.3559 0.7636
vn -0.9776 0.2094 0.0202
vn -0.9899 -0.1407 -0.0191
vn -0.4058 0.8998 -0.1603
vn -0.0814 -0.5567 -0.8267
vn 0.0370 -0.1670 -0.9853
vn -0.9573 0.2538 -0.1383
vn -0.8468 0.5268 -0.0734
vn -0.4877 -0.7539 -0.4403
vn 0.5169 -0.6492 0.5580
vn -0.7931 -0.5745 -0.2024
vn 0.3461 -0.4868 -0.8021
vn 0.8212 -0.5671 0.0630
vn -0.4513 -0.6198 0.6420
vn -0.5771 -0.4264 -0.6965
vn -0.1606 -0.8016 0.5759
vn -0.7686 -0.2428 0.5919
vn -0.9679 -0.1830 -0.1721
vn -0.9474 -0.2564 0.1915
vn -0.0159 0.1750 0.9844
vn -0.9982 0.0361 -0.0471
vn -0.1068 0.8104 0.5761
vn 0.4439 0.8921 -0.0842
vn -0.8243 0.2008 -0.5294
vn -0.5240 0.8426 0.1245
vn 0.4083 0.8138 0.4135
vn 0.1766 0.2970 -0.9384
vn -0.3196 0.9228 0.2153
vn -0.5854 -0.0465 0.8094
vn -0.5802 0.0872 0.8098
vn 0.2144 -0.9765 0.0197
vn -0.8308 -0.1528 -0.5352
vn 0.8248 -0.0933 -0.5577
vn 0.5492 0.7682 -0.3291
vn 0.6179 -0.2699 -0.7385
vn 0.1125 -0.8118 0.5730
vn -0.7868 -0.0299 0.6165
vn 0.9133 0.2285 0.3372
vn -0.1814 0.8210 -0.5414
vn 0.8210 0.2586 -0.5090
vn 0.6068 -0.0285 -0.7943
vn -0.5922 -0.3326 -0.7339
vn 0.8508 -0.0273 -0.5248
vn -0.2523 0.5962 -0.7622
vn 0.3927 -0.7289 -0.5607
vn 0.1030 -0.9945 0.0201
vn 0.4259 0.8093 -0.4045
vn -0.5831 0.2203 0.7820
vn -0.5790 0.3700 0.7265
vn -0.6614 -0.6386 0.3933
vn -0.3967 0.4149 0.8188
vn 0.1533 0.2240 0.9625
vn -0.3618 0.7147 0.5986
vn -0.4825 0.2588 0.8368
vn 0.0420 -0.3071 0.9508
vn -0.0013 -0.8778 0.4791
vn 0.1388 -0.6204 -0.7719
vn 0.3928 -0.7289 -0.5607
vn 0.2971 -0.6906 -0.6594
vn 0.3248 -0.8216 -0.4684
vn -0.2140 0.4618 -0.8608
vn 0.4024 0.5570 -0.7265
vn 0.0214 0.7151 0.6987
vn 0.1871 -0.8014 -0.5681
vn 0.1500 -0.1137 0.9821
vn 0.2007 -0.8308 -0.5191
vn 0.7330 -0.5042 -0.4566
vn 0.5300 -0.5136 -0.6748
vn 0.6184 0.1237 -0.7760
vn 0.6184 0.1238 -0.7761
vn -0.2020 -0.0834 0.9758
vn -0.1571 0.3037 -0.9397
vn -0.4102 -0.9100 0.0601
vn 0.1860 -0.1518 -0.9708
vn -0.0131 -0.8746 0.4848
vn 0.1179 -0.2418 -0.9631
vn -0.4224 -0.9037 0.0696
vn -0.4356 0.4096 -0.8015
vn -0.4705 -0.7245 0.5037
vn -0.4117 -0.5526 0.7246
vn -0.5058 -0.8530 0.1283
vn 0.6455 0.4040 0.6481
vn 0.5147 0.8531 -0.0857
vn -0.7186 0.6856 0.1166
vn 0.9783 0.2021 0.0459
vn -0.7199 -0.3855 -0.5772
vn 0.5340 0.5335 0.6559
vn -0.9630 0.2678 0.0308
vn -0.9851 0.1109 0.1311
vn -0.5167 0.5607 -0.6470
vn 0.0585 -0.9039 -0.4237
vn -0.0227 -0.2459 -0.9690
vn -0.2220 0.8589 0.4616
vn 0.8458 -0.0085 -0.5334
vn 0.2447 0.1632 0.9558
vn 0.1844 -0.5038 -0.8439
vn 0.8855 -0.2716 0.3771
vn 0.2367 -0.7974 -0.5551
vn 0.5256 -0.8155 0.2425
vn 0.5797 -0.4423 -0.6844
vn -0.6666 0.5169 0.5371
vn 0.0693 -0.9346 0.3490
vn 0.2293 0.7953 -0.5612
vn -0.0165 0.8611 -0.5081
vn -0.6195 -0.7846 0.0241
vn 0.6805 -0.3678 0.6337
vn 0.5385 -0.0952 0.8372
vn -0.2795 -0.9589 -0.0497
vn 0.8485 -0.1640 -0.5032
vn -0.3788 -0.8996 -0.2175
vn 0.8167 -0.1641 -0.5532
vn 0.6908 0.4514 0.5649
vn 0.2135 -0.0358 -0.9763
vn 0.1406 -0.7492 -0.6472
vn 0.6654 0.3193 -0.6747
vn 0.6655 0.3193 -0.6747
vn 0.3779 0.4458 -0.8114
vn 0.5760 0.0494 -0.8159
vn -0.8162 -0.0238 -0.5773
vn 0.0397 0.2749 -0.9607
vn 0.6490 -0.4815 0.5890
vn -0.1295 0.5667 -0.8137
vn -0.3008 -0.9531 0.0337
vn 0.2169 0.7162 -0.6633
vn -0.0814 -0.8190 -0.5680
vn 0.6742 0.0461 -0.7371
vn -0.0327 -0.2769 -0.9604
vn 0.5569 -0.4971 -0.6654
vn 0.5568 -0.4971 -0.6655
vn 0.6479 -0.5381 -0.5391
vn 0.3248 -0.8216 -0.4685
vn 0.3248 -0.8217 -0.4684
vn 0.2315 -0.5441 0.8064
vn 0.0254 -0.7298 -0.6832
vn -0.0599 -0.7606 0.6465
vn 0.2850 -0.4621 -0.8398
vn 0.2849 -0.4621 -0.8398
vn 0.6809 0.0467 -0.7309
vn -0.0043 -0.2928 -0.9562
vn -0.0043 -0.2927 -0.9562
vn 0.6809 0.0468 -0.7309
vn -0.0045 0.3914 -0.9202
vn -0.0027 0.5631 -0.8264
vn -0.0028 0.5631 -0.8264
vn 0.7305 0.4383 -0.5237
vn 0.8430 -0.1481 0.5170
vn 0.6541 0.1770 0.7354
vn -0.9568 -0.0873 0.2772
vn -0.6884 -0.6748 -0.2659
vn -0.7218 -0.1428 -0.6772
vn 0.6802 -0.2337 0.6948
vn 0.7276 0.5141 -0.4542
vn -0.7856 0.2368 0.5716
vn 0.2208 0.9057 0.3619
vn -0.4964 -0.4678 0.7313
vn -0.4308 -0.5715 0.6984
vn -0.0473 -0.5260 0.8492
vn -0.7050 -0.2504 0.6635
vn -0.0771 -0.1379 0.9874
vn 0.9981 0.0391 -0.0486
vn 0.1483 -0.9301 -0.3361
vn 0.6351 0.3104 -0.7073
vn 0.6351 0.3105 -0.7073
vn 0.0417 0.6885 -0.7240
vn 0.1338 0.2478 -0.9595
vn -0.1965 0.8762 0.4402
vn 0.7011 -0.7088 0.0777
vn -0.5413 -0.8351 0.0980
vn 0.7204 0.5836 -0.3748
vn -0.2586 0.9556 -0.1416
vn 0.6245 0.2924 0.7242
vn -0.9846 -0.0827 0.1539
vn -0.6874 -0.3239 0.6500
vn 0.0006 -0.2250 0.9744
vn -0.3205 0.7299 -0.6038
vn -0.0902 0.9902 -0.1063
vn 0.2781 0.7658 -0.5799
vn 0.7561 0.2856 -0.5889
vn 0.7561 0.2857 -0.5888
vn 0.6770 0.4611 -0.5736
vn 0.9294 -0.0050 0.3691
vn 0.6754 -0.0483 -0.7359
vn 0.8562 0.2565 0.4486
vn -0.0028 0.5632 -0.8263
vn -0.9354 -0.2110 -0.2837
vn -0.6563 0.2236 -0.7206
vn -0.4254 0.7310 0.5336
vn -0.6145 0.5096 -0.6023
vn -0.6144 0.5095 -0.6024
vn -0.0018 0.6352 -0.7723
vn -0.0057 0.0771 -0.9970
vn -0.0057 0.0772 -0.9970
vn 0.9779 0.2086 0.0110
vn 0.2377 0.7595 -0.6056
vn 0.7407 0.2988 -0.6017
vn 0.7663 0.4580 0.4506
vn 0.5832 -0.6570 -0.4777
vn 0.8257 0.3112 0.4706
vn 0.6156 0.5093 -0.6013
vn -0.4000 0.0329 -0.9159
vn 0.2882 0.0114 -0.9575
vn 0.0902 0.6388 -0.7641
vn -0.0077 -0.6380 -0.7700
vn 0.4823 -0.3639 0.7969
vn -0.5520 -0.6719 -0.4938
vn -0.6793 0.7000 0.2204
vn -0.5086 0.3169 -0.8006
vn -0.7399 0.5676 0.3610
vn -0.4673 -0.5442 -0.6967
vn 0.4293 -0.6321 0.6451
vn 0.8341 -0.5507 -0.0306
vn 0.9814 0.1886 -0.0356
vn -0.0983 -0.8981 -0.4286
vn -0.8601 0.4811 0.1697
vn 0.8283 0.5602 0.0055
vn -0.8204 -0.3268 -0.4692
vn 0.6631 0.7447 -0.0754
vn -0.9879 0.1230 0.0940
vn 0.6860 0.7159 0.1302
vn -0.7246 0.0452 0.6877
vn 0.9894 0.1148 0.0889
vn -0.7125 0.1625 0.6826
vn 0.9477 0.3167 0.0384
vn -0.5543 0.1500 0.8187
vn 0.9020 0.3499 -0.2528
vn -0.5516 0.2106 0.8070
vn -0.3835 0.8913 0.2418
vn 0.0065 0.6924 0.7215
vn -0.9944 0.0976 -0.0397
vn 0.2283 0.9460 -0.2299
vn -0.8648 -0.4873 -0.1210
vn -0.1330 0.1958 -0.9716
vn -0.0031 -0.4166 -0.9091
vn -0.0031 -0.4165 -0.9091
vn 0.9462 -0.0700 -0.3160
vn 0.8385 -0.5424 -0.0526
vn 0.0953 0.9716 0.2165
vn 0.5719 0.0847 0.8159
vn -0.9921 0.1196 -0.0378
vn 0.6270 0.0902 0.7738
vn -0.7499 -0.6485 0.1308
vn 0.5745 0.6520 0.4948
vn -0.6382 -0.7507 0.1704
vn 0.6892 0.6898 0.2218
vn 0.1666 -0.7450 -0.6460
vn 0.6725 -0.5639 -0.4793
vn -0.3229 -0.8949 0.3079
vn -0.9273 0.2655 -0.2637
vn -0.7350 0.6774 -0.0282
vn -0.0615 -0.9777 0.2008
vn -0.4225 0.8999 -0.1081
vn 0.1574 -0.7588 0.6320
vn 0.4150 0.6126 -0.6727
vn 0.9849 -0.1693 -0.0358
vn 0.8161 -0.2986 0.4948
vn 0.0698 -0.9382 0.3390
vn -0.2260 -0.8665 -0.4452
vn -0.6501 0.7304 -0.2094
vn -0.0753 -0.9732 0.2175
vn -0.6453 0.4941 -0.5826
vn -0.1079 -0.9886 0.1049
vn -0.2707 0.5134 -0.8143
vn -0.7941 0.0112 -0.6076
vn 0.5227 0.4190 -0.7425
vn 0.3254 0.8163 0.4772
vn 0.5796 -0.0963 -0.8092
vn 0.0166 0.4641 0.8856
vn 0.0853 0.3473 -0.9339
vn 0.6972 0.5104 0.5033
vn 0.5988 0.4019 -0.6928
vn 0.4162 -0.5297 0.7390
vn 0.6454 -0.7242 0.2427
vn 0.6972 0.0507 -0.7151
vn 0.2166 0.5381 -0.8146
vn -0.8557 0.2858 -0.4315
vn 0.8279 0.5459 0.1292
vn -0.9215 0.1769 -0.3458
vn 0.9181 0.3938 0.0444
vn -0.7092 -0.5806 -0.3999
vn 0.5850 -0.8069 0.0821
vn 0.4680 -0.8834 0.0231
vn -0.1638 -0.4827 -0.8603
vn 0.5330 0.4889 0.6906
vn 0.4663 0.8762 0.1218
vn -0.6970 -0.6210 -0.3586
vn -0.3089 0.5693 -0.7619
vn -0.4480 0.6516 -0.6122
vn -0.5633 0.3683 -0.7397
vn -0.0022 0.6043 -0.7968
vn -0.0046 0.3683 -0.9297
vn -0.5439 -0.1261 0.8296
vn -0.1509 -0.9873 0.0503
vn 0.4807 0.6180 -0.6221
vn 0.7912 0.1583 -0.5907
vn -0.3410 0.9388 -0.0475
vn 0.5382 0.3543 0.7647
vn 0.9688 0.1501 -0.1971
vn -0.2150 -0.9571 -0.1944
vn 0.9970 0.0638 -0.0432
vn 0.4014 -0.8984 0.1780
vn 0.9277 0.3362 0.1623
vn -0.4833 -0.7658 -0.4242
vn -0.2178 -0.8387 -0.4992
vn 0.8269 -0.0318 0.5614
vn -0.5583 0.4663 0.6862
vn 0.6102 0.3763 0.6972
vn -0.6529 0.7178 0.2419
vn -0.6267 0.1581 -0.7630
vn 0.3241 0.7857 0.5270
vn -0.5479 -0.4356 -0.7142
vn 0.5454 0.8381 -0.0132
vn -0.8769 0.2503 -0.4103
vn -0.0022 0.6043 -0.7967
vn 0.3169 0.9033 -0.2891
vn 0.5485 0.5116 -0.6614
vn 0.9170 -0.2929 0.2706
vn 0.3627 0.9240 0.1212
vn 0.7088 -0.3516 -0.6115
vn 0.6558 0.7161 0.2390
vn -0.7180 0.5296 0.4516
vn 0.9767 -0.0453 -0.2100
vn -0.4496 -0.8923 0.0416
vn -0.1531 -0.9736 -0.1692
vn -0.3745 -0.9270 0.0184
vn -0.0754 -0.9766 0.2014
vn -0.3061 -0.9223 -0.2360
vn 0.8003 -0.0208 -0.5992
vn -0.5814 0.0527 0.8119
vn 0.0046 0.2466 0.9691
vn 0.9744 -0.1540 0.1639
vn 0.8128 0.4876 0.3187
vn -0.5778 -0.8102 -0.0986
vn 0.6681 -0.2986 -0.6816
vn -0.7612 -0.0517 -0.6464
vn 0.9710 -0.2381 0.0220
vn -0.4626 -0.5649 0.6833
vn 0.4004 -0.5622 0.7236
vn -0.0840 -0.6873 -0.7215
vn -0.9728 -0.2303 0.0235
vn -0.0031 -0.4165 -0.9092
vn -0.6797 0.3247 -0.6578
vn -0.9212 0.3799 0.0836
vn -0.9990 0.0203 -0.0404
vn 0.9544 -0.2411 0.1760
vn 0.7945 0.4023 0.4549
vn 0.7347 0.6780 -0.0217
vn 0.9825 -0.1760 0.0605
vn 0.0052 0.1367 0.9906
vn 0.0007 -0.9436 0.3310
vn -0.9648 0.2623 -0.0206
vn 0.0304 0.3322 0.9427
vn 0.2019 0.1343 -0.9701
vn -0.1589 -0.8915 -0.4243
vn 0.9309 0.0699 -0.3586
vn -0.9497 0.3109 -0.0381
vn 0.0046 0.7688 0.6395
vn 0.0046 0.7689 0.6394
vn -0.9612 0.0440 -0.2722
vn 0.9270 0.3519 -0.1297
vn 0.1222 -0.9118 -0.3920
vn 0.7530 -0.5477 0.3647
vn 0.1173 -0.4459 0.8873
vn 0.2739 -0.2860 0.9183
vn -0.0373 0.2186 0.9751
vn 0.9988 0.0438 0.0237
vn 0.9988 0.0439 0.0237
vn 0.6218 -0.1567 -0.7674
vn 0.9794 0.1308 0.1540
vn -0.0646 0.7855 -0.6155
vn 0.7314 0.5024 -0.4611
vn 0.0807 0.6093 -0.7889
vn -0.5550 0.1796 -0.8122
vn 0.6025 0.3719 -0.7062
vn -0.1342 -0.8536 -0.5034
vn 0.8111 -0.5835 0.0403
vn -0.2497 -0.7297 0.6365
vn 0.3849 -0.6331 -0.6716
vn -0.8169 -0.0747 -0.5719
vn 0.7276 -0.6142 0.3054
vn 0.8642 0.3926 -0.3146
vn 0.0940 -0.9927 0.0757
vn 0.8287 0.3499 0.4368
vn 0.6663 -0.7257 -0.1715
vn 0.5132 -0.8473 -0.1364
vn 0.6548 -0.6861 -0.3170
vn 0.0531 -0.1510 -0.9871
vn 0.3123 -0.9155 0.2537
vn 0.1575 0.5746 -0.8031
vn 0.3347 -0.9089 0.2487
vn 0.7227 -0.6059 -0.3326
vn -0.4866 -0.8322 -0.2659
vn -0.4866 -0.8321 -0.2660
vn -0.5090 -0.8508 -0.1304
vn -0.6544 -0.6857 -0.3186
vn -0.9091 0.3765 -0.1782
vn 0.0610 -0.9922 -0.1086
vn -0.1930 0.6826 -0.7048
vn -0.5929 -0.7718 0.2298
vn -0.5591 0.0830 -0.8250
vn -0.9477 -0.3192 -0.0008
vn -0.9477 -0.3193 -0.0008
vn -0.0417 -0.1163 0.9923
vn -0.8214 -0.1228 0.5570
vn 0.6801 0.6747 -0.2868
vn 0.5158 0.6505 -0.5576
vn 0.9683 0.0774 -0.2374
vn 0.6986 0.2381 -0.6747
vn 0.5742 -0.8071 0.1376
vn -0.2256 -0.2914 0.9296
vn 0.7045 -0.0278 0.7092
vn -0.2893 0.5159 0.8063
vn 0.7634 0.6331 -0.1279
vn -0.4844 0.8742 -0.0331
vn -0.0971 0.8950 -0.4354
vn 0.4884 0.8715 -0.0435
vn -0.7641 0.6326 -0.1265
vn 0.0818 0.8906 -0.4474
vn 0.2865 0.5058 0.8137
vn 0.8664 0.4740 -0.1569
vn 0.5388 0.6434 -0.5437
vn 0.4854 0.8723 -0.0592
vn 0.3832 0.7822 -0.4913
vn 0.8888 0.4519 -0.0758
vn 0.2305 0.9713 -0.0578
vn 0.7130 0.3688 0.5963
vn 0.3747 -0.4850 -0.7902
vn -0.3643 -0.3832 -0.8488
vn -0.0249 0.9037 -0.4275
vn -0.5724 -0.8083 0.1383
vn -0.5091 -0.8508 -0.1304
vn -0.0006 -0.9949 -0.1006
vn 0.4317 -0.8999 -0.0622
vn 0.7490 0.3883 0.5369
vn -0.9118 0.0759 -0.4036
vn -0.8050 0.2939 0.5154
vn 0.0802 0.4677 0.8802
vn 0.1425 0.6267 0.7661
vn 0.1425 0.6268 0.7661
vn -0.7770 0.0997 0.6216
vn 0.1665 0.0637 0.9840
vn 0.1664 0.0637 0.9840
vn -0.4554 -0.6123 0.6462
vn -0.7017 -0.2327 0.6734
vn 0.1488 -0.9859 0.0762
vn -0.9896 0.0077 0.1435
vn 0.0007 -0.9939 0.1106
vn -0.8861 -0.0516 -0.4605
vn -0.0795 -0.9967 0.0184
vn -0.2402 0.2051 -0.9488
vn -0.1121 -0.9749 -0.1925
vn 0.6101 0.1550 -0.7770
vn -0.0668 -0.9521 0.2984
vn 0.9844 0.0548 -0.1673
vn -0.1555 -0.9870 0.0413
vn 0.9999 0.0130 -0.0066
vn -0.5720 -0.7664 -0.2924
vn 0.8728 -0.2828 0.3977
vn 0.4232 -0.8920 0.1588
vn 0.9123 0.0333 0.4081
vn 0.7183 0.4785 0.5050
vn 0.1696 0.8547 -0.4906
vn 0.9624 -0.2583 0.0844
vn -0.4061 0.8864 -0.2221
vn 0.7885 0.3802 -0.4834
vn -0.8615 0.3535 -0.3646
vn 0.5710 0.5516 -0.6080
vn -0.9953 -0.0341 0.0907
vn 0.8750 -0.0685 -0.4792
vn -0.3853 -0.8240 -0.4154
vn 0.4222 -0.8897 0.1737
vn -0.6340 -0.7610 -0.1377
vn 0.1120 -0.9372 0.3302
vn 0.6267 -0.7492 -0.2144
vn -0.2499 -0.8818 0.4000
vn 0.1375 -0.9321 0.3352
vn 0.3249 -0.7959 -0.5109
vn 0.7807 0.1178 -0.6137
vn -0.9486 0.0506 -0.3125
vn -0.7604 -0.1713 -0.6265
vn 0.9440 -0.3297 -0.0095
vn 0.8253 -0.4554 -0.3338
vn 0.9488 0.3111 -0.0545
vn 0.6122 -0.5897 -0.5268
vn 0.7917 0.2371 0.5630
vn -0.7265 0.1663 0.6668
vn -0.2090 0.9240 -0.3201
vn -0.1187 0.9458 -0.3023
vn 0.3071 -0.2727 0.9117
vn 0.0379 -0.9226 -0.3838
vn 0.7699 0.0413 -0.6369
vn 0.5843 0.6813 -0.4409
vn 0.3337 -0.9394 -0.0784
vn 0.5866 0.8098 -0.0091
vn 0.7322 -0.6370 -0.2412
vn 0.4595 -0.3966 -0.7948
vn 0.3833 -0.4524 0.8052
vn -0.5028 0.8088 -0.3051
vn 0.0326 0.9986 0.0415
vn 0.5794 -0.7041 -0.4106
vn 0.7718 0.2896 -0.5660
vn -0.0266 0.2174 0.9757
vn -0.4188 -0.7437 0.5210
vn 0.0870 0.4585 0.8844
vn 0.0871 0.4585 0.8844
vn 0.3279 -0.5284 0.7831
vn -0.5330 0.1995 0.8223
vn 0.9853 0.1205 0.1209
vn -0.7487 0.2407 0.6176
vn 0.9901 -0.0686 0.1225
vn -0.5955 0.0700 0.8003
vn 0.9879 0.0373 0.1505
vn -0.6976 -0.0591 0.7140
vn 0.1009 0.5108 0.8538
vn 0.0395 -0.0446 0.9982
vn 0.0396 -0.0446 0.9982
vn -0.6495 -0.7343 0.1971
vn -0.9104 0.2555 0.3254
vn -0.1306 -0.9765 0.1713
vn -0.7749 0.1473 -0.6147
vn -0.1665 -0.9129 0.3726
vn 0.3378 -0.1897 -0.9219
vn -0.5774 -0.7991 -0.1674
vn 0.9355 -0.2822 0.2129
vn 0.1220 -0.8897 0.4399
vn -0.1428 0.6902 0.7094
vn 0.6627 -0.1543 0.7328
vn -0.9712 0.0628 0.2298
vn 0.6898 0.0073 0.7240
vn -0.9859 -0.0295 0.1650
vn 0.6433 0.2785 0.7132
vn -0.9793 0.0485 0.1964
vn 0.5803 0.2851 0.7629
vn -0.9199 -0.0677 0.3864
vn 0.9805 -0.1581 0.1167
vn -0.4337 0.0184 -0.9009
vn -0.3442 0.7876 0.5111
vn 0.2739 0.9524 0.1335
vn 0.2332 0.5464 0.8044
vn -0.6070 0.7940 0.0342
vn -0.6070 0.7939 0.0343
vn -0.1739 0.8437 -0.5079
vn -0.9216 0.0971 -0.3757
vn -0.9216 0.0971 -0.3758
vn 0.0735 -0.1035 -0.9919
vn -0.1424 0.5592 -0.8167
vn -0.2132 -0.7165 -0.6642
vn 0.6702 0.5155 -0.5340
vn -0.3918 -0.4394 -0.8084
vn 0.9610 0.2457 0.1267
vn -0.4241 -0.3023 -0.8537
vn 0.9539 0.1151 0.2773
vn -0.3851 -0.3655 -0.8474
vn 0.8646 0.1882 0.4658
vn -0.3701 -0.0205 -0.9288
vn 0.4455 0.1912 0.8746
vn -0.8654 0.0919 -0.4926
vn -0.9787 -0.0973 -0.1810
vn -0.1839 0.9598 -0.2122
vn -0.3190 -0.2500 -0.9142
vn 0.4571 -0.5160 -0.7244
vn -0.3111 0.8554 0.4141
vn -0.1603 -0.3169 -0.9348
vn -0.5833 0.7285 0.3592
vn -0.6896 -0.1680 -0.7044
vn 0.2372 0.8236 -0.5152
vn -0.0254 -0.5824 -0.8125
vn 0.8702 -0.3944 0.2954
vn 0.9270 0.2164 -0.3064
vn 0.7906 0.5850 -0.1807
vn 0.6487 0.6067 -0.4595
vn 0.9803 -0.0157 0.1969
vn 0.7636 0.0002 -0.6457
vn -0.7870 0.6071 -0.1094
vn -0.9844 -0.1402 0.1061
vn 0.6730 -0.7311 0.1118
vn -0.4358 0.1694 -0.8840
vn 0.4765 -0.8771 0.0595
vn 0.4264 0.2331 -0.8740
vn 0.3786 -0.9041 -0.1982
vn 0.9484 -0.0696 -0.3093
vn 0.4660 -0.1135 -0.8775
vn 0.9472 0.0086 -0.3204
vn 0.6466 0.7100 -0.2790
vn 0.1616 -0.3876 -0.9076
vn 0.5081 0.3059 0.8051
vn 0.4602 -0.4263 -0.7788
vn 0.5343 -0.8025 -0.2656
vn 0.7607 0.1058 -0.6404
vn -0.0238 -0.3312 -0.9433
vn -0.2223 0.0652 -0.9728
vn -0.0238 -0.3312 -0.9432
vn -0.6903 -0.6218 -0.3699
vn -0.1426 0.3569 -0.9232
vn -0.6176 0.0584 0.7843
vn 0.4081 0.7305 -0.5475
vn -0.1036 -0.3014 0.9479
vn 0.5772 -0.2102 0.7891
vn -0.0213 -0.5273 0.8494
vn 0.4205 0.4149 0.8069
vn 0.6330 -0.1126 0.7659
vn 0.2283 -0.1722 -0.9582
vn -0.7830 -0.3678 0.5017
vn -0.6574 -0.1490 -0.7386
vn -0.9526 -0.1214 -0.2790
vn -0.9216 0.0972 -0.3757
vn -0.8377 0.0483 0.5441
vn -0.8377 0.0483 0.5440
vn -0.4401 -0.4486 0.7779
vn -0.8446 0.5352 0.0175
vn 0.9148 -0.0774 0.3963
vn 0.7671 0.4287 -0.4772
vn 0.5416 -0.1772 0.8217
vn -0.4883 0.2032 -0.8487
vn -0.9898 0.0669 0.1257
vn -0.2848 0.7627 0.5807
vn -0.6918 -0.2116 0.6904
vn 0.8746 -0.3901 -0.2881
vn -0.5520 -0.0864 -0.8293
vn -0.1237 0.2327 0.9646
vn 0.3995 0.1571 0.9032
vn 0.4097 0.3455 -0.8443
vn 0.9339 -0.0855 -0.3471
vn -0.4028 -0.4830 -0.7775
vn -0.3360 0.7165 -0.6114
vn -0.7348 0.4248 0.5288
vn -0.8402 0.1963 -0.5054
vn 0.0000 0.9949 0.1006
vn 0.9823 -0.0803 0.1690
vn 0.1717 0.5096 0.8431
vn 0.7981 -0.0684 -0.5987
vn -0.6128 0.2458 0.7510
vn -0.4253 -0.5558 -0.7143
vn -0.7663 0.2702 -0.5829
vn -0.0560 0.9889 -0.1378
vn 0.7696 -0.5522 -0.3207
vn 0.9751 -0.1790 0.1311
vn -0.3896 0.9200 -0.0414
vn 0.8354 0.1311 -0.5338
vn -0.3247 0.9394 0.1100
vn 0.2589 0.2206 -0.9404
vn -0.2049 0.9135 0.3514
vn -0.6008 0.2645 -0.7544
vn 0.1107 0.9159 0.3857
vn -0.9841 0.0481 -0.1712
vn 0.2449 0.9677 -0.0590
vn -0.8967 -0.4414 0.0336
vn 0.2590 0.9590 -0.1153
vn 0.1554 -0.9401 -0.3034
vn 0.5437 0.3951 0.7405
vn 0.7065 -0.6084 0.3616
vn 0.2615 -0.4427 -0.8577
vn -0.1385 0.1750 0.9748
vn 0.1516 0.0753 0.9856
vn 0.9431 0.2903 -0.1622
vn 0.8803 0.1472 0.4510
vn -0.8465 0.1922 0.4965
vn -0.1267 0.1561 -0.9796
vn -0.9929 -0.0664 -0.0990
vn -0.9370 -0.1909 -0.2925
vn -0.3526 0.8559 -0.3783
vn -0.8918 0.4456 -0.0783
vn -0.7191 0.6335 -0.2855
vn -0.2335 -0.8875 0.3972
vn -0.6049 0.5563 0.5698
vn 0.6175 0.7630 0.1909
vn -0.5067 0.5673 -0.6492
vn -0.5066 0.5673 -0.6492
vn 0.1186 0.9389 -0.3230
vn 0.1898 0.7035 -0.6849
vn 0.1187 0.9389 -0.3230
vn 0.7598 0.5125 -0.4000
vn 0.7598 0.5126 -0.3999
vn 0.5231 0.2017 0.8281
vn 0.6511 0.7387 -0.1746
vn -0.4298 -0.4200 0.7993
vn 0.9680 0.2482 -0.0373
vn -0.4754 -0.1625 0.8646
vn 0.8382 0.5242 0.1507
vn 0.2327 0.0589 0.9708
vn 0.3249 0.9201 -0.2188
vn 0.5191 0.7844 0.3393
vn -0.7210 0.6923 -0.0302
vn -0.5657 -0.6156 -0.5487
vn -0.1973 0.8073 -0.5563
vn -0.5172 -0.7850 -0.3412
vn 0.4944 0.7813 -0.3809
vn -0.0147 0.8019 -0.5973
vn 0.2288 0.7794 -0.5833
vn 0.8417 0.5253 -0.1250
vn 0.9243 0.3697 -0.0947
vn 0.7604 0.1023 0.6414
vn 0.4364 -0.8981 0.0544
vn 0.8770 0.2503 -0.4101
vn 0.1977 0.5582 -0.8058
vn 0.4566 -0.8529 0.2531
vn 0.1660 0.7418 -0.6498
vn 0.9800 0.0240 -0.1973
vn 0.7680 -0.0950 -0.6334
vn -0.3884 0.5311 0.7530
vn 0.5314 0.8130 0.2382
vn -0.4544 0.0644 0.8885
vn 0.7065 0.7077 -0.0051
vn 0.0000 0.3398 0.9405
vn 0.9365 -0.2647 0.2298
vn -0.7261 0.1817 0.6631
vn 0.9076 0.2964 -0.2974
vn -0.9898 0.1418 0.0096
vn 0.1947 0.0560 -0.9793
vn 0.2085 0.0534 -0.9766
vn 0.1798 -0.1353 -0.9744
vn 0.1178 0.2468 -0.9619
vn -0.1798 -0.1353 -0.9744
vn -0.2085 0.0534 -0.9766
vn -0.1178 0.2468 -0.9619
vn -0.1947 0.0560 -0.9793
vn -0.9076 0.2964 -0.2974
vn 0.9898 0.1420 0.0096
vn 0.7206 0.0236 0.6930
vn -0.9572 -0.0122 -0.2892
vn 0.1273 -0.8706 0.4753
vn -0.4914 -0.5911 -0.6397
vn -0.5985 -0.3367 -0.7269
vn -0.1766 -0.8358 -0.5198
vn -0.6691 -0.6093 -0.4255
vn -0.1427 -0.5479 -0.8243
vn -0.0797 -0.3331 -0.9395
vn -0.2412 -0.1056 -0.9647
vn 0.7868 0.5481 0.2838
vn -0.5405 0.8224 0.1776
vn 0.0274 0.9984 0.0499
vn 0.1745 -0.2967 0.9389
vn 0.2767 0.9141 -0.2962
vn -0.8144 -0.4531 -0.3627
vn -0.7351 0.6066 -0.3029
vn 0.2465 0.2317 0.9410
vn 0.3278 -0.8509 -0.4105
vn 0.0043 -1.0000 -0.0015
vn -0.8245 -0.4000 0.4003
vn 0.6417 -0.6365 0.4279
vn -0.4362 -0.7592 0.4830
vn 0.7100 0.4608 0.5325
vn -0.9578 0.2833 0.0485
vn 0.2365 0.7265 -0.6452
vn 0.7522 0.1192 -0.6480
vn 0.1273 0.9918 0.0080
vn -0.1991 0.2601 -0.9448
vn 0.1469 0.9891 -0.0107
vn -0.9181 -0.0611 -0.3916
vn 0.0157 0.9917 -0.1277
vn -0.8710 -0.0146 0.4910
vn -0.8633 0.1650 0.4770
vn 0.0555 0.7671 0.6391
vn -0.1339 -0.0825 0.9875
vn 0.9580 0.2787 -0.0672
vn -0.1071 -0.9623 -0.2502
vn 0.0000 0.0634 -0.9980
vn 0.0000 0.0476 -0.9989
vn -0.3480 0.1503 -0.9254
vn -0.1746 0.0397 -0.9838
vn -0.3271 -0.9129 -0.2443
vn -0.2308 0.7179 -0.6568
vn -0.7271 0.6401 -0.2481
vn 0.1268 0.0476 -0.9908
vn 0.1942 -0.0976 0.9761
vn 0.1396 -0.1140 0.9836
vn -0.0113 -0.1885 0.9820
vn -0.7747 0.0000 0.6324
vn -0.6501 0.6831 0.3328
vn -0.2427 -0.6543 0.7163
vn -0.2654 0.9641 -0.0041
vn -0.0179 -0.6364 0.7711
vn -0.2805 0.9518 0.1240
vn 0.4244 -0.4929 0.7595
vn -0.3474 0.8229 -0.4496
vn 0.8918 -0.4087 0.1938
vn -0.0571 0.8451 -0.5316
vn 0.6368 -0.7397 -0.2176
vn -0.2737 0.7455 -0.6077
vn 0.3728 -0.8139 -0.4456
vn -0.4890 0.6565 -0.5744
vn -0.0181 -0.7410 -0.6713
vn -0.4803 0.8467 -0.2290
vn -0.3987 -0.8160 -0.4185
vn -0.5419 0.8381 -0.0626
vn -0.7373 -0.6177 -0.2734
vn -0.4847 0.8515 0.2001
vn -0.2761 -0.9164 -0.2899
vn 0.9881 -0.1522 0.0235
vn 0.9737 -0.1168 -0.1958
vn 0.9175 -0.0511 -0.3946
vn 0.5939 0.5903 -0.5467
vn 0.7741 -0.0991 -0.6253
vn 0.0113 0.8129 -0.5823
vn 0.1054 0.0908 0.9903
vn -0.4979 0.2445 0.8320
vn 0.0464 0.7283 -0.6837
vn 0.0408 0.5753 0.8169
vn -0.4588 0.8225 -0.3363
vn 0.4740 0.3150 0.8223
vn -0.5839 0.8034 -0.1170
vn 0.8638 0.4989 0.0702
vn -0.5461 0.8145 0.1957
vn 0.8217 0.1822 -0.5399
vn -0.2313 0.8793 0.4164
vn 0.4815 0.2208 -0.8482
vn 0.0759 0.9076 0.4129
vn 0.0091 -0.0623 -0.9980
vn 0.4026 0.8802 0.2513
vn -0.4571 0.1819 -0.8706
vn 0.5820 0.8050 0.1151
vn -0.8356 0.1084 -0.5385
vn -0.1297 0.2987 -0.9455
vn -0.4368 0.8973 -0.0635
vn 0.3637 -0.7817 -0.5066
vn 0.7522 -0.6585 0.0239
vn 0.2840 -0.1021 -0.9534
vn 0.4277 -0.2586 0.8662
vn 0.7013 -0.7003 -0.1334
vn 0.3677 0.7111 -0.5993
vn 0.7915 0.3018 -0.5314
vn 0.3682 -0.8970 -0.2448
vn 0.9947 -0.0041 0.1026
vn 0.9947 -0.0041 0.1025
vn 0.6672 0.6932 0.2725
vn 0.7972 -0.0662 -0.6001
vn 0.5595 -0.8077 0.1858
vn 0.9966 0.0206 0.0800
vn 0.6184 -0.0082 -0.7858
vn 0.8846 0.4543 0.1051
vn 0.8847 0.4542 0.1051
vn 0.6763 0.3524 -0.6469
vn 0.6763 0.3525 -0.6468
vn -0.7262 -0.3589 -0.5864
vn 0.7111 -0.4465 -0.5431
vn -0.5979 -0.1283 0.7912
vn 0.0861 -0.3951 0.9146
vn -0.4965 0.5591 0.6640
vn -0.9341 -0.3433 -0.0976
vn -0.0455 -0.4154 -0.9085
vn 0.6868 -0.4239 0.5904
vn 0.9516 -0.3027 0.0533
vn 0.5793 0.8038 0.1349
vn -0.3210 0.0114 0.9470
vn -0.4945 0.1823 0.8499
vn 0.3877 0.9211 -0.0342
vn -0.3569 -0.7711 0.5273
vn -0.1098 -0.4270 -0.8976
vn -0.7437 -0.4349 -0.5078
vn -0.5596 -0.3512 -0.7507
vn -0.5641 0.2494 -0.7872
vn -0.9360 -0.3011 -0.1822
vn -0.8006 0.0341 0.5983
vn 0.8450 -0.1329 -0.5179
vn 0.9610 -0.0154 0.2760
vn -0.7539 -0.0767 0.6525
vn 0.9290 0.1939 0.3151
vn -0.6931 0.3505 0.6299
vn 0.7050 0.7073 0.0517
vn -0.4479 0.6444 0.6198
vn 0.9238 -0.0999 -0.3696
vn -0.0862 -0.5910 0.8020
vn 0.4101 -0.4578 0.7888
vn 0.3164 0.6265 -0.7123
vn -0.8086 0.5716 0.1392
vn 0.3083 0.9341 0.1798
vn 0.3083 0.9342 0.1798
vn -0.8890 -0.0174 0.4576
vn -0.7872 0.5529 -0.2732
vn 0.0085 0.1537 0.9881
vn -0.7866 -0.3650 -0.4980
vn 0.5457 0.5083 0.6662
vn -0.8046 -0.5235 -0.2803
vn 0.7498 -0.6041 -0.2699
vn 0.0147 -0.5333 -0.8458
vn 0.1609 -0.3265 -0.9314
vn 0.4232 0.4939 -0.7595
vn -0.4512 -0.1818 -0.8737
vn -0.9092 0.0467 -0.4138
vn 0.7771 -0.0347 0.6285
vn 0.6943 -0.3873 0.6066
vn 0.7838 0.3670 -0.5009
vn 0.2466 -0.8392 -0.4847
vn 0.2250 -0.1938 -0.9549
vn -0.7811 -0.2980 0.5486
vn -0.4185 0.4021 0.8143
vn -0.5866 -0.7016 0.4046
vn -0.6979 0.5759 -0.4257
vn 0.8493 -0.3276 -0.4139
vn 0.4461 0.4473 0.7752
vn -0.7311 0.6712 0.1223
vn 0.3774 -0.6226 0.6855
vn -0.8793 -0.4249 -0.2152
vn 0.2216 0.7957 -0.5636
vn -0.8344 0.0035 -0.5511
vn -0.0776 -0.6052 -0.7923
vn 0.6949 -0.3175 0.6452
vn -0.3511 -0.8319 -0.4297
vn 0.3765 -0.8957 -0.2365
vn 0.7237 -0.6614 0.1968
vn -0.8267 -0.5146 -0.2274
vn 0.1265 -0.9380 -0.3228
vn 0.8267 -0.5146 -0.2274
vn -0.7237 -0.6614 0.1968
vn -0.1265 -0.9380 -0.3228
vn 0.2193 -0.8199 -0.5288
vn 0.9122 -0.4017 -0.0813
vn 0.9831 0.0873 -0.1607
vn -0.2216 0.7957 -0.5636
vn -0.3774 -0.6226 0.6855
vn -0.2223 0.7781 -0.5875
vn -0.5707 0.6579 -0.4914
vn -0.4368 0.8973 -0.0636
vn 0.1241 0.8951 -0.4282
vn -0.3565 -0.2958 -0.8862
vn -0.3584 -0.1103 0.9270
vn -0.0248 -0.8587 0.5119
vn -0.7070 -0.4054 -0.5796
vn 0.1863 -0.5959 0.7812
vn 0.4056 -0.0518 -0.9126
vn 0.7354 0.0565 -0.6753
vn -0.3264 -0.8575 -0.3976
vn -0.3942 0.9091 -0.1344
vn 0.0079 0.8761 0.4821
vn 0.9369 0.1818 -0.2987
vn 0.9884 -0.0699 -0.1352
vn -0.7006 -0.3102 0.6425
vn -0.6668 -0.5759 -0.4730
vn -0.8218 -0.1897 0.5373
vn -0.8218 -0.1896 0.5373
vn -0.7127 -0.4195 -0.5622
vn -0.3485 -0.9346 0.0713
vn -0.7126 -0.4197 -0.5622
vn 0.0000 -0.9832 -0.1824
vn -0.7126 -0.4196 -0.5622
vn -0.0000 -0.6188 -0.7855
vn -0.0000 -0.6189 -0.7855
vn -0.0628 0.4585 -0.8865
vn -0.5389 -0.0396 -0.8414
vn 0.8899 0.2399 0.3880
vn 0.0924 0.4576 0.8843
vn -0.0591 -0.7256 0.6856
vn 0.4242 0.6751 -0.6036
vn 0.6969 0.0969 -0.7106
vn 0.3624 -0.7967 0.4837
vn 0.8077 0.5745 0.1323
vn -0.2520 -0.8748 0.4138
vn 0.7281 0.3259 0.6031
vn -0.3565 -0.8908 0.2819
vn 0.3809 0.5076 0.7728
vn -0.1558 -0.8598 0.4864
vn 0.0000 -0.1104 0.9939
vn -0.0748 -0.0518 -0.9959
vn -0.2676 0.1468 -0.9523
vn -0.2276 -0.3699 -0.9008
vn 0.2676 0.1468 -0.9523
vn 0.0511 -0.0538 -0.9972
vn 0.2276 -0.3699 -0.9008
vn 0.2826 0.0096 -0.9592
vn -0.0976 -0.4552 -0.8850
vn 0.3593 0.0643 -0.9310
vn -0.4736 0.5397 -0.6960
vn -0.1500 -0.0616 -0.9868
vn 0.1753 0.2597 -0.9496
vn -0.4939 0.2834 -0.8221
vn -0.7512 0.1605 0.6402
vn -0.2186 -0.9707 -0.0994
vn 0.2778 -0.1747 0.9446
vn 0.2779 -0.1746 0.9446
vn 0.5085 -0.3054 0.8051
vn -0.2811 -0.8878 0.3643
vn 0.5743 0.3398 0.7448
vn -0.9027 -0.3537 -0.2450
vn -0.4773 0.8281 -0.2939
vn -0.6171 0.5845 0.5268
vn 0.0432 0.9987 0.0281
vn 0.0413 0.4525 0.8908
vn -0.6781 0.7125 -0.1801
vn -0.6833 -0.6972 -0.2166
vn 0.7498 0.4697 0.4660
vn 0.9311 0.2526 0.2632
vn -0.5036 0.5369 -0.6769
vn 0.7126 -0.4196 -0.5622
vn 0.9997 0.0000 -0.0238
vn 0.8227 -0.2056 0.5300
vn -0.4595 -0.3790 -0.8033
vn 0.7787 -0.2283 -0.5844
vn -0.4321 0.3117 0.8462
vn 0.3504 0.3642 0.8629
vn 0.6875 -0.3210 -0.6514
vn 0.1166 0.0975 0.9884
vn 0.6609 -0.3061 -0.6852
vn 0.3880 0.2400 0.8899
vn 0.7615 0.0858 -0.6424
vn 0.3156 0.0777 0.9457
vn -0.2550 0.9321 0.2572
vn 0.6918 -0.2267 0.6856
vn 0.6918 -0.2267 0.6855
vn 0.5823 -0.8112 -0.0535
vn -0.1695 -0.5520 0.8164
vn 0.0129 -0.2945 -0.9556
vn -0.7029 -0.6173 -0.3535
vn -0.0385 0.9373 -0.3465
vn 0.6529 0.3042 -0.6936
vn 0.4368 -0.2865 -0.8527
vn -0.5452 0.7904 0.2793
vn -0.1938 0.0985 -0.9761
vn -0.2218 0.9604 0.1685
vn -0.9588 -0.2282 -0.1693
vn 0.4648 0.8809 0.0891
vn -0.6128 0.0345 -0.7895
vn 0.7397 -0.4755 -0.4762
vn 0.1136 -0.1776 -0.9775
vn -0.5461 -0.0575 -0.8357
vn 0.5272 -0.3505 0.7741
vn -0.3899 0.1328 0.9112
vn -0.5622 0.0803 -0.8231
vn -0.4149 0.2960 0.8604
vn -0.6726 -0.2286 -0.7038
vn -0.4073 0.2580 0.8761
vn -0.6408 -0.6149 0.4597
vn -0.8914 0.2828 0.3542
vn 0.0464 -0.3754 -0.9257
vn -0.6674 -0.2641 -0.6964
vn 0.4179 0.5144 0.7488
vn -0.3424 0.8543 0.3911
vn -0.6021 -0.0846 -0.7939
vn 0.2864 0.9455 -0.1550
vn 0.0444 -0.4715 -0.8808
vn 0.9352 0.3089 0.1732
vn -0.0687 -0.4087 -0.9101
vn 0.8825 -0.0931 0.4610
vn -0.2395 -0.1263 -0.9626
vn 0.9824 0.0165 0.1862
vn -0.2388 -0.2684 -0.9333
vn 0.8703 0.1621 0.4651
vn -0.0591 -0.1879 -0.9804
vn 0.2260 0.5246 0.8208
vn -0.9161 -0.3982 -0.0468
vn -0.7906 0.5888 -0.1678
vn -0.9270 0.2231 -0.3015
vn -0.6486 0.6166 -0.4461
vn -0.8702 -0.4008 0.2866
vn 0.1524 0.1182 0.9812
vn -0.0838 -0.4809 -0.8727
vn 0.5105 -0.1973 -0.8370
vn -0.0771 -0.9961 0.0420
vn 0.9123 -0.1132 -0.3936
vn 0.4108 0.8910 0.1931
vn 0.7716 -0.5655 0.2913
vn -0.7382 0.1343 0.6611
vn -0.6067 -0.0691 0.7919
vn 0.3111 0.8461 0.4328
vn -0.8486 -0.0308 -0.5281
vn -0.4571 -0.5000 -0.7356
vn 0.1840 0.9642 -0.1910
vn 0.3189 -0.2299 -0.9195
vn 0.9787 -0.0933 -0.1831
vn 0.8654 0.1027 -0.4905
vn 0.3701 -0.0002 -0.9290
vn -0.4455 0.1720 0.8786
vn -0.8647 0.1780 0.4697
vn 0.3850 -0.3469 -0.8552
vn -0.9539 0.1090 0.2796
vn 0.4241 -0.2835 -0.8601
vn -0.9610 0.2428 0.1321
vn 0.3918 -0.4216 -0.8178
vn -0.6702 0.5271 -0.5225
vn 0.2132 -0.7017 -0.6798
vn -0.3886 0.9208 -0.0326
vn 0.7567 -0.0298 0.6531
vn -0.6634 0.2422 0.7080
vn -0.3706 -0.3918 0.8421
vn -0.7601 -0.6397 -0.1140
vn -0.3529 -0.0320 0.9351
vn -0.4605 0.3185 -0.8286
vn 0.0314 -0.9617 -0.2722
vn -0.7607 0.1198 -0.6379
vn -0.5344 -0.7964 -0.2831
vn -0.4601 -0.4092 -0.7880
vn -0.5081 0.2883 0.8116
vn -0.1618 -0.3675 -0.9159
vn -0.6465 0.7160 -0.2634
vn -0.9472 0.0156 -0.3202
vn -0.4660 -0.0942 -0.8797
vn -0.9484 -0.0628 -0.3108
vn -0.9484 -0.0628 -0.3107
vn -0.4660 -0.0942 -0.8798
vn -0.4503 -0.1265 -0.8839
vn -0.0357 0.6194 0.7843
vn -0.7460 -0.3115 -0.5886
vn 0.4379 0.7947 -0.4204
vn 0.3397 -0.1481 -0.9288
vn 0.4834 -0.1869 -0.8552
vn 0.4973 0.8382 -0.2241
vn 0.7026 -0.6377 0.3158
vn -0.5772 -0.2274 0.7843
vn 0.1036 -0.3221 0.9410
vn 0.6176 0.0411 0.7854
vn -0.4080 0.7424 -0.5315
vn -0.5967 -0.3674 -0.7134
vn -0.2449 0.6130 0.7512
vn -0.9628 0.1667 0.2126
vn -0.5440 -0.8306 -0.1188
vn 0.2533 0.9421 0.2197
vn 0.9878 0.1477 -0.0499
vn -0.1700 0.3758 -0.9110
usemtl MAT_phong2
s 1
f 768/1/1 1/2/2 757/3/3
f 770/4/4 2/5/5 768/1/6
f 2/5/5 1/2/7 768/1/6
f 1/2/8 2/5/9 756/6/10
f 2/5/9 781/7/11 756/6/10
f 759/8/12 760/9/13 767/10/14
f 760/9/13 761/11/15 767/10/14
f 767/10/14 761/11/15 3/12/16
f 761/11/15 763/13/17 3/12/16
f 3/12/16 763/13/17 4/14/18
f 763/13/17 765/15/19 4/14/18
f 4/14/18 765/15/19 5/16/20
f 6/17/21 8/18/22 7/19/23
f 7/19/23 8/18/22 9/20/24
f 8/18/22 842/21/25 9/20/24
f 9/20/24 842/21/25 10/22/26
f 842/21/25 11/23/27 10/22/26
f 10/22/26 11/23/27 839/24/28
f 11/23/27 12/25/29 839/24/28
f 15/26/30 14/27/31 13/28/32
f 13/28/32 14/27/31 64/29/33
f 14/27/31 15/30/34 64/29/33
f 64/29/33 15/30/34 65/31/35
f 15/30/34 13/32/36 65/31/35
f 65/31/35 13/32/36 16/33/37
f 17/34/38 18/35/39 19/36/40
f 18/35/39 108/37/41 19/36/40
f 19/36/40 108/37/41 17/38/42
f 108/37/41 110/39/43 17/38/42
f 17/38/42 110/39/43 18/40/44
f 110/39/43 112/41/45 18/40/44
f 553/42/46 20/43/47 21/44/48
f 20/43/47 22/45/49 21/44/48
f 21/44/48 22/45/49 23/46/50
f 22/45/49 24/47/51 23/46/50
f 25/48/52 27/49/53 26/50/54
f 26/50/54 27/49/53 28/51/55
f 27/49/53 29/52/56 28/51/55
f 28/51/55 29/52/56 30/53/57
f 34/54/58 42/55/59 36/56/60
f 36/56/60 42/55/59 37/57/61
f 42/55/59 40/58/62 37/57/61
f 37/57/61 40/58/62 31/59/63
f 39/60/64 41/61/65 38/62/66
f 38/62/66 41/61/65 32/63/67
f 41/61/65 33/64/68 32/63/67
f 32/63/67 33/64/68 35/65/69
f 35/65/70 33/64/71 34/66/72
f 33/64/71 41/67/73 34/66/72
f 34/66/72 41/67/73 42/68/74
f 34/66/75 36/56/76 35/65/77
f 35/65/77 36/56/76 32/69/78
f 36/56/76 37/70/79 32/69/78
f 32/69/78 37/70/79 38/71/80
f 37/70/79 31/72/81 38/71/80
f 38/71/80 31/72/81 39/73/82
f 31/72/81 40/74/83 39/73/82
f 39/73/82 40/74/83 41/75/84
f 40/74/83 42/76/85 41/75/84
f 43/77/86 44/78/87 45/79/88
f 44/78/87 50/80/89 45/79/88
f 45/79/88 50/80/89 47/81/90
f 50/80/89 193/82/91 47/81/90
f 43/83/92 45/79/93 198/84/94
f 198/84/94 45/79/93 46/85/95
f 45/79/93 47/86/96 46/85/95
f 46/85/95 47/86/96 48/87/97
f 208/88/98 49/89/99 44/90/100
f 44/90/100 49/89/99 50/91/101
f 49/89/99 51/92/102 50/91/101
f 50/91/101 51/92/102 193/93/103
f 52/94/104 53/95/105 84/96/106
f 84/96/106 53/95/105 54/97/107
f 53/95/105 58/98/108 54/97/107
f 58/98/109 60/99/110 54/97/111
f 54/97/111 60/99/110 55/100/112
f 60/99/110 59/101/113 55/100/112
f 55/100/112 59/101/113 56/102/114
f 59/101/113 57/103/115 56/102/114
f 56/102/114 57/103/115 61/104/116
f 61/104/116 57/103/117 58/105/118
f 57/103/117 59/106/119 58/105/118
f 58/105/120 59/106/121 60/107/122
f 58/105/123 53/108/124 61/104/125
f 61/104/125 53/108/124 62/109/126
f 53/108/124 52/110/127 62/109/126
f 62/109/126 52/110/127 63/111/128
f 52/110/127 95/112/129 63/111/128
f 95/112/130 98/113/131 63/111/132
f 98/113/133 87/114/134 63/111/135
f 87/114/136 64/115/137 63/111/138
f 64/115/139 65/116/140 63/111/141
f 63/111/141 65/116/140 66/117/142
f 65/116/140 16/118/143 66/117/142
f 16/118/144 81/119/145 66/117/146
f 81/119/147 73/120/148 66/117/149
f 73/120/150 71/121/151 66/117/152
f 66/117/152 71/121/151 63/111/153
f 63/111/153 71/121/154 62/109/155
f 71/121/154 67/122/156 62/109/155
f 62/109/155 67/122/156 61/104/157
f 61/104/116 67/122/158 56/102/159
f 67/122/158 68/123/160 56/102/159
f 56/102/159 68/123/160 55/100/161
f 55/100/162 68/123/163 54/97/164
f 54/97/164 68/123/163 84/124/165
f 84/124/165 68/123/166 69/125/167
f 68/123/166 67/122/168 69/125/167
f 69/125/167 67/122/168 70/126/169
f 67/122/168 71/121/170 70/126/169
f 70/126/169 71/121/170 72/127/171
f 71/121/170 73/120/172 72/127/171
f 72/127/171 73/120/172 76/128/173
f 73/120/172 74/129/174 76/128/173
f 74/129/175 75/130/176 76/128/177
f 75/130/178 77/131/179 76/128/180
f 76/128/180 77/131/179 72/127/181
f 72/127/181 77/131/182 78/132/183
f 77/131/182 75/130/184 78/132/183
f 78/132/185 79/133/186 72/127/187
f 72/127/187 79/133/186 70/126/188
f 79/133/189 78/134/190 70/126/191
f 70/126/191 78/134/190 69/125/192
f 78/134/190 75/135/193 69/125/192
f 69/125/192 75/135/193 80/136/194
f 75/135/193 74/129/195 80/136/194
f 80/136/194 74/129/195 83/137/196
f 74/129/195 73/138/197 83/137/196
f 73/138/198 81/139/199 83/137/200
f 83/137/200 81/139/199 82/140/201
f 81/139/199 16/141/202 82/140/201
f 16/141/203 13/28/204 82/140/205
f 13/28/206 64/29/207 82/140/208
f 82/140/208 64/29/207 83/137/209
f 64/29/207 87/142/210 83/137/209
f 83/137/209 87/142/210 80/136/211
f 87/142/210 88/143/212 80/136/211
f 80/136/211 88/143/212 69/125/213
f 69/125/214 88/143/215 84/124/216
f 88/143/215 89/144/217 84/124/216
f 84/124/216 89/144/217 52/145/218
f 52/145/219 89/144/220 93/146/221
f 93/146/222 89/144/220 85/147/223
f 85/147/223 89/144/224 91/148/225
f 89/144/224 86/149/226 91/148/225
f 91/148/225 86/149/226 90/150/227
f 90/150/228 86/149/229 97/151/230
f 97/151/230 86/149/231 96/152/232
f 86/149/231 88/143/233 96/152/232
f 96/152/232 88/143/233 98/153/234
f 88/143/233 87/142/235 98/153/234
f 88/143/236 86/149/237 89/144/238
f 90/154/239 97/155/240 91/156/241
f 91/156/241 97/155/240 85/157/242
f 97/155/240 92/158/243 85/157/242
f 85/157/242 92/158/243 93/159/244
f 92/158/243 94/160/245 93/159/244
f 93/159/244 94/160/245 52/161/218
f 52/161/219 94/160/246 95/162/247
f 95/162/247 94/160/248 96/163/249
f 94/160/248 92/158/250 96/163/249
f 96/163/249 92/158/250 97/155/251
f 95/162/252 96/163/253 98/164/254
f 128/165/255 99/166/256 135/167/257
f 135/167/257 99/166/256 105/168/258
f 105/168/258 99/166/259 104/169/260
f 104/169/261 99/166/262 100/170/263
f 99/166/262 118/171/264 100/170/263
f 100/170/263 118/171/264 101/172/265
f 118/171/264 102/173/266 101/172/265
f 101/172/265 102/173/266 103/174/267
f 102/173/266 116/175/268 103/174/267
f 116/175/269 104/176/270 103/174/271
f 103/174/271 104/176/270 101/177/272
f 104/176/270 100/178/273 101/177/272
f 104/176/274 116/175/275 105/179/276
f 116/175/275 106/180/277 105/179/276
f 105/179/276 106/180/277 135/181/278
f 106/180/277 109/182/279 135/181/278
f 135/181/278 109/182/279 142/183/280
f 142/183/280 109/182/281 140/184/282
f 140/184/283 109/182/281 107/185/284
f 107/185/284 109/182/285 108/186/286
f 108/186/287 109/182/288 110/187/289
f 109/182/288 111/188/290 110/187/289
f 110/187/289 111/188/290 112/189/291
f 112/189/292 111/188/293 113/190/294
f 113/190/294 111/188/293 114/191/295
f 114/191/296 111/188/297 115/192/298
f 111/188/297 109/182/299 115/192/298
f 109/182/300 106/180/301 115/192/302
f 115/192/302 106/180/301 117/193/303
f 106/180/301 116/175/304 117/193/303
f 116/175/305 102/173/306 117/193/307
f 117/193/307 102/173/306 119/194/308
f 102/173/306 118/171/309 119/194/308
f 118/171/310 99/166/311 119/194/312
f 99/166/313 128/195/314 119/194/315
f 128/195/316 126/196/317 119/194/318
f 119/194/318 126/196/317 117/193/319
f 126/196/317 120/197/320 117/193/319
f 117/193/321 120/197/322 115/192/323
f 120/197/322 124/198/324 115/192/323
f 115/192/323 124/198/324 114/191/325
f 124/198/324 121/199/326 114/191/325
f 114/191/325 121/199/326 160/200/327
f 160/200/327 121/199/328 127/201/329
f 127/201/330 121/199/331 122/202/332
f 121/199/331 124/198/333 122/202/332
f 124/198/334 123/203/335 122/202/336
f 122/202/336 123/203/335 127/201/337
f 123/203/338 124/198/339 125/204/340
f 124/198/339 120/197/341 125/204/340
f 125/204/340 120/197/341 123/205/342
f 120/197/341 126/196/343 123/205/342
f 123/205/342 126/196/343 127/206/344
f 127/206/344 126/196/345 158/207/346
f 126/196/345 128/195/347 158/207/346
f 128/195/348 129/208/349 158/207/350
f 158/207/350 129/208/349 107/209/351
f 107/209/284 129/208/352 140/210/353
f 129/208/352 131/211/354 140/210/353
f 140/210/353 131/211/354 130/212/355
f 130/212/356 131/211/357 137/213/358
f 137/213/359 131/211/360 136/214/361
f 131/211/360 134/215/362 136/214/361
f 136/214/361 134/215/362 132/216/363
f 132/216/363 134/215/364 133/217/365
f 133/217/365 134/215/366 141/218/367
f 141/218/368 134/215/369 128/195/370
f 134/215/369 131/211/371 128/195/370
f 128/195/370 131/211/371 129/208/372
f 141/218/373 128/195/374 135/219/375
f 136/220/376 132/221/377 137/222/378
f 132/221/377 133/223/379 137/222/378
f 137/222/378 133/223/379 138/224/380
f 133/223/379 139/225/381 138/224/380
f 138/224/380 139/225/381 137/222/382
f 137/222/382 139/225/383 130/226/356
f 130/226/356 139/225/383 140/227/283
f 140/227/283 139/225/383 142/228/280
f 142/228/384 139/225/385 141/229/386
f 139/225/385 133/223/387 141/229/386
f 142/228/388 141/229/389 135/230/390
f 143/231/391 144/232/392 487/233/393
f 487/233/393 144/232/392 462/234/394
f 144/232/392 145/235/395 462/234/394
f 462/234/394 145/235/395 146/236/396
f 146/237/396 145/235/397 746/238/398
f 145/235/397 147/239/399 746/238/398
f 746/238/398 147/239/399 148/240/400
f 147/239/399 149/241/401 148/240/400
f 148/240/400 149/241/401 150/242/402
f 149/241/401 151/243/403 150/242/402
f 150/242/402 151/243/403 464/244/404
f 151/243/403 152/245/405 464/244/404
f 464/244/404 152/245/405 466/246/406
f 152/245/405 153/247/407 466/246/406
f 466/246/406 153/247/407 748/248/408
f 153/247/407 157/249/409 748/248/408
f 751/250/410 155/251/411 154/252/412
f 154/252/412 155/251/411 156/253/413
f 155/251/411 748/254/414 156/253/413
f 156/253/413 748/254/414 157/249/415
f 107/209/416 159/255/417 158/207/418
f 158/207/418 159/255/417 127/206/329
f 127/206/337 159/255/419 160/200/327
f 160/200/327 159/255/419 114/256/295
f 114/256/296 159/255/420 113/257/421
f 159/255/420 161/258/422 113/257/421
f 113/257/421 161/258/422 112/259/423
f 112/259/423 161/258/424 18/35/425
f 18/35/425 161/258/426 108/37/427
f 161/258/426 159/255/428 108/37/427
f 108/37/427 159/255/428 107/209/351
f 179/260/429 180/261/430 162/262/431
f 162/262/431 180/261/430 163/263/432
f 180/261/430 181/264/433 163/263/432
f 163/263/432 181/264/433 164/265/434
f 181/264/435 165/266/436 164/265/437
f 164/265/437 165/266/436 166/267/438
f 165/266/436 167/268/439 166/267/438
f 166/267/438 167/268/439 168/269/440
f 168/269/441 167/268/442 169/270/443
f 167/268/442 170/271/444 169/270/443
f 169/270/443 170/271/444 171/272/445
f 170/271/444 183/273/446 171/272/445
f 171/272/445 183/273/446 175/274/447
f 183/273/446 172/275/448 175/274/447
f 175/274/447 172/275/448 174/276/449
f 174/276/449 172/275/450 173/277/451
f 172/275/450 185/278/452 173/277/451
f 185/278/453 188/279/454 173/277/455
f 173/277/455 188/279/454 174/276/456
f 188/279/454 176/280/457 174/276/456
f 174/276/456 176/280/457 175/281/458
f 175/281/458 176/280/459 171/282/460
f 176/280/459 178/283/461 171/282/460
f 171/282/460 178/283/461 169/284/462
f 169/284/463 178/283/464 168/285/441
f 168/285/441 178/283/464 177/286/465
f 177/286/466 178/283/464 179/260/467
f 179/260/467 178/283/468 180/261/469
f 178/283/468 176/280/470 180/261/469
f 176/280/471 188/279/472 180/261/473
f 180/261/473 188/279/472 181/264/474
f 188/279/472 186/287/475 181/264/474
f 181/264/474 186/287/475 165/266/476
f 186/287/475 182/288/477 165/266/476
f 165/266/476 182/288/477 167/268/478
f 167/268/478 182/288/479 170/271/480
f 182/288/479 187/289/481 170/271/480
f 170/271/480 187/289/481 183/273/482
f 187/289/481 184/290/483 183/273/482
f 183/273/482 184/290/483 172/275/484
f 172/275/485 184/290/486 185/278/487
f 185/278/487 184/290/488 186/287/489
f 184/290/488 187/289/490 186/287/489
f 186/287/489 187/289/490 182/288/491
f 185/278/492 186/287/493 188/279/494
f 189/291/495 190/292/496 191/293/497
f 190/292/498 192/294/499 191/293/500
f 191/293/500 192/294/499 207/295/501
f 192/294/499 194/296/502 207/295/501
f 207/295/501 194/296/502 51/297/503
f 51/297/504 194/296/505 193/298/103
f 193/298/103 194/296/506 47/299/507
f 194/296/506 195/300/508 47/299/507
f 47/299/507 195/300/508 48/301/509
f 195/300/508 196/302/510 48/301/509
f 48/301/509 196/302/510 46/303/511
f 196/302/510 197/304/512 46/303/511
f 46/303/511 197/304/512 198/305/513
f 197/304/512 202/306/514 198/305/513
f 198/305/513 202/306/514 43/307/515
f 43/307/516 202/306/517 44/308/518
f 44/308/518 202/306/519 208/309/520
f 202/306/519 201/310/521 208/309/520
f 208/309/520 201/310/521 209/311/522
f 201/310/521 200/312/523 209/311/522
f 209/311/522 200/312/523 199/313/524
f 199/313/524 200/312/525 214/314/526
f 214/314/527 200/312/528 242/315/529
f 200/312/528 201/310/530 242/315/529
f 242/315/529 201/310/530 203/316/531
f 201/310/530 202/306/532 203/316/531
f 202/306/533 197/304/534 203/316/535
f 203/316/535 197/304/534 204/317/536
f 197/304/534 196/302/537 204/317/536
f 204/317/536 196/302/537 205/318/538
f 196/302/537 195/300/539 205/318/538
f 195/300/540 194/296/541 205/318/542
f 194/296/543 192/294/544 205/318/545
f 205/318/545 192/294/544 237/319/546
f 192/294/544 190/292/547 237/319/546
f 237/319/546 190/292/547 206/320/548
f 190/292/547 189/291/549 206/320/548
f 206/320/548 189/291/549 232/321/550
f 189/291/549 191/322/551 232/321/550
f 232/321/550 191/322/551 230/323/552
f 191/322/551 207/324/553 230/323/552
f 230/323/552 207/324/553 229/325/554
f 207/324/553 51/326/555 229/325/554
f 229/325/554 51/326/555 228/327/556
f 51/326/555 49/328/557 228/327/556
f 228/327/556 49/328/557 212/329/558
f 49/328/557 208/330/559 212/329/558
f 212/329/558 208/330/559 210/331/560
f 208/330/559 209/332/561 210/331/560
f 209/332/562 199/333/563 210/331/564
f 199/333/565 214/314/566 210/331/567
f 214/314/568 211/334/569 210/331/570
f 210/331/570 211/334/569 212/329/571
f 212/329/571 211/334/572 217/335/573
f 217/335/573 211/334/574 213/336/575
f 211/334/574 214/314/576 213/336/575
f 213/336/575 214/314/576 215/337/577
f 214/314/576 242/315/578 215/337/577
f 242/315/579 216/338/580 215/337/581
f 215/337/581 216/338/580 213/336/582
f 213/336/582 216/338/583 217/335/584
f 217/335/573 216/338/585 225/339/586
f 216/338/585 243/340/587 225/339/586
f 225/339/586 243/340/587 218/341/588
f 243/340/587 219/342/589 218/341/588
f 218/341/588 219/342/589 220/343/590
f 219/342/589 245/344/591 220/343/590
f 220/343/590 245/344/591 221/345/592
f 245/344/591 222/346/593 221/345/592
f 221/345/592 222/346/593 223/347/594
f 222/346/593 247/348/595 223/347/594
f 247/348/596 260/349/597 223/347/598
f 223/347/598 260/349/597 221/345/599
f 260/349/597 259/350/600 221/345/599
f 221/345/599 259/350/600 220/343/601
f 259/350/600 257/351/602 220/343/601
f 220/343/601 257/351/602 218/341/603
f 257/351/602 224/352/604 218/341/603
f 218/341/603 224/352/604 225/339/605
f 224/352/604 226/353/606 225/339/605
f 225/339/605 226/353/606 217/335/607
f 226/353/606 227/354/608 217/335/607
f 217/335/607 227/354/608 212/329/571
f 212/329/609 227/354/610 228/327/611
f 227/354/610 231/355/612 228/327/611
f 228/327/611 231/355/612 229/325/613
f 229/325/614 231/355/615 230/323/616
f 230/323/616 231/355/617 232/321/618
f 231/355/617 254/356/619 232/321/618
f 232/321/618 254/356/619 206/320/620
f 254/356/619 233/357/621 206/320/620
f 206/320/620 233/357/621 237/319/622
f 237/319/622 233/357/623 234/358/624
f 233/357/623 235/359/625 234/358/624
f 235/359/626 236/360/627 234/358/628
f 236/360/629 238/361/630 234/358/631
f 234/358/631 238/361/630 237/319/622
f 237/319/622 238/361/632 205/318/633
f 238/361/632 239/362/634 205/318/633
f 205/318/633 239/362/634 204/317/635
f 239/362/634 240/363/636 204/317/635
f 204/317/635 240/363/636 203/316/637
f 240/363/636 241/364/638 203/316/637
f 203/316/637 241/364/638 242/315/639
f 242/315/640 241/364/641 216/338/642
f 241/364/641 248/365/643 216/338/642
f 216/338/642 248/365/643 243/340/644
f 248/365/643 244/366/645 243/340/644
f 243/340/644 244/366/645 219/342/646
f 244/366/645 246/367/647 219/342/646
f 219/342/646 246/367/647 245/344/648
f 245/344/648 246/367/649 222/346/650
f 222/346/651 246/367/652 247/348/653
f 247/348/654 246/367/655 262/368/656
f 246/367/655 244/366/657 262/368/656
f 262/368/656 244/366/657 263/369/658
f 244/366/657 248/365/659 263/369/658
f 263/369/658 248/365/659 249/370/660
f 248/365/659 241/364/661 249/370/660
f 249/370/660 241/364/661 265/371/662
f 241/364/661 240/363/663 265/371/662
f 265/371/662 240/363/663 250/372/664
f 240/363/663 239/362/665 250/372/664
f 239/362/666 238/361/667 250/372/668
f 238/361/669 236/360/670 250/372/671
f 250/372/671 236/360/670 251/373/672
f 236/360/670 235/359/673 251/373/672
f 251/373/672 235/359/673 252/374/674
f 235/359/673 233/357/675 252/374/674
f 252/374/674 233/357/675 253/375/676
f 253/375/677 233/357/678 255/376/679
f 233/357/678 254/356/680 255/376/679
f 254/356/681 231/355/682 255/376/683
f 231/355/684 227/354/685 255/376/686
f 227/354/687 226/353/688 255/376/689
f 255/376/689 226/353/688 267/377/690
f 226/353/688 224/352/691 267/377/690
f 267/377/690 224/352/691 256/378/692
f 224/352/691 257/351/693 256/378/692
f 256/378/692 257/351/693 258/379/694
f 257/351/695 259/350/696 258/379/697
f 258/379/697 259/350/696 274/380/698
f 259/350/696 260/349/699 274/380/698
f 274/380/698 260/349/699 261/381/700
f 260/349/699 247/348/701 261/381/700
f 261/381/700 247/348/701 276/382/702
f 247/348/701 262/368/703 276/382/702
f 276/382/702 262/368/703 273/383/704
f 262/368/703 263/369/705 273/383/704
f 273/383/704 263/369/705 264/384/706
f 263/369/705 249/370/707 264/384/706
f 249/370/708 265/371/709 264/384/710
f 265/371/711 250/372/712 264/384/713
f 250/372/714 251/373/715 264/384/716
f 264/384/716 251/373/715 272/385/717
f 251/373/715 252/374/718 272/385/717
f 272/385/717 252/374/718 266/386/719
f 252/374/718 253/375/720 266/386/719
f 266/386/719 253/375/720 269/387/721
f 253/375/720 255/376/722 269/387/721
f 255/376/723 267/377/724 269/387/725
f 269/387/725 267/377/724 268/388/726
f 267/377/724 256/378/727 268/388/726
f 256/378/728 258/379/729 268/388/730
f 258/379/731 270/389/732 268/388/733
f 268/388/733 270/389/732 269/387/734
f 269/387/734 270/389/735 266/386/736
f 270/389/735 271/390/737 266/386/736
f 266/386/736 271/390/737 272/385/738
f 271/390/737 273/383/739 272/385/738
f 272/385/738 273/383/739 264/384/740
f 273/383/741 271/390/742 276/382/743
f 276/382/743 271/390/742 275/391/744
f 271/390/742 270/389/745 275/391/744
f 275/391/744 270/389/745 274/380/746
f 270/389/745 258/379/747 274/380/746
f 274/380/748 261/381/749 275/391/750
f 261/381/749 276/382/751 275/391/750
f 298/392/752 282/393/753 299/394/754
f 299/394/754 282/393/753 301/395/755
f 282/393/753 277/396/756 301/395/755
f 301/395/755 277/396/756 302/397/757
f 302/397/757 277/396/758 278/398/759
f 277/396/758 279/399/760 278/398/759
f 278/398/761 279/399/762 280/400/763
f 280/400/763 279/399/764 281/401/765
f 281/401/765 279/399/766 306/402/767
f 279/399/766 277/403/768 306/402/767
f 277/403/769 282/404/770 306/402/771
f 306/402/771 282/404/770 283/405/772
f 282/404/770 298/406/773 283/405/772
f 283/405/772 298/406/773 314/407/774
f 298/406/773 297/408/775 314/407/774
f 314/407/774 297/408/775 284/409/776
f 297/408/775 296/410/777 284/409/776
f 284/409/776 296/410/777 315/411/778
f 296/410/777 285/412/779 315/411/778
f 315/411/778 285/412/779 286/413/780
f 285/412/779 287/414/781 286/413/780
f 286/413/780 287/414/781 288/415/782
f 287/414/781 292/416/783 288/415/782
f 288/415/782 292/416/783 289/417/784
f 292/416/783 291/418/785 289/417/784
f 289/417/784 291/418/785 290/419/786
f 290/419/786 291/418/787 317/420/788
f 291/418/787 292/416/789 317/420/788
f 317/420/788 292/416/789 293/421/790
f 292/416/789 287/422/791 293/421/790
f 293/421/790 287/422/791 294/423/792
f 287/422/791 285/424/793 294/423/792
f 294/423/792 285/424/793 295/425/794
f 285/424/793 296/426/795 295/425/794
f 296/426/796 297/427/797 295/425/798
f 295/425/798 297/427/797 319/428/799
f 297/427/797 298/392/800 319/428/799
f 298/392/801 299/394/802 319/428/803
f 319/428/803 299/394/802 300/429/804
f 299/394/802 301/395/805 300/429/804
f 300/429/804 301/395/805 310/430/806
f 301/395/805 302/397/807 310/430/806
f 310/430/806 302/397/807 303/431/808
f 302/397/807 278/398/809 303/431/808
f 303/431/808 278/398/809 308/432/810
f 278/398/809 280/400/811 308/432/810
f 308/432/810 280/400/811 304/433/812
f 280/400/811 281/401/813 304/433/812
f 304/433/812 281/401/813 305/434/814
f 281/401/813 306/402/815 305/434/814
f 306/402/816 283/405/817 305/434/818
f 283/405/819 307/435/820 305/434/821
f 305/434/821 307/435/820 304/433/822
f 307/435/820 311/436/823 304/433/822
f 304/433/822 311/436/823 308/432/824
f 311/436/823 309/437/825 308/432/824
f 308/432/826 309/437/827 303/431/828
f 303/431/828 309/437/827 310/430/829
f 310/430/829 309/437/830 320/438/831
f 309/437/830 311/436/832 320/438/831
f 320/438/831 311/436/832 312/439/833
f 311/436/832 307/435/834 312/439/833
f 312/439/833 307/435/834 313/440/835
f 313/440/835 307/435/836 314/407/837
f 307/435/836 283/405/838 314/407/837
f 314/407/839 284/409/840 313/440/841
f 313/440/841 284/409/840 325/441/842
f 284/409/840 315/411/843 325/441/842
f 325/441/842 315/411/843 326/442/844
f 315/411/843 286/413/845 326/442/844
f 286/413/846 288/415/847 326/442/848
f 326/442/848 288/415/847 316/443/849
f 288/415/847 289/417/850 316/443/849
f 316/443/849 289/417/850 327/444/851
f 289/417/850 290/419/852 327/444/851
f 327/444/851 290/419/852 323/445/853
f 290/419/852 317/420/854 323/445/853
f 323/445/853 317/420/854 322/446/855
f 317/420/854 293/421/856 322/446/855
f 322/446/855 293/421/856 318/447/857
f 293/421/856 294/423/858 318/447/857
f 294/423/859 295/425/860 318/447/861
f 295/425/862 319/428/863 318/447/864
f 318/447/864 319/428/863 322/446/865
f 319/428/863 300/429/866 322/446/865
f 322/446/865 300/429/866 321/448/867
f 300/429/866 310/430/868 321/448/867
f 310/430/869 320/438/870 321/448/871
f 320/438/872 323/445/873 321/448/874
f 321/448/874 323/445/873 322/446/875
f 323/445/876 320/438/877 324/449/878
f 320/438/877 312/439/879 324/449/878
f 324/449/878 312/439/879 329/450/880
f 312/439/879 313/440/881 329/450/880
f 313/440/882 325/441/883 329/450/884
f 325/441/885 326/442/886 329/450/887
f 326/442/888 316/443/889 329/450/890
f 329/450/890 316/443/889 328/451/891
f 316/443/889 327/444/892 328/451/891
f 327/444/893 323/445/894 328/451/895
f 323/445/896 324/449/897 328/451/898
f 328/451/898 324/449/897 329/450/899
f 341/452/900 340/453/901 330/454/902
f 340/453/901 338/455/903 330/454/902
f 330/454/902 338/455/903 342/456/904
f 338/455/903 335/457/905 342/456/904
f 342/456/904 335/457/905 343/458/906
f 335/457/905 334/459/907 343/458/906
f 343/458/906 334/459/907 331/460/908
f 331/460/909 334/459/910 332/461/911
f 332/461/912 334/459/913 333/462/914
f 333/462/915 334/459/916 347/463/917
f 334/459/916 335/457/918 347/463/917
f 347/463/917 335/457/918 336/464/919
f 335/457/918 338/455/920 336/464/919
f 338/455/921 337/465/922 336/464/923
f 336/464/923 337/465/922 347/463/924
f 347/463/924 337/465/925 348/466/926
f 348/466/926 337/465/927 353/467/928
f 353/467/929 337/465/930 355/468/931
f 337/465/930 338/455/932 355/468/931
f 355/468/931 338/455/932 339/469/933
f 338/455/932 340/453/934 339/469/933
f 339/469/933 340/453/934 356/470/935
f 340/453/934 341/452/936 356/470/935
f 356/470/935 341/452/936 358/471/937
f 341/452/936 330/472/938 358/471/937
f 358/471/937 330/472/938 359/473/939
f 330/472/938 342/474/940 359/473/939
f 359/473/939 342/474/940 361/475/941
f 342/474/940 343/476/942 361/475/941
f 361/475/941 343/476/942 363/477/943
f 343/476/942 331/478/944 363/477/943
f 363/477/943 331/478/944 344/479/945
f 331/478/944 332/480/946 344/479/945
f 344/479/945 332/480/946 345/481/947
f 332/480/946 333/462/948 345/481/947
f 345/481/947 333/462/948 365/482/949
f 365/482/949 333/462/950 346/483/951
f 333/462/950 347/463/952 346/483/951
f 346/483/951 347/463/952 349/484/953
f 347/463/952 348/466/954 349/484/953
f 348/466/955 353/467/956 349/484/957
f 353/467/958 350/485/959 349/484/960
f 350/485/961 352/486/962 349/484/963
f 349/484/963 352/486/962 346/483/964
f 352/486/962 351/487/965 346/483/964
f 346/483/964 351/487/965 365/482/966
f 365/482/967 351/487/968 366/488/969
f 351/487/968 352/486/970 366/488/969
f 352/486/971 350/485/972 366/488/973
f 366/488/973 350/485/972 367/489/974
f 350/485/972 353/467/975 367/489/974
f 367/489/974 353/467/975 354/490/976
f 353/467/975 355/468/977 354/490/976
f 354/490/976 355/468/977 362/491/978
f 355/468/977 339/469/979 362/491/978
f 362/491/978 339/469/979 360/492/980
f 339/469/979 356/470/981 360/492/980
f 360/492/980 356/470/981 357/493/982
f 356/470/981 358/471/983 357/493/982
f 358/471/984 359/473/985 357/493/986
f 357/493/986 359/473/985 360/492/987
f 359/473/985 361/475/988 360/492/987
f 360/492/987 361/475/988 362/491/989
f 361/475/988 363/477/990 362/491/989
f 362/491/989 363/477/990 354/490/991
f 354/490/992 363/477/993 364/494/994
f 363/477/993 344/479/995 364/494/994
f 364/494/994 344/479/995 368/495/996
f 344/479/995 345/481/997 368/495/996
f 368/495/996 345/481/997 366/488/998
f 345/481/997 365/482/999 366/488/998
f 366/488/1000 367/489/1001 368/495/1002
f 367/489/1001 354/490/1003 368/495/1002
f 368/495/1002 354/490/1003 364/494/1004
f 377/496/1005 384/497/1006 376/498/1007
f 376/498/1007 384/497/1006 375/499/1008
f 384/497/1006 369/500/1009 375/499/1008
f 375/499/1008 369/500/1009 373/501/1010
f 369/500/1009 370/502/1011 373/501/1010
f 373/501/1010 370/502/1011 371/503/1012
f 370/502/1011 387/504/1013 371/503/1012
f 387/504/1014 388/505/1015 371/503/1016
f 388/505/1017 389/506/1018 371/503/1019
f 389/506/1020 372/507/1021 371/503/1022
f 371/503/1022 372/507/1021 373/501/1023
f 372/507/1021 374/508/1024 373/501/1023
f 373/501/1023 374/508/1024 375/499/1025
f 374/508/1026 391/509/1027 375/499/1028
f 375/499/1028 391/509/1027 376/498/1029
f 391/509/1027 378/510/1030 376/498/1029
f 376/498/1029 378/510/1030 377/496/1031
f 377/496/1032 378/510/1033 383/511/1034
f 378/510/1033 393/512/1035 383/511/1034
f 393/512/1036 379/513/1037 383/511/1038
f 383/511/1038 379/513/1037 380/514/1039
f 379/513/1037 381/515/1040 380/514/1039
f 381/515/1041 395/516/1042 380/514/1043
f 395/516/1044 382/517/1045 380/514/1046
f 380/514/1046 382/517/1045 383/518/1047
f 383/518/1047 382/517/1048 377/519/1049
f 382/517/1048 411/520/1050 377/519/1049
f 377/519/1049 411/520/1050 384/521/1051
f 411/520/1050 385/522/1052 384/521/1051
f 384/521/1051 385/522/1052 369/523/1053
f 385/522/1052 409/524/1054 369/523/1053
f 369/523/1053 409/524/1054 370/525/1055
f 409/524/1054 386/526/1056 370/525/1055
f 370/525/1055 386/526/1056 387/527/1057
f 386/526/1056 407/528/1058 387/527/1057
f 387/527/1057 407/528/1058 388/529/1059
f 407/528/1058 405/530/1060 388/529/1059
f 388/529/1059 405/530/1060 389/506/1061
f 405/530/1060 404/531/1062 389/506/1061
f 389/506/1061 404/531/1062 372/507/1063
f 404/531/1062 390/532/1064 372/507/1063
f 372/507/1063 390/532/1064 374/508/1065
f 390/532/1064 401/533/1066 374/508/1065
f 374/508/1065 401/533/1066 391/509/1067
f 401/533/1066 392/534/1068 391/509/1067
f 391/509/1067 392/534/1068 378/510/1069
f 378/510/1069 392/534/1070 393/512/1071
f 392/534/1070 398/535/1072 393/512/1071
f 393/512/1071 398/535/1072 379/513/1073
f 398/535/1072 397/536/1074 379/513/1073
f 379/513/1073 397/536/1074 381/515/1075
f 397/536/1074 394/537/1076 381/515/1075
f 381/515/1075 394/537/1076 395/516/1077
f 394/537/1076 396/538/1078 395/516/1077
f 395/516/1077 396/538/1078 382/517/1079
f 382/517/1080 396/538/1081 411/520/1082
f 411/520/1082 396/538/1083 410/539/1084
f 396/538/1083 394/537/1085 410/539/1084
f 410/539/1084 394/537/1085 414/540/1086
f 394/537/1085 397/536/1087 414/540/1086
f 414/540/1086 397/536/1087 399/541/1088
f 397/536/1087 398/535/1089 399/541/1088
f 398/535/1090 392/534/1091 399/541/1092
f 399/541/1092 392/534/1091 400/542/1093
f 392/534/1091 401/533/1094 400/542/1093
f 400/542/1093 401/533/1094 402/543/1095
f 401/533/1094 390/532/1096 402/543/1095
f 402/543/1095 390/532/1096 403/544/1097
f 390/532/1096 404/531/1098 403/544/1097
f 403/544/1097 404/531/1098 417/545/1099
f 404/531/1098 405/530/1100 417/545/1099
f 417/545/1099 405/530/1100 406/546/1101
f 405/530/1100 407/528/1102 406/546/1101
f 406/546/1101 407/528/1102 408/547/1103
f 407/528/1102 386/526/1104 408/547/1103
f 408/547/1103 386/526/1104 412/548/1105
f 386/526/1104 409/524/1106 412/548/1105
f 412/548/1105 409/524/1106 410/539/1107
f 409/524/1106 385/522/1108 410/539/1107
f 410/539/1107 385/522/1108 411/520/1082
f 412/548/1109 410/539/1110 413/549/1111
f 410/539/1110 414/540/1112 413/549/1111
f 413/549/1111 414/540/1112 415/550/1113
f 414/540/1112 399/541/1114 415/550/1113
f 399/541/1115 400/542/1116 415/550/1117
f 400/542/1118 416/551/1119 415/550/1120
f 415/550/1120 416/551/1119 413/549/1121
f 416/551/1119 421/552/1122 413/549/1121
f 413/549/1121 421/552/1122 412/548/1109
f 412/548/1109 421/552/1123 408/547/1124
f 421/552/1123 420/553/1125 408/547/1124
f 408/547/1124 420/553/1125 406/546/1126
f 406/546/1127 420/553/1128 417/545/1129
f 420/553/1128 418/554/1130 417/545/1129
f 417/545/1129 418/554/1130 403/544/1131
f 403/544/1132 418/554/1133 419/555/1134
f 418/554/1133 420/553/1135 419/555/1134
f 420/553/1136 421/552/1137 419/555/1138
f 421/552/1139 416/551/1140 419/555/1141
f 419/555/1141 416/551/1140 402/543/1142
f 416/551/1140 400/542/1143 402/543/1142
f 403/544/1144 419/555/1145 402/543/1146
f 436/556/1147 438/557/1148 422/558/1149
f 422/558/1149 438/557/1148 423/559/1150
f 438/557/1148 424/560/1151 423/559/1150
f 423/559/1150 424/560/1151 425/561/1152
f 424/560/1151 426/562/1153 425/561/1152
f 425/561/1154 426/562/1155 427/563/1156
f 426/562/1155 428/564/1157 427/563/1156
f 428/564/1158 440/565/1159 427/563/1160
f 440/565/1161 429/566/1162 427/563/1163
f 429/566/1164 457/567/1165 427/563/1166
f 427/563/1166 457/567/1165 425/561/1167
f 457/567/1165 430/568/1168 425/561/1167
f 425/561/1167 430/568/1168 423/559/1169
f 423/559/1169 430/568/1170 433/569/1171
f 430/568/1170 457/567/1172 433/569/1171
f 433/569/1171 457/567/1172 431/570/1173
f 457/567/1172 456/571/1174 431/570/1173
f 456/571/1175 432/572/1176 431/570/1177
f 431/570/1177 432/572/1176 433/569/1178
f 432/572/1176 458/573/1179 433/569/1178
f 433/569/1178 458/573/1179 423/559/1180
f 458/573/1179 434/574/1181 423/559/1180
f 423/559/1180 434/574/1181 422/558/1182
f 434/574/1181 452/575/1183 422/558/1182
f 422/558/1182 452/575/1183 436/556/1184
f 436/556/1184 452/575/1185 435/576/1186
f 452/575/1185 451/577/1187 435/576/1186
f 451/577/1188 437/578/1189 435/576/1190
f 435/576/1190 437/578/1189 436/556/1184
f 436/556/1184 437/578/1191 438/579/1192
f 437/578/1191 449/580/1193 438/579/1192
f 438/579/1192 449/580/1193 424/581/1194
f 449/580/1193 448/582/1195 424/581/1194
f 424/581/1194 448/582/1195 426/583/1196
f 448/582/1195 439/584/1197 426/583/1196
f 426/583/1196 439/584/1197 428/585/1198
f 428/585/1198 439/584/1199 440/586/1200
f 439/584/1199 445/587/1201 440/586/1200
f 440/586/1200 445/587/1201 429/566/1202
f 429/566/1203 445/587/1204 441/588/1205
f 445/587/1204 444/589/1206 441/588/1205
f 441/588/1205 444/589/1206 429/566/1207
f 444/589/1206 442/590/1208 429/566/1207
f 429/566/1207 442/590/1208 457/567/1209
f 457/567/1209 442/590/1210 443/591/1211
f 442/590/1210 444/589/1212 443/591/1211
f 443/591/1211 444/589/1212 454/592/1213
f 444/589/1212 445/587/1214 454/592/1213
f 454/592/1213 445/587/1214 446/593/1215
f 445/587/1214 439/584/1216 446/593/1215
f 446/593/1215 439/584/1216 447/594/1217
f 439/584/1216 448/582/1218 447/594/1217
f 447/594/1219 448/582/1220 453/595/1221
f 448/582/1220 449/580/1222 453/595/1221
f 453/595/1221 449/580/1222 450/596/1223
f 449/580/1222 437/578/1224 450/596/1223
f 437/578/1225 451/577/1226 450/596/1227
f 451/577/1228 452/575/1229 450/596/1230
f 452/575/1231 434/574/1232 450/596/1233
f 450/596/1233 434/574/1232 453/595/1234
f 434/574/1232 458/573/1235 453/595/1234
f 458/573/1236 460/597/1237 453/595/1238
f 453/595/1238 460/597/1237 447/594/1239
f 460/597/1237 459/598/1240 447/594/1239
f 447/594/1239 459/598/1240 446/593/1241
f 446/593/1242 459/598/1243 454/592/1244
f 459/598/1243 455/599/1245 454/592/1244
f 454/592/1244 455/599/1245 443/591/1246
f 455/599/1245 456/571/1247 443/591/1246
f 443/591/1246 456/571/1247 457/567/1248
f 456/571/1249 455/599/1250 432/572/1251
f 455/599/1250 460/597/1252 432/572/1251
f 432/572/1251 460/597/1252 458/573/1253
f 455/599/1254 459/598/1255 460/597/1256
f 487/600/1257 462/601/1258 461/602/1259
f 461/602/1259 462/601/1258 490/603/1260
f 462/601/1258 146/604/1261 490/603/1260
f 490/603/1260 146/604/1261 494/605/1262
f 146/604/1261 746/606/1263 494/605/1262
f 494/605/1262 746/606/1263 495/607/1264
f 746/606/1263 148/608/1265 495/607/1264
f 495/607/1264 148/608/1265 496/609/1266
f 148/608/1265 150/610/1267 496/609/1266
f 496/609/1266 150/610/1267 463/611/1268
f 150/610/1267 464/612/1269 463/611/1268
f 463/611/1268 464/612/1269 498/613/1270
f 464/612/1269 466/614/1271 498/613/1270
f 498/613/1270 466/614/1271 465/615/1272
f 465/615/1272 466/614/1273 499/616/1274
f 466/614/1273 748/617/1275 499/616/1274
f 499/616/1274 748/617/1275 502/618/1276
f 748/617/1275 155/619/1277 502/618/1276
f 502/618/1276 155/619/1277 504/620/1278
f 155/619/1277 751/621/1279 504/620/1278
f 504/620/1278 751/621/1279 505/622/1280
f 505/622/1281 751/621/1282 467/623/1283
f 751/621/1282 468/624/1284 467/623/1283
f 467/623/1285 468/624/1286 469/625/1287
f 468/624/1286 470/626/1288 469/625/1287
f 470/626/1289 471/627/1290 469/625/1291
f 469/625/1291 471/627/1290 467/623/1292
f 467/623/1285 471/627/1293 505/622/1281
f 505/622/1281 471/627/1293 601/628/1294
f 601/628/1294 471/627/1295 472/629/1296
f 471/627/1295 470/626/1297 472/629/1296
f 472/629/1296 470/626/1297 604/630/1298
f 470/626/1297 468/624/1299 604/630/1298
f 604/630/1298 468/624/1299 473/631/1300
f 468/624/1299 750/632/1301 473/631/1300
f 750/632/1302 752/633/1303 473/631/1304
f 473/631/1304 752/633/1303 605/634/1305
f 752/633/1303 474/635/1306 605/634/1305
f 605/634/1305 474/635/1306 477/636/1307
f 474/635/1306 475/637/1308 477/636/1307
f 475/637/1309 476/638/1310 477/636/1311
f 476/638/1312 743/639/1313 477/636/1314
f 477/636/1314 743/639/1313 478/640/1315
f 743/639/1313 738/641/1316 478/640/1315
f 478/640/1315 738/641/1316 481/642/1317
f 738/641/1316 739/643/1318 481/642/1317
f 481/642/1317 739/643/1318 479/644/1319
f 739/643/1318 484/645/1320 479/644/1319
f 484/645/1321 480/646/1322 479/644/1323
f 480/646/1324 482/647/1325 479/644/1326
f 479/644/1326 482/647/1325 481/642/1327
f 481/642/1327 482/647/1328 608/648/1329
f 608/648/1330 482/647/1331 483/649/1332
f 482/647/1331 480/646/1333 483/649/1332
f 483/649/1332 480/646/1333 610/650/1334
f 610/650/1334 480/646/1335 613/651/1336
f 480/646/1335 484/645/1337 613/651/1336
f 613/651/1336 484/645/1337 485/652/1338
f 485/652/1338 484/645/1339 486/653/1340
f 486/653/1340 484/645/1341 638/654/1342
f 638/654/1342 484/645/1343 488/655/1344
f 484/645/1343 487/600/1345 488/655/1344
f 487/600/1346 461/602/1347 488/655/1348
f 488/655/1348 461/602/1347 489/656/1349
f 461/602/1347 490/603/1350 489/656/1349
f 489/656/1351 490/603/1352 640/657/1353
f 490/603/1352 494/605/1354 640/657/1353
f 640/657/1353 494/605/1354 491/658/1355
f 494/605/1354 493/659/1356 491/658/1355
f 491/658/1355 493/659/1356 492/660/1357
f 492/660/1357 493/659/1358 571/661/1359
f 493/659/1358 494/605/1360 571/661/1359
f 494/605/1361 495/607/1362 571/661/1363
f 495/607/1364 496/609/1365 571/661/1366
f 571/661/1366 496/609/1365 573/662/1367
f 496/609/1365 463/611/1368 573/662/1367
f 573/662/1367 463/611/1368 497/663/1369
f 463/611/1368 498/613/1370 497/663/1369
f 498/613/1371 465/615/1372 497/663/1373
f 465/615/1374 499/616/1375 497/663/1376
f 499/616/1377 500/664/1378 497/663/1379
f 497/663/1379 500/664/1378 528/665/1380
f 528/665/1381 500/664/1382 501/666/1383
f 500/664/1382 499/616/1384 501/666/1383
f 501/666/1383 499/616/1384 525/667/1385
f 499/616/1384 502/618/1386 525/667/1385
f 525/667/1385 502/618/1386 503/668/1387
f 502/618/1386 504/620/1388 503/668/1387
f 503/668/1387 504/620/1388 524/669/1389
f 504/620/1388 505/622/1390 524/669/1389
f 524/669/1389 505/622/1390 506/670/1391
f 506/670/1391 505/622/1392 507/671/1393
f 505/622/1392 508/672/1394 507/671/1393
f 507/671/1393 508/672/1394 522/673/1395
f 522/673/1395 508/672/1396 520/674/1397
f 508/672/1396 509/675/1398 520/674/1397
f 520/674/1397 509/675/1398 510/676/1399
f 509/675/1398 568/677/1400 510/676/1399
f 510/676/1399 568/677/1400 519/678/1401
f 568/677/1400 511/679/1402 519/678/1401
f 511/679/1403 512/680/1404 519/678/1405
f 519/678/1405 512/680/1404 517/681/1406
f 512/680/1404 555/682/1407 517/681/1406
f 555/682/1408 513/683/1409 517/681/1410
f 513/683/1411 553/684/1412 517/681/1413
f 553/685/1414 514/686/1415 517/681/1416
f 514/686/1417 515/687/1418 517/681/1419
f 515/687/1420 516/688/1421 517/681/1422
f 516/688/1423 521/689/1424 517/681/1425
f 521/689/1426 518/690/1427 517/681/1428
f 517/681/1428 518/690/1427 519/678/1429
f 519/678/1430 518/690/1431 510/676/1432
f 510/676/1433 518/690/1434 520/674/1435
f 518/690/1434 521/689/1436 520/674/1435
f 520/674/1435 521/689/1436 522/673/1437
f 521/689/1436 516/688/1438 522/673/1437
f 516/688/1439 549/691/1440 522/673/1441
f 522/673/1441 549/691/1440 507/671/1442
f 549/691/1440 548/692/1443 507/671/1442
f 507/671/1442 548/692/1443 506/670/1444
f 548/692/1443 546/693/1445 506/670/1444
f 546/693/1446 523/694/1447 506/670/1448
f 506/670/1448 523/694/1447 524/669/1449
f 524/669/1449 523/694/1450 503/668/1451
f 523/694/1450 544/695/1452 503/668/1451
f 503/668/1451 544/695/1452 525/667/1453
f 544/695/1452 535/696/1454 525/667/1453
f 535/696/1455 533/697/1456 525/667/1457
f 533/697/1458 526/698/1459 525/667/1460
f 525/667/1460 526/698/1459 501/666/1461
f 526/698/1459 527/699/1462 501/666/1461
f 501/666/1461 527/699/1462 528/665/1463
f 527/699/1462 529/700/1464 528/665/1463
f 529/700/1465 530/701/1466 528/665/1467
f 528/665/1467 530/701/1466 497/663/1468
f 530/701/1466 531/702/1469 497/663/1468
f 497/663/1468 531/702/1469 573/662/1470
f 573/662/1471 531/702/1472 532/703/1473
f 531/702/1472 530/701/1474 532/703/1473
f 532/703/1473 530/701/1474 574/704/1475
f 530/701/1474 529/700/1476 574/704/1475
f 574/704/1475 529/700/1476 575/705/1477
f 529/700/1476 527/699/1478 575/705/1477
f 575/705/1477 527/699/1478 577/706/1479
f 527/699/1478 526/698/1480 577/706/1479
f 577/706/1479 526/698/1480 578/707/1481
f 526/698/1480 533/697/1482 578/707/1481
f 578/707/1481 533/697/1482 580/708/1483
f 580/708/1484 533/697/1485 534/709/1486
f 533/697/1485 535/696/1487 534/709/1486
f 535/696/1488 536/710/1489 534/709/1490
f 534/709/1491 536/710/1492 537/711/1493
f 536/710/1492 540/712/1494 537/711/1493
f 537/711/1493 540/712/1494 534/709/1495
f 540/712/1494 538/713/1496 534/709/1495
f 534/709/1495 538/713/1496 580/708/1497
f 580/708/1497 538/713/1498 539/714/1499
f 539/714/1499 538/713/1500 582/715/1501
f 538/713/1500 540/712/1502 582/715/1501
f 582/715/1501 540/712/1502 541/716/1503
f 541/716/1503 540/712/1504 584/717/1505
f 540/712/1504 536/710/1506 584/717/1505
f 536/710/1507 542/718/1508 584/717/1509
f 584/717/1509 542/718/1508 585/719/1510
f 585/719/1510 542/718/1511 543/720/1512
f 542/718/1511 536/710/1513 543/720/1512
f 536/710/1514 535/696/1515 543/720/1516
f 543/720/1516 535/696/1515 563/721/1517
f 535/696/1515 544/695/1518 563/721/1517
f 563/721/1517 544/695/1518 545/722/1519
f 544/695/1518 523/694/1520 545/722/1519
f 523/694/1521 546/693/1522 545/722/1523
f 545/722/1523 546/693/1522 547/723/1524
f 546/693/1522 548/692/1525 547/723/1524
f 547/723/1524 548/692/1525 550/724/1526
f 548/692/1525 549/691/1527 550/724/1526
f 549/691/1528 516/688/1529 550/724/1530
f 516/688/1531 515/687/1532 550/724/1533
f 550/724/1533 515/687/1532 551/725/1534
f 515/687/1532 514/686/1535 551/725/1534
f 551/725/1534 514/686/1535 552/726/1536
f 514/686/1535 553/685/1537 552/726/1536
f 552/726/1536 553/685/1537 560/727/1538
f 553/684/1537 513/683/1539 560/728/1538
f 560/728/1538 513/683/1539 554/729/1540
f 513/683/1539 555/682/1541 554/729/1540
f 554/729/1540 555/682/1541 556/730/1542
f 555/682/1541 512/680/1543 556/730/1542
f 512/680/1544 511/679/1545 556/730/1546
f 511/679/1547 557/731/1548 556/730/1549
f 556/730/1549 557/731/1548 554/729/1550
f 557/731/1548 558/732/1551 554/729/1550
f 554/729/1550 558/732/1551 560/728/1552
f 558/732/1551 559/733/1553 560/728/1552
f 559/733/1553 561/734/1554 560/727/1552
f 560/727/1555 561/734/1556 552/726/1557
f 561/734/1556 562/735/1558 552/726/1557
f 552/726/1557 562/735/1558 551/725/1559
f 551/725/1559 562/735/1560 550/724/1561
f 550/724/1562 562/735/1563 547/723/1564
f 562/735/1563 564/736/1565 547/723/1564
f 547/723/1564 564/736/1565 545/722/1566
f 545/722/1566 564/736/1567 563/721/1568
f 563/721/1569 564/736/1570 565/737/1571
f 564/736/1570 562/735/1572 565/737/1571
f 562/735/1573 561/734/1574 565/737/1575
f 565/737/1575 561/734/1574 587/738/1576
f 561/734/1574 559/733/1577 587/738/1576
f 587/738/1576 559/733/1577 589/739/1578
f 559/733/1577 558/732/1579 589/739/1578
f 589/739/1578 558/732/1579 566/740/1580
f 558/732/1579 557/731/1581 566/740/1580
f 566/740/1580 557/731/1581 567/741/1582
f 567/741/1583 557/731/1584 598/742/1585
f 598/742/1586 557/731/1587 568/677/1588
f 557/731/1587 511/679/1589 568/677/1588
f 640/657/1590 491/658/1591 569/743/1592
f 569/743/1592 491/658/1591 576/744/1593
f 491/658/1591 492/660/1594 576/744/1593
f 576/744/1593 492/660/1594 570/745/1595
f 492/660/1594 571/661/1596 570/745/1595
f 570/745/1595 571/661/1596 572/746/1597
f 571/661/1596 573/662/1598 572/746/1597
f 573/662/1599 532/703/1600 572/746/1601
f 532/703/1602 574/704/1603 572/746/1604
f 572/746/1604 574/704/1603 570/745/1605
f 574/704/1603 575/705/1606 570/745/1605
f 570/745/1605 575/705/1606 576/744/1607
f 575/705/1606 577/706/1608 576/744/1607
f 576/744/1607 577/706/1608 569/743/1609
f 577/706/1608 578/707/1610 569/743/1609
f 578/707/1611 579/747/1612 569/743/1613
f 569/743/1613 579/747/1612 640/657/1614
f 640/657/1614 579/747/1615 641/748/1616
f 579/747/1615 578/707/1617 641/748/1616
f 578/707/1618 580/708/1619 641/748/1620
f 641/748/1620 580/708/1619 642/749/1621
f 642/749/1622 580/708/1497 581/750/1623
f 580/708/1624 539/714/1625 581/750/1626
f 581/750/1626 539/714/1625 677/751/1627
f 539/714/1625 582/715/1628 677/751/1627
f 677/751/1627 582/715/1628 583/752/1629
f 582/715/1628 541/716/1630 583/752/1629
f 583/752/1629 541/716/1630 672/753/1631
f 541/716/1630 584/717/1632 672/753/1631
f 672/753/1631 584/717/1632 670/754/1633
f 584/717/1632 585/719/1634 670/754/1633
f 670/754/1633 585/719/1634 586/755/1635
f 585/719/1634 543/720/1636 586/755/1635
f 543/720/1637 563/721/1638 586/755/1639
f 563/721/1640 565/737/1641 586/755/1642
f 586/755/1642 565/737/1641 670/754/1643
f 565/737/1641 587/738/1644 670/754/1643
f 670/754/1643 587/738/1644 588/756/1645
f 587/738/1644 589/739/1646 588/756/1645
f 588/756/1645 589/739/1646 590/757/1647
f 589/739/1646 566/740/1648 590/757/1647
f 590/757/1647 566/740/1648 591/758/1649
f 566/740/1648 567/741/1650 591/758/1649
f 567/741/1651 592/759/1652 591/758/1653
f 591/758/1653 592/759/1652 593/760/1654
f 592/759/1652 596/761/1655 593/760/1654
f 593/760/1654 596/761/1655 594/762/1656
f 594/762/1657 596/761/1658 595/763/1659
f 595/763/1659 596/761/1658 625/764/1660
f 625/764/1661 596/761/1662 597/765/1663
f 596/761/1662 592/759/1664 597/765/1663
f 592/759/1665 567/741/1666 597/765/1667
f 597/765/1667 567/741/1666 698/766/1668
f 567/741/1666 598/742/1669 698/766/1668
f 698/766/1668 598/742/1669 678/767/1670
f 598/742/1669 568/677/1671 678/767/1670
f 678/767/1670 568/677/1671 680/768/1672
f 568/677/1671 509/675/1673 680/768/1672
f 680/768/1672 509/675/1673 599/769/1674
f 509/675/1673 508/672/1675 599/769/1674
f 508/672/1676 505/622/1677 599/769/1678
f 599/769/1678 505/622/1677 600/770/1679
f 505/622/1677 601/628/1680 600/770/1679
f 600/770/1679 601/628/1680 602/771/1681
f 601/628/1680 472/629/1682 602/771/1681
f 602/771/1681 472/629/1682 681/772/1683
f 681/772/1683 472/629/1684 603/773/1685
f 472/629/1684 604/630/1686 603/773/1685
f 603/773/1685 604/630/1686 682/774/1687
f 604/630/1686 473/631/1688 682/774/1687
f 682/774/1687 473/631/1688 684/775/1689
f 473/631/1690 605/634/1691 684/775/1692
f 684/775/1692 605/634/1691 686/776/1693
f 686/776/1693 605/634/1694 689/777/1695
f 689/777/1695 605/634/1696 691/778/1697
f 605/634/1696 477/636/1698 691/778/1697
f 691/778/1697 477/636/1698 606/779/1699
f 477/636/1698 478/640/1700 606/779/1699
f 606/779/1699 478/640/1700 719/780/1701
f 478/640/1700 481/642/1702 719/780/1701
f 719/780/1701 481/642/1702 607/781/1703
f 481/642/1702 608/648/1704 607/781/1703
f 607/781/1703 608/648/1704 717/782/1705
f 608/648/1704 483/649/1706 717/782/1705
f 717/782/1705 483/649/1706 609/783/1707
f 483/649/1706 610/650/1708 609/783/1707
f 609/783/1707 610/650/1708 715/784/1709
f 715/784/1709 610/650/1334 611/785/1710
f 611/785/1711 610/650/1712 701/786/1713
f 610/650/1712 613/651/1714 701/786/1713
f 701/786/1713 613/651/1714 612/787/1715
f 612/787/1715 613/651/1716 622/788/1717
f 613/651/1716 485/652/1718 622/788/1717
f 622/788/1717 485/652/1718 620/789/1719
f 485/652/1718 486/653/1720 620/789/1719
f 486/653/1721 635/790/1722 620/789/1723
f 620/789/1723 635/790/1722 619/791/1724
f 635/790/1722 633/792/1725 619/791/1724
f 619/791/1724 633/792/1725 615/793/1726
f 633/792/1725 614/794/1727 615/793/1726
f 614/794/1728 631/795/1729 615/793/1730
f 631/795/1731 630/796/1732 615/793/1733
f 630/796/1734 616/797/1735 615/793/1736
f 616/798/1737 617/799/1738 615/793/1739
f 617/799/1740 629/800/1741 615/793/1742
f 629/800/1743 627/801/1744 615/793/1745
f 627/801/1746 618/802/1747 615/793/1748
f 615/793/1748 618/802/1747 619/791/1749
f 618/802/1747 621/803/1750 619/791/1749
f 619/791/1749 621/803/1750 620/789/1751
f 620/789/1751 621/803/1752 622/788/1753
f 621/803/1752 623/804/1754 622/788/1753
f 622/788/1753 623/804/1754 612/787/1715
f 623/804/1755 624/805/1756 612/787/1757
f 612/787/1757 624/805/1756 701/786/1758
f 701/786/1758 624/805/1759 625/764/1661
f 625/764/1660 624/805/1760 595/763/1761
f 624/805/1760 623/804/1762 595/763/1761
f 595/763/1761 623/804/1762 594/762/1763
f 594/762/1763 623/804/1764 626/806/1765
f 623/804/1764 621/803/1766 626/806/1765
f 621/803/1767 618/802/1768 626/806/1769
f 618/802/1770 627/801/1771 626/806/1772
f 627/801/1773 628/807/1774 626/806/1775
f 626/806/1775 628/807/1774 594/762/1656
f 594/762/1776 628/807/1777 656/808/1778
f 656/808/1778 628/807/1779 629/800/1780
f 628/807/1779 627/801/1781 629/800/1780
f 629/800/1782 617/799/1783 656/808/1784
f 617/799/1783 616/798/1785 656/808/1784
f 656/808/1784 616/798/1785 654/809/1786
f 654/809/1786 616/797/1785 653/810/1787
f 653/810/1788 616/797/1789 652/811/1790
f 616/797/1789 630/796/1791 652/811/1790
f 652/811/1790 630/796/1791 651/812/1792
f 630/796/1791 631/795/1793 651/812/1792
f 651/812/1792 631/795/1793 632/813/1794
f 631/795/1793 614/794/1795 632/813/1794
f 632/813/1794 614/794/1795 634/814/1796
f 614/794/1795 633/792/1797 634/814/1796
f 633/792/1798 635/790/1799 634/814/1800
f 634/814/1800 635/790/1799 636/815/1801
f 635/790/1799 486/653/1802 636/815/1801
f 636/815/1801 486/653/1802 637/816/1803
f 486/653/1802 638/654/1804 637/816/1803
f 637/816/1803 638/654/1804 639/817/1805
f 638/654/1804 488/655/1806 639/817/1805
f 488/655/1807 489/656/1808 639/817/1809
f 639/817/1809 489/656/1808 648/818/1810
f 489/656/1808 640/657/1811 648/818/1810
f 648/818/1810 640/657/1811 647/819/1812
f 640/657/1811 641/748/1813 647/819/1812
f 647/819/1812 641/748/1813 645/820/1814
f 641/748/1813 642/749/1815 645/820/1814
f 645/820/1814 642/749/1815 643/821/1816
f 642/749/1815 644/822/1817 643/821/1816
f 643/821/1816 644/822/1817 645/820/1818
f 644/822/1819 666/823/1820 645/820/1821
f 645/820/1821 666/823/1820 647/819/1822
f 666/823/1820 646/824/1823 647/819/1822
f 646/824/1824 663/825/1825 647/819/1826
f 647/819/1826 663/825/1825 648/818/1827
f 663/825/1825 662/826/1828 648/818/1827
f 648/818/1827 662/826/1828 639/817/1829
f 639/817/1829 662/826/1830 637/816/1831
f 662/826/1830 649/827/1832 637/816/1831
f 637/816/1831 649/827/1832 636/815/1833
f 636/815/1834 649/827/1835 634/814/1836
f 634/814/1836 649/827/1837 632/813/1838
f 649/827/1837 650/828/1839 632/813/1838
f 632/813/1838 650/828/1839 651/812/1840
f 650/828/1839 659/829/1841 651/812/1840
f 651/812/1840 659/829/1841 652/811/1842
f 659/829/1841 658/830/1843 652/811/1842
f 652/811/1842 658/830/1843 653/810/1844
f 658/830/1843 655/831/1845 653/810/1844
f 653/810/1844 655/831/1845 654/809/1846
f 654/809/1847 655/831/1848 656/808/1849
f 656/808/1850 655/831/1851 594/762/1852
f 655/831/1851 657/832/1853 594/762/1852
f 594/762/1852 657/832/1853 593/760/1854
f 593/760/1855 657/832/1856 591/758/1857
f 591/758/1858 657/832/1859 590/757/1860
f 590/757/1860 657/832/1856 588/756/1861
f 588/756/1862 657/832/1856 669/833/1863
f 669/833/1863 657/832/1864 658/830/1865
f 657/832/1864 655/831/1866 658/830/1865
f 658/830/1867 659/829/1868 669/833/1869
f 669/833/1869 659/829/1868 660/834/1870
f 659/829/1868 650/828/1871 660/834/1870
f 660/834/1870 650/828/1871 661/835/1872
f 650/828/1871 649/827/1873 661/835/1872
f 649/827/1874 662/826/1875 661/835/1876
f 662/826/1877 663/825/1878 661/835/1879
f 661/835/1879 663/825/1878 660/834/1880
f 660/834/1881 663/825/1882 664/836/1883
f 663/825/1882 646/824/1884 664/836/1883
f 664/836/1883 646/824/1884 665/837/1885
f 646/824/1884 666/823/1886 665/837/1885
f 665/837/1887 666/823/1888 667/838/1889
f 666/823/1888 644/822/1890 667/838/1889
f 644/822/1891 668/839/1892 667/838/1893
f 667/838/1893 668/839/1892 665/837/1894
f 668/839/1892 674/840/1895 665/837/1894
f 665/837/1894 674/840/1895 664/836/1896
f 664/836/1897 674/840/1898 660/834/1880
f 660/834/1881 674/840/1899 669/833/1900
f 674/840/1899 673/841/1901 669/833/1900
f 669/833/1900 673/841/1901 588/756/1902
f 588/756/1902 673/841/1903 670/754/1904
f 673/841/1903 671/842/1905 670/754/1904
f 670/754/1904 671/842/1905 672/753/1906
f 672/753/1907 671/842/1908 583/752/1909
f 583/752/1910 671/842/1911 668/839/1912
f 671/842/1911 673/841/1913 668/839/1912
f 668/839/1912 673/841/1913 674/840/1898
f 642/749/1622 581/750/1914 644/822/1915
f 581/750/1914 675/843/1916 644/822/1915
f 644/822/1915 675/843/1916 668/839/1917
f 668/839/1917 675/843/1918 583/752/1919
f 675/843/1918 676/844/1920 583/752/1919
f 583/752/1919 676/844/1920 677/751/1921
f 677/751/1921 676/844/1922 581/750/1923
f 676/844/1922 675/843/1924 581/750/1923
f 698/766/1925 678/767/1926 679/845/1927
f 678/767/1926 680/768/1928 679/845/1927
f 680/768/1929 599/769/1930 679/845/1931
f 679/845/1931 599/769/1930 696/846/1932
f 599/769/1930 600/770/1933 696/846/1932
f 696/846/1932 600/770/1933 695/847/1934
f 600/770/1933 602/771/1935 695/847/1934
f 695/847/1934 602/771/1935 694/848/1936
f 602/771/1935 681/772/1937 694/848/1936
f 694/848/1936 681/772/1937 693/849/1938
f 681/772/1937 603/773/1939 693/849/1938
f 693/849/1938 603/773/1939 692/850/1940
f 603/773/1939 682/774/1941 692/850/1940
f 692/850/1940 682/774/1941 683/851/1942
f 682/774/1941 684/775/1943 683/851/1942
f 683/851/1942 684/775/1943 685/852/1944
f 684/775/1943 686/776/1945 685/852/1944
f 685/852/1944 686/776/1945 687/853/1946
f 687/853/1946 686/776/1693 688/854/1947
f 686/776/1948 689/777/1949 688/854/1950
f 688/854/1950 689/777/1949 690/855/1951
f 690/855/1952 689/777/1953 726/856/1954
f 689/777/1953 691/778/1955 726/856/1954
f 726/856/1954 691/778/1955 685/852/1956
f 691/778/1955 606/779/1957 685/852/1956
f 685/852/1956 606/779/1957 683/851/1958
f 606/779/1957 719/780/1959 683/851/1958
f 683/851/1958 719/780/1959 692/850/1960
f 719/780/1959 718/857/1961 692/850/1960
f 692/850/1960 718/857/1961 693/849/1962
f 718/857/1961 737/858/1963 693/849/1962
f 737/858/1964 720/859/1965 693/849/1966
f 693/849/1966 720/859/1965 694/848/1967
f 720/859/1965 706/860/1968 694/848/1967
f 694/848/1967 706/860/1968 695/847/1969
f 706/860/1968 705/861/1970 695/847/1969
f 695/847/1969 705/861/1970 696/846/1971
f 705/861/1970 704/862/1972 696/846/1971
f 704/862/1973 697/863/1974 696/846/1975
f 696/846/1975 697/863/1974 679/845/1976
f 697/863/1974 703/864/1977 679/845/1976
f 679/845/1976 703/864/1977 698/766/1978
f 703/864/1977 699/865/1979 698/766/1978
f 698/766/1978 699/865/1979 597/765/1980
f 699/865/1979 700/866/1981 597/765/1980
f 597/765/1980 700/866/1981 625/764/1660
f 625/764/1660 700/866/1982 701/786/1758
f 701/786/1758 700/866/1982 611/785/1711
f 611/785/1711 700/866/1983 714/867/1984
f 700/866/1983 699/865/1985 714/867/1984
f 714/867/1984 699/865/1985 702/868/1986
f 699/865/1985 703/864/1987 702/868/1986
f 702/868/1986 703/864/1987 711/869/1988
f 703/864/1987 697/863/1989 711/869/1988
f 697/863/1990 704/862/1991 711/869/1992
f 711/869/1992 704/862/1991 710/870/1993
f 704/862/1991 705/861/1994 710/870/1993
f 710/870/1993 705/861/1994 709/871/1995
f 705/861/1994 706/860/1996 709/871/1995
f 709/871/1995 706/860/1996 707/872/1997
f 706/860/1996 720/859/1998 707/872/1997
f 720/859/1999 708/873/2000 707/872/2001
f 707/872/2001 708/873/2000 709/871/2002
f 708/873/2000 721/874/2003 709/871/2002
f 709/871/2002 721/874/2003 710/870/2004
f 721/874/2003 712/875/2005 710/870/2004
f 710/870/2004 712/875/2005 711/869/2006
f 711/869/2006 712/875/2007 702/876/2008
f 712/875/2009 713/877/2010 702/876/2011
f 702/876/2011 713/877/2010 714/867/2012
f 713/877/2010 715/784/2013 714/867/2012
f 714/867/2012 715/784/2013 611/785/1711
f 715/784/1709 713/877/2014 609/783/2015
f 713/877/2014 716/878/2016 609/783/2015
f 609/783/2015 716/878/2016 717/782/2017
f 716/878/2016 725/879/2018 717/782/2017
f 717/782/2017 725/879/2018 607/781/2019
f 725/879/2018 735/880/2020 607/781/2019
f 735/880/2021 718/857/2022 607/781/2023
f 607/781/2023 718/857/2022 719/780/2024
f 720/859/2025 737/858/2026 708/873/2027
f 737/858/2026 734/881/2028 708/873/2027
f 708/873/2027 734/881/2028 721/874/2029
f 734/881/2028 722/882/2030 721/874/2029
f 721/874/2029 722/882/2030 712/875/2031
f 712/875/2007 722/882/2032 713/877/2033
f 713/877/2033 722/882/2034 716/878/2035
f 722/882/2034 723/883/2036 716/878/2035
f 716/878/2035 723/883/2036 725/879/2037
f 725/879/2037 723/883/2038 724/884/2039
f 723/883/2038 722/882/2040 724/884/2039
f 722/882/2041 734/881/2042 724/884/2043
f 734/881/2044 735/880/2045 724/884/2046
f 724/884/2046 735/880/2045 725/879/2037
f 685/852/2047 687/853/2048 726/856/2049
f 687/853/2048 727/885/2050 726/856/2049
f 726/856/2049 727/885/2050 690/855/2051
f 727/885/2050 728/886/2052 690/855/2051
f 690/855/2051 728/886/2052 730/887/2053
f 728/886/2052 729/888/2054 730/887/2053
f 729/888/2055 731/889/2056 730/887/2057
f 730/887/2057 731/889/2056 690/855/1952
f 690/855/2058 731/889/2059 688/854/2060
f 731/889/2059 732/890/2061 688/854/2060
f 688/854/2060 732/890/2061 687/853/1946
f 687/853/1946 732/890/2062 727/885/2063
f 732/890/2062 733/891/2064 727/885/2063
f 727/885/2063 733/891/2064 728/886/2065
f 728/886/2065 733/891/2066 729/888/2067
f 729/888/2067 733/891/2068 731/889/2069
f 733/891/2068 732/890/2070 731/889/2069
f 734/881/2071 736/892/2072 735/880/2073
f 735/880/2073 736/892/2072 718/857/2074
f 718/857/2075 736/892/2076 737/858/2077
f 736/892/2076 734/881/2078 737/858/2077
f 743/639/2079 741/893/2080 738/641/2081
f 741/893/2080 740/894/2082 738/641/2081
f 738/641/2081 740/894/2082 739/643/2083
f 739/643/2084 740/894/2085 484/645/2086
f 740/894/2085 741/893/2087 484/645/2086
f 484/645/2086 741/893/2087 487/600/2088
f 741/893/2087 743/639/2089 487/600/2088
f 743/639/2090 742/895/2091 487/600/2092
f 487/600/2092 742/895/2091 462/601/2093
f 462/601/2093 742/895/2094 476/638/2095
f 742/895/2094 743/639/2096 476/638/2095
f 476/638/2097 744/896/2098 462/601/2099
f 744/896/2098 745/897/2100 462/601/2099
f 462/601/2099 745/897/2100 146/604/2101
f 146/604/2101 745/897/2102 746/606/2103
f 746/606/2103 745/897/2104 148/608/2105
f 745/897/2104 754/898/2106 148/608/2105
f 148/608/2105 754/898/2106 150/610/2107
f 754/898/2106 747/899/2108 150/610/2107
f 150/610/2107 747/899/2108 464/612/2109
f 464/612/2110 747/899/2111 466/614/2112
f 466/614/2112 747/899/2113 748/617/2114
f 747/899/2113 755/900/2115 748/617/2114
f 748/617/2114 755/900/2115 155/619/2116
f 755/900/2115 749/901/2117 155/619/2116
f 155/619/2116 749/901/2117 751/621/2118
f 751/621/2119 749/901/2120 750/632/2121
f 749/901/2120 755/900/2122 750/632/2121
f 751/621/2123 750/632/2124 468/624/2125
f 744/902/2126 476/903/2127 753/904/2128
f 476/903/2127 475/905/2129 753/904/2128
f 475/905/2130 474/906/2131 753/904/2132
f 474/906/2133 752/907/2134 753/904/2135
f 752/907/2136 750/908/2137 753/904/2138
f 750/908/2139 755/909/2140 753/904/2141
f 755/909/2142 754/910/2143 753/904/2144
f 753/904/2144 754/910/2143 744/902/2145
f 754/910/2143 745/911/2146 744/902/2145
f 755/909/2147 747/912/2148 754/910/2149
f 756/6/2150 778/913/2151 1/2/2152
f 1/2/2152 778/913/2151 757/3/2153
f 778/913/2151 776/914/2154 757/3/2153
f 757/3/2153 776/914/2154 768/1/2155
f 768/1/2156 776/914/2157 758/915/2158
f 758/915/2159 776/914/2157 759/916/12
f 759/916/12 776/914/2160 760/917/2161
f 776/914/2160 775/918/2162 760/917/2161
f 760/917/2161 775/918/2162 761/919/2163
f 775/918/2162 762/920/2164 761/919/2163
f 761/919/2163 762/920/2164 763/921/2165
f 762/920/2164 764/922/2166 763/921/2165
f 763/921/2165 764/922/2166 765/923/2167
f 764/922/2166 774/924/2168 765/923/2167
f 765/923/2167 774/924/2168 5/925/2169
f 774/924/2168 773/926/2170 5/925/2169
f 5/925/2169 773/926/2170 4/927/2171
f 773/926/2170 766/928/2172 4/927/2171
f 4/927/2171 766/928/2172 3/929/2173
f 766/928/2172 771/930/2174 3/929/2173
f 3/929/2173 771/930/2174 767/931/2175
f 771/930/2174 769/932/2176 767/931/2175
f 767/931/2175 769/932/2176 759/933/12
f 759/933/12 769/932/2177 758/934/2159
f 758/934/2159 769/932/2177 768/935/2155
f 768/935/2155 769/932/2177 770/4/4
f 770/4/2178 769/932/2179 782/936/2180
f 769/932/2179 771/930/2181 782/936/2180
f 782/936/2180 771/930/2181 772/937/2182
f 771/930/2181 766/928/2183 772/937/2182
f 772/937/2182 766/928/2183 780/938/2184
f 766/928/2183 773/926/2185 780/938/2184
f 780/938/2184 773/926/2185 779/939/2186
f 773/926/2185 774/924/2187 779/939/2186
f 774/924/2188 764/922/2189 779/939/2190
f 764/922/2191 762/920/2192 779/939/2193
f 762/920/2194 775/918/2195 779/939/2196
f 779/939/2196 775/918/2195 777/940/2197
f 775/918/2195 776/914/2198 777/940/2197
f 776/914/2199 778/913/2200 777/940/2201
f 778/913/2202 780/938/2203 777/940/2204
f 777/940/2204 780/938/2203 779/939/2205
f 778/913/2206 756/6/2207 780/938/2208
f 780/938/2208 756/6/2207 772/937/2209
f 756/6/2207 781/7/2210 772/937/2209
f 772/937/2209 781/7/2210 782/936/2211
f 781/7/2210 2/5/2212 782/936/2211
f 782/936/2211 2/5/2212 770/4/2178
f 783/941/2213 784/942/2214 786/943/2215
f 786/943/2215 784/942/2214 785/944/2216
f 784/942/2214 826/945/2217 785/944/2216
f 826/945/2218 829/946/2219 785/944/2220
f 785/944/2220 829/946/2219 786/943/2221
f 786/943/2222 829/946/2223 802/947/2224
f 829/946/2223 787/948/2225 802/947/2224
f 802/947/2224 787/948/2225 788/949/2226
f 787/948/2225 789/950/2227 788/949/2226
f 788/949/2226 789/950/2227 790/951/2228
f 789/950/2227 830/952/2229 790/951/2228
f 790/951/2228 830/952/2229 791/953/2230
f 830/952/2229 792/954/2231 791/953/2230
f 791/953/2230 792/954/2231 799/955/2232
f 799/955/2233 792/954/2234 793/956/2235
f 792/954/2234 794/957/2236 793/956/2235
f 793/956/2235 794/957/2236 795/958/2237
f 794/957/2236 811/959/2238 795/958/2237
f 795/958/2237 811/959/2238 796/960/2239
f 811/959/2238 797/961/2240 796/960/2239
f 796/960/2239 797/961/2240 798/962/2241
f 797/961/2240 800/963/2242 798/962/2241
f 798/962/2241 800/963/2242 799/964/2233
f 799/964/2233 800/963/2243 791/965/2244
f 800/963/2243 808/966/2245 791/965/2244
f 791/965/2244 808/966/2245 790/967/2246
f 808/966/2245 801/968/2247 790/967/2246
f 790/967/2246 801/968/2247 788/969/2248
f 801/968/2247 807/970/2249 788/969/2248
f 788/969/2248 807/970/2249 802/971/2250
f 807/970/2249 803/972/2251 802/971/2250
f 802/971/2250 803/972/2251 786/973/2252
f 803/972/2251 804/974/2253 786/973/2252
f 786/973/2222 804/974/2254 783/975/2255
f 804/974/2254 805/976/2256 783/975/2255
f 783/975/2255 805/976/2256 784/942/2257
f 784/942/2258 805/976/2259 826/945/2260
f 826/945/2261 805/976/2262 820/977/2263
f 805/976/2262 804/974/2264 820/977/2263
f 820/977/2263 804/974/2264 819/978/2265
f 804/974/2264 803/972/2266 819/978/2265
f 819/978/2265 803/972/2266 806/979/2267
f 803/972/2266 807/970/2268 806/979/2267
f 806/979/2267 807/970/2268 818/980/2269
f 807/970/2268 801/968/2270 818/980/2269
f 818/980/2269 801/968/2270 817/981/2271
f 801/968/2270 808/966/2272 817/981/2271
f 817/981/2271 808/966/2272 809/982/2273
f 808/966/2272 800/963/2274 809/982/2273
f 800/963/2275 797/961/2276 809/982/2277
f 809/982/2277 797/961/2276 810/983/2278
f 797/961/2276 811/959/2279 810/983/2278
f 810/983/2278 811/959/2279 815/984/2280
f 811/959/2279 794/957/2281 815/984/2280
f 815/984/2280 794/957/2281 814/985/2282
f 814/985/2282 794/957/2283 812/986/2284
f 794/957/2283 792/954/2285 812/986/2284
f 792/954/2286 830/952/2287 812/986/2288
f 830/952/2289 813/987/2290 812/986/2291
f 812/986/2291 813/987/2290 814/985/2292
f 813/987/2290 828/988/2293 814/985/2292
f 814/985/2292 828/988/2293 815/984/2294
f 828/988/2293 824/989/2295 815/984/2294
f 815/984/2294 824/989/2295 810/983/2296
f 824/989/2295 816/990/2297 810/983/2296
f 810/983/2296 816/990/2297 809/982/2298
f 809/982/2298 816/990/2299 817/981/2300
f 817/981/2300 816/990/2301 818/980/2302
f 816/990/2301 822/991/2303 818/980/2302
f 818/980/2302 822/991/2303 806/979/2304
f 822/991/2303 821/992/2305 806/979/2304
f 806/979/2304 821/992/2305 819/978/2306
f 819/978/2306 821/992/2307 820/977/2308
f 820/977/2308 821/992/2309 826/945/2260
f 826/945/2260 821/992/2310 825/993/2311
f 821/992/2310 822/991/2312 825/993/2311
f 825/993/2311 822/991/2312 823/994/2313
f 822/991/2312 816/990/2314 823/994/2313
f 816/990/2315 824/989/2316 823/994/2317
f 824/989/2318 827/995/2319 823/994/2320
f 823/994/2320 827/995/2319 825/993/2321
f 825/993/2321 827/995/2322 826/945/2260
f 826/945/2323 827/995/2322 829/946/2324
f 829/946/2325 827/995/2326 828/988/2327
f 827/995/2326 824/989/2328 828/988/2327
f 829/946/2329 828/988/2330 787/948/2331
f 787/948/2331 828/988/2330 789/950/2332
f 828/988/2330 813/987/2333 789/950/2332
f 789/950/2332 813/987/2333 830/952/2334
f 6/996/2335 831/997/2336 8/998/2337
f 8/998/2337 831/997/2336 832/999/2338
f 831/997/2336 834/1000/2339 832/999/2338
f 834/1000/2340 833/1001/2341 832/999/2342
f 832/999/2342 833/1001/2341 851/1002/2343
f 833/1001/2341 834/1003/2344 851/1002/2343
f 851/1002/2343 834/1003/2344 850/1004/2345
f 850/1004/2345 834/1003/2346 835/1005/2347
f 834/1003/2346 831/1006/2348 835/1005/2347
f 835/1005/2347 831/1006/2348 836/1007/2349
f 831/1006/2348 6/1008/2350 836/1007/2349
f 6/1008/2351 7/1009/2352 836/1007/2353
f 836/1007/2353 7/1009/2352 837/1010/2354
f 7/1009/2352 9/1011/2355 837/1010/2354
f 837/1010/2354 9/1011/2355 848/1012/2356
f 9/1011/2355 10/1013/2357 848/1012/2356
f 848/1012/2356 10/1013/2357 838/1014/2358
f 10/1013/2357 839/1015/2359 838/1014/2358
f 838/1014/2358 839/1015/2359 846/1016/2360
f 839/1015/2359 12/1017/2361 846/1016/2360
f 846/1016/2360 12/1017/2361 840/1018/2362
f 12/1017/2361 11/1019/2363 840/1018/2362
f 840/1018/2362 11/1019/2363 841/1020/2364
f 11/1019/2363 842/1021/2365 841/1020/2364
f 841/1020/2364 842/1021/2365 844/1022/2366
f 842/1021/2365 8/998/2367 844/1022/2366
f 8/998/2368 832/999/2369 844/1022/2370
f 844/1022/2370 832/999/2369 843/1023/2371
f 832/999/2369 851/1002/2372 843/1023/2371
f 851/1002/2373 845/1024/2374 843/1023/2375
f 843/1023/2375 845/1024/2374 844/1022/2376
f 844/1022/2376 845/1024/2377 841/1020/2378
f 845/1024/2377 854/1025/2379 841/1020/2378
f 841/1020/2378 854/1025/2379 840/1018/2380
f 854/1025/2381 847/1026/2382 840/1018/2383
f 840/1018/2383 847/1026/2382 846/1016/2384
f 846/1016/2385 847/1026/2386 838/1014/2387
f 838/1014/2387 847/1026/2388 848/1012/2389
f 848/1012/2390 847/1026/2391 837/1010/2392
f 847/1026/2391 855/1027/2393 837/1010/2392
f 837/1010/2392 855/1027/2393 836/1007/2394
f 855/1027/2393 849/1028/2395 836/1007/2394
f 836/1007/2394 849/1028/2395 835/1005/2396
f 849/1028/2395 853/1029/2397 835/1005/2396
f 835/1005/2396 853/1029/2397 850/1004/2398
f 853/1029/2397 852/1030/2399 850/1004/2398
f 850/1004/2398 852/1030/2399 851/1002/2400
f 851/1002/2400 852/1030/2401 845/1024/2402
f 852/1030/2401 853/1029/2403 845/1024/2402
f 845/1024/2402 853/1029/2403 854/1025/2404
f 853/1029/2403 855/1027/2405 854/1025/2404
f 854/1025/2404 855/1027/2405 847/1026/2388
f 853/1029/2406 849/1028/2407 855/1027/2408
f 951/1031/2409 857/1032/2410 856/1033/2411
f 856/1033/2411 857/1032/2410 858/1034/2412
f 857/1032/2410 859/1035/2413 858/1034/2412
f 858/1034/2412 859/1035/2413 885/1036/2414
f 859/1035/2413 896/1037/2415 885/1036/2414
f 885/1036/2414 896/1037/2415 952/1038/2416
f 947/1039/2417 860/1040/2418 891/1041/2419
f 860/1040/2418 862/1042/2420 891/1041/2419
f 891/1041/2419 862/1042/2420 861/1043/2421
f 861/1043/2421 862/1042/2422 869/1044/2423
f 862/1042/2422 863/1045/2424 869/1044/2423
f 869/1044/2423 863/1045/2424 867/1046/2425
f 863/1045/2424 864/1047/2426 867/1046/2425
f 864/1047/2427 865/1048/2428 867/1046/2429
f 865/1048/2430 866/1049/2431 867/1046/2432
f 866/1049/2433 868/1050/2434 867/1046/2435
f 867/1046/2435 868/1050/2434 869/1044/2436
f 868/1050/2434 870/1051/2437 869/1044/2436
f 869/1044/2436 870/1051/2437 892/1052/2438
f 870/1051/2437 894/1053/2439 892/1052/2438
f 892/1052/2440 871/1054/2441 894/1053/2442
f 869/1044/2443 892/1052/2444 861/1043/2445
f 872/1055/2446 873/1056/2447 883/1057/2448
f 873/1056/2447 874/1058/2449 883/1057/2448
f 883/1057/2448 874/1058/2449 875/1059/2450
f 874/1058/2449 881/1060/2451 875/1059/2450
f 880/1061/2452 879/1062/2453 882/1063/2454
f 882/1063/2454 879/1062/2453 878/1064/2455
f 879/1062/2453 876/1065/2456 878/1064/2455
f 878/1064/2455 876/1065/2456 877/1066/2457
f 876/1065/2456 872/1067/2458 877/1066/2457
f 877/1066/2457 872/1067/2458 878/1068/2459
f 872/1067/2458 883/1069/2460 878/1068/2459
f 872/1067/2446 876/1065/2461 873/1056/2462
f 876/1065/2461 879/1070/2463 873/1056/2462
f 873/1056/2462 879/1070/2463 874/1071/2464
f 879/1070/2463 880/1072/2465 874/1071/2464
f 874/1071/2464 880/1072/2465 881/1073/2466
f 880/1072/2465 882/1074/2467 881/1073/2466
f 881/1073/2466 882/1074/2467 875/1075/2468
f 882/1074/2467 878/1076/2469 875/1075/2468
f 875/1075/2468 878/1076/2469 883/1077/2470
f 884/1078/2471 886/1079/2472 885/1036/2473
f 885/1036/2473 886/1079/2472 858/1034/2474
f 858/1034/2474 886/1079/2475 856/1033/2476
f 856/1033/2476 886/1079/2475 887/1080/2477
f 887/1080/2477 886/1079/2478 890/1081/2479
f 886/1079/2478 884/1078/2480 890/1081/2479
f 890/1081/2479 884/1078/2480 888/1082/2481
f 887/1080/2482 890/1081/2483 889/1083/2484
f 947/1084/2485 891/1085/2486 898/1086/2487
f 891/1085/2486 861/1087/2488 898/1086/2487
f 898/1086/2487 861/1087/2488 899/1088/2489
f 861/1087/2488 892/1089/2490 899/1088/2489
f 899/1088/2489 892/1089/2490 893/1090/2491
f 892/1089/2490 894/1091/2492 893/1090/2491
f 893/1090/2491 894/1091/2492 902/1092/2493
f 894/1091/2492 895/1093/2494 902/1092/2493
f 902/1092/2493 895/1093/2494 903/1094/2495
f 895/1093/2494 952/1095/2496 903/1094/2495
f 903/1094/2495 952/1095/2496 905/1096/2497
f 952/1095/2496 896/1097/2498 905/1096/2497
f 905/1096/2497 896/1097/2498 906/1098/2499
f 896/1097/2498 859/1099/2500 906/1098/2499
f 906/1098/2499 859/1099/2500 908/1100/2501
f 859/1099/2500 857/1101/2502 908/1100/2501
f 908/1100/2501 857/1101/2502 909/1102/2503
f 857/1101/2502 951/1103/2504 909/1102/2503
f 909/1102/2503 951/1103/2504 911/1104/2505
f 951/1103/2504 897/1105/2506 911/1104/2505
f 897/1105/2507 947/1084/2508 911/1104/2509
f 947/1084/2510 898/1086/2511 911/1104/2512
f 911/1104/2512 898/1086/2511 943/1106/2513
f 898/1086/2511 899/1088/2514 943/1106/2513
f 943/1106/2513 899/1088/2514 900/1107/2515
f 899/1088/2514 893/1090/2516 900/1107/2515
f 900/1107/2515 893/1090/2516 901/1108/2517
f 893/1090/2516 902/1092/2518 901/1108/2517
f 901/1108/2517 902/1092/2518 940/1109/2519
f 902/1092/2518 903/1094/2520 940/1109/2519
f 940/1109/2519 903/1094/2520 904/1110/2521
f 903/1094/2520 905/1096/2522 904/1110/2521
f 904/1110/2521 905/1096/2522 942/1111/2523
f 905/1096/2522 906/1098/2524 942/1111/2523
f 942/1111/2523 906/1098/2524 907/1112/2525
f 906/1098/2524 908/1100/2526 907/1112/2525
f 907/1112/2525 908/1100/2526 944/1113/2527
f 908/1100/2526 909/1102/2528 944/1113/2527
f 944/1113/2527 909/1102/2528 910/1114/2529
f 909/1102/2528 911/1104/2530 910/1114/2529
f 910/1114/2529 911/1104/2530 912/1115/2531
f 911/1104/2532 943/1106/2533 912/1115/2534
f 922/1116/2535 921/1117/2536 913/1118/2537
f 913/1118/2537 921/1117/2536 914/1119/2538
f 921/1117/2536 916/1120/2539 914/1119/2538
f 914/1119/2538 916/1120/2539 915/1121/2540
f 915/1121/2541 916/1120/2542 917/1122/2543
f 916/1120/2542 920/1123/2544 917/1122/2543
f 917/1122/2543 920/1123/2544 918/1124/2545
f 918/1124/2545 920/1123/2546 927/1125/2547
f 927/1125/2548 920/1123/2546 919/1126/2549
f 919/1126/2550 920/1123/2551 932/1127/2552
f 920/1123/2551 916/1120/2553 932/1127/2552
f 916/1120/2554 921/1117/2555 932/1127/2556
f 932/1127/2556 921/1117/2555 933/1128/2557
f 921/1117/2555 922/1116/2558 933/1128/2557
f 922/1116/2559 923/1129/2560 933/1128/2561
f 933/1128/2561 923/1129/2560 935/1130/2562
f 923/1129/2560 924/1131/2563 935/1130/2562
f 935/1130/2562 924/1131/2563 926/1132/2564
f 924/1131/2563 925/1133/2565 926/1132/2564
f 925/1133/2566 915/1134/2567 926/1132/2568
f 915/1134/2569 917/1135/2570 926/1132/2571
f 926/1132/2571 917/1135/2570 936/1136/2572
f 917/1135/2570 918/1137/2573 936/1136/2572
f 936/1136/2572 918/1137/2573 939/1138/2574
f 918/1137/2573 927/1139/2575 939/1138/2574
f 939/1138/2574 927/1139/2575 929/1140/2576
f 927/1139/2575 919/1126/2577 929/1140/2576
f 929/1140/2576 919/1126/2577 928/1141/2578
f 919/1126/2577 932/1127/2579 928/1141/2578
f 932/1127/2580 930/1142/2581 928/1141/2582
f 928/1141/2582 930/1142/2581 929/1140/2583
f 929/1140/2584 930/1142/2585 931/1143/2586
f 930/1142/2585 932/1127/2587 931/1143/2586
f 931/1143/2586 932/1127/2587 938/1144/2588
f 932/1127/2587 933/1128/2589 938/1144/2588
f 938/1144/2588 933/1128/2589 934/1145/2590
f 933/1128/2589 935/1130/2591 934/1145/2590
f 935/1130/2592 926/1132/2593 934/1145/2594
f 926/1132/2595 936/1136/2596 934/1145/2597
f 934/1145/2597 936/1136/2596 937/1146/2598
f 936/1136/2596 939/1138/2599 937/1146/2598
f 939/1138/2600 931/1143/2601 937/1146/2602
f 937/1146/2603 931/1143/2604 934/1145/2605
f 931/1143/2604 938/1144/2606 934/1145/2605
f 939/1138/2607 929/1140/2584 931/1143/2608
f 901/1147/2609 940/1148/2610 900/1149/2611
f 900/1149/2611 940/1148/2610 941/1150/2612
f 940/1148/2610 904/1151/2613 941/1150/2612
f 904/1151/2614 942/1152/2615 941/1150/2616
f 942/1152/2617 907/1153/2618 941/1150/2619
f 907/1153/2620 944/1154/2621 941/1150/2622
f 944/1154/2623 912/1155/2624 941/1150/2625
f 941/1150/2625 912/1155/2624 900/1149/2626
f 912/1155/2624 943/1156/2627 900/1149/2626
f 944/1154/2628 910/1157/2629 912/1155/2630
f 956/1158/2631 955/1159/2632 958/1160/2633
f 958/1160/2633 955/1159/2632 950/1161/2634
f 955/1159/2632 945/1162/2635 950/1161/2634
f 950/1161/2634 945/1162/2635 946/1163/2636
f 945/1162/2635 891/1164/2637 946/1163/2636
f 891/1164/2638 947/1165/2639 946/1163/2640
f 946/1163/2640 947/1165/2639 948/1166/2641
f 947/1165/2639 897/1167/2642 948/1166/2641
f 897/1167/2643 949/1168/2644 948/1166/2645
f 948/1166/2645 949/1168/2644 946/1163/2646
f 946/1163/2647 949/1168/2648 950/1161/2649
f 950/1161/2649 949/1168/2650 958/1169/2651
f 958/1169/2651 949/1168/2652 960/1170/2653
f 960/1170/2654 949/1168/2655 951/1171/2656
f 949/1168/2655 897/1167/2657 951/1171/2656
f 951/1171/2658 859/1172/2659 960/1170/2660
f 960/1170/2660 859/1172/2659 962/1173/2661
f 859/1172/2659 952/1174/2662 962/1173/2661
f 962/1173/2661 952/1174/2662 963/1175/2663
f 952/1174/2662 895/1176/2664 963/1175/2663
f 963/1175/2663 895/1176/2664 953/1177/2665
f 895/1176/2664 894/1178/2666 953/1177/2665
f 953/1177/2665 894/1178/2666 961/1179/2667
f 894/1178/2666 892/1180/2668 961/1179/2667
f 961/1179/2667 892/1180/2668 954/1181/2669
f 892/1180/2670 861/1182/2671 954/1181/2672
f 861/1182/2673 891/1164/2674 954/1181/2675
f 891/1164/2676 945/1162/2677 954/1181/2678
f 945/1162/2679 955/1159/2680 954/1181/2681
f 955/1159/2682 956/1158/2683 954/1181/2684
f 954/1181/2684 956/1158/2683 961/1179/2685
f 961/1179/2686 956/1158/2687 957/1183/2688
f 956/1158/2687 958/1169/2689 957/1183/2688
f 957/1183/2688 958/1169/2689 959/1184/2690
f 958/1169/2689 960/1170/2691 959/1184/2690
f 960/1170/2692 962/1173/2693 959/1184/2694
f 962/1173/2695 953/1177/2696 959/1184/2697
f 959/1184/2697 953/1177/2696 957/1183/2698
f 953/1177/2696 961/1179/2699 957/1183/2698
f 962/1173/2700 963/1175/2701 953/1177/2702
f 978/1185/2703 977/1186/2704 980/1187/2705
f 980/1187/2705 977/1186/2704 981/1188/2706
f 977/1186/2704 976/1189/2707 981/1188/2706
f 981/1188/2706 976/1189/2707 982/1190/2708
f 976/1189/2707 974/1191/2709 982/1190/2708
f 982/1190/2708 974/1191/2709 964/1192/2710
f 974/1191/2709 965/1193/2711 964/1192/2710
f 964/1192/2710 965/1193/2711 984/1194/2712
f 965/1193/2711 973/1195/2713 984/1194/2712
f 984/1194/2712 973/1195/2713 986/1196/2714
f 986/1196/2715 973/1195/2716 966/1197/2717
f 973/1195/2716 972/1198/2718 966/1197/2717
f 972/1198/2719 967/1199/2720 966/1197/2721
f 966/1197/2721 967/1199/2720 987/1200/2722
f 967/1199/2720 968/1201/2723 987/1200/2722
f 987/1200/2722 968/1201/2723 990/1202/2724
f 968/1201/2723 969/1203/2725 990/1202/2724
f 990/1202/2724 969/1203/2725 970/1204/2726
f 969/1203/2725 971/1205/2727 970/1204/2726
f 970/1204/2726 971/1205/2727 992/1206/2728
f 971/1205/2727 972/1207/2729 992/1206/2728
f 972/1207/2730 973/1208/2731 992/1206/2732
f 992/1206/2732 973/1208/2731 993/1209/2733
f 973/1208/2731 965/1210/2734 993/1209/2733
f 993/1209/2733 965/1210/2734 994/1211/2735
f 965/1210/2734 974/1212/2736 994/1211/2735
f 994/1211/2735 974/1212/2736 996/1213/2737
f 974/1212/2736 976/1214/2738 996/1213/2737
f 996/1213/2737 976/1214/2738 975/1215/2739
f 976/1214/2740 977/1216/2741 975/1215/2742
f 975/1215/2742 977/1216/2741 998/1217/2743
f 977/1216/2741 978/1218/2744 998/1217/2743
f 998/1217/2743 978/1218/2744 979/1219/2745
f 978/1218/2744 980/1187/2746 979/1219/2745
f 979/1219/2745 980/1187/2746 1009/1220/2747
f 980/1187/2746 981/1188/2748 1009/1220/2747
f 1009/1220/2747 981/1188/2748 1011/1221/2749
f 981/1188/2748 982/1190/2750 1011/1221/2749
f 1011/1221/2749 982/1190/2750 983/1222/2751
f 982/1190/2750 964/1192/2752 983/1222/2751
f 983/1222/2751 964/1192/2752 988/1223/2753
f 964/1192/2752 984/1194/2754 988/1223/2753
f 988/1223/2753 984/1194/2754 985/1224/2755
f 984/1194/2754 986/1196/2756 985/1224/2755
f 986/1196/2757 966/1197/2758 985/1224/2759
f 966/1197/2760 987/1200/2761 985/1224/2762
f 985/1224/2762 987/1200/2761 988/1223/2763
f 987/1200/2761 989/1225/2764 988/1223/2763
f 988/1223/2763 989/1225/2764 983/1222/2765
f 983/1222/2765 989/1225/2766 1004/1226/2767
f 989/1225/2766 987/1200/2768 1004/1226/2767
f 987/1200/2769 990/1202/2770 1004/1226/2771
f 1004/1226/2771 990/1202/2770 1002/1227/2772
f 990/1202/2770 970/1204/2773 1002/1227/2772
f 1002/1227/2772 970/1204/2773 991/1228/2774
f 970/1204/2773 992/1206/2775 991/1228/2774
f 992/1206/2776 993/1209/2777 991/1228/2778
f 991/1228/2778 993/1209/2777 1001/1229/2779
f 993/1209/2777 994/1211/2780 1001/1229/2779
f 1001/1229/2779 994/1211/2780 995/1230/2781
f 994/1211/2780 996/1213/2782 995/1230/2781
f 995/1230/2781 996/1213/2782 997/1231/2783
f 996/1213/2782 975/1215/2784 997/1231/2783
f 997/1231/2783 975/1215/2784 1000/1232/2785
f 975/1215/2784 998/1217/2786 1000/1232/2785
f 1000/1232/2785 998/1217/2786 999/1233/2787
f 998/1217/2786 979/1219/2788 999/1233/2787
f 979/1219/2789 1009/1220/2790 999/1233/2791
f 1009/1220/2792 1008/1234/2793 999/1233/2794
f 999/1233/2794 1008/1234/2793 1000/1232/2795
f 1000/1232/2795 1008/1234/2796 997/1231/2797
f 1008/1234/2796 1006/1235/2798 997/1231/2797
f 997/1231/2797 1006/1235/2798 995/1230/2799
f 1006/1235/2798 1003/1236/2800 995/1230/2799
f 995/1230/2799 1003/1236/2800 1001/1229/2801
f 1001/1229/2801 1003/1236/2802 991/1228/2803
f 991/1228/2804 1003/1236/2805 1002/1227/2806
f 1003/1236/2807 1005/1237/2808 1002/1227/2809
f 1002/1227/2809 1005/1237/2808 1004/1226/2810
f 1004/1226/2810 1005/1237/2811 983/1222/2765
f 983/1222/2765 1005/1237/2812 1010/1238/2813
f 1005/1237/2812 1003/1236/2814 1010/1238/2813
f 1003/1236/2815 1006/1235/2816 1010/1238/2817
f 1010/1238/2817 1006/1235/2816 1007/1239/2818
f 1006/1235/2816 1008/1234/2819 1007/1239/2818
f 1008/1234/2820 1009/1220/2821 1007/1239/2822
f 1007/1239/2822 1009/1220/2821 1010/1238/2823
f 1009/1220/2821 1011/1221/2824 1010/1238/2823
f 1010/1238/2823 1011/1221/2824 983/1222/2765
